# Blender 4.3.2
# www.blender.org
mtllib f16c.mtl
o $lwingl
v 4.255791 0.297801 -0.768800
v 4.242446 0.292274 -0.768800
v 4.236917 0.278928 -0.768800
v 4.242446 0.265583 -0.768800
v 4.255791 0.260055 -0.768800
v 4.269136 0.265583 -0.768800
v 4.274665 0.278928 -0.768800
v 4.269136 0.292274 -0.768800
v 4.255791 0.309408 -0.798587
v 4.234239 0.300481 -0.798587
v 4.225312 0.278928 -0.798587
v 4.234239 0.257375 -0.798587
v 4.255791 0.248449 -0.798587
v 4.277343 0.257375 -0.798587
v 4.286271 0.278928 -0.798587
v 4.277343 0.300481 -0.798587
v 4.298986 0.278928 -0.866542
v 4.286335 0.248385 -0.866542
v 4.255791 0.235732 -0.866542
v 4.225247 0.248385 -0.866542
v 4.212596 0.278928 -0.866542
v 4.225247 0.309472 -0.866542
v 4.286335 0.309472 -0.866542
v 4.255791 0.322124 -0.866542
v 0.698417 -0.346522 3.428756
v 0.698417 -0.315932 3.428756
v 0.698367 -0.370299 3.313441
v 0.698367 -0.292155 3.313441
v 0.714372 -0.346522 3.428756
v 0.714372 -0.315932 3.428756
v 0.761874 -0.370299 3.313441
v 0.761874 -0.292155 3.313441
vn -0.0000 -0.0000 1.0000
vn -0.8693 -0.3601 0.3387
vn -0.3600 0.8693 0.3387
vn 0.3601 0.8693 0.3387
vn 0.8692 -0.3601 0.3387
vn -0.3600 -0.8693 0.3387
vn -0.8693 0.3601 0.3387
vn 0.8692 0.3601 0.3387
vn 0.3601 -0.8693 0.3387
vn 0.3771 0.9104 0.1704
vn -0.3771 0.9104 0.1704
vn -0.9104 -0.3771 0.1704
vn 0.3771 -0.9104 0.1704
vn 0.9104 0.3771 0.1703
vn -0.9104 0.3771 0.1704
vn -0.3771 -0.9104 0.1704
vn 0.9104 -0.3771 0.1703
vn -1.0000 -0.0000 0.0004
vn 0.9246 -0.0000 0.3809
vn -0.0000 -0.9794 0.2019
vn -0.0000 0.9794 0.2019
vt 0.190674 0.993344
vt 0.189968 0.991991
vt 0.190218 0.991991
vt 0.190218 0.992241
vt 0.189968 0.992241
vt 0.189968 0.992491
vt 0.190218 0.992491
vt 0.190218 0.992741
vt 0.189968 0.992741
vt 0.190218 0.992991
vt 0.189968 0.992991
vt 0.189718 0.992491
vt 0.189718 0.992741
vt 0.190468 0.992491
vt 0.190468 0.992741
s 1
usemtl マテリアル.001
f 8/1/1 1/1/1 5/1/1
f 3/1/2 11/1/2 12/1/2 4/1/2
f 1/1/3 9/1/3 10/1/3 2/1/3
f 8/1/4 16/1/4 9/1/4 1/1/4
f 6/1/5 14/1/5 15/1/5 7/1/5
f 4/1/6 12/1/6 13/1/6 5/1/6
f 2/1/7 10/1/7 11/1/7 3/1/7
f 7/1/8 15/1/8 16/1/8 8/1/8
f 5/1/9 13/1/9 14/1/9 6/1/9
f 16/1/10 23/1/10 24/1/10 9/1/10
f 9/1/11 24/1/11 22/1/11 10/1/11
f 11/1/12 21/1/12 20/1/12 12/1/12
f 13/1/13 19/1/13 18/1/13 14/1/13
f 15/1/14 17/1/14 23/1/14 16/1/14
f 10/1/15 22/1/15 21/1/15 11/1/15
f 12/1/16 20/1/16 19/1/16 13/1/16
f 14/1/17 18/1/17 17/1/17 15/1/17
f 1/1/1 2/1/1 3/1/1
f 3/1/1 4/1/1 1/1/1
f 4/1/1 5/1/1 1/1/1
f 5/1/1 6/1/1 7/1/1
f 7/1/1 8/1/1 5/1/1
f 25/2/18 26/3/18 28/4/18 27/5/18
f 31/6/19 32/7/19 30/8/19 29/9/19
f 29/9/1 30/8/1 26/10/1 25/11/1
f 27/12/20 31/6/20 29/9/20 25/13/20
f 32/7/21 28/14/21 26/15/21 30/8/21
o $rearwingl
v 0.047497 3.928404 -6.973166
v 0.047497 3.809175 -6.973166
v 0.047497 3.928404 -6.790442
v 0.047497 3.809175 -6.790442
v -0.047497 3.928404 -6.973166
v -0.047497 3.809175 -6.973166
v -0.047497 3.928404 -6.790442
v -0.047497 3.809175 -6.790442
vn 1.0000 -0.0000 -0.0000
vn -0.0000 -0.0000 1.0000
vn -1.0000 -0.0000 -0.0000
vn -0.0000 -0.0000 -1.0000
vn -0.0000 1.0000 -0.0000
vn -0.0000 -1.0000 -0.0000
vt 0.057344 0.986211
vt 0.057344 0.988711
vt 0.059844 0.988711
vt 0.059844 0.986211
vt 0.057344 0.991211
vt 0.059844 0.991211
vt 0.057344 0.993711
vt 0.059844 0.993711
vt 0.057344 0.996211
vt 0.059844 0.996211
vt 0.054844 0.991211
vt 0.054844 0.993711
vt 0.062344 0.993711
vt 0.062344 0.991211
s 1
usemtl マテリアル.001
f 33/16/22 35/17/22 36/18/22 34/19/22
f 35/17/23 39/20/23 40/21/23 36/18/23
f 39/20/24 37/22/24 38/23/24 40/21/24
f 37/22/25 33/24/25 34/25/25 38/23/25
f 35/26/26 33/27/26 37/22/26 39/20/26
f 40/21/27 38/23/27 34/28/27 36/29/27
o $rwingl
v -4.255791 0.297801 -0.768800
v -4.242446 0.292274 -0.768800
v -4.236917 0.278928 -0.768800
v -4.242446 0.265583 -0.768800
v -4.255791 0.260055 -0.768800
v -4.269136 0.265583 -0.768800
v -4.274665 0.278928 -0.768800
v -4.269136 0.292274 -0.768800
v -4.255791 0.309408 -0.798587
v -4.234239 0.300481 -0.798587
v -4.225312 0.278928 -0.798587
v -4.234239 0.257375 -0.798587
v -4.255791 0.248449 -0.798587
v -4.277343 0.257375 -0.798587
v -4.286271 0.278928 -0.798587
v -4.277343 0.300481 -0.798587
v -4.298986 0.278928 -0.866542
v -4.286335 0.248385 -0.866542
v -4.255791 0.235732 -0.866542
v -4.225247 0.248385 -0.866542
v -4.212596 0.278928 -0.866542
v -4.225247 0.309472 -0.866542
v -4.286335 0.309472 -0.866542
v -4.255791 0.322124 -0.866542
v -0.698417 -0.346522 3.428756
v -0.698417 -0.315932 3.428756
v -0.698367 -0.370299 3.313441
v -0.698367 -0.292155 3.313441
v -0.714372 -0.346522 3.428756
v -0.714372 -0.315932 3.428756
v -0.761874 -0.370299 3.313441
v -0.761874 -0.292155 3.313441
vn -0.0000 -0.0000 1.0000
vn 0.8693 -0.3601 0.3387
vn 0.3600 0.8693 0.3387
vn -0.3601 0.8693 0.3387
vn -0.8692 -0.3601 0.3387
vn 0.3600 -0.8693 0.3387
vn 0.8693 0.3601 0.3387
vn -0.8692 0.3601 0.3387
vn -0.3601 -0.8693 0.3387
vn -0.3771 0.9104 0.1704
vn 0.3771 0.9104 0.1704
vn 0.9104 -0.3771 0.1704
vn -0.3771 -0.9104 0.1704
vn -0.9104 0.3771 0.1703
vn 0.9104 0.3771 0.1704
vn 0.3771 -0.9104 0.1704
vn -0.9104 -0.3771 0.1703
vn 1.0000 -0.0000 0.0004
vn -0.9246 -0.0000 0.3809
vn -0.0000 -0.9794 0.2019
vn -0.0000 0.9794 0.2019
vt 0.190674 0.973324
vt 0.189968 0.971971
vt 0.189968 0.972221
vt 0.190218 0.972221
vt 0.190218 0.971971
vt 0.189968 0.972471
vt 0.189968 0.972721
vt 0.190218 0.972721
vt 0.190218 0.972471
vt 0.189968 0.972971
vt 0.190218 0.972971
vt 0.189718 0.972471
vt 0.189718 0.972721
vt 0.190468 0.972721
vt 0.190468 0.972471
s 1
usemtl マテリアル.001
f 41/30/28 47/30/28 45/30/28
f 43/30/29 44/30/29 52/30/29 51/30/29
f 41/30/30 42/30/30 50/30/30 49/30/30
f 48/30/31 41/30/31 49/30/31 56/30/31
f 46/30/32 47/30/32 55/30/32 54/30/32
f 44/30/33 45/30/33 53/30/33 52/30/33
f 42/30/34 43/30/34 51/30/34 50/30/34
f 47/30/35 48/30/35 56/30/35 55/30/35
f 45/30/36 46/30/36 54/30/36 53/30/36
f 56/30/37 49/30/37 64/30/37 63/30/37
f 49/30/38 50/30/38 62/30/38 64/30/38
f 51/30/39 52/30/39 60/30/39 61/30/39
f 53/30/40 54/30/40 58/30/40 59/30/40
f 55/30/41 56/30/41 63/30/41 57/30/41
f 50/30/42 51/30/42 61/30/42 62/30/42
f 52/30/43 53/30/43 59/30/43 60/30/43
f 54/30/44 55/30/44 57/30/44 58/30/44
f 43/30/28 42/30/28 41/30/28
f 41/30/28 48/30/28 47/30/28
f 47/30/28 46/30/28 45/30/28
f 45/30/28 44/30/28 43/30/28
f 43/30/28 41/30/28 45/30/28
f 65/31/45 67/32/45 68/33/45 66/34/45
f 71/35/46 69/36/46 70/37/46 72/38/46
f 69/36/28 65/39/28 66/40/28 70/37/28
f 67/41/47 65/42/47 69/36/47 71/35/47
f 72/38/48 70/37/48 66/43/48 68/44/48
o body
v 0.000000 0.647663 6.583841
v 0.000000 -0.215704 6.583841
v 0.000000 0.314889 7.667817
v 0.000000 -0.179018 7.667817
v 0.000000 -0.219296 7.125829
v 0.000000 0.506525 7.125829
v 0.000000 0.022931 8.382575
v 0.000000 -0.062622 8.382575
v 0.000000 0.006827 8.470539
v 0.000000 -0.046518 8.470539
v 0.000000 0.006827 8.692531
v 0.000000 -0.046518 8.692531
v 0.000000 -0.010311 8.723946
v 0.000000 -0.029381 8.723946
v -0.312533 -0.157142 6.583841
v -0.492524 -0.008005 6.583841
v -0.546653 0.210551 6.583841
v -0.473415 0.429110 6.583841
v -0.273326 0.589101 6.583841
v -0.164784 -0.147102 7.667817
v -0.285415 -0.059905 7.667817
v -0.329569 0.076662 7.667817
v -0.285415 0.195776 7.667817
v -0.164784 0.282973 7.667817
v -0.235430 -0.170675 7.125829
v -0.235430 0.457904 7.125829
v -0.407777 0.325070 7.125829
v -0.407777 -0.037841 7.125829
v -0.470860 0.143614 7.125829
v -0.029589 -0.056891 8.382575
v -0.051249 -0.041234 8.382575
v -0.059178 -0.019846 8.382575
v -0.051249 0.001542 8.382575
v -0.029589 0.017200 8.382575
v -0.014586 -0.042945 8.470539
v -0.025265 -0.033182 8.470539
v -0.029173 -0.019846 8.470539
v -0.025265 -0.006510 8.470539
v -0.014586 0.003253 8.470539
v -0.014586 -0.042945 8.692531
v -0.025264 -0.033182 8.692531
v -0.029173 -0.019846 8.692531
v -0.025264 -0.006510 8.692531
v -0.014586 0.003253 8.692531
v -0.005213 -0.028104 8.723946
v -0.009031 -0.024613 8.723946
v -0.010428 -0.019846 8.723946
v -0.009031 -0.015078 8.723946
v -0.005213 -0.011588 8.723946
v -0.397842 -0.086456 6.583841
v -0.221960 -0.105773 7.667817
v -0.317116 -0.107716 7.125829
v -0.039855 -0.049470 8.382575
v -0.019647 -0.038318 8.470539
v -0.019647 -0.038318 8.692531
v -0.007023 -0.026449 8.723946
v 0.000000 0.647663 6.583841
v 0.000000 -0.215704 6.583841
v 0.312533 -0.157142 6.583841
v 0.492524 -0.008005 6.583841
v 0.546653 0.210551 6.583841
v 0.473415 0.429110 6.583841
v 0.273326 0.589101 6.583841
v 0.000000 0.314889 7.667817
v 0.000000 -0.179018 7.667817
v 0.164784 -0.147102 7.667817
v 0.285415 -0.059905 7.667817
v 0.329569 0.076662 7.667817
v 0.285415 0.195776 7.667817
v 0.164784 0.282973 7.667817
v 0.235430 -0.170675 7.125829
v 0.000000 -0.219296 7.125829
v 0.235430 0.457904 7.125829
v 0.407777 0.325070 7.125829
v 0.000000 0.506525 7.125829
v 0.407777 -0.037841 7.125829
v 0.470860 0.143614 7.125829
v 0.000000 0.022931 8.382575
v 0.000000 -0.062622 8.382575
v 0.029589 -0.056891 8.382575
v 0.051249 -0.041234 8.382575
v 0.059178 -0.019846 8.382575
v 0.051249 0.001542 8.382575
v 0.029589 0.017200 8.382575
v 0.000000 0.006827 8.470539
v 0.000000 -0.046518 8.470539
v 0.014586 -0.042945 8.470539
v 0.025265 -0.033182 8.470539
v 0.029173 -0.019846 8.470539
v 0.025265 -0.006510 8.470539
v 0.014586 0.003253 8.470539
v 0.000000 0.006827 8.692531
v 0.000000 -0.046518 8.692531
v 0.014586 -0.042945 8.692531
v 0.025264 -0.033182 8.692531
v 0.029173 -0.019846 8.692531
v 0.025264 -0.006510 8.692531
v 0.014586 0.003253 8.692531
v 0.000000 -0.010311 8.723946
v 0.000000 -0.029381 8.723946
v 0.005213 -0.028104 8.723946
v 0.009031 -0.024613 8.723946
v 0.010428 -0.019846 8.723946
v 0.009031 -0.015078 8.723946
v 0.005213 -0.011588 8.723946
v 0.397842 -0.086456 6.583841
v 0.221960 -0.105773 7.667817
v 0.317116 -0.107716 7.125829
v 0.039855 -0.049470 8.382575
v 0.019647 -0.038318 8.470539
v 0.019647 -0.038318 8.692531
v 0.007023 -0.026449 8.723946
v 0.000000 -0.010311 8.723946
v 0.000000 -0.029381 8.723946
v -0.005213 -0.028104 8.723946
v -0.009031 -0.024613 8.723946
v -0.010428 -0.019846 8.723946
v -0.009031 -0.015078 8.723946
v -0.005213 -0.011588 8.723946
v -0.007023 -0.026449 8.723946
v 0.005213 -0.028104 8.723946
v 0.009031 -0.024613 8.723946
v 0.010428 -0.019846 8.723946
v 0.009031 -0.015078 8.723946
v 0.005213 -0.011588 8.723946
v 0.007023 -0.026449 8.723946
v 0.000000 0.949758 -5.454630
v 0.368621 0.854915 -5.454630
v 0.563914 0.730967 -5.454629
v 0.692570 0.412888 -5.454629
v 0.736031 0.079346 -5.454629
v 0.702458 -0.150365 -5.454629
v 0.556235 -0.333780 -5.454629
v 0.328859 -0.455520 -5.454629
v 0.000000 -0.502427 -5.454629
v -0.368622 0.854915 -5.454630
v -0.563915 0.730967 -5.454629
v -0.692571 0.412888 -5.454629
v -0.736032 0.079346 -5.454629
v -0.702459 -0.150365 -5.454629
v -0.556236 -0.333780 -5.454629
v -0.328860 -0.455520 -5.454629
v 0.285908 -0.378572 -5.994233
v 0.492702 -0.261292 -5.994233
v -0.000001 -0.422633 -5.994233
v 0.313430 0.809888 -5.994234
v -0.000001 0.887128 -5.994234
v 0.498017 0.691079 -5.994233
v 0.620084 0.421507 -5.994233
v 0.661760 0.132356 -5.994233
v 0.626928 -0.084927 -5.994233
v -0.285910 -0.378572 -5.994233
v -0.492703 -0.261292 -5.994233
v -0.313431 0.809888 -5.994234
v -0.498018 0.691079 -5.994233
v -0.620085 0.421507 -5.994233
v -0.661761 0.132356 -5.994233
v -0.626929 -0.084927 -5.994233
v 0.447818 -0.218609 -6.266408
v -0.000001 0.831384 -6.266409
v -0.447819 -0.218609 -6.266408
v 0.256960 -0.330294 -6.266408
v -0.000001 -0.371695 -6.266408
v 0.277826 0.764828 -6.266409
v 0.451848 0.651983 -6.266408
v 0.567162 0.413528 -6.266408
v 0.606755 0.154110 -6.266408
v 0.572352 -0.050820 -6.266408
v -0.256961 -0.330294 -6.266408
v -0.277827 0.764828 -6.266409
v -0.451849 0.651983 -6.266408
v -0.567164 0.413528 -6.266408
v -0.606756 0.154110 -6.266408
v -0.572353 -0.050820 -6.266408
v 1.183997 0.462952 -3.079877
v 1.183997 0.140767 -3.079877
v 1.162557 0.390963 -4.716974
v 1.162557 0.123124 -4.716974
v 1.162557 0.359992 -5.454629
v 1.162557 0.138150 -5.454629
v 1.162557 0.206713 -6.737315
v 1.162557 0.168371 -6.737315
v 1.183996 0.447035 -1.141801
v 1.185381 0.128650 -1.141801
v 1.183996 0.449240 -2.100590
v -1.183997 0.462952 -3.079877
v -1.183997 0.140767 -3.079877
v -1.162557 0.390963 -4.716974
v -1.162557 0.123124 -4.716974
v -1.162557 0.359992 -5.454629
v -1.162557 0.138150 -5.454629
v -1.162557 0.206713 -6.737315
v -1.162557 0.168371 -6.737315
v -1.183996 0.447035 -1.141801
v -1.185381 0.128650 -1.141801
v -1.183996 0.449240 -2.100590
v 0.600832 0.779902 0.892340
v 0.366866 0.966220 0.892340
v 1.506304 0.341703 0.892157
v 1.506304 0.305436 1.080273
v 0.000000 1.081024 0.892340
v 1.506304 0.172021 -1.141801
v 1.509352 0.403861 -1.141801
v 0.562172 0.779902 -1.141801
v 0.344989 0.929937 -1.141801
v 0.000000 1.044741 -1.141801
v 1.183997 0.462952 -3.079877
v 0.562173 0.779902 -3.079877
v 0.344989 0.929937 -3.079877
v 0.000000 1.044741 -3.079877
v 1.509352 0.364654 -2.145205
v 1.506304 0.310528 -3.079877
v 0.830261 0.577935 -1.141801
v 0.830261 0.577935 -3.079877
v 0.915695 0.577935 0.892340
v 1.162557 0.390963 -4.716974
v 0.562173 0.765562 -4.716974
v 0.344989 0.903403 -4.716974
v 0.000000 1.008877 -4.716974
v 0.830261 0.496501 -4.716974
v 5.092885 0.241778 -1.776796
v 5.092885 0.280105 -1.693613
v 5.092885 0.267039 -1.600542
v 5.092885 0.244687 -2.398818
v 5.092885 0.337041 -2.398818
v 5.092885 0.339087 -2.760318
v 5.092885 0.244687 -2.757227
v 5.092885 0.301091 -3.097055
v 0.736031 0.436879 -5.454629
v 0.736031 0.079345 -5.454629
v 0.000000 0.949758 -5.454630
v 0.368621 0.854915 -5.454630
v 0.563914 0.730967 -5.454629
v 1.162557 0.359992 -5.454629
v 0.776135 0.248838 -6.737315
v 1.162557 0.206713 -6.737315
v 0.804981 0.422333 -5.454629
v 0.692569 0.412889 -5.454629
v 1.183996 0.447035 -1.141801
v 1.185381 0.128650 -1.141801
v 1.183996 0.172021 -2.136626
v 1.183996 0.310528 -3.079877
v 1.183996 0.449240 -2.100590
v 3.978526 0.299244 -0.890208
v 3.979473 0.347030 -2.569201
v 3.978526 0.278969 -0.767606
v 3.978526 0.304023 -3.091718
v 3.979473 0.357802 -2.008260
v -0.600832 0.779902 0.892340
v -0.366866 0.966220 0.892340
v -1.506304 0.341703 0.892157
v -1.506304 0.305436 1.080273
v -1.506304 0.172021 -1.141801
v -1.509352 0.403861 -1.141801
v -0.562172 0.779902 -1.141801
v -0.344989 0.929937 -1.141801
v -1.183997 0.462952 -3.079877
v -0.562173 0.779902 -3.079877
v -0.344989 0.929937 -3.079877
v -1.509352 0.364654 -2.145205
v -1.506304 0.310528 -3.079877
v -0.830261 0.577935 -1.141801
v -0.830261 0.577935 -3.079877
v -0.915695 0.577935 0.892340
v -1.162557 0.390963 -4.716974
v -0.562173 0.765562 -4.716974
v -0.344989 0.903403 -4.716974
v -0.830261 0.496501 -4.716974
v -5.092885 0.241778 -1.776796
v -5.092885 0.280105 -1.693613
v -5.092885 0.267039 -1.600542
v -5.092885 0.244687 -2.398818
v -5.092885 0.337041 -2.398818
v -5.092885 0.339087 -2.760318
v -5.092885 0.244687 -2.757227
v -5.092885 0.301091 -3.097055
v -0.736031 0.436879 -5.454629
v -0.736031 0.079345 -5.454629
v -0.368621 0.854915 -5.454630
v -0.563914 0.730967 -5.454629
v -1.162557 0.359992 -5.454629
v -0.776135 0.248838 -6.737315
v -1.162557 0.206713 -6.737315
v -0.804981 0.422333 -5.454629
v -0.692569 0.412889 -5.454629
v -1.183996 0.447035 -1.141801
v -1.185381 0.128650 -1.141801
v -1.183996 0.172021 -2.136626
v -1.183996 0.310528 -3.079877
v -1.183996 0.449240 -2.100590
v -3.978526 0.299244 -0.890208
v -3.979473 0.347030 -2.569201
v -3.978526 0.278969 -0.767606
v -3.978526 0.304023 -3.091718
v -3.979473 0.357802 -2.008260
v 0.000000 1.081024 0.892340
v 0.000000 1.164605 1.876647
v -0.600832 0.779902 0.892340
v -0.366866 0.966220 0.892340
v -1.506304 0.341703 0.892157
v -1.506304 0.305436 1.080273
v -1.355224 0.287552 1.993400
v -0.611045 0.799729 1.988952
v -0.414232 0.999631 1.988952
v -1.209995 0.394556 1.988952
v -0.863241 0.539490 1.988952
v -0.101376 1.154050 1.994770
v -0.915695 0.577935 0.892340
v 0.600832 0.779902 0.892340
v 0.366866 0.966220 0.892340
v 1.506304 0.341703 0.892157
v 1.506304 0.305436 1.080273
v 1.355224 0.287552 1.993400
v 0.611045 0.799729 1.988952
v 0.414232 0.999631 1.988952
v 1.209995 0.394556 1.988952
v 0.863241 0.539490 1.988952
v 0.101376 1.154050 1.994770
v 0.000000 1.081024 0.892340
v 0.000000 1.164605 1.876647
v 0.915695 0.577935 0.892340
v 0.000000 0.647663 6.583841
v 0.000000 -0.215704 6.583841
v 0.000000 0.784649 5.921989
v 0.000000 -0.185716 5.921989
v 0.000000 -0.133047 5.283998
v 0.000000 -0.064256 3.933192
v 0.000000 0.795496 5.874532
v 0.000000 -0.014653 3.020858
v 0.000000 0.027490 2.323415
v 0.000000 -0.199839 3.928196
v 0.000000 -0.710870 3.928196
v 0.000000 -0.168761 3.104125
v 0.000000 -0.102033 2.323414
v 0.000000 -0.098652 4.621233
v 0.000000 -0.798924 3.241706
v 0.000000 -0.199839 3.928196
v 0.000000 -0.191987 4.039641
v 0.000000 -0.173134 4.194695
v 0.000000 -0.224853 3.928196
v 0.000000 -0.218882 4.042020
v 0.000000 -0.199982 4.197558
v -0.312533 -0.157142 6.583841
v -0.492524 -0.008005 6.583841
v -0.546653 0.210551 6.583841
v -0.473415 0.429110 6.583841
v -0.273326 0.589101 6.583841
v -0.359921 -0.118333 5.921989
v -0.560874 0.047667 5.921989
v -0.599170 0.299145 5.921989
v -0.529374 0.550623 5.921989
v -0.312412 0.734719 5.921989
v -0.418110 -0.065664 5.283998
v -0.603988 0.100336 5.283998
v -0.660086 0.376032 5.283998
v -0.510863 0.667666 5.283998
v -0.689299 0.274812 5.283998
v -0.759703 0.188790 5.288446
v -0.490180 -0.009962 3.933192
v -0.824720 0.129334 3.933192
v -0.694049 0.470823 3.933192
v -0.508885 0.781250 3.933192
v -0.786980 0.303810 3.933192
v -0.897665 0.202429 3.937640
v -0.460944 0.653226 5.766466
v -0.320133 0.742625 5.844280
v -0.600186 0.173406 5.921989
v -0.181686 0.763686 5.861403
v -1.205857 0.199786 1.988952
v -1.355224 0.287552 1.993400
v -0.611045 0.799729 1.988952
v -0.414232 0.999631 1.988952
v -1.209995 0.394556 1.988952
v -0.863241 0.539490 1.988952
v -0.101376 1.154050 1.994770
v -0.320371 1.060637 3.020858
v -0.931686 0.155352 3.020858
v -0.936661 0.346861 3.020858
v -1.058662 0.227129 3.020858
v -0.515746 0.039640 3.020858
v -0.757300 0.536397 3.020858
v -0.491771 0.844922 3.020858
v -0.537468 0.081784 2.323415
v -0.204489 1.130313 2.323415
v -0.397842 -0.086456 6.583841
v -0.455166 -0.039655 5.921989
v -0.506210 0.013015 5.283998
v -0.669763 0.056060 3.933192
v -0.753765 0.094484 3.020858
v -0.812143 0.099368 2.323414
v -0.291250 -0.669333 3.928196
v -0.522207 -0.549568 3.928196
v -0.664554 -0.387149 3.928196
v -0.469280 -0.138382 3.928196
v -0.251142 -0.186622 3.928196
v -0.668529 -0.175450 3.928196
v -0.301353 -0.763611 3.104125
v -0.576650 -0.610907 3.104125
v -0.744014 -0.403820 3.104125
v -0.514421 -0.090403 3.051126
v -0.257945 -0.151910 3.104125
v -0.748689 -0.137666 3.104125
v -0.301353 -0.766160 2.323414
v -0.618734 -0.596768 2.323414
v -0.804218 -0.367260 2.323414
v -0.549768 -0.015191 2.323414
v -0.245343 -0.083358 2.323414
v -0.802687 -0.067571 2.323414
v -0.828684 0.195610 4.621233
v -0.738139 0.289311 4.621233
v -0.667503 0.423427 4.621233
v -0.454145 -0.037813 4.621233
v -0.714354 0.114835 4.621233
v -0.533021 0.718764 4.621233
v -0.587987 0.034537 4.621233
v -0.498419 0.820189 3.375247
v -0.406384 0.952385 3.020858
v -0.417091 0.929490 3.382157
v -0.300269 -0.747871 3.241707
v -0.664554 -0.387149 3.928196
v -0.469280 -0.138382 3.928196
v -0.251142 -0.186622 3.928196
v -0.668529 -0.175450 3.928196
v -0.469280 -0.138382 4.039641
v -0.251142 -0.178771 4.039641
v -0.469280 -0.133268 4.194695
v -0.251142 -0.164561 4.194695
v -0.666541 -0.167599 4.039641
v -0.664554 -0.257076 3.951616
v -0.639749 -0.377551 3.928196
v -0.469710 -0.163871 3.928196
v -0.254518 -0.211459 3.928196
v -0.643156 -0.196139 3.928196
v -0.469745 -0.165364 4.040522
v -0.254231 -0.205530 4.041481
v -0.470613 -0.160200 4.196083
v -0.253922 -0.191322 4.196955
v -0.654507 -0.191754 4.040502
v -0.637650 -0.256388 3.949447
v 0.000000 0.647663 6.583841
v 0.000000 -0.215704 6.583841
v 0.312533 -0.157142 6.583841
v 0.492524 -0.008005 6.583841
v 0.546653 0.210551 6.583841
v 0.473415 0.429110 6.583841
v 0.273326 0.589101 6.583841
v 0.000000 0.784649 5.921989
v 0.000000 -0.185716 5.921989
v 0.359921 -0.118333 5.921989
v 0.560874 0.047667 5.921989
v 0.599170 0.299145 5.921989
v 0.529374 0.550623 5.921989
v 0.312412 0.734719 5.921989
v 0.000000 -0.133047 5.283998
v 0.418110 -0.065664 5.283998
v 0.603988 0.100336 5.283998
v 0.660086 0.376032 5.283998
v 0.510863 0.667666 5.283998
v 0.689299 0.274812 5.283998
v 0.759703 0.188790 5.288446
v 0.000000 -0.064256 3.933192
v 0.490180 -0.009962 3.933192
v 0.824720 0.129334 3.933192
v 0.694049 0.470823 3.933192
v 0.508885 0.781250 3.933192
v 0.786980 0.303810 3.933192
v 0.897665 0.202429 3.937640
v 0.460944 0.653226 5.766466
v 0.000000 0.795496 5.874532
v 0.320133 0.742625 5.844280
v 0.600186 0.173406 5.921989
v 0.181686 0.763686 5.861403
v 1.205857 0.199786 1.988952
v 1.355224 0.287552 1.993400
v 0.611045 0.799729 1.988952
v 0.414232 0.999631 1.988952
v 1.209995 0.394556 1.988952
v 0.863241 0.539490 1.988952
v 0.101376 1.154050 1.994770
v 0.320371 1.060637 3.020858
v 0.931686 0.155352 3.020858
v 0.936661 0.346861 3.020858
v 1.058662 0.227129 3.020858
v 0.515746 0.039640 3.020858
v 0.757300 0.536397 3.020858
v 0.000000 -0.014653 3.020858
v 0.491771 0.844922 3.020858
v 0.537468 0.081784 2.323415
v 0.000000 0.027490 2.323415
v 0.204489 1.130313 2.323415
v 0.397842 -0.086456 6.583841
v 0.455166 -0.039655 5.921989
v 0.506210 0.013015 5.283998
v 0.669763 0.056060 3.933192
v 0.753765 0.094484 3.020858
v 0.812143 0.099368 2.323414
v 0.000000 -0.199839 3.928196
v 0.000000 -0.710870 3.928196
v 0.291250 -0.669333 3.928196
v 0.522207 -0.549568 3.928196
v 0.664554 -0.387149 3.928196
v 0.469280 -0.138382 3.928196
v 0.251142 -0.186622 3.928196
v 0.668529 -0.175450 3.928196
v 0.000000 -0.168761 3.104125
v 0.301353 -0.763611 3.104125
v 0.576650 -0.610907 3.104125
v 0.744014 -0.403820 3.104125
v 0.514421 -0.090403 3.051126
v 0.257945 -0.151910 3.104125
v 0.748689 -0.137666 3.104125
v 0.000000 -0.102033 2.323414
v 0.301353 -0.766160 2.323414
v 0.618734 -0.596768 2.323414
v 0.804218 -0.367260 2.323414
v 0.549768 -0.015191 2.323414
v 0.245343 -0.083358 2.323414
v 0.802687 -0.067571 2.323414
v 0.828684 0.195610 4.621233
v 0.738139 0.289311 4.621233
v 0.667503 0.423427 4.621233
v 0.000000 -0.098652 4.621233
v 0.454145 -0.037813 4.621233
v 0.714354 0.114835 4.621233
v 0.533021 0.718764 4.621233
v 0.587987 0.034537 4.621233
v 0.498419 0.820189 3.375247
v 0.406384 0.952385 3.020858
v 0.417091 0.929490 3.382157
v 0.300269 -0.747871 3.241707
v 0.000000 -0.798924 3.241706
v 0.000000 -0.199839 3.928196
v 0.664554 -0.387149 3.928196
v 0.469280 -0.138382 3.928196
v 0.251142 -0.186622 3.928196
v 0.668529 -0.175450 3.928196
v 0.000000 -0.191987 4.039641
v 0.469280 -0.138382 4.039641
v 0.251142 -0.178771 4.039641
v 0.000000 -0.173134 4.194695
v 0.469280 -0.133268 4.194695
v 0.251142 -0.164561 4.194695
v 0.666541 -0.167599 4.039641
v 0.664554 -0.257076 3.951616
v 0.000000 -0.224853 3.928196
v 0.639749 -0.377551 3.928196
v 0.469710 -0.163871 3.928196
v 0.254518 -0.211459 3.928196
v 0.643156 -0.196139 3.928196
v 0.000000 -0.218882 4.042020
v 0.469745 -0.165364 4.040522
v 0.254231 -0.205530 4.041481
v 0.000000 -0.199982 4.197558
v 0.470613 -0.160200 4.196083
v 0.253922 -0.191322 4.196955
v 0.654507 -0.191754 4.040502
v 0.637650 -0.256388 3.949447
v 1.506304 0.243393 0.898659
v 1.506304 0.305436 1.080273
v 1.506304 0.172021 -1.141801
v 0.763396 0.036979 -3.079877
v 1.183997 0.140767 -3.079877
v 1.506304 0.172021 -2.136626
v 0.000000 -0.739012 0.486850
v 0.652441 -0.534871 0.486850
v 0.831872 -0.312853 0.486850
v 0.830771 0.144704 0.892340
v 0.793124 -0.308009 -1.141801
v 0.817861 0.078981 -1.141801
v 0.300770 -0.644841 -3.079877
v 0.553633 -0.518403 -3.079877
v 0.733064 -0.308010 -3.079877
v 1.506304 0.310528 -3.079877
v 0.743412 0.048819 -4.716974
v 1.162557 0.123124 -4.716974
v 0.300770 -0.553919 -4.716974
v 0.553633 -0.418533 -4.716974
v 0.716246 -0.214559 -4.716974
v 5.092885 0.241778 -1.776796
v 5.092885 0.267039 -1.600542
v 5.092885 0.244687 -2.398818
v 5.092885 0.244687 -2.757227
v 5.092885 0.301091 -3.097055
v 0.702458 -0.150365 -5.454629
v 0.556235 -0.333780 -5.454629
v 0.328859 -0.455520 -5.454630
v 0.736031 0.079345 -5.454629
v 1.162557 0.138150 -5.454629
v 0.776135 0.120169 -6.737315
v 1.162557 0.168371 -6.737315
v 0.789080 -0.308009 -1.272290
v 0.618684 -0.529245 -1.272290
v 0.300770 -0.675198 -1.272290
v 0.300770 -0.682233 0.486850
v 0.171365 -0.701819 -1.141801
v 0.171365 -0.699627 -1.272290
v 0.171365 -0.704368 -0.284409
v 1.185381 0.128650 -1.141801
v 1.183996 0.172021 -2.136626
v 1.183996 0.310528 -3.079877
v 0.831872 -0.324093 0.892339
v 0.652441 -0.557350 0.892339
v 0.300986 -0.704713 0.892339
v 3.978526 0.222109 -2.008260
v 3.978526 0.242280 -0.945526
v 3.978526 0.278969 -0.767606
v 3.978526 0.304023 -3.091718
v 3.978526 0.222109 -2.564405
v 0.000000 -0.734168 -1.141801
v 0.000000 -0.701620 -3.079877
v 0.000000 -0.606083 -4.716974
v 0.000000 -0.502427 -5.454630
v 0.000000 -0.731977 -1.272290
v 0.000000 -0.761492 0.892339
v -1.506304 0.243393 0.898659
v -1.506304 0.305436 1.080273
v -1.506304 0.172021 -1.141801
v -0.763396 0.036979 -3.079877
v -1.183997 0.140767 -3.079877
v -1.506304 0.172021 -2.136626
v -0.652441 -0.534871 0.486850
v -0.831872 -0.312853 0.486850
v -0.830771 0.144704 0.892340
v -0.793124 -0.308009 -1.141801
v -0.817861 0.078981 -1.141801
v -0.300770 -0.644841 -3.079877
v -0.553633 -0.518403 -3.079877
v -0.733064 -0.308010 -3.079877
v -1.506304 0.310528 -3.079877
v -0.743412 0.048819 -4.716974
v -1.162557 0.123124 -4.716974
v -0.300770 -0.553919 -4.716974
v -0.553633 -0.418533 -4.716974
v -0.716246 -0.214559 -4.716974
v -5.092885 0.241778 -1.776796
v -5.092885 0.267039 -1.600542
v -5.092885 0.244687 -2.398818
v -5.092885 0.244687 -2.757227
v -5.092885 0.301091 -3.097055
v -0.702458 -0.150365 -5.454629
v -0.556235 -0.333780 -5.454629
v -0.328859 -0.455520 -5.454630
v -0.736031 0.079345 -5.454629
v -1.162557 0.138150 -5.454629
v -0.776135 0.120169 -6.737315
v -1.162557 0.168371 -6.737315
v -0.789080 -0.308009 -1.272290
v -0.618684 -0.529245 -1.272290
v -0.300770 -0.675198 -1.272290
v -0.300770 -0.682233 0.486850
v -0.171365 -0.701819 -1.141801
v -0.171365 -0.699627 -1.272290
v -0.171365 -0.704368 -0.284409
v -1.185381 0.128650 -1.141801
v -1.183996 0.172021 -2.136626
v -1.183996 0.310528 -3.079877
v -0.831872 -0.324093 0.892339
v -0.652441 -0.557350 0.892339
v -0.300986 -0.704713 0.892339
v -3.978526 0.222109 -2.008260
v -3.978526 0.242280 -0.945526
v -3.978526 0.278969 -0.767606
v -3.978526 0.304023 -3.091718
v -3.978526 0.222109 -2.564405
v 0.000000 -0.799556 1.578956
v 0.000000 -0.761492 0.892339
v -1.506304 0.243393 0.898659
v -1.506304 0.305436 1.080273
v -1.205857 0.199786 1.988952
v -1.355224 0.287552 1.993400
v -0.812143 0.099368 2.323414
v -0.301353 -0.766160 2.323414
v -0.618734 -0.596768 2.323414
v -0.804218 -0.367260 2.323414
v -0.802687 -0.067571 2.323414
v -0.301353 -0.742777 1.578956
v -0.652441 -0.595415 1.578956
v -0.831872 -0.343125 1.578956
v -0.830771 0.144704 0.892340
v -0.301353 -0.747164 1.718624
v -0.181924 -0.765279 1.578956
v -0.831872 -0.324093 0.892339
v -0.652441 -0.557350 0.892339
v -0.300986 -0.704713 0.892339
v 1.506304 0.243393 0.898659
v 1.506304 0.305436 1.080273
v 1.205857 0.199786 1.988952
v 1.355224 0.287552 1.993400
v 0.812143 0.099368 2.323414
v 0.301353 -0.766160 2.323414
v 0.618734 -0.596768 2.323414
v 0.804218 -0.367260 2.323414
v 0.802687 -0.067571 2.323414
v 0.000000 -0.799556 1.578956
v 0.301353 -0.742777 1.578956
v 0.652441 -0.595415 1.578956
v 0.831872 -0.343125 1.578956
v 0.830771 0.144704 0.892340
v 0.301353 -0.747164 1.718624
v 0.181924 -0.765279 1.578956
v 0.831872 -0.324093 0.892339
v 0.652441 -0.557350 0.892339
v 0.300986 -0.704713 0.892339
v 0.000000 -0.761492 0.892339
v -0.000001 0.635941 -7.119700
v 0.158295 0.604454 -7.119700
v 0.292492 0.514786 -7.119700
v 0.382159 0.380590 -7.119700
v 0.413646 0.222295 -7.119700
v 0.382159 0.064000 -7.119700
v 0.292492 -0.070196 -7.119700
v 0.158295 -0.159864 -7.119700
v -0.000001 -0.191350 -7.119700
v -0.158297 0.604454 -7.119700
v -0.292493 0.514786 -7.119700
v -0.382160 0.380590 -7.119700
v -0.413647 0.222295 -7.119700
v -0.382160 0.064000 -7.119700
v -0.292493 -0.070196 -7.119700
v -0.158297 -0.159864 -7.119700
v 0.447818 -0.218609 -6.266408
v -0.000001 0.831384 -6.266409
v -0.447819 -0.218609 -6.266408
v 0.256960 -0.330294 -6.266408
v -0.000001 -0.371695 -6.266408
v 0.277826 0.764828 -6.266409
v 0.451848 0.651983 -6.266408
v 0.567162 0.413528 -6.266408
v 0.606755 0.154110 -6.266408
v 0.572352 -0.050820 -6.266408
v -0.256961 -0.330294 -6.266408
v -0.277827 0.764828 -6.266409
v -0.451849 0.651983 -6.266408
v -0.567164 0.413528 -6.266408
v -0.606756 0.154110 -6.266408
v -0.572353 -0.050820 -6.266408
v 0.172681 0.639183 -7.119700
v -0.000001 0.673532 -7.119700
v 0.319073 0.541368 -7.119700
v 0.416888 0.394976 -7.119700
v 0.451237 0.222295 -7.119700
v 0.416888 0.049614 -7.119700
v 0.319073 -0.096777 -7.119700
v 0.172681 -0.194593 -7.119700
v -0.000001 -0.228942 -7.119700
v -0.172682 0.639183 -7.119700
v -0.319074 0.541368 -7.119700
v -0.416890 0.394976 -7.119700
v -0.451238 0.222295 -7.119700
v -0.416890 0.049614 -7.119700
v -0.319074 -0.096777 -7.119700
v -0.172682 -0.194593 -7.119700
v 0.124145 0.983690 -2.124595
v 0.076015 1.155896 -2.241507
v 0.158269 0.983690 -3.657430
v 0.096910 1.466732 -3.774342
v 0.007011 0.983690 -1.052905
v 0.004293 1.023210 -1.052905
v 0.096910 1.533539 -5.655925
v 0.158269 0.983690 -5.655925
v 0.035425 3.834361 -7.164664
v 0.000000 1.533539 -3.657430
v 0.000000 1.222702 -2.124595
v 0.000000 1.023210 -1.052905
v 0.000000 0.930245 -6.395969
v 0.000000 1.533539 -6.395969
v 0.000000 3.834361 -7.591311
v 0.040655 3.638649 -7.036335
v 0.000000 3.638649 -7.489635
v 0.035425 3.834361 -6.370502
v 0.000000 3.834361 -6.253592
v 0.040655 3.632967 -6.149673
v 0.000000 3.638649 -6.032763
v 0.035425 3.834361 -6.370502
v 0.035425 3.834361 -7.164664
v 0.000000 3.834361 -6.253592
v 0.000000 3.834361 -7.591311
v 0.000000 3.834361 -7.164664
v -0.124145 0.983690 -2.124595
v -0.158269 0.983690 -3.657430
v 0.124145 0.983690 -2.124595
v 0.158269 0.983690 -3.657430
v -0.007011 0.983690 -1.052905
v 0.007011 0.983690 -1.052905
v -0.158269 0.983690 -5.655925
v 0.158269 0.983690 -5.655925
v 0.000000 0.983690 -3.657430
v 0.000000 0.983690 -2.124595
v 0.000000 0.983690 -1.052905
v 0.000000 0.930245 -6.395969
v 0.000000 0.983690 -5.655925
v -0.048361 3.673361 -6.281975
v -0.048361 3.853359 -6.494075
v -0.090000 3.673361 -7.444615
v -0.090000 3.853359 -7.444615
v 0.048361 3.673361 -6.281975
v 0.048361 3.853359 -6.494075
v 0.090000 3.673361 -7.444615
v 0.090000 3.853359 -7.444615
v -0.066635 3.696726 -7.630702
v -0.066635 3.829997 -7.630702
v 0.066635 3.696726 -7.630702
v 0.066635 3.829997 -7.630702
v -0.090000 3.673361 -6.916320
v -0.090000 3.853359 -6.916320
v 0.090000 3.673361 -6.916320
v 0.090000 3.853359 -6.916320
v -0.010783 1.299412 -6.129981
v -0.010783 1.527737 -6.129981
v -0.055886 1.299412 -6.406633
v -0.055886 1.527737 -6.406633
v 0.010783 1.299412 -6.129981
v 0.010783 1.527737 -6.129981
v 0.055886 1.299412 -6.406633
v 0.055886 1.527737 -6.406633
v -0.051804 1.327069 -6.497916
v -0.051804 1.500080 -6.497916
v 0.051804 1.327069 -6.497916
v 0.051804 1.500080 -6.497916
v -0.124145 0.983690 -2.124595
v -0.076015 1.155896 -2.241507
v -0.158269 0.983690 -3.657430
v -0.096910 1.466732 -3.774342
v -0.007011 0.983690 -1.052905
v -0.004293 1.023210 -1.052905
v 0.007011 0.983690 -1.052905
v 0.004293 1.023210 -1.052905
v 0.096910 1.533539 -5.655925
v -0.096910 1.533539 -5.655925
v -0.158269 0.983690 -5.655925
v -0.035425 3.834361 -6.370502
v -0.035425 3.834361 -7.164664
v 0.000000 1.533539 -3.657430
v 0.000000 1.222702 -2.124595
v 0.000000 0.983690 -1.052905
v 0.000000 1.023210 -1.052905
v 0.000000 0.930245 -6.395969
v 0.000000 1.533539 -6.395969
v 0.000000 3.834361 -6.253592
v 0.000000 3.834361 -7.591311
v -0.040655 3.638649 -7.036335
v -0.040655 3.632967 -6.149673
v 0.040655 3.638649 -7.036335
v 0.000000 3.638649 -6.032763
v 0.000000 3.638649 -7.489635
v -0.035425 3.834361 -6.370502
v -0.035425 3.834361 -7.164664
v 0.000000 3.834361 -6.253592
v 0.000000 3.834361 -7.591311
v 0.000000 3.834361 -7.164664
v 0.000000 -0.199839 3.928196
v 0.000000 -0.710870 3.928196
v 0.291250 -0.669333 3.928196
v 0.522207 -0.549568 3.928196
v 0.664554 -0.387149 3.928196
v 0.469280 -0.138382 3.928196
v 0.251142 -0.186622 3.928196
v 0.668529 -0.175450 3.928196
v -0.291250 -0.669333 3.928196
v -0.522207 -0.549568 3.928196
v -0.664554 -0.387149 3.928196
v -0.469280 -0.138382 3.928196
v -0.251142 -0.186622 3.928196
v -0.668529 -0.175450 3.928196
v 0.283519 -0.645202 3.928196
v 0.000000 -0.685637 3.928196
v 0.506526 -0.529560 3.928196
v 0.639749 -0.377551 3.928196
v 0.254518 -0.211459 3.928196
v 0.469710 -0.163871 3.928196
v 0.000000 -0.224853 3.928196
v 0.643156 -0.196139 3.928196
v -0.283519 -0.645202 3.928196
v -0.506526 -0.529560 3.928196
v -0.639749 -0.377551 3.928196
v -0.254518 -0.211459 3.928196
v -0.469710 -0.163871 3.928196
v -0.643156 -0.196139 3.928196
v 0.283519 -0.468315 2.307947
v 0.000000 -0.508749 2.307947
v 0.506526 -0.352673 2.307947
v 0.639749 -0.262564 2.307947
v 0.254518 -0.096472 2.307947
v 0.469710 -0.048884 2.307947
v 0.000000 -0.109866 2.307947
v 0.643156 -0.081151 2.307947
v -0.283519 -0.468315 2.307947
v -0.506526 -0.352673 2.307947
v -0.639749 -0.262564 2.307947
v -0.254518 -0.096472 2.307947
v -0.469710 -0.048884 2.307947
v -0.643156 -0.081151 2.307947
v 0.469710 -0.127058 3.265994
v 0.643156 -0.147813 3.265994
v 0.000000 -0.601847 3.265994
v -0.283519 -0.561413 3.265994
v 0.283519 -0.561413 3.265994
v -0.506526 -0.445771 3.265994
v 0.506526 -0.445771 3.265994
v -0.639749 -0.329226 3.265994
v 0.639749 -0.329226 3.265994
v -0.469710 -0.127058 3.265994
v -0.254518 -0.174646 3.265994
v 0.254518 -0.174646 3.265994
v 0.000000 -0.188040 3.265994
v -0.643156 -0.147813 3.265994
v 0.283519 -0.412604 1.327441
v 0.000000 -0.453039 1.327441
v 0.506526 -0.296962 1.327441
v 0.639749 -0.206854 1.327441
v 0.254518 -0.040761 1.327441
v 0.469710 0.006827 1.327441
v 0.000000 -0.054155 1.327441
v 0.643156 -0.025441 1.327441
v -0.283519 -0.412604 1.327441
v -0.506526 -0.296962 1.327441
v -0.639749 -0.206854 1.327441
v -0.254518 -0.040761 1.327441
v -0.469710 0.006827 1.327441
v -0.643156 -0.025441 1.327441
v 0.000000 1.164605 1.876647
v 0.000000 1.453949 3.194662
v 0.000000 1.201138 1.967128
v 0.000000 1.445385 3.125511
v -0.101376 1.154050 1.994770
v -0.320371 1.060637 3.020858
v -0.204489 1.130313 2.323415
v -0.360497 1.001963 3.396143
v -0.327612 1.234738 3.308673
v -0.184488 1.408153 3.221203
v -0.077556 1.190629 2.058875
v -0.191698 1.175320 2.353434
v -0.301413 1.112405 2.991457
v -0.337833 1.064542 3.295665
v -0.300459 1.214363 3.230978
v -0.170642 1.402181 3.150272
v 0.101376 1.154050 1.994770
v 0.000000 1.164605 1.876647
v 0.320371 1.060637 3.020858
v 0.204489 1.130313 2.323415
v 0.360497 1.001963 3.396143
v 0.000000 1.453949 3.194662
v 0.327612 1.234738 3.308673
v 0.184488 1.408153 3.221203
v 0.077556 1.190629 2.058875
v 0.191698 1.175320 2.353434
v 0.000000 1.201138 1.967128
v 0.301413 1.112405 2.991457
v 0.337833 1.064542 3.295665
v 0.300459 1.214363 3.230978
v 0.170642 1.402181 3.150272
v 0.000000 1.445385 3.125511
v 0.681442 -1.225191 -2.962683
v 0.382430 -0.583956 -2.578030
v 0.577713 -1.002742 -4.106146
v 0.357175 -0.529798 -4.106146
v 0.728741 -1.203135 -2.962683
v 0.429729 -0.561900 -2.578030
v 0.625012 -0.980686 -4.106146
v 0.404475 -0.507742 -4.106146
v -0.681442 -1.225191 -2.962683
v -0.382430 -0.583956 -2.578030
v -0.577713 -1.002742 -4.106146
v -0.357175 -0.529798 -4.106146
v -0.728741 -1.203135 -2.962683
v -0.429729 -0.561900 -2.578030
v -0.625012 -0.980686 -4.106146
v -0.404475 -0.507742 -4.106146
v -0.018000 -0.331959 6.492932
v -0.018000 -0.122645 6.512429
v -0.018000 -0.331959 6.416109
v -0.018000 -0.122645 6.394444
v 0.018000 -0.331959 6.492932
v 0.018000 -0.122645 6.512429
v 0.018000 -0.331959 6.416109
v 0.018000 -0.122645 6.394444
v 0.736031 0.436879 -5.454629
v 0.736031 0.079345 -5.454629
v 0.776135 0.120169 -6.737315
v 0.776135 0.248838 -6.737315
v 1.162557 0.206713 -6.737315
v 1.162557 0.168371 -6.737315
v -0.736031 0.436879 -5.454629
v -0.736031 0.079345 -5.454629
v -0.776135 0.120169 -6.737315
v -0.776135 0.248838 -6.737315
v -1.162557 0.206713 -6.737315
v -1.162557 0.168371 -6.737315
v -0.000001 0.635941 -7.119700
v 0.158295 0.604454 -7.119700
v 0.292492 0.514786 -7.119700
v 0.382159 0.380590 -7.119700
v 0.413646 0.222295 -7.119700
v 0.382159 0.064000 -7.119700
v 0.292492 -0.070196 -7.119700
v 0.158295 -0.159864 -7.119700
v -0.000001 -0.191350 -7.119700
v -0.158297 0.604454 -7.119700
v -0.292493 0.514786 -7.119700
v -0.382160 0.380590 -7.119700
v -0.413647 0.222295 -7.119700
v -0.382160 0.064000 -7.119700
v -0.292493 -0.070196 -7.119700
v -0.158297 -0.159864 -7.119700
v -0.000001 0.661566 -6.567640
v 0.168096 0.628129 -6.567640
v 0.310600 0.532911 -6.567640
v 0.405819 0.390406 -6.567640
v 0.439255 0.222311 -6.567640
v 0.405819 0.054216 -6.567640
v 0.310600 -0.088289 -6.567640
v 0.168096 -0.183508 -6.567640
v -0.000001 -0.216944 -6.567640
v -0.168097 0.628129 -6.567640
v -0.310601 0.532911 -6.567640
v -0.405820 0.390406 -6.567640
v -0.439256 0.222311 -6.567640
v -0.405820 0.054216 -6.567640
v -0.310601 -0.088289 -6.567640
v -0.168097 -0.183508 -6.567640
v 0.301353 -0.763611 3.104125
v 0.301353 -0.766160 2.323414
v 0.000000 -0.799556 1.578956
v 0.300269 -0.747871 3.241707
v 0.000000 -0.798924 3.241706
v 0.301353 -0.747164 1.718624
v 0.181924 -0.765279 1.578956
v 0.382812 -0.662908 3.253706
v 0.382812 -0.662908 2.304676
v 0.000000 -0.662908 1.399714
v 0.381109 -0.632628 3.420949
v 0.000000 -0.632628 3.420949
v 0.382812 -0.662908 1.569494
v 0.195040 -0.662908 1.399714
v 0.382812 -0.620212 3.253706
v 0.382812 -0.581710 2.304676
v 0.000000 -0.581710 1.399714
v 0.382812 -0.581710 1.569494
v 0.195040 -0.581710 1.399714
v -0.301353 -0.763611 3.104125
v -0.301353 -0.766160 2.323414
v -0.300269 -0.747871 3.241707
v -0.301353 -0.747164 1.718624
v -0.181924 -0.765279 1.578956
v -0.382812 -0.662908 3.253706
v -0.382812 -0.662908 2.304676
v -0.381109 -0.632628 3.420949
v -0.382812 -0.662908 1.569494
v -0.195040 -0.662908 1.399714
v -0.382812 -0.620212 3.253706
v -0.382812 -0.581710 2.304676
v -0.382812 -0.581710 1.569494
v -0.195040 -0.581710 1.399714
v 0.652441 -0.534871 0.486850
v 0.831872 -0.312853 0.486850
v 0.793124 -0.308009 -1.141801
v 0.789080 -0.308009 -1.272290
v 0.618684 -0.529245 -1.272290
v 0.300770 -0.675198 -1.272290
v 0.300770 -0.682233 0.486850
v 0.171365 -0.701819 -1.141801
v 0.171365 -0.699627 -1.272290
v 0.171365 -0.704368 -0.284409
v 0.652441 -0.420633 0.486850
v 0.773583 -0.198615 0.486850
v 0.734834 -0.193771 -1.141801
v 0.730790 -0.193771 -1.272290
v 0.618684 -0.415006 -1.272290
v 0.300770 -0.560960 -1.272290
v 0.300770 -0.618896 0.486850
v 0.171365 -0.614720 -1.141801
v 0.171365 -0.614295 -1.272290
v 0.171365 -0.617269 -0.284410
v 0.000000 -0.049840 0.486850
v 0.000000 0.172178 0.486850
v 0.000000 0.177021 -1.141801
v 0.000000 0.177021 -1.272290
v 0.000000 -0.044214 -1.272290
v 0.000000 -0.190167 -1.272290
v 0.000000 -0.618896 0.486850
v 0.000000 -0.616346 -1.141801
v 0.000000 -0.614155 -1.272290
v 0.000000 -0.618896 -0.284410
v 0.365395 0.151656 -1.272290
v 0.367417 0.151656 -1.141801
v 0.085682 -0.616526 -1.272290
v 0.085682 -0.617834 -1.141801
v 0.326220 -0.235236 0.486850
v 0.386791 0.146812 0.486850
v 0.309342 -0.229610 -1.272290
v 0.150385 -0.375563 -1.272290
v 0.085682 -0.620384 -0.284410
v 0.150385 -0.618896 0.486850
v -0.652441 -0.534871 0.486850
v -0.831872 -0.312853 0.486850
v -0.793124 -0.308009 -1.141801
v -0.789080 -0.308009 -1.272290
v -0.618684 -0.529245 -1.272290
v -0.300770 -0.675198 -1.272290
v -0.300770 -0.682233 0.486850
v -0.171365 -0.701819 -1.141801
v -0.171365 -0.699627 -1.272290
v -0.171365 -0.704368 -0.284409
v -0.652441 -0.420633 0.486850
v -0.773583 -0.198615 0.486850
v -0.734834 -0.193771 -1.141801
v -0.730790 -0.193771 -1.272290
v -0.618684 -0.415006 -1.272290
v -0.300770 -0.560960 -1.272290
v -0.300770 -0.618896 0.486850
v -0.171365 -0.614720 -1.141801
v -0.171365 -0.614295 -1.272290
v -0.171365 -0.617269 -0.284410
v -0.365395 0.151656 -1.272290
v -0.367417 0.151656 -1.141801
v -0.085682 -0.616526 -1.272290
v -0.085682 -0.617834 -1.141801
v -0.326220 -0.235236 0.486850
v -0.386791 0.146812 0.486850
v -0.309342 -0.229610 -1.272290
v -0.150385 -0.375563 -1.272290
v -0.085682 -0.620384 -0.284410
v -0.150385 -0.618896 0.486850
v 0.698367 -0.370299 3.313441
v 0.698367 -0.292155 3.313441
v 0.761874 -0.370299 3.313441
v 0.761874 -0.292155 3.313441
v 0.727954 -0.319671 3.208538
v 0.727954 -0.342784 3.208538
v 0.736431 -0.342784 3.208538
v 0.736431 -0.319671 3.208538
v -0.698367 -0.370299 3.313441
v -0.698367 -0.292155 3.313441
v -0.761874 -0.370299 3.313441
v -0.761874 -0.292155 3.313441
v -0.727954 -0.319671 3.208538
v -0.727954 -0.342784 3.208538
v -0.736431 -0.342784 3.208538
v -0.736431 -0.319671 3.208538
v 4.255791 0.322124 -1.099093
v 4.225247 0.309472 -1.099093
v 4.212596 0.278928 -1.099093
v 4.225247 0.248385 -1.099093
v 4.255791 0.235732 -1.099093
v 4.286335 0.248385 -1.099093
v 4.298986 0.278928 -1.099093
v 4.286335 0.309472 -1.099093
v 4.255791 0.299321 -1.319025
v 4.241372 0.293348 -1.319025
v 4.235399 0.278928 -1.319025
v 4.241372 0.264509 -1.319025
v 4.255791 0.258535 -1.319025
v 4.270211 0.264509 -1.319025
v 4.276184 0.278928 -1.319025
v 4.270211 0.293348 -1.319025
v 4.298986 0.278928 -0.866542
v 4.286335 0.248385 -0.866542
v 4.255791 0.235732 -0.866542
v 4.225247 0.248385 -0.866542
v 4.212596 0.278928 -0.866542
v 4.225247 0.309472 -0.866542
v 4.286335 0.309472 -0.866542
v 4.255791 0.322124 -0.866542
v -4.255791 0.322124 -1.099093
v -4.225247 0.309472 -1.099093
v -4.212596 0.278928 -1.099093
v -4.225247 0.248385 -1.099093
v -4.255791 0.235732 -1.099093
v -4.286335 0.248385 -1.099093
v -4.298986 0.278928 -1.099093
v -4.286335 0.309472 -1.099093
v -4.255791 0.299321 -1.319025
v -4.241372 0.293348 -1.319025
v -4.235399 0.278928 -1.319025
v -4.241372 0.264509 -1.319025
v -4.255791 0.258535 -1.319025
v -4.270211 0.264509 -1.319025
v -4.276184 0.278928 -1.319025
v -4.270211 0.293348 -1.319025
v -4.298986 0.278928 -0.866542
v -4.286335 0.248385 -0.866542
v -4.255791 0.235732 -0.866542
v -4.225247 0.248385 -0.866542
v -4.212596 0.278928 -0.866542
v -4.225247 0.309472 -0.866542
v -4.286335 0.309472 -0.866542
v -4.255791 0.322124 -0.866542
vn -0.1765 0.9112 0.3722
vn -0.1968 -0.9779 0.0704
vn -0.5700 0.7590 0.3145
vn -0.5968 -0.7948 0.1096
vn -0.5971 -0.7952 0.1057
vn -0.5972 -0.7952 0.1051
vn -0.1865 0.9269 0.3256
vn -0.9284 -0.3131 0.2001
vn -0.9046 0.3227 0.2785
vn -0.9325 0.3178 0.1718
vn -0.9531 -0.2793 0.1162
vn -0.1999 0.9486 0.2453
vn -0.6237 -0.7789 0.0655
vn -0.6240 -0.7792 0.0588
vn -0.6238 -0.7794 0.0585
vn -0.6024 0.7662 0.2238
vn -0.1920 -0.9814 -0.0019
vn -0.9050 -0.2984 0.3032
vn -0.9048 -0.2986 0.3036
vn -0.9026 -0.3072 0.3015
vn -0.8701 0.3225 0.3727
vn -0.1878 -0.9694 0.1579
vn -0.5416 0.7493 0.3811
vn -0.5730 -0.7926 0.2084
vn -0.2027 0.9622 0.1817
vn -0.9025 -0.3077 0.3013
vn -0.9025 0.3077 0.3013
vn -0.2027 -0.9623 0.1816
vn -0.6006 0.7641 0.2355
vn -0.6013 -0.7652 0.2299
vn -0.5997 -0.7633 0.2405
vn -0.5998 -0.7631 0.2408
vn -0.2103 -0.8583 0.4682
vn -0.6748 0.7380 -0.0000
vn -0.6748 -0.7380 -0.0000
vn -0.2380 0.9713 -0.0000
vn -0.9596 -0.2812 -0.0000
vn -0.9596 0.2812 -0.0000
vn -0.2379 -0.9713 -0.0000
vn -0.5912 0.6467 0.4819
vn -0.5913 -0.6467 0.4819
vn -0.2103 0.8582 0.4682
vn -0.8328 -0.2441 0.4969
vn -0.8328 0.2441 0.4969
vn -0.5912 -0.6467 0.4819
vn -0.6015 -0.7652 0.2295
vn -0.6235 -0.7791 0.0658
vn -0.5969 -0.7948 0.1100
vn 0.1765 0.9112 0.3722
vn 0.1968 -0.9779 0.0704
vn 0.5700 0.7590 0.3145
vn 0.5968 -0.7948 0.1097
vn 0.5972 -0.7952 0.1051
vn 0.5971 -0.7952 0.1057
vn 0.1865 0.9269 0.3256
vn 0.9284 -0.3131 0.2001
vn 0.9046 0.3227 0.2785
vn 0.9325 0.3178 0.1718
vn 0.9531 -0.2793 0.1162
vn 0.1999 0.9486 0.2453
vn 0.6237 -0.7789 0.0655
vn 0.6238 -0.7794 0.0585
vn 0.6240 -0.7792 0.0588
vn 0.6024 0.7662 0.2238
vn 0.1920 -0.9814 -0.0019
vn 0.9050 -0.2984 0.3032
vn 0.9026 -0.3072 0.3015
vn 0.9048 -0.2986 0.3036
vn 0.8701 0.3225 0.3727
vn 0.1878 -0.9694 0.1579
vn 0.5416 0.7493 0.3811
vn 0.5730 -0.7926 0.2084
vn 0.2027 0.9622 0.1817
vn 0.9025 -0.3077 0.3013
vn 0.9025 0.3077 0.3013
vn 0.2027 -0.9623 0.1816
vn 0.6006 0.7641 0.2355
vn 0.6013 -0.7652 0.2299
vn 0.5998 -0.7631 0.2408
vn 0.5997 -0.7632 0.2405
vn 0.2102 -0.8583 0.4682
vn 0.6748 0.7380 -0.0000
vn 0.6748 -0.7380 -0.0000
vn 0.2380 0.9713 -0.0000
vn 0.9596 -0.2812 -0.0000
vn 0.9596 0.2812 -0.0000
vn 0.2379 -0.9713 -0.0000
vn 0.5912 0.6467 0.4819
vn 0.5913 -0.6467 0.4819
vn 0.2103 0.8582 0.4682
vn 0.8328 -0.2441 0.4969
vn 0.8328 0.2441 0.4969
vn 0.6015 -0.7652 0.2295
vn 0.6235 -0.7791 0.0658
vn 0.5969 -0.7948 0.1100
vn 0.0003 -0.0000 1.0000
vn -0.0000 -0.0000 1.0000
vn 0.0001 -0.0000 1.0000
vn -0.0001 -0.0000 1.0000
vn 0.4755 -0.8638 -0.1665
vn 0.1448 -0.9784 -0.1479
vn 0.2432 0.9639 -0.1086
vn 0.5342 0.8360 -0.1257
vn 0.9122 0.3892 -0.1282
vn 0.9829 0.1344 -0.1260
vn 0.9770 -0.1495 -0.1520
vn 0.7762 -0.6050 -0.1773
vn -0.4755 -0.8638 -0.1665
vn -0.1448 -0.9784 -0.1479
vn -0.2432 0.9639 -0.1086
vn -0.5342 0.8360 -0.1257
vn -0.9122 0.3892 -0.1282
vn -0.9829 0.1344 -0.1260
vn -0.9770 -0.1495 -0.1520
vn -0.7762 -0.6050 -0.1773
vn -0.7788 -0.5856 -0.2249
vn -0.9647 -0.1582 -0.2104
vn -0.9714 0.1439 -0.1890
vn -0.8881 0.4150 -0.1976
vn -0.5309 0.8218 -0.2068
vn -0.2319 0.9536 -0.1918
vn -0.1528 -0.9708 -0.1851
vn -0.4881 -0.8477 -0.2079
vn 0.7788 -0.5856 -0.2249
vn 0.9647 -0.1582 -0.2104
vn 0.9714 0.1439 -0.1890
vn 0.8881 0.4150 -0.1976
vn 0.5309 0.8218 -0.2068
vn 0.2319 0.9536 -0.1918
vn 0.1528 -0.9708 -0.1851
vn 0.4881 -0.8477 -0.2078
vn 1.0000 -0.0000 -0.0065
vn 1.0000 0.0018 -0.0004
vn 1.0000 -0.0000 -0.0066
vn 1.0000 -0.0000 -0.0002
vn 1.0000 -0.0000 -0.0000
vn 1.0000 0.0021 0.0006
vn 1.0000 0.0027 -0.0006
vn -1.0000 -0.0000 -0.0065
vn -1.0000 -0.0000 -0.0002
vn -1.0000 -0.0000 -0.0066
vn -1.0000 0.0018 -0.0004
vn -1.0000 -0.0000 -0.0000
vn -1.0000 0.0028 -0.0005
vn -1.0000 0.0044 -0.0000
vn -1.0000 0.0021 0.0006
vn 0.5695 0.8218 -0.0174
vn 0.3069 0.9516 -0.0186
vn 0.5976 0.8016 -0.0160
vn 0.3158 0.9488 -0.0000
vn 0.5684 0.8228 -0.0000
vn 0.6017 0.7987 -0.0000
vn 0.3419 0.9397 -0.0000
vn 0.1315 0.9908 0.0305
vn 0.5524 0.8335 -0.0104
vn 0.6598 0.7511 -0.0220
vn 0.3041 0.9525 -0.0182
vn 0.3057 0.9510 -0.0466
vn 0.0517 0.9967 0.0632
vn 0.0104 0.9999 -0.0095
vn 0.1250 0.9805 0.1516
vn -0.0034 0.9956 -0.0939
vn 0.5355 0.8437 -0.0383
vn 0.7848 0.6134 -0.0884
vn 0.2697 0.9607 -0.0658
vn 0.2053 0.9731 -0.1049
vn 0.2045 0.9694 -0.1357
vn 0.2358 0.9690 -0.0731
vn 0.1379 0.9823 -0.1267
vn -0.0000 -0.0000 -1.0000
vn 0.1221 0.9875 -0.0997
vn -1.0000 -0.0044 -0.0000
vn 0.1914 0.9813 -0.0185
vn 0.3471 0.9378 0.0022
vn 0.3091 0.9509 0.0133
vn 0.3470 0.9377 -0.0146
vn 0.3714 0.9284 -0.0108
vn 0.1437 0.9736 0.1772
vn 0.0045 0.9995 -0.0319
vn 0.0384 0.9985 0.0383
vn -0.5695 0.8218 -0.0174
vn -0.3069 0.9516 -0.0186
vn -0.5976 0.8016 -0.0160
vn -0.3158 0.9488 -0.0000
vn -0.5684 0.8228 -0.0000
vn -0.6017 0.7987 -0.0000
vn -0.3419 0.9397 -0.0000
vn -0.3458 0.9383 0.0016
vn -0.3429 0.9394 0.0004
vn -0.1315 0.9908 0.0305
vn -0.5524 0.8335 -0.0104
vn -0.6598 0.7511 -0.0220
vn -0.3041 0.9525 -0.0182
vn -0.3057 0.9510 -0.0466
vn -0.0517 0.9967 0.0632
vn -0.0104 0.9999 -0.0095
vn -0.1250 0.9805 0.1516
vn 0.0034 0.9956 -0.0939
vn -0.5355 0.8437 -0.0383
vn -0.7848 0.6134 -0.0884
vn -0.2697 0.9607 -0.0658
vn -0.2053 0.9731 -0.1049
vn -0.2045 0.9694 -0.1357
vn -0.2358 0.9690 -0.0731
vn -0.1379 0.9823 -0.1267
vn -0.1221 0.9875 -0.0997
vn 1.0000 -0.0028 0.0003
vn 1.0000 -0.0044 -0.0000
vn 1.0000 -0.0012 0.0011
vn -0.1914 0.9813 -0.0185
vn -0.3471 0.9378 0.0022
vn -0.3091 0.9509 0.0133
vn -0.3470 0.9377 -0.0146
vn -0.3714 0.9284 -0.0108
vn -0.1437 0.9736 0.1772
vn -0.0045 0.9995 -0.0319
vn -0.0384 0.9985 0.0383
vn -0.6671 0.7441 -0.0356
vn -0.6102 0.7828 0.1222
vn -0.3850 0.9210 0.0596
vn -0.6317 0.7750 0.0187
vn -0.3668 0.9277 -0.0697
vn -0.1983 0.9766 -0.0829
vn -0.3709 0.9273 0.0503
vn 0.6671 0.7441 -0.0356
vn 0.6102 0.7828 0.1222
vn 0.3850 0.9210 0.0596
vn 0.6317 0.7750 0.0187
vn 0.3668 0.9277 -0.0697
vn 0.1983 0.9766 -0.0829
vn 0.3709 0.9273 0.0503
vn -0.9493 0.2889 0.1237
vn -0.6374 -0.7705 0.0007
vn -0.6374 -0.7705 0.0006
vn -0.6239 0.7562 0.1974
vn -0.9503 -0.2971 0.0935
vn -0.1839 -0.9819 -0.0445
vn -0.1780 0.9612 0.2105
vn -0.1702 -0.9827 -0.0734
vn -0.9239 0.3726 0.0873
vn -0.6513 -0.7587 -0.0142
vn -0.6513 -0.7588 -0.0072
vn -0.6513 -0.7588 -0.0069
vn -0.6935 0.7170 0.0707
vn -0.8838 0.4663 0.0388
vn -0.8766 0.4762 0.0694
vn -0.1209 -0.9918 -0.0417
vn -0.6322 -0.7715 0.0707
vn -0.5845 0.7993 0.1394
vn -0.6321 0.7449 0.2133
vn -0.1652 0.9734 0.1588
vn -0.4891 -0.8662 0.1021
vn -0.7523 0.6263 0.2046
vn -0.9823 0.1308 0.1338
vn -0.9537 -0.2982 0.0398
vn -0.1634 0.9797 0.1159
vn -0.4039 -0.9148 0.0018
vn -0.1045 -0.9931 -0.0540
vn -0.1042 -0.9931 -0.0546
vn -0.1035 -0.9930 -0.0562
vn -0.8186 0.5700 0.0699
vn -0.7882 0.6020 0.1278
vn -0.6804 0.7189 0.1422
vn -0.3738 -0.9275 0.0064
vn -0.5847 -0.8088 0.0632
vn -0.9967 0.0081 0.0802
vn -0.9676 -0.2396 0.0798
vn -0.1024 -0.9930 -0.0584
vn -0.7379 0.6716 0.0668
vn -0.5327 0.8380 0.1185
vn -0.6300 0.7467 0.2135
vn -0.2865 -0.9577 0.0278
vn -0.7116 0.7006 0.0516
vn -0.4967 -0.8629 0.0937
vn -0.6542 0.7552 0.0396
vn -0.4403 0.8948 -0.0735
vn -0.1398 -0.9899 -0.0253
vn -0.2779 -0.9602 -0.0296
vn -0.4787 -0.8769 0.0439
vn -0.6512 -0.7588 -0.0146
vn -0.6374 -0.7705 0.0009
vn 0.0523 0.9943 0.0934
vn -0.1831 0.9811 0.0630
vn -0.7631 -0.6396 0.0923
vn -0.1535 -0.9808 0.1200
vn -0.9952 -0.0180 0.0962
vn 0.2157 0.9755 0.0423
vn -0.4825 -0.8698 0.1033
vn 0.0701 0.9938 0.0867
vn -0.7774 -0.6283 0.0305
vn -0.9973 -0.0055 0.0726
vn 0.2163 0.9722 0.0894
vn -0.4775 -0.8786 0.0063
vn -0.1883 0.9765 0.1052
vn -0.5976 -0.7992 0.0649
vn -0.5625 -0.8266 0.0192
vn -0.5294 -0.8464 0.0578
vn -0.1453 -0.9885 -0.0425
vn -0.9191 0.3899 0.0572
vn -0.8991 0.4346 0.0524
vn -0.7418 0.6662 0.0764
vn -0.7828 0.6220 0.0162
vn -0.8028 0.5957 0.0265
vn -0.7576 0.6520 0.0313
vn -0.7811 0.6207 -0.0678
vn -0.7535 0.6502 0.0974
vn 0.1495 0.9887 0.0107
vn -0.1099 -0.9926 -0.0509
vn -0.8634 -0.0186 0.5041
vn -0.8602 0.1073 0.4985
vn -0.9207 -0.0522 0.3868
vn -0.9262 0.0765 0.3693
vn 0.1990 0.9794 -0.0345
vn 0.0524 0.9962 -0.0702
vn 0.0431 0.9934 -0.1059
vn 0.1618 0.9849 -0.0614
vn -0.9989 -0.0427 0.0208
vn -0.9944 -0.0187 0.1037
vn -0.1465 0.9892 -0.0000
vn -0.1464 0.9887 -0.0326
vn -0.1825 0.9810 -0.0659
vn -0.1996 -0.9797 0.0195
vn -0.0525 -0.9973 0.0523
vn -0.0433 -0.9934 0.1058
vn -0.1627 -0.9848 0.0610
vn 0.9878 0.1238 0.0950
vn 0.9793 0.0184 -0.2016
vn 0.1414 -0.9899 -0.0131
vn 0.1413 -0.9894 0.0336
vn 0.1826 -0.9815 0.0568
vn 0.0076 0.0672 0.9977
vn 0.0021 0.0950 0.9955
vn 0.0760 -0.1752 0.9816
vn -0.4101 -0.7122 0.5697
vn -0.6189 -0.0953 0.7796
vn -0.4577 -0.8826 0.1070
vn -0.4802 -0.8718 0.0966
vn 0.9493 0.2889 0.1237
vn 0.6374 -0.7705 0.0007
vn 0.6374 -0.7705 0.0006
vn 0.6239 0.7562 0.1974
vn 0.9503 -0.2971 0.0935
vn 0.1839 -0.9819 -0.0445
vn 0.1780 0.9612 0.2105
vn 0.1702 -0.9827 -0.0734
vn 0.9239 0.3726 0.0873
vn 0.6513 -0.7587 -0.0142
vn 0.6513 -0.7588 -0.0069
vn 0.6513 -0.7588 -0.0072
vn 0.6935 0.7170 0.0707
vn 0.8838 0.4663 0.0388
vn 0.8766 0.4762 0.0694
vn 0.1209 -0.9918 -0.0417
vn 0.6322 -0.7715 0.0707
vn 0.5845 0.7993 0.1394
vn 0.6321 0.7449 0.2133
vn 0.1652 0.9734 0.1588
vn 0.4891 -0.8662 0.1021
vn 0.7523 0.6263 0.2046
vn 0.9823 0.1308 0.1338
vn 0.9537 -0.2982 0.0398
vn 0.1634 0.9797 0.1159
vn 0.4039 -0.9148 0.0018
vn 0.1045 -0.9931 -0.0540
vn 0.1035 -0.9930 -0.0562
vn 0.1042 -0.9931 -0.0546
vn 0.8186 0.5700 0.0699
vn 0.7882 0.6020 0.1278
vn 0.6804 0.7189 0.1422
vn 0.3738 -0.9275 0.0064
vn 0.5847 -0.8088 0.0632
vn 0.9967 0.0081 0.0802
vn 0.9676 -0.2396 0.0798
vn 0.1024 -0.9930 -0.0584
vn 0.7379 0.6716 0.0668
vn 0.5327 0.8380 0.1185
vn 0.6300 0.7467 0.2135
vn 0.2865 -0.9577 0.0278
vn 0.7116 0.7006 0.0516
vn 0.4967 -0.8629 0.0937
vn 0.6542 0.7552 0.0396
vn 0.4403 0.8948 -0.0735
vn 0.1398 -0.9899 -0.0253
vn 0.2779 -0.9602 -0.0296
vn 0.4787 -0.8769 0.0439
vn 0.6512 -0.7588 -0.0146
vn 0.6374 -0.7705 0.0009
vn -0.0523 0.9943 0.0934
vn 0.1831 0.9811 0.0630
vn 0.7631 -0.6396 0.0923
vn 0.1535 -0.9808 0.1200
vn 0.9952 -0.0180 0.0962
vn -0.2157 0.9755 0.0423
vn 0.4826 -0.8698 0.1027
vn 0.4825 -0.8698 0.1033
vn 0.4821 -0.8701 0.1020
vn -0.0701 0.9938 0.0867
vn 0.7774 -0.6283 0.0305
vn 0.9973 -0.0055 0.0726
vn -0.2163 0.9722 0.0894
vn 0.4775 -0.8786 0.0063
vn 0.1883 0.9765 0.1052
vn 0.5976 -0.7992 0.0649
vn 0.5625 -0.8266 0.0192
vn 0.5294 -0.8464 0.0578
vn 0.1453 -0.9885 -0.0425
vn 0.9191 0.3899 0.0572
vn 0.8991 0.4346 0.0524
vn 0.7418 0.6662 0.0764
vn 0.7828 0.6220 0.0162
vn 0.8028 0.5957 0.0265
vn 0.7576 0.6520 0.0313
vn 0.7811 0.6207 -0.0678
vn 0.7535 0.6502 0.0974
vn -0.1495 0.9887 0.0107
vn 0.1099 -0.9926 -0.0509
vn 0.8634 -0.0186 0.5041
vn 0.8602 0.1073 0.4985
vn 0.9207 -0.0522 0.3868
vn 0.9262 0.0765 0.3693
vn -0.1990 0.9794 -0.0345
vn -0.0524 0.9962 -0.0702
vn -0.0431 0.9934 -0.1059
vn -0.1618 0.9849 -0.0614
vn 0.9989 -0.0427 0.0208
vn 0.9944 -0.0187 0.1037
vn 0.1465 0.9892 -0.0000
vn 0.1464 0.9887 -0.0326
vn 0.1825 0.9810 -0.0659
vn 0.1996 -0.9797 0.0195
vn 0.0525 -0.9973 0.0523
vn 0.0433 -0.9934 0.1058
vn 0.1627 -0.9848 0.0610
vn -0.9878 0.1238 0.0950
vn -0.9793 0.0184 -0.2016
vn -0.1414 -0.9899 -0.0131
vn -0.1413 -0.9894 0.0336
vn -0.1826 -0.9815 0.0568
vn -0.0076 0.0672 0.9977
vn -0.0021 0.0950 0.9955
vn -0.0760 -0.1752 0.9816
vn 0.4101 -0.7122 0.5697
vn 0.6189 -0.0953 0.7796
vn 0.4802 -0.8718 0.0966
vn 0.4577 -0.8826 0.1070
vn 0.1409 -0.9895 0.0335
vn 0.9997 -0.0214 -0.0137
vn 0.9975 -0.0652 -0.0266
vn 0.4591 -0.8869 -0.0517
vn 0.7705 -0.6360 -0.0415
vn 0.9955 -0.0941 -0.0142
vn 0.1779 -0.9825 -0.0559
vn 0.2075 -0.9782 -0.0009
vn 0.0155 -0.9998 0.0102
vn 0.0198 -0.9998 0.0010
vn 0.0160 -0.9998 0.0092
vn -0.0053 -0.9875 -0.1575
vn 0.0203 -0.9998 -0.0000
vn 0.1222 -0.9777 0.1710
vn 0.9923 -0.1222 -0.0221
vn 0.1541 -0.9793 -0.1312
vn 0.4697 -0.8772 -0.0991
vn 0.7801 -0.6219 -0.0687
vn 0.1554 -0.9874 -0.0313
vn 0.1305 -0.9911 -0.0254
vn 0.4306 -0.9023 -0.0180
vn 0.1855 -0.9825 -0.0165
vn 0.7851 -0.6188 -0.0257
vn 0.7766 -0.6294 -0.0279
vn 0.1855 -0.9826 -0.0030
vn 0.1855 -0.9826 -0.0097
vn 0.1855 -0.9826 -0.0029
vn 0.1339 -0.9905 0.0312
vn 0.1911 -0.9816 0.0048
vn -0.0000 -0.9894 -0.1453
vn 0.0673 -0.9975 -0.0218
vn 1.0000 0.0023 0.0001
vn 0.1852 -0.9812 -0.0544
vn 0.3861 -0.9210 -0.0512
vn 0.1889 -0.9469 0.2600
vn 0.0261 -0.9992 0.0295
vn -0.1855 -0.9825 -0.0165
vn -0.1855 -0.9826 -0.0029
vn -0.1855 -0.9826 -0.0097
vn -0.1409 -0.9895 0.0335
vn -0.1342 -0.9905 0.0314
vn -0.1357 -0.9902 0.0318
vn -0.9997 -0.0214 -0.0137
vn -0.9957 -0.0875 -0.0309
vn -0.4591 -0.8869 -0.0517
vn -0.7705 -0.6360 -0.0415
vn -0.9955 -0.0941 -0.0142
vn -0.1779 -0.9825 -0.0559
vn -0.2075 -0.9782 -0.0009
vn -0.0155 -0.9998 0.0102
vn -0.0160 -0.9998 0.0092
vn -0.0208 -0.9998 -0.0009
vn 0.0053 -0.9875 -0.1575
vn -0.0203 -0.9998 -0.0000
vn -0.1222 -0.9777 0.1710
vn -0.9923 -0.1222 -0.0221
vn -0.1541 -0.9793 -0.1312
vn -0.4697 -0.8772 -0.0991
vn -0.7801 -0.6219 -0.0687
vn -0.1554 -0.9874 -0.0313
vn -0.1305 -0.9911 -0.0254
vn -0.4306 -0.9023 -0.0180
vn -0.7851 -0.6188 -0.0257
vn -0.7766 -0.6294 -0.0279
vn -0.1339 -0.9905 0.0312
vn -0.1911 -0.9816 0.0048
vn -0.0673 -0.9975 -0.0218
vn -1.0000 0.0023 0.0001
vn -0.1852 -0.9812 -0.0544
vn -0.3861 -0.9210 -0.0512
vn -0.1889 -0.9469 0.2600
vn -0.0261 -0.9992 0.0295
vn -0.6264 -0.7706 0.1175
vn -0.1795 -0.9837 -0.0120
vn -0.9992 0.0283 0.0287
vn -0.3869 -0.9217 -0.0290
vn -0.7970 -0.6036 0.0225
vn -0.3863 -0.9209 -0.0512
vn -0.9983 -0.0565 0.0112
vn -0.1849 -0.9813 -0.0544
vn -0.1851 -0.9822 -0.0309
vn -0.8039 -0.5942 -0.0247
vn 0.6264 -0.7706 0.1175
vn 0.1795 -0.9837 -0.0120
vn 0.9992 0.0283 0.0287
vn 0.3869 -0.9217 -0.0290
vn 0.7970 -0.6036 0.0225
vn 0.3863 -0.9209 -0.0512
vn 0.9983 -0.0565 0.0112
vn 0.1849 -0.9812 -0.0544
vn 0.1851 -0.9812 -0.0544
vn 0.1851 -0.9812 -0.0545
vn 0.1851 -0.9822 -0.0309
vn 0.8039 -0.5942 -0.0247
vn 0.5180 -0.8339 -0.1905
vn 0.1712 -0.9710 -0.1669
vn 0.2153 0.9611 -0.1729
vn 0.5395 0.8206 -0.1888
vn 0.8607 0.4767 -0.1788
vn 0.9715 0.1662 -0.1692
vn 0.9653 -0.1757 -0.1933
vn 0.7986 -0.5652 -0.2066
vn -0.5180 -0.8339 -0.1905
vn -0.1712 -0.9710 -0.1669
vn -0.2153 0.9611 -0.1729
vn -0.5395 0.8206 -0.1888
vn -0.8607 0.4767 -0.1788
vn -0.9715 0.1662 -0.1692
vn -0.9653 -0.1757 -0.1933
vn -0.7986 -0.5652 -0.2066
vn 0.9836 0.1771 0.0356
vn 0.9544 0.2824 0.0963
vn 0.9838 0.0523 -0.1715
vn 0.9930 0.1182 0.0020
vn 0.9997 0.0264 0.0001
vn 0.9956 -0.0373 -0.0861
vn 0.7334 0.6689 0.1216
vn 0.7188 0.6803 0.1429
vn 0.9996 0.0270 0.0007
vn 0.8347 0.4143 0.3627
vn 0.9004 0.3288 0.2850
vn -0.0000 1.0000 -0.0000
vn -0.0000 -1.0000 -0.0000
vn -0.0000 -0.9974 0.0720
vn -0.0000 -0.9922 -0.1246
vn 0.9958 0.0462 0.0785
vn -0.0000 0.7624 0.6470
vn -0.0000 0.9922 -0.1246
vn -0.9922 -0.0000 -0.1246
vn 0.9922 -0.0000 -0.1246
vn -0.9958 0.0462 0.0785
vn -0.9870 -0.0000 0.1609
vn -0.0000 0.9570 -0.2900
vn 0.9870 -0.0000 0.1609
vn -0.9990 -0.0000 -0.0447
vn 0.9990 -0.0000 -0.0447
vn -0.0000 -0.9570 -0.2900
vn -0.9836 0.1771 0.0356
vn -0.9956 -0.0373 -0.0861
vn -0.9544 0.2824 0.0963
vn -0.7188 0.6803 0.1429
vn -0.7334 0.6689 0.1216
vn -0.9838 0.0523 -0.1715
vn -0.9930 0.1182 0.0020
vn -0.9996 0.0269 0.0006
vn -0.9996 0.0268 0.0006
vn -0.9997 0.0264 0.0001
vn -0.9004 0.3288 0.2850
vn -0.8347 0.4143 0.3627
vn -0.9996 0.0270 0.0007
vn -0.0000 -0.5484 -0.8362
vn -0.1507 -0.9858 -0.0745
vn 0.1405 0.9854 0.0958
vn -0.1405 0.9854 0.0958
vn 0.4629 0.8822 0.0863
vn 0.4591 0.8847 0.0812
vn 0.4586 0.8845 0.0859
vn -0.4591 0.8847 0.0812
vn -0.4629 0.8822 0.0863
vn -0.4586 0.8845 0.0859
vn 0.6115 0.7885 0.0657
vn -0.6115 0.7885 0.0657
vn -0.2152 -0.9733 -0.0794
vn 0.2152 -0.9733 -0.0794
vn -0.0524 -0.9953 -0.0812
vn 0.0524 -0.9953 -0.0812
vn 0.9998 0.0188 0.0013
vn 0.9998 0.0188 0.0012
vn -0.9998 0.0188 0.0013
vn -0.9998 0.0188 0.0012
vn 0.1507 -0.9858 -0.0745
vn 0.1508 -0.9865 -0.0634
vn -0.9998 0.0188 0.0014
vn 0.9998 0.0188 0.0014
vn 0.0525 -0.9971 -0.0554
vn -0.0525 -0.9971 -0.0554
vn 0.2156 -0.9750 -0.0542
vn -0.2156 -0.9750 -0.0542
vn -0.7081 0.7026 0.0701
vn 0.7081 0.7026 0.0701
vn -0.4575 0.8822 0.1116
vn -0.4571 0.8818 0.1164
vn -0.4533 0.8844 0.1112
vn 0.4575 0.8822 0.1116
vn 0.4532 0.8844 0.1112
vn 0.4571 0.8818 0.1164
vn -0.1401 0.9823 0.1243
vn 0.1401 0.9823 0.1243
vn -0.1508 -0.9865 -0.0634
vn 0.2156 -0.9749 -0.0554
vn -0.0525 -0.9970 -0.0566
vn 0.0525 -0.9970 -0.0566
vn 0.9998 0.0188 0.0011
vn -0.9998 0.0188 0.0011
vn 0.1826 -0.9816 -0.0558
vn -0.1826 -0.9816 -0.0558
vn 0.1410 0.9884 0.0562
vn -0.1410 0.9884 0.0562
vn 0.4598 0.8866 0.0504
vn -0.4598 0.8866 0.0504
vn 0.5596 0.8274 0.0470
vn -0.5596 0.8274 0.0470
vn -0.2156 -0.9749 -0.0554
vn -0.7627 0.6052 -0.2280
vn -0.4693 0.8240 -0.3174
vn -0.9421 0.3099 -0.1284
vn -0.9591 0.2754 -0.0649
vn -0.8223 0.4764 -0.3113
vn -0.9648 0.0772 -0.2515
vn -0.2581 0.9580 -0.1249
vn 0.7627 0.6052 -0.2280
vn 0.4693 0.8240 -0.3174
vn 0.9421 0.3099 -0.1284
vn 0.9591 0.2754 -0.0649
vn 0.8223 0.4764 -0.3113
vn 0.9648 0.0772 -0.2515
vn 0.2581 0.9580 -0.1249
vn -0.9063 -0.4226 -0.0000
vn 0.9063 0.4226 -0.0000
vn 0.2019 -0.4329 0.8786
vn 0.4132 -0.8861 -0.2099
vn -0.4223 0.9056 0.0391
vn 0.9063 -0.4226 -0.0000
vn -0.9063 0.4226 -0.0000
vn -0.2019 -0.4329 0.8786
vn -0.4132 -0.8861 -0.2099
vn 0.4223 0.9056 0.0391
vn -0.0000 -0.1030 -0.9947
vn -0.0000 -0.0927 0.9957
vn -0.9995 -0.0000 -0.0313
vn 0.9995 -0.0000 -0.0313
vn 0.9798 -0.1949 0.0455
vn -0.9798 0.1949 0.0454
vn 0.9798 0.1949 0.0454
vn -0.8306 0.5550 0.0454
vn 0.8306 0.5550 0.0454
vn -0.5550 0.8306 0.0454
vn 0.5550 0.8306 0.0454
vn -0.1949 0.9798 0.0454
vn -0.1949 -0.9798 0.0455
vn 0.1949 0.9798 0.0454
vn 0.1949 -0.9798 0.0455
vn -0.5550 -0.8306 0.0455
vn 0.5550 -0.8306 0.0455
vn -0.8306 -0.5550 0.0455
vn 0.8306 -0.5550 0.0455
vn -0.9798 -0.1949 0.0455
vn -0.0593 0.7915 -0.6083
vn -0.7048 0.7005 -0.1122
vn -0.7810 0.6245 -0.0009
vn -0.4104 0.8385 0.3584
vn -0.0756 0.8309 0.5512
vn -0.7507 0.6606 0.0094
vn -1.0000 -0.0000 -0.0099
vn -0.9999 -0.0000 -0.0102
vn -1.0000 -0.0000 -0.0100
vn -0.6707 -0.0000 0.7417
vn 0.0593 0.7915 -0.6083
vn 0.7048 0.7005 -0.1122
vn 0.7810 0.6245 -0.0009
vn 0.4104 0.8385 0.3584
vn 0.0756 0.8309 0.5512
vn 0.7507 0.6606 0.0094
vn 1.0000 -0.0000 -0.0099
vn 1.0000 -0.0000 -0.0100
vn 0.9999 -0.0000 -0.0102
vn 0.6707 -0.0000 0.7417
vn -0.0594 -0.9979 -0.0251
vn 0.9862 -0.0000 -0.1655
vn -0.8905 -0.4544 0.0237
vn -0.8904 -0.4543 0.0276
vn -0.8906 -0.4544 0.0198
vn -0.0681 -0.9977 -0.0010
vn -0.0691 -0.9976 0.0005
vn 0.0199 0.9998 0.0082
vn 0.0225 0.9997 0.0134
vn 0.0063 1.0000 -0.0012
vn 0.0170 0.9998 0.0035
vn 0.0118 0.9999 0.0009
vn -0.0671 -0.9977 -0.0026
vn -0.0363 0.9993 0.0030
vn -0.0337 0.9994 0.0048
vn -0.0338 0.9994 0.0048
vn -0.6754 -0.7374 0.0099
vn -0.0132 0.9999 0.0018
vn -0.0312 0.9995 0.0066
vn -0.6859 -0.7275 0.0159
vn -0.9862 -0.0000 -0.1655
vn 0.8905 -0.4544 0.0237
vn 0.8904 -0.4543 0.0276
vn 0.8906 -0.4544 0.0198
vn 0.0681 -0.9977 -0.0010
vn 0.0691 -0.9976 0.0005
vn -0.0199 0.9998 0.0082
vn -0.0225 0.9997 0.0134
vn -0.0063 1.0000 -0.0012
vn -0.0118 0.9999 0.0009
vn -0.0170 0.9998 0.0035
vn 0.0671 -0.9977 -0.0026
vn 0.0363 0.9993 0.0030
vn 0.0338 0.9994 0.0048
vn 0.0337 0.9994 0.0048
vn 0.6754 -0.7374 0.0099
vn 0.0132 0.9999 0.0018
vn 0.0312 0.9995 0.0066
vn 0.6859 -0.7275 0.0159
vn -0.0002 -0.0000 1.0000
vn 1.0000 0.0044 -0.0000
vn -1.0000 -0.0001 0.0007
vn -1.0000 -0.0002 0.0014
vn 1.0000 -0.0001 0.0007
vn 0.9975 -0.0638 -0.0309
vn 0.9957 -0.0875 -0.0309
vn -0.9975 -0.0639 -0.0305
vn -0.9975 -0.0638 -0.0309
vn -0.9975 -0.0641 -0.0298
vn -0.9975 -0.0652 -0.0266
vn -0.4707 -0.8819 -0.0277
vn -0.4022 -0.9154 0.0165
vn -0.1849 -0.9812 -0.0545
vn -0.1851 -0.9812 -0.0545
vn 0.4022 -0.9154 0.0165
vn 0.4707 -0.8819 -0.0277
vn 0.1849 -0.9812 -0.0545
vn 0.1849 -0.9813 -0.0544
vn 0.0147 -0.9991 -0.0405
vn -0.0000 -0.9973 -0.0740
vn 0.0594 -0.9979 -0.0251
vn -0.0147 -0.9991 -0.0405
vn -0.0000 0.9673 -0.2537
vn -0.9625 -0.0000 -0.2715
vn 0.9718 -0.0000 -0.2357
vn -0.0000 -0.9673 -0.2537
vn 0.9625 -0.0000 -0.2715
vn -0.9718 -0.0000 -0.2357
vn 0.9239 -0.3827 -0.0000
vn -0.3809 0.9197 -0.0954
vn -0.3827 -0.9239 -0.0000
vn -0.9239 0.3827 -0.0000
vn 0.9239 0.3827 -0.0000
vn 0.3827 -0.9239 -0.0000
vn -0.9239 -0.3827 -0.0000
vn -0.3827 0.9239 -0.0000
vn 0.3827 0.9239 -0.0000
vn 0.3809 0.9197 -0.0954
vn 0.9197 -0.3810 -0.0953
vn -0.3810 -0.9197 -0.0954
vn -0.9197 0.3809 -0.0954
vn 0.9197 0.3809 -0.0953
vn 0.3810 -0.9197 -0.0954
vn -0.9197 -0.3810 -0.0954
vn -0.9197 -0.3810 -0.0953
vn 0.9197 0.3809 -0.0954
vn -0.9197 0.3809 -0.0953
vn 0.9197 -0.3810 -0.0954
vt 0.139015 0.975727
vt 0.139170 0.974902
vt 0.139205 0.974902
vt 0.139205 0.975727
vt 0.139205 0.976351
vt 0.138933 0.976351
vt 0.138734 0.976351
vt 0.138875 0.975727
vt 0.138839 0.976351
vt 0.138949 0.975727
vt 0.138825 0.975727
vt 0.138662 0.976351
vt 0.138574 0.976976
vt 0.138659 0.976976
vt 0.138637 0.976976
vt 0.138889 0.976976
vt 0.139205 0.976976
vt 0.138746 0.976976
vt 0.138844 0.976976
vt 0.139145 0.974902
vt 0.139136 0.974902
vt 0.139159 0.974902
vt 0.139188 0.974801
vt 0.139205 0.974801
vt 0.139175 0.974801
vt 0.139171 0.974801
vt 0.139182 0.974801
vt 0.139205 0.974545
vt 0.139205 0.974509
vt 0.139199 0.974509
vt 0.139188 0.974545
vt 0.139175 0.974545
vt 0.139182 0.974545
vt 0.139171 0.974545
vt 0.139194 0.974509
vt 0.139196 0.974509
vt 0.139193 0.974509
vt 0.139394 0.975727
vt 0.139239 0.974902
vt 0.139476 0.976351
vt 0.139675 0.976351
vt 0.139534 0.975727
vt 0.139570 0.976351
vt 0.139460 0.975727
vt 0.139747 0.976351
vt 0.139584 0.975727
vt 0.139835 0.976976
vt 0.139750 0.976976
vt 0.139772 0.976976
vt 0.139520 0.976976
vt 0.139663 0.976976
vt 0.139565 0.976976
vt 0.139273 0.974902
vt 0.139264 0.974902
vt 0.139250 0.974902
vt 0.139221 0.974801
vt 0.139238 0.974801
vt 0.139234 0.974801
vt 0.139227 0.974801
vt 0.139221 0.974545
vt 0.139211 0.974509
vt 0.139234 0.974545
vt 0.139227 0.974545
vt 0.139238 0.974545
vt 0.139215 0.974509
vt 0.139213 0.974509
vt 0.139217 0.974509
vt 0.020887 0.992623
vt 0.020960 0.992001
vt 0.020698 0.992001
vt 0.020649 0.992623
vt 0.020319 0.992001
vt 0.020319 0.992623
vt 0.020744 0.992001
vt 0.020681 0.992623
vt 0.020969 0.992001
vt 0.020893 0.992623
vt 0.021118 0.992001
vt 0.021034 0.992623
vt 0.021168 0.992001
vt 0.021082 0.992623
vt 0.021129 0.992001
vt 0.021042 0.992623
vt 0.019751 0.992623
vt 0.019990 0.992623
vt 0.019940 0.992001
vt 0.019678 0.992001
vt 0.019958 0.992623
vt 0.019894 0.992001
vt 0.019745 0.992623
vt 0.019669 0.992001
vt 0.019604 0.992623
vt 0.019521 0.992001
vt 0.019556 0.992623
vt 0.019471 0.992001
vt 0.019596 0.992623
vt 0.019509 0.992001
vt 0.019659 0.992937
vt 0.019803 0.992937
vt 0.019620 0.992937
vt 0.019665 0.992937
vt 0.019798 0.992937
vt 0.019999 0.992937
vt 0.020319 0.992937
vt 0.020023 0.992937
vt 0.020979 0.992937
vt 0.020835 0.992937
vt 0.021019 0.992937
vt 0.020973 0.992937
vt 0.020840 0.992937
vt 0.020639 0.992937
vt 0.020615 0.992937
vt 0.200770 0.220584
vt 0.201763 0.144736
vt 0.201763 0.110560
vt 0.201763 0.051132
vt 0.200770 0.265956
vt 0.200706 0.310377
vt 0.310481 0.220584
vt 0.309488 0.144736
vt 0.309488 0.110560
vt 0.309488 0.051132
vt 0.310545 0.310377
vt 0.310481 0.310377
vt 0.310481 0.265956
vt 0.773547 0.078451
vt 0.788135 0.078451
vt 0.784176 0.172695
vt 0.771756 0.172695
vt 0.745710 0.078451
vt 0.762707 0.078451
vt 0.761693 0.172695
vt 0.745710 0.172695
vt 0.761693 0.262487
vt 0.745710 0.262487
vt 0.771756 0.262487
vt 0.784176 0.262487
vt 0.800565 0.217116
vt 0.815498 0.078459
vt 0.815639 0.172695
vt 0.800565 0.172695
vt 0.771756 0.338335
vt 0.761693 0.338335
vt 0.784176 0.338335
vt 0.745710 0.338335
vt 0.800565 0.262487
vt 0.799572 0.338335
vt 0.930082 0.212838
vt 0.930038 0.161038
vt 0.981667 0.198261
vt 0.981667 0.230933
vt 0.930082 0.238827
vt 0.981667 0.247682
vt 0.930038 0.155358
vt 0.981667 0.193948
vt 0.981667 0.263283
vt 0.930038 0.263036
vt 0.981667 0.202114
vt 0.771836 0.372512
vt 0.762788 0.372512
vt 0.779811 0.372512
vt 0.745710 0.372512
vt 0.783005 0.372512
vt 0.781669 0.431940
vt 0.799572 0.372512
vt 0.799572 0.431940
vt 0.777797 0.372512
vt 0.815639 0.219183
vt 0.815498 0.262487
vt 0.800629 0.172695
vt 0.815498 0.172695
vt 0.815498 0.069744
vt 0.717873 0.078451
vt 0.719664 0.172695
vt 0.707243 0.172695
vt 0.703285 0.078451
vt 0.729726 0.172695
vt 0.728712 0.078451
vt 0.729726 0.262487
vt 0.719664 0.262487
vt 0.707243 0.262487
vt 0.690854 0.217116
vt 0.675921 0.078459
vt 0.690854 0.172695
vt 0.675780 0.172695
vt 0.729726 0.338335
vt 0.719664 0.338335
vt 0.707243 0.338335
vt 0.691847 0.338335
vt 0.690854 0.262487
vt 0.561337 0.212838
vt 0.509752 0.230933
vt 0.509752 0.198261
vt 0.561381 0.161038
vt 0.561337 0.238827
vt 0.509752 0.247682
vt 0.509752 0.193948
vt 0.561381 0.155358
vt 0.561381 0.263036
vt 0.509752 0.263283
vt 0.509752 0.247539
vt 0.728631 0.372512
vt 0.719583 0.372512
vt 0.711609 0.372512
vt 0.708414 0.372512
vt 0.709751 0.431940
vt 0.691847 0.372512
vt 0.691847 0.431940
vt 0.713622 0.372512
vt 0.675780 0.219183
vt 0.675921 0.262487
vt 0.690790 0.172695
vt 0.675921 0.172695
vt 0.675921 0.069744
vt 0.726518 0.027644
vt 0.717399 0.027644
vt 0.689650 0.027644
vt 0.682921 0.027438
vt 0.705715 0.027644
vt 0.741013 0.027374
vt 0.745710 0.032847
vt 0.764901 0.027644
vt 0.774020 0.027644
vt 0.801770 0.027644
vt 0.808498 0.027438
vt 0.785704 0.027644
vt 0.750407 0.027374
vt 0.362228 0.613010
vt 0.331563 0.618640
vt 0.331563 0.606989
vt 0.362228 0.602884
vt 0.362228 0.589124
vt 0.331563 0.591292
vt 0.331563 0.587647
vt 0.362228 0.585849
vt 0.362228 0.620423
vt 0.331563 0.627170
vt 0.331563 0.601164
vt 0.331563 0.595338
vt 0.331563 0.584525
vt 0.362228 0.583136
vt 0.362228 0.623136
vt 0.331563 0.629483
vt 0.302005 0.590087
vt 0.302005 0.586965
vt 0.302005 0.624063
vt 0.302005 0.610551
vt 0.302005 0.593732
vt 0.271298 0.606533
vt 0.239421 0.607205
vt 0.239627 0.602508
vt 0.271298 0.602192
vt 0.271298 0.626430
vt 0.239421 0.629325
vt 0.239421 0.614943
vt 0.271298 0.612747
vt 0.271298 0.591377
vt 0.239421 0.592668
vt 0.239421 0.590152
vt 0.271298 0.588559
vt 0.239421 0.599122
vt 0.271298 0.598450
vt 0.327963 0.627536
vt 0.324358 0.623394
vt 0.329365 0.629985
vt 0.328756 0.628512
vt 0.302211 0.601876
vt 0.302005 0.597778
vt 0.302005 0.605862
vt 0.271298 0.594730
vt 0.239421 0.595727
vt 0.197152 0.594966
vt 0.197152 0.592451
vt 0.213571 0.631130
vt 0.197152 0.617981
vt 0.197152 0.609200
vt 0.197152 0.603653
vt 0.197152 0.600327
vt 0.197152 0.597507
vt 0.362228 0.592759
vt 0.164838 0.596919
vt 0.164838 0.594403
vt 0.197152 0.632275
vt 0.149342 0.630182
vt 0.149342 0.618124
vt 0.149342 0.611410
vt 0.149548 0.606452
vt 0.149342 0.602386
vt 0.164838 0.597733
vt 0.149342 0.639443
vt 0.197152 0.637254
vt 0.164838 0.645498
vt 0.149612 0.646598
vt 0.239189 0.584483
vt 0.239189 0.583871
vt 0.198554 0.588941
vt 0.239189 0.585001
vt 0.239189 0.586718
vt 0.201009 0.586751
vt 0.239189 0.575192
vt 0.201009 0.574420
vt 0.201009 0.564826
vt 0.239189 0.567667
vt 0.239189 0.562119
vt 0.207384 0.558480
vt 0.207384 0.556115
vt 0.239189 0.560194
vt 0.201009 0.557751
vt 0.201009 0.586091
vt 0.201009 0.585311
vt 0.164838 0.588402
vt 0.164838 0.589267
vt 0.164838 0.576114
vt 0.164838 0.565481
vt 0.164838 0.589999
vt 0.164838 0.592426
vt 0.164838 0.557633
vt 0.213891 0.636194
vt 0.197152 0.642270
vt 0.244353 0.586718
vt 0.244353 0.584847
vt 0.244353 0.584234
vt 0.251536 0.585505
vt 0.251536 0.585108
vt 0.251536 0.586955
vt 0.240274 0.581219
vt 0.244353 0.585364
vt 0.239189 0.583332
vt 0.244438 0.583607
vt 0.244393 0.585468
vt 0.239189 0.585537
vt 0.239189 0.582712
vt 0.244463 0.582988
vt 0.251669 0.583864
vt 0.251641 0.584265
vt 0.251601 0.585707
vt 0.239189 0.584042
vt 0.244393 0.584245
vt 0.240174 0.581251
vt 0.239189 0.575637
vt 0.045150 0.729068
vt 0.045150 0.718942
vt 0.075814 0.723046
vt 0.075814 0.734697
vt 0.045150 0.705181
vt 0.045150 0.701906
vt 0.075814 0.703704
vt 0.075814 0.707349
vt 0.045150 0.736480
vt 0.075814 0.743227
vt 0.075814 0.717221
vt 0.075814 0.711395
vt 0.045150 0.699193
vt 0.075814 0.700582
vt 0.045150 0.739193
vt 0.075814 0.745540
vt 0.105373 0.703022
vt 0.105373 0.706144
vt 0.105373 0.726609
vt 0.105373 0.740120
vt 0.105373 0.709790
vt 0.136079 0.722591
vt 0.136079 0.718249
vt 0.167751 0.718565
vt 0.167957 0.723262
vt 0.136079 0.742488
vt 0.136079 0.728804
vt 0.167957 0.731000
vt 0.167957 0.745383
vt 0.136079 0.707435
vt 0.136079 0.704616
vt 0.167957 0.706210
vt 0.167957 0.708725
vt 0.136079 0.714507
vt 0.167957 0.715179
vt 0.083019 0.739451
vt 0.079414 0.743593
vt 0.078621 0.744569
vt 0.078013 0.746043
vt 0.105167 0.717933
vt 0.105373 0.713835
vt 0.105373 0.721919
vt 0.136079 0.710787
vt 0.167957 0.711784
vt 0.210226 0.708508
vt 0.210226 0.711023
vt 0.210226 0.734038
vt 0.193807 0.747187
vt 0.210226 0.725257
vt 0.210226 0.719710
vt 0.210226 0.713564
vt 0.210226 0.716384
vt 0.045150 0.708816
vt 0.242539 0.710460
vt 0.242539 0.712976
vt 0.258035 0.734182
vt 0.258035 0.746239
vt 0.210226 0.748333
vt 0.258035 0.727467
vt 0.257829 0.722509
vt 0.242539 0.713790
vt 0.258035 0.718443
vt 0.258035 0.755500
vt 0.242539 0.761555
vt 0.210226 0.753311
vt 0.257765 0.762655
vt 0.168188 0.700540
vt 0.208824 0.704998
vt 0.168188 0.699928
vt 0.168188 0.701058
vt 0.206368 0.702808
vt 0.168188 0.702775
vt 0.168188 0.691250
vt 0.168188 0.683725
vt 0.206368 0.680883
vt 0.206368 0.690477
vt 0.168188 0.678176
vt 0.168188 0.676251
vt 0.199994 0.672172
vt 0.199994 0.674537
vt 0.206368 0.673808
vt 0.206368 0.702148
vt 0.242539 0.705325
vt 0.242539 0.704459
vt 0.206368 0.701368
vt 0.242539 0.681538
vt 0.242539 0.692171
vt 0.242539 0.706056
vt 0.242539 0.708483
vt 0.242539 0.673690
vt 0.193487 0.752251
vt 0.210226 0.758327
vt 0.163025 0.700904
vt 0.163025 0.702775
vt 0.163025 0.700292
vt 0.155841 0.701165
vt 0.155841 0.701562
vt 0.155841 0.703012
vt 0.163025 0.701422
vt 0.167103 0.697276
vt 0.168188 0.699390
vt 0.168188 0.701594
vt 0.162984 0.701525
vt 0.162940 0.699664
vt 0.168188 0.698769
vt 0.162915 0.699046
vt 0.155736 0.700322
vt 0.155708 0.699921
vt 0.155777 0.701764
vt 0.168188 0.700099
vt 0.167204 0.697308
vt 0.162985 0.700302
vt 0.168188 0.691694
vt 0.325414 0.404914
vt 0.294116 0.404621
vt 0.325414 0.310377
vt 0.294167 0.385834
vt 0.292371 0.310377
vt 0.293518 0.310377
vt 0.292184 0.304332
vt 0.290994 0.220584
vt 0.281276 0.220584
vt 0.269560 0.220584
vt 0.269560 0.144736
vt 0.281276 0.144736
vt 0.289589 0.220584
vt 0.288810 0.144736
vt 0.290068 0.144736
vt 0.255625 0.220584
vt 0.255625 0.144736
vt 0.439954 0.319471
vt 0.439954 0.270233
vt 0.491583 0.252138
vt 0.491583 0.280957
vt 0.439954 0.220036
vt 0.491583 0.219789
vt 0.491583 0.235533
vt 0.439954 0.244467
vt 0.439954 0.327714
vt 0.491583 0.289123
vt 0.288171 0.110560
vt 0.289726 0.110560
vt 0.255625 0.110560
vt 0.270862 0.110560
vt 0.281396 0.110560
vt 0.291584 0.051132
vt 0.284290 0.304332
vt 0.269560 0.304332
vt 0.263565 0.304332
vt 0.294167 0.404621
vt 0.285854 0.404621
vt 0.285854 0.385834
vt 0.255625 0.310377
vt 0.263565 0.310377
vt 0.263565 0.350101
vt 0.255625 0.304332
vt 0.325414 0.220584
vt 0.325414 0.264286
vt 0.310481 0.264286
vt 0.269570 0.404621
vt 0.255625 0.404621
vt 0.255625 0.385834
vt 0.269560 0.385834
vt 0.325414 0.413328
vt 0.247686 0.310377
vt 0.247686 0.304332
vt 0.185837 0.404914
vt 0.185837 0.310377
vt 0.217135 0.404621
vt 0.217084 0.385834
vt 0.217733 0.310377
vt 0.218879 0.310377
vt 0.220257 0.220584
vt 0.221662 0.220584
vt 0.219067 0.304332
vt 0.229975 0.220584
vt 0.229975 0.144736
vt 0.241690 0.144736
vt 0.241690 0.220584
vt 0.222441 0.144736
vt 0.221182 0.144736
vt 0.071297 0.319471
vt 0.019668 0.280957
vt 0.019668 0.252138
vt 0.071297 0.270233
vt 0.071297 0.220036
vt 0.071297 0.244467
vt 0.019668 0.235533
vt 0.019668 0.219789
vt 0.071297 0.327714
vt 0.019668 0.289123
vt 0.221524 0.110560
vt 0.223080 0.110560
vt 0.240389 0.110560
vt 0.229855 0.110560
vt 0.219666 0.051132
vt 0.226961 0.304332
vt 0.241690 0.304332
vt 0.225397 0.385834
vt 0.225397 0.404621
vt 0.217084 0.404621
vt 0.247686 0.350101
vt 0.185837 0.220584
vt 0.200770 0.264286
vt 0.185837 0.264286
vt 0.241680 0.404621
vt 0.241690 0.385834
vt 0.185837 0.413328
vt 0.192837 0.455634
vt 0.199757 0.455428
vt 0.217998 0.470924
vt 0.218365 0.470924
vt 0.218436 0.470924
vt 0.217084 0.436432
vt 0.225397 0.436432
vt 0.241663 0.436432
vt 0.241663 0.442903
vt 0.226959 0.470924
vt 0.255625 0.436432
vt 0.247197 0.436432
vt 0.318414 0.455634
vt 0.311494 0.455428
vt 0.293253 0.470924
vt 0.292886 0.470924
vt 0.294167 0.436432
vt 0.292815 0.470924
vt 0.269587 0.442903
vt 0.269587 0.436432
vt 0.285854 0.436432
vt 0.284292 0.470924
vt 0.264054 0.436432
vt 0.090341 0.988996
vt 0.090489 0.988012
vt 0.090269 0.988012
vt 0.090172 0.988996
vt 0.121178 0.976301
vt 0.121275 0.975317
vt 0.120979 0.975317
vt 0.120979 0.976301
vt 0.089973 0.988996
vt 0.089973 0.988012
vt 0.090293 0.988012
vt 0.121299 0.975317
vt 0.121500 0.975317
vt 0.121347 0.976301
vt 0.090494 0.988012
vt 0.090627 0.988012
vt 0.090454 0.988996
vt 0.121460 0.976301
vt 0.121633 0.975317
vt 0.121679 0.975317
vt 0.121499 0.976301
vt 0.090493 0.988996
vt 0.090673 0.988012
vt 0.090633 0.988012
vt 0.121639 0.975317
vt 0.121495 0.975317
vt 0.120611 0.976301
vt 0.120780 0.976301
vt 0.120683 0.975317
vt 0.120463 0.975317
vt 0.089774 0.988996
vt 0.089677 0.988012
vt 0.120659 0.975317
vt 0.089605 0.988996
vt 0.089452 0.988012
vt 0.089653 0.988012
vt 0.120498 0.976301
vt 0.120325 0.975317
vt 0.120458 0.975317
vt 0.089492 0.988996
vt 0.089453 0.988996
vt 0.089274 0.988012
vt 0.089319 0.988012
vt 0.120459 0.976301
vt 0.120319 0.975317
vt 0.120280 0.975317
vt 0.089457 0.988012
vt 0.089313 0.988012
vt 0.090156 0.988996
vt 0.121162 0.976301
vt 0.121316 0.976301
vt 0.090310 0.988996
vt 0.090414 0.988996
vt 0.121420 0.976301
vt 0.121456 0.976301
vt 0.090450 0.988996
vt 0.120797 0.976301
vt 0.089636 0.988996
vt 0.089791 0.988996
vt 0.120539 0.976301
vt 0.120642 0.976301
vt 0.089496 0.988996
vt 0.089533 0.988996
vt 0.120502 0.976301
vt 0.751299 0.489282
vt 0.756716 0.511662
vt 0.685698 0.497261
vt 0.680282 0.489282
vt 0.630629 0.491113
vt 0.630629 0.489282
vt 0.843891 0.514757
vt 0.843891 0.489282
vt 0.878178 0.486806
vt 0.878178 0.514757
vt 0.866767 0.612026
vt 0.907847 0.612289
vt 0.913792 0.621356
vt 0.876998 0.621356
vt 0.928849 0.612289
vt 0.933559 0.621356
vt 0.680282 0.500356
vt 0.751299 0.514757
vt 0.861350 0.612289
vt 0.871582 0.621356
vt 0.009447 0.991988
vt 0.009630 0.991988
vt 0.009590 0.990221
vt 0.009447 0.990221
vt 0.009455 0.988985
vt 0.009447 0.988985
vt 0.009447 0.994292
vt 0.009265 0.994292
vt 0.009447 0.995145
vt 0.009265 0.991988
vt 0.009630 0.994292
vt 0.009304 0.990221
vt 0.009439 0.988985
vt 0.158744 0.990901
vt 0.158744 0.991510
vt 0.158951 0.991510
vt 0.158771 0.991724
vt 0.158924 0.991724
vt 0.158951 0.990901
vt 0.158903 0.990414
vt 0.158903 0.990169
vt 0.158792 0.990414
vt 0.158792 0.990169
vt 0.173756 0.973910
vt 0.173704 0.974229
vt 0.173833 0.974229
vt 0.173828 0.974335
vt 0.173709 0.974335
vt 0.173781 0.973910
vt 0.675264 0.584985
vt 0.669848 0.592964
vt 0.598830 0.607365
vt 0.604247 0.584985
vt 0.426697 0.707992
vt 0.447699 0.707992
vt 0.441753 0.717059
vt 0.421987 0.717059
vt 0.724917 0.584985
vt 0.724917 0.586816
vt 0.604247 0.610460
vt 0.675264 0.596059
vt 0.511655 0.584985
vt 0.511655 0.610460
vt 0.477368 0.610460
vt 0.477368 0.582509
vt 0.488779 0.707729
vt 0.478548 0.717059
vt 0.494196 0.707992
vt 0.483964 0.717059
vt 0.006274 0.990510
vt 0.006117 0.990510
vt 0.006279 0.990510
vt 0.006398 0.990510
vt 0.006407 0.990510
vt 0.006472 0.990510
vt 0.006486 0.990510
vt 0.006258 0.990510
vt 0.006378 0.990510
vt 0.006256 0.990510
vt 0.006474 0.990510
vt 0.006489 0.990510
vt 0.005959 0.990510
vt 0.005955 0.990510
vt 0.005835 0.990510
vt 0.005826 0.990510
vt 0.005761 0.990510
vt 0.005747 0.990510
vt 0.005856 0.990510
vt 0.005975 0.990510
vt 0.005977 0.990510
vt 0.005759 0.990510
vt 0.005745 0.990510
vt 0.006474 0.990960
vt 0.006378 0.990960
vt 0.006378 0.991410
vt 0.006474 0.991410
vt 0.005959 0.990960
vt 0.006117 0.990960
vt 0.006117 0.991410
vt 0.005959 0.991410
vt 0.006274 0.990960
vt 0.006274 0.991410
vt 0.005835 0.990960
vt 0.005835 0.991410
vt 0.006398 0.990960
vt 0.006398 0.991410
vt 0.005761 0.990960
vt 0.005761 0.991410
vt 0.006472 0.990960
vt 0.006472 0.991410
vt 0.005975 0.990960
vt 0.005856 0.990960
vt 0.005856 0.991410
vt 0.005975 0.991410
vt 0.006258 0.990960
vt 0.006258 0.991410
vt 0.005759 0.990960
vt 0.005759 0.991410
vt 0.006258 0.991956
vt 0.006378 0.991956
vt 0.005975 0.991956
vt 0.006117 0.991956
vt 0.005761 0.991956
vt 0.005759 0.991956
vt 0.006474 0.991956
vt 0.006472 0.991956
vt 0.005856 0.991956
vt 0.005959 0.991956
vt 0.006274 0.991956
vt 0.005835 0.991956
vt 0.006398 0.991956
vt 0.025107 0.976454
vt 0.024965 0.976454
vt 0.024949 0.976454
vt 0.152582 0.648292
vt 0.166229 0.647583
vt 0.148331 0.648779
vt 0.144139 0.647087
vt 0.195789 0.644668
vt 0.214539 0.639551
vt 0.209884 0.642451
vt 0.206887 0.649392
vt 0.210486 0.650336
vt 0.206434 0.658370
vt 0.203147 0.658094
vt 0.205204 0.660492
vt 0.202000 0.660095
vt 0.254795 0.764350
vt 0.241148 0.763640
vt 0.259046 0.764836
vt 0.263238 0.763144
vt 0.211588 0.760725
vt 0.197494 0.758508
vt 0.192839 0.755608
vt 0.200491 0.765449
vt 0.204230 0.774151
vt 0.200944 0.774428
vt 0.196891 0.766393
vt 0.205377 0.776153
vt 0.202173 0.776549
vt 0.007365 0.993674
vt 0.007199 0.993460
vt 0.007184 0.994309
vt 0.007307 0.994309
vt 0.007211 0.994309
vt 0.007333 0.994309
vt 0.007225 0.993460
vt 0.007391 0.993674
vt 0.007502 0.991019
vt 0.007502 0.989935
vt 0.007502 0.996495
vt 0.007502 0.995290
vt 0.009503 0.996495
vt 0.009503 0.995290
vt 0.009503 0.989935
vt 0.009503 0.991019
vt 0.007013 0.994207
vt 0.007192 0.994207
vt 0.006995 0.993613
vt 0.006294 0.994207
vt 0.006115 0.994207
vt 0.006313 0.993613
vt 0.089356 0.993664
vt 0.089328 0.993028
vt 0.089290 0.993028
vt 0.089319 0.993664
vt 0.023719 0.973651
vt 0.023057 0.973651
vt 0.023331 0.973651
vt 0.090237 0.993664
vt 0.090264 0.993028
vt 0.090303 0.993028
vt 0.090273 0.993664
vt 0.090133 0.993664
vt 0.090154 0.993028
vt 0.089438 0.993028
vt 0.089459 0.993664
vt 0.089979 0.993664
vt 0.089990 0.993028
vt 0.089602 0.993028
vt 0.089614 0.993664
vt 0.089796 0.993664
vt 0.089796 0.993028
vt 0.092657 0.991415
vt 0.092518 0.991415
vt 0.092518 0.991332
vt 0.092694 0.991332
vt 0.092657 0.991479
vt 0.092695 0.991409
vt 0.092657 0.991840
vt 0.092695 0.991849
vt 0.092602 0.992185
vt 0.092657 0.992121
vt 0.092695 0.992190
vt 0.092608 0.992268
vt 0.092518 0.992185
vt 0.092518 0.992268
vt 0.093159 0.990524
vt 0.093076 0.990524
vt 0.093132 0.990524
vt 0.092913 0.991339
vt 0.093061 0.991339
vt 0.092913 0.990524
vt 0.092853 0.990881
vt 0.093141 0.991279
vt 0.093114 0.991279
vt 0.093113 0.991339
vt 0.093140 0.991339
vt 0.092853 0.991279
vt 0.092853 0.991339
vt 0.092944 0.991279
vt 0.092774 0.991279
vt 0.092774 0.991339
vt 0.092943 0.991339
vt 0.092814 0.991279
vt 0.092814 0.991339
vt 0.092953 0.990524
vt 0.092925 0.990524
vt 0.092774 0.990524
vt 0.092844 0.991339
vt 0.092917 0.991339
vt 0.092844 0.990524
vt 0.092814 0.990881
vt 0.092774 0.990881
vt 0.200770 0.310377
vt 0.981667 0.247539
vt 0.800565 0.218786
vt 0.509752 0.202114
vt 0.690854 0.218786
vt 0.241663 0.470924
vt 0.269587 0.470924
vt 0.025264 0.976454
vt 0.025388 0.976454
vt 0.025248 0.976454
vt 0.025462 0.976454
vt 0.025368 0.976454
vt 0.025464 0.976454
vt 0.024751 0.976454
vt 0.024825 0.976454
vt 0.024846 0.976454
vt 0.024749 0.976454
vt 0.023525 0.973651
vt 0.023883 0.973651
vt 0.023993 0.973651
vt 0.024032 0.973651
vt 0.023167 0.973651
vt 0.023019 0.973651
vt 0.013200 0.993585
vt 0.010700 0.993585
vt 0.008200 0.991084
vt 0.010700 0.991084
vt 0.008200 0.993585
vt 0.005700 0.993585
vt 0.020679 0.991746
vt 0.027904 0.976236
s 1
usemtl マテリアル.001
f 96/45/49 106/46/49 79/47/49 75/48/49
f 77/49/50 76/48/50 92/45/50 97/50/50
f 99/51/51 95/52/51 96/45/51 98/50/51
f 124/53/52 123/54/53 93/52/54 100/51/54
f 98/50/55 96/45/55 75/48/55 78/49/55
f 100/51/56 93/52/56 94/55/56 101/56/56
f 101/56/57 94/55/57 95/52/57 99/51/57
f 89/57/58 101/56/58 99/51/58 90/58/58
f 88/59/59 100/51/59 101/56/59 89/57/59
f 91/60/60 98/50/60 78/49/60 73/61/60
f 122/62/61 124/53/62 100/51/63 88/59/63
f 90/58/64 99/51/64 98/50/64 91/60/64
f 74/61/65 77/49/65 97/50/65 87/63/65
f 93/52/66 103/64/67 104/65/68 94/55/66
f 94/55/69 104/65/69 105/64/69 95/52/69
f 76/48/70 80/47/70 102/46/70 92/45/70
f 95/52/71 105/64/71 106/46/71 96/45/71
f 123/54/72 125/66/72 103/64/72 93/52/72
f 106/46/73 111/67/73 81/68/73 79/47/73
f 103/64/67 108/69/74 109/70/74 104/65/68
f 104/65/75 109/70/75 110/69/75 105/64/75
f 80/47/76 82/68/76 107/67/76 102/46/76
f 105/64/77 110/69/77 111/67/77 106/46/77
f 125/66/78 126/71/79 108/69/80 103/64/80
f 84/72/81 86/73/81 117/74/81 112/75/81
f 110/69/82 115/76/82 116/75/82 111/67/82
f 126/71/83 127/77/83 113/76/83 108/69/83
f 111/67/84 116/75/84 83/72/84 81/68/84
f 108/69/85 113/76/85 114/78/85 109/70/85
f 109/70/86 114/78/86 115/76/86 110/69/86
f 82/68/87 84/72/87 112/75/87 107/67/87
f 115/76/88 120/79/88 121/74/88 116/75/88
f 127/77/89 128/80/89 118/79/89 113/76/89
f 116/75/90 121/74/90 85/73/90 83/72/90
f 113/76/91 118/79/91 119/81/91 114/78/91
f 114/78/92 119/81/92 120/79/92 115/76/92
f 112/75/93 117/74/93 128/80/89 127/77/89
f 107/67/83 112/75/83 127/77/83 126/71/83
f 102/46/94 107/67/94 126/71/79 125/66/78
f 92/45/72 102/46/72 125/66/72 123/54/72
f 87/63/95 97/50/95 124/53/62 122/62/61
f 97/50/96 92/45/96 123/54/53 124/53/52
f 142/82/97 136/48/97 150/47/97 156/83/97
f 144/49/98 143/84/98 138/82/98 137/48/98
f 146/85/99 145/84/99 142/82/99 141/86/99
f 180/87/100 148/85/101 139/86/101 179/88/102
f 145/84/103 147/49/103 136/48/103 142/82/103
f 148/85/104 149/89/104 140/90/104 139/86/104
f 149/89/105 146/85/105 141/86/105 140/90/105
f 133/91/106 134/92/106 146/85/106 149/89/106
f 132/93/107 133/91/107 149/89/107 148/85/107
f 135/94/108 129/61/108 147/49/108 145/84/108
f 178/95/109 132/93/110 148/85/110 180/87/111
f 134/92/112 135/94/112 145/84/112 146/85/112
f 130/61/113 131/96/113 143/84/113 144/49/113
f 139/86/114 140/90/114 154/97/115 153/98/116
f 140/90/117 141/86/117 155/98/117 154/97/117
f 137/48/118 138/82/118 152/83/118 151/47/118
f 141/86/119 142/82/119 156/83/119 155/98/119
f 179/88/120 139/86/120 153/98/120 181/99/120
f 156/83/121 150/47/121 157/68/121 163/100/121
f 153/98/116 154/97/115 161/101/122 160/102/122
f 154/97/123 155/98/123 162/102/123 161/101/123
f 151/47/124 152/83/124 159/100/124 158/68/124
f 155/98/125 156/83/125 163/100/125 162/102/125
f 181/99/126 153/98/127 160/102/127 182/103/128
f 165/72/129 166/104/129 173/105/129 172/73/129
f 162/102/130 163/100/130 170/104/130 169/106/130
f 182/103/131 160/102/131 167/106/131 183/107/131
f 163/100/132 157/68/132 164/72/132 170/104/132
f 160/102/133 161/101/133 168/108/133 167/106/133
f 161/101/134 162/102/134 169/106/134 168/108/134
f 158/68/135 159/100/135 166/104/135 165/72/135
f 169/106/136 170/104/136 177/105/136 176/109/136
f 183/107/137 167/106/137 174/109/137 184/110/137
f 170/104/138 164/72/138 171/73/138 177/105/138
f 167/106/139 168/108/139 175/111/139 174/109/139
f 168/108/140 169/106/140 176/109/140 175/111/140
f 166/104/137 183/107/137 184/110/137 173/105/137
f 159/100/131 182/103/131 183/107/131 166/104/131
f 152/83/141 181/99/126 182/103/128 159/100/141
f 138/82/120 179/88/120 181/99/120 152/83/120
f 131/96/142 178/95/109 180/87/111 143/84/142
f 143/84/143 180/87/100 179/88/102 138/82/143
f 189/81/144 188/79/145 192/80/146
f 185/73/145 186/73/145 198/110/147
f 216/112/148 205/113/148 206/114/148 215/115/148
f 215/115/149 206/114/149 207/116/149 217/117/149
f 219/117/150 199/116/150 200/118/150 218/119/150
f 218/119/151 200/118/151 201/120/151 220/121/151
f 220/121/152 201/120/152 202/122/152 221/123/152
f 221/123/153 202/122/153 203/124/153 222/125/153
f 222/125/154 203/124/154 204/126/154 223/127/154
f 223/127/155 204/126/155 205/113/155 216/112/155
f 225/128/156 224/129/156 214/130/156 213/131/156
f 224/129/157 217/117/157 207/116/157 214/130/157
f 219/117/158 226/132/158 208/133/158 199/116/158
f 226/132/159 227/134/159 209/135/159 208/133/159
f 227/134/160 228/136/160 210/137/160 209/135/160
f 228/136/161 229/138/161 211/139/161 210/137/161
f 229/138/162 230/140/162 212/141/162 211/139/162
f 230/140/163 225/128/163 213/131/163 212/141/163
f 246/142/164 233/143/164 225/128/164 230/140/164
f 245/144/165 246/142/165 230/140/165 229/138/165
f 244/145/166 245/144/166 229/138/166 228/136/166
f 243/146/167 244/145/167 228/136/167 227/134/167
f 242/147/168 243/146/168 227/134/168 226/132/168
f 232/148/169 242/147/169 226/132/169 219/117/169
f 241/149/170 235/148/170 217/117/170 224/129/170
f 233/143/171 241/149/171 224/129/171 225/128/171
f 240/150/172 223/127/172 216/112/172 231/151/172
f 239/152/173 222/125/173 223/127/173 240/150/173
f 238/153/174 221/123/174 222/125/174 239/152/174
f 237/154/175 220/121/175 221/123/175 238/153/175
f 236/155/176 218/119/176 220/121/176 237/154/176
f 232/148/177 219/117/177 218/119/177 236/155/177
f 234/156/178 215/115/178 217/117/178 235/148/178
f 231/151/179 216/112/179 215/115/179 234/156/179
f 247/157/180 248/157/181 250/158/182 249/158/183
f 249/158/183 250/158/182 252/159/184 251/159/184
f 251/159/184 252/159/184 254/160/184 253/160/184
f 257/161/185 256/162/186 248/157/181
f 258/163/187 260/164/188 261/164/189 259/163/190
f 260/164/188 262/165/191 263/165/191 261/164/189
f 262/165/191 264/166/191 265/166/191 263/165/191
f 267/167/192 266/168/193 268/169/194
f 269/170/195 287/171/195 285/172/195 276/173/195
f 273/174/196 270/175/196 277/176/196 278/177/196
f 270/175/197 269/170/197 276/173/197 277/176/197
f 278/177/198 277/176/198 281/178/198 282/179/198
f 277/176/199 276/173/199 280/180/199 281/178/199
f 276/173/200 285/172/200 286/181/200 280/180/200
f 286/181/201 285/172/201 315/182/201
f 271/183/202 275/184/202 311/185/202
f 281/178/203 280/180/203 289/186/203 290/187/203
f 280/180/204 286/181/204 292/188/204 289/186/204
f 282/179/205 281/178/205 290/187/205 291/189/205
f 286/181/206 279/190/206 288/191/206 292/188/206
f 320/192/207 316/193/207 294/194/207 297/195/207
f 317/196/208 320/192/208 297/195/208 298/197/208
f 316/193/209 318/198/209 295/199/209 294/194/209
f 317/196/210 298/197/210 300/200/210 319/201/210
f 297/195/184 294/194/184 293/202/184
f 290/187/211 289/186/211 305/203/211 304/204/211
f 289/186/212 292/188/212 301/205/212 305/203/212
f 291/189/213 290/187/213 304/204/213 303/206/213
f 292/188/214 309/207/214 301/205/214
f 301/205/215 309/207/215 307/208/215
f 309/207/216 292/188/216 288/191/216 306/209/216
f 307/208/217 309/207/217 306/209/217 308/210/217
f 301/205/218 302/205/218 310/211/218 305/203/218
f 283/212/219 284/213/219 314/190/219 315/182/219
f 312/214/220 311/185/220 315/182/220
f 275/184/221 283/212/221 315/182/221 311/185/221
f 274/215/145 275/184/145 311/185/145 312/214/145
f 315/182/222 285/172/222 311/185/222
f 315/182/223 279/190/223 286/181/223
f 311/185/224 285/172/224 287/171/224
f 287/171/225 271/183/225 311/185/225
f 271/183/226 272/216/226 318/198/226 316/193/226
f 283/212/227 275/184/227 320/192/227 317/196/227
f 275/184/228 271/183/228 316/193/228 320/192/228
f 321/217/229 327/218/229 334/219/229 336/220/229
f 273/174/230 278/177/230 328/221/230 322/222/230
f 322/222/231 328/221/231 327/218/231 321/217/231
f 278/177/232 282/179/232 331/223/232 328/221/232
f 328/221/233 331/223/233 330/224/233 327/218/233
f 327/218/234 330/224/234 335/225/234 334/219/234
f 335/225/235 362/226/236 334/219/237
f 323/227/238 358/228/238 326/229/238
f 331/223/239 339/230/239 338/231/239 330/224/239
f 330/224/240 338/231/240 340/232/240 335/225/240
f 282/179/241 291/189/241 339/230/241 331/223/241
f 335/225/242 340/232/242 337/233/242 329/234/242
f 367/235/243 345/236/243 342/237/243 363/238/243
f 364/239/244 346/240/244 345/236/244 367/235/244
f 363/238/245 342/237/245 343/241/245 365/242/245
f 364/239/246 366/243/246 348/244/246 346/240/246
f 347/245/191 344/236/191 345/236/191
f 339/230/247 351/246/247 352/247/247 338/231/247
f 338/231/248 352/247/248 349/248/248 340/232/248
f 291/189/249 303/206/249 351/246/249 339/230/249
f 340/232/250 349/248/250 356/249/250
f 349/248/251 354/250/251 356/249/251
f 356/249/252 353/251/252 337/233/252 340/232/252
f 354/250/253 355/252/253 353/251/253 356/249/253
f 349/248/218 352/247/218 357/253/218 350/248/218
f 332/254/254 362/226/254 361/234/254 333/255/254
f 362/226/255 358/228/256 359/256/257
f 326/229/258 358/228/258 362/226/258 332/254/258
f 325/257/145 359/256/145 358/228/145 326/229/145
f 362/226/236 358/228/259 334/219/237
f 362/226/260 335/225/260 329/234/260
f 358/228/261 336/220/261 334/219/261
f 336/220/262 358/228/262 323/227/262
f 323/227/263 363/238/263 365/242/263 324/258/263
f 332/254/264 364/239/264 367/235/264 326/229/264
f 326/229/265 367/235/265 363/238/265 323/227/265
f 376/259/266 371/222/266 370/217/266 375/260/266
f 377/261/267 372/227/267 373/258/267 374/262/267
f 378/263/268 372/227/268 377/261/268
f 375/260/269 370/217/269 380/220/269 378/263/269
f 379/264/270 368/174/270 371/222/270 376/259/270
f 379/264/271 369/265/271 368/174/271
f 380/220/272 372/227/272 378/263/272
f 387/266/273 386/267/273 381/170/273 382/175/273
f 388/268/274 385/269/274 384/216/274 383/183/274
f 389/270/275 388/268/275 383/183/275
f 386/267/276 389/270/276 393/171/276 381/170/276
f 390/271/277 387/266/277 382/175/277 391/174/277
f 390/271/278 391/174/278 392/265/278
f 393/171/279 389/270/279 383/183/279
f 418/272/280 423/273/280 422/274/280 417/275/280
f 457/276/281 458/277/281 420/278/282 415/279/282
f 419/280/283 424/281/283 423/273/283 418/272/283
f 439/282/284 421/283/284 417/275/284
f 415/279/285 420/278/285 397/284/285 395/285/285
f 394/286/286 396/287/286 424/281/286 419/280/286
f 420/278/287 425/288/287 398/289/287 397/284/287
f 423/273/288 428/290/288 427/291/288 422/274/288
f 458/277/289 459/292/290 425/288/291 420/278/291
f 482/293/292 435/294/292 436/295/292 481/296/292
f 486/297/293 434/298/293 433/299/293 483/300/293
f 483/300/294 433/299/294 435/294/294 482/293/294
f 484/301/295 431/302/295 399/303/295 407/304/295
f 481/296/296 436/295/296 432/305/296 485/306/296
f 424/281/297 438/307/297 437/308/297
f 423/273/298 424/281/298 437/308/298
f 396/287/299 400/309/299 440/310/299 424/281/299
f 430/311/300 426/312/300 439/282/300
f 430/311/301 439/282/301 429/313/301
f 427/291/302 429/313/302 439/282/302 422/274/302
f 421/283/303 439/282/303 426/312/303
f 440/310/304 438/307/304 424/281/304
f 487/314/305 460/315/305 431/302/305 484/301/305
f 399/303/306 452/316/307 401/317/308
f 433/299/309 434/298/309 488/318/309 453/319/309
f 435/294/310 433/299/310 453/319/310 450/320/310
f 436/295/311 435/294/311 450/320/311 451/321/311
f 460/315/312 432/305/312 449/322/312 461/323/312
f 432/305/313 436/295/313 451/321/313 449/322/313
f 422/274/314 439/282/314 417/275/314
f 417/275/315 421/283/315 416/324/315
f 401/317/308 452/316/307 455/325/316 402/326/316
f 453/319/317 454/327/317 443/328/317 446/329/317
f 450/320/318 453/319/318 446/329/318 445/330/318
f 451/321/319 450/320/319 445/330/319 442/331/319
f 461/323/320 449/322/320 441/332/320 462/333/320
f 454/327/321 444/334/321 443/328/321
f 449/322/322 451/321/322 442/331/322 441/332/322
f 454/327/323 489/335/323 456/336/323 444/334/323
f 456/336/324 447/337/324 444/334/324
f 452/316/325 461/323/325 462/333/325 455/325/325
f 431/302/326 460/315/326 461/323/326 452/316/326
f 485/306/327 432/305/327 460/315/327 487/314/327
f 421/283/328 426/312/328 459/292/290 458/277/289
f 416/324/329 421/283/329 458/277/281 457/276/281
f 467/338/330 403/339/330 472/340/330
f 468/341/331 466/342/331 472/340/331 474/343/331
f 465/344/332 471/345/332 470/346/332 464/347/332
f 463/348/333 491/349/333 408/350/333 404/351/333
f 465/344/334 468/341/334 474/343/334 471/345/334
f 466/342/335 467/338/335 472/340/335
f 470/346/336 469/352/336 491/349/336
f 473/353/337 405/354/337 406/355/337 479/356/337
f 471/345/338 477/357/338 476/358/338 470/346/338
f 471/345/339 474/343/339 480/359/339 477/357/339
f 472/340/340 473/353/340 479/356/340 478/360/340
f 470/346/341 476/358/341 475/361/341 469/352/341
f 474/343/342 472/340/342 478/360/342 480/359/342
f 426/312/343 485/306/343 487/314/343 459/292/343
f 459/292/344 487/314/344 484/301/344 425/288/344
f 430/311/345 481/296/345 485/306/345 426/312/345
f 425/288/346 484/301/346 407/304/346 398/289/346
f 427/291/347 483/300/347 482/293/347 429/313/347
f 428/290/348 486/297/348 483/300/348 427/291/348
f 429/313/349 482/293/349 481/296/349 430/311/349
f 489/335/350 454/327/350 490/362/350
f 490/362/351 454/327/351 488/318/351
f 488/318/352 454/327/352 453/319/352
f 489/335/353 448/363/353 456/336/353
f 437/308/354 428/290/354 423/273/354
f 472/340/355 403/339/355 405/354/355 473/353/355
f 452/316/356 399/303/356 431/302/356
f 399/303/357 472/340/357 403/339/357
f 452/316/358 472/340/358 399/303/358
f 480/359/359 452/316/359 462/333/359
f 480/359/360 472/340/360 452/316/360
f 494/338/361 493/342/361 496/364/361 497/365/361
f 409/339/362 494/338/362 497/365/362 410/366/362
f 410/366/363 497/365/363 499/367/363 411/368/363
f 497/365/364 496/364/364 498/369/364 499/367/364
f 495/341/365 501/370/365 500/371/365
f 495/341/366 492/344/366 501/370/366
f 496/364/367 493/342/367 500/371/367
f 496/364/368 500/371/368 498/369/368
f 500/371/369 493/342/369 495/341/369
f 504/372/370 507/373/370 506/374/370 503/375/370
f 412/376/371 413/377/371 507/373/371 504/372/371
f 413/377/372 414/378/372 509/379/372 507/373/372
f 507/373/373 509/379/373 508/380/373 506/374/373
f 505/381/374 510/382/374 511/383/374
f 505/381/375 511/383/375 502/384/375
f 506/374/376 510/382/376 503/375/376
f 506/374/377 508/380/377 510/382/377
f 510/382/378 505/381/378 503/375/378
f 494/338/218 504/372/218 503/375/218 493/342/218
f 409/339/218 412/376/218 504/372/218 494/338/218
f 495/341/218 505/381/218 502/384/218 492/344/218
f 498/369/379 508/380/379 509/379/379 499/367/379
f 499/367/380 509/379/380 414/378/380 411/368/380
f 492/344/381 502/384/381 511/383/381 501/370/381
f 501/370/382 511/383/382 510/382/382 500/371/382
f 493/342/218 503/375/218 505/381/218 495/341/218
f 500/371/383 510/382/383 508/380/383 498/369/383
f 463/348/384 464/347/384 491/349/384
f 464/347/385 470/346/385 491/349/385
f 517/385/386 516/386/386 523/387/386 524/388/386
f 563/389/387 514/390/388 521/391/388 564/392/387
f 518/393/389 517/385/389 524/388/389 525/394/389
f 543/395/390 516/386/390 522/396/390
f 514/390/391 513/397/391 520/398/391 521/391/391
f 512/399/392 518/393/392 525/394/392 519/400/392
f 521/391/393 520/398/393 526/401/393 527/402/393
f 524/388/394 523/387/394 529/403/394 530/404/394
f 564/392/395 521/391/396 527/402/396 565/405/397
f 592/406/398 591/407/398 539/408/398 538/409/398
f 597/410/399 593/411/399 536/412/399 537/413/399
f 593/411/400 592/406/400 538/409/400 536/412/400
f 595/414/401 594/415/401 533/416/401 534/417/401
f 591/407/402 596/418/402 535/419/402 539/408/402
f 525/394/403 540/420/403 542/421/403
f 524/388/404 540/420/404 525/394/404
f 519/400/405 525/394/405 544/422/405 541/423/405
f 532/424/406 543/395/406 528/425/406
f 532/424/407 531/426/407 543/395/407
f 529/403/408 523/387/408 543/395/408 531/426/408
f 522/396/409 528/425/409 543/395/409
f 544/422/410 525/394/410 542/421/410
f 598/427/411 595/414/411 534/417/411 566/428/411
f 533/416/412 558/429/413 556/430/414
f 536/412/415 557/431/415 599/432/415 537/413/415
f 538/409/416 554/433/416 557/431/416 536/412/416
f 539/408/417 555/434/417 554/433/417 538/409/417
f 566/428/418 567/435/418 553/436/418 535/419/418
f 535/419/419 553/436/419 555/434/419 539/408/419
f 523/387/420 516/386/420 543/395/420
f 516/386/421 515/437/421 522/396/421
f 558/429/413 561/438/422 560/439/422 556/430/414
f 557/431/423 550/440/423 547/441/423 559/442/423
f 554/433/424 549/443/424 550/440/424 557/431/424
f 555/434/425 546/444/425 549/443/425 554/433/425
f 567/435/426 568/445/426 545/446/426 553/436/426
f 559/442/427 547/441/427 548/447/427
f 553/436/428 545/446/428 546/444/428 555/434/428
f 559/442/429 548/447/429 562/448/429 600/449/429
f 562/448/430 548/447/430 551/450/430
f 556/430/431 560/439/431 568/445/431 567/435/431
f 534/417/432 556/430/432 567/435/432 566/428/432
f 596/418/433 598/427/433 566/428/433 535/419/433
f 522/396/434 564/392/395 565/405/397 528/425/434
f 515/437/435 563/389/387 564/392/387 522/396/435
f 575/451/436 581/452/436 569/453/436
f 576/454/437 583/455/437 581/452/437 574/456/437
f 573/457/438 572/458/438 579/459/438 580/460/438
f 571/461/439 570/462/439 603/463/439 602/464/439
f 573/457/440 580/460/440 583/455/440 576/454/440
f 574/456/441 581/452/441 575/451/441
f 602/464/442 578/465/443 579/459/444
f 582/466/445 589/467/445 584/468/445 577/469/445
f 580/460/446 579/459/446 586/470/446 587/471/446
f 580/460/447 587/471/447 590/472/447 583/455/447
f 581/452/448 588/473/448 589/467/448 582/466/448
f 579/459/449 578/465/449 585/474/449 586/470/449
f 583/455/450 590/472/450 588/473/450 581/452/450
f 528/425/451 565/405/451 598/427/451 596/418/451
f 565/405/452 527/402/452 595/414/452 598/427/452
f 532/424/453 528/425/453 596/418/453 591/407/453
f 527/402/454 526/401/454 594/415/454 595/414/454
f 529/403/455 531/426/455 592/406/455 593/411/455
f 530/404/456 529/403/456 593/411/456 597/410/456
f 531/426/457 532/424/457 591/407/457 592/406/457
f 600/449/458 601/475/458 559/442/458
f 601/475/459 599/432/459 559/442/459
f 599/432/460 557/431/460 559/442/460
f 600/449/461 562/448/461 552/476/461
f 540/420/462 524/388/462 530/404/462
f 581/452/463 582/466/463 577/469/463 569/453/463
f 556/430/464 534/417/464 533/416/464
f 533/416/465 569/453/465 581/452/465
f 556/430/466 533/416/466 581/452/466
f 590/472/467 568/445/467 556/430/467
f 590/472/468 556/430/468 581/452/468
f 607/451/469 611/477/469 610/478/469 606/456/469
f 604/453/470 609/479/470 611/477/470 607/451/470
f 609/479/471 612/480/471 614/481/471 611/477/471
f 611/477/472 614/481/472 613/482/472 610/478/472
f 608/454/473 615/483/473 616/484/473
f 608/454/474 616/484/474 605/457/474
f 610/478/475 615/483/475 606/456/475
f 610/478/476 613/482/476 615/483/476
f 615/483/477 608/454/477 606/456/477
f 620/485/478 619/486/478 623/487/478 624/488/478
f 617/489/479 620/485/479 624/488/479 622/490/479
f 622/490/480 624/488/480 627/491/480 625/492/480
f 624/488/481 623/487/481 626/493/481 627/491/481
f 621/494/482 629/495/482 628/496/482
f 621/494/483 618/497/483 629/495/483
f 623/487/484 619/486/484 628/496/484
f 623/487/485 628/496/485 626/493/485
f 628/496/486 619/486/486 621/494/486
f 607/451/218 606/456/218 619/486/218 620/485/218
f 604/453/218 607/451/218 620/485/218 617/489/218
f 608/454/218 605/457/218 618/497/218 621/494/218
f 613/482/487 614/481/487 627/491/487 626/493/487
f 614/481/488 612/480/488 625/492/488 627/491/488
f 605/457/489 616/484/489 629/495/489 618/497/489
f 616/484/490 615/483/490 628/496/490 629/495/490
f 606/456/218 608/454/218 621/494/218 619/486/218
f 615/483/491 613/482/491 626/493/491 628/496/491
f 579/459/444 572/458/492 602/464/442
f 572/458/493 571/461/493 602/464/493
f 630/498/494 639/499/494 670/167/494 632/500/494
f 638/501/495 640/502/495 641/503/495 639/499/495
f 663/504/496 633/505/496 641/503/496
f 643/506/497 642/507/497 648/508/497 649/509/497
f 644/510/498 643/506/498 649/509/498 650/511/498
f 644/510/499 650/511/499 646/512/499 633/505/499
f 642/507/500 682/513/500 683/514/500 648/508/500
f 634/163/501 633/505/501 646/512/501 647/164/501
f 677/515/502 676/516/503 653/517/504 651/518/502
f 679/519/505 655/520/505 654/521/505 680/522/505
f 676/516/503 680/522/506 654/521/506 653/517/504
f 678/523/507 677/515/507 651/518/507 652/524/507
f 650/511/508 656/525/508 659/526/508 646/512/508
f 648/508/509 683/514/509 684/527/509 658/528/509
f 649/509/510 648/508/510 658/528/510 657/529/510
f 650/511/511 649/509/511 657/529/511 656/525/511
f 647/164/512 646/512/512 659/526/512 660/165/512
f 660/165/513 659/526/513 661/530/513 662/166/513
f 664/531/514 665/532/514 642/507/514 643/506/514
f 668/533/515 682/513/515 642/507/515
f 638/501/516 673/534/516 674/535/516 637/536/516
f 644/510/517 663/504/517 664/531/517 643/506/517
f 681/537/518 667/538/519 669/539/520
f 685/540/515 668/533/515 667/538/519 681/537/518
f 670/167/521 639/499/521 641/503/521
f 633/505/522 634/163/522 670/167/522 641/503/522
f 645/541/523 635/542/523 671/543/523 672/163/523
f 635/542/524 632/500/524 670/167/524 671/543/524
f 673/534/525 638/501/525 639/499/525
f 675/544/526 686/545/526 636/546/526 666/547/526
f 674/535/527 675/544/527 666/547/527 637/536/527
f 631/548/528 630/498/528 677/515/528 678/523/528
f 632/500/506 635/542/506 680/522/506 676/516/506
f 630/498/529 632/500/529 676/516/529 677/515/529
f 685/540/530 681/537/531 723/549/532 724/550/530
f 687/551/533 689/552/533 726/162/534 695/553/535
f 694/554/536 695/553/536 697/555/536 696/556/536
f 690/557/537 700/558/537 719/559/537
f 699/560/538 705/561/538 704/562/538 698/563/538
f 700/558/539 706/564/539 705/561/539 699/560/539
f 700/558/540 690/557/540 702/565/540 706/564/540
f 698/563/541 704/562/541 683/514/541 682/513/541
f 691/157/542 703/158/542 702/565/542 690/557/542
f 733/566/543 707/567/543 709/568/544 732/569/545
f 735/570/546 736/571/546 710/572/546 711/573/546
f 732/569/545 709/568/544 710/572/547 736/571/547
f 734/574/548 708/575/548 707/567/548 733/566/548
f 706/564/549 702/565/549 715/576/549 712/577/549
f 704/562/550 714/578/550 684/527/550 683/514/550
f 705/561/551 713/579/551 714/578/551 704/562/551
f 706/564/552 712/577/552 713/579/552 705/561/552
f 703/158/553 716/159/553 715/576/553 702/565/553
f 716/159/554 718/160/554 717/580/554 715/576/554
f 720/581/555 699/560/555 698/563/555 721/582/555
f 682/513/530 685/540/530 724/550/530
f 694/554/556 693/583/556 730/584/556 729/585/556
f 700/558/557 699/560/557 720/581/557 719/559/557
f 725/586/531 681/537/531 636/546/531
f 726/162/534 697/555/558 695/553/535
f 690/557/559 697/555/559 726/162/559 691/157/559
f 701/587/523 728/157/523 727/588/523 692/589/523
f 692/589/560 727/588/560 726/162/560 689/552/560
f 729/585/561 695/553/561 694/554/561
f 731/590/562 722/591/562 636/546/562 686/545/562
f 730/584/563 693/583/563 722/591/563 731/590/563
f 688/592/564 734/574/564 733/566/564 687/551/564
f 689/552/547 732/569/545 736/571/547 692/589/547
f 687/551/565 733/566/565 732/569/565 689/552/565
f 742/593/566 740/592/566 739/551/566 741/594/566
f 741/594/567 739/551/567 751/553/567 743/595/567
f 746/596/568 747/597/568 751/553/568 750/598/568
f 749/599/569 748/600/569 752/601/569
f 746/596/570 750/598/570 749/599/570 745/602/570
f 750/598/561 751/553/561 754/585/561
f 749/599/571 755/584/571 756/590/571 748/600/571
f 747/597/572 743/595/572 751/553/572
f 738/545/573 737/603/573 753/604/573
f 752/601/574 748/600/574 753/604/574
f 755/584/575 749/599/575 750/598/575 754/585/575
f 760/605/576 759/606/576 757/498/576 758/548/576
f 759/606/577 761/607/577 770/499/577 757/498/577
f 764/608/578 769/609/578 770/499/578 765/610/578
f 771/611/579 767/612/579 768/613/579
f 764/608/580 763/614/580 768/613/580 769/609/580
f 769/609/525 773/534/525 770/499/525
f 768/613/581 767/612/581 775/544/581 774/535/581
f 765/610/582 770/499/582 761/607/582
f 772/615/583 776/545/584 775/544/585
f 771/611/586 772/615/586 767/612/586
f 774/535/587 773/534/587 769/609/587 768/613/587
f 815/616/588 793/617/588 796/618/588 816/619/588
f 816/620/589 796/621/589 797/622/589 817/623/589
f 810/624/590 794/625/590 798/626/590 809/619/590
f 809/620/591 798/627/591 799/628/591 811/629/591
f 811/616/592 799/630/592 800/631/592 812/632/592
f 812/633/593 800/634/593 801/635/593 813/636/593
f 813/637/594 801/638/594 802/639/594 814/632/594
f 814/633/595 802/640/595 793/641/595 815/629/595
f 823/642/596 824/643/596 803/644/596 795/645/596
f 824/646/597 817/624/597 797/625/597 803/647/597
f 810/623/598 818/643/598 804/648/598 794/622/598
f 818/646/599 819/649/599 805/650/599 804/651/599
f 819/642/600 820/652/600 806/653/600 805/654/600
f 820/655/601 821/656/601 807/657/601 806/658/601
f 821/659/602 822/652/602 808/660/602 807/661/602
f 822/655/603 823/649/603 795/662/603 808/663/603
f 777/624/218 810/624/218 809/619/218 778/664/218
f 778/665/218 809/620/218 811/629/218 779/666/218
f 779/667/218 811/616/218 812/632/218 780/668/218
f 780/669/218 812/633/218 813/636/218 781/670/218
f 781/671/218 813/637/218 814/632/218 782/668/218
f 782/669/218 814/633/218 815/629/218 783/666/218
f 783/667/218 815/616/218 816/619/218 784/664/218
f 784/665/218 816/620/218 817/623/218 785/623/218
f 786/672/218 818/643/218 810/623/218 777/623/218
f 787/673/218 819/649/218 818/646/218 786/674/218
f 788/675/218 820/652/218 819/642/218 787/676/218
f 789/677/218 821/656/218 820/655/218 788/678/218
f 790/675/218 822/652/218 821/659/218 789/679/218
f 791/673/218 823/649/218 822/655/218 790/678/218
f 792/672/218 824/643/218 823/642/218 791/676/218
f 785/624/218 817/624/218 824/646/218 792/674/218
f 827/680/604 828/681/604 826/682/604 825/683/604
f 825/683/605 826/682/605 830/684/605 829/685/605
f 831/686/606 832/687/606 837/688/606 838/689/606
f 828/681/607 827/680/607 832/687/607 831/686/607
f 844/690/608 840/691/608 833/692/608 842/693/608
f 840/691/609 841/694/609 839/695/609 833/692/609
f 826/682/610 835/696/610 836/684/610 830/684/610
f 828/681/611 834/697/611 835/696/611 826/682/611
f 828/681/612 831/686/612 840/691/612 844/690/612
f 834/697/613 828/681/613 844/690/613 845/698/613
f 845/698/614 844/690/614 842/693/614 843/699/614
f 850/692/615 847/692/615 849/695/615
f 848/699/615 846/693/615 847/692/615 850/692/615
f 859/700/616 854/701/616 853/702/616 860/703/616
f 860/703/616 853/702/616 856/704/616 861/705/616
f 863/706/617 857/707/617 862/708/617
f 859/700/616 852/709/616 857/707/616 863/706/616
f 854/701/616 859/700/616 863/706/616 858/710/616
f 858/710/617 863/706/617 862/708/617
f 851/711/616 860/703/616 861/705/616 855/712/616
f 852/709/616 859/700/616 860/703/616 851/711/616
f 876/713/191 877/713/191 867/714/191 866/714/191
f 870/715/618 866/714/618 872/716/618 874/717/618
f 878/718/619 879/718/619 869/719/619 868/720/619
f 868/720/620 869/719/620 865/721/620 864/722/620
f 876/713/616 878/718/616 868/720/616 864/722/616
f 879/718/615 877/713/615 865/721/615 869/719/615
f 872/716/218 873/716/218 875/717/218 874/717/218
f 867/714/621 871/715/621 875/717/621 873/716/621
f 866/714/622 867/714/622 873/716/622 872/716/622
f 871/715/623 870/715/623 874/717/623 875/717/623
f 871/715/615 867/714/615 877/713/615 879/718/615
f 866/714/616 870/715/616 878/718/616 876/713/616
f 870/715/184 871/715/184 879/718/184 878/718/184
f 864/722/624 865/721/624 877/713/624 876/713/624
f 880/723/625 881/723/625 883/724/625 882/724/625
f 883/724/626 887/725/626 891/726/626 889/727/626
f 886/725/627 887/725/627 885/728/627 884/728/627
f 884/728/145 885/728/145 881/723/145 880/723/145
f 882/724/616 886/725/616 884/728/616 880/723/616
f 887/725/615 883/724/615 881/723/615 885/728/615
f 888/727/218 889/727/218 891/726/218 890/726/218
f 882/724/628 883/724/628 889/727/628 888/727/628
f 887/725/629 886/725/629 890/726/629 891/726/629
f 886/725/630 882/724/630 888/727/630 890/726/630
f 892/729/631 893/730/631 895/731/631 894/732/631
f 917/733/632 913/734/632 904/735/632 912/736/632
f 893/730/633 892/729/633 896/737/633 897/738/633
f 905/739/634 895/731/634 893/730/634 906/740/634
f 907/737/145 908/738/145 897/738/145 896/737/145
f 906/740/635 893/730/635 897/738/635 908/738/635
f 902/741/636 901/742/636 910/743/636 909/744/636
f 894/732/637 895/731/637 901/742/637 902/741/637
f 913/734/638 914/745/639 903/746/640 904/735/640
f 914/745/641 916/747/641 911/748/641 903/746/641
f 898/737/145 899/738/145 908/738/145 907/737/145
f 895/731/642 905/739/642 916/747/642 914/745/642
f 901/742/643 895/731/643 914/745/639 913/734/638
f 913/734/644 915/734/644 900/742/644 901/742/644
f 917/733/616 915/734/616 913/734/616
f 910/743/615 901/742/615 900/742/615
f 918/746/615 920/748/615 922/735/615 919/735/615
f 919/735/615 922/735/615 921/736/615
f 937/749/145 938/750/145 924/750/145 925/751/145
f 939/752/145 937/749/145 925/751/145 926/753/145
f 940/754/145 939/752/145 926/753/145 927/755/145
f 941/756/145 942/757/145 928/757/145 929/758/145
f 943/750/145 941/756/145 929/758/145 923/750/145
f 944/759/145 940/754/145 927/755/145 930/760/145
f 942/757/145 944/759/145 930/760/145 928/757/145
f 938/750/145 945/761/145 931/762/145 924/750/145
f 945/761/145 946/763/145 932/764/145 931/762/145
f 946/763/145 947/765/145 933/766/145 932/764/145
f 949/767/145 948/768/145 935/769/145 934/767/145
f 948/768/145 943/750/145 923/750/145 935/769/145
f 947/765/145 950/770/145 936/771/145 933/766/145
f 950/770/145 949/767/145 934/767/145 936/771/145
f 966/772/645 965/773/645 956/774/645 958/775/645
f 968/776/646 967/777/646 952/778/646 959/779/646
f 967/777/647 969/780/647 951/781/647 952/778/647
f 970/782/648 968/776/649 959/779/650 960/783/650
f 969/780/651 971/784/652 953/785/653 951/781/653
f 972/786/654 970/782/654 960/783/654 961/787/654
f 971/784/655 973/788/655 954/789/655 953/785/655
f 975/790/656 974/791/656 963/792/656 962/793/656
f 965/773/657 976/794/657 955/795/657 956/774/657
f 977/777/658 975/790/658 962/793/658 957/778/658
f 976/794/659 977/777/659 957/778/659 955/795/659
f 978/796/660 972/786/660 961/787/661 964/797/661
f 973/788/662 966/772/662 958/775/663 954/789/663
f 974/791/664 978/796/664 964/797/664 963/792/664
f 949/767/665 950/770/665 978/796/665 974/791/665
f 940/754/666 944/759/666 966/772/666 973/788/666
f 950/770/667 947/765/667 972/786/667 978/796/667
f 941/756/668 943/750/668 977/777/668 976/794/668
f 943/750/669 948/768/669 975/790/669 977/777/669
f 942/757/670 941/756/670 976/794/670 965/773/670
f 948/768/671 949/767/671 974/791/671 975/790/671
f 939/752/672 940/754/672 973/788/672 971/784/672
f 947/765/673 946/763/673 970/782/673 972/786/673
f 937/749/674 939/752/674 971/784/675 969/780/676
f 946/763/677 945/761/677 968/776/678 970/782/679
f 938/750/680 937/749/680 969/780/680 967/777/680
f 945/761/681 938/750/681 967/777/681 968/776/681
f 944/759/682 942/757/682 965/773/682 966/772/682
f 956/774/683 955/795/683 983/798/683 984/799/683
f 957/778/684 962/793/684 990/800/684 985/801/684
f 955/795/685 957/778/685 985/801/685 983/798/685
f 964/797/661 961/787/661 989/802/686 992/803/686
f 954/789/663 958/775/663 986/804/687 982/805/687
f 963/792/688 964/797/688 992/803/688 991/806/688
f 958/775/689 956/774/689 984/799/689 986/804/689
f 959/779/690 952/778/690 980/801/690 987/807/690
f 952/778/691 951/781/691 979/808/691 980/801/691
f 960/783/692 959/779/692 987/807/692 988/809/692
f 951/781/693 953/785/693 981/810/693 979/808/693
f 961/787/694 960/783/694 988/809/694 989/802/694
f 953/785/695 954/789/695 982/805/695 981/810/695
f 962/793/696 963/792/696 991/806/696 990/800/696
f 985/811/145 990/812/145 987/813/145
f 1003/814/697 997/337/697 999/336/697 1004/815/697
f 995/816/698 993/817/698 997/337/698 1003/814/698
f 1004/815/699 999/336/699 998/363/699 1005/818/699
f 1005/818/700 998/363/700 1000/819/700 1006/820/700
f 1007/821/701 1001/822/701 1002/823/701 1008/824/701
f 1006/820/702 1000/819/702 1001/822/702 1007/821/702
f 1008/824/703 1002/823/703 994/825/703 996/826/703
f 1017/827/704 1018/828/704 1012/448/704 1009/450/704
f 1019/829/705 1017/827/705 1009/450/705 1010/830/705
f 1018/828/706 1020/831/706 1011/476/706 1012/448/706
f 1020/831/707 1021/832/707 1013/833/707 1011/476/707
f 1022/834/708 1023/835/708 1016/836/708 1015/837/708
f 1021/832/709 1022/834/709 1015/837/709 1013/833/709
f 1023/835/710 1024/838/710 1014/839/710 1016/836/710
f 1025/840/711 1026/841/711 1028/842/711 1027/843/711
f 1027/843/218 1028/842/218 1032/844/218 1031/845/218
f 1031/845/712 1032/844/712 1030/846/712 1029/847/712
f 1029/847/713 1030/846/713 1026/841/713 1025/840/713
f 1027/843/714 1031/845/714 1029/847/714 1025/840/714
f 1032/844/715 1028/842/715 1026/841/715 1030/846/715
f 1033/840/716 1035/843/716 1036/842/716 1034/841/716
f 1035/843/218 1039/845/218 1040/844/218 1036/842/218
f 1039/845/717 1037/847/717 1038/846/717 1040/844/717
f 1037/847/718 1033/840/718 1034/841/718 1038/846/718
f 1035/843/719 1033/840/719 1037/847/719 1039/845/719
f 1040/844/720 1038/846/720 1034/841/720 1036/842/720
f 1041/848/191 1042/849/191 1044/850/191 1043/851/191
f 1043/851/721 1044/850/721 1048/852/721 1047/853/721
f 1047/853/184 1048/852/184 1046/854/184 1045/855/184
f 1045/855/722 1046/854/722 1042/849/722 1041/848/722
f 1043/851/616 1047/853/616 1045/855/616 1041/848/616
f 1048/852/615 1044/850/615 1042/849/615 1046/854/615
f 1051/856/218 1052/856/218 1053/857/218 1054/857/218
f 1050/858/723 1049/858/723 1052/856/723 1051/856/723
f 1057/859/218 1060/860/218 1059/860/218 1058/859/218
f 1056/861/724 1057/859/724 1058/859/724 1055/861/724
f 1072/862/725 1088/863/725 1089/864/725 1073/865/725
f 1084/866/218 1090/867/218 1086/868/218
f 1066/869/726 1082/870/726 1081/871/726 1065/872/726
f 1073/865/727 1089/864/727 1090/863/727 1074/862/727
f 1067/873/728 1083/874/728 1082/870/728 1066/869/728
f 1074/862/729 1090/863/729 1091/875/729 1075/876/729
f 1068/877/730 1084/878/730 1083/874/730 1067/873/730
f 1075/876/731 1091/875/731 1092/879/731 1076/880/731
f 1069/881/732 1085/882/732 1084/878/732 1068/877/732
f 1062/877/733 1078/878/733 1077/882/733 1061/881/733
f 1076/880/734 1092/879/734 1085/882/734 1069/881/734
f 1061/881/735 1077/882/735 1086/879/735 1070/880/735
f 1063/873/736 1079/874/736 1078/878/736 1062/877/736
f 1070/880/737 1086/879/737 1087/875/737 1071/876/737
f 1064/869/738 1080/870/738 1079/874/738 1063/873/738
f 1071/876/739 1087/875/739 1088/863/739 1072/862/739
f 1065/872/740 1081/871/740 1080/870/740 1064/869/740
f 1096/883/741 1097/884/741 1104/885/741 1103/886/741
f 1093/887/742 1096/883/742 1103/886/742 1100/888/742
f 1094/889/743 1093/887/743 1100/888/743 1101/890/743
f 1099/891/744 1098/892/744 1105/893/744 1106/894/744
f 1095/895/745 1099/891/745 1106/894/745 1102/896/745
f 1098/892/746 1094/889/746 1101/890/746 1105/893/746
f 1105/893/191 1101/890/191 1108/890/191 1110/893/191
f 1100/888/747 1103/886/748 1107/888/749
f 1101/890/191 1100/888/747 1107/888/749 1108/890/191
f 1106/894/750 1105/893/750 1110/893/750 1111/894/750
f 1102/896/145 1106/894/145 1111/894/145 1109/896/145
f 1110/893/616 1108/890/616 1109/896/616
f 1114/883/751 1119/886/751 1104/885/751 1097/884/751
f 1112/887/752 1117/888/752 1119/886/752 1114/883/752
f 1113/889/753 1118/890/753 1117/888/753 1112/887/753
f 1116/891/754 1121/894/754 1120/893/754 1115/892/754
f 1095/895/755 1102/896/755 1121/894/755 1116/891/755
f 1115/892/756 1120/893/756 1118/890/756 1113/889/756
f 1120/893/184 1124/893/184 1123/890/184 1118/890/184
f 1117/888/757 1122/888/758 1119/886/759
f 1118/890/184 1123/890/184 1122/888/758 1117/888/757
f 1121/894/760 1125/894/760 1124/893/760 1120/893/760
f 1102/896/145 1109/896/145 1125/894/145 1121/894/145
f 1109/896/761 1104/885/761 1123/890/761
f 1127/897/218 1126/898/218 1136/898/218 1137/899/218
f 1131/900/145 1130/901/145 1140/901/145 1141/900/145
f 1132/902/762 1135/903/762 1145/903/762 1142/902/762
f 1128/904/763 1138/905/763 1139/906/764 1129/907/764
f 1126/898/218 1132/902/218 1142/902/218 1136/898/218
f 1127/897/765 1137/899/765 1138/905/763 1128/904/763
f 1135/903/184 1133/908/184 1143/908/184 1145/903/184
f 1130/901/145 1129/907/145 1139/906/145 1140/901/145
f 1134/909/145 1131/900/145 1141/900/145 1144/909/145
f 1133/908/184 1134/909/184 1144/909/184 1143/908/184
f 1157/910/766 1148/911/766 1149/912/767 1156/913/767
f 1159/914/768 1158/915/769 1154/912/769 1153/911/768
f 1161/916/218 1160/917/218 1146/918/218 1147/918/218
f 1163/919/145 1162/920/145 1150/912/145 1151/912/145
f 1158/915/145 1163/919/145 1151/912/145 1154/912/145
f 1165/921/770 1164/922/771 1155/923/772 1152/918/770
f 1161/916/773 1147/918/773 1148/911/766 1157/910/766
f 1160/917/218 1165/921/218 1152/918/218 1146/918/218
f 1164/922/771 1159/914/768 1153/911/768 1155/923/772
f 1162/920/145 1156/913/145 1149/912/145 1150/912/145
f 1140/901/145 1139/906/145 1156/913/145 1162/920/145
f 1145/903/774 1143/908/775 1159/914/776 1164/922/774
f 1136/898/218 1142/902/218 1165/921/218 1160/917/218
f 1137/899/777 1161/916/777 1157/910/777 1138/905/777
f 1142/902/778 1145/903/778 1164/922/778 1165/921/778
f 1144/909/145 1141/900/145 1163/919/145 1158/915/145
f 1141/900/145 1140/901/145 1162/920/145 1163/919/145
f 1137/899/218 1136/898/218 1160/917/218 1161/916/218
f 1143/908/775 1144/909/779 1158/915/779 1159/914/776
f 1138/905/780 1157/910/780 1156/913/780 1139/906/780
f 1167/897/218 1177/899/218 1176/898/218 1166/898/218
f 1171/900/145 1181/900/145 1180/901/145 1170/901/145
f 1172/902/781 1182/902/781 1185/903/781 1175/903/781
f 1168/904/782 1169/907/783 1179/906/783 1178/905/782
f 1166/898/218 1176/898/218 1182/902/218 1172/902/218
f 1167/897/784 1168/904/782 1178/905/782 1177/899/784
f 1175/903/191 1185/903/191 1183/908/191 1173/908/191
f 1170/901/145 1180/901/145 1179/906/145 1169/907/145
f 1174/909/145 1184/909/145 1181/900/145 1171/900/145
f 1173/908/191 1183/908/191 1184/909/191 1174/909/191
f 1187/910/785 1186/913/786 1149/912/786 1148/911/785
f 1189/914/787 1153/911/787 1154/912/788 1188/915/788
f 1191/916/218 1147/918/218 1146/918/218 1190/917/218
f 1193/919/145 1151/912/145 1150/912/145 1192/920/145
f 1188/915/145 1154/912/145 1151/912/145 1193/919/145
f 1195/921/789 1152/918/789 1155/923/790 1194/922/791
f 1191/916/792 1187/910/785 1148/911/785 1147/918/792
f 1190/917/218 1146/918/218 1152/918/218 1195/921/218
f 1194/922/791 1155/923/790 1153/911/787 1189/914/787
f 1192/920/145 1150/912/145 1149/912/145 1186/913/145
f 1180/901/145 1192/920/145 1186/913/145 1179/906/145
f 1185/903/793 1194/922/793 1189/914/794 1183/908/795
f 1176/898/218 1190/917/218 1195/921/218 1182/902/218
f 1177/899/796 1178/905/796 1187/910/796 1191/916/796
f 1182/902/797 1195/921/797 1194/922/797 1185/903/797
f 1184/909/145 1188/915/145 1193/919/145 1181/900/145
f 1181/900/145 1193/919/145 1192/920/145 1180/901/145
f 1177/899/218 1191/916/218 1190/917/218 1176/898/218
f 1183/908/795 1189/914/794 1188/915/798 1184/909/798
f 1178/905/799 1179/906/799 1186/913/799 1187/910/799
f 192/80/146 187/74/800 186/73/145
f 186/73/145 185/73/145 192/80/146
f 185/73/145 191/74/146 192/80/146
f 191/74/146 190/79/144 192/80/146
f 190/79/144 189/81/144 192/80/146
f 186/73/145 193/105/145 198/110/147
f 198/110/147 194/109/145 195/111/147
f 195/111/147 196/109/147 198/110/147
f 196/109/147 197/105/145 198/110/147
f 197/105/145 185/73/145 198/110/147
f 248/157/181 247/157/180 257/161/185
f 257/161/185 255/924/801 256/162/186
f 268/169/194 258/163/187 259/163/190
f 259/163/190 267/167/192 268/169/194
f 295/199/184 293/202/184 294/194/184
f 293/202/184 296/195/184 297/195/184
f 296/195/184 299/925/184 297/195/184
f 299/925/184 300/200/184 298/197/184
f 297/195/184 299/925/184 298/197/184
f 314/190/191 313/926/802 315/182/802
f 313/926/802 312/214/803 315/182/802
f 344/236/191 341/927/191 345/236/191
f 341/927/191 343/241/191 342/237/191
f 345/236/191 341/927/191 342/237/191
f 345/236/191 346/240/191 347/245/191
f 346/240/191 348/244/191 347/245/191
f 359/256/257 360/928/804 362/226/255
f 360/928/804 361/234/184 362/226/255
f 641/503/805 640/502/805 663/504/805
f 663/504/806 644/510/806 633/505/806
f 642/507/515 665/532/515 668/533/515
f 668/533/515 685/540/515 682/513/515
f 669/539/520 666/547/520 636/546/520
f 636/546/520 681/537/518 669/539/520
f 719/559/807 696/556/808 697/555/809
f 697/555/809 690/557/810 719/559/807
f 724/550/530 721/582/530 698/563/530
f 698/563/530 682/513/530 724/550/530
f 636/546/531 722/591/531 725/586/531
f 725/586/531 723/549/532 681/537/531
f 744/929/811 745/602/811 752/601/811
f 745/602/812 749/599/812 752/601/812
f 753/604/813 748/600/813 756/590/814
f 756/590/814 738/545/814 753/604/813
f 768/613/815 763/614/815 771/611/815
f 763/614/816 762/930/816 771/611/816
f 775/544/817 767/612/817 772/615/817
f 772/615/583 766/603/818 776/545/584
f 987/813/145 980/811/145 985/811/145
f 980/811/145 979/931/145 985/811/145
f 979/931/145 981/932/145 983/933/145
f 981/932/145 982/934/145 984/935/145
f 983/933/145 981/932/145 984/935/145
f 982/934/145 986/936/145 984/935/145
f 985/811/145 979/931/145 983/933/145
f 989/937/145 988/938/145 991/939/145
f 988/938/145 987/813/145 990/812/145
f 991/939/145 992/940/145 989/937/145
f 990/812/145 991/939/145 988/938/145
f 1086/868/218 1077/941/218 1078/866/218
f 1078/866/218 1079/942/218 1080/943/218
f 1080/943/218 1081/944/218 1082/943/218
f 1082/943/218 1083/942/218 1084/866/218
f 1084/866/218 1085/941/218 1090/867/218
f 1085/941/218 1092/868/218 1090/867/218
f 1092/868/218 1091/945/218 1090/867/218
f 1090/867/218 1089/946/218 1088/867/218
f 1088/867/218 1087/945/218 1086/868/218
f 1086/868/218 1078/866/218 1084/866/218
f 1078/866/218 1080/943/218 1084/866/218
f 1080/943/218 1082/943/218 1084/866/218
f 1090/867/218 1088/867/218 1086/868/218
f 1108/890/819 1107/888/819 1104/885/819
f 1107/888/820 1103/886/820 1104/885/820
f 1104/885/821 1109/896/821 1108/890/821
f 1109/896/616 1111/894/616 1110/893/616
f 1119/886/820 1122/888/820 1104/885/820
f 1122/888/822 1123/890/822 1104/885/822
f 1123/890/616 1124/893/616 1109/896/616
f 1124/893/616 1125/894/616 1109/896/616
f 1197/947/823 1199/948/823 1203/948/823 1200/947/823
f 1201/949/218 1200/950/218 1203/948/218 1202/951/218
f 1196/949/824 1197/950/824 1200/950/824 1201/949/824
f 1199/948/825 1198/951/825 1202/951/825 1203/948/825
f 1198/951/826 1196/952/826 1201/952/826 1202/951/826
f 1205/947/823 1208/947/823 1211/948/823 1207/948/823
f 1209/949/218 1210/951/218 1211/948/218 1208/950/218
f 1204/949/827 1209/949/827 1208/950/827 1205/950/827
f 1207/948/828 1211/948/828 1210/951/828 1206/951/828
f 1206/951/826 1210/951/826 1209/952/826 1204/952/826
f 1229/953/829 1217/953/829 1218/953/829 1228/953/829
f 1212/953/830 1220/953/830 1221/953/830 1213/953/830
f 1231/953/831 1215/953/831 1216/953/831 1230/953/831
f 1233/953/832 1213/953/832 1214/953/832 1232/953/832
f 1228/953/833 1218/953/833 1219/953/833 1234/953/833
f 1230/953/834 1216/953/834 1217/953/834 1229/953/834
f 1232/953/835 1214/953/835 1215/953/835 1231/953/835
f 1235/953/836 1212/953/836 1213/953/836 1233/953/836
f 1234/953/837 1219/953/837 1212/953/837 1235/953/837
f 1223/953/218 1222/953/218 1226/953/218
f 1219/953/838 1227/953/838 1220/953/838 1212/953/838
f 1217/953/839 1225/953/839 1226/953/839 1218/953/839
f 1215/953/840 1223/953/840 1224/953/840 1216/953/840
f 1213/953/841 1221/953/841 1222/953/841 1214/953/841
f 1218/953/842 1226/953/842 1227/953/842 1219/953/842
f 1216/953/843 1224/953/843 1225/953/843 1217/953/843
f 1214/953/844 1222/953/844 1223/953/844 1215/953/844
f 1253/953/835 1252/953/835 1242/953/835 1241/953/835
f 1236/953/838 1237/953/838 1245/953/838 1244/953/838
f 1255/953/834 1254/953/834 1240/953/834 1239/953/834
f 1257/953/833 1256/953/833 1238/953/833 1237/953/833
f 1252/953/832 1258/953/832 1243/953/832 1242/953/832
f 1254/953/831 1253/953/831 1241/953/831 1240/953/831
f 1256/953/829 1255/953/829 1239/953/829 1238/953/829
f 1259/953/837 1257/953/837 1237/953/837 1236/953/837
f 1258/953/836 1259/953/836 1236/953/836 1243/953/836
f 1246/953/218 1248/953/218 1250/953/218
f 1243/953/830 1236/953/830 1244/953/830 1251/953/830
f 1241/953/845 1242/953/845 1250/953/845 1249/953/845
f 1239/953/843 1240/953/843 1248/953/843 1247/953/843
f 1237/953/846 1238/953/846 1246/953/846 1245/953/846
f 1242/953/847 1243/953/847 1251/953/847 1250/953/847
f 1240/953/840 1241/953/840 1249/953/840 1248/953/840
f 1238/953/848 1239/953/848 1247/953/848 1246/953/848
f 1222/953/218 1221/953/218 1220/953/218
f 1220/953/218 1227/953/218 1222/953/218
f 1227/953/218 1226/953/218 1222/953/218
f 1226/953/218 1225/953/218 1224/953/218
f 1224/953/218 1223/953/218 1226/953/218
f 1244/953/218 1245/953/218 1246/953/218
f 1246/953/218 1247/953/218 1248/953/218
f 1248/953/218 1249/953/218 1250/953/218
f 1250/953/218 1251/953/218 1244/953/218
f 1244/953/218 1246/953/218 1250/953/218
f 969/954/145 976/954/145 977/954/145
f 966/954/145 965/954/145 973/954/145
f 965/954/145 976/954/145 971/954/145
f 973/954/145 965/954/145 971/954/145
f 969/954/145 971/954/145 976/954/145
f 968/954/145 967/954/145 977/954/145
f 967/954/145 969/954/145 977/954/145
f 972/954/145 970/954/145 974/954/145
f 970/954/145 968/954/145 975/954/145
f 974/954/145 978/954/145 972/954/145
f 975/954/145 974/954/145 970/954/145
f 977/954/145 975/954/145 968/954/145
o canopy
v 0.510863 0.667666 5.283998
v 0.508885 0.781250 3.933192
v 0.460944 0.653226 5.766466
v 0.000000 0.795497 5.874532
v 0.320133 0.742625 5.844280
v 0.181686 0.763686 5.861403
v 0.000000 0.852664 5.776934
v 0.320133 0.783705 5.586673
v 0.181686 0.813547 5.720950
v 0.438251 0.776091 5.015068
v 0.442352 0.937697 3.939010
v 0.320371 1.060637 3.020858
v 0.368420 0.990377 3.470244
v 0.360497 1.001963 3.396143
v 0.000000 1.476517 3.319892
v 0.000000 1.453949 3.194662
v 0.341186 1.262492 3.414624
v 0.327612 1.234738 3.308673
v 0.188450 1.421741 3.343654
v 0.184488 1.408154 3.221203
v 0.357181 1.087596 3.488605
v 0.000000 0.877028 5.733424
v 0.278854 0.828003 5.573788
v 0.162693 0.844208 5.686451
v 0.385684 0.831861 5.094194
v 0.457804 0.832161 4.621233
v 0.533021 0.718764 4.621233
v 0.424243 0.875194 4.621231
v 0.498419 0.820189 3.375247
v 0.406384 0.952386 3.020858
v 0.417091 0.929490 3.382157
v 0.510863 0.667666 5.283998
v 0.508885 0.781250 3.933192
v 0.460944 0.653226 5.766466
v 0.000000 0.795497 5.874532
v 0.320133 0.742625 5.844280
v 0.181686 0.763686 5.861403
v 0.442352 0.937697 3.939010
v 0.320371 1.060637 3.020858
v 0.360497 1.001963 3.396143
v 0.000000 1.476517 3.319892
v 0.000000 1.453949 3.194662
v 0.341186 1.262492 3.414624
v 0.327612 1.234738 3.308673
v 0.188450 1.421741 3.343654
v 0.184488 1.408154 3.221203
v 0.357181 1.087596 3.488605
v 0.000000 0.877028 5.733424
v 0.278854 0.828003 5.573788
v 0.162693 0.844208 5.686451
v 0.385684 0.831861 5.094194
v 0.533021 0.718764 4.621233
v 0.424243 0.875194 4.621231
v 0.498419 0.820189 3.375247
v 0.406384 0.952386 3.020858
v 0.417091 0.929490 3.382157
v 0.489462 0.646833 5.281178
v 0.482242 0.767467 3.933664
v 0.442892 0.629512 5.763031
v 0.000000 0.768135 5.862230
v 0.307456 0.715946 5.839035
v 0.173619 0.736318 5.852135
v 0.000000 0.826033 5.763121
v 0.302168 0.760443 5.580661
v 0.171145 0.787706 5.709944
v 0.415151 0.757249 5.011697
v 0.415092 0.925240 3.940301
v 0.296756 1.042140 3.020414
v 0.340460 0.979573 3.471479
v 0.333204 0.989518 3.396605
v 0.000000 1.446852 3.324360
v 0.000000 1.424284 3.199130
v 0.313220 1.252589 3.419078
v 0.300455 1.223014 3.313678
v 0.171029 1.397829 3.348622
v 0.169147 1.382834 3.226059
v 0.327453 1.084364 3.491013
v 0.000000 0.851418 5.717799
v 0.259047 0.807564 5.564305
v 0.149738 0.821087 5.672395
v 0.362377 0.813539 5.089605
v 0.433352 0.814950 4.618813
v 0.508105 0.702167 4.619295
v 0.400530 0.857057 4.618268
v 0.474396 0.802236 3.374507
v 0.382770 0.933888 3.020414
v 0.393256 0.911283 3.381554
v 0.000000 0.795497 5.874532
v 0.000000 1.476517 3.319892
v 0.000000 1.453949 3.194662
v 0.000000 0.877028 5.733424
v -0.510863 0.667666 5.283998
v -0.508885 0.781250 3.933192
v -0.460944 0.653226 5.766466
v -0.320133 0.742625 5.844280
v -0.181686 0.763686 5.861403
v -0.442352 0.937697 3.939010
v -0.320371 1.060637 3.020858
v -0.360497 1.001963 3.396143
v -0.341186 1.262492 3.414624
v -0.327612 1.234738 3.308673
v -0.188450 1.421741 3.343654
v -0.184488 1.408154 3.221203
v -0.357181 1.087596 3.488605
v -0.278854 0.828003 5.573788
v -0.162693 0.844208 5.686451
v -0.385684 0.831861 5.094194
v -0.533021 0.718764 4.621233
v -0.424243 0.875194 4.621231
v -0.498419 0.820189 3.375247
v -0.406384 0.952386 3.020858
v -0.417091 0.929490 3.382157
v 0.000000 0.768135 5.862230
v 0.000000 0.826033 5.763121
v 0.000000 1.446852 3.324360
v 0.000000 1.424284 3.199130
v 0.000000 0.851418 5.717799
v -0.489462 0.646833 5.281178
v -0.482242 0.767467 3.933664
v -0.442892 0.629512 5.763031
v -0.307456 0.715946 5.839035
v -0.173619 0.736318 5.852135
v -0.302168 0.760443 5.580661
v -0.171145 0.787706 5.709944
v -0.415151 0.757249 5.011697
v -0.415092 0.925240 3.940301
v -0.296756 1.042140 3.020414
v -0.340460 0.979573 3.471479
v -0.333204 0.989518 3.396605
v -0.313220 1.252589 3.419078
v -0.300455 1.223014 3.313678
v -0.171029 1.397829 3.348622
v -0.169147 1.382834 3.226059
v -0.327453 1.084364 3.491013
v -0.259047 0.807564 5.564305
v -0.149738 0.821087 5.672395
v -0.362377 0.813539 5.089605
v -0.433352 0.814950 4.618813
v -0.508105 0.702167 4.619295
v -0.400530 0.857057 4.618268
v -0.474396 0.802236 3.374507
v -0.382770 0.933888 3.020414
v -0.393256 0.911283 3.381554
v 0.000000 0.795497 5.874532
v 0.000000 0.852664 5.776934
v 0.000000 1.476517 3.319892
v 0.000000 1.453949 3.194662
v 0.000000 0.877028 5.733424
v -0.510863 0.667666 5.283998
v -0.508885 0.781250 3.933192
v -0.460944 0.653226 5.766466
v -0.320133 0.742625 5.844280
v -0.181686 0.763686 5.861403
v -0.320133 0.783705 5.586673
v -0.181686 0.813547 5.720950
v -0.438251 0.776091 5.015068
v -0.442352 0.937697 3.939010
v -0.320371 1.060637 3.020858
v -0.368420 0.990377 3.470244
v -0.360497 1.001963 3.396143
v -0.341186 1.262492 3.414624
v -0.327612 1.234738 3.308673
v -0.188450 1.421741 3.343654
v -0.184488 1.408154 3.221203
v -0.357181 1.087596 3.488605
v -0.278854 0.828003 5.573788
v -0.162693 0.844208 5.686451
v -0.385684 0.831861 5.094194
v -0.457804 0.832161 4.621233
v -0.533021 0.718764 4.621233
v -0.424243 0.875194 4.621231
v -0.498419 0.820189 3.375247
v -0.406384 0.952386 3.020858
v -0.417091 0.929490 3.382157
vn 0.2480 0.8836 0.3973
vn 0.2882 0.9335 0.2133
vn 0.5910 0.7982 0.1164
vn 0.8851 0.4643 0.0314
vn 0.7892 0.6140 0.0116
vn 0.7751 0.6086 -0.1697
vn 0.9143 0.3925 -0.1001
vn 0.7855 0.6187 0.0143
vn 0.2756 0.9505 -0.1432
vn 0.9854 0.0836 -0.1481
vn 0.9804 0.1396 -0.1389
vn 0.7712 0.6154 0.1628
vn 0.3168 0.8097 0.4940
vn 0.5490 0.7150 0.4328
vn 0.7944 0.5952 0.1215
vn 0.7719 0.6287 0.0942
vn 0.7862 0.6132 0.0770
vn 0.7038 0.7042 0.0939
vn 0.9948 0.0898 -0.0475
vn -0.2524 -0.8824 -0.3971
vn -0.2850 -0.9334 -0.2179
vn -0.5912 -0.7981 -0.1168
vn -0.8854 -0.4637 -0.0310
vn -0.8031 -0.5955 -0.0201
vn -0.8027 -0.5961 -0.0186
vn -0.8031 -0.5956 -0.0200
vn -0.7758 -0.6081 0.1687
vn -0.9140 -0.3932 0.0999
vn -0.7906 -0.6122 -0.0083
vn -0.7877 -0.6159 -0.0127
vn -0.7926 -0.6097 -0.0054
vn -0.2747 -0.9503 0.1462
vn -0.9858 -0.0872 0.1438
vn -0.9793 -0.1474 0.1388
vn -0.7697 -0.6178 -0.1612
vn -0.3238 -0.8092 -0.4902
vn -0.5443 -0.7221 -0.4270
vn -0.7942 -0.5954 -0.1215
vn -0.7714 -0.6293 -0.0944
vn -0.7858 -0.6135 -0.0786
vn -0.7053 -0.7027 -0.0934
vn -0.9951 -0.0930 0.0328
vn 0.0635 -0.2815 0.9575
vn 0.2893 -0.3311 0.8981
vn -0.0047 -0.3661 0.9306
vn 0.5300 -0.8456 -0.0645
vn 0.0116 0.0092 -0.9999
vn -0.5112 0.8411 0.1767
vn 0.1205 -0.3821 -0.9162
vn 0.0547 -0.3359 -0.9403
vn 0.0999 -0.1934 -0.9760
vn -0.0740 0.1963 0.9778
vn -0.0748 0.3596 0.9301
vn -0.2266 0.9070 0.3551
vn 0.0199 0.3928 0.9194
vn -0.4744 0.6672 -0.5744
vn -0.1359 0.5415 -0.8297
vn -0.6383 0.7582 -0.1328
vn -0.6149 0.7883 0.0226
vn 0.5073 -0.8562 -0.0981
vn -0.5150 0.8543 0.0697
vn 0.6306 -0.7749 -0.0428
vn -0.0129 0.0542 -0.9984
vn 0.6114 -0.7884 -0.0676
vn 0.7439 -0.6662 0.0525
vn 0.2524 -0.8824 -0.3971
vn 0.2850 -0.9334 -0.2179
vn 0.5912 -0.7981 -0.1168
vn 0.8854 -0.4637 -0.0310
vn 0.7926 -0.6097 -0.0054
vn 0.7906 -0.6122 -0.0083
vn 0.7936 -0.6084 -0.0039
vn 0.7758 -0.6081 0.1687
vn 0.9140 -0.3932 0.0999
vn 0.7877 -0.6159 -0.0127
vn 0.2747 -0.9503 0.1462
vn 0.9858 -0.0872 0.1438
vn 0.9793 -0.1474 0.1388
vn 0.7697 -0.6178 -0.1612
vn 0.3238 -0.8092 -0.4902
vn 0.5443 -0.7221 -0.4270
vn 0.7942 -0.5954 -0.1215
vn 0.7714 -0.6293 -0.0944
vn 0.7858 -0.6135 -0.0786
vn 0.7053 -0.7027 -0.0934
vn 0.9951 -0.0930 0.0328
vn -0.0635 -0.2815 0.9575
vn -0.2893 -0.3311 0.8981
vn 0.0047 -0.3661 0.9306
vn -0.5300 -0.8456 -0.0645
vn -0.0116 0.0092 -0.9999
vn 0.5112 0.8411 0.1767
vn -0.1205 -0.3821 -0.9162
vn -0.0547 -0.3359 -0.9403
vn -0.0999 -0.1934 -0.9760
vn 0.0740 0.1963 0.9778
vn 0.0748 0.3596 0.9301
vn 0.2266 0.9070 0.3551
vn -0.0199 0.3928 0.9194
vn 0.4744 0.6672 -0.5744
vn 0.1359 0.5415 -0.8297
vn 0.6383 0.7582 -0.1328
vn 0.6149 0.7883 0.0226
vn -0.5073 -0.8562 -0.0981
vn 0.5150 0.8543 0.0697
vn -0.6306 -0.7749 -0.0428
vn 0.0129 0.0542 -0.9984
vn -0.6114 -0.7884 -0.0676
vn -0.7439 -0.6662 0.0525
vn -0.2480 0.8836 0.3973
vn -0.2882 0.9335 0.2133
vn -0.5910 0.7982 0.1164
vn -0.8851 0.4643 0.0314
vn -0.8025 0.5958 0.0310
vn -0.8028 0.5953 0.0321
vn -0.7751 0.6086 -0.1697
vn -0.9143 0.3925 -0.1001
vn -0.7855 0.6187 0.0143
vn -0.2756 0.9505 -0.1432
vn -0.9854 0.0836 -0.1481
vn -0.9804 0.1396 -0.1389
vn -0.7712 0.6154 0.1628
vn -0.3168 0.8097 0.4940
vn -0.5490 0.7150 0.4328
vn -0.7944 0.5952 0.1215
vn -0.7719 0.6287 0.0942
vn -0.7862 0.6132 0.0770
vn -0.7038 0.7042 0.0939
vn -0.9948 0.0898 -0.0475
vn 0.8025 0.5958 0.0310
vn 0.8015 0.5974 0.0267
vn 0.8028 0.5953 0.0321
vn -0.8044 -0.5935 -0.0256
vn -0.7936 -0.6084 -0.0039
vn 0.8031 -0.5955 -0.0201
vn 0.8044 -0.5935 -0.0256
vn 0.8031 -0.5956 -0.0200
vn 0.8027 -0.5961 -0.0186
vn -0.8015 0.5974 0.0267
vn -0.7892 0.6140 0.0116
vt 0.078013 0.746043
vt 0.078621 0.744569
vt 0.085128 0.746879
vt 0.082534 0.748691
vt 0.079414 0.743593
vt 0.091349 0.745496
vt 0.083019 0.739451
vt 0.117832 0.745144
vt 0.136079 0.747741
vt 0.136079 0.742488
vt 0.167957 0.745383
vt 0.167687 0.752631
vt 0.193487 0.752251
vt 0.192839 0.755608
vt 0.189405 0.755072
vt 0.196891 0.766393
vt 0.200944 0.774428
vt 0.195271 0.775057
vt 0.191982 0.767679
vt 0.210226 0.753311
vt 0.210226 0.758327
vt 0.202173 0.776549
vt 0.196371 0.777595
vt 0.188555 0.759576
vt 0.114166 0.747727
vt 0.091946 0.747549
vt 0.086727 0.748300
vt 0.084550 0.749820
vt 0.136079 0.749735
vt 0.105373 0.740120
vt 0.069949 0.974767
vt 0.069949 0.974911
vt 0.070197 0.974988
vt 0.070201 0.974782
vt 0.070387 0.975176
vt 0.070395 0.974801
vt 0.070551 0.976001
vt 0.070591 0.974911
vt 0.070577 0.976571
vt 0.070551 0.977555
vt 0.070648 0.977564
vt 0.070686 0.976570
vt 0.070443 0.978234
vt 0.070519 0.978365
vt 0.070637 0.978375
vt 0.070385 0.978463
vt 0.070403 0.978310
vt 0.070197 0.978413
vt 0.070194 0.978590
vt 0.070432 0.978343
vt 0.070379 0.978889
vt 0.070504 0.978889
vt 0.069949 0.978448
vt 0.069949 0.978629
vt 0.070424 0.978206
vt 0.070325 0.975199
vt 0.070474 0.975888
vt 0.069949 0.974977
vt 0.070166 0.975043
vt 0.070530 0.976571
vt 0.070659 0.975610
vt 0.070413 0.974793
vt 0.070212 0.974769
vt 0.070617 0.974906
vt 0.069949 0.974750
vt 0.070672 0.978374
vt 0.070687 0.977565
vt 0.070413 0.978888
vt 0.070538 0.978888
vt 0.070472 0.978344
vt 0.070216 0.978597
vt 0.070424 0.978471
vt 0.069949 0.978636
vt 0.070222 0.978420
vt 0.069949 0.978454
vt 0.070444 0.978317
vt 0.070590 0.977556
vt 0.070467 0.978210
vt 0.070185 0.975022
vt 0.070353 0.975186
vt 0.069949 0.974954
vt 0.070508 0.975881
vt 0.070564 0.976567
vt 0.070722 0.976567
vt 0.070690 0.975606
vt 0.070554 0.978364
vt 0.069697 0.974782
vt 0.069701 0.974988
vt 0.069503 0.974801
vt 0.069511 0.975176
vt 0.069307 0.974911
vt 0.069347 0.976001
vt 0.069320 0.976571
vt 0.069212 0.976570
vt 0.069250 0.977564
vt 0.069347 0.977555
vt 0.069379 0.978365
vt 0.069466 0.978343
vt 0.069455 0.978234
vt 0.069513 0.978463
vt 0.069704 0.978590
vt 0.069701 0.978413
vt 0.069495 0.978310
vt 0.069394 0.978889
vt 0.069519 0.978889
vt 0.069474 0.978206
vt 0.069423 0.975888
vt 0.069573 0.975199
vt 0.069732 0.975043
vt 0.069368 0.976571
vt 0.069239 0.975610
vt 0.069685 0.974769
vt 0.069485 0.974793
vt 0.069280 0.974906
vt 0.069211 0.977565
vt 0.069226 0.978374
vt 0.069261 0.978375
vt 0.069360 0.978888
vt 0.069484 0.978888
vt 0.069426 0.978344
vt 0.069474 0.978471
vt 0.069681 0.978597
vt 0.069676 0.978420
vt 0.069454 0.978317
vt 0.069431 0.978210
vt 0.069307 0.977556
vt 0.069545 0.975186
vt 0.069713 0.975022
vt 0.069390 0.975881
vt 0.069334 0.976567
vt 0.069176 0.976567
vt 0.069208 0.975606
vt 0.069344 0.978364
vt 0.329365 0.629985
vt 0.324843 0.632634
vt 0.322249 0.630822
vt 0.328756 0.628512
vt 0.316028 0.629439
vt 0.327963 0.627536
vt 0.289545 0.629086
vt 0.324358 0.623394
vt 0.271298 0.631684
vt 0.239690 0.636574
vt 0.239421 0.629325
vt 0.271298 0.626430
vt 0.217972 0.639014
vt 0.213891 0.636194
vt 0.213571 0.631130
vt 0.210486 0.650336
vt 0.215395 0.651622
vt 0.212107 0.659000
vt 0.206434 0.658370
vt 0.214539 0.639551
vt 0.197152 0.642270
vt 0.197152 0.637254
vt 0.211006 0.661538
vt 0.205204 0.660492
vt 0.218823 0.643519
vt 0.315431 0.631491
vt 0.293211 0.631670
vt 0.322827 0.633763
vt 0.320651 0.632242
vt 0.271298 0.633678
vt 0.302005 0.624063
vt 0.193807 0.747187
s 1
usemtl マテリアル.001
f 1263/955/849 1265/956/849 1268/957/849 1266/958/849
f 1265/956/850 1264/959/850 1267/960/850 1268/957/850
f 1264/959/851 1262/961/851 1269/962/851 1267/960/851
f 1285/963/852 1286/964/852 1261/965/852 1270/966/852
f 1290/967/853 1273/968/853 1272/969/853
f 1277/970/854 1279/971/854 1278/972/854 1276/973/854
f 1272/969/855 1270/966/855 1261/965/855
f 1273/968/856 1290/967/856 1289/974/856 1271/975/856
f 1279/971/857 1275/976/857 1274/977/857 1278/972/857
f 1273/968/858 1277/970/858 1276/973/858
f 1272/969/859 1280/978/859 1270/966/859
f 1267/960/860 1269/962/860 1284/979/860 1282/980/860
f 1266/958/861 1268/957/861 1283/981/861 1281/982/861
f 1268/957/862 1267/960/862 1282/980/862 1283/981/862
f 1269/962/863 1285/963/863 1287/983/863 1284/979/863
f 1269/962/864 1260/984/864 1286/964/864 1285/963/864
f 1287/983/865 1285/963/865 1270/966/865
f 1260/984/866 1269/962/866 1262/961/866
f 1273/968/867 1276/973/867 1280/978/867 1272/969/867
f 1319/985/868 1322/986/868 1324/987/868 1321/988/868
f 1321/988/869 1324/987/869 1323/989/869 1320/990/869
f 1320/990/870 1323/989/870 1325/991/870 1318/992/870
f 1341/993/871 1326/994/871 1317/995/871 1342/996/871
f 1328/997/872 1346/998/873 1344/999/874
f 1333/1000/875 1332/1001/875 1334/1002/875 1335/1003/875
f 1328/997/876 1317/995/876 1326/994/876
f 1329/1004/877 1327/1005/878 1345/1006/878 1346/998/879
f 1335/1003/880 1334/1002/880 1330/1007/880 1331/1008/880
f 1329/1004/881 1332/1001/881 1333/1000/881
f 1328/997/882 1326/994/882 1336/1009/882
f 1323/989/883 1338/1010/883 1340/1011/883 1325/991/883
f 1322/986/884 1337/1012/884 1339/1013/884 1324/987/884
f 1324/987/885 1339/1013/885 1338/1010/885 1323/989/885
f 1325/991/886 1340/1011/886 1343/1014/886 1341/993/886
f 1325/991/887 1341/993/887 1342/996/887 1316/1015/887
f 1343/1014/888 1326/994/888 1341/993/888
f 1316/1015/889 1318/992/889 1325/991/889
f 1329/1004/890 1328/997/890 1336/1009/890 1332/1001/890
f 1295/1016/891 1296/1017/891 1321/988/891 1320/990/891
f 1293/1018/892 1295/1016/892 1320/990/892 1318/992/892
f 1296/1017/893 1294/1019/893 1319/985/893 1321/988/893
f 1313/1020/894 1292/1021/894 1317/995/894 1344/999/894
f 1298/1022/895 1314/1023/895 1345/1006/895 1327/1005/895
f 1299/1024/896 1298/1022/896 1327/1005/896 1329/1004/896
f 1305/1025/897 1303/1026/897 1333/1000/897 1335/1003/897
f 1303/1026/898 1299/1024/898 1329/1004/898 1333/1000/898
f 1301/1027/899 1305/1025/899 1335/1003/899 1331/1008/899
f 1304/1028/900 1300/1029/900 1330/1007/900 1334/1002/900
f 1302/1030/901 1304/1028/901 1334/1002/901 1332/1001/901
f 1297/1031/902 1306/1032/902 1336/1009/902 1326/994/902
f 1306/1032/903 1302/1030/903 1332/1001/903 1336/1009/903
f 1309/1033/904 1308/1034/904 1338/1010/904 1339/1013/904
f 1307/1035/905 1309/1033/905 1339/1013/905 1337/1012/905
f 1308/1034/906 1310/1036/906 1340/1011/906 1338/1010/906
f 1310/1036/907 1312/1037/907 1343/1014/907 1340/1011/907
f 1292/1021/908 1311/1038/908 1342/996/908 1317/995/908
f 1312/1037/909 1297/1031/909 1326/994/909 1343/1014/909
f 1311/1038/910 1291/1039/910 1316/1015/910 1342/996/910
f 1315/1040/911 1313/1020/911 1344/999/911 1346/998/911
f 1314/1023/912 1315/1040/912 1346/998/912 1345/1006/912
f 1291/1039/913 1293/1018/913 1318/992/913 1316/1015/913
f 1372/985/914 1381/1041/914 1383/1042/914 1373/986/914
f 1381/1041/915 1380/1043/915 1382/1044/915 1383/1042/915
f 1380/1043/916 1379/1045/916 1384/1046/916 1382/1044/916
f 1397/1047/917 1398/1048/917 1378/1049/917 1385/1050/917
f 1402/1051/918 1388/1052/919 1387/1053/920
f 1390/1054/921 1392/1055/921 1391/1056/921 1389/1057/921
f 1387/1053/922 1385/1050/922 1378/1049/922
f 1388/1052/919 1402/1051/918 1401/1058/923 1386/1059/923
f 1392/1055/924 1375/1008/924 1374/1007/924 1391/1056/924
f 1388/1052/925 1390/1054/925 1389/1057/925
f 1387/1053/926 1393/1060/926 1385/1050/926
f 1382/1044/927 1384/1046/927 1396/1061/927 1394/1062/927
f 1373/986/928 1383/1042/928 1395/1063/928 1376/1012/928
f 1383/1042/929 1382/1044/929 1394/1062/929 1395/1063/929
f 1384/1046/930 1397/1047/930 1399/1064/930 1396/1061/930
f 1384/1046/931 1377/1065/931 1398/1048/931 1397/1047/931
f 1399/1064/932 1397/1047/932 1385/1050/932
f 1377/1065/933 1384/1046/933 1379/1045/933
f 1388/1052/934 1389/1057/934 1393/1060/934 1387/1053/934
f 1355/1066/935 1354/1067/935 1380/1043/935 1381/1041/935
f 1354/1067/936 1353/1068/936 1379/1045/936 1380/1043/936
f 1347/1019/937 1355/1066/937 1381/1041/937 1372/985/937
f 1352/1069/938 1369/1070/938 1400/1071/938 1378/1049/938
f 1370/1072/939 1357/1073/939 1386/1059/939 1401/1058/939
f 1357/1073/940 1358/1074/940 1388/1052/940 1386/1059/940
f 1360/1075/941 1362/1076/941 1392/1055/941 1390/1054/941
f 1358/1074/942 1360/1075/942 1390/1054/942 1388/1052/942
f 1362/1076/943 1349/1027/943 1375/1008/943 1392/1055/943
f 1348/1029/944 1361/1077/944 1391/1056/944 1374/1007/944
f 1361/1077/945 1359/1078/945 1389/1057/945 1391/1056/945
f 1363/1079/946 1356/1080/946 1385/1050/946 1393/1060/946
f 1359/1078/947 1363/1079/947 1393/1060/947 1389/1057/947
f 1364/1081/948 1365/1082/948 1395/1063/948 1394/1062/948
f 1365/1082/949 1350/1035/949 1376/1012/949 1395/1063/949
f 1366/1083/950 1364/1081/950 1394/1062/950 1396/1061/950
f 1368/1084/951 1366/1083/951 1396/1061/951 1399/1064/951
f 1367/1085/952 1352/1069/952 1378/1049/952 1398/1048/952
f 1356/1080/953 1368/1084/953 1399/1064/953 1385/1050/953
f 1351/1086/954 1367/1085/954 1398/1048/954 1377/1065/954
f 1369/1070/955 1371/1087/955 1402/1051/955 1400/1071/955
f 1371/1087/956 1370/1072/956 1401/1058/956 1402/1051/956
f 1353/1068/957 1351/1086/957 1377/1065/957 1379/1045/957
f 1403/1088/958 1404/1089/958 1414/1090/958 1412/1091/958
f 1412/1091/959 1414/1090/959 1413/1092/959 1411/1093/959
f 1411/1093/960 1413/1092/960 1415/1094/960 1410/1095/960
f 1428/1096/961 1416/1097/961 1409/1098/961 1429/1099/961
f 1418/1100/962 1433/1101/963 1431/1102/962
f 1421/1103/964 1420/1104/964 1422/1105/964 1423/1106/964
f 1418/1100/965 1409/1098/965 1416/1097/965
f 1419/1107/966 1417/1108/966 1432/1109/966 1433/1101/966
f 1423/1106/967 1422/1105/967 1405/1110/967 1406/1111/967
f 1419/1107/968 1420/1104/968 1421/1103/968
f 1418/1100/969 1416/1097/969 1424/1112/969
f 1413/1092/970 1425/1113/970 1427/1114/970 1415/1094/970
f 1404/1089/971 1407/1115/971 1426/1116/971 1414/1090/971
f 1414/1090/972 1426/1116/972 1425/1113/972 1413/1092/972
f 1415/1094/973 1427/1114/973 1430/1117/973 1428/1096/973
f 1415/1094/974 1428/1096/974 1429/1099/974 1408/1118/974
f 1430/1117/975 1416/1097/975 1428/1096/975
f 1408/1118/976 1410/1095/976 1415/1094/976
f 1419/1107/977 1418/1100/977 1424/1112/977 1420/1104/977
f 1272/969/978 1261/965/979 1288/1119/978
f 1288/1119/978 1290/967/980 1272/969/978
f 1344/999/874 1317/995/981 1328/997/872
f 1328/997/982 1329/1004/877 1346/998/879
f 1387/1053/983 1378/1049/984 1400/1071/985
f 1400/1071/985 1402/1051/986 1387/1053/983
f 1431/1102/962 1409/1098/987 1418/1100/962
f 1418/1100/988 1419/1107/988 1433/1101/988
o cockpit
v 0.341919 0.801690 5.210882
v 0.251025 0.774061 5.709482
v 0.460054 0.696149 5.210882
v 0.442892 0.629511 5.763031
v 0.552295 0.449335 5.210882
v 0.093309 0.699260 5.844309
v 0.282626 0.667449 5.838224
v 0.000000 0.699260 5.844309
v 0.093309 0.682290 5.868243
v 0.000000 0.682290 5.868243
v -0.341919 0.801690 5.210882
v -0.251025 0.774061 5.709482
v -0.460054 0.696149 5.210882
v -0.442892 0.629511 5.763031
v -0.552295 0.449335 5.210882
v -0.093309 0.699260 5.844309
v -0.282626 0.667449 5.838224
v -0.093309 0.682290 5.868243
v 0.341919 0.801690 5.210882
v 0.251025 0.774061 5.709482
v 0.000000 0.774061 5.789615
v 0.317189 0.874090 5.210882
v 0.141700 0.872410 5.617465
v 0.000000 0.874090 5.210882
v 0.000000 0.854094 5.674448
v 0.192010 1.000230 5.210882
v 0.000000 1.000230 5.210882
v 0.251025 0.699260 5.709482
v 0.330869 0.751950 5.210882
v 0.000000 0.751950 5.210882
v 0.000000 0.699260 5.844309
v 0.093309 0.801690 5.210882
v 0.093309 0.874090 5.210882
v 0.093309 0.751950 5.210882
v 0.093309 0.699260 5.844309
v 0.000000 0.219094 5.210882
v 0.093309 0.219094 5.210882
v 0.330869 0.691511 5.664080
v 0.093309 0.691511 5.664080
v 0.093309 0.219094 5.664080
v 0.330869 0.219094 5.210882
v 0.330869 0.219094 5.664080
v 0.460054 0.696149 5.210882
v 0.330869 0.449335 5.210882
v 0.330869 0.425709 5.664080
v 0.552295 0.449335 5.210882
v 0.330869 0.449335 3.330194
v 0.330869 0.048964 3.330194
v 0.609075 0.449335 3.330194
v 0.330869 0.048964 4.626604
v 0.602542 0.449335 4.626604
v 0.330869 0.449335 4.626604
v 0.330869 0.048964 3.943738
v 0.330869 0.449335 3.943738
v 0.606459 0.449335 3.943738
v 0.580127 0.449335 4.910781
v 0.330869 0.048964 4.910781
v 0.330869 0.449335 4.910781
v 0.341919 0.824584 5.108899
v 0.317189 0.916828 5.089056
v 0.192010 1.042968 5.089056
v 0.192010 1.064337 5.011212
v 0.290108 0.958274 5.030546
v 0.332076 0.799994 5.210384
v 0.308126 0.870082 5.209536
v 0.188041 0.991569 5.207843
v 0.332076 0.822889 5.108401
v 0.309141 0.911162 5.087284
v 0.188276 1.034102 5.086323
v 0.188650 1.055254 5.008719
v 0.283101 0.951352 5.028818
v 0.094852 1.042968 5.089056
v 0.092891 0.991177 5.207706
v 0.093008 1.033758 5.086198
v 0.093192 1.054970 5.008641
v 0.094852 1.000230 5.210882
v 0.094852 1.064336 5.011212
v 0.000000 1.042968 5.089056
v 0.000000 1.064336 5.011212
v 0.094852 0.835550 5.210882
v 0.094852 0.891278 5.089056
v 0.000000 0.835550 5.210882
v 0.000000 0.891278 5.089056
v 0.000000 0.926864 5.011212
v 0.084852 0.835550 5.210882
v 0.084852 0.926864 5.011212
v 0.084852 0.751950 5.210882
v 0.084852 0.792204 5.122518
v 0.094852 0.926864 5.011212
v 0.094852 0.751950 5.210882
v 0.094852 0.792204 5.122518
v -0.251025 0.774061 5.709482
v -0.317189 0.874090 5.210882
v -0.141700 0.872410 5.617465
v -0.192010 1.000230 5.210882
v -0.251025 0.699260 5.709482
v -0.330869 0.751950 5.210882
v -0.093309 0.801690 5.210882
v -0.093309 0.874090 5.210882
v -0.093309 0.751950 5.210882
v -0.093309 0.699260 5.844309
v -0.093309 0.219094 5.210882
v -0.330869 0.691511 5.664080
v -0.093309 0.691511 5.664080
v -0.093309 0.219094 5.664080
v -0.330869 0.219094 5.210882
v -0.330869 0.219094 5.664080
v -0.460054 0.696149 5.210882
v -0.330869 0.449335 5.210882
v -0.330869 0.425709 5.664080
v -0.552295 0.449335 5.210882
v -0.330869 0.449335 3.330194
v -0.330869 0.048964 3.330194
v -0.609075 0.449335 3.330194
v -0.330869 0.048964 4.626604
v -0.602542 0.449335 4.626604
v -0.330869 0.449335 4.626604
v -0.330869 0.048964 3.943738
v -0.330869 0.449335 3.943738
v -0.606459 0.449335 3.943738
v -0.580127 0.449335 4.910781
v -0.330869 0.048964 4.910781
v -0.330869 0.449335 4.910781
v -0.341919 0.801690 5.210882
v -0.341919 0.824584 5.108899
v -0.317189 0.916828 5.089056
v -0.192010 1.042968 5.089056
v -0.192010 1.064337 5.011212
v -0.290108 0.958274 5.030546
v -0.332076 0.799994 5.210384
v -0.308126 0.870082 5.209536
v -0.188041 0.991569 5.207843
v -0.332076 0.822889 5.108401
v -0.309141 0.911162 5.087284
v -0.188276 1.034102 5.086323
v -0.188650 1.055254 5.008719
v -0.283101 0.951352 5.028818
v -0.094852 1.000230 5.210882
v -0.094852 1.042968 5.089056
v -0.094852 1.064336 5.011212
v -0.092891 0.991177 5.207706
v -0.093008 1.033758 5.086198
v -0.093192 1.054970 5.008641
v -0.094852 0.835550 5.210882
v -0.094852 0.891278 5.089056
v -0.084852 0.835550 5.210882
v -0.084852 0.926864 5.011212
v -0.084852 0.751950 5.210882
v -0.084852 0.792204 5.122518
v -0.094852 0.926864 5.011212
v -0.094852 0.751950 5.210882
v -0.094852 0.792204 5.122518
v 0.336531 0.420101 4.598938
v 0.336531 0.456241 4.598938
v 0.584088 0.420101 4.598938
v 0.584088 0.456241 4.598938
v 0.336531 0.420101 4.855947
v 0.336531 0.456241 4.855947
v 0.575909 0.420101 4.855947
v 0.575909 0.456241 4.855947
v 0.336531 0.456241 4.731229
v 0.584088 0.420101 4.731229
v 0.336531 0.420101 4.731229
v 0.584088 0.456241 4.731229
v 0.535388 0.420101 4.598938
v 0.535388 0.456241 4.598938
v 0.528818 0.456241 4.855947
v 0.528818 0.420101 4.855947
v 0.535388 0.420101 4.731229
v 0.535388 0.456241 4.731229
v 0.336531 0.420101 5.101316
v 0.336531 0.456241 5.101316
v 0.528818 0.456241 5.101316
v 0.528818 0.420101 5.101316
v 0.108966 1.126221 5.043682
v 0.111836 1.123135 5.014700
v 0.134729 1.126221 5.043682
v 0.131859 1.123135 5.014700
v 0.108966 1.054849 5.043682
v 0.111836 1.066235 5.014700
v 0.134729 1.054849 5.043682
v 0.131859 1.066235 5.014700
v 0.134729 1.126221 5.014700
v 0.108966 1.126221 5.014700
v 0.134729 1.061520 5.014700
v 0.108966 1.061520 5.014700
v 0.131859 1.123135 5.022052
v 0.111836 1.123135 5.022052
v 0.131859 1.066235 5.022052
v 0.111836 1.066235 5.022052
v -0.108965 1.126221 5.043682
v -0.111835 1.123135 5.014700
v -0.134728 1.126221 5.043682
v -0.131858 1.123135 5.014700
v -0.108965 1.054849 5.043682
v -0.111835 1.066235 5.014700
v -0.134728 1.054849 5.043682
v -0.131858 1.066235 5.014700
v -0.134728 1.126221 5.014700
v -0.108965 1.126221 5.014700
v -0.134728 1.061520 5.014700
v -0.108965 1.061520 5.014700
v -0.131858 1.123135 5.022052
v -0.111835 1.123135 5.022052
v -0.131858 1.066235 5.022052
v -0.111835 1.066235 5.022052
v 0.113824 1.106018 5.030591
v 0.113824 1.122028 5.030591
v 0.113824 1.106018 5.014581
v 0.113824 1.122028 5.014581
v 0.129834 1.106018 5.030591
v 0.129834 1.122028 5.030591
v 0.129834 1.106018 5.014581
v 0.129834 1.122028 5.014581
v 0.113824 1.086807 5.030591
v 0.113824 1.102816 5.030591
v 0.113824 1.086807 5.014581
v 0.113824 1.102816 5.014581
v 0.129834 1.086807 5.030591
v 0.129834 1.102816 5.030591
v 0.129834 1.086807 5.014581
v 0.129834 1.102816 5.014581
v 0.113824 1.067595 5.030591
v 0.113824 1.083605 5.030591
v 0.113824 1.067595 5.014581
v 0.113824 1.083605 5.014581
v 0.129834 1.067595 5.030591
v 0.129834 1.083605 5.030591
v 0.129834 1.067595 5.014581
v 0.129834 1.083605 5.014581
v -0.113823 1.106018 5.030591
v -0.113823 1.122028 5.030591
v -0.113823 1.106018 5.014581
v -0.113823 1.122028 5.014581
v -0.129833 1.106018 5.030591
v -0.129833 1.122028 5.030591
v -0.129833 1.106018 5.014581
v -0.129833 1.122028 5.014581
v -0.113823 1.086807 5.030591
v -0.113823 1.102816 5.030591
v -0.113823 1.086807 5.014581
v -0.113823 1.102816 5.014581
v -0.129833 1.086807 5.030591
v -0.129833 1.102816 5.030591
v -0.129833 1.086807 5.014581
v -0.129833 1.102816 5.014581
v -0.113823 1.067595 5.030591
v -0.113823 1.083605 5.030591
v -0.113823 1.067595 5.014581
v -0.113823 1.083605 5.014581
v -0.129833 1.067595 5.030591
v -0.129833 1.083605 5.030591
v -0.129833 1.067595 5.014581
v -0.129833 1.083605 5.014581
v 0.063386 1.061371 5.004294
v 0.070969 1.058230 5.004294
v 0.074110 1.050647 5.004294
v 0.070969 1.043064 5.004294
v 0.063386 1.039923 5.004294
v 0.055803 1.043064 5.004294
v 0.052662 1.050647 5.004294
v 0.055803 1.058230 5.004294
v 0.070969 1.058230 5.013659
v 0.063386 1.061371 5.013659
v 0.074110 1.050647 5.013659
v 0.070969 1.043064 5.013659
v 0.063386 1.039923 5.013659
v 0.055803 1.043064 5.013659
v 0.052662 1.050647 5.013659
v 0.055803 1.058230 5.013659
v 0.037648 1.061371 5.004294
v 0.045231 1.058230 5.004294
v 0.048372 1.050647 5.004294
v 0.045231 1.043064 5.004294
v 0.037648 1.039923 5.004294
v 0.030065 1.043064 5.004294
v 0.026924 1.050647 5.004294
v 0.030065 1.058230 5.004294
v 0.045231 1.058230 5.013659
v 0.037648 1.061371 5.013659
v 0.048372 1.050647 5.013659
v 0.045231 1.043064 5.013659
v 0.037648 1.039923 5.013659
v 0.030065 1.043064 5.013659
v 0.026924 1.050647 5.013659
v 0.030065 1.058230 5.013659
v 0.011910 1.061371 5.004294
v 0.019493 1.058230 5.004294
v 0.022634 1.050647 5.004294
v 0.019493 1.043064 5.004294
v 0.011910 1.039923 5.004294
v 0.004327 1.043064 5.004294
v 0.001186 1.050647 5.004294
v 0.004327 1.058230 5.004294
v 0.019493 1.058230 5.013659
v 0.011910 1.061371 5.013659
v 0.022634 1.050647 5.013659
v 0.019493 1.043064 5.013659
v 0.011910 1.039923 5.013659
v 0.004327 1.043064 5.013659
v 0.001186 1.050647 5.013659
v 0.004327 1.058230 5.013659
v -0.013828 1.061371 5.004294
v -0.006245 1.058230 5.004294
v -0.003104 1.050647 5.004294
v -0.006245 1.043064 5.004294
v -0.013828 1.039923 5.004294
v -0.021412 1.043064 5.004294
v -0.024553 1.050647 5.004294
v -0.021412 1.058230 5.004294
v -0.006245 1.058230 5.013659
v -0.013828 1.061371 5.013659
v -0.003104 1.050647 5.013659
v -0.006245 1.043064 5.013659
v -0.013828 1.039923 5.013659
v -0.021412 1.043064 5.013659
v -0.024553 1.050647 5.013659
v -0.021412 1.058230 5.013659
v -0.039566 1.061371 5.004294
v -0.031983 1.058230 5.004294
v -0.028842 1.050647 5.004294
v -0.031983 1.043064 5.004294
v -0.039566 1.039923 5.004294
v -0.047150 1.043064 5.004294
v -0.050291 1.050647 5.004294
v -0.047150 1.058230 5.004294
v -0.031983 1.058230 5.013659
v -0.039566 1.061371 5.013659
v -0.028842 1.050647 5.013659
v -0.031983 1.043064 5.013659
v -0.039566 1.039923 5.013659
v -0.047150 1.043064 5.013659
v -0.050291 1.050647 5.013659
v -0.047150 1.058230 5.013659
v -0.065305 1.061371 5.004294
v -0.057721 1.058230 5.004294
v -0.054580 1.050647 5.004294
v -0.057721 1.043064 5.004294
v -0.065305 1.039923 5.004294
v -0.072888 1.043064 5.004294
v -0.076029 1.050647 5.004294
v -0.072888 1.058230 5.004294
v -0.057721 1.058230 5.013659
v -0.065305 1.061371 5.013659
v -0.054580 1.050647 5.013659
v -0.057721 1.043064 5.013659
v -0.065305 1.039923 5.013659
v -0.072888 1.043064 5.013659
v -0.076029 1.050647 5.013659
v -0.072888 1.058230 5.013659
v -0.032834 0.989801 5.024766
v -0.032834 1.007749 5.024766
v -0.032834 0.989801 5.006819
v -0.032834 1.007749 5.006819
v -0.014887 0.989801 5.024766
v -0.014887 1.007749 5.024766
v -0.014887 0.989801 5.006819
v -0.014887 1.007749 5.006819
v -0.025255 0.964675 5.024766
v -0.025255 0.982622 5.024766
v -0.025255 0.964675 5.006819
v -0.025255 0.982622 5.006819
v -0.007307 0.964675 5.024766
v -0.007307 0.982622 5.024766
v -0.007307 0.964675 5.006819
v -0.007307 0.982622 5.006819
v 0.049071 1.014928 5.024766
v 0.049071 1.032875 5.024766
v 0.049071 1.014928 5.006819
v 0.049071 1.032875 5.006819
v 0.067019 1.014928 5.024766
v 0.067019 1.032875 5.024766
v 0.067019 1.014928 5.006819
v 0.067019 1.032875 5.006819
v 0.023945 1.014928 5.024766
v 0.023945 1.032875 5.024766
v 0.023945 1.014928 5.006819
v 0.023945 1.032875 5.006819
v 0.041893 1.014928 5.024766
v 0.041893 1.032875 5.024766
v 0.041893 1.014928 5.006819
v 0.041893 1.032875 5.006819
v -0.001181 1.014928 5.024766
v -0.001181 1.032875 5.024766
v -0.001181 1.014928 5.006819
v -0.001181 1.032875 5.006819
v 0.016766 1.014928 5.024766
v 0.016766 1.032875 5.024766
v 0.016766 1.014928 5.006819
v 0.016766 1.032875 5.006819
v 0.049071 0.989801 5.024766
v 0.049071 1.007749 5.024766
v 0.049071 0.989801 5.006819
v 0.049071 1.007749 5.006819
v 0.067019 0.989801 5.024766
v 0.067019 1.007749 5.024766
v 0.067019 0.989801 5.006819
v 0.067019 1.007749 5.006819
v 0.023945 0.989801 5.024766
v 0.023945 1.007749 5.024766
v 0.023945 0.989801 5.006819
v 0.023945 1.007749 5.006819
v 0.041893 0.989801 5.024766
v 0.041893 1.007749 5.024766
v 0.041893 0.989801 5.006819
v 0.041893 1.007749 5.006819
v -0.001181 0.989801 5.024766
v -0.001181 1.007749 5.024766
v -0.001181 0.989801 5.006819
v -0.001181 1.007749 5.006819
v 0.016766 0.989801 5.024766
v 0.016766 1.007749 5.024766
v 0.016766 0.989801 5.006819
v 0.016766 1.007749 5.006819
v 0.049071 0.964675 5.024766
v 0.049071 0.982622 5.024766
v 0.049071 0.964675 5.006819
v 0.049071 0.982622 5.006819
v 0.067019 0.964675 5.024766
v 0.067019 0.982622 5.024766
v 0.067019 0.964675 5.006819
v 0.067019 0.982622 5.006819
v 0.023945 0.964675 5.024766
v 0.023945 0.982622 5.024766
v 0.023945 0.964675 5.006819
v 0.023945 0.982622 5.006819
v 0.041893 0.964675 5.024766
v 0.041893 0.982622 5.024766
v 0.041893 0.964675 5.006819
v 0.041893 0.982622 5.006819
v -0.001181 0.964675 5.024766
v -0.001181 0.982622 5.024766
v -0.001181 0.964675 5.006819
v -0.001181 0.982622 5.006819
v 0.016766 0.964675 5.024766
v 0.016766 0.982622 5.024766
v 0.016766 0.964675 5.006819
v 0.016766 0.982622 5.006819
v -0.013704 0.957645 5.005821
v -0.006696 0.954742 5.005821
v -0.003793 0.947733 5.005821
v -0.006696 0.940725 5.005821
v -0.013704 0.937822 5.005821
v -0.020713 0.940725 5.005821
v -0.023616 0.947733 5.005821
v -0.020713 0.954742 5.005821
v -0.006696 0.954742 5.023460
v -0.013704 0.957645 5.023460
v -0.003793 0.947733 5.023460
v -0.006696 0.940725 5.023460
v -0.013704 0.937822 5.023460
v -0.020713 0.940725 5.023460
v -0.023616 0.947733 5.023460
v -0.020713 0.954742 5.023460
v 0.049703 0.934577 5.024766
v 0.049703 0.960995 5.024766
v 0.049703 0.934577 5.006819
v 0.049703 0.960995 5.006819
v 0.064973 0.934577 5.024766
v 0.064973 0.960995 5.024766
v 0.064973 0.934577 5.006819
v 0.064973 0.960995 5.006819
v -0.032834 1.014928 5.024766
v -0.032834 1.032875 5.024766
v -0.032834 1.014928 5.006819
v -0.032834 1.032875 5.006819
v -0.014887 1.014928 5.024766
v -0.014887 1.032875 5.024766
v -0.014887 1.014928 5.006819
v -0.014887 1.032875 5.006819
v -0.056552 1.029225 5.006731
v -0.050266 1.026621 5.006731
v -0.047662 1.020335 5.006731
v -0.050266 1.014050 5.006731
v -0.056552 1.011446 5.006731
v -0.062837 1.014050 5.006731
v -0.065441 1.020335 5.006731
v -0.062837 1.026621 5.006731
v -0.050266 1.026621 5.022550
v -0.056552 1.029225 5.022550
v -0.047662 1.020335 5.022550
v -0.050266 1.014050 5.022550
v -0.056552 1.011446 5.022550
v -0.062837 1.014050 5.022550
v -0.065441 1.020335 5.022550
v -0.062837 1.026621 5.022550
v -0.056552 0.967167 5.005821
v -0.049543 0.964263 5.005821
v -0.046640 0.957255 5.005821
v -0.049543 0.950246 5.005821
v -0.056552 0.947343 5.005821
v -0.063560 0.950246 5.005821
v -0.066463 0.957255 5.005821
v -0.063560 0.964263 5.005821
v -0.049543 0.964263 5.023460
v -0.056552 0.967167 5.023460
v -0.046640 0.957255 5.023460
v -0.049543 0.950246 5.023460
v -0.056552 0.947343 5.023460
v -0.063560 0.950246 5.023460
v -0.066463 0.957255 5.023460
v -0.063560 0.964263 5.023460
v -0.064557 0.977425 5.024766
v -0.064557 1.003842 5.024766
v -0.064557 0.977425 5.006819
v -0.064557 1.003842 5.006819
v -0.049286 0.977425 5.024766
v -0.049286 1.003842 5.024766
v -0.049286 0.977425 5.006819
v -0.049286 1.003842 5.006819
v -0.245963 0.759419 5.237459
v -0.245963 0.904598 5.237459
v -0.230869 0.774513 5.201900
v -0.230869 0.889505 5.201900
v -0.100784 0.759419 5.237459
v -0.100784 0.904598 5.237459
v -0.115878 0.774513 5.201900
v -0.115878 0.889505 5.201900
v -0.245963 0.904598 5.201900
v -0.245963 0.759419 5.201900
v -0.100784 0.759419 5.201900
v -0.100784 0.904598 5.201900
v -0.230869 0.889505 5.206563
v -0.230869 0.774513 5.206563
v -0.115878 0.774513 5.206563
v -0.115878 0.889505 5.206563
v 0.245964 0.759419 5.237459
v 0.245964 0.904598 5.237459
v 0.230870 0.774513 5.201900
v 0.230870 0.889505 5.201900
v 0.100785 0.759419 5.237459
v 0.100785 0.904598 5.237459
v 0.115878 0.774513 5.201900
v 0.115878 0.889505 5.201900
v 0.245964 0.904598 5.201900
v 0.245964 0.759419 5.201900
v 0.100785 0.759419 5.201900
v 0.100785 0.904598 5.201900
v 0.230870 0.889505 5.206563
v 0.230870 0.774513 5.206563
v 0.115878 0.774513 5.206563
v 0.115878 0.889505 5.206563
v -0.244328 0.802263 5.211617
v -0.231650 0.802263 5.211617
v -0.244328 0.802263 5.198939
v -0.231650 0.802263 5.198939
v -0.244328 0.789585 5.211617
v -0.231650 0.789585 5.211617
v -0.244328 0.789585 5.198939
v -0.231650 0.789585 5.198939
v -0.244328 0.820293 5.211617
v -0.231650 0.820293 5.211617
v -0.244328 0.820293 5.198939
v -0.231650 0.820293 5.198939
v -0.244328 0.807615 5.211617
v -0.231650 0.807615 5.211617
v -0.244328 0.807615 5.198939
v -0.231650 0.807615 5.198939
v -0.244328 0.838323 5.211617
v -0.231650 0.838323 5.211617
v -0.244328 0.838323 5.198939
v -0.231650 0.838323 5.198939
v -0.244328 0.825644 5.211617
v -0.231650 0.825644 5.211617
v -0.244328 0.825644 5.198939
v -0.231650 0.825644 5.198939
v -0.244328 0.856353 5.211617
v -0.231650 0.856353 5.211617
v -0.244328 0.856353 5.198939
v -0.231650 0.856353 5.198939
v -0.244328 0.843674 5.211617
v -0.231650 0.843674 5.211617
v -0.244328 0.843674 5.198939
v -0.231650 0.843674 5.198939
v -0.244328 0.874382 5.211617
v -0.231650 0.874382 5.211617
v -0.244328 0.874382 5.198939
v -0.231650 0.874382 5.198939
v -0.244328 0.861704 5.211617
v -0.231650 0.861704 5.211617
v -0.244328 0.861704 5.198939
v -0.231650 0.861704 5.198939
v -0.113970 0.802263 5.211617
v -0.101291 0.802263 5.211617
v -0.113970 0.802263 5.198939
v -0.101291 0.802263 5.198939
v -0.113970 0.789585 5.211617
v -0.101291 0.789585 5.211617
v -0.113970 0.789585 5.198939
v -0.101291 0.789585 5.198939
v -0.113970 0.820293 5.211617
v -0.101291 0.820293 5.211617
v -0.113970 0.820293 5.198939
v -0.101291 0.820293 5.198939
v -0.113970 0.807615 5.211617
v -0.101291 0.807615 5.211617
v -0.113970 0.807615 5.198939
v -0.101291 0.807615 5.198939
v -0.113970 0.838323 5.211617
v -0.101291 0.838323 5.211617
v -0.113970 0.838323 5.198939
v -0.101291 0.838323 5.198939
v -0.113970 0.825644 5.211617
v -0.101291 0.825644 5.211617
v -0.113970 0.825644 5.198939
v -0.101291 0.825644 5.198939
v -0.113970 0.856353 5.211617
v -0.101291 0.856353 5.211617
v -0.113970 0.856353 5.198939
v -0.101291 0.856353 5.198939
v -0.113970 0.843674 5.211617
v -0.101291 0.843674 5.211617
v -0.113970 0.843674 5.198939
v -0.101291 0.843674 5.198939
v -0.113970 0.874382 5.211617
v -0.101291 0.874382 5.211617
v -0.113970 0.874382 5.198939
v -0.101291 0.874382 5.198939
v -0.113970 0.861704 5.211617
v -0.101291 0.861704 5.211617
v -0.113970 0.861704 5.198939
v -0.101291 0.861704 5.198939
v -0.143089 0.890824 5.211617
v -0.143089 0.903502 5.211617
v -0.143089 0.890824 5.198939
v -0.143089 0.903502 5.198939
v -0.130411 0.890824 5.211617
v -0.130411 0.903502 5.211617
v -0.130411 0.890824 5.198939
v -0.130411 0.903502 5.198939
v -0.161119 0.890824 5.211617
v -0.161119 0.903502 5.211617
v -0.161119 0.890824 5.198939
v -0.161119 0.903502 5.198939
v -0.148441 0.890824 5.211617
v -0.148441 0.903502 5.211617
v -0.148441 0.890824 5.198939
v -0.148441 0.903502 5.198939
v -0.179149 0.890824 5.211617
v -0.179149 0.903502 5.211617
v -0.179149 0.890824 5.198939
v -0.179149 0.903502 5.198939
v -0.166471 0.890824 5.211617
v -0.166471 0.903502 5.211617
v -0.166471 0.890824 5.198939
v -0.166471 0.903502 5.198939
v -0.197179 0.890824 5.211617
v -0.197179 0.903502 5.211617
v -0.197179 0.890824 5.198939
v -0.197179 0.903502 5.198939
v -0.184500 0.890824 5.211617
v -0.184500 0.903502 5.211617
v -0.184500 0.890824 5.198939
v -0.184500 0.903502 5.198939
v -0.215208 0.890824 5.211617
v -0.215208 0.903502 5.211617
v -0.215208 0.890824 5.198939
v -0.215208 0.903502 5.198939
v -0.202530 0.890824 5.211617
v -0.202530 0.903502 5.211617
v -0.202530 0.890824 5.198939
v -0.202530 0.903502 5.198939
v -0.143089 0.760465 5.211617
v -0.143089 0.773143 5.211617
v -0.143089 0.760465 5.198939
v -0.143089 0.773143 5.198939
v -0.130411 0.760465 5.211617
v -0.130411 0.773143 5.211617
v -0.130411 0.760465 5.198939
v -0.130411 0.773143 5.198939
v -0.161119 0.760465 5.211617
v -0.161119 0.773143 5.211617
v -0.161119 0.760465 5.198939
v -0.161119 0.773143 5.198939
v -0.148441 0.760465 5.211617
v -0.148441 0.773143 5.211617
v -0.148441 0.760465 5.198939
v -0.148441 0.773143 5.198939
v -0.179149 0.760465 5.211617
v -0.179149 0.773143 5.211617
v -0.179149 0.760465 5.198939
v -0.179149 0.773143 5.198939
v -0.166471 0.760465 5.211617
v -0.166471 0.773143 5.211617
v -0.166471 0.760465 5.198939
v -0.166471 0.773143 5.198939
v -0.197179 0.760465 5.211617
v -0.197179 0.773143 5.211617
v -0.197179 0.760465 5.198939
v -0.197179 0.773143 5.198939
v -0.184500 0.760465 5.211617
v -0.184500 0.773143 5.211617
v -0.184500 0.760465 5.198939
v -0.184500 0.773143 5.198939
v -0.215208 0.760465 5.211617
v -0.215208 0.773143 5.211617
v -0.215208 0.760465 5.198939
v -0.215208 0.773143 5.198939
v -0.202530 0.760465 5.211617
v -0.202530 0.773143 5.211617
v -0.202530 0.760465 5.198939
v -0.202530 0.773143 5.198939
v 0.244329 0.802263 5.211617
v 0.231650 0.802263 5.211617
v 0.244329 0.802263 5.198939
v 0.231650 0.802263 5.198939
v 0.244329 0.789585 5.211617
v 0.231650 0.789585 5.211617
v 0.244329 0.789585 5.198939
v 0.231650 0.789585 5.198939
v 0.244329 0.820293 5.211617
v 0.231650 0.820293 5.211617
v 0.244329 0.820293 5.198939
v 0.231650 0.820293 5.198939
v 0.244329 0.807615 5.211617
v 0.231650 0.807615 5.211617
v 0.244329 0.807615 5.198939
v 0.231650 0.807615 5.198939
v 0.244329 0.838323 5.211617
v 0.231650 0.838323 5.211617
v 0.244329 0.838323 5.198939
v 0.231650 0.838323 5.198939
v 0.244329 0.825644 5.211617
v 0.231650 0.825644 5.211617
v 0.244329 0.825644 5.198939
v 0.231650 0.825644 5.198939
v 0.244329 0.856353 5.211617
v 0.231650 0.856353 5.211617
v 0.244329 0.856353 5.198939
v 0.231650 0.856353 5.198939
v 0.244329 0.843674 5.211617
v 0.231650 0.843674 5.211617
v 0.244329 0.843674 5.198939
v 0.231650 0.843674 5.198939
v 0.244329 0.874382 5.211617
v 0.231650 0.874382 5.211617
v 0.244329 0.874382 5.198939
v 0.231650 0.874382 5.198939
v 0.244329 0.861704 5.211617
v 0.231650 0.861704 5.211617
v 0.244329 0.861704 5.198939
v 0.231650 0.861704 5.198939
v 0.113970 0.802263 5.211617
v 0.101292 0.802263 5.211617
v 0.113970 0.802263 5.198939
v 0.101292 0.802263 5.198939
v 0.113970 0.789585 5.211617
v 0.101292 0.789585 5.211617
v 0.113970 0.789585 5.198939
v 0.101292 0.789585 5.198939
v 0.113970 0.820293 5.211617
v 0.101292 0.820293 5.211617
v 0.113970 0.820293 5.198939
v 0.101292 0.820293 5.198939
v 0.113970 0.807615 5.211617
v 0.101292 0.807615 5.211617
v 0.113970 0.807615 5.198939
v 0.101292 0.807615 5.198939
v 0.113970 0.838323 5.211617
v 0.101292 0.838323 5.211617
v 0.113970 0.838323 5.198939
v 0.101292 0.838323 5.198939
v 0.113970 0.825644 5.211617
v 0.101292 0.825644 5.211617
v 0.113970 0.825644 5.198939
v 0.101292 0.825644 5.198939
v 0.113970 0.856353 5.211617
v 0.101292 0.856353 5.211617
v 0.113970 0.856353 5.198939
v 0.101292 0.856353 5.198939
v 0.113970 0.843674 5.211617
v 0.101292 0.843674 5.211617
v 0.113970 0.843674 5.198939
v 0.101292 0.843674 5.198939
v 0.113970 0.874382 5.211617
v 0.101292 0.874382 5.211617
v 0.113970 0.874382 5.198939
v 0.101292 0.874382 5.198939
v 0.113970 0.861704 5.211617
v 0.101292 0.861704 5.211617
v 0.113970 0.861704 5.198939
v 0.101292 0.861704 5.198939
v 0.143090 0.890824 5.211617
v 0.143090 0.903502 5.211617
v 0.143090 0.890824 5.198939
v 0.143090 0.903502 5.198939
v 0.130412 0.890824 5.211617
v 0.130412 0.903502 5.211617
v 0.130412 0.890824 5.198939
v 0.130412 0.903502 5.198939
v 0.161120 0.890824 5.211617
v 0.161120 0.903502 5.211617
v 0.161120 0.890824 5.198939
v 0.161120 0.903502 5.198939
v 0.148441 0.890824 5.211617
v 0.148441 0.903502 5.211617
v 0.148441 0.890824 5.198939
v 0.148441 0.903502 5.198939
v 0.179149 0.890824 5.211617
v 0.179149 0.903502 5.211617
v 0.179149 0.890824 5.198939
v 0.179149 0.903502 5.198939
v 0.166471 0.890824 5.211617
v 0.166471 0.903502 5.211617
v 0.166471 0.890824 5.198939
v 0.166471 0.903502 5.198939
v 0.197179 0.890824 5.211617
v 0.197179 0.903502 5.211617
v 0.197179 0.890824 5.198939
v 0.197179 0.903502 5.198939
v 0.184501 0.890824 5.211617
v 0.184501 0.903502 5.211617
v 0.184501 0.890824 5.198939
v 0.184501 0.903502 5.198939
v 0.215209 0.890824 5.211617
v 0.215209 0.903502 5.211617
v 0.215209 0.890824 5.198939
v 0.215209 0.903502 5.198939
v 0.202531 0.890824 5.211617
v 0.202531 0.903502 5.211617
v 0.202531 0.890824 5.198939
v 0.202531 0.903502 5.198939
v 0.143090 0.760465 5.211617
v 0.143090 0.773143 5.211617
v 0.143090 0.760465 5.198939
v 0.143090 0.773143 5.198939
v 0.130412 0.760465 5.211617
v 0.130412 0.773143 5.211617
v 0.130412 0.760465 5.198939
v 0.130412 0.773143 5.198939
v 0.161120 0.760465 5.211617
v 0.161120 0.773143 5.211617
v 0.161120 0.760465 5.198939
v 0.161120 0.773143 5.198939
v 0.148441 0.760465 5.211617
v 0.148441 0.773143 5.211617
v 0.148441 0.760465 5.198939
v 0.148441 0.773143 5.198939
v 0.179149 0.760465 5.211617
v 0.179149 0.773143 5.211617
v 0.179149 0.760465 5.198939
v 0.179149 0.773143 5.198939
v 0.166471 0.760465 5.211617
v 0.166471 0.773143 5.211617
v 0.166471 0.760465 5.198939
v 0.166471 0.773143 5.198939
v 0.197179 0.760465 5.211617
v 0.197179 0.773143 5.211617
v 0.197179 0.760465 5.198939
v 0.197179 0.773143 5.198939
v 0.184501 0.760465 5.211617
v 0.184501 0.773143 5.211617
v 0.184501 0.760465 5.198939
v 0.184501 0.773143 5.198939
v 0.215209 0.760465 5.211617
v 0.215209 0.773143 5.211617
v 0.215209 0.760465 5.198939
v 0.215209 0.773143 5.198939
v 0.202531 0.760465 5.211617
v 0.202531 0.773143 5.211617
v 0.202531 0.760465 5.198939
v 0.202531 0.773143 5.198939
v 0.255390 0.758117 5.219678
v 0.255390 0.868448 5.219678
v 0.255390 0.758117 5.207107
v 0.255390 0.868448 5.207107
v 0.308178 0.758117 5.219678
v 0.308178 0.868448 5.219678
v 0.308178 0.758117 5.207107
v 0.308178 0.868448 5.207107
v 0.255390 0.905256 5.219678
v 0.255390 0.905256 5.207107
v 0.265149 0.905256 5.219678
v 0.265149 0.905256 5.207107
v 0.261898 0.863728 5.207565
v 0.261898 0.888048 5.207565
v 0.261898 0.866666 5.203060
v 0.261898 0.888048 5.205967
v 0.278010 0.863728 5.207565
v 0.278010 0.888048 5.207565
v 0.278010 0.866666 5.203060
v 0.278010 0.888048 5.205967
v 0.263873 0.841874 5.216925
v 0.263873 0.854303 5.216925
v 0.263873 0.841874 5.204496
v 0.263873 0.854303 5.204496
v 0.276302 0.841874 5.216925
v 0.276302 0.854303 5.216925
v 0.276302 0.841874 5.204496
v 0.276302 0.854303 5.204496
v 0.263873 0.811993 5.216925
v 0.263873 0.824422 5.216925
v 0.263873 0.811993 5.204496
v 0.263873 0.824422 5.204496
v 0.276302 0.811993 5.216925
v 0.276302 0.824422 5.216925
v 0.276302 0.811993 5.204496
v 0.276302 0.824422 5.204496
v 0.000000 0.554476 5.237198
v 0.000000 0.644144 5.237198
v 0.000000 0.554476 5.206847
v 0.000000 0.644144 5.206847
v 0.042094 0.554476 5.237198
v 0.042094 0.644144 5.237198
v 0.042094 0.554476 5.206847
v 0.042094 0.644144 5.206847
v -0.042093 0.554476 5.237198
v -0.042093 0.644144 5.237198
v -0.042093 0.554476 5.206847
v -0.042093 0.644144 5.206847
v 0.049141 0.650902 5.237198
v 0.049141 0.740569 5.237198
v 0.049141 0.650902 5.206847
v 0.049141 0.740569 5.206847
v 0.086552 0.650902 5.237198
v 0.086552 0.740569 5.237198
v 0.086552 0.650902 5.206847
v 0.086552 0.740569 5.206847
v -0.049140 0.650902 5.237198
v -0.049140 0.740569 5.237198
v -0.049140 0.650902 5.206847
v -0.049140 0.740569 5.206847
v -0.086551 0.650902 5.237198
v -0.086551 0.740569 5.237198
v -0.086551 0.650902 5.206847
v -0.086551 0.740569 5.206847
v -0.232967 0.907922 5.220938
v -0.232967 0.955409 5.220938
v -0.232967 0.907922 5.203888
v -0.232967 0.955409 5.203888
v -0.185427 0.907922 5.220938
v -0.185427 0.955409 5.220938
v -0.185427 0.907922 5.203888
v -0.185427 0.955409 5.203888
v 0.191351 0.907574 5.213068
v 0.191351 0.982676 5.213068
v 0.191351 0.907574 5.201775
v 0.191351 0.982676 5.201775
v 0.254602 0.907574 5.213068
v 0.254602 0.920864 5.213068
v 0.254602 0.907574 5.201775
v 0.254602 0.920864 5.201775
v 0.101769 0.907530 5.213068
v 0.101769 0.991385 5.213068
v 0.101769 0.907530 5.201775
v 0.101769 0.991385 5.201775
v 0.185624 0.907530 5.213068
v 0.185624 0.991385 5.213068
v 0.185624 0.907530 5.201775
v 0.185624 0.991385 5.201775
v -0.179485 0.909782 5.223135
v -0.179485 0.987687 5.223135
v -0.179485 0.909782 5.201691
v -0.179485 0.987687 5.201691
v -0.101580 0.909782 5.223135
v -0.101580 0.987687 5.223135
v -0.101580 0.909782 5.201691
v -0.101580 0.987687 5.201691
v -0.283281 0.864790 5.216946
v -0.283281 0.897429 5.216946
v -0.283281 0.864790 5.206762
v -0.283281 0.897429 5.206762
v -0.250642 0.864790 5.216946
v -0.250642 0.897429 5.216946
v -0.250642 0.864790 5.206762
v -0.250642 0.897429 5.206762
v -0.295758 0.817205 5.218490
v -0.295758 0.861456 5.218490
v -0.295758 0.817205 5.206708
v -0.295758 0.861456 5.206708
v -0.251507 0.817205 5.218490
v -0.251507 0.861456 5.218490
v -0.251507 0.817205 5.206708
v -0.251507 0.861456 5.206708
v -0.308049 0.756200 5.220134
v -0.308049 0.812821 5.220134
v -0.308049 0.756200 5.206650
v -0.308049 0.812821 5.206650
v -0.251428 0.756200 5.220134
v -0.251428 0.812821 5.220134
v -0.251428 0.756200 5.206650
v -0.251428 0.812821 5.206650
v 0.001861 0.754543 5.237198
v 0.001861 0.834880 5.237198
v 0.001861 0.754543 5.206847
v 0.001861 0.834880 5.206847
v 0.082197 0.754543 5.237198
v 0.082197 0.834880 5.237198
v 0.082197 0.754543 5.206847
v 0.082197 0.834880 5.206847
v -0.001861 0.754543 5.237198
v -0.001861 0.834880 5.237198
v -0.001861 0.754543 5.206847
v -0.001861 0.834880 5.206847
v -0.082197 0.754543 5.237198
v -0.082197 0.834880 5.237198
v -0.082197 0.754543 5.206847
v -0.082197 0.834880 5.206847
v 0.046030 0.553257 5.237198
v 0.046030 0.642925 5.237198
v 0.046030 0.553257 5.206847
v 0.046030 0.642925 5.206847
v 0.086552 0.553257 5.237198
v 0.086552 0.642925 5.237198
v 0.086552 0.553257 5.206847
v 0.086552 0.642925 5.206847
v -0.046030 0.553257 5.237198
v -0.046030 0.642925 5.237198
v -0.046030 0.553257 5.206847
v -0.046030 0.642925 5.206847
v -0.086551 0.553257 5.237198
v -0.086551 0.642925 5.237198
v -0.086551 0.553257 5.206847
v -0.086551 0.642925 5.206847
v 0.000000 0.650902 5.237198
v 0.000000 0.740569 5.237198
v 0.000000 0.650902 5.206847
v 0.000000 0.740569 5.206847
v 0.045204 0.650902 5.237198
v 0.045204 0.740569 5.237198
v 0.045204 0.650902 5.206847
v 0.045204 0.740569 5.206847
v -0.045203 0.650902 5.237198
v -0.045203 0.740569 5.237198
v -0.045203 0.650902 5.206847
v -0.045203 0.740569 5.206847
v 0.338004 0.470512 5.235614
v 0.338004 0.605931 5.235614
v 0.338004 0.470512 5.204718
v 0.338004 0.605931 5.204718
v 0.445896 0.470512 5.235614
v 0.445896 0.605931 5.235614
v 0.445896 0.470512 5.204718
v 0.445896 0.605931 5.204718
v 0.333743 0.615336 5.232333
v 0.333743 0.749859 5.232333
v 0.333743 0.615336 5.201437
v 0.333743 0.749859 5.201437
v 0.406443 0.615336 5.232333
v 0.406443 0.736136 5.232333
v 0.406443 0.615336 5.201437
v 0.406443 0.736136 5.201437
v 0.333743 0.731176 5.232333
v 0.333743 0.731176 5.201437
v 0.406443 0.717033 5.201437
v 0.406443 0.717033 5.232333
v 0.481095 0.615336 5.232333
v 0.481095 0.615336 5.201437
v 0.430332 0.717033 5.201437
v 0.430332 0.717033 5.232333
v 0.451400 0.615336 5.201437
v 0.451400 0.615336 5.232333
v 0.415521 0.717033 5.201437
v 0.415521 0.717033 5.232333
v 0.489390 0.593687 5.232333
v 0.489390 0.593687 5.201437
v 0.451400 0.593687 5.201437
v 0.451400 0.593687 5.232333
v 0.333743 0.768522 5.232333
v 0.333743 0.768522 5.201437
v 0.370499 0.764790 5.232333
v 0.370499 0.764790 5.201437
v 0.451890 0.470512 5.235614
v 0.451890 0.566216 5.235614
v 0.451890 0.470512 5.204718
v 0.451890 0.566216 5.204718
v 0.499423 0.470512 5.235614
v 0.499423 0.566216 5.235614
v 0.499423 0.470512 5.204718
v 0.499423 0.566216 5.204718
v 0.341198 0.625726 5.204937
v 0.341198 0.660347 5.204937
v 0.375820 0.625726 5.204937
v 0.375820 0.660347 5.204937
v 0.341198 0.660347 5.197166
v 0.341198 0.625726 5.197166
v 0.375820 0.625726 5.197166
v 0.375820 0.660347 5.197166
v 0.346114 0.635632 5.197166
v 0.351104 0.630642 5.197166
v 0.342586 0.627113 5.197166
v 0.351104 0.655431 5.197166
v 0.346114 0.650441 5.197166
v 0.342586 0.658960 5.197166
v 0.365914 0.630642 5.197166
v 0.370904 0.635632 5.197166
v 0.374432 0.627113 5.197166
v 0.370904 0.650441 5.197166
v 0.365914 0.655431 5.197166
v 0.374432 0.658960 5.197166
v 0.346114 0.650441 5.199477
v 0.351104 0.655431 5.199477
v 0.351104 0.630642 5.199477
v 0.346114 0.635632 5.199477
v 0.370904 0.635632 5.199477
v 0.365914 0.630642 5.199477
v 0.365914 0.655431 5.199477
v 0.370904 0.650441 5.199477
v 0.277223 0.779622 5.211858
v 0.277223 0.794871 5.211858
v 0.281445 0.783844 5.204780
v 0.281445 0.790649 5.204780
v 0.292473 0.779622 5.211858
v 0.292473 0.794871 5.211858
v 0.288251 0.783844 5.204780
v 0.288251 0.790649 5.204780
v 0.277223 0.794871 5.204780
v 0.277223 0.779622 5.204780
v 0.292473 0.779622 5.204780
v 0.292473 0.794871 5.204780
v 0.279343 0.792751 5.187952
v 0.279343 0.781742 5.187952
v 0.290353 0.781742 5.187952
v 0.290353 0.792751 5.187952
v 0.281847 0.790247 5.185115
v 0.281847 0.784246 5.185115
v 0.287848 0.784246 5.185115
v 0.287848 0.790247 5.185115
v 0.357750 0.676241 5.206089
v 0.357750 0.691491 5.206089
v 0.361972 0.680463 5.199012
v 0.361972 0.687268 5.199012
v 0.373000 0.676241 5.206089
v 0.373000 0.691491 5.206089
v 0.368778 0.680463 5.199012
v 0.368778 0.687268 5.199012
v 0.357750 0.691491 5.199012
v 0.357750 0.676241 5.199012
v 0.373000 0.676241 5.199012
v 0.373000 0.691491 5.199012
v 0.359870 0.689370 5.182184
v 0.359870 0.678361 5.182184
v 0.370880 0.678361 5.182184
v 0.370880 0.689370 5.182184
v 0.362374 0.686866 5.179347
v 0.362374 0.680865 5.179347
v 0.368376 0.680865 5.179347
v 0.368376 0.686866 5.179347
v 0.383675 0.676241 5.206089
v 0.383675 0.691491 5.206089
v 0.387897 0.680463 5.199012
v 0.387897 0.687268 5.199012
v 0.398924 0.676241 5.206089
v 0.398924 0.691491 5.206089
v 0.394702 0.680463 5.199012
v 0.394702 0.687268 5.199012
v 0.383675 0.691491 5.199012
v 0.383675 0.676241 5.199012
v 0.398924 0.676241 5.199012
v 0.398924 0.691491 5.199012
v 0.385795 0.689370 5.182184
v 0.385795 0.678361 5.182184
v 0.396804 0.678361 5.182184
v 0.396804 0.689370 5.182184
v 0.388299 0.686866 5.179347
v 0.388299 0.680865 5.179347
v 0.394300 0.680865 5.179347
v 0.394300 0.686866 5.179347
v 0.409599 0.676241 5.206089
v 0.409599 0.691491 5.206089
v 0.413821 0.680463 5.199012
v 0.413821 0.687268 5.199012
v 0.424849 0.676241 5.206089
v 0.424849 0.691491 5.206089
v 0.420627 0.680463 5.199012
v 0.420627 0.687268 5.199012
v 0.409599 0.691491 5.199012
v 0.409599 0.676241 5.199012
v 0.424849 0.676241 5.199012
v 0.424849 0.691491 5.199012
v 0.411719 0.689370 5.182184
v 0.411719 0.678361 5.182184
v 0.422729 0.678361 5.182184
v 0.422729 0.689370 5.182184
v 0.414224 0.686866 5.179347
v 0.414224 0.680865 5.179347
v 0.420225 0.680865 5.179347
v 0.420225 0.686866 5.179347
v 0.423848 0.627855 5.206089
v 0.423848 0.643105 5.206089
v 0.428070 0.632078 5.199012
v 0.428070 0.638883 5.199012
v 0.439098 0.627855 5.206089
v 0.439098 0.643105 5.206089
v 0.434876 0.632078 5.199012
v 0.434876 0.638883 5.199012
v 0.423848 0.643105 5.199012
v 0.423848 0.627855 5.199012
v 0.439098 0.627855 5.199012
v 0.439098 0.643105 5.199012
v 0.425968 0.640985 5.182184
v 0.425968 0.629976 5.182184
v 0.436978 0.629976 5.182184
v 0.436978 0.640985 5.182184
v 0.428473 0.638481 5.179347
v 0.428473 0.632480 5.179347
v 0.434474 0.632480 5.179347
v 0.434474 0.638481 5.179347
v 0.359478 0.564349 5.208194
v 0.359478 0.579599 5.208194
v 0.363700 0.568572 5.201117
v 0.363700 0.575377 5.201117
v 0.374728 0.564349 5.208194
v 0.374728 0.579599 5.208194
v 0.370506 0.568572 5.201117
v 0.370506 0.575377 5.201117
v 0.359478 0.579599 5.201117
v 0.359478 0.564349 5.201117
v 0.374728 0.564349 5.201117
v 0.374728 0.579599 5.201117
v 0.361598 0.577479 5.184289
v 0.361598 0.566470 5.184289
v 0.372608 0.566470 5.184289
v 0.372608 0.577479 5.184289
v 0.364103 0.574975 5.181452
v 0.364103 0.568974 5.181452
v 0.370104 0.568974 5.181452
v 0.370104 0.574975 5.181452
v 0.387741 0.519272 5.208194
v 0.387741 0.534522 5.208194
v 0.391963 0.523494 5.201117
v 0.391963 0.530300 5.201117
v 0.402990 0.519272 5.208194
v 0.402990 0.534522 5.208194
v 0.398768 0.523494 5.201117
v 0.398768 0.530300 5.201117
v 0.387741 0.534522 5.201117
v 0.387741 0.519272 5.201117
v 0.402990 0.519272 5.201117
v 0.402990 0.534522 5.201117
v 0.389861 0.532402 5.184289
v 0.389861 0.521392 5.184289
v 0.400870 0.521392 5.184289
v 0.400870 0.532402 5.184289
v 0.392365 0.529898 5.181452
v 0.392365 0.523897 5.181452
v 0.398366 0.523897 5.181452
v 0.398366 0.529898 5.181452
v 0.355608 0.519272 5.208194
v 0.355608 0.534522 5.208194
v 0.359830 0.523494 5.201117
v 0.359830 0.530300 5.201117
v 0.370858 0.519272 5.208194
v 0.370858 0.534522 5.208194
v 0.366636 0.523494 5.201117
v 0.366636 0.530300 5.201117
v 0.355608 0.534522 5.201117
v 0.355608 0.519272 5.201117
v 0.370858 0.519272 5.201117
v 0.370858 0.534522 5.201117
v 0.357728 0.532402 5.184289
v 0.357728 0.521392 5.184289
v 0.368738 0.521392 5.184289
v 0.368738 0.532402 5.184289
v 0.360232 0.529898 5.181452
v 0.360232 0.523897 5.181452
v 0.366233 0.523897 5.181452
v 0.366233 0.529898 5.181452
v 0.418244 0.519272 5.208194
v 0.418244 0.534522 5.208194
v 0.422466 0.523494 5.201117
v 0.422466 0.530300 5.201117
v 0.433494 0.519272 5.208194
v 0.433494 0.534522 5.208194
v 0.429272 0.523494 5.201117
v 0.429272 0.530300 5.201117
v 0.418244 0.534522 5.201117
v 0.418244 0.519272 5.201117
v 0.433494 0.519272 5.201117
v 0.433494 0.534522 5.201117
v 0.420364 0.532402 5.184289
v 0.420364 0.521392 5.184289
v 0.431374 0.521392 5.184289
v 0.431374 0.532402 5.184289
v 0.422869 0.529898 5.181452
v 0.422869 0.523897 5.181452
v 0.428870 0.523897 5.181452
v 0.428870 0.529898 5.181452
v 0.478271 0.530235 5.217985
v 0.478271 0.545699 5.217985
v 0.480815 0.532780 5.202521
v 0.480815 0.543154 5.202521
v 0.493735 0.530235 5.217985
v 0.493735 0.545699 5.217985
v 0.491190 0.532780 5.202521
v 0.491190 0.543154 5.202521
v 0.478271 0.487873 5.217985
v 0.478271 0.503337 5.217985
v 0.480815 0.490417 5.202521
v 0.480815 0.500792 5.202521
v 0.493735 0.487873 5.217985
v 0.493735 0.503337 5.217985
v 0.491190 0.490417 5.202521
v 0.491190 0.500792 5.202521
v 0.478271 0.510790 5.217985
v 0.478271 0.526254 5.217985
v 0.480815 0.513335 5.202521
v 0.480815 0.523709 5.202521
v 0.493735 0.510790 5.217985
v 0.493735 0.526254 5.217985
v 0.491190 0.513335 5.202521
v 0.491190 0.523709 5.202521
v 0.383898 0.628341 5.213577
v 0.383898 0.642809 5.213577
v 0.383898 0.628341 5.199110
v 0.383898 0.642809 5.199110
v 0.398366 0.628341 5.213577
v 0.398366 0.642809 5.213577
v 0.398366 0.628341 5.199110
v 0.398366 0.642809 5.199110
v 0.456603 0.530235 5.217985
v 0.456603 0.545699 5.217985
v 0.459148 0.532780 5.202521
v 0.459148 0.543154 5.202521
v 0.472068 0.530235 5.217985
v 0.472068 0.545699 5.217985
v 0.469523 0.532780 5.202521
v 0.469523 0.543154 5.202521
v 0.456603 0.487873 5.217985
v 0.456603 0.503337 5.217985
v 0.459148 0.490417 5.202521
v 0.459148 0.500792 5.202521
v 0.472068 0.487873 5.217985
v 0.472068 0.503337 5.217985
v 0.469523 0.490417 5.202521
v 0.469523 0.500792 5.202521
v 0.456603 0.510790 5.217985
v 0.456603 0.526254 5.217985
v 0.459148 0.513335 5.202521
v 0.459148 0.523709 5.202521
v 0.472068 0.510790 5.217985
v 0.472068 0.526254 5.217985
v 0.469523 0.513335 5.202521
v 0.469523 0.523709 5.202521
v 0.478271 0.545699 5.202521
v 0.478271 0.530235 5.202521
v 0.493735 0.530235 5.202521
v 0.493735 0.545699 5.202521
v 0.478271 0.503337 5.202521
v 0.478271 0.487873 5.202521
v 0.493735 0.487873 5.202521
v 0.493735 0.503337 5.202521
v 0.478271 0.526254 5.202521
v 0.478271 0.510790 5.202521
v 0.493735 0.510790 5.202521
v 0.493735 0.526254 5.202521
v 0.456603 0.545699 5.202521
v 0.456603 0.530235 5.202521
v 0.472068 0.530235 5.202521
v 0.472068 0.545699 5.202521
v 0.456603 0.503337 5.202521
v 0.456603 0.487873 5.202521
v 0.472068 0.487873 5.202521
v 0.472068 0.503337 5.202521
v 0.456603 0.526254 5.202521
v 0.456603 0.510790 5.202521
v 0.472068 0.510790 5.202521
v 0.472068 0.526254 5.202521
v -0.451051 0.556356 5.229406
v -0.451051 0.653697 5.229406
v -0.451051 0.556356 5.203290
v -0.451051 0.653697 5.203290
v -0.336070 0.556356 5.229406
v -0.336070 0.653697 5.229406
v -0.336070 0.556356 5.203290
v -0.336070 0.653697 5.203290
v -0.451051 0.568524 5.229406
v -0.451051 0.580691 5.229406
v -0.451051 0.592859 5.229406
v -0.451051 0.605027 5.229406
v -0.451051 0.617194 5.229406
v -0.451051 0.629362 5.229406
v -0.451051 0.641529 5.229406
v -0.451051 0.641529 5.203290
v -0.451051 0.629362 5.203290
v -0.451051 0.617194 5.203290
v -0.451051 0.605027 5.203290
v -0.451051 0.592859 5.203290
v -0.451051 0.580691 5.203290
v -0.451051 0.568524 5.203290
v -0.336070 0.641529 5.203290
v -0.336070 0.629362 5.203290
v -0.336070 0.617194 5.203290
v -0.336070 0.605027 5.203290
v -0.336070 0.592859 5.203290
v -0.336070 0.580691 5.203290
v -0.336070 0.568524 5.203290
v -0.336070 0.641529 5.229406
v -0.336070 0.629362 5.229406
v -0.336070 0.617194 5.229406
v -0.336070 0.605027 5.229406
v -0.336070 0.592859 5.229406
v -0.336070 0.580691 5.229406
v -0.336070 0.568524 5.229406
v -0.364815 0.556356 5.203290
v -0.393560 0.556356 5.203290
v -0.422305 0.556356 5.203290
v -0.422305 0.653697 5.203290
v -0.393560 0.653697 5.203290
v -0.364815 0.653697 5.203290
v -0.422305 0.556356 5.229406
v -0.393560 0.556356 5.229406
v -0.364815 0.556356 5.229406
v -0.364815 0.653697 5.229406
v -0.393560 0.653697 5.229406
v -0.422305 0.653697 5.229406
v -0.364815 0.568524 5.229406
v -0.393560 0.568524 5.229406
v -0.422305 0.568524 5.229406
v -0.364815 0.580691 5.229406
v -0.393560 0.580691 5.229406
v -0.422305 0.580691 5.229406
v -0.364815 0.592859 5.229406
v -0.393560 0.592859 5.229406
v -0.422305 0.592859 5.229406
v -0.364815 0.605027 5.229406
v -0.393560 0.605027 5.229406
v -0.422305 0.605027 5.229406
v -0.364815 0.617194 5.229406
v -0.393560 0.617194 5.229406
v -0.422305 0.617194 5.229406
v -0.364815 0.629362 5.229406
v -0.393560 0.629362 5.229406
v -0.422305 0.629362 5.229406
v -0.364815 0.641529 5.229406
v -0.393560 0.641529 5.229406
v -0.422305 0.641529 5.229406
v -0.336070 0.556356 5.203290
v -0.336070 0.641529 5.203290
v -0.336070 0.629362 5.203290
v -0.336070 0.617194 5.203290
v -0.336070 0.605027 5.203290
v -0.336070 0.592859 5.203290
v -0.336070 0.580691 5.203290
v -0.336070 0.568524 5.203290
v -0.364815 0.556356 5.203290
v -0.393560 0.556356 5.203290
v -0.422305 0.556356 5.203290
v -0.422305 0.568524 5.203290
v -0.393560 0.568524 5.203290
v -0.364815 0.568524 5.203290
v -0.422305 0.580691 5.203290
v -0.393560 0.580691 5.203290
v -0.364815 0.580691 5.203290
v -0.422305 0.592859 5.203290
v -0.393560 0.592859 5.203290
v -0.364815 0.592859 5.203290
v -0.422305 0.605027 5.203290
v -0.393560 0.605027 5.203290
v -0.364815 0.605027 5.203290
v -0.422305 0.617194 5.203290
v -0.393560 0.617194 5.203290
v -0.364815 0.617194 5.203290
v -0.422305 0.629362 5.203290
v -0.393560 0.629362 5.203290
v -0.364815 0.629362 5.203290
v -0.422305 0.641529 5.203290
v -0.393560 0.641529 5.203290
v -0.364815 0.641529 5.203290
v -0.337637 0.567860 5.200642
v -0.337637 0.557020 5.200642
v -0.337637 0.640866 5.200642
v -0.337637 0.630025 5.200642
v -0.337637 0.616531 5.200642
v -0.337637 0.605690 5.200642
v -0.337637 0.592195 5.200642
v -0.337637 0.581355 5.200642
v -0.363247 0.567860 5.200642
v -0.363247 0.581355 5.200642
v -0.363247 0.592195 5.200642
v -0.363247 0.605690 5.200642
v -0.363247 0.616531 5.200642
v -0.363247 0.630025 5.200642
v -0.363247 0.640866 5.200642
v -0.363247 0.557020 5.200642
v -0.395128 0.557020 5.200642
v -0.420738 0.557020 5.200642
v -0.420738 0.567860 5.200642
v -0.395128 0.567860 5.200642
v -0.420738 0.581355 5.200642
v -0.395128 0.581355 5.200642
v -0.420738 0.592195 5.200642
v -0.395128 0.592195 5.200642
v -0.420738 0.605690 5.200642
v -0.395128 0.605690 5.200642
v -0.420738 0.616531 5.200642
v -0.395128 0.616531 5.200642
v -0.420738 0.630025 5.200642
v -0.395128 0.630025 5.200642
v -0.420738 0.640866 5.200642
v -0.395128 0.640866 5.200642
v -0.336070 0.653697 5.203290
v -0.336070 0.641529 5.203290
v -0.336070 0.629362 5.203290
v -0.336070 0.617194 5.203290
v -0.336070 0.605027 5.203290
v -0.336070 0.592859 5.203290
v -0.336070 0.580691 5.203290
v -0.336070 0.568524 5.203290
v -0.422305 0.653697 5.203290
v -0.393560 0.653697 5.203290
v -0.364815 0.653697 5.203290
v -0.422305 0.568524 5.203290
v -0.393560 0.568524 5.203290
v -0.364815 0.568524 5.203290
v -0.422305 0.580691 5.203290
v -0.393560 0.580691 5.203290
v -0.364815 0.580691 5.203290
v -0.422305 0.592859 5.203290
v -0.393560 0.592859 5.203290
v -0.364815 0.592859 5.203290
v -0.422305 0.605027 5.203290
v -0.393560 0.605027 5.203290
v -0.364815 0.605027 5.203290
v -0.422305 0.617194 5.203290
v -0.393560 0.617194 5.203290
v -0.364815 0.617194 5.203290
v -0.422305 0.629362 5.203290
v -0.393560 0.629362 5.203290
v -0.364815 0.629362 5.203290
v -0.422305 0.641529 5.203290
v -0.393560 0.641529 5.203290
v -0.364815 0.641529 5.203290
v -0.363247 0.653033 5.200642
v -0.337637 0.653033 5.200642
v -0.337637 0.642193 5.200642
v -0.337637 0.628698 5.200642
v -0.337637 0.617858 5.200642
v -0.337637 0.604363 5.200642
v -0.337637 0.593523 5.200642
v -0.337637 0.580028 5.200642
v -0.337637 0.569187 5.200642
v -0.363247 0.569187 5.200642
v -0.363247 0.580028 5.200642
v -0.363247 0.593523 5.200642
v -0.363247 0.604363 5.200642
v -0.363247 0.617858 5.200642
v -0.363247 0.628698 5.200642
v -0.363247 0.642193 5.200642
v -0.420738 0.653033 5.200642
v -0.395128 0.653033 5.200642
v -0.420738 0.569187 5.200642
v -0.395128 0.569187 5.200642
v -0.420738 0.580028 5.200642
v -0.395128 0.580028 5.200642
v -0.420738 0.593523 5.200642
v -0.395128 0.593523 5.200642
v -0.420738 0.604363 5.200642
v -0.395128 0.604363 5.200642
v -0.420738 0.617858 5.200642
v -0.395128 0.617858 5.200642
v -0.420738 0.628698 5.200642
v -0.395128 0.628698 5.200642
v -0.420738 0.642193 5.200642
v -0.395128 0.642193 5.200642
v -0.451051 0.653697 5.203290
v -0.451051 0.641529 5.203290
v -0.451051 0.629362 5.203290
v -0.451051 0.617194 5.203290
v -0.451051 0.605027 5.203290
v -0.451051 0.592859 5.203290
v -0.451051 0.580691 5.203290
v -0.451051 0.568524 5.203290
v -0.422305 0.653697 5.203290
v -0.393560 0.653697 5.203290
v -0.364815 0.653697 5.203290
v -0.422305 0.568524 5.203290
v -0.393560 0.568524 5.203290
v -0.364815 0.568524 5.203290
v -0.422305 0.580691 5.203290
v -0.393560 0.580691 5.203290
v -0.364815 0.580691 5.203290
v -0.422305 0.592859 5.203290
v -0.393560 0.592859 5.203290
v -0.364815 0.592859 5.203290
v -0.422305 0.605027 5.203290
v -0.393560 0.605027 5.203290
v -0.364815 0.605027 5.203290
v -0.422305 0.617194 5.203290
v -0.393560 0.617194 5.203290
v -0.364815 0.617194 5.203290
v -0.422305 0.629362 5.203290
v -0.393560 0.629362 5.203290
v -0.364815 0.629362 5.203290
v -0.422305 0.641529 5.203290
v -0.393560 0.641529 5.203290
v -0.364815 0.641529 5.203290
v -0.449483 0.653033 5.200642
v -0.449483 0.642193 5.200642
v -0.449483 0.628698 5.200642
v -0.449483 0.617858 5.200642
v -0.449483 0.604363 5.200642
v -0.449483 0.593523 5.200642
v -0.449483 0.580028 5.200642
v -0.449483 0.569187 5.200642
v -0.423873 0.653033 5.200642
v -0.391993 0.653033 5.200642
v -0.366383 0.653033 5.200642
v -0.423873 0.569187 5.200642
v -0.391993 0.569187 5.200642
v -0.366383 0.569187 5.200642
v -0.423873 0.580028 5.200642
v -0.391993 0.580028 5.200642
v -0.366383 0.580028 5.200642
v -0.423873 0.593523 5.200642
v -0.391993 0.593523 5.200642
v -0.366383 0.593523 5.200642
v -0.423873 0.604363 5.200642
v -0.391993 0.604363 5.200642
v -0.366383 0.604363 5.200642
v -0.423873 0.617858 5.200642
v -0.391993 0.617858 5.200642
v -0.366383 0.617858 5.200642
v -0.423873 0.628698 5.200642
v -0.391993 0.628698 5.200642
v -0.366383 0.628698 5.200642
v -0.423873 0.642193 5.200642
v -0.391993 0.642193 5.200642
v -0.366383 0.642193 5.200642
v -0.451051 0.556356 5.203290
v -0.451051 0.641529 5.203290
v -0.451051 0.629362 5.203290
v -0.451051 0.617194 5.203290
v -0.451051 0.605027 5.203290
v -0.451051 0.592859 5.203290
v -0.451051 0.580691 5.203290
v -0.451051 0.568524 5.203290
v -0.364815 0.556356 5.203290
v -0.393560 0.556356 5.203290
v -0.422305 0.556356 5.203290
v -0.422305 0.568524 5.203290
v -0.393560 0.568524 5.203290
v -0.364815 0.568524 5.203290
v -0.422305 0.580691 5.203290
v -0.393560 0.580691 5.203290
v -0.364815 0.580691 5.203290
v -0.422305 0.592859 5.203290
v -0.393560 0.592859 5.203290
v -0.364815 0.592859 5.203290
v -0.422305 0.605027 5.203290
v -0.393560 0.605027 5.203290
v -0.364815 0.605027 5.203290
v -0.422305 0.617194 5.203290
v -0.393560 0.617194 5.203290
v -0.364815 0.617194 5.203290
v -0.422305 0.629362 5.203290
v -0.393560 0.629362 5.203290
v -0.364815 0.629362 5.203290
v -0.422305 0.641529 5.203290
v -0.393560 0.641529 5.203290
v -0.364815 0.641529 5.203290
v -0.449483 0.567860 5.200642
v -0.449483 0.557020 5.200642
v -0.423873 0.557020 5.200642
v -0.449483 0.640866 5.200642
v -0.449483 0.630025 5.200642
v -0.449483 0.616531 5.200642
v -0.449483 0.605690 5.200642
v -0.449483 0.592195 5.200642
v -0.449483 0.581355 5.200642
v -0.366383 0.557020 5.200642
v -0.391993 0.557020 5.200642
v -0.423873 0.567860 5.200642
v -0.391993 0.567860 5.200642
v -0.366383 0.567860 5.200642
v -0.423873 0.581355 5.200642
v -0.391993 0.581355 5.200642
v -0.366383 0.581355 5.200642
v -0.423873 0.592195 5.200642
v -0.391993 0.592195 5.200642
v -0.366383 0.592195 5.200642
v -0.423873 0.605690 5.200642
v -0.391993 0.605690 5.200642
v -0.366383 0.605690 5.200642
v -0.423873 0.616531 5.200642
v -0.391993 0.616531 5.200642
v -0.366383 0.616531 5.200642
v -0.423873 0.630025 5.200642
v -0.391993 0.630025 5.200642
v -0.366383 0.630025 5.200642
v -0.423873 0.640866 5.200642
v -0.391993 0.640866 5.200642
v -0.366383 0.640866 5.200642
v -0.401551 0.665284 5.220704
v -0.401551 0.727382 5.220704
v -0.401551 0.665284 5.205551
v -0.401551 0.727382 5.205551
v -0.339454 0.665284 5.220704
v -0.339454 0.727382 5.220704
v -0.339454 0.665284 5.205551
v -0.339454 0.727382 5.205551
v -0.512323 0.465748 5.220704
v -0.512323 0.527845 5.220704
v -0.512323 0.465748 5.205551
v -0.512323 0.527845 5.205551
v -0.450225 0.465748 5.220704
v -0.450225 0.527845 5.220704
v -0.450225 0.465748 5.205551
v -0.450225 0.527845 5.205551
v -0.438708 0.465748 5.220704
v -0.438708 0.527845 5.220704
v -0.438708 0.465748 5.205551
v -0.438708 0.527845 5.205551
v -0.376610 0.465748 5.220704
v -0.376610 0.527845 5.220704
v -0.376610 0.465748 5.205551
v -0.376610 0.527845 5.205551
v -0.562269 0.420101 4.765203
v -0.562269 0.456241 4.765203
v -0.399970 0.420101 4.765203
v -0.399970 0.456241 4.765203
v -0.550491 0.420101 5.032750
v -0.550491 0.456241 5.032750
v -0.399970 0.420101 5.032750
v -0.399970 0.456241 5.032750
v -0.562269 0.456241 4.896392
v -0.399970 0.420101 4.896392
v -0.562269 0.420101 4.896392
v -0.399970 0.456241 4.896392
v -0.534374 0.420101 4.765203
v -0.534374 0.456241 4.765203
v -0.524620 0.456241 5.032750
v -0.524620 0.420101 5.032750
v -0.534374 0.420101 4.896392
v -0.534374 0.456241 4.896392
v -0.399970 0.420101 5.071617
v -0.399970 0.456241 5.071617
v -0.524620 0.456241 5.071617
v -0.524620 0.420101 5.071617
v 0.336531 0.420101 4.388436
v 0.336531 0.456241 4.388436
v 0.593132 0.420101 4.388436
v 0.593132 0.456241 4.388436
v 0.336531 0.420101 4.593231
v 0.336531 0.456241 4.593231
v 0.593132 0.420101 4.593231
v 0.593132 0.456241 4.593231
v 0.336531 0.456241 4.516940
v 0.593132 0.420101 4.516940
v 0.336531 0.420101 4.516940
v 0.593132 0.456241 4.516940
v -0.576978 0.420101 4.366456
v -0.576978 0.456241 4.366456
v -0.397405 0.420101 4.366456
v -0.397405 0.456241 4.366456
v -0.576978 0.420101 4.752723
v -0.576978 0.456241 4.752723
v -0.397405 0.420101 4.752723
v -0.397405 0.456241 4.752723
v -0.576978 0.456241 4.676432
v -0.397405 0.420101 4.676432
v -0.576978 0.420101 4.676432
v -0.397405 0.456241 4.676432
v -0.392669 0.420101 4.780514
v -0.392669 0.456241 4.780514
v -0.343437 0.420101 4.780514
v -0.343437 0.456241 4.780514
v -0.392669 0.456241 4.971770
v -0.343437 0.420101 4.971770
v -0.392669 0.420101 4.971770
v -0.343437 0.456241 4.971770
v -0.383106 0.420101 4.322360
v -0.383106 0.456241 4.322360
v -0.340657 0.420101 4.322360
v -0.340657 0.456241 4.322360
v -0.383106 0.420101 4.589907
v -0.383106 0.456241 4.589907
v -0.340657 0.420101 4.589907
v -0.340657 0.456241 4.589907
v -0.383106 0.456241 4.513616
v -0.340657 0.420101 4.513616
v -0.383106 0.420101 4.513616
v -0.340657 0.456241 4.513616
v 0.371848 0.448643 4.817864
v 0.370851 0.459346 4.816866
v 0.361145 0.448643 4.817864
v 0.362143 0.459346 4.816866
v 0.371848 0.448643 4.807161
v 0.370851 0.459346 4.808158
v 0.361145 0.448643 4.807161
v 0.362143 0.459346 4.808158
v 0.385762 0.448643 4.817864
v 0.384764 0.459346 4.816866
v 0.375059 0.448643 4.817864
v 0.376056 0.459346 4.816866
v 0.385762 0.448643 4.807161
v 0.384764 0.459346 4.808158
v 0.375059 0.448643 4.807161
v 0.376056 0.459346 4.808158
v 0.399675 0.448643 4.817864
v 0.398678 0.459346 4.816866
v 0.388973 0.448643 4.817864
v 0.389970 0.459346 4.816866
v 0.399675 0.448643 4.807161
v 0.398678 0.459346 4.808158
v 0.388973 0.448643 4.807161
v 0.389970 0.459346 4.808158
v 0.413589 0.448643 4.817864
v 0.412592 0.459346 4.816866
v 0.402886 0.448643 4.817864
v 0.403883 0.459346 4.816866
v 0.413589 0.448643 4.807161
v 0.412592 0.459346 4.808158
v 0.402886 0.448643 4.807161
v 0.403883 0.459346 4.808158
v 0.371848 0.459346 4.817864
v 0.361145 0.459346 4.817864
v 0.361145 0.459346 4.807161
v 0.371848 0.459346 4.807161
v 0.385762 0.459346 4.817864
v 0.375059 0.459346 4.817864
v 0.375059 0.459346 4.807161
v 0.385762 0.459346 4.807161
v 0.399675 0.459346 4.817864
v 0.388973 0.459346 4.817864
v 0.388973 0.459346 4.807161
v 0.399675 0.459346 4.807161
v 0.413589 0.459346 4.817864
v 0.402886 0.459346 4.817864
v 0.402886 0.459346 4.807161
v 0.413589 0.459346 4.807161
v 0.371848 0.448643 4.834988
v 0.370851 0.459346 4.833991
v 0.361145 0.448643 4.834988
v 0.362143 0.459346 4.833991
v 0.371848 0.448643 4.824286
v 0.370851 0.459346 4.825283
v 0.361145 0.448643 4.824286
v 0.362143 0.459346 4.825283
v 0.385762 0.448643 4.834988
v 0.384764 0.459346 4.833991
v 0.375059 0.448643 4.834988
v 0.376056 0.459346 4.833991
v 0.385762 0.448643 4.824286
v 0.384764 0.459346 4.825283
v 0.375059 0.448643 4.824286
v 0.376056 0.459346 4.825283
v 0.399675 0.448643 4.834988
v 0.398678 0.459346 4.833991
v 0.388973 0.448643 4.834988
v 0.389970 0.459346 4.833991
v 0.399675 0.448643 4.824286
v 0.398678 0.459346 4.825283
v 0.388973 0.448643 4.824286
v 0.389970 0.459346 4.825283
v 0.413589 0.448643 4.834988
v 0.412592 0.459346 4.833991
v 0.402886 0.448643 4.834988
v 0.403883 0.459346 4.833991
v 0.413589 0.448643 4.824286
v 0.412592 0.459346 4.825283
v 0.402886 0.448643 4.824286
v 0.403883 0.459346 4.825283
v 0.371848 0.459346 4.834988
v 0.361145 0.459346 4.834988
v 0.361145 0.459346 4.824286
v 0.371848 0.459346 4.824286
v 0.385762 0.459346 4.834988
v 0.375059 0.459346 4.834988
v 0.375059 0.459346 4.824286
v 0.385762 0.459346 4.824286
v 0.399675 0.459346 4.834988
v 0.388973 0.459346 4.834988
v 0.388973 0.459346 4.824286
v 0.399675 0.459346 4.824286
v 0.413589 0.459346 4.834988
v 0.402886 0.459346 4.834988
v 0.402886 0.459346 4.824286
v 0.413589 0.459346 4.824286
v 0.498001 0.447557 4.798343
v 0.496802 0.460432 4.799543
v 0.498001 0.447557 4.811218
v 0.496802 0.460432 4.810019
v 0.485126 0.447557 4.798343
v 0.486326 0.460432 4.799543
v 0.485126 0.447557 4.811218
v 0.486326 0.460432 4.810019
v 0.498001 0.447557 4.781606
v 0.496802 0.460432 4.782806
v 0.498001 0.447557 4.794481
v 0.496802 0.460432 4.793281
v 0.485126 0.447557 4.781606
v 0.486326 0.460432 4.782806
v 0.485126 0.447557 4.794481
v 0.486326 0.460432 4.793281
v 0.498001 0.447557 4.764869
v 0.496802 0.460432 4.766069
v 0.498001 0.447557 4.777744
v 0.496802 0.460432 4.776544
v 0.485126 0.447557 4.764869
v 0.486326 0.460432 4.766069
v 0.485126 0.447557 4.777744
v 0.486326 0.460432 4.776544
v 0.498001 0.447557 4.748132
v 0.496802 0.460432 4.749331
v 0.498001 0.447557 4.761007
v 0.496802 0.460432 4.759807
v 0.485126 0.447557 4.748132
v 0.486326 0.460432 4.749331
v 0.485126 0.447557 4.761007
v 0.486326 0.460432 4.759807
v 0.498001 0.460432 4.798343
v 0.498001 0.460432 4.811218
v 0.485126 0.460432 4.811218
v 0.485126 0.460432 4.798343
v 0.498001 0.460432 4.781606
v 0.498001 0.460432 4.794481
v 0.485126 0.460432 4.794481
v 0.485126 0.460432 4.781606
v 0.498001 0.460432 4.764869
v 0.498001 0.460432 4.777744
v 0.485126 0.460432 4.777744
v 0.485126 0.460432 4.764869
v 0.498001 0.460432 4.748132
v 0.498001 0.460432 4.761007
v 0.485126 0.460432 4.761007
v 0.485126 0.460432 4.748132
v 0.501410 0.447557 4.729192
v 0.502610 0.460432 4.730392
v 0.514285 0.447557 4.729192
v 0.513085 0.460432 4.730392
v 0.501410 0.447557 4.742067
v 0.502610 0.460432 4.740868
v 0.514285 0.447557 4.742067
v 0.513085 0.460432 4.740868
v 0.484673 0.447557 4.729192
v 0.485873 0.460432 4.730392
v 0.497548 0.447557 4.729192
v 0.496348 0.460432 4.730392
v 0.484673 0.447557 4.742067
v 0.485873 0.460432 4.740868
v 0.497548 0.447557 4.742067
v 0.496348 0.460432 4.740868
v 0.501410 0.460432 4.729192
v 0.514285 0.460432 4.729192
v 0.514285 0.460432 4.742067
v 0.501410 0.460432 4.742067
v 0.484673 0.460432 4.729192
v 0.497548 0.460432 4.729192
v 0.497548 0.460432 4.742067
v 0.484673 0.460432 4.742067
v 0.391639 0.407594 5.098741
v 0.398168 0.460152 5.092211
v 0.391639 0.407594 5.049279
v 0.398168 0.460152 5.055809
v 0.456240 0.407594 5.098741
v 0.449710 0.460152 5.092211
v 0.456240 0.407594 5.049279
v 0.449710 0.460152 5.055809
v 0.391639 0.460152 5.098741
v 0.391639 0.460152 5.049279
v 0.456240 0.460152 5.049279
v 0.456240 0.460152 5.098741
v 0.398168 0.456828 5.092211
v 0.398168 0.456828 5.055809
v 0.449710 0.456828 5.055809
v 0.449710 0.456828 5.092211
v 0.422229 0.452854 4.633269
v 0.422229 0.452854 4.649798
v 0.428637 0.457808 4.639677
v 0.428637 0.457808 4.643390
v 0.438758 0.452854 4.633269
v 0.438758 0.452854 4.649798
v 0.432350 0.457808 4.639677
v 0.432350 0.457808 4.643390
v 0.422229 0.457721 4.649798
v 0.422229 0.457721 4.633269
v 0.438758 0.457721 4.633269
v 0.438758 0.457721 4.649798
v 0.426511 0.474490 4.645516
v 0.426511 0.474490 4.637551
v 0.434476 0.474490 4.637551
v 0.434476 0.474490 4.645516
v 0.428472 0.477170 4.643555
v 0.428472 0.477170 4.639512
v 0.432515 0.477170 4.639512
v 0.432515 0.477170 4.643555
v 0.422229 0.452854 4.661368
v 0.422229 0.452854 4.677896
v 0.428637 0.457808 4.667776
v 0.428637 0.457808 4.671489
v 0.438758 0.452854 4.661368
v 0.438758 0.452854 4.677896
v 0.432350 0.457808 4.667776
v 0.432350 0.457808 4.671489
v 0.422229 0.457721 4.677896
v 0.422229 0.457721 4.661368
v 0.438758 0.457721 4.661368
v 0.438758 0.457721 4.677896
v 0.426511 0.474490 4.673615
v 0.426511 0.474490 4.665650
v 0.434476 0.474490 4.665650
v 0.434476 0.474490 4.673615
v 0.428472 0.477170 4.671654
v 0.428472 0.477170 4.667611
v 0.432515 0.477170 4.667611
v 0.432515 0.477170 4.671654
v 0.422229 0.452854 4.689466
v 0.422229 0.452854 4.705995
v 0.428637 0.457808 4.695875
v 0.428637 0.457808 4.699587
v 0.438758 0.452854 4.689466
v 0.438758 0.452854 4.705995
v 0.432350 0.457808 4.695875
v 0.432350 0.457808 4.699587
v 0.422229 0.457721 4.705995
v 0.422229 0.457721 4.689466
v 0.438758 0.457721 4.689466
v 0.438758 0.457721 4.705995
v 0.426511 0.474490 4.701714
v 0.426511 0.474490 4.693748
v 0.434476 0.474490 4.693748
v 0.434476 0.474490 4.701714
v 0.428472 0.477170 4.699752
v 0.428472 0.477170 4.695710
v 0.432515 0.477170 4.695710
v 0.432515 0.477170 4.699752
v 0.405275 0.452469 4.664797
v 0.411267 0.452469 4.650332
v 0.405275 0.452469 4.644341
v 0.396802 0.452469 4.644341
v 0.390811 0.452469 4.650332
v 0.390811 0.452469 4.658805
v 0.396802 0.452469 4.664797
v 0.411267 0.452469 4.658805
v 0.405275 0.461480 4.664797
v 0.411267 0.459768 4.650332
v 0.405275 0.461480 4.644341
v 0.396802 0.461480 4.644341
v 0.390811 0.459768 4.650332
v 0.390811 0.459768 4.658805
v 0.396802 0.461480 4.664797
v 0.411267 0.459768 4.658805
v 0.405275 0.472784 4.644341
v 0.396802 0.472784 4.644341
v 0.405275 0.472784 4.664797
v 0.396802 0.472784 4.664797
v 0.404735 0.473399 4.645217
v 0.397343 0.473399 4.645217
v 0.404735 0.473399 4.663920
v 0.397343 0.473399 4.663920
v 0.390811 0.452469 4.654569
v 0.411267 0.452469 4.654569
v 0.396802 0.452469 4.654569
v 0.405275 0.452469 4.654569
v 0.390811 0.459768 4.654569
v 0.411267 0.459768 4.654569
v 0.396802 0.461480 4.654569
v 0.405275 0.461480 4.654569
v 0.396802 0.472784 4.654569
v 0.405275 0.472784 4.654569
v 0.397343 0.473399 4.654569
v 0.404735 0.473399 4.654569
v 0.403157 0.452469 4.644341
v 0.398920 0.452469 4.644341
v 0.403157 0.452469 4.664797
v 0.398920 0.452469 4.664797
v 0.403157 0.461480 4.664797
v 0.398920 0.461480 4.664797
v 0.403157 0.472784 4.644341
v 0.398920 0.472784 4.644341
v 0.403157 0.472784 4.664797
v 0.398920 0.472784 4.664797
v 0.402887 0.473399 4.645217
v 0.402887 0.473399 4.663920
v 0.399191 0.473399 4.663920
v 0.402887 0.473399 4.654569
v 0.399191 0.473399 4.654569
v 0.398920 0.452469 4.654569
v 0.403157 0.452469 4.654569
v 0.402076 0.473399 4.653759
v 0.400001 0.473399 4.653759
v 0.402346 0.472726 4.644258
v 0.402076 0.473341 4.645135
v 0.399731 0.472726 4.644258
v 0.400001 0.473341 4.645135
v 0.403157 0.461480 4.644341
v 0.398920 0.461480 4.644341
v 0.399191 0.473399 4.645217
v 0.402346 0.462291 4.644341
v 0.399731 0.462291 4.644341
v 0.582326 0.454176 4.408731
v 0.587427 0.454176 4.396415
v 0.582326 0.454176 4.391314
v 0.575112 0.454176 4.391314
v 0.570011 0.454176 4.396415
v 0.570011 0.454176 4.403629
v 0.575112 0.454176 4.408731
v 0.587427 0.454176 4.403629
v 0.582326 0.461848 4.408731
v 0.587427 0.460391 4.396415
v 0.582326 0.461848 4.391314
v 0.575112 0.461848 4.391314
v 0.570011 0.460391 4.396415
v 0.570011 0.460391 4.403629
v 0.575112 0.461848 4.408731
v 0.587427 0.460391 4.403629
v 0.582326 0.471473 4.391314
v 0.575112 0.471473 4.391314
v 0.582326 0.471473 4.408731
v 0.575112 0.471473 4.408731
v 0.581866 0.471996 4.392060
v 0.575572 0.471996 4.392060
v 0.581866 0.471996 4.407984
v 0.575572 0.471996 4.407984
v 0.570011 0.454176 4.400022
v 0.587427 0.454176 4.400022
v 0.575112 0.454176 4.400022
v 0.582326 0.454176 4.400022
v 0.570011 0.460391 4.400022
v 0.587427 0.460391 4.400022
v 0.575112 0.461848 4.400022
v 0.582326 0.461848 4.400022
v 0.575112 0.471473 4.400022
v 0.582326 0.471473 4.400022
v 0.575572 0.471996 4.400022
v 0.581866 0.471996 4.400022
v 0.580522 0.454176 4.391314
v 0.576915 0.454176 4.391314
v 0.580522 0.454176 4.408731
v 0.576915 0.454176 4.408731
v 0.580522 0.461848 4.408731
v 0.576915 0.461848 4.408731
v 0.580522 0.471473 4.391314
v 0.576915 0.471473 4.391314
v 0.580522 0.471473 4.408731
v 0.576915 0.471473 4.408731
v 0.580292 0.471996 4.392060
v 0.580292 0.471996 4.407984
v 0.577145 0.471996 4.407984
v 0.580292 0.471996 4.400022
v 0.577145 0.471996 4.400022
v 0.576915 0.454176 4.400022
v 0.580522 0.454176 4.400022
v 0.579602 0.471996 4.399332
v 0.577835 0.471996 4.399332
v 0.579832 0.471424 4.391244
v 0.579602 0.471947 4.391990
v 0.577605 0.471424 4.391244
v 0.577835 0.471947 4.391990
v 0.580522 0.461848 4.391314
v 0.576915 0.461848 4.391314
v 0.577145 0.471996 4.392060
v 0.579832 0.462538 4.391314
v 0.577605 0.462538 4.391314
v 0.582326 0.454176 4.448219
v 0.587427 0.454176 4.435905
v 0.582326 0.454176 4.430803
v 0.575112 0.454176 4.430803
v 0.570011 0.454176 4.435905
v 0.570011 0.454176 4.443119
v 0.575112 0.454176 4.448219
v 0.587427 0.454176 4.443119
v 0.582326 0.461848 4.448219
v 0.587427 0.460391 4.435905
v 0.582326 0.461848 4.430803
v 0.575112 0.461848 4.430803
v 0.570011 0.460391 4.435905
v 0.570011 0.460391 4.443119
v 0.575112 0.461848 4.448219
v 0.587427 0.460391 4.443119
v 0.582326 0.471473 4.430803
v 0.575112 0.471473 4.430803
v 0.582326 0.471473 4.448219
v 0.575112 0.471473 4.448219
v 0.581866 0.471996 4.431550
v 0.575572 0.471996 4.431550
v 0.581866 0.471996 4.447474
v 0.575572 0.471996 4.447474
v 0.570011 0.454176 4.439511
v 0.587427 0.454176 4.439511
v 0.575112 0.454176 4.439511
v 0.582326 0.454176 4.439511
v 0.570011 0.460391 4.439511
v 0.587427 0.460391 4.439511
v 0.575112 0.461848 4.439511
v 0.582326 0.461848 4.439511
v 0.575112 0.471473 4.439511
v 0.582326 0.471473 4.439511
v 0.575572 0.471996 4.439511
v 0.581866 0.471996 4.439511
v 0.580522 0.454176 4.430803
v 0.576915 0.454176 4.430803
v 0.580522 0.454176 4.448219
v 0.576915 0.454176 4.448219
v 0.580522 0.461848 4.448219
v 0.576915 0.461848 4.448219
v 0.580522 0.471473 4.430803
v 0.576915 0.471473 4.430803
v 0.580522 0.471473 4.448219
v 0.576915 0.471473 4.448219
v 0.580292 0.471996 4.431550
v 0.580292 0.471996 4.447474
v 0.577145 0.471996 4.447474
v 0.580292 0.471996 4.439511
v 0.577145 0.471996 4.439511
v 0.576915 0.454176 4.439511
v 0.580522 0.454176 4.439511
v 0.579602 0.471996 4.438821
v 0.577835 0.471996 4.438821
v 0.579832 0.471424 4.430733
v 0.579602 0.471947 4.431479
v 0.577605 0.471424 4.430733
v 0.577835 0.471947 4.431479
v 0.580522 0.461848 4.430803
v 0.576915 0.461848 4.430803
v 0.577145 0.471996 4.431550
v 0.579832 0.462538 4.430803
v 0.577605 0.462538 4.430803
v 0.361315 0.445949 4.983745
v 0.351776 0.445949 5.006776
v 0.361315 0.445949 5.016316
v 0.374807 0.445949 5.016316
v 0.384347 0.445949 5.006776
v 0.384347 0.445949 4.993285
v 0.374807 0.445949 4.983745
v 0.351776 0.445949 4.993285
v 0.361315 0.460297 4.983745
v 0.351776 0.457572 5.006776
v 0.361315 0.460297 5.016316
v 0.374807 0.460297 5.016316
v 0.384347 0.457572 5.006776
v 0.384347 0.457572 4.993285
v 0.374807 0.460297 4.983745
v 0.351776 0.457572 4.993285
v 0.361315 0.478297 5.016316
v 0.374807 0.478297 5.016316
v 0.361315 0.478297 4.983745
v 0.374807 0.478297 4.983745
v 0.362176 0.479275 5.014920
v 0.373947 0.479275 5.014920
v 0.362176 0.479275 4.985140
v 0.373947 0.479275 4.985140
v 0.384347 0.445949 5.000031
v 0.351776 0.445949 5.000031
v 0.374807 0.445949 5.000031
v 0.361315 0.445949 5.000031
v 0.384347 0.457572 5.000031
v 0.351776 0.457572 5.000031
v 0.374807 0.460297 5.000031
v 0.361315 0.460297 5.000031
v 0.374807 0.478297 5.000031
v 0.361315 0.478297 5.000031
v 0.373947 0.479275 5.000031
v 0.362176 0.479275 5.000031
v 0.364688 0.445949 5.016316
v 0.371434 0.445949 5.016316
v 0.364688 0.445949 4.983745
v 0.371434 0.445949 4.983745
v 0.364688 0.460297 4.983745
v 0.371434 0.460297 4.983745
v 0.364688 0.478297 5.016316
v 0.371434 0.478297 5.016316
v 0.364688 0.478297 4.983745
v 0.371434 0.478297 4.983745
v 0.365118 0.479275 5.014920
v 0.365119 0.479275 4.985140
v 0.371004 0.479275 4.985140
v 0.365119 0.479275 5.000031
v 0.371004 0.479275 5.000031
v 0.371434 0.445949 5.000031
v 0.364688 0.445949 5.000031
v 0.366409 0.479275 5.001321
v 0.369713 0.479275 5.001321
v 0.365979 0.478205 5.016447
v 0.366409 0.479183 5.015052
v 0.370143 0.478205 5.016447
v 0.369713 0.479183 5.015052
v 0.364688 0.460297 5.016316
v 0.371434 0.460297 5.016316
v 0.371004 0.479275 5.014920
v 0.365979 0.461588 5.016316
v 0.370143 0.461588 5.016316
v 0.507904 0.451369 4.601908
v 0.501190 0.451369 4.618116
v 0.507904 0.451369 4.624829
v 0.517398 0.451369 4.624829
v 0.524111 0.451369 4.618116
v 0.524111 0.451369 4.608622
v 0.517398 0.451369 4.601908
v 0.501190 0.451369 4.608622
v 0.507904 0.461467 4.601908
v 0.501190 0.459549 4.618116
v 0.507904 0.461467 4.624829
v 0.517398 0.461467 4.624829
v 0.524111 0.459549 4.618116
v 0.524111 0.459549 4.608622
v 0.517398 0.461467 4.601908
v 0.501190 0.459549 4.608622
v 0.507904 0.474133 4.624829
v 0.517398 0.474133 4.624829
v 0.507904 0.474133 4.601908
v 0.517398 0.474133 4.601908
v 0.508509 0.474822 4.623847
v 0.516792 0.474822 4.623847
v 0.508509 0.474822 4.602890
v 0.516792 0.474822 4.602890
v 0.524111 0.451369 4.613369
v 0.501190 0.451369 4.613369
v 0.517398 0.451369 4.613369
v 0.507904 0.451369 4.613369
v 0.524111 0.459549 4.613369
v 0.501190 0.459549 4.613369
v 0.517398 0.461467 4.613369
v 0.507904 0.461467 4.613369
v 0.517398 0.474133 4.613369
v 0.507904 0.474133 4.613369
v 0.516792 0.474822 4.613369
v 0.508509 0.474822 4.613369
v 0.510277 0.451369 4.624829
v 0.515024 0.451369 4.624829
v 0.510277 0.451369 4.601908
v 0.515024 0.451369 4.601908
v 0.510277 0.461467 4.601908
v 0.515024 0.461467 4.601908
v 0.510277 0.474133 4.624829
v 0.515024 0.474133 4.624829
v 0.510277 0.474133 4.601908
v 0.515024 0.474133 4.601908
v 0.510580 0.474822 4.623847
v 0.510580 0.474822 4.602890
v 0.514722 0.474822 4.602890
v 0.510580 0.474822 4.613369
v 0.514722 0.474822 4.613369
v 0.515024 0.451369 4.613369
v 0.510277 0.451369 4.613369
v 0.511488 0.474822 4.614277
v 0.513813 0.474822 4.614277
v 0.511186 0.474068 4.624921
v 0.511488 0.474757 4.623940
v 0.514116 0.474068 4.624921
v 0.513813 0.474757 4.623939
v 0.510277 0.461467 4.624829
v 0.515024 0.461467 4.624829
v 0.514722 0.474822 4.623847
v 0.511186 0.462375 4.624829
v 0.514116 0.462375 4.624829
v 0.396805 0.451369 4.676577
v 0.390091 0.451369 4.692784
v 0.396805 0.451369 4.699498
v 0.406299 0.451369 4.699498
v 0.413012 0.451369 4.692784
v 0.413012 0.451369 4.683290
v 0.406299 0.451369 4.676577
v 0.390091 0.451369 4.683290
v 0.396805 0.461467 4.676577
v 0.390091 0.459549 4.692784
v 0.396805 0.461467 4.699498
v 0.406299 0.461467 4.699498
v 0.413012 0.459549 4.692784
v 0.413012 0.459549 4.683290
v 0.406299 0.461467 4.676577
v 0.390091 0.459549 4.683290
v 0.396805 0.474133 4.699498
v 0.406299 0.474133 4.699498
v 0.396805 0.474133 4.676577
v 0.406299 0.474133 4.676577
v 0.397410 0.474822 4.698515
v 0.405693 0.474822 4.698515
v 0.397410 0.474822 4.677559
v 0.405693 0.474822 4.677559
v 0.413012 0.451369 4.688037
v 0.390091 0.451369 4.688037
v 0.406299 0.451369 4.688037
v 0.396805 0.451369 4.688037
v 0.413012 0.459549 4.688037
v 0.390091 0.459549 4.688037
v 0.406299 0.461467 4.688037
v 0.396805 0.461467 4.688037
v 0.406299 0.474133 4.688037
v 0.396805 0.474133 4.688037
v 0.405693 0.474822 4.688037
v 0.397410 0.474822 4.688037
v 0.399178 0.451369 4.699498
v 0.403925 0.451369 4.699498
v 0.399178 0.451369 4.676577
v 0.403925 0.451369 4.676577
v 0.399178 0.461467 4.676577
v 0.403925 0.461467 4.676577
v 0.399178 0.474133 4.699498
v 0.403925 0.474133 4.699498
v 0.399178 0.474133 4.676577
v 0.403925 0.474133 4.676577
v 0.399481 0.474822 4.698515
v 0.399481 0.474822 4.677559
v 0.403622 0.474822 4.677559
v 0.399481 0.474822 4.688037
v 0.403622 0.474822 4.688037
v 0.403925 0.451369 4.688037
v 0.399178 0.451369 4.688037
v 0.400389 0.474822 4.688946
v 0.402714 0.474822 4.688946
v 0.400086 0.474068 4.699590
v 0.400389 0.474757 4.698608
v 0.403017 0.474068 4.699590
v 0.402714 0.474757 4.698608
v 0.399178 0.461467 4.699498
v 0.403925 0.461467 4.699498
v 0.403622 0.474822 4.698515
v 0.400086 0.462375 4.699498
v 0.403017 0.462375 4.699498
v 0.442844 0.451369 4.792617
v 0.436131 0.451369 4.808825
v 0.442844 0.451369 4.815538
v 0.452338 0.451369 4.815538
v 0.459051 0.451369 4.808825
v 0.459051 0.451369 4.799331
v 0.452338 0.451369 4.792617
v 0.436131 0.451369 4.799331
v 0.442844 0.461467 4.792617
v 0.436131 0.459549 4.808825
v 0.442844 0.461467 4.815538
v 0.452338 0.461467 4.815538
v 0.459051 0.459549 4.808825
v 0.459051 0.459549 4.799331
v 0.452338 0.461467 4.792617
v 0.436131 0.459549 4.799331
v 0.442844 0.474133 4.815538
v 0.452338 0.474133 4.815538
v 0.442844 0.474133 4.792617
v 0.452338 0.474133 4.792617
v 0.443449 0.474822 4.814556
v 0.451733 0.474822 4.814556
v 0.443449 0.474822 4.793600
v 0.451733 0.474822 4.793600
v 0.459051 0.451369 4.804078
v 0.436131 0.451369 4.804078
v 0.452338 0.451369 4.804078
v 0.442844 0.451369 4.804078
v 0.459051 0.459549 4.804078
v 0.436131 0.459549 4.804078
v 0.452338 0.461467 4.804078
v 0.442844 0.461467 4.804078
v 0.452338 0.474133 4.804078
v 0.442844 0.474133 4.804078
v 0.451733 0.474822 4.804078
v 0.443449 0.474822 4.804078
v 0.445217 0.451369 4.815538
v 0.449964 0.451369 4.815538
v 0.445217 0.451369 4.792617
v 0.449964 0.451369 4.792617
v 0.445217 0.461467 4.792617
v 0.449964 0.461467 4.792617
v 0.445217 0.474133 4.815538
v 0.449964 0.474133 4.815538
v 0.445217 0.474133 4.792617
v 0.449964 0.474133 4.792617
v 0.445520 0.474822 4.814556
v 0.445520 0.474822 4.793600
v 0.449662 0.474822 4.793600
v 0.445520 0.474822 4.804078
v 0.449662 0.474822 4.804078
v 0.449964 0.451369 4.804078
v 0.445217 0.451369 4.804078
v 0.446428 0.474822 4.804986
v 0.448753 0.474822 4.804986
v 0.446126 0.474068 4.815631
v 0.446428 0.474757 4.814649
v 0.449056 0.474068 4.815631
v 0.448753 0.474757 4.814649
v 0.445217 0.461467 4.815538
v 0.449964 0.461467 4.815538
v 0.449662 0.474822 4.814556
v 0.446126 0.462375 4.815538
v 0.449056 0.462375 4.815538
v 0.489907 0.453367 4.967664
v 0.489907 0.463138 4.970614
v 0.489907 0.453367 4.928018
v 0.489907 0.475367 4.928018
v 0.508231 0.453367 4.967664
v 0.508231 0.463138 4.970614
v 0.508231 0.453367 4.928018
v 0.508231 0.475367 4.928018
v -0.350037 0.453367 4.953707
v -0.347088 0.463138 4.953707
v -0.389683 0.453367 4.953707
v -0.389683 0.475367 4.953707
v -0.350037 0.453367 4.935383
v -0.347088 0.463138 4.935383
v -0.389683 0.453367 4.935383
v -0.389683 0.475367 4.935383
v 0.355986 0.447664 5.052087
v 0.347428 0.447664 5.072748
v 0.355986 0.447664 5.081306
v 0.368089 0.447664 5.081306
v 0.376647 0.447664 5.072748
v 0.376647 0.447664 5.060646
v 0.368089 0.447664 5.052087
v 0.347428 0.447664 5.060646
v 0.355986 0.460536 5.052087
v 0.347428 0.458091 5.072748
v 0.355986 0.460536 5.081306
v 0.368089 0.460536 5.081306
v 0.376647 0.458091 5.072748
v 0.376647 0.458091 5.060646
v 0.368089 0.460536 5.052087
v 0.347428 0.458091 5.060646
v 0.355986 0.476682 5.081306
v 0.368089 0.476682 5.081306
v 0.355986 0.476682 5.052087
v 0.368089 0.476682 5.052087
v 0.356758 0.477560 5.080054
v 0.367317 0.477560 5.080054
v 0.356758 0.477560 5.053339
v 0.367317 0.477560 5.053339
v 0.376647 0.447664 5.066697
v 0.347428 0.447664 5.066697
v 0.368089 0.447664 5.066697
v 0.355986 0.447664 5.066697
v 0.376647 0.458091 5.066697
v 0.347428 0.458091 5.066697
v 0.368089 0.460536 5.066697
v 0.355986 0.460536 5.066697
v 0.368089 0.476682 5.066697
v 0.355986 0.476682 5.066697
v 0.367317 0.477560 5.066697
v 0.356758 0.477560 5.066697
v 0.359012 0.447664 5.081306
v 0.365063 0.447664 5.081306
v 0.359012 0.447664 5.052087
v 0.365063 0.447664 5.052087
v 0.359012 0.460536 5.052087
v 0.365063 0.460536 5.052087
v 0.359012 0.476682 5.081306
v 0.365063 0.476682 5.081306
v 0.359012 0.476682 5.052087
v 0.365063 0.476682 5.052087
v 0.359397 0.477560 5.080054
v 0.359398 0.477560 5.053339
v 0.364677 0.477560 5.053339
v 0.359398 0.477560 5.066697
v 0.364677 0.477560 5.066697
v 0.365063 0.447664 5.066697
v 0.359012 0.447664 5.066697
v 0.360555 0.477560 5.067854
v 0.363519 0.477560 5.067854
v 0.360170 0.476600 5.081424
v 0.360555 0.477477 5.080172
v 0.363905 0.476600 5.081424
v 0.363519 0.477477 5.080172
v 0.359012 0.460536 5.081306
v 0.365063 0.460536 5.081306
v 0.364677 0.477560 5.080054
v 0.360170 0.461694 5.081306
v 0.363905 0.461694 5.081306
v 0.357013 0.451369 5.021749
v 0.350300 0.451369 5.037956
v 0.357013 0.451369 5.044669
v 0.366507 0.451369 5.044669
v 0.373221 0.451369 5.037956
v 0.373221 0.451369 5.028462
v 0.366507 0.451369 5.021749
v 0.350300 0.451369 5.028462
v 0.357013 0.461467 5.021749
v 0.350300 0.459549 5.037956
v 0.357013 0.461467 5.044669
v 0.366507 0.461467 5.044669
v 0.373221 0.459549 5.037956
v 0.373221 0.459549 5.028462
v 0.366507 0.461467 5.021749
v 0.350300 0.459549 5.028462
v 0.357013 0.474133 5.044669
v 0.366507 0.474133 5.044669
v 0.357013 0.474133 5.021749
v 0.366507 0.474133 5.021749
v 0.357619 0.474822 5.043687
v 0.365902 0.474822 5.043687
v 0.357619 0.474822 5.022731
v 0.365902 0.474822 5.022731
v 0.373221 0.451369 5.033209
v 0.350300 0.451369 5.033209
v 0.366507 0.451369 5.033209
v 0.357013 0.451369 5.033209
v 0.373221 0.459549 5.033209
v 0.350300 0.459549 5.033209
v 0.366507 0.461467 5.033209
v 0.357013 0.461467 5.033209
v 0.366507 0.474133 5.033209
v 0.357013 0.474133 5.033209
v 0.365902 0.474822 5.033209
v 0.357619 0.474822 5.033209
v 0.359387 0.451369 5.044669
v 0.364134 0.451369 5.044669
v 0.359387 0.451369 5.021749
v 0.364134 0.451369 5.021749
v 0.359387 0.461467 5.021749
v 0.364134 0.461467 5.021749
v 0.359387 0.474133 5.044669
v 0.364134 0.474133 5.044669
v 0.359387 0.474133 5.021749
v 0.364134 0.474133 5.021749
v 0.359689 0.474822 5.043687
v 0.359689 0.474822 5.022731
v 0.363831 0.474822 5.022731
v 0.359689 0.474822 5.033209
v 0.363831 0.474822 5.033209
v 0.364134 0.451369 5.033209
v 0.359387 0.451369 5.033209
v 0.360598 0.474822 5.034117
v 0.362923 0.474822 5.034117
v 0.360295 0.474068 5.044762
v 0.360597 0.474757 5.043780
v 0.363225 0.474068 5.044762
v 0.362923 0.474757 5.043780
v 0.359387 0.461467 5.044669
v 0.364134 0.461467 5.044669
v 0.363831 0.474822 5.043687
v 0.360295 0.462375 5.044669
v 0.363225 0.462375 5.044669
v 0.511839 0.454040 4.989856
v 0.506655 0.454040 5.002372
v 0.511839 0.454040 5.007556
v 0.519171 0.454040 5.007556
v 0.524355 0.454040 5.002372
v 0.524355 0.454040 4.995040
v 0.519171 0.454040 4.989856
v 0.506655 0.454040 4.995040
v 0.511839 0.461838 4.989856
v 0.506655 0.460357 5.002372
v 0.511839 0.461838 5.007556
v 0.519171 0.461838 5.007556
v 0.524355 0.460357 5.002372
v 0.524355 0.460357 4.995040
v 0.519171 0.461838 4.989856
v 0.506655 0.460357 4.995040
v 0.511839 0.471619 5.007556
v 0.519171 0.471619 5.007556
v 0.511839 0.471619 4.989856
v 0.519171 0.471619 4.989856
v 0.512307 0.472151 5.006798
v 0.518703 0.472151 5.006798
v 0.512307 0.472151 4.990615
v 0.518703 0.472151 4.990615
v 0.524355 0.454040 4.998706
v 0.506655 0.454040 4.998706
v 0.519171 0.454040 4.998706
v 0.511839 0.454040 4.998706
v 0.524355 0.460357 4.998706
v 0.506655 0.460357 4.998706
v 0.519171 0.461838 4.998706
v 0.511839 0.461838 4.998706
v 0.519171 0.471619 4.998706
v 0.511839 0.471619 4.998706
v 0.518703 0.472151 4.998706
v 0.512307 0.472151 4.998706
v 0.513672 0.454040 5.007556
v 0.517338 0.454040 5.007556
v 0.513672 0.454040 4.989856
v 0.517338 0.454040 4.989856
v 0.513672 0.461838 4.989856
v 0.517338 0.461838 4.989856
v 0.513672 0.471619 5.007556
v 0.517338 0.471619 5.007556
v 0.513672 0.471619 4.989856
v 0.517338 0.471619 4.989856
v 0.513906 0.472151 5.006798
v 0.513906 0.472151 4.990615
v 0.517104 0.472151 4.990615
v 0.513906 0.472151 4.998706
v 0.517104 0.472151 4.998706
v 0.517338 0.454040 4.998706
v 0.513672 0.454040 4.998706
v 0.514607 0.472151 4.999408
v 0.516403 0.472151 4.999408
v 0.514374 0.471569 5.007627
v 0.514607 0.472101 5.006869
v 0.516637 0.471569 5.007627
v 0.516403 0.472101 5.006869
v 0.513672 0.461838 5.007556
v 0.517338 0.461838 5.007556
v 0.517104 0.472151 5.006798
v 0.514374 0.462539 5.007556
v 0.516637 0.462539 5.007556
v 0.479980 0.454040 4.989856
v 0.474795 0.454040 5.002372
v 0.479980 0.454040 5.007556
v 0.487311 0.454040 5.007556
v 0.492495 0.454040 5.002372
v 0.492495 0.454040 4.995040
v 0.487311 0.454040 4.989856
v 0.474795 0.454040 4.995040
v 0.479980 0.461838 4.989856
v 0.474795 0.460357 5.002372
v 0.479980 0.461838 5.007556
v 0.487311 0.461838 5.007556
v 0.492495 0.460357 5.002372
v 0.492495 0.460357 4.995040
v 0.487311 0.461838 4.989856
v 0.474795 0.460357 4.995040
v 0.479980 0.471619 5.007556
v 0.487311 0.471619 5.007556
v 0.479980 0.471619 4.989856
v 0.487311 0.471619 4.989856
v 0.480447 0.472151 5.006798
v 0.486844 0.472151 5.006798
v 0.480447 0.472151 4.990615
v 0.486844 0.472151 4.990615
v 0.492495 0.454040 4.998706
v 0.474795 0.454040 4.998706
v 0.487311 0.454040 4.998706
v 0.479980 0.454040 4.998706
v 0.492495 0.460357 4.998706
v 0.474795 0.460357 4.998706
v 0.487311 0.461838 4.998706
v 0.479980 0.461838 4.998706
v 0.487311 0.471619 4.998706
v 0.479980 0.471619 4.998706
v 0.486844 0.472151 4.998706
v 0.480447 0.472151 4.998706
v 0.481812 0.454040 5.007556
v 0.485478 0.454040 5.007556
v 0.481812 0.454040 4.989856
v 0.485478 0.454040 4.989856
v 0.481812 0.461838 4.989856
v 0.485478 0.461838 4.989856
v 0.481812 0.471619 5.007556
v 0.485478 0.471619 5.007556
v 0.481812 0.471619 4.989856
v 0.485478 0.471619 4.989856
v 0.482046 0.472151 5.006798
v 0.482046 0.472151 4.990615
v 0.485244 0.472151 4.990615
v 0.482046 0.472151 4.998706
v 0.485244 0.472151 4.998706
v 0.485478 0.454040 4.998706
v 0.481812 0.454040 4.998706
v 0.482748 0.472151 4.999408
v 0.484543 0.472151 4.999408
v 0.482514 0.471569 5.007627
v 0.482747 0.472101 5.006869
v 0.484777 0.471569 5.007627
v 0.484543 0.472101 5.006869
v 0.481812 0.461838 5.007556
v 0.485478 0.461838 5.007556
v 0.485244 0.472151 5.006798
v 0.482514 0.462539 5.007556
v 0.484777 0.462539 5.007556
v 0.439528 0.451369 5.021749
v 0.432815 0.451369 5.037956
v 0.439528 0.451369 5.044669
v 0.449022 0.451369 5.044669
v 0.455736 0.451369 5.037956
v 0.455736 0.451369 5.028462
v 0.449022 0.451369 5.021749
v 0.432815 0.451369 5.028462
v 0.439528 0.461467 5.021749
v 0.432815 0.459549 5.037956
v 0.439528 0.461467 5.044669
v 0.449022 0.461467 5.044669
v 0.455736 0.459549 5.037956
v 0.455736 0.459549 5.028462
v 0.449022 0.461467 5.021749
v 0.432815 0.459549 5.028462
v 0.439528 0.474133 5.044669
v 0.449022 0.474133 5.044669
v 0.439528 0.474133 5.021749
v 0.449022 0.474133 5.021749
v 0.440133 0.474822 5.043687
v 0.448417 0.474822 5.043687
v 0.440133 0.474822 5.022730
v 0.448417 0.474822 5.022730
v 0.455736 0.451369 5.033209
v 0.432815 0.451369 5.033209
v 0.449022 0.451369 5.033209
v 0.439528 0.451369 5.033209
v 0.455736 0.459549 5.033209
v 0.432815 0.459549 5.033209
v 0.449022 0.461467 5.033209
v 0.439528 0.461467 5.033209
v 0.449022 0.474133 5.033209
v 0.439528 0.474133 5.033209
v 0.448417 0.474822 5.033209
v 0.440133 0.474822 5.033209
v 0.441902 0.451369 5.044669
v 0.446649 0.451369 5.044669
v 0.441902 0.451369 5.021749
v 0.446649 0.451369 5.021749
v 0.441902 0.461467 5.021749
v 0.446649 0.461467 5.021749
v 0.441902 0.474133 5.044669
v 0.446649 0.474133 5.044669
v 0.441902 0.474133 5.021749
v 0.446649 0.474133 5.021749
v 0.442204 0.474822 5.043687
v 0.442204 0.474822 5.022730
v 0.446346 0.474822 5.022730
v 0.442204 0.474822 5.033209
v 0.446346 0.474822 5.033209
v 0.446649 0.451369 5.033209
v 0.441902 0.451369 5.033209
v 0.443113 0.474822 5.034117
v 0.445438 0.474822 5.034117
v 0.442810 0.474068 5.044762
v 0.443112 0.474757 5.043779
v 0.445740 0.474068 5.044762
v 0.445438 0.474757 5.043779
v 0.441902 0.461467 5.044669
v 0.446649 0.461467 5.044669
v 0.446346 0.474822 5.043687
v 0.442810 0.462375 5.044669
v 0.445740 0.462375 5.044669
v 0.398270 0.451369 5.021749
v 0.391557 0.451369 5.037956
v 0.398270 0.451369 5.044669
v 0.407765 0.451369 5.044669
v 0.414478 0.451369 5.037956
v 0.414478 0.451369 5.028462
v 0.407765 0.451369 5.021749
v 0.391557 0.451369 5.028462
v 0.398270 0.461467 5.021749
v 0.391557 0.459549 5.037956
v 0.398270 0.461467 5.044669
v 0.407765 0.461467 5.044669
v 0.414478 0.459549 5.037956
v 0.414478 0.459549 5.028462
v 0.407765 0.461467 5.021749
v 0.391557 0.459549 5.028462
v 0.398270 0.474133 5.044669
v 0.407765 0.474133 5.044669
v 0.398270 0.474133 5.021749
v 0.407765 0.474133 5.021749
v 0.398876 0.474822 5.043687
v 0.407159 0.474822 5.043687
v 0.398876 0.474822 5.022730
v 0.407159 0.474822 5.022730
v 0.414478 0.451369 5.033209
v 0.391557 0.451369 5.033209
v 0.407765 0.451369 5.033209
v 0.398270 0.451369 5.033209
v 0.414478 0.459549 5.033209
v 0.391557 0.459549 5.033209
v 0.407765 0.461467 5.033209
v 0.398270 0.461467 5.033209
v 0.407765 0.474133 5.033209
v 0.398270 0.474133 5.033209
v 0.407159 0.474822 5.033209
v 0.398876 0.474822 5.033209
v 0.400644 0.451369 5.044669
v 0.405391 0.451369 5.044669
v 0.400644 0.451369 5.021749
v 0.405391 0.451369 5.021749
v 0.400644 0.461467 5.021749
v 0.405391 0.461467 5.021749
v 0.400644 0.474133 5.044669
v 0.405391 0.474133 5.044669
v 0.400644 0.474133 5.021749
v 0.405391 0.474133 5.021749
v 0.400947 0.474822 5.043687
v 0.400947 0.474822 5.022730
v 0.405088 0.474822 5.022730
v 0.400947 0.474822 5.033209
v 0.405088 0.474822 5.033209
v 0.405391 0.451369 5.033209
v 0.400644 0.451369 5.033209
v 0.401855 0.474822 5.034117
v 0.404180 0.474822 5.034117
v 0.401552 0.474068 5.044762
v 0.401855 0.474757 5.043779
v 0.404483 0.474068 5.044762
v 0.404180 0.474757 5.043779
v 0.400644 0.461467 5.044669
v 0.405391 0.461467 5.044669
v 0.405088 0.474822 5.043687
v 0.401552 0.462375 5.044669
v 0.404483 0.462375 5.044669
v 0.428972 0.445949 4.983745
v 0.419432 0.445949 5.006776
v 0.428972 0.445949 5.016316
v 0.442464 0.445949 5.016316
v 0.452004 0.445949 5.006776
v 0.452004 0.445949 4.993285
v 0.442464 0.445949 4.983745
v 0.419432 0.445949 4.993285
v 0.428972 0.460297 4.983745
v 0.419432 0.457572 5.006776
v 0.428972 0.460297 5.016316
v 0.442464 0.460297 5.016316
v 0.452004 0.457572 5.006776
v 0.452004 0.457572 4.993285
v 0.442464 0.460297 4.983745
v 0.419432 0.457572 4.993285
v 0.428972 0.478297 5.016316
v 0.442464 0.478297 5.016316
v 0.428972 0.478297 4.983745
v 0.442464 0.478297 4.983745
v 0.429833 0.479275 5.014920
v 0.441603 0.479275 5.014920
v 0.429833 0.479275 4.985140
v 0.441603 0.479275 4.985140
v 0.452004 0.445949 5.000031
v 0.419432 0.445949 5.000031
v 0.442464 0.445949 5.000031
v 0.428972 0.445949 5.000031
v 0.452004 0.457572 5.000031
v 0.419432 0.457572 5.000031
v 0.442464 0.460297 5.000031
v 0.428972 0.460297 5.000031
v 0.442464 0.478297 5.000031
v 0.428972 0.478297 5.000031
v 0.441603 0.479275 5.000031
v 0.429833 0.479275 5.000031
v 0.432345 0.445949 5.016316
v 0.439091 0.445949 5.016316
v 0.432345 0.445949 4.983745
v 0.439091 0.445949 4.983745
v 0.432345 0.460297 4.983745
v 0.439091 0.460297 4.983745
v 0.432345 0.478297 5.016316
v 0.439091 0.478297 5.016316
v 0.432345 0.478297 4.983745
v 0.439091 0.478297 4.983745
v 0.432775 0.479275 5.014920
v 0.432775 0.479275 4.985140
v 0.438661 0.479275 4.985140
v 0.432775 0.479275 5.000031
v 0.438661 0.479275 5.000031
v 0.439091 0.445949 5.000031
v 0.432345 0.445949 5.000031
v 0.434066 0.479275 5.001321
v 0.437370 0.479275 5.001321
v 0.433636 0.478205 5.016447
v 0.434066 0.479183 5.015052
v 0.437800 0.478205 5.016447
v 0.437370 0.479183 5.015052
v 0.432345 0.460297 5.016316
v 0.439091 0.460297 5.016316
v 0.438661 0.479275 5.014920
v 0.433636 0.461588 5.016316
v 0.437800 0.461588 5.016316
v 0.494038 0.447664 5.051693
v 0.485481 0.447664 5.072354
v 0.494038 0.447664 5.080912
v 0.506141 0.447664 5.080912
v 0.514699 0.447664 5.072354
v 0.514699 0.447664 5.060251
v 0.506141 0.447664 5.051693
v 0.485481 0.447664 5.060251
v 0.494038 0.460536 5.051693
v 0.485481 0.458091 5.072354
v 0.494038 0.460536 5.080912
v 0.506141 0.460536 5.080912
v 0.514699 0.458091 5.072354
v 0.514699 0.458091 5.060251
v 0.506141 0.460536 5.051693
v 0.485481 0.458091 5.060251
v 0.494038 0.476682 5.080912
v 0.506141 0.476682 5.080912
v 0.494038 0.476682 5.051693
v 0.506141 0.476682 5.051693
v 0.494810 0.477560 5.079659
v 0.505369 0.477560 5.079659
v 0.494810 0.477560 5.052945
v 0.505369 0.477560 5.052945
v 0.514699 0.447664 5.066302
v 0.485481 0.447664 5.066302
v 0.506141 0.447664 5.066302
v 0.494038 0.447664 5.066302
v 0.514699 0.458091 5.066302
v 0.485481 0.458091 5.066302
v 0.506141 0.460536 5.066302
v 0.494038 0.460536 5.066302
v 0.506141 0.476682 5.066302
v 0.494038 0.476682 5.066302
v 0.505369 0.477560 5.066302
v 0.494810 0.477560 5.066302
v 0.497064 0.447664 5.080912
v 0.503115 0.447664 5.080912
v 0.497064 0.447664 5.051693
v 0.503115 0.447664 5.051693
v 0.497064 0.460536 5.051693
v 0.503115 0.460536 5.051693
v 0.497064 0.476682 5.080912
v 0.503115 0.476682 5.080912
v 0.497064 0.476682 5.051693
v 0.503115 0.476682 5.051693
v 0.497450 0.477560 5.079659
v 0.497450 0.477560 5.052945
v 0.502730 0.477560 5.052945
v 0.497450 0.477560 5.066302
v 0.502730 0.477560 5.066302
v 0.503115 0.447664 5.066302
v 0.497064 0.447664 5.066302
v 0.498608 0.477560 5.067460
v 0.501572 0.477560 5.067460
v 0.498222 0.476600 5.081029
v 0.498608 0.477477 5.079777
v 0.501958 0.476600 5.081029
v 0.501572 0.477477 5.079777
v 0.497064 0.460536 5.080912
v 0.503115 0.460536 5.080912
v 0.502730 0.477560 5.079659
v 0.498222 0.461694 5.080912
v 0.501958 0.461694 5.080912
v -0.437219 0.451505 4.657751
v -0.444131 0.451505 4.674438
v -0.437219 0.451505 4.681349
v -0.427445 0.451505 4.681349
v -0.420533 0.451505 4.674438
v -0.420533 0.451505 4.664663
v -0.427445 0.451505 4.657751
v -0.444131 0.451505 4.664663
v -0.437219 0.461901 4.657751
v -0.444131 0.459926 4.674438
v -0.437219 0.461901 4.681349
v -0.427445 0.461901 4.681349
v -0.420533 0.459926 4.674438
v -0.420533 0.459926 4.664663
v -0.427445 0.461901 4.657751
v -0.444131 0.459926 4.664663
v -0.437219 0.474942 4.681349
v -0.427445 0.474942 4.681349
v -0.437219 0.474942 4.657751
v -0.427445 0.474942 4.657751
v -0.436596 0.475651 4.680338
v -0.428068 0.475651 4.680338
v -0.436596 0.475651 4.658762
v -0.428068 0.475651 4.658762
v -0.420533 0.451505 4.669550
v -0.444131 0.451505 4.669550
v -0.427445 0.451505 4.669550
v -0.437219 0.451505 4.669550
v -0.420533 0.459926 4.669550
v -0.444131 0.459926 4.669550
v -0.427445 0.461901 4.669550
v -0.437219 0.461901 4.669550
v -0.427445 0.474942 4.669550
v -0.437219 0.474942 4.669550
v -0.428068 0.475651 4.669550
v -0.436596 0.475651 4.669550
v -0.434775 0.451505 4.681349
v -0.429888 0.451505 4.681349
v -0.434775 0.451505 4.657751
v -0.429888 0.451505 4.657751
v -0.434775 0.461901 4.657751
v -0.429888 0.461901 4.657751
v -0.434775 0.474942 4.681349
v -0.429888 0.474942 4.681349
v -0.434775 0.474942 4.657751
v -0.429888 0.474942 4.657751
v -0.434464 0.475651 4.680338
v -0.434464 0.475651 4.658762
v -0.430200 0.475651 4.658762
v -0.434464 0.475651 4.669550
v -0.430200 0.475651 4.669550
v -0.429888 0.451505 4.669550
v -0.434775 0.451505 4.669550
v -0.433529 0.475651 4.670485
v -0.431135 0.475651 4.670485
v -0.433840 0.474875 4.681444
v -0.433529 0.475584 4.680433
v -0.430823 0.474875 4.681445
v -0.431135 0.475584 4.680433
v -0.434775 0.461901 4.681349
v -0.429888 0.461901 4.681349
v -0.430200 0.475651 4.680338
v -0.433840 0.462836 4.681349
v -0.430823 0.462836 4.681349
v 0.538136 0.452854 4.411889
v 0.538136 0.452854 4.428418
v 0.544544 0.457808 4.418297
v 0.544544 0.457808 4.422010
v 0.554665 0.452854 4.411889
v 0.554665 0.452854 4.428418
v 0.548257 0.457808 4.418297
v 0.548257 0.457808 4.422010
v 0.538136 0.457721 4.428418
v 0.538136 0.457721 4.411889
v 0.554665 0.457721 4.411889
v 0.554665 0.457721 4.428418
v 0.542418 0.474490 4.424136
v 0.542418 0.474490 4.416171
v 0.550383 0.474490 4.416171
v 0.550383 0.474490 4.424136
v 0.544379 0.477170 4.422175
v 0.544379 0.477170 4.418132
v 0.548422 0.477170 4.418132
v 0.548422 0.477170 4.422175
v 0.538136 0.452854 4.391123
v 0.538136 0.452854 4.407652
v 0.544544 0.457808 4.397531
v 0.544544 0.457808 4.401244
v 0.554665 0.452854 4.391123
v 0.554665 0.452854 4.407652
v 0.548257 0.457808 4.397531
v 0.548257 0.457808 4.401244
v 0.538136 0.457721 4.407652
v 0.538136 0.457721 4.391123
v 0.554665 0.457721 4.391123
v 0.554665 0.457721 4.407652
v 0.542418 0.474490 4.403370
v 0.542418 0.474490 4.395405
v 0.550383 0.474490 4.395405
v 0.550383 0.474490 4.403370
v 0.544379 0.477170 4.401409
v 0.544379 0.477170 4.397366
v 0.548422 0.477170 4.397366
v 0.548422 0.477170 4.401409
v 0.508038 0.452854 4.557125
v 0.508038 0.452854 4.573653
v 0.514446 0.457808 4.563533
v 0.514446 0.457808 4.567245
v 0.524566 0.452854 4.557125
v 0.524566 0.452854 4.573653
v 0.518159 0.457808 4.563533
v 0.518159 0.457808 4.567245
v 0.508038 0.457721 4.573653
v 0.508038 0.457721 4.557125
v 0.524566 0.457721 4.557125
v 0.524566 0.457721 4.573653
v 0.512320 0.474490 4.569372
v 0.512320 0.474490 4.561407
v 0.520285 0.474490 4.561407
v 0.520285 0.474490 4.569372
v 0.514281 0.477170 4.567410
v 0.514281 0.477170 4.563368
v 0.518324 0.477170 4.563368
v 0.518324 0.477170 4.567410
v 0.569983 0.452854 4.412363
v 0.569983 0.452854 4.428891
v 0.576391 0.457808 4.418770
v 0.576391 0.457808 4.422483
v 0.586512 0.452854 4.412363
v 0.586512 0.452854 4.428891
v 0.580104 0.457808 4.418770
v 0.580104 0.457808 4.422483
v 0.569983 0.457721 4.428891
v 0.569983 0.457721 4.412363
v 0.586512 0.457721 4.412363
v 0.586512 0.457721 4.428891
v 0.574265 0.474490 4.424609
v 0.574265 0.474490 4.416645
v 0.582230 0.474490 4.416645
v 0.582230 0.474490 4.424609
v 0.576226 0.477170 4.422648
v 0.576226 0.477170 4.418605
v 0.580269 0.477170 4.418605
v 0.580269 0.477170 4.422648
v 0.505611 0.452854 4.482948
v 0.505611 0.452854 4.499476
v 0.512019 0.457808 4.489356
v 0.512019 0.457808 4.493069
v 0.522140 0.452854 4.482948
v 0.522140 0.452854 4.499476
v 0.515732 0.457808 4.489356
v 0.515732 0.457808 4.493069
v 0.505611 0.457721 4.499476
v 0.505611 0.457721 4.482948
v 0.522140 0.457721 4.482948
v 0.522140 0.457721 4.499476
v 0.509893 0.474490 4.495195
v 0.509893 0.474490 4.487230
v 0.517858 0.474490 4.487230
v 0.517858 0.474490 4.495195
v 0.511854 0.477170 4.493234
v 0.511854 0.477170 4.489191
v 0.515897 0.477170 4.489191
v 0.515897 0.477170 4.493234
v 0.569097 0.452854 4.536359
v 0.569097 0.452854 4.552887
v 0.575504 0.457808 4.542767
v 0.575504 0.457808 4.546480
v 0.585625 0.452854 4.536359
v 0.585625 0.452854 4.552887
v 0.579217 0.457808 4.542767
v 0.579217 0.457808 4.546480
v 0.569097 0.457721 4.552887
v 0.569097 0.457721 4.536359
v 0.585625 0.457721 4.536359
v 0.585625 0.457721 4.552887
v 0.573378 0.474490 4.548606
v 0.573378 0.474490 4.540641
v 0.581343 0.474490 4.540641
v 0.581343 0.474490 4.548606
v 0.575339 0.477170 4.546645
v 0.575339 0.477170 4.542602
v 0.579382 0.477170 4.542602
v 0.579382 0.477170 4.546645
v 0.507565 0.452854 4.520740
v 0.507565 0.452854 4.537268
v 0.513972 0.457808 4.527147
v 0.513972 0.457808 4.530860
v 0.524093 0.452854 4.520740
v 0.524093 0.452854 4.537268
v 0.517685 0.457808 4.527147
v 0.517685 0.457808 4.530860
v 0.507565 0.457721 4.537268
v 0.507565 0.457721 4.520740
v 0.524093 0.457721 4.520740
v 0.524093 0.457721 4.537268
v 0.511846 0.474490 4.532986
v 0.511846 0.474490 4.525021
v 0.519811 0.474490 4.525021
v 0.519811 0.474490 4.532986
v 0.513807 0.477170 4.531025
v 0.513807 0.477170 4.526982
v 0.517850 0.477170 4.526982
v 0.517850 0.477170 4.531025
v 0.569570 0.452854 4.486187
v 0.569570 0.452854 4.502715
v 0.575978 0.457808 4.492595
v 0.575978 0.457808 4.496307
v 0.586098 0.452854 4.486187
v 0.586098 0.452854 4.502715
v 0.579691 0.457808 4.492595
v 0.579691 0.457808 4.496307
v 0.569570 0.457721 4.502715
v 0.569570 0.457721 4.486187
v 0.586098 0.457721 4.486187
v 0.586098 0.457721 4.502715
v 0.573852 0.474490 4.498434
v 0.573852 0.474490 4.490469
v 0.581817 0.474490 4.490469
v 0.581817 0.474490 4.498434
v 0.575813 0.477170 4.496472
v 0.575813 0.477170 4.492430
v 0.579856 0.477170 4.492430
v 0.579856 0.477170 4.496472
v 0.539277 0.452854 4.511746
v 0.539277 0.452854 4.528275
v 0.545685 0.457808 4.518154
v 0.545685 0.457808 4.521867
v 0.555806 0.452854 4.511746
v 0.555806 0.452854 4.528275
v 0.549398 0.457808 4.518154
v 0.549398 0.457808 4.521867
v 0.539277 0.457721 4.528275
v 0.539277 0.457721 4.511746
v 0.555806 0.457721 4.511746
v 0.555806 0.457721 4.528275
v 0.543559 0.474490 4.523993
v 0.543559 0.474490 4.516028
v 0.551524 0.474490 4.516028
v 0.551524 0.474490 4.523993
v 0.545520 0.477170 4.522032
v 0.545520 0.477170 4.517989
v 0.549563 0.477170 4.517989
v 0.549563 0.477170 4.522032
v 0.461463 0.452854 4.545258
v 0.461463 0.452854 4.561786
v 0.467871 0.457808 4.551665
v 0.467871 0.457808 4.555378
v 0.477992 0.452854 4.545258
v 0.477992 0.452854 4.561786
v 0.471584 0.457808 4.551665
v 0.471584 0.457808 4.555378
v 0.461463 0.457721 4.561786
v 0.461463 0.457721 4.545258
v 0.477992 0.457721 4.545258
v 0.477992 0.457721 4.561786
v 0.465745 0.474490 4.557504
v 0.465745 0.474490 4.549540
v 0.473710 0.474490 4.549540
v 0.473710 0.474490 4.557504
v 0.467706 0.477170 4.555543
v 0.467706 0.477170 4.551500
v 0.471749 0.477170 4.551500
v 0.471749 0.477170 4.555543
v 0.473618 0.452854 4.607973
v 0.473618 0.452854 4.624501
v 0.480026 0.457808 4.614381
v 0.480026 0.457808 4.618093
v 0.490146 0.452854 4.607973
v 0.490146 0.452854 4.624501
v 0.483739 0.457808 4.614381
v 0.483739 0.457808 4.618093
v 0.473618 0.457721 4.624501
v 0.473618 0.457721 4.607973
v 0.490146 0.457721 4.607973
v 0.490146 0.457721 4.624501
v 0.477900 0.474490 4.620220
v 0.477900 0.474490 4.612255
v 0.485865 0.474490 4.612255
v 0.485865 0.474490 4.620220
v 0.479861 0.477170 4.618258
v 0.479861 0.477170 4.614216
v 0.483904 0.477170 4.614216
v 0.483904 0.477170 4.618258
v 0.468490 0.452854 4.692776
v 0.468490 0.452854 4.709305
v 0.474898 0.457808 4.699184
v 0.474898 0.457808 4.702897
v 0.485019 0.452854 4.692776
v 0.485019 0.452854 4.709305
v 0.478611 0.457808 4.699184
v 0.478611 0.457808 4.702897
v 0.468490 0.457721 4.709305
v 0.468490 0.457721 4.692776
v 0.485019 0.457721 4.692776
v 0.485019 0.457721 4.709305
v 0.472772 0.474490 4.705023
v 0.472772 0.474490 4.697058
v 0.480737 0.474490 4.697058
v 0.480737 0.474490 4.705023
v 0.474733 0.477170 4.703062
v 0.474733 0.477170 4.699019
v 0.478776 0.477170 4.699019
v 0.478776 0.477170 4.703062
v 0.507145 0.452854 4.638344
v 0.507145 0.452854 4.654873
v 0.513553 0.457808 4.644752
v 0.513553 0.457808 4.648465
v 0.523673 0.452854 4.638344
v 0.523673 0.452854 4.654873
v 0.517266 0.457808 4.644752
v 0.517266 0.457808 4.648465
v 0.507145 0.457721 4.654873
v 0.507145 0.457721 4.638344
v 0.523673 0.457721 4.638344
v 0.523673 0.457721 4.654873
v 0.511427 0.474490 4.650591
v 0.511427 0.474490 4.642626
v 0.519392 0.474490 4.642626
v 0.519392 0.474490 4.650591
v 0.513388 0.477170 4.648630
v 0.513388 0.477170 4.644587
v 0.517431 0.477170 4.644587
v 0.517431 0.477170 4.648630
v -0.499917 0.452429 4.997673
v -0.499917 0.452429 4.978746
v -0.507254 0.458102 4.990335
v -0.507254 0.458102 4.986084
v -0.518843 0.452429 4.997673
v -0.518843 0.452429 4.978746
v -0.511506 0.458102 4.990335
v -0.511506 0.458102 4.986084
v -0.499917 0.458003 4.978746
v -0.499917 0.458003 4.997673
v -0.518843 0.458003 4.997673
v -0.518843 0.458003 4.978746
v -0.504820 0.477204 4.983649
v -0.504820 0.477204 4.992770
v -0.513940 0.477204 4.992770
v -0.513940 0.477204 4.983649
v -0.507066 0.480273 4.985895
v -0.507066 0.480273 4.990524
v -0.511695 0.480273 4.990524
v -0.511695 0.480273 4.985895
v -0.471528 0.452429 4.997673
v -0.471528 0.452429 4.978746
v -0.478865 0.458102 4.990335
v -0.478865 0.458102 4.986084
v -0.490454 0.452429 4.997673
v -0.490454 0.452429 4.978746
v -0.483117 0.458102 4.990335
v -0.483117 0.458102 4.986084
v -0.471528 0.458003 4.978746
v -0.471528 0.458003 4.997673
v -0.490454 0.458003 4.997673
v -0.490454 0.458003 4.978746
v -0.476431 0.477204 4.983649
v -0.476431 0.477204 4.992770
v -0.485551 0.477204 4.992770
v -0.485551 0.477204 4.983649
v -0.478676 0.480273 4.985895
v -0.478676 0.480273 4.990524
v -0.483306 0.480273 4.990524
v -0.483306 0.480273 4.985895
v -0.443138 0.452429 4.997673
v -0.443138 0.452429 4.978746
v -0.450476 0.458102 4.990335
v -0.450476 0.458102 4.986084
v -0.462065 0.452429 4.997673
v -0.462065 0.452429 4.978746
v -0.454727 0.458102 4.990335
v -0.454727 0.458102 4.986084
v -0.443138 0.458003 4.978746
v -0.443138 0.458003 4.997673
v -0.462065 0.458003 4.997673
v -0.462065 0.458003 4.978746
v -0.448041 0.477204 4.983649
v -0.448041 0.477204 4.992770
v -0.457162 0.477204 4.992770
v -0.457162 0.477204 4.983649
v -0.450287 0.480273 4.985895
v -0.450287 0.480273 4.990524
v -0.454916 0.480273 4.990524
v -0.454916 0.480273 4.985895
v -0.499917 0.452429 5.027955
v -0.499917 0.452429 5.009028
v -0.507254 0.458102 5.020617
v -0.507254 0.458102 5.016366
v -0.518843 0.452429 5.027955
v -0.518843 0.452429 5.009028
v -0.511506 0.458102 5.020617
v -0.511506 0.458102 5.016366
v -0.499917 0.458003 5.009028
v -0.499917 0.458003 5.027955
v -0.518843 0.458003 5.027955
v -0.518843 0.458003 5.009028
v -0.504820 0.477204 5.013931
v -0.504820 0.477204 5.023052
v -0.513940 0.477204 5.023052
v -0.513940 0.477204 5.013931
v -0.507066 0.480273 5.016177
v -0.507066 0.480273 5.020806
v -0.511695 0.480273 5.020806
v -0.511695 0.480273 5.016177
v -0.471528 0.452429 5.027955
v -0.471528 0.452429 5.009028
v -0.478865 0.458102 5.020617
v -0.478865 0.458102 5.016366
v -0.490454 0.452429 5.027955
v -0.490454 0.452429 5.009028
v -0.483117 0.458102 5.020617
v -0.483117 0.458102 5.016366
v -0.471528 0.458003 5.009028
v -0.471528 0.458003 5.027955
v -0.490454 0.458003 5.027955
v -0.490454 0.458003 5.009028
v -0.476431 0.477204 5.013931
v -0.476431 0.477204 5.023052
v -0.485551 0.477204 5.023052
v -0.485551 0.477204 5.013931
v -0.478676 0.480273 5.016177
v -0.478676 0.480273 5.020806
v -0.483306 0.480273 5.020806
v -0.483306 0.480273 5.016177
v -0.443138 0.452429 5.027955
v -0.443138 0.452429 5.009028
v -0.450476 0.458102 5.020617
v -0.450476 0.458102 5.016366
v -0.462065 0.452429 5.027955
v -0.462065 0.452429 5.009028
v -0.454727 0.458102 5.020617
v -0.454727 0.458102 5.016366
v -0.443138 0.458003 5.009028
v -0.443138 0.458003 5.027955
v -0.462065 0.458003 5.027955
v -0.462065 0.458003 5.009028
v -0.448041 0.477204 5.013931
v -0.448041 0.477204 5.023052
v -0.457162 0.477204 5.023052
v -0.457162 0.477204 5.013931
v -0.450287 0.480273 5.016177
v -0.450287 0.480273 5.020806
v -0.454916 0.480273 5.020806
v -0.454916 0.480273 5.016177
v -0.414749 0.452429 5.027955
v -0.414749 0.452429 5.009028
v -0.422086 0.458102 5.020617
v -0.422086 0.458102 5.016366
v -0.433675 0.452429 5.027955
v -0.433675 0.452429 5.009028
v -0.426338 0.458102 5.020617
v -0.426338 0.458102 5.016366
v -0.414749 0.458003 5.009028
v -0.414749 0.458003 5.027955
v -0.433675 0.458003 5.027955
v -0.433675 0.458003 5.009028
v -0.419652 0.477204 5.013931
v -0.419652 0.477204 5.023052
v -0.428772 0.477204 5.023052
v -0.428772 0.477204 5.013931
v -0.421897 0.480273 5.016177
v -0.421897 0.480273 5.020806
v -0.426527 0.480273 5.020806
v -0.426527 0.480273 5.016177
v 0.495969 0.452854 4.892690
v 0.495969 0.452854 4.909218
v 0.502377 0.457808 4.899097
v 0.502377 0.457808 4.902811
v 0.512498 0.452854 4.892690
v 0.512498 0.452854 4.909218
v 0.506090 0.457808 4.899097
v 0.506090 0.457808 4.902811
v 0.495969 0.457721 4.909218
v 0.495969 0.457721 4.892690
v 0.512498 0.457721 4.892690
v 0.512498 0.457721 4.909218
v 0.500251 0.474490 4.904936
v 0.500251 0.474490 4.896971
v 0.508216 0.474490 4.896971
v 0.508216 0.474490 4.904936
v 0.502212 0.477170 4.902976
v 0.502212 0.477170 4.898932
v 0.506255 0.477170 4.898932
v 0.506255 0.477170 4.902976
v 0.357654 0.452854 4.744448
v 0.357654 0.452854 4.760976
v 0.364062 0.457808 4.750855
v 0.364062 0.457808 4.754568
v 0.374182 0.452854 4.744448
v 0.374182 0.452854 4.760976
v 0.367774 0.457808 4.750855
v 0.367774 0.457808 4.754568
v 0.357654 0.457721 4.760976
v 0.357654 0.457721 4.744448
v 0.374182 0.457721 4.744448
v 0.374182 0.457721 4.760976
v 0.361936 0.474490 4.756694
v 0.361936 0.474490 4.748729
v 0.369900 0.474490 4.748729
v 0.369900 0.474490 4.756694
v 0.363897 0.477170 4.754733
v 0.363897 0.477170 4.750690
v 0.367939 0.477170 4.750690
v 0.367939 0.477170 4.754733
v 0.352367 0.452425 4.863267
v 0.352367 0.452425 4.884356
v 0.359172 0.458817 4.870073
v 0.359172 0.458817 4.877550
v 0.373455 0.452425 4.863267
v 0.373455 0.452425 4.884356
v 0.366650 0.458817 4.870073
v 0.366650 0.458817 4.877550
v 0.352367 0.458635 4.884356
v 0.352367 0.458635 4.863267
v 0.373455 0.458635 4.863267
v 0.373455 0.458635 4.884356
v 0.357308 0.473488 4.879415
v 0.357308 0.473488 4.868208
v 0.368514 0.473488 4.868208
v 0.368514 0.473488 4.879415
v 0.360067 0.476425 4.876656
v 0.360067 0.476425 4.870967
v 0.365755 0.476425 4.870967
v 0.365755 0.476425 4.876656
v 0.436842 0.452425 4.822509
v 0.436842 0.452425 4.843597
v 0.443647 0.458817 4.829315
v 0.443647 0.458817 4.836792
v 0.457930 0.452425 4.822509
v 0.457930 0.452425 4.843597
v 0.451124 0.458817 4.829315
v 0.451124 0.458817 4.836792
v 0.436842 0.458635 4.843597
v 0.436842 0.458635 4.822509
v 0.457930 0.458635 4.822509
v 0.457930 0.458635 4.843597
v 0.441783 0.473488 4.838656
v 0.441783 0.473488 4.827450
v 0.452989 0.473488 4.827450
v 0.452989 0.473488 4.838656
v 0.444542 0.476425 4.835897
v 0.444542 0.476425 4.830209
v 0.450230 0.476425 4.830209
v 0.450230 0.476425 4.835897
v 0.387537 0.452425 4.863267
v 0.387537 0.452425 4.884356
v 0.394343 0.458817 4.870073
v 0.394343 0.458817 4.877550
v 0.408626 0.452425 4.863267
v 0.408626 0.452425 4.884356
v 0.401820 0.458817 4.870073
v 0.401820 0.458817 4.877550
v 0.387537 0.458635 4.884356
v 0.387537 0.458635 4.863267
v 0.408626 0.458635 4.863267
v 0.408626 0.458635 4.884356
v 0.392478 0.473488 4.879415
v 0.392478 0.473488 4.868208
v 0.403685 0.473488 4.868208
v 0.403685 0.473488 4.879415
v 0.395237 0.476425 4.876656
v 0.395237 0.476425 4.870967
v 0.400926 0.476425 4.870967
v 0.400926 0.476425 4.876656
v 0.434541 0.452425 4.863267
v 0.434541 0.452425 4.884356
v 0.441347 0.458817 4.870073
v 0.441347 0.458817 4.877550
v 0.455629 0.452425 4.863267
v 0.455629 0.452425 4.884356
v 0.448824 0.458817 4.870073
v 0.448824 0.458817 4.877550
v 0.434541 0.458635 4.884356
v 0.434541 0.458635 4.863267
v 0.455629 0.458635 4.863267
v 0.455629 0.458635 4.884356
v 0.439482 0.473488 4.879415
v 0.439482 0.473488 4.868208
v 0.450688 0.473488 4.868208
v 0.450688 0.473488 4.879415
v 0.442241 0.476425 4.876656
v 0.442241 0.476425 4.870967
v 0.447929 0.476425 4.870967
v 0.447929 0.476425 4.876656
v 0.554477 0.452854 4.748392
v 0.554477 0.452854 4.764920
v 0.560885 0.457808 4.754800
v 0.560885 0.457808 4.758512
v 0.571006 0.452854 4.748392
v 0.571006 0.452854 4.764920
v 0.564598 0.457808 4.754800
v 0.564598 0.457808 4.758512
v 0.554477 0.457721 4.764920
v 0.554477 0.457721 4.748392
v 0.571006 0.457721 4.748392
v 0.571006 0.457721 4.764920
v 0.558759 0.474490 4.760639
v 0.558759 0.474490 4.752674
v 0.566724 0.474490 4.752674
v 0.566724 0.474490 4.760639
v 0.560720 0.477170 4.758677
v 0.560720 0.477170 4.754635
v 0.564763 0.477170 4.754635
v 0.564763 0.477170 4.758677
v 0.495969 0.452854 4.838783
v 0.495969 0.452854 4.855312
v 0.502377 0.457808 4.845191
v 0.502377 0.457808 4.848904
v 0.512498 0.452854 4.838783
v 0.512498 0.452854 4.855312
v 0.506090 0.457808 4.845191
v 0.506090 0.457808 4.848904
v 0.495969 0.457721 4.855312
v 0.495969 0.457721 4.838783
v 0.512498 0.457721 4.838783
v 0.512498 0.457721 4.855312
v 0.500251 0.474490 4.851030
v 0.500251 0.474490 4.843065
v 0.508216 0.474490 4.843065
v 0.508216 0.474490 4.851030
v 0.502212 0.477170 4.849069
v 0.502212 0.477170 4.845026
v 0.506255 0.477170 4.845026
v 0.506255 0.477170 4.849069
v 0.551716 0.452854 4.639922
v 0.551716 0.452854 4.656451
v 0.558124 0.457808 4.646330
v 0.558124 0.457808 4.650043
v 0.568245 0.452854 4.639922
v 0.568245 0.452854 4.656451
v 0.561837 0.457808 4.646330
v 0.561837 0.457808 4.650043
v 0.551716 0.457721 4.656451
v 0.551716 0.457721 4.639922
v 0.568245 0.457721 4.639922
v 0.568245 0.457721 4.656451
v 0.555998 0.474490 4.652169
v 0.555998 0.474490 4.644204
v 0.563963 0.474490 4.644204
v 0.563963 0.474490 4.652169
v 0.557959 0.477170 4.650208
v 0.557959 0.477170 4.646165
v 0.562002 0.477170 4.646165
v 0.562002 0.477170 4.650208
v -0.571765 0.452429 4.518545
v -0.571765 0.452429 4.537471
v -0.564428 0.458102 4.525882
v -0.564428 0.458102 4.530134
v -0.552839 0.452429 4.518545
v -0.552839 0.452429 4.537471
v -0.560176 0.458102 4.525882
v -0.560176 0.458102 4.530134
v -0.571765 0.458003 4.537471
v -0.571765 0.458003 4.518545
v -0.552839 0.458003 4.518545
v -0.552839 0.458003 4.537471
v -0.566862 0.477204 4.532568
v -0.566862 0.477204 4.523448
v -0.557742 0.477204 4.523448
v -0.557742 0.477204 4.532568
v -0.564617 0.480273 4.530323
v -0.564617 0.480273 4.525693
v -0.559987 0.480273 4.525693
v -0.559987 0.480273 4.530323
v -0.497927 0.452429 4.515705
v -0.497927 0.452429 4.534631
v -0.490589 0.458102 4.523042
v -0.490589 0.458102 4.527294
v -0.479001 0.452429 4.515705
v -0.479001 0.452429 4.534631
v -0.486338 0.458102 4.523042
v -0.486338 0.458102 4.527294
v -0.497927 0.458003 4.534631
v -0.497927 0.458003 4.515705
v -0.479001 0.458003 4.515705
v -0.479001 0.458003 4.534631
v -0.493024 0.477204 4.529728
v -0.493024 0.477204 4.520608
v -0.483904 0.477204 4.520608
v -0.483904 0.477204 4.529728
v -0.490778 0.480273 4.527483
v -0.490778 0.480273 4.522853
v -0.486149 0.480273 4.522853
v -0.486149 0.480273 4.527483
v -0.497927 0.452429 4.544094
v -0.497927 0.452429 4.563020
v -0.490589 0.458102 4.551432
v -0.490589 0.458102 4.555683
v -0.479001 0.452429 4.544094
v -0.479001 0.452429 4.563020
v -0.486338 0.458102 4.551432
v -0.486338 0.458102 4.555683
v -0.497927 0.458003 4.563020
v -0.497927 0.458003 4.544094
v -0.479001 0.458003 4.544094
v -0.479001 0.458003 4.563020
v -0.493024 0.477204 4.558117
v -0.493024 0.477204 4.548997
v -0.483904 0.477204 4.548997
v -0.483904 0.477204 4.558117
v -0.490778 0.480273 4.555872
v -0.490778 0.480273 4.551242
v -0.486149 0.480273 4.551242
v -0.486149 0.480273 4.555872
v -0.442075 0.452429 4.536057
v -0.442075 0.452429 4.554984
v -0.434737 0.458102 4.543395
v -0.434737 0.458102 4.547647
v -0.423148 0.452429 4.536057
v -0.423148 0.452429 4.554984
v -0.430486 0.458102 4.543395
v -0.430486 0.458102 4.547647
v -0.442075 0.458003 4.554984
v -0.442075 0.458003 4.536057
v -0.423148 0.458003 4.536057
v -0.423148 0.458003 4.554984
v -0.437172 0.477204 4.550081
v -0.437172 0.477204 4.540961
v -0.428051 0.477204 4.540961
v -0.428051 0.477204 4.550081
v -0.434926 0.480273 4.547835
v -0.434926 0.480273 4.543206
v -0.430297 0.480273 4.543206
v -0.430297 0.480273 4.547835
v -0.442075 0.452429 4.560072
v -0.442075 0.452429 4.578998
v -0.434737 0.458102 4.567410
v -0.434737 0.458102 4.571661
v -0.423148 0.452429 4.560072
v -0.423148 0.452429 4.578998
v -0.430486 0.458102 4.567410
v -0.430486 0.458102 4.571661
v -0.442075 0.458003 4.578998
v -0.442075 0.458003 4.560072
v -0.423148 0.458003 4.560072
v -0.423148 0.458003 4.578998
v -0.437172 0.477204 4.574095
v -0.437172 0.477204 4.564975
v -0.428051 0.477204 4.564975
v -0.428051 0.477204 4.574095
v -0.434926 0.480273 4.571850
v -0.434926 0.480273 4.567220
v -0.430297 0.480273 4.567220
v -0.430297 0.480273 4.571850
v -0.561904 0.452429 4.379056
v -0.561904 0.452429 4.397983
v -0.554567 0.458102 4.386394
v -0.554567 0.458102 4.390645
v -0.542978 0.452429 4.379056
v -0.542978 0.452429 4.397983
v -0.550315 0.458102 4.386394
v -0.550315 0.458102 4.390645
v -0.561904 0.458003 4.397983
v -0.561904 0.458003 4.379056
v -0.542978 0.458003 4.379056
v -0.542978 0.458003 4.397983
v -0.557001 0.477204 4.393080
v -0.557001 0.477204 4.383959
v -0.547881 0.477204 4.383959
v -0.547881 0.477204 4.393080
v -0.554756 0.480273 4.390834
v -0.554756 0.480273 4.386205
v -0.550126 0.480273 4.386205
v -0.550126 0.480273 4.390834
v -0.571765 0.452429 4.542559
v -0.571765 0.452429 4.561485
v -0.564428 0.458102 4.549896
v -0.564428 0.458102 4.554148
v -0.552839 0.452429 4.542559
v -0.552839 0.452429 4.561485
v -0.560176 0.458102 4.549896
v -0.560176 0.458102 4.554148
v -0.571765 0.458003 4.561485
v -0.571765 0.458003 4.542559
v -0.552839 0.458003 4.542559
v -0.552839 0.458003 4.561485
v -0.566862 0.477204 4.556582
v -0.566862 0.477204 4.547462
v -0.557742 0.477204 4.547462
v -0.557742 0.477204 4.556582
v -0.564617 0.480273 4.554337
v -0.564617 0.480273 4.549707
v -0.559987 0.480273 4.549707
v -0.559987 0.480273 4.554337
v -0.571765 0.452429 4.588896
v -0.571765 0.452429 4.607822
v -0.564428 0.458102 4.596233
v -0.564428 0.458102 4.600485
v -0.552839 0.452429 4.588896
v -0.552839 0.452429 4.607822
v -0.560176 0.458102 4.596233
v -0.560176 0.458102 4.600485
v -0.571765 0.458003 4.607822
v -0.571765 0.458003 4.588896
v -0.552839 0.458003 4.588896
v -0.552839 0.458003 4.607822
v -0.566862 0.477204 4.602920
v -0.566862 0.477204 4.593799
v -0.557742 0.477204 4.593799
v -0.557742 0.477204 4.602920
v -0.564617 0.480273 4.600674
v -0.564617 0.480273 4.596045
v -0.559987 0.480273 4.596045
v -0.559987 0.480273 4.600674
v -0.561904 0.452429 4.467739
v -0.561904 0.452429 4.486665
v -0.554567 0.458102 4.475076
v -0.554567 0.458102 4.479327
v -0.542978 0.452429 4.467739
v -0.542978 0.452429 4.486665
v -0.550315 0.458102 4.475076
v -0.550315 0.458102 4.479327
v -0.561904 0.458003 4.486665
v -0.561904 0.458003 4.467739
v -0.542978 0.458003 4.467739
v -0.542978 0.458003 4.486665
v -0.557001 0.477204 4.481762
v -0.557001 0.477204 4.472641
v -0.547881 0.477204 4.472641
v -0.547881 0.477204 4.481762
v -0.554756 0.480273 4.479517
v -0.554756 0.480273 4.474887
v -0.550126 0.480273 4.474887
v -0.550126 0.480273 4.479517
v -0.561904 0.452429 4.441772
v -0.561904 0.452429 4.460698
v -0.554567 0.458102 4.449109
v -0.554567 0.458102 4.453361
v -0.542978 0.452429 4.441772
v -0.542978 0.452429 4.460698
v -0.550315 0.458102 4.449109
v -0.550315 0.458102 4.453361
v -0.561904 0.458003 4.460698
v -0.561904 0.458003 4.441772
v -0.542978 0.458003 4.441772
v -0.542978 0.458003 4.460698
v -0.557001 0.477204 4.455795
v -0.557001 0.477204 4.446674
v -0.547881 0.477204 4.446674
v -0.547881 0.477204 4.455795
v -0.554756 0.480273 4.453549
v -0.554756 0.480273 4.448920
v -0.550126 0.480273 4.448920
v -0.550126 0.480273 4.453549
v 0.395161 0.451369 4.609468
v 0.388448 0.451369 4.625676
v 0.395161 0.451369 4.632389
v 0.404655 0.451369 4.632389
v 0.411369 0.451369 4.625676
v 0.411368 0.451369 4.616181
v 0.404655 0.451369 4.609468
v 0.388448 0.451369 4.616181
v 0.395161 0.461467 4.609468
v 0.388448 0.459549 4.625676
v 0.395161 0.461467 4.632389
v 0.404655 0.461467 4.632389
v 0.411369 0.459549 4.625676
v 0.411368 0.459549 4.616181
v 0.404655 0.461467 4.609468
v 0.388448 0.459549 4.616181
v 0.395161 0.474133 4.632389
v 0.404655 0.474133 4.632389
v 0.395161 0.474133 4.609468
v 0.404655 0.474133 4.609468
v 0.395766 0.474822 4.631407
v 0.404050 0.474822 4.631407
v 0.395766 0.474822 4.610450
v 0.404050 0.474822 4.610450
v 0.411368 0.451369 4.620929
v 0.388448 0.451369 4.620929
v 0.404655 0.451369 4.620929
v 0.395161 0.451369 4.620929
v 0.411368 0.459549 4.620929
v 0.388448 0.459549 4.620929
v 0.404655 0.461467 4.620929
v 0.395161 0.461467 4.620929
v 0.404655 0.474133 4.620929
v 0.395161 0.474133 4.620929
v 0.404050 0.474822 4.620929
v 0.395766 0.474822 4.620929
v 0.397535 0.451369 4.632389
v 0.402282 0.451369 4.632389
v 0.397535 0.451369 4.609468
v 0.402282 0.451369 4.609468
v 0.397535 0.461467 4.609468
v 0.402282 0.461467 4.609468
v 0.397535 0.474133 4.632389
v 0.402282 0.474133 4.632389
v 0.397535 0.474133 4.609468
v 0.402282 0.474133 4.609468
v 0.397837 0.474822 4.631407
v 0.397837 0.474822 4.610450
v 0.401979 0.474822 4.610450
v 0.397837 0.474822 4.620929
v 0.401979 0.474822 4.620929
v 0.402282 0.451369 4.620929
v 0.397535 0.451369 4.620929
v 0.398746 0.474822 4.621837
v 0.401071 0.474822 4.621837
v 0.398443 0.474068 4.632482
v 0.398745 0.474757 4.631499
v 0.401373 0.474068 4.632482
v 0.401071 0.474757 4.631499
v 0.397535 0.461467 4.632389
v 0.402282 0.461467 4.632389
v 0.401979 0.474822 4.631407
v 0.398443 0.462375 4.632389
v 0.401373 0.462375 4.632389
v -0.478226 0.447621 4.866035
v -0.487163 0.447621 4.887611
v -0.478226 0.447621 4.896548
v -0.465587 0.447621 4.896548
v -0.456650 0.447621 4.887611
v -0.456650 0.447621 4.874972
v -0.465587 0.447621 4.866035
v -0.487163 0.447621 4.874972
v -0.478226 0.461063 4.866035
v -0.487163 0.458510 4.887611
v -0.478226 0.461063 4.896548
v -0.465587 0.461063 4.896548
v -0.456650 0.458510 4.887611
v -0.456650 0.458510 4.874972
v -0.465587 0.461063 4.866035
v -0.487163 0.458510 4.874972
v -0.478226 0.477925 4.896548
v -0.465587 0.477925 4.896548
v -0.478226 0.477925 4.866035
v -0.465587 0.477925 4.866035
v -0.477420 0.478842 4.895241
v -0.466393 0.478842 4.895241
v -0.477420 0.478842 4.867342
v -0.466393 0.478842 4.867342
v -0.456650 0.447621 4.881292
v -0.487163 0.447621 4.881292
v -0.465587 0.447621 4.881292
v -0.478226 0.447621 4.881292
v -0.456650 0.458510 4.881292
v -0.487163 0.458510 4.881292
v -0.465587 0.461063 4.881292
v -0.478226 0.461063 4.881292
v -0.465587 0.477925 4.881292
v -0.478226 0.477925 4.881292
v -0.466393 0.478842 4.881292
v -0.477420 0.478842 4.881292
v -0.475066 0.447621 4.896548
v -0.468747 0.447621 4.896548
v -0.475067 0.447621 4.866035
v -0.468747 0.447621 4.866035
v -0.475067 0.461063 4.866035
v -0.468747 0.461063 4.866035
v -0.475066 0.477925 4.896548
v -0.468747 0.477925 4.896548
v -0.475067 0.477925 4.866035
v -0.468747 0.477925 4.866035
v -0.474664 0.478842 4.895241
v -0.474663 0.478842 4.867342
v -0.469150 0.478842 4.867342
v -0.474663 0.478842 4.881292
v -0.469150 0.478842 4.881292
v -0.468747 0.447621 4.881292
v -0.475066 0.447621 4.881292
v -0.473454 0.478842 4.882501
v -0.470359 0.478842 4.882501
v -0.473857 0.477839 4.896671
v -0.473454 0.478756 4.895364
v -0.469956 0.477839 4.896671
v -0.470359 0.478756 4.895364
v -0.475066 0.461063 4.896548
v -0.468747 0.461063 4.896548
v -0.469150 0.478842 4.895241
v -0.473857 0.462272 4.896548
v -0.469956 0.462272 4.896548
v 0.408258 0.449555 4.410599
v 0.400599 0.449555 4.429090
v 0.408258 0.449555 4.436749
v 0.419090 0.449555 4.436749
v 0.426749 0.449555 4.429090
v 0.426749 0.449555 4.418258
v 0.419090 0.449555 4.410599
v 0.400599 0.449555 4.418258
v 0.408258 0.461075 4.410599
v 0.400599 0.458887 4.429090
v 0.408258 0.461075 4.436749
v 0.419090 0.461075 4.436749
v 0.426749 0.458887 4.429090
v 0.426749 0.458887 4.418258
v 0.419090 0.461075 4.410599
v 0.400599 0.458887 4.418258
v 0.408258 0.475526 4.436749
v 0.419090 0.475526 4.436749
v 0.408258 0.475526 4.410599
v 0.419090 0.475526 4.410599
v 0.408949 0.476312 4.435628
v 0.418399 0.476312 4.435628
v 0.408949 0.476312 4.411719
v 0.418399 0.476312 4.411719
v 0.426749 0.449555 4.423674
v 0.400599 0.449555 4.423674
v 0.419090 0.449555 4.423674
v 0.408258 0.449555 4.423674
v 0.426749 0.458887 4.423674
v 0.400599 0.458887 4.423674
v 0.419090 0.461075 4.423674
v 0.408258 0.461075 4.423674
v 0.419090 0.475526 4.423674
v 0.408258 0.475526 4.423674
v 0.418399 0.476312 4.423674
v 0.408949 0.476312 4.423674
v 0.410966 0.449555 4.436749
v 0.416382 0.449555 4.436749
v 0.410966 0.449555 4.410599
v 0.416382 0.449555 4.410599
v 0.410966 0.461075 4.410599
v 0.416382 0.461075 4.410599
v 0.410966 0.475526 4.436749
v 0.416382 0.475526 4.436749
v 0.410966 0.475526 4.410599
v 0.416382 0.475526 4.410599
v 0.411311 0.476312 4.435628
v 0.411311 0.476312 4.411719
v 0.416036 0.476312 4.411719
v 0.411311 0.476312 4.423674
v 0.416036 0.476312 4.423674
v 0.416382 0.449555 4.423674
v 0.410966 0.449555 4.423674
v 0.412348 0.476312 4.424710
v 0.415000 0.476312 4.424710
v 0.412002 0.475453 4.436854
v 0.412348 0.476238 4.435734
v 0.415346 0.475453 4.436854
v 0.415000 0.476238 4.435734
v 0.410966 0.461075 4.436749
v 0.416382 0.461075 4.436749
v 0.416036 0.476312 4.435628
v 0.412002 0.462112 4.436749
v 0.415346 0.462112 4.436749
v 0.551912 0.452469 4.570243
v 0.557903 0.452469 4.555779
v 0.551912 0.452469 4.549788
v 0.543439 0.452469 4.549788
v 0.537448 0.452469 4.555779
v 0.537448 0.452469 4.564252
v 0.543439 0.452469 4.570243
v 0.557903 0.452469 4.564252
v 0.551912 0.461480 4.570243
v 0.557903 0.459768 4.555779
v 0.551912 0.461480 4.549788
v 0.543439 0.461480 4.549788
v 0.537448 0.459768 4.555779
v 0.537448 0.459768 4.564252
v 0.543439 0.461480 4.570243
v 0.557903 0.459768 4.564252
v 0.551912 0.472784 4.549788
v 0.543439 0.472784 4.549788
v 0.551912 0.472784 4.570243
v 0.543439 0.472784 4.570243
v 0.551372 0.473399 4.550664
v 0.543979 0.473399 4.550664
v 0.551372 0.473399 4.569366
v 0.543979 0.473399 4.569366
v 0.537448 0.452469 4.560015
v 0.557903 0.452469 4.560015
v 0.543439 0.452469 4.560015
v 0.551912 0.452469 4.560015
v 0.537448 0.459768 4.560015
v 0.557903 0.459768 4.560015
v 0.543439 0.461480 4.560015
v 0.551912 0.461480 4.560015
v 0.543439 0.472784 4.560015
v 0.551912 0.472784 4.560015
v 0.543979 0.473399 4.560015
v 0.551372 0.473399 4.560015
v 0.549794 0.452469 4.549788
v 0.545557 0.452469 4.549788
v 0.549794 0.452469 4.570243
v 0.545557 0.452469 4.570243
v 0.549794 0.461480 4.570243
v 0.545557 0.461480 4.570243
v 0.549794 0.472784 4.549788
v 0.545557 0.472784 4.549788
v 0.549794 0.472784 4.570243
v 0.545557 0.472784 4.570243
v 0.549524 0.473399 4.550664
v 0.549523 0.473399 4.569366
v 0.545827 0.473399 4.569366
v 0.549523 0.473399 4.560015
v 0.545827 0.473399 4.560015
v 0.545557 0.452469 4.560015
v 0.549794 0.452469 4.560015
v 0.548713 0.473399 4.559205
v 0.546638 0.473399 4.559205
v 0.548983 0.472726 4.549705
v 0.548713 0.473341 4.550581
v 0.546368 0.472726 4.549705
v 0.546638 0.473341 4.550581
v 0.549794 0.461480 4.549788
v 0.545557 0.461480 4.549788
v 0.545827 0.473399 4.550664
v 0.548983 0.462291 4.549788
v 0.546368 0.462291 4.549788
v 0.455073 0.449555 4.547601
v 0.436582 0.449555 4.539942
v 0.428923 0.449555 4.547601
v 0.428923 0.449555 4.558433
v 0.436582 0.449555 4.566092
v 0.447414 0.449555 4.566092
v 0.455073 0.449555 4.558433
v 0.447414 0.449555 4.539942
v 0.455073 0.461075 4.547601
v 0.436582 0.458887 4.539942
v 0.428923 0.461075 4.547601
v 0.428923 0.461075 4.558433
v 0.436582 0.458887 4.566092
v 0.447414 0.458887 4.566092
v 0.455073 0.461075 4.558433
v 0.447414 0.458887 4.539942
v 0.428923 0.475526 4.547601
v 0.428923 0.475526 4.558433
v 0.455073 0.475526 4.547601
v 0.455073 0.475526 4.558433
v 0.430043 0.476312 4.548291
v 0.430043 0.476312 4.557742
v 0.453952 0.476312 4.548291
v 0.453952 0.476312 4.557742
v 0.441998 0.449555 4.566092
v 0.441998 0.449555 4.539942
v 0.441998 0.449555 4.558433
v 0.441998 0.449555 4.547601
v 0.441998 0.458887 4.566092
v 0.441998 0.458887 4.539942
v 0.441998 0.461075 4.558433
v 0.441998 0.461075 4.547601
v 0.441998 0.475526 4.558433
v 0.441998 0.475526 4.547601
v 0.441998 0.476312 4.557742
v 0.441998 0.476312 4.548291
v 0.428923 0.449555 4.550309
v 0.428923 0.449555 4.555725
v 0.455073 0.449555 4.550309
v 0.455073 0.449555 4.555725
v 0.455073 0.461075 4.550309
v 0.455073 0.461075 4.555725
v 0.428923 0.475526 4.550309
v 0.428923 0.475526 4.555725
v 0.455073 0.475526 4.550309
v 0.455073 0.475526 4.555725
v 0.430043 0.476312 4.550654
v 0.453952 0.476312 4.550654
v 0.453952 0.476312 4.555379
v 0.441998 0.476312 4.550654
v 0.441998 0.476312 4.555379
v 0.441998 0.449555 4.555725
v 0.441998 0.449555 4.550309
v 0.440961 0.476312 4.551690
v 0.440961 0.476312 4.554343
v 0.428817 0.475453 4.551345
v 0.429938 0.476238 4.551690
v 0.428817 0.475453 4.554688
v 0.429938 0.476238 4.554343
v 0.428923 0.461075 4.550309
v 0.428923 0.461075 4.555725
v 0.430043 0.476312 4.555379
v 0.428923 0.462112 4.551345
v 0.428923 0.462112 4.554688
v 0.473699 0.449555 4.507609
v 0.455208 0.449555 4.499950
v 0.447549 0.449555 4.507609
v 0.447549 0.449555 4.518441
v 0.455208 0.449555 4.526101
v 0.466040 0.449555 4.526101
v 0.473699 0.449555 4.518441
v 0.466040 0.449555 4.499950
v 0.473699 0.461075 4.507609
v 0.455208 0.458887 4.499950
v 0.447549 0.461075 4.507609
v 0.447549 0.461075 4.518441
v 0.455208 0.458887 4.526101
v 0.466040 0.458887 4.526101
v 0.473699 0.461075 4.518441
v 0.466040 0.458887 4.499950
v 0.447549 0.475526 4.507609
v 0.447549 0.475526 4.518441
v 0.473699 0.475526 4.507609
v 0.473699 0.475526 4.518441
v 0.448669 0.476312 4.508300
v 0.448669 0.476312 4.517751
v 0.472578 0.476312 4.508300
v 0.472578 0.476312 4.517751
v 0.460624 0.449555 4.526101
v 0.460624 0.449555 4.499950
v 0.460624 0.449555 4.518441
v 0.460624 0.449555 4.507609
v 0.460624 0.458887 4.526101
v 0.460624 0.458887 4.499950
v 0.460624 0.461075 4.518441
v 0.460624 0.461075 4.507609
v 0.460624 0.475526 4.518441
v 0.460624 0.475526 4.507609
v 0.460624 0.476312 4.517751
v 0.460624 0.476312 4.508300
v 0.447549 0.449555 4.510317
v 0.447549 0.449555 4.515733
v 0.473699 0.449555 4.510317
v 0.473699 0.449555 4.515733
v 0.473699 0.461075 4.510317
v 0.473699 0.461075 4.515733
v 0.447549 0.475526 4.510317
v 0.447549 0.475526 4.515733
v 0.473699 0.475526 4.510317
v 0.473699 0.475526 4.515733
v 0.448669 0.476312 4.510663
v 0.472578 0.476312 4.510663
v 0.472578 0.476312 4.515388
v 0.460624 0.476312 4.510663
v 0.460624 0.476312 4.515388
v 0.460624 0.449555 4.515733
v 0.460624 0.449555 4.510317
v 0.459588 0.476312 4.511699
v 0.459588 0.476312 4.514352
v 0.447443 0.475453 4.511353
v 0.448564 0.476238 4.511699
v 0.447443 0.475453 4.514697
v 0.448564 0.476238 4.514352
v 0.447549 0.461075 4.510317
v 0.447549 0.461075 4.515733
v 0.448669 0.476312 4.515388
v 0.447549 0.462112 4.511353
v 0.447549 0.462112 4.514697
v 0.505164 0.452469 4.689439
v 0.519628 0.452469 4.695431
v 0.525619 0.452469 4.689439
v 0.525619 0.452469 4.680966
v 0.519628 0.452469 4.674975
v 0.511155 0.452469 4.674975
v 0.505164 0.452469 4.680966
v 0.511155 0.452469 4.695431
v 0.505164 0.461480 4.689439
v 0.519628 0.459768 4.695431
v 0.525619 0.461480 4.689439
v 0.525619 0.461480 4.680966
v 0.519628 0.459768 4.674975
v 0.511155 0.459768 4.674975
v 0.505164 0.461480 4.680966
v 0.511155 0.459768 4.695431
v 0.525619 0.472784 4.689439
v 0.525619 0.472784 4.680966
v 0.505164 0.472784 4.689439
v 0.505164 0.472784 4.680966
v 0.524743 0.473399 4.688899
v 0.524743 0.473399 4.681507
v 0.506040 0.473399 4.688899
v 0.506040 0.473399 4.681507
v 0.515391 0.452469 4.674975
v 0.515391 0.452469 4.695431
v 0.515391 0.452469 4.680966
v 0.515391 0.452469 4.689439
v 0.515391 0.459768 4.674975
v 0.515391 0.459768 4.695431
v 0.515391 0.461480 4.680966
v 0.515391 0.461480 4.689439
v 0.515391 0.472784 4.680966
v 0.515391 0.472784 4.689439
v 0.515391 0.473399 4.681507
v 0.515391 0.473399 4.688899
v 0.525619 0.452469 4.687321
v 0.525619 0.452469 4.683084
v 0.505164 0.452469 4.687321
v 0.505164 0.452469 4.683084
v 0.505164 0.461480 4.687321
v 0.505164 0.461480 4.683084
v 0.525619 0.472784 4.687321
v 0.525619 0.472784 4.683084
v 0.505164 0.472784 4.687321
v 0.505164 0.472784 4.683084
v 0.524743 0.473399 4.687051
v 0.506040 0.473399 4.687051
v 0.506040 0.473399 4.683355
v 0.515391 0.473399 4.687051
v 0.515391 0.473399 4.683355
v 0.515391 0.452469 4.683084
v 0.515391 0.452469 4.687321
v 0.516202 0.473399 4.686240
v 0.516202 0.473399 4.684165
v 0.525702 0.472726 4.686511
v 0.524825 0.473341 4.686240
v 0.525702 0.472726 4.683895
v 0.524825 0.473341 4.684165
v 0.525619 0.461480 4.687321
v 0.525619 0.461480 4.683084
v 0.524743 0.473399 4.683355
v 0.525619 0.462291 4.686511
v 0.525619 0.462291 4.683895
v 0.552528 0.452469 4.691227
v 0.566992 0.452469 4.697219
v 0.572983 0.452469 4.691227
v 0.572983 0.452469 4.682755
v 0.566992 0.452469 4.676763
v 0.558519 0.452469 4.676763
v 0.552528 0.452469 4.682755
v 0.558519 0.452469 4.697219
v 0.552528 0.461480 4.691227
v 0.566992 0.459768 4.697219
v 0.572983 0.461480 4.691227
v 0.572983 0.461480 4.682755
v 0.566992 0.459768 4.676763
v 0.558519 0.459768 4.676763
v 0.552528 0.461480 4.682755
v 0.558519 0.459768 4.697219
v 0.572983 0.472784 4.691227
v 0.572983 0.472784 4.682755
v 0.552528 0.472784 4.691227
v 0.552528 0.472784 4.682755
v 0.572107 0.473399 4.690687
v 0.572107 0.473399 4.683295
v 0.553404 0.473399 4.690687
v 0.553404 0.473399 4.683295
v 0.562756 0.452469 4.676763
v 0.562756 0.452469 4.697219
v 0.562756 0.452469 4.682755
v 0.562756 0.452469 4.691227
v 0.562756 0.459768 4.676763
v 0.562756 0.459768 4.697219
v 0.562756 0.461480 4.682755
v 0.562756 0.461480 4.691227
v 0.562756 0.472784 4.682755
v 0.562756 0.472784 4.691227
v 0.562756 0.473399 4.683295
v 0.562756 0.473399 4.690687
v 0.572983 0.452469 4.689109
v 0.572983 0.452469 4.684873
v 0.552528 0.452469 4.689109
v 0.552528 0.452469 4.684873
v 0.552528 0.461480 4.689109
v 0.552528 0.461480 4.684873
v 0.572983 0.472784 4.689109
v 0.572983 0.472784 4.684873
v 0.552528 0.472784 4.689109
v 0.552528 0.472784 4.684873
v 0.572107 0.473399 4.688839
v 0.553404 0.473399 4.688839
v 0.553404 0.473399 4.685143
v 0.562756 0.473399 4.688839
v 0.562756 0.473399 4.685143
v 0.562756 0.452469 4.684873
v 0.562756 0.452469 4.689109
v 0.563566 0.473399 4.688028
v 0.563566 0.473399 4.685953
v 0.573066 0.472726 4.688299
v 0.572189 0.473341 4.688028
v 0.573066 0.472726 4.685683
v 0.572189 0.473341 4.685953
v 0.572983 0.461480 4.689109
v 0.572983 0.461480 4.684873
v 0.572107 0.473399 4.685143
v 0.572983 0.462291 4.688299
v 0.572983 0.462291 4.685683
v 0.432033 0.451369 4.911369
v 0.438746 0.451369 4.927577
v 0.448241 0.451369 4.927577
v 0.454954 0.451369 4.920863
v 0.454954 0.451369 4.911369
v 0.448241 0.451369 4.904655
v 0.438746 0.451369 4.904655
v 0.432033 0.451369 4.920863
v 0.432033 0.461467 4.911369
v 0.438746 0.459549 4.927577
v 0.448241 0.461467 4.927577
v 0.454954 0.461467 4.920863
v 0.454954 0.459549 4.911369
v 0.448241 0.459549 4.904655
v 0.438746 0.461467 4.904655
v 0.432033 0.459549 4.920863
v 0.448241 0.474133 4.927577
v 0.454954 0.474133 4.920863
v 0.432033 0.474133 4.911369
v 0.438746 0.474133 4.904655
v 0.447974 0.474822 4.926454
v 0.453831 0.474822 4.920597
v 0.433156 0.474822 4.911635
v 0.439013 0.474822 4.905778
v 0.451597 0.451369 4.908012
v 0.435390 0.451369 4.924220
v 0.446850 0.451369 4.912759
v 0.440137 0.451369 4.919473
v 0.451597 0.459549 4.908012
v 0.435390 0.459549 4.924220
v 0.446850 0.461467 4.912759
v 0.440137 0.461467 4.919473
v 0.446850 0.474133 4.912759
v 0.440137 0.474133 4.919473
v 0.446422 0.474822 4.913188
v 0.440565 0.474822 4.919044
v 0.449919 0.451369 4.925898
v 0.453276 0.451369 4.922542
v 0.433711 0.451369 4.909690
v 0.437068 0.451369 4.906334
v 0.433711 0.461467 4.909690
v 0.437068 0.461467 4.906334
v 0.449919 0.474133 4.925898
v 0.453276 0.474133 4.922542
v 0.433711 0.474133 4.909690
v 0.437068 0.474133 4.906334
v 0.449438 0.474822 4.924990
v 0.434620 0.474822 4.910171
v 0.437548 0.474822 4.907242
v 0.442029 0.474822 4.917580
v 0.444958 0.474822 4.914652
v 0.445172 0.451369 4.914438
v 0.441815 0.451369 4.917794
v 0.443314 0.474822 4.917580
v 0.444958 0.474822 4.915936
v 0.450626 0.474068 4.925321
v 0.450146 0.474757 4.924413
v 0.452699 0.474068 4.923249
v 0.451790 0.474757 4.922769
v 0.449919 0.461467 4.925898
v 0.453276 0.461467 4.922542
v 0.452367 0.474822 4.922061
v 0.450561 0.462375 4.925256
v 0.452633 0.462375 4.923183
v 0.390776 0.451369 4.911369
v 0.397489 0.451369 4.927577
v 0.406983 0.451369 4.927577
v 0.413696 0.451369 4.920863
v 0.413696 0.451369 4.911369
v 0.406983 0.451369 4.904655
v 0.397489 0.451369 4.904655
v 0.390776 0.451369 4.920863
v 0.390776 0.461467 4.911369
v 0.397489 0.459549 4.927577
v 0.406983 0.461467 4.927577
v 0.413696 0.461467 4.920863
v 0.413696 0.459549 4.911369
v 0.406983 0.459549 4.904655
v 0.397489 0.461467 4.904655
v 0.390776 0.459549 4.920863
v 0.406983 0.474133 4.927577
v 0.413696 0.474133 4.920863
v 0.390776 0.474133 4.911369
v 0.397489 0.474133 4.904655
v 0.406717 0.474822 4.926454
v 0.412574 0.474822 4.920597
v 0.391898 0.474822 4.911635
v 0.397755 0.474822 4.905778
v 0.410340 0.451369 4.908012
v 0.394132 0.451369 4.924220
v 0.405593 0.451369 4.912759
v 0.398879 0.451369 4.919473
v 0.410340 0.459549 4.908012
v 0.394132 0.459549 4.924220
v 0.405593 0.461467 4.912759
v 0.398879 0.461467 4.919473
v 0.405593 0.474133 4.912759
v 0.398879 0.474133 4.919473
v 0.405165 0.474822 4.913188
v 0.399307 0.474822 4.919044
v 0.408661 0.451369 4.925898
v 0.412018 0.451369 4.922541
v 0.392454 0.451369 4.909690
v 0.395811 0.451369 4.906334
v 0.392454 0.461467 4.909690
v 0.395811 0.461467 4.906334
v 0.408661 0.474133 4.925898
v 0.412018 0.474133 4.922541
v 0.392454 0.474133 4.909690
v 0.395811 0.474133 4.906334
v 0.408181 0.474822 4.924990
v 0.393362 0.474822 4.910171
v 0.396291 0.474822 4.907242
v 0.400772 0.474822 4.917580
v 0.403700 0.474822 4.914652
v 0.403914 0.451369 4.914438
v 0.400558 0.451369 4.917794
v 0.402056 0.474822 4.917580
v 0.403700 0.474822 4.915936
v 0.409369 0.474068 4.925321
v 0.408888 0.474757 4.924413
v 0.411441 0.474068 4.923249
v 0.410533 0.474757 4.922769
v 0.408661 0.461467 4.925898
v 0.412018 0.461467 4.922541
v 0.411110 0.474822 4.922061
v 0.409304 0.462375 4.925256
v 0.411376 0.462375 4.923183
v 0.349518 0.451369 4.911369
v 0.356232 0.451369 4.927577
v 0.365726 0.451369 4.927577
v 0.372439 0.451369 4.920863
v 0.372439 0.451369 4.911369
v 0.365726 0.451369 4.904655
v 0.356231 0.451369 4.904655
v 0.349518 0.451369 4.920863
v 0.349518 0.461467 4.911369
v 0.356232 0.459549 4.927577
v 0.365726 0.461467 4.927577
v 0.372439 0.461467 4.920863
v 0.372439 0.459549 4.911369
v 0.365726 0.459549 4.904655
v 0.356231 0.461467 4.904655
v 0.349518 0.459549 4.920863
v 0.365726 0.474133 4.927577
v 0.372439 0.474133 4.920863
v 0.349518 0.474133 4.911369
v 0.356231 0.474133 4.904655
v 0.365459 0.474822 4.926454
v 0.371316 0.474822 4.920597
v 0.350641 0.474822 4.911635
v 0.356498 0.474822 4.905778
v 0.369082 0.451369 4.908012
v 0.352875 0.451369 4.924220
v 0.364335 0.451369 4.912759
v 0.357622 0.451369 4.919473
v 0.369082 0.459549 4.908012
v 0.352875 0.459549 4.924220
v 0.364335 0.461467 4.912759
v 0.357622 0.461467 4.919473
v 0.364335 0.474133 4.912759
v 0.357622 0.474133 4.919473
v 0.363907 0.474822 4.913188
v 0.358050 0.474822 4.919044
v 0.367404 0.451369 4.925898
v 0.370761 0.451369 4.922542
v 0.351196 0.451369 4.909691
v 0.354553 0.451369 4.906334
v 0.351196 0.461467 4.909691
v 0.354553 0.461467 4.906334
v 0.367404 0.474133 4.925898
v 0.370761 0.474133 4.922542
v 0.351196 0.474133 4.909691
v 0.354553 0.474133 4.906334
v 0.366924 0.474822 4.924990
v 0.352105 0.474822 4.910171
v 0.355034 0.474822 4.907242
v 0.359514 0.474822 4.917580
v 0.362443 0.474822 4.914652
v 0.362657 0.451369 4.914438
v 0.359300 0.451369 4.917794
v 0.360799 0.474822 4.917580
v 0.362443 0.474822 4.915936
v 0.368112 0.474068 4.925321
v 0.367631 0.474757 4.924413
v 0.370184 0.474068 4.923249
v 0.369275 0.474757 4.922769
v 0.367404 0.461467 4.925898
v 0.370761 0.461467 4.922542
v 0.369852 0.474822 4.922061
v 0.368046 0.462375 4.925256
v 0.370118 0.462375 4.923184
v 0.416171 0.445949 4.486176
v 0.406631 0.445949 4.509207
v 0.416171 0.445949 4.518747
v 0.429663 0.445949 4.518747
v 0.439202 0.445949 4.509207
v 0.439202 0.445949 4.495716
v 0.429663 0.445949 4.486176
v 0.406631 0.445949 4.495716
v 0.416171 0.460297 4.486176
v 0.406631 0.457572 4.509207
v 0.416171 0.460297 4.518747
v 0.429663 0.460297 4.518747
v 0.439202 0.457572 4.509207
v 0.439202 0.457572 4.495716
v 0.429663 0.460297 4.486176
v 0.406631 0.457572 4.495716
v 0.416171 0.478297 4.518747
v 0.429663 0.478297 4.518747
v 0.416171 0.478297 4.486176
v 0.429663 0.478297 4.486176
v 0.417032 0.479275 4.517352
v 0.428802 0.479275 4.517352
v 0.417032 0.479275 4.487572
v 0.428802 0.479275 4.487572
v 0.439202 0.445949 4.502461
v 0.406631 0.445949 4.502461
v 0.429663 0.445949 4.502461
v 0.416171 0.445949 4.502461
v 0.439202 0.457572 4.502461
v 0.406631 0.457572 4.502461
v 0.429663 0.460297 4.502461
v 0.416171 0.460297 4.502461
v 0.429663 0.478297 4.502461
v 0.416171 0.478297 4.502461
v 0.428802 0.479275 4.502461
v 0.417032 0.479275 4.502461
v 0.419544 0.445949 4.518747
v 0.426290 0.445949 4.518747
v 0.419544 0.445949 4.486176
v 0.426290 0.445949 4.486176
v 0.419544 0.460297 4.486176
v 0.426290 0.460297 4.486176
v 0.419544 0.478297 4.518747
v 0.426290 0.478297 4.518747
v 0.419544 0.478297 4.486176
v 0.426290 0.478297 4.486176
v 0.419974 0.479275 4.517352
v 0.419974 0.479275 4.487572
v 0.425860 0.479275 4.487572
v 0.419974 0.479275 4.502461
v 0.425860 0.479275 4.502461
v 0.426290 0.445949 4.502461
v 0.419544 0.445949 4.502461
v 0.421265 0.479275 4.503752
v 0.424569 0.479275 4.503752
v 0.420835 0.478205 4.518878
v 0.421265 0.479183 4.517483
v 0.424999 0.478205 4.518878
v 0.424569 0.479183 4.517483
v 0.419544 0.460297 4.518747
v 0.426290 0.460297 4.518747
v 0.425860 0.479275 4.517352
v 0.420835 0.461588 4.518747
v 0.424999 0.461588 4.518747
v 0.432033 0.451369 4.943587
v 0.438746 0.451369 4.959795
v 0.448241 0.451369 4.959795
v 0.454954 0.451369 4.953082
v 0.454954 0.451369 4.943587
v 0.448241 0.451369 4.936874
v 0.438746 0.451369 4.936874
v 0.432033 0.451369 4.953082
v 0.432033 0.461467 4.943587
v 0.438746 0.459549 4.959795
v 0.448241 0.461467 4.959795
v 0.454954 0.461467 4.953082
v 0.454954 0.459549 4.943587
v 0.448241 0.459549 4.936874
v 0.438746 0.461467 4.936874
v 0.432033 0.459549 4.953082
v 0.448241 0.474133 4.959795
v 0.454954 0.474133 4.953082
v 0.432033 0.474133 4.943587
v 0.438746 0.474133 4.936874
v 0.447974 0.474822 4.958673
v 0.453831 0.474822 4.952815
v 0.433156 0.474822 4.943854
v 0.439013 0.474822 4.937997
v 0.451597 0.451369 4.940231
v 0.435390 0.451369 4.956438
v 0.446850 0.451369 4.944978
v 0.440137 0.451369 4.951691
v 0.451597 0.459549 4.940231
v 0.435390 0.459549 4.956439
v 0.446850 0.461467 4.944978
v 0.440137 0.461467 4.951691
v 0.446850 0.474133 4.944978
v 0.440137 0.474133 4.951691
v 0.446422 0.474822 4.945406
v 0.440565 0.474822 4.951263
v 0.449919 0.451369 4.958117
v 0.453276 0.451369 4.954760
v 0.433711 0.451369 4.941909
v 0.437068 0.451369 4.938552
v 0.433711 0.461467 4.941909
v 0.437068 0.461467 4.938552
v 0.449919 0.474133 4.958117
v 0.453276 0.474133 4.954760
v 0.433711 0.474133 4.941909
v 0.437068 0.474133 4.938552
v 0.449438 0.474822 4.957208
v 0.434620 0.474822 4.942389
v 0.437548 0.474822 4.939461
v 0.442029 0.474822 4.949799
v 0.444958 0.474822 4.946870
v 0.445172 0.451369 4.946656
v 0.441815 0.451369 4.950013
v 0.443314 0.474822 4.949799
v 0.444958 0.474822 4.948155
v 0.450626 0.474068 4.957540
v 0.450146 0.474757 4.956631
v 0.452699 0.474068 4.955468
v 0.451790 0.474757 4.954987
v 0.449919 0.461467 4.958117
v 0.453276 0.461467 4.954760
v 0.452367 0.474822 4.954279
v 0.450561 0.462375 4.957474
v 0.452633 0.462375 4.955402
v 0.390776 0.451369 4.943587
v 0.397489 0.451369 4.959795
v 0.406983 0.451369 4.959795
v 0.413696 0.451369 4.953082
v 0.413696 0.451369 4.943587
v 0.406983 0.451369 4.936874
v 0.397489 0.451369 4.936874
v 0.390776 0.451369 4.953082
v 0.390776 0.461467 4.943587
v 0.397489 0.459549 4.959795
v 0.406983 0.461467 4.959795
v 0.413696 0.461467 4.953082
v 0.413696 0.459549 4.943587
v 0.406983 0.459549 4.936874
v 0.397489 0.461467 4.936874
v 0.390776 0.459549 4.953082
v 0.406983 0.474133 4.959795
v 0.413696 0.474133 4.953082
v 0.390776 0.474133 4.943587
v 0.397489 0.474133 4.936874
v 0.406717 0.474822 4.958673
v 0.412574 0.474822 4.952815
v 0.391898 0.474822 4.943854
v 0.397755 0.474822 4.937997
v 0.410340 0.451369 4.940231
v 0.394132 0.451369 4.956438
v 0.405593 0.451369 4.944978
v 0.398879 0.451369 4.951691
v 0.410340 0.459549 4.940231
v 0.394132 0.459549 4.956438
v 0.405593 0.461467 4.944978
v 0.398879 0.461467 4.951691
v 0.405593 0.474133 4.944978
v 0.398879 0.474133 4.951691
v 0.405165 0.474822 4.945406
v 0.399307 0.474822 4.951263
v 0.408661 0.451369 4.958117
v 0.412018 0.451369 4.954760
v 0.392454 0.451369 4.941909
v 0.395811 0.451369 4.938552
v 0.392454 0.461467 4.941909
v 0.395811 0.461467 4.938552
v 0.408661 0.474133 4.958117
v 0.412018 0.474133 4.954760
v 0.392454 0.474133 4.941909
v 0.395811 0.474133 4.938552
v 0.408181 0.474822 4.957208
v 0.393362 0.474822 4.942389
v 0.396291 0.474822 4.939461
v 0.400772 0.474822 4.949799
v 0.403700 0.474822 4.946870
v 0.403914 0.451369 4.946656
v 0.400558 0.451369 4.950013
v 0.402056 0.474822 4.949799
v 0.403700 0.474822 4.948155
v 0.409369 0.474068 4.957540
v 0.408888 0.474757 4.956631
v 0.411441 0.474068 4.955468
v 0.410533 0.474757 4.954987
v 0.408661 0.461467 4.958117
v 0.412018 0.461467 4.954760
v 0.411110 0.474822 4.954279
v 0.409304 0.462375 4.957474
v 0.411376 0.462375 4.955402
v 0.349518 0.451369 4.943588
v 0.356232 0.451369 4.959795
v 0.365726 0.451369 4.959795
v 0.372439 0.451369 4.953082
v 0.372439 0.451369 4.943588
v 0.365726 0.451369 4.936874
v 0.356231 0.451369 4.936874
v 0.349518 0.451369 4.953082
v 0.349518 0.461467 4.943588
v 0.356232 0.459549 4.959795
v 0.365726 0.461467 4.959795
v 0.372439 0.461467 4.953082
v 0.372439 0.459549 4.943588
v 0.365726 0.459549 4.936874
v 0.356231 0.461467 4.936874
v 0.349518 0.459549 4.953082
v 0.365726 0.474133 4.959795
v 0.372439 0.474133 4.953082
v 0.349518 0.474133 4.943588
v 0.356231 0.474133 4.936874
v 0.365459 0.474822 4.958673
v 0.371316 0.474822 4.952816
v 0.350641 0.474822 4.943854
v 0.356498 0.474822 4.937997
v 0.369082 0.451369 4.940231
v 0.352875 0.451369 4.956439
v 0.364335 0.451369 4.944978
v 0.357622 0.451369 4.951691
v 0.369082 0.459549 4.940231
v 0.352875 0.459549 4.956439
v 0.364335 0.461467 4.944978
v 0.357622 0.461467 4.951691
v 0.364335 0.474133 4.944978
v 0.357622 0.474133 4.951691
v 0.363907 0.474822 4.945406
v 0.358050 0.474822 4.951263
v 0.367404 0.451369 4.958117
v 0.370761 0.451369 4.954760
v 0.351196 0.451369 4.941909
v 0.354553 0.451369 4.938552
v 0.351196 0.461467 4.941909
v 0.354553 0.461467 4.938552
v 0.367404 0.474133 4.958117
v 0.370761 0.474133 4.954760
v 0.351196 0.474133 4.941909
v 0.354553 0.474133 4.938552
v 0.366924 0.474822 4.957208
v 0.352105 0.474822 4.942389
v 0.355034 0.474822 4.939461
v 0.359514 0.474822 4.949799
v 0.362443 0.474822 4.946870
v 0.362657 0.451369 4.946656
v 0.359300 0.451369 4.950013
v 0.360799 0.474822 4.949799
v 0.362443 0.474822 4.948155
v 0.368112 0.474068 4.957540
v 0.367631 0.474757 4.956631
v 0.370184 0.474068 4.955468
v 0.369275 0.474757 4.954987
v 0.367404 0.461467 4.958117
v 0.370761 0.461467 4.954760
v 0.369852 0.474822 4.954280
v 0.368046 0.462375 4.957475
v 0.370118 0.462375 4.955402
v -0.506156 0.448523 4.593619
v -0.497689 0.448523 4.614060
v -0.485715 0.448523 4.614060
v -0.477248 0.448523 4.605593
v -0.477248 0.448523 4.593619
v -0.485715 0.448523 4.585152
v -0.497689 0.448523 4.585152
v -0.506156 0.448523 4.605593
v -0.506156 0.461258 4.593619
v -0.497689 0.458839 4.614060
v -0.485715 0.461258 4.614060
v -0.477248 0.461258 4.605593
v -0.477248 0.458839 4.593619
v -0.485715 0.458839 4.585152
v -0.497689 0.461258 4.585152
v -0.506156 0.458839 4.605593
v -0.485715 0.477233 4.614060
v -0.477248 0.477233 4.605593
v -0.506156 0.477233 4.593619
v -0.497689 0.477233 4.585152
v -0.486051 0.478101 4.612644
v -0.478664 0.478101 4.605257
v -0.504740 0.478101 4.593955
v -0.497353 0.478101 4.586568
v -0.481481 0.448523 4.589386
v -0.501922 0.448523 4.609827
v -0.487468 0.448523 4.595372
v -0.495935 0.448523 4.603839
v -0.481481 0.458839 4.589386
v -0.501922 0.458839 4.609827
v -0.487468 0.461258 4.595372
v -0.495935 0.461258 4.603839
v -0.487469 0.477233 4.595372
v -0.495935 0.477233 4.603839
v -0.488008 0.478101 4.595912
v -0.495395 0.478101 4.603300
v -0.483598 0.448523 4.611943
v -0.479365 0.448523 4.607710
v -0.504039 0.448523 4.591502
v -0.499806 0.448523 4.587269
v -0.504039 0.461258 4.591502
v -0.499806 0.461258 4.587269
v -0.483598 0.477233 4.611943
v -0.479365 0.477233 4.607709
v -0.504039 0.477233 4.591502
v -0.499806 0.477233 4.587269
v -0.484204 0.478101 4.610797
v -0.502893 0.478101 4.592108
v -0.499200 0.478101 4.588414
v -0.493549 0.478101 4.601452
v -0.489855 0.478101 4.597759
v -0.489585 0.448523 4.597489
v -0.493819 0.448523 4.601723
v -0.491929 0.478101 4.601453
v -0.489855 0.478101 4.599379
v -0.482706 0.477151 4.611216
v -0.483312 0.478019 4.610070
v -0.480092 0.477151 4.608602
v -0.481238 0.478019 4.607996
v -0.483598 0.461258 4.611943
v -0.479365 0.461258 4.607709
v -0.480511 0.478101 4.607104
v -0.482788 0.462403 4.611133
v -0.480175 0.462403 4.608520
v -0.422862 0.447621 4.615067
v -0.401286 0.447621 4.606130
v -0.401286 0.447621 4.593491
v -0.410223 0.447621 4.584553
v -0.422862 0.447621 4.584553
v -0.431800 0.447621 4.593491
v -0.431800 0.447621 4.606130
v -0.410223 0.447621 4.615067
v -0.422862 0.461063 4.615067
v -0.401286 0.458510 4.606130
v -0.401286 0.461063 4.593491
v -0.410223 0.461063 4.584553
v -0.422862 0.458510 4.584553
v -0.431800 0.458510 4.593491
v -0.431800 0.461063 4.606130
v -0.410223 0.458510 4.615067
v -0.401286 0.477925 4.593491
v -0.410223 0.477925 4.584553
v -0.422862 0.477925 4.615067
v -0.431800 0.477925 4.606130
v -0.402781 0.478842 4.593845
v -0.410578 0.478842 4.586048
v -0.422508 0.478842 4.613572
v -0.430305 0.478842 4.605775
v -0.427331 0.447621 4.589022
v -0.405755 0.447621 4.610598
v -0.421012 0.447621 4.595341
v -0.412074 0.447621 4.604279
v -0.427331 0.458510 4.589022
v -0.405755 0.458510 4.610598
v -0.421012 0.461063 4.595341
v -0.412074 0.461063 4.604279
v -0.421012 0.477925 4.595341
v -0.412074 0.477925 4.604279
v -0.420442 0.478842 4.595911
v -0.412644 0.478842 4.603709
v -0.403521 0.447621 4.591256
v -0.407989 0.447621 4.586788
v -0.425097 0.447621 4.612833
v -0.429565 0.447621 4.608364
v -0.425097 0.461063 4.612833
v -0.429565 0.461063 4.608364
v -0.403521 0.477925 4.591256
v -0.407989 0.477925 4.586788
v -0.425097 0.477925 4.612833
v -0.429565 0.477925 4.608364
v -0.404730 0.478842 4.591896
v -0.424457 0.478842 4.611623
v -0.428356 0.478842 4.607724
v -0.414594 0.478842 4.601759
v -0.418492 0.478842 4.597860
v -0.418777 0.447621 4.597576
v -0.414309 0.447621 4.602044
v -0.414594 0.478842 4.600049
v -0.416782 0.478842 4.597860
v -0.404289 0.477839 4.590314
v -0.405498 0.478756 4.590954
v -0.407047 0.477839 4.587555
v -0.407687 0.478756 4.588765
v -0.403521 0.461063 4.591256
v -0.407989 0.461063 4.586788
v -0.408629 0.478842 4.587997
v -0.404376 0.462272 4.590401
v -0.407134 0.462272 4.587643
v -0.541991 0.447621 4.668056
v -0.550928 0.447621 4.646480
v -0.563567 0.447621 4.646480
v -0.572504 0.447621 4.655417
v -0.572504 0.447621 4.668056
v -0.563567 0.447621 4.676993
v -0.550928 0.447621 4.676993
v -0.541991 0.447621 4.655417
v -0.541991 0.461063 4.668056
v -0.550928 0.458510 4.646480
v -0.563567 0.461063 4.646480
v -0.572504 0.461063 4.655417
v -0.572504 0.458510 4.668056
v -0.563567 0.458510 4.676993
v -0.550928 0.461063 4.676993
v -0.541991 0.458510 4.655417
v -0.563567 0.477925 4.646480
v -0.572504 0.477925 4.655417
v -0.541991 0.477925 4.668056
v -0.550928 0.477925 4.676993
v -0.563213 0.478842 4.647974
v -0.571010 0.478842 4.655771
v -0.543485 0.478842 4.667701
v -0.551283 0.478842 4.675498
v -0.568036 0.447621 4.672524
v -0.546460 0.447621 4.650948
v -0.561716 0.447621 4.666205
v -0.552779 0.447621 4.657268
v -0.568036 0.458510 4.672524
v -0.546460 0.458510 4.650948
v -0.561716 0.461063 4.666205
v -0.552779 0.461063 4.657268
v -0.561716 0.477925 4.666205
v -0.552779 0.477925 4.657268
v -0.561146 0.478842 4.665635
v -0.553349 0.478842 4.657838
v -0.565802 0.447621 4.648714
v -0.570270 0.447621 4.653183
v -0.544225 0.447621 4.670290
v -0.548694 0.447621 4.674759
v -0.544225 0.461063 4.670290
v -0.548694 0.461063 4.674759
v -0.565802 0.477925 4.648714
v -0.570270 0.477925 4.653183
v -0.544225 0.477925 4.670290
v -0.548694 0.477925 4.674759
v -0.565162 0.478842 4.649923
v -0.545435 0.478842 4.669651
v -0.549333 0.478842 4.673549
v -0.555298 0.478842 4.659787
v -0.559197 0.478842 4.663686
v -0.559482 0.447621 4.663970
v -0.555013 0.447621 4.659502
v -0.557008 0.478842 4.659787
v -0.559197 0.478842 4.661976
v -0.566743 0.477839 4.649482
v -0.566104 0.478756 4.650692
v -0.569502 0.477839 4.652240
v -0.568293 0.478756 4.652880
v -0.565802 0.461063 4.648714
v -0.570270 0.461063 4.653183
v -0.569061 0.478842 4.653822
v -0.566656 0.462272 4.649569
v -0.569415 0.462272 4.652328
v -0.538473 0.447621 4.411019
v -0.560050 0.447621 4.402082
v -0.568987 0.447621 4.411019
v -0.568987 0.447621 4.423658
v -0.560050 0.447621 4.432596
v -0.547411 0.447621 4.432596
v -0.538473 0.447621 4.423658
v -0.547411 0.447621 4.402082
v -0.538473 0.461063 4.411019
v -0.560050 0.458510 4.402082
v -0.568987 0.461063 4.411019
v -0.568987 0.461063 4.423658
v -0.560050 0.458510 4.432596
v -0.547411 0.458510 4.432596
v -0.538473 0.461063 4.423658
v -0.547411 0.458510 4.402082
v -0.568987 0.477925 4.411019
v -0.568987 0.477925 4.423658
v -0.538473 0.477925 4.411019
v -0.538473 0.477925 4.423658
v -0.567679 0.478842 4.411825
v -0.567679 0.478842 4.422853
v -0.539781 0.478842 4.411825
v -0.539781 0.478842 4.422853
v -0.553730 0.447621 4.432596
v -0.553730 0.447621 4.402082
v -0.553730 0.447621 4.423658
v -0.553730 0.447621 4.411019
v -0.553730 0.458510 4.432596
v -0.553730 0.458510 4.402082
v -0.553730 0.461063 4.423658
v -0.553730 0.461063 4.411019
v -0.553730 0.477925 4.423658
v -0.553730 0.477925 4.411019
v -0.553730 0.478842 4.422853
v -0.553730 0.478842 4.411825
v -0.568987 0.447621 4.414179
v -0.568987 0.447621 4.420499
v -0.538473 0.447621 4.414179
v -0.538473 0.447621 4.420499
v -0.538473 0.461063 4.414179
v -0.538473 0.461063 4.420499
v -0.568987 0.477925 4.414179
v -0.568987 0.477925 4.420499
v -0.538473 0.477925 4.414179
v -0.538473 0.477925 4.420499
v -0.567679 0.478842 4.414582
v -0.539781 0.478842 4.414582
v -0.539781 0.478842 4.420096
v -0.553730 0.478842 4.414582
v -0.553730 0.478842 4.420096
v -0.553730 0.447621 4.420499
v -0.553730 0.447621 4.414179
v -0.554939 0.478842 4.415792
v -0.554939 0.478842 4.418887
v -0.569110 0.477839 4.415389
v -0.567802 0.478756 4.415792
v -0.569110 0.477839 4.419290
v -0.567802 0.478756 4.418887
v -0.568987 0.461063 4.414179
v -0.568987 0.461063 4.420499
v -0.567679 0.478842 4.420096
v -0.568987 0.462272 4.415388
v -0.568987 0.462272 4.419290
v -0.449827 0.447621 4.809236
v -0.458764 0.447621 4.830812
v -0.449827 0.447621 4.839750
v -0.437188 0.447621 4.839750
v -0.428251 0.447621 4.830812
v -0.428251 0.447621 4.818173
v -0.437188 0.447621 4.809236
v -0.458764 0.447621 4.818173
v -0.449827 0.461063 4.809236
v -0.458764 0.458510 4.830812
v -0.449827 0.461063 4.839750
v -0.437188 0.461063 4.839750
v -0.428251 0.458510 4.830812
v -0.428251 0.458510 4.818173
v -0.437188 0.461063 4.809236
v -0.458764 0.458510 4.818173
v -0.449827 0.477925 4.839750
v -0.437188 0.477925 4.839750
v -0.449827 0.477925 4.809236
v -0.437188 0.477925 4.809236
v -0.449021 0.478842 4.838442
v -0.437994 0.478842 4.838442
v -0.449021 0.478842 4.810544
v -0.437994 0.478842 4.810544
v -0.428251 0.447621 4.824493
v -0.458764 0.447621 4.824493
v -0.437188 0.447621 4.824493
v -0.449827 0.447621 4.824493
v -0.428251 0.458510 4.824493
v -0.458764 0.458510 4.824493
v -0.437188 0.461063 4.824493
v -0.449827 0.461063 4.824493
v -0.437188 0.477925 4.824493
v -0.449827 0.477925 4.824493
v -0.437994 0.478842 4.824493
v -0.449021 0.478842 4.824493
v -0.446667 0.447621 4.839750
v -0.440348 0.447621 4.839750
v -0.446667 0.447621 4.809236
v -0.440348 0.447621 4.809236
v -0.446667 0.461063 4.809236
v -0.440348 0.461063 4.809236
v -0.446667 0.477925 4.839750
v -0.440348 0.477925 4.839750
v -0.446667 0.477925 4.809236
v -0.440348 0.477925 4.809236
v -0.446264 0.478842 4.838442
v -0.446264 0.478842 4.810544
v -0.440751 0.478842 4.810544
v -0.446264 0.478842 4.824493
v -0.440751 0.478842 4.824493
v -0.440348 0.447621 4.824493
v -0.446667 0.447621 4.824493
v -0.445055 0.478842 4.825702
v -0.441960 0.478842 4.825702
v -0.445458 0.477839 4.839873
v -0.445055 0.478756 4.838565
v -0.441557 0.477839 4.839873
v -0.441960 0.478756 4.838565
v -0.446667 0.461063 4.839750
v -0.440348 0.461063 4.839750
v -0.440751 0.478842 4.838442
v -0.445458 0.462272 4.839750
v -0.441557 0.462272 4.839750
v -0.503076 0.447621 4.809236
v -0.512013 0.447621 4.830812
v -0.503076 0.447621 4.839750
v -0.490437 0.447621 4.839750
v -0.481499 0.447621 4.830812
v -0.481499 0.447621 4.818173
v -0.490437 0.447621 4.809236
v -0.512013 0.447621 4.818173
v -0.503076 0.461063 4.809236
v -0.512013 0.458510 4.830812
v -0.503076 0.461063 4.839750
v -0.490437 0.461063 4.839750
v -0.481499 0.458510 4.830812
v -0.481499 0.458510 4.818173
v -0.490437 0.461063 4.809236
v -0.512013 0.458510 4.818173
v -0.503076 0.477925 4.839750
v -0.490437 0.477925 4.839750
v -0.503076 0.477925 4.809236
v -0.490437 0.477925 4.809236
v -0.502270 0.478842 4.838442
v -0.491243 0.478842 4.838442
v -0.502270 0.478842 4.810544
v -0.491243 0.478842 4.810544
v -0.481499 0.447621 4.824493
v -0.512013 0.447621 4.824493
v -0.490437 0.447621 4.824493
v -0.503076 0.447621 4.824493
v -0.481499 0.458510 4.824493
v -0.512013 0.458510 4.824493
v -0.490437 0.461063 4.824493
v -0.503076 0.461063 4.824493
v -0.490437 0.477925 4.824493
v -0.503076 0.477925 4.824493
v -0.491243 0.478842 4.824493
v -0.502270 0.478842 4.824493
v -0.499916 0.447621 4.839750
v -0.493596 0.447621 4.839750
v -0.499916 0.447621 4.809236
v -0.493596 0.447621 4.809236
v -0.499916 0.461063 4.809236
v -0.493596 0.461063 4.809236
v -0.499916 0.477925 4.839750
v -0.493596 0.477925 4.839750
v -0.499916 0.477925 4.809236
v -0.493596 0.477925 4.809236
v -0.499513 0.478842 4.838442
v -0.499513 0.478842 4.810544
v -0.493999 0.478842 4.810544
v -0.499513 0.478842 4.824493
v -0.493999 0.478842 4.824493
v -0.493596 0.447621 4.824493
v -0.499916 0.447621 4.824493
v -0.498304 0.478842 4.825702
v -0.495209 0.478842 4.825702
v -0.498707 0.477839 4.839873
v -0.498304 0.478756 4.838565
v -0.494806 0.477839 4.839873
v -0.495209 0.478756 4.838565
v -0.499916 0.461063 4.839750
v -0.493596 0.461063 4.839750
v -0.493999 0.478842 4.838442
v -0.498707 0.462272 4.839750
v -0.494806 0.462272 4.839750
v -0.544492 0.447621 4.682228
v -0.553429 0.447621 4.703804
v -0.544492 0.447621 4.712741
v -0.531852 0.447621 4.712741
v -0.522915 0.447621 4.703804
v -0.522915 0.447621 4.691165
v -0.531852 0.447621 4.682228
v -0.553429 0.447621 4.691165
v -0.544492 0.461063 4.682228
v -0.553429 0.458510 4.703804
v -0.544492 0.461063 4.712741
v -0.531852 0.461063 4.712741
v -0.522915 0.458510 4.703804
v -0.522915 0.458510 4.691165
v -0.531852 0.461063 4.682228
v -0.553429 0.458510 4.691165
v -0.544492 0.477925 4.712741
v -0.531852 0.477925 4.712741
v -0.544492 0.477925 4.682228
v -0.531852 0.477925 4.682228
v -0.543685 0.478842 4.711434
v -0.532658 0.478842 4.711434
v -0.543685 0.478842 4.683536
v -0.532658 0.478842 4.683536
v -0.522915 0.447621 4.697484
v -0.553429 0.447621 4.697485
v -0.531852 0.447621 4.697484
v -0.544492 0.447621 4.697484
v -0.522915 0.458510 4.697484
v -0.553429 0.458510 4.697484
v -0.531852 0.461063 4.697484
v -0.544492 0.461063 4.697484
v -0.531852 0.477925 4.697484
v -0.544492 0.477925 4.697484
v -0.532658 0.478842 4.697484
v -0.543685 0.478842 4.697484
v -0.541332 0.447621 4.712741
v -0.535012 0.447621 4.712741
v -0.541332 0.447621 4.682228
v -0.535012 0.447621 4.682228
v -0.541332 0.461063 4.682228
v -0.535012 0.461063 4.682228
v -0.541332 0.477925 4.712741
v -0.535012 0.477925 4.712741
v -0.541332 0.477925 4.682228
v -0.535012 0.477925 4.682228
v -0.540929 0.478842 4.711434
v -0.540929 0.478842 4.683536
v -0.535415 0.478842 4.683536
v -0.540929 0.478842 4.697484
v -0.535415 0.478842 4.697484
v -0.535012 0.447621 4.697484
v -0.541332 0.447621 4.697484
v -0.539719 0.478842 4.698694
v -0.536624 0.478842 4.698694
v -0.540123 0.477839 4.712864
v -0.539720 0.478756 4.711557
v -0.536221 0.477839 4.712864
v -0.536624 0.478756 4.711557
v -0.541332 0.461063 4.712741
v -0.535012 0.461063 4.712741
v -0.535415 0.478842 4.711434
v -0.540123 0.462272 4.712741
v -0.536221 0.462272 4.712741
v -0.565411 0.451505 4.725134
v -0.572322 0.451505 4.741820
v -0.565411 0.451505 4.748732
v -0.555636 0.451505 4.748732
v -0.548724 0.451505 4.741820
v -0.548724 0.451505 4.732046
v -0.555636 0.451505 4.725134
v -0.572322 0.451505 4.732046
v -0.565411 0.461901 4.725134
v -0.572322 0.459926 4.741820
v -0.565411 0.461901 4.748732
v -0.555636 0.461901 4.748732
v -0.548724 0.459926 4.741820
v -0.548724 0.459926 4.732046
v -0.555636 0.461901 4.725134
v -0.572322 0.459926 4.732046
v -0.565411 0.474942 4.748732
v -0.555636 0.474942 4.748732
v -0.565411 0.474942 4.725134
v -0.555636 0.474942 4.725134
v -0.564787 0.475651 4.747721
v -0.556259 0.475651 4.747721
v -0.564787 0.475651 4.726145
v -0.556259 0.475651 4.726145
v -0.548724 0.451505 4.736933
v -0.572322 0.451505 4.736933
v -0.555636 0.451505 4.736933
v -0.565411 0.451505 4.736933
v -0.548724 0.459926 4.736933
v -0.572322 0.459926 4.736933
v -0.555636 0.461901 4.736933
v -0.565411 0.461901 4.736933
v -0.555636 0.474942 4.736933
v -0.565411 0.474942 4.736933
v -0.556259 0.475651 4.736933
v -0.564787 0.475651 4.736933
v -0.562967 0.451505 4.748732
v -0.558080 0.451505 4.748732
v -0.562967 0.451505 4.725134
v -0.558080 0.451505 4.725134
v -0.562967 0.461901 4.725134
v -0.558080 0.461901 4.725134
v -0.562967 0.474942 4.748732
v -0.558080 0.474942 4.748732
v -0.562967 0.474942 4.725134
v -0.558080 0.474942 4.725134
v -0.562655 0.475651 4.747721
v -0.562655 0.475651 4.726145
v -0.558391 0.475651 4.726145
v -0.562655 0.475651 4.736933
v -0.558391 0.475651 4.736933
v -0.558080 0.451505 4.736933
v -0.562967 0.451505 4.736933
v -0.561720 0.475651 4.737868
v -0.559326 0.475651 4.737868
v -0.562032 0.474875 4.748827
v -0.561720 0.475584 4.747816
v -0.559015 0.474875 4.748827
v -0.559326 0.475584 4.747816
v -0.562967 0.461901 4.748732
v -0.558080 0.461901 4.748732
v -0.558391 0.475651 4.747721
v -0.562032 0.462836 4.748732
v -0.559015 0.462836 4.748732
v -0.530101 0.452429 4.515705
v -0.530101 0.452429 4.534631
v -0.522764 0.458102 4.523042
v -0.522764 0.458102 4.527294
v -0.511175 0.452429 4.515705
v -0.511175 0.452429 4.534631
v -0.518513 0.458102 4.523042
v -0.518513 0.458102 4.527294
v -0.530101 0.458003 4.534631
v -0.530101 0.458003 4.515705
v -0.511175 0.458003 4.515705
v -0.511175 0.458003 4.534631
v -0.525198 0.477204 4.529728
v -0.525198 0.477204 4.520608
v -0.516078 0.477204 4.520608
v -0.516078 0.477204 4.529728
v -0.522953 0.480273 4.527483
v -0.522953 0.480273 4.522853
v -0.518324 0.480273 4.522853
v -0.518324 0.480273 4.527483
v -0.530101 0.452429 4.544094
v -0.530101 0.452429 4.563020
v -0.522764 0.458102 4.551432
v -0.522764 0.458102 4.555683
v -0.511175 0.452429 4.544094
v -0.511175 0.452429 4.563020
v -0.518513 0.458102 4.551432
v -0.518513 0.458102 4.555683
v -0.530101 0.458003 4.563020
v -0.530101 0.458003 4.544094
v -0.511175 0.458003 4.544094
v -0.511175 0.458003 4.563020
v -0.525198 0.477204 4.558117
v -0.525198 0.477204 4.548997
v -0.516078 0.477204 4.548997
v -0.516078 0.477204 4.558117
v -0.522953 0.480273 4.555872
v -0.522953 0.480273 4.551242
v -0.518324 0.480273 4.551242
v -0.518324 0.480273 4.555872
v -0.530101 0.452429 4.572484
v -0.530101 0.452429 4.591410
v -0.522764 0.458102 4.579821
v -0.522764 0.458102 4.584072
v -0.511175 0.452429 4.572484
v -0.511175 0.452429 4.591410
v -0.518513 0.458102 4.579821
v -0.518513 0.458102 4.584072
v -0.530101 0.458003 4.591410
v -0.530101 0.458003 4.572484
v -0.511175 0.458003 4.572484
v -0.511175 0.458003 4.591410
v -0.525198 0.477204 4.586507
v -0.525198 0.477204 4.577386
v -0.516078 0.477204 4.577386
v -0.516078 0.477204 4.586507
v -0.522953 0.480273 4.584261
v -0.522953 0.480273 4.579632
v -0.518324 0.480273 4.579632
v -0.518324 0.480273 4.584261
v -0.530101 0.452429 4.600873
v -0.530101 0.452429 4.619799
v -0.522764 0.458102 4.608210
v -0.522764 0.458102 4.612462
v -0.511175 0.452429 4.600873
v -0.511175 0.452429 4.619799
v -0.518513 0.458102 4.608210
v -0.518513 0.458102 4.612462
v -0.530101 0.458003 4.619799
v -0.530101 0.458003 4.600873
v -0.511175 0.458003 4.600873
v -0.511175 0.458003 4.619799
v -0.525198 0.477204 4.614896
v -0.525198 0.477204 4.605776
v -0.516078 0.477204 4.605776
v -0.516078 0.477204 4.614896
v -0.522953 0.480273 4.612650
v -0.522953 0.480273 4.608021
v -0.518324 0.480273 4.608021
v -0.518324 0.480273 4.612650
v -0.458926 0.452429 4.943767
v -0.458926 0.452429 4.924840
v -0.466264 0.458102 4.936429
v -0.466264 0.458102 4.932178
v -0.477853 0.452429 4.943767
v -0.477853 0.452429 4.924840
v -0.470515 0.458102 4.936429
v -0.470515 0.458102 4.932178
v -0.458926 0.458003 4.924840
v -0.458926 0.458003 4.943767
v -0.477853 0.458003 4.943767
v -0.477853 0.458003 4.924840
v -0.463829 0.477204 4.929743
v -0.463829 0.477204 4.938863
v -0.472950 0.477204 4.938863
v -0.472950 0.477204 4.929743
v -0.466075 0.480273 4.931989
v -0.466075 0.480273 4.936618
v -0.470704 0.480273 4.936618
v -0.470704 0.480273 4.931989
v -0.494886 0.452429 4.943767
v -0.494886 0.452429 4.924840
v -0.502224 0.458102 4.936429
v -0.502224 0.458102 4.932178
v -0.513812 0.452429 4.943767
v -0.513812 0.452429 4.924840
v -0.506475 0.458102 4.936429
v -0.506475 0.458102 4.932178
v -0.494886 0.458003 4.924840
v -0.494886 0.458003 4.943767
v -0.513812 0.458003 4.943767
v -0.513812 0.458003 4.924840
v -0.499789 0.477204 4.929743
v -0.499789 0.477204 4.938863
v -0.508909 0.477204 4.938863
v -0.508909 0.477204 4.929743
v -0.502035 0.480273 4.931989
v -0.502035 0.480273 4.936618
v -0.506664 0.480273 4.936618
v -0.506664 0.480273 4.931989
v -0.414749 0.452429 4.997673
v -0.414749 0.452429 4.978746
v -0.422086 0.458102 4.990335
v -0.422086 0.458102 4.986084
v -0.433675 0.452429 4.997673
v -0.433675 0.452429 4.978746
v -0.426338 0.458102 4.990335
v -0.426338 0.458102 4.986084
v -0.414749 0.458003 4.978746
v -0.414749 0.458003 4.997673
v -0.433675 0.458003 4.997673
v -0.433675 0.458003 4.978746
v -0.419652 0.477204 4.983649
v -0.419652 0.477204 4.992770
v -0.428772 0.477204 4.992770
v -0.428772 0.477204 4.983649
v -0.421897 0.480273 4.985895
v -0.421897 0.480273 4.990524
v -0.426527 0.480273 4.990524
v -0.426527 0.480273 4.985895
v -0.494951 0.452429 4.892490
v -0.494951 0.452429 4.873563
v -0.502288 0.458102 4.885152
v -0.502288 0.458102 4.880901
v -0.513877 0.452429 4.892490
v -0.513877 0.452429 4.873563
v -0.506540 0.458102 4.885152
v -0.506540 0.458102 4.880901
v -0.494951 0.458003 4.873563
v -0.494951 0.458003 4.892490
v -0.513877 0.458003 4.892490
v -0.513877 0.458003 4.873563
v -0.499854 0.477204 4.878467
v -0.499854 0.477204 4.887587
v -0.508974 0.477204 4.887587
v -0.508974 0.477204 4.878467
v -0.502099 0.480273 4.880712
v -0.502099 0.480273 4.885341
v -0.506729 0.480273 4.885341
v -0.506729 0.480273 4.880712
v -0.422966 0.452429 4.943767
v -0.422966 0.452429 4.924840
v -0.430304 0.458102 4.936429
v -0.430304 0.458102 4.932178
v -0.441893 0.452429 4.943767
v -0.441893 0.452429 4.924840
v -0.434555 0.458102 4.936429
v -0.434555 0.458102 4.932178
v -0.422966 0.458003 4.924840
v -0.422966 0.458003 4.943767
v -0.441893 0.458003 4.943767
v -0.441893 0.458003 4.924840
v -0.427869 0.477204 4.929743
v -0.427869 0.477204 4.938863
v -0.436990 0.477204 4.938863
v -0.436990 0.477204 4.929743
v -0.430115 0.480273 4.931989
v -0.430115 0.480273 4.936618
v -0.434744 0.480273 4.936618
v -0.434744 0.480273 4.931989
v -0.366376 0.452429 4.824521
v -0.366376 0.452429 4.805594
v -0.373713 0.458102 4.817183
v -0.373713 0.458102 4.812932
v -0.385302 0.452429 4.824521
v -0.385302 0.452429 4.805594
v -0.377965 0.458102 4.817183
v -0.377965 0.458102 4.812932
v -0.366376 0.458003 4.805594
v -0.366376 0.458003 4.824521
v -0.385302 0.458003 4.824521
v -0.385302 0.458003 4.805594
v -0.371279 0.477204 4.810497
v -0.371279 0.477204 4.819618
v -0.380399 0.477204 4.819618
v -0.380399 0.477204 4.810497
v -0.373524 0.480273 4.812743
v -0.373524 0.480273 4.817372
v -0.378154 0.480273 4.817372
v -0.378154 0.480273 4.812743
v -0.422966 0.452429 4.892490
v -0.422966 0.452429 4.873563
v -0.430304 0.458102 4.885152
v -0.430304 0.458102 4.880901
v -0.441893 0.452429 4.892490
v -0.441893 0.452429 4.873563
v -0.434555 0.458102 4.885152
v -0.434555 0.458102 4.880901
v -0.422966 0.458003 4.873563
v -0.422966 0.458003 4.892490
v -0.441893 0.458003 4.892490
v -0.441893 0.458003 4.873563
v -0.427869 0.477204 4.878467
v -0.427869 0.477204 4.887587
v -0.436990 0.477204 4.887587
v -0.436990 0.477204 4.878467
v -0.430115 0.480273 4.880712
v -0.430115 0.480273 4.885341
v -0.434744 0.480273 4.885341
v -0.434744 0.480273 4.880712
v -0.536091 0.452429 4.936982
v -0.536091 0.452429 4.918056
v -0.543428 0.458102 4.929645
v -0.543428 0.458102 4.925393
v -0.555017 0.452429 4.936982
v -0.555017 0.452429 4.918056
v -0.547679 0.458102 4.929645
v -0.547679 0.458102 4.925393
v -0.536091 0.458003 4.918056
v -0.536091 0.458003 4.936982
v -0.555017 0.458003 4.936982
v -0.555017 0.458003 4.918056
v -0.540994 0.477204 4.922959
v -0.540994 0.477204 4.932079
v -0.550114 0.477204 4.932079
v -0.550114 0.477204 4.922959
v -0.543239 0.480273 4.925204
v -0.543239 0.480273 4.929833
v -0.547868 0.480273 4.929833
v -0.547868 0.480273 4.925204
v 0.547539 0.453367 4.833392
v 0.547539 0.463138 4.836342
v 0.547539 0.453367 4.793746
v 0.547539 0.475367 4.793746
v 0.565863 0.453367 4.833392
v 0.565863 0.463138 4.836342
v 0.565863 0.453367 4.793746
v 0.565863 0.475367 4.793746
v 0.577721 0.453367 4.625262
v 0.580670 0.463138 4.625262
v 0.538075 0.453367 4.625262
v 0.538075 0.475367 4.625262
v 0.577721 0.453367 4.606938
v 0.580670 0.463138 4.606938
v 0.538075 0.453367 4.606938
v 0.538075 0.475367 4.606938
v 0.357535 0.710536 5.204937
v 0.357535 0.745157 5.204937
v 0.392156 0.710536 5.204937
v 0.392156 0.745157 5.204937
v 0.357535 0.745157 5.197166
v 0.357535 0.710536 5.197166
v 0.392156 0.710536 5.197166
v 0.392156 0.745157 5.197166
v 0.362451 0.720442 5.197166
v 0.367441 0.715452 5.197166
v 0.358922 0.711923 5.197166
v 0.367441 0.740241 5.197166
v 0.362451 0.735251 5.197166
v 0.358922 0.743770 5.197166
v 0.382250 0.715452 5.197166
v 0.387240 0.720442 5.197166
v 0.390769 0.711923 5.197166
v 0.387240 0.735251 5.197166
v 0.382250 0.740241 5.197166
v 0.390769 0.743770 5.197166
v 0.362451 0.735251 5.199477
v 0.367441 0.740241 5.199477
v 0.367441 0.715452 5.199477
v 0.362451 0.720442 5.199477
v 0.387240 0.720442 5.199477
v 0.382250 0.715452 5.199477
v 0.382250 0.740241 5.199477
v 0.387240 0.735251 5.199477
v 0.510863 0.667666 5.283998
v 0.508885 0.781250 3.933192
v 0.460944 0.653226 5.766466
v 0.000000 0.795497 5.874532
v 0.320133 0.742625 5.844280
v 0.181686 0.763686 5.861403
v 0.533021 0.718764 4.621233
v 0.498419 0.820189 3.375247
v 0.508885 0.062640 3.933192
v 0.533021 0.062640 4.910781
v 0.498419 0.062640 3.375247
v 0.000000 0.232515 5.874532
v 0.000000 0.535310 5.874532
v 0.550644 0.450090 5.283998
v 0.550644 0.232515 5.212966
v 0.593695 0.249547 4.621233
v 0.593695 0.484155 4.621233
v 0.591250 0.525813 3.933192
v 0.591250 0.270376 3.933192
v 0.598374 0.283355 3.375247
v 0.598374 0.551772 3.375247
v 0.485513 0.440463 5.766466
v 0.485513 0.227701 5.766466
v 0.000000 0.232515 5.212966
v 0.000000 0.062640 3.933192
v 0.000000 0.062640 4.910781
v 0.000000 0.062640 3.375247
v 0.000000 0.820189 3.375247
v 0.000000 0.283355 3.375247
v 0.000000 0.551772 3.375247
v 0.508105 0.702166 4.619295
v 0.474396 0.802235 3.374507
v 0.489462 0.646833 5.281178
v 0.482242 0.767467 3.933664
v 0.442892 0.629511 5.763031
v -0.510863 0.667666 5.283998
v -0.508885 0.781250 3.933192
v -0.460944 0.653226 5.766466
v -0.320133 0.742625 5.844280
v -0.181686 0.763686 5.861403
v -0.533021 0.718764 4.621233
v -0.498419 0.820189 3.375247
v -0.508885 0.062640 3.933192
v -0.533021 0.062640 4.910781
v -0.498419 0.062640 3.375247
v -0.550644 0.450090 5.283998
v -0.550644 0.232515 5.212966
v -0.593695 0.249547 4.621233
v -0.593695 0.484155 4.621233
v -0.591250 0.525813 3.933192
v -0.591250 0.270376 3.933192
v -0.598374 0.283355 3.375247
v -0.598374 0.551772 3.375247
v -0.485513 0.440463 5.766466
v -0.485513 0.227701 5.766466
v -0.508105 0.702166 4.619295
v -0.474396 0.802235 3.374507
v -0.489462 0.646833 5.281178
v -0.482242 0.767467 3.933664
v -0.442892 0.629511 5.763031
v 0.080472 0.974456 5.011647
v 0.080472 0.968882 5.025106
v 0.080472 0.955423 5.030681
v 0.080472 0.941964 5.025106
v 0.080472 0.936389 5.011647
v 0.080472 0.941964 4.998188
v 0.080472 0.955423 4.992614
v 0.080472 0.968882 4.998188
v 0.090696 0.968882 5.025106
v 0.090696 0.974456 5.011647
v 0.090696 0.955423 5.030681
v 0.090696 0.941964 5.025106
v 0.090696 0.936389 5.011647
v 0.090696 0.941964 4.998188
v 0.090696 0.955423 4.992614
v 0.090696 0.968882 4.998188
v 0.080472 1.032219 5.011647
v 0.080472 1.026644 5.025106
v 0.080472 1.013186 5.030681
v 0.080472 0.999727 5.025106
v 0.080472 0.994152 5.011647
v 0.080472 0.999727 4.998188
v 0.080472 1.013186 4.992614
v 0.080472 1.026644 4.998188
v 0.090696 1.026644 5.025106
v 0.090696 1.032219 5.011647
v 0.090696 1.013186 5.030681
v 0.090696 0.999727 5.025106
v 0.090696 0.994152 5.011647
v 0.090696 0.999727 4.998188
v 0.090696 1.013186 4.992614
v 0.090696 1.026644 4.998188
v -0.080472 0.974456 5.011647
v -0.080472 0.968882 5.025106
v -0.080472 0.955423 5.030681
v -0.080472 0.941964 5.025106
v -0.080472 0.936389 5.011647
v -0.080472 0.941964 4.998188
v -0.080472 0.955423 4.992614
v -0.080472 0.968882 4.998188
v -0.090696 0.968882 5.025106
v -0.090696 0.974456 5.011647
v -0.090696 0.955423 5.030681
v -0.090696 0.941964 5.025106
v -0.090696 0.936389 5.011647
v -0.090696 0.941964 4.998188
v -0.090696 0.955423 4.992614
v -0.090696 0.968882 4.998188
v -0.080472 1.032219 5.011647
v -0.080472 1.026644 5.025106
v -0.080472 1.013186 5.030681
v -0.080472 0.999727 5.025106
v -0.080472 0.994152 5.011647
v -0.080472 0.999727 4.998188
v -0.080472 1.013186 4.992614
v -0.080472 1.026644 4.998188
v -0.090696 1.026644 5.025106
v -0.090696 1.032219 5.011647
v -0.090696 1.013186 5.030681
v -0.090696 0.999727 5.025106
v -0.090696 0.994152 5.011647
v -0.090696 0.999727 4.998188
v -0.090696 1.013186 4.992614
v -0.090696 1.026644 4.998188
vn 0.6622 0.7412 0.1100
vn 0.5683 0.8093 0.1484
vn 0.9343 0.3492 0.0712
vn 0.1505 0.7793 0.6084
vn 0.4189 0.7472 0.5159
vn -0.0000 0.8158 0.5784
vn 0.1538 0.8061 0.5715
vn -0.6622 0.7412 0.1100
vn -0.5683 0.8093 0.1484
vn -0.9343 0.3492 0.0712
vn -0.1505 0.7793 0.6084
vn -0.4189 0.7472 0.5159
vn -0.1538 0.8061 0.5715
vn 0.9296 0.3175 0.1871
vn 0.1693 0.7893 0.5902
vn -0.0011 0.9539 0.3002
vn -0.0000 0.9539 0.3002
vn 0.9830 -0.0872 0.1613
vn -0.0000 -0.0000 -1.0000
vn -0.0000 0.5902 0.8072
vn -0.0324 -0.9950 -0.0949
vn -0.0000 -0.9966 -0.0829
vn 1.0000 -0.0000 -0.0000
vn -0.0000 -0.9912 -0.1322
vn -1.0000 -0.0000 -0.0000
vn -0.0000 1.0000 -0.0000
vn 0.6891 0.6838 0.2399
vn 0.9512 0.2962 0.0869
vn 0.7037 0.6851 0.1881
vn 0.6997 0.6944 0.1680
vn -0.6904 -0.6832 -0.2379
vn -0.9517 -0.2940 -0.0882
vn -0.7082 -0.6803 -0.1888
vn -0.7029 -0.6924 -0.1628
vn -0.0894 -0.0247 0.9957
vn -0.0897 -0.0247 0.9957
vn -0.1699 -0.1617 0.9721
vn 0.1921 -0.1687 -0.9668
vn 0.1764 -0.9604 -0.2156
vn -0.0000 0.2647 -0.9643
vn 0.5805 -0.5201 -0.6266
vn 0.2765 0.0736 -0.9582
vn -0.0000 -0.3311 0.9436
vn 0.0035 -0.9647 -0.2634
vn 0.0041 -0.9438 -0.3305
vn -0.0000 0.9643 0.2647
vn -0.0000 0.9436 0.3310
vn -0.9810 0.1833 0.0638
vn -0.9840 0.1722 0.0460
vn 0.6909 0.6856 0.2292
vn 0.4728 0.8222 0.3170
vn -0.0000 -0.9094 -0.4159
vn -0.0000 -0.9094 -0.4160
vn -0.0000 -0.9095 -0.4158
vn -0.0000 -0.0000 1.0000
vn -0.0000 0.9094 0.4159
vn -0.0000 -0.9100 -0.4146
vn -0.0000 -0.6371 -0.7708
vn -0.9296 0.3175 0.1871
vn -0.1693 0.7893 0.5902
vn 0.0011 0.9539 0.3002
vn -0.9830 -0.0872 0.1613
vn 0.0324 -0.9950 -0.0949
vn -0.6891 0.6838 0.2399
vn -0.9512 0.2962 0.0869
vn -0.7037 0.6851 0.1881
vn -0.6997 0.6944 0.1680
vn 0.6904 -0.6832 -0.2379
vn 0.9517 -0.2940 -0.0882
vn 0.7082 -0.6803 -0.1888
vn 0.7029 -0.6924 -0.1628
vn 0.0897 -0.0247 0.9957
vn 0.1699 -0.1617 0.9721
vn -0.1921 -0.1687 -0.9668
vn -0.1764 -0.9604 -0.2156
vn -0.5805 -0.5201 -0.6266
vn -0.2765 0.0736 -0.9582
vn -0.0035 -0.9647 -0.2634
vn -0.0041 -0.9438 -0.3305
vn 0.9810 0.1833 0.0638
vn 0.9840 0.1722 0.0460
vn -0.6909 0.6856 0.2292
vn -0.4728 0.8222 0.3170
vn 0.6498 -0.0000 0.7601
vn 0.2070 0.7325 0.6486
vn -0.2070 0.7325 0.6486
vn -0.6498 -0.0000 0.7601
vn -0.0000 -1.0000 -0.0000
vn 0.9979 -0.0000 0.0654
vn -0.0000 -0.9745 -0.2243
vn 0.0001 -0.0000 -1.0000
vn -0.3827 0.9239 -0.0000
vn -0.9239 -0.3827 -0.0000
vn 0.3827 -0.9239 -0.0000
vn 0.9239 0.3827 -0.0000
vn -0.9239 0.3827 -0.0000
vn -0.3827 -0.9239 -0.0000
vn 0.9239 -0.3827 -0.0000
vn 0.3827 0.9239 -0.0000
vn -0.3826 0.9239 -0.0000
vn 0.3826 0.9239 -0.0000
vn -0.0001 -0.0000 -1.0000
vn -0.3828 0.9238 -0.0000
vn -0.9238 -0.3828 -0.0000
vn -0.3828 -0.9238 -0.0000
vn 0.9238 -0.3828 -0.0000
vn 0.3828 0.9238 -0.0000
vn 0.6500 0.7599 -0.0000
vn -0.0000 0.1347 -0.9909
vn -0.0000 -0.8376 -0.5463
vn 0.6989 0.7152 -0.0000
vn 0.8947 0.4466 -0.0000
vn 0.6239 0.7815 -0.0000
vn 0.6245 0.7810 -0.0000
vn 0.9338 0.3578 -0.0000
vn 0.1010 0.9949 -0.0000
vn 0.6234 0.7819 -0.0000
vn -0.7071 0.7071 -0.0000
vn -0.7071 -0.7071 -0.0000
vn 0.7071 0.7071 -0.0000
vn 0.7071 -0.7071 -0.0000
vn -0.0000 0.9923 0.1240
vn -0.0000 0.7498 -0.6617
vn -0.9923 -0.0000 0.1239
vn 0.9923 -0.0000 0.1239
vn -0.0000 -0.9923 0.1240
vn -0.7498 -0.0000 -0.6617
vn 0.7497 -0.0000 -0.6618
vn -0.0000 -0.7497 -0.6617
vn -0.0000 0.9923 0.1239
vn -0.9923 -0.0000 0.1240
vn 0.9923 -0.0000 0.1240
vn 0.7498 -0.0000 -0.6617
vn -0.0000 -0.7498 -0.6617
vn -0.7497 -0.0000 -0.6618
vn -0.0000 -0.9923 0.1239
vn -0.0000 -0.7496 -0.6619
vn 0.7496 -0.0000 -0.6618
vn -0.7496 -0.0000 -0.6618
vn -0.8605 -0.0000 -0.5095
vn -0.0000 0.9700 -0.2432
vn 0.8605 -0.0000 -0.5094
vn -0.8606 -0.0000 -0.5092
vn -0.0000 -0.9701 -0.2429
vn 0.8606 -0.0000 -0.5092
vn 0.8605 -0.0000 -0.5095
vn -0.0000 0.9701 -0.2429
vn -0.0000 0.9700 -0.2433
vn -0.0000 -0.9700 -0.2432
vn -0.0000 0.9700 -0.2429
vn -0.8606 -0.0000 -0.5093
vn 0.8604 -0.0000 -0.5096
vn -0.8604 -0.0000 -0.5096
vn -0.8605 -0.0000 -0.5094
vn -0.0000 -0.9701 -0.2428
vn 0.8606 -0.0000 -0.5093
vn -0.0000 0.9701 -0.2428
vn -0.0000 -0.9700 -0.2433
vn -0.0000 0.9702 -0.2425
vn -0.0000 -0.9702 -0.2425
vn -0.9963 -0.0000 0.0861
vn -0.9920 -0.1264 -0.0000
vn -0.0136 0.9999 -0.0000
vn -0.0000 0.9999 -0.0136
vn -0.0000 0.9999 0.0136
vn 0.0136 0.9999 -0.0000
vn 0.8070 0.5905 -0.0000
vn 0.9920 -0.1264 -0.0000
vn -0.0000 -0.1264 -0.9920
vn -0.0000 -0.1264 0.9920
vn -0.0000 0.5906 -0.8070
vn -0.0000 0.5905 0.8071
vn -0.8070 0.5905 -0.0000
vn -0.0000 -0.1265 -0.9920
vn -0.0000 -0.1265 0.9920
vn -0.0000 0.5908 -0.8069
vn -0.0000 0.5907 0.8069
vn 0.2747 0.9615 -0.0000
vn -0.2748 0.9615 -0.0000
vn -0.7072 -0.0000 0.7071
vn -0.7071 -0.0000 -0.7071
vn 0.7071 -0.0000 0.7071
vn 0.7071 -0.0000 -0.7072
vn 0.7511 0.6602 -0.0000
vn -0.0000 0.8187 0.5742
vn -0.7508 0.6605 -0.0000
vn -0.0000 0.8188 -0.5741
vn -0.0000 0.8189 -0.5739
vn -0.0001 0.8185 -0.5745
vn 0.7509 0.6604 -0.0000
vn -0.0001 0.8189 -0.5739
vn 0.0001 0.8185 -0.5746
vn 0.0001 0.8185 -0.5745
vn 0.0001 0.8186 -0.5743
vn 0.0001 0.8189 -0.5740
vn -0.0001 0.8186 -0.5743
vn -0.0000 1.0000 -0.0067
vn -0.0000 1.0000 -0.0061
vn -0.0000 -0.0072 -1.0000
vn -0.0000 -0.0080 -1.0000
vn -0.0340 0.9994 -0.0032
vn 0.0340 0.9994 -0.0032
vn 0.0499 -0.0038 -0.9987
vn -0.0494 -0.0038 -0.9988
vn -0.0497 -0.0038 -0.9988
vn 0.2746 0.9615 -0.0000
vn -0.2746 0.9615 -0.0000
vn -0.2747 0.9615 -0.0000
vn -0.7072 -0.0000 0.7070
vn 0.7072 -0.0000 0.7070
vn 0.7071 -0.0000 -0.7071
vn -0.0000 0.8193 0.5734
vn -0.0000 0.8190 0.5738
vn -0.7509 0.6604 -0.0000
vn -0.0000 0.8187 -0.5742
vn -0.0000 0.8189 0.5740
vn -0.0000 0.8189 -0.5740
vn 0.0006 0.8188 -0.5740
vn -0.0000 1.0000 -0.0060
vn 0.0005 -0.0071 -1.0000
vn -0.0000 -0.0079 -1.0000
vn -0.0337 0.9994 -0.0032
vn 0.0337 0.9994 -0.0032
vn 0.0484 -0.0038 -0.9988
vn -0.0484 -0.0038 -0.9988
vn -0.7070 -0.0000 0.7072
vn -0.7072 -0.0000 -0.7070
vn 0.7070 -0.0000 0.7072
vn 0.7072 -0.0000 -0.7070
vn -0.0000 0.8187 0.5743
vn -0.0000 0.8184 0.5746
vn -0.0000 0.8184 0.5747
vn -0.7509 0.6605 -0.0000
vn -0.0000 0.8192 -0.5736
vn 0.0002 0.8188 -0.5741
vn -0.0000 0.8193 -0.5734
vn -0.0002 0.8192 -0.5736
vn -0.0002 0.8191 -0.5736
vn -0.0002 0.8189 -0.5739
vn -0.0002 0.8189 -0.5740
vn -0.0002 -0.0071 -1.0000
vn -0.0000 -0.0078 -1.0000
vn 0.0494 -0.0038 -0.9988
vn 0.0493 -0.0038 -0.9988
vn -0.0493 -0.0038 -0.9988
vn -0.7072 -0.0000 -0.7071
vn -0.7506 0.6608 -0.0000
vn 0.7510 0.6604 -0.0000
vn -0.0000 0.8189 0.5739
vn -0.0000 0.8190 0.5739
vn 0.7510 0.6603 -0.0000
vn -0.0000 1.0000 0.0067
vn -0.0000 1.0000 0.0061
vn -0.0000 -0.0072 1.0000
vn -0.0000 -0.0079 1.0000
vn 0.0339 0.9994 0.0032
vn -0.0338 0.9994 0.0032
vn -0.0483 -0.0038 0.9988
vn -0.0479 -0.0038 0.9988
vn -0.0486 -0.0038 0.9988
vn 0.0486 -0.0038 0.9988
vn 0.7072 -0.0000 -0.7071
vn -0.7510 0.6603 -0.0000
vn -0.7511 0.6602 -0.0000
vn -0.0000 0.8186 -0.5744
vn 0.7509 0.6605 -0.0000
vn -0.0003 0.8185 0.5745
vn -0.0000 0.8185 0.5744
vn -0.0000 0.8188 0.5741
vn -0.0000 0.8185 0.5745
vn -0.0001 0.8189 0.5740
vn -0.0000 0.8185 -0.5744
vn -0.0003 0.8185 0.5746
vn -0.0000 0.8188 0.5740
vn -0.0000 1.0000 0.0060
vn -0.0000 -0.0071 1.0000
vn 0.0340 0.9994 0.0032
vn -0.0340 0.9994 0.0032
vn -0.0491 -0.0038 0.9988
vn 0.0491 -0.0038 0.9988
vn -0.7071 -0.0000 -0.7072
vn -0.7071 -0.0000 0.7071
vn -0.0001 0.8188 0.5740
vn 0.7513 0.6599 -0.0000
vn 0.7512 0.6601 -0.0000
vn 0.0001 0.8189 0.5740
vn -0.0000 0.8185 -0.5745
vn 0.0001 0.8187 0.5742
vn -0.0001 0.8187 0.5742
vn -0.0495 -0.0038 0.9988
vn 0.0496 -0.0038 0.9988
vn 0.0495 -0.0038 0.9988
vn -0.7514 0.6598 -0.0000
vn -0.7511 0.6601 -0.0000
vn -0.0000 0.8186 0.5744
vn -0.0000 0.8190 -0.5739
vn -0.0000 -0.0080 1.0000
vn -0.0494 -0.0038 0.9988
vn -0.0000 -0.2890 0.9573
vn -0.0000 0.9612 0.2759
vn 0.9573 -0.2889 -0.0000
vn 0.2760 0.9612 -0.0000
vn -0.0002 0.8188 0.5740
vn 0.0001 0.8190 0.5738
vn 0.0001 0.8190 0.5737
vn -0.0002 0.8188 0.5741
vn 0.0341 0.9994 0.0032
vn -0.0493 -0.0038 0.9988
vn 0.0493 -0.0038 0.9988
vn 0.7508 0.6605 -0.0000
vn -0.0002 0.8186 0.5744
vn 0.0001 0.8188 0.5740
vn -0.7512 0.6601 -0.0000
vn 0.0002 0.8185 0.5744
vn -0.0001 0.8189 0.5739
vn 0.0001 0.8188 0.5741
vn -0.0339 0.9994 0.0032
vn -0.0496 -0.0038 0.9988
vn -0.7071 -0.0000 0.7072
vn -0.7510 0.6604 -0.0000
vn -0.0001 0.8190 0.5739
vn 0.7515 0.6597 -0.0000
vn 0.0002 0.8186 0.5744
vn -0.0001 0.8188 0.5741
vn -0.0004 -0.0071 1.0000
vn 0.0338 0.9994 0.0032
vn -0.0498 -0.0038 0.9988
vn -0.0502 -0.0038 0.9987
vn 0.0494 -0.0038 0.9988
vn -0.0000 0.8183 -0.5748
vn -0.0000 0.8188 -0.5740
vn 0.0497 -0.0038 0.9988
vn 0.0003 0.8190 0.5738
vn 0.0498 -0.0038 0.9988
vn 0.7506 0.6608 -0.0000
vn -0.0001 0.8190 0.5738
vn -0.0001 0.8190 0.5737
vn -0.0001 0.8191 0.5737
vn -0.0000 -0.0078 1.0000
vn -0.0488 -0.0038 0.9988
vn 0.7071 -0.0000 0.7072
vn -0.0002 -0.0072 1.0000
vn -0.0002 -0.0080 1.0000
vn -0.0492 -0.0038 0.9988
vn 0.8071 0.5905 -0.0000
vn -0.0000 0.5905 -0.8071
vn -0.0000 0.5906 0.8070
vn -0.8071 0.5905 -0.0000
vn -0.0000 -0.1263 -0.9920
vn -0.0000 0.5903 -0.8072
vn 0.0135 0.9999 -0.0000
vn -0.0000 0.9999 0.0135
vn -0.0000 0.9999 -0.0135
vn -0.0135 0.9999 -0.0000
vn -0.8071 0.5904 -0.0000
vn -0.0000 0.5906 0.8069
vn -0.0000 0.5906 -0.8069
vn 0.8070 0.5906 -0.0000
vn 0.8071 0.5904 -0.0000
vn -0.0140 0.9999 -0.0000
vn -0.8070 0.5906 -0.0000
vn -0.0000 -0.1263 0.9920
vn -0.0000 0.5903 0.8072
vn -0.9920 -0.1260 -0.0000
vn -0.0267 0.9996 -0.0000
vn -0.0000 0.9996 -0.0267
vn -0.0000 0.9996 0.0267
vn 0.0267 0.9996 -0.0000
vn 0.7288 0.6847 -0.0000
vn 0.9920 -0.1260 -0.0000
vn -0.0000 -0.1261 -0.9920
vn -0.0000 -0.1261 0.9920
vn -0.0000 0.6847 -0.7288
vn -0.0000 0.6847 0.7288
vn -0.7288 0.6847 -0.0000
vn 0.9920 -0.1261 -0.0000
vn -0.0000 -0.1260 0.9920
vn -0.0000 0.6847 -0.7289
vn -0.0000 0.6847 0.7289
vn -0.9920 -0.1261 -0.0000
vn -0.0000 0.5904 -0.8071
vn -0.0000 0.5904 0.8071
vn -0.0000 0.9999 0.0140
vn -0.9920 -0.1265 -0.0000
vn -0.0000 0.9999 -0.0142
vn -0.0000 0.9999 0.0142
vn 0.0140 0.9999 -0.0000
vn 0.9920 -0.1265 -0.0000
vn -0.0144 0.9999 -0.0000
vn -0.0000 0.9999 0.0138
vn 1.0000 -0.0000 -0.0001
vn -0.0002 0.8187 0.5742
vn 1.0000 -0.0000 -0.0002
vn 0.0002 0.8187 0.5742
vn 0.0002 0.8188 0.5741
vn 0.0002 0.8189 0.5740
vn -0.0002 0.8189 0.5740
vn -0.0000 0.8186 -0.5743
vn 0.7505 0.6608 -0.0000
vn 0.0002 0.8186 0.5743
vn -0.0000 0.8186 0.5743
vn 0.7508 0.6606 -0.0000
vn -0.0003 0.8186 0.5743
vn -0.0490 -0.0038 0.9988
vn 0.0490 -0.0038 0.9988
vn -0.0000 0.8184 -0.5746
vn -0.7510 0.6602 -0.0000
vn -0.0005 0.8187 0.5743
vn -0.0000 0.8192 -0.5735
vn 0.2748 0.9615 -0.0000
vn 0.7514 0.6599 -0.0000
vn 0.0002 0.8190 -0.5738
vn 0.0002 0.8189 -0.5740
vn -0.0003 -0.0072 -1.0000
vn -0.0003 -0.0071 -1.0000
vn 0.0485 -0.0038 -0.9988
vn 0.0486 -0.0038 -0.9988
vn -0.0486 -0.0038 -0.9988
vn -0.0000 0.9615 -0.2747
vn -0.0000 0.9615 0.2747
vn -0.0000 0.6601 -0.7512
vn 0.5742 0.8187 -0.0000
vn 0.5741 0.8188 -0.0000
vn -0.0000 0.6606 0.7508
vn -0.0000 0.6602 0.7511
vn -0.5742 0.8187 0.0002
vn -0.5744 0.8186 -0.0000
vn -0.5741 0.8188 0.0002
vn -0.0000 0.6604 -0.7509
vn -0.5740 0.8189 -0.0000
vn -0.5743 0.8187 -0.0002
vn -0.5742 0.8187 -0.0002
vn -0.5738 0.8190 -0.0002
vn -0.5738 0.8190 0.0002
vn -0.0067 1.0000 -0.0000
vn -0.0060 1.0000 -0.0000
vn -1.0000 -0.0072 -0.0000
vn -1.0000 -0.0079 -0.0000
vn -0.0032 0.9994 0.0339
vn -0.0032 0.9994 -0.0339
vn -0.9988 -0.0038 -0.0494
vn -0.9988 -0.0038 0.0493
vn -0.0000 0.6602 -0.7511
vn -0.0000 0.6606 -0.7508
vn 0.5740 0.8188 -0.0000
vn -0.0000 0.6601 0.7512
vn -0.5745 0.8185 -0.0000
vn -0.5741 0.8188 -0.0000
vn -0.0000 0.6597 0.7515
vn -0.0000 0.6606 -0.7507
vn 0.5737 0.8191 -0.0000
vn -0.5737 0.8191 0.0002
vn -0.9988 -0.0038 -0.0493
vn -0.0000 0.9615 -0.2748
vn -0.0000 0.6603 0.7510
vn -0.0000 0.6604 0.7509
vn -0.5746 0.8185 -0.0000
vn -0.5740 0.8188 -0.0000
vn 0.5740 0.8189 -0.0000
vn 0.5739 0.8189 -0.0000
vn 0.5744 0.8186 0.0001
vn -0.0000 0.6601 0.7511
vn 0.5745 0.8185 -0.0001
vn -0.5746 0.8184 -0.0000
vn -0.5747 0.8184 -0.0000
vn 0.5743 0.8187 -0.0001
vn 0.5742 0.8187 0.0001
vn 0.0067 1.0000 -0.0000
vn 0.0061 1.0000 -0.0000
vn 1.0000 -0.0073 -0.0000
vn 1.0000 -0.0080 -0.0000
vn 0.0032 0.9994 -0.0340
vn 0.0032 0.9994 0.0340
vn 0.9988 -0.0038 0.0494
vn 0.9988 -0.0038 -0.0494
vn -0.5739 0.8189 -0.0000
vn -0.0000 0.6601 -0.7511
vn -0.0000 0.6603 -0.7510
vn 0.5744 0.8186 -0.0001
vn 0.5742 0.8187 -0.0001
vn 0.5743 0.8187 0.0001
vn 1.0000 -0.0072 -0.0000
vn -0.1942 0.9615 0.1942
vn 0.1942 0.9615 -0.1942
vn 0.1943 0.9615 -0.1942
vn 0.7072 0.0001 0.7070
vn 0.7073 -0.0000 0.7069
vn -0.7073 -0.0000 -0.7069
vn 0.7072 -0.0000 0.7071
vn -0.5310 0.6603 0.5310
vn -0.5311 0.6602 0.5311
vn -0.4061 0.8187 -0.4059
vn -0.4061 0.8188 -0.4059
vn -0.4058 0.8189 -0.4059
vn 0.5310 0.6603 -0.5310
vn 0.5311 0.6602 -0.5311
vn 0.4060 0.8187 0.4060
vn 0.4059 0.8188 0.4059
vn 0.4060 0.8187 0.4061
vn 0.5310 0.6604 -0.5309
vn -0.5309 0.6605 0.5309
vn -0.1943 0.9615 0.1942
vn 0.4060 0.8188 0.4060
vn 0.4062 0.8186 0.4060
vn 0.4063 0.8186 0.4060
vn -0.4061 0.8186 -0.4061
vn 0.4064 0.8185 0.4061
vn 0.4061 0.8185 0.4062
vn 0.4061 0.8187 0.4060
vn 0.0048 1.0000 0.0048
vn 0.0041 1.0000 0.0042
vn 0.7072 -0.0068 0.7070
vn 0.7070 -0.0079 0.7072
vn 0.0257 0.9994 -0.0214
vn 0.0258 0.9994 -0.0215
vn -0.0218 0.9994 0.0263
vn -0.0215 0.9994 0.0258
vn -0.0216 0.9994 0.0259
vn 0.6720 -0.0038 0.7405
vn 0.7405 -0.0038 0.6721
vn 0.7406 -0.0038 0.6720
vn 0.7405 -0.0038 0.6720
vn -0.5310 0.6604 0.5310
vn -0.4062 0.8186 -0.4061
vn -0.4063 0.8186 -0.4061
vn -0.4059 0.8188 -0.4059
vn 0.5310 0.6604 -0.5310
vn 0.4063 0.8184 0.4063
vn 0.4063 0.8185 0.4063
vn -0.5311 0.6603 0.5310
vn 0.1942 0.9615 -0.1943
vn 0.4062 0.8186 0.4062
vn 0.4060 0.8188 0.4059
vn 0.4057 0.8190 0.4058
vn 0.4060 0.8188 0.4058
vn -0.4062 0.8185 -0.4062
vn -0.4063 0.8185 -0.4062
vn 0.4064 0.8185 0.4062
vn 0.0042 1.0000 0.0042
vn 0.0042 1.0000 0.0043
vn 0.7073 -0.0072 0.7069
vn 0.7071 -0.0079 0.7071
vn 0.0263 0.9994 -0.0218
vn 0.6715 -0.0038 0.7410
vn 0.6719 -0.0038 0.7407
vn 0.7410 -0.0038 0.6715
vn -0.1942 0.9615 0.1943
vn -0.4061 0.8187 -0.4061
vn -0.4061 0.8187 -0.4060
vn 0.4061 0.8187 0.4061
vn 0.4062 0.8186 0.4061
vn 0.4063 0.8185 0.4061
vn -0.4059 0.8189 -0.4059
vn -0.4057 0.8189 -0.4059
vn 0.4057 0.8192 0.4054
vn 0.4059 0.8189 0.4059
vn 0.4058 0.8189 0.4059
vn 0.0048 1.0000 0.0047
vn 0.7069 -0.0069 0.7072
vn 0.7070 -0.0079 0.7071
vn 0.0263 0.9994 -0.0217
vn 0.6718 -0.0038 0.7407
vn 0.7412 -0.0038 0.6713
vn -0.0000 0.8191 -0.5737
vn -0.0000 0.8190 -0.5737
vn 0.7071 0.0001 0.7071
vn -0.5313 0.6599 0.5313
vn -0.7070 -0.0000 -0.7072
vn -0.4060 0.8188 -0.4060
vn 0.5313 0.6599 -0.5313
vn 0.5311 0.6603 -0.5311
vn -0.5312 0.6600 0.5312
vn 0.7070 -0.0000 -0.7072
vn 0.4062 0.8187 0.4059
vn 0.4063 0.8187 0.4059
vn -0.4060 0.8187 -0.4060
vn 0.4061 0.8187 0.4059
vn 0.4059 0.8188 0.4060
vn 0.7071 -0.0080 0.7071
vn 0.0259 0.9994 -0.0215
vn -0.0217 0.9994 0.0263
vn -0.0214 0.9994 0.0257
vn 0.5311 0.6601 -0.5311
vn 0.4061 0.8186 0.4061
vn 0.5312 0.6601 -0.5312
vn -0.5311 0.6602 0.5310
vn 0.4063 0.8185 0.4062
vn 0.4063 0.8185 0.4060
vn 0.4064 0.8186 0.4060
vn 0.4062 0.8187 0.4060
vn 0.7071 -0.0072 0.7071
vn 0.7072 -0.0079 0.7070
vn -0.0216 0.9994 0.0260
vn 0.7408 -0.0038 0.6717
vn -0.5312 0.6601 0.5311
vn -0.5306 0.6607 0.5310
vn -0.4060 0.8188 -0.4059
vn 0.5313 0.6599 -0.5312
vn 0.4059 0.8187 0.4061
vn 0.4061 0.8186 0.4060
vn 0.5312 0.6601 -0.5311
vn -0.4060 0.8188 -0.4058
vn -0.7068 -0.0000 -0.7074
vn 0.4057 0.8188 0.4061
vn 0.4058 0.8188 0.4060
vn 0.4061 0.8188 0.4059
vn 0.7069 -0.0069 0.7073
vn 0.7069 -0.0068 0.7073
vn 0.7072 -0.0080 0.7070
vn -0.0215 0.9994 0.0259
vn 0.7409 -0.0038 0.6716
vn 0.1943 0.9615 -0.1943
vn 0.7069 -0.0000 0.7073
vn -0.4058 0.8189 -0.4058
vn 0.5307 0.6608 -0.5307
vn 0.4059 0.8189 0.4058
vn -0.5310 0.6603 0.5311
vn 0.4058 0.8189 0.4058
vn -0.4057 0.8189 -0.4058
vn -0.4057 0.8190 -0.4058
vn 0.7071 -0.0001 0.7071
vn 0.4059 0.8189 0.4057
vn 0.4058 0.8189 0.4057
vn 0.0043 1.0000 0.0043
vn 0.7073 -0.0074 0.7069
vn 0.7073 -0.0073 0.7069
vn 0.7071 -0.0079 0.7070
vn 0.6714 -0.0038 0.7411
vn 0.7412 -0.0038 0.6712
vn 0.1942 0.9615 0.1942
vn -0.1942 0.9615 -0.1942
vn 0.7073 -0.0000 -0.7069
vn -0.7070 -0.0000 0.7073
vn 0.5310 0.6604 0.5310
vn 0.5310 0.6604 0.5309
vn -0.4059 0.8188 0.4060
vn -0.5311 0.6602 -0.5311
vn 0.4059 0.8188 -0.4060
vn 0.4060 0.8188 -0.4059
vn -0.5310 0.6603 -0.5311
vn 0.4060 0.8187 -0.4061
vn 0.4062 0.8187 -0.4059
vn 0.4059 0.8188 -0.4059
vn -0.7069 -0.0000 0.7073
vn 0.4062 0.8187 -0.4058
vn 0.4058 0.8188 -0.4061
vn 0.4058 0.8188 -0.4060
vn 0.4058 0.8189 -0.4059
vn 0.0047 1.0000 -0.0047
vn 0.0043 1.0000 -0.0043
vn 0.7067 -0.0071 -0.7075
vn 0.7072 -0.0079 -0.7069
vn -0.0216 0.9994 -0.0261
vn 0.0265 0.9994 0.0221
vn 0.7407 -0.0038 -0.6718
vn 0.6711 -0.0038 -0.7414
vn 0.5309 0.6606 -0.5309
vn -0.4061 0.8186 -0.4062
vn 0.5312 0.6600 -0.5312
vn -0.4060 0.8187 -0.4061
vn -0.7070 -0.0000 -0.7073
vn -0.4060 0.8187 -0.4059
vn -0.0047 1.0000 -0.0047
vn -0.0043 1.0000 -0.0043
vn -0.7068 -0.0071 -0.7073
vn -0.7068 -0.0070 -0.7073
vn -0.7070 -0.0079 -0.7072
vn -0.0261 0.9994 0.0216
vn 0.0216 0.9994 -0.0262
vn -0.6719 -0.0038 -0.7406
vn -0.7413 -0.0038 -0.6712
vn -0.0000 0.9615 0.2746
vn -0.5741 0.8188 0.0001
vn -0.0000 0.6597 0.7516
vn -0.5741 0.8188 -0.0001
vn -0.5740 0.8188 -0.0001
vn -0.0032 0.9994 0.0342
vn -0.0032 0.9994 0.0341
vn -0.0032 0.9994 -0.0338
vn -0.9988 -0.0038 -0.0490
vn -0.9988 -0.0038 0.0490
vn -0.0337 0.9994 0.0032
vn 0.0489 -0.0038 0.9988
vn -0.7507 0.6607 -0.0000
vn 0.0001 0.8186 0.5743
vn -0.7507 0.6606 -0.0000
vn -0.0002 0.8187 0.5743
vn 0.7512 0.6600 -0.0000
vn 0.0002 0.8188 0.5740
vn -0.0003 0.8189 0.5739
vn -0.0489 -0.0038 0.9988
vn -0.0000 0.9999 0.0141
vn -0.0000 0.9999 -0.0141
vn -0.0000 0.5907 -0.8069
vn 0.0144 0.9999 -0.0000
vn 0.2759 0.9612 -0.0000
vn -0.9742 0.2161 -0.0647
vn -0.9201 0.3915 0.0073
vn -0.9353 0.3532 0.0193
vn -0.9208 -0.3899 -0.0114
vn -1.0000 -0.0000 0.0036
vn -0.9584 -0.2598 -0.1183
vn -0.9920 0.0205 -0.1244
vn -0.6423 -0.1584 -0.7499
vn -0.9036 -0.4278 -0.0227
vn -0.9999 -0.0000 -0.0128
vn -0.9404 -0.3335 -0.0663
vn -0.9976 0.0107 -0.0680
vn -0.0899 0.2019 -0.9753
vn -0.1645 0.0744 -0.9836
vn -0.2173 -0.0000 -0.9761
vn 0.0051 1.0000 0.0042
vn -0.0000 1.0000 0.0042
vn -0.0000 0.8717 -0.4900
vn 0.0003 0.0007 1.0000
vn -0.0000 0.0008 1.0000
vn 0.0007 0.0016 1.0000
vn -0.0000 0.0016 1.0000
vn -0.0000 -0.0412 0.9992
vn -0.6306 0.7749 0.0428
vn -0.5300 0.8455 0.0645
vn -0.7439 0.6662 -0.0525
vn -0.5073 0.8562 0.0981
vn -0.2787 0.3421 -0.8974
vn 0.9742 0.2161 -0.0647
vn 0.9201 0.3915 0.0073
vn 0.9353 0.3532 0.0193
vn 0.9208 -0.3899 -0.0114
vn 1.0000 -0.0000 0.0036
vn 0.9584 -0.2598 -0.1183
vn 0.9920 0.0205 -0.1244
vn 0.6423 -0.1584 -0.7499
vn 0.9036 -0.4278 -0.0227
vn 0.9999 -0.0000 -0.0128
vn 0.9404 -0.3335 -0.0663
vn 0.9976 0.0107 -0.0680
vn 0.0899 0.2019 -0.9753
vn 0.1645 0.0744 -0.9836
vn 0.2173 -0.0000 -0.9761
vn -0.0051 1.0000 0.0042
vn -0.0003 0.0007 1.0000
vn -0.0007 0.0016 1.0000
vn 0.6306 0.7749 0.0428
vn 0.5300 0.8455 0.0645
vn 0.7439 0.6662 -0.0525
vn 0.5073 0.8562 0.0981
vn 0.2787 0.3421 -0.8974
vn -0.0001 -0.0000 1.0000
vn 0.0002 -0.0000 1.0000
vn -0.0002 -0.0000 1.0000
vn -0.0002 -0.0000 -1.0000
vn 0.0001 -0.0000 1.0000
vn 0.0002 -0.0000 -1.0000
vn -0.0000 0.9239 0.3826
vn -0.0000 0.9239 -0.3826
vn -0.0000 -0.3826 -0.9239
vn -0.0000 -0.9239 0.3827
vn -0.0000 0.3827 0.9239
vn -0.0000 0.3826 -0.9239
vn -0.0000 -0.9239 -0.3827
vn -0.0000 -0.3827 0.9239
vn -0.0000 0.9239 0.3827
vn -0.0000 0.9239 -0.3827
vn -0.0000 0.3827 -0.9239
vt 0.074211 0.977902
vt 0.071289 0.976562
vt 0.074644 0.973562
vt 0.074759 0.974285
vt 0.074740 0.974285
vt 0.074485 0.973696
vt 0.074280 0.973613
vt 0.074280 0.973446
vt 0.074558 0.974285
vt 0.074280 0.974285
vt 0.059178 0.990896
vt 0.059360 0.990896
vt 0.059035 0.990896
vt 0.074280 0.973367
vt 0.074415 0.973367
vt 0.074415 0.974285
vt 0.059379 0.990896
vt 0.058900 0.990896
vt 0.074415 0.973628
vt 0.074759 0.973628
vt 0.059567 0.990896
vt 0.059701 0.990896
vt 0.074759 0.976123
vt 0.074759 0.977013
vt 0.075159 0.976123
vt 0.075163 0.977013
vt 0.074759 0.974721
vt 0.075121 0.974721
vt 0.075153 0.975133
vt 0.074759 0.975133
vt 0.075080 0.974285
vt 0.074740 0.974462
vt 0.074558 0.974462
vt 0.074759 0.974433
vt 0.074700 0.974547
vt 0.074558 0.974575
vt 0.074552 0.974290
vt 0.074553 0.974466
vt 0.074728 0.974465
vt 0.074726 0.974287
vt 0.074745 0.974434
vt 0.074745 0.974286
vt 0.074553 0.974579
vt 0.074690 0.974549
vt 0.074417 0.974575
vt 0.074415 0.974579
vt 0.074417 0.974285
vt 0.074414 0.974290
vt 0.074414 0.974466
vt 0.074417 0.974462
vt 0.074280 0.974462
vt 0.074280 0.974575
vt 0.074403 0.974285
vt 0.074403 0.974575
vt 0.074403 0.974414
vt 0.074417 0.974414
vt 0.073916 0.973562
vt 0.073820 0.974285
vt 0.073800 0.974285
vt 0.074074 0.973696
vt 0.074001 0.974285
vt 0.058764 0.990896
vt 0.058621 0.990896
vt 0.074144 0.973367
vt 0.074144 0.974285
vt 0.058420 0.990896
vt 0.058440 0.990896
vt 0.074144 0.973628
vt 0.073800 0.973628
vt 0.058099 0.990896
vt 0.058232 0.990896
vt 0.073800 0.976123
vt 0.073800 0.977013
vt 0.073396 0.977013
vt 0.073400 0.976123
vt 0.073800 0.974721
vt 0.073800 0.975133
vt 0.073406 0.975133
vt 0.073438 0.974721
vt 0.073479 0.974285
vt 0.074001 0.974462
vt 0.073820 0.974462
vt 0.073800 0.974433
vt 0.074001 0.974575
vt 0.073859 0.974547
vt 0.074007 0.974290
vt 0.073833 0.974287
vt 0.073831 0.974465
vt 0.074007 0.974466
vt 0.073814 0.974286
vt 0.073814 0.974434
vt 0.073869 0.974549
vt 0.074006 0.974579
vt 0.074142 0.974575
vt 0.074144 0.974579
vt 0.074145 0.974290
vt 0.074142 0.974285
vt 0.074145 0.974466
vt 0.074142 0.974462
vt 0.074157 0.974285
vt 0.074157 0.974414
vt 0.074157 0.974575
vt 0.074142 0.974414
vt 0.072401 0.973704
vt 0.072401 0.974181
vt 0.073119 0.974181
vt 0.073294 0.974181
vt 0.073119 0.973704
vt 0.072401 0.973254
vt 0.073095 0.973254
vt 0.073294 0.973704
vt 0.073265 0.973254
vt 0.072401 0.972368
vt 0.073095 0.972368
vt 0.141135 0.960044
vt 0.141135 0.959940
vt 0.141228 0.959940
vt 0.141228 0.960044
vt 0.141218 0.960044
vt 0.141218 0.960018
vt 0.141146 0.960044
vt 0.141146 0.960018
vt 0.140349 0.960044
vt 0.140256 0.960044
vt 0.140256 0.959940
vt 0.140349 0.959940
vt 0.140266 0.960044
vt 0.140266 0.960018
vt 0.140338 0.960044
vt 0.140338 0.960018
vt 0.152779 0.973745
vt 0.152779 0.973803
vt 0.152837 0.973803
vt 0.152837 0.973745
vt 0.151958 0.973745
vt 0.151958 0.973803
vt 0.151900 0.973803
vt 0.151900 0.973745
vt 0.080018 0.955460
vt 0.080029 0.955460
vt 0.080056 0.955460
vt 0.080095 0.955426
vt 0.080056 0.955426
vt 0.080018 0.955426
vt 0.080029 0.955426
vt 0.080084 0.955460
vt 0.080084 0.955426
vt 0.080095 0.955460
vt 0.079925 0.955460
vt 0.079936 0.955460
vt 0.079963 0.955460
vt 0.080002 0.955426
vt 0.079963 0.955426
vt 0.079925 0.955426
vt 0.079936 0.955426
vt 0.079991 0.955460
vt 0.079991 0.955426
vt 0.080002 0.955460
vt 0.079832 0.955460
vt 0.079843 0.955460
vt 0.079871 0.955460
vt 0.079909 0.955426
vt 0.079871 0.955426
vt 0.079832 0.955426
vt 0.079843 0.955426
vt 0.079898 0.955460
vt 0.079898 0.955426
vt 0.079909 0.955460
vt 0.079739 0.955460
vt 0.079750 0.955460
vt 0.079778 0.955460
vt 0.079778 0.955426
vt 0.079739 0.955426
vt 0.079750 0.955426
vt 0.079805 0.955460
vt 0.079805 0.955426
vt 0.079816 0.955426
vt 0.079816 0.955460
vt 0.079646 0.955460
vt 0.079657 0.955460
vt 0.079685 0.955460
vt 0.079685 0.955426
vt 0.079646 0.955426
vt 0.079657 0.955426
vt 0.079712 0.955460
vt 0.079712 0.955426
vt 0.079724 0.955426
vt 0.079724 0.955460
vt 0.079553 0.955460
vt 0.079565 0.955460
vt 0.079592 0.955460
vt 0.079592 0.955426
vt 0.079553 0.955426
vt 0.079565 0.955426
vt 0.079619 0.955460
vt 0.079619 0.955426
vt 0.079631 0.955426
vt 0.079631 0.955460
vt 0.079709 0.955386
vt 0.079709 0.955451
vt 0.079774 0.955451
vt 0.079774 0.955386
vt 0.079736 0.955386
vt 0.079736 0.955451
vt 0.079801 0.955451
vt 0.079801 0.955386
vt 0.080005 0.955386
vt 0.080005 0.955451
vt 0.080069 0.955451
vt 0.080069 0.955386
vt 0.079914 0.955386
vt 0.079914 0.955451
vt 0.079979 0.955451
vt 0.079979 0.955386
vt 0.079823 0.955386
vt 0.079823 0.955451
vt 0.079888 0.955451
vt 0.079888 0.955386
vt 0.079742 0.955454
vt 0.079753 0.955454
vt 0.079778 0.955454
vt 0.079814 0.955391
vt 0.079778 0.955391
vt 0.079742 0.955391
vt 0.079753 0.955391
vt 0.079803 0.955454
vt 0.079803 0.955391
vt 0.079814 0.955454
vt 0.080007 0.955386
vt 0.080007 0.955451
vt 0.080062 0.955451
vt 0.080062 0.955386
vt 0.079601 0.955451
vt 0.079624 0.955451
vt 0.079624 0.955394
vt 0.079646 0.955394
vt 0.079656 0.955394
vt 0.079601 0.955394
vt 0.079591 0.955394
vt 0.079591 0.955451
vt 0.079646 0.955451
vt 0.079656 0.955451
vt 0.079659 0.955454
vt 0.079624 0.955454
vt 0.079588 0.955454
vt 0.079588 0.955391
vt 0.079624 0.955391
vt 0.079659 0.955391
vt 0.079598 0.955454
vt 0.079598 0.955391
vt 0.079649 0.955454
vt 0.079649 0.955391
vt 0.079595 0.955386
vt 0.079595 0.955451
vt 0.079650 0.955451
vt 0.079650 0.955386
vt 0.077725 0.976027
vt 0.077725 0.976156
vt 0.078195 0.976156
vt 0.078195 0.976139
vt 0.078249 0.976156
vt 0.078249 0.976027
vt 0.077780 0.976156
vt 0.024069 0.976139
vt 0.024484 0.976139
vt 0.077780 0.976139
vt 0.076273 0.955595
vt 0.076319 0.955595
vt 0.076319 0.955641
vt 0.076273 0.955641
vt 0.076744 0.955595
vt 0.076789 0.955595
vt 0.076789 0.955641
vt 0.076744 0.955641
vt 0.076638 0.955595
vt 0.076638 0.955641
vt 0.076684 0.955641
vt 0.076684 0.955595
vt 0.076573 0.955595
vt 0.076573 0.955641
vt 0.076619 0.955641
vt 0.076619 0.955595
vt 0.076508 0.955595
vt 0.076508 0.955641
vt 0.076554 0.955641
vt 0.076554 0.955595
vt 0.076443 0.955595
vt 0.076443 0.955641
vt 0.076489 0.955641
vt 0.076489 0.955595
vt 0.076378 0.955595
vt 0.076378 0.955641
vt 0.076424 0.955641
vt 0.076424 0.955595
vt 0.070261 0.974242
vt 0.070261 0.974288
vt 0.070452 0.974288
vt 0.070452 0.974242
vt 0.070297 0.974288
vt 0.070297 0.974242
vt 0.058740 0.996155
vt 0.058515 0.997352
vt 0.058609 0.997369
vt 0.058975 0.996347
vt 0.058697 0.996989
vt 0.059064 0.995966
vt 0.058604 0.996972
vt 0.058828 0.995774
vt 0.058407 0.994937
vt 0.058292 0.995547
vt 0.059016 0.995677
vt 0.059131 0.995067
vt 0.059085 0.995383
vt 0.059199 0.994772
vt 0.058360 0.995253
vt 0.058475 0.994642
vt 0.058682 0.993471
vt 0.058568 0.994080
vt 0.059291 0.994211
vt 0.059405 0.993602
vt 0.059360 0.993915
vt 0.059474 0.993306
vt 0.058636 0.993785
vt 0.058750 0.993175
vt 0.076452 0.977479
vt 0.076452 0.977589
vt 0.076604 0.977589
vt 0.076604 0.977479
vt 0.072616 0.974186
vt 0.072616 0.974295
vt 0.072751 0.974295
vt 0.072751 0.974186
vt 0.072262 0.974186
vt 0.072262 0.974295
vt 0.072127 0.974295
vt 0.072127 0.974186
vt 0.071598 0.974244
vt 0.071598 0.974306
vt 0.071770 0.974306
vt 0.071770 0.974244
vt 0.073129 0.974273
vt 0.073129 0.974314
vt 0.073358 0.974314
vt 0.073358 0.974273
vt 0.072806 0.974273
vt 0.072806 0.974314
vt 0.073109 0.974314
vt 0.073109 0.974273
vt 0.071791 0.974236
vt 0.071791 0.974314
vt 0.072072 0.974314
vt 0.072072 0.974236
vt 0.071417 0.974259
vt 0.071417 0.974296
vt 0.071534 0.974296
vt 0.071534 0.974259
vt 0.071372 0.974253
vt 0.071372 0.974296
vt 0.071531 0.974296
vt 0.071531 0.974253
vt 0.071327 0.974247
vt 0.071327 0.974296
vt 0.071532 0.974296
vt 0.071532 0.974247
vt 0.072446 0.974186
vt 0.072446 0.974295
vt 0.072736 0.974295
vt 0.072736 0.974186
vt 0.072432 0.974186
vt 0.072432 0.974295
vt 0.072142 0.974295
vt 0.072142 0.974186
vt 0.072605 0.974186
vt 0.072605 0.974295
vt 0.072273 0.974186
vt 0.072273 0.974295
vt 0.072439 0.974186
vt 0.072439 0.974295
vt 0.072602 0.974295
vt 0.072602 0.974186
vt 0.072276 0.974295
vt 0.072276 0.974186
vt 0.076903 0.975452
vt 0.076903 0.975563
vt 0.077293 0.975563
vt 0.077293 0.975452
vt 0.076888 0.975464
vt 0.076888 0.975575
vt 0.077150 0.975575
vt 0.077237 0.975575
vt 0.077183 0.975575
vt 0.077150 0.975464
vt 0.077021 0.975575
vt 0.077420 0.975464
vt 0.077313 0.975464
vt 0.077450 0.975464
vt 0.077420 0.975575
vt 0.077237 0.975464
vt 0.077313 0.975575
vt 0.077183 0.975464
vt 0.077450 0.975575
vt 0.077021 0.975464
vt 0.077314 0.975452
vt 0.077314 0.975563
vt 0.077486 0.975563
vt 0.077486 0.975452
vt 0.110641 0.973116
vt 0.110641 0.973144
vt 0.087370 0.959294
vt 0.087352 0.959294
vt 0.110766 0.973144
vt 0.110766 0.973116
vt 0.110730 0.973144
vt 0.110677 0.973144
vt 0.110677 0.973136
vt 0.110730 0.973136
vt 0.110658 0.973144
vt 0.110748 0.973144
vt 0.110748 0.973136
vt 0.110646 0.973144
vt 0.110761 0.973144
vt 0.110658 0.973136
vt 0.153644 0.973662
vt 0.153644 0.973688
vt 0.074070 0.955847
vt 0.074094 0.955847
vt 0.074102 0.955908
vt 0.074062 0.955908
vt 0.153699 0.973688
vt 0.153699 0.973662
vt 0.153660 0.973688
vt 0.153684 0.973688
vt 0.074093 0.955918
vt 0.074071 0.955918
vt 0.153391 0.974582
vt 0.153391 0.974607
vt 0.043157 0.974069
vt 0.043182 0.974069
vt 0.043189 0.974130
vt 0.043149 0.974130
vt 0.153446 0.974607
vt 0.153446 0.974582
vt 0.153406 0.974607
vt 0.153430 0.974607
vt 0.043180 0.974140
vt 0.043158 0.974140
vt 0.153484 0.974582
vt 0.153484 0.974607
vt 0.043251 0.974069
vt 0.043275 0.974069
vt 0.043283 0.974130
vt 0.043243 0.974130
vt 0.153539 0.974607
vt 0.153539 0.974582
vt 0.153499 0.974607
vt 0.153524 0.974607
vt 0.043274 0.974140
vt 0.043252 0.974140
vt 0.153578 0.974582
vt 0.153578 0.974607
vt 0.043344 0.974069
vt 0.043369 0.974069
vt 0.043376 0.974130
vt 0.043337 0.974130
vt 0.153633 0.974607
vt 0.153633 0.974582
vt 0.153593 0.974607
vt 0.153618 0.974607
vt 0.043367 0.974140
vt 0.043346 0.974140
vt 0.153629 0.974582
vt 0.153629 0.974607
vt 0.043396 0.974069
vt 0.043420 0.974069
vt 0.043428 0.974130
vt 0.043388 0.974130
vt 0.153684 0.974607
vt 0.153684 0.974582
vt 0.153644 0.974607
vt 0.153669 0.974607
vt 0.043419 0.974140
vt 0.043397 0.974140
vt 0.153397 0.974574
vt 0.153397 0.974600
vt 0.043163 0.974062
vt 0.043188 0.974062
vt 0.043195 0.974123
vt 0.043156 0.974123
vt 0.153452 0.974600
vt 0.153452 0.974574
vt 0.153412 0.974600
vt 0.153437 0.974600
vt 0.043186 0.974133
vt 0.043165 0.974133
vt 0.153499 0.974574
vt 0.153499 0.974600
vt 0.043265 0.974062
vt 0.043290 0.974062
vt 0.043297 0.974123
vt 0.043258 0.974123
vt 0.153554 0.974600
vt 0.153554 0.974574
vt 0.153514 0.974600
vt 0.153539 0.974600
vt 0.043288 0.974133
vt 0.043267 0.974133
vt 0.153383 0.974574
vt 0.153383 0.974600
vt 0.043149 0.974062
vt 0.043174 0.974062
vt 0.043181 0.974123
vt 0.043142 0.974123
vt 0.153438 0.974600
vt 0.153438 0.974574
vt 0.153398 0.974600
vt 0.153423 0.974600
vt 0.043172 0.974133
vt 0.043151 0.974133
vt 0.153609 0.974574
vt 0.153609 0.974600
vt 0.043375 0.974062
vt 0.043400 0.974062
vt 0.043407 0.974123
vt 0.043368 0.974123
vt 0.153664 0.974600
vt 0.153664 0.974574
vt 0.153624 0.974600
vt 0.153649 0.974600
vt 0.043398 0.974133
vt 0.043377 0.974133
vt 0.071966 0.957849
vt 0.071966 0.957905
vt 0.137893 0.957905
vt 0.137931 0.957905
vt 0.072022 0.957905
vt 0.072022 0.957849
vt 0.071626 0.957865
vt 0.071626 0.957917
vt 0.071678 0.957917
vt 0.071678 0.957865
vt 0.071888 0.957849
vt 0.071888 0.957905
vt 0.137815 0.957905
vt 0.137853 0.957905
vt 0.071944 0.957905
vt 0.071944 0.957849
vt 0.071975 0.957905
vt 0.072013 0.957905
vt 0.071897 0.957905
vt 0.071935 0.957905
vt 0.154585 0.975100
vt 0.154585 0.975194
vt 0.155000 0.975194
vt 0.155000 0.975100
vt 0.154689 0.975100
vt 0.154896 0.975194
vt 0.154896 0.975100
vt 0.154689 0.975194
vt 0.154793 0.975100
vt 0.154793 0.975194
vt 0.141954 0.972436
vt 0.142058 0.972436
vt 0.141747 0.972436
vt 0.141851 0.972436
vt 0.141960 0.972445
vt 0.142052 0.972445
vt 0.141753 0.972445
vt 0.141845 0.972445
vt 0.141643 0.972436
vt 0.141649 0.972445
vt 0.141741 0.972445
vt 0.141856 0.972445
vt 0.141949 0.972445
vt 0.076527 0.976091
vt 0.076527 0.976146
vt 0.076751 0.976146
vt 0.076751 0.976091
vt 0.076127 0.976091
vt 0.076127 0.976146
vt 0.076351 0.976146
vt 0.076351 0.976091
vt 0.076393 0.976091
vt 0.076393 0.976146
vt 0.076617 0.976146
vt 0.076617 0.976091
vt 0.076240 0.976186
vt 0.076240 0.976660
vt 0.076341 0.976660
vt 0.076826 0.976660
vt 0.076341 0.976186
vt 0.076283 0.975694
vt 0.076376 0.975694
vt 0.076826 0.976186
vt 0.076826 0.975694
vt 0.076826 0.975554
vt 0.076376 0.975554
vt 0.072401 0.974477
vt 0.072401 0.974941
vt 0.073327 0.974941
vt 0.073327 0.974477
vt 0.072401 0.974202
vt 0.073327 0.974202
vt 0.076187 0.976980
vt 0.076187 0.978099
vt 0.076857 0.978099
vt 0.076857 0.976980
vt 0.076187 0.976705
vt 0.076857 0.976705
vt 0.076852 0.975914
vt 0.076852 0.976605
vt 0.077030 0.976605
vt 0.077030 0.975914
vt 0.076887 0.977568
vt 0.076887 0.978258
vt 0.077040 0.978258
vt 0.077040 0.977568
vt 0.076887 0.977292
vt 0.077040 0.977292
vt 0.073781 0.954542
vt 0.073742 0.954542
vt 0.073742 0.954581
vt 0.073781 0.954581
vt 0.072823 0.975494
vt 0.072823 0.975462
vt 0.072854 0.975462
vt 0.072854 0.975494
vt 0.073831 0.954542
vt 0.073792 0.954542
vt 0.073792 0.954581
vt 0.073831 0.954581
vt 0.072873 0.975494
vt 0.072873 0.975462
vt 0.072905 0.975462
vt 0.072905 0.975494
vt 0.073881 0.954542
vt 0.073843 0.954542
vt 0.073843 0.954581
vt 0.073881 0.954581
vt 0.072923 0.975494
vt 0.072923 0.975462
vt 0.072955 0.975462
vt 0.072955 0.975494
vt 0.073931 0.954542
vt 0.073893 0.954542
vt 0.073893 0.954581
vt 0.073931 0.954581
vt 0.072974 0.975494
vt 0.072974 0.975462
vt 0.073005 0.975462
vt 0.073005 0.975494
vt 0.073777 0.954546
vt 0.073746 0.954546
vt 0.073746 0.954577
vt 0.073777 0.954577
vt 0.073827 0.954546
vt 0.073796 0.954546
vt 0.073796 0.954577
vt 0.073827 0.954577
vt 0.073878 0.954546
vt 0.073846 0.954546
vt 0.073846 0.954577
vt 0.073878 0.954577
vt 0.073928 0.954546
vt 0.073896 0.954546
vt 0.073896 0.954577
vt 0.073928 0.954577
vt 0.073781 0.954480
vt 0.073742 0.954480
vt 0.073742 0.954519
vt 0.073781 0.954519
vt 0.072823 0.975432
vt 0.072823 0.975401
vt 0.072854 0.975401
vt 0.072854 0.975432
vt 0.073831 0.954480
vt 0.073792 0.954480
vt 0.073792 0.954519
vt 0.073831 0.954519
vt 0.072873 0.975432
vt 0.072873 0.975401
vt 0.072905 0.975401
vt 0.072905 0.975432
vt 0.073881 0.954480
vt 0.073843 0.954480
vt 0.073843 0.954519
vt 0.073881 0.954519
vt 0.072923 0.975432
vt 0.072923 0.975401
vt 0.072955 0.975401
vt 0.072955 0.975432
vt 0.073931 0.954480
vt 0.073893 0.954480
vt 0.073893 0.954519
vt 0.073931 0.954519
vt 0.072974 0.975432
vt 0.072974 0.975401
vt 0.073005 0.975401
vt 0.073005 0.975432
vt 0.073777 0.954484
vt 0.073746 0.954484
vt 0.073746 0.954515
vt 0.073777 0.954515
vt 0.073827 0.954484
vt 0.073796 0.954484
vt 0.073796 0.954515
vt 0.073827 0.954515
vt 0.073878 0.954484
vt 0.073846 0.954484
vt 0.073846 0.954515
vt 0.073878 0.954515
vt 0.073928 0.954484
vt 0.073896 0.954484
vt 0.073896 0.954515
vt 0.073928 0.954515
vt 0.074236 0.954612
vt 0.074236 0.954566
vt 0.074190 0.954566
vt 0.074190 0.954612
vt 0.073271 0.975487
vt 0.073309 0.975487
vt 0.073309 0.975525
vt 0.073271 0.975525
vt 0.074236 0.954673
vt 0.074236 0.954626
vt 0.074190 0.954626
vt 0.074190 0.954673
vt 0.073271 0.975547
vt 0.073309 0.975547
vt 0.073309 0.975585
vt 0.073271 0.975585
vt 0.074236 0.954733
vt 0.074236 0.954687
vt 0.074190 0.954687
vt 0.074190 0.954733
vt 0.073271 0.975608
vt 0.073309 0.975608
vt 0.073309 0.975646
vt 0.073271 0.975646
vt 0.074236 0.954794
vt 0.074236 0.954747
vt 0.074190 0.954747
vt 0.074190 0.954794
vt 0.073271 0.975668
vt 0.073309 0.975668
vt 0.073309 0.975706
vt 0.073271 0.975706
vt 0.074232 0.954608
vt 0.074232 0.954570
vt 0.074194 0.954570
vt 0.074194 0.954608
vt 0.074232 0.954669
vt 0.074232 0.954631
vt 0.074194 0.954631
vt 0.074194 0.954669
vt 0.074232 0.954729
vt 0.074232 0.954691
vt 0.074194 0.954691
vt 0.074194 0.954729
vt 0.074232 0.954789
vt 0.074232 0.954752
vt 0.074194 0.954752
vt 0.074194 0.954789
vt 0.074248 0.954862
vt 0.074295 0.954862
vt 0.074295 0.954816
vt 0.074248 0.954816
vt 0.073368 0.975737
vt 0.073368 0.975774
vt 0.073330 0.975774
vt 0.073330 0.975737
vt 0.074188 0.954862
vt 0.074234 0.954862
vt 0.074234 0.954816
vt 0.074188 0.954816
vt 0.073307 0.975737
vt 0.073307 0.975774
vt 0.073269 0.975774
vt 0.073269 0.975737
vt 0.074253 0.954858
vt 0.074290 0.954858
vt 0.074290 0.954820
vt 0.074253 0.954820
vt 0.074192 0.954858
vt 0.074230 0.954858
vt 0.074230 0.954820
vt 0.074192 0.954820
vt 0.124883 0.956610
vt 0.124883 0.956789
vt 0.125116 0.956789
vt 0.125116 0.956610
vt 0.124906 0.956634
vt 0.125092 0.956634
vt 0.124906 0.956765
vt 0.125092 0.956765
vt 0.154622 0.956765
vt 0.154436 0.956765
vt 0.154436 0.956634
vt 0.154622 0.956634
vt 0.174230 0.957696
vt 0.174230 0.957636
vt 0.075822 0.957673
vt 0.075822 0.957659
vt 0.075815 0.957651
vt 0.075815 0.957680
vt 0.174290 0.957696
vt 0.174290 0.957636
vt 0.174254 0.957659
vt 0.174254 0.957673
vt 0.174267 0.957673
vt 0.174267 0.957659
vt 0.075843 0.957651
vt 0.075843 0.957680
vt 0.075836 0.957673
vt 0.075836 0.957659
vt 0.109095 0.961320
vt 0.109059 0.961320
vt 0.109059 0.961381
vt 0.109095 0.961346
vt 0.109009 0.961320
vt 0.108973 0.961320
vt 0.108973 0.961346
vt 0.109009 0.961381
vt 0.109021 0.961320
vt 0.109021 0.961381
vt 0.108973 0.961295
vt 0.109009 0.961259
vt 0.109059 0.961259
vt 0.109095 0.961295
vt 0.109047 0.961259
vt 0.109056 0.961376
vt 0.109056 0.961320
vt 0.109023 0.961320
vt 0.109023 0.961376
vt 0.109012 0.961376
vt 0.109012 0.961320
vt 0.109056 0.961264
vt 0.109045 0.961264
vt 0.109012 0.961264
vt 0.109023 0.961264
vt 0.109021 0.961259
vt 0.109047 0.961320
vt 0.109045 0.961320
vt 0.109047 0.961381
vt 0.109045 0.961376
vt 0.005426 0.958247
vt 0.005410 0.958247
vt 0.005412 0.958241
vt 0.005424 0.958241
vt 0.005412 0.958190
vt 0.005424 0.958190
vt 0.005426 0.958246
vt 0.005410 0.958246
vt 0.174807 0.957285
vt 0.174822 0.957285
vt 0.174827 0.957285
vt 0.174802 0.957285
vt 0.174821 0.957229
vt 0.174808 0.957229
vt 0.174804 0.957224
vt 0.174826 0.957224
vt 0.174822 0.957286
vt 0.174821 0.957280
vt 0.174826 0.957280
vt 0.174808 0.957280
vt 0.174807 0.957286
vt 0.174804 0.957280
vt 0.038393 0.958554
vt 0.038393 0.958543
vt 0.038393 0.958697
vt 0.038459 0.958697
vt 0.038459 0.958543
vt 0.038459 0.958554
vt 0.174503 0.957860
vt 0.174503 0.957800
vt 0.076095 0.957836
vt 0.076095 0.957823
vt 0.076087 0.957815
vt 0.076087 0.957844
vt 0.174563 0.957860
vt 0.174563 0.957800
vt 0.174526 0.957823
vt 0.174526 0.957836
vt 0.174540 0.957836
vt 0.174540 0.957823
vt 0.076116 0.957815
vt 0.076116 0.957844
vt 0.076109 0.957837
vt 0.076109 0.957822
vt 0.076108 0.957823
vt 0.076108 0.957836
vt 0.076094 0.957837
vt 0.076094 0.957822
vt 0.174503 0.957955
vt 0.174503 0.957895
vt 0.076095 0.957932
vt 0.076095 0.957918
vt 0.076087 0.957911
vt 0.076087 0.957940
vt 0.174563 0.957955
vt 0.174563 0.957895
vt 0.174526 0.957918
vt 0.174526 0.957932
vt 0.174540 0.957932
vt 0.174540 0.957918
vt 0.076116 0.957911
vt 0.076116 0.957940
vt 0.076109 0.957932
vt 0.076109 0.957918
vt 0.076108 0.957918
vt 0.076108 0.957932
vt 0.076094 0.957932
vt 0.076094 0.957918
vt 0.174230 0.957600
vt 0.174230 0.957541
vt 0.075822 0.957577
vt 0.075822 0.957564
vt 0.075815 0.957556
vt 0.075815 0.957585
vt 0.174290 0.957600
vt 0.174290 0.957541
vt 0.174254 0.957564
vt 0.174254 0.957577
vt 0.174267 0.957577
vt 0.174267 0.957564
vt 0.075843 0.957556
vt 0.075843 0.957585
vt 0.075836 0.957578
vt 0.075836 0.957563
vt 0.075836 0.957564
vt 0.075836 0.957577
vt 0.075822 0.957578
vt 0.075822 0.957563
vt 0.174237 0.957860
vt 0.174237 0.957800
vt 0.075829 0.957836
vt 0.075829 0.957823
vt 0.075821 0.957815
vt 0.075821 0.957844
vt 0.174297 0.957860
vt 0.174297 0.957800
vt 0.174260 0.957823
vt 0.174260 0.957836
vt 0.174274 0.957836
vt 0.174274 0.957823
vt 0.075850 0.957815
vt 0.075850 0.957844
vt 0.075843 0.957837
vt 0.075843 0.957822
vt 0.075842 0.957823
vt 0.075842 0.957836
vt 0.075828 0.957837
vt 0.075828 0.957822
vt 0.174237 0.957955
vt 0.174237 0.957895
vt 0.075829 0.957932
vt 0.075829 0.957918
vt 0.075821 0.957911
vt 0.075821 0.957940
vt 0.174297 0.957955
vt 0.174297 0.957895
vt 0.174260 0.957918
vt 0.174260 0.957932
vt 0.174274 0.957932
vt 0.174274 0.957918
vt 0.075850 0.957911
vt 0.075850 0.957940
vt 0.075843 0.957932
vt 0.075843 0.957918
vt 0.075842 0.957918
vt 0.075842 0.957932
vt 0.075828 0.957932
vt 0.075828 0.957918
vt 0.171902 0.956863
vt 0.171902 0.956787
vt 0.073234 0.958113
vt 0.073234 0.958086
vt 0.073227 0.958080
vt 0.073227 0.958120
vt 0.171978 0.956863
vt 0.171978 0.956787
vt 0.171927 0.956811
vt 0.171927 0.956838
vt 0.171954 0.956838
vt 0.171954 0.956811
vt 0.073267 0.958080
vt 0.073267 0.958120
vt 0.073257 0.958110
vt 0.073257 0.958089
vt 0.073261 0.958086
vt 0.073261 0.958113
vt 0.073237 0.958110
vt 0.073237 0.958089
vt 0.087299 0.959294
vt 0.072893 0.972882
vt 0.072805 0.972462
vt 0.072830 0.972024
vt 0.072900 0.974689
vt 0.072755 0.974689
vt 0.072770 0.973880
vt 0.072889 0.973880
vt 0.072731 0.973879
vt 0.072769 0.972885
vt 0.072674 0.971226
vt 0.072742 0.971925
vt 0.072830 0.971921
vt 0.072736 0.971221
vt 0.072496 0.971108
vt 0.072720 0.974690
vt 0.072295 0.971083
vt 0.072032 0.971064
vt 0.072032 0.972024
vt 0.072032 0.973880
vt 0.072032 0.972462
vt 0.072032 0.974689
vt 0.072805 0.972882
vt 0.072773 0.971921
vt 0.072700 0.971221
vt 0.071171 0.972882
vt 0.071233 0.972024
vt 0.071259 0.972462
vt 0.071164 0.974689
vt 0.071175 0.973880
vt 0.071294 0.973880
vt 0.071309 0.974689
vt 0.071333 0.973879
vt 0.071295 0.972885
vt 0.071390 0.971226
vt 0.071328 0.971221
vt 0.071233 0.971921
vt 0.071322 0.971925
vt 0.071568 0.971108
vt 0.071344 0.974690
vt 0.071768 0.971083
vt 0.071259 0.972882
vt 0.071291 0.971921
vt 0.071363 0.971221
vt 0.087281 0.959294
vt 0.055406 0.992429
vt 0.055406 0.992402
vt 0.055406 0.992374
vt 0.055421 0.992402
vt 0.055421 0.992429
vt 0.055406 0.992382
vt 0.055421 0.992382
vt 0.055406 0.992421
vt 0.055421 0.992421
vt 0.055421 0.992374
vt 0.055173 0.992402
vt 0.055173 0.992429
vt 0.055158 0.992429
vt 0.055158 0.992402
vt 0.055158 0.992374
vt 0.055158 0.992382
vt 0.055173 0.992382
vt 0.055173 0.992421
vt 0.055158 0.992421
vt 0.055173 0.992374
s 1
usemtl マテリアル.001
f 1436/1120/989 1434/1120/989 1437/1120/989
f 1434/1120/990 1435/1120/990 1437/1120/990
f 1438/1120/991 1436/1120/991 1437/1120/991
f 1439/1120/992 1440/1120/992 1435/1120/992
f 1437/1120/993 1435/1120/993 1440/1120/993
f 1439/1121/994 1441/1121/994 1443/1121/994 1442/1121/994
f 1440/1120/995 1439/1120/995 1442/1120/995
f 1446/1120/996 1447/1120/996 1444/1120/996
f 1444/1120/997 1447/1120/997 1445/1120/997
f 1448/1120/998 1447/1120/998 1446/1120/998
f 1449/1120/999 1445/1120/999 1450/1120/999
f 1447/1120/1000 1450/1120/1000 1445/1120/1000
f 1449/1121/994 1451/1121/994 1443/1121/994 1441/1121/994
f 1450/1120/1001 1451/1120/1001 1449/1120/1001
f 1453/1122/1002 1452/1123/1002 1455/1124/1002
f 1456/1125/1003 1458/1126/1003 1454/1127/1003 1453/1122/1003
f 1456/1125/1004 1459/1128/1004 1460/1129/1005 1458/1126/1005
f 1452/1123/1006 1453/1122/1006 1461/1122/1006 1462/1123/1006
f 1459/1130/1007 1455/1131/1007 1466/1132/1007
f 1454/1127/1008 1464/1133/1008 1468/1134/1008
f 1461/1122/1009 1468/1134/1009 1467/1135/1009 1462/1123/1009
f 1467/1132/1007 1465/1132/1007 1452/1136/1007 1462/1136/1007
f 1465/1132/1007 1466/1132/1007 1455/1131/1007 1452/1136/1007
f 1467/1135/1010 1468/1134/1010 1464/1133/1010 1463/1129/1010
f 1457/1129/1007 1466/1135/1007 1467/1135/1007 1463/1129/1007
f 1463/1137/1007 1467/1132/1007 1470/1132/1007 1469/1137/1007
f 1470/1135/1011 1467/1135/1011 1472/1138/1011 1473/1138/1011
f 1467/1135/1012 1462/1123/1012 1471/1139/1012 1472/1138/1012
f 1478/1139/1013 1477/1123/1013 1474/1123/1013 1475/1139/1013
f 1477/1136/1007 1462/1136/1007 1476/1140/1007 1479/1141/1007
f 1462/1136/1007 1452/1136/1007 1476/1140/1007
f 1471/1139/1013 1462/1123/1013 1477/1123/1013 1478/1139/1013
f 1486/1142/1013 1487/1142/1013 1480/1143/1013 1481/1143/1013
f 1487/1142/1014 1488/1144/1014 1482/1145/1014 1480/1143/1014
f 1491/1146/1014 1489/1147/1014 1484/1148/1014 1485/1149/1014
f 1490/1146/1013 1491/1146/1013 1485/1149/1013 1483/1149/1013
f 1485/1149/1014 1484/1148/1014 1488/1144/1014 1487/1142/1014
f 1483/1149/1013 1485/1149/1013 1487/1142/1013 1486/1142/1013
f 1478/1139/1007 1473/1138/1007 1472/1138/1007
f 1474/1123/1013 1477/1123/1013 1491/1146/1013 1490/1146/1013
f 1477/1123/1014 1479/1150/1014 1489/1147/1014 1491/1146/1014
f 1459/1128/1015 1455/1124/1015 1493/1151/1015 1494/1152/1015
f 1455/1124/1016 1452/1123/1016 1492/1153/1016 1493/1151/1016
f 1494/1152/1017 1496/1154/1017 1495/1155/1017
f 1494/1152/1018 1493/1151/1018 1496/1154/1018
f 1499/1156/1019 1502/1157/1019 1501/1158/1019 1498/1159/1019
f 1498/1159/1020 1501/1158/1020 1500/1160/1020 1497/1161/1020
f 1502/1157/1021 1503/1162/1021 1504/1163/1021
f 1502/1157/1022 1504/1163/1022 1501/1158/1022
f 1452/1123/1023 1455/1124/1024 1498/1159/1023 1497/1161/1024
f 1455/1124/1025 1459/1128/1025 1499/1156/1025 1498/1159/1025
f 1493/1151/1026 1492/1153/1026 1500/1160/1026 1501/1158/1026
f 1492/1153/1027 1452/1123/1027 1497/1161/1027 1500/1160/1027
f 1510/1164/1028 1495/1155/1028 1503/1162/1028 1508/1165/1028
f 1496/1154/1029 1493/1151/1029 1501/1158/1029 1504/1163/1029
f 1495/1155/1030 1496/1154/1030 1504/1163/1030 1503/1162/1030
f 1459/1128/1031 1509/1166/1031 1506/1167/1031 1499/1156/1031
f 1502/1157/1032 1507/1168/1032 1508/1165/1032 1503/1162/1032
f 1499/1156/1033 1506/1167/1033 1507/1168/1033 1502/1157/1033
f 1494/1152/1034 1495/1155/1034 1510/1164/1034 1505/1169/1034
f 1459/1128/1035 1494/1152/1035 1505/1169/1035 1509/1166/1035
f 1509/1166/1036 1505/1169/1036 1507/1168/1036 1506/1167/1036
f 1510/1164/1037 1508/1165/1037 1507/1168/1037 1505/1169/1037
f 1453/1122/1038 1455/1124/1038 1459/1128/1038
f 1459/1128/1039 1456/1125/1039 1453/1122/1039
f 1505/1169/1035 1511/1170/1035 1460/1129/1035 1509/1166/1035
f 1510/1164/1034 1512/1171/1034 1511/1170/1034 1505/1169/1034
f 1514/1169/1040 1513/1166/1041 1515/1129/1041 1516/1170/1040
f 1522/1164/1042 1514/1169/1040 1516/1170/1040 1517/1171/1042
f 1505/1169/1011 1509/1166/1011 1513/1166/1011 1514/1169/1011
f 1512/1171/1007 1510/1164/1007 1522/1164/1007 1517/1171/1007
f 1509/1166/1043 1460/1129/1043 1515/1129/1043 1513/1166/1043
f 1510/1164/1011 1505/1169/1011 1514/1169/1011 1522/1164/1011
f 1518/1172/1013 1519/1173/1013 1521/1174/1013 1520/1172/1013
f 1513/1166/1011 1523/1166/1011 1524/1175/1011 1522/1164/1011
f 1519/1173/1044 1518/1172/1044 1513/1166/1044 1522/1164/1044
f 1520/1172/1045 1521/1174/1045 1524/1175/1045 1523/1166/1045
f 1521/1174/1046 1519/1173/1046 1522/1164/1046 1524/1175/1046
f 1518/1172/1043 1520/1172/1043 1523/1166/1043 1513/1166/1043
f 1525/1176/1047 1526/1177/1047 1557/1178/1047
f 1527/1179/1048 1525/1176/1048 1454/1127/1048 1458/1126/1048
f 1527/1179/1049 1458/1126/1005 1460/1129/1005 1528/1180/1049
f 1557/1178/1050 1530/1178/1050 1529/1176/1050 1525/1176/1050
f 1532/1181/1007 1528/1182/1007 1460/1137/1007
f 1534/1183/1008 1464/1133/1008 1454/1127/1008
f 1529/1176/1051 1530/1178/1051 1533/1184/1051 1534/1183/1051
f 1533/1181/1007 1530/1185/1007 1557/1185/1007 1531/1181/1007
f 1531/1181/1007 1557/1185/1007 1526/1186/1007 1532/1181/1007
f 1533/1184/1010 1463/1129/1010 1464/1133/1010 1534/1183/1010
f 1457/1129/1007 1463/1129/1007 1533/1184/1007 1532/1184/1007
f 1463/1137/1007 1469/1137/1007 1535/1181/1007 1533/1181/1007
f 1535/1184/1013 1538/1187/1013 1537/1187/1013 1533/1184/1013
f 1533/1184/1012 1537/1187/1012 1536/1188/1012 1530/1178/1012
f 1543/1188/1011 1540/1188/1011 1539/1178/1011 1542/1178/1011
f 1542/1185/1007 1544/1189/1007 1541/1190/1007 1530/1185/1007
f 1530/1185/1007 1541/1190/1007 1557/1185/1007
f 1536/1188/1011 1543/1188/1011 1542/1178/1011 1530/1178/1011
f 1551/1191/1011 1546/1192/1011 1545/1192/1011 1552/1191/1011
f 1552/1191/1014 1545/1192/1014 1547/1193/1014 1553/1194/1014
f 1556/1195/1014 1550/1196/1014 1549/1197/1014 1554/1198/1014
f 1555/1195/1011 1548/1196/1011 1550/1196/1011 1556/1195/1011
f 1550/1196/1014 1552/1191/1014 1553/1194/1014 1549/1197/1014
f 1548/1196/1011 1551/1191/1011 1552/1191/1011 1550/1196/1011
f 1538/1187/1007 1540/1188/1007 1543/1188/1007
f 1539/1178/1011 1555/1195/1011 1556/1195/1011 1542/1178/1011
f 1542/1178/1014 1556/1195/1014 1554/1198/1014 1544/1199/1014
f 1528/1180/1052 1560/1200/1052 1559/1201/1052 1526/1177/1052
f 1526/1177/1053 1559/1201/1053 1558/1202/1053 1557/1178/1053
f 1560/1200/1054 1561/1203/1054 1562/1204/1054
f 1560/1200/1055 1562/1204/1055 1559/1201/1055
f 1565/1205/1056 1564/1206/1056 1567/1207/1056 1568/1208/1056
f 1564/1206/1057 1563/1209/1057 1566/1210/1057 1567/1207/1057
f 1568/1208/1058 1570/1211/1058 1569/1212/1058
f 1568/1208/1059 1567/1207/1059 1570/1211/1059
f 1557/1178/1060 1563/1209/1060 1564/1206/1060 1526/1177/1060
f 1526/1177/1061 1564/1206/1061 1565/1205/1061 1528/1180/1061
f 1559/1201/1062 1567/1207/1062 1566/1210/1062 1558/1202/1062
f 1558/1202/1063 1566/1210/1063 1563/1209/1063 1557/1178/1063
f 1573/1213/1028 1576/1214/1028 1569/1212/1028 1561/1203/1028
f 1562/1204/1064 1570/1211/1064 1567/1207/1064 1559/1201/1064
f 1561/1203/1065 1569/1212/1065 1570/1211/1065 1562/1204/1065
f 1528/1180/1031 1565/1205/1031 1574/1215/1031 1571/1216/1031
f 1568/1208/1066 1569/1212/1066 1576/1214/1066 1575/1217/1066
f 1565/1205/1067 1568/1208/1067 1575/1217/1067 1574/1215/1067
f 1560/1200/1034 1572/1218/1034 1573/1213/1034 1561/1203/1034
f 1528/1180/1035 1571/1216/1035 1572/1218/1035 1560/1200/1035
f 1571/1216/1068 1574/1215/1068 1575/1217/1068 1572/1218/1068
f 1573/1213/1069 1572/1218/1069 1575/1217/1069 1576/1214/1069
f 1525/1176/1070 1528/1180/1070 1526/1177/1070
f 1528/1180/1071 1525/1176/1071 1527/1179/1071
f 1572/1218/1035 1571/1216/1035 1460/1129/1035 1511/1170/1035
f 1573/1213/1034 1572/1218/1034 1511/1170/1034 1512/1171/1034
f 1578/1218/1040 1516/1170/1040 1515/1129/1041 1577/1216/1041
f 1583/1213/1042 1517/1171/1042 1516/1170/1040 1578/1218/1040
f 1572/1218/1013 1578/1218/1013 1577/1216/1013 1571/1216/1013
f 1512/1171/1007 1517/1171/1007 1583/1213/1007 1573/1213/1007
f 1571/1216/1043 1577/1216/1043 1515/1129/1043 1460/1129/1043
f 1573/1213/1013 1583/1213/1013 1578/1218/1013 1572/1218/1013
f 1579/1219/1011 1581/1219/1011 1582/1220/1011 1580/1221/1011
f 1577/1216/1013 1583/1213/1013 1585/1222/1013 1584/1216/1013
f 1580/1221/1044 1583/1213/1044 1577/1216/1044 1579/1219/1044
f 1581/1219/1045 1584/1216/1045 1585/1222/1045 1582/1220/1045
f 1582/1220/1046 1585/1222/1046 1583/1213/1046 1580/1221/1046
f 1579/1219/1043 1577/1216/1043 1584/1216/1043 1581/1219/1043
f 1466/1132/1007 1457/1137/1007 1460/1137/1007
f 1460/1137/1007 1459/1130/1007 1466/1132/1007
f 1461/1122/1072 1453/1122/1072 1468/1134/1072
f 1453/1122/1073 1454/1127/1073 1468/1134/1073
f 1472/1138/1007 1471/1139/1007 1478/1139/1007
f 1478/1139/1007 1475/1139/1007 1473/1138/1007
f 1460/1137/1007 1457/1137/1007 1532/1181/1007
f 1532/1181/1007 1526/1186/1007 1528/1182/1007
f 1454/1127/1074 1525/1176/1074 1534/1183/1074
f 1525/1176/1075 1529/1176/1075 1534/1183/1075
f 1543/1188/1007 1536/1188/1007 1537/1187/1007
f 1537/1187/1007 1538/1187/1007 1543/1188/1007
f 1596/1223/1013 1594/1223/1013 1587/1224/1013 1586/1224/1013
f 1598/1225/1007 1599/1225/1007 1589/1226/1007 1588/1226/1007
f 1603/1227/1014 1594/1223/1014 1591/1228/1014 1600/1229/1014
f 1602/1227/1076 1595/1230/1076 1592/1231/1076 1601/1229/1076
f 1595/1230/1077 1597/1230/1077 1593/1231/1077 1592/1231/1077
f 1588/1226/1011 1589/1226/1011 1597/1230/1011 1595/1230/1011
f 1598/1225/1076 1588/1226/1076 1595/1230/1076 1602/1227/1076
f 1599/1225/1014 1587/1224/1014 1594/1223/1014 1603/1227/1014
f 1590/1228/1013 1591/1228/1013 1594/1223/1013 1596/1223/1013
f 1589/1226/1014 1599/1225/1014 1603/1227/1014 1597/1230/1014
f 1586/1224/1076 1598/1225/1076 1602/1227/1076 1596/1223/1076
f 1596/1223/1076 1602/1227/1076 1601/1229/1076 1590/1228/1076
f 1597/1230/1014 1603/1227/1014 1600/1229/1014 1593/1231/1014
f 1586/1224/1007 1587/1224/1007 1599/1225/1007 1598/1225/1007
f 1600/1229/1014 1591/1228/1014 1605/1232/1014 1606/1233/1014
f 1591/1228/1013 1590/1228/1013 1604/1232/1013 1605/1232/1013
f 1590/1228/1076 1601/1229/1076 1607/1233/1076 1604/1232/1076
f 1607/1233/1043 1606/1233/1043 1605/1232/1043 1604/1232/1043
f 1606/1233/1011 1607/1233/1011 1601/1229/1011 1600/1229/1011
f 1600/1229/1043 1601/1229/1043 1592/1231/1043 1593/1231/1043
f 1617/1234/1014 1608/1235/1014 1610/1236/1014 1616/1237/1014
f 1619/1234/1078 1618/1237/1078 1614/1236/1078 1612/1235/1078
f 1608/1235/1043 1612/1235/1043 1614/1236/1043 1610/1236/1043
f 1617/1234/1013 1619/1234/1013 1612/1235/1013 1608/1235/1013
f 1615/1238/1013 1622/1239/1013 1620/1239/1013 1611/1238/1013
f 1610/1236/1011 1614/1236/1011 1618/1237/1011 1616/1237/1011
f 1609/1240/1007 1617/1234/1007 1616/1237/1007 1611/1238/1007
f 1615/1238/1007 1618/1237/1007 1619/1234/1007 1613/1240/1007
f 1613/1240/1007 1619/1234/1007 1617/1234/1007 1609/1240/1007
f 1611/1238/1007 1616/1237/1007 1618/1237/1007 1615/1238/1007
f 1620/1239/1007 1622/1239/1007 1623/1241/1007 1621/1241/1007
f 1613/1240/1014 1623/1241/1014 1622/1239/1014 1615/1238/1014
f 1609/1240/1011 1621/1241/1011 1623/1241/1011 1613/1240/1011
f 1611/1238/1076 1620/1239/1076 1621/1241/1076 1609/1240/1076
f 1633/1242/1014 1632/1243/1014 1626/1244/1014 1624/1245/1014
f 1635/1242/1078 1628/1245/1078 1630/1244/1078 1634/1243/1078
f 1624/1245/1043 1626/1244/1043 1630/1244/1043 1628/1245/1043
f 1633/1242/1011 1624/1245/1011 1628/1245/1011 1635/1242/1011
f 1631/1246/1011 1627/1246/1011 1636/1247/1011 1638/1247/1011
f 1626/1244/1013 1632/1243/1013 1634/1243/1013 1630/1244/1013
f 1625/1248/1007 1627/1246/1007 1632/1243/1007 1633/1242/1007
f 1631/1246/1007 1629/1248/1007 1635/1242/1007 1634/1243/1007
f 1629/1248/1007 1625/1248/1007 1633/1242/1007 1635/1242/1007
f 1627/1246/1007 1631/1246/1007 1634/1243/1007 1632/1243/1007
f 1636/1247/1007 1637/1249/1007 1639/1249/1007 1638/1247/1007
f 1629/1248/1014 1631/1246/1014 1638/1247/1014 1639/1249/1014
f 1625/1248/1013 1629/1248/1013 1639/1249/1013 1637/1249/1013
f 1627/1246/1076 1625/1248/1076 1637/1249/1076 1636/1247/1076
f 1640/1250/1013 1641/1250/1013 1643/1251/1013 1642/1251/1013
f 1642/1251/1007 1643/1251/1007 1647/1252/1007 1646/1252/1007
f 1646/1252/1011 1647/1252/1011 1645/1253/1011 1644/1253/1011
f 1644/1253/1043 1645/1253/1043 1641/1250/1043 1640/1250/1043
f 1642/1251/1076 1646/1252/1076 1644/1253/1076 1640/1250/1076
f 1647/1252/1014 1643/1251/1014 1641/1250/1014 1645/1253/1014
f 1648/1250/1013 1649/1250/1013 1651/1251/1013 1650/1251/1013
f 1650/1251/1007 1651/1251/1007 1655/1252/1007 1654/1252/1007
f 1654/1252/1011 1655/1252/1011 1653/1253/1011 1652/1253/1011
f 1652/1253/1043 1653/1253/1043 1649/1250/1043 1648/1250/1043
f 1650/1251/1076 1654/1252/1076 1652/1253/1076 1648/1250/1076
f 1655/1252/1014 1651/1251/1014 1649/1250/1014 1653/1253/1014
f 1656/1250/1013 1657/1250/1013 1659/1251/1013 1658/1251/1013
f 1658/1251/1007 1659/1251/1007 1663/1252/1007 1662/1252/1007
f 1662/1252/1011 1663/1252/1011 1661/1253/1011 1660/1253/1011
f 1660/1253/1043 1661/1253/1043 1657/1250/1043 1656/1250/1043
f 1658/1251/1076 1662/1252/1076 1660/1253/1076 1656/1250/1076
f 1663/1252/1014 1659/1251/1014 1657/1250/1014 1661/1253/1014
f 1664/1254/1011 1666/1255/1011 1667/1255/1011 1665/1254/1011
f 1666/1255/1007 1670/1256/1007 1671/1256/1007 1667/1255/1007
f 1670/1256/1013 1668/1257/1013 1669/1257/1013 1671/1256/1013
f 1668/1257/1043 1664/1254/1043 1665/1254/1043 1669/1257/1043
f 1666/1255/1076 1664/1254/1076 1668/1257/1076 1670/1256/1076
f 1671/1256/1014 1669/1257/1014 1665/1254/1014 1667/1255/1014
f 1672/1254/1011 1674/1255/1011 1675/1255/1011 1673/1254/1011
f 1674/1255/1007 1678/1256/1007 1679/1256/1007 1675/1255/1007
f 1678/1256/1013 1676/1257/1013 1677/1257/1013 1679/1256/1013
f 1676/1257/1043 1672/1254/1043 1673/1254/1043 1677/1257/1043
f 1674/1255/1076 1672/1254/1076 1676/1257/1076 1678/1256/1076
f 1679/1256/1014 1677/1257/1014 1673/1254/1014 1675/1255/1014
f 1680/1254/1011 1682/1255/1011 1683/1255/1011 1681/1254/1011
f 1682/1255/1007 1686/1256/1007 1687/1256/1007 1683/1255/1007
f 1686/1256/1013 1684/1257/1013 1685/1257/1013 1687/1256/1013
f 1684/1257/1043 1680/1254/1043 1681/1254/1043 1685/1257/1043
f 1682/1255/1076 1680/1254/1076 1684/1257/1076 1686/1256/1076
f 1687/1256/1014 1685/1257/1014 1681/1254/1014 1683/1255/1014
f 1694/1258/1079 1695/1259/1079 1688/1260/1007
f 1698/1261/1043 1697/1262/1043 1702/1263/1043
f 1695/1259/1080 1703/1264/1080 1697/1262/1080 1688/1260/1080
f 1693/1259/1081 1701/1264/1081 1702/1263/1081 1694/1258/1081
f 1691/1265/1082 1699/1266/1082 1700/1262/1082 1692/1260/1082
f 1689/1265/1083 1696/1266/1083 1698/1261/1083 1690/1267/1083
f 1694/1258/1084 1702/1263/1084 1703/1264/1084 1695/1259/1084
f 1692/1260/1085 1700/1262/1085 1701/1264/1085 1693/1259/1085
f 1690/1267/1086 1698/1261/1086 1699/1266/1086 1691/1265/1086
f 1688/1260/1087 1697/1262/1087 1696/1266/1087 1689/1265/1087
f 1710/1268/1079 1711/1269/1079 1704/1270/1007
f 1714/1271/1043 1713/1272/1043 1718/1273/1043
f 1711/1269/1080 1719/1274/1080 1713/1272/1080 1704/1270/1080
f 1709/1269/1081 1717/1274/1081 1718/1273/1081 1710/1268/1081
f 1707/1275/1082 1715/1276/1082 1716/1272/1082 1708/1270/1082
f 1705/1275/1083 1712/1276/1083 1714/1271/1083 1706/1277/1083
f 1710/1268/1084 1718/1273/1084 1719/1274/1084 1711/1269/1084
f 1708/1270/1085 1716/1272/1085 1717/1274/1085 1709/1269/1085
f 1706/1277/1086 1714/1271/1086 1715/1276/1086 1707/1275/1086
f 1704/1270/1087 1713/1272/1087 1712/1276/1087 1705/1275/1087
f 1726/1278/1079 1727/1279/1079 1720/1280/1007
f 1730/1281/1043 1729/1282/1043 1734/1283/1043
f 1727/1279/1080 1735/1284/1080 1729/1282/1080 1720/1280/1080
f 1725/1279/1081 1733/1284/1081 1734/1283/1081 1726/1278/1081
f 1723/1285/1082 1731/1286/1082 1732/1282/1082 1724/1280/1082
f 1721/1285/1083 1728/1286/1083 1730/1281/1083 1722/1287/1083
f 1726/1278/1084 1734/1283/1084 1735/1284/1084 1727/1279/1084
f 1724/1280/1085 1732/1282/1085 1733/1284/1085 1725/1279/1085
f 1722/1287/1086 1730/1281/1086 1731/1286/1086 1723/1285/1086
f 1720/1280/1087 1729/1282/1087 1728/1286/1087 1721/1285/1087
f 1742/1288/1079 1743/1289/1079 1736/1290/1007
f 1745/1291/1043 1750/1292/1043 1748/1291/1043
f 1743/1289/1088 1751/1293/1088 1745/1291/1088 1736/1290/1088
f 1741/1289/1081 1749/1293/1081 1750/1292/1081 1742/1288/1081
f 1739/1294/1082 1747/1295/1082 1748/1291/1082 1740/1290/1082
f 1737/1294/1083 1744/1295/1083 1746/1296/1083 1738/1297/1083
f 1742/1288/1084 1750/1292/1084 1751/1293/1084 1743/1289/1084
f 1740/1290/1085 1748/1291/1085 1749/1293/1085 1741/1289/1085
f 1738/1297/1086 1746/1296/1086 1747/1295/1086 1739/1294/1086
f 1736/1290/1087 1745/1291/1087 1744/1295/1087 1737/1294/1087
f 1758/1298/1079 1759/1299/1079 1752/1300/1007
f 1761/1301/1043 1766/1302/1043 1764/1301/1043
f 1759/1299/1088 1767/1303/1088 1761/1301/1088 1752/1300/1088
f 1757/1299/1081 1765/1303/1081 1766/1302/1081 1758/1298/1081
f 1755/1304/1082 1763/1305/1082 1764/1301/1082 1756/1300/1082
f 1753/1304/1083 1760/1305/1083 1762/1306/1083 1754/1307/1083
f 1758/1298/1084 1766/1302/1084 1767/1303/1084 1759/1299/1084
f 1756/1300/1085 1764/1301/1085 1765/1303/1085 1757/1299/1085
f 1754/1307/1086 1762/1306/1086 1763/1305/1086 1755/1304/1086
f 1752/1300/1087 1761/1301/1087 1760/1305/1087 1753/1304/1087
f 1774/1308/1079 1775/1309/1079 1768/1310/1007
f 1777/1311/1043 1782/1312/1043 1780/1311/1043
f 1775/1309/1080 1783/1313/1080 1777/1311/1080 1768/1310/1080
f 1773/1309/1081 1781/1313/1081 1782/1312/1081 1774/1308/1081
f 1771/1314/1082 1779/1315/1082 1780/1311/1082 1772/1310/1082
f 1769/1314/1083 1776/1315/1083 1778/1316/1083 1770/1317/1083
f 1774/1308/1084 1782/1312/1084 1783/1313/1084 1775/1309/1084
f 1772/1310/1085 1780/1311/1085 1781/1313/1085 1773/1309/1085
f 1770/1317/1086 1778/1316/1086 1779/1315/1086 1771/1314/1086
f 1768/1310/1089 1777/1311/1089 1776/1315/1089 1769/1314/1089
f 1784/1318/1013 1785/1318/1013 1787/1319/1013 1786/1319/1013
f 1786/1319/1007 1787/1319/1007 1791/1320/1007 1790/1320/1007
f 1790/1320/1011 1791/1320/1011 1789/1321/1011 1788/1321/1011
f 1788/1321/1043 1789/1321/1043 1785/1318/1043 1784/1318/1043
f 1786/1319/1076 1790/1320/1076 1788/1321/1076 1784/1318/1076
f 1791/1320/1014 1787/1319/1014 1785/1318/1014 1789/1321/1014
f 1792/1322/1013 1793/1322/1013 1795/1323/1013 1794/1323/1013
f 1794/1323/1007 1795/1323/1007 1799/1324/1007 1798/1324/1007
f 1798/1324/1011 1799/1324/1011 1797/1325/1011 1796/1325/1011
f 1796/1325/1043 1797/1325/1043 1793/1322/1043 1792/1322/1043
f 1794/1323/1076 1798/1324/1076 1796/1325/1076 1792/1322/1076
f 1799/1324/1014 1795/1323/1014 1793/1322/1014 1797/1325/1014
f 1800/1326/1013 1801/1326/1013 1803/1327/1013 1802/1327/1013
f 1802/1327/1007 1803/1327/1007 1807/1328/1007 1806/1328/1007
f 1806/1328/1011 1807/1328/1011 1805/1329/1011 1804/1329/1011
f 1804/1329/1043 1805/1329/1043 1801/1326/1043 1800/1326/1043
f 1802/1327/1076 1806/1328/1076 1804/1329/1076 1800/1326/1076
f 1807/1328/1014 1803/1327/1014 1801/1326/1014 1805/1329/1014
f 1808/1330/1013 1809/1330/1013 1811/1331/1013 1810/1331/1013
f 1810/1331/1007 1811/1331/1007 1815/1332/1007 1814/1332/1007
f 1814/1332/1011 1815/1332/1011 1813/1333/1011 1812/1333/1011
f 1812/1333/1043 1813/1333/1043 1809/1330/1043 1808/1330/1043
f 1810/1331/1076 1814/1332/1076 1812/1333/1076 1808/1330/1076
f 1815/1332/1014 1811/1331/1014 1809/1330/1014 1813/1333/1014
f 1816/1334/1013 1817/1334/1013 1819/1335/1013 1818/1335/1013
f 1818/1335/1007 1819/1335/1007 1823/1336/1007 1822/1336/1007
f 1822/1336/1011 1823/1336/1011 1821/1337/1011 1820/1337/1011
f 1820/1337/1043 1821/1337/1043 1817/1334/1043 1816/1334/1043
f 1818/1335/1076 1822/1336/1076 1820/1337/1076 1816/1334/1076
f 1823/1336/1014 1819/1335/1014 1817/1334/1014 1821/1337/1014
f 1824/1326/1013 1825/1326/1013 1827/1327/1013 1826/1327/1013
f 1826/1327/1007 1827/1327/1007 1831/1328/1007 1830/1328/1007
f 1830/1328/1011 1831/1328/1011 1829/1329/1011 1828/1329/1011
f 1828/1329/1043 1829/1329/1043 1825/1326/1043 1824/1326/1043
f 1826/1327/1076 1830/1328/1076 1828/1329/1076 1824/1326/1076
f 1831/1328/1014 1827/1327/1014 1825/1326/1014 1829/1329/1014
f 1832/1330/1013 1833/1330/1013 1835/1331/1013 1834/1331/1013
f 1834/1331/1007 1835/1331/1007 1839/1332/1007 1838/1332/1007
f 1838/1332/1011 1839/1332/1011 1837/1333/1011 1836/1333/1011
f 1836/1333/1043 1837/1333/1043 1833/1330/1043 1832/1330/1043
f 1834/1331/1076 1838/1332/1076 1836/1333/1076 1832/1330/1076
f 1839/1332/1014 1835/1331/1014 1833/1330/1014 1837/1333/1014
f 1840/1334/1013 1841/1334/1013 1843/1335/1013 1842/1335/1013
f 1842/1335/1007 1843/1335/1007 1847/1336/1007 1846/1336/1007
f 1846/1336/1011 1847/1336/1011 1845/1337/1011 1844/1337/1011
f 1844/1337/1043 1845/1337/1043 1841/1334/1043 1840/1334/1043
f 1842/1335/1076 1846/1336/1076 1844/1337/1076 1840/1334/1076
f 1847/1336/1014 1843/1335/1014 1841/1334/1014 1845/1337/1014
f 1848/1326/1013 1849/1326/1013 1851/1327/1013 1850/1327/1013
f 1850/1327/1007 1851/1327/1007 1855/1328/1007 1854/1328/1007
f 1854/1328/1011 1855/1328/1011 1853/1329/1011 1852/1329/1011
f 1852/1329/1043 1853/1329/1043 1849/1326/1043 1848/1326/1043
f 1850/1327/1076 1854/1328/1076 1852/1329/1076 1848/1326/1076
f 1855/1328/1014 1851/1327/1014 1849/1326/1014 1853/1329/1014
f 1856/1330/1013 1857/1330/1013 1859/1331/1013 1858/1331/1013
f 1858/1331/1007 1859/1331/1007 1863/1332/1007 1862/1332/1007
f 1862/1332/1011 1863/1332/1011 1861/1333/1011 1860/1333/1011
f 1860/1333/1043 1861/1333/1043 1857/1330/1043 1856/1330/1043
f 1858/1331/1076 1862/1332/1076 1860/1333/1076 1856/1330/1076
f 1863/1332/1014 1859/1331/1014 1857/1330/1014 1861/1333/1014
f 1864/1334/1013 1865/1334/1013 1867/1335/1013 1866/1335/1013
f 1866/1335/1007 1867/1335/1007 1871/1336/1007 1870/1336/1007
f 1870/1336/1011 1871/1336/1011 1869/1337/1011 1868/1337/1011
f 1868/1337/1043 1869/1337/1043 1865/1334/1043 1864/1334/1043
f 1866/1335/1076 1870/1336/1076 1868/1337/1076 1864/1334/1076
f 1871/1336/1014 1867/1335/1014 1865/1334/1014 1869/1337/1014
f 1878/1338/1007 1879/1339/1079 1872/1340/1007
f 1882/1341/1043 1881/1342/1043 1886/1343/1043
f 1879/1339/1080 1887/1344/1080 1881/1342/1080 1872/1340/1080
f 1877/1339/1081 1885/1344/1081 1886/1343/1081 1878/1338/1081
f 1875/1345/1082 1883/1346/1082 1884/1342/1082 1876/1340/1082
f 1873/1345/1083 1880/1346/1083 1882/1341/1083 1874/1347/1083
f 1878/1338/1084 1886/1343/1084 1887/1344/1084 1879/1339/1084
f 1876/1340/1085 1884/1342/1085 1885/1344/1085 1877/1339/1085
f 1874/1347/1086 1882/1341/1086 1883/1346/1086 1875/1345/1086
f 1872/1340/1087 1881/1342/1087 1880/1346/1087 1873/1345/1087
f 1888/1348/1013 1889/1348/1013 1891/1349/1013 1890/1349/1013
f 1890/1349/1007 1891/1349/1007 1895/1350/1007 1894/1350/1007
f 1894/1350/1011 1895/1350/1011 1893/1351/1011 1892/1351/1011
f 1892/1351/1043 1893/1351/1043 1889/1348/1043 1888/1348/1043
f 1890/1349/1076 1894/1350/1076 1892/1351/1076 1888/1348/1076
f 1895/1350/1014 1891/1349/1014 1889/1348/1014 1893/1351/1014
f 1896/1318/1013 1897/1318/1013 1899/1319/1013 1898/1319/1013
f 1898/1319/1007 1899/1319/1007 1903/1320/1007 1902/1320/1007
f 1902/1320/1011 1903/1320/1011 1901/1321/1011 1900/1321/1011
f 1900/1321/1043 1901/1321/1043 1897/1318/1043 1896/1318/1043
f 1898/1319/1076 1902/1320/1076 1900/1321/1076 1896/1318/1076
f 1903/1320/1014 1899/1319/1014 1897/1318/1014 1901/1321/1014
f 1911/1352/1090 1904/1353/1090 1908/1353/1007
f 1916/1354/1043 1915/1355/1043 1914/1356/1043
f 1911/1352/1091 1919/1357/1091 1913/1354/1091 1904/1353/1091
f 1909/1352/1092 1917/1357/1092 1918/1358/1092 1910/1359/1092
f 1907/1360/1082 1915/1355/1082 1916/1354/1082 1908/1353/1082
f 1905/1360/1083 1912/1355/1083 1914/1356/1083 1906/1361/1083
f 1910/1359/1084 1918/1358/1084 1919/1357/1084 1911/1352/1084
f 1908/1353/1093 1916/1354/1093 1917/1357/1093 1909/1352/1093
f 1906/1361/1094 1914/1356/1094 1915/1355/1094 1907/1360/1094
f 1904/1353/1087 1913/1354/1087 1912/1355/1087 1905/1360/1087
f 1922/1362/1007 1924/1363/1007 1926/1364/1007
f 1934/1365/1043 1932/1366/1043 1930/1367/1043
f 1927/1368/1091 1935/1369/1091 1929/1366/1091 1920/1363/1091
f 1925/1368/1081 1933/1369/1081 1934/1365/1081 1926/1364/1081
f 1923/1370/1082 1931/1371/1082 1932/1366/1082 1924/1363/1082
f 1921/1370/1083 1928/1371/1083 1930/1367/1083 1922/1362/1083
f 1926/1364/1084 1934/1365/1084 1935/1369/1084 1927/1368/1084
f 1924/1363/1085 1932/1366/1085 1933/1369/1085 1925/1368/1085
f 1922/1362/1086 1930/1367/1086 1931/1371/1086 1923/1370/1086
f 1920/1363/1095 1929/1366/1095 1928/1371/1095 1921/1370/1095
f 1936/1372/1013 1937/1372/1013 1939/1373/1013 1938/1373/1013
f 1938/1373/1007 1939/1373/1007 1943/1374/1007 1942/1374/1007
f 1942/1374/1011 1943/1374/1011 1941/1375/1011 1940/1375/1011
f 1940/1375/1043 1941/1375/1043 1937/1372/1043 1936/1372/1043
f 1938/1373/1076 1942/1374/1076 1940/1375/1076 1936/1372/1076
f 1943/1374/1014 1939/1373/1014 1937/1372/1014 1941/1375/1014
f 1944/1376/1013 1945/1376/1013 1952/1377/1013 1953/1377/1013
f 1951/1378/1013 1950/1378/1013 1958/1379/1013 1959/1379/1013
f 1954/1380/1011 1955/1380/1011 1949/1381/1011 1948/1381/1011
f 1948/1381/1043 1949/1381/1043 1945/1376/1043 1944/1376/1043
f 1953/1377/1076 1954/1380/1076 1948/1381/1076 1944/1376/1076
f 1955/1380/1014 1952/1377/1014 1945/1376/1014 1949/1381/1014
f 1947/1382/1007 1946/1382/1007 1953/1377/1007 1952/1377/1007
f 1946/1382/1007 1950/1378/1007 1954/1380/1007 1953/1377/1007
f 1951/1378/1007 1947/1382/1007 1952/1377/1007 1955/1380/1007
f 1950/1378/1007 1951/1378/1007 1955/1380/1007 1954/1380/1007
f 1957/1383/1007 1956/1383/1007 1959/1384/1007 1958/1384/1007
f 1950/1378/1014 1946/1382/1014 1957/1385/1014 1958/1379/1014
f 1947/1382/1076 1951/1378/1076 1959/1379/1076 1956/1385/1076
f 1946/1382/1011 1947/1382/1011 1956/1385/1011 1957/1385/1011
f 1960/1376/1011 1969/1377/1011 1968/1377/1011 1961/1376/1011
f 1967/1378/1011 1975/1379/1011 1974/1379/1011 1966/1378/1011
f 1970/1380/1013 1964/1381/1013 1965/1381/1013 1971/1380/1013
f 1964/1381/1043 1960/1376/1043 1961/1376/1043 1965/1381/1043
f 1969/1377/1076 1960/1376/1076 1964/1381/1076 1970/1380/1076
f 1971/1380/1014 1965/1381/1014 1961/1376/1014 1968/1377/1014
f 1963/1382/1007 1968/1377/1007 1969/1377/1007 1962/1382/1007
f 1962/1382/1007 1969/1377/1007 1970/1380/1007 1966/1378/1007
f 1967/1378/1007 1971/1380/1007 1968/1377/1007 1963/1382/1007
f 1966/1378/1007 1970/1380/1007 1971/1380/1007 1967/1378/1007
f 1973/1383/1007 1974/1384/1007 1975/1384/1007 1972/1383/1007
f 1966/1378/1014 1974/1379/1014 1973/1385/1014 1962/1382/1014
f 1963/1382/1076 1972/1385/1076 1975/1379/1076 1967/1378/1076
f 1962/1382/1013 1973/1385/1013 1972/1385/1013 1963/1382/1013
f 1976/1386/1014 1977/1387/1014 1979/1388/1014 1978/1389/1014
f 1978/1389/1007 1979/1388/1007 1983/1388/1007 1982/1389/1007
f 1982/1389/1076 1983/1388/1076 1981/1387/1076 1980/1386/1076
f 1980/1386/1043 1981/1387/1043 1977/1387/1043 1976/1386/1043
f 1978/1389/1013 1982/1389/1013 1980/1386/1013 1976/1386/1013
f 1983/1388/1011 1979/1388/1011 1977/1387/1011 1981/1387/1011
f 1984/1386/1014 1985/1387/1014 1987/1388/1014 1986/1389/1014
f 1986/1389/1007 1987/1388/1007 1991/1388/1007 1990/1389/1007
f 1990/1389/1076 1991/1388/1076 1989/1387/1076 1988/1386/1076
f 1988/1386/1043 1989/1387/1043 1985/1387/1043 1984/1386/1043
f 1986/1389/1013 1990/1389/1013 1988/1386/1013 1984/1386/1013
f 1991/1388/1011 1987/1388/1011 1985/1387/1011 1989/1387/1011
f 1992/1386/1014 1993/1387/1014 1995/1388/1014 1994/1389/1014
f 1994/1389/1007 1995/1388/1007 1999/1388/1007 1998/1389/1007
f 1998/1389/1076 1999/1388/1076 1997/1387/1076 1996/1386/1076
f 1996/1386/1043 1997/1387/1043 1993/1387/1043 1992/1386/1043
f 1994/1389/1013 1998/1389/1013 1996/1386/1013 1992/1386/1013
f 1999/1388/1011 1995/1388/1011 1993/1387/1011 1997/1387/1011
f 2000/1386/1014 2001/1387/1014 2003/1388/1014 2002/1389/1014
f 2002/1389/1007 2003/1388/1007 2007/1388/1007 2006/1389/1007
f 2006/1389/1076 2007/1388/1076 2005/1387/1076 2004/1386/1076
f 2004/1386/1043 2005/1387/1043 2001/1387/1043 2000/1386/1043
f 2002/1389/1013 2006/1389/1013 2004/1386/1013 2000/1386/1013
f 2007/1388/1011 2003/1388/1011 2001/1387/1011 2005/1387/1011
f 2008/1386/1014 2009/1387/1014 2011/1388/1014 2010/1389/1014
f 2010/1389/1007 2011/1388/1007 2015/1388/1007 2014/1389/1007
f 2014/1389/1076 2015/1388/1076 2013/1387/1076 2012/1386/1076
f 2012/1386/1043 2013/1387/1043 2009/1387/1043 2008/1386/1043
f 2010/1389/1013 2014/1389/1013 2012/1386/1013 2008/1386/1013
f 2015/1388/1011 2011/1388/1011 2009/1387/1011 2013/1387/1011
f 2016/1390/1014 2017/1391/1014 2019/1392/1014 2018/1393/1014
f 2018/1393/1007 2019/1392/1007 2023/1392/1007 2022/1393/1007
f 2022/1393/1076 2023/1392/1076 2021/1391/1076 2020/1390/1076
f 2020/1390/1043 2021/1391/1043 2017/1391/1043 2016/1390/1043
f 2018/1393/1013 2022/1393/1013 2020/1390/1013 2016/1390/1013
f 2023/1392/1011 2019/1392/1011 2017/1391/1011 2021/1391/1011
f 2024/1390/1014 2025/1391/1014 2027/1392/1014 2026/1393/1014
f 2026/1393/1007 2027/1392/1007 2031/1392/1007 2030/1393/1007
f 2030/1393/1076 2031/1392/1076 2029/1391/1076 2028/1390/1076
f 2028/1390/1043 2029/1391/1043 2025/1391/1043 2024/1390/1043
f 2026/1393/1013 2030/1393/1013 2028/1390/1013 2024/1390/1013
f 2031/1392/1011 2027/1392/1011 2025/1391/1011 2029/1391/1011
f 2032/1390/1014 2033/1391/1014 2035/1392/1014 2034/1393/1014
f 2034/1393/1007 2035/1392/1007 2039/1392/1007 2038/1393/1007
f 2038/1393/1076 2039/1392/1076 2037/1391/1076 2036/1390/1076
f 2036/1390/1043 2037/1391/1043 2033/1391/1043 2032/1390/1043
f 2034/1393/1013 2038/1393/1013 2036/1390/1013 2032/1390/1013
f 2039/1392/1011 2035/1392/1011 2033/1391/1011 2037/1391/1011
f 2040/1390/1014 2041/1391/1014 2043/1392/1014 2042/1393/1014
f 2042/1393/1007 2043/1392/1007 2047/1392/1007 2046/1393/1007
f 2046/1393/1076 2047/1392/1076 2045/1391/1076 2044/1390/1076
f 2044/1390/1043 2045/1391/1043 2041/1391/1043 2040/1390/1043
f 2042/1393/1013 2046/1393/1013 2044/1390/1013 2040/1390/1013
f 2047/1392/1011 2043/1392/1011 2041/1391/1011 2045/1391/1011
f 2048/1390/1014 2049/1391/1014 2051/1392/1014 2050/1393/1014
f 2050/1393/1007 2051/1392/1007 2055/1392/1007 2054/1393/1007
f 2054/1393/1076 2055/1392/1076 2053/1391/1076 2052/1390/1076
f 2052/1390/1043 2053/1391/1043 2049/1391/1043 2048/1390/1043
f 2050/1393/1013 2054/1393/1013 2052/1390/1013 2048/1390/1013
f 2055/1392/1011 2051/1392/1011 2049/1391/1011 2053/1391/1011
f 2056/1394/1013 2057/1394/1013 2059/1395/1013 2058/1395/1013
f 2058/1395/1007 2059/1395/1007 2063/1396/1007 2062/1396/1007
f 2062/1396/1011 2063/1396/1011 2061/1397/1011 2060/1397/1011
f 2060/1397/1043 2061/1397/1043 2057/1394/1043 2056/1394/1043
f 2058/1395/1076 2062/1396/1076 2060/1397/1076 2056/1394/1076
f 2063/1396/1014 2059/1395/1014 2057/1394/1014 2061/1397/1014
f 2064/1398/1013 2065/1398/1013 2067/1399/1013 2066/1399/1013
f 2066/1399/1007 2067/1399/1007 2071/1400/1007 2070/1400/1007
f 2070/1400/1011 2071/1400/1011 2069/1401/1011 2068/1401/1011
f 2068/1401/1043 2069/1401/1043 2065/1398/1043 2064/1398/1043
f 2066/1399/1076 2070/1400/1076 2068/1401/1076 2064/1398/1076
f 2071/1400/1014 2067/1399/1014 2065/1398/1014 2069/1401/1014
f 2072/1402/1013 2073/1402/1013 2075/1403/1013 2074/1403/1013
f 2074/1403/1007 2075/1403/1007 2079/1404/1007 2078/1404/1007
f 2078/1404/1011 2079/1404/1011 2077/1405/1011 2076/1405/1011
f 2076/1405/1043 2077/1405/1043 2073/1402/1043 2072/1402/1043
f 2074/1403/1076 2078/1404/1076 2076/1405/1076 2072/1402/1076
f 2079/1404/1014 2075/1403/1014 2073/1402/1014 2077/1405/1014
f 2080/1406/1013 2081/1406/1013 2083/1407/1013 2082/1407/1013
f 2082/1407/1007 2083/1407/1007 2087/1408/1007 2086/1408/1007
f 2086/1408/1011 2087/1408/1011 2085/1409/1011 2084/1409/1011
f 2084/1409/1043 2085/1409/1043 2081/1406/1043 2080/1406/1043
f 2082/1407/1076 2086/1408/1076 2084/1409/1076 2080/1406/1076
f 2087/1408/1014 2083/1407/1014 2081/1406/1014 2085/1409/1014
f 2088/1410/1013 2089/1410/1013 2091/1411/1013 2090/1411/1013
f 2090/1411/1007 2091/1411/1007 2095/1412/1007 2094/1412/1007
f 2094/1412/1011 2095/1412/1011 2093/1413/1011 2092/1413/1011
f 2092/1413/1043 2093/1413/1043 2089/1410/1043 2088/1410/1043
f 2090/1411/1076 2094/1412/1076 2092/1413/1076 2088/1410/1076
f 2095/1412/1014 2091/1411/1014 2089/1410/1014 2093/1413/1014
f 2096/1394/1013 2097/1394/1013 2099/1395/1013 2098/1395/1013
f 2098/1395/1007 2099/1395/1007 2103/1396/1007 2102/1396/1007
f 2102/1396/1011 2103/1396/1011 2101/1397/1011 2100/1397/1011
f 2100/1397/1043 2101/1397/1043 2097/1394/1043 2096/1394/1043
f 2098/1395/1076 2102/1396/1076 2100/1397/1076 2096/1394/1076
f 2103/1396/1014 2099/1395/1014 2097/1394/1014 2101/1397/1014
f 2104/1398/1013 2105/1398/1013 2107/1399/1013 2106/1399/1013
f 2106/1399/1007 2107/1399/1007 2111/1400/1007 2110/1400/1007
f 2110/1400/1011 2111/1400/1011 2109/1401/1011 2108/1401/1011
f 2108/1401/1043 2109/1401/1043 2105/1398/1043 2104/1398/1043
f 2106/1399/1076 2110/1400/1076 2108/1401/1076 2104/1398/1076
f 2111/1400/1014 2107/1399/1014 2105/1398/1014 2109/1401/1014
f 2112/1402/1013 2113/1402/1013 2115/1403/1013 2114/1403/1013
f 2114/1403/1007 2115/1403/1007 2119/1404/1007 2118/1404/1007
f 2118/1404/1011 2119/1404/1011 2117/1405/1011 2116/1405/1011
f 2116/1405/1043 2117/1405/1043 2113/1402/1043 2112/1402/1043
f 2114/1403/1076 2118/1404/1076 2116/1405/1076 2112/1402/1076
f 2119/1404/1014 2115/1403/1014 2113/1402/1014 2117/1405/1014
f 2120/1406/1013 2121/1406/1013 2123/1407/1013 2122/1407/1013
f 2122/1407/1007 2123/1407/1007 2127/1408/1007 2126/1408/1007
f 2126/1408/1011 2127/1408/1011 2125/1409/1011 2124/1409/1011
f 2124/1409/1043 2125/1409/1043 2121/1406/1043 2120/1406/1043
f 2122/1407/1076 2126/1408/1076 2124/1409/1076 2120/1406/1076
f 2127/1408/1014 2123/1407/1014 2121/1406/1014 2125/1409/1014
f 2128/1410/1013 2129/1410/1013 2131/1411/1013 2130/1411/1013
f 2130/1411/1007 2131/1411/1007 2135/1412/1007 2134/1412/1007
f 2134/1412/1011 2135/1412/1011 2133/1413/1011 2132/1413/1011
f 2132/1413/1043 2133/1413/1043 2129/1410/1043 2128/1410/1043
f 2130/1411/1076 2134/1412/1076 2132/1413/1076 2128/1410/1076
f 2135/1412/1014 2131/1411/1014 2129/1410/1014 2133/1413/1014
f 2136/1386/1014 2138/1389/1014 2139/1388/1014 2137/1387/1014
f 2138/1389/1007 2142/1389/1007 2143/1388/1007 2139/1388/1007
f 2142/1389/1076 2140/1386/1076 2141/1387/1076 2143/1388/1076
f 2140/1386/1043 2136/1386/1043 2137/1387/1043 2141/1387/1043
f 2138/1389/1011 2136/1386/1011 2140/1386/1011 2142/1389/1011
f 2143/1388/1013 2141/1387/1013 2137/1387/1013 2139/1388/1013
f 2144/1386/1014 2146/1389/1014 2147/1388/1014 2145/1387/1014
f 2146/1389/1007 2150/1389/1007 2151/1388/1007 2147/1388/1007
f 2150/1389/1076 2148/1386/1076 2149/1387/1076 2151/1388/1076
f 2148/1386/1043 2144/1386/1043 2145/1387/1043 2149/1387/1043
f 2146/1389/1011 2144/1386/1011 2148/1386/1011 2150/1389/1011
f 2151/1388/1013 2149/1387/1013 2145/1387/1013 2147/1388/1013
f 2152/1386/1014 2154/1389/1014 2155/1388/1014 2153/1387/1014
f 2154/1389/1007 2158/1389/1007 2159/1388/1007 2155/1388/1007
f 2158/1389/1076 2156/1386/1076 2157/1387/1076 2159/1388/1076
f 2156/1386/1043 2152/1386/1043 2153/1387/1043 2157/1387/1043
f 2154/1389/1011 2152/1386/1011 2156/1386/1011 2158/1389/1011
f 2159/1388/1013 2157/1387/1013 2153/1387/1013 2155/1388/1013
f 2160/1386/1014 2162/1389/1014 2163/1388/1014 2161/1387/1014
f 2162/1389/1007 2166/1389/1007 2167/1388/1007 2163/1388/1007
f 2166/1389/1076 2164/1386/1076 2165/1387/1076 2167/1388/1076
f 2164/1386/1043 2160/1386/1043 2161/1387/1043 2165/1387/1043
f 2162/1389/1011 2160/1386/1011 2164/1386/1011 2166/1389/1011
f 2167/1388/1013 2165/1387/1013 2161/1387/1013 2163/1388/1013
f 2168/1386/1014 2170/1389/1014 2171/1388/1014 2169/1387/1014
f 2170/1389/1007 2174/1389/1007 2175/1388/1007 2171/1388/1007
f 2174/1389/1076 2172/1386/1076 2173/1387/1076 2175/1388/1076
f 2172/1386/1043 2168/1386/1043 2169/1387/1043 2173/1387/1043
f 2170/1389/1011 2168/1386/1011 2172/1386/1011 2174/1389/1011
f 2175/1388/1013 2173/1387/1013 2169/1387/1013 2171/1388/1013
f 2176/1390/1014 2178/1393/1014 2179/1392/1014 2177/1391/1014
f 2178/1393/1007 2182/1393/1007 2183/1392/1007 2179/1392/1007
f 2182/1393/1076 2180/1390/1076 2181/1391/1076 2183/1392/1076
f 2180/1390/1043 2176/1390/1043 2177/1391/1043 2181/1391/1043
f 2178/1393/1011 2176/1390/1011 2180/1390/1011 2182/1393/1011
f 2183/1392/1013 2181/1391/1013 2177/1391/1013 2179/1392/1013
f 2184/1390/1014 2186/1393/1014 2187/1392/1014 2185/1391/1014
f 2186/1393/1007 2190/1393/1007 2191/1392/1007 2187/1392/1007
f 2190/1393/1076 2188/1390/1076 2189/1391/1076 2191/1392/1076
f 2188/1390/1043 2184/1390/1043 2185/1391/1043 2189/1391/1043
f 2186/1393/1011 2184/1390/1011 2188/1390/1011 2190/1393/1011
f 2191/1392/1013 2189/1391/1013 2185/1391/1013 2187/1392/1013
f 2192/1390/1014 2194/1393/1014 2195/1392/1014 2193/1391/1014
f 2194/1393/1007 2198/1393/1007 2199/1392/1007 2195/1392/1007
f 2198/1393/1076 2196/1390/1076 2197/1391/1076 2199/1392/1076
f 2196/1390/1043 2192/1390/1043 2193/1391/1043 2197/1391/1043
f 2194/1393/1011 2192/1390/1011 2196/1390/1011 2198/1393/1011
f 2199/1392/1013 2197/1391/1013 2193/1391/1013 2195/1392/1013
f 2200/1390/1014 2202/1393/1014 2203/1392/1014 2201/1391/1014
f 2202/1393/1007 2206/1393/1007 2207/1392/1007 2203/1392/1007
f 2206/1393/1076 2204/1390/1076 2205/1391/1076 2207/1392/1076
f 2204/1390/1043 2200/1390/1043 2201/1391/1043 2205/1391/1043
f 2202/1393/1011 2200/1390/1011 2204/1390/1011 2206/1393/1011
f 2207/1392/1013 2205/1391/1013 2201/1391/1013 2203/1392/1013
f 2208/1390/1014 2210/1393/1014 2211/1392/1014 2209/1391/1014
f 2210/1393/1007 2214/1393/1007 2215/1392/1007 2211/1392/1007
f 2214/1393/1076 2212/1390/1076 2213/1391/1076 2215/1392/1076
f 2212/1390/1043 2208/1390/1043 2209/1391/1043 2213/1391/1043
f 2210/1393/1011 2208/1390/1011 2212/1390/1011 2214/1393/1011
f 2215/1392/1013 2213/1391/1013 2209/1391/1013 2211/1392/1013
f 2216/1394/1011 2218/1395/1011 2219/1395/1011 2217/1394/1011
f 2218/1395/1007 2222/1396/1007 2223/1396/1007 2219/1395/1007
f 2222/1396/1013 2220/1397/1013 2221/1397/1013 2223/1396/1013
f 2220/1397/1043 2216/1394/1043 2217/1394/1043 2221/1397/1043
f 2218/1395/1076 2216/1394/1076 2220/1397/1076 2222/1396/1076
f 2223/1396/1014 2221/1397/1014 2217/1394/1014 2219/1395/1014
f 2224/1398/1011 2226/1399/1011 2227/1399/1011 2225/1398/1011
f 2226/1399/1007 2230/1400/1007 2231/1400/1007 2227/1399/1007
f 2230/1400/1013 2228/1401/1013 2229/1401/1013 2231/1400/1013
f 2228/1401/1043 2224/1398/1043 2225/1398/1043 2229/1401/1043
f 2226/1399/1076 2224/1398/1076 2228/1401/1076 2230/1400/1076
f 2231/1400/1014 2229/1401/1014 2225/1398/1014 2227/1399/1014
f 2232/1402/1011 2234/1403/1011 2235/1403/1011 2233/1402/1011
f 2234/1403/1007 2238/1404/1007 2239/1404/1007 2235/1403/1007
f 2238/1404/1013 2236/1405/1013 2237/1405/1013 2239/1404/1013
f 2236/1405/1043 2232/1402/1043 2233/1402/1043 2237/1405/1043
f 2234/1403/1076 2232/1402/1076 2236/1405/1076 2238/1404/1076
f 2239/1404/1014 2237/1405/1014 2233/1402/1014 2235/1403/1014
f 2240/1406/1011 2242/1407/1011 2243/1407/1011 2241/1406/1011
f 2242/1407/1007 2246/1408/1007 2247/1408/1007 2243/1407/1007
f 2246/1408/1013 2244/1409/1013 2245/1409/1013 2247/1408/1013
f 2244/1409/1043 2240/1406/1043 2241/1406/1043 2245/1409/1043
f 2242/1407/1076 2240/1406/1076 2244/1409/1076 2246/1408/1076
f 2247/1408/1014 2245/1409/1014 2241/1406/1014 2243/1407/1014
f 2248/1410/1011 2250/1411/1011 2251/1411/1011 2249/1410/1011
f 2250/1411/1007 2254/1412/1007 2255/1412/1007 2251/1411/1007
f 2254/1412/1013 2252/1413/1013 2253/1413/1013 2255/1412/1013
f 2252/1413/1043 2248/1410/1043 2249/1410/1043 2253/1413/1043
f 2250/1411/1076 2248/1410/1076 2252/1413/1076 2254/1412/1076
f 2255/1412/1014 2253/1413/1014 2249/1410/1014 2251/1411/1014
f 2256/1394/1011 2258/1395/1011 2259/1395/1011 2257/1394/1011
f 2258/1395/1007 2262/1396/1007 2263/1396/1007 2259/1395/1007
f 2262/1396/1013 2260/1397/1013 2261/1397/1013 2263/1396/1013
f 2260/1397/1043 2256/1394/1043 2257/1394/1043 2261/1397/1043
f 2258/1395/1076 2256/1394/1076 2260/1397/1076 2262/1396/1076
f 2263/1396/1014 2261/1397/1014 2257/1394/1014 2259/1395/1014
f 2264/1398/1011 2266/1399/1011 2267/1399/1011 2265/1398/1011
f 2266/1399/1007 2270/1400/1007 2271/1400/1007 2267/1399/1007
f 2270/1400/1013 2268/1401/1013 2269/1401/1013 2271/1400/1013
f 2268/1401/1043 2264/1398/1043 2265/1398/1043 2269/1401/1043
f 2266/1399/1076 2264/1398/1076 2268/1401/1076 2270/1400/1076
f 2271/1400/1014 2269/1401/1014 2265/1398/1014 2267/1399/1014
f 2272/1402/1011 2274/1403/1011 2275/1403/1011 2273/1402/1011
f 2274/1403/1007 2278/1404/1007 2279/1404/1007 2275/1403/1007
f 2278/1404/1013 2276/1405/1013 2277/1405/1013 2279/1404/1013
f 2276/1405/1043 2272/1402/1043 2273/1402/1043 2277/1405/1043
f 2274/1403/1076 2272/1402/1076 2276/1405/1076 2278/1404/1076
f 2279/1404/1014 2277/1405/1014 2273/1402/1014 2275/1403/1014
f 2280/1406/1011 2282/1407/1011 2283/1407/1011 2281/1406/1011
f 2282/1407/1007 2286/1408/1007 2287/1408/1007 2283/1407/1007
f 2286/1408/1013 2284/1409/1013 2285/1409/1013 2287/1408/1013
f 2284/1409/1043 2280/1406/1043 2281/1406/1043 2285/1409/1043
f 2282/1407/1076 2280/1406/1076 2284/1409/1076 2286/1408/1076
f 2287/1408/1014 2285/1409/1014 2281/1406/1014 2283/1407/1014
f 2288/1410/1011 2290/1411/1011 2291/1411/1011 2289/1410/1011
f 2290/1411/1007 2294/1412/1007 2295/1412/1007 2291/1411/1007
f 2294/1412/1013 2292/1413/1013 2293/1413/1013 2295/1412/1013
f 2292/1413/1043 2288/1410/1043 2289/1410/1043 2293/1413/1043
f 2290/1411/1076 2288/1410/1076 2292/1413/1076 2294/1412/1076
f 2295/1412/1014 2293/1413/1014 2289/1410/1014 2291/1411/1014
f 2296/1414/1013 2297/1414/1013 2299/1415/1013 2298/1415/1013
f 2298/1415/1007 2299/1415/1007 2303/1416/1007 2302/1416/1007
f 2302/1416/1011 2303/1416/1011 2301/1417/1011 2300/1417/1011
f 2300/1417/1043 2301/1417/1043 2297/1414/1043 2296/1414/1043
f 2298/1415/1076 2302/1416/1076 2300/1417/1076 2296/1414/1076
f 2301/1417/1096 2303/1416/1096 2307/1418/1096 2306/1419/1096
f 2307/1418/1014 2305/1415/1014 2304/1414/1014 2306/1419/1014
f 2299/1415/1013 2297/1414/1013 2304/1414/1013 2305/1415/1013
f 2297/1414/1043 2301/1417/1043 2306/1419/1043 2304/1414/1043
f 2303/1416/1007 2299/1415/1007 2305/1415/1007 2307/1418/1007
f 2308/1420/1013 2309/1421/1013 2311/1422/1013 2310/1423/1013
f 2310/1423/1097 2311/1422/1097 2315/1424/1097 2314/1425/1097
f 2314/1425/1011 2315/1424/1011 2313/1426/1011 2312/1427/1011
f 2312/1427/1043 2313/1426/1043 2309/1421/1043 2308/1420/1043
f 2310/1423/1098 2314/1425/1098 2312/1427/1098 2308/1420/1098
f 2315/1424/1014 2311/1422/1014 2309/1421/1014 2313/1426/1014
f 2316/1428/1013 2317/1429/1013 2319/1430/1013 2318/1431/1013
f 2318/1431/1007 2319/1430/1007 2323/1432/1007 2322/1433/1007
f 2322/1433/1011 2323/1432/1011 2321/1434/1011 2320/1435/1011
f 2320/1435/1043 2321/1434/1043 2317/1429/1043 2316/1428/1043
f 2318/1431/1076 2322/1433/1076 2320/1435/1076 2316/1428/1076
f 2323/1432/1014 2319/1430/1014 2317/1429/1014 2321/1434/1014
f 2324/1436/1013 2325/1437/1013 2327/1438/1013 2326/1439/1013
f 2326/1439/1007 2327/1438/1007 2331/1440/1007 2330/1441/1007
f 2330/1441/1011 2331/1440/1011 2329/1442/1011 2328/1443/1011
f 2328/1443/1043 2329/1442/1043 2325/1437/1043 2324/1436/1043
f 2326/1439/1076 2330/1441/1076 2328/1443/1076 2324/1436/1076
f 2331/1440/1014 2327/1438/1014 2325/1437/1014 2329/1442/1014
f 2332/1444/1013 2333/1444/1013 2335/1445/1013 2334/1445/1013
f 2334/1445/1007 2335/1445/1007 2339/1446/1007 2338/1446/1007
f 2338/1446/1011 2339/1446/1011 2337/1447/1011 2336/1447/1011
f 2336/1447/1043 2337/1447/1043 2333/1444/1043 2332/1444/1043
f 2334/1445/1076 2338/1446/1076 2336/1447/1076 2332/1444/1076
f 2339/1446/1014 2335/1445/1014 2333/1444/1014 2337/1447/1014
f 2334/1445/1007 2342/1446/1007 2343/1446/1007 2335/1445/1007
f 2342/1446/1013 2340/1447/1013 2341/1447/1013 2343/1446/1013
f 2340/1447/1043 2332/1444/1043 2333/1444/1043 2341/1447/1043
f 2334/1445/1076 2332/1444/1076 2340/1447/1076 2342/1446/1076
f 2343/1446/1014 2341/1447/1014 2333/1444/1014 2335/1445/1014
f 2344/1448/1013 2345/1448/1013 2347/1449/1013 2346/1449/1013
f 2346/1449/1007 2347/1449/1007 2351/1450/1007 2350/1450/1007
f 2350/1450/1011 2351/1450/1011 2349/1451/1011 2348/1451/1011
f 2348/1451/1043 2349/1451/1043 2345/1448/1043 2344/1448/1043
f 2346/1449/1076 2350/1450/1076 2348/1451/1076 2344/1448/1076
f 2351/1450/1014 2347/1449/1014 2345/1448/1014 2349/1451/1014
f 2352/1452/1011 2354/1453/1011 2355/1453/1011 2353/1452/1011
f 2354/1453/1007 2358/1454/1007 2359/1454/1007 2355/1453/1007
f 2358/1454/1013 2356/1455/1013 2357/1455/1013 2359/1454/1013
f 2356/1455/1043 2352/1452/1043 2353/1452/1043 2357/1455/1043
f 2354/1453/1076 2352/1452/1076 2356/1455/1076 2358/1454/1076
f 2359/1454/1014 2357/1455/1014 2353/1452/1014 2355/1453/1014
f 2360/1456/1013 2361/1456/1013 2363/1457/1013 2362/1457/1013
f 2362/1457/1007 2363/1457/1007 2367/1458/1007 2366/1458/1007
f 2366/1458/1011 2367/1458/1011 2365/1459/1011 2364/1459/1011
f 2364/1459/1043 2365/1459/1043 2361/1456/1043 2360/1456/1043
f 2362/1457/1076 2366/1458/1076 2364/1459/1076 2360/1456/1076
f 2367/1458/1014 2363/1457/1014 2361/1456/1014 2365/1459/1014
f 2368/1460/1013 2369/1460/1013 2371/1461/1013 2370/1461/1013
f 2370/1461/1007 2371/1461/1007 2375/1462/1007 2374/1462/1007
f 2374/1462/1011 2375/1462/1011 2373/1463/1011 2372/1463/1011
f 2372/1463/1043 2373/1463/1043 2369/1460/1043 2368/1460/1043
f 2370/1461/1076 2374/1462/1076 2372/1463/1076 2368/1460/1076
f 2375/1462/1099 2371/1461/1099 2369/1460/1099 2373/1463/1099
f 2376/1464/1013 2377/1464/1013 2379/1465/1013 2378/1465/1013
f 2378/1465/1007 2379/1465/1007 2383/1466/1007 2382/1466/1007
f 2382/1466/1011 2383/1466/1011 2381/1467/1011 2380/1467/1011
f 2380/1467/1043 2381/1467/1043 2377/1464/1043 2376/1464/1043
f 2378/1465/1076 2382/1466/1076 2380/1467/1076 2376/1464/1076
f 2383/1466/1014 2379/1465/1014 2377/1464/1014 2381/1467/1014
f 2384/1468/1013 2385/1468/1013 2387/1469/1013 2386/1469/1013
f 2386/1469/1007 2387/1469/1007 2391/1470/1007 2390/1470/1007
f 2390/1470/1011 2391/1470/1011 2389/1471/1011 2388/1471/1011
f 2388/1471/1043 2389/1471/1043 2385/1468/1043 2384/1468/1043
f 2386/1469/1076 2390/1470/1076 2388/1471/1076 2384/1468/1076
f 2391/1470/1014 2387/1469/1014 2385/1468/1014 2389/1471/1014
f 2392/1472/1013 2393/1472/1013 2395/1473/1013 2394/1473/1013
f 2394/1473/1007 2395/1473/1007 2399/1474/1007 2398/1474/1007
f 2398/1474/1011 2399/1474/1011 2397/1475/1011 2396/1475/1011
f 2396/1475/1043 2397/1475/1043 2393/1472/1043 2392/1472/1043
f 2394/1473/1076 2398/1474/1076 2396/1475/1076 2392/1472/1076
f 2399/1474/1014 2395/1473/1014 2393/1472/1014 2397/1475/1014
f 2400/1476/1013 2401/1476/1013 2403/1477/1013 2402/1477/1013
f 2402/1477/1007 2403/1477/1007 2407/1478/1007 2406/1478/1007
f 2406/1478/1011 2407/1478/1011 2405/1479/1011 2404/1479/1011
f 2404/1479/1043 2405/1479/1043 2401/1476/1043 2400/1476/1043
f 2402/1477/1076 2406/1478/1076 2404/1479/1076 2400/1476/1076
f 2407/1478/1014 2403/1477/1014 2401/1476/1014 2405/1479/1014
f 2408/1480/1013 2409/1480/1013 2411/1481/1013 2410/1481/1013
f 2410/1481/1007 2411/1481/1007 2415/1482/1007 2414/1482/1007
f 2414/1482/1011 2415/1482/1011 2413/1483/1011 2412/1483/1011
f 2412/1483/1043 2413/1483/1043 2409/1480/1043 2408/1480/1043
f 2410/1481/1076 2414/1482/1076 2412/1483/1076 2408/1480/1076
f 2415/1482/1014 2411/1481/1014 2409/1480/1014 2413/1483/1014
f 2416/1484/1013 2417/1484/1013 2419/1485/1013 2418/1485/1013
f 2418/1485/1007 2419/1485/1007 2423/1486/1007 2422/1486/1007
f 2422/1486/1011 2423/1486/1011 2421/1487/1011 2420/1487/1011
f 2420/1487/1043 2421/1487/1043 2417/1484/1043 2416/1484/1043
f 2418/1485/1076 2422/1486/1076 2420/1487/1076 2416/1484/1076
f 2423/1486/1014 2419/1485/1014 2417/1484/1014 2421/1487/1014
f 2424/1488/1011 2426/1489/1011 2427/1489/1011 2425/1488/1011
f 2426/1489/1007 2430/1490/1007 2431/1490/1007 2427/1489/1007
f 2430/1490/1013 2428/1491/1013 2429/1491/1013 2431/1490/1013
f 2428/1491/1043 2424/1488/1043 2425/1488/1043 2429/1491/1043
f 2426/1489/1076 2424/1488/1076 2428/1491/1076 2430/1490/1076
f 2431/1490/1014 2429/1491/1014 2425/1488/1014 2427/1489/1014
f 2432/1492/1013 2433/1492/1013 2435/1493/1013 2434/1493/1013
f 2434/1493/1007 2435/1493/1007 2439/1450/1007 2438/1450/1007
f 2438/1450/1011 2439/1450/1011 2437/1451/1011 2436/1451/1011
f 2436/1451/1043 2437/1451/1043 2433/1492/1043 2432/1492/1043
f 2434/1493/1076 2438/1450/1076 2436/1451/1076 2432/1492/1076
f 2439/1450/1014 2435/1493/1014 2433/1492/1014 2437/1451/1014
f 2440/1494/1011 2442/1495/1011 2443/1495/1011 2441/1494/1011
f 2442/1495/1007 2446/1454/1007 2447/1454/1007 2443/1495/1007
f 2446/1454/1013 2444/1455/1013 2445/1455/1013 2447/1454/1013
f 2444/1455/1043 2440/1494/1043 2441/1494/1043 2445/1455/1043
f 2442/1495/1076 2440/1494/1076 2444/1455/1076 2446/1454/1076
f 2447/1454/1014 2445/1455/1014 2441/1494/1014 2443/1495/1014
f 2448/1496/1013 2449/1496/1013 2451/1497/1013 2450/1497/1013
f 2450/1497/1007 2451/1497/1007 2455/1498/1007 2454/1498/1007
f 2454/1498/1011 2455/1498/1011 2453/1499/1011 2452/1499/1011
f 2452/1499/1043 2453/1499/1043 2449/1496/1043 2448/1496/1043
f 2450/1497/1076 2454/1498/1076 2452/1499/1076 2448/1496/1076
f 2455/1498/1014 2451/1497/1014 2449/1496/1014 2453/1499/1014
f 2450/1497/1007 2458/1500/1007 2459/1500/1007 2451/1497/1007
f 2458/1500/1013 2456/1501/1013 2457/1501/1013 2459/1500/1013
f 2456/1501/1043 2448/1496/1043 2449/1496/1043 2457/1501/1043
f 2450/1497/1076 2448/1496/1076 2456/1501/1076 2458/1500/1076
f 2459/1500/1014 2457/1501/1014 2449/1496/1014 2451/1497/1014
f 2460/1502/1013 2461/1502/1013 2463/1503/1013 2462/1503/1013
f 2462/1503/1007 2463/1503/1007 2467/1504/1007 2466/1504/1007
f 2466/1504/1011 2467/1504/1011 2465/1505/1011 2464/1505/1011
f 2464/1505/1043 2465/1505/1043 2461/1502/1043 2460/1502/1043
f 2462/1503/1076 2466/1504/1076 2464/1505/1076 2460/1502/1076
f 2467/1504/1014 2463/1503/1014 2461/1502/1014 2465/1505/1014
f 2476/1506/1013 2469/1506/1013 2471/1507/1013 2477/1507/1013
f 2477/1507/1007 2471/1507/1007 2475/1508/1007 2478/1508/1007
f 2475/1508/1007 2482/1509/1007 2486/1510/1007 2478/1508/1007
f 2479/1511/1043 2473/1511/1043 2469/1506/1043 2476/1506/1043
f 2470/1507/1076 2474/1508/1076 2472/1511/1076 2468/1506/1076
f 2475/1508/1007 2471/1507/1007 2493/1507/1007 2495/1512/1007
f 2472/1511/1043 2479/1511/1043 2476/1506/1043 2468/1506/1043
f 2480/1513/1043 2485/1514/1043 2491/1514/1043 2488/1515/1043
f 2470/1507/1007 2477/1507/1007 2478/1508/1007 2474/1508/1007
f 2468/1506/1013 2476/1506/1013 2477/1507/1013 2470/1507/1013
f 2481/1516/1100 2482/1509/1100 2483/1517/1100 2480/1513/1100
f 2484/1518/1007 2486/1510/1007 2482/1509/1007 2481/1516/1007
f 2473/1511/1043 2479/1511/1043 2487/1519/1043 2483/1517/1043
f 2487/1519/1043 2485/1514/1043 2480/1513/1043 2483/1517/1043
f 2479/1511/1043 2472/1511/1043 2485/1514/1043 2487/1519/1043
f 2473/1511/1101 2483/1517/1102 2482/1509/1102 2475/1508/1101
f 2474/1508/1007 2478/1508/1007 2486/1510/1007 2484/1518/1007
f 2472/1511/1076 2474/1508/1076 2484/1518/1076 2485/1514/1076
f 2491/1514/1076 2490/1518/1076 2489/1520/1076 2488/1515/1076
f 2481/1516/1103 2480/1513/1103 2488/1515/1103 2489/1520/1103
f 2484/1518/1007 2481/1516/1007 2489/1520/1007 2490/1518/1007
f 2485/1514/1013 2484/1518/1013 2490/1518/1013 2491/1514/1013
f 2495/1512/1104 2493/1507/1104 2492/1506/1104 2494/1521/1104
f 2473/1511/1101 2475/1508/1101 2495/1512/1105 2494/1521/1105
f 2471/1507/1013 2469/1506/1013 2492/1506/1013 2493/1507/1013
f 2469/1506/1043 2473/1511/1043 2494/1521/1043 2492/1506/1043
f 2496/1522/1013 2497/1522/1013 2499/1523/1013 2498/1523/1013
f 2498/1523/1007 2499/1523/1007 2503/1524/1007 2502/1524/1007
f 2502/1524/1011 2503/1524/1011 2501/1525/1011 2500/1525/1011
f 2500/1525/1043 2501/1525/1043 2497/1522/1043 2496/1522/1043
f 2498/1523/1076 2502/1524/1076 2500/1525/1076 2496/1522/1076
f 2503/1524/1014 2499/1523/1014 2497/1522/1014 2501/1525/1014
f 2504/1526/1013 2505/1526/1013 2508/1527/1013 2509/1527/1013
f 2531/1528/1079 2528/1528/1090 2529/1529/1007
f 2510/1530/1011 2511/1530/1011 2507/1531/1011 2506/1531/1011
f 2506/1531/1043 2507/1531/1043 2505/1526/1043 2504/1526/1043
f 2509/1527/1076 2510/1530/1076 2506/1531/1076 2504/1526/1076
f 2511/1530/1014 2508/1527/1014 2505/1526/1014 2507/1531/1014
f 2518/1532/1014 2513/1533/1014 2526/1534/1014 2529/1535/1014
f 2509/1527/1090 2508/1527/1007 2516/1536/1007
f 2511/1530/1079 2510/1530/1007 2519/1537/1007
f 2521/1537/1013 2519/1537/1013 2528/1538/1013 2531/1538/1013
f 2515/1533/1076 2522/1532/1076 2530/1535/1076 2525/1534/1076
f 2508/1527/1007 2511/1530/1079 2522/1532/1007
f 2510/1530/1007 2509/1527/1090 2513/1533/1007
f 2512/1536/1090 2513/1533/1007 2514/1539/1090
f 2515/1533/1007 2516/1536/1007 2517/1539/1079
f 2518/1532/1007 2519/1537/1007 2520/1540/1090
f 2521/1537/1079 2522/1532/1007 2523/1540/1079
f 2518/1532/1106 2529/1535/1106 2528/1538/1106 2519/1537/1106
f 2530/1535/1107 2522/1532/1107 2521/1537/1107 2531/1538/1107
f 2512/1536/1108 2527/1541/1108 2526/1534/1108 2513/1533/1108
f 2524/1541/1109 2516/1536/1109 2515/1533/1109 2525/1534/1109
f 2512/1536/1011 2516/1536/1011 2524/1541/1011 2527/1541/1011
f 2532/1542/1013 2533/1542/1013 2540/1543/1013 2541/1543/1013
f 2535/1544/1110 2539/1545/1110 2547/1546/1110 2544/1547/1110
f 2542/1548/1011 2543/1548/1011 2537/1549/1011 2536/1549/1011
f 2536/1549/1043 2537/1549/1043 2533/1542/1043 2532/1542/1043
f 2541/1543/1076 2542/1548/1076 2536/1549/1076 2532/1542/1076
f 2543/1548/1014 2540/1543/1014 2533/1542/1014 2537/1549/1014
f 2535/1550/1079 2534/1550/1079 2541/1543/1079 2540/1543/1079
f 2534/1550/1079 2538/1551/1090 2542/1548/1090 2541/1543/1079
f 2539/1551/1090 2535/1550/1079 2540/1543/1079 2543/1548/1090
f 2538/1551/1090 2539/1551/1090 2543/1548/1090 2542/1548/1090
f 2544/1547/1111 2547/1546/1111 2551/1552/1111 2548/1553/1111
f 2534/1544/1112 2535/1544/1112 2544/1547/1112 2545/1547/1112
f 2539/1545/1113 2538/1545/1113 2546/1546/1113 2547/1546/1113
f 2538/1545/1114 2534/1544/1114 2545/1547/1114 2546/1546/1114
f 2549/1553/1007 2548/1553/1007 2551/1552/1007 2550/1552/1007
f 2545/1547/1115 2544/1547/1115 2548/1553/1115 2549/1553/1115
f 2547/1546/1116 2546/1546/1116 2550/1552/1116 2551/1552/1116
f 2546/1546/1117 2545/1547/1117 2549/1553/1117 2550/1552/1117
f 2552/1554/1013 2553/1554/1013 2560/1555/1013 2561/1555/1013
f 2555/1556/1118 2559/1557/1118 2567/1558/1118 2564/1559/1118
f 2562/1560/1011 2563/1560/1011 2557/1561/1011 2556/1561/1011
f 2556/1561/1043 2557/1561/1043 2553/1554/1043 2552/1554/1043
f 2561/1555/1076 2562/1560/1076 2556/1561/1076 2552/1554/1076
f 2563/1560/1014 2560/1555/1014 2553/1554/1014 2557/1561/1014
f 2555/1562/1007 2554/1562/1007 2561/1555/1007 2560/1555/1007
f 2554/1562/1007 2558/1563/1007 2562/1560/1007 2561/1555/1007
f 2559/1563/1007 2555/1562/1007 2560/1555/1007 2563/1560/1007
f 2558/1563/1007 2559/1563/1007 2563/1560/1007 2562/1560/1007
f 2564/1559/1111 2567/1558/1111 2571/1564/1111 2568/1565/1111
f 2554/1556/1119 2555/1556/1119 2564/1559/1119 2565/1559/1119
f 2559/1557/1120 2558/1557/1120 2566/1558/1120 2567/1558/1120
f 2558/1557/1114 2554/1556/1114 2565/1559/1114 2566/1558/1114
f 2569/1565/1007 2568/1565/1007 2571/1564/1007 2570/1564/1007
f 2565/1559/1115 2564/1559/1115 2568/1565/1115 2569/1565/1115
f 2567/1558/1121 2566/1558/1121 2570/1564/1121 2571/1564/1121
f 2566/1558/1122 2565/1559/1122 2569/1565/1122 2570/1564/1122
f 2572/1566/1013 2573/1566/1013 2580/1567/1013 2581/1567/1013
f 2575/1568/1118 2579/1569/1118 2587/1570/1118 2584/1571/1118
f 2582/1572/1011 2583/1572/1011 2577/1573/1011 2576/1573/1011
f 2576/1573/1043 2577/1573/1043 2573/1566/1043 2572/1566/1043
f 2581/1567/1076 2582/1572/1076 2576/1573/1076 2572/1566/1076
f 2583/1572/1014 2580/1567/1014 2573/1566/1014 2577/1573/1014
f 2575/1574/1007 2574/1574/1007 2581/1567/1007 2580/1567/1007
f 2574/1574/1007 2578/1575/1007 2582/1572/1007 2581/1567/1007
f 2579/1575/1007 2575/1574/1007 2580/1567/1007 2583/1572/1007
f 2578/1575/1007 2579/1575/1007 2583/1572/1007 2582/1572/1007
f 2584/1571/1111 2587/1570/1111 2591/1576/1111 2588/1577/1111
f 2574/1568/1119 2575/1568/1119 2584/1571/1119 2585/1571/1119
f 2579/1569/1120 2578/1569/1120 2586/1570/1120 2587/1570/1120
f 2578/1569/1114 2574/1568/1114 2585/1571/1114 2586/1570/1114
f 2589/1577/1007 2588/1577/1007 2591/1576/1007 2590/1576/1007
f 2585/1571/1115 2584/1571/1115 2588/1577/1115 2589/1577/1115
f 2587/1570/1121 2586/1570/1121 2590/1576/1121 2591/1576/1121
f 2586/1570/1122 2585/1571/1122 2589/1577/1122 2590/1576/1122
f 2592/1578/1013 2593/1578/1013 2600/1579/1013 2601/1579/1013
f 2595/1580/1118 2599/1581/1118 2607/1582/1118 2604/1583/1118
f 2602/1584/1011 2603/1584/1011 2597/1585/1011 2596/1585/1011
f 2596/1585/1043 2597/1585/1043 2593/1578/1043 2592/1578/1043
f 2601/1579/1076 2602/1584/1076 2596/1585/1076 2592/1578/1076
f 2603/1584/1014 2600/1579/1014 2593/1578/1014 2597/1585/1014
f 2595/1586/1007 2594/1586/1007 2601/1579/1007 2600/1579/1007
f 2594/1586/1007 2598/1587/1007 2602/1584/1007 2601/1579/1007
f 2599/1587/1007 2595/1586/1007 2600/1579/1007 2603/1584/1007
f 2598/1587/1007 2599/1587/1007 2603/1584/1007 2602/1584/1007
f 2604/1583/1111 2607/1582/1111 2611/1588/1111 2608/1589/1111
f 2594/1580/1119 2595/1580/1119 2604/1583/1119 2605/1583/1119
f 2599/1581/1113 2598/1581/1113 2606/1582/1113 2607/1582/1113
f 2598/1581/1114 2594/1580/1114 2605/1583/1114 2606/1582/1114
f 2609/1589/1007 2608/1589/1007 2611/1588/1007 2610/1588/1007
f 2605/1583/1123 2604/1583/1123 2608/1589/1123 2609/1589/1123
f 2607/1582/1121 2606/1582/1121 2610/1588/1121 2611/1588/1121
f 2606/1582/1122 2605/1583/1122 2609/1589/1122 2610/1588/1122
f 2612/1590/1013 2613/1590/1013 2620/1591/1013 2621/1591/1013
f 2615/1592/1110 2619/1593/1110 2627/1594/1110 2624/1595/1110
f 2622/1596/1011 2623/1596/1011 2617/1597/1011 2616/1597/1011
f 2616/1597/1043 2617/1597/1043 2613/1590/1043 2612/1590/1043
f 2621/1591/1076 2622/1596/1076 2616/1597/1076 2612/1590/1076
f 2623/1596/1014 2620/1591/1014 2613/1590/1014 2617/1597/1014
f 2615/1598/1007 2614/1598/1007 2621/1591/1007 2620/1591/1007
f 2614/1598/1007 2618/1599/1007 2622/1596/1007 2621/1591/1007
f 2619/1599/1007 2615/1598/1007 2620/1591/1007 2623/1596/1007
f 2618/1599/1007 2619/1599/1007 2623/1596/1007 2622/1596/1007
f 2624/1595/1111 2627/1594/1111 2631/1600/1111 2628/1601/1111
f 2614/1592/1119 2615/1592/1119 2624/1595/1119 2625/1595/1119
f 2619/1593/1120 2618/1593/1120 2626/1594/1120 2627/1594/1120
f 2618/1593/1114 2614/1592/1114 2625/1595/1114 2626/1594/1114
f 2629/1601/1007 2628/1601/1007 2631/1600/1007 2630/1600/1007
f 2625/1595/1123 2624/1595/1123 2628/1601/1123 2629/1601/1123
f 2627/1594/1121 2626/1594/1121 2630/1600/1121 2631/1600/1121
f 2626/1594/1122 2625/1595/1122 2629/1601/1122 2630/1600/1122
f 2632/1602/1013 2633/1602/1013 2640/1603/1013 2641/1603/1013
f 2635/1604/1118 2639/1605/1118 2647/1606/1118 2644/1607/1118
f 2642/1608/1011 2643/1608/1011 2637/1609/1011 2636/1609/1011
f 2636/1609/1043 2637/1609/1043 2633/1602/1043 2632/1602/1043
f 2641/1603/1076 2642/1608/1076 2636/1609/1076 2632/1602/1076
f 2643/1608/1014 2640/1603/1014 2633/1602/1014 2637/1609/1014
f 2635/1610/1007 2634/1610/1007 2641/1603/1007 2640/1603/1007
f 2634/1610/1007 2638/1611/1090 2642/1608/1090 2641/1603/1007
f 2639/1611/1090 2635/1610/1007 2640/1603/1007 2643/1608/1090
f 2638/1611/1090 2639/1611/1090 2643/1608/1090 2642/1608/1090
f 2644/1607/1111 2647/1606/1111 2651/1612/1111 2648/1613/1111
f 2634/1604/1112 2635/1604/1112 2644/1607/1112 2645/1607/1112
f 2639/1605/1113 2638/1605/1113 2646/1606/1113 2647/1606/1113
f 2638/1605/1124 2634/1604/1124 2645/1607/1124 2646/1606/1124
f 2649/1613/1007 2648/1613/1007 2651/1612/1007 2650/1612/1007
f 2645/1607/1123 2644/1607/1123 2648/1613/1123 2649/1613/1123
f 2647/1606/1121 2646/1606/1121 2650/1612/1121 2651/1612/1121
f 2646/1606/1122 2645/1607/1122 2649/1613/1122 2650/1612/1122
f 2652/1614/1013 2653/1614/1013 2660/1615/1013 2661/1615/1013
f 2655/1616/1118 2659/1617/1118 2667/1618/1118 2664/1619/1118
f 2662/1620/1011 2663/1620/1011 2657/1621/1011 2656/1621/1011
f 2656/1621/1043 2657/1621/1043 2653/1614/1043 2652/1614/1043
f 2661/1615/1076 2662/1620/1076 2656/1621/1076 2652/1614/1076
f 2663/1620/1014 2660/1615/1014 2653/1614/1014 2657/1621/1014
f 2655/1622/1007 2654/1622/1007 2661/1615/1007 2660/1615/1007
f 2654/1622/1007 2658/1623/1007 2662/1620/1007 2661/1615/1007
f 2659/1623/1007 2655/1622/1007 2660/1615/1007 2663/1620/1007
f 2658/1623/1007 2659/1623/1007 2663/1620/1007 2662/1620/1007
f 2664/1619/1111 2667/1618/1111 2671/1624/1111 2668/1625/1111
f 2654/1616/1112 2655/1616/1112 2664/1619/1112 2665/1619/1112
f 2659/1617/1113 2658/1617/1113 2666/1618/1113 2667/1618/1113
f 2658/1617/1124 2654/1616/1124 2665/1619/1124 2666/1618/1124
f 2669/1625/1007 2668/1625/1007 2671/1624/1007 2670/1624/1007
f 2665/1619/1115 2664/1619/1115 2668/1625/1115 2669/1625/1115
f 2667/1618/1121 2666/1618/1121 2670/1624/1121 2671/1624/1121
f 2666/1618/1125 2665/1619/1125 2669/1625/1125 2670/1624/1125
f 2672/1626/1013 2673/1626/1013 2680/1627/1013 2681/1627/1013
f 2675/1628/1118 2679/1629/1118 2687/1630/1118 2684/1631/1118
f 2682/1632/1011 2683/1632/1011 2677/1633/1011 2676/1633/1011
f 2676/1633/1043 2677/1633/1043 2673/1626/1043 2672/1626/1043
f 2681/1627/1076 2682/1632/1076 2676/1633/1076 2672/1626/1076
f 2683/1632/1014 2680/1627/1014 2673/1626/1014 2677/1633/1014
f 2675/1634/1007 2674/1634/1007 2681/1627/1007 2680/1627/1007
f 2674/1634/1007 2678/1635/1007 2682/1632/1007 2681/1627/1007
f 2679/1635/1007 2675/1634/1007 2680/1627/1007 2683/1632/1007
f 2678/1635/1007 2679/1635/1007 2683/1632/1007 2682/1632/1007
f 2684/1631/1111 2687/1630/1111 2691/1636/1111 2688/1637/1111
f 2674/1628/1112 2675/1628/1112 2684/1631/1112 2685/1631/1112
f 2679/1629/1113 2678/1629/1113 2686/1630/1113 2687/1630/1113
f 2678/1629/1124 2674/1628/1124 2685/1631/1124 2686/1630/1124
f 2689/1637/1007 2688/1637/1007 2691/1636/1007 2690/1636/1007
f 2685/1631/1115 2684/1631/1115 2688/1637/1115 2689/1637/1115
f 2687/1630/1126 2686/1630/1126 2690/1636/1126 2691/1636/1126
f 2686/1630/1125 2685/1631/1125 2689/1637/1125 2690/1636/1125
f 2692/1638/1013 2693/1638/1013 2700/1639/1013 2701/1639/1013
f 2695/1640/1118 2699/1641/1118 2707/1642/1118 2704/1643/1118
f 2702/1644/1011 2703/1644/1011 2697/1645/1011 2696/1645/1011
f 2696/1645/1043 2697/1645/1043 2693/1638/1043 2692/1638/1043
f 2701/1639/1076 2702/1644/1076 2696/1645/1076 2692/1638/1076
f 2703/1644/1014 2700/1639/1014 2693/1638/1014 2697/1645/1014
f 2695/1646/1007 2694/1646/1007 2701/1639/1007 2700/1639/1007
f 2694/1646/1007 2698/1647/1007 2702/1644/1007 2701/1639/1007
f 2699/1647/1007 2695/1646/1007 2700/1639/1007 2703/1644/1007
f 2698/1647/1007 2699/1647/1007 2703/1644/1007 2702/1644/1007
f 2704/1643/1111 2707/1642/1111 2711/1648/1111 2708/1649/1111
f 2694/1640/1112 2695/1640/1112 2704/1643/1112 2705/1643/1112
f 2699/1641/1113 2698/1641/1113 2706/1642/1113 2707/1642/1113
f 2698/1641/1124 2694/1640/1124 2705/1643/1124 2706/1642/1124
f 2709/1649/1007 2708/1649/1007 2711/1648/1007 2710/1648/1007
f 2705/1643/1127 2704/1643/1127 2708/1649/1127 2709/1649/1127
f 2707/1642/1121 2706/1642/1121 2710/1648/1121 2711/1648/1121
f 2706/1642/1125 2705/1643/1125 2709/1649/1125 2710/1648/1125
f 2712/1650/1013 2713/1650/1013 2768/1651/1013 2769/1651/1013
f 2714/1652/1007 2715/1652/1007 2719/1653/1007 2718/1653/1007
f 2770/1654/1011 2771/1654/1011 2717/1655/1011 2716/1655/1011
f 2716/1655/1043 2717/1655/1043 2713/1650/1043 2712/1650/1043
f 2769/1651/1076 2770/1654/1076 2716/1655/1076 2712/1650/1076
f 2771/1654/1014 2768/1651/1014 2713/1650/1014 2717/1655/1014
f 2720/1650/1013 2721/1650/1013 2772/1651/1013 2773/1651/1013
f 2722/1652/1090 2723/1652/1090 2727/1653/1007 2726/1653/1007
f 2774/1654/1011 2775/1654/1011 2725/1655/1011 2724/1655/1011
f 2724/1655/1043 2725/1655/1043 2721/1650/1043 2720/1650/1043
f 2773/1651/1076 2774/1654/1076 2724/1655/1076 2720/1650/1076
f 2775/1654/1014 2772/1651/1014 2721/1650/1014 2725/1655/1014
f 2728/1650/1013 2729/1650/1013 2776/1651/1013 2777/1651/1013
f 2730/1652/1007 2731/1652/1007 2735/1653/1007 2734/1653/1007
f 2778/1654/1011 2779/1654/1011 2733/1655/1011 2732/1655/1011
f 2732/1655/1043 2733/1655/1043 2729/1650/1043 2728/1650/1043
f 2777/1651/1076 2778/1654/1076 2732/1655/1076 2728/1650/1076
f 2779/1654/1014 2776/1651/1014 2729/1650/1014 2733/1655/1014
f 2736/1656/1013 2737/1656/1013 2739/1657/1013 2738/1657/1013
f 2738/1657/1007 2739/1657/1007 2743/1658/1007 2742/1658/1007
f 2742/1658/1011 2743/1658/1011 2741/1659/1011 2740/1659/1011
f 2740/1659/1043 2741/1659/1043 2737/1656/1043 2736/1656/1043
f 2738/1657/1076 2742/1658/1076 2740/1659/1076 2736/1656/1076
f 2743/1658/1014 2739/1657/1014 2737/1656/1014 2741/1659/1014
f 2744/1660/1013 2745/1660/1013 2780/1661/1013 2781/1661/1013
f 2746/1662/1007 2747/1662/1007 2751/1663/1007 2750/1663/1007
f 2782/1664/1011 2783/1664/1011 2749/1665/1011 2748/1665/1011
f 2748/1665/1043 2749/1665/1043 2745/1660/1043 2744/1660/1043
f 2781/1661/1076 2782/1664/1076 2748/1665/1076 2744/1660/1076
f 2783/1664/1014 2780/1661/1014 2745/1660/1014 2749/1665/1014
f 2752/1660/1013 2753/1660/1013 2784/1661/1013 2785/1661/1013
f 2754/1662/1090 2755/1662/1090 2759/1663/1007 2758/1663/1007
f 2786/1664/1011 2787/1664/1011 2757/1665/1011 2756/1665/1011
f 2756/1665/1043 2757/1665/1043 2753/1660/1043 2752/1660/1043
f 2785/1661/1076 2786/1664/1076 2756/1665/1076 2752/1660/1076
f 2787/1664/1014 2784/1661/1014 2753/1660/1014 2757/1665/1014
f 2760/1660/1013 2761/1660/1013 2788/1661/1013 2789/1661/1013
f 2762/1662/1007 2763/1662/1007 2767/1663/1007 2766/1663/1007
f 2790/1664/1011 2791/1664/1011 2765/1665/1011 2764/1665/1011
f 2764/1665/1043 2765/1665/1043 2761/1660/1043 2760/1660/1043
f 2789/1661/1076 2790/1664/1076 2764/1665/1076 2760/1660/1076
f 2791/1664/1014 2788/1661/1014 2761/1660/1014 2765/1665/1014
f 2715/1666/1007 2714/1666/1007 2769/1651/1007 2768/1651/1007
f 2714/1666/1007 2718/1667/1007 2770/1654/1007 2769/1651/1007
f 2719/1667/1007 2715/1666/1007 2768/1651/1007 2771/1654/1007
f 2718/1667/1007 2719/1667/1007 2771/1654/1007 2770/1654/1007
f 2723/1666/1090 2722/1666/1090 2773/1651/1090 2772/1651/1090
f 2722/1666/1090 2726/1667/1007 2774/1654/1007 2773/1651/1090
f 2727/1667/1007 2723/1666/1090 2772/1651/1090 2775/1654/1007
f 2726/1667/1007 2727/1667/1007 2775/1654/1007 2774/1654/1007
f 2731/1666/1007 2730/1666/1007 2777/1651/1007 2776/1651/1007
f 2730/1666/1007 2734/1667/1007 2778/1654/1007 2777/1651/1007
f 2735/1667/1007 2731/1666/1007 2776/1651/1007 2779/1654/1007
f 2734/1667/1007 2735/1667/1007 2779/1654/1007 2778/1654/1007
f 2747/1668/1007 2746/1668/1007 2781/1661/1007 2780/1661/1007
f 2746/1668/1007 2750/1669/1007 2782/1664/1007 2781/1661/1007
f 2751/1669/1007 2747/1668/1007 2780/1661/1007 2783/1664/1007
f 2750/1669/1007 2751/1669/1007 2783/1664/1007 2782/1664/1007
f 2755/1668/1090 2754/1668/1090 2785/1661/1090 2784/1661/1090
f 2754/1668/1090 2758/1669/1007 2786/1664/1007 2785/1661/1090
f 2759/1669/1007 2755/1668/1090 2784/1661/1090 2787/1664/1007
f 2758/1669/1007 2759/1669/1007 2787/1664/1007 2786/1664/1007
f 2763/1668/1007 2762/1668/1007 2789/1661/1007 2788/1661/1007
f 2762/1668/1007 2766/1669/1007 2790/1664/1007 2789/1661/1007
f 2767/1669/1007 2763/1668/1007 2788/1661/1007 2791/1664/1007
f 2766/1669/1007 2767/1669/1007 2791/1664/1007 2790/1664/1007
f 2806/1670/1013 2793/1670/1013 2795/1671/1013 2807/1671/1013
f 2814/1672/1011 2799/1672/1011 2797/1673/1011 2821/1673/1011
f 2860/1674/1043 2839/1674/1043 2793/1670/1043 2806/1670/1043
f 2828/1675/1076 2798/1672/1076 2796/1673/1076 2836/1676/1076
f 2831/1677/1014 2795/1671/1014 2793/1670/1014 2839/1674/1014
f 2834/1674/1043 2842/1674/1043 2800/1670/1043 2792/1670/1043
f 2842/1674/1043 2845/1674/1043 2801/1670/1043 2800/1670/1043
f 2845/1674/1043 2848/1674/1043 2802/1670/1043 2801/1670/1043
f 2848/1674/1043 2851/1674/1043 2803/1670/1043 2802/1670/1043
f 2851/1674/1043 2854/1674/1043 2804/1670/1043 2803/1670/1043
f 2854/1674/1043 2857/1674/1043 2805/1670/1043 2804/1670/1043
f 2857/1674/1043 2860/1674/1043 2806/1670/1043 2805/1670/1043
f 2798/1672/1011 2820/1672/1011 2827/1673/1011 2796/1673/1011
f 2820/1672/1011 2819/1672/1011 2826/1673/1011 2827/1673/1011
f 2819/1672/1011 2818/1672/1011 2825/1673/1011 2826/1673/1011
f 2818/1672/1011 2817/1672/1011 2824/1673/1011 2825/1673/1011
f 2817/1672/1011 2816/1672/1011 2823/1673/1011 2824/1673/1011
f 2816/1672/1011 2815/1672/1011 2822/1673/1011 2823/1673/1011
f 2815/1672/1011 2814/1672/1011 2821/1673/1011 2822/1673/1011
f 2792/1670/1013 2800/1670/1013 2813/1671/1013 2794/1671/1013
f 2800/1670/1013 2801/1670/1013 2812/1671/1013 2813/1671/1013
f 2801/1670/1013 2802/1670/1013 2811/1671/1013 2812/1671/1013
f 2802/1670/1013 2803/1670/1013 2810/1671/1013 2811/1671/1013
f 2803/1670/1013 2804/1670/1013 2809/1671/1013 2810/1671/1013
f 2804/1670/1013 2805/1670/1013 2808/1671/1013 2809/1671/1013
f 2805/1670/1013 2806/1670/1013 2807/1671/1013 2808/1671/1013
f 2822/1673/1043 2821/1673/1043 2858/1676/1043 2855/1676/1043
f 2855/1676/1043 2858/1676/1043 2859/1678/1043 2856/1678/1043
f 2856/1678/1043 2859/1678/1043 2860/1674/1043 2857/1674/1043
f 2823/1673/1043 2822/1673/1043 2855/1676/1043 2852/1676/1043
f 2852/1676/1043 2855/1676/1043 2856/1678/1043 2853/1678/1043
f 2853/1678/1043 2856/1678/1043 2857/1674/1043 2854/1674/1043
f 2824/1673/1043 2823/1673/1043 2852/1676/1043 2849/1676/1043
f 2849/1676/1043 2852/1676/1043 2853/1678/1043 2850/1678/1043
f 2850/1678/1043 2853/1678/1043 2854/1674/1043 2851/1674/1043
f 2825/1673/1043 2824/1673/1043 2849/1676/1043 2846/1676/1043
f 2846/1676/1043 2849/1676/1043 2850/1678/1043 2847/1678/1043
f 2847/1678/1043 2850/1678/1043 2851/1674/1043 2848/1674/1043
f 2826/1673/1043 2825/1673/1043 2846/1676/1043 2843/1676/1043
f 2843/1676/1043 2846/1676/1043 2847/1678/1043 2844/1678/1043
f 2844/1678/1043 2847/1678/1043 2848/1674/1043 2845/1674/1043
f 2827/1673/1043 2826/1673/1043 2843/1676/1043 2840/1676/1043
f 2840/1676/1043 2843/1676/1043 2844/1678/1043 2841/1678/1043
f 2841/1678/1043 2844/1678/1043 2845/1674/1043 2842/1674/1043
f 2796/1673/1043 2827/1673/1043 2840/1676/1043 2836/1676/1043
f 2836/1676/1043 2840/1676/1043 2841/1678/1043 2835/1678/1043
f 2835/1678/1043 2841/1678/1043 2842/1674/1043 2834/1674/1043
f 2799/1672/1014 2833/1675/1014 2837/1676/1014 2797/1673/1014
f 2833/1675/1014 2832/1679/1014 2838/1678/1014 2837/1676/1014
f 2832/1679/1014 2831/1677/1014 2839/1674/1014 2838/1678/1014
f 2794/1671/1076 2830/1677/1076 2834/1674/1076 2792/1670/1076
f 2830/1677/1076 2829/1679/1076 2835/1678/1076 2834/1674/1076
f 2829/1679/1076 2828/1675/1076 2836/1676/1076 2835/1678/1076
f 2821/1673/1043 2797/1673/1043 2837/1676/1043 2858/1676/1043
f 2858/1676/1043 2837/1676/1043 2838/1678/1043 2859/1678/1043
f 2859/1678/1043 2838/1678/1043 2839/1674/1043 2860/1674/1043
f 2869/1680/1043 2861/1681/1043 2868/1681/1043 2874/1680/1043
f 2877/1680/1043 2867/1681/1043 2866/1681/1043 2880/1680/1043
f 2883/1680/1043 2865/1681/1043 2864/1681/1043 2886/1680/1043
f 2889/1680/1043 2863/1681/1043 2862/1681/1043 2892/1680/1043
f 2887/1682/1043 2888/1683/1043 2891/1683/1043 2890/1682/1043
f 2881/1682/1043 2882/1683/1043 2885/1683/1043 2884/1682/1043
f 2875/1682/1043 2876/1683/1043 2879/1683/1043 2878/1682/1043
f 2871/1682/1043 2870/1683/1043 2873/1683/1043 2872/1682/1043
f 2908/1684/1007 2901/1684/1007 2893/1685/1007 2894/1685/1007
f 2902/1684/1007 2903/1684/1007 2899/1685/1007 2900/1685/1007
f 2904/1684/1007 2905/1684/1007 2897/1685/1007 2898/1685/1007
f 2906/1684/1007 2907/1684/1007 2895/1685/1007 2896/1685/1007
f 2921/1686/1007 2923/1686/1007 2924/1687/1007 2922/1687/1007
f 2917/1686/1007 2919/1686/1007 2920/1687/1007 2918/1687/1007
f 2913/1686/1007 2915/1686/1007 2916/1687/1007 2914/1687/1007
f 2910/1686/1007 2911/1686/1007 2912/1687/1007 2909/1687/1007
f 2877/1680/1128 2880/1680/1128 2903/1684/1128 2902/1684/1128
f 2878/1682/1129 2879/1683/1129 2916/1687/1129 2915/1686/1129
f 2864/1681/1130 2865/1681/1130 2898/1685/1130 2897/1685/1130
f 2871/1682/1131 2872/1682/1131 2911/1686/1131 2910/1686/1131
f 2882/1683/1132 2881/1682/1132 2917/1686/1132 2918/1687/1132
f 2866/1681/1133 2867/1681/1133 2900/1685/1133 2899/1685/1133
f 2873/1683/1134 2870/1683/1134 2909/1687/1134 2912/1687/1134
f 2884/1682/1135 2885/1683/1135 2920/1687/1135 2919/1686/1135
f 2874/1680/1136 2868/1681/1136 2893/1685/1136 2901/1684/1136
f 2869/1680/1128 2874/1680/1128 2901/1684/1128 2908/1684/1128
f 2888/1683/1132 2887/1682/1132 2921/1686/1132 2922/1687/1132
f 2867/1681/1137 2877/1680/1137 2902/1684/1137 2900/1685/1137
f 2890/1682/1138 2891/1683/1138 2924/1687/1138 2923/1686/1138
f 2880/1680/1136 2866/1681/1136 2899/1685/1136 2903/1684/1136
f 2887/1682/1139 2890/1682/1139 2923/1686/1139 2921/1686/1139
f 2865/1681/1132 2883/1680/1132 2904/1684/1132 2898/1685/1132
f 2891/1683/1140 2888/1683/1140 2922/1687/1140 2924/1687/1140
f 2886/1680/1135 2864/1681/1135 2897/1685/1135 2905/1684/1135
f 2889/1680/1141 2892/1680/1141 2907/1684/1141 2906/1684/1141
f 2863/1681/1132 2889/1680/1132 2906/1684/1132 2896/1685/1132
f 2881/1682/1142 2884/1682/1142 2919/1686/1142 2917/1686/1142
f 2892/1680/1135 2862/1681/1135 2895/1685/1135 2907/1684/1135
f 2885/1683/1140 2882/1683/1140 2918/1687/1140 2920/1687/1140
f 2861/1681/1137 2869/1680/1137 2908/1684/1137 2894/1685/1137
f 2883/1680/1141 2886/1680/1141 2905/1684/1141 2904/1684/1141
f 2870/1683/1143 2871/1682/1143 2910/1686/1143 2909/1687/1143
f 2875/1682/1131 2878/1682/1131 2915/1686/1131 2913/1686/1131
f 2872/1682/1136 2873/1683/1136 2912/1687/1136 2911/1686/1136
f 2868/1681/1133 2861/1681/1133 2894/1685/1133 2893/1685/1133
f 2879/1683/1134 2876/1683/1134 2914/1687/1134 2916/1687/1134
f 2876/1683/1137 2875/1682/1137 2913/1686/1137 2914/1687/1137
f 2862/1681/1144 2863/1681/1144 2896/1685/1144 2895/1685/1144
f 2956/1680/1043 2926/1681/1043 2925/1681/1043 2935/1680/1043
f 2938/1680/1043 2932/1681/1043 2931/1681/1043 2941/1680/1043
f 2944/1680/1043 2930/1681/1043 2929/1681/1043 2947/1680/1043
f 2950/1680/1043 2928/1681/1043 2927/1681/1043 2953/1680/1043
f 2948/1682/1043 2949/1683/1043 2952/1683/1043 2951/1682/1043
f 2942/1682/1043 2943/1683/1043 2946/1683/1043 2945/1682/1043
f 2936/1682/1043 2937/1683/1043 2940/1683/1043 2939/1682/1043
f 2954/1682/1043 2955/1683/1043 2934/1683/1043 2933/1682/1043
f 2972/1684/1007 2957/1684/1007 2958/1685/1007 2959/1685/1007
f 2966/1684/1007 2967/1684/1007 2964/1685/1007 2965/1685/1007
f 2968/1684/1007 2969/1684/1007 2962/1685/1007 2963/1685/1007
f 2970/1684/1007 2971/1684/1007 2960/1685/1007 2961/1685/1007
f 2983/1686/1007 2985/1686/1007 2986/1687/1007 2984/1687/1007
f 2979/1686/1007 2981/1686/1007 2982/1687/1007 2980/1687/1007
f 2975/1686/1007 2977/1686/1007 2978/1687/1007 2976/1687/1007
f 2987/1686/1007 2973/1686/1007 2974/1687/1007 2988/1687/1007
f 2940/1683/1140 2937/1683/1140 2976/1687/1140 2978/1687/1140
f 2939/1682/1135 2940/1683/1135 2978/1687/1135 2977/1686/1135
f 2925/1681/1133 2926/1681/1133 2959/1685/1133 2958/1685/1133
f 2938/1680/1141 2941/1680/1141 2967/1684/1141 2966/1684/1141
f 2943/1683/1143 2942/1682/1143 2979/1686/1143 2980/1687/1143
f 2927/1681/1133 2928/1681/1133 2961/1685/1133 2960/1685/1133
f 2954/1682/1131 2933/1682/1131 2973/1686/1131 2987/1686/1131
f 2945/1682/1145 2946/1683/1145 2982/1687/1145 2981/1686/1145
f 2929/1681/1133 2930/1681/1133 2963/1685/1133 2962/1685/1133
f 2934/1683/1134 2955/1683/1134 2988/1687/1134 2974/1687/1134
f 2949/1683/1143 2948/1682/1143 2983/1686/1143 2984/1687/1143
f 2931/1681/1130 2932/1681/1130 2965/1685/1130 2964/1685/1130
f 2956/1680/1128 2935/1680/1128 2957/1684/1128 2972/1684/1128
f 2951/1682/1145 2952/1683/1145 2986/1687/1145 2985/1686/1145
f 2932/1681/1132 2938/1680/1132 2966/1684/1132 2965/1685/1132
f 2955/1683/1143 2954/1682/1143 2987/1686/1143 2988/1687/1143
f 2941/1680/1135 2931/1681/1135 2964/1685/1135 2967/1684/1135
f 2948/1682/1131 2951/1682/1131 2985/1686/1131 2983/1686/1131
f 2930/1681/1146 2944/1680/1146 2968/1684/1146 2963/1685/1146
f 2952/1683/1134 2949/1683/1134 2984/1687/1134 2986/1687/1134
f 2947/1680/1129 2929/1681/1129 2962/1685/1129 2969/1684/1129
f 2950/1680/1128 2953/1680/1128 2971/1684/1128 2970/1684/1128
f 2928/1681/1137 2950/1680/1137 2970/1684/1137 2961/1685/1137
f 2942/1682/1131 2945/1682/1131 2981/1686/1131 2979/1686/1131
f 2953/1680/1136 2927/1681/1136 2960/1685/1136 2971/1684/1136
f 2946/1683/1134 2943/1683/1134 2980/1687/1134 2982/1687/1134
f 2926/1681/1137 2956/1680/1137 2972/1684/1137 2959/1685/1137
f 2944/1680/1128 2947/1680/1128 2969/1684/1128 2968/1684/1128
f 2933/1682/1136 2934/1683/1136 2974/1687/1136 2973/1686/1136
f 2936/1682/1142 2939/1682/1142 2977/1686/1142 2975/1686/1142
f 2937/1683/1132 2936/1682/1132 2975/1686/1132 2976/1687/1132
f 2935/1680/1129 2925/1681/1129 2958/1685/1129 2957/1684/1129
f 2992/1688/1043 3012/1682/1043 3015/1682/1043 2991/1688/1043
f 3013/1683/1043 3014/1680/1043 3017/1680/1043 3016/1683/1043
f 2994/1688/1043 3006/1682/1043 3009/1682/1043 2993/1688/1043
f 3007/1683/1043 3008/1680/1043 3011/1680/1043 3010/1683/1043
f 2996/1688/1043 3000/1682/1043 3003/1682/1043 2995/1688/1043
f 3001/1683/1043 3002/1680/1043 3005/1680/1043 3004/1683/1043
f 2990/1688/1043 3018/1682/1043 2997/1682/1043 2989/1688/1043
f 3019/1683/1043 3020/1680/1043 2999/1680/1043 2998/1683/1043
f 3024/1689/1007 3023/1689/1007 3047/1690/1007 3044/1690/1007
f 3045/1691/1007 3048/1691/1007 3049/1692/1007 3046/1692/1007
f 3026/1689/1007 3025/1689/1007 3041/1690/1007 3038/1690/1007
f 3039/1691/1007 3042/1691/1007 3043/1692/1007 3040/1692/1007
f 3028/1689/1007 3027/1689/1007 3035/1690/1007 3032/1690/1007
f 3033/1691/1007 3036/1691/1007 3037/1692/1007 3034/1692/1007
f 3022/1689/1007 3021/1689/1007 3029/1690/1007 3050/1690/1007
f 3051/1691/1007 3030/1691/1007 3031/1692/1007 3052/1692/1007
f 2997/1682/1134 3018/1682/1134 3050/1690/1134 3029/1690/1134
f 2991/1688/1129 3015/1682/1129 3047/1690/1129 3023/1689/1129
f 2996/1688/1141 2995/1688/1141 3027/1689/1141 3028/1689/1141
f 3019/1683/1131 2998/1683/1131 3030/1691/1131 3051/1691/1131
f 3016/1683/1136 3017/1680/1136 3049/1692/1136 3048/1691/1136
f 2989/1688/1147 2997/1682/1147 3029/1690/1147 3021/1689/1147
f 2999/1680/1134 3020/1680/1134 3052/1692/1134 3031/1692/1134
f 3018/1682/1137 2990/1688/1137 3022/1689/1137 3050/1690/1137
f 2998/1683/1129 2999/1680/1129 3031/1692/1129 3030/1691/1129
f 3020/1680/1137 3019/1683/1137 3051/1691/1137 3052/1692/1137
f 3000/1682/1132 2996/1688/1132 3028/1689/1132 3032/1690/1132
f 3015/1682/1134 3012/1682/1134 3044/1690/1134 3047/1690/1134
f 3002/1680/1132 3001/1683/1132 3033/1691/1132 3034/1692/1132
f 3013/1683/1131 3016/1683/1131 3048/1691/1131 3045/1691/1131
f 2995/1688/1138 3003/1682/1138 3035/1690/1138 3027/1689/1138
f 3017/1680/1134 3014/1680/1134 3046/1692/1134 3049/1692/1134
f 3004/1683/1135 3005/1680/1135 3037/1692/1135 3036/1691/1135
f 3009/1682/1134 3006/1682/1134 3038/1690/1134 3041/1690/1134
f 3006/1682/1137 2994/1688/1137 3026/1689/1137 3038/1690/1137
f 3007/1683/1131 3010/1683/1131 3042/1691/1131 3039/1691/1131
f 3008/1680/1146 3007/1683/1146 3039/1691/1146 3040/1692/1146
f 3011/1680/1134 3008/1680/1134 3040/1692/1134 3043/1692/1134
f 2993/1688/1129 3009/1682/1129 3041/1690/1129 3025/1689/1129
f 3003/1682/1140 3000/1682/1140 3032/1690/1140 3035/1690/1140
f 3010/1683/1129 3011/1680/1129 3043/1692/1129 3042/1691/1129
f 2990/1688/1128 2989/1688/1128 3021/1689/1128 3022/1689/1128
f 3001/1683/1142 3004/1683/1142 3036/1691/1142 3033/1691/1142
f 3012/1682/1137 2992/1688/1137 3024/1689/1137 3044/1690/1137
f 2992/1688/1128 2991/1688/1128 3023/1689/1128 3024/1689/1128
f 3005/1680/1140 3002/1680/1140 3034/1692/1140 3037/1692/1140
f 3014/1680/1137 3013/1683/1137 3045/1691/1137 3046/1692/1137
f 2994/1688/1128 2993/1688/1128 3025/1689/1128 3026/1689/1128
f 3055/1688/1043 3079/1682/1043 3082/1682/1043 3054/1688/1043
f 3080/1683/1043 3081/1680/1043 3084/1680/1043 3083/1683/1043
f 3057/1688/1043 3073/1682/1043 3076/1682/1043 3056/1688/1043
f 3074/1683/1043 3075/1680/1043 3078/1680/1043 3077/1683/1043
f 3059/1688/1043 3067/1682/1043 3070/1682/1043 3058/1688/1043
f 3068/1683/1043 3069/1680/1043 3072/1680/1043 3071/1683/1043
f 3053/1688/1043 3063/1682/1043 3064/1682/1043 3060/1688/1043
f 3062/1683/1043 3061/1680/1043 3066/1680/1043 3065/1683/1043
f 3089/1689/1007 3088/1689/1007 3114/1690/1007 3111/1690/1007
f 3112/1691/1007 3115/1691/1007 3116/1692/1007 3113/1692/1007
f 3091/1689/1007 3090/1689/1007 3108/1690/1007 3105/1690/1007
f 3106/1691/1007 3109/1691/1007 3110/1692/1007 3107/1692/1007
f 3093/1689/1007 3092/1689/1007 3102/1690/1007 3099/1690/1007
f 3100/1691/1007 3103/1691/1007 3104/1692/1007 3101/1692/1007
f 3086/1689/1007 3085/1689/1007 3096/1690/1007 3087/1690/1007
f 3095/1691/1007 3097/1691/1007 3098/1692/1007 3094/1692/1007
f 3061/1680/1137 3062/1683/1137 3095/1691/1137 3094/1692/1137
f 3083/1683/1135 3084/1680/1135 3116/1692/1135 3115/1691/1135
f 3060/1688/1147 3064/1682/1147 3096/1690/1147 3085/1689/1147
f 3082/1682/1140 3079/1682/1140 3111/1690/1140 3114/1690/1140
f 3065/1683/1136 3066/1680/1136 3098/1692/1136 3097/1691/1136
f 3080/1683/1139 3083/1683/1139 3115/1691/1139 3112/1691/1139
f 3067/1682/1137 3059/1688/1137 3093/1689/1137 3099/1690/1137
f 3084/1680/1140 3081/1680/1140 3113/1692/1140 3116/1692/1140
f 3069/1680/1137 3068/1683/1137 3100/1691/1137 3101/1692/1137
f 3076/1682/1140 3073/1682/1140 3105/1690/1140 3108/1690/1140
f 3058/1688/1138 3070/1682/1138 3102/1690/1138 3092/1689/1138
f 3074/1683/1142 3077/1683/1142 3109/1691/1142 3106/1691/1142
f 3071/1683/1136 3072/1680/1136 3104/1692/1136 3103/1691/1136
f 3078/1680/1140 3075/1680/1140 3107/1692/1140 3110/1692/1140
f 3073/1682/1132 3057/1688/1132 3091/1689/1132 3105/1690/1132
f 3070/1682/1134 3067/1682/1134 3099/1690/1134 3102/1690/1134
f 3075/1680/1132 3074/1683/1132 3106/1691/1132 3107/1692/1132
f 3053/1688/1128 3060/1688/1128 3085/1689/1128 3086/1689/1128
f 3068/1683/1131 3071/1683/1131 3103/1691/1131 3100/1691/1131
f 3056/1688/1135 3076/1682/1135 3108/1690/1135 3090/1689/1135
f 3063/1682/1148 3053/1688/1148 3086/1689/1148 3087/1690/1148
f 3072/1680/1134 3069/1680/1134 3101/1692/1134 3104/1692/1134
f 3077/1683/1135 3078/1680/1135 3110/1692/1135 3109/1691/1135
f 3055/1688/1141 3054/1688/1141 3088/1689/1141 3089/1689/1141
f 3064/1682/1134 3063/1682/1134 3087/1690/1134 3096/1690/1134
f 3079/1682/1132 3055/1688/1132 3089/1689/1132 3111/1690/1132
f 3057/1688/1141 3056/1688/1141 3090/1689/1141 3091/1689/1141
f 3062/1683/1131 3065/1683/1131 3097/1691/1131 3095/1691/1131
f 3081/1680/1132 3080/1683/1132 3112/1691/1132 3113/1692/1132
f 3059/1688/1128 3058/1688/1128 3092/1689/1128 3093/1689/1128
f 3066/1680/1134 3061/1680/1134 3094/1692/1134 3098/1692/1134
f 3054/1688/1138 3082/1682/1138 3114/1690/1138 3088/1689/1138
f 3117/1693/1013 3118/1693/1013 3120/1694/1013 3119/1694/1013
f 3119/1694/1007 3120/1694/1007 3124/1695/1007 3123/1695/1007
f 3123/1695/1011 3124/1695/1011 3122/1696/1011 3121/1696/1011
f 3121/1696/1043 3122/1696/1043 3118/1693/1043 3117/1693/1043
f 3119/1694/1076 3123/1695/1076 3121/1696/1076 3117/1693/1076
f 3124/1695/1014 3120/1694/1014 3118/1693/1014 3122/1696/1014
f 3125/1697/1013 3126/1697/1013 3128/1698/1013 3127/1698/1013
f 3127/1698/1007 3128/1698/1007 3132/1699/1007 3131/1699/1007
f 3131/1699/1011 3132/1699/1011 3130/1700/1011 3129/1700/1011
f 3129/1700/1043 3130/1700/1043 3126/1697/1043 3125/1697/1043
f 3127/1698/1076 3131/1699/1076 3129/1700/1076 3125/1697/1076
f 3132/1699/1014 3128/1698/1014 3126/1697/1014 3130/1700/1014
f 3133/1701/1013 3134/1701/1013 3136/1702/1013 3135/1702/1013
f 3135/1702/1007 3136/1702/1007 3140/1703/1007 3139/1703/1007
f 3139/1703/1011 3140/1703/1011 3138/1704/1011 3137/1704/1011
f 3137/1704/1043 3138/1704/1043 3134/1701/1043 3133/1701/1043
f 3135/1702/1076 3139/1703/1076 3137/1704/1076 3133/1701/1076
f 3140/1703/1014 3136/1702/1014 3134/1701/1014 3138/1704/1014
f 3151/1705/1013 3149/1705/1013 3142/1706/1013 3141/1706/1013
f 3153/1707/1007 3154/1707/1007 3144/1708/1007 3143/1708/1007
f 3158/1709/1014 3149/1705/1014 3146/1710/1014 3155/1711/1014
f 3157/1709/1076 3150/1712/1076 3147/1713/1076 3156/1711/1076
f 3150/1712/1011 3152/1712/1011 3148/1713/1011 3147/1713/1011
f 3143/1708/1011 3144/1708/1011 3152/1712/1011 3150/1712/1011
f 3153/1707/1076 3143/1708/1076 3150/1712/1076 3157/1709/1076
f 3154/1707/1014 3142/1706/1014 3149/1705/1014 3158/1709/1014
f 3145/1710/1149 3146/1710/1149 3149/1705/1149 3151/1705/1149
f 3144/1708/1014 3154/1707/1014 3158/1709/1014 3152/1712/1014
f 3141/1706/1076 3153/1707/1076 3157/1709/1076 3151/1705/1076
f 3151/1705/1076 3157/1709/1076 3156/1711/1076 3145/1710/1076
f 3152/1712/1014 3158/1709/1014 3155/1711/1014 3148/1713/1014
f 3141/1706/1007 3142/1706/1007 3154/1707/1007 3153/1707/1007
f 3156/1711/1076 3147/1713/1076 3159/1714/1076 3162/1715/1076
f 3147/1713/1011 3148/1713/1011 3160/1714/1011 3159/1714/1011
f 3148/1713/1014 3155/1711/1014 3161/1715/1014 3160/1714/1014
f 3173/1716/1013 3171/1716/1013 3164/1717/1013 3163/1717/1013
f 3163/1717/1007 3164/1717/1007 3166/1718/1007 3165/1718/1007
f 3174/1719/1014 3171/1716/1014 3168/1720/1014 3170/1721/1014
f 3173/1716/1076 3172/1719/1076 3169/1721/1076 3167/1720/1076
f 3172/1719/1011 3174/1719/1011 3170/1721/1011 3169/1721/1011
f 3165/1718/1011 3166/1718/1011 3174/1719/1011 3172/1719/1011
f 3163/1717/1076 3165/1718/1076 3172/1719/1076 3173/1716/1076
f 3166/1718/1014 3164/1717/1014 3171/1716/1014 3174/1719/1014
f 3167/1720/1013 3168/1720/1013 3171/1716/1013 3173/1716/1013
f 3185/1722/1013 3183/1722/1013 3176/1723/1013 3175/1723/1013
f 3175/1723/1007 3176/1723/1007 3178/1724/1007 3177/1724/1007
f 3186/1725/1014 3183/1722/1014 3180/1726/1014 3182/1727/1014
f 3185/1722/1076 3184/1725/1076 3181/1727/1076 3179/1726/1076
f 3184/1725/1011 3186/1725/1011 3182/1727/1011 3181/1727/1011
f 3177/1724/1011 3178/1724/1011 3186/1725/1011 3184/1725/1011
f 3175/1723/1076 3177/1724/1076 3184/1725/1076 3185/1722/1076
f 3178/1724/1014 3176/1723/1014 3183/1722/1014 3186/1725/1014
f 3179/1726/1013 3180/1726/1013 3183/1722/1013 3185/1722/1013
f 3193/1728/1013 3191/1728/1013 3188/1729/1013 3187/1729/1013
f 3187/1729/1007 3188/1729/1007 3190/1730/1007 3189/1730/1007
f 3192/1731/1043 3194/1731/1043 3191/1728/1043 3193/1728/1043
f 3189/1730/1011 3190/1730/1011 3194/1731/1011 3192/1731/1011
f 3187/1729/1076 3189/1730/1076 3192/1731/1076 3193/1728/1076
f 3190/1730/1014 3188/1729/1014 3191/1728/1014 3194/1731/1014
f 3205/1732/1013 3203/1732/1013 3196/1733/1013 3195/1733/1013
f 3195/1733/1007 3196/1733/1007 3198/1734/1007 3197/1734/1007
f 3206/1735/1014 3203/1732/1014 3200/1736/1014 3202/1737/1014
f 3205/1732/1076 3204/1735/1076 3201/1737/1076 3199/1736/1076
f 3204/1735/1011 3206/1735/1011 3202/1737/1011 3201/1737/1011
f 3197/1734/1011 3198/1734/1011 3206/1735/1011 3204/1735/1011
f 3195/1733/1076 3197/1734/1076 3204/1735/1076 3205/1732/1076
f 3198/1734/1014 3196/1733/1014 3203/1732/1014 3206/1735/1014
f 3199/1736/1013 3200/1736/1013 3203/1732/1013 3205/1732/1013
f 3207/1738/1043 3239/1738/1043 3240/1739/1043 3209/1739/1043
f 3209/1739/1013 3240/1739/1013 3241/1740/1013 3213/1740/1013
f 3213/1740/1007 3241/1740/1007 3242/1741/1007 3211/1741/1007
f 3211/1741/1011 3242/1741/1011 3239/1738/1011 3207/1738/1011
f 3209/1739/1076 3213/1740/1076 3211/1741/1076 3207/1738/1076
f 3214/1742/1014 3210/1743/1014 3208/1744/1014 3212/1745/1014
f 3215/1746/1043 3243/1746/1043 3244/1747/1043 3217/1747/1043
f 3217/1747/1013 3244/1747/1013 3245/1748/1013 3221/1748/1013
f 3221/1748/1007 3245/1748/1007 3246/1749/1007 3219/1749/1007
f 3219/1749/1011 3246/1749/1011 3243/1746/1011 3215/1746/1011
f 3217/1747/1076 3221/1748/1076 3219/1749/1076 3215/1746/1076
f 3222/1750/1014 3218/1751/1014 3216/1752/1014 3220/1753/1014
f 3223/1754/1043 3247/1754/1043 3248/1755/1043 3225/1755/1043
f 3225/1755/1013 3248/1755/1013 3249/1756/1013 3229/1756/1013
f 3229/1756/1007 3249/1756/1007 3250/1757/1007 3227/1757/1007
f 3227/1757/1011 3250/1757/1011 3247/1754/1011 3223/1754/1011
f 3225/1755/1076 3229/1756/1076 3227/1757/1076 3223/1754/1076
f 3230/1758/1014 3226/1759/1014 3224/1760/1014 3228/1761/1014
f 3231/1762/1043 3251/1762/1043 3252/1763/1043 3233/1763/1043
f 3233/1763/1013 3252/1763/1013 3253/1764/1013 3237/1764/1013
f 3237/1764/1007 3253/1764/1007 3254/1765/1007 3235/1765/1007
f 3235/1765/1011 3254/1765/1011 3251/1762/1011 3231/1762/1011
f 3233/1763/1076 3237/1764/1076 3235/1765/1076 3231/1762/1076
f 3238/1766/1014 3234/1767/1014 3232/1768/1014 3236/1769/1014
f 3208/1770/1014 3210/1771/1014 3240/1739/1014 3239/1738/1014
f 3210/1771/1014 3214/1772/1014 3241/1740/1014 3240/1739/1014
f 3214/1772/1014 3212/1773/1014 3242/1741/1014 3241/1740/1014
f 3212/1773/1014 3208/1770/1014 3239/1738/1014 3242/1741/1014
f 3216/1774/1014 3218/1775/1014 3244/1747/1014 3243/1746/1014
f 3218/1775/1014 3222/1776/1014 3245/1748/1014 3244/1747/1014
f 3222/1776/1014 3220/1777/1014 3246/1749/1014 3245/1748/1014
f 3220/1777/1014 3216/1774/1014 3243/1746/1014 3246/1749/1014
f 3224/1778/1014 3226/1779/1014 3248/1755/1014 3247/1754/1014
f 3226/1779/1014 3230/1780/1014 3249/1756/1014 3248/1755/1014
f 3230/1780/1014 3228/1781/1014 3250/1757/1014 3249/1756/1014
f 3228/1781/1014 3224/1778/1014 3247/1754/1014 3250/1757/1014
f 3232/1782/1014 3234/1783/1014 3252/1763/1014 3251/1762/1014
f 3234/1783/1014 3238/1784/1014 3253/1764/1014 3252/1763/1014
f 3238/1784/1014 3236/1785/1014 3254/1765/1014 3253/1764/1014
f 3236/1785/1014 3232/1782/1014 3251/1762/1014 3254/1765/1014
f 3255/1786/1043 3287/1786/1043 3288/1787/1043 3257/1787/1043
f 3257/1787/1013 3288/1787/1013 3289/1788/1013 3261/1788/1013
f 3261/1788/1007 3289/1788/1007 3290/1789/1007 3259/1789/1007
f 3259/1789/1011 3290/1789/1011 3287/1786/1011 3255/1786/1011
f 3257/1787/1076 3261/1788/1076 3259/1789/1076 3255/1786/1076
f 3262/1790/1014 3258/1791/1014 3256/1792/1014 3260/1793/1014
f 3263/1794/1043 3291/1794/1043 3292/1795/1043 3265/1795/1043
f 3265/1795/1013 3292/1795/1013 3293/1796/1013 3269/1796/1013
f 3269/1796/1007 3293/1796/1007 3294/1797/1007 3267/1797/1007
f 3267/1797/1011 3294/1797/1011 3291/1794/1011 3263/1794/1011
f 3265/1795/1076 3269/1796/1076 3267/1797/1076 3263/1794/1076
f 3270/1798/1014 3266/1799/1014 3264/1800/1014 3268/1801/1014
f 3271/1802/1043 3295/1802/1043 3296/1803/1043 3273/1803/1043
f 3273/1803/1013 3296/1803/1013 3297/1804/1013 3277/1804/1013
f 3277/1804/1007 3297/1804/1007 3298/1805/1007 3275/1805/1007
f 3275/1805/1011 3298/1805/1011 3295/1802/1011 3271/1802/1011
f 3273/1803/1076 3277/1804/1076 3275/1805/1076 3271/1802/1076
f 3278/1806/1014 3274/1807/1014 3272/1808/1014 3276/1809/1014
f 3279/1810/1043 3299/1810/1043 3300/1811/1043 3281/1811/1043
f 3281/1811/1013 3300/1811/1013 3301/1812/1013 3285/1812/1013
f 3285/1812/1007 3301/1812/1007 3302/1813/1007 3283/1813/1007
f 3283/1813/1011 3302/1813/1011 3299/1810/1011 3279/1810/1011
f 3281/1811/1076 3285/1812/1076 3283/1813/1076 3279/1810/1076
f 3286/1814/1014 3282/1815/1014 3280/1816/1014 3284/1817/1014
f 3256/1818/1014 3258/1819/1014 3288/1787/1014 3287/1786/1014
f 3258/1819/1014 3262/1820/1014 3289/1788/1014 3288/1787/1014
f 3262/1820/1014 3260/1821/1014 3290/1789/1014 3289/1788/1014
f 3260/1821/1014 3256/1818/1014 3287/1786/1014 3290/1789/1014
f 3264/1822/1014 3266/1823/1014 3292/1795/1014 3291/1794/1014
f 3266/1823/1014 3270/1824/1014 3293/1796/1014 3292/1795/1014
f 3270/1824/1014 3268/1825/1014 3294/1797/1014 3293/1796/1014
f 3268/1825/1014 3264/1822/1014 3291/1794/1014 3294/1797/1014
f 3272/1826/1014 3274/1827/1014 3296/1803/1014 3295/1802/1014
f 3274/1827/1014 3278/1828/1014 3297/1804/1014 3296/1803/1014
f 3278/1828/1014 3276/1829/1014 3298/1805/1014 3297/1804/1014
f 3276/1829/1014 3272/1826/1014 3295/1802/1014 3298/1805/1014
f 3280/1830/1014 3282/1831/1014 3300/1811/1014 3299/1810/1014
f 3282/1831/1014 3286/1832/1014 3301/1812/1014 3300/1811/1014
f 3286/1832/1014 3284/1833/1014 3302/1813/1014 3301/1812/1014
f 3284/1833/1014 3280/1830/1014 3299/1810/1014 3302/1813/1014
f 3303/1834/1011 3335/1834/1011 3336/1835/1011 3305/1835/1011
f 3305/1835/1043 3336/1835/1043 3337/1836/1043 3309/1836/1043
f 3309/1836/1013 3337/1836/1013 3338/1837/1013 3307/1837/1013
f 3307/1837/1007 3338/1837/1007 3335/1834/1007 3303/1834/1007
f 3305/1835/1076 3309/1836/1076 3307/1837/1076 3303/1834/1076
f 3310/1838/1014 3306/1839/1014 3304/1840/1014 3308/1841/1014
f 3311/1842/1011 3339/1842/1011 3340/1843/1011 3313/1843/1011
f 3313/1843/1043 3340/1843/1043 3341/1844/1043 3317/1844/1043
f 3317/1844/1013 3341/1844/1013 3342/1845/1013 3315/1845/1013
f 3315/1845/1007 3342/1845/1007 3339/1842/1007 3311/1842/1007
f 3313/1843/1076 3317/1844/1076 3315/1845/1076 3311/1842/1076
f 3318/1846/1014 3314/1847/1014 3312/1848/1014 3316/1849/1014
f 3319/1850/1011 3343/1850/1011 3344/1851/1011 3321/1851/1011
f 3321/1851/1043 3344/1851/1043 3345/1852/1043 3325/1852/1043
f 3325/1852/1013 3345/1852/1013 3346/1853/1013 3323/1853/1013
f 3323/1853/1007 3346/1853/1007 3343/1850/1007 3319/1850/1007
f 3321/1851/1076 3325/1852/1076 3323/1853/1076 3319/1850/1076
f 3326/1854/1014 3322/1855/1014 3320/1856/1014 3324/1857/1014
f 3327/1858/1011 3347/1858/1011 3348/1859/1011 3329/1859/1011
f 3329/1859/1043 3348/1859/1043 3349/1860/1043 3333/1860/1043
f 3333/1860/1013 3349/1860/1013 3350/1861/1013 3331/1861/1013
f 3331/1861/1007 3350/1861/1007 3347/1858/1007 3327/1858/1007
f 3329/1859/1076 3333/1860/1076 3331/1861/1076 3327/1858/1076
f 3334/1862/1014 3330/1863/1014 3328/1864/1014 3332/1865/1014
f 3304/1866/1014 3306/1867/1014 3336/1835/1014 3335/1834/1014
f 3306/1867/1014 3310/1868/1014 3337/1836/1014 3336/1835/1014
f 3310/1868/1014 3308/1869/1014 3338/1837/1014 3337/1836/1014
f 3308/1869/1014 3304/1866/1014 3335/1834/1014 3338/1837/1014
f 3312/1870/1014 3314/1871/1014 3340/1843/1014 3339/1842/1014
f 3314/1871/1014 3318/1872/1014 3341/1844/1014 3340/1843/1014
f 3318/1872/1014 3316/1873/1014 3342/1845/1014 3341/1844/1014
f 3316/1873/1014 3312/1870/1014 3339/1842/1014 3342/1845/1014
f 3320/1874/1014 3322/1875/1014 3344/1851/1014 3343/1850/1014
f 3322/1875/1014 3326/1876/1014 3345/1852/1014 3344/1851/1014
f 3326/1876/1014 3324/1877/1014 3346/1853/1014 3345/1852/1014
f 3324/1877/1014 3320/1874/1014 3343/1850/1014 3346/1853/1014
f 3328/1878/1014 3330/1879/1014 3348/1859/1014 3347/1858/1014
f 3330/1879/1014 3334/1880/1014 3349/1860/1014 3348/1859/1014
f 3334/1880/1014 3332/1881/1014 3350/1861/1014 3349/1860/1014
f 3332/1881/1014 3328/1878/1014 3347/1858/1014 3350/1861/1014
f 3351/1882/1007 3367/1882/1007 3368/1883/1007 3353/1883/1007
f 3353/1883/1011 3368/1883/1011 3369/1884/1011 3357/1884/1011
f 3357/1884/1043 3369/1884/1043 3370/1885/1043 3355/1885/1043
f 3355/1885/1013 3370/1885/1013 3367/1882/1013 3351/1882/1013
f 3353/1883/1076 3357/1884/1076 3355/1885/1076 3351/1882/1076
f 3358/1886/1014 3354/1887/1014 3352/1888/1014 3356/1889/1014
f 3359/1890/1007 3371/1890/1007 3372/1891/1007 3361/1891/1007
f 3361/1891/1011 3372/1891/1011 3373/1892/1011 3365/1892/1011
f 3365/1892/1043 3373/1892/1043 3374/1893/1043 3363/1893/1043
f 3363/1893/1013 3374/1893/1013 3371/1890/1013 3359/1890/1013
f 3361/1891/1076 3365/1892/1076 3363/1893/1076 3359/1890/1076
f 3366/1894/1014 3362/1895/1014 3360/1896/1014 3364/1897/1014
f 3352/1898/1014 3354/1899/1014 3368/1883/1014 3367/1882/1014
f 3354/1899/1014 3358/1900/1014 3369/1884/1014 3368/1883/1014
f 3358/1900/1014 3356/1901/1014 3370/1885/1014 3369/1884/1014
f 3356/1901/1014 3352/1898/1014 3367/1882/1014 3370/1885/1014
f 3360/1902/1014 3362/1903/1014 3372/1891/1014 3371/1890/1014
f 3362/1903/1014 3366/1904/1014 3373/1892/1014 3372/1891/1014
f 3366/1904/1014 3364/1905/1014 3374/1893/1014 3373/1892/1014
f 3364/1905/1014 3360/1902/1014 3371/1890/1014 3374/1893/1014
f 3375/1906/1013 3383/1906/1013 3384/1907/1013 3377/1907/1013
f 3377/1907/1007 3384/1907/1007 3385/1908/1007 3381/1908/1007
f 3381/1908/1011 3385/1908/1011 3386/1909/1011 3379/1909/1011
f 3379/1909/1043 3386/1909/1043 3383/1906/1043 3375/1906/1043
f 3377/1907/1076 3381/1908/1076 3379/1909/1076 3375/1906/1076
f 3376/1910/1007 3380/1911/1007 3390/1911/1007 3387/1910/1007
f 3376/1910/1014 3378/1912/1014 3384/1907/1014 3383/1906/1014
f 3378/1912/1014 3382/1913/1014 3385/1908/1014 3384/1907/1014
f 3382/1913/1014 3380/1911/1014 3386/1909/1014 3385/1908/1014
f 3380/1911/1014 3376/1910/1014 3383/1906/1014 3386/1909/1014
f 3389/1914/1014 3388/1915/1014 3387/1916/1014 3390/1917/1014
f 3382/1913/1043 3378/1912/1043 3388/1912/1043 3389/1913/1043
f 3380/1911/1013 3382/1913/1013 3389/1913/1013 3390/1911/1013
f 3378/1912/1011 3376/1910/1011 3387/1910/1011 3388/1912/1011
f 3391/1918/1013 3392/1919/1013 3399/1919/1013 3400/1918/1013
f 3393/1920/1150 3394/1921/1150 3403/1922/1150 3404/1923/1150
f 3401/1924/1011 3402/1925/1011 3396/1925/1011 3395/1924/1011
f 3395/1924/1076 3396/1925/1076 3392/1919/1076 3391/1918/1076
f 3400/1918/1007 3401/1924/1007 3395/1924/1007 3391/1918/1007
f 3402/1925/1043 3399/1919/1043 3392/1919/1043 3396/1925/1043
f 3394/1926/1151 3393/1927/1151 3400/1918/1151 3399/1919/1151
f 3393/1927/1152 3397/1928/1152 3401/1924/1152 3400/1918/1152
f 3398/1929/1153 3394/1926/1153 3399/1919/1153 3402/1925/1153
f 3397/1928/1154 3398/1929/1154 3402/1925/1154 3401/1924/1154
f 3406/1930/1155 3405/1931/1155 3409/1932/1155 3410/1933/1155
f 3398/1933/1156 3397/1932/1156 3405/1931/1156 3406/1930/1156
f 3397/1932/1157 3393/1920/1157 3404/1923/1157 3405/1931/1157
f 3394/1921/1158 3398/1933/1158 3406/1930/1158 3403/1922/1158
f 3408/1920/1014 3407/1921/1014 3410/1933/1014 3409/1932/1014
f 3405/1931/1159 3404/1923/1159 3408/1920/1159 3409/1932/1159
f 3403/1922/1160 3406/1930/1160 3410/1933/1160 3407/1921/1160
f 3404/1923/1161 3403/1922/1161 3407/1921/1161 3408/1920/1161
f 3411/1918/1013 3412/1919/1013 3419/1919/1013 3420/1918/1013
f 3413/1920/1150 3414/1921/1150 3423/1922/1150 3424/1923/1150
f 3421/1924/1011 3422/1925/1011 3416/1925/1011 3415/1924/1011
f 3415/1924/1076 3416/1925/1076 3412/1919/1076 3411/1918/1076
f 3420/1918/1007 3421/1924/1007 3415/1924/1007 3411/1918/1007
f 3422/1925/1043 3419/1919/1043 3412/1919/1043 3416/1925/1043
f 3414/1926/1151 3413/1927/1151 3420/1918/1151 3419/1919/1151
f 3413/1927/1152 3417/1928/1152 3421/1924/1152 3420/1918/1152
f 3418/1929/1153 3414/1926/1153 3419/1919/1153 3422/1925/1153
f 3417/1928/1154 3418/1929/1154 3422/1925/1154 3421/1924/1154
f 3426/1930/1155 3425/1931/1155 3429/1932/1155 3430/1933/1155
f 3418/1933/1156 3417/1932/1156 3425/1931/1156 3426/1930/1156
f 3417/1932/1157 3413/1920/1157 3424/1923/1157 3425/1931/1157
f 3414/1921/1158 3418/1933/1158 3426/1930/1158 3423/1922/1158
f 3428/1920/1014 3427/1921/1014 3430/1933/1014 3429/1932/1014
f 3425/1931/1159 3424/1923/1159 3428/1920/1159 3429/1932/1159
f 3423/1922/1160 3426/1930/1160 3430/1933/1160 3427/1921/1160
f 3424/1923/1161 3423/1922/1161 3427/1921/1161 3428/1920/1161
f 3431/1918/1013 3432/1919/1013 3439/1919/1013 3440/1918/1013
f 3433/1920/1150 3434/1921/1150 3443/1922/1150 3444/1923/1150
f 3441/1924/1011 3442/1925/1011 3436/1925/1011 3435/1924/1011
f 3435/1924/1076 3436/1925/1076 3432/1919/1076 3431/1918/1076
f 3440/1918/1007 3441/1924/1007 3435/1924/1007 3431/1918/1007
f 3442/1925/1043 3439/1919/1043 3432/1919/1043 3436/1925/1043
f 3434/1926/1151 3433/1927/1151 3440/1918/1151 3439/1919/1151
f 3433/1927/1152 3437/1928/1152 3441/1924/1152 3440/1918/1152
f 3438/1929/1153 3434/1926/1153 3439/1919/1153 3442/1925/1153
f 3437/1928/1154 3438/1929/1154 3442/1925/1154 3441/1924/1154
f 3446/1930/1155 3445/1931/1155 3449/1932/1155 3450/1933/1155
f 3438/1933/1156 3437/1932/1156 3445/1931/1156 3446/1930/1156
f 3437/1932/1162 3433/1920/1162 3444/1923/1162 3445/1931/1162
f 3434/1921/1163 3438/1933/1163 3446/1930/1163 3443/1922/1163
f 3448/1920/1014 3447/1921/1014 3450/1933/1014 3449/1932/1014
f 3445/1931/1164 3444/1923/1164 3448/1920/1164 3449/1932/1164
f 3443/1922/1165 3446/1930/1165 3450/1933/1165 3447/1921/1165
f 3444/1923/1161 3443/1922/1161 3447/1921/1161 3448/1920/1161
f 3476/1934/1076 3478/1935/1076 3453/1936/1076 3452/1937/1076
f 3477/1938/1076 3475/1939/1076 3455/1940/1076 3454/1941/1076
f 3502/1942/1076 3477/1938/1076 3454/1941/1076 3488/1943/1076
f 3480/1934/1166 3460/1937/1166 3461/1936/1166 3482/1935/1166
f 3481/1938/1167 3462/1941/1167 3463/1940/1167 3479/1939/1167
f 3511/1943/1007 3462/1941/1007 3468/1941/1007 3494/1943/1007
f 3476/1934/1011 3452/1937/1011 3460/1937/1011 3480/1934/1011
f 3456/1944/1168 3457/1945/1168 3465/1945/1168 3464/1944/1168
f 3454/1941/1169 3455/1940/1169 3463/1940/1169 3462/1941/1169
f 3451/1946/1170 3458/1947/1170 3466/1947/1170 3459/1946/1170
f 3489/1948/1043 3451/1946/1043 3459/1946/1043 3491/1948/1043
f 3488/1943/1007 3454/1941/1007 3462/1941/1007 3511/1943/1007
f 3475/1939/1013 3456/1944/1013 3464/1944/1013 3479/1939/1013
f 3452/1937/1171 3453/1936/1171 3461/1936/1171 3460/1937/1171
f 3484/1935/1172 3467/1936/1172 3471/1949/1172 3486/1950/1172
f 3481/1938/1013 3465/1945/1013 3470/1945/1013 3483/1938/1013
f 3482/1935/1011 3461/1936/1011 3467/1936/1011 3484/1935/1011
f 3491/1948/1043 3459/1946/1043 3469/1946/1043 3495/1948/1043
f 3501/1951/1014 3512/1952/1014 3472/1953/1014 3485/1954/1014
f 3495/1948/1173 3469/1946/1173 3473/1955/1173 3498/1956/1173
f 3483/1938/1174 3470/1945/1174 3474/1957/1174 3485/1954/1174
f 3494/1943/1175 3468/1941/1176 3472/1953/1176 3512/1952/1177
f 3468/1941/1174 3483/1938/1174 3485/1954/1174 3472/1953/1174
f 3499/1958/1014 3501/1951/1014 3485/1954/1014 3474/1957/1014
f 3459/1946/1011 3482/1935/1011 3484/1935/1011 3469/1946/1011
f 3462/1941/1013 3481/1938/1013 3483/1938/1013 3468/1941/1013
f 3469/1946/1178 3484/1935/1172 3486/1950/1172 3473/1955/1178
f 3455/1940/1013 3475/1939/1013 3479/1939/1013 3463/1940/1013
f 3458/1947/1011 3476/1934/1011 3480/1934/1011 3466/1947/1011
f 3465/1945/1167 3481/1938/1167 3479/1939/1167 3464/1944/1167
f 3466/1947/1166 3480/1934/1166 3482/1935/1166 3459/1946/1166
f 3490/1959/1076 3457/1945/1076 3477/1938/1076 3502/1942/1076
f 3457/1945/1076 3456/1944/1076 3475/1939/1076 3477/1938/1076
f 3458/1947/1076 3451/1946/1076 3478/1935/1076 3476/1934/1076
f 3451/1946/1076 3489/1948/1076 3503/1960/1076 3478/1935/1076
f 3500/1961/1014 3501/1951/1014 3499/1958/1014 3498/1956/1014
f 3473/1955/1014 3486/1950/1014 3500/1961/1014 3498/1956/1014
f 3467/1936/1179 3493/1962/1180 3497/1963/1181 3471/1949/1179
f 3495/1948/1173 3498/1956/1173 3499/1958/1173 3496/1959/1173
f 3470/1945/1173 3496/1959/1173 3499/1958/1173 3474/1957/1173
f 3486/1950/1014 3471/1949/1014 3497/1963/1014 3500/1961/1014
f 3491/1948/1043 3495/1948/1043 3496/1959/1043 3492/1959/1043
f 3465/1945/1043 3492/1959/1043 3496/1959/1043 3470/1945/1043
f 3487/1962/1007 3488/1943/1007 3511/1943/1007 3510/1962/1007
f 3453/1936/1007 3487/1962/1007 3510/1962/1007 3461/1936/1007
f 3489/1948/1043 3491/1948/1043 3492/1959/1043 3490/1959/1043
f 3457/1945/1043 3490/1959/1043 3492/1959/1043 3465/1945/1043
f 3461/1936/1007 3510/1962/1007 3493/1962/1007 3467/1936/1007
f 3502/1942/1076 3488/1943/1076 3487/1962/1076 3503/1960/1076
f 3478/1935/1076 3503/1960/1076 3487/1962/1076 3453/1936/1076
f 3489/1948/1076 3490/1959/1076 3502/1942/1076 3503/1960/1076
f 3506/1964/1182 3508/1965/1183 3509/1966/1184 3507/1967/1175
f 3507/1967/1185 3509/1966/1185 3505/1968/1186 3504/1969/1186
f 3513/1970/1187 3514/1971/1187 3508/1965/1188 3506/1964/1188
f 3514/1972/1187 3513/1973/1187 3510/1974/1007 3511/1975/1007
f 3504/1976/1186 3505/1977/1186 3501/1978/1014 3500/1979/1014
f 3506/1980/1182 3507/1981/1175 3497/1982/1181 3493/1974/1180
f 3509/1983/1184 3508/1984/1183 3494/1975/1175 3512/1985/1177
f 3507/1981/1189 3504/1976/1189 3500/1979/1189 3497/1982/1189
f 3505/1977/1190 3509/1983/1190 3512/1985/1190 3501/1978/1190
f 3513/1973/1191 3506/1980/1191 3493/1974/1191 3510/1974/1191
f 3508/1984/1192 3514/1972/1192 3511/1975/1192 3494/1975/1193
f 3540/1934/1076 3542/1935/1076 3517/1936/1076 3516/1937/1076
f 3541/1938/1076 3539/1939/1076 3519/1940/1076 3518/1941/1076
f 3566/1942/1076 3541/1938/1076 3518/1941/1076 3552/1943/1076
f 3544/1934/1194 3524/1937/1194 3525/1936/1194 3546/1935/1194
f 3545/1938/1195 3526/1941/1196 3527/1940/1196 3543/1939/1195
f 3575/1943/1007 3526/1941/1007 3532/1941/1007 3558/1943/1007
f 3540/1934/1011 3516/1937/1011 3524/1937/1011 3544/1934/1011
f 3520/1944/1197 3521/1945/1197 3529/1945/1197 3528/1944/1197
f 3518/1941/1169 3519/1940/1169 3527/1940/1169 3526/1941/1169
f 3515/1946/1198 3522/1947/1198 3530/1947/1198 3523/1946/1198
f 3553/1948/1043 3515/1946/1043 3523/1946/1043 3555/1948/1043
f 3552/1943/1007 3518/1941/1007 3526/1941/1007 3575/1943/1007
f 3539/1939/1013 3520/1944/1013 3528/1944/1013 3543/1939/1013
f 3516/1937/1199 3517/1936/1199 3525/1936/1199 3524/1937/1199
f 3548/1935/1178 3531/1936/1178 3535/1949/1178 3550/1950/1178
f 3545/1938/1013 3529/1945/1013 3534/1945/1013 3547/1938/1013
f 3546/1935/1011 3525/1936/1011 3531/1936/1011 3548/1935/1011
f 3555/1948/1043 3523/1946/1043 3533/1946/1043 3559/1948/1043
f 3565/1951/1014 3576/1952/1014 3536/1953/1014 3549/1954/1014
f 3559/1948/1173 3533/1946/1200 3537/1955/1200 3562/1956/1201
f 3547/1938/1202 3534/1945/1202 3538/1957/1202 3549/1954/1202
f 3558/1943/1175 3532/1941/1203 3536/1953/1203 3576/1952/1175
f 3532/1941/1202 3547/1938/1202 3549/1954/1202 3536/1953/1202
f 3563/1958/1014 3565/1951/1014 3549/1954/1014 3538/1957/1014
f 3523/1946/1011 3546/1935/1011 3548/1935/1011 3533/1946/1011
f 3526/1941/1013 3545/1938/1013 3547/1938/1013 3532/1941/1013
f 3533/1946/1178 3548/1935/1178 3550/1950/1178 3537/1955/1178
f 3519/1940/1013 3539/1939/1013 3543/1939/1013 3527/1940/1013
f 3522/1947/1011 3540/1934/1011 3544/1934/1011 3530/1947/1011
f 3529/1945/1195 3545/1938/1195 3543/1939/1195 3528/1944/1195
f 3530/1947/1194 3544/1934/1194 3546/1935/1194 3523/1946/1194
f 3554/1959/1076 3521/1945/1076 3541/1938/1076 3566/1942/1076
f 3521/1945/1076 3520/1944/1076 3539/1939/1076 3541/1938/1076
f 3522/1947/1076 3515/1946/1076 3542/1935/1076 3540/1934/1076
f 3515/1946/1076 3553/1948/1076 3567/1960/1076 3542/1935/1076
f 3564/1961/1014 3565/1951/1014 3563/1958/1014 3562/1956/1014
f 3537/1955/1014 3550/1950/1014 3564/1961/1014 3562/1956/1014
f 3531/1936/1203 3557/1962/1175 3561/1963/1175 3535/1949/1203
f 3559/1948/1173 3562/1956/1201 3563/1958/1201 3560/1959/1200
f 3534/1945/1204 3560/1959/1200 3563/1958/1201 3538/1957/1204
f 3550/1950/1014 3535/1949/1014 3561/1963/1014 3564/1961/1014
f 3555/1948/1043 3559/1948/1043 3560/1959/1043 3556/1959/1043
f 3529/1945/1043 3556/1959/1043 3560/1959/1043 3534/1945/1043
f 3551/1962/1007 3552/1943/1007 3575/1943/1007 3574/1962/1007
f 3517/1936/1007 3551/1962/1007 3574/1962/1007 3525/1936/1007
f 3553/1948/1043 3555/1948/1043 3556/1959/1043 3554/1959/1043
f 3521/1945/1043 3554/1959/1043 3556/1959/1043 3529/1945/1043
f 3525/1936/1007 3574/1962/1007 3557/1962/1007 3531/1936/1007
f 3566/1942/1076 3552/1943/1076 3551/1962/1076 3567/1960/1076
f 3542/1935/1076 3567/1960/1076 3551/1962/1076 3517/1936/1076
f 3553/1948/1076 3554/1959/1076 3566/1942/1076 3567/1960/1076
f 3570/1964/1205 3572/1965/1205 3573/1966/1205 3571/1967/1206
f 3571/1967/1185 3573/1966/1185 3569/1968/1186 3568/1969/1207
f 3577/1970/1208 3578/1971/1208 3572/1965/1209 3570/1964/1209
f 3578/1972/1208 3577/1973/1208 3574/1974/1007 3575/1975/1007
f 3568/1976/1207 3569/1977/1186 3565/1978/1014 3564/1979/1014
f 3570/1980/1205 3571/1981/1206 3561/1982/1175 3557/1974/1175
f 3573/1983/1205 3572/1984/1205 3558/1975/1175 3576/1985/1175
f 3571/1981/1210 3568/1976/1210 3564/1979/1210 3561/1982/1210
f 3569/1977/1211 3573/1983/1211 3576/1985/1211 3565/1978/1211
f 3577/1973/1212 3570/1980/1212 3557/1974/1212 3574/1974/1212
f 3572/1984/1213 3578/1972/1213 3575/1975/1213 3558/1975/1213
f 3604/1934/1076 3606/1935/1076 3581/1936/1076 3580/1937/1076
f 3605/1938/1076 3603/1939/1076 3583/1940/1076 3582/1941/1076
f 3630/1942/1076 3605/1938/1076 3582/1941/1076 3616/1943/1076
f 3608/1934/1194 3588/1937/1194 3589/1936/1194 3610/1935/1194
f 3609/1938/1195 3590/1941/1195 3591/1940/1195 3607/1939/1195
f 3639/1943/1007 3590/1941/1007 3596/1941/1007 3622/1943/1007
f 3604/1934/1011 3580/1937/1011 3588/1937/1011 3608/1934/1011
f 3584/1944/1214 3585/1945/1214 3593/1945/1214 3592/1944/1214
f 3582/1941/1215 3583/1940/1215 3591/1940/1215 3590/1941/1215
f 3579/1946/1216 3586/1947/1216 3594/1947/1216 3587/1946/1216
f 3617/1948/1043 3579/1946/1043 3587/1946/1043 3619/1948/1043
f 3616/1943/1007 3582/1941/1007 3590/1941/1007 3639/1943/1007
f 3603/1939/1013 3584/1944/1013 3592/1944/1013 3607/1939/1013
f 3580/1937/1217 3581/1936/1217 3589/1936/1217 3588/1937/1217
f 3612/1935/1178 3595/1936/1178 3599/1949/1178 3614/1950/1178
f 3609/1938/1013 3593/1945/1013 3598/1945/1013 3611/1938/1013
f 3610/1935/1011 3589/1936/1011 3595/1936/1011 3612/1935/1011
f 3619/1948/1043 3587/1946/1043 3597/1946/1043 3623/1948/1043
f 3629/1951/1014 3640/1952/1014 3600/1953/1014 3613/1954/1014
f 3623/1948/1218 3597/1946/1219 3601/1955/1219 3626/1956/1220
f 3611/1938/1202 3598/1945/1221 3602/1957/1221 3613/1954/1202
f 3622/1943/1222 3596/1941/1205 3600/1953/1205 3640/1952/1223
f 3596/1941/1202 3611/1938/1202 3613/1954/1202 3600/1953/1202
f 3627/1958/1014 3629/1951/1014 3613/1954/1014 3602/1957/1014
f 3587/1946/1011 3610/1935/1011 3612/1935/1011 3597/1946/1011
f 3590/1941/1013 3609/1938/1013 3611/1938/1013 3596/1941/1013
f 3597/1946/1178 3612/1935/1178 3614/1950/1178 3601/1955/1178
f 3583/1940/1013 3603/1939/1013 3607/1939/1013 3591/1940/1013
f 3586/1947/1011 3604/1934/1011 3608/1934/1011 3594/1947/1011
f 3593/1945/1195 3609/1938/1195 3607/1939/1195 3592/1944/1195
f 3594/1947/1194 3608/1934/1194 3610/1935/1194 3587/1946/1194
f 3618/1959/1076 3585/1945/1076 3605/1938/1076 3630/1942/1076
f 3585/1945/1076 3584/1944/1076 3603/1939/1076 3605/1938/1076
f 3586/1947/1076 3579/1946/1076 3606/1935/1076 3604/1934/1076
f 3579/1946/1076 3617/1948/1076 3631/1960/1076 3606/1935/1076
f 3628/1961/1014 3629/1951/1014 3627/1958/1014 3626/1956/1014
f 3601/1955/1014 3614/1950/1014 3628/1961/1014 3626/1956/1014
f 3595/1936/1224 3621/1962/1225 3625/1963/1226 3599/1949/1224
f 3623/1948/1218 3626/1956/1220 3627/1958/1218 3624/1959/1218
f 3598/1945/1220 3624/1959/1218 3627/1958/1218 3602/1957/1220
f 3614/1950/1014 3599/1949/1014 3625/1963/1014 3628/1961/1014
f 3619/1948/1043 3623/1948/1043 3624/1959/1043 3620/1959/1043
f 3593/1945/1043 3620/1959/1043 3624/1959/1043 3598/1945/1043
f 3615/1962/1007 3616/1943/1007 3639/1943/1007 3638/1962/1007
f 3581/1936/1007 3615/1962/1007 3638/1962/1007 3589/1936/1007
f 3617/1948/1043 3619/1948/1043 3620/1959/1043 3618/1959/1043
f 3585/1945/1043 3618/1959/1043 3620/1959/1043 3593/1945/1043
f 3589/1936/1007 3638/1962/1007 3621/1962/1007 3595/1936/1007
f 3630/1942/1076 3616/1943/1076 3615/1962/1076 3631/1960/1076
f 3606/1935/1076 3631/1960/1076 3615/1962/1076 3581/1936/1076
f 3617/1948/1076 3618/1959/1076 3630/1942/1076 3631/1960/1076
f 3634/1964/1227 3636/1965/1176 3637/1966/1205 3635/1967/1228
f 3635/1967/1185 3637/1966/1185 3633/1968/1186 3632/1969/1207
f 3641/1970/1229 3642/1971/1229 3636/1965/1230 3634/1964/1230
f 3642/1972/1229 3641/1973/1229 3638/1974/1007 3639/1975/1007
f 3632/1976/1207 3633/1977/1186 3629/1978/1014 3628/1979/1014
f 3634/1980/1227 3635/1981/1228 3625/1982/1226 3621/1974/1225
f 3637/1983/1205 3636/1984/1176 3622/1975/1222 3640/1985/1223
f 3635/1981/1210 3632/1976/1210 3628/1979/1210 3625/1982/1210
f 3633/1977/1211 3637/1983/1211 3640/1985/1211 3629/1978/1211
f 3641/1973/1231 3634/1980/1232 3621/1974/1232 3638/1974/1231
f 3636/1984/1192 3642/1972/1192 3639/1975/1233 3622/1975/1192
f 3668/1934/1076 3670/1935/1076 3645/1936/1076 3644/1937/1076
f 3669/1938/1076 3667/1939/1076 3647/1940/1076 3646/1941/1076
f 3694/1942/1076 3669/1938/1076 3646/1941/1076 3680/1943/1076
f 3672/1934/1196 3652/1937/1196 3653/1936/1196 3674/1935/1196
f 3673/1938/1166 3654/1941/1166 3655/1940/1166 3671/1939/1166
f 3703/1943/1043 3654/1941/1043 3660/1941/1043 3686/1943/1043
f 3668/1934/1013 3644/1937/1013 3652/1937/1013 3672/1934/1013
f 3648/1944/1199 3649/1945/1199 3657/1945/1199 3656/1944/1199
f 3646/1941/1170 3647/1940/1170 3655/1940/1170 3654/1941/1170
f 3643/1946/1234 3650/1947/1234 3658/1947/1234 3651/1946/1234
f 3681/1948/1007 3643/1946/1007 3651/1946/1007 3683/1948/1007
f 3680/1943/1043 3646/1941/1043 3654/1941/1043 3703/1943/1043
f 3667/1939/1011 3648/1944/1011 3656/1944/1011 3671/1939/1011
f 3644/1937/1168 3645/1936/1168 3653/1936/1168 3652/1937/1168
f 3676/1935/1235 3659/1936/1235 3663/1949/1235 3678/1950/1235
f 3673/1938/1011 3657/1945/1011 3662/1945/1011 3675/1938/1011
f 3674/1935/1013 3653/1936/1013 3659/1936/1013 3676/1935/1013
f 3683/1948/1007 3651/1946/1007 3661/1946/1007 3687/1948/1007
f 3693/1951/1014 3704/1952/1014 3664/1953/1014 3677/1954/1014
f 3687/1948/1175 3661/1946/1175 3665/1955/1175 3690/1956/1222
f 3675/1938/1236 3662/1945/1178 3666/1957/1178 3677/1954/1236
f 3686/1943/1237 3660/1941/1238 3664/1953/1238 3704/1952/1237
f 3660/1941/1239 3675/1938/1236 3677/1954/1236 3664/1953/1239
f 3691/1958/1014 3693/1951/1014 3677/1954/1014 3666/1957/1014
f 3651/1946/1013 3674/1935/1013 3676/1935/1013 3661/1946/1013
f 3654/1941/1011 3673/1938/1011 3675/1938/1011 3660/1941/1011
f 3661/1946/1235 3676/1935/1235 3678/1950/1235 3665/1955/1235
f 3647/1940/1011 3667/1939/1011 3671/1939/1011 3655/1940/1011
f 3650/1947/1013 3668/1934/1013 3672/1934/1013 3658/1947/1013
f 3657/1945/1166 3673/1938/1166 3671/1939/1166 3656/1944/1166
f 3658/1947/1196 3672/1934/1196 3674/1935/1196 3651/1946/1196
f 3682/1959/1076 3649/1945/1076 3669/1938/1076 3694/1942/1076
f 3649/1945/1076 3648/1944/1076 3667/1939/1076 3669/1938/1076
f 3650/1947/1076 3643/1946/1076 3670/1935/1076 3668/1934/1076
f 3643/1946/1076 3681/1948/1076 3695/1960/1076 3670/1935/1076
f 3692/1961/1014 3693/1951/1014 3691/1958/1014 3690/1956/1014
f 3665/1955/1014 3678/1950/1014 3692/1961/1014 3690/1956/1014
f 3659/1936/1238 3685/1962/1237 3689/1963/1218 3663/1949/1238
f 3687/1948/1175 3690/1956/1222 3691/1958/1175 3688/1959/1175
f 3662/1945/1175 3688/1959/1175 3691/1958/1175 3666/1957/1175
f 3678/1950/1014 3663/1949/1014 3689/1963/1014 3692/1961/1014
f 3683/1948/1007 3687/1948/1007 3688/1959/1007 3684/1959/1007
f 3657/1945/1007 3684/1959/1007 3688/1959/1007 3662/1945/1007
f 3679/1962/1043 3680/1943/1043 3703/1943/1043 3702/1962/1043
f 3645/1936/1043 3679/1962/1043 3702/1962/1043 3653/1936/1043
f 3681/1948/1007 3683/1948/1007 3684/1959/1007 3682/1959/1007
f 3649/1945/1007 3682/1959/1007 3684/1959/1007 3657/1945/1007
f 3653/1936/1043 3702/1962/1043 3685/1962/1043 3659/1936/1043
f 3694/1942/1076 3680/1943/1076 3679/1962/1076 3695/1960/1076
f 3670/1935/1076 3695/1960/1076 3679/1962/1076 3645/1936/1076
f 3681/1948/1076 3682/1959/1076 3694/1942/1076 3695/1960/1076
f 3698/1964/1204 3700/1965/1204 3701/1966/1204 3699/1967/1204
f 3699/1967/1240 3701/1966/1240 3697/1968/1241 3696/1969/1241
f 3705/1970/1242 3706/1971/1242 3700/1965/1243 3698/1964/1243
f 3706/1972/1242 3705/1973/1242 3702/1974/1043 3703/1975/1043
f 3696/1976/1241 3697/1977/1241 3693/1978/1014 3692/1979/1014
f 3698/1980/1204 3699/1981/1204 3689/1982/1218 3685/1974/1237
f 3701/1983/1204 3700/1984/1204 3686/1975/1237 3704/1985/1237
f 3699/1981/1244 3696/1976/1244 3692/1979/1244 3689/1982/1244
f 3697/1977/1245 3701/1983/1245 3704/1985/1245 3693/1978/1245
f 3705/1973/1246 3698/1980/1247 3685/1974/1248 3702/1974/1248
f 3700/1984/1249 3706/1972/1249 3703/1975/1249 3686/1975/1249
f 3732/1934/1076 3734/1935/1076 3709/1936/1076 3708/1937/1076
f 3733/1938/1076 3731/1939/1076 3711/1940/1076 3710/1941/1076
f 3758/1942/1076 3733/1938/1076 3710/1941/1076 3744/1943/1076
f 3736/1934/1196 3716/1937/1196 3717/1936/1196 3738/1935/1196
f 3737/1938/1166 3718/1941/1166 3719/1940/1166 3735/1939/1166
f 3767/1943/1043 3718/1941/1043 3724/1941/1043 3750/1943/1043
f 3732/1934/1013 3708/1937/1013 3716/1937/1013 3736/1934/1013
f 3712/1944/1250 3713/1945/1250 3721/1945/1250 3720/1944/1250
f 3710/1941/1170 3711/1940/1170 3719/1940/1170 3718/1941/1170
f 3707/1946/1169 3714/1947/1169 3722/1947/1169 3715/1946/1169
f 3745/1948/1007 3707/1946/1007 3715/1946/1007 3747/1948/1007
f 3744/1943/1043 3710/1941/1043 3718/1941/1043 3767/1943/1043
f 3731/1939/1011 3712/1944/1011 3720/1944/1011 3735/1939/1011
f 3708/1937/1214 3709/1936/1214 3717/1936/1214 3716/1937/1214
f 3740/1935/1251 3723/1936/1252 3727/1949/1252 3742/1950/1251
f 3737/1938/1011 3721/1945/1011 3726/1945/1011 3739/1938/1011
f 3738/1935/1013 3717/1936/1013 3723/1936/1013 3740/1935/1013
f 3747/1948/1007 3715/1946/1007 3725/1946/1007 3751/1948/1007
f 3757/1951/1014 3768/1952/1014 3728/1953/1014 3741/1954/1014
f 3751/1948/1253 3725/1946/1205 3729/1955/1205 3754/1956/1253
f 3739/1938/1178 3726/1945/1254 3730/1957/1254 3741/1954/1178
f 3750/1943/1255 3724/1941/1256 3728/1953/1257 3768/1952/1237
f 3724/1941/1178 3739/1938/1178 3741/1954/1178 3728/1953/1178
f 3755/1958/1014 3757/1951/1014 3741/1954/1014 3730/1957/1014
f 3715/1946/1013 3738/1935/1013 3740/1935/1013 3725/1946/1013
f 3718/1941/1011 3737/1938/1011 3739/1938/1011 3724/1941/1011
f 3725/1946/1202 3740/1935/1251 3742/1950/1251 3729/1955/1202
f 3711/1940/1011 3731/1939/1011 3735/1939/1011 3719/1940/1011
f 3714/1947/1013 3732/1934/1013 3736/1934/1013 3722/1947/1013
f 3721/1945/1166 3737/1938/1166 3735/1939/1166 3720/1944/1166
f 3722/1947/1196 3736/1934/1196 3738/1935/1196 3715/1946/1196
f 3746/1959/1076 3713/1945/1076 3733/1938/1076 3758/1942/1076
f 3713/1945/1076 3712/1944/1076 3731/1939/1076 3733/1938/1076
f 3714/1947/1076 3707/1946/1076 3734/1935/1076 3732/1934/1076
f 3707/1946/1076 3745/1948/1076 3759/1960/1076 3734/1935/1076
f 3756/1961/1014 3757/1951/1014 3755/1958/1014 3754/1956/1014
f 3729/1955/1014 3742/1950/1014 3756/1961/1014 3754/1956/1014
f 3723/1936/1204 3749/1962/1258 3753/1963/1259 3727/1949/1204
f 3751/1948/1253 3754/1956/1253 3755/1958/1253 3752/1959/1253
f 3726/1945/1175 3752/1959/1253 3755/1958/1253 3730/1957/1260
f 3742/1950/1014 3727/1949/1014 3753/1963/1014 3756/1961/1014
f 3747/1948/1007 3751/1948/1007 3752/1959/1007 3748/1959/1007
f 3721/1945/1007 3748/1959/1007 3752/1959/1007 3726/1945/1007
f 3743/1962/1043 3744/1943/1043 3767/1943/1043 3766/1962/1043
f 3709/1936/1043 3743/1962/1043 3766/1962/1043 3717/1936/1043
f 3745/1948/1007 3747/1948/1007 3748/1959/1007 3746/1959/1007
f 3713/1945/1007 3746/1959/1007 3748/1959/1007 3721/1945/1007
f 3717/1936/1043 3766/1962/1043 3749/1962/1043 3723/1936/1043
f 3758/1942/1076 3744/1943/1076 3743/1962/1076 3759/1960/1076
f 3734/1935/1076 3759/1960/1076 3743/1962/1076 3709/1936/1076
f 3745/1948/1076 3746/1959/1076 3758/1942/1076 3759/1960/1076
f 3762/1964/1204 3764/1965/1261 3765/1966/1262 3763/1967/1257
f 3763/1967/1240 3765/1966/1240 3761/1968/1241 3760/1969/1263
f 3769/1970/1242 3770/1971/1264 3764/1965/1243 3762/1964/1243
f 3770/1972/1264 3769/1973/1242 3766/1974/1043 3767/1975/1043
f 3760/1976/1263 3761/1977/1241 3757/1978/1014 3756/1979/1014
f 3762/1980/1204 3763/1981/1257 3753/1982/1259 3749/1974/1258
f 3765/1983/1262 3764/1984/1261 3750/1975/1255 3768/1985/1237
f 3763/1981/1265 3760/1976/1265 3756/1979/1265 3753/1982/1265
f 3761/1977/1266 3765/1983/1266 3768/1985/1266 3757/1978/1266
f 3769/1973/1267 3762/1980/1267 3749/1974/1267 3766/1974/1267
f 3764/1984/1268 3770/1972/1268 3767/1975/1268 3750/1975/1268
f 3796/1934/1076 3798/1935/1076 3773/1936/1076 3772/1937/1076
f 3797/1938/1076 3795/1939/1076 3775/1940/1076 3774/1941/1076
f 3822/1942/1076 3797/1938/1076 3774/1941/1076 3808/1943/1076
f 3800/1934/1196 3780/1937/1196 3781/1936/1196 3802/1935/1196
f 3801/1938/1166 3782/1941/1166 3783/1940/1166 3799/1939/1166
f 3831/1943/1043 3782/1941/1043 3788/1941/1043 3814/1943/1043
f 3796/1934/1013 3772/1937/1013 3780/1937/1013 3800/1934/1013
f 3776/1944/1199 3777/1945/1199 3785/1945/1199 3784/1944/1199
f 3774/1941/1198 3775/1940/1198 3783/1940/1198 3782/1941/1198
f 3771/1946/1269 3778/1947/1269 3786/1947/1269 3779/1946/1269
f 3809/1948/1007 3771/1946/1007 3779/1946/1007 3811/1948/1007
f 3808/1943/1043 3774/1941/1043 3782/1941/1043 3831/1943/1043
f 3795/1939/1011 3776/1944/1011 3784/1944/1011 3799/1939/1011
f 3772/1937/1270 3773/1936/1270 3781/1936/1270 3780/1937/1270
f 3804/1935/1252 3787/1936/1251 3791/1949/1251 3806/1950/1252
f 3801/1938/1011 3785/1945/1011 3790/1945/1011 3803/1938/1011
f 3802/1935/1013 3781/1936/1013 3787/1936/1013 3804/1935/1013
f 3811/1948/1007 3779/1946/1007 3789/1946/1007 3815/1948/1007
f 3821/1951/1014 3832/1952/1014 3792/1953/1014 3805/1954/1014
f 3815/1948/1260 3789/1946/1253 3793/1955/1253 3818/1956/1260
f 3803/1938/1178 3790/1945/1178 3794/1957/1178 3805/1954/1178
f 3814/1943/1259 3788/1941/1237 3792/1953/1237 3832/1952/1271
f 3788/1941/1272 3803/1938/1178 3805/1954/1178 3792/1953/1273
f 3819/1958/1014 3821/1951/1014 3805/1954/1014 3794/1957/1014
f 3779/1946/1013 3802/1935/1013 3804/1935/1013 3789/1946/1013
f 3782/1941/1011 3801/1938/1011 3803/1938/1011 3788/1941/1011
f 3789/1946/1252 3804/1935/1252 3806/1950/1252 3793/1955/1251
f 3775/1940/1011 3795/1939/1011 3799/1939/1011 3783/1940/1011
f 3778/1947/1013 3796/1934/1013 3800/1934/1013 3786/1947/1013
f 3785/1945/1166 3801/1938/1166 3799/1939/1166 3784/1944/1166
f 3786/1947/1196 3800/1934/1196 3802/1935/1196 3779/1946/1196
f 3810/1959/1076 3777/1945/1076 3797/1938/1076 3822/1942/1076
f 3777/1945/1076 3776/1944/1076 3795/1939/1076 3797/1938/1076
f 3778/1947/1076 3771/1946/1076 3798/1935/1076 3796/1934/1076
f 3771/1946/1076 3809/1948/1076 3823/1960/1076 3798/1935/1076
f 3820/1961/1014 3821/1951/1014 3819/1958/1014 3818/1956/1014
f 3793/1955/1014 3806/1950/1014 3820/1961/1014 3818/1956/1014
f 3787/1936/1237 3813/1962/1274 3817/1963/1274 3791/1949/1237
f 3815/1948/1260 3818/1956/1260 3819/1958/1275 3816/1959/1260
f 3790/1945/1260 3816/1959/1260 3819/1958/1275 3794/1957/1260
f 3806/1950/1014 3791/1949/1014 3817/1963/1014 3820/1961/1014
f 3811/1948/1007 3815/1948/1007 3816/1959/1007 3812/1959/1007
f 3785/1945/1007 3812/1959/1007 3816/1959/1007 3790/1945/1007
f 3807/1962/1043 3808/1943/1043 3831/1943/1043 3830/1962/1043
f 3773/1936/1043 3807/1962/1043 3830/1962/1043 3781/1936/1043
f 3809/1948/1007 3811/1948/1007 3812/1959/1007 3810/1959/1007
f 3777/1945/1007 3810/1959/1007 3812/1959/1007 3785/1945/1007
f 3781/1936/1043 3830/1962/1043 3813/1962/1043 3787/1936/1043
f 3822/1942/1076 3808/1943/1076 3807/1962/1076 3823/1960/1076
f 3798/1935/1076 3823/1960/1076 3807/1962/1076 3773/1936/1076
f 3809/1948/1076 3810/1959/1076 3822/1942/1076 3823/1960/1076
f 3826/1964/1276 3828/1965/1277 3829/1966/1277 3827/1967/1276
f 3827/1967/1240 3829/1966/1240 3825/1968/1241 3824/1969/1241
f 3833/1970/1264 3834/1971/1264 3828/1965/1243 3826/1964/1243
f 3834/1972/1264 3833/1973/1264 3830/1974/1043 3831/1975/1043
f 3824/1976/1241 3825/1977/1241 3821/1978/1014 3820/1979/1014
f 3826/1980/1276 3827/1981/1276 3817/1982/1274 3813/1974/1274
f 3829/1983/1277 3828/1984/1277 3814/1975/1259 3832/1985/1271
f 3827/1981/1265 3824/1976/1265 3820/1979/1265 3817/1982/1265
f 3825/1977/1266 3829/1983/1266 3832/1985/1266 3821/1978/1266
f 3833/1973/1278 3826/1980/1278 3813/1974/1278 3830/1974/1278
f 3828/1984/1279 3834/1972/1280 3831/1975/1280 3814/1975/1280
f 3860/1934/1076 3862/1935/1076 3837/1936/1076 3836/1937/1076
f 3861/1938/1076 3859/1939/1076 3839/1940/1076 3838/1941/1076
f 3886/1942/1076 3861/1938/1076 3838/1941/1076 3872/1943/1076
f 3864/1934/1196 3844/1937/1196 3845/1936/1196 3866/1935/1196
f 3865/1938/1166 3846/1941/1166 3847/1940/1166 3863/1939/1166
f 3895/1943/1043 3846/1941/1043 3852/1941/1043 3878/1943/1043
f 3860/1934/1013 3836/1937/1013 3844/1937/1013 3864/1934/1013
f 3840/1944/1217 3841/1945/1217 3849/1945/1217 3848/1944/1217
f 3838/1941/1170 3839/1940/1170 3847/1940/1170 3846/1941/1170
f 3835/1946/1215 3842/1947/1215 3850/1947/1215 3843/1946/1215
f 3873/1948/1007 3835/1946/1007 3843/1946/1007 3875/1948/1007
f 3872/1943/1043 3838/1941/1043 3846/1941/1043 3895/1943/1043
f 3859/1939/1011 3840/1944/1011 3848/1944/1011 3863/1939/1011
f 3836/1937/1270 3837/1936/1270 3845/1936/1270 3844/1937/1270
f 3868/1935/1281 3851/1936/1282 3855/1949/1282 3870/1950/1281
f 3865/1938/1011 3849/1945/1011 3854/1945/1011 3867/1938/1011
f 3866/1935/1013 3845/1936/1013 3851/1936/1013 3868/1935/1013
f 3875/1948/1007 3843/1946/1007 3853/1946/1007 3879/1948/1007
f 3885/1951/1014 3896/1952/1014 3856/1953/1014 3869/1954/1014
f 3879/1948/1176 3853/1946/1176 3857/1955/1176 3882/1956/1176
f 3867/1938/1172 3854/1945/1172 3858/1957/1172 3869/1954/1172
f 3878/1943/1283 3852/1941/1262 3856/1953/1262 3896/1952/1283
f 3852/1941/1172 3867/1938/1172 3869/1954/1172 3856/1953/1239
f 3883/1958/1014 3885/1951/1014 3869/1954/1014 3858/1957/1014
f 3843/1946/1013 3866/1935/1013 3868/1935/1013 3853/1946/1013
f 3846/1941/1011 3865/1938/1011 3867/1938/1011 3852/1941/1011
f 3853/1946/1174 3868/1935/1281 3870/1950/1281 3857/1955/1174
f 3839/1940/1011 3859/1939/1011 3863/1939/1011 3847/1940/1011
f 3842/1947/1013 3860/1934/1013 3864/1934/1013 3850/1947/1013
f 3849/1945/1166 3865/1938/1166 3863/1939/1166 3848/1944/1166
f 3850/1947/1196 3864/1934/1196 3866/1935/1196 3843/1946/1196
f 3874/1959/1076 3841/1945/1076 3861/1938/1076 3886/1942/1076
f 3841/1945/1076 3840/1944/1076 3859/1939/1076 3861/1938/1076
f 3842/1947/1076 3835/1946/1076 3862/1935/1076 3860/1934/1076
f 3835/1946/1076 3873/1948/1076 3887/1960/1076 3862/1935/1076
f 3884/1961/1014 3885/1951/1014 3883/1958/1014 3882/1956/1014
f 3857/1955/1014 3870/1950/1014 3884/1961/1014 3882/1956/1014
f 3851/1936/1258 3877/1962/1283 3881/1963/1283 3855/1949/1258
f 3879/1948/1176 3882/1956/1176 3883/1958/1176 3880/1959/1176
f 3854/1945/1284 3880/1959/1176 3883/1958/1176 3858/1957/1284
f 3870/1950/1014 3855/1949/1014 3881/1963/1014 3884/1961/1014
f 3875/1948/1007 3879/1948/1007 3880/1959/1007 3876/1959/1007
f 3849/1945/1007 3876/1959/1007 3880/1959/1007 3854/1945/1007
f 3871/1962/1043 3872/1943/1043 3895/1943/1043 3894/1962/1043
f 3837/1936/1043 3871/1962/1043 3894/1962/1043 3845/1936/1043
f 3873/1948/1007 3875/1948/1007 3876/1959/1007 3874/1959/1007
f 3841/1945/1007 3874/1959/1007 3876/1959/1007 3849/1945/1007
f 3845/1936/1043 3894/1962/1043 3877/1962/1043 3851/1936/1043
f 3886/1942/1076 3872/1943/1076 3871/1962/1076 3887/1960/1076
f 3862/1935/1076 3887/1960/1076 3871/1962/1076 3837/1936/1076
f 3873/1948/1076 3874/1959/1076 3886/1942/1076 3887/1960/1076
f 3890/1964/1283 3892/1965/1283 3893/1966/1283 3891/1967/1204
f 3891/1967/1240 3893/1966/1240 3889/1968/1241 3888/1969/1241
f 3897/1970/1242 3898/1971/1242 3892/1965/1285 3890/1964/1285
f 3898/1972/1242 3897/1973/1242 3894/1974/1043 3895/1975/1043
f 3888/1976/1241 3889/1977/1241 3885/1978/1014 3884/1979/1014
f 3890/1980/1283 3891/1981/1204 3881/1982/1283 3877/1974/1283
f 3893/1983/1283 3892/1984/1283 3878/1975/1283 3896/1985/1283
f 3891/1981/1265 3888/1976/1265 3884/1979/1265 3881/1982/1265
f 3889/1977/1266 3893/1983/1266 3896/1985/1266 3885/1978/1266
f 3897/1973/1286 3890/1980/1286 3877/1974/1286 3894/1974/1286
f 3892/1984/1280 3898/1972/1280 3895/1975/1280 3878/1975/1280
f 3899/1986/1013 3900/1987/1013 3902/1988/1013 3901/1988/1013
f 3901/1988/1007 3902/1988/1007 3906/1989/1007 3905/1989/1007
f 3905/1989/1011 3906/1989/1011 3904/1990/1011 3903/1991/1011
f 3903/1991/1287 3904/1990/1287 3900/1987/1287 3899/1986/1287
f 3901/1988/1076 3905/1989/1076 3903/1991/1076 3899/1986/1076
f 3906/1989/1288 3902/1988/1288 3900/1987/1288 3904/1990/1288
f 3907/1986/1043 3908/1987/1043 3910/1988/1043 3909/1988/1043
f 3909/1988/1013 3910/1988/1013 3914/1989/1013 3913/1989/1013
f 3913/1989/1007 3914/1989/1007 3912/1990/1007 3911/1991/1007
f 3911/1991/1289 3912/1990/1289 3908/1987/1289 3907/1986/1289
f 3909/1988/1076 3913/1989/1076 3911/1991/1076 3907/1986/1076
f 3914/1989/1290 3910/1988/1290 3908/1987/1290 3912/1990/1290
f 3940/1934/1076 3942/1935/1076 3917/1936/1076 3916/1937/1076
f 3941/1938/1076 3939/1939/1076 3919/1940/1076 3918/1941/1076
f 3966/1942/1076 3941/1938/1076 3918/1941/1076 3952/1943/1076
f 3944/1934/1196 3924/1937/1196 3925/1936/1196 3946/1935/1196
f 3945/1938/1166 3926/1941/1166 3927/1940/1166 3943/1939/1166
f 3975/1943/1043 3926/1941/1043 3932/1941/1043 3958/1943/1043
f 3940/1934/1013 3916/1937/1013 3924/1937/1013 3944/1934/1013
f 3920/1944/1250 3921/1945/1250 3929/1945/1250 3928/1944/1250
f 3918/1941/1170 3919/1940/1170 3927/1940/1170 3926/1941/1170
f 3915/1946/1234 3922/1947/1234 3930/1947/1234 3923/1946/1234
f 3953/1948/1007 3915/1946/1007 3923/1946/1007 3955/1948/1007
f 3952/1943/1043 3918/1941/1043 3926/1941/1043 3975/1943/1043
f 3939/1939/1011 3920/1944/1011 3928/1944/1011 3943/1939/1011
f 3916/1937/1270 3917/1936/1270 3925/1936/1270 3924/1937/1270
f 3948/1935/1251 3931/1936/1251 3935/1949/1251 3950/1950/1251
f 3945/1938/1011 3929/1945/1011 3934/1945/1011 3947/1938/1011
f 3946/1935/1013 3925/1936/1013 3931/1936/1013 3948/1935/1013
f 3955/1948/1007 3923/1946/1007 3933/1946/1007 3959/1948/1007
f 3965/1951/1014 3976/1952/1014 3936/1953/1014 3949/1954/1014
f 3959/1948/1175 3933/1946/1175 3937/1955/1175 3962/1956/1175
f 3947/1938/1239 3934/1945/1239 3938/1957/1239 3949/1954/1239
f 3958/1943/1274 3932/1941/1257 3936/1953/1257 3976/1952/1274
f 3932/1941/1239 3947/1938/1239 3949/1954/1239 3936/1953/1239
f 3963/1958/1014 3965/1951/1014 3949/1954/1014 3938/1957/1014
f 3923/1946/1013 3946/1935/1013 3948/1935/1013 3933/1946/1013
f 3926/1941/1011 3945/1938/1011 3947/1938/1011 3932/1941/1011
f 3933/1946/1251 3948/1935/1251 3950/1950/1251 3937/1955/1251
f 3919/1940/1011 3939/1939/1011 3943/1939/1011 3927/1940/1011
f 3922/1947/1013 3940/1934/1013 3944/1934/1013 3930/1947/1013
f 3929/1945/1166 3945/1938/1166 3943/1939/1166 3928/1944/1166
f 3930/1947/1196 3944/1934/1196 3946/1935/1196 3923/1946/1196
f 3954/1959/1076 3921/1945/1076 3941/1938/1076 3966/1942/1076
f 3921/1945/1076 3920/1944/1076 3939/1939/1076 3941/1938/1076
f 3922/1947/1076 3915/1946/1076 3942/1935/1076 3940/1934/1076
f 3915/1946/1076 3953/1948/1076 3967/1960/1076 3942/1935/1076
f 3964/1961/1014 3965/1951/1014 3963/1958/1014 3962/1956/1014
f 3937/1955/1014 3950/1950/1014 3964/1961/1014 3962/1956/1014
f 3931/1936/1257 3957/1962/1259 3961/1963/1259 3935/1949/1257
f 3959/1948/1175 3962/1956/1175 3963/1958/1175 3960/1959/1175
f 3934/1945/1175 3960/1959/1175 3963/1958/1175 3938/1957/1175
f 3950/1950/1014 3935/1949/1014 3961/1963/1014 3964/1961/1014
f 3955/1948/1007 3959/1948/1007 3960/1959/1007 3956/1959/1007
f 3929/1945/1007 3956/1959/1007 3960/1959/1007 3934/1945/1007
f 3951/1962/1043 3952/1943/1043 3975/1943/1043 3974/1962/1043
f 3917/1936/1043 3951/1962/1043 3974/1962/1043 3925/1936/1043
f 3953/1948/1007 3955/1948/1007 3956/1959/1007 3954/1959/1007
f 3921/1945/1007 3954/1959/1007 3956/1959/1007 3929/1945/1007
f 3925/1936/1043 3974/1962/1043 3957/1962/1043 3931/1936/1043
f 3966/1942/1076 3952/1943/1076 3951/1962/1076 3967/1960/1076
f 3942/1935/1076 3967/1960/1076 3951/1962/1076 3917/1936/1076
f 3953/1948/1076 3954/1959/1076 3966/1942/1076 3967/1960/1076
f 3970/1964/1291 3972/1965/1292 3973/1966/1293 3971/1967/1294
f 3971/1967/1240 3973/1966/1240 3969/1968/1241 3968/1969/1263
f 3977/1970/1242 3978/1971/1242 3972/1965/1243 3970/1964/1243
f 3978/1972/1242 3977/1973/1242 3974/1974/1043 3975/1975/1043
f 3968/1976/1263 3969/1977/1241 3965/1978/1014 3964/1979/1014
f 3970/1980/1291 3971/1981/1294 3961/1982/1259 3957/1974/1259
f 3973/1983/1293 3972/1984/1292 3958/1975/1274 3976/1985/1274
f 3971/1981/1295 3968/1976/1295 3964/1979/1295 3961/1982/1295
f 3969/1977/1266 3973/1983/1266 3976/1985/1266 3965/1978/1266
f 3977/1973/1296 3970/1980/1296 3957/1974/1296 3974/1974/1296
f 3972/1984/1297 3978/1972/1297 3975/1975/1297 3958/1975/1297
f 4004/1934/1076 4006/1935/1076 3981/1936/1076 3980/1937/1076
f 4005/1938/1076 4003/1939/1076 3983/1940/1076 3982/1941/1076
f 4030/1942/1076 4005/1938/1076 3982/1941/1076 4016/1943/1076
f 4008/1934/1196 3988/1937/1196 3989/1936/1196 4010/1935/1196
f 4009/1938/1166 3990/1941/1166 3991/1940/1166 4007/1939/1166
f 4039/1943/1043 3990/1941/1043 3996/1941/1043 4022/1943/1043
f 4004/1934/1013 3980/1937/1013 3988/1937/1013 4008/1934/1013
f 3984/1944/1171 3985/1945/1171 3993/1945/1171 3992/1944/1171
f 3982/1941/1216 3983/1940/1216 3991/1940/1216 3990/1941/1216
f 3979/1946/1169 3986/1947/1169 3994/1947/1169 3987/1946/1169
f 4017/1948/1007 3979/1946/1007 3987/1946/1007 4019/1948/1007
f 4016/1943/1043 3982/1941/1043 3990/1941/1043 4039/1943/1043
f 4003/1939/1011 3984/1944/1011 3992/1944/1011 4007/1939/1011
f 3980/1937/1270 3981/1936/1270 3989/1936/1270 3988/1937/1270
f 4012/1935/1202 3995/1936/1202 3999/1949/1202 4014/1950/1202
f 4009/1938/1011 3993/1945/1011 3998/1945/1011 4011/1938/1011
f 4010/1935/1013 3989/1936/1013 3995/1936/1013 4012/1935/1013
f 4019/1948/1007 3987/1946/1007 3997/1946/1007 4023/1948/1007
f 4029/1951/1014 4040/1952/1014 4000/1953/1014 4013/1954/1014
f 4023/1948/1260 3997/1946/1253 4001/1955/1253 4026/1956/1260
f 4011/1938/1239 3998/1945/1172 4002/1957/1172 4013/1954/1239
f 4022/1943/1276 3996/1941/1173 4000/1953/1173 4040/1952/1276
f 3996/1941/1172 4011/1938/1239 4013/1954/1239 4000/1953/1172
f 4027/1958/1014 4029/1951/1014 4013/1954/1014 4002/1957/1014
f 3987/1946/1013 4010/1935/1013 4012/1935/1013 3997/1946/1013
f 3990/1941/1011 4009/1938/1011 4011/1938/1011 3996/1941/1011
f 3997/1946/1202 4012/1935/1202 4014/1950/1202 4001/1955/1202
f 3983/1940/1011 4003/1939/1011 4007/1939/1011 3991/1940/1011
f 3986/1947/1013 4004/1934/1013 4008/1934/1013 3994/1947/1013
f 3993/1945/1166 4009/1938/1166 4007/1939/1166 3992/1944/1166
f 3994/1947/1196 4008/1934/1196 4010/1935/1196 3987/1946/1196
f 4018/1959/1076 3985/1945/1076 4005/1938/1076 4030/1942/1076
f 3985/1945/1076 3984/1944/1076 4003/1939/1076 4005/1938/1076
f 3986/1947/1076 3979/1946/1076 4006/1935/1076 4004/1934/1076
f 3979/1946/1076 4017/1948/1076 4031/1960/1076 4006/1935/1076
f 4028/1961/1014 4029/1951/1014 4027/1958/1014 4026/1956/1014
f 4001/1955/1014 4014/1950/1014 4028/1961/1014 4026/1956/1014
f 3995/1936/1218 4021/1962/1277 4025/1963/1277 3999/1949/1218
f 4023/1948/1260 4026/1956/1260 4027/1958/1260 4024/1959/1260
f 3998/1945/1253 4024/1959/1260 4027/1958/1260 4002/1957/1253
f 4014/1950/1014 3999/1949/1014 4025/1963/1014 4028/1961/1014
f 4019/1948/1007 4023/1948/1007 4024/1959/1007 4020/1959/1007
f 3993/1945/1007 4020/1959/1007 4024/1959/1007 3998/1945/1007
f 4015/1962/1043 4016/1943/1043 4039/1943/1043 4038/1962/1043
f 3981/1936/1043 4015/1962/1043 4038/1962/1043 3989/1936/1043
f 4017/1948/1007 4019/1948/1007 4020/1959/1007 4018/1959/1007
f 3985/1945/1007 4018/1959/1007 4020/1959/1007 3993/1945/1007
f 3989/1936/1043 4038/1962/1043 4021/1962/1043 3995/1936/1043
f 4030/1942/1076 4016/1943/1076 4015/1962/1076 4031/1960/1076
f 4006/1935/1076 4031/1960/1076 4015/1962/1076 3981/1936/1076
f 4017/1948/1076 4018/1959/1076 4030/1942/1076 4031/1960/1076
f 4034/1964/1277 4036/1965/1276 4037/1966/1276 4035/1967/1277
f 4035/1967/1240 4037/1966/1240 4033/1968/1241 4032/1969/1241
f 4041/1970/1242 4042/1971/1242 4036/1965/1285 4034/1964/1285
f 4042/1972/1242 4041/1973/1242 4038/1974/1043 4039/1975/1043
f 4032/1976/1241 4033/1977/1241 4029/1978/1014 4028/1979/1014
f 4034/1980/1277 4035/1981/1277 4025/1982/1277 4021/1974/1277
f 4037/1983/1276 4036/1984/1276 4022/1975/1276 4040/1985/1276
f 4035/1981/1265 4032/1976/1265 4028/1979/1265 4025/1982/1265
f 4033/1977/1266 4037/1983/1266 4040/1985/1266 4029/1978/1266
f 4041/1973/1267 4034/1980/1267 4021/1974/1267 4038/1974/1267
f 4036/1984/1297 4042/1972/1297 4039/1975/1297 4022/1975/1297
f 4068/1934/1076 4070/1935/1076 4045/1936/1076 4044/1937/1076
f 4069/1938/1076 4067/1939/1076 4047/1940/1076 4046/1941/1076
f 4094/1942/1076 4069/1938/1076 4046/1941/1076 4080/1943/1076
f 4072/1934/1196 4052/1937/1196 4053/1936/1196 4074/1935/1196
f 4073/1938/1166 4054/1941/1166 4055/1940/1166 4071/1939/1166
f 4103/1943/1043 4054/1941/1043 4060/1941/1043 4086/1943/1043
f 4068/1934/1013 4044/1937/1013 4052/1937/1013 4072/1934/1013
f 4048/1944/1199 4049/1945/1199 4057/1945/1199 4056/1944/1199
f 4046/1941/1170 4047/1940/1170 4055/1940/1170 4054/1941/1170
f 4043/1946/1169 4050/1947/1169 4058/1947/1169 4051/1946/1169
f 4081/1948/1007 4043/1946/1007 4051/1946/1007 4083/1948/1007
f 4080/1943/1043 4046/1941/1043 4054/1941/1043 4103/1943/1043
f 4067/1939/1011 4048/1944/1011 4056/1944/1011 4071/1939/1011
f 4044/1937/1270 4045/1936/1270 4053/1936/1270 4052/1937/1270
f 4076/1935/1174 4059/1936/1174 4063/1949/1174 4078/1950/1174
f 4073/1938/1011 4057/1945/1011 4062/1945/1011 4075/1938/1011
f 4074/1935/1013 4053/1936/1013 4059/1936/1013 4076/1935/1013
f 4083/1948/1007 4051/1946/1007 4061/1946/1007 4087/1948/1007
f 4093/1951/1014 4104/1952/1014 4064/1953/1014 4077/1954/1014
f 4087/1948/1176 4061/1946/1176 4065/1955/1176 4090/1956/1176
f 4075/1938/1298 4062/1945/1273 4066/1957/1273 4077/1954/1298
f 4086/1943/1299 4060/1941/1204 4064/1953/1201 4104/1952/1300
f 4060/1941/1298 4075/1938/1298 4077/1954/1298 4064/1953/1298
f 4091/1958/1014 4093/1951/1014 4077/1954/1014 4066/1957/1014
f 4051/1946/1013 4074/1935/1013 4076/1935/1013 4061/1946/1013
f 4054/1941/1011 4073/1938/1011 4075/1938/1011 4060/1941/1011
f 4061/1946/1301 4076/1935/1174 4078/1950/1174 4065/1955/1301
f 4047/1940/1011 4067/1939/1011 4071/1939/1011 4055/1940/1011
f 4050/1947/1013 4068/1934/1013 4072/1934/1013 4058/1947/1013
f 4057/1945/1166 4073/1938/1166 4071/1939/1166 4056/1944/1166
f 4058/1947/1196 4072/1934/1196 4074/1935/1196 4051/1946/1196
f 4082/1959/1076 4049/1945/1076 4069/1938/1076 4094/1942/1076
f 4049/1945/1076 4048/1944/1076 4067/1939/1076 4069/1938/1076
f 4050/1947/1076 4043/1946/1076 4070/1935/1076 4068/1934/1076
f 4043/1946/1076 4081/1948/1076 4095/1960/1076 4070/1935/1076
f 4092/1961/1014 4093/1951/1014 4091/1958/1014 4090/1956/1014
f 4065/1955/1014 4078/1950/1014 4092/1961/1014 4090/1956/1014
f 4059/1936/1237 4085/1962/1302 4089/1963/1257 4063/1949/1237
f 4087/1948/1176 4090/1956/1176 4091/1958/1176 4088/1959/1176
f 4062/1945/1176 4088/1959/1176 4091/1958/1176 4066/1957/1176
f 4078/1950/1014 4063/1949/1014 4089/1963/1014 4092/1961/1014
f 4083/1948/1007 4087/1948/1007 4088/1959/1007 4084/1959/1007
f 4057/1945/1007 4084/1959/1007 4088/1959/1007 4062/1945/1007
f 4079/1962/1043 4080/1943/1043 4103/1943/1043 4102/1962/1043
f 4045/1936/1043 4079/1962/1043 4102/1962/1043 4053/1936/1043
f 4081/1948/1007 4083/1948/1007 4084/1959/1007 4082/1959/1007
f 4049/1945/1007 4082/1959/1007 4084/1959/1007 4057/1945/1007
f 4053/1936/1043 4102/1962/1043 4085/1962/1043 4059/1936/1043
f 4094/1942/1076 4080/1943/1076 4079/1962/1076 4095/1960/1076
f 4070/1935/1076 4095/1960/1076 4079/1962/1076 4045/1936/1076
f 4081/1948/1076 4082/1959/1076 4094/1942/1076 4095/1960/1076
f 4098/1964/1303 4100/1965/1299 4101/1966/1304 4099/1967/1303
f 4099/1967/1240 4101/1966/1240 4097/1968/1241 4096/1969/1263
f 4105/1970/1264 4106/1971/1242 4100/1965/1243 4098/1964/1243
f 4106/1972/1242 4105/1973/1264 4102/1974/1043 4103/1975/1043
f 4096/1976/1263 4097/1977/1241 4093/1978/1014 4092/1979/1014
f 4098/1980/1303 4099/1981/1303 4089/1982/1257 4085/1974/1302
f 4101/1983/1304 4100/1984/1299 4086/1975/1299 4104/1985/1300
f 4099/1981/1244 4096/1976/1244 4092/1979/1244 4089/1982/1244
f 4097/1977/1305 4101/1983/1305 4104/1985/1305 4093/1978/1305
f 4105/1973/1306 4098/1980/1306 4085/1974/1306 4102/1974/1306
f 4100/1984/1279 4106/1972/1279 4103/1975/1279 4086/1975/1279
f 4132/1934/1076 4134/1935/1076 4109/1936/1076 4108/1937/1076
f 4133/1938/1076 4131/1939/1076 4111/1940/1076 4110/1941/1076
f 4158/1942/1076 4133/1938/1076 4110/1941/1076 4144/1943/1076
f 4136/1934/1195 4116/1937/1195 4117/1936/1195 4138/1935/1195
f 4137/1938/1166 4118/1941/1166 4119/1940/1166 4135/1939/1166
f 4167/1943/1043 4118/1941/1043 4124/1941/1043 4150/1943/1043
f 4132/1934/1013 4108/1937/1013 4116/1937/1013 4136/1934/1013
f 4112/1944/1199 4113/1945/1199 4121/1945/1199 4120/1944/1199
f 4110/1941/1170 4111/1940/1170 4119/1940/1170 4118/1941/1170
f 4107/1946/1269 4114/1947/1269 4122/1947/1269 4115/1946/1269
f 4145/1948/1007 4107/1946/1007 4115/1946/1007 4147/1948/1007
f 4144/1943/1043 4110/1941/1043 4118/1941/1043 4167/1943/1043
f 4131/1939/1011 4112/1944/1011 4120/1944/1011 4135/1939/1011
f 4108/1937/1307 4109/1936/1307 4117/1936/1307 4116/1937/1307
f 4140/1935/1202 4123/1936/1308 4127/1949/1308 4142/1950/1202
f 4137/1938/1011 4121/1945/1011 4126/1945/1011 4139/1938/1011
f 4138/1935/1013 4117/1936/1013 4123/1936/1013 4140/1935/1013
f 4147/1948/1007 4115/1946/1007 4125/1946/1007 4151/1948/1007
f 4157/1951/1014 4168/1952/1014 4128/1953/1014 4141/1954/1014
f 4151/1948/1176 4125/1946/1176 4129/1955/1176 4154/1956/1176
f 4139/1938/1178 4126/1945/1239 4130/1957/1239 4141/1954/1178
f 4150/1943/1299 4124/1941/1274 4128/1953/1274 4168/1952/1309
f 4124/1941/1310 4139/1938/1178 4141/1954/1178 4128/1953/1239
f 4155/1958/1014 4157/1951/1014 4141/1954/1014 4130/1957/1014
f 4115/1946/1013 4138/1935/1013 4140/1935/1013 4125/1946/1013
f 4118/1941/1011 4137/1938/1011 4139/1938/1011 4124/1941/1011
f 4125/1946/1251 4140/1935/1202 4142/1950/1202 4129/1955/1251
f 4111/1940/1011 4131/1939/1011 4135/1939/1011 4119/1940/1011
f 4114/1947/1013 4132/1934/1013 4136/1934/1013 4122/1947/1013
f 4121/1945/1166 4137/1938/1166 4135/1939/1166 4120/1944/1166
f 4122/1947/1195 4136/1934/1195 4138/1935/1195 4115/1946/1195
f 4146/1959/1076 4113/1945/1076 4133/1938/1076 4158/1942/1076
f 4113/1945/1076 4112/1944/1076 4131/1939/1076 4133/1938/1076
f 4114/1947/1076 4107/1946/1076 4134/1935/1076 4132/1934/1076
f 4107/1946/1076 4145/1948/1076 4159/1960/1076 4134/1935/1076
f 4156/1961/1014 4157/1951/1014 4155/1958/1014 4154/1956/1014
f 4129/1955/1014 4142/1950/1014 4156/1961/1014 4154/1956/1014
f 4123/1936/1259 4149/1962/1274 4153/1963/1300 4127/1949/1259
f 4151/1948/1176 4154/1956/1176 4155/1958/1176 4152/1959/1176
f 4126/1945/1176 4152/1959/1176 4155/1958/1176 4130/1957/1176
f 4142/1950/1014 4127/1949/1014 4153/1963/1014 4156/1961/1014
f 4147/1948/1007 4151/1948/1007 4152/1959/1007 4148/1959/1007
f 4121/1945/1007 4148/1959/1007 4152/1959/1007 4126/1945/1007
f 4143/1962/1043 4144/1943/1043 4167/1943/1043 4166/1962/1043
f 4109/1936/1043 4143/1962/1043 4166/1962/1043 4117/1936/1043
f 4145/1948/1007 4147/1948/1007 4148/1959/1007 4146/1959/1007
f 4113/1945/1007 4146/1959/1007 4148/1959/1007 4121/1945/1007
f 4117/1936/1043 4166/1962/1043 4149/1962/1043 4123/1936/1043
f 4158/1942/1076 4144/1943/1076 4143/1962/1076 4159/1960/1076
f 4134/1935/1076 4159/1960/1076 4143/1962/1076 4109/1936/1076
f 4145/1948/1076 4146/1959/1076 4158/1942/1076 4159/1960/1076
f 4162/1964/1311 4164/1965/1271 4165/1966/1312 4163/1967/1300
f 4163/1967/1240 4165/1966/1240 4161/1968/1263 4160/1969/1263
f 4169/1970/1313 4170/1971/1313 4164/1965/1243 4162/1964/1243
f 4170/1972/1313 4169/1973/1313 4166/1974/1043 4167/1975/1043
f 4160/1976/1263 4161/1977/1263 4157/1978/1014 4156/1979/1014
f 4162/1980/1311 4163/1981/1300 4153/1982/1300 4149/1974/1274
f 4165/1983/1312 4164/1984/1271 4150/1975/1299 4168/1985/1309
f 4163/1981/1314 4160/1976/1314 4156/1979/1314 4153/1982/1314
f 4161/1977/1305 4165/1983/1305 4168/1985/1305 4157/1978/1305
f 4169/1973/1315 4162/1980/1316 4149/1974/1316 4166/1974/1316
f 4164/1984/1280 4170/1972/1317 4167/1975/1280 4150/1975/1317
f 4196/1934/1076 4198/1935/1076 4173/1936/1076 4172/1937/1076
f 4197/1938/1076 4195/1939/1076 4175/1940/1076 4174/1941/1076
f 4222/1942/1076 4197/1938/1076 4174/1941/1076 4208/1943/1076
f 4200/1934/1196 4180/1937/1196 4181/1936/1196 4202/1935/1196
f 4201/1938/1166 4182/1941/1166 4183/1940/1166 4199/1939/1166
f 4231/1943/1043 4182/1941/1043 4188/1941/1043 4214/1943/1043
f 4196/1934/1013 4172/1937/1013 4180/1937/1013 4200/1934/1013
f 4176/1944/1171 4177/1945/1171 4185/1945/1171 4184/1944/1171
f 4174/1941/1216 4175/1940/1216 4183/1940/1216 4182/1941/1216
f 4171/1946/1169 4178/1947/1169 4186/1947/1169 4179/1946/1169
f 4209/1948/1007 4171/1946/1007 4179/1946/1007 4211/1948/1007
f 4208/1943/1043 4174/1941/1043 4182/1941/1043 4231/1943/1043
f 4195/1939/1011 4176/1944/1011 4184/1944/1011 4199/1939/1011
f 4172/1937/1270 4173/1936/1270 4181/1936/1270 4180/1937/1270
f 4204/1935/1252 4187/1936/1252 4191/1949/1252 4206/1950/1252
f 4201/1938/1011 4185/1945/1011 4190/1945/1011 4203/1938/1011
f 4202/1935/1013 4181/1936/1013 4187/1936/1013 4204/1935/1013
f 4211/1948/1007 4179/1946/1007 4189/1946/1007 4215/1948/1007
f 4221/1951/1014 4232/1952/1014 4192/1953/1014 4205/1954/1014
f 4215/1948/1318 4189/1946/1319 4193/1955/1319 4218/1956/1175
f 4203/1938/1239 4190/1945/1172 4194/1957/1172 4205/1954/1239
f 4214/1943/1277 4188/1941/1173 4192/1953/1173 4232/1952/1277
f 4188/1941/1172 4203/1938/1239 4205/1954/1239 4192/1953/1172
f 4219/1958/1014 4221/1951/1014 4205/1954/1014 4194/1957/1014
f 4179/1946/1013 4202/1935/1013 4204/1935/1013 4189/1946/1013
f 4182/1941/1011 4201/1938/1011 4203/1938/1011 4188/1941/1011
f 4189/1946/1308 4204/1935/1252 4206/1950/1252 4193/1955/1308
f 4175/1940/1011 4195/1939/1011 4199/1939/1011 4183/1940/1011
f 4178/1947/1013 4196/1934/1013 4200/1934/1013 4186/1947/1013
f 4185/1945/1166 4201/1938/1166 4199/1939/1166 4184/1944/1166
f 4186/1947/1196 4200/1934/1196 4202/1935/1196 4179/1946/1196
f 4210/1959/1076 4177/1945/1076 4197/1938/1076 4222/1942/1076
f 4177/1945/1076 4176/1944/1076 4195/1939/1076 4197/1938/1076
f 4178/1947/1076 4171/1946/1076 4198/1935/1076 4196/1934/1076
f 4171/1946/1076 4209/1948/1076 4223/1960/1076 4198/1935/1076
f 4220/1961/1014 4221/1951/1014 4219/1958/1014 4218/1956/1014
f 4193/1955/1014 4206/1950/1014 4220/1961/1014 4218/1956/1014
f 4187/1936/1173 4213/1962/1276 4217/1963/1276 4191/1949/1173
f 4215/1948/1318 4218/1956/1175 4219/1958/1319 4216/1959/1319
f 4190/1945/1175 4216/1959/1319 4219/1958/1319 4194/1957/1175
f 4206/1950/1014 4191/1949/1014 4217/1963/1014 4220/1961/1014
f 4211/1948/1007 4215/1948/1007 4216/1959/1007 4212/1959/1007
f 4185/1945/1007 4212/1959/1007 4216/1959/1007 4190/1945/1007
f 4207/1962/1043 4208/1943/1043 4231/1943/1043 4230/1962/1043
f 4173/1936/1043 4207/1962/1043 4230/1962/1043 4181/1936/1043
f 4209/1948/1007 4211/1948/1007 4212/1959/1007 4210/1959/1007
f 4177/1945/1007 4210/1959/1007 4212/1959/1007 4185/1945/1007
f 4181/1936/1043 4230/1962/1043 4213/1962/1043 4187/1936/1043
f 4222/1942/1076 4208/1943/1076 4207/1962/1076 4223/1960/1076
f 4198/1935/1076 4223/1960/1076 4207/1962/1076 4173/1936/1076
f 4209/1948/1076 4210/1959/1076 4222/1942/1076 4223/1960/1076
f 4226/1964/1300 4228/1965/1259 4229/1966/1259 4227/1967/1274
f 4227/1967/1240 4229/1966/1240 4225/1968/1241 4224/1969/1241
f 4233/1970/1242 4234/1971/1242 4228/1965/1285 4226/1964/1285
f 4234/1972/1242 4233/1973/1242 4230/1974/1043 4231/1975/1043
f 4224/1976/1241 4225/1977/1241 4221/1978/1014 4220/1979/1014
f 4226/1980/1300 4227/1981/1274 4217/1982/1276 4213/1974/1276
f 4229/1983/1259 4228/1984/1259 4214/1975/1277 4232/1985/1277
f 4227/1981/1265 4224/1976/1265 4220/1979/1265 4217/1982/1265
f 4225/1977/1266 4229/1983/1266 4232/1985/1266 4221/1978/1266
f 4233/1973/1267 4226/1980/1267 4213/1974/1267 4230/1974/1267
f 4228/1984/1320 4234/1972/1320 4231/1975/1320 4214/1975/1320
f 4260/1934/1076 4262/1935/1076 4237/1936/1076 4236/1937/1076
f 4261/1938/1076 4259/1939/1076 4239/1940/1076 4238/1941/1076
f 4286/1942/1076 4261/1938/1076 4238/1941/1076 4272/1943/1076
f 4264/1934/1196 4244/1937/1196 4245/1936/1196 4266/1935/1196
f 4265/1938/1166 4246/1941/1166 4247/1940/1166 4263/1939/1166
f 4295/1943/1043 4246/1941/1043 4252/1941/1043 4278/1943/1043
f 4260/1934/1013 4236/1937/1013 4244/1937/1013 4264/1934/1013
f 4240/1944/1199 4241/1945/1199 4249/1945/1199 4248/1944/1199
f 4238/1941/1170 4239/1940/1170 4247/1940/1170 4246/1941/1170
f 4235/1946/1169 4242/1947/1169 4250/1947/1169 4243/1946/1169
f 4273/1948/1007 4235/1946/1007 4243/1946/1007 4275/1948/1007
f 4272/1943/1043 4238/1941/1043 4246/1941/1043 4295/1943/1043
f 4259/1939/1011 4240/1944/1011 4248/1944/1011 4263/1939/1011
f 4236/1937/1270 4237/1936/1270 4245/1936/1270 4244/1937/1270
f 4268/1935/1202 4251/1936/1202 4255/1949/1202 4270/1950/1202
f 4265/1938/1011 4249/1945/1011 4254/1945/1011 4267/1938/1011
f 4266/1935/1013 4245/1936/1013 4251/1936/1013 4268/1935/1013
f 4275/1948/1007 4243/1946/1007 4253/1946/1007 4279/1948/1007
f 4285/1951/1014 4296/1952/1014 4256/1953/1014 4269/1954/1014
f 4279/1948/1253 4253/1946/1176 4257/1955/1176 4282/1956/1318
f 4267/1938/1178 4254/1945/1172 4258/1957/1172 4269/1954/1178
f 4278/1943/1277 4252/1941/1218 4256/1953/1218 4296/1952/1277
f 4252/1941/1178 4267/1938/1178 4269/1954/1178 4256/1953/1178
f 4283/1958/1014 4285/1951/1014 4269/1954/1014 4258/1957/1014
f 4243/1946/1013 4266/1935/1013 4268/1935/1013 4253/1946/1013
f 4246/1941/1011 4265/1938/1011 4267/1938/1011 4252/1941/1011
f 4253/1946/1202 4268/1935/1202 4270/1950/1202 4257/1955/1202
f 4239/1940/1011 4259/1939/1011 4263/1939/1011 4247/1940/1011
f 4242/1947/1013 4260/1934/1013 4264/1934/1013 4250/1947/1013
f 4249/1945/1166 4265/1938/1166 4263/1939/1166 4248/1944/1166
f 4250/1947/1196 4264/1934/1196 4266/1935/1196 4243/1946/1196
f 4274/1959/1076 4241/1945/1076 4261/1938/1076 4286/1942/1076
f 4241/1945/1076 4240/1944/1076 4259/1939/1076 4261/1938/1076
f 4242/1947/1076 4235/1946/1076 4262/1935/1076 4260/1934/1076
f 4235/1946/1076 4273/1948/1076 4287/1960/1076 4262/1935/1076
f 4284/1961/1014 4285/1951/1014 4283/1958/1014 4282/1956/1014
f 4257/1955/1014 4270/1950/1014 4284/1961/1014 4282/1956/1014
f 4251/1936/1321 4277/1962/1276 4281/1963/1276 4255/1949/1321
f 4279/1948/1253 4282/1956/1318 4283/1958/1318 4280/1959/1319
f 4254/1945/1319 4280/1959/1319 4283/1958/1318 4258/1957/1319
f 4270/1950/1014 4255/1949/1014 4281/1963/1014 4284/1961/1014
f 4275/1948/1007 4279/1948/1007 4280/1959/1007 4276/1959/1007
f 4249/1945/1007 4276/1959/1007 4280/1959/1007 4254/1945/1007
f 4271/1962/1043 4272/1943/1043 4295/1943/1043 4294/1962/1043
f 4237/1936/1043 4271/1962/1043 4294/1962/1043 4245/1936/1043
f 4273/1948/1007 4275/1948/1007 4276/1959/1007 4274/1959/1007
f 4241/1945/1007 4274/1959/1007 4276/1959/1007 4249/1945/1007
f 4245/1936/1043 4294/1962/1043 4277/1962/1043 4251/1936/1043
f 4286/1942/1076 4272/1943/1076 4271/1962/1076 4287/1960/1076
f 4262/1935/1076 4287/1960/1076 4271/1962/1076 4237/1936/1076
f 4273/1948/1076 4274/1959/1076 4286/1942/1076 4287/1960/1076
f 4290/1964/1300 4292/1965/1259 4293/1966/1259 4291/1967/1274
f 4291/1967/1240 4293/1966/1240 4289/1968/1241 4288/1969/1263
f 4297/1970/1242 4298/1971/1242 4292/1965/1285 4290/1964/1285
f 4298/1972/1242 4297/1973/1242 4294/1974/1043 4295/1975/1043
f 4288/1976/1263 4289/1977/1241 4285/1978/1014 4284/1979/1014
f 4290/1980/1300 4291/1981/1274 4281/1982/1276 4277/1974/1276
f 4293/1983/1259 4292/1984/1259 4278/1975/1277 4296/1985/1277
f 4291/1981/1265 4288/1976/1265 4284/1979/1265 4281/1982/1265
f 4289/1977/1266 4293/1983/1266 4296/1985/1266 4285/1978/1266
f 4297/1973/1267 4290/1980/1267 4277/1974/1267 4294/1974/1267
f 4292/1984/1322 4298/1972/1322 4295/1975/1322 4278/1975/1322
f 4324/1934/1076 4326/1935/1076 4301/1936/1076 4300/1937/1076
f 4325/1938/1076 4323/1939/1076 4303/1940/1076 4302/1941/1076
f 4350/1942/1076 4325/1938/1076 4302/1941/1076 4336/1943/1076
f 4328/1934/1196 4308/1937/1196 4309/1936/1196 4330/1935/1196
f 4329/1938/1166 4310/1941/1166 4311/1940/1166 4327/1939/1166
f 4359/1943/1043 4310/1941/1043 4316/1941/1043 4342/1943/1043
f 4324/1934/1013 4300/1937/1013 4308/1937/1013 4328/1934/1013
f 4304/1944/1199 4305/1945/1199 4313/1945/1199 4312/1944/1199
f 4302/1941/1170 4303/1940/1170 4311/1940/1170 4310/1941/1170
f 4299/1946/1169 4306/1947/1169 4314/1947/1169 4307/1946/1169
f 4337/1948/1007 4299/1946/1007 4307/1946/1007 4339/1948/1007
f 4336/1943/1043 4302/1941/1043 4310/1941/1043 4359/1943/1043
f 4323/1939/1011 4304/1944/1011 4312/1944/1011 4327/1939/1011
f 4300/1937/1270 4301/1936/1270 4309/1936/1270 4308/1937/1270
f 4332/1935/1235 4315/1936/1235 4319/1949/1235 4334/1950/1235
f 4329/1938/1011 4313/1945/1011 4318/1945/1011 4331/1938/1011
f 4330/1935/1013 4309/1936/1013 4315/1936/1013 4332/1935/1013
f 4339/1948/1007 4307/1946/1007 4317/1946/1007 4343/1948/1007
f 4349/1951/1014 4360/1952/1014 4320/1953/1014 4333/1954/1014
f 4343/1948/1175 4317/1946/1175 4321/1955/1175 4346/1956/1175
f 4331/1938/1239 4318/1945/1239 4322/1957/1239 4333/1954/1239
f 4342/1943/1237 4316/1941/1283 4320/1953/1283 4360/1952/1237
f 4316/1941/1323 4331/1938/1239 4333/1954/1239 4320/1953/1323
f 4347/1958/1014 4349/1951/1014 4333/1954/1014 4322/1957/1014
f 4307/1946/1013 4330/1935/1013 4332/1935/1013 4317/1946/1013
f 4310/1941/1011 4329/1938/1011 4331/1938/1011 4316/1941/1011
f 4317/1946/1235 4332/1935/1235 4334/1950/1235 4321/1955/1235
f 4303/1940/1011 4323/1939/1011 4327/1939/1011 4311/1940/1011
f 4306/1947/1013 4324/1934/1013 4328/1934/1013 4314/1947/1013
f 4313/1945/1166 4329/1938/1166 4327/1939/1166 4312/1944/1166
f 4314/1947/1196 4328/1934/1196 4330/1935/1196 4307/1946/1196
f 4338/1959/1076 4305/1945/1076 4325/1938/1076 4350/1942/1076
f 4305/1945/1076 4304/1944/1076 4323/1939/1076 4325/1938/1076
f 4306/1947/1076 4299/1946/1076 4326/1935/1076 4324/1934/1076
f 4299/1946/1076 4337/1948/1076 4351/1960/1076 4326/1935/1076
f 4348/1961/1014 4349/1951/1014 4347/1958/1014 4346/1956/1014
f 4321/1955/1014 4334/1950/1014 4348/1961/1014 4346/1956/1014
f 4315/1936/1238 4341/1962/1237 4345/1963/1237 4319/1949/1238
f 4343/1948/1175 4346/1956/1175 4347/1958/1175 4344/1959/1175
f 4318/1945/1222 4344/1959/1175 4347/1958/1175 4322/1957/1222
f 4334/1950/1014 4319/1949/1014 4345/1963/1014 4348/1961/1014
f 4339/1948/1007 4343/1948/1007 4344/1959/1007 4340/1959/1007
f 4313/1945/1007 4340/1959/1007 4344/1959/1007 4318/1945/1007
f 4335/1962/1043 4336/1943/1043 4359/1943/1043 4358/1962/1043
f 4301/1936/1043 4335/1962/1043 4358/1962/1043 4309/1936/1043
f 4337/1948/1007 4339/1948/1007 4340/1959/1007 4338/1959/1007
f 4305/1945/1007 4338/1959/1007 4340/1959/1007 4313/1945/1007
f 4309/1936/1043 4358/1962/1043 4341/1962/1043 4315/1936/1043
f 4350/1942/1076 4336/1943/1076 4335/1962/1076 4351/1960/1076
f 4326/1935/1076 4351/1960/1076 4335/1962/1076 4301/1936/1076
f 4337/1948/1076 4338/1959/1076 4350/1942/1076 4351/1960/1076
f 4354/1964/1204 4356/1965/1204 4357/1966/1204 4355/1967/1204
f 4355/1967/1240 4357/1966/1240 4353/1968/1241 4352/1969/1241
f 4361/1970/1242 4362/1971/1242 4356/1965/1243 4354/1964/1243
f 4362/1972/1242 4361/1973/1242 4358/1974/1043 4359/1975/1043
f 4352/1976/1241 4353/1977/1241 4349/1978/1014 4348/1979/1014
f 4354/1980/1204 4355/1981/1204 4345/1982/1237 4341/1974/1237
f 4357/1983/1204 4356/1984/1204 4342/1975/1237 4360/1985/1237
f 4355/1981/1314 4352/1976/1314 4348/1979/1314 4345/1982/1314
f 4353/1977/1245 4357/1983/1245 4360/1985/1245 4349/1978/1245
f 4361/1973/1248 4354/1980/1248 4341/1974/1248 4358/1974/1248
f 4356/1984/1249 4362/1972/1249 4359/1975/1249 4342/1975/1249
f 4388/1934/1076 4390/1935/1076 4365/1936/1076 4364/1937/1076
f 4389/1938/1076 4387/1939/1076 4367/1940/1076 4366/1941/1076
f 4414/1942/1076 4389/1938/1076 4366/1941/1076 4400/1943/1076
f 4392/1934/1196 4372/1937/1196 4373/1936/1196 4394/1935/1196
f 4393/1938/1166 4374/1941/1166 4375/1940/1166 4391/1939/1166
f 4423/1943/1043 4374/1941/1043 4380/1941/1043 4406/1943/1043
f 4388/1934/1013 4364/1937/1013 4372/1937/1013 4392/1934/1013
f 4368/1944/1199 4369/1945/1199 4377/1945/1199 4376/1944/1199
f 4366/1941/1170 4367/1940/1170 4375/1940/1170 4374/1941/1170
f 4363/1946/1215 4370/1947/1215 4378/1947/1215 4371/1946/1215
f 4401/1948/1007 4363/1946/1007 4371/1946/1007 4403/1948/1007
f 4400/1943/1043 4366/1941/1043 4374/1941/1043 4423/1943/1043
f 4387/1939/1011 4368/1944/1011 4376/1944/1011 4391/1939/1011
f 4364/1937/1168 4365/1936/1168 4373/1936/1168 4372/1937/1168
f 4396/1935/1251 4379/1936/1251 4383/1949/1251 4398/1950/1251
f 4393/1938/1011 4377/1945/1011 4382/1945/1011 4395/1938/1011
f 4394/1935/1013 4373/1936/1013 4379/1936/1013 4396/1935/1013
f 4403/1948/1007 4371/1946/1007 4381/1946/1007 4407/1948/1007
f 4413/1951/1014 4424/1952/1014 4384/1953/1014 4397/1954/1014
f 4407/1948/1175 4381/1946/1175 4385/1955/1175 4410/1956/1175
f 4395/1938/1239 4382/1945/1239 4386/1957/1239 4397/1954/1239
f 4406/1943/1324 4380/1941/1201 4384/1953/1201 4424/1952/1324
f 4380/1941/1239 4395/1938/1239 4397/1954/1239 4384/1953/1239
f 4411/1958/1014 4413/1951/1014 4397/1954/1014 4386/1957/1014
f 4371/1946/1013 4394/1935/1013 4396/1935/1013 4381/1946/1013
f 4374/1941/1011 4393/1938/1011 4395/1938/1011 4380/1941/1011
f 4381/1946/1251 4396/1935/1251 4398/1950/1251 4385/1955/1251
f 4367/1940/1011 4387/1939/1011 4391/1939/1011 4375/1940/1011
f 4370/1947/1013 4388/1934/1013 4392/1934/1013 4378/1947/1013
f 4377/1945/1166 4393/1938/1166 4391/1939/1166 4376/1944/1166
f 4378/1947/1196 4392/1934/1196 4394/1935/1196 4371/1946/1196
f 4402/1959/1076 4369/1945/1076 4389/1938/1076 4414/1942/1076
f 4369/1945/1076 4368/1944/1076 4387/1939/1076 4389/1938/1076
f 4370/1947/1076 4363/1946/1076 4390/1935/1076 4388/1934/1076
f 4363/1946/1076 4401/1948/1076 4415/1960/1076 4390/1935/1076
f 4412/1961/1014 4413/1951/1014 4411/1958/1014 4410/1956/1014
f 4385/1955/1014 4398/1950/1014 4412/1961/1014 4410/1956/1014
f 4379/1936/1201 4405/1962/1292 4409/1963/1292 4383/1949/1201
f 4407/1948/1175 4410/1956/1175 4411/1958/1175 4408/1959/1175
f 4382/1945/1175 4408/1959/1175 4411/1958/1175 4386/1957/1175
f 4398/1950/1014 4383/1949/1014 4409/1963/1014 4412/1961/1014
f 4403/1948/1007 4407/1948/1007 4408/1959/1007 4404/1959/1007
f 4377/1945/1007 4404/1959/1007 4408/1959/1007 4382/1945/1007
f 4399/1962/1043 4400/1943/1043 4423/1943/1043 4422/1962/1043
f 4365/1936/1043 4399/1962/1043 4422/1962/1043 4373/1936/1043
f 4401/1948/1007 4403/1948/1007 4404/1959/1007 4402/1959/1007
f 4369/1945/1007 4402/1959/1007 4404/1959/1007 4377/1945/1007
f 4373/1936/1043 4422/1962/1043 4405/1962/1043 4379/1936/1043
f 4414/1942/1076 4400/1943/1076 4399/1962/1076 4415/1960/1076
f 4390/1935/1076 4415/1960/1076 4399/1962/1076 4365/1936/1076
f 4401/1948/1076 4402/1959/1076 4414/1942/1076 4415/1960/1076
f 4418/1964/1293 4420/1965/1325 4421/1966/1326 4419/1967/1293
f 4419/1967/1240 4421/1966/1240 4417/1968/1263 4416/1969/1263
f 4425/1970/1242 4426/1971/1242 4420/1965/1327 4418/1964/1327
f 4426/1972/1242 4425/1973/1242 4422/1974/1043 4423/1975/1043
f 4416/1976/1263 4417/1977/1263 4413/1978/1014 4412/1979/1014
f 4418/1980/1293 4419/1981/1293 4409/1982/1292 4405/1974/1292
f 4421/1983/1326 4420/1984/1325 4406/1975/1324 4424/1985/1324
f 4419/1981/1265 4416/1976/1265 4412/1979/1265 4409/1982/1265
f 4417/1977/1266 4421/1983/1266 4424/1985/1266 4413/1978/1266
f 4425/1973/1328 4418/1980/1328 4405/1974/1328 4422/1974/1328
f 4420/1984/1320 4426/1972/1320 4423/1975/1320 4406/1975/1320
f 4452/1934/1076 4454/1935/1076 4429/1936/1076 4428/1937/1076
f 4453/1938/1076 4451/1939/1076 4431/1940/1076 4430/1941/1076
f 4478/1942/1076 4453/1938/1076 4430/1941/1076 4464/1943/1076
f 4456/1934/1196 4436/1937/1196 4437/1936/1196 4458/1935/1196
f 4457/1938/1166 4438/1941/1166 4439/1940/1166 4455/1939/1166
f 4487/1943/1043 4438/1941/1043 4444/1941/1043 4470/1943/1043
f 4452/1934/1013 4428/1937/1013 4436/1937/1013 4456/1934/1013
f 4432/1944/1199 4433/1945/1199 4441/1945/1199 4440/1944/1199
f 4430/1941/1329 4431/1940/1329 4439/1940/1329 4438/1941/1329
f 4427/1946/1169 4434/1947/1169 4442/1947/1169 4435/1946/1169
f 4465/1948/1007 4427/1946/1007 4435/1946/1007 4467/1948/1007
f 4464/1943/1043 4430/1941/1043 4438/1941/1043 4487/1943/1043
f 4451/1939/1011 4432/1944/1011 4440/1944/1011 4455/1939/1011
f 4428/1937/1307 4429/1936/1307 4437/1936/1307 4436/1937/1307
f 4460/1935/1301 4443/1936/1301 4447/1949/1301 4462/1950/1301
f 4457/1938/1011 4441/1945/1011 4446/1945/1011 4459/1938/1011
f 4458/1935/1013 4437/1936/1013 4443/1936/1013 4460/1935/1013
f 4467/1948/1007 4435/1946/1007 4445/1946/1007 4471/1948/1007
f 4477/1951/1014 4488/1952/1014 4448/1953/1014 4461/1954/1014
f 4471/1948/1203 4445/1946/1203 4449/1955/1203 4474/1956/1203
f 4459/1938/1273 4446/1945/1273 4450/1957/1273 4461/1954/1273
f 4470/1943/1312 4444/1941/1173 4448/1953/1173 4488/1952/1312
f 4444/1941/1273 4459/1938/1273 4461/1954/1273 4448/1953/1273
f 4475/1958/1014 4477/1951/1014 4461/1954/1014 4450/1957/1014
f 4435/1946/1013 4458/1935/1013 4460/1935/1013 4445/1946/1013
f 4438/1941/1011 4457/1938/1011 4459/1938/1011 4444/1941/1011
f 4445/1946/1301 4460/1935/1301 4462/1950/1301 4449/1955/1301
f 4431/1940/1011 4451/1939/1011 4455/1939/1011 4439/1940/1011
f 4434/1947/1013 4452/1934/1013 4456/1934/1013 4442/1947/1013
f 4441/1945/1166 4457/1938/1166 4455/1939/1166 4440/1944/1166
f 4442/1947/1196 4456/1934/1196 4458/1935/1196 4435/1946/1196
f 4466/1959/1076 4433/1945/1076 4453/1938/1076 4478/1942/1076
f 4433/1945/1076 4432/1944/1076 4451/1939/1076 4453/1938/1076
f 4434/1947/1076 4427/1946/1076 4454/1935/1076 4452/1934/1076
f 4427/1946/1076 4465/1948/1076 4479/1960/1076 4454/1935/1076
f 4476/1961/1014 4477/1951/1014 4475/1958/1014 4474/1956/1014
f 4449/1955/1014 4462/1950/1014 4476/1961/1014 4474/1956/1014
f 4443/1936/1173 4469/1962/1276 4473/1963/1276 4447/1949/1173
f 4471/1948/1203 4474/1956/1203 4475/1958/1203 4472/1959/1203
f 4446/1945/1203 4472/1959/1203 4475/1958/1203 4450/1957/1203
f 4462/1950/1014 4447/1949/1014 4473/1963/1014 4476/1961/1014
f 4467/1948/1007 4471/1948/1007 4472/1959/1007 4468/1959/1007
f 4441/1945/1007 4468/1959/1007 4472/1959/1007 4446/1945/1007
f 4463/1962/1043 4464/1943/1043 4487/1943/1043 4486/1962/1043
f 4429/1936/1043 4463/1962/1043 4486/1962/1043 4437/1936/1043
f 4465/1948/1007 4467/1948/1007 4468/1959/1007 4466/1959/1007
f 4433/1945/1007 4466/1959/1007 4468/1959/1007 4441/1945/1007
f 4437/1936/1043 4486/1962/1043 4469/1962/1043 4443/1936/1043
f 4478/1942/1076 4464/1943/1076 4463/1962/1076 4479/1960/1076
f 4454/1935/1076 4479/1960/1076 4463/1962/1076 4429/1936/1076
f 4465/1948/1076 4466/1959/1076 4478/1942/1076 4479/1960/1076
f 4482/1964/1300 4484/1965/1303 4485/1966/1303 4483/1967/1274
f 4483/1967/1240 4485/1966/1240 4481/1968/1241 4480/1969/1263
f 4489/1970/1330 4490/1971/1330 4484/1965/1331 4482/1964/1331
f 4490/1972/1330 4489/1973/1330 4486/1974/1043 4487/1975/1043
f 4480/1976/1263 4481/1977/1241 4477/1978/1014 4476/1979/1014
f 4482/1980/1300 4483/1981/1274 4473/1982/1276 4469/1974/1276
f 4485/1983/1303 4484/1984/1303 4470/1975/1312 4488/1985/1312
f 4483/1981/1265 4480/1976/1265 4476/1979/1265 4473/1982/1265
f 4481/1977/1266 4485/1983/1266 4488/1985/1266 4477/1978/1266
f 4489/1973/1332 4482/1980/1332 4469/1974/1332 4486/1974/1332
f 4484/1984/1322 4490/1972/1322 4487/1975/1322 4470/1975/1322
f 4491/1992/1013 4492/1993/1013 4499/1993/1013 4500/1992/1013
f 4493/1994/1150 4494/1995/1150 4503/1996/1150 4504/1997/1150
f 4501/1998/1011 4502/1999/1011 4496/1999/1011 4495/1998/1011
f 4495/1998/1076 4496/1999/1076 4492/1993/1076 4491/1992/1076
f 4500/1992/1007 4501/1998/1007 4495/1998/1007 4491/1992/1007
f 4502/1999/1043 4499/1993/1043 4492/1993/1043 4496/1999/1043
f 4494/2000/1151 4493/2001/1151 4500/1992/1151 4499/1993/1151
f 4493/2001/1152 4497/2002/1152 4501/1998/1152 4500/1992/1152
f 4498/2003/1153 4494/2000/1153 4499/1993/1153 4502/1999/1153
f 4497/2002/1154 4498/2003/1154 4502/1999/1154 4501/1998/1154
f 4506/2004/1333 4505/2005/1333 4509/2006/1333 4510/2007/1333
f 4498/2008/1156 4497/2009/1156 4505/2005/1156 4506/2004/1156
f 4497/2009/1157 4493/1994/1157 4504/1997/1157 4505/2005/1157
f 4494/1995/1158 4498/2008/1158 4506/2004/1158 4503/1996/1158
f 4508/2010/1014 4507/2011/1014 4510/2007/1014 4509/2006/1014
f 4505/2005/1334 4504/1997/1334 4508/2010/1334 4509/2006/1334
f 4503/1996/1335 4506/2004/1335 4510/2007/1335 4507/2011/1335
f 4504/1997/1336 4503/1996/1336 4507/2011/1336 4508/2010/1336
f 4511/2012/1013 4512/2013/1013 4519/2013/1013 4520/2012/1013
f 4513/2014/1150 4514/2015/1150 4523/2016/1150 4524/2017/1150
f 4521/2018/1011 4522/2019/1011 4516/2019/1011 4515/2018/1011
f 4515/2018/1076 4516/2019/1076 4512/2013/1076 4511/2012/1076
f 4520/2012/1007 4521/2018/1007 4515/2018/1007 4511/2012/1007
f 4522/2019/1043 4519/2013/1043 4512/2013/1043 4516/2019/1043
f 4514/2020/1151 4513/2021/1151 4520/2012/1151 4519/2013/1151
f 4513/2021/1152 4517/2022/1152 4521/2018/1152 4520/2012/1152
f 4518/2023/1153 4514/2020/1153 4519/2013/1153 4522/2019/1153
f 4517/2022/1154 4518/2023/1154 4522/2019/1154 4521/2018/1154
f 4526/2024/1155 4525/2025/1155 4529/2026/1155 4530/2027/1155
f 4518/2028/1156 4517/2029/1156 4525/2025/1156 4526/2024/1156
f 4517/2029/1157 4513/2014/1157 4524/2017/1157 4525/2025/1157
f 4514/2015/1158 4518/2028/1158 4526/2024/1158 4523/2016/1158
f 4528/2030/1014 4527/2031/1014 4530/2027/1014 4529/2026/1014
f 4525/2025/1159 4524/2017/1159 4528/2030/1159 4529/2026/1159
f 4523/2016/1160 4526/2024/1160 4530/2027/1160 4527/2031/1160
f 4524/2017/1161 4523/2016/1161 4527/2031/1161 4528/2030/1161
f 4531/2032/1013 4532/2033/1013 4539/2033/1013 4540/2032/1013
f 4533/2034/1150 4534/2035/1150 4543/2036/1150 4544/2037/1150
f 4541/2038/1011 4542/2039/1011 4536/2039/1011 4535/2038/1011
f 4535/2038/1076 4536/2039/1076 4532/2033/1076 4531/2032/1076
f 4540/2032/1007 4541/2038/1007 4535/2038/1007 4531/2032/1007
f 4542/2039/1043 4539/2033/1043 4532/2033/1043 4536/2039/1043
f 4534/2040/1151 4533/2041/1151 4540/2032/1151 4539/2033/1151
f 4533/2041/1152 4537/2042/1152 4541/2038/1152 4540/2032/1152
f 4538/2043/1153 4534/2040/1153 4539/2033/1153 4542/2039/1153
f 4537/2042/1154 4538/2043/1154 4542/2039/1154 4541/2038/1154
f 4546/2044/1155 4545/2045/1155 4549/2046/1155 4550/2047/1155
f 4538/2048/1156 4537/2049/1156 4545/2045/1156 4546/2044/1156
f 4537/2049/1157 4533/2034/1157 4544/2037/1157 4545/2045/1157
f 4534/2035/1163 4538/2048/1163 4546/2044/1163 4543/2036/1163
f 4548/2050/1014 4547/2051/1014 4550/2047/1014 4549/2046/1014
f 4545/2045/1334 4544/2037/1334 4548/2050/1334 4549/2046/1334
f 4543/2036/1165 4546/2044/1165 4550/2047/1165 4547/2051/1165
f 4544/2037/1161 4543/2036/1161 4547/2051/1161 4548/2050/1161
f 4551/2052/1013 4552/2053/1013 4559/2053/1013 4560/2052/1013
f 4553/2054/1150 4554/2055/1150 4563/2056/1150 4564/2057/1150
f 4561/2058/1011 4562/2059/1011 4556/2059/1011 4555/2058/1011
f 4555/2058/1076 4556/2059/1076 4552/2053/1076 4551/2052/1076
f 4560/2052/1007 4561/2058/1007 4555/2058/1007 4551/2052/1007
f 4562/2059/1043 4559/2053/1043 4552/2053/1043 4556/2059/1043
f 4554/2060/1151 4553/2061/1151 4560/2052/1151 4559/2053/1151
f 4553/2061/1152 4557/2062/1152 4561/2058/1152 4560/2052/1152
f 4558/2063/1153 4554/2060/1153 4559/2053/1153 4562/2059/1153
f 4557/2062/1154 4558/2063/1154 4562/2059/1154 4561/2058/1154
f 4566/2064/1155 4565/2065/1155 4569/2066/1155 4570/2067/1155
f 4558/2068/1156 4557/2069/1156 4565/2065/1156 4566/2064/1156
f 4557/2069/1337 4553/2054/1337 4564/2057/1337 4565/2065/1337
f 4554/2055/1158 4558/2068/1158 4566/2064/1158 4563/2056/1158
f 4568/2070/1014 4567/2071/1014 4570/2067/1014 4569/2066/1014
f 4565/2065/1338 4564/2057/1338 4568/2070/1338 4569/2066/1338
f 4563/2056/1335 4566/2064/1335 4570/2067/1335 4567/2071/1335
f 4564/2057/1161 4563/2056/1161 4567/2071/1161 4568/2070/1161
f 4571/2072/1013 4572/2073/1013 4579/2073/1013 4580/2072/1013
f 4573/2074/1150 4574/2075/1150 4583/2076/1150 4584/2077/1150
f 4581/2078/1011 4582/2079/1011 4576/2079/1011 4575/2078/1011
f 4575/2078/1076 4576/2079/1076 4572/2073/1076 4571/2072/1076
f 4580/2072/1007 4581/2078/1007 4575/2078/1007 4571/2072/1007
f 4582/2079/1043 4579/2073/1043 4572/2073/1043 4576/2079/1043
f 4574/2080/1151 4573/2081/1151 4580/2072/1151 4579/2073/1151
f 4573/2081/1152 4577/2082/1152 4581/2078/1152 4580/2072/1152
f 4578/2083/1153 4574/2080/1153 4579/2073/1153 4582/2079/1153
f 4577/2082/1154 4578/2083/1154 4582/2079/1154 4581/2078/1154
f 4586/2084/1155 4585/2085/1155 4589/2086/1155 4590/2087/1155
f 4578/2088/1156 4577/2089/1156 4585/2085/1156 4586/2084/1156
f 4577/2089/1157 4573/2074/1157 4584/2077/1157 4585/2085/1157
f 4574/2075/1158 4578/2088/1158 4586/2084/1158 4583/2076/1158
f 4588/2090/1014 4587/2091/1014 4590/2087/1014 4589/2086/1014
f 4585/2085/1159 4584/2077/1159 4588/2090/1159 4589/2086/1159
f 4583/2076/1160 4586/2084/1160 4590/2087/1160 4587/2091/1160
f 4584/2077/1161 4583/2076/1161 4587/2091/1161 4588/2090/1161
f 4591/1918/1013 4592/1919/1013 4599/1919/1013 4600/1918/1013
f 4593/1920/1150 4594/1921/1150 4603/1922/1150 4604/1923/1150
f 4601/1924/1011 4602/1925/1011 4596/1925/1011 4595/1924/1011
f 4595/1924/1076 4596/1925/1076 4592/1919/1076 4591/1918/1076
f 4600/1918/1007 4601/1924/1007 4595/1924/1007 4591/1918/1007
f 4602/1925/1043 4599/1919/1043 4592/1919/1043 4596/1925/1043
f 4594/1926/1151 4593/1927/1151 4600/1918/1151 4599/1919/1151
f 4593/1927/1152 4597/1928/1152 4601/1924/1152 4600/1918/1152
f 4598/1929/1153 4594/1926/1153 4599/1919/1153 4602/1925/1153
f 4597/1928/1154 4598/1929/1154 4602/1925/1154 4601/1924/1154
f 4606/1930/1155 4605/1931/1155 4609/1932/1155 4610/1933/1155
f 4598/1933/1156 4597/1932/1156 4605/1931/1156 4606/1930/1156
f 4597/1932/1157 4593/1920/1157 4604/1923/1157 4605/1931/1157
f 4594/1921/1158 4598/1933/1158 4606/1930/1158 4603/1922/1158
f 4608/1920/1014 4607/1921/1014 4610/1933/1014 4609/1932/1014
f 4605/1931/1159 4604/1923/1159 4608/1920/1159 4609/1932/1159
f 4603/1922/1160 4606/1930/1160 4610/1933/1160 4607/1921/1160
f 4604/1923/1161 4603/1922/1161 4607/1921/1161 4608/1920/1161
f 4611/1918/1013 4612/1919/1013 4619/1919/1013 4620/1918/1013
f 4613/1920/1150 4614/1921/1150 4623/1922/1150 4624/1923/1150
f 4621/1924/1011 4622/1925/1011 4616/1925/1011 4615/1924/1011
f 4615/1924/1076 4616/1925/1076 4612/1919/1076 4611/1918/1076
f 4620/1918/1007 4621/1924/1007 4615/1924/1007 4611/1918/1007
f 4622/1925/1043 4619/1919/1043 4612/1919/1043 4616/1925/1043
f 4614/1926/1151 4613/1927/1151 4620/1918/1151 4619/1919/1151
f 4613/1927/1152 4617/1928/1152 4621/1924/1152 4620/1918/1152
f 4618/1929/1153 4614/1926/1153 4619/1919/1153 4622/1925/1153
f 4617/1928/1154 4618/1929/1154 4622/1925/1154 4621/1924/1154
f 4626/1930/1155 4625/1931/1155 4629/1932/1155 4630/1933/1155
f 4618/1933/1156 4617/1932/1156 4625/1931/1156 4626/1930/1156
f 4617/1932/1157 4613/1920/1157 4624/1923/1157 4625/1931/1157
f 4614/1921/1158 4618/1933/1158 4626/1930/1158 4623/1922/1158
f 4628/1920/1014 4627/1921/1014 4630/1933/1014 4629/1932/1014
f 4625/1931/1334 4624/1923/1334 4628/1920/1334 4629/1932/1334
f 4623/1922/1335 4626/1930/1335 4630/1933/1335 4627/1921/1335
f 4624/1923/1161 4623/1922/1161 4627/1921/1161 4628/1920/1161
f 4631/1918/1013 4632/1919/1013 4639/1919/1013 4640/1918/1013
f 4633/1920/1150 4634/1921/1150 4643/1922/1150 4644/1923/1150
f 4641/1924/1011 4642/1925/1011 4636/1925/1011 4635/1924/1011
f 4635/1924/1076 4636/1925/1076 4632/1919/1076 4631/1918/1076
f 4640/1918/1007 4641/1924/1007 4635/1924/1007 4631/1918/1007
f 4642/1925/1043 4639/1919/1043 4632/1919/1043 4636/1925/1043
f 4634/1926/1151 4633/1927/1151 4640/1918/1151 4639/1919/1151
f 4633/1927/1152 4637/1928/1152 4641/1924/1152 4640/1918/1152
f 4638/1929/1153 4634/1926/1153 4639/1919/1153 4642/1925/1153
f 4637/1928/1154 4638/1929/1154 4642/1925/1154 4641/1924/1154
f 4646/1930/1155 4645/1931/1155 4649/1932/1155 4650/1933/1155
f 4638/1933/1156 4637/1932/1156 4645/1931/1156 4646/1930/1156
f 4637/1932/1157 4633/1920/1157 4644/1923/1157 4645/1931/1157
f 4634/1921/1163 4638/1933/1163 4646/1930/1163 4643/1922/1163
f 4648/1920/1014 4647/1921/1014 4650/1933/1014 4649/1932/1014
f 4645/1931/1159 4644/1923/1159 4648/1920/1159 4649/1932/1159
f 4643/1922/1165 4646/1930/1165 4650/1933/1165 4647/1921/1165
f 4644/1923/1161 4643/1922/1161 4647/1921/1161 4648/1920/1161
f 4651/1918/1013 4652/1919/1013 4659/1919/1013 4660/1918/1013
f 4653/1920/1150 4654/1921/1150 4663/1922/1150 4664/1923/1150
f 4661/1924/1011 4662/1925/1011 4656/1925/1011 4655/1924/1011
f 4655/1924/1076 4656/1925/1076 4652/1919/1076 4651/1918/1076
f 4660/1918/1007 4661/1924/1007 4655/1924/1007 4651/1918/1007
f 4662/1925/1043 4659/1919/1043 4652/1919/1043 4656/1925/1043
f 4654/1926/1151 4653/1927/1151 4660/1918/1151 4659/1919/1151
f 4653/1927/1152 4657/1928/1152 4661/1924/1152 4660/1918/1152
f 4658/1929/1153 4654/1926/1153 4659/1919/1153 4662/1925/1153
f 4657/1928/1154 4658/1929/1154 4662/1925/1154 4661/1924/1154
f 4666/1930/1155 4665/1931/1155 4669/1932/1155 4670/1933/1155
f 4658/1933/1156 4657/1932/1156 4665/1931/1156 4666/1930/1156
f 4657/1932/1157 4653/1920/1157 4664/1923/1157 4665/1931/1157
f 4654/1921/1158 4658/1933/1158 4666/1930/1158 4663/1922/1158
f 4668/1920/1014 4667/1921/1014 4670/1933/1014 4669/1932/1014
f 4665/1931/1159 4664/1923/1159 4668/1920/1159 4669/1932/1159
f 4663/1922/1335 4666/1930/1335 4670/1933/1335 4667/1921/1335
f 4664/1923/1161 4663/1922/1161 4667/1921/1161 4668/1920/1161
f 4671/1918/1013 4672/1919/1013 4679/1919/1013 4680/1918/1013
f 4673/1920/1150 4674/1921/1150 4683/1922/1150 4684/1923/1150
f 4681/1924/1011 4682/1925/1011 4676/1925/1011 4675/1924/1011
f 4675/1924/1076 4676/1925/1076 4672/1919/1076 4671/1918/1076
f 4680/1918/1007 4681/1924/1007 4675/1924/1007 4671/1918/1007
f 4682/1925/1043 4679/1919/1043 4672/1919/1043 4676/1925/1043
f 4674/1926/1151 4673/1927/1151 4680/1918/1151 4679/1919/1151
f 4673/1927/1152 4677/1928/1152 4681/1924/1152 4680/1918/1152
f 4678/1929/1153 4674/1926/1153 4679/1919/1153 4682/1925/1153
f 4677/1928/1154 4678/1929/1154 4682/1925/1154 4681/1924/1154
f 4686/1930/1155 4685/1931/1155 4689/1932/1155 4690/1933/1155
f 4678/1933/1156 4677/1932/1156 4685/1931/1156 4686/1930/1156
f 4677/1932/1337 4673/1920/1337 4684/1923/1337 4685/1931/1337
f 4674/1921/1158 4678/1933/1158 4686/1930/1158 4683/1922/1158
f 4688/1920/1014 4687/1921/1014 4690/1933/1014 4689/1932/1014
f 4685/1931/1338 4684/1923/1338 4688/1920/1338 4689/1932/1338
f 4683/1922/1335 4686/1930/1335 4690/1933/1335 4687/1921/1335
f 4684/1923/1161 4683/1922/1161 4687/1921/1161 4688/1920/1161
f 4691/1918/1013 4692/1919/1013 4699/1919/1013 4700/1918/1013
f 4693/1920/1150 4694/1921/1150 4703/1922/1150 4704/1923/1150
f 4701/1924/1011 4702/1925/1011 4696/1925/1011 4695/1924/1011
f 4695/1924/1076 4696/1925/1076 4692/1919/1076 4691/1918/1076
f 4700/1918/1007 4701/1924/1007 4695/1924/1007 4691/1918/1007
f 4702/1925/1043 4699/1919/1043 4692/1919/1043 4696/1925/1043
f 4694/1926/1151 4693/1927/1151 4700/1918/1151 4699/1919/1151
f 4693/1927/1152 4697/1928/1152 4701/1924/1152 4700/1918/1152
f 4698/1929/1153 4694/1926/1153 4699/1919/1153 4702/1925/1153
f 4697/1928/1154 4698/1929/1154 4702/1925/1154 4701/1924/1154
f 4706/1930/1155 4705/1931/1155 4709/1932/1155 4710/1933/1155
f 4698/1933/1156 4697/1932/1156 4705/1931/1156 4706/1930/1156
f 4697/1932/1157 4693/1920/1157 4704/1923/1157 4705/1931/1157
f 4694/1921/1163 4698/1933/1163 4706/1930/1163 4703/1922/1163
f 4708/1920/1014 4707/1921/1014 4710/1933/1014 4709/1932/1014
f 4705/1931/1334 4704/1923/1334 4708/1920/1334 4709/1932/1334
f 4703/1922/1165 4706/1930/1165 4710/1933/1165 4707/1921/1165
f 4704/1923/1161 4703/1922/1161 4707/1921/1161 4708/1920/1161
f 4711/1918/1013 4712/1919/1013 4719/1919/1013 4720/1918/1013
f 4713/1920/1150 4714/1921/1150 4723/1922/1150 4724/1923/1150
f 4721/1924/1011 4722/1925/1011 4716/1925/1011 4715/1924/1011
f 4715/1924/1076 4716/1925/1076 4712/1919/1076 4711/1918/1076
f 4720/1918/1007 4721/1924/1007 4715/1924/1007 4711/1918/1007
f 4722/1925/1043 4719/1919/1043 4712/1919/1043 4716/1925/1043
f 4714/1926/1151 4713/1927/1151 4720/1918/1151 4719/1919/1151
f 4713/1927/1152 4717/1928/1152 4721/1924/1152 4720/1918/1152
f 4718/1929/1153 4714/1926/1153 4719/1919/1153 4722/1925/1153
f 4717/1928/1154 4718/1929/1154 4722/1925/1154 4721/1924/1154
f 4726/1930/1155 4725/1931/1155 4729/1932/1155 4730/1933/1155
f 4718/1933/1156 4717/1932/1156 4725/1931/1156 4726/1930/1156
f 4717/1932/1157 4713/1920/1157 4724/1923/1157 4725/1931/1157
f 4714/1921/1158 4718/1933/1158 4726/1930/1158 4723/1922/1158
f 4728/1920/1014 4727/1921/1014 4730/1933/1014 4729/1932/1014
f 4725/1931/1334 4724/1923/1334 4728/1920/1334 4729/1932/1334
f 4723/1922/1160 4726/1930/1160 4730/1933/1160 4727/1921/1160
f 4724/1923/1161 4723/1922/1161 4727/1921/1161 4728/1920/1161
f 4731/1918/1013 4732/1919/1013 4739/1919/1013 4740/1918/1013
f 4733/1920/1150 4734/1921/1150 4743/1922/1150 4744/1923/1150
f 4741/1924/1011 4742/1925/1011 4736/1925/1011 4735/1924/1011
f 4735/1924/1076 4736/1925/1076 4732/1919/1076 4731/1918/1076
f 4740/1918/1007 4741/1924/1007 4735/1924/1007 4731/1918/1007
f 4742/1925/1043 4739/1919/1043 4732/1919/1043 4736/1925/1043
f 4734/1926/1151 4733/1927/1151 4740/1918/1151 4739/1919/1151
f 4733/1927/1152 4737/1928/1152 4741/1924/1152 4740/1918/1152
f 4738/1929/1153 4734/1926/1153 4739/1919/1153 4742/1925/1153
f 4737/1928/1154 4738/1929/1154 4742/1925/1154 4741/1924/1154
f 4746/1930/1155 4745/1931/1155 4749/1932/1155 4750/1933/1155
f 4738/1933/1156 4737/1932/1156 4745/1931/1156 4746/1930/1156
f 4737/1932/1157 4733/1920/1157 4744/1923/1157 4745/1931/1157
f 4734/1921/1158 4738/1933/1158 4746/1930/1158 4743/1922/1158
f 4748/1920/1014 4747/1921/1014 4750/1933/1014 4749/1932/1014
f 4745/1931/1159 4744/1923/1159 4748/1920/1159 4749/1932/1159
f 4743/1922/1160 4746/1930/1160 4750/1933/1160 4747/1921/1160
f 4744/1923/1161 4743/1922/1161 4747/1921/1161 4748/1920/1161
f 4751/1918/1011 4752/1919/1011 4759/1919/1011 4760/1918/1011
f 4753/1920/1156 4754/1921/1156 4763/1922/1156 4764/1923/1156
f 4761/1924/1013 4762/1925/1013 4756/1925/1013 4755/1924/1013
f 4755/1924/1076 4756/1925/1076 4752/1919/1076 4751/1918/1076
f 4760/1918/1043 4761/1924/1043 4755/1924/1043 4751/1918/1043
f 4762/1925/1007 4759/1919/1007 4752/1919/1007 4756/1925/1007
f 4754/1926/1339 4753/1927/1339 4760/1918/1339 4759/1919/1339
f 4753/1927/1340 4757/1928/1340 4761/1924/1340 4760/1918/1340
f 4758/1929/1341 4754/1926/1341 4759/1919/1341 4762/1925/1341
f 4757/1928/1342 4758/1929/1342 4762/1925/1342 4761/1924/1342
f 4766/1930/1343 4765/1931/1343 4769/1932/1343 4770/1933/1343
f 4758/1933/1150 4757/1932/1150 4765/1931/1150 4766/1930/1150
f 4757/1932/1163 4753/1920/1163 4764/1923/1163 4765/1931/1163
f 4754/1921/1162 4758/1933/1162 4766/1930/1162 4763/1922/1162
f 4768/1920/1014 4767/1921/1014 4770/1933/1014 4769/1932/1014
f 4765/1931/1344 4764/1923/1344 4768/1920/1344 4769/1932/1344
f 4763/1922/1345 4766/1930/1345 4770/1933/1345 4767/1921/1345
f 4764/1923/1346 4763/1922/1346 4767/1921/1346 4768/1920/1346
f 4771/1918/1011 4772/1919/1011 4779/1919/1011 4780/1918/1011
f 4773/1920/1156 4774/1921/1156 4783/1922/1156 4784/1923/1156
f 4781/1924/1013 4782/1925/1013 4776/1925/1013 4775/1924/1013
f 4775/1924/1076 4776/1925/1076 4772/1919/1076 4771/1918/1076
f 4780/1918/1043 4781/1924/1043 4775/1924/1043 4771/1918/1043
f 4782/1925/1007 4779/1919/1007 4772/1919/1007 4776/1925/1007
f 4774/1926/1339 4773/1927/1339 4780/1918/1339 4779/1919/1339
f 4773/1927/1340 4777/1928/1340 4781/1924/1340 4780/1918/1340
f 4778/1929/1341 4774/1926/1341 4779/1919/1341 4782/1925/1341
f 4777/1928/1342 4778/1929/1342 4782/1925/1342 4781/1924/1342
f 4786/1930/1343 4785/1931/1343 4789/1932/1343 4790/1933/1343
f 4778/1933/1150 4777/1932/1150 4785/1931/1150 4786/1930/1150
f 4777/1932/1163 4773/1920/1163 4784/1923/1163 4785/1931/1163
f 4774/1921/1162 4778/1933/1162 4786/1930/1162 4783/1922/1162
f 4788/1920/1014 4787/1921/1014 4790/1933/1014 4789/1932/1014
f 4785/1931/1344 4784/1923/1344 4788/1920/1344 4789/1932/1344
f 4783/1922/1345 4786/1930/1345 4790/1933/1345 4787/1921/1345
f 4784/1923/1347 4783/1922/1347 4787/1921/1347 4788/1920/1347
f 4791/1918/1011 4792/1919/1011 4799/1919/1011 4800/1918/1011
f 4793/1920/1156 4794/1921/1156 4803/1922/1156 4804/1923/1156
f 4801/1924/1013 4802/1925/1013 4796/1925/1013 4795/1924/1013
f 4795/1924/1076 4796/1925/1076 4792/1919/1076 4791/1918/1076
f 4800/1918/1043 4801/1924/1043 4795/1924/1043 4791/1918/1043
f 4802/1925/1007 4799/1919/1007 4792/1919/1007 4796/1925/1007
f 4794/1926/1339 4793/1927/1339 4800/1918/1339 4799/1919/1339
f 4793/1927/1340 4797/1928/1340 4801/1924/1340 4800/1918/1340
f 4798/1929/1341 4794/1926/1341 4799/1919/1341 4802/1925/1341
f 4797/1928/1348 4798/1929/1348 4802/1925/1348 4801/1924/1348
f 4806/1930/1349 4805/1931/1349 4809/1932/1349 4810/1933/1349
f 4798/1933/1150 4797/1932/1150 4805/1931/1150 4806/1930/1150
f 4797/1932/1163 4793/1920/1163 4804/1923/1163 4805/1931/1163
f 4794/1921/1162 4798/1933/1162 4806/1930/1162 4803/1922/1162
f 4808/1920/1014 4807/1921/1014 4810/1933/1014 4809/1932/1014
f 4805/1931/1344 4804/1923/1344 4808/1920/1344 4809/1932/1344
f 4803/1922/1345 4806/1930/1345 4810/1933/1345 4807/1921/1345
f 4804/1923/1346 4803/1922/1346 4807/1921/1346 4808/1920/1346
f 4811/1918/1011 4812/1919/1011 4819/1919/1011 4820/1918/1011
f 4813/1920/1156 4814/1921/1156 4823/1922/1156 4824/1923/1156
f 4821/1924/1013 4822/1925/1013 4816/1925/1013 4815/1924/1013
f 4815/1924/1076 4816/1925/1076 4812/1919/1076 4811/1918/1076
f 4820/1918/1043 4821/1924/1043 4815/1924/1043 4811/1918/1043
f 4822/1925/1007 4819/1919/1007 4812/1919/1007 4816/1925/1007
f 4814/1926/1339 4813/1927/1339 4820/1918/1339 4819/1919/1339
f 4813/1927/1340 4817/1928/1340 4821/1924/1340 4820/1918/1340
f 4818/1929/1341 4814/1926/1341 4819/1919/1341 4822/1925/1341
f 4817/1928/1342 4818/1929/1342 4822/1925/1342 4821/1924/1342
f 4826/1930/1343 4825/1931/1343 4829/1932/1343 4830/1933/1343
f 4818/1933/1150 4817/1932/1150 4825/1931/1150 4826/1930/1150
f 4817/1932/1163 4813/1920/1163 4824/1923/1163 4825/1931/1163
f 4814/1921/1162 4818/1933/1162 4826/1930/1162 4823/1922/1162
f 4828/1920/1014 4827/1921/1014 4830/1933/1014 4829/1932/1014
f 4825/1931/1344 4824/1923/1344 4828/1920/1344 4829/1932/1344
f 4823/1922/1345 4826/1930/1345 4830/1933/1345 4827/1921/1345
f 4824/1923/1346 4823/1922/1346 4827/1921/1346 4828/1920/1346
f 4831/1918/1011 4832/1919/1011 4839/1919/1011 4840/1918/1011
f 4833/1920/1156 4834/1921/1156 4843/1922/1156 4844/1923/1156
f 4841/1924/1013 4842/1925/1013 4836/1925/1013 4835/1924/1013
f 4835/1924/1076 4836/1925/1076 4832/1919/1076 4831/1918/1076
f 4840/1918/1043 4841/1924/1043 4835/1924/1043 4831/1918/1043
f 4842/1925/1007 4839/1919/1007 4832/1919/1007 4836/1925/1007
f 4834/1926/1339 4833/1927/1339 4840/1918/1339 4839/1919/1339
f 4833/1927/1340 4837/1928/1340 4841/1924/1340 4840/1918/1340
f 4838/1929/1341 4834/1926/1341 4839/1919/1341 4842/1925/1341
f 4837/1928/1342 4838/1929/1342 4842/1925/1342 4841/1924/1342
f 4846/1930/1343 4845/1931/1343 4849/1932/1343 4850/1933/1343
f 4838/1933/1150 4837/1932/1150 4845/1931/1150 4846/1930/1150
f 4837/1932/1163 4833/1920/1163 4844/1923/1163 4845/1931/1163
f 4834/1921/1162 4838/1933/1162 4846/1930/1162 4843/1922/1162
f 4848/1920/1014 4847/1921/1014 4850/1933/1014 4849/1932/1014
f 4845/1931/1344 4844/1923/1344 4848/1920/1344 4849/1932/1344
f 4843/1922/1345 4846/1930/1345 4850/1933/1345 4847/1921/1345
f 4844/1923/1347 4843/1922/1347 4847/1921/1347 4848/1920/1347
f 4851/1918/1011 4852/1919/1011 4859/1919/1011 4860/1918/1011
f 4853/1920/1156 4854/1921/1156 4863/1922/1156 4864/1923/1156
f 4861/1924/1013 4862/1925/1013 4856/1925/1013 4855/1924/1013
f 4855/1924/1076 4856/1925/1076 4852/1919/1076 4851/1918/1076
f 4860/1918/1043 4861/1924/1043 4855/1924/1043 4851/1918/1043
f 4862/1925/1007 4859/1919/1007 4852/1919/1007 4856/1925/1007
f 4854/1926/1339 4853/1927/1339 4860/1918/1339 4859/1919/1339
f 4853/1927/1340 4857/1928/1340 4861/1924/1340 4860/1918/1340
f 4858/1929/1341 4854/1926/1341 4859/1919/1341 4862/1925/1341
f 4857/1928/1348 4858/1929/1348 4862/1925/1348 4861/1924/1348
f 4866/1930/1349 4865/1931/1349 4869/1932/1349 4870/1933/1349
f 4858/1933/1150 4857/1932/1150 4865/1931/1150 4866/1930/1150
f 4857/1932/1163 4853/1920/1163 4864/1923/1163 4865/1931/1163
f 4854/1921/1162 4858/1933/1162 4866/1930/1162 4863/1922/1162
f 4868/1920/1014 4867/1921/1014 4870/1933/1014 4869/1932/1014
f 4865/1931/1344 4864/1923/1344 4868/1920/1344 4869/1932/1344
f 4863/1922/1345 4866/1930/1345 4870/1933/1345 4867/1921/1345
f 4864/1923/1346 4863/1922/1346 4867/1921/1346 4868/1920/1346
f 4871/1918/1011 4872/1919/1011 4879/1919/1011 4880/1918/1011
f 4873/1920/1156 4874/1921/1156 4883/1922/1156 4884/1923/1156
f 4881/1924/1013 4882/1925/1013 4876/1925/1013 4875/1924/1013
f 4875/1924/1076 4876/1925/1076 4872/1919/1076 4871/1918/1076
f 4880/1918/1043 4881/1924/1043 4875/1924/1043 4871/1918/1043
f 4882/1925/1007 4879/1919/1007 4872/1919/1007 4876/1925/1007
f 4874/1926/1339 4873/1927/1339 4880/1918/1339 4879/1919/1339
f 4873/1927/1340 4877/1928/1340 4881/1924/1340 4880/1918/1340
f 4878/1929/1341 4874/1926/1341 4879/1919/1341 4882/1925/1341
f 4877/1928/1342 4878/1929/1342 4882/1925/1342 4881/1924/1342
f 4886/1930/1343 4885/1931/1343 4889/1932/1343 4890/1933/1343
f 4878/1933/1150 4877/1932/1150 4885/1931/1150 4886/1930/1150
f 4877/1932/1163 4873/1920/1163 4884/1923/1163 4885/1931/1163
f 4874/1921/1162 4878/1933/1162 4886/1930/1162 4883/1922/1162
f 4888/1920/1014 4887/1921/1014 4890/1933/1014 4889/1932/1014
f 4885/1931/1344 4884/1923/1344 4888/1920/1344 4889/1932/1344
f 4883/1922/1345 4886/1930/1345 4890/1933/1345 4887/1921/1345
f 4884/1923/1347 4883/1922/1347 4887/1921/1347 4888/1920/1347
f 4891/1918/1013 4892/1919/1013 4899/1919/1013 4900/1918/1013
f 4893/1920/1150 4894/1921/1150 4903/1922/1150 4904/1923/1150
f 4901/1924/1011 4902/1925/1011 4896/1925/1011 4895/1924/1011
f 4895/1924/1076 4896/1925/1076 4892/1919/1076 4891/1918/1076
f 4900/1918/1007 4901/1924/1007 4895/1924/1007 4891/1918/1007
f 4902/1925/1043 4899/1919/1043 4892/1919/1043 4896/1925/1043
f 4894/1926/1151 4893/1927/1151 4900/1918/1151 4899/1919/1151
f 4893/1927/1152 4897/1928/1152 4901/1924/1152 4900/1918/1152
f 4898/1929/1153 4894/1926/1153 4899/1919/1153 4902/1925/1153
f 4897/1928/1154 4898/1929/1154 4902/1925/1154 4901/1924/1154
f 4906/1930/1155 4905/1931/1155 4909/1932/1155 4910/1933/1155
f 4898/1933/1156 4897/1932/1156 4905/1931/1156 4906/1930/1156
f 4897/1932/1157 4893/1920/1157 4904/1923/1157 4905/1931/1157
f 4894/1921/1350 4898/1933/1350 4906/1930/1350 4903/1922/1350
f 4908/1920/1014 4907/1921/1014 4910/1933/1014 4909/1932/1014
f 4905/1931/1334 4904/1923/1334 4908/1920/1334 4909/1932/1334
f 4903/1922/1351 4906/1930/1351 4910/1933/1351 4907/1921/1351
f 4904/1923/1161 4903/1922/1161 4907/1921/1161 4908/1920/1161
f 4911/1918/1013 4912/1919/1013 4919/1919/1013 4920/1918/1013
f 4913/1920/1150 4914/1921/1150 4923/1922/1150 4924/1923/1150
f 4921/1924/1011 4922/1925/1011 4916/1925/1011 4915/1924/1011
f 4915/1924/1076 4916/1925/1076 4912/1919/1076 4911/1918/1076
f 4920/1918/1007 4921/1924/1007 4915/1924/1007 4911/1918/1007
f 4922/1925/1043 4919/1919/1043 4912/1919/1043 4916/1925/1043
f 4914/1926/1151 4913/1927/1151 4920/1918/1151 4919/1919/1151
f 4913/1927/1152 4917/1928/1152 4921/1924/1152 4920/1918/1152
f 4918/1929/1153 4914/1926/1153 4919/1919/1153 4922/1925/1153
f 4917/1928/1154 4918/1929/1154 4922/1925/1154 4921/1924/1154
f 4926/1930/1155 4925/1931/1155 4929/1932/1155 4930/1933/1155
f 4918/1933/1156 4917/1932/1156 4925/1931/1156 4926/1930/1156
f 4917/1932/1157 4913/1920/1157 4924/1923/1157 4925/1931/1157
f 4914/1921/1158 4918/1933/1158 4926/1930/1158 4923/1922/1158
f 4928/1920/1014 4927/1921/1014 4930/1933/1014 4929/1932/1014
f 4925/1931/1334 4924/1923/1334 4928/1920/1334 4929/1932/1334
f 4923/1922/1160 4926/1930/1160 4930/1933/1160 4927/1921/1160
f 4924/1923/1161 4923/1922/1161 4927/1921/1161 4928/1920/1161
f 4931/2092/1013 4932/2093/1013 4939/2093/1013 4940/2092/1013
f 4933/2094/1352 4934/2095/1352 4943/2096/1352 4944/2097/1352
f 4941/2098/1011 4942/2099/1011 4936/2099/1011 4935/2098/1011
f 4935/2098/1076 4936/2099/1076 4932/2093/1076 4931/2092/1076
f 4940/2092/1007 4941/2098/1007 4935/2098/1007 4931/2092/1007
f 4942/2099/1043 4939/2093/1043 4932/2093/1043 4936/2099/1043
f 4934/2100/1353 4933/2101/1353 4940/2092/1353 4939/2093/1353
f 4933/2101/1354 4937/2102/1354 4941/2098/1354 4940/2092/1354
f 4938/2103/1355 4934/2100/1355 4939/2093/1355 4942/2099/1355
f 4937/2102/1356 4938/2103/1356 4942/2099/1356 4941/2098/1356
f 4946/2104/1357 4945/2105/1357 4949/2106/1357 4950/2107/1357
f 4938/2108/1358 4937/2109/1358 4945/2105/1358 4946/2104/1358
f 4937/2109/1359 4933/2094/1359 4944/2097/1359 4945/2105/1359
f 4934/2095/1360 4938/2108/1360 4946/2104/1360 4943/2096/1360
f 4948/2110/1014 4947/2111/1014 4950/2107/1014 4949/2106/1014
f 4945/2105/1361 4944/2097/1361 4948/2110/1361 4949/2106/1361
f 4943/2096/1362 4946/2104/1362 4950/2107/1362 4947/2111/1362
f 4944/2097/1363 4943/2096/1363 4947/2111/1363 4948/2110/1363
f 4951/2092/1013 4952/2093/1013 4959/2093/1013 4960/2092/1013
f 4953/2094/1352 4954/2095/1352 4963/2096/1352 4964/2097/1352
f 4961/2098/1011 4962/2099/1011 4956/2099/1011 4955/2098/1011
f 4955/2098/1076 4956/2099/1076 4952/2093/1076 4951/2092/1076
f 4960/2092/1007 4961/2098/1007 4955/2098/1007 4951/2092/1007
f 4962/2099/1043 4959/2093/1043 4952/2093/1043 4956/2099/1043
f 4954/2100/1353 4953/2101/1353 4960/2092/1353 4959/2093/1353
f 4953/2101/1354 4957/2102/1354 4961/2098/1354 4960/2092/1354
f 4958/2103/1355 4954/2100/1355 4959/2093/1355 4962/2099/1355
f 4957/2102/1356 4958/2103/1356 4962/2099/1356 4961/2098/1356
f 4966/2104/1357 4965/2105/1357 4969/2106/1357 4970/2107/1357
f 4958/2108/1364 4957/2109/1364 4965/2105/1364 4966/2104/1364
f 4957/2109/1359 4953/2094/1359 4964/2097/1359 4965/2105/1359
f 4954/2095/1365 4958/2108/1365 4966/2104/1365 4963/2096/1365
f 4968/2110/1014 4967/2111/1014 4970/2107/1014 4969/2106/1014
f 4965/2105/1366 4964/2097/1366 4968/2110/1366 4969/2106/1366
f 4963/2096/1367 4966/2104/1367 4970/2107/1367 4967/2111/1367
f 4964/2097/1363 4963/2096/1363 4967/2111/1363 4968/2110/1363
f 4971/2092/1013 4972/2093/1013 4979/2093/1013 4980/2092/1013
f 4973/2094/1368 4974/2095/1368 4983/2096/1368 4984/2097/1368
f 4981/2098/1011 4982/2099/1011 4976/2099/1011 4975/2098/1011
f 4975/2098/1076 4976/2099/1076 4972/2093/1076 4971/2092/1076
f 4980/2092/1007 4981/2098/1007 4975/2098/1007 4971/2092/1007
f 4982/2099/1043 4979/2093/1043 4972/2093/1043 4976/2099/1043
f 4974/2100/1353 4973/2101/1353 4980/2092/1353 4979/2093/1353
f 4973/2101/1354 4977/2102/1354 4981/2098/1354 4980/2092/1354
f 4978/2103/1355 4974/2100/1355 4979/2093/1355 4982/2099/1355
f 4977/2102/1356 4978/2103/1356 4982/2099/1356 4981/2098/1356
f 4986/2104/1357 4985/2105/1357 4989/2106/1357 4990/2107/1357
f 4978/2108/1364 4977/2109/1364 4985/2105/1364 4986/2104/1364
f 4977/2109/1359 4973/2094/1359 4984/2097/1359 4985/2105/1359
f 4974/2095/1360 4978/2108/1360 4986/2104/1360 4983/2096/1360
f 4988/2110/1014 4987/2111/1014 4990/2107/1014 4989/2106/1014
f 4985/2105/1361 4984/2097/1361 4988/2110/1361 4989/2106/1361
f 4983/2096/1362 4986/2104/1362 4990/2107/1362 4987/2111/1362
f 4984/2097/1363 4983/2096/1363 4987/2111/1363 4988/2110/1363
f 4991/2092/1013 4992/2093/1013 4999/2093/1013 5000/2092/1013
f 4993/2094/1368 4994/2095/1368 5003/2096/1368 5004/2097/1368
f 5001/2098/1011 5002/2099/1011 4996/2099/1011 4995/2098/1011
f 4995/2098/1076 4996/2099/1076 4992/2093/1076 4991/2092/1076
f 5000/2092/1007 5001/2098/1007 4995/2098/1007 4991/2092/1007
f 5002/2099/1043 4999/2093/1043 4992/2093/1043 4996/2099/1043
f 4994/2100/1353 4993/2101/1353 5000/2092/1353 4999/2093/1353
f 4993/2101/1354 4997/2102/1354 5001/2098/1354 5000/2092/1354
f 4998/2103/1355 4994/2100/1355 4999/2093/1355 5002/2099/1355
f 4997/2102/1356 4998/2103/1356 5002/2099/1356 5001/2098/1356
f 5006/2104/1357 5005/2105/1357 5009/2106/1357 5010/2107/1357
f 4998/2108/1358 4997/2109/1358 5005/2105/1358 5006/2104/1358
f 4997/2109/1359 4993/2094/1359 5004/2097/1359 5005/2105/1359
f 4994/2095/1360 4998/2108/1360 5006/2104/1360 5003/2096/1360
f 5008/2110/1014 5007/2111/1014 5010/2107/1014 5009/2106/1014
f 5005/2105/1361 5004/2097/1361 5008/2110/1361 5009/2106/1361
f 5003/2096/1362 5006/2104/1362 5010/2107/1362 5007/2111/1362
f 5004/2097/1363 5003/2096/1363 5007/2111/1363 5008/2110/1363
f 5011/1918/1013 5012/1919/1013 5019/1919/1013 5020/1918/1013
f 5013/1920/1150 5014/1921/1150 5023/1922/1150 5024/1923/1150
f 5021/1924/1011 5022/1925/1011 5016/1925/1011 5015/1924/1011
f 5015/1924/1076 5016/1925/1076 5012/1919/1076 5011/1918/1076
f 5020/1918/1007 5021/1924/1007 5015/1924/1007 5011/1918/1007
f 5022/1925/1043 5019/1919/1043 5012/1919/1043 5016/1925/1043
f 5014/1926/1151 5013/1927/1151 5020/1918/1151 5019/1919/1151
f 5013/1927/1152 5017/1928/1152 5021/1924/1152 5020/1918/1152
f 5018/1929/1153 5014/1926/1153 5019/1919/1153 5022/1925/1153
f 5017/1928/1154 5018/1929/1154 5022/1925/1154 5021/1924/1154
f 5026/1930/1155 5025/1931/1155 5029/1932/1155 5030/1933/1155
f 5018/1933/1156 5017/1932/1156 5025/1931/1156 5026/1930/1156
f 5017/1932/1157 5013/1920/1157 5024/1923/1157 5025/1931/1157
f 5014/1921/1163 5018/1933/1163 5026/1930/1163 5023/1922/1163
f 5028/1920/1014 5027/1921/1014 5030/1933/1014 5029/1932/1014
f 5025/1931/1334 5024/1923/1334 5028/1920/1334 5029/1932/1334
f 5023/1922/1165 5026/1930/1165 5030/1933/1165 5027/1921/1165
f 5024/1923/1161 5023/1922/1161 5027/1921/1161 5028/1920/1161
f 5031/1918/1013 5032/1919/1013 5039/1919/1013 5040/1918/1013
f 5033/1920/1150 5034/1921/1150 5043/1922/1150 5044/1923/1150
f 5041/1924/1011 5042/1925/1011 5036/1925/1011 5035/1924/1011
f 5035/1924/1076 5036/1925/1076 5032/1919/1076 5031/1918/1076
f 5040/1918/1007 5041/1924/1007 5035/1924/1007 5031/1918/1007
f 5042/1925/1043 5039/1919/1043 5032/1919/1043 5036/1925/1043
f 5034/1926/1151 5033/1927/1151 5040/1918/1151 5039/1919/1151
f 5033/1927/1152 5037/1928/1152 5041/1924/1152 5040/1918/1152
f 5038/1929/1153 5034/1926/1153 5039/1919/1153 5042/1925/1153
f 5037/1928/1154 5038/1929/1154 5042/1925/1154 5041/1924/1154
f 5046/1930/1155 5045/1931/1155 5049/1932/1155 5050/1933/1155
f 5038/1933/1156 5037/1932/1156 5045/1931/1156 5046/1930/1156
f 5037/1932/1157 5033/1920/1157 5044/1923/1157 5045/1931/1157
f 5034/1921/1158 5038/1933/1158 5046/1930/1158 5043/1922/1158
f 5048/1920/1014 5047/1921/1014 5050/1933/1014 5049/1932/1014
f 5045/1931/1159 5044/1923/1159 5048/1920/1159 5049/1932/1159
f 5043/1922/1160 5046/1930/1160 5050/1933/1160 5047/1921/1160
f 5044/1923/1161 5043/1922/1161 5047/1921/1161 5048/1920/1161
f 5051/1918/1013 5052/1919/1013 5059/1919/1013 5060/1918/1013
f 5053/1920/1150 5054/1921/1150 5063/1922/1150 5064/1923/1150
f 5061/1924/1011 5062/1925/1011 5056/1925/1011 5055/1924/1011
f 5055/1924/1076 5056/1925/1076 5052/1919/1076 5051/1918/1076
f 5060/1918/1007 5061/1924/1007 5055/1924/1007 5051/1918/1007
f 5062/1925/1043 5059/1919/1043 5052/1919/1043 5056/1925/1043
f 5054/1926/1151 5053/1927/1151 5060/1918/1151 5059/1919/1151
f 5053/1927/1152 5057/1928/1152 5061/1924/1152 5060/1918/1152
f 5058/1929/1153 5054/1926/1153 5059/1919/1153 5062/1925/1153
f 5057/1928/1154 5058/1929/1154 5062/1925/1154 5061/1924/1154
f 5066/1930/1155 5065/1931/1155 5069/1932/1155 5070/1933/1155
f 5058/1933/1156 5057/1932/1156 5065/1931/1156 5066/1930/1156
f 5057/1932/1157 5053/1920/1157 5064/1923/1157 5065/1931/1157
f 5054/1921/1158 5058/1933/1158 5066/1930/1158 5063/1922/1158
f 5068/1920/1014 5067/1921/1014 5070/1933/1014 5069/1932/1014
f 5065/1931/1334 5064/1923/1334 5068/1920/1334 5069/1932/1334
f 5063/1922/1335 5066/1930/1335 5070/1933/1335 5067/1921/1335
f 5064/1923/1161 5063/1922/1161 5067/1921/1161 5068/1920/1161
f 5071/1918/1013 5072/1919/1013 5079/1919/1013 5080/1918/1013
f 5073/1920/1150 5074/1921/1150 5083/1922/1150 5084/1923/1150
f 5081/1924/1011 5082/1925/1011 5076/1925/1011 5075/1924/1011
f 5075/1924/1076 5076/1925/1076 5072/1919/1076 5071/1918/1076
f 5080/1918/1007 5081/1924/1007 5075/1924/1007 5071/1918/1007
f 5082/1925/1043 5079/1919/1043 5072/1919/1043 5076/1925/1043
f 5074/1926/1342 5073/1927/1342 5080/1918/1342 5079/1919/1342
f 5073/1927/1341 5077/1928/1341 5081/1924/1341 5080/1918/1341
f 5078/1929/1340 5074/1926/1340 5079/1919/1340 5082/1925/1340
f 5077/1928/1339 5078/1929/1339 5082/1925/1339 5081/1924/1339
f 5086/1930/1347 5085/1931/1347 5089/1932/1347 5090/1933/1347
f 5078/1933/1156 5077/1932/1156 5085/1931/1156 5086/1930/1156
f 5077/1932/1157 5073/1920/1157 5084/1923/1157 5085/1931/1157
f 5074/1921/1158 5078/1933/1158 5086/1930/1158 5083/1922/1158
f 5088/1920/1014 5087/1921/1014 5090/1933/1014 5089/1932/1014
f 5085/1931/1369 5084/1923/1369 5088/1920/1369 5089/1932/1369
f 5083/1922/1370 5086/1930/1370 5090/1933/1370 5087/1921/1370
f 5084/1923/1343 5083/1922/1343 5087/1921/1343 5088/1920/1343
f 5091/1918/1013 5092/1919/1013 5099/1919/1013 5100/1918/1013
f 5093/1920/1150 5094/1921/1150 5103/1922/1150 5104/1923/1150
f 5101/1924/1011 5102/1925/1011 5096/1925/1011 5095/1924/1011
f 5095/1924/1076 5096/1925/1076 5092/1919/1076 5091/1918/1076
f 5100/1918/1007 5101/1924/1007 5095/1924/1007 5091/1918/1007
f 5102/1925/1043 5099/1919/1043 5092/1919/1043 5096/1925/1043
f 5094/1926/1342 5093/1927/1342 5100/1918/1342 5099/1919/1342
f 5093/1927/1341 5097/1928/1341 5101/1924/1341 5100/1918/1341
f 5098/1929/1371 5094/1926/1371 5099/1919/1371 5102/1925/1371
f 5097/1928/1339 5098/1929/1339 5102/1925/1339 5101/1924/1339
f 5106/1930/1347 5105/1931/1347 5109/1932/1347 5110/1933/1347
f 5098/1933/1156 5097/1932/1156 5105/1931/1156 5106/1930/1156
f 5097/1932/1157 5093/1920/1157 5104/1923/1157 5105/1931/1157
f 5094/1921/1158 5098/1933/1158 5106/1930/1158 5103/1922/1158
f 5108/1920/1014 5107/1921/1014 5110/1933/1014 5109/1932/1014
f 5105/1931/1369 5104/1923/1369 5108/1920/1369 5109/1932/1369
f 5103/1922/1370 5106/1930/1370 5110/1933/1370 5107/1921/1370
f 5104/1923/1349 5103/1922/1349 5107/1921/1349 5108/1920/1349
f 5111/1918/1013 5112/1919/1013 5119/1919/1013 5120/1918/1013
f 5113/1920/1372 5114/1921/1372 5123/1922/1372 5124/1923/1372
f 5121/1924/1011 5122/1925/1011 5116/1925/1011 5115/1924/1011
f 5115/1924/1076 5116/1925/1076 5112/1919/1076 5111/1918/1076
f 5120/1918/1007 5121/1924/1007 5115/1924/1007 5111/1918/1007
f 5122/1925/1043 5119/1919/1043 5112/1919/1043 5116/1925/1043
f 5114/1926/1342 5113/1927/1342 5120/1918/1342 5119/1919/1342
f 5113/1927/1373 5117/1928/1373 5121/1924/1373 5120/1918/1373
f 5118/1929/1340 5114/1926/1340 5119/1919/1340 5122/1925/1340
f 5117/1928/1339 5118/1929/1339 5122/1925/1339 5121/1924/1339
f 5126/1930/1347 5125/1931/1347 5129/1932/1347 5130/1933/1347
f 5118/1933/1156 5117/1932/1156 5125/1931/1156 5126/1930/1156
f 5117/1932/1162 5113/1920/1162 5124/1923/1162 5125/1931/1162
f 5114/1921/1158 5118/1933/1158 5126/1930/1158 5123/1922/1158
f 5128/1920/1014 5127/1921/1014 5130/1933/1014 5129/1932/1014
f 5125/1931/1369 5124/1923/1369 5128/1920/1369 5129/1932/1369
f 5123/1922/1370 5126/1930/1370 5130/1933/1370 5127/1921/1370
f 5124/1923/1349 5123/1922/1349 5127/1921/1349 5128/1920/1349
f 5131/1918/1013 5132/1919/1013 5139/1919/1013 5140/1918/1013
f 5133/1920/1372 5134/1921/1372 5143/1922/1372 5144/1923/1372
f 5141/1924/1011 5142/1925/1011 5136/1925/1011 5135/1924/1011
f 5135/1924/1076 5136/1925/1076 5132/1919/1076 5131/1918/1076
f 5140/1918/1007 5141/1924/1007 5135/1924/1007 5131/1918/1007
f 5142/1925/1043 5139/1919/1043 5132/1919/1043 5136/1925/1043
f 5134/1926/1342 5133/1927/1342 5140/1918/1342 5139/1919/1342
f 5133/1927/1341 5137/1928/1341 5141/1924/1341 5140/1918/1341
f 5138/1929/1374 5134/1926/1374 5139/1919/1374 5142/1925/1374
f 5137/1928/1375 5138/1929/1375 5142/1925/1375 5141/1924/1375
f 5146/1930/1346 5145/1931/1346 5149/1932/1346 5150/1933/1346
f 5138/1933/1376 5137/1932/1376 5145/1931/1376 5146/1930/1376
f 5137/1932/1157 5133/1920/1157 5144/1923/1157 5145/1931/1157
f 5134/1921/1158 5138/1933/1158 5146/1930/1158 5143/1922/1158
f 5148/1920/1014 5147/1921/1014 5150/1933/1014 5149/1932/1014
f 5145/1931/1334 5144/1923/1334 5148/1920/1334 5149/1932/1334
f 5143/1922/1335 5146/1930/1335 5150/1933/1335 5147/1921/1335
f 5144/1923/1349 5143/1922/1349 5147/1921/1349 5148/1920/1349
f 5151/1918/1013 5152/1919/1013 5159/1919/1013 5160/1918/1013
f 5153/1920/1372 5154/1921/1372 5163/1922/1372 5164/1923/1372
f 5161/1924/1011 5162/1925/1011 5156/1925/1011 5155/1924/1011
f 5155/1924/1076 5156/1925/1076 5152/1919/1076 5151/1918/1076
f 5160/1918/1007 5161/1924/1007 5155/1924/1007 5151/1918/1007
f 5162/1925/1043 5159/1919/1043 5152/1919/1043 5156/1925/1043
f 5154/1926/1342 5153/1927/1342 5160/1918/1342 5159/1919/1342
f 5153/1927/1341 5157/1928/1341 5161/1924/1341 5160/1918/1341
f 5158/1929/1374 5154/1926/1374 5159/1919/1374 5162/1925/1374
f 5157/1928/1339 5158/1929/1339 5162/1925/1339 5161/1924/1339
f 5166/1930/1346 5165/1931/1346 5169/1932/1346 5170/1933/1346
f 5158/1933/1376 5157/1932/1376 5165/1931/1376 5166/1930/1376
f 5157/1932/1162 5153/1920/1162 5164/1923/1162 5165/1931/1162
f 5154/1921/1158 5158/1933/1158 5166/1930/1158 5163/1922/1158
f 5168/1920/1014 5167/1921/1014 5170/1933/1014 5169/1932/1014
f 5165/1931/1334 5164/1923/1334 5168/1920/1334 5169/1932/1334
f 5163/1922/1370 5166/1930/1370 5170/1933/1370 5167/1921/1370
f 5164/1923/1161 5163/1922/1161 5167/1921/1161 5168/1920/1161
f 5171/1918/1013 5172/1919/1013 5179/1919/1013 5180/1918/1013
f 5173/1920/1150 5174/1921/1150 5183/1922/1150 5184/1923/1150
f 5181/1924/1011 5182/1925/1011 5176/1925/1011 5175/1924/1011
f 5175/1924/1076 5176/1925/1076 5172/1919/1076 5171/1918/1076
f 5180/1918/1007 5181/1924/1007 5175/1924/1007 5171/1918/1007
f 5182/1925/1043 5179/1919/1043 5172/1919/1043 5176/1925/1043
f 5174/1926/1342 5173/1927/1342 5180/1918/1342 5179/1919/1342
f 5173/1927/1341 5177/1928/1341 5181/1924/1341 5180/1918/1341
f 5178/1929/1340 5174/1926/1340 5179/1919/1340 5182/1925/1340
f 5177/1928/1339 5178/1929/1339 5182/1925/1339 5181/1924/1339
f 5186/1930/1347 5185/1931/1347 5189/1932/1347 5190/1933/1347
f 5178/1933/1156 5177/1932/1156 5185/1931/1156 5186/1930/1156
f 5177/1932/1162 5173/1920/1162 5184/1923/1162 5185/1931/1162
f 5174/1921/1163 5178/1933/1163 5186/1930/1163 5183/1922/1163
f 5188/1920/1014 5187/1921/1014 5190/1933/1014 5189/1932/1014
f 5185/1931/1345 5184/1923/1345 5188/1920/1345 5189/1932/1345
f 5183/1922/1344 5186/1930/1344 5190/1933/1344 5187/1921/1344
f 5184/1923/1343 5183/1922/1343 5187/1921/1343 5188/1920/1343
f 5191/1918/1013 5192/1919/1013 5199/1919/1013 5200/1918/1013
f 5193/1920/1150 5194/1921/1150 5203/1922/1150 5204/1923/1150
f 5201/1924/1011 5202/1925/1011 5196/1925/1011 5195/1924/1011
f 5195/1924/1076 5196/1925/1076 5192/1919/1076 5191/1918/1076
f 5200/1918/1007 5201/1924/1007 5195/1924/1007 5191/1918/1007
f 5202/1925/1043 5199/1919/1043 5192/1919/1043 5196/1925/1043
f 5194/1926/1342 5193/1927/1342 5200/1918/1342 5199/1919/1342
f 5193/1927/1341 5197/1928/1341 5201/1924/1341 5200/1918/1341
f 5198/1929/1340 5194/1926/1340 5199/1919/1340 5202/1925/1340
f 5197/1928/1339 5198/1929/1339 5202/1925/1339 5201/1924/1339
f 5206/1930/1347 5205/1931/1347 5209/1932/1347 5210/1933/1347
f 5198/1933/1156 5197/1932/1156 5205/1931/1156 5206/1930/1156
f 5197/1932/1157 5193/1920/1157 5204/1923/1157 5205/1931/1157
f 5194/1921/1158 5198/1933/1158 5206/1930/1158 5203/1922/1158
f 5208/1920/1014 5207/1921/1014 5210/1933/1014 5209/1932/1014
f 5205/1931/1369 5204/1923/1369 5208/1920/1369 5209/1932/1369
f 5203/1922/1370 5206/1930/1370 5210/1933/1370 5207/1921/1370
f 5204/1923/1343 5203/1922/1343 5207/1921/1343 5208/1920/1343
f 5211/1918/1013 5212/1919/1013 5219/1919/1013 5220/1918/1013
f 5213/1920/1150 5214/1921/1150 5223/1922/1150 5224/1923/1150
f 5221/1924/1011 5222/1925/1011 5216/1925/1011 5215/1924/1011
f 5215/1924/1076 5216/1925/1076 5212/1919/1076 5211/1918/1076
f 5220/1918/1007 5221/1924/1007 5215/1924/1007 5211/1918/1007
f 5222/1925/1043 5219/1919/1043 5212/1919/1043 5216/1925/1043
f 5214/1926/1377 5213/1927/1377 5220/1918/1377 5219/1919/1377
f 5213/1927/1373 5217/1928/1373 5221/1924/1373 5220/1918/1373
f 5218/1929/1374 5214/1926/1374 5219/1919/1374 5222/1925/1374
f 5217/1928/1339 5218/1929/1339 5222/1925/1339 5221/1924/1339
f 5226/1930/1347 5225/1931/1347 5229/1932/1347 5230/1933/1347
f 5218/1933/1156 5217/1932/1156 5225/1931/1156 5226/1930/1156
f 5217/1932/1157 5213/1920/1157 5224/1923/1157 5225/1931/1157
f 5214/1921/1163 5218/1933/1163 5226/1930/1163 5223/1922/1163
f 5228/1920/1014 5227/1921/1014 5230/1933/1014 5229/1932/1014
f 5225/1931/1159 5224/1923/1159 5228/1920/1159 5229/1932/1159
f 5223/1922/1335 5226/1930/1335 5230/1933/1335 5227/1921/1335
f 5224/1923/1343 5223/1922/1343 5227/1921/1343 5228/1920/1343
f 5231/1918/1013 5232/1919/1013 5239/1919/1013 5240/1918/1013
f 5233/1920/1150 5234/1921/1150 5243/1922/1150 5244/1923/1150
f 5241/1924/1011 5242/1925/1011 5236/1925/1011 5235/1924/1011
f 5235/1924/1076 5236/1925/1076 5232/1919/1076 5231/1918/1076
f 5240/1918/1007 5241/1924/1007 5235/1924/1007 5231/1918/1007
f 5242/1925/1043 5239/1919/1043 5232/1919/1043 5236/1925/1043
f 5234/1926/1342 5233/1927/1342 5240/1918/1342 5239/1919/1342
f 5233/1927/1373 5237/1928/1373 5241/1924/1373 5240/1918/1373
f 5238/1929/1378 5234/1926/1378 5239/1919/1378 5242/1925/1378
f 5237/1928/1339 5238/1929/1339 5242/1925/1339 5241/1924/1339
f 5246/1930/1347 5245/1931/1347 5249/1932/1347 5250/1933/1347
f 5238/1933/1156 5237/1932/1156 5245/1931/1156 5246/1930/1156
f 5237/1932/1162 5233/1920/1162 5244/1923/1162 5245/1931/1162
f 5234/1921/1158 5238/1933/1158 5246/1930/1158 5243/1922/1158
f 5248/1920/1014 5247/1921/1014 5250/1933/1014 5249/1932/1014
f 5245/1931/1159 5244/1923/1159 5248/1920/1159 5249/1932/1159
f 5243/1922/1370 5246/1930/1370 5250/1933/1370 5247/1921/1370
f 5244/1923/1343 5243/1922/1343 5247/1921/1343 5248/1920/1343
f 5251/1918/1013 5252/1919/1013 5259/1919/1013 5260/1918/1013
f 5253/1920/1150 5254/1921/1150 5263/1922/1150 5264/1923/1150
f 5261/1924/1011 5262/1925/1011 5256/1925/1011 5255/1924/1011
f 5255/1924/1076 5256/1925/1076 5252/1919/1076 5251/1918/1076
f 5260/1918/1007 5261/1924/1007 5255/1924/1007 5251/1918/1007
f 5262/1925/1043 5259/1919/1043 5252/1919/1043 5256/1925/1043
f 5254/1926/1342 5253/1927/1342 5260/1918/1342 5259/1919/1342
f 5253/1927/1373 5257/1928/1373 5261/1924/1373 5260/1918/1373
f 5258/1929/1374 5254/1926/1374 5259/1919/1374 5262/1925/1374
f 5257/1928/1339 5258/1929/1339 5262/1925/1339 5261/1924/1339
f 5266/1930/1347 5265/1931/1347 5269/1932/1347 5270/1933/1347
f 5258/1933/1156 5257/1932/1156 5265/1931/1156 5266/1930/1156
f 5257/1932/1162 5253/1920/1162 5264/1923/1162 5265/1931/1162
f 5254/1921/1158 5258/1933/1158 5266/1930/1158 5263/1922/1158
f 5268/1920/1014 5267/1921/1014 5270/1933/1014 5269/1932/1014
f 5265/1931/1159 5264/1923/1159 5268/1920/1159 5269/1932/1159
f 5263/1922/1335 5266/1930/1335 5270/1933/1335 5267/1921/1335
f 5264/1923/1343 5263/1922/1343 5267/1921/1343 5268/1920/1343
f 5296/1934/1076 5298/1935/1076 5273/1936/1076 5272/1937/1076
f 5297/1938/1076 5295/1939/1076 5275/1940/1076 5274/1941/1076
f 5322/1942/1076 5297/1938/1076 5274/1941/1076 5308/1943/1076
f 5300/1934/1196 5280/1937/1196 5281/1936/1196 5302/1935/1196
f 5301/1938/1166 5282/1941/1166 5283/1940/1166 5299/1939/1166
f 5331/1943/1043 5282/1941/1043 5288/1941/1043 5314/1943/1043
f 5296/1934/1013 5272/1937/1013 5280/1937/1013 5300/1934/1013
f 5276/1944/1199 5277/1945/1199 5285/1945/1199 5284/1944/1199
f 5274/1941/1216 5275/1940/1216 5283/1940/1216 5282/1941/1216
f 5271/1946/1169 5278/1947/1169 5286/1947/1169 5279/1946/1169
f 5309/1948/1007 5271/1946/1007 5279/1946/1007 5311/1948/1007
f 5308/1943/1043 5274/1941/1043 5282/1941/1043 5331/1943/1043
f 5295/1939/1379 5276/1944/1011 5284/1944/1011 5299/1939/1379
f 5272/1937/1270 5273/1936/1270 5281/1936/1270 5280/1937/1270
f 5304/1935/1281 5287/1936/1252 5291/1949/1252 5306/1950/1281
f 5301/1938/1011 5285/1945/1011 5290/1945/1011 5303/1938/1011
f 5302/1935/1013 5281/1936/1013 5287/1936/1013 5304/1935/1013
f 5311/1948/1007 5279/1946/1007 5289/1946/1007 5315/1948/1007
f 5321/1951/1014 5332/1952/1014 5292/1953/1014 5305/1954/1014
f 5315/1948/1319 5289/1946/1253 5293/1955/1253 5318/1956/1260
f 5303/1938/1239 5290/1945/1298 5294/1957/1298 5305/1954/1239
f 5314/1943/1380 5288/1941/1173 5292/1953/1173 5332/1952/1380
f 5288/1941/1172 5303/1938/1239 5305/1954/1239 5292/1953/1239
f 5319/1958/1014 5321/1951/1014 5305/1954/1014 5294/1957/1014
f 5279/1946/1013 5302/1935/1013 5304/1935/1013 5289/1946/1013
f 5282/1941/1011 5301/1938/1011 5303/1938/1011 5288/1941/1011
f 5289/1946/1202 5304/1935/1281 5306/1950/1281 5293/1955/1202
f 5275/1940/1381 5295/1939/1379 5299/1939/1379 5283/1940/1381
f 5278/1947/1013 5296/1934/1013 5300/1934/1013 5286/1947/1013
f 5285/1945/1166 5301/1938/1166 5299/1939/1166 5284/1944/1166
f 5286/1947/1196 5300/1934/1196 5302/1935/1196 5279/1946/1196
f 5310/1959/1076 5277/1945/1076 5297/1938/1076 5322/1942/1076
f 5277/1945/1076 5276/1944/1076 5295/1939/1076 5297/1938/1076
f 5278/1947/1076 5271/1946/1076 5298/1935/1076 5296/1934/1076
f 5271/1946/1076 5309/1948/1076 5323/1960/1076 5298/1935/1076
f 5320/1961/1014 5321/1951/1014 5319/1958/1014 5318/1956/1014
f 5293/1955/1014 5306/1950/1014 5320/1961/1014 5318/1956/1014
f 5287/1936/1238 5313/1962/1382 5317/1963/1383 5291/1949/1238
f 5315/1948/1319 5318/1956/1260 5319/1958/1260 5316/1959/1260
f 5290/1945/1319 5316/1959/1260 5319/1958/1260 5294/1957/1319
f 5306/1950/1014 5291/1949/1014 5317/1963/1014 5320/1961/1014
f 5311/1948/1007 5315/1948/1007 5316/1959/1007 5312/1959/1007
f 5285/1945/1007 5312/1959/1007 5316/1959/1007 5290/1945/1007
f 5307/1962/1043 5308/1943/1043 5331/1943/1043 5330/1962/1043
f 5273/1936/1043 5307/1962/1043 5330/1962/1043 5281/1936/1043
f 5309/1948/1007 5311/1948/1007 5312/1959/1007 5310/1959/1007
f 5277/1945/1007 5310/1959/1007 5312/1959/1007 5285/1945/1007
f 5281/1936/1043 5330/1962/1043 5313/1962/1043 5287/1936/1043
f 5322/1942/1076 5308/1943/1076 5307/1962/1076 5323/1960/1076
f 5298/1935/1076 5323/1960/1076 5307/1962/1076 5273/1936/1076
f 5309/1948/1076 5310/1959/1076 5322/1942/1076 5323/1960/1076
f 5326/1964/1384 5328/1965/1291 5329/1966/1385 5327/1967/1384
f 5327/1967/1240 5329/1966/1240 5325/1968/1241 5324/1969/1241
f 5333/1970/1242 5334/1971/1242 5328/1965/1285 5326/1964/1285
f 5334/1972/1242 5333/1973/1242 5330/1974/1043 5331/1975/1043
f 5324/1976/1241 5325/1977/1241 5321/1978/1014 5320/1979/1014
f 5326/1980/1384 5327/1981/1384 5317/1982/1383 5313/1974/1382
f 5329/1983/1385 5328/1984/1291 5314/1975/1380 5332/1985/1380
f 5327/1981/1265 5324/1976/1265 5320/1979/1265 5317/1982/1265
f 5325/1977/1266 5329/1983/1266 5332/1985/1266 5321/1978/1266
f 5333/1973/1315 5326/1980/1315 5313/1974/1315 5330/1974/1315
f 5328/1984/1297 5334/1972/1297 5331/1975/1297 5314/1975/1297
f 5360/1934/1076 5362/1935/1076 5337/1936/1076 5336/1937/1076
f 5361/1938/1076 5359/1939/1076 5339/1940/1076 5338/1941/1076
f 5386/1942/1076 5361/1938/1076 5338/1941/1076 5372/1943/1076
f 5364/1934/1196 5344/1937/1196 5345/1936/1196 5366/1935/1196
f 5365/1938/1166 5346/1941/1166 5347/1940/1166 5363/1939/1166
f 5395/1943/1043 5346/1941/1043 5352/1941/1043 5378/1943/1043
f 5360/1934/1013 5336/1937/1013 5344/1937/1013 5364/1934/1013
f 5340/1944/1199 5341/1945/1199 5349/1945/1199 5348/1944/1199
f 5338/1941/1170 5339/1940/1170 5347/1940/1170 5346/1941/1170
f 5335/1946/1169 5342/1947/1169 5350/1947/1169 5343/1946/1169
f 5373/1948/1007 5335/1946/1007 5343/1946/1007 5375/1948/1007
f 5372/1943/1043 5338/1941/1043 5346/1941/1043 5395/1943/1043
f 5359/1939/1011 5340/1944/1011 5348/1944/1011 5363/1939/1011
f 5336/1937/1270 5337/1936/1270 5345/1936/1270 5344/1937/1270
f 5368/1935/1252 5351/1936/1252 5355/1949/1252 5370/1950/1252
f 5365/1938/1011 5349/1945/1011 5354/1945/1011 5367/1938/1011
f 5366/1935/1013 5345/1936/1013 5351/1936/1013 5368/1935/1013
f 5375/1948/1007 5343/1946/1007 5353/1946/1007 5379/1948/1007
f 5385/1951/1014 5396/1952/1014 5356/1953/1014 5369/1954/1014
f 5379/1948/1386 5353/1946/1386 5357/1955/1386 5382/1956/1176
f 5367/1938/1172 5354/1945/1387 5358/1957/1387 5369/1954/1172
f 5378/1943/1388 5352/1941/1389 5356/1953/1389 5396/1952/1204
f 5352/1941/1390 5367/1938/1172 5369/1954/1172 5356/1953/1390
f 5383/1958/1014 5385/1951/1014 5369/1954/1014 5358/1957/1014
f 5343/1946/1013 5366/1935/1013 5368/1935/1013 5353/1946/1013
f 5346/1941/1011 5365/1938/1011 5367/1938/1011 5352/1941/1011
f 5353/1946/1252 5368/1935/1252 5370/1950/1252 5357/1955/1252
f 5339/1940/1011 5359/1939/1011 5363/1939/1011 5347/1940/1011
f 5342/1947/1013 5360/1934/1013 5364/1934/1013 5350/1947/1013
f 5349/1945/1166 5365/1938/1166 5363/1939/1166 5348/1944/1166
f 5350/1947/1196 5364/1934/1196 5366/1935/1196 5343/1946/1196
f 5374/1959/1076 5341/1945/1076 5361/1938/1076 5386/1942/1076
f 5341/1945/1076 5340/1944/1076 5359/1939/1076 5361/1938/1076
f 5342/1947/1076 5335/1946/1076 5362/1935/1076 5360/1934/1076
f 5335/1946/1076 5373/1948/1076 5387/1960/1076 5362/1935/1076
f 5384/1961/1014 5385/1951/1014 5383/1958/1014 5382/1956/1014
f 5357/1955/1014 5370/1950/1014 5384/1961/1014 5382/1956/1014
f 5351/1936/1389 5377/1962/1274 5381/1963/1391 5355/1949/1389
f 5379/1948/1386 5382/1956/1176 5383/1958/1175 5380/1959/1386
f 5354/1945/1386 5380/1959/1386 5383/1958/1175 5358/1957/1386
f 5370/1950/1014 5355/1949/1014 5381/1963/1014 5384/1961/1014
f 5375/1948/1007 5379/1948/1007 5380/1959/1007 5376/1959/1007
f 5349/1945/1007 5376/1959/1007 5380/1959/1007 5354/1945/1007
f 5371/1962/1043 5372/1943/1043 5395/1943/1043 5394/1962/1043
f 5337/1936/1043 5371/1962/1043 5394/1962/1043 5345/1936/1043
f 5373/1948/1007 5375/1948/1007 5376/1959/1007 5374/1959/1007
f 5341/1945/1007 5374/1959/1007 5376/1959/1007 5349/1945/1007
f 5345/1936/1043 5394/1962/1043 5377/1962/1043 5351/1936/1043
f 5386/1942/1076 5372/1943/1076 5371/1962/1076 5387/1960/1076
f 5362/1935/1076 5387/1960/1076 5371/1962/1076 5337/1936/1076
f 5373/1948/1076 5374/1959/1076 5386/1942/1076 5387/1960/1076
f 5390/1964/1391 5392/1965/1204 5393/1966/1204 5391/1967/1274
f 5391/1967/1240 5393/1966/1240 5389/1968/1241 5388/1969/1241
f 5397/1970/1242 5398/1971/1264 5392/1965/1243 5390/1964/1243
f 5398/1972/1264 5397/1973/1242 5394/1974/1043 5395/1975/1043
f 5388/1976/1241 5389/1977/1241 5385/1978/1014 5384/1979/1014
f 5390/1980/1391 5391/1981/1274 5381/1982/1391 5377/1974/1274
f 5393/1983/1204 5392/1984/1204 5378/1975/1388 5396/1985/1204
f 5391/1981/1314 5388/1976/1314 5384/1979/1314 5381/1982/1314
f 5389/1977/1245 5393/1983/1245 5396/1985/1245 5385/1978/1245
f 5397/1973/1392 5390/1980/1392 5377/1974/1392 5394/1974/1392
f 5392/1984/1393 5398/1972/1393 5395/1975/1393 5378/1975/1393
f 5424/1934/1076 5426/1935/1076 5401/1936/1076 5400/1937/1076
f 5425/1938/1076 5423/1939/1076 5403/1940/1076 5402/1941/1076
f 5450/1942/1076 5425/1938/1076 5402/1941/1076 5436/1943/1076
f 5428/1934/1196 5408/1937/1196 5409/1936/1196 5430/1935/1196
f 5429/1938/1166 5410/1941/1166 5411/1940/1166 5427/1939/1166
f 5459/1943/1043 5410/1941/1043 5416/1941/1043 5442/1943/1043
f 5424/1934/1013 5400/1937/1013 5408/1937/1013 5428/1934/1013
f 5404/1944/1199 5405/1945/1199 5413/1945/1199 5412/1944/1199
f 5402/1941/1170 5403/1940/1170 5411/1940/1170 5410/1941/1170
f 5399/1946/1169 5406/1947/1169 5414/1947/1169 5407/1946/1169
f 5437/1948/1007 5399/1946/1007 5407/1946/1007 5439/1948/1007
f 5436/1943/1043 5402/1941/1043 5410/1941/1043 5459/1943/1043
f 5423/1939/1011 5404/1944/1011 5412/1944/1011 5427/1939/1011
f 5400/1937/1270 5401/1936/1270 5409/1936/1270 5408/1937/1270
f 5432/1935/1251 5415/1936/1251 5419/1949/1251 5434/1950/1251
f 5429/1938/1011 5413/1945/1011 5418/1945/1011 5431/1938/1011
f 5430/1935/1013 5409/1936/1013 5415/1936/1013 5432/1935/1013
f 5439/1948/1007 5407/1946/1007 5417/1946/1007 5443/1948/1007
f 5449/1951/1014 5460/1952/1014 5420/1953/1014 5433/1954/1014
f 5443/1948/1394 5417/1946/1319 5421/1955/1203 5446/1956/1175
f 5431/1938/1239 5418/1945/1239 5422/1957/1239 5433/1954/1239
f 5442/1943/1262 5416/1941/1257 5420/1953/1257 5460/1952/1204
f 5416/1941/1239 5431/1938/1239 5433/1954/1239 5420/1953/1239
f 5447/1958/1014 5449/1951/1014 5433/1954/1014 5422/1957/1014
f 5407/1946/1013 5430/1935/1013 5432/1935/1013 5417/1946/1013
f 5410/1941/1011 5429/1938/1011 5431/1938/1011 5416/1941/1011
f 5417/1946/1395 5432/1935/1251 5434/1950/1251 5421/1955/1395
f 5403/1940/1011 5423/1939/1011 5427/1939/1011 5411/1940/1011
f 5406/1947/1013 5424/1934/1013 5428/1934/1013 5414/1947/1013
f 5413/1945/1166 5429/1938/1166 5427/1939/1166 5412/1944/1166
f 5414/1947/1196 5428/1934/1196 5430/1935/1196 5407/1946/1196
f 5438/1959/1076 5405/1945/1076 5425/1938/1076 5450/1942/1076
f 5405/1945/1076 5404/1944/1076 5423/1939/1076 5425/1938/1076
f 5406/1947/1076 5399/1946/1076 5426/1935/1076 5424/1934/1076
f 5399/1946/1076 5437/1948/1076 5451/1960/1076 5426/1935/1076
f 5448/1961/1014 5449/1951/1014 5447/1958/1014 5446/1956/1014
f 5421/1955/1014 5434/1950/1014 5448/1961/1014 5446/1956/1014
f 5415/1936/1257 5441/1962/1262 5445/1963/1396 5419/1949/1257
f 5443/1948/1394 5446/1956/1175 5447/1958/1394 5444/1959/1394
f 5418/1945/1397 5444/1959/1394 5447/1958/1394 5422/1957/1397
f 5434/1950/1014 5419/1949/1014 5445/1963/1014 5448/1961/1014
f 5439/1948/1007 5443/1948/1007 5444/1959/1007 5440/1959/1007
f 5413/1945/1007 5440/1959/1007 5444/1959/1007 5418/1945/1007
f 5435/1962/1043 5436/1943/1043 5459/1943/1043 5458/1962/1043
f 5401/1936/1043 5435/1962/1043 5458/1962/1043 5409/1936/1043
f 5437/1948/1007 5439/1948/1007 5440/1959/1007 5438/1959/1007
f 5405/1945/1007 5438/1959/1007 5440/1959/1007 5413/1945/1007
f 5409/1936/1043 5458/1962/1043 5441/1962/1043 5415/1936/1043
f 5450/1942/1076 5436/1943/1076 5435/1962/1076 5451/1960/1076
f 5426/1935/1076 5451/1960/1076 5435/1962/1076 5401/1936/1076
f 5437/1948/1076 5438/1959/1076 5450/1942/1076 5451/1960/1076
f 5454/1964/1237 5456/1965/1237 5457/1966/1237 5455/1967/1237
f 5455/1967/1240 5457/1966/1240 5453/1968/1263 5452/1969/1263
f 5461/1970/1242 5462/1971/1242 5456/1965/1243 5454/1964/1243
f 5462/1972/1242 5461/1973/1242 5458/1974/1043 5459/1975/1043
f 5452/1976/1263 5453/1977/1263 5449/1978/1014 5448/1979/1014
f 5454/1980/1237 5455/1981/1237 5445/1982/1396 5441/1974/1262
f 5457/1983/1237 5456/1984/1237 5442/1975/1262 5460/1985/1204
f 5455/1981/1244 5452/1976/1244 5448/1979/1244 5445/1982/1244
f 5453/1977/1305 5457/1983/1305 5460/1985/1305 5449/1978/1305
f 5461/1973/1267 5454/1980/1267 5441/1974/1267 5458/1974/1267
f 5456/1984/1279 5462/1972/1279 5459/1975/1279 5442/1975/1279
f 5488/1934/1076 5490/1935/1076 5465/1936/1076 5464/1937/1076
f 5489/1938/1076 5487/1939/1076 5467/1940/1076 5466/1941/1076
f 5514/1942/1076 5489/1938/1076 5466/1941/1076 5500/1943/1076
f 5492/1934/1398 5472/1937/1398 5473/1936/1398 5494/1935/1398
f 5493/1938/1167 5474/1941/1167 5475/1940/1167 5491/1939/1167
f 5523/1943/1007 5474/1941/1007 5480/1941/1007 5506/1943/1007
f 5488/1934/1011 5464/1937/1011 5472/1937/1011 5492/1934/1011
f 5468/1944/1270 5469/1945/1270 5477/1945/1270 5476/1944/1270
f 5466/1941/1169 5467/1940/1169 5475/1940/1169 5474/1941/1169
f 5463/1946/1170 5470/1947/1170 5478/1947/1170 5471/1946/1170
f 5501/1948/1043 5463/1946/1043 5471/1946/1043 5503/1948/1043
f 5500/1943/1007 5466/1941/1007 5474/1941/1007 5523/1943/1007
f 5487/1939/1013 5468/1944/1013 5476/1944/1013 5491/1939/1013
f 5464/1937/1199 5465/1936/1199 5473/1936/1199 5472/1937/1199
f 5496/1935/1390 5479/1936/1239 5483/1949/1239 5498/1950/1390
f 5493/1938/1013 5477/1945/1013 5482/1945/1013 5495/1938/1013
f 5494/1935/1011 5473/1936/1011 5479/1936/1011 5496/1935/1011
f 5503/1948/1043 5471/1946/1043 5481/1946/1043 5507/1948/1043
f 5513/1951/1014 5524/1952/1014 5484/1953/1014 5497/1954/1014
f 5507/1948/1173 5481/1946/1173 5485/1955/1173 5510/1956/1173
f 5495/1938/1252 5482/1945/1251 5486/1957/1251 5497/1954/1252
f 5506/1943/1319 5480/1941/1175 5484/1953/1175 5524/1952/1203
f 5480/1941/1252 5495/1938/1252 5497/1954/1252 5484/1953/1252
f 5511/1958/1014 5513/1951/1014 5497/1954/1014 5486/1957/1014
f 5471/1946/1011 5494/1935/1011 5496/1935/1011 5481/1946/1011
f 5474/1941/1013 5493/1938/1013 5495/1938/1013 5480/1941/1013
f 5481/1946/1399 5496/1935/1390 5498/1950/1390 5485/1955/1399
f 5467/1940/1013 5487/1939/1013 5491/1939/1013 5475/1940/1013
f 5470/1947/1011 5488/1934/1011 5492/1934/1011 5478/1947/1011
f 5477/1945/1167 5493/1938/1167 5491/1939/1167 5476/1944/1167
f 5478/1947/1398 5492/1934/1398 5494/1935/1398 5471/1946/1398
f 5502/1959/1076 5469/1945/1076 5489/1938/1076 5514/1942/1076
f 5469/1945/1076 5468/1944/1076 5487/1939/1076 5489/1938/1076
f 5470/1947/1076 5463/1946/1076 5490/1935/1076 5488/1934/1076
f 5463/1946/1076 5501/1948/1076 5515/1960/1076 5490/1935/1076
f 5512/1961/1014 5513/1951/1014 5511/1958/1014 5510/1956/1014
f 5485/1955/1014 5498/1950/1014 5512/1961/1014 5510/1956/1014
f 5479/1936/1176 5505/1962/1400 5509/1963/1400 5483/1949/1176
f 5507/1948/1173 5510/1956/1173 5511/1958/1173 5508/1959/1173
f 5482/1945/1173 5508/1959/1173 5511/1958/1173 5486/1957/1173
f 5498/1950/1014 5483/1949/1014 5509/1963/1014 5512/1961/1014
f 5503/1948/1043 5507/1948/1043 5508/1959/1043 5504/1959/1043
f 5477/1945/1043 5504/1959/1043 5508/1959/1043 5482/1945/1043
f 5499/1962/1007 5500/1943/1007 5523/1943/1007 5522/1962/1007
f 5465/1936/1007 5499/1962/1007 5522/1962/1007 5473/1936/1007
f 5501/1948/1043 5503/1948/1043 5504/1959/1043 5502/1959/1043
f 5469/1945/1043 5502/1959/1043 5504/1959/1043 5477/1945/1043
f 5473/1936/1007 5522/1962/1007 5505/1962/1007 5479/1936/1007
f 5514/1942/1076 5500/1943/1076 5499/1962/1076 5515/1960/1076
f 5490/1935/1076 5515/1960/1076 5499/1962/1076 5465/1936/1076
f 5501/1948/1076 5502/1959/1076 5514/1942/1076 5515/1960/1076
f 5518/1964/1401 5520/1965/1203 5521/1966/1175 5519/1967/1401
f 5519/1967/1185 5521/1966/1185 5517/1968/1186 5516/1969/1186
f 5525/1970/1402 5526/1971/1403 5520/1965/1188 5518/1964/1188
f 5526/1972/1403 5525/1973/1402 5522/1974/1007 5523/1975/1007
f 5516/1976/1186 5517/1977/1186 5513/1978/1014 5512/1979/1014
f 5518/1980/1401 5519/1981/1401 5509/1982/1400 5505/1974/1400
f 5521/1983/1175 5520/1984/1203 5506/1975/1319 5524/1985/1203
f 5519/1981/1189 5516/1976/1189 5512/1979/1189 5509/1982/1189
f 5517/1977/1190 5521/1983/1190 5524/1985/1190 5513/1978/1190
f 5525/1973/1404 5518/1980/1405 5505/1974/1404 5522/1974/1405
f 5520/1984/1406 5526/1972/1406 5523/1975/1406 5506/1975/1406
f 5552/1934/1076 5554/1935/1076 5529/1936/1076 5528/1937/1076
f 5553/1938/1076 5551/1939/1076 5531/1940/1076 5530/1941/1076
f 5578/1942/1076 5553/1938/1076 5530/1941/1076 5564/1943/1076
f 5556/1934/1407 5536/1937/1407 5537/1936/1407 5558/1935/1407
f 5557/1938/1408 5538/1941/1408 5539/1940/1408 5555/1939/1408
f 5587/1943/1013 5538/1941/1013 5544/1941/1013 5570/1943/1013
f 5552/1934/1007 5528/1937/1007 5536/1937/1007 5556/1934/1007
f 5532/1944/1170 5533/1945/1170 5541/1945/1170 5540/1944/1170
f 5530/1941/1270 5531/1940/1270 5539/1940/1270 5538/1941/1270
f 5527/1946/1199 5534/1947/1199 5542/1947/1199 5535/1946/1199
f 5565/1948/1011 5527/1946/1011 5535/1946/1011 5567/1948/1011
f 5564/1943/1013 5530/1941/1013 5538/1941/1013 5587/1943/1013
f 5551/1939/1043 5532/1944/1043 5540/1944/1043 5555/1939/1043
f 5528/1937/1169 5529/1936/1169 5537/1936/1169 5536/1937/1169
f 5560/1935/1409 5543/1936/1409 5547/1949/1409 5562/1950/1409
f 5557/1938/1043 5541/1945/1043 5546/1945/1043 5559/1938/1043
f 5558/1935/1007 5537/1936/1007 5543/1936/1007 5560/1935/1007
f 5567/1948/1011 5535/1946/1011 5545/1946/1011 5571/1948/1011
f 5577/1951/1014 5588/1952/1014 5548/1953/1014 5561/1954/1014
f 5571/1948/1410 5545/1946/1410 5549/1955/1410 5574/1956/1411
f 5559/1938/1412 5546/1945/1413 5550/1957/1413 5561/1954/1412
f 5570/1943/1414 5544/1941/1415 5548/1953/1415 5588/1952/1416
f 5544/1941/1412 5559/1938/1412 5561/1954/1412 5548/1953/1413
f 5575/1958/1014 5577/1951/1014 5561/1954/1014 5550/1957/1014
f 5535/1946/1007 5558/1935/1007 5560/1935/1007 5545/1946/1007
f 5538/1941/1043 5557/1938/1043 5559/1938/1043 5544/1941/1043
f 5545/1946/1417 5560/1935/1409 5562/1950/1409 5549/1955/1417
f 5531/1940/1043 5551/1939/1043 5555/1939/1043 5539/1940/1043
f 5534/1947/1007 5552/1934/1007 5556/1934/1007 5542/1947/1007
f 5541/1945/1408 5557/1938/1408 5555/1939/1408 5540/1944/1408
f 5542/1947/1407 5556/1934/1407 5558/1935/1407 5535/1946/1407
f 5566/1959/1076 5533/1945/1076 5553/1938/1076 5578/1942/1076
f 5533/1945/1076 5532/1944/1076 5551/1939/1076 5553/1938/1076
f 5534/1947/1076 5527/1946/1076 5554/1935/1076 5552/1934/1076
f 5527/1946/1076 5565/1948/1076 5579/1960/1076 5554/1935/1076
f 5576/1961/1014 5577/1951/1014 5575/1958/1014 5574/1956/1014
f 5549/1955/1014 5562/1950/1014 5576/1961/1014 5574/1956/1014
f 5543/1936/1418 5569/1962/1419 5573/1963/1420 5547/1949/1418
f 5571/1948/1410 5574/1956/1411 5575/1958/1411 5572/1959/1411
f 5546/1945/1411 5572/1959/1411 5575/1958/1411 5550/1957/1411
f 5562/1950/1014 5547/1949/1014 5573/1963/1014 5576/1961/1014
f 5567/1948/1011 5571/1948/1011 5572/1959/1011 5568/1959/1011
f 5541/1945/1011 5568/1959/1011 5572/1959/1011 5546/1945/1011
f 5563/1962/1013 5564/1943/1013 5587/1943/1013 5586/1962/1013
f 5529/1936/1013 5563/1962/1013 5586/1962/1013 5537/1936/1013
f 5565/1948/1011 5567/1948/1011 5568/1959/1011 5566/1959/1011
f 5533/1945/1011 5566/1959/1011 5568/1959/1011 5541/1945/1011
f 5537/1936/1013 5586/1962/1013 5569/1962/1013 5543/1936/1013
f 5578/1942/1076 5564/1943/1076 5563/1962/1076 5579/1960/1076
f 5554/1935/1076 5579/1960/1076 5563/1962/1076 5529/1936/1076
f 5565/1948/1076 5566/1959/1076 5578/1942/1076 5579/1960/1076
f 5582/1964/1421 5584/1965/1422 5585/1966/1422 5583/1967/1421
f 5583/1967/1423 5585/1966/1423 5581/1968/1424 5580/1969/1424
f 5589/1970/1425 5590/1971/1425 5584/1965/1426 5582/1964/1426
f 5590/1972/1425 5589/1973/1425 5586/1974/1013 5587/1975/1013
f 5580/1976/1424 5581/1977/1424 5577/1978/1014 5576/1979/1014
f 5582/1980/1421 5583/1981/1421 5573/1982/1420 5569/1974/1419
f 5585/1983/1422 5584/1984/1422 5570/1975/1414 5588/1985/1416
f 5583/1981/1427 5580/1976/1427 5576/1979/1427 5573/1982/1427
f 5581/1977/1428 5585/1983/1428 5588/1985/1428 5577/1978/1428
f 5589/1973/1429 5582/1980/1429 5569/1974/1429 5586/1974/1429
f 5584/1984/1430 5590/1972/1430 5587/1975/1430 5570/1975/1430
f 5616/1934/1076 5618/1935/1076 5593/1936/1076 5592/1937/1076
f 5617/1938/1076 5615/1939/1076 5595/1940/1076 5594/1941/1076
f 5642/1942/1076 5617/1938/1076 5594/1941/1076 5628/1943/1076
f 5620/1934/1407 5600/1937/1407 5601/1936/1407 5622/1935/1407
f 5621/1938/1408 5602/1941/1408 5603/1940/1408 5619/1939/1408
f 5651/1943/1013 5602/1941/1013 5608/1941/1013 5634/1943/1013
f 5616/1934/1007 5592/1937/1007 5600/1937/1007 5620/1934/1007
f 5596/1944/1170 5597/1945/1170 5605/1945/1170 5604/1944/1170
f 5594/1941/1270 5595/1940/1270 5603/1940/1270 5602/1941/1270
f 5591/1946/1199 5598/1947/1199 5606/1947/1199 5599/1946/1199
f 5629/1948/1011 5591/1946/1011 5599/1946/1011 5631/1948/1011
f 5628/1943/1013 5594/1941/1013 5602/1941/1013 5651/1943/1013
f 5615/1939/1043 5596/1944/1043 5604/1944/1043 5619/1939/1043
f 5592/1937/1169 5593/1936/1169 5601/1936/1169 5600/1937/1169
f 5624/1935/1431 5607/1936/1432 5611/1949/1432 5626/1950/1431
f 5621/1938/1043 5605/1945/1043 5610/1945/1043 5623/1938/1043
f 5622/1935/1007 5601/1936/1007 5607/1936/1007 5624/1935/1007
f 5631/1948/1011 5599/1946/1011 5609/1946/1011 5635/1948/1011
f 5641/1951/1014 5652/1952/1014 5612/1953/1014 5625/1954/1014
f 5635/1948/1411 5609/1946/1433 5613/1955/1433 5638/1956/1411
f 5623/1938/1434 5610/1945/1413 5614/1957/1413 5625/1954/1434
f 5634/1943/1414 5608/1941/1435 5612/1953/1436 5652/1952/1416
f 5608/1941/1437 5623/1938/1434 5625/1954/1434 5612/1953/1437
f 5639/1958/1014 5641/1951/1014 5625/1954/1014 5614/1957/1014
f 5599/1946/1007 5622/1935/1007 5624/1935/1007 5609/1946/1007
f 5602/1941/1043 5621/1938/1043 5623/1938/1043 5608/1941/1043
f 5609/1946/1438 5624/1935/1431 5626/1950/1431 5613/1955/1438
f 5595/1940/1043 5615/1939/1043 5619/1939/1043 5603/1940/1043
f 5598/1947/1007 5616/1934/1007 5620/1934/1007 5606/1947/1007
f 5605/1945/1408 5621/1938/1408 5619/1939/1408 5604/1944/1408
f 5606/1947/1407 5620/1934/1407 5622/1935/1407 5599/1946/1407
f 5630/1959/1076 5597/1945/1076 5617/1938/1076 5642/1942/1076
f 5597/1945/1076 5596/1944/1076 5615/1939/1076 5617/1938/1076
f 5598/1947/1076 5591/1946/1076 5618/1935/1076 5616/1934/1076
f 5591/1946/1076 5629/1948/1076 5643/1960/1076 5618/1935/1076
f 5640/1961/1014 5641/1951/1014 5639/1958/1014 5638/1956/1014
f 5613/1955/1014 5626/1950/1014 5640/1961/1014 5638/1956/1014
f 5607/1936/1415 5633/1962/1420 5637/1963/1420 5611/1949/1415
f 5635/1948/1411 5638/1956/1411 5639/1958/1411 5636/1959/1411
f 5610/1945/1439 5636/1959/1411 5639/1958/1411 5614/1957/1411
f 5626/1950/1014 5611/1949/1014 5637/1963/1014 5640/1961/1014
f 5631/1948/1011 5635/1948/1011 5636/1959/1011 5632/1959/1011
f 5605/1945/1011 5632/1959/1011 5636/1959/1011 5610/1945/1011
f 5627/1962/1013 5628/1943/1013 5651/1943/1013 5650/1962/1013
f 5593/1936/1013 5627/1962/1013 5650/1962/1013 5601/1936/1013
f 5629/1948/1011 5631/1948/1011 5632/1959/1011 5630/1959/1011
f 5597/1945/1011 5630/1959/1011 5632/1959/1011 5605/1945/1011
f 5601/1936/1013 5650/1962/1013 5633/1962/1013 5607/1936/1013
f 5642/1942/1076 5628/1943/1076 5627/1962/1076 5643/1960/1076
f 5618/1935/1076 5643/1960/1076 5627/1962/1076 5593/1936/1076
f 5629/1948/1076 5630/1959/1076 5642/1942/1076 5643/1960/1076
f 5646/1964/1421 5648/1965/1422 5649/1966/1440 5647/1967/1421
f 5647/1967/1423 5649/1966/1423 5645/1968/1424 5644/1969/1424
f 5653/1970/1425 5654/1971/1425 5648/1965/1426 5646/1964/1426
f 5654/1972/1425 5653/1973/1425 5650/1974/1013 5651/1975/1013
f 5644/1976/1424 5645/1977/1424 5641/1978/1014 5640/1979/1014
f 5646/1980/1421 5647/1981/1421 5637/1982/1420 5633/1974/1420
f 5649/1983/1440 5648/1984/1422 5634/1975/1414 5652/1985/1416
f 5647/1981/1427 5644/1976/1427 5640/1979/1427 5637/1982/1427
f 5645/1977/1428 5649/1983/1428 5652/1985/1428 5641/1978/1428
f 5653/1973/1441 5646/1980/1441 5633/1974/1441 5650/1974/1441
f 5648/1984/1430 5654/1972/1430 5651/1975/1430 5634/1975/1430
f 5680/1934/1076 5682/1935/1076 5657/1936/1076 5656/1937/1076
f 5681/1938/1076 5679/1939/1076 5659/1940/1076 5658/1941/1076
f 5706/1942/1076 5681/1938/1076 5658/1941/1076 5692/1943/1076
f 5684/1934/1408 5664/1937/1408 5665/1936/1408 5686/1935/1408
f 5685/1938/1442 5666/1941/1442 5667/1940/1442 5683/1939/1442
f 5715/1943/1011 5666/1941/1011 5672/1941/1011 5698/1943/1011
f 5680/1934/1043 5656/1937/1043 5664/1937/1043 5684/1934/1043
f 5660/1944/1169 5661/1945/1169 5669/1945/1169 5668/1944/1169
f 5658/1941/1199 5659/1940/1199 5667/1940/1199 5666/1941/1199
f 5655/1946/1197 5662/1947/1197 5670/1947/1197 5663/1946/1197
f 5693/1948/1013 5655/1946/1013 5663/1946/1013 5695/1948/1013
f 5692/1943/1011 5658/1941/1011 5666/1941/1011 5715/1943/1011
f 5679/1939/1007 5660/1944/1007 5668/1944/1007 5683/1939/1007
f 5656/1937/1198 5657/1936/1198 5665/1936/1198 5664/1937/1198
f 5688/1935/1443 5671/1936/1444 5675/1949/1444 5690/1950/1443
f 5685/1938/1007 5669/1945/1007 5674/1945/1007 5687/1938/1007
f 5686/1935/1043 5665/1936/1043 5671/1936/1043 5688/1935/1043
f 5695/1948/1013 5663/1946/1013 5673/1946/1013 5699/1948/1013
f 5705/1951/1014 5716/1952/1014 5676/1953/1014 5689/1954/1014
f 5699/1948/1445 5673/1946/1436 5677/1955/1436 5702/1956/1446
f 5687/1938/1438 5674/1945/1438 5678/1957/1438 5689/1954/1438
f 5698/1943/1447 5672/1941/1448 5676/1953/1448 5716/1952/1449
f 5672/1941/1409 5687/1938/1438 5689/1954/1438 5676/1953/1409
f 5703/1958/1014 5705/1951/1014 5689/1954/1014 5678/1957/1014
f 5663/1946/1043 5686/1935/1043 5688/1935/1043 5673/1946/1043
f 5666/1941/1007 5685/1938/1007 5687/1938/1007 5672/1941/1007
f 5673/1946/1450 5688/1935/1443 5690/1950/1443 5677/1955/1450
f 5659/1940/1007 5679/1939/1007 5683/1939/1007 5667/1940/1007
f 5662/1947/1043 5680/1934/1043 5684/1934/1043 5670/1947/1043
f 5669/1945/1442 5685/1938/1442 5683/1939/1442 5668/1944/1442
f 5670/1947/1408 5684/1934/1408 5686/1935/1408 5663/1946/1408
f 5694/1959/1076 5661/1945/1076 5681/1938/1076 5706/1942/1076
f 5661/1945/1076 5660/1944/1076 5679/1939/1076 5681/1938/1076
f 5662/1947/1076 5655/1946/1076 5682/1935/1076 5680/1934/1076
f 5655/1946/1076 5693/1948/1076 5707/1960/1076 5682/1935/1076
f 5704/1961/1014 5705/1951/1014 5703/1958/1014 5702/1956/1014
f 5677/1955/1014 5690/1950/1014 5704/1961/1014 5702/1956/1014
f 5671/1936/1447 5697/1962/1451 5701/1963/1451 5675/1949/1447
f 5699/1948/1445 5702/1956/1446 5703/1958/1452 5700/1959/1446
f 5674/1945/1453 5700/1959/1446 5703/1958/1452 5678/1957/1453
f 5690/1950/1014 5675/1949/1014 5701/1963/1014 5704/1961/1014
f 5695/1948/1013 5699/1948/1013 5700/1959/1013 5696/1959/1013
f 5669/1945/1013 5696/1959/1013 5700/1959/1013 5674/1945/1013
f 5691/1962/1011 5692/1943/1011 5715/1943/1011 5714/1962/1011
f 5657/1936/1011 5691/1962/1011 5714/1962/1011 5665/1936/1011
f 5693/1948/1013 5695/1948/1013 5696/1959/1013 5694/1959/1013
f 5661/1945/1013 5694/1959/1013 5696/1959/1013 5669/1945/1013
f 5665/1936/1011 5714/1962/1011 5697/1962/1011 5671/1936/1011
f 5706/1942/1076 5692/1943/1076 5691/1962/1076 5707/1960/1076
f 5682/1935/1076 5707/1960/1076 5691/1962/1076 5657/1936/1076
f 5693/1948/1076 5694/1959/1076 5706/1942/1076 5707/1960/1076
f 5710/1964/1454 5712/1965/1455 5713/1966/1455 5711/1967/1454
f 5711/1967/1456 5713/1966/1456 5709/1968/1457 5708/1969/1457
f 5717/1970/1458 5718/1971/1458 5712/1965/1459 5710/1964/1459
f 5718/1972/1458 5717/1973/1458 5714/1974/1011 5715/1975/1011
f 5708/1976/1457 5709/1977/1457 5705/1978/1014 5704/1979/1014
f 5710/1980/1454 5711/1981/1454 5701/1982/1451 5697/1974/1451
f 5713/1983/1455 5712/1984/1455 5698/1975/1447 5716/1985/1449
f 5711/1981/1460 5708/1976/1460 5704/1979/1460 5701/1982/1460
f 5709/1977/1461 5713/1983/1461 5716/1985/1461 5705/1978/1461
f 5717/1973/1462 5710/1980/1462 5697/1974/1462 5714/1974/1462
f 5712/1984/1463 5718/1972/1463 5715/1975/1463 5698/1975/1463
f 5744/1934/1076 5746/1935/1076 5721/1936/1076 5720/1937/1076
f 5745/1938/1076 5743/1939/1076 5723/1940/1076 5722/1941/1076
f 5770/1942/1076 5745/1938/1076 5722/1941/1076 5756/1943/1076
f 5748/1934/1408 5728/1937/1408 5729/1936/1408 5750/1935/1408
f 5749/1938/1407 5730/1941/1407 5731/1940/1407 5747/1939/1407
f 5779/1943/1011 5730/1941/1011 5736/1941/1011 5762/1943/1011
f 5744/1934/1043 5720/1937/1043 5728/1937/1043 5748/1934/1043
f 5724/1944/1215 5725/1945/1215 5733/1945/1215 5732/1944/1215
f 5722/1941/1250 5723/1940/1250 5731/1940/1250 5730/1941/1250
f 5719/1946/1270 5726/1947/1270 5734/1947/1270 5727/1946/1270
f 5757/1948/1013 5719/1946/1013 5727/1946/1013 5759/1948/1013
f 5756/1943/1011 5722/1941/1011 5730/1941/1011 5779/1943/1011
f 5743/1939/1007 5724/1944/1007 5732/1944/1007 5747/1939/1007
f 5720/1937/1170 5721/1936/1170 5729/1936/1170 5728/1937/1170
f 5752/1935/1450 5735/1936/1443 5739/1949/1443 5754/1950/1450
f 5749/1938/1007 5733/1945/1007 5738/1945/1007 5751/1938/1007
f 5750/1935/1043 5729/1936/1043 5735/1936/1043 5752/1935/1043
f 5759/1948/1013 5727/1946/1013 5737/1946/1013 5763/1948/1013
f 5769/1951/1014 5780/1952/1014 5740/1953/1014 5753/1954/1014
f 5763/1948/1464 5737/1946/1453 5741/1955/1453 5766/1956/1464
f 5751/1938/1465 5738/1945/1417 5742/1957/1417 5753/1954/1465
f 5762/1943/1411 5736/1941/1447 5740/1953/1447 5780/1952/1449
f 5736/1941/1466 5751/1938/1465 5753/1954/1465 5740/1953/1466
f 5767/1958/1014 5769/1951/1014 5753/1954/1014 5742/1957/1014
f 5727/1946/1043 5750/1935/1043 5752/1935/1043 5737/1946/1043
f 5730/1941/1007 5749/1938/1007 5751/1938/1007 5736/1941/1007
f 5737/1946/1444 5752/1935/1450 5754/1950/1450 5741/1955/1444
f 5723/1940/1007 5743/1939/1007 5747/1939/1007 5731/1940/1007
f 5726/1947/1043 5744/1934/1043 5748/1934/1043 5734/1947/1043
f 5733/1945/1407 5749/1938/1407 5747/1939/1407 5732/1944/1407
f 5734/1947/1408 5748/1934/1408 5750/1935/1408 5727/1946/1408
f 5758/1959/1076 5725/1945/1076 5745/1938/1076 5770/1942/1076
f 5725/1945/1076 5724/1944/1076 5743/1939/1076 5745/1938/1076
f 5726/1947/1076 5719/1946/1076 5746/1935/1076 5744/1934/1076
f 5719/1946/1076 5757/1948/1076 5771/1960/1076 5746/1935/1076
f 5768/1961/1014 5769/1951/1014 5767/1958/1014 5766/1956/1014
f 5741/1955/1014 5754/1950/1014 5768/1961/1014 5766/1956/1014
f 5735/1936/1410 5761/1962/1439 5765/1963/1467 5739/1949/1410
f 5763/1948/1464 5766/1956/1464 5767/1958/1464 5764/1959/1464
f 5738/1945/1453 5764/1959/1464 5767/1958/1464 5742/1957/1436
f 5754/1950/1014 5739/1949/1014 5765/1963/1014 5768/1961/1014
f 5759/1948/1013 5763/1948/1013 5764/1959/1013 5760/1959/1013
f 5733/1945/1013 5760/1959/1013 5764/1959/1013 5738/1945/1013
f 5755/1962/1011 5756/1943/1011 5779/1943/1011 5778/1962/1011
f 5721/1936/1011 5755/1962/1011 5778/1962/1011 5729/1936/1011
f 5757/1948/1013 5759/1948/1013 5760/1959/1013 5758/1959/1013
f 5725/1945/1013 5758/1959/1013 5760/1959/1013 5733/1945/1013
f 5729/1936/1011 5778/1962/1011 5761/1962/1011 5735/1936/1011
f 5770/1942/1076 5756/1943/1076 5755/1962/1076 5771/1960/1076
f 5746/1935/1076 5771/1960/1076 5755/1962/1076 5721/1936/1076
f 5757/1948/1076 5758/1959/1076 5770/1942/1076 5771/1960/1076
f 5774/1964/1468 5776/1965/1469 5777/1966/1469 5775/1967/1468
f 5775/1967/1456 5777/1966/1456 5773/1968/1457 5772/1969/1457
f 5781/1970/1470 5782/1971/1470 5776/1965/1459 5774/1964/1459
f 5782/1972/1470 5781/1973/1470 5778/1974/1011 5779/1975/1011
f 5772/1976/1457 5773/1977/1457 5769/1978/1014 5768/1979/1014
f 5774/1980/1468 5775/1981/1468 5765/1982/1467 5761/1974/1439
f 5777/1983/1469 5776/1984/1469 5762/1975/1411 5780/1985/1449
f 5775/1981/1460 5772/1976/1460 5768/1979/1460 5765/1982/1460
f 5773/1977/1461 5777/1983/1461 5780/1985/1461 5769/1978/1461
f 5781/1973/1462 5774/1980/1462 5761/1974/1462 5778/1974/1462
f 5776/1984/1463 5782/1972/1463 5779/1975/1463 5762/1975/1463
f 5808/1934/1076 5810/1935/1076 5785/1936/1076 5784/1937/1076
f 5809/1938/1076 5807/1939/1076 5787/1940/1076 5786/1941/1076
f 5834/1942/1076 5809/1938/1076 5786/1941/1076 5820/1943/1076
f 5812/1934/1471 5792/1937/1471 5793/1936/1471 5814/1935/1471
f 5813/1938/1472 5794/1941/1473 5795/1940/1473 5811/1939/1472
f 5843/1943/1474 5794/1941/1475 5800/1941/1475 5826/1943/1475
f 5808/1934/1270 5784/1937/1197 5792/1937/1197 5812/1934/1270
f 5788/1944/1007 5789/1945/1007 5797/1945/1007 5796/1944/1007
f 5786/1941/1011 5787/1940/1011 5795/1940/1011 5794/1941/1011
f 5783/1946/1013 5790/1947/1013 5798/1947/1013 5791/1946/1013
f 5821/1948/1234 5783/1946/1476 5791/1946/1476 5823/1948/1169
f 5820/1943/1477 5786/1941/1475 5794/1941/1475 5843/1943/1474
f 5807/1939/1199 5788/1944/1217 5796/1944/1217 5811/1939/1199
f 5784/1937/1043 5785/1936/1043 5793/1936/1043 5792/1937/1043
f 5816/1935/1478 5799/1936/1479 5803/1949/1479 5818/1950/1478
f 5813/1938/1199 5797/1945/1199 5802/1945/1199 5815/1938/1199
f 5814/1935/1270 5793/1936/1270 5799/1936/1270 5816/1935/1270
f 5823/1948/1169 5791/1946/1476 5801/1946/1476 5827/1948/1169
f 5833/1951/1014 5844/1952/1014 5804/1953/1014 5817/1954/1014
f 5827/1948/1480 5801/1946/1481 5805/1955/1481 5830/1956/1482
f 5815/1938/1483 5802/1945/1484 5806/1957/1484 5817/1954/1483
f 5826/1943/1485 5800/1941/1486 5804/1953/1486 5844/1952/1487
f 5800/1941/1488 5815/1938/1483 5817/1954/1483 5804/1953/1488
f 5831/1958/1014 5833/1951/1014 5817/1954/1014 5806/1957/1014
f 5791/1946/1270 5814/1935/1270 5816/1935/1270 5801/1946/1270
f 5794/1941/1199 5813/1938/1199 5815/1938/1199 5800/1941/1199
f 5801/1946/1489 5816/1935/1478 5818/1950/1478 5805/1955/1489
f 5787/1940/1199 5807/1939/1199 5811/1939/1199 5795/1940/1199
f 5790/1947/1270 5808/1934/1270 5812/1934/1270 5798/1947/1270
f 5797/1945/1472 5813/1938/1472 5811/1939/1472 5796/1944/1472
f 5798/1947/1490 5812/1934/1471 5814/1935/1471 5791/1946/1490
f 5822/1959/1076 5789/1945/1076 5809/1938/1076 5834/1942/1076
f 5789/1945/1076 5788/1944/1076 5807/1939/1076 5809/1938/1076
f 5790/1947/1076 5783/1946/1076 5810/1935/1076 5808/1934/1076
f 5783/1946/1076 5821/1948/1076 5835/1960/1076 5810/1935/1076
f 5832/1961/1014 5833/1951/1014 5831/1958/1014 5830/1956/1014
f 5805/1955/1014 5818/1950/1014 5832/1961/1014 5830/1956/1014
f 5799/1936/1491 5825/1962/1492 5829/1963/1493 5803/1949/1491
f 5827/1948/1480 5830/1956/1482 5831/1958/1494 5828/1959/1482
f 5802/1945/1494 5828/1959/1482 5831/1958/1494 5806/1957/1494
f 5818/1950/1014 5803/1949/1014 5829/1963/1014 5832/1961/1014
f 5823/1948/1169 5827/1948/1169 5828/1959/1234 5824/1959/1234
f 5797/1945/1476 5824/1959/1234 5828/1959/1234 5802/1945/1476
f 5819/1962/1477 5820/1943/1477 5843/1943/1474 5842/1962/1474
f 5785/1936/1475 5819/1962/1477 5842/1962/1474 5793/1936/1475
f 5821/1948/1234 5823/1948/1169 5824/1959/1234 5822/1959/1169
f 5789/1945/1476 5822/1959/1169 5824/1959/1234 5797/1945/1476
f 5793/1936/1475 5842/1962/1474 5825/1962/1475 5799/1936/1475
f 5834/1942/1076 5820/1943/1076 5819/1962/1076 5835/1960/1076
f 5810/1935/1076 5835/1960/1076 5819/1962/1076 5785/1936/1076
f 5821/1948/1076 5822/1959/1076 5834/1942/1076 5835/1960/1076
f 5838/1964/1495 5840/1965/1486 5841/1966/1496 5839/1967/1497
f 5839/1967/1498 5841/1966/1498 5837/1968/1499 5836/1969/1499
f 5845/1970/1500 5846/1971/1500 5840/1965/1501 5838/1964/1501
f 5846/1972/1500 5845/1973/1500 5842/1974/1474 5843/1975/1474
f 5836/1976/1499 5837/1977/1499 5833/1978/1014 5832/1979/1014
f 5838/1980/1495 5839/1981/1497 5829/1982/1493 5825/1974/1492
f 5841/1983/1496 5840/1984/1486 5826/1975/1485 5844/1985/1487
f 5839/1981/1502 5836/1976/1503 5832/1979/1502 5829/1982/1503
f 5837/1977/1504 5841/1983/1504 5844/1985/1505 5833/1978/1506
f 5845/1973/1507 5838/1980/1507 5825/1974/1507 5842/1974/1507
f 5840/1984/1508 5846/1972/1509 5843/1975/1509 5826/1975/1510
f 5872/1934/1076 5874/1935/1076 5849/1936/1076 5848/1937/1076
f 5873/1938/1076 5871/1939/1076 5851/1940/1076 5850/1941/1076
f 5898/1942/1076 5873/1938/1076 5850/1941/1076 5884/1943/1076
f 5876/1934/1490 5856/1937/1471 5857/1936/1471 5878/1935/1490
f 5877/1938/1473 5858/1941/1473 5859/1940/1473 5875/1939/1473
f 5907/1943/1170 5858/1941/1170 5864/1941/1170 5890/1943/1170
f 5872/1934/1270 5848/1937/1270 5856/1937/1270 5876/1934/1270
f 5852/1944/1007 5853/1945/1007 5861/1945/1007 5860/1944/1007
f 5850/1941/1011 5851/1940/1011 5859/1940/1011 5858/1941/1011
f 5847/1946/1013 5854/1947/1013 5862/1947/1013 5855/1946/1013
f 5885/1948/1234 5847/1946/1476 5855/1946/1476 5887/1948/1169
f 5884/1943/1170 5850/1941/1170 5858/1941/1170 5907/1943/1170
f 5871/1939/1199 5852/1944/1199 5860/1944/1199 5875/1939/1199
f 5848/1937/1043 5849/1936/1043 5857/1936/1043 5856/1937/1043
f 5880/1935/1511 5863/1936/1489 5867/1949/1489 5882/1950/1511
f 5877/1938/1199 5861/1945/1199 5866/1945/1199 5879/1938/1199
f 5878/1935/1270 5857/1936/1270 5863/1936/1270 5880/1935/1270
f 5887/1948/1169 5855/1946/1476 5865/1946/1476 5891/1948/1169
f 5897/1951/1014 5908/1952/1014 5868/1953/1014 5881/1954/1014
f 5891/1948/1512 5865/1946/1513 5869/1955/1513 5894/1956/1514
f 5879/1938/1483 5866/1945/1515 5870/1957/1515 5881/1954/1483
f 5890/1943/1516 5864/1941/1517 5868/1953/1517 5908/1952/1516
f 5864/1941/1484 5879/1938/1483 5881/1954/1483 5868/1953/1484
f 5895/1958/1014 5897/1951/1014 5881/1954/1014 5870/1957/1014
f 5855/1946/1197 5878/1935/1270 5880/1935/1270 5865/1946/1197
f 5858/1941/1217 5877/1938/1199 5879/1938/1199 5864/1941/1217
f 5865/1946/1518 5880/1935/1511 5882/1950/1511 5869/1955/1518
f 5851/1940/1217 5871/1939/1199 5875/1939/1199 5859/1940/1217
f 5854/1947/1197 5872/1934/1270 5876/1934/1270 5862/1947/1197
f 5861/1945/1519 5877/1938/1473 5875/1939/1473 5860/1944/1519
f 5862/1947/1490 5876/1934/1490 5878/1935/1490 5855/1946/1490
f 5886/1959/1076 5853/1945/1076 5873/1938/1076 5898/1942/1076
f 5853/1945/1076 5852/1944/1076 5871/1939/1076 5873/1938/1076
f 5854/1947/1076 5847/1946/1076 5874/1935/1076 5872/1934/1076
f 5847/1946/1076 5885/1948/1076 5899/1960/1076 5874/1935/1076
f 5896/1961/1014 5897/1951/1014 5895/1958/1014 5894/1956/1014
f 5869/1955/1014 5882/1950/1014 5896/1961/1014 5894/1956/1014
f 5863/1936/1520 5889/1962/1521 5893/1963/1522 5867/1949/1523
f 5891/1948/1512 5894/1956/1514 5895/1958/1524 5892/1959/1524
f 5866/1945/1525 5892/1959/1524 5895/1958/1524 5870/1957/1525
f 5882/1950/1014 5867/1949/1014 5893/1963/1014 5896/1961/1014
f 5887/1948/1169 5891/1948/1169 5892/1959/1234 5888/1959/1234
f 5861/1945/1476 5888/1959/1234 5892/1959/1234 5866/1945/1476
f 5883/1962/1198 5884/1943/1170 5907/1943/1170 5906/1962/1198
f 5849/1936/1475 5883/1962/1198 5906/1962/1198 5857/1936/1475
f 5885/1948/1234 5887/1948/1169 5888/1959/1234 5886/1959/1169
f 5853/1945/1476 5886/1959/1169 5888/1959/1234 5861/1945/1476
f 5857/1936/1475 5906/1962/1198 5889/1962/1475 5863/1936/1475
f 5898/1942/1076 5884/1943/1076 5883/1962/1076 5899/1960/1076
f 5874/1935/1076 5899/1960/1076 5883/1962/1076 5849/1936/1076
f 5885/1948/1076 5886/1959/1076 5898/1942/1076 5899/1960/1076
f 5902/1964/1526 5904/1965/1486 5905/1966/1485 5903/1967/1485
f 5903/1967/1498 5905/1966/1498 5901/1968/1527 5900/1969/1528
f 5909/1970/1529 5910/1971/1529 5904/1965/1530 5902/1964/1530
f 5910/1972/1529 5909/1973/1529 5906/1974/1198 5907/1975/1170
f 5900/1976/1528 5901/1977/1527 5897/1978/1014 5896/1979/1014
f 5902/1980/1526 5903/1981/1485 5893/1982/1522 5889/1974/1521
f 5905/1983/1485 5904/1984/1486 5890/1975/1516 5908/1985/1516
f 5903/1981/1531 5900/1976/1531 5896/1979/1531 5893/1982/1531
f 5901/1977/1504 5905/1983/1504 5908/1985/1504 5897/1978/1504
f 5909/1973/1532 5902/1980/1533 5889/1974/1533 5906/1974/1532
f 5904/1984/1534 5910/1972/1534 5907/1975/1534 5890/1975/1534
f 5936/1934/1076 5938/1935/1076 5913/1936/1076 5912/1937/1076
f 5937/1938/1076 5935/1939/1076 5915/1940/1076 5914/1941/1076
f 5962/1942/1076 5937/1938/1076 5914/1941/1076 5948/1943/1076
f 5940/1934/1535 5920/1937/1535 5921/1936/1535 5942/1935/1535
f 5941/1938/1472 5922/1941/1473 5923/1940/1473 5939/1939/1472
f 5971/1943/1474 5922/1941/1475 5928/1941/1475 5954/1943/1475
f 5936/1934/1270 5912/1937/1270 5920/1937/1270 5940/1934/1270
f 5916/1944/1007 5917/1945/1007 5925/1945/1007 5924/1944/1007
f 5914/1941/1011 5915/1940/1011 5923/1940/1011 5922/1941/1011
f 5911/1946/1013 5918/1947/1013 5926/1947/1013 5919/1946/1013
f 5949/1948/1169 5911/1946/1169 5919/1946/1169 5951/1948/1169
f 5948/1943/1477 5914/1941/1475 5922/1941/1475 5971/1943/1474
f 5935/1939/1199 5916/1944/1217 5924/1944/1217 5939/1939/1199
f 5912/1937/1043 5913/1936/1043 5921/1936/1043 5920/1937/1043
f 5944/1935/1478 5927/1936/1479 5931/1949/1479 5946/1950/1478
f 5941/1938/1199 5925/1945/1199 5930/1945/1199 5943/1938/1199
f 5942/1935/1270 5921/1936/1270 5927/1936/1270 5944/1935/1270
f 5951/1948/1169 5919/1946/1169 5929/1946/1169 5955/1948/1169
f 5961/1951/1014 5972/1952/1014 5932/1953/1014 5945/1954/1014
f 5955/1948/1536 5929/1946/1537 5933/1955/1537 5958/1956/1536
f 5943/1938/1483 5930/1945/1484 5934/1957/1484 5945/1954/1483
f 5954/1943/1485 5928/1941/1486 5932/1953/1486 5972/1952/1538
f 5928/1941/1488 5943/1938/1483 5945/1954/1483 5932/1953/1488
f 5959/1958/1014 5961/1951/1014 5945/1954/1014 5934/1957/1014
f 5919/1946/1270 5942/1935/1270 5944/1935/1270 5929/1946/1270
f 5922/1941/1199 5941/1938/1199 5943/1938/1199 5928/1941/1199
f 5929/1946/1489 5944/1935/1478 5946/1950/1478 5933/1955/1489
f 5915/1940/1199 5935/1939/1199 5939/1939/1199 5923/1940/1199
f 5918/1947/1270 5936/1934/1270 5940/1934/1270 5926/1947/1270
f 5925/1945/1472 5941/1938/1472 5939/1939/1472 5924/1944/1472
f 5926/1947/1490 5940/1934/1535 5942/1935/1535 5919/1946/1490
f 5950/1959/1076 5917/1945/1076 5937/1938/1076 5962/1942/1076
f 5917/1945/1076 5916/1944/1076 5935/1939/1076 5937/1938/1076
f 5918/1947/1076 5911/1946/1076 5938/1935/1076 5936/1934/1076
f 5911/1946/1076 5949/1948/1076 5963/1960/1076 5938/1935/1076
f 5960/1961/1014 5961/1951/1014 5959/1958/1014 5958/1956/1014
f 5933/1955/1014 5946/1950/1014 5960/1961/1014 5958/1956/1014
f 5927/1936/1487 5953/1962/1539 5957/1963/1540 5931/1949/1487
f 5955/1948/1536 5958/1956/1536 5959/1958/1537 5956/1959/1541
f 5930/1945/1542 5956/1959/1541 5959/1958/1537 5934/1957/1537
f 5946/1950/1014 5931/1949/1014 5957/1963/1014 5960/1961/1014
f 5951/1948/1169 5955/1948/1169 5956/1959/1215 5952/1959/1215
f 5925/1945/1476 5952/1959/1215 5956/1959/1215 5930/1945/1476
f 5947/1962/1170 5948/1943/1477 5971/1943/1474 5970/1962/1474
f 5913/1936/1475 5947/1962/1170 5970/1962/1474 5921/1936/1475
f 5949/1948/1169 5951/1948/1169 5952/1959/1215 5950/1959/1215
f 5917/1945/1476 5950/1959/1215 5952/1959/1215 5925/1945/1476
f 5921/1936/1475 5970/1962/1474 5953/1962/1475 5927/1936/1475
f 5962/1942/1076 5948/1943/1076 5947/1962/1076 5963/1960/1076
f 5938/1935/1076 5963/1960/1076 5947/1962/1076 5913/1936/1076
f 5949/1948/1076 5950/1959/1076 5962/1942/1076 5963/1960/1076
f 5966/1964/1495 5968/1965/1543 5969/1966/1544 5967/1967/1545
f 5967/1967/1546 5969/1966/1546 5965/1968/1528 5964/1969/1528
f 5973/1970/1547 5974/1971/1547 5968/1965/1548 5966/1964/1548
f 5974/1972/1547 5973/1973/1547 5970/1974/1474 5971/1975/1474
f 5964/1976/1528 5965/1977/1528 5961/1978/1014 5960/1979/1014
f 5966/1980/1495 5967/1981/1545 5957/1982/1540 5953/1974/1539
f 5969/1983/1544 5968/1984/1543 5954/1975/1485 5972/1985/1538
f 5967/1981/1549 5964/1976/1549 5960/1979/1549 5957/1982/1549
f 5965/1977/1504 5969/1983/1504 5972/1985/1504 5961/1978/1504
f 5973/1973/1550 5966/1980/1550 5953/1974/1550 5970/1974/1550
f 5968/1984/1551 5974/1972/1551 5971/1975/1551 5954/1975/1551
f 6000/1934/1076 6002/1935/1076 5977/1936/1076 5976/1937/1076
f 6001/1938/1076 5999/1939/1076 5979/1940/1076 5978/1941/1076
f 6026/1942/1076 6001/1938/1076 5978/1941/1076 6012/1943/1076
f 6004/1934/1196 5984/1937/1196 5985/1936/1196 6006/1935/1196
f 6005/1938/1166 5986/1941/1166 5987/1940/1166 6003/1939/1166
f 6035/1943/1043 5986/1941/1043 5992/1941/1043 6018/1943/1043
f 6000/1934/1013 5976/1937/1013 5984/1937/1013 6004/1934/1013
f 5980/1944/1250 5981/1945/1250 5989/1945/1250 5988/1944/1250
f 5978/1941/1477 5979/1940/1477 5987/1940/1477 5986/1941/1477
f 5975/1946/1169 5982/1947/1169 5990/1947/1169 5983/1946/1169
f 6013/1948/1007 5975/1946/1007 5983/1946/1007 6015/1948/1007
f 6012/1943/1043 5978/1941/1043 5986/1941/1043 6035/1943/1043
f 5999/1939/1011 5980/1944/1011 5988/1944/1011 6003/1939/1011
f 5976/1937/1270 5977/1936/1270 5985/1936/1270 5984/1937/1270
f 6008/1935/1235 5991/1936/1235 5995/1949/1235 6010/1950/1235
f 6005/1938/1011 5989/1945/1011 5994/1945/1011 6007/1938/1011
f 6006/1935/1013 5985/1936/1013 5991/1936/1013 6008/1935/1013
f 6015/1948/1007 5983/1946/1007 5993/1946/1007 6019/1948/1007
f 6025/1951/1014 6036/1952/1014 5996/1953/1014 6009/1954/1014
f 6019/1948/1175 5993/1946/1552 5997/1955/1552 6022/1956/1552
f 6007/1938/1323 5994/1945/1239 5998/1957/1239 6009/1954/1323
f 6018/1943/1304 5992/1941/1257 5996/1953/1257 6036/1952/1293
f 5992/1941/1239 6007/1938/1323 6009/1954/1323 5996/1953/1239
f 6023/1958/1014 6025/1951/1014 6009/1954/1014 5998/1957/1014
f 5983/1946/1013 6006/1935/1013 6008/1935/1013 5993/1946/1013
f 5986/1941/1011 6005/1938/1011 6007/1938/1011 5992/1941/1011
f 5993/1946/1235 6008/1935/1235 6010/1950/1235 5997/1955/1202
f 5979/1940/1011 5999/1939/1011 6003/1939/1011 5987/1940/1011
f 5982/1947/1013 6000/1934/1013 6004/1934/1013 5990/1947/1013
f 5989/1945/1166 6005/1938/1166 6003/1939/1166 5988/1944/1166
f 5990/1947/1196 6004/1934/1196 6006/1935/1196 5983/1946/1196
f 6014/1959/1076 5981/1945/1076 6001/1938/1076 6026/1942/1076
f 5981/1945/1076 5980/1944/1076 5999/1939/1076 6001/1938/1076
f 5982/1947/1076 5975/1946/1076 6002/1935/1076 6000/1934/1076
f 5975/1946/1076 6013/1948/1076 6027/1960/1076 6002/1935/1076
f 6024/1961/1014 6025/1951/1014 6023/1958/1014 6022/1956/1014
f 5997/1955/1014 6010/1950/1014 6024/1961/1014 6022/1956/1014
f 5991/1936/1257 6017/1962/1312 6021/1963/1312 5995/1949/1257
f 6019/1948/1175 6022/1956/1552 6023/1958/1553 6020/1959/1553
f 5994/1945/1553 6020/1959/1553 6023/1958/1553 5998/1957/1553
f 6010/1950/1014 5995/1949/1014 6021/1963/1014 6024/1961/1014
f 6015/1948/1007 6019/1948/1007 6020/1959/1007 6016/1959/1007
f 5989/1945/1007 6016/1959/1007 6020/1959/1007 5994/1945/1007
f 6011/1962/1043 6012/1943/1043 6035/1943/1043 6034/1962/1043
f 5977/1936/1043 6011/1962/1043 6034/1962/1043 5985/1936/1043
f 6013/1948/1007 6015/1948/1007 6016/1959/1007 6014/1959/1007
f 5981/1945/1007 6014/1959/1007 6016/1959/1007 5989/1945/1007
f 5985/1936/1043 6034/1962/1043 6017/1962/1043 5991/1936/1043
f 6026/1942/1076 6012/1943/1076 6011/1962/1076 6027/1960/1076
f 6002/1935/1076 6027/1960/1076 6011/1962/1076 5977/1936/1076
f 6013/1948/1076 6014/1959/1076 6026/1942/1076 6027/1960/1076
f 6030/1964/1312 6032/1965/1304 6033/1966/1304 6031/1967/1325
f 6031/1967/1240 6033/1966/1240 6029/1968/1241 6028/1969/1241
f 6037/1970/1242 6038/1971/1242 6032/1965/1243 6030/1964/1243
f 6038/1972/1242 6037/1973/1242 6034/1974/1043 6035/1975/1043
f 6028/1976/1241 6029/1977/1241 6025/1978/1014 6024/1979/1014
f 6030/1980/1312 6031/1981/1325 6021/1982/1312 6017/1974/1312
f 6033/1983/1304 6032/1984/1304 6018/1975/1304 6036/1985/1293
f 6031/1981/1314 6028/1976/1314 6024/1979/1314 6021/1982/1314
f 6029/1977/1245 6033/1983/1245 6036/1985/1245 6025/1978/1245
f 6037/1973/1248 6030/1980/1248 6017/1974/1248 6034/1974/1248
f 6032/1984/1249 6038/1972/1249 6035/1975/1249 6018/1975/1249
f 6064/1934/1076 6066/1935/1076 6041/1936/1076 6040/1937/1076
f 6065/1938/1076 6063/1939/1076 6043/1940/1076 6042/1941/1076
f 6090/1942/1076 6065/1938/1076 6042/1941/1076 6076/1943/1076
f 6068/1934/1471 6048/1937/1471 6049/1936/1471 6070/1935/1471
f 6069/1938/1472 6050/1941/1472 6051/1940/1472 6067/1939/1472
f 6099/1943/1554 6050/1941/1477 6056/1941/1477 6082/1943/1477
f 6064/1934/1270 6040/1937/1197 6048/1937/1197 6068/1934/1270
f 6044/1944/1007 6045/1945/1007 6053/1945/1007 6052/1944/1007
f 6042/1941/1011 6043/1940/1011 6051/1940/1011 6050/1941/1011
f 6039/1946/1013 6046/1947/1013 6054/1947/1013 6047/1946/1013
f 6077/1948/1169 6039/1946/1169 6047/1946/1169 6079/1948/1169
f 6076/1943/1170 6042/1941/1170 6050/1941/1477 6099/1943/1554
f 6063/1939/1199 6044/1944/1217 6052/1944/1217 6067/1939/1199
f 6040/1937/1043 6041/1936/1043 6049/1936/1043 6048/1937/1043
f 6072/1935/1555 6055/1936/1478 6059/1949/1478 6074/1950/1518
f 6069/1938/1199 6053/1945/1199 6058/1945/1199 6071/1938/1199
f 6070/1935/1270 6049/1936/1270 6055/1936/1270 6072/1935/1270
f 6079/1948/1169 6047/1946/1169 6057/1946/1556 6083/1948/1169
f 6089/1951/1014 6100/1952/1014 6060/1953/1014 6073/1954/1014
f 6083/1948/1557 6057/1946/1514 6061/1955/1514 6086/1956/1557
f 6071/1938/1558 6058/1945/1558 6062/1957/1558 6073/1954/1558
f 6082/1943/1486 6056/1941/1545 6060/1953/1545 6100/1952/1486
f 6056/1941/1559 6071/1938/1558 6073/1954/1558 6060/1953/1559
f 6087/1958/1014 6089/1951/1014 6073/1954/1014 6062/1957/1014
f 6047/1946/1270 6070/1935/1270 6072/1935/1270 6057/1946/1270
f 6050/1941/1199 6069/1938/1199 6071/1938/1199 6056/1941/1199
f 6057/1946/1560 6072/1935/1555 6074/1950/1518 6061/1955/1560
f 6043/1940/1561 6063/1939/1199 6067/1939/1199 6051/1940/1561
f 6046/1947/1214 6064/1934/1270 6068/1934/1270 6054/1947/1214
f 6053/1945/1472 6069/1938/1472 6067/1939/1472 6052/1944/1472
f 6054/1947/1471 6068/1934/1471 6070/1935/1471 6047/1946/1471
f 6078/1959/1076 6045/1945/1076 6065/1938/1076 6090/1942/1076
f 6045/1945/1076 6044/1944/1076 6063/1939/1076 6065/1938/1076
f 6046/1947/1076 6039/1946/1076 6066/1935/1076 6064/1934/1076
f 6039/1946/1076 6077/1948/1076 6091/1960/1076 6066/1935/1076
f 6088/1961/1014 6089/1951/1014 6087/1958/1014 6086/1956/1014
f 6061/1955/1014 6074/1950/1014 6088/1961/1014 6086/1956/1014
f 6055/1936/1497 6081/1962/1562 6085/1963/1563 6059/1949/1497
f 6083/1948/1557 6086/1956/1557 6087/1958/1564 6084/1959/1564
f 6058/1945/1564 6084/1959/1564 6087/1958/1564 6062/1957/1564
f 6074/1950/1014 6059/1949/1014 6085/1963/1014 6088/1961/1014
f 6079/1948/1169 6083/1948/1169 6084/1959/1169 6080/1959/1169
f 6053/1945/1169 6080/1959/1169 6084/1959/1169 6058/1945/1234
f 6075/1962/1170 6076/1943/1170 6099/1943/1554 6098/1962/1554
f 6041/1936/1170 6075/1962/1170 6098/1962/1554 6049/1936/1170
f 6077/1948/1169 6079/1948/1169 6080/1959/1169 6078/1959/1169
f 6045/1945/1169 6078/1959/1169 6080/1959/1169 6053/1945/1169
f 6049/1936/1170 6098/1962/1554 6081/1962/1216 6055/1936/1216
f 6090/1942/1076 6076/1943/1076 6075/1962/1076 6091/1960/1076
f 6066/1935/1076 6091/1960/1076 6075/1962/1076 6041/1936/1076
f 6077/1948/1076 6078/1959/1076 6090/1942/1076 6091/1960/1076
f 6094/1964/1565 6096/1965/1566 6097/1966/1566 6095/1967/1497
f 6095/1967/1498 6097/1966/1498 6093/1968/1528 6092/1969/1499
f 6101/1970/1500 6102/1971/1500 6096/1965/1567 6094/1964/1567
f 6102/1972/1500 6101/1973/1500 6098/1974/1554 6099/1975/1554
f 6092/1976/1499 6093/1977/1528 6089/1978/1014 6088/1979/1014
f 6094/1980/1565 6095/1981/1497 6085/1982/1563 6081/1974/1562
f 6097/1983/1566 6096/1984/1566 6082/1975/1486 6100/1985/1486
f 6095/1981/1568 6092/1976/1503 6088/1979/1568 6085/1982/1503
f 6093/1977/1506 6097/1983/1569 6100/1985/1505 6089/1978/1570
f 6101/1973/1507 6094/1980/1507 6081/1974/1507 6098/1974/1507
f 6096/1984/1509 6102/1972/1509 6099/1975/1509 6082/1975/1509
f 6128/1934/1076 6130/1935/1076 6105/1936/1076 6104/1937/1076
f 6129/1938/1076 6127/1939/1076 6107/1940/1076 6106/1941/1076
f 6154/1942/1076 6129/1938/1076 6106/1941/1076 6140/1943/1076
f 6132/1934/1490 6112/1937/1490 6113/1936/1490 6134/1935/1490
f 6133/1938/1472 6114/1941/1473 6115/1940/1473 6131/1939/1472
f 6163/1943/1170 6114/1941/1477 6120/1941/1477 6146/1943/1477
f 6128/1934/1270 6104/1937/1270 6112/1937/1270 6132/1934/1270
f 6108/1944/1007 6109/1945/1007 6117/1945/1007 6116/1944/1007
f 6106/1941/1011 6107/1940/1011 6115/1940/1011 6114/1941/1011
f 6103/1946/1013 6110/1947/1013 6118/1947/1013 6111/1946/1013
f 6141/1948/1169 6103/1946/1169 6111/1946/1169 6143/1948/1169
f 6140/1943/1170 6106/1941/1170 6114/1941/1477 6163/1943/1170
f 6127/1939/1199 6108/1944/1199 6116/1944/1199 6131/1939/1199
f 6104/1937/1043 6105/1936/1043 6113/1936/1043 6112/1937/1043
f 6136/1935/1478 6119/1936/1560 6123/1949/1560 6138/1950/1478
f 6133/1938/1199 6117/1945/1199 6122/1945/1199 6135/1938/1199
f 6134/1935/1270 6113/1936/1270 6119/1936/1270 6136/1935/1270
f 6143/1948/1169 6111/1946/1169 6121/1946/1556 6147/1948/1169
f 6153/1951/1014 6164/1952/1014 6124/1953/1014 6137/1954/1014
f 6147/1948/1494 6121/1946/1494 6125/1955/1494 6150/1956/1494
f 6135/1938/1558 6122/1945/1571 6126/1957/1571 6137/1954/1483
f 6146/1943/1538 6120/1941/1487 6124/1953/1487 6164/1952/1572
f 6120/1941/1484 6135/1938/1558 6137/1954/1483 6124/1953/1573
f 6151/1958/1014 6153/1951/1014 6137/1954/1014 6126/1957/1014
f 6111/1946/1197 6134/1935/1270 6136/1935/1270 6121/1946/1197
f 6114/1941/1199 6133/1938/1199 6135/1938/1199 6120/1941/1199
f 6121/1946/1555 6136/1935/1478 6138/1950/1478 6125/1955/1574
f 6107/1940/1250 6127/1939/1199 6131/1939/1199 6115/1940/1250
f 6110/1947/1270 6128/1934/1270 6132/1934/1270 6118/1947/1270
f 6117/1945/1472 6133/1938/1472 6131/1939/1472 6116/1944/1472
f 6118/1947/1471 6132/1934/1490 6134/1935/1490 6111/1946/1471
f 6142/1959/1076 6109/1945/1076 6129/1938/1076 6154/1942/1076
f 6109/1945/1076 6108/1944/1076 6127/1939/1076 6129/1938/1076
f 6110/1947/1076 6103/1946/1076 6130/1935/1076 6128/1934/1076
f 6103/1946/1076 6141/1948/1076 6155/1960/1076 6130/1935/1076
f 6152/1961/1014 6153/1951/1014 6151/1958/1014 6150/1956/1014
f 6125/1955/1014 6138/1950/1014 6152/1961/1014 6150/1956/1014
f 6119/1936/1575 6145/1962/1576 6149/1963/1577 6123/1949/1575
f 6147/1948/1494 6150/1956/1494 6151/1958/1494 6148/1959/1512
f 6122/1945/1512 6148/1959/1512 6151/1958/1494 6126/1957/1512
f 6138/1950/1014 6123/1949/1014 6149/1963/1014 6152/1961/1014
f 6143/1948/1169 6147/1948/1169 6148/1959/1169 6144/1959/1169
f 6117/1945/1169 6144/1959/1169 6148/1959/1169 6122/1945/1234
f 6139/1962/1170 6140/1943/1170 6163/1943/1170 6162/1962/1170
f 6105/1936/1170 6139/1962/1170 6162/1962/1170 6113/1936/1170
f 6141/1948/1169 6143/1948/1169 6144/1959/1169 6142/1959/1169
f 6109/1945/1169 6142/1959/1169 6144/1959/1169 6117/1945/1169
f 6113/1936/1170 6162/1962/1170 6145/1962/1216 6119/1936/1216
f 6154/1942/1076 6140/1943/1076 6139/1962/1076 6155/1960/1076
f 6130/1935/1076 6155/1960/1076 6139/1962/1076 6105/1936/1076
f 6141/1948/1076 6142/1959/1076 6154/1942/1076 6155/1960/1076
f 6158/1964/1578 6160/1965/1538 6161/1966/1487 6159/1967/1497
f 6159/1967/1498 6161/1966/1498 6157/1968/1527 6156/1969/1528
f 6165/1970/1579 6166/1971/1579 6160/1965/1580 6158/1964/1580
f 6166/1972/1579 6165/1973/1579 6162/1974/1170 6163/1975/1170
f 6156/1976/1528 6157/1977/1527 6153/1978/1014 6152/1979/1014
f 6158/1980/1578 6159/1981/1497 6149/1982/1577 6145/1974/1576
f 6161/1983/1487 6160/1984/1538 6146/1975/1538 6164/1985/1572
f 6159/1981/1531 6156/1976/1531 6152/1979/1531 6149/1982/1531
f 6157/1977/1569 6161/1983/1569 6164/1985/1581 6153/1978/1581
f 6165/1973/1532 6158/1980/1532 6145/1974/1532 6162/1974/1532
f 6160/1984/1582 6166/1972/1582 6163/1975/1582 6146/1975/1582
f 6192/1934/1076 6194/1935/1076 6169/1936/1076 6168/1937/1076
f 6193/1938/1076 6191/1939/1076 6171/1940/1076 6170/1941/1076
f 6218/1942/1076 6193/1938/1076 6170/1941/1076 6204/1943/1076
f 6196/1934/1535 6176/1937/1535 6177/1936/1535 6198/1935/1535
f 6197/1938/1472 6178/1941/1472 6179/1940/1472 6195/1939/1472
f 6227/1943/1554 6178/1941/1477 6184/1941/1477 6210/1943/1477
f 6192/1934/1270 6168/1937/1214 6176/1937/1214 6196/1934/1270
f 6172/1944/1007 6173/1945/1007 6181/1945/1007 6180/1944/1007
f 6170/1941/1011 6171/1940/1011 6179/1940/1011 6178/1941/1011
f 6167/1946/1013 6174/1947/1013 6182/1947/1013 6175/1946/1013
f 6205/1948/1215 6167/1946/1476 6175/1946/1476 6207/1948/1215
f 6204/1943/1170 6170/1941/1170 6178/1941/1477 6227/1943/1554
f 6191/1939/1217 6172/1944/1217 6180/1944/1217 6195/1939/1217
f 6168/1937/1043 6169/1936/1043 6177/1936/1043 6176/1937/1043
f 6200/1935/1560 6183/1936/1583 6187/1949/1518 6202/1950/1584
f 6197/1938/1199 6181/1945/1199 6186/1945/1199 6199/1938/1199
f 6198/1935/1270 6177/1936/1270 6183/1936/1270 6200/1935/1270
f 6207/1948/1215 6175/1946/1476 6185/1946/1476 6211/1948/1215
f 6217/1951/1014 6228/1952/1014 6188/1953/1014 6201/1954/1014
f 6211/1948/1585 6185/1946/1480 6189/1955/1480 6214/1956/1585
f 6199/1938/1488 6186/1945/1483 6190/1957/1586 6201/1954/1488
f 6210/1943/1587 6184/1941/1588 6188/1953/1588 6228/1952/1587
f 6184/1941/1589 6199/1938/1488 6201/1954/1488 6188/1953/1589
f 6215/1958/1014 6217/1951/1014 6201/1954/1014 6190/1957/1014
f 6175/1946/1270 6198/1935/1270 6200/1935/1270 6185/1946/1270
f 6178/1941/1199 6197/1938/1199 6199/1938/1199 6184/1941/1199
f 6185/1946/1479 6200/1935/1560 6202/1950/1584 6189/1955/1479
f 6171/1940/1199 6191/1939/1217 6195/1939/1217 6179/1940/1199
f 6174/1947/1270 6192/1934/1270 6196/1934/1270 6182/1947/1270
f 6181/1945/1472 6197/1938/1472 6195/1939/1472 6180/1944/1472
f 6182/1947/1471 6196/1934/1535 6198/1935/1535 6175/1946/1471
f 6206/1959/1076 6173/1945/1076 6193/1938/1076 6218/1942/1076
f 6173/1945/1076 6172/1944/1076 6191/1939/1076 6193/1938/1076
f 6174/1947/1076 6167/1946/1076 6194/1935/1076 6192/1934/1076
f 6167/1946/1076 6205/1948/1076 6219/1960/1076 6194/1935/1076
f 6216/1961/1014 6217/1951/1014 6215/1958/1014 6214/1956/1014
f 6189/1955/1014 6202/1950/1014 6216/1961/1014 6214/1956/1014
f 6183/1936/1572 6209/1962/1492 6213/1963/1493 6187/1949/1572
f 6211/1948/1585 6214/1956/1585 6215/1958/1514 6212/1959/1585
f 6186/1945/1590 6212/1959/1585 6215/1958/1514 6190/1957/1590
f 6202/1950/1014 6187/1949/1014 6213/1963/1014 6216/1961/1014
f 6207/1948/1215 6211/1948/1215 6212/1959/1169 6208/1959/1169
f 6181/1945/1591 6208/1959/1169 6212/1959/1169 6186/1945/1234
f 6203/1962/1170 6204/1943/1170 6227/1943/1554 6226/1962/1554
f 6169/1936/1170 6203/1962/1170 6226/1962/1554 6177/1936/1170
f 6205/1948/1215 6207/1948/1215 6208/1959/1169 6206/1959/1169
f 6173/1945/1169 6206/1959/1169 6208/1959/1169 6181/1945/1591
f 6177/1936/1170 6226/1962/1554 6209/1962/1216 6183/1936/1216
f 6218/1942/1076 6204/1943/1076 6203/1962/1076 6219/1960/1076
f 6194/1935/1076 6219/1960/1076 6203/1962/1076 6169/1936/1076
f 6205/1948/1076 6206/1959/1076 6218/1942/1076 6219/1960/1076
f 6222/1964/1565 6224/1965/1592 6225/1966/1593 6223/1967/1594
f 6223/1967/1546 6225/1966/1546 6221/1968/1528 6220/1969/1499
f 6229/1970/1595 6230/1971/1596 6224/1965/1597 6222/1964/1597
f 6230/1972/1596 6229/1973/1595 6226/1974/1554 6227/1975/1554
f 6220/1976/1499 6221/1977/1528 6217/1978/1014 6216/1979/1014
f 6222/1980/1565 6223/1981/1594 6213/1982/1493 6209/1974/1492
f 6225/1983/1593 6224/1984/1592 6210/1975/1587 6228/1985/1587
f 6223/1981/1531 6220/1976/1531 6216/1979/1531 6213/1982/1531
f 6221/1977/1598 6225/1983/1506 6228/1985/1598 6217/1978/1506
f 6229/1973/1550 6222/1980/1550 6209/1974/1550 6226/1974/1550
f 6224/1984/1582 6230/1972/1599 6227/1975/1582 6210/1975/1509
f 6256/1934/1076 6258/1935/1076 6233/1936/1076 6232/1937/1076
f 6257/1938/1076 6255/1939/1076 6235/1940/1076 6234/1941/1076
f 6282/1942/1076 6257/1938/1076 6234/1941/1076 6268/1943/1076
f 6260/1934/1471 6240/1937/1490 6241/1936/1490 6262/1935/1471
f 6261/1938/1600 6242/1941/1473 6243/1940/1473 6259/1939/1600
f 6291/1943/1329 6242/1941/1216 6248/1941/1601 6274/1943/1601
f 6256/1934/1270 6232/1937/1270 6240/1937/1270 6260/1934/1270
f 6236/1944/1007 6237/1945/1007 6245/1945/1007 6244/1944/1007
f 6234/1941/1011 6235/1940/1011 6243/1940/1011 6242/1941/1011
f 6231/1946/1013 6238/1947/1013 6246/1947/1013 6239/1946/1013
f 6269/1948/1169 6231/1946/1269 6239/1946/1169 6271/1948/1169
f 6268/1943/1170 6234/1941/1216 6242/1941/1216 6291/1943/1329
f 6255/1939/1199 6236/1944/1199 6244/1944/1199 6259/1939/1199
f 6232/1937/1043 6233/1936/1043 6241/1936/1043 6240/1937/1043
f 6264/1935/1478 6247/1936/1478 6251/1949/1478 6266/1950/1478
f 6261/1938/1199 6245/1945/1199 6250/1945/1199 6263/1938/1199
f 6262/1935/1270 6241/1936/1270 6247/1936/1270 6264/1935/1270
f 6271/1948/1169 6239/1946/1169 6249/1946/1169 6275/1948/1169
f 6281/1951/1014 6292/1952/1014 6252/1953/1014 6265/1954/1014
f 6275/1948/1602 6249/1946/1602 6253/1955/1602 6278/1956/1602
f 6263/1938/1483 6250/1945/1603 6254/1957/1603 6265/1954/1483
f 6274/1943/1604 6248/1941/1545 6252/1953/1545 6292/1952/1604
f 6248/1941/1483 6263/1938/1483 6265/1954/1483 6252/1953/1483
f 6279/1958/1014 6281/1951/1014 6265/1954/1014 6254/1957/1014
f 6239/1946/1270 6262/1935/1270 6264/1935/1270 6249/1946/1270
f 6242/1941/1199 6261/1938/1199 6263/1938/1199 6248/1941/1199
f 6249/1946/1605 6264/1935/1478 6266/1950/1478 6253/1955/1605
f 6235/1940/1199 6255/1939/1199 6259/1939/1199 6243/1940/1199
f 6238/1947/1270 6256/1934/1270 6260/1934/1270 6246/1947/1270
f 6245/1945/1519 6261/1938/1600 6259/1939/1600 6244/1944/1519
f 6246/1947/1471 6260/1934/1471 6262/1935/1471 6239/1946/1471
f 6270/1959/1076 6237/1945/1076 6257/1938/1076 6282/1942/1076
f 6237/1945/1076 6236/1944/1076 6255/1939/1076 6257/1938/1076
f 6238/1947/1076 6231/1946/1076 6258/1935/1076 6256/1934/1076
f 6231/1946/1076 6269/1948/1076 6283/1960/1076 6258/1935/1076
f 6280/1961/1014 6281/1951/1014 6279/1958/1014 6278/1956/1014
f 6253/1955/1014 6266/1950/1014 6280/1961/1014 6278/1956/1014
f 6247/1936/1522 6273/1962/1606 6277/1963/1604 6251/1949/1522
f 6275/1948/1602 6278/1956/1602 6279/1958/1602 6276/1959/1607
f 6250/1945/1608 6276/1959/1607 6279/1958/1602 6254/1957/1608
f 6266/1950/1014 6251/1949/1014 6277/1963/1014 6280/1961/1014
f 6271/1948/1169 6275/1948/1169 6276/1959/1169 6272/1959/1169
f 6245/1945/1169 6272/1959/1169 6276/1959/1169 6250/1945/1169
f 6267/1962/1170 6268/1943/1170 6291/1943/1329 6290/1962/1609
f 6233/1936/1170 6267/1962/1170 6290/1962/1609 6241/1936/1170
f 6269/1948/1169 6271/1948/1169 6272/1959/1169 6270/1959/1169
f 6237/1945/1269 6270/1959/1169 6272/1959/1169 6245/1945/1169
f 6241/1936/1170 6290/1962/1609 6273/1962/1170 6247/1936/1170
f 6282/1942/1076 6268/1943/1076 6267/1962/1076 6283/1960/1076
f 6258/1935/1076 6283/1960/1076 6267/1962/1076 6233/1936/1076
f 6269/1948/1076 6270/1959/1076 6282/1942/1076 6283/1960/1076
f 6286/1964/1610 6288/1965/1610 6289/1966/1610 6287/1967/1611
f 6287/1967/1498 6289/1966/1498 6285/1968/1612 6284/1969/1612
f 6293/1970/1613 6294/1971/1614 6288/1965/1615 6286/1964/1615
f 6294/1972/1614 6293/1973/1613 6290/1974/1609 6291/1975/1329
f 6284/1976/1612 6285/1977/1612 6281/1978/1014 6280/1979/1014
f 6286/1980/1610 6287/1981/1611 6277/1982/1604 6273/1974/1606
f 6289/1983/1610 6288/1984/1610 6274/1975/1604 6292/1985/1604
f 6287/1981/1531 6284/1976/1503 6280/1979/1531 6277/1982/1503
f 6285/1977/1504 6289/1983/1504 6292/1985/1504 6281/1978/1504
f 6293/1973/1616 6286/1980/1550 6273/1974/1616 6290/1974/1550
f 6288/1984/1617 6294/1972/1617 6291/1975/1617 6274/1975/1617
f 6320/1934/1076 6322/1935/1076 6297/1936/1076 6296/1937/1076
f 6321/1938/1076 6319/1939/1076 6299/1940/1076 6298/1941/1076
f 6346/1942/1076 6321/1938/1076 6298/1941/1076 6332/1943/1076
f 6324/1934/1618 6304/1937/1618 6305/1936/1618 6326/1935/1618
f 6325/1938/1619 6306/1941/1619 6307/1940/1619 6323/1939/1619
f 6355/1943/1217 6306/1941/1620 6312/1941/1620 6338/1943/1620
f 6320/1934/1170 6296/1937/1216 6304/1937/1216 6324/1934/1170
f 6300/1944/1013 6301/1945/1013 6309/1945/1013 6308/1944/1013
f 6298/1941/1007 6299/1940/1007 6307/1940/1007 6306/1941/1007
f 6295/1946/1043 6302/1947/1043 6310/1947/1043 6303/1946/1043
f 6333/1948/1307 6295/1946/1621 6303/1946/1621 6335/1948/1270
f 6332/1943/1217 6298/1941/1620 6306/1941/1620 6355/1943/1217
f 6319/1939/1169 6300/1944/1169 6308/1944/1169 6323/1939/1169
f 6296/1937/1011 6297/1936/1011 6305/1936/1011 6304/1937/1011
f 6328/1935/1622 6311/1936/1623 6315/1949/1623 6330/1950/1622
f 6325/1938/1169 6309/1945/1169 6314/1945/1169 6327/1938/1169
f 6326/1935/1170 6305/1936/1170 6311/1936/1170 6328/1935/1170
f 6335/1948/1270 6303/1946/1621 6313/1946/1621 6339/1948/1270
f 6345/1951/1014 6356/1952/1014 6316/1953/1014 6329/1954/1014
f 6339/1948/1624 6313/1946/1624 6317/1955/1624 6342/1956/1624
f 6327/1938/1625 6314/1945/1625 6318/1957/1625 6329/1954/1625
f 6338/1943/1626 6312/1941/1627 6316/1953/1627 6356/1952/1626
f 6312/1941/1628 6327/1938/1625 6329/1954/1625 6316/1953/1628
f 6343/1958/1014 6345/1951/1014 6329/1954/1014 6318/1957/1014
f 6303/1946/1170 6326/1935/1170 6328/1935/1170 6313/1946/1170
f 6306/1941/1169 6325/1938/1169 6327/1938/1169 6312/1941/1169
f 6313/1946/1622 6328/1935/1622 6330/1950/1622 6317/1955/1622
f 6299/1940/1169 6319/1939/1169 6323/1939/1169 6307/1940/1169
f 6302/1947/1198 6320/1934/1170 6324/1934/1170 6310/1947/1198
f 6309/1945/1619 6325/1938/1619 6323/1939/1619 6308/1944/1619
f 6310/1947/1618 6324/1934/1618 6326/1935/1618 6303/1946/1618
f 6334/1959/1076 6301/1945/1076 6321/1938/1076 6346/1942/1076
f 6301/1945/1076 6300/1944/1076 6319/1939/1076 6321/1938/1076
f 6302/1947/1076 6295/1946/1076 6322/1935/1076 6320/1934/1076
f 6295/1946/1076 6333/1948/1076 6347/1960/1076 6322/1935/1076
f 6344/1961/1014 6345/1951/1014 6343/1958/1014 6342/1956/1014
f 6317/1955/1014 6330/1950/1014 6344/1961/1014 6342/1956/1014
f 6311/1936/1629 6337/1962/1630 6341/1963/1631 6315/1949/1629
f 6339/1948/1624 6342/1956/1624 6343/1958/1624 6340/1959/1624
f 6314/1945/1624 6340/1959/1624 6343/1958/1624 6318/1957/1624
f 6330/1950/1014 6315/1949/1014 6341/1963/1014 6344/1961/1014
f 6335/1948/1270 6339/1948/1270 6340/1959/1214 6336/1959/1214
f 6309/1945/1632 6336/1959/1214 6340/1959/1214 6314/1945/1632
f 6331/1962/1199 6332/1943/1217 6355/1943/1217 6354/1962/1199
f 6297/1936/1199 6331/1962/1199 6354/1962/1199 6305/1936/1199
f 6333/1948/1307 6335/1948/1270 6336/1959/1214 6334/1959/1307
f 6301/1945/1621 6334/1959/1307 6336/1959/1214 6309/1945/1632
f 6305/1936/1199 6354/1962/1199 6337/1962/1199 6311/1936/1199
f 6346/1942/1076 6332/1943/1076 6331/1962/1076 6347/1960/1076
f 6322/1935/1076 6347/1960/1076 6331/1962/1076 6297/1936/1076
f 6333/1948/1076 6334/1959/1076 6346/1942/1076 6347/1960/1076
f 6350/1964/1633 6352/1965/1634 6353/1966/1635 6351/1967/1636
f 6351/1967/1637 6353/1966/1637 6349/1968/1638 6348/1969/1638
f 6357/1970/1639 6358/1971/1639 6352/1965/1640 6350/1964/1640
f 6358/1972/1639 6357/1973/1639 6354/1974/1199 6355/1975/1217
f 6348/1976/1638 6349/1977/1638 6345/1978/1014 6344/1979/1014
f 6350/1980/1633 6351/1981/1636 6341/1982/1631 6337/1974/1630
f 6353/1983/1635 6352/1984/1634 6338/1975/1626 6356/1985/1626
f 6351/1981/1641 6348/1976/1641 6344/1979/1641 6341/1982/1641
f 6349/1977/1642 6353/1983/1642 6356/1985/1642 6345/1978/1642
f 6357/1973/1643 6350/1980/1643 6337/1974/1643 6354/1974/1643
f 6352/1984/1644 6358/1972/1644 6355/1975/1644 6338/1975/1644
f 6384/1934/1076 6386/1935/1076 6361/1936/1076 6360/1937/1076
f 6385/1938/1076 6383/1939/1076 6363/1940/1076 6362/1941/1076
f 6410/1942/1076 6385/1938/1076 6362/1941/1076 6396/1943/1076
f 6388/1934/1472 6368/1937/1472 6369/1936/1472 6390/1935/1472
f 6389/1938/1471 6370/1941/1471 6371/1940/1471 6387/1939/1471
f 6419/1943/1169 6370/1941/1169 6376/1941/1169 6402/1943/1169
f 6384/1934/1199 6360/1937/1199 6368/1937/1199 6388/1934/1199
f 6364/1944/1043 6365/1945/1043 6373/1945/1043 6372/1944/1043
f 6362/1941/1013 6363/1940/1013 6371/1940/1013 6370/1941/1013
f 6359/1946/1011 6366/1947/1011 6374/1947/1011 6367/1946/1011
f 6397/1948/1170 6359/1946/1477 6367/1946/1170 6399/1948/1170
f 6396/1943/1169 6362/1941/1169 6370/1941/1169 6419/1943/1169
f 6383/1939/1270 6364/1944/1270 6372/1944/1270 6387/1939/1270
f 6360/1937/1007 6361/1936/1007 6369/1936/1007 6368/1937/1007
f 6392/1935/1573 6375/1936/1645 6379/1949/1484 6394/1950/1573
f 6389/1938/1270 6373/1945/1270 6378/1945/1270 6391/1938/1270
f 6390/1935/1199 6369/1936/1199 6375/1936/1199 6392/1935/1199
f 6399/1948/1170 6367/1946/1170 6377/1946/1170 6403/1948/1170
f 6409/1951/1014 6420/1952/1014 6380/1953/1014 6393/1954/1014
f 6403/1948/1497 6377/1946/1497 6381/1955/1497 6406/1956/1497
f 6391/1938/1479 6378/1945/1479 6382/1957/1479 6393/1954/1479
f 6402/1943/1537 6376/1941/1646 6380/1953/1646 6420/1952/1607
f 6376/1941/1479 6391/1938/1479 6393/1954/1479 6380/1953/1479
f 6407/1958/1014 6409/1951/1014 6393/1954/1014 6382/1957/1014
f 6367/1946/1199 6390/1935/1199 6392/1935/1199 6377/1946/1199
f 6370/1941/1270 6389/1938/1270 6391/1938/1270 6376/1941/1270
f 6377/1946/1647 6392/1935/1573 6394/1950/1573 6381/1955/1647
f 6363/1940/1270 6383/1939/1270 6387/1939/1270 6371/1940/1270
f 6366/1947/1199 6384/1934/1199 6388/1934/1199 6374/1947/1199
f 6373/1945/1471 6389/1938/1471 6387/1939/1471 6372/1944/1471
f 6374/1947/1472 6388/1934/1472 6390/1935/1472 6367/1946/1472
f 6398/1959/1076 6365/1945/1076 6385/1938/1076 6410/1942/1076
f 6365/1945/1076 6364/1944/1076 6383/1939/1076 6385/1938/1076
f 6366/1947/1076 6359/1946/1076 6386/1935/1076 6384/1934/1076
f 6359/1946/1076 6397/1948/1076 6411/1960/1076 6386/1935/1076
f 6408/1961/1014 6409/1951/1014 6407/1958/1014 6406/1956/1014
f 6381/1955/1014 6394/1950/1014 6408/1961/1014 6406/1956/1014
f 6375/1936/1646 6401/1962/1536 6405/1963/1648 6379/1949/1646
f 6403/1948/1497 6406/1956/1497 6407/1958/1487 6404/1959/1485
f 6378/1945/1485 6404/1959/1485 6407/1958/1487 6382/1957/1485
f 6394/1950/1014 6379/1949/1014 6405/1963/1014 6408/1961/1014
f 6399/1948/1170 6403/1948/1170 6404/1959/1170 6400/1959/1170
f 6373/1945/1170 6400/1959/1170 6404/1959/1170 6378/1945/1170
f 6395/1962/1269 6396/1943/1169 6419/1943/1169 6418/1962/1556
f 6361/1936/1649 6395/1962/1269 6418/1962/1556 6369/1936/1649
f 6397/1948/1170 6399/1948/1170 6400/1959/1170 6398/1959/1170
f 6365/1945/1477 6398/1959/1170 6400/1959/1170 6373/1945/1170
f 6369/1936/1649 6418/1962/1556 6401/1962/1649 6375/1936/1649
f 6410/1942/1076 6396/1943/1076 6395/1962/1076 6411/1960/1076
f 6386/1935/1076 6411/1960/1076 6395/1962/1076 6361/1936/1076
f 6397/1948/1076 6398/1959/1076 6410/1942/1076 6411/1960/1076
f 6414/1964/1564 6416/1965/1481 6417/1966/1650 6415/1967/1564
f 6415/1967/1651 6417/1966/1651 6413/1968/1652 6412/1969/1652
f 6421/1970/1653 6422/1971/1654 6416/1965/1655 6414/1964/1655
f 6422/1972/1654 6421/1973/1653 6418/1974/1556 6419/1975/1169
f 6412/1976/1652 6413/1977/1652 6409/1978/1014 6408/1979/1014
f 6414/1980/1564 6415/1981/1564 6405/1982/1648 6401/1974/1536
f 6417/1983/1650 6416/1984/1481 6402/1975/1537 6420/1985/1607
f 6415/1981/1656 6412/1976/1656 6408/1979/1656 6405/1982/1656
f 6413/1977/1657 6417/1983/1657 6420/1985/1657 6409/1978/1657
f 6421/1973/1658 6414/1980/1658 6401/1974/1658 6418/1974/1658
f 6416/1984/1659 6422/1972/1659 6419/1975/1659 6402/1975/1659
f 6448/1934/1076 6450/1935/1076 6425/1936/1076 6424/1937/1076
f 6449/1938/1076 6447/1939/1076 6427/1940/1076 6426/1941/1076
f 6474/1942/1076 6449/1938/1076 6426/1941/1076 6460/1943/1076
f 6452/1934/1407 6432/1937/1407 6433/1936/1407 6454/1935/1407
f 6453/1938/1660 6434/1941/1660 6435/1940/1660 6451/1939/1660
f 6483/1943/1013 6434/1941/1013 6440/1941/1013 6466/1943/1013
f 6448/1934/1007 6424/1937/1007 6432/1937/1007 6452/1934/1007
f 6428/1944/1170 6429/1945/1170 6437/1945/1170 6436/1944/1170
f 6426/1941/1168 6427/1940/1168 6435/1940/1168 6434/1941/1168
f 6423/1946/1171 6430/1947/1171 6438/1947/1171 6431/1946/1171
f 6461/1948/1011 6423/1946/1011 6431/1946/1011 6463/1948/1011
f 6460/1943/1013 6426/1941/1013 6434/1941/1013 6483/1943/1013
f 6447/1939/1043 6428/1944/1043 6436/1944/1043 6451/1939/1043
f 6424/1937/1169 6425/1936/1169 6433/1936/1169 6432/1937/1169
f 6456/1935/1466 6439/1936/1466 6443/1949/1466 6458/1950/1466
f 6453/1938/1043 6437/1945/1043 6442/1945/1043 6455/1938/1043
f 6454/1935/1007 6433/1936/1007 6439/1936/1007 6456/1935/1007
f 6463/1948/1011 6431/1946/1011 6441/1946/1011 6467/1948/1011
f 6473/1951/1014 6484/1952/1014 6444/1953/1014 6457/1954/1014
f 6467/1948/1411 6441/1946/1411 6445/1955/1411 6470/1956/1411
f 6455/1938/1443 6442/1945/1443 6446/1957/1443 6457/1954/1443
f 6466/1943/1661 6440/1941/1418 6444/1953/1418 6484/1952/1661
f 6440/1941/1662 6455/1938/1443 6457/1954/1443 6444/1953/1662
f 6471/1958/1014 6473/1951/1014 6457/1954/1014 6446/1957/1014
f 6431/1946/1007 6454/1935/1007 6456/1935/1007 6441/1946/1007
f 6434/1941/1043 6453/1938/1043 6455/1938/1043 6440/1941/1043
f 6441/1946/1466 6456/1935/1466 6458/1950/1466 6445/1955/1466
f 6427/1940/1043 6447/1939/1043 6451/1939/1043 6435/1940/1043
f 6430/1947/1007 6448/1934/1007 6452/1934/1007 6438/1947/1007
f 6437/1945/1660 6453/1938/1660 6451/1939/1660 6436/1944/1660
f 6438/1947/1407 6452/1934/1407 6454/1935/1407 6431/1946/1407
f 6462/1959/1076 6429/1945/1076 6449/1938/1076 6474/1942/1076
f 6429/1945/1076 6428/1944/1076 6447/1939/1076 6449/1938/1076
f 6430/1947/1076 6423/1946/1076 6450/1935/1076 6448/1934/1076
f 6423/1946/1076 6461/1948/1076 6475/1960/1076 6450/1935/1076
f 6472/1961/1014 6473/1951/1014 6471/1958/1014 6470/1956/1014
f 6445/1955/1014 6458/1950/1014 6472/1961/1014 6470/1956/1014
f 6439/1936/1436 6465/1962/1663 6469/1963/1663 6443/1949/1436
f 6467/1948/1411 6470/1956/1411 6471/1958/1433 6468/1959/1433
f 6442/1945/1447 6468/1959/1433 6471/1958/1433 6446/1957/1447
f 6458/1950/1014 6443/1949/1014 6469/1963/1014 6472/1961/1014
f 6463/1948/1011 6467/1948/1011 6468/1959/1011 6464/1959/1011
f 6437/1945/1011 6464/1959/1011 6468/1959/1011 6442/1945/1011
f 6459/1962/1013 6460/1943/1013 6483/1943/1013 6482/1962/1013
f 6425/1936/1013 6459/1962/1013 6482/1962/1013 6433/1936/1013
f 6461/1948/1011 6463/1948/1011 6464/1959/1011 6462/1959/1011
f 6429/1945/1011 6462/1959/1011 6464/1959/1011 6437/1945/1011
f 6433/1936/1013 6482/1962/1013 6465/1962/1013 6439/1936/1013
f 6474/1942/1076 6460/1943/1076 6459/1962/1076 6475/1960/1076
f 6450/1935/1076 6475/1960/1076 6459/1962/1076 6425/1936/1076
f 6461/1948/1076 6462/1959/1076 6474/1942/1076 6475/1960/1076
f 6478/1964/1663 6480/1965/1661 6481/1966/1661 6479/1967/1664
f 6479/1967/1423 6481/1966/1423 6477/1968/1424 6476/1969/1424
f 6485/1970/1425 6486/1971/1425 6480/1965/1426 6478/1964/1426
f 6486/1972/1425 6485/1973/1425 6482/1974/1013 6483/1975/1013
f 6476/1976/1424 6477/1977/1424 6473/1978/1014 6472/1979/1014
f 6478/1980/1663 6479/1981/1664 6469/1982/1663 6465/1974/1663
f 6481/1983/1661 6480/1984/1661 6466/1975/1661 6484/1985/1661
f 6479/1981/1665 6476/1976/1666 6472/1979/1665 6469/1982/1666
f 6477/1977/1667 6481/1983/1667 6484/1985/1667 6473/1978/1667
f 6485/1973/1668 6478/1980/1668 6465/1974/1668 6482/1974/1668
f 6480/1984/1669 6486/1972/1669 6483/1975/1669 6466/1975/1669
f 6512/1934/1076 6514/1935/1076 6489/1936/1076 6488/1937/1076
f 6513/1938/1076 6511/1939/1076 6491/1940/1076 6490/1941/1076
f 6538/1942/1076 6513/1938/1076 6490/1941/1076 6524/1943/1076
f 6516/1934/1196 6496/1937/1196 6497/1936/1196 6518/1935/1196
f 6517/1938/1166 6498/1941/1166 6499/1940/1166 6515/1939/1166
f 6547/1943/1043 6498/1941/1043 6504/1941/1043 6530/1943/1043
f 6512/1934/1013 6488/1937/1013 6496/1937/1013 6516/1934/1013
f 6492/1944/1199 6493/1945/1199 6501/1945/1199 6500/1944/1199
f 6490/1941/1477 6491/1940/1477 6499/1940/1477 6498/1941/1477
f 6487/1946/1169 6494/1947/1169 6502/1947/1169 6495/1946/1169
f 6525/1948/1007 6487/1946/1007 6495/1946/1007 6527/1948/1007
f 6524/1943/1043 6490/1941/1043 6498/1941/1043 6547/1943/1043
f 6511/1939/1011 6492/1944/1011 6500/1944/1011 6515/1939/1011
f 6488/1937/1168 6489/1936/1168 6497/1936/1168 6496/1937/1168
f 6520/1935/1252 6503/1936/1252 6507/1949/1252 6522/1950/1252
f 6517/1938/1011 6501/1945/1011 6506/1945/1011 6519/1938/1011
f 6518/1935/1013 6497/1936/1013 6503/1936/1013 6520/1935/1013
f 6527/1948/1007 6495/1946/1007 6505/1946/1007 6531/1948/1007
f 6537/1951/1014 6548/1952/1014 6508/1953/1014 6521/1954/1014
f 6531/1948/1319 6505/1946/1319 6509/1955/1319 6534/1956/1175
f 6519/1938/1172 6506/1945/1172 6510/1957/1172 6521/1954/1172
f 6530/1943/1300 6504/1941/1257 6508/1953/1257 6548/1952/1300
f 6504/1941/1172 6519/1938/1172 6521/1954/1172 6508/1953/1172
f 6535/1958/1014 6537/1951/1014 6521/1954/1014 6510/1957/1014
f 6495/1946/1013 6518/1935/1013 6520/1935/1013 6505/1946/1013
f 6498/1941/1011 6517/1938/1011 6519/1938/1011 6504/1941/1011
f 6505/1946/1252 6520/1935/1252 6522/1950/1252 6509/1955/1252
f 6491/1940/1011 6511/1939/1011 6515/1939/1011 6499/1940/1011
f 6494/1947/1013 6512/1934/1013 6516/1934/1013 6502/1947/1013
f 6501/1945/1166 6517/1938/1166 6515/1939/1166 6500/1944/1166
f 6502/1947/1196 6516/1934/1196 6518/1935/1196 6495/1946/1196
f 6526/1959/1076 6493/1945/1076 6513/1938/1076 6538/1942/1076
f 6493/1945/1076 6492/1944/1076 6511/1939/1076 6513/1938/1076
f 6494/1947/1076 6487/1946/1076 6514/1935/1076 6512/1934/1076
f 6487/1946/1076 6525/1948/1076 6539/1960/1076 6514/1935/1076
f 6536/1961/1014 6537/1951/1014 6535/1958/1014 6534/1956/1014
f 6509/1955/1014 6522/1950/1014 6536/1961/1014 6534/1956/1014
f 6503/1936/1262 6529/1962/1262 6533/1963/1262 6507/1949/1262
f 6531/1948/1319 6534/1956/1175 6535/1958/1175 6532/1959/1175
f 6506/1945/1175 6532/1959/1175 6535/1958/1175 6510/1957/1175
f 6522/1950/1014 6507/1949/1014 6533/1963/1014 6536/1961/1014
f 6527/1948/1007 6531/1948/1007 6532/1959/1007 6528/1959/1007
f 6501/1945/1007 6528/1959/1007 6532/1959/1007 6506/1945/1007
f 6523/1962/1043 6524/1943/1043 6547/1943/1043 6546/1962/1043
f 6489/1936/1043 6523/1962/1043 6546/1962/1043 6497/1936/1043
f 6525/1948/1007 6527/1948/1007 6528/1959/1007 6526/1959/1007
f 6493/1945/1007 6526/1959/1007 6528/1959/1007 6501/1945/1007
f 6497/1936/1043 6546/1962/1043 6529/1962/1043 6503/1936/1043
f 6538/1942/1076 6524/1943/1076 6523/1962/1076 6539/1960/1076
f 6514/1935/1076 6539/1960/1076 6523/1962/1076 6489/1936/1076
f 6525/1948/1076 6526/1959/1076 6538/1942/1076 6539/1960/1076
f 6542/1964/1262 6544/1965/1300 6545/1966/1300 6543/1967/1262
f 6543/1967/1240 6545/1966/1240 6541/1968/1241 6540/1969/1241
f 6549/1970/1242 6550/1971/1264 6544/1965/1243 6542/1964/1243
f 6550/1972/1264 6549/1973/1242 6546/1974/1043 6547/1975/1043
f 6540/1976/1241 6541/1977/1241 6537/1978/1014 6536/1979/1014
f 6542/1980/1262 6543/1981/1262 6533/1982/1262 6529/1974/1262
f 6545/1983/1300 6544/1984/1300 6530/1975/1300 6548/1985/1300
f 6543/1981/1314 6540/1976/1314 6536/1979/1314 6533/1982/1314
f 6541/1977/1245 6545/1983/1245 6548/1985/1245 6537/1978/1245
f 6549/1973/1296 6542/1980/1296 6529/1974/1296 6546/1974/1296
f 6544/1984/1393 6550/1972/1393 6547/1975/1393 6530/1975/1393
f 6576/1934/1076 6578/1935/1076 6553/1936/1076 6552/1937/1076
f 6577/1938/1076 6575/1939/1076 6555/1940/1076 6554/1941/1076
f 6602/1942/1076 6577/1938/1076 6554/1941/1076 6588/1943/1076
f 6580/1934/1196 6560/1937/1196 6561/1936/1196 6582/1935/1196
f 6581/1938/1194 6562/1941/1194 6563/1940/1194 6579/1939/1194
f 6611/1943/1043 6562/1941/1043 6568/1941/1043 6594/1943/1043
f 6576/1934/1013 6552/1937/1013 6560/1937/1013 6580/1934/1013
f 6556/1944/1171 6557/1945/1171 6565/1945/1171 6564/1944/1171
f 6554/1941/1170 6555/1940/1170 6563/1940/1170 6562/1941/1170
f 6551/1946/1169 6558/1947/1169 6566/1947/1169 6559/1946/1169
f 6589/1948/1007 6551/1946/1007 6559/1946/1007 6591/1948/1007
f 6588/1943/1043 6554/1941/1043 6562/1941/1043 6611/1943/1043
f 6575/1939/1011 6556/1944/1011 6564/1944/1011 6579/1939/1011
f 6552/1937/1168 6553/1936/1168 6561/1936/1168 6560/1937/1168
f 6584/1935/1252 6567/1936/1252 6571/1949/1252 6586/1950/1252
f 6581/1938/1011 6565/1945/1011 6570/1945/1011 6583/1938/1011
f 6582/1935/1013 6561/1936/1013 6567/1936/1013 6584/1935/1013
f 6591/1948/1007 6559/1946/1007 6569/1946/1007 6595/1948/1007
f 6601/1951/1014 6612/1952/1014 6572/1953/1014 6585/1954/1014
f 6595/1948/1175 6569/1946/1175 6573/1955/1175 6598/1956/1175
f 6583/1938/1172 6570/1945/1172 6574/1957/1172 6585/1954/1172
f 6594/1943/1300 6568/1941/1257 6572/1953/1257 6612/1952/1300
f 6568/1941/1172 6583/1938/1172 6585/1954/1172 6572/1953/1172
f 6599/1958/1014 6601/1951/1014 6585/1954/1014 6574/1957/1014
f 6559/1946/1013 6582/1935/1013 6584/1935/1013 6569/1946/1013
f 6562/1941/1011 6581/1938/1011 6583/1938/1011 6568/1941/1011
f 6569/1946/1252 6584/1935/1252 6586/1950/1252 6573/1955/1252
f 6555/1940/1011 6575/1939/1011 6579/1939/1011 6563/1940/1011
f 6558/1947/1013 6576/1934/1013 6580/1934/1013 6566/1947/1013
f 6565/1945/1194 6581/1938/1194 6579/1939/1194 6564/1944/1194
f 6566/1947/1196 6580/1934/1196 6582/1935/1196 6559/1946/1196
f 6590/1959/1076 6557/1945/1076 6577/1938/1076 6602/1942/1076
f 6557/1945/1076 6556/1944/1076 6575/1939/1076 6577/1938/1076
f 6558/1947/1076 6551/1946/1076 6578/1935/1076 6576/1934/1076
f 6551/1946/1076 6589/1948/1076 6603/1960/1076 6578/1935/1076
f 6600/1961/1014 6601/1951/1014 6599/1958/1014 6598/1956/1014
f 6573/1955/1014 6586/1950/1014 6600/1961/1014 6598/1956/1014
f 6567/1936/1257 6593/1962/1262 6597/1963/1262 6571/1949/1257
f 6595/1948/1175 6598/1956/1175 6599/1958/1175 6596/1959/1175
f 6570/1945/1175 6596/1959/1175 6599/1958/1175 6574/1957/1175
f 6586/1950/1014 6571/1949/1014 6597/1963/1014 6600/1961/1014
f 6591/1948/1007 6595/1948/1007 6596/1959/1007 6592/1959/1007
f 6565/1945/1007 6592/1959/1007 6596/1959/1007 6570/1945/1007
f 6587/1962/1043 6588/1943/1043 6611/1943/1043 6610/1962/1043
f 6553/1936/1043 6587/1962/1043 6610/1962/1043 6561/1936/1043
f 6589/1948/1007 6591/1948/1007 6592/1959/1007 6590/1959/1007
f 6557/1945/1007 6590/1959/1007 6592/1959/1007 6565/1945/1007
f 6561/1936/1043 6610/1962/1043 6593/1962/1043 6567/1936/1043
f 6602/1942/1076 6588/1943/1076 6587/1962/1076 6603/1960/1076
f 6578/1935/1076 6603/1960/1076 6587/1962/1076 6553/1936/1076
f 6589/1948/1076 6590/1959/1076 6602/1942/1076 6603/1960/1076
f 6606/1964/1262 6608/1965/1300 6609/1966/1300 6607/1967/1262
f 6607/1967/1240 6609/1966/1240 6605/1968/1263 6604/1969/1241
f 6613/1970/1242 6614/1971/1242 6608/1965/1243 6606/1964/1243
f 6614/1972/1242 6613/1973/1242 6610/1974/1043 6611/1975/1043
f 6604/1976/1241 6605/1977/1263 6601/1978/1014 6600/1979/1014
f 6606/1980/1262 6607/1981/1262 6597/1982/1262 6593/1974/1262
f 6609/1983/1300 6608/1984/1300 6594/1975/1300 6612/1985/1300
f 6607/1981/1314 6604/1976/1314 6600/1979/1314 6597/1982/1314
f 6605/1977/1670 6609/1983/1670 6612/1985/1670 6601/1978/1670
f 6613/1973/1296 6606/1980/1296 6593/1974/1296 6610/1974/1296
f 6608/1984/1671 6614/1972/1671 6611/1975/1671 6594/1975/1671
f 6640/1934/1076 6642/1935/1076 6617/1936/1076 6616/1937/1076
f 6641/1938/1076 6639/1939/1076 6619/1940/1076 6618/1941/1076
f 6666/1942/1076 6641/1938/1076 6618/1941/1076 6652/1943/1076
f 6644/1934/1196 6624/1937/1196 6625/1936/1196 6646/1935/1196
f 6645/1938/1166 6626/1941/1166 6627/1940/1166 6643/1939/1166
f 6675/1943/1043 6626/1941/1043 6632/1941/1043 6658/1943/1043
f 6640/1934/1013 6616/1937/1013 6624/1937/1013 6644/1934/1013
f 6620/1944/1199 6621/1945/1199 6629/1945/1199 6628/1944/1199
f 6618/1941/1170 6619/1940/1170 6627/1940/1170 6626/1941/1170
f 6615/1946/1169 6622/1947/1169 6630/1947/1169 6623/1946/1169
f 6653/1948/1007 6615/1946/1007 6623/1946/1007 6655/1948/1007
f 6652/1943/1043 6618/1941/1043 6626/1941/1043 6675/1943/1043
f 6639/1939/1011 6620/1944/1011 6628/1944/1011 6643/1939/1011
f 6616/1937/1270 6617/1936/1270 6625/1936/1270 6624/1937/1270
f 6648/1935/1672 6631/1936/1672 6635/1949/1672 6650/1950/1672
f 6645/1938/1011 6629/1945/1011 6634/1945/1011 6647/1938/1011
f 6646/1935/1013 6625/1936/1013 6631/1936/1013 6648/1935/1013
f 6655/1948/1007 6623/1946/1007 6633/1946/1007 6659/1948/1007
f 6665/1951/1014 6676/1952/1014 6636/1953/1014 6649/1954/1014
f 6659/1948/1175 6633/1946/1175 6637/1955/1175 6662/1956/1175
f 6647/1938/1172 6634/1945/1323 6638/1957/1323 6649/1954/1172
f 6658/1943/1673 6632/1941/1389 6636/1953/1389 6676/1952/1673
f 6632/1941/1172 6647/1938/1172 6649/1954/1172 6636/1953/1172
f 6663/1958/1014 6665/1951/1014 6649/1954/1014 6638/1957/1014
f 6623/1946/1013 6646/1935/1013 6648/1935/1013 6633/1946/1013
f 6626/1941/1011 6645/1938/1011 6647/1938/1011 6632/1941/1011
f 6633/1946/1674 6648/1935/1672 6650/1950/1672 6637/1955/1674
f 6619/1940/1011 6639/1939/1011 6643/1939/1011 6627/1940/1011
f 6622/1947/1013 6640/1934/1013 6644/1934/1013 6630/1947/1013
f 6629/1945/1166 6645/1938/1166 6643/1939/1166 6628/1944/1166
f 6630/1947/1196 6644/1934/1196 6646/1935/1196 6623/1946/1196
f 6654/1959/1076 6621/1945/1076 6641/1938/1076 6666/1942/1076
f 6621/1945/1076 6620/1944/1076 6639/1939/1076 6641/1938/1076
f 6622/1947/1076 6615/1946/1076 6642/1935/1076 6640/1934/1076
f 6615/1946/1076 6653/1948/1076 6667/1960/1076 6642/1935/1076
f 6664/1961/1014 6665/1951/1014 6663/1958/1014 6662/1956/1014
f 6637/1955/1014 6650/1950/1014 6664/1961/1014 6662/1956/1014
f 6631/1936/1237 6657/1962/1204 6661/1963/1391 6635/1949/1237
f 6659/1948/1175 6662/1956/1175 6663/1958/1175 6660/1959/1319
f 6634/1945/1319 6660/1959/1319 6663/1958/1175 6638/1957/1319
f 6650/1950/1014 6635/1949/1014 6661/1963/1014 6664/1961/1014
f 6655/1948/1007 6659/1948/1007 6660/1959/1007 6656/1959/1007
f 6629/1945/1007 6656/1959/1007 6660/1959/1007 6634/1945/1007
f 6651/1962/1043 6652/1943/1043 6675/1943/1043 6674/1962/1043
f 6617/1936/1043 6651/1962/1043 6674/1962/1043 6625/1936/1043
f 6653/1948/1007 6655/1948/1007 6656/1959/1007 6654/1959/1007
f 6621/1945/1007 6654/1959/1007 6656/1959/1007 6629/1945/1007
f 6625/1936/1043 6674/1962/1043 6657/1962/1043 6631/1936/1043
f 6666/1942/1076 6652/1943/1076 6651/1962/1076 6667/1960/1076
f 6642/1935/1076 6667/1960/1076 6651/1962/1076 6617/1936/1076
f 6653/1948/1076 6654/1959/1076 6666/1942/1076 6667/1960/1076
f 6670/1964/1204 6672/1965/1673 6673/1966/1673 6671/1967/1204
f 6671/1967/1240 6673/1966/1240 6669/1968/1241 6668/1969/1241
f 6677/1970/1242 6678/1971/1264 6672/1965/1243 6670/1964/1243
f 6678/1972/1264 6677/1973/1242 6674/1974/1043 6675/1975/1043
f 6668/1976/1241 6669/1977/1241 6665/1978/1014 6664/1979/1014
f 6670/1980/1204 6671/1981/1204 6661/1982/1391 6657/1974/1204
f 6673/1983/1673 6672/1984/1673 6658/1975/1673 6676/1985/1673
f 6671/1981/1314 6668/1976/1314 6664/1979/1314 6661/1982/1314
f 6669/1977/1245 6673/1983/1245 6676/1985/1245 6665/1978/1245
f 6677/1973/1248 6670/1980/1248 6657/1974/1248 6674/1974/1248
f 6672/1984/1297 6678/1972/1297 6675/1975/1297 6658/1975/1297
f 6704/1934/1076 6706/1935/1076 6681/1936/1076 6680/1937/1076
f 6705/1938/1076 6703/1939/1076 6683/1940/1076 6682/1941/1076
f 6730/1942/1076 6705/1938/1076 6682/1941/1076 6716/1943/1076
f 6708/1934/1167 6688/1937/1167 6689/1936/1167 6710/1935/1167
f 6709/1938/1166 6690/1941/1166 6691/1940/1166 6707/1939/1166
f 6739/1943/1043 6690/1941/1043 6696/1941/1043 6722/1943/1043
f 6704/1934/1013 6680/1937/1013 6688/1937/1013 6708/1934/1013
f 6684/1944/1199 6685/1945/1199 6693/1945/1199 6692/1944/1199
f 6682/1941/1170 6683/1940/1170 6691/1940/1170 6690/1941/1170
f 6679/1946/1215 6686/1947/1215 6694/1947/1215 6687/1946/1215
f 6717/1948/1007 6679/1946/1007 6687/1946/1007 6719/1948/1007
f 6716/1943/1043 6682/1941/1043 6690/1941/1043 6739/1943/1043
f 6703/1939/1011 6684/1944/1011 6692/1944/1011 6707/1939/1011
f 6680/1937/1197 6681/1936/1197 6689/1936/1197 6688/1937/1197
f 6712/1935/1672 6695/1936/1672 6699/1949/1672 6714/1950/1672
f 6709/1938/1011 6693/1945/1011 6698/1945/1011 6711/1938/1011
f 6710/1935/1013 6689/1936/1013 6695/1936/1013 6712/1935/1013
f 6719/1948/1007 6687/1946/1007 6697/1946/1007 6723/1948/1007
f 6729/1951/1014 6740/1952/1014 6700/1953/1014 6713/1954/1014
f 6723/1948/1203 6697/1946/1203 6701/1955/1203 6726/1956/1203
f 6711/1938/1178 6698/1945/1273 6702/1957/1273 6713/1954/1178
f 6722/1943/1675 6696/1941/1173 6700/1953/1173 6740/1952/1675
f 6696/1941/1676 6711/1938/1178 6713/1954/1178 6700/1953/1676
f 6727/1958/1014 6729/1951/1014 6713/1954/1014 6702/1957/1014
f 6687/1946/1013 6710/1935/1013 6712/1935/1013 6697/1946/1013
f 6690/1941/1011 6709/1938/1011 6711/1938/1011 6696/1941/1011
f 6697/1946/1672 6712/1935/1672 6714/1950/1672 6701/1955/1672
f 6683/1940/1011 6703/1939/1011 6707/1939/1011 6691/1940/1011
f 6686/1947/1013 6704/1934/1013 6708/1934/1013 6694/1947/1013
f 6693/1945/1166 6709/1938/1166 6707/1939/1166 6692/1944/1166
f 6694/1947/1167 6708/1934/1167 6710/1935/1167 6687/1946/1167
f 6718/1959/1076 6685/1945/1076 6705/1938/1076 6730/1942/1076
f 6685/1945/1076 6684/1944/1076 6703/1939/1076 6705/1938/1076
f 6686/1947/1076 6679/1946/1076 6706/1935/1076 6704/1934/1076
f 6679/1946/1076 6717/1948/1076 6731/1960/1076 6706/1935/1076
f 6728/1961/1014 6729/1951/1014 6727/1958/1014 6726/1956/1014
f 6701/1955/1014 6714/1950/1014 6728/1961/1014 6726/1956/1014
f 6695/1936/1173 6721/1962/1382 6725/1963/1382 6699/1949/1173
f 6723/1948/1203 6726/1956/1203 6727/1958/1203 6724/1959/1203
f 6698/1945/1203 6724/1959/1203 6727/1958/1203 6702/1957/1203
f 6714/1950/1014 6699/1949/1014 6725/1963/1014 6728/1961/1014
f 6719/1948/1007 6723/1948/1007 6724/1959/1007 6720/1959/1007
f 6693/1945/1007 6720/1959/1007 6724/1959/1007 6698/1945/1007
f 6715/1962/1043 6716/1943/1043 6739/1943/1043 6738/1962/1043
f 6681/1936/1043 6715/1962/1043 6738/1962/1043 6689/1936/1043
f 6717/1948/1007 6719/1948/1007 6720/1959/1007 6718/1959/1007
f 6685/1945/1007 6718/1959/1007 6720/1959/1007 6693/1945/1007
f 6689/1936/1043 6738/1962/1043 6721/1962/1043 6695/1936/1043
f 6730/1942/1076 6716/1943/1076 6715/1962/1076 6731/1960/1076
f 6706/1935/1076 6731/1960/1076 6715/1962/1076 6681/1936/1076
f 6717/1948/1076 6718/1959/1076 6730/1942/1076 6731/1960/1076
f 6734/1964/1259 6736/1965/1677 6737/1966/1384 6735/1967/1678
f 6735/1967/1240 6737/1966/1240 6733/1968/1263 6732/1969/1263
f 6741/1970/1242 6742/1971/1264 6736/1965/1243 6734/1964/1243
f 6742/1972/1264 6741/1973/1242 6738/1974/1043 6739/1975/1043
f 6732/1976/1263 6733/1977/1263 6729/1978/1014 6728/1979/1014
f 6734/1980/1259 6735/1981/1678 6725/1982/1382 6721/1974/1382
f 6737/1983/1384 6736/1984/1677 6722/1975/1675 6740/1985/1675
f 6735/1981/1265 6732/1976/1265 6728/1979/1265 6725/1982/1265
f 6733/1977/1266 6737/1983/1266 6740/1985/1266 6729/1978/1266
f 6741/1973/1679 6734/1980/1679 6721/1974/1679 6738/1974/1679
f 6736/1984/1671 6742/1972/1671 6739/1975/1671 6722/1975/1671
f 6743/1918/1013 6744/1919/1013 6751/1919/1013 6752/1918/1013
f 6745/1920/1150 6746/1921/1150 6755/1922/1150 6756/1923/1150
f 6753/1924/1011 6754/1925/1011 6748/1925/1011 6747/1924/1011
f 6747/1924/1076 6748/1925/1076 6744/1919/1076 6743/1918/1076
f 6752/1918/1007 6753/1924/1007 6747/1924/1007 6743/1918/1007
f 6754/1925/1043 6751/1919/1043 6744/1919/1043 6748/1925/1043
f 6746/1926/1342 6745/1927/1342 6752/1918/1342 6751/1919/1342
f 6745/1927/1341 6749/1928/1341 6753/1924/1341 6752/1918/1341
f 6750/1929/1371 6746/1926/1371 6751/1919/1371 6754/1925/1371
f 6749/1928/1339 6750/1929/1339 6754/1925/1339 6753/1924/1339
f 6758/1930/1346 6757/1931/1346 6761/1932/1346 6762/1933/1346
f 6750/1933/1156 6749/1932/1156 6757/1931/1156 6758/1930/1156
f 6749/1932/1157 6745/1920/1157 6756/1923/1157 6757/1931/1157
f 6746/1921/1158 6750/1933/1158 6758/1930/1158 6755/1922/1158
f 6760/1920/1014 6759/1921/1014 6762/1933/1014 6761/1932/1014
f 6757/1931/1369 6756/1923/1369 6760/1920/1369 6761/1932/1369
f 6755/1922/1370 6758/1930/1370 6762/1933/1370 6759/1921/1370
f 6756/1923/1343 6755/1922/1343 6759/1921/1343 6760/1920/1343
f 6763/1918/1013 6764/1919/1013 6771/1919/1013 6772/1918/1013
f 6765/1920/1150 6766/1921/1150 6775/1922/1150 6776/1923/1150
f 6773/1924/1011 6774/1925/1011 6768/1925/1011 6767/1924/1011
f 6767/1924/1076 6768/1925/1076 6764/1919/1076 6763/1918/1076
f 6772/1918/1007 6773/1924/1007 6767/1924/1007 6763/1918/1007
f 6774/1925/1043 6771/1919/1043 6764/1919/1043 6768/1925/1043
f 6766/1926/1342 6765/1927/1342 6772/1918/1342 6771/1919/1342
f 6765/1927/1373 6769/1928/1373 6773/1924/1373 6772/1918/1373
f 6770/1929/1340 6766/1926/1340 6771/1919/1340 6774/1925/1340
f 6769/1928/1339 6770/1929/1339 6774/1925/1339 6773/1924/1339
f 6778/1930/1346 6777/1931/1346 6781/1932/1346 6782/1933/1346
f 6770/1933/1376 6769/1932/1376 6777/1931/1376 6778/1930/1376
f 6769/1932/1162 6765/1920/1162 6776/1923/1162 6777/1931/1162
f 6766/1921/1158 6770/1933/1158 6778/1930/1158 6775/1922/1158
f 6780/1920/1014 6779/1921/1014 6782/1933/1014 6781/1932/1014
f 6777/1931/1369 6776/1923/1369 6780/1920/1369 6781/1932/1369
f 6775/1922/1370 6778/1930/1370 6782/1933/1370 6779/1921/1370
f 6776/1923/1343 6775/1922/1343 6779/1921/1343 6780/1920/1343
f 6783/1918/1013 6784/1919/1013 6791/1919/1013 6792/1918/1013
f 6785/1920/1150 6786/1921/1150 6795/1922/1150 6796/1923/1150
f 6793/1924/1011 6794/1925/1011 6788/1925/1011 6787/1924/1011
f 6787/1924/1076 6788/1925/1076 6784/1919/1076 6783/1918/1076
f 6792/1918/1007 6793/1924/1007 6787/1924/1007 6783/1918/1007
f 6794/1925/1043 6791/1919/1043 6784/1919/1043 6788/1925/1043
f 6786/1926/1342 6785/1927/1342 6792/1918/1342 6791/1919/1342
f 6785/1927/1341 6789/1928/1341 6793/1924/1341 6792/1918/1341
f 6790/1929/1374 6786/1926/1374 6791/1919/1374 6794/1925/1374
f 6789/1928/1375 6790/1929/1375 6794/1925/1375 6793/1924/1375
f 6798/1930/1346 6797/1931/1346 6801/1932/1346 6802/1933/1346
f 6790/1933/1156 6789/1932/1156 6797/1931/1156 6798/1930/1156
f 6789/1932/1162 6785/1920/1162 6796/1923/1162 6797/1931/1162
f 6786/1921/1158 6790/1933/1158 6798/1930/1158 6795/1922/1158
f 6800/1920/1014 6799/1921/1014 6802/1933/1014 6801/1932/1014
f 6797/1931/1159 6796/1923/1159 6800/1920/1159 6801/1932/1159
f 6795/1922/1335 6798/1930/1335 6802/1933/1335 6799/1921/1335
f 6796/1923/1343 6795/1922/1343 6799/1921/1343 6800/1920/1343
f 6803/1918/1013 6804/1919/1013 6811/1919/1013 6812/1918/1013
f 6805/1920/1150 6806/1921/1150 6815/1922/1150 6816/1923/1150
f 6813/1924/1011 6814/1925/1011 6808/1925/1011 6807/1924/1011
f 6807/1924/1076 6808/1925/1076 6804/1919/1076 6803/1918/1076
f 6812/1918/1007 6813/1924/1007 6807/1924/1007 6803/1918/1007
f 6814/1925/1043 6811/1919/1043 6804/1919/1043 6808/1925/1043
f 6806/1926/1342 6805/1927/1342 6812/1918/1342 6811/1919/1342
f 6805/1927/1341 6809/1928/1341 6813/1924/1341 6812/1918/1341
f 6810/1929/1340 6806/1926/1340 6811/1919/1340 6814/1925/1340
f 6809/1928/1339 6810/1929/1339 6814/1925/1339 6813/1924/1339
f 6818/1930/1346 6817/1931/1346 6821/1932/1346 6822/1933/1346
f 6810/1933/1156 6809/1932/1156 6817/1931/1156 6818/1930/1156
f 6809/1932/1157 6805/1920/1157 6816/1923/1157 6817/1931/1157
f 6806/1921/1158 6810/1933/1158 6818/1930/1158 6815/1922/1158
f 6820/1920/1014 6819/1921/1014 6822/1933/1014 6821/1932/1014
f 6817/1931/1369 6816/1923/1369 6820/1920/1369 6821/1932/1369
f 6815/1922/1335 6818/1930/1335 6822/1933/1335 6819/1921/1335
f 6816/1923/1343 6815/1922/1343 6819/1921/1343 6820/1920/1343
f 6823/1918/1011 6824/1919/1011 6831/1919/1011 6832/1918/1011
f 6825/1920/1376 6826/1921/1376 6835/1922/1376 6836/1923/1376
f 6833/1924/1013 6834/1925/1013 6828/1925/1013 6827/1924/1013
f 6827/1924/1076 6828/1925/1076 6824/1919/1076 6823/1918/1076
f 6832/1918/1043 6833/1924/1043 6827/1924/1043 6823/1918/1043
f 6834/1925/1007 6831/1919/1007 6824/1919/1007 6828/1925/1007
f 6826/1926/1375 6825/1927/1375 6832/1918/1375 6831/1919/1375
f 6825/1927/1340 6829/1928/1340 6833/1924/1340 6832/1918/1340
f 6830/1929/1341 6826/1926/1341 6831/1919/1341 6834/1925/1341
f 6829/1928/1342 6830/1929/1342 6834/1925/1342 6833/1924/1342
f 6838/1930/1349 6837/1931/1349 6841/1932/1349 6842/1933/1349
f 6830/1933/1372 6829/1932/1372 6837/1931/1372 6838/1930/1372
f 6829/1932/1158 6825/1920/1158 6836/1923/1158 6837/1931/1158
f 6826/1921/1162 6830/1933/1162 6838/1930/1162 6835/1922/1162
f 6840/1920/1014 6839/1921/1014 6842/1933/1014 6841/1932/1014
f 6837/1931/1370 6836/1923/1370 6840/1920/1370 6841/1932/1370
f 6835/1922/1345 6838/1930/1345 6842/1933/1345 6839/1921/1345
f 6836/1923/1346 6835/1922/1346 6839/1921/1346 6840/1920/1346
f 6843/1918/1011 6844/1919/1011 6851/1919/1011 6852/1918/1011
f 6845/1920/1376 6846/1921/1376 6855/1922/1376 6856/1923/1376
f 6853/1924/1013 6854/1925/1013 6848/1925/1013 6847/1924/1013
f 6847/1924/1076 6848/1925/1076 6844/1919/1076 6843/1918/1076
f 6852/1918/1043 6853/1924/1043 6847/1924/1043 6843/1918/1043
f 6854/1925/1007 6851/1919/1007 6844/1919/1007 6848/1925/1007
f 6846/1926/1375 6845/1927/1375 6852/1918/1375 6851/1919/1375
f 6845/1927/1680 6849/1928/1680 6853/1924/1680 6852/1918/1680
f 6850/1929/1681 6846/1926/1681 6851/1919/1681 6854/1925/1681
f 6849/1928/1342 6850/1929/1342 6854/1925/1342 6853/1924/1342
f 6858/1930/1343 6857/1931/1343 6861/1932/1343 6862/1933/1343
f 6850/1933/1150 6849/1932/1150 6857/1931/1150 6858/1930/1150
f 6849/1932/1158 6845/1920/1158 6856/1923/1158 6857/1931/1158
f 6846/1921/1162 6850/1933/1162 6858/1930/1162 6855/1922/1162
f 6860/1920/1014 6859/1921/1014 6862/1933/1014 6861/1932/1014
f 6857/1931/1370 6856/1923/1370 6860/1920/1370 6861/1932/1370
f 6855/1922/1682 6858/1930/1682 6862/1933/1682 6859/1921/1682
f 6856/1923/1346 6855/1922/1346 6859/1921/1346 6860/1920/1346
f 6863/1918/1011 6864/1919/1011 6871/1919/1011 6872/1918/1011
f 6865/1920/1156 6866/1921/1156 6875/1922/1156 6876/1923/1156
f 6873/1924/1013 6874/1925/1013 6868/1925/1013 6867/1924/1013
f 6867/1924/1076 6868/1925/1076 6864/1919/1076 6863/1918/1076
f 6872/1918/1043 6873/1924/1043 6867/1924/1043 6863/1918/1043
f 6874/1925/1007 6871/1919/1007 6864/1919/1007 6868/1925/1007
f 6866/1926/1339 6865/1927/1339 6872/1918/1339 6871/1919/1339
f 6865/1927/1340 6869/1928/1340 6873/1924/1340 6872/1918/1340
f 6870/1929/1341 6866/1926/1341 6871/1919/1341 6874/1925/1341
f 6869/1928/1342 6870/1929/1342 6874/1925/1342 6873/1924/1342
f 6878/1930/1343 6877/1931/1343 6881/1932/1343 6882/1933/1343
f 6870/1933/1150 6869/1932/1150 6877/1931/1150 6878/1930/1150
f 6869/1932/1163 6865/1920/1163 6876/1923/1163 6877/1931/1163
f 6866/1921/1162 6870/1933/1162 6878/1930/1162 6875/1922/1162
f 6880/1920/1014 6879/1921/1014 6882/1933/1014 6881/1932/1014
f 6877/1931/1344 6876/1923/1344 6880/1920/1344 6881/1932/1344
f 6875/1922/1345 6878/1930/1345 6882/1933/1345 6879/1921/1345
f 6876/1923/1347 6875/1922/1347 6879/1921/1347 6880/1920/1347
f 6883/1918/1011 6884/1919/1011 6891/1919/1011 6892/1918/1011
f 6885/1920/1156 6886/1921/1156 6895/1922/1156 6896/1923/1156
f 6893/1924/1013 6894/1925/1013 6888/1925/1013 6887/1924/1013
f 6887/1924/1076 6888/1925/1076 6884/1919/1076 6883/1918/1076
f 6892/1918/1043 6893/1924/1043 6887/1924/1043 6883/1918/1043
f 6894/1925/1007 6891/1919/1007 6884/1919/1007 6888/1925/1007
f 6886/1926/1339 6885/1927/1339 6892/1918/1339 6891/1919/1339
f 6885/1927/1340 6889/1928/1340 6893/1924/1340 6892/1918/1340
f 6890/1929/1341 6886/1926/1341 6891/1919/1341 6894/1925/1341
f 6889/1928/1342 6890/1929/1342 6894/1925/1342 6893/1924/1342
f 6898/1930/1343 6897/1931/1343 6901/1932/1343 6902/1933/1343
f 6890/1933/1150 6889/1932/1150 6897/1931/1150 6898/1930/1150
f 6889/1932/1163 6885/1920/1163 6896/1923/1163 6897/1931/1163
f 6886/1921/1157 6890/1933/1157 6898/1930/1157 6895/1922/1157
f 6900/1920/1014 6899/1921/1014 6902/1933/1014 6901/1932/1014
f 6897/1931/1335 6896/1923/1335 6900/1920/1335 6901/1932/1335
f 6895/1922/1369 6898/1930/1369 6902/1933/1369 6899/1921/1369
f 6896/1923/1347 6895/1922/1347 6899/1921/1347 6900/1920/1347
f 6903/1918/1011 6904/1919/1011 6911/1919/1011 6912/1918/1011
f 6905/1920/1376 6906/1921/1376 6915/1922/1376 6916/1923/1376
f 6913/1924/1013 6914/1925/1013 6908/1925/1013 6907/1924/1013
f 6907/1924/1076 6908/1925/1076 6904/1919/1076 6903/1918/1076
f 6912/1918/1043 6913/1924/1043 6907/1924/1043 6903/1918/1043
f 6914/1925/1007 6911/1919/1007 6904/1919/1007 6908/1925/1007
f 6906/1926/1339 6905/1927/1339 6912/1918/1339 6911/1919/1339
f 6905/1927/1340 6909/1928/1340 6913/1924/1340 6912/1918/1340
f 6910/1929/1341 6906/1926/1341 6911/1919/1341 6914/1925/1341
f 6909/1928/1342 6910/1929/1342 6914/1925/1342 6913/1924/1342
f 6918/1930/1349 6917/1931/1349 6921/1932/1349 6922/1933/1349
f 6910/1933/1372 6909/1932/1372 6917/1931/1372 6918/1930/1372
f 6909/1932/1158 6905/1920/1158 6916/1923/1158 6917/1931/1158
f 6906/1921/1162 6910/1933/1162 6918/1930/1162 6915/1922/1162
f 6920/1920/1014 6919/1921/1014 6922/1933/1014 6921/1932/1014
f 6917/1931/1370 6916/1923/1370 6920/1920/1370 6921/1932/1370
f 6915/1922/1345 6918/1930/1345 6922/1933/1345 6919/1921/1345
f 6916/1923/1346 6915/1922/1346 6919/1921/1346 6920/1920/1346
f 6923/1918/1011 6924/1919/1011 6931/1919/1011 6932/1918/1011
f 6925/1920/1156 6926/1921/1156 6935/1922/1156 6936/1923/1156
f 6933/1924/1013 6934/1925/1013 6928/1925/1013 6927/1924/1013
f 6927/1924/1076 6928/1925/1076 6924/1919/1076 6923/1918/1076
f 6932/1918/1043 6933/1924/1043 6927/1924/1043 6923/1918/1043
f 6934/1925/1007 6931/1919/1007 6924/1919/1007 6928/1925/1007
f 6926/1926/1683 6925/1927/1683 6932/1918/1683 6931/1919/1683
f 6925/1927/1340 6929/1928/1340 6933/1924/1340 6932/1918/1340
f 6930/1929/1341 6926/1926/1341 6931/1919/1341 6934/1925/1341
f 6929/1928/1342 6930/1929/1342 6934/1925/1342 6933/1924/1342
f 6938/1930/1343 6937/1931/1343 6941/1932/1343 6942/1933/1343
f 6930/1933/1150 6929/1932/1150 6937/1931/1150 6938/1930/1150
f 6929/1932/1163 6925/1920/1163 6936/1923/1163 6937/1931/1163
f 6926/1921/1162 6930/1933/1162 6938/1930/1162 6935/1922/1162
f 6940/1920/1014 6939/1921/1014 6942/1933/1014 6941/1932/1014
f 6937/1931/1344 6936/1923/1344 6940/1920/1344 6941/1932/1344
f 6935/1922/1345 6938/1930/1345 6942/1933/1345 6939/1921/1345
f 6936/1923/1347 6935/1922/1347 6939/1921/1347 6940/1920/1347
f 6943/1918/1011 6944/1919/1011 6951/1919/1011 6952/1918/1011
f 6945/1920/1156 6946/1921/1156 6955/1922/1156 6956/1923/1156
f 6953/1924/1013 6954/1925/1013 6948/1925/1013 6947/1924/1013
f 6947/1924/1076 6948/1925/1076 6944/1919/1076 6943/1918/1076
f 6952/1918/1043 6953/1924/1043 6947/1924/1043 6943/1918/1043
f 6954/1925/1007 6951/1919/1007 6944/1919/1007 6948/1925/1007
f 6946/1926/1339 6945/1927/1339 6952/1918/1339 6951/1919/1339
f 6945/1927/1340 6949/1928/1340 6953/1924/1340 6952/1918/1340
f 6950/1929/1341 6946/1926/1341 6951/1919/1341 6954/1925/1341
f 6949/1928/1342 6950/1929/1342 6954/1925/1342 6953/1924/1342
f 6958/1930/1349 6957/1931/1349 6961/1932/1349 6962/1933/1349
f 6950/1933/1150 6949/1932/1150 6957/1931/1150 6958/1930/1150
f 6949/1932/1163 6945/1920/1163 6956/1923/1163 6957/1931/1163
f 6946/1921/1157 6950/1933/1157 6958/1930/1157 6955/1922/1157
f 6960/1920/1014 6959/1921/1014 6962/1933/1014 6961/1932/1014
f 6957/1931/1335 6956/1923/1335 6960/1920/1335 6961/1932/1335
f 6955/1922/1369 6958/1930/1369 6962/1933/1369 6959/1921/1369
f 6956/1923/1346 6955/1922/1346 6959/1921/1346 6960/1920/1346
f 6963/1918/1011 6964/1919/1011 6971/1919/1011 6972/1918/1011
f 6965/1920/1156 6966/1921/1156 6975/1922/1156 6976/1923/1156
f 6973/1924/1013 6974/1925/1013 6968/1925/1013 6967/1924/1013
f 6967/1924/1076 6968/1925/1076 6964/1919/1076 6963/1918/1076
f 6972/1918/1043 6973/1924/1043 6967/1924/1043 6963/1918/1043
f 6974/1925/1007 6971/1919/1007 6964/1919/1007 6968/1925/1007
f 6966/1926/1339 6965/1927/1339 6972/1918/1339 6971/1919/1339
f 6965/1927/1340 6969/1928/1340 6973/1924/1340 6972/1918/1340
f 6970/1929/1341 6966/1926/1341 6971/1919/1341 6974/1925/1341
f 6969/1928/1342 6970/1929/1342 6974/1925/1342 6973/1924/1342
f 6978/1930/1349 6977/1931/1349 6981/1932/1349 6982/1933/1349
f 6970/1933/1372 6969/1932/1372 6977/1931/1372 6978/1930/1372
f 6969/1932/1158 6965/1920/1158 6976/1923/1158 6977/1931/1158
f 6966/1921/1157 6970/1933/1157 6978/1930/1157 6975/1922/1157
f 6980/1920/1014 6979/1921/1014 6982/1933/1014 6981/1932/1014
f 6977/1931/1335 6976/1923/1335 6980/1920/1335 6981/1932/1335
f 6975/1922/1369 6978/1930/1369 6982/1933/1369 6979/1921/1369
f 6976/1923/1347 6975/1922/1347 6979/1921/1347 6980/1920/1347
f 6983/1986/1013 6984/1987/1013 6986/1988/1013 6985/1988/1013
f 6985/1988/1007 6986/1988/1007 6990/1989/1007 6989/1989/1007
f 6989/1989/1011 6990/1989/1011 6988/1990/1011 6987/1991/1011
f 6987/1991/1287 6988/1990/1287 6984/1987/1287 6983/1986/1287
f 6985/1988/1076 6989/1989/1076 6987/1991/1076 6983/1986/1076
f 6990/1989/1288 6986/1988/1288 6984/1987/1288 6988/1990/1288
f 6991/1986/1043 6992/1987/1043 6994/1988/1043 6993/1988/1043
f 6993/1988/1013 6994/1988/1013 6998/1989/1013 6997/1989/1013
f 6997/1989/1007 6998/1989/1007 6996/1990/1007 6995/1991/1007
f 6995/1991/1289 6996/1990/1289 6992/1987/1289 6991/1986/1289
f 6993/1988/1076 6997/1989/1076 6995/1991/1076 6991/1986/1076
f 6998/1989/1684 6994/1988/1684 6992/1987/1684 6996/1990/1684
f 6999/1526/1013 7000/1526/1013 7003/1527/1013 7004/1527/1013
f 7020/2112/1007 7026/1528/1007 7024/1529/1007
f 7005/1530/1011 7006/1530/1011 7002/1531/1011 7001/1531/1011
f 7001/1531/1043 7002/1531/1043 7000/1526/1043 6999/1526/1043
f 7004/1527/1076 7005/1530/1076 7001/1531/1076 6999/1526/1076
f 7006/1530/1014 7003/1527/1014 7000/1526/1014 7002/1531/1014
f 7013/1532/1014 7008/1533/1014 7021/1534/1014 7024/1535/1014
f 7004/1527/1090 7003/1527/1007 7011/1536/1007
f 7006/1530/1079 7005/1530/1007 7014/1537/1007
f 7016/1537/1013 7014/1537/1013 7023/1538/1013 7026/1538/1013
f 7010/1533/1076 7017/1532/1076 7025/1535/1076 7020/1534/1076
f 7003/1527/1007 7006/1530/1079 7017/1532/1007
f 7005/1530/1007 7004/1527/1090 7008/1533/1007
f 7007/1536/1090 7008/1533/1007 7009/1539/1090
f 7010/1533/1007 7011/1536/1007 7012/1539/1079
f 7013/1532/1007 7014/1537/1007 7015/1540/1090
f 7016/1537/1079 7017/1532/1007 7018/1540/1079
f 7013/1532/1106 7024/1535/1106 7023/1538/1106 7014/1537/1106
f 7025/1535/1107 7017/1532/1107 7016/1537/1107 7026/1538/1107
f 7007/1536/1108 7022/1541/1108 7021/1534/1108 7008/1533/1108
f 7019/1541/1109 7011/1536/1109 7010/1533/1109 7020/1534/1109
f 7007/1536/1011 7011/1536/1011 7019/1541/1011 7022/1541/1011
f 7042/2113/1685 7036/2114/1685 7041/2115/1685
f 7046/2116/1686 7037/2117/1686 7035/2118/1686 7045/2119/1686
f 7045/2119/1687 7035/2118/1687 7036/2114/1687 7042/2113/1687
f 7060/2120/1688 7044/2119/1688 7043/2113/1688 7057/2121/1688
f 7044/2119/1689 7045/2119/1689 7042/2113/1689 7043/2113/1689
f 7061/2122/1690 7059/2123/1690 7040/2124/1690 7048/2125/1690
f 7048/2125/1691 7040/2124/1691 7041/2115/1691 7049/2125/1691
f 7031/2126/1692 7061/2122/1692 7048/2125/1692
f 7058/2127/1693 7047/2116/1693 7044/2119/1693 7060/2120/1693
f 7047/2116/1694 7046/2116/1694 7045/2119/1694 7044/2119/1694
f 7057/2121/1695 7043/2113/1695 7040/2124/1695 7059/2123/1695
f 7043/2113/1696 7042/2113/1696 7041/2115/1696 7040/2124/1696
f 7032/2128/1697 7031/2126/1697 7048/2125/1697
f 7030/2129/1698 7032/2128/1698 7048/2125/1698 7039/2129/1698
f 7039/2129/1699 7048/2125/1699 7049/2125/1699 7038/2129/1699
f 7049/2125/1700 7041/2115/1700 7050/2130/1701 7038/2129/1701
f 7035/2118/1014 7051/2131/1014 7052/2132/1014 7036/2114/1014
f 7036/2114/1702 7052/2132/1702 7050/2130/1702 7041/2115/1702
f 7037/2117/1014 7053/2133/1014 7051/2131/1014 7035/2118/1014
f 7047/2116/1703 7056/2133/1704 7055/2133/1043 7046/2116/1043
f 7046/2116/1043 7055/2133/1043 7053/2133/1043 7037/2117/1043
f 7058/2127/1705 7054/2133/1706 7056/2133/1704 7047/2116/1703
f 7034/2117/1707 7054/2133/1707 7058/2127/1707
f 7033/2134/1708 7057/2121/1708 7059/2123/1708 7027/2135/1708
f 7034/2117/1709 7058/2127/1709 7060/2120/1709 7028/2118/1709
f 7029/2136/1710 7027/2135/1710 7059/2123/1710 7061/2122/1710
f 7028/2118/1711 7060/2120/1711 7057/2121/1711 7033/2134/1711
f 7031/2126/1712 7029/2136/1712 7061/2122/1712
f 7074/2137/1713 7073/2138/1713 7070/2139/1713
f 7078/2140/1714 7077/2141/1714 7069/2142/1714 7071/2143/1714
f 7077/2141/1715 7074/2137/1715 7070/2139/1715 7069/2142/1715
f 7085/2144/1716 7082/2145/1716 7075/2137/1716 7076/2141/1716
f 7076/2141/1717 7075/2137/1717 7074/2137/1717 7077/2141/1717
f 7086/2146/1718 7080/2147/1718 7072/2148/1718 7084/2149/1718
f 7080/2147/1719 7081/2147/1719 7073/2138/1719 7072/2148/1719
f 7065/2150/1720 7080/2147/1720 7086/2146/1720
f 7083/2151/1721 7085/2144/1721 7076/2141/1721 7079/2140/1721
f 7079/2140/1722 7076/2141/1722 7077/2141/1722 7078/2140/1722
f 7082/2145/1723 7084/2149/1723 7072/2148/1723 7075/2137/1723
f 7075/2137/1724 7072/2148/1724 7073/2138/1724 7074/2137/1724
f 7066/2152/1725 7080/2147/1725 7065/2150/1725
f 7030/2129/1726 7039/2129/1726 7080/2147/1726 7066/2152/1726
f 7039/2129/1727 7038/2129/1727 7081/2147/1727 7080/2147/1727
f 7081/2147/1728 7038/2129/1701 7050/2130/1701 7073/2138/1728
f 7069/2142/1014 7070/2139/1014 7052/2132/1014 7051/2131/1014
f 7070/2139/1702 7073/2138/1702 7050/2130/1702 7052/2132/1702
f 7071/2143/1014 7069/2142/1014 7051/2131/1014 7053/2133/1014
f 7079/2140/1729 7078/2140/1043 7055/2133/1043 7056/2133/1704
f 7078/2140/1043 7071/2143/1043 7053/2133/1043 7055/2133/1043
f 7083/2151/1730 7079/2140/1729 7056/2133/1704 7054/2133/1706
f 7068/2143/1707 7083/2151/1707 7054/2133/1707
f 7067/2153/1731 7062/2154/1731 7084/2149/1731 7082/2145/1731
f 7068/2143/1732 7063/2142/1732 7085/2144/1732 7083/2151/1732
f 7064/2155/1733 7086/2146/1733 7084/2149/1733 7062/2154/1733
f 7063/2142/1734 7067/2153/1734 7082/2145/1734 7085/2144/1734
f 7065/2150/1735 7086/2146/1735 7064/2155/1735
f 1688/1260/1007 1689/1265/1007 1690/1267/1090
f 1690/1267/1090 1691/1265/1007 1688/1260/1007
f 1691/1265/1007 1692/1260/1007 1688/1260/1007
f 1692/1260/1007 1693/1259/1007 1688/1260/1007
f 1693/1259/1007 1694/1258/1079 1688/1260/1007
f 1698/1261/1043 1696/1266/1736 1697/1262/1043
f 1697/1262/1043 1703/1264/1043 1702/1263/1043
f 1702/1263/1043 1701/1264/1737 1700/1262/1043
f 1700/1262/1043 1699/1266/1043 1702/1263/1043
f 1699/1266/1043 1698/1261/1043 1702/1263/1043
f 1704/1270/1007 1705/1275/1007 1706/1277/1090
f 1706/1277/1090 1707/1275/1007 1704/1270/1007
f 1707/1275/1007 1708/1270/1007 1704/1270/1007
f 1708/1270/1007 1709/1269/1007 1704/1270/1007
f 1709/1269/1007 1710/1268/1079 1704/1270/1007
f 1714/1271/1043 1712/1276/1736 1713/1272/1043
f 1713/1272/1043 1719/1274/1043 1718/1273/1043
f 1718/1273/1043 1717/1274/1737 1716/1272/1043
f 1716/1272/1043 1715/1276/1043 1718/1273/1043
f 1715/1276/1043 1714/1271/1043 1718/1273/1043
f 1720/1280/1007 1721/1285/1007 1722/1287/1090
f 1722/1287/1090 1723/1285/1007 1720/1280/1007
f 1723/1285/1007 1724/1280/1007 1720/1280/1007
f 1724/1280/1007 1725/1279/1007 1720/1280/1007
f 1725/1279/1007 1726/1278/1079 1720/1280/1007
f 1730/1281/1043 1728/1286/1736 1729/1282/1043
f 1729/1282/1043 1735/1284/1043 1734/1283/1043
f 1734/1283/1043 1733/1284/1043 1730/1281/1043
f 1733/1284/1043 1732/1282/1043 1730/1281/1043
f 1732/1282/1043 1731/1286/1738 1730/1281/1043
f 1736/1290/1007 1737/1294/1007 1738/1297/1090
f 1738/1297/1090 1739/1294/1007 1736/1290/1007
f 1739/1294/1007 1740/1290/1007 1736/1290/1007
f 1740/1290/1007 1741/1289/1007 1736/1290/1007
f 1741/1289/1007 1742/1288/1079 1736/1290/1007
f 1746/1296/1043 1744/1295/1736 1745/1291/1043
f 1745/1291/1043 1751/1293/1043 1750/1292/1043
f 1750/1292/1043 1749/1293/1737 1748/1291/1043
f 1748/1291/1043 1747/1295/1738 1746/1296/1043
f 1746/1296/1043 1745/1291/1043 1748/1291/1043
f 1752/1300/1007 1753/1304/1007 1754/1307/1090
f 1754/1307/1090 1755/1304/1007 1752/1300/1007
f 1755/1304/1007 1756/1300/1007 1752/1300/1007
f 1756/1300/1007 1757/1299/1007 1752/1300/1007
f 1757/1299/1007 1758/1298/1079 1752/1300/1007
f 1762/1306/1043 1760/1305/1736 1761/1301/1043
f 1761/1301/1043 1767/1303/1043 1766/1302/1043
f 1766/1302/1043 1765/1303/1737 1764/1301/1043
f 1764/1301/1043 1763/1305/1738 1762/1306/1043
f 1762/1306/1043 1761/1301/1043 1764/1301/1043
f 1768/1310/1007 1769/1314/1007 1770/1317/1090
f 1770/1317/1090 1771/1314/1007 1768/1310/1007
f 1771/1314/1007 1772/1310/1007 1768/1310/1007
f 1772/1310/1007 1773/1309/1007 1768/1310/1007
f 1773/1309/1007 1774/1308/1079 1768/1310/1007
f 1778/1316/1043 1776/1315/1736 1777/1311/1043
f 1777/1311/1043 1783/1313/1043 1782/1312/1043
f 1782/1312/1043 1781/1313/1737 1780/1311/1043
f 1780/1311/1043 1779/1315/1738 1778/1316/1043
f 1778/1316/1043 1777/1311/1043 1780/1311/1043
f 1872/1340/1007 1873/1345/1739 1874/1347/1007
f 1874/1347/1007 1875/1345/1007 1872/1340/1007
f 1875/1345/1007 1876/1340/1007 1872/1340/1007
f 1876/1340/1007 1877/1339/1007 1872/1340/1007
f 1877/1339/1007 1878/1338/1007 1872/1340/1007
f 1882/1341/1043 1880/1346/1740 1881/1342/1043
f 1881/1342/1043 1887/1344/1738 1886/1343/1043
f 1886/1343/1043 1885/1344/1043 1884/1342/1043
f 1884/1342/1043 1883/1346/1043 1886/1343/1043
f 1883/1346/1043 1882/1341/1043 1886/1343/1043
f 1904/1353/1090 1905/1360/1090 1908/1353/1007
f 1905/1360/1090 1906/1361/1079 1908/1353/1007
f 1906/1361/1079 1907/1360/1007 1908/1353/1007
f 1908/1353/1007 1909/1352/1007 1910/1359/1739
f 1910/1359/1739 1911/1352/1090 1908/1353/1007
f 1914/1356/1043 1912/1355/1740 1913/1354/1043
f 1913/1354/1043 1919/1357/1043 1914/1356/1043
f 1919/1357/1043 1918/1358/1043 1914/1356/1043
f 1918/1358/1043 1917/1357/1043 1914/1356/1043
f 1917/1357/1043 1916/1354/1043 1914/1356/1043
f 1920/1363/1007 1921/1370/1007 1922/1362/1007
f 1922/1362/1007 1923/1370/1090 1924/1363/1007
f 1924/1363/1007 1925/1368/1741 1926/1364/1007
f 1926/1364/1007 1927/1368/1007 1920/1363/1007
f 1920/1363/1007 1922/1362/1007 1926/1364/1007
f 1930/1367/1043 1928/1371/1043 1929/1366/1043
f 1929/1366/1043 1935/1369/1043 1930/1367/1043
f 1935/1369/1043 1934/1365/1043 1930/1367/1043
f 1934/1365/1043 1933/1369/1736 1932/1366/1043
f 1932/1366/1043 1931/1371/1737 1930/1367/1043
f 2529/1529/1007 2526/2112/1007 2525/2112/1007
f 2526/2112/1007 2527/2156/1090 2525/2112/1007
f 2527/2156/1090 2524/2156/1079 2525/2112/1007
f 2525/2112/1007 2530/1529/1007 2529/1529/1007
f 2530/1529/1007 2531/1528/1079 2529/1529/1007
f 2508/1527/1007 2517/1539/1079 2516/1536/1007
f 2516/1536/1007 2512/1536/1090 2509/1527/1090
f 2512/1536/1090 2514/1539/1090 2509/1527/1090
f 2510/1530/1007 2520/1540/1090 2519/1537/1007
f 2519/1537/1007 2521/1537/1079 2511/1530/1079
f 2521/1537/1079 2523/1540/1079 2511/1530/1079
f 2511/1530/1079 2523/1540/1079 2522/1532/1007
f 2522/1532/1007 2515/1533/1007 2508/1527/1007
f 2515/1533/1007 2517/1539/1079 2508/1527/1007
f 2509/1527/1090 2514/1539/1090 2513/1533/1007
f 2513/1533/1007 2518/1532/1007 2510/1530/1007
f 2518/1532/1007 2520/1540/1090 2510/1530/1007
f 7024/1529/1007 7021/2112/1007 7020/2112/1007
f 7021/2112/1007 7022/2156/1090 7020/2112/1007
f 7022/2156/1090 7019/2156/1079 7020/2112/1007
f 7020/2112/1007 7025/1529/1007 7026/1528/1007
f 7026/1528/1007 7023/1528/1090 7024/1529/1007
f 7003/1527/1007 7012/1539/1079 7011/1536/1007
f 7011/1536/1007 7007/1536/1090 7004/1527/1090
f 7007/1536/1090 7009/1539/1090 7004/1527/1090
f 7005/1530/1007 7015/1540/1090 7014/1537/1007
f 7014/1537/1007 7016/1537/1079 7006/1530/1079
f 7016/1537/1079 7018/1540/1079 7006/1530/1079
f 7006/1530/1079 7018/1540/1079 7017/1532/1007
f 7017/1532/1007 7010/1533/1007 7003/1527/1007
f 7010/1533/1007 7012/1539/1079 7003/1527/1007
f 7004/1527/1090 7009/1539/1090 7008/1533/1007
f 7008/1533/1007 7013/1532/1007 7005/1530/1007
f 7013/1532/1007 7015/1540/1090 7005/1530/1007
usemtl マテリアル.002
f 7093/2157/1013 7091/2158/1013 7089/2159/1013
f 7099/2160/1011 7101/2161/1011 7096/2160/1011
f 7087/2158/1742 7088/2162/1742 7095/2163/1742 7096/2160/1742
f 7094/2164/1743 7087/2158/1743 7096/2160/1743 7102/2165/1743
f 7092/2164/1744 7093/2157/1744 7101/2161/1744 7100/2165/1744
f 7090/2162/1745 7091/2158/1745 7099/2160/1745 7098/2163/1745
f 7088/2162/1746 7089/2159/1746 7097/2166/1746 7095/2163/1746
f 7093/2157/1747 7094/2164/1747 7102/2165/1747 7101/2161/1747
f 7091/2158/1748 7092/2164/1748 7100/2165/1748 7099/2160/1748
f 7089/2159/1749 7090/2162/1749 7098/2163/1749 7097/2166/1749
f 7109/2157/1013 7107/2158/1013 7105/2159/1013
f 7118/2165/1011 7112/2160/1011 7115/2160/1011
f 7103/2158/1750 7104/2162/1750 7111/2163/1750 7112/2160/1750
f 7110/2164/1751 7103/2158/1751 7112/2160/1751 7118/2165/1751
f 7108/2164/1744 7109/2157/1744 7117/2161/1744 7116/2165/1744
f 7106/2162/1745 7107/2158/1745 7115/2160/1745 7114/2163/1745
f 7104/2162/1746 7105/2159/1746 7113/2166/1746 7111/2163/1746
f 7109/2157/1752 7110/2164/1752 7118/2165/1752 7117/2161/1752
f 7107/2158/1748 7108/2164/1748 7116/2165/1748 7115/2160/1748
f 7105/2159/1749 7106/2162/1749 7114/2163/1749 7113/2166/1749
f 7123/2167/1011 7125/2168/1011 7119/2167/1011
f 7133/2169/1013 7131/2170/1013 7129/2171/1013
f 7119/2167/1742 7128/2170/1742 7127/2172/1742 7120/2173/1742
f 7126/2174/1743 7134/2175/1743 7128/2170/1743 7119/2167/1743
f 7124/2174/1744 7132/2175/1744 7133/2169/1744 7125/2168/1744
f 7122/2173/1745 7130/2172/1745 7131/2170/1745 7123/2167/1745
f 7120/2173/1746 7127/2172/1746 7129/2171/1746 7121/2176/1746
f 7125/2168/1747 7133/2169/1747 7134/2175/1747 7126/2174/1747
f 7123/2167/1748 7131/2170/1748 7132/2175/1748 7124/2174/1748
f 7121/2176/1749 7129/2171/1749 7130/2172/1749 7122/2173/1749
f 7142/2174/1011 7135/2167/1011 7139/2167/1011
f 7149/2169/1013 7147/2170/1013 7145/2171/1013
f 7135/2167/1750 7144/2170/1750 7143/2172/1750 7136/2173/1750
f 7142/2174/1751 7150/2175/1751 7144/2170/1751 7135/2167/1751
f 7140/2174/1744 7148/2175/1744 7149/2169/1744 7141/2168/1744
f 7138/2173/1745 7146/2172/1745 7147/2170/1745 7139/2167/1745
f 7136/2173/1746 7143/2172/1746 7145/2171/1746 7137/2176/1746
f 7141/2168/1752 7149/2169/1752 7150/2175/1752 7142/2174/1752
f 7139/2167/1748 7147/2170/1748 7148/2175/1748 7140/2174/1748
f 7137/2176/1749 7145/2171/1749 7146/2172/1749 7138/2173/1749
f 7089/2159/1013 7088/2162/1013 7087/2158/1013
f 7087/2158/1013 7094/2164/1013 7093/2157/1013
f 7093/2157/1013 7092/2164/1013 7091/2158/1013
f 7091/2158/1013 7090/2162/1013 7089/2159/1013
f 7089/2159/1013 7087/2158/1013 7093/2157/1013
f 7096/2160/1011 7095/2163/1011 7097/2166/1011
f 7097/2166/1011 7098/2163/1011 7099/2160/1011
f 7099/2160/1011 7100/2165/1011 7101/2161/1011
f 7101/2161/1011 7102/2165/1011 7096/2160/1011
f 7096/2160/1011 7097/2166/1011 7099/2160/1011
f 7105/2159/1013 7104/2162/1013 7103/2158/1013
f 7103/2158/1013 7110/2164/1013 7105/2159/1013
f 7110/2164/1013 7109/2157/1013 7105/2159/1013
f 7109/2157/1013 7108/2164/1013 7107/2158/1013
f 7107/2158/1013 7106/2162/1013 7105/2159/1013
f 7112/2160/1011 7111/2163/1011 7115/2160/1011
f 7111/2163/1011 7113/2166/1011 7115/2160/1011
f 7113/2166/1011 7114/2163/1011 7115/2160/1011
f 7115/2160/1011 7116/2165/1011 7117/2161/1011
f 7117/2161/1011 7118/2165/1011 7115/2160/1011
f 7119/2167/1011 7120/2173/1011 7121/2176/1011
f 7121/2176/1011 7122/2173/1011 7123/2167/1011
f 7123/2167/1011 7124/2174/1011 7125/2168/1011
f 7125/2168/1011 7126/2174/1011 7119/2167/1011
f 7119/2167/1011 7121/2176/1011 7123/2167/1011
f 7129/2171/1013 7127/2172/1013 7128/2170/1013
f 7128/2170/1013 7134/2175/1013 7133/2169/1013
f 7133/2169/1013 7132/2175/1013 7131/2170/1013
f 7131/2170/1013 7130/2172/1013 7129/2171/1013
f 7129/2171/1013 7128/2170/1013 7133/2169/1013
f 7135/2167/1011 7136/2173/1011 7139/2167/1011
f 7136/2173/1011 7137/2176/1011 7139/2167/1011
f 7137/2176/1011 7138/2173/1011 7139/2167/1011
f 7139/2167/1011 7140/2174/1011 7141/2168/1011
f 7141/2168/1011 7142/2174/1011 7139/2167/1011
f 7145/2171/1013 7143/2172/1013 7144/2170/1013
f 7144/2170/1013 7150/2175/1013 7145/2171/1013
f 7150/2175/1013 7149/2169/1013 7145/2171/1013
f 7149/2169/1013 7148/2175/1013 7147/2170/1013
f 7147/2170/1013 7146/2172/1013 7145/2171/1013
o cockpit.002
v 0.101376 1.154050 1.994770
v 0.000000 1.164605 1.876647
v 0.320371 1.060637 3.020858
v 0.204489 1.130313 2.323415
v 0.360497 1.001963 3.396143
v 0.000000 1.453949 3.194662
v 0.327612 1.234738 3.308673
v 0.184488 1.408153 3.221203
v 0.077556 1.190629 2.058875
v 0.191698 1.175320 2.353434
v 0.000000 1.201138 1.967128
v 0.301413 1.112405 2.991457
v 0.337833 1.064542 3.295665
v 0.300459 1.214363 3.230978
v 0.170642 1.402181 3.150272
v 0.000000 1.445385 3.125511
v -0.101376 1.154050 1.994770
v -0.320371 1.060637 3.020858
v -0.204489 1.130313 2.323415
v -0.360497 1.001963 3.396143
v -0.327612 1.234738 3.308673
v -0.184488 1.408153 3.221203
v -0.077556 1.190629 2.058875
v -0.191698 1.175320 2.353434
v -0.301413 1.112405 2.991457
v -0.337833 1.064542 3.295665
v -0.300459 1.214363 3.230978
v -0.170642 1.402181 3.150272
v 0.090061 1.138650 2.000670
v 0.000000 1.145942 1.883836
v 0.301278 1.054922 3.022531
v 0.187662 1.120226 2.327301
v 0.341074 0.998864 3.399767
v 0.000000 1.434117 3.197248
v 0.309082 1.229767 3.314327
v 0.171492 1.393849 3.226351
v 0.064087 1.176810 2.064129
v 0.173919 1.166798 2.356792
v 0.000000 1.182474 1.974317
v 0.282462 1.106403 2.993659
v 0.318415 1.060911 3.298790
v 0.282405 1.208057 3.236832
v 0.160338 1.385577 3.154531
v 0.000000 1.425553 3.128098
v -0.090061 1.138650 2.000670
v -0.301278 1.054922 3.022531
v -0.187662 1.120226 2.327301
v -0.341074 0.998864 3.399767
v -0.309082 1.229767 3.314327
v -0.171492 1.393849 3.226351
v -0.064087 1.176810 2.064129
v -0.173919 1.166798 2.356792
v -0.282462 1.106403 2.993659
v -0.318415 1.060911 3.298790
v -0.282405 1.208057 3.236832
v -0.160338 1.385577 3.154531
v 0.406384 0.952385 3.020858
v 0.417091 0.929490 3.382157
v 0.320371 1.060637 3.020858
v 0.000000 0.998864 3.399767
v 0.000000 1.060637 3.020858
v 0.000000 0.929490 3.382157
v 0.301278 1.060637 3.020858
v 0.340663 0.952385 3.020858
v 0.349638 0.929490 3.382157
v 0.301278 1.060637 3.020858
v 0.341074 0.998864 3.399767
v -0.406384 0.952385 3.020858
v -0.417091 0.929490 3.382157
v -0.320371 1.060637 3.020858
v -0.301278 1.060637 3.020858
v -0.340663 0.952385 3.020858
v -0.349638 0.929490 3.382157
v -0.301278 1.060637 3.020858
v -0.341074 0.998864 3.399767
v 0.101376 1.154050 1.994770
v 0.000000 1.164605 1.876647
v 0.320371 1.060637 3.020858
v 0.204489 1.130313 2.323415
v 0.000000 1.154050 1.994770
v 0.000000 1.060637 3.020858
v 0.000000 1.130313 2.323415
v -0.101376 1.154050 1.994770
v -0.320371 1.060637 3.020858
v -0.204489 1.130313 2.323415
v 0.000000 0.820189 3.375247
v 0.000000 0.929490 3.382157
v -0.498419 0.820189 3.375247
v -0.417091 0.929490 3.382157
v 0.498419 0.820189 3.375247
v 0.417091 0.929490 3.382157
v 0.000000 0.820189 3.375247
v 0.000000 0.929490 3.382157
vn -0.7619 -0.6065 0.2273
vn -0.4881 -0.8148 0.3130
vn -0.9411 -0.3133 0.1274
vn -0.9591 -0.2755 0.0655
vn -0.8253 -0.4755 0.3046
vn -0.9653 -0.0763 0.2496
vn -0.2541 -0.9578 0.1345
vn 0.7619 -0.6065 0.2273
vn 0.4881 -0.8148 0.3130
vn 0.9411 -0.3133 0.1274
vn 0.9591 -0.2755 0.0655
vn 0.8253 -0.4755 0.3046
vn 0.9653 -0.0763 0.2496
vn 0.2541 -0.9578 0.1345
vn -0.5218 0.8202 0.2344
vn -0.6650 0.4912 0.5626
vn -0.3441 0.9271 0.1486
vn -0.2172 0.9607 0.1730
vn 0.0022 -0.4062 -0.9138
vn -0.1074 -0.4124 -0.9047
vn 0.0976 -0.2104 -0.9727
vn 0.6064 -0.7597 -0.2346
vn 0.6757 -0.4491 -0.5846
vn 0.3784 -0.9133 -0.1509
vn 0.1978 -0.9657 -0.1682
vn 0.0145 0.4707 0.8822
vn 0.1475 0.3636 0.9198
vn -0.0896 0.2524 0.9635
vn 0.5218 0.8202 0.2344
vn 0.6650 0.4912 0.5626
vn 0.3441 0.9271 0.1486
vn 0.2172 0.9607 0.1730
vn -0.0022 -0.4062 -0.9138
vn 0.1074 -0.4124 -0.9047
vn -0.0976 -0.2104 -0.9727
vn -0.6064 -0.7597 -0.2346
vn -0.6757 -0.4491 -0.5846
vn -0.3784 -0.9133 -0.1509
vn -0.1978 -0.9657 -0.1682
vn -0.0145 0.4707 0.8822
vn -0.1475 0.3636 0.9198
vn 0.0896 0.2524 0.9635
vn -0.0000 0.9870 0.1609
vn -0.0000 -0.2460 0.9693
vn -0.0000 0.9980 0.0632
vn -0.0000 -0.0000 1.0000
vn 0.9641 0.2636 -0.0334
vn -0.9641 0.2636 -0.0334
vn -0.0000 0.9950 0.0994
vn -0.0000 -0.9960 -0.0890
vn -0.0000 0.9974 0.0720
vn -0.0000 -0.0631 0.9980
vt 0.072721 0.975519
vt 0.072759 0.975611
vt 0.072900 0.975137
vt 0.072880 0.975094
vt 0.072628 0.975649
vt 0.072628 0.975780
vt 0.073065 0.974129
vt 0.073038 0.974171
vt 0.073123 0.973582
vt 0.073090 0.973728
vt 0.073038 0.973818
vt 0.073076 0.973705
vt 0.072877 0.973833
vt 0.072861 0.973937
vt 0.072628 0.973875
vt 0.072628 0.973976
vt 0.072535 0.975519
vt 0.072376 0.975094
vt 0.072356 0.975137
vt 0.072497 0.975611
vt 0.072218 0.974171
vt 0.072191 0.974129
vt 0.072166 0.973728
vt 0.072133 0.973582
vt 0.072218 0.973818
vt 0.072396 0.973937
vt 0.072379 0.973833
vt 0.072180 0.973705
vt 0.072906 0.975099
vt 0.072741 0.975526
vt 0.072628 0.975659
vt 0.073065 0.974174
vt 0.073118 0.973733
vt 0.072876 0.973943
vt 0.073064 0.973826
vt 0.072628 0.973979
vt 0.072775 0.975619
vt 0.072925 0.975142
vt 0.072628 0.975790
vt 0.073093 0.974131
vt 0.073151 0.973587
vt 0.073103 0.973714
vt 0.072896 0.973841
vt 0.072628 0.973879
vt 0.072516 0.975526
vt 0.072350 0.975099
vt 0.072191 0.974174
vt 0.072138 0.973733
vt 0.072192 0.973826
vt 0.072381 0.973943
vt 0.072332 0.975142
vt 0.072481 0.975619
vt 0.072163 0.974131
vt 0.072105 0.973587
vt 0.072360 0.973841
vt 0.072153 0.973714
vt 0.074707 0.978027
vt 0.072328 0.976214
vt 0.072032 0.976214
vt 0.072032 0.975203
vt 0.072497 0.975203
vt 0.072032 0.976862
vt 0.072179 0.976691
vt 0.072032 0.976691
vt 0.071735 0.976214
vt 0.071567 0.975203
vt 0.071885 0.976691
vt 0.071309 0.974689
vt 0.072032 0.974689
vt 0.072032 0.974679
vt 0.071427 0.974679
vt 0.072755 0.974689
vt 0.072637 0.974679
s 1
usemtl マテリアル.003
f 7187/2177/1753 7179/2178/1753 7182/2179/1753 7188/2180/1753
f 7189/2181/1754 7180/2182/1754 7179/2178/1754 7187/2177/1754
f 7188/2180/1755 7182/2179/1755 7181/2183/1755 7190/2184/1755
f 7190/2184/1756 7181/2183/1756 7183/2185/1756 7191/2186/1756
f 7192/2187/1757 7185/2188/1757 7186/2189/1757 7193/2190/1757
f 7191/2186/1758 7183/2185/1758 7185/2188/1758 7192/2187/1758
f 7193/2190/1759 7186/2189/1759 7184/2191/1759 7194/2192/1759
f 7201/2193/1760 7202/2194/1760 7197/2195/1760 7195/2196/1760
f 7189/2181/1761 7201/2193/1761 7195/2196/1761 7180/2182/1761
f 7202/2194/1762 7203/2197/1762 7196/2198/1762 7197/2195/1762
f 7203/2197/1763 7204/2199/1763 7198/2200/1763 7196/2198/1763
f 7205/2201/1764 7206/2202/1764 7200/2203/1764 7199/2204/1764
f 7204/2199/1765 7205/2201/1765 7199/2204/1765 7198/2200/1765
f 7206/2202/1766 7194/2192/1766 7184/2191/1766 7200/2203/1766
f 7160/2205/1767 7159/2206/1767 7187/2177/1767 7188/2180/1767
f 7159/2206/1768 7161/2207/1768 7189/2181/1768 7187/2177/1768
f 7162/2208/1769 7160/2205/1769 7188/2180/1769 7190/2184/1769
f 7163/2209/1770 7162/2208/1770 7190/2184/1770 7191/2186/1770
f 7165/2210/1771 7164/2211/1771 7192/2187/1771 7193/2190/1771
f 7164/2211/1772 7163/2209/1772 7191/2186/1772 7192/2187/1772
f 7166/2212/1773 7165/2210/1773 7193/2190/1773 7194/2192/1773
f 7151/2213/1774 7154/2214/1774 7182/2179/1774 7179/2178/1774
f 7152/2215/1775 7151/2213/1775 7179/2178/1775 7180/2182/1775
f 7154/2214/1776 7153/2216/1776 7181/2183/1776 7182/2179/1776
f 7153/2216/1777 7155/2217/1777 7183/2185/1777 7181/2183/1777
f 7157/2218/1778 7158/2219/1778 7186/2189/1778 7185/2188/1778
f 7155/2217/1779 7157/2218/1779 7185/2188/1779 7183/2185/1779
f 7158/2219/1780 7156/2220/1780 7184/2191/1780 7186/2189/1780
f 7173/2221/1781 7174/2222/1781 7202/2194/1781 7201/2193/1781
f 7161/2207/1782 7173/2221/1782 7201/2193/1782 7189/2181/1782
f 7174/2222/1783 7175/2223/1783 7203/2197/1783 7202/2194/1783
f 7175/2223/1784 7176/2224/1784 7204/2199/1784 7203/2197/1784
f 7177/2225/1785 7178/2226/1785 7206/2202/1785 7205/2201/1785
f 7176/2224/1786 7177/2225/1786 7205/2201/1786 7204/2199/1786
f 7178/2226/1787 7166/2212/1787 7194/2192/1787 7206/2202/1787
f 7169/2227/1788 7167/2228/1788 7195/2196/1788 7197/2195/1788
f 7167/2228/1789 7152/2215/1789 7180/2182/1789 7195/2196/1789
f 7168/2229/1790 7169/2227/1790 7197/2195/1790 7196/2198/1790
f 7170/2230/1791 7168/2229/1791 7196/2198/1791 7198/2200/1791
f 7172/2231/1792 7171/2232/1792 7199/2204/1792 7200/2203/1792
f 7171/2232/1793 7170/2230/1793 7198/2200/1793 7199/2204/1793
f 7156/2220/1794 7172/2231/1794 7200/2203/1794 7184/2191/1794
f 7217/2233/1795 7216/2233/1795 7211/2233/1795 7210/2233/1795
f 7215/2233/1796 7217/2233/1796 7210/2233/1796 7212/2233/1796
f 7207/2233/1797 7214/2233/1797 7215/2233/1797 7208/2233/1797
f 7207/2233/1798 7209/2233/1798 7213/2233/1798 7214/2233/1798
f 7215/2233/1799 7214/2233/1799 7216/2233/1799 7217/2233/1799
f 7225/2233/1795 7210/2233/1795 7211/2233/1795 7224/2233/1795
f 7223/2233/1796 7212/2233/1796 7210/2233/1796 7225/2233/1796
f 7218/2233/1797 7219/2233/1797 7223/2233/1797 7222/2233/1797
f 7218/2233/1798 7222/2233/1798 7221/2233/1798 7220/2233/1798
f 7223/2233/1800 7225/2233/1800 7224/2233/1800 7222/2233/1800
f 7229/2234/1801 7232/2235/1801 7231/2236/1801 7228/2237/1801
f 7227/2238/1802 7226/2239/1802 7230/2240/1802
f 7226/2239/1803 7230/2240/1803 7232/2235/1803 7229/2234/1803
f 7235/2241/1801 7234/2242/1801 7231/2236/1801 7232/2235/1801
f 7227/2238/1802 7230/2240/1802 7233/2243/1802
f 7233/2243/1803 7235/2241/1803 7232/2235/1803 7230/2240/1803
f 7238/2244/1804 7236/2245/1804 7237/2246/1804 7239/2247/1804
f 7240/2248/1804 7241/2249/1804 7243/2246/1804 7242/2245/1804
o fgear_1
v -0.035856 -1.184863 3.096736
v -0.035856 -1.208486 3.031832
v 0.035393 -1.184863 3.096736
v 0.035393 -1.208486 3.031832
v -0.035856 -0.642627 2.857430
v -0.035856 -0.666250 2.792527
v 0.035393 -0.642627 2.857430
v 0.035393 -0.666250 2.792527
v -0.035856 -0.991833 3.026478
v 0.035393 -0.991833 3.026478
v 0.035393 -1.015456 2.961575
v -0.035856 -1.015456 2.961575
v -0.130621 -1.566276 3.243388
v -0.130621 -1.487545 3.214732
v -0.130621 -1.594931 3.164657
v -0.130621 -1.516201 3.136002
v -0.092845 -1.566276 3.243388
v -0.092845 -1.487545 3.214732
v -0.092845 -1.594931 3.164657
v -0.092845 -1.516201 3.136002
v -0.212411 -1.566276 3.243388
v -0.212411 -1.487545 3.214732
v -0.212411 -1.594931 3.164657
v -0.212411 -1.516201 3.136002
v -0.133770 -1.384269 3.177143
v -0.133770 -1.412924 3.098412
v -0.209425 -1.348242 3.164030
v -0.209425 -1.376898 3.085299
v -0.049316 -1.257282 3.130923
v -0.049316 -1.285938 3.052193
v -0.076436 -1.182347 3.103649
v -0.076436 -1.211002 3.024919
v 0.041464 -1.257282 3.130923
v 0.041464 -1.285938 3.052193
v 0.041464 -1.182347 3.103649
v 0.041464 -1.211002 3.024919
v -0.173077 -1.270328 3.046511
v -0.107555 -1.326157 3.066832
v -0.107555 -1.297502 3.145562
v -0.173077 -1.241672 3.125242
v -0.034730 -0.982315 3.046072
v 0.034268 -0.982315 3.046072
v 0.034820 -1.024580 2.949086
v -0.035282 -1.024580 2.949086
v -0.041829 -1.062468 3.065729
v 0.041367 -1.062468 3.065729
v 0.034820 -1.089808 2.971476
v -0.035282 -1.089808 2.971476
v -0.050885 -0.976233 3.036305
v 0.050422 -0.976233 3.036305
v -0.050885 -1.070977 3.068827
v 0.050422 -1.070977 3.068827
v -0.034730 -0.962106 3.101599
v 0.034268 -0.962106 3.101599
v -0.041829 -1.037402 3.134597
v 0.041367 -1.037402 3.134597
v -0.041829 -0.984743 3.039402
v 0.041367 -0.984743 3.039402
v -0.041829 -0.959678 3.108270
v 0.041367 -0.959678 3.108270
v -0.034730 -0.628768 3.042849
v 0.034268 -0.628768 3.042849
v -0.034730 -0.628768 3.098375
v 0.034268 -0.628768 3.098375
v 0.050422 -1.009822 2.944020
v -0.050885 -1.009822 2.944020
v 0.050422 -1.104566 2.976542
v -0.050885 -1.104566 2.976542
v 0.034820 -1.205369 2.830491
v -0.035282 -1.205369 2.830491
v 0.034820 -1.206188 2.894798
v -0.035282 -1.206188 2.894798
v -0.035282 -1.237725 3.056475
v 0.034820 -1.237725 3.056475
v 0.034820 -1.254648 2.867331
v -0.035282 -1.254648 2.867331
v 0.034820 -1.268319 3.052100
v -0.035282 -1.268319 3.052100
vn -0.0000 -0.9397 0.3420
vn -0.0000 0.9397 -0.3420
vn -0.0000 0.4357 0.9001
vn 1.0000 -0.0000 -0.0000
vn -0.0000 -0.4357 -0.9001
vn -1.0000 -0.0000 -0.0000
vn -0.0000 -0.3420 -0.9397
vn -0.0000 0.3420 0.9397
vn 0.9996 0.0269 -0.0098
vn -0.9998 0.0189 -0.0069
vn 0.5922 -0.7572 0.2756
vn -0.5469 0.7867 -0.2863
vn -0.9523 0.2868 -0.1044
vn 0.9620 -0.2566 0.0934
vn -0.0000 0.3421 0.9397
vn -0.0001 0.3229 0.9464
vn 0.0001 0.3229 0.9464
vn -0.0000 0.3208 0.9471
vn -0.0000 1.0000 -0.0000
vn -0.0000 -0.0091 -1.0000
vn -0.0000 0.0097 1.0000
vn -0.0000 -0.3247 -0.9458
vn -0.0000 0.5485 -0.8361
vn -0.0000 -0.5502 0.8350
vn -0.0000 -0.1416 0.9899
vn -0.0000 -0.9973 -0.0738
vn -0.0000 -0.5988 -0.8009
vn -0.0000 0.9815 0.1915
vt 0.090617 0.973726
vt 0.090617 0.973762
vt 0.090657 0.973762
vt 0.090657 0.973726
vt 0.090617 0.973859
vt 0.090657 0.973859
vt 0.090657 0.973895
vt 0.090617 0.973895
vt 0.090657 0.973765
vt 0.090617 0.973765
vt 0.090657 0.973801
vt 0.090617 0.973801
vt 0.090564 0.973660
vt 0.090564 0.973704
vt 0.090563 0.973725
vt 0.090563 0.973681
vt 0.090564 0.973688
vt 0.090585 0.973704
vt 0.090585 0.973688
vt 0.090585 0.973660
vt 0.090585 0.973644
vt 0.090564 0.973644
vt 0.090519 0.973644
vt 0.090519 0.973660
vt 0.090519 0.973704
vt 0.090519 0.973688
vt 0.090521 0.973732
vt 0.090521 0.973688
vt 0.090595 0.973722
vt 0.090610 0.973707
vt 0.090660 0.973707
vt 0.090660 0.973722
vt 0.090577 0.973742
vt 0.090541 0.973754
vt 0.090595 0.973766
vt 0.090610 0.973750
vt 0.090577 0.973699
vt 0.090541 0.973710
vt 0.090660 0.973750
vt 0.090660 0.973766
vt 0.090609 0.973811
vt 0.090609 0.973759
vt 0.090665 0.973759
vt 0.090665 0.973811
vt 0.090609 0.973793
vt 0.090665 0.973793
vt 0.090665 0.973741
vt 0.090609 0.973741
vt 0.090660 0.973758
vt 0.090660 0.973719
vt 0.090660 0.973705
vt 0.090660 0.973743
vt 0.090656 0.973795
vt 0.090656 0.973838
vt 0.090656 0.973874
vt 0.090656 0.973808
vt 0.090614 0.973758
vt 0.090614 0.973743
vt 0.090614 0.973719
vt 0.090614 0.973705
vt 0.090656 0.973754
vt 0.090656 0.973756
vt 0.090656 0.973725
vt 0.090656 0.973723
vt 0.090618 0.973754
vt 0.090618 0.973723
vt 0.090618 0.973756
vt 0.090618 0.973725
vt 0.090617 0.973808
vt 0.090617 0.973795
vt 0.090617 0.973874
vt 0.090617 0.973853
vt 0.090617 0.973838
vt 0.090617 0.973748
vt 0.090617 0.973751
vt 0.090656 0.973751
vt 0.090656 0.973748
vt 0.090656 0.973853
s 1
usemtl マテリアル.001
f 7244/2250/1805 7245/2251/1805 7247/2252/1805 7246/2253/1805
f 7248/2254/1806 7250/2255/1806 7251/2256/1806 7249/2257/1806
f 7253/2258/1807 7250/2255/1807 7248/2254/1807 7252/2259/1807
f 7254/2260/1808 7251/2256/1808 7250/2255/1808 7253/2258/1808
f 7255/2261/1809 7249/2257/1809 7251/2256/1809 7254/2260/1809
f 7252/2259/1810 7248/2254/1810 7249/2257/1810 7255/2261/1810
f 7244/2250/1810 7252/2259/1810 7255/2261/1810 7245/2251/1810
f 7245/2251/1811 7255/2261/1811 7254/2260/1811 7247/2252/1811
f 7247/2252/1808 7254/2260/1808 7253/2258/1808 7246/2253/1808
f 7246/2253/1812 7253/2258/1812 7252/2259/1812 7244/2250/1812
f 7257/2262/1813 7259/2263/1813 7269/2264/1813 7268/2265/1813
f 7258/2266/1811 7259/2263/1811 7263/2267/1811 7262/2268/1811
f 7262/2268/1808 7263/2267/1808 7261/2269/1808 7260/2270/1808
f 7260/2270/1812 7261/2269/1812 7257/2262/1812 7256/2271/1812
f 7258/2266/1805 7262/2268/1805 7260/2270/1805 7256/2271/1805
f 7263/2267/1806 7259/2263/1806 7257/2262/1806 7261/2269/1806
f 7264/2272/1810 7265/2273/1810 7267/2274/1810 7266/2275/1810
f 7258/2266/1805 7256/2271/1805 7264/2272/1805 7266/2275/1805
f 7259/2263/1811 7258/2266/1811 7266/2275/1811 7267/2274/1811
f 7256/2271/1812 7257/2262/1812 7265/2273/1812 7264/2272/1812
f 7259/2263/1811 7267/2274/1811 7271/2276/1811 7269/2264/1811
f 7267/2274/1814 7265/2273/1814 7270/2277/1814 7271/2276/1814
f 7265/2273/1812 7257/2262/1812 7268/2265/1812 7270/2277/1812
f 7274/2278/1812 7272/2279/1812 7276/2280/1812 7278/2281/1812
f 7281/2282/1811 7280/2283/1811 7275/2284/1811 7273/2285/1811
f 7282/2286/1815 7281/2282/1815 7273/2285/1815 7272/2279/1815
f 7283/2287/1812 7282/2286/1812 7272/2279/1812 7274/2278/1812
f 7276/2280/1808 7277/2288/1808 7279/2289/1808 7278/2281/1808
f 7275/2284/1806 7274/2278/1806 7278/2281/1806 7279/2289/1806
f 7273/2285/1811 7275/2284/1811 7279/2289/1811 7277/2288/1811
f 7272/2279/1805 7273/2285/1805 7277/2288/1805 7276/2280/1805
f 7280/2283/1816 7283/2287/1816 7274/2278/1816 7275/2284/1816
f 7271/2276/1817 7270/2277/1817 7283/2287/1817 7280/2283/1817
f 7270/2277/1812 7268/2265/1812 7282/2286/1812 7283/2287/1812
f 7268/2265/1818 7269/2264/1818 7281/2282/1818 7282/2286/1818
f 7269/2264/1811 7271/2276/1811 7280/2283/1811 7281/2282/1811
f 7309/2290/1806 7292/2291/1806 7293/2292/1806 7308/2293/1806
f 7311/2294/1805 7310/2295/1805 7295/2296/1805 7294/2297/1805
f 7293/2292/1808 7295/2296/1808 7310/2295/1808 7308/2293/1808
f 7309/2290/1810 7311/2294/1810 7294/2297/1810 7292/2291/1810
f 7301/2298/1808 7303/2299/1808 7299/2300/1808 7289/2301/1808
f 7290/2302/1808 7314/2303/1808 7312/2304/1808 7286/2305/1808
f 7301/2298/1812 7293/2292/1812 7292/2291/1812 7300/2306/1812
f 7288/2307/1819 7294/2297/1819 7295/2296/1819 7289/2301/1819
f 7289/2301/1820 7295/2296/1820 7293/2292/1820 7301/2298/1820
f 7300/2306/1821 7292/2291/1821 7294/2297/1821 7288/2307/1821
f 7302/2308/1822 7298/2309/1822 7299/2300/1822 7303/2299/1822
f 7285/2310/1808 7305/2311/1808 7307/2312/1808 7297/2313/1808
f 7288/2307/1810 7298/2309/1810 7302/2308/1810 7300/2306/1810
f 7289/2301/1805 7299/2300/1805 7298/2309/1805 7288/2307/1805
f 7285/2310/1806 7301/2298/1806 7300/2306/1806 7284/2314/1806
f 7296/2315/1806 7302/2308/1806 7303/2299/1806 7297/2313/1806
f 7297/2313/1806 7303/2299/1806 7301/2298/1806 7285/2310/1806
f 7284/2314/1806 7300/2306/1806 7302/2308/1806 7296/2315/1806
f 7304/2316/1823 7306/2317/1823 7307/2312/1823 7305/2311/1823
f 7284/2314/1824 7304/2316/1824 7305/2311/1824 7285/2310/1824
f 7296/2315/1810 7306/2317/1810 7304/2316/1810 7284/2314/1810
f 7297/2313/1825 7307/2312/1825 7306/2317/1825 7296/2315/1825
f 7287/2318/1826 7309/2290/1826 7308/2293/1826 7286/2305/1826
f 7290/2302/1826 7310/2295/1826 7311/2294/1826 7291/2319/1826
f 7286/2305/1826 7308/2293/1826 7310/2295/1826 7290/2302/1826
f 7291/2319/1826 7311/2294/1826 7309/2290/1826 7287/2318/1826
f 7313/2320/1810 7319/2321/1810 7315/2322/1810
f 7286/2305/1827 7312/2304/1827 7313/2320/1827 7287/2318/1827
f 7287/2318/1810 7313/2320/1810 7315/2322/1810 7291/2319/1810
f 7291/2319/1828 7315/2322/1828 7314/2303/1828 7290/2302/1828
f 7316/2323/1829 7321/2324/1829 7320/2325/1829 7317/2326/1829
f 7318/2327/1830 7320/2325/1830 7321/2324/1830 7319/2321/1830
f 7314/2303/1808 7318/2327/1808 7312/2304/1808
f 7312/2304/1831 7318/2327/1831 7319/2321/1831 7313/2320/1831
f 7314/2303/1808 7317/2326/1808 7320/2325/1808 7318/2327/1808
f 7315/2322/1832 7316/2323/1832 7317/2326/1832 7314/2303/1832
f 7319/2321/1810 7321/2324/1810 7316/2323/1810 7315/2322/1810
o fgear_2
v -0.018883 -1.095155 2.932479
v -0.018883 -1.060392 2.947235
v -0.018883 -1.015882 2.745723
v -0.018883 -0.981119 2.760479
v 0.018883 -1.095155 2.932479
v 0.018883 -1.060392 2.947235
v 0.018883 -1.015882 2.745723
v 0.018883 -0.981119 2.760479
v -0.041501 -1.023393 2.705530
v -0.041501 -0.946988 2.737962
v 0.041501 -1.023393 2.705530
v 0.041501 -0.946988 2.737962
v -0.041501 -0.581748 1.665091
v -0.041501 -0.505344 1.697523
v 0.041501 -0.581748 1.665091
v 0.041501 -0.505344 1.697523
vn -1.0000 -0.0000 -0.0000
vn -0.0000 0.5507 0.8347
vn 1.0000 -0.0000 -0.0000
vn -0.0000 -0.9205 -0.3907
vn -0.0000 0.9205 0.3907
vn -0.8331 -0.2161 0.5092
vn 0.8331 -0.2161 0.5092
vn -0.0000 -0.9830 0.1837
vn -0.0000 0.3907 -0.9205
vt 0.088368 0.978677
vt 0.088368 0.978668
vt 0.088368 0.978772
vt 0.088368 0.978781
vt 0.088389 0.978772
vt 0.088402 0.978785
vt 0.088356 0.978785
vt 0.088389 0.978781
vt 0.088389 0.978668
vt 0.088389 0.978677
vt 0.088402 0.979363
vt 0.088356 0.979363
vt 0.088356 0.978803
vt 0.088402 0.978803
vt 0.088356 0.979381
vt 0.088402 0.979381
s 1
usemtl マテリアル.001
f 7322/2328/1833 7323/2329/1833 7325/2330/1833 7324/2331/1833
f 7325/2330/1834 7329/2332/1834 7333/2333/1834 7331/2334/1834
f 7328/2335/1835 7329/2332/1835 7327/2336/1835 7326/2337/1835
f 7324/2331/1836 7328/2335/1836 7326/2337/1836 7322/2328/1836
f 7329/2332/1837 7325/2330/1837 7323/2329/1837 7327/2336/1837
f 7331/2334/1837 7333/2333/1837 7337/2338/1837 7335/2339/1837
f 7324/2331/1838 7325/2330/1838 7331/2334/1838 7330/2340/1838
f 7329/2332/1839 7328/2335/1839 7332/2341/1839 7333/2333/1839
f 7328/2335/1840 7324/2331/1840 7330/2340/1840 7332/2341/1840
f 7334/2342/1841 7335/2339/1841 7337/2338/1841 7336/2343/1841
f 7330/2340/1833 7331/2334/1833 7335/2339/1833 7334/2342/1833
f 7333/2333/1835 7332/2341/1835 7336/2343/1835 7337/2338/1835
f 7332/2341/1836 7330/2340/1836 7334/2342/1836 7336/2343/1836
o fgear_3
v -0.018883 -0.932585 2.946117
v -0.018883 -0.904965 2.971874
v 0.018883 -0.932585 2.946117
v 0.018883 -0.904965 2.971874
v -0.018883 -0.701603 2.581108
v -0.018883 -0.673983 2.606864
v 0.018883 -0.701603 2.581108
v 0.018883 -0.673983 2.606864
vn -0.0000 -0.6820 0.7313
vn -0.0000 0.6820 -0.7314
vn -0.0000 -0.8450 -0.5347
vn -1.0000 -0.0000 -0.0000
vn -0.0000 0.8450 0.5347
vn 1.0000 -0.0000 -0.0000
vt 0.090648 0.973809
vt 0.090648 0.973795
vt 0.090627 0.973795
vt 0.090627 0.973809
vt 0.090648 0.974012
vt 0.090627 0.974012
vt 0.090627 0.973998
vt 0.090648 0.973998
s 1
usemtl マテリアル.001
f 7340/2344/1842 7341/2345/1842 7339/2346/1842 7338/2347/1842
f 7344/2348/1843 7342/2349/1843 7343/2350/1843 7345/2351/1843
f 7338/2347/1844 7342/2349/1844 7344/2348/1844 7340/2344/1844
f 7339/2346/1845 7343/2350/1845 7342/2349/1845 7338/2347/1845
f 7341/2345/1846 7345/2351/1846 7343/2350/1846 7339/2346/1846
f 7340/2344/1847 7344/2348/1847 7345/2351/1847 7341/2345/1847
o flap_l
v 1.509352 0.364654 -2.145205
v 1.506304 0.310528 -3.079877
v 3.979473 0.347030 -2.569201
v 3.978526 0.304023 -3.091718
v 1.506304 0.172021 -2.136626
v 1.506304 0.310528 -3.079877
v 3.978526 0.304023 -3.091718
v 3.978526 0.222109 -2.564405
v 1.509352 0.364654 -2.145205
v 1.506304 0.172021 -2.136626
v 1.506304 0.310528 -3.079877
v 3.979473 0.347030 -2.569201
v 3.978526 0.304023 -3.091718
v 3.978526 0.222109 -2.564405
v 1.509352 0.364654 -2.145205
v 1.506304 0.172021 -2.136626
v 1.506304 0.310528 -3.079877
v 3.979473 0.347030 -2.569201
v 3.978526 0.304023 -3.091718
v 3.978526 0.222109 -2.564405
v 2.743939 0.293381 -2.354805
vn -0.0010 0.9978 -0.0665
vn -0.0045 -0.9889 -0.1482
vn 0.9999 -0.0159 -0.0023
vn -0.1695 -0.0393 -0.9848
vn -1.0000 0.0076 0.0012
vn 1.0000 -0.0076 -0.0012
vt 0.815639 0.219183
vt 0.930082 0.238827
vt 0.930038 0.263036
vt 0.815498 0.262487
vt 0.325414 0.220584
vt 0.439954 0.220036
vt 0.439954 0.244467
vt 0.325414 0.264286
vt 0.006541 0.991881
s 1
usemtl マテリアル.001
f 7346/2352/1848 7348/2353/1848 7349/2354/1848 7347/2355/1848
f 7351/2356/1849 7352/2357/1849 7353/2358/1849 7350/2359/1849
f 7356/2360/1850 7354/2360/1850 7355/2360/1850
f 7357/2360/1851 7359/2360/1851 7355/2360/1851 7354/2360/1851
f 7359/2360/1852 7357/2360/1852 7358/2360/1852
f 7362/2360/1850 7360/2360/1850 7361/2360/1850
f 7363/2360/1851 7365/2360/1851 7361/2360/1851 7360/2360/1851
f 7365/2360/1853 7364/2360/1853 7363/2360/1853
l 7353 7366
l 7346 7366
o flap_r
v -1.509352 0.364654 -2.145205
v -1.506304 0.310528 -3.079877
v -3.979473 0.347030 -2.569201
v -3.978526 0.304023 -3.091718
v -1.506304 0.172021 -2.136626
v -1.506304 0.310528 -3.079877
v -3.978526 0.304023 -3.091718
v -3.978526 0.222109 -2.564405
v -1.509352 0.364654 -2.145205
v -1.506304 0.172021 -2.136626
v -1.506304 0.310528 -3.079877
v -3.979473 0.347030 -2.569201
v -3.978526 0.304023 -3.091718
v -3.978526 0.222109 -2.564405
v -1.509352 0.364654 -2.145205
v -1.506304 0.172021 -2.136626
v -1.506304 0.310528 -3.079877
v -3.979473 0.347030 -2.569201
v -3.978526 0.304023 -3.091718
v -3.978526 0.222109 -2.564405
vn 0.0010 0.9978 -0.0665
vn 0.0045 -0.9889 -0.1482
vn -0.9999 -0.0159 -0.0023
vn 0.1695 -0.0393 -0.9848
vn 1.0000 0.0076 0.0012
vn -1.0000 -0.0076 -0.0012
vt 0.675780 0.219183
vt 0.675921 0.262487
vt 0.561381 0.263036
vt 0.561337 0.238827
vt 0.185837 0.220584
vt 0.185837 0.264286
vt 0.071297 0.244467
vt 0.071297 0.220036
vt 0.006541 0.991881
s 1
usemtl マテリアル.001
f 7367/2361/1854 7368/2362/1854 7370/2363/1854 7369/2364/1854
f 7372/2365/1855 7371/2366/1855 7374/2367/1855 7373/2368/1855
f 7377/2369/1856 7376/2369/1856 7375/2369/1856
f 7378/2369/1857 7375/2369/1857 7376/2369/1857 7380/2369/1857
f 7380/2369/1858 7379/2369/1858 7378/2369/1858
f 7383/2369/1856 7382/2369/1856 7381/2369/1856
f 7384/2369/1857 7381/2369/1857 7382/2369/1857 7386/2369/1857
f 7386/2369/1859 7384/2369/1859 7385/2369/1859
o panel_3
v -0.317799 -1.349869 3.104125
v -0.353745 -1.048517 1.578956
v -0.319468 -1.230440 1.578956
v -0.317799 -0.747164 3.104125
v -0.320348 -0.747164 2.323414
v -0.302059 -0.748247 3.241706
v -0.319468 -0.866593 1.578956
v -0.320348 -1.349869 2.323414
v -0.302059 -1.348786 3.241706
v -0.353113 -1.048517 3.241706
v -0.301353 -1.349869 1.718624
v -0.301353 -0.747164 1.718624
v -0.340821 -1.048517 3.102212
v -0.288328 -1.344592 3.102222
v -0.349045 -1.048517 2.323800
v -0.290870 -1.344313 2.323795
v -0.323761 -1.048517 1.579937
v -0.272709 -1.343712 3.238125
v -0.323334 -1.048517 3.238073
v -0.271905 -1.344224 1.719588
v -0.290020 -1.224795 1.579920
v -0.288328 -0.752441 3.102222
v -0.290870 -0.752720 2.323795
v -0.272709 -0.753322 3.238125
v -0.271905 -0.752810 1.719588
v -0.290020 -0.872238 1.579920
v -0.317799 -1.349869 3.104125
v -0.379043 -1.048517 2.323414
v -0.370760 -1.048517 3.104125
v -0.317799 -0.747164 3.104125
v -0.320348 -0.747164 2.323414
v -0.302059 -0.748247 3.241706
v -0.320348 -1.349869 2.323414
v -0.302059 -1.348786 3.241706
v -0.353113 -1.048517 3.241706
v -0.319468 -1.230440 1.578956
v -0.319468 -0.866593 1.578956
v -0.320348 -1.349869 2.323414
v -0.379043 -1.048517 2.323414
v -0.353745 -1.048517 1.578956
v -0.320348 -0.747164 2.323414
v -0.301353 -1.349869 1.718624
v -0.301353 -0.747164 1.718624
vn 0.9829 0.1838 -0.0068
vn 0.9810 0.1913 0.0316
vn 0.9816 0.1879 0.0334
vn 0.9815 0.1887 0.0330
vn 0.9780 0.1706 -0.1197
vn 0.9829 -0.1838 -0.0068
vn 0.9816 -0.1879 0.0334
vn 0.9816 -0.1879 0.0333
vn 0.9810 -0.1912 0.0316
vn 0.9781 -0.1706 -0.1197
vn 0.1807 -0.9835 -0.0008
vn 0.1837 -0.9830 0.0025
vn 0.0321 0.0061 -0.9995
vn 0.0321 -0.0000 -0.9995
vn 0.1722 -0.9850 -0.0127
vn 0.1193 0.0205 0.9926
vn 0.1866 -0.9824 0.0058
vn 0.1631 -0.7393 -0.6533
vn 0.1837 0.9830 0.0025
vn 0.1807 0.9835 -0.0008
vn 0.0321 -0.0061 -0.9995
vn 0.1722 0.9850 -0.0127
vn 0.1193 -0.0205 0.9926
vn 0.1866 0.9824 0.0058
vn 0.1631 0.7393 -0.6533
vn -0.9832 -0.1822 0.0068
vn -0.9783 -0.1691 0.1194
vn -0.9832 0.1822 0.0068
vn -0.9783 0.1691 0.1194
vn -0.9822 -0.1853 -0.0313
vn -0.9822 -0.1851 -0.0309
vn -0.9822 -0.1853 -0.0314
vn -0.9813 0.1901 -0.0314
vn -0.9819 0.1862 -0.0334
vn -0.9818 0.1870 -0.0330
vn 0.9807 0.1929 0.0308
vn 0.9816 0.1879 0.0333
vn 0.9807 -0.1929 0.0308
vn 0.9815 -0.1887 0.0330
vn -0.9811 -0.1911 -0.0308
vn -0.9819 -0.1862 -0.0334
vn -0.9811 0.1911 -0.0308
vn -0.9822 0.1851 -0.0309
vt 0.088765 0.993545
vt 0.088766 0.993184
vt 0.088793 0.993184
vt 0.088789 0.993545
vt 0.088757 0.992904
vt 0.088781 0.992840
vt 0.088758 0.993608
vt 0.088781 0.993608
vt 0.088766 0.992839
vt 0.088778 0.993546
vt 0.088780 0.993184
vt 0.088779 0.992839
vt 0.088795 0.992839
vt 0.088771 0.993609
vt 0.088795 0.993609
vt 0.088771 0.992904
vt 0.206368 0.673808
vt 0.206368 0.671354
vt 0.242539 0.670970
vt 0.242539 0.673690
vt 0.199994 0.674537
vt 0.199994 0.672172
vt 0.201009 0.557751
vt 0.164838 0.557633
vt 0.164838 0.554913
vt 0.201009 0.555297
vt 0.207384 0.558480
vt 0.207384 0.556115
vt 0.255625 0.436432
vt 0.264054 0.436432
vt 0.269587 0.442903
vt 0.241663 0.442903
vt 0.255625 0.470924
vt 0.269587 0.470924
vt 0.241663 0.470924
vt 0.247197 0.436432
s 1
usemtl マテリアル.001
f 7400/2370/1860 7402/2371/1860 7401/2372/1860 7399/2373/1860
f 7406/2374/1861 7403/2375/1862 7401/2372/1863
f 7404/2376/1864 7400/2370/1864 7399/2373/1864 7405/2377/1864
f 7408/2370/1865 7399/2373/1865 7401/2372/1865 7409/2371/1865
f 7403/2375/1866 7412/2378/1867 7411/2374/1868
f 7410/2376/1869 7405/2377/1869 7399/2373/1869 7408/2370/1869
f 7387/2379/1870 7394/2380/1871 7402/2371/1871 7400/2370/1870
f 7389/2381/1872 7388/2382/1873 7403/2375/1873 7407/2378/1872
f 7395/2383/1874 7387/2379/1874 7400/2370/1874 7404/2376/1874
f 7396/2384/1875 7395/2383/1875 7404/2376/1875 7405/2377/1875
f 7394/2380/1871 7397/2385/1876 7406/2374/1876 7402/2371/1871
f 7397/2385/1877 7389/2381/1877 7407/2378/1877 7406/2374/1877
f 7391/2380/1878 7390/2379/1879 7408/2370/1879 7409/2371/1878
f 7388/2382/1873 7393/2381/1880 7412/2378/1880 7403/2375/1873
f 7390/2379/1881 7392/2383/1881 7410/2376/1881 7408/2370/1881
f 7392/2383/1882 7396/2384/1882 7405/2377/1882 7410/2376/1882
f 7398/2385/1883 7391/2380/1878 7409/2371/1878 7411/2374/1883
f 7393/2381/1884 7398/2385/1884 7411/2374/1884 7412/2378/1884
f 7413/2386/1885 7415/2387/1885 7414/2388/1885 7419/2389/1885
f 7420/2390/1886 7421/2391/1886 7415/2387/1886 7413/2386/1886
f 7416/2392/1887 7417/2393/1887 7414/2394/1887 7415/2395/1887
f 7418/2396/1888 7416/2392/1888 7415/2395/1888 7421/2397/1888
f 7426/2398/1889 7422/2399/1890 7428/2400/1891
f 7429/2401/1892 7426/2398/1893 7425/2402/1894
f 7401/2372/1863 7402/2371/1895 7406/2374/1861
f 7406/2374/1861 7407/2378/1896 7403/2375/1862
f 7411/2374/1868 7409/2371/1897 7401/2372/1898
f 7401/2372/1898 7403/2375/1866 7411/2374/1868
f 7428/2400/1899 7424/2403/1899 7425/2402/1899
f 7425/2402/1900 7426/2398/1889 7428/2400/1891
f 7425/2402/1894 7427/2404/1901 7429/2401/1892
f 7429/2401/1902 7423/2405/1902 7426/2398/1902
o panel_l
v 1.015941 -0.444649 0.486849
v 0.789080 -0.308009 -1.272290
v 1.182889 -0.925725 -1.141801
v 1.185439 -0.925725 -0.284410
v 1.135560 -0.807732 0.487028
v 0.992247 -0.463045 0.487229
v 1.129833 -0.805285 -1.141472
v 0.987521 -0.492252 -1.141254
v 0.986790 -0.497009 -1.271578
v 1.127688 -0.805424 -1.271771
v 0.775382 -0.288796 0.487395
v 0.770679 -0.327650 -1.141104
v 0.770824 -0.331800 -1.271439
v 1.153411 -0.931290 -1.141510
v 1.151222 -0.931289 -1.271795
v 1.155960 -0.931290 -0.284322
v 1.158460 -0.796319 -1.141801
v 1.011098 -0.473710 -1.141801
v 1.156268 -0.796319 -1.272290
v 0.793923 -0.265218 0.486849
v 1.163304 -0.796319 0.486849
v 1.010315 -0.478406 -1.272290
v 0.789080 -0.303966 -1.141801
v 1.180698 -0.925725 -1.272290
vn -0.9098 -0.4146 0.0178
vn -0.9172 -0.3983 0.0062
vn -0.6058 -0.7951 0.0285
vn -0.6156 -0.7879 0.0182
vn -0.9831 -0.1828 0.0031
vn -0.9830 -0.1833 0.0098
vn -0.9828 -0.1838 0.0164
vn 0.0089 0.0034 1.0000
vn 0.0095 0.0077 0.9999
vn 0.0094 0.0077 0.9999
vn -0.0177 -0.0146 -0.9997
vn -0.0179 -0.0057 -0.9998
vn -0.7898 0.6131 -0.0160
vn -0.7917 0.6106 -0.0196
vn -0.7880 0.6156 -0.0124
vn 0.0100 0.0120 0.9999
vn -0.0163 -0.0208 -0.9997
vn -0.0167 -0.0030 -0.9999
vn 0.2813 -0.9457 0.1628
vn 0.1855 -0.9826 -0.0018
vn 0.1855 -0.9826 -0.0006
vn 0.1855 -0.9826 -0.0031
vn 0.9091 0.4163 -0.0179
vn 0.9163 0.4005 -0.0063
vn 0.6085 0.7930 -0.0284
vn 0.6180 0.7859 -0.0182
vn 0.9826 0.1855 -0.0029
vn 0.9826 0.1855 -0.0097
vn 0.9825 0.1855 -0.0165
vt 0.088329 0.993176
vt 0.088329 0.993236
vt 0.088394 0.993236
vt 0.088395 0.993176
vt 0.088331 0.992421
vt 0.088398 0.992422
vt 0.088229 0.993176
vt 0.088229 0.993236
vt 0.088231 0.992421
vt 0.088407 0.992779
vt 0.088406 0.993176
vt 0.088405 0.993236
vt 0.088411 0.992422
vt 0.088342 0.992422
vt 0.088340 0.993237
vt 0.088407 0.993237
vt 0.088237 0.993176
vt 0.088237 0.993237
vt 0.088239 0.992422
vt 0.088419 0.993237
vt 0.088421 0.992779
vt 0.088420 0.993176
vt 0.284507 0.310377
vt 0.269560 0.310377
vt 0.269560 0.304332
vt 0.284290 0.304332
vt 0.285854 0.385834
vt 0.269560 0.385834
vt 0.292371 0.310377
vt 0.292184 0.304332
vt 0.294167 0.385834
vt 0.263565 0.350101
vt 0.263565 0.310377
vt 0.263565 0.304332
s 1
usemtl マテリアル.001
f 7437/2406/1903 7438/2407/1903 7439/2408/1903 7436/2409/1903
f 7435/2410/1904 7437/2406/1904 7436/2409/1904 7434/2411/1904
f 7441/2412/1905 7442/2413/1905 7438/2407/1905 7437/2406/1905
f 7440/2414/1906 7441/2412/1906 7437/2406/1906 7435/2410/1906
f 7445/2415/1907 7434/2411/1907 7436/2409/1908 7443/2416/1908
f 7443/2416/1908 7436/2409/1908 7439/2408/1909 7444/2417/1909
f 7450/2418/1910 7430/2419/1911 7435/2410/1912 7434/2411/1910
f 7451/2420/1913 7448/2421/1914 7439/2408/1914 7438/2407/1913
f 7452/2422/1915 7431/2423/1916 7442/2413/1916 7441/2412/1915
f 7449/2424/1917 7452/2422/1915 7441/2412/1915 7440/2414/1917
f 7430/2419/1911 7449/2424/1918 7440/2414/1918 7435/2410/1912
f 7431/2423/1919 7451/2420/1913 7438/2407/1913 7442/2413/1919
f 7448/2421/1914 7453/2425/1920 7444/2417/1920 7439/2408/1914
f 7433/2426/1921 7450/2418/1921 7434/2411/1921 7445/2415/1921
f 7432/2427/1922 7433/2426/1923 7445/2415/1923 7443/2416/1922
f 7453/2425/1924 7432/2427/1922 7443/2416/1922 7444/2417/1924
f 7447/2428/1925 7446/2429/1925 7448/2430/1925 7451/2431/1925
f 7430/2432/1926 7450/2433/1926 7446/2429/1926 7447/2428/1926
f 7452/2434/1927 7447/2428/1927 7451/2431/1927 7431/2435/1927
f 7449/2436/1928 7430/2432/1928 7447/2428/1928 7452/2434/1928
f 7433/2437/1929 7432/2438/1930 7446/2429/1930 7450/2433/1929
f 7432/2438/1930 7453/2439/1931 7448/2430/1931 7446/2429/1930
o panel_r
v -1.182889 -0.925725 -1.141801
v -1.180698 -0.925725 -1.272290
v -1.163304 -0.796319 0.486849
v -1.015941 -0.444649 0.486849
v -1.185439 -0.925725 -0.284410
v -1.135560 -0.807732 0.487028
v -0.992247 -0.463045 0.487229
v -1.129833 -0.805285 -1.141472
v -0.987521 -0.492252 -1.141254
v -0.986790 -0.497009 -1.271578
v -1.127688 -0.805424 -1.271771
v -0.775382 -0.288796 0.487395
v -0.770679 -0.327650 -1.141104
v -0.770824 -0.331800 -1.271439
v -1.153411 -0.931290 -1.141510
v -1.151222 -0.931289 -1.271795
v -1.155960 -0.931290 -0.284322
v -1.158460 -0.796319 -1.141801
v -1.011098 -0.473710 -1.141801
v -1.010315 -0.478406 -1.272290
v -1.156268 -0.796319 -1.272290
v -0.793923 -0.265218 0.486849
v -0.789080 -0.303966 -1.141801
v -0.789080 -0.308009 -1.272290
vn 0.9098 -0.4146 0.0178
vn 0.9172 -0.3983 0.0062
vn 0.6058 -0.7951 0.0285
vn 0.6156 -0.7879 0.0182
vn 0.9831 -0.1828 0.0031
vn 0.9830 -0.1833 0.0098
vn 0.9828 -0.1838 0.0164
vn -0.0095 0.0077 0.9999
vn -0.0089 0.0034 1.0000
vn -0.0094 0.0077 0.9999
vn 0.0179 -0.0057 -0.9998
vn 0.0177 -0.0146 -0.9997
vn 0.7917 0.6106 -0.0196
vn 0.7898 0.6131 -0.0160
vn 0.7880 0.6156 -0.0124
vn -0.0100 0.0120 0.9999
vn 0.0163 -0.0208 -0.9997
vn 0.0167 -0.0030 -0.9999
vn -0.2813 -0.9457 0.1628
vn -0.1855 -0.9826 -0.0006
vn -0.1855 -0.9826 -0.0018
vn -0.1855 -0.9826 -0.0031
vn -0.9091 0.4163 -0.0179
vn -0.9163 0.4005 -0.0063
vn -0.6085 0.7930 -0.0284
vn -0.6180 0.7859 -0.0182
vn -0.9826 0.1855 -0.0029
vn -0.9826 0.1855 -0.0097
vn -0.9825 0.1855 -0.0165
vt 0.087414 0.993176
vt 0.087348 0.993176
vt 0.087349 0.993236
vt 0.087414 0.993236
vt 0.087412 0.992421
vt 0.087345 0.992422
vt 0.087515 0.993176
vt 0.087514 0.993236
vt 0.087512 0.992421
vt 0.087336 0.992779
vt 0.087337 0.993176
vt 0.087338 0.993236
vt 0.087401 0.992422
vt 0.087333 0.992422
vt 0.087336 0.993237
vt 0.087403 0.993237
vt 0.087506 0.993237
vt 0.087506 0.993176
vt 0.087504 0.992422
vt 0.087325 0.993237
vt 0.087322 0.992779
vt 0.087324 0.993176
vt 0.226744 0.310377
vt 0.226961 0.304332
vt 0.241690 0.304332
vt 0.241690 0.310377
vt 0.225397 0.385834
vt 0.241690 0.385834
vt 0.218879 0.310377
vt 0.219067 0.304332
vt 0.217084 0.385834
vt 0.247686 0.350101
vt 0.247686 0.310377
vt 0.247686 0.304332
s 1
usemtl マテリアル.001
f 7462/2440/1932 7461/2441/1932 7464/2442/1932 7463/2443/1932
f 7460/2444/1933 7459/2445/1933 7461/2441/1933 7462/2440/1933
f 7466/2446/1934 7462/2440/1934 7463/2443/1934 7467/2447/1934
f 7465/2448/1935 7460/2444/1935 7462/2440/1935 7466/2446/1935
f 7470/2449/1936 7468/2450/1937 7461/2441/1937 7459/2445/1936
f 7468/2450/1937 7469/2451/1938 7464/2442/1938 7461/2441/1937
f 7457/2452/1939 7456/2453/1940 7459/2445/1940 7460/2444/1941
f 7474/2454/1942 7473/2455/1943 7463/2443/1943 7464/2442/1942
f 7477/2456/1944 7476/2457/1945 7466/2446/1945 7467/2447/1944
f 7476/2457/1945 7475/2458/1946 7465/2448/1946 7466/2446/1945
f 7475/2458/1947 7457/2452/1939 7460/2444/1941 7465/2448/1947
f 7473/2455/1943 7477/2456/1948 7467/2447/1948 7463/2443/1943
f 7455/2459/1949 7474/2454/1942 7464/2442/1942 7469/2451/1949
f 7456/2453/1950 7458/2460/1950 7470/2449/1950 7459/2445/1950
f 7458/2460/1951 7454/2461/1952 7468/2450/1952 7470/2449/1951
f 7454/2461/1952 7455/2459/1953 7469/2451/1953 7468/2450/1952
f 7472/2462/1954 7473/2463/1954 7474/2464/1954 7471/2465/1954
f 7457/2466/1955 7472/2462/1955 7471/2465/1955 7456/2467/1955
f 7476/2468/1956 7477/2469/1956 7473/2463/1956 7472/2462/1956
f 7475/2470/1957 7476/2468/1957 7472/2462/1957 7457/2466/1957
f 7458/2471/1958 7456/2467/1958 7471/2465/1959 7454/2472/1959
f 7454/2472/1959 7471/2465/1959 7474/2464/1960 7455/2473/1960
o rgear_l1
v 1.120244 -1.298068 -1.350150
v 1.120244 -1.589232 -1.350150
v 1.120244 -1.298068 -1.058986
v 1.120244 -1.589232 -1.058986
v 1.188355 -1.547834 -1.100384
v 1.188355 -1.339466 -1.100384
v 1.188355 -1.547834 -1.308752
v 1.188355 -1.339466 -1.308752
v 1.017189 -1.344590 -1.303628
v 1.017189 -1.542710 -1.303628
v 1.017189 -1.344590 -1.105508
v 1.017189 -1.542710 -1.105508
v 0.278497 -0.147308 -1.112686
v 0.434381 -0.057308 -1.112686
v 0.278497 -0.147308 -1.292686
v 0.434381 -0.057308 -1.292686
v 0.858919 -0.792629 -1.292686
v 0.703034 -0.882629 -1.292686
v 0.703034 -0.882629 -1.112686
v 0.858919 -0.792629 -1.112686
v 1.029276 -1.378782 -1.147144
v 1.125479 -1.323240 -1.147144
v 1.029276 -1.378782 -1.258229
v 1.125479 -1.323240 -1.258229
v 0.728279 -0.857439 -1.258229
v 0.824481 -0.801897 -1.147144
v 0.728279 -0.857439 -1.147144
v 0.824481 -0.801897 -1.258229
v 0.894183 -1.179270 -1.275467
v 1.020243 -1.106490 -1.129906
v 0.894183 -1.179270 -1.129906
v 1.020243 -1.106490 -1.275467
v 0.846285 -1.096308 -1.275467
v 0.972345 -1.023528 -1.129906
v 0.846285 -1.096308 -1.129906
v 0.972345 -1.023528 -1.275467
v 0.938153 -0.964306 -1.129906
v 0.938153 -0.964306 -1.275467
v 0.812094 -1.037087 -1.129906
v 0.812094 -1.037087 -1.275467
v 0.914155 -0.922741 -1.129906
v 0.914155 -0.922741 -1.275467
v 0.788096 -0.995522 -1.129906
v 0.788096 -0.995522 -1.275467
vn -0.4114 -0.9114 -0.0000
vn 1.0000 -0.0000 -0.0000
vn 0.5194 -0.8545 -0.0000
vn 0.5194 0.8545 -0.0000
vn 0.5194 -0.0000 0.8545
vn 0.5194 -0.0000 -0.8545
vn -1.0000 -0.0000 -0.0000
vn -0.4114 -0.0000 0.9114
vn -0.4114 -0.0000 -0.9114
vn -0.4114 0.9114 -0.0000
vn -0.5000 0.8660 -0.0000
vn -0.0000 -0.0000 -1.0000
vn -0.8660 -0.5000 -0.0000
vn -0.0000 -0.0000 1.0000
vn 0.8660 0.5000 -0.0000
vn 0.5000 -0.8660 -0.0000
vt 0.090782 0.971162
vt 0.090725 0.971188
vt 0.090725 0.971298
vt 0.090782 0.971324
vt 0.090820 0.971301
vt 0.090820 0.971185
vt 0.090314 0.971192
vt 0.090401 0.971192
vt 0.090401 0.971292
vt 0.090314 0.971292
vt 0.090637 0.971292
vt 0.090550 0.971292
vt 0.090564 0.971211
vt 0.090564 0.971272
vt 0.090732 0.971272
vt 0.090732 0.971211
vt 0.090550 0.971192
vt 0.090637 0.971192
vt 0.090785 0.971272
vt 0.090785 0.971211
vt 0.090618 0.971272
vt 0.090618 0.971211
vt 0.090656 0.971201
vt 0.090656 0.971282
vt 0.090726 0.971282
vt 0.090726 0.971201
vt 0.090630 0.971201
vt 0.090700 0.971201
vt 0.090700 0.971282
vt 0.090630 0.971282
vt 0.090681 0.971282
vt 0.090681 0.971201
vt 0.090611 0.971201
vt 0.090611 0.971282
vt 0.090667 0.971282
vt 0.090597 0.971282
vt 0.090597 0.971201
vt 0.090667 0.971201
s 1
usemtl マテリアル.001
f 7481/2474/1961 7489/2475/1961 7487/2476/1961 7479/2477/1961
f 7484/2478/1962 7485/2478/1962 7483/2479/1962 7482/2479/1962
f 7482/2479/1963 7481/2474/1963 7479/2477/1963 7484/2478/1963
f 7485/2478/1964 7478/2477/1964 7480/2474/1964 7483/2479/1964
f 7483/2479/1965 7480/2474/1965 7481/2474/1965 7482/2479/1965
f 7484/2478/1966 7479/2477/1966 7478/2477/1966 7485/2478/1966
f 7487/2476/1967 7489/2475/1967 7488/2475/1967 7486/2476/1967
f 7480/2474/1968 7488/2475/1968 7489/2475/1968 7481/2474/1968
f 7479/2477/1969 7487/2476/1969 7486/2476/1969 7478/2477/1969
f 7478/2477/1970 7486/2476/1970 7488/2475/1970 7480/2474/1970
f 7490/2480/1971 7491/2481/1971 7493/2482/1971 7492/2483/1971
f 7492/2483/1972 7493/2482/1972 7494/2484/1972 7495/2485/1972
f 7504/2486/1973 7502/2487/1973 7500/2488/1973 7498/2489/1973
f 7496/2490/1974 7497/2491/1974 7491/2481/1974 7490/2480/1974
f 7492/2483/1973 7495/2485/1973 7496/2490/1973 7490/2480/1973
f 7494/2484/1975 7493/2482/1975 7491/2481/1975 7497/2491/1975
f 7495/2485/1976 7494/2484/1976 7497/2491/1976 7496/2490/1976
f 7500/2488/1976 7501/2492/1976 7499/2493/1976 7498/2489/1976
f 7505/2494/1975 7503/2495/1975 7499/2493/1975 7501/2492/1975
f 7502/2487/1972 7505/2494/1972 7501/2492/1972 7500/2488/1972
f 7503/2495/1974 7504/2486/1974 7498/2489/1974 7499/2493/1974
f 7504/2486/1971 7503/2495/1971 7505/2494/1971 7502/2487/1971
f 7508/2496/1976 7506/2497/1976 7509/2498/1976 7507/2499/1976
f 7512/2500/1971 7511/2501/1971 7513/2502/1971 7510/2503/1971
f 7509/2498/1975 7513/2502/1975 7511/2501/1975 7507/2499/1975
f 7507/2499/1974 7511/2501/1974 7512/2500/1974 7508/2496/1974
f 7508/2496/1973 7512/2500/1973 7510/2503/1973 7506/2497/1973
f 7506/2497/1972 7510/2503/1972 7513/2502/1972 7509/2498/1972
f 7515/2504/1976 7514/2505/1976 7516/2506/1976 7517/2507/1976
f 7519/2508/1971 7521/2509/1971 7520/2510/1971 7518/2511/1971
f 7514/2505/1974 7518/2511/1974 7520/2510/1974 7516/2506/1974
f 7517/2507/1972 7521/2509/1972 7519/2508/1972 7515/2504/1972
f 7515/2504/1975 7519/2508/1975 7518/2511/1975 7514/2505/1975
f 7516/2506/1973 7520/2510/1973 7521/2509/1973 7517/2507/1973
o rgear_l2
v 0.657894 -0.849999 -0.737349
v 0.548824 -0.873182 -0.830914
v 0.614579 -0.964433 -0.658502
v 0.505510 -0.987616 -0.752067
v 0.126757 -0.313878 -0.251036
v 0.017688 -0.337062 -0.344601
v 0.083443 -0.428312 -0.172189
v -0.025627 -0.451496 -0.265754
v 0.703547 -0.937231 -0.800928
v 0.625279 -0.953867 -0.868069
v 0.672464 -1.019348 -0.744348
v 0.594197 -1.035984 -0.811490
v 1.145897 -1.383733 -1.205948
v 1.067630 -1.400370 -1.273089
v 1.114815 -1.465850 -1.149368
v 1.036548 -1.482486 -1.216509
v 1.000064 -1.204500 -1.055468
v 0.897821 -1.226232 -1.143178
v 0.959460 -1.311771 -0.981556
v 0.857217 -1.333504 -1.069265
v 0.964656 -1.168759 -1.023049
v 0.862413 -1.190491 -1.110758
v 0.924052 -1.276031 -0.949136
v 0.821809 -1.297763 -1.036846
v 0.865264 -1.074786 -0.935406
v 0.767775 -1.095508 -1.019037
v 0.826548 -1.177070 -0.864930
v 0.729058 -1.197792 -0.948562
v 0.832424 -1.041637 -0.905337
v 0.734934 -1.062359 -0.988969
v 0.793708 -1.143921 -0.834862
v 0.696218 -1.164644 -0.918493
v 0.529149 -0.665715 -0.590714
v 0.379412 -0.697542 -0.719165
v 0.319947 -0.854644 -0.610920
v 0.469684 -0.822816 -0.482468
vn 0.3982 0.6672 -0.6295
vn -0.5916 0.5972 0.5417
vn 0.2719 0.8110 -0.5179
vn -0.3227 -0.7598 0.5644
vn 0.7232 0.1847 0.6654
vn -0.7740 -0.1335 -0.6190
vn 0.7493 0.1593 0.6428
vn -0.1874 -0.8800 0.4365
vn 0.8427 0.0503 0.5360
vn -0.6319 -0.2631 -0.7290
vn 0.5916 -0.5972 -0.5417
vn -0.7493 -0.1593 -0.6428
vn 0.2976 0.7862 -0.5417
vn -0.2976 -0.7862 0.5417
vn 0.2976 0.7861 -0.5417
vn -0.6853 -0.2191 -0.6945
vn 0.8055 0.0978 0.5844
vn -0.2359 -0.8428 0.4838
vn 0.3562 0.7214 -0.5939
vt 0.090525 0.970983
vt 0.090550 0.971018
vt 0.090507 0.971056
vt 0.090464 0.971035
vt 0.090169 0.970765
vt 0.090145 0.970721
vt 0.090206 0.970669
vt 0.090230 0.970713
vt 0.090370 0.970973
vt 0.090453 0.970901
vt 0.090420 0.970841
vt 0.090337 0.970913
vt 0.090533 0.970987
vt 0.090779 0.971212
vt 0.090796 0.971243
vt 0.090440 0.970991
vt 0.090490 0.971024
vt 0.090501 0.970939
vt 0.090753 0.971281
vt 0.090736 0.971249
vt 0.090658 0.971209
vt 0.090715 0.971160
vt 0.090693 0.971119
vt 0.090636 0.971167
vt 0.090639 0.971191
vt 0.090616 0.971149
vt 0.090673 0.971101
vt 0.090696 0.971142
vt 0.090586 0.971139
vt 0.090640 0.971093
vt 0.090619 0.971054
vt 0.090565 0.971100
vt 0.090568 0.971123
vt 0.090546 0.971084
vt 0.090601 0.971037
vt 0.090622 0.971076
s 1
usemtl マテリアル.001
f 7522/2512/1977 7530/2513/1977 7531/2514/1977 7523/2515/1977
f 7527/2516/1978 7529/2517/1978 7528/2518/1978 7526/2519/1978
f 7555/2520/1979 7527/2516/1979 7526/2519/1979 7554/2521/1979
f 7557/2522/1980 7528/2518/1980 7529/2517/1980 7556/2523/1980
f 7554/2521/1981 7526/2519/1981 7528/2518/1981 7557/2522/1981
f 7556/2523/1982 7529/2517/1982 7527/2516/1982 7555/2520/1982
f 7532/2524/1983 7536/2525/1983 7534/2526/1983 7530/2513/1983
f 7525/2527/1984 7533/2528/1984 7532/2524/1984 7524/2529/1984
f 7524/2529/1985 7532/2524/1985 7530/2513/1985 7522/2512/1985
f 7523/2515/1986 7531/2514/1986 7533/2528/1986 7525/2527/1986
f 7535/2530/1987 7534/2526/1987 7536/2525/1987 7537/2531/1987
f 7531/2514/1988 7535/2530/1988 7537/2531/1988 7533/2528/1988
f 7530/2513/1989 7534/2526/1989 7535/2530/1989 7531/2514/1989
f 7533/2528/1990 7537/2531/1990 7536/2525/1990 7532/2524/1990
f 7539/2532/1987 7538/2533/1987 7540/2534/1987 7541/2535/1987
f 7543/2536/1978 7545/2537/1978 7544/2538/1978 7542/2539/1978
f 7539/2532/1991 7543/2536/1991 7542/2539/1991 7538/2533/1991
f 7540/2534/1990 7544/2538/1990 7545/2537/1990 7541/2535/1990
f 7538/2533/1983 7542/2539/1983 7544/2538/1983 7540/2534/1983
f 7541/2535/1988 7545/2537/1988 7543/2536/1988 7539/2532/1988
f 7547/2540/1987 7546/2541/1987 7548/2542/1987 7549/2543/1987
f 7551/2544/1978 7553/2545/1978 7552/2546/1978 7550/2547/1978
f 7547/2540/1989 7551/2544/1989 7550/2547/1989 7546/2541/1989
f 7548/2542/1990 7552/2546/1990 7553/2545/1990 7549/2543/1990
f 7546/2541/1983 7550/2547/1983 7552/2546/1983 7548/2542/1983
f 7549/2543/1988 7553/2545/1988 7551/2544/1988 7547/2540/1988
f 7525/2527/1992 7556/2523/1992 7555/2520/1992 7523/2515/1992
f 7522/2512/1993 7554/2521/1993 7557/2522/1993 7524/2529/1993
f 7524/2529/1994 7557/2522/1994 7556/2523/1994 7525/2527/1994
f 7523/2515/1995 7555/2520/1995 7554/2521/1995 7522/2512/1995
o rgear_r1
v -1.120244 -1.298068 -1.350150
v -1.120244 -1.589232 -1.350150
v -1.120244 -1.298068 -1.058986
v -1.120244 -1.589232 -1.058986
v -1.188355 -1.547834 -1.100384
v -1.188355 -1.339466 -1.100384
v -1.188355 -1.547834 -1.308752
v -1.188355 -1.339466 -1.308752
v -1.017189 -1.344590 -1.303628
v -1.017189 -1.542710 -1.303628
v -1.017189 -1.344590 -1.105508
v -1.017189 -1.542710 -1.105508
v -0.278497 -0.147308 -1.112686
v -0.434381 -0.057308 -1.112686
v -0.278497 -0.147308 -1.292686
v -0.434381 -0.057308 -1.292686
v -0.858919 -0.792629 -1.292686
v -0.703034 -0.882629 -1.292686
v -0.703034 -0.882629 -1.112686
v -0.858919 -0.792629 -1.112686
v -1.029276 -1.378782 -1.147144
v -1.125479 -1.323240 -1.147144
v -1.029276 -1.378782 -1.258229
v -1.125479 -1.323240 -1.258229
v -0.728279 -0.857439 -1.258229
v -0.824481 -0.801897 -1.147144
v -0.728279 -0.857439 -1.147144
v -0.824481 -0.801897 -1.258229
v -0.894183 -1.179270 -1.275467
v -1.020243 -1.106490 -1.129906
v -0.894183 -1.179270 -1.129906
v -1.020243 -1.106490 -1.275467
v -0.846285 -1.096308 -1.275467
v -0.972345 -1.023528 -1.129906
v -0.846285 -1.096308 -1.129906
v -0.972345 -1.023528 -1.275467
v -0.938153 -0.964306 -1.129906
v -0.938153 -0.964306 -1.275467
v -0.812094 -1.037087 -1.129906
v -0.812094 -1.037087 -1.275467
v -0.914155 -0.922741 -1.129906
v -0.914155 -0.922741 -1.275467
v -0.788096 -0.995522 -1.129906
v -0.788096 -0.995522 -1.275467
vn 0.4114 -0.9114 -0.0000
vn -1.0000 -0.0000 -0.0000
vn -0.5194 -0.8545 -0.0000
vn -0.5194 0.8545 -0.0000
vn -0.5194 -0.0000 0.8545
vn -0.5194 -0.0000 -0.8545
vn 1.0000 -0.0000 -0.0000
vn 0.4114 -0.0000 0.9114
vn 0.4114 -0.0000 -0.9114
vn 0.4114 0.9114 -0.0000
vn 0.5000 0.8660 -0.0000
vn -0.0000 -0.0000 -1.0000
vn 0.8660 -0.5000 -0.0000
vn -0.0000 -0.0000 1.0000
vn -0.8660 0.5000 -0.0000
vn -0.5000 -0.8660 -0.0000
vt 0.090782 0.971162
vt 0.090782 0.971324
vt 0.090725 0.971298
vt 0.090725 0.971188
vt 0.090820 0.971301
vt 0.090820 0.971185
vt 0.090314 0.971192
vt 0.090314 0.971292
vt 0.090401 0.971292
vt 0.090401 0.971192
vt 0.090550 0.971292
vt 0.090637 0.971292
vt 0.090564 0.971211
vt 0.090732 0.971211
vt 0.090732 0.971272
vt 0.090564 0.971272
vt 0.090550 0.971192
vt 0.090637 0.971192
vt 0.090785 0.971211
vt 0.090785 0.971272
vt 0.090618 0.971272
vt 0.090618 0.971211
vt 0.090656 0.971201
vt 0.090726 0.971201
vt 0.090726 0.971282
vt 0.090656 0.971282
vt 0.090630 0.971201
vt 0.090630 0.971282
vt 0.090700 0.971282
vt 0.090700 0.971201
vt 0.090681 0.971282
vt 0.090611 0.971282
vt 0.090611 0.971201
vt 0.090681 0.971201
vt 0.090667 0.971282
vt 0.090667 0.971201
vt 0.090597 0.971201
vt 0.090597 0.971282
s 1
usemtl マテリアル.001
f 7561/2548/1996 7559/2549/1996 7567/2550/1996 7569/2551/1996
f 7564/2552/1997 7562/2553/1997 7563/2553/1997 7565/2552/1997
f 7562/2553/1998 7564/2552/1998 7559/2549/1998 7561/2548/1998
f 7565/2552/1999 7563/2553/1999 7560/2548/1999 7558/2549/1999
f 7563/2553/2000 7562/2553/2000 7561/2548/2000 7560/2548/2000
f 7564/2552/2001 7565/2552/2001 7558/2549/2001 7559/2549/2001
f 7567/2550/2002 7566/2550/2002 7568/2551/2002 7569/2551/2002
f 7560/2548/2003 7561/2548/2003 7569/2551/2003 7568/2551/2003
f 7559/2549/2004 7558/2549/2004 7566/2550/2004 7567/2550/2004
f 7558/2549/2005 7560/2548/2005 7568/2551/2005 7566/2550/2005
f 7570/2554/2006 7572/2555/2006 7573/2556/2006 7571/2557/2006
f 7572/2555/2007 7575/2558/2007 7574/2559/2007 7573/2556/2007
f 7584/2560/2008 7578/2561/2008 7580/2562/2008 7582/2563/2008
f 7576/2564/2009 7570/2554/2009 7571/2557/2009 7577/2565/2009
f 7572/2555/2008 7570/2554/2008 7576/2564/2008 7575/2558/2008
f 7574/2559/2010 7577/2565/2010 7571/2557/2010 7573/2556/2010
f 7575/2558/2011 7576/2564/2011 7577/2565/2011 7574/2559/2011
f 7580/2562/2011 7578/2561/2011 7579/2566/2011 7581/2567/2011
f 7585/2568/2010 7581/2567/2010 7579/2566/2010 7583/2569/2010
f 7582/2563/2007 7580/2562/2007 7581/2567/2007 7585/2568/2007
f 7583/2569/2009 7579/2566/2009 7578/2561/2009 7584/2560/2009
f 7584/2560/2006 7582/2563/2006 7585/2568/2006 7583/2569/2006
f 7588/2570/2011 7587/2571/2011 7589/2572/2011 7586/2573/2011
f 7592/2574/2006 7590/2575/2006 7593/2576/2006 7591/2577/2006
f 7589/2572/2010 7587/2571/2010 7591/2577/2010 7593/2576/2010
f 7587/2571/2009 7588/2570/2009 7592/2574/2009 7591/2577/2009
f 7588/2570/2008 7586/2573/2008 7590/2575/2008 7592/2574/2008
f 7586/2573/2007 7589/2572/2007 7593/2576/2007 7590/2575/2007
f 7595/2578/2011 7597/2579/2011 7596/2580/2011 7594/2581/2011
f 7599/2582/2006 7598/2583/2006 7600/2584/2006 7601/2585/2006
f 7594/2581/2009 7596/2580/2009 7600/2584/2009 7598/2583/2009
f 7597/2579/2007 7595/2578/2007 7599/2582/2007 7601/2585/2007
f 7595/2578/2010 7594/2581/2010 7598/2583/2010 7599/2582/2010
f 7596/2580/2008 7597/2579/2008 7601/2585/2008 7600/2584/2008
o rgear_r2
v -0.657894 -0.849999 -0.737349
v -0.548824 -0.873182 -0.830914
v -0.614579 -0.964433 -0.658502
v -0.505510 -0.987616 -0.752067
v -0.126757 -0.313878 -0.251036
v -0.017688 -0.337062 -0.344601
v -0.083443 -0.428312 -0.172189
v 0.025627 -0.451496 -0.265754
v -0.703547 -0.937231 -0.800928
v -0.625279 -0.953867 -0.868069
v -0.672464 -1.019348 -0.744348
v -0.594197 -1.035984 -0.811490
v -1.145897 -1.383733 -1.205948
v -1.067630 -1.400370 -1.273089
v -1.114815 -1.465850 -1.149368
v -1.036548 -1.482486 -1.216509
v -1.000064 -1.204500 -1.055468
v -0.897821 -1.226232 -1.143178
v -0.959460 -1.311771 -0.981556
v -0.857217 -1.333504 -1.069265
v -0.964656 -1.168759 -1.023049
v -0.862413 -1.190491 -1.110758
v -0.924052 -1.276031 -0.949136
v -0.821809 -1.297763 -1.036846
v -0.865264 -1.074786 -0.935406
v -0.767775 -1.095508 -1.019037
v -0.826548 -1.177070 -0.864930
v -0.729058 -1.197792 -0.948562
v -0.832424 -1.041637 -0.905337
v -0.734934 -1.062359 -0.988969
v -0.793708 -1.143921 -0.834862
v -0.696218 -1.164644 -0.918493
v -0.529149 -0.665715 -0.590714
v -0.379412 -0.697542 -0.719165
v -0.319947 -0.854644 -0.610920
v -0.469684 -0.822816 -0.482468
vn -0.3982 0.6672 -0.6295
vn 0.5916 0.5972 0.5417
vn -0.2719 0.8110 -0.5179
vn 0.3227 -0.7598 0.5644
vn -0.7232 0.1847 0.6654
vn 0.7740 -0.1335 -0.6190
vn -0.7493 0.1593 0.6428
vn 0.1874 -0.8800 0.4365
vn -0.8427 0.0503 0.5360
vn 0.6319 -0.2631 -0.7290
vn -0.5916 -0.5972 -0.5417
vn 0.7493 -0.1593 -0.6428
vn -0.2976 0.7862 -0.5417
vn 0.2976 -0.7862 0.5417
vn -0.2976 0.7861 -0.5417
vn 0.6853 -0.2191 -0.6945
vn -0.8055 0.0978 0.5844
vn 0.2359 -0.8428 0.4838
vn -0.3562 0.7214 -0.5939
vt 0.090525 0.970983
vt 0.090464 0.971035
vt 0.090507 0.971056
vt 0.090550 0.971018
vt 0.090169 0.970765
vt 0.090230 0.970713
vt 0.090206 0.970669
vt 0.090145 0.970721
vt 0.090370 0.970973
vt 0.090453 0.970901
vt 0.090420 0.970841
vt 0.090337 0.970913
vt 0.090533 0.970987
vt 0.090796 0.971243
vt 0.090779 0.971212
vt 0.090440 0.970991
vt 0.090501 0.970939
vt 0.090490 0.971024
vt 0.090753 0.971281
vt 0.090736 0.971249
vt 0.090658 0.971209
vt 0.090636 0.971167
vt 0.090693 0.971119
vt 0.090715 0.971160
vt 0.090639 0.971191
vt 0.090696 0.971142
vt 0.090673 0.971101
vt 0.090616 0.971149
vt 0.090586 0.971139
vt 0.090565 0.971100
vt 0.090619 0.971054
vt 0.090640 0.971093
vt 0.090568 0.971123
vt 0.090622 0.971076
vt 0.090601 0.971037
vt 0.090546 0.971084
s 1
usemtl マテリアル.001
f 7602/2586/2012 7603/2587/2012 7611/2588/2012 7610/2589/2012
f 7607/2590/2013 7606/2591/2013 7608/2592/2013 7609/2593/2013
f 7635/2594/2014 7634/2595/2014 7606/2591/2014 7607/2590/2014
f 7637/2596/2015 7636/2597/2015 7609/2593/2015 7608/2592/2015
f 7634/2595/2016 7637/2596/2016 7608/2592/2016 7606/2591/2016
f 7636/2597/2017 7635/2594/2017 7607/2590/2017 7609/2593/2017
f 7612/2598/2018 7610/2589/2018 7614/2599/2018 7616/2600/2018
f 7605/2601/2019 7604/2602/2019 7612/2598/2019 7613/2603/2019
f 7604/2602/2020 7602/2586/2020 7610/2589/2020 7612/2598/2020
f 7603/2587/2021 7605/2601/2021 7613/2603/2021 7611/2588/2021
f 7615/2604/2022 7617/2605/2022 7616/2600/2022 7614/2599/2022
f 7611/2588/2023 7613/2603/2023 7617/2605/2023 7615/2604/2023
f 7610/2589/2024 7611/2588/2024 7615/2604/2024 7614/2599/2024
f 7613/2603/2025 7612/2598/2025 7616/2600/2025 7617/2605/2025
f 7619/2606/2022 7621/2607/2022 7620/2608/2022 7618/2609/2022
f 7623/2610/2013 7622/2611/2013 7624/2612/2013 7625/2613/2013
f 7619/2606/2026 7618/2609/2026 7622/2611/2026 7623/2610/2026
f 7620/2608/2025 7621/2607/2025 7625/2613/2025 7624/2612/2025
f 7618/2609/2018 7620/2608/2018 7624/2612/2018 7622/2611/2018
f 7621/2607/2023 7619/2606/2023 7623/2610/2023 7625/2613/2023
f 7627/2614/2022 7629/2615/2022 7628/2616/2022 7626/2617/2022
f 7631/2618/2013 7630/2619/2013 7632/2620/2013 7633/2621/2013
f 7627/2614/2024 7626/2617/2024 7630/2619/2024 7631/2618/2024
f 7628/2616/2025 7629/2615/2025 7633/2621/2025 7632/2620/2025
f 7626/2617/2018 7628/2616/2018 7632/2620/2018 7630/2619/2018
f 7629/2615/2023 7627/2614/2023 7631/2618/2023 7633/2621/2023
f 7605/2601/2027 7603/2587/2027 7635/2594/2027 7636/2597/2027
f 7602/2586/2028 7604/2602/2028 7637/2596/2028 7634/2595/2028
f 7604/2602/2029 7605/2601/2029 7636/2597/2029 7637/2596/2029
f 7603/2587/2030 7602/2586/2030 7634/2595/2030 7635/2594/2030
o rudder
v 0.096910 1.533539 -5.655925
v 0.000000 1.533539 -6.395969
v 0.040655 3.638649 -7.036335
v 0.000000 3.638649 -7.489635
v 0.096910 1.533539 -5.655925
v -0.096910 1.533539 -5.655925
v 0.000000 1.533539 -6.395969
v -0.040655 3.638649 -7.036335
v 0.040655 3.638649 -7.036335
v 0.000000 3.638649 -7.489635
v -0.096910 1.533539 -5.655925
v 0.000000 1.533539 -6.395969
v -0.040655 3.638649 -7.036335
v 0.000000 3.638649 -7.489635
v 0.028127 2.586092 -6.346129
vn 0.9920 -0.0539 -0.1144
vn -0.0000 0.5484 0.8362
vn -0.0000 1.0000 -0.0000
vn -0.0000 -1.0000 -0.0000
vn -0.9920 -0.0539 -0.1144
vt 0.843891 0.514757
vt 0.878178 0.514757
vt 0.928849 0.612289
vt 0.907847 0.612289
vt 0.005559 0.992233
vt 0.005487 0.989511
vt 0.005737 0.989511
vt 0.005665 0.992233
vt 0.005612 0.992233
vt 0.005612 0.989511
vt 0.477368 0.610460
vt 0.511655 0.610460
vt 0.447699 0.707992
vt 0.426697 0.707992
s 1
usemtl マテリアル.001
f 7638/2622/2031 7639/2623/2031 7641/2624/2031 7640/2625/2031
f 7645/2626/2032 7643/2627/2032 7642/2628/2032 7646/2629/2032
f 7647/2630/2033 7645/2626/2033 7646/2629/2033
f 7644/2631/2034 7642/2628/2034 7643/2627/2034
f 7649/2632/2035 7648/2633/2035 7650/2634/2035 7651/2635/2035
l 7650 7652
l 7638 7652
o stick
v -0.379079 0.571193 5.091400
v -0.379079 0.596656 5.085474
v -0.379079 0.571898 5.074968
v -0.379079 0.591152 5.060010
v -0.361715 0.571193 5.091400
v -0.361715 0.596656 5.085474
v -0.361715 0.571898 5.074968
v -0.361715 0.591152 5.060010
v -0.379079 0.579409 5.084204
v -0.379079 0.576163 5.060575
v -0.361715 0.576163 5.060575
v -0.361715 0.579409 5.084204
v -0.361715 0.587821 5.083004
v -0.361715 0.584504 5.060010
v -0.379079 0.584504 5.060010
v -0.379079 0.587821 5.083004
v -0.359042 0.459681 5.000805
v -0.344043 0.459681 5.015804
v -0.344043 0.459681 5.037017
v -0.359042 0.459681 5.052016
v -0.380255 0.459681 5.052016
v -0.395254 0.459681 5.037017
v -0.395254 0.459681 5.015804
v -0.380255 0.459681 5.000805
v -0.357043 0.472604 4.995979
v -0.339217 0.472604 5.013805
v -0.339217 0.472604 5.039016
v -0.357043 0.472604 5.056842
v -0.382254 0.472604 5.056842
v -0.400080 0.472604 5.039016
v -0.400080 0.472604 5.013805
v -0.382254 0.472604 4.995979
v -0.360012 0.481958 5.003146
v -0.346384 0.481958 5.013361
v -0.346384 0.481958 5.039851
v -0.360012 0.481958 5.049675
v -0.379285 0.481958 5.049675
v -0.392913 0.481958 5.039948
v -0.392913 0.481958 5.013361
v -0.379285 0.481958 5.003146
v -0.353676 0.472818 5.065435
v -0.353676 0.481899 5.065435
v -0.327675 0.481899 5.039434
v -0.327675 0.472818 5.039434
v -0.327675 0.472818 5.002663
v -0.327675 0.481899 5.002663
v -0.353676 0.481899 4.976662
v -0.353676 0.472818 4.976662
v -0.390447 0.481899 4.976662
v -0.390447 0.472818 4.976662
v -0.416448 0.472818 5.002663
v -0.416448 0.481899 5.002663
v -0.416448 0.481899 5.039434
v -0.416448 0.472818 5.039434
v -0.390447 0.472818 5.065435
v -0.390447 0.481899 5.065435
v -0.348655 0.488162 5.013421
v -0.358846 0.488162 5.003293
v -0.348654 0.488162 5.039791
v -0.360953 0.488162 5.049529
v -0.378345 0.488162 5.049529
v -0.390643 0.488162 5.039888
v -0.390643 0.488162 5.013421
v -0.380451 0.488162 5.003293
v -0.350444 0.532379 5.012974
v -0.359009 0.535012 5.004283
v -0.350444 0.528655 5.042637
v -0.361694 0.526022 5.050938
v -0.377604 0.526022 5.050938
v -0.388854 0.528655 5.042734
v -0.388854 0.532379 5.012974
v -0.380289 0.535012 5.004283
v -0.339217 0.459681 5.013805
v -0.357043 0.459681 4.995979
v -0.339217 0.459681 5.039016
v -0.357043 0.459681 5.056842
v -0.382254 0.459681 5.056842
v -0.400080 0.459681 5.039016
v -0.400080 0.459681 5.013805
v -0.382254 0.459681 4.995979
v -0.360070 0.455210 5.003285
v -0.346523 0.455210 5.016832
v -0.346523 0.455210 5.035990
v -0.360070 0.455210 5.049536
v -0.379228 0.455210 5.049536
v -0.392774 0.455210 5.035990
v -0.392774 0.455210 5.016832
v -0.379228 0.455210 5.003285
v -0.360903 0.436279 5.004962
v -0.348535 0.436446 5.017329
v -0.348535 0.436681 5.034819
v -0.360903 0.436848 5.047186
v -0.378394 0.436848 5.047186
v -0.390763 0.436681 5.034819
v -0.390763 0.436446 5.017329
v -0.378394 0.436279 5.004962
v -0.350444 0.576202 5.023714
v -0.357677 0.581223 5.016778
v -0.350444 0.567108 5.045314
v -0.361694 0.563590 5.053493
v -0.377604 0.563590 5.053493
v -0.388854 0.567108 5.045314
v -0.388854 0.576202 5.023714
v -0.383083 0.581223 5.016778
v -0.350444 0.593859 5.034773
v -0.354120 0.600352 5.027127
v -0.350444 0.578040 5.056754
v -0.361694 0.571526 5.064653
v -0.377604 0.571526 5.064653
v -0.388854 0.578040 5.056754
v -0.388854 0.593859 5.034773
v -0.385360 0.600152 5.027403
v -0.331140 0.606802 5.040679
v -0.335096 0.612332 5.035628
v -0.331140 0.587008 5.064245
v -0.342390 0.580851 5.070916
v -0.386429 0.598641 5.109848
v -0.397679 0.604281 5.109247
v -0.395972 0.637552 5.062543
v -0.392479 0.641025 5.057220
v -0.391843 0.609990 5.035036
v -0.395342 0.604474 5.040070
v -0.395342 0.584679 5.063635
v -0.384092 0.579228 5.069601
v -0.329969 0.638017 5.061047
v -0.333919 0.641166 5.056170
v -0.329969 0.604746 5.107750
v -0.341219 0.598635 5.108352
v -0.393003 0.626433 5.046656
v -0.385261 0.595491 5.087530
v -0.396511 0.621501 5.051063
v -0.396511 0.600454 5.080832
v -0.341805 0.595594 5.087675
v -0.330555 0.601851 5.080389
v -0.330555 0.622897 5.050619
v -0.334497 0.627685 5.046412
v -0.393290 0.656328 5.076198
v -0.389798 0.659856 5.070798
v -0.329969 0.651875 5.072670
v -0.333946 0.655774 5.066759
v -0.383345 0.660533 5.082609
v -0.339431 0.655924 5.078908
v -0.329969 0.619620 5.118723
v -0.339582 0.623403 5.123530
v -0.394631 0.621594 5.122902
v -0.383544 0.625689 5.126311
v -0.374847 0.594992 5.127064
v -0.387316 0.599901 5.126462
v -0.339926 0.600366 5.124966
v -0.351176 0.594725 5.125567
v -0.374732 0.605380 5.139482
v -0.385983 0.611109 5.135697
v -0.339926 0.609623 5.132981
v -0.351176 0.605845 5.137985
v -0.374732 0.615879 5.138974
v -0.351176 0.613634 5.137431
v -0.337251 0.559052 5.048237
v -0.328331 0.552470 5.042320
v -0.328331 0.552470 5.028628
v -0.337251 0.559052 5.022712
v -0.355217 0.572370 5.022712
v -0.355217 0.572370 5.048237
v -0.365992 0.522949 5.048237
v -0.357073 0.516367 5.042320
v -0.357073 0.516367 5.028628
v -0.365992 0.522949 5.022712
v -0.383959 0.536267 5.022712
v -0.383959 0.536267 5.048237
v -0.371325 0.655314 5.069343
v -0.363383 0.648809 5.064787
v -0.363383 0.639609 5.058346
v -0.371325 0.633104 5.053791
v -0.382556 0.633104 5.053791
v -0.390497 0.639609 5.058346
v -0.390497 0.648809 5.064787
v -0.382556 0.655314 5.069343
v -0.365264 0.649980 5.061757
v -0.372104 0.655583 5.065680
v -0.365264 0.642057 5.056209
v -0.372104 0.636454 5.052285
v -0.381777 0.636454 5.052285
v -0.388617 0.642057 5.056209
v -0.388617 0.649980 5.061757
v -0.381777 0.655583 5.065680
v -0.363383 0.650618 5.062203
v -0.371325 0.657124 5.066759
v -0.363383 0.641418 5.055762
v -0.371325 0.634913 5.051207
v -0.382556 0.634913 5.051207
v -0.390497 0.641419 5.055762
v -0.390497 0.650618 5.062203
v -0.382556 0.657124 5.066759
v -0.373514 0.652632 5.052012
v -0.375521 0.654276 5.053163
v -0.373514 0.650307 5.050384
v -0.375521 0.648663 5.049233
v -0.378359 0.648663 5.049233
v -0.380366 0.650307 5.050384
v -0.380366 0.652632 5.052012
v -0.378359 0.654276 5.053163
v -0.371908 0.629037 5.049708
v -0.365632 0.623896 5.046109
v -0.365632 0.616626 5.041018
v -0.371908 0.611485 5.037418
v -0.380783 0.611485 5.037418
v -0.387059 0.616626 5.041018
v -0.387059 0.623896 5.046109
v -0.380783 0.629037 5.049708
v -0.368441 0.624634 5.043027
v -0.373071 0.628427 5.045683
v -0.368441 0.619270 5.039271
v -0.373071 0.615477 5.036615
v -0.379620 0.615477 5.036615
v -0.384251 0.619270 5.039271
v -0.384251 0.624634 5.043027
v -0.379620 0.628427 5.045683
v -0.365632 0.625587 5.043694
v -0.371908 0.630728 5.047294
v -0.365632 0.618317 5.038603
v -0.371908 0.613176 5.035004
v -0.380783 0.613176 5.035004
v -0.387059 0.618317 5.038603
v -0.387059 0.625587 5.043694
v -0.380783 0.630728 5.047294
v -0.372446 0.625893 5.038337
v -0.374730 0.627764 5.039648
v -0.372446 0.623246 5.036484
v -0.374730 0.621375 5.035174
v -0.377961 0.621375 5.035174
v -0.380245 0.623246 5.036484
v -0.380245 0.625893 5.038337
v -0.377961 0.627764 5.039648
v -0.368441 0.626504 5.040356
v -0.373071 0.630298 5.043012
v -0.368441 0.621140 5.036600
v -0.373071 0.617347 5.033944
v -0.379620 0.617347 5.033944
v -0.384251 0.621140 5.036600
v -0.384251 0.626505 5.040356
v -0.379620 0.630298 5.043012
v -0.367411 0.623117 5.033032
v -0.367411 0.629180 5.037278
v -0.380047 0.618829 5.030030
v -0.372645 0.618829 5.030030
v -0.385281 0.629180 5.037278
v -0.385281 0.623117 5.033032
v -0.372645 0.633468 5.040280
v -0.380047 0.633468 5.040280
v -0.369126 0.623699 5.033440
v -0.369126 0.628598 5.036870
v -0.379336 0.620235 5.031014
v -0.373355 0.620235 5.031014
v -0.383565 0.628598 5.036870
v -0.383565 0.623699 5.033440
v -0.373355 0.632062 5.039296
v -0.379336 0.632062 5.039296
v -0.369959 0.625989 5.039995
v -0.373700 0.629054 5.042141
v -0.369959 0.621655 5.036960
v -0.373700 0.618590 5.034814
v -0.378991 0.618590 5.034814
v -0.382733 0.621655 5.036960
v -0.382733 0.625989 5.039995
v -0.378991 0.629054 5.042141
v -0.348282 0.652718 5.066139
v -0.339775 0.649831 5.064118
v -0.336251 0.642862 5.059238
v -0.339775 0.635893 5.054358
v -0.348282 0.633007 5.052337
v -0.356790 0.635893 5.054358
v -0.360314 0.642862 5.059238
v -0.356790 0.649831 5.064118
v -0.348282 0.651143 5.061656
v -0.342505 0.649183 5.060284
v -0.340112 0.644450 5.056970
v -0.342505 0.639718 5.053657
v -0.348282 0.637757 5.052284
v -0.354060 0.639718 5.053657
v -0.356453 0.644450 5.056970
v -0.354060 0.649183 5.060284
v -0.339775 0.651419 5.061850
v -0.348282 0.654306 5.063871
v -0.336251 0.644450 5.056970
v -0.339775 0.637481 5.052091
v -0.348282 0.634595 5.050069
v -0.356790 0.637481 5.052091
v -0.360314 0.644450 5.056970
v -0.356790 0.651419 5.061850
v -0.348282 0.655823 5.052813
v -0.343381 0.654160 5.051648
v -0.341351 0.650145 5.048837
v -0.343381 0.646131 5.046026
v -0.348282 0.644468 5.044861
v -0.353183 0.646131 5.046026
v -0.355213 0.650145 5.048837
v -0.353183 0.654160 5.051648
v -0.342505 0.654348 5.052907
v -0.348282 0.656309 5.054280
v -0.340112 0.649616 5.049593
v -0.342505 0.644883 5.046279
v -0.348282 0.642923 5.044907
v -0.354060 0.644883 5.046279
v -0.356453 0.649616 5.049593
v -0.354060 0.654348 5.052907
v -0.341348 0.626901 5.042941
v -0.346319 0.630972 5.045792
v -0.341348 0.621142 5.038909
v -0.346319 0.617070 5.036058
v -0.353348 0.617070 5.036058
v -0.358319 0.621142 5.038909
v -0.358319 0.626901 5.042941
v -0.353348 0.630972 5.045792
v -0.339890 0.625503 5.045990
v -0.345715 0.630275 5.049331
v -0.339890 0.618755 5.041265
v -0.345715 0.613984 5.037924
v -0.353952 0.613984 5.037924
v -0.359777 0.618755 5.041265
v -0.359777 0.625503 5.045990
v -0.353952 0.630275 5.049331
v -0.339890 0.627395 5.043288
v -0.345715 0.632167 5.046628
v -0.339890 0.620647 5.038563
v -0.345715 0.615876 5.035222
v -0.353952 0.615876 5.035222
v -0.359777 0.620647 5.038563
v -0.359777 0.627395 5.043288
v -0.353952 0.632167 5.046628
v -0.343398 0.628120 5.039719
v -0.347168 0.631208 5.041882
v -0.343398 0.623753 5.036661
v -0.347168 0.620665 5.034499
v -0.352499 0.620665 5.034499
v -0.356269 0.623753 5.036661
v -0.356269 0.628120 5.039719
v -0.352499 0.631208 5.041882
v -0.340168 0.560410 5.024985
v -0.346119 0.564627 5.028007
v -0.348584 0.566374 5.035301
v -0.346119 0.564627 5.042594
v -0.340168 0.560410 5.045616
v -0.334216 0.556193 5.042594
v -0.331751 0.554447 5.035301
v -0.334216 0.556193 5.028007
v -0.337336 0.564407 5.028077
v -0.341504 0.567360 5.030193
v -0.343230 0.568583 5.035301
v -0.341504 0.567360 5.040409
v -0.337336 0.564407 5.042524
v -0.333168 0.561453 5.040409
v -0.331442 0.560230 5.035301
v -0.333168 0.561453 5.030193
v -0.337066 0.564787 5.025270
v -0.342853 0.568888 5.028208
v -0.345250 0.570586 5.035301
v -0.342853 0.568888 5.042393
v -0.337066 0.564787 5.045331
v -0.331279 0.560687 5.042393
v -0.328882 0.558988 5.035301
v -0.331279 0.560687 5.028208
v -0.333067 0.570431 5.025270
v -0.338854 0.574531 5.028208
v -0.341251 0.576230 5.035301
v -0.338854 0.574531 5.042393
v -0.333067 0.570431 5.045331
v -0.327280 0.566330 5.042393
v -0.324883 0.564632 5.035301
v -0.327280 0.566330 5.028208
v -0.373030 0.615228 5.126338
v -0.373030 0.615228 5.121377
v -0.373030 0.611720 5.117869
v -0.373030 0.606759 5.117869
v -0.373030 0.603251 5.121377
v -0.373030 0.603251 5.126338
v -0.373030 0.606759 5.129847
v -0.373030 0.611720 5.129847
v -0.401284 0.615228 5.126338
v -0.401284 0.615228 5.121377
v -0.401284 0.611720 5.117869
v -0.401284 0.606759 5.117869
v -0.401284 0.603251 5.121377
v -0.401284 0.603251 5.126338
v -0.401284 0.606759 5.129847
v -0.401284 0.611720 5.129847
v -0.402311 0.614541 5.121662
v -0.402311 0.614541 5.126054
v -0.402311 0.611435 5.118556
v -0.402311 0.607043 5.118556
v -0.402311 0.603937 5.121662
v -0.402311 0.603937 5.126054
v -0.402311 0.607043 5.129160
v -0.402311 0.611435 5.129160
v -0.369649 0.436564 5.026074
vn -1.0000 -0.0000 -0.0000
vn -0.0000 -0.0000 -1.0000
vn -0.0000 -0.2692 0.9631
vn -0.0000 0.6589 0.7523
vn -0.0000 -0.0676 -0.9977
vn -0.0000 -0.9588 -0.2841
vn -0.0000 0.1412 0.9900
vn 1.0000 -0.0000 -0.0000
vn -0.0000 0.9774 -0.2113
vn -0.0000 -0.9991 -0.0429
vn -0.6184 -0.4851 -0.6183
vn 0.0028 1.0000 0.0027
vn 0.0030 1.0000 0.0003
vn 0.0014 1.0000 0.0034
vn -0.7071 -0.0000 -0.7071
vn -0.7071 -0.0000 0.7071
vn 0.7071 -0.0000 0.7071
vn 0.7071 -0.0000 -0.7071
vn -0.0000 -0.0000 1.0000
vn 0.5939 0.1668 0.7871
vn 0.0008 1.0000 -0.0021
vn 0.0009 1.0000 -0.0021
vn 0.0025 1.0000 -0.0010
vn 0.0024 1.0000 -0.0011
vn -0.0008 1.0000 -0.0020
vn -0.0023 1.0000 0.0022
vn -0.0025 1.0000 0.0003
vn -0.0020 1.0000 -0.0009
vn -0.0021 1.0000 0.0025
vn -0.0001 1.0000 0.0035
vn -0.0127 -0.9998 0.0127
vn -0.0129 -0.9999 0.0111
vn -0.0133 -0.9999 0.0011
vn -0.0082 -0.9999 -0.0076
vn -0.0128 -0.9999 -0.0007
vn -0.0039 -0.9999 -0.0094
vn 0.0105 -0.9999 -0.0089
vn 0.0175 -0.9998 -0.0014
vn 0.0185 -0.9998 -0.0000
vn -0.0000 -0.9997 0.0249
vn 0.0087 -0.9999 -0.0098
vn 0.0006 -0.9999 -0.0115
vn 0.0179 -0.9997 0.0179
vn -0.7095 0.0194 -0.7045
vn 0.6478 0.0703 -0.7585
vn -0.0000 0.0237 -0.9997
vn -0.0000 0.0223 -0.9998
vn -0.9391 0.3436 -0.0000
vn -0.0000 0.0235 0.9997
vn 0.9391 0.3437 -0.0000
vn -0.6478 0.0703 -0.7586
vn -0.5902 0.1658 0.7900
vn -0.0000 0.2610 -0.9653
vn -0.6055 -0.0237 0.7955
vn 0.6096 -0.0233 0.7924
vn 0.7095 0.0194 -0.7044
vn -0.0000 0.0211 -0.9998
vn -0.9991 0.0421 0.0028
vn -0.0000 -0.0372 0.9993
vn 0.9991 0.0421 0.0028
vn -0.0000 -1.0000 -0.0000
vn 0.9942 -0.1073 0.0007
vn -0.6184 -0.4850 0.6184
vn 0.6183 -0.4851 0.6184
vn 0.6183 -0.4851 -0.6183
vn -0.0000 -0.4851 -0.8745
vn -0.8745 -0.4851 -0.0000
vn -0.0000 -0.4850 0.8745
vn 0.8745 -0.4851 -0.0000
vn -0.0000 -0.9999 0.0134
vn -0.0000 -0.9999 0.0135
vn -0.7043 -0.0937 -0.7037
vn -0.7015 -0.1211 0.7023
vn 0.7015 -0.1211 0.7023
vn 0.7043 -0.0937 -0.7037
vn -0.0000 -0.0882 -0.9961
vn -0.9942 -0.1072 0.0007
vn -0.0000 -0.1270 0.9919
vn -0.6248 -0.5994 0.5004
vn -0.0000 -0.0679 0.9977
vn -0.7627 0.1393 -0.6315
vn -0.5974 -0.0540 0.8001
vn 0.5997 -0.0549 0.7983
vn 0.7323 0.1600 -0.6619
vn -0.0000 0.7715 0.6362
vn 0.6248 -0.5994 0.5004
vn 0.8534 0.1980 -0.4821
vn -0.0060 0.4828 -0.8757
vn -0.0000 -0.8150 0.5795
vn -0.8863 0.1941 -0.4205
vn 0.4497 -0.8896 -0.0792
vn 0.5513 -0.6572 -0.5139
vn 0.5456 -0.4197 -0.7254
vn -0.8781 0.2991 -0.3735
vn -0.9435 -0.3304 0.0239
vn -0.7284 -0.6815 0.0710
vn -0.9998 0.0054 -0.0185
vn -0.4508 -0.8869 0.1012
vn -0.7646 -0.6445 -0.0008
vn -0.2079 -0.6698 0.7128
vn -0.2858 -0.7687 0.5722
vn -0.7918 -0.6074 -0.0641
vn -0.8517 -0.4128 -0.3228
vn -0.8003 -0.1388 -0.5833
vn 0.5046 -0.8582 0.0937
vn 0.2003 -0.9790 0.0390
vn 0.2907 -0.9493 0.1196
vn 0.9995 -0.0246 -0.0181
vn 0.9995 -0.0261 -0.0185
vn 0.9996 -0.0235 -0.0177
vn 0.8338 0.2953 -0.4664
vn -0.8962 -0.3572 0.2629
vn -0.5828 -0.6193 0.5261
vn -0.8633 -0.4015 0.3059
vn -0.9985 -0.0429 -0.0329
vn -0.8836 0.2183 -0.4142
vn 0.8582 0.2595 -0.4429
vn 0.9996 -0.0230 -0.0176
vn 0.6354 -0.5853 0.5037
vn 0.3348 -0.7076 0.6223
vn 0.2936 -0.6934 0.6580
vn -0.0145 0.5999 -0.8000
vn -0.0151 0.5760 -0.8173
vn -0.0155 0.5757 -0.8175
vn -0.0157 0.5812 -0.8136
vn -0.0159 0.5866 -0.8097
vn -0.0158 0.5865 -0.8098
vn 0.8509 0.3237 -0.4138
vn -0.8712 0.3634 -0.3302
vn 0.0838 0.9958 -0.0378
vn 0.5009 0.8382 0.2158
vn -0.4987 0.8372 0.2245
vn 0.5571 0.6753 0.4833
vn -0.5122 0.6848 0.5183
vn -0.9917 0.1173 0.0530
vn 0.1065 0.7904 0.6033
vn 0.4646 -0.8838 0.0559
vn -0.1995 -0.9797 0.0216
vn -0.1364 -0.9810 -0.1378
vn -0.6280 -0.6668 0.4011
vn -0.7428 -0.6006 0.2957
vn 0.4271 -0.6403 0.6385
vn -0.1669 -0.7190 0.6747
vn -0.1917 -0.7124 0.6751
vn -0.6777 -0.4501 0.5815
vn 0.8604 -0.3151 0.4005
vn -0.8696 -0.2208 0.4416
vn 0.3872 0.0654 0.9197
vn -0.0866 0.0538 0.9948
vn -0.2087 0.2107 0.9550
vn -0.4041 0.4044 0.8204
vn -0.4305 0.5384 0.7244
vn 0.4995 0.4815 0.7202
vn 0.0917 0.7970 0.5970
vn 0.0664 0.0578 0.9961
vn 0.0446 -0.7553 0.6539
vn -0.0132 -0.9768 -0.2138
vn 0.0033 -0.9898 0.1426
vn 0.0037 -0.7455 0.6665
vn -0.0036 -0.5480 0.8365
vn 0.5937 0.8047 -0.0000
vn 0.5939 0.8045 -0.0005
vn 0.5939 0.8045 0.0005
vn 0.5955 0.8033 -0.0000
vn -0.5938 -0.8046 -0.0000
vn -0.5942 -0.8043 -0.0004
vn -0.5941 -0.8044 0.0005
vn -0.5955 -0.8034 -0.0000
vn 0.7823 -0.6228 -0.0000
vn -0.7824 0.6228 -0.0000
vn 0.3685 -0.2934 -0.8821
vn 0.3686 -0.2934 0.8821
vn -0.0000 -0.5736 0.8192
vn -0.0000 -0.5735 0.8192
vn -0.0000 -0.5736 0.8191
vn -0.5339 -0.0613 -0.8433
vn -0.7071 -0.5792 -0.4056
vn 0.7071 -0.5793 -0.4056
vn 0.7072 0.5791 0.4055
vn -0.0000 0.8191 0.5737
vn -0.0000 -0.8192 -0.5735
vn -0.7069 0.5794 0.4057
vn -0.0002 0.5735 -0.8192
vn -0.0001 0.5736 -0.8192
vn -0.0001 0.5735 -0.8192
vn -0.0000 0.5736 -0.8191
vn -0.0000 0.5738 -0.8190
vn -0.0001 0.5734 -0.8193
vn -0.0000 0.5736 -0.8192
vn 0.0003 0.5735 -0.8192
vn 0.0002 0.5736 -0.8192
vn 0.5340 -0.0614 -0.8433
vn 0.5340 0.8134 -0.2307
vn -0.0000 0.9946 -0.1039
vn -0.7551 0.3760 -0.5370
vn -0.0000 -0.2425 -0.9701
vn 0.7552 0.3760 -0.5370
vn -0.5340 0.8134 -0.2307
vn -0.0000 0.8190 0.5738
vn -0.7071 0.5792 0.4056
vn 0.7071 -0.5792 -0.4056
vn 0.7071 0.5792 0.4057
vn -0.0000 0.8193 0.5734
vn -0.0000 -0.8190 -0.5738
vn -0.0001 0.5736 -0.8191
vn -0.0000 0.5735 -0.8192
vn 0.0001 0.5738 -0.8190
vn 0.0001 0.5736 -0.8191
vn -0.0000 -0.8192 -0.5736
vn -0.7070 0.5792 0.4057
vn 0.7072 -0.5792 -0.4055
vn 0.7071 0.5792 0.4056
vn -0.9239 -0.3135 -0.2194
vn -0.0001 0.5738 -0.8190
vn 0.9692 -0.1412 0.2016
vn -0.0002 0.5734 -0.8193
vn -0.0000 -0.6871 -0.7265
vn 0.3824 0.7568 0.5301
vn 0.0002 0.5736 -0.8191
vn -0.0000 0.5739 -0.8190
vn -0.0000 0.5737 -0.8191
vn -0.3829 0.7568 0.5298
vn -0.9796 0.1154 -0.1648
vn 0.9240 -0.3133 -0.2193
vn -0.0000 -0.9352 -0.3541
vn -0.3828 -0.7568 -0.5299
vn -0.0000 0.9177 0.3973
vn 0.9239 0.3135 0.2194
vn -0.9692 -0.1412 0.2016
vn -0.9238 0.3136 0.2196
vn 0.9796 0.1153 -0.1646
vn 0.3827 -0.7568 -0.5299
vn -0.0000 0.6529 0.7575
vn 0.3281 0.7769 -0.5374
vn 0.4641 0.5081 -0.7256
vn 0.3281 0.2394 -0.9138
vn -0.0000 0.1282 -0.9917
vn -0.3280 0.2394 -0.9138
vn -0.4639 0.5081 -0.7256
vn -0.3280 0.7769 -0.5375
vn -0.0000 0.8881 -0.4596
vn 0.9239 0.3135 0.2195
vn -0.9239 -0.3134 -0.2195
vn 0.3827 -0.7567 -0.5300
vn -0.9239 0.3135 0.2195
vn -0.3827 -0.7568 -0.5300
vn 0.9239 -0.3134 -0.2195
vn 0.3828 0.7568 0.5299
vn -0.3827 0.7568 0.5299
vn 0.0001 0.5736 -0.8192
vn -0.3826 -0.7568 -0.5299
vn 0.9239 -0.3135 -0.2195
vn 0.3827 0.7568 0.5299
vn -0.3826 0.7568 0.5299
vn -0.9239 -0.3135 -0.2195
vn 0.2403 0.9215 -0.3051
vn 0.5801 0.6432 -0.4998
vn 0.5802 0.2496 -0.7753
vn 0.2403 -0.0285 -0.9703
vn -0.2402 -0.0289 -0.9703
vn -0.5801 0.2497 -0.7754
vn -0.5800 0.6433 -0.4997
vn -0.2404 0.9215 -0.3052
vn -0.0000 0.9982 0.0602
vn -0.7071 0.5793 0.4056
vn -0.7071 -0.5793 -0.4056
vn 0.7071 0.5793 0.4055
vn -0.0005 0.8193 0.5734
vn 0.0005 0.8193 0.5734
vn -0.0000 -0.8191 -0.5736
vn -0.0000 0.5734 -0.8193
vn -0.0003 0.5731 -0.8195
vn 0.0003 0.5736 -0.8191
vn 0.0008 0.5733 -0.8193
vn 0.0004 0.5735 -0.8192
vn 0.0001 0.5735 -0.8192
vn 0.0003 0.5731 -0.8195
vn -0.0004 0.5735 -0.8192
vn -0.0007 0.5738 -0.8190
vn -0.0003 0.5736 -0.8191
vn -0.8522 0.3001 -0.4286
vn -0.0000 -0.3978 -0.9175
vn 0.8522 0.3001 -0.4286
vn -0.6026 0.7937 -0.0830
vn -0.6026 -0.1935 -0.7743
vn 0.6025 -0.1935 -0.7743
vn 0.6026 0.7937 -0.0830
vn -0.5781 -0.8159 -0.0000
vn -0.5781 -0.8159 -0.0001
vn -0.6243 -0.7639 -0.1636
vn 0.9425 -0.0504 -0.3305
vn 0.5609 0.2199 0.7981
vn -0.3600 0.8724 0.3306
vn 0.0214 0.6022 -0.7981
vn 0.5610 0.2199 -0.7981
vn 0.9424 -0.0504 0.3306
vn 0.0214 0.6021 0.7981
vn -0.3600 0.8724 -0.3306
vn 0.7538 -0.5341 -0.3826
vn -0.5137 -0.8423 -0.1636
vn -0.4357 -0.8976 0.0678
vn -0.6243 -0.7639 0.1636
vn -0.7025 -0.7084 -0.0678
vn -0.4354 -0.8977 -0.0678
vn -0.5138 -0.8422 0.1636
vn -0.7025 -0.7085 0.0678
vn 0.5781 0.8159 -0.0000
vn 0.5782 0.8159 -0.0000
vn 0.3122 -0.2213 0.9239
vn -0.7538 0.5341 0.3827
vn -0.3122 0.2213 -0.9239
vn 0.3122 -0.2213 -0.9239
vn 0.7538 -0.5341 0.3827
vn -0.3122 0.2212 0.9239
vn -0.7538 0.5342 -0.3826
vn -0.5553 -0.0000 0.8317
vn -0.0000 -0.7072 0.7070
vn -0.0000 -0.7071 -0.7071
vn -0.0000 0.7071 -0.7071
vn -0.0000 1.0000 -0.0000
vn -0.0000 0.7072 0.7070
vn -0.5555 -0.8315 -0.0000
vn -0.5561 -0.0000 -0.8311
vn -0.5553 0.8316 -0.0000
vn -0.5553 0.5880 0.5881
vn -0.5558 -0.5879 0.5878
vn -0.5556 -0.5879 -0.5879
vn -0.5555 0.5880 -0.5880
vn 0.0001 -0.9999 0.0134
vn -0.0000 0.8117 0.5841
vn 0.0002 0.7610 0.6488
vn 0.0009 0.7624 0.6471
vn 0.0006 0.7619 0.6476
vn -0.0000 0.7605 0.6493
vn -0.0000 -0.5737 0.8191
vn -0.0000 -0.5734 0.8193
vn -0.0001 -0.5735 0.8192
vn 0.0001 0.5737 -0.8190
vn -0.0000 0.5732 -0.8194
vn -0.0002 -0.5736 0.8191
vn 0.0001 -0.5735 0.8192
vn 0.0001 0.5733 -0.8193
vn 0.0001 -0.5736 0.8191
vn -0.0001 -0.5736 0.8191
vn -0.0002 0.5736 -0.8191
vn 0.0003 -0.5736 0.8192
vn -0.0002 0.5740 -0.8188
vn -0.5781 -0.8160 0.0001
vn -0.5780 -0.8160 -0.0000
vn -0.5782 -0.8159 -0.0001
vn 0.5781 0.8160 -0.0001
vn 0.5781 0.8160 -0.0000
vn 0.5780 0.8160 0.0001
vn 0.5782 0.8159 0.0001
vn 0.5782 0.8159 -0.0001
vt 0.039768 0.957970
vt 0.039768 0.957890
vt 0.039768 0.958719
vt 0.040334 0.958719
vt 0.040334 0.957970
vt 0.040334 0.957890
vt 0.039768 0.957931
vt 0.039768 0.958701
vt 0.040334 0.957697
vt 0.040334 0.957931
vt 0.039768 0.957697
vt 0.040334 0.958701
vt 0.039768 0.958232
vt 0.040334 0.958232
vt 0.174152 0.955575
vt 0.172865 0.959608
vt 0.075049 0.959608
vt 0.144574 0.959608
vt 0.143158 0.956841
vt 0.038575 0.956841
vt 0.038963 0.956841
vt 0.075669 0.956014
vt 0.073512 0.958687
vt 0.073512 0.958802
vt 0.072592 0.958411
vt 0.072558 0.958434
vt 0.073512 0.958526
vt 0.073512 0.958411
vt 0.072592 0.958526
vt 0.072592 0.958687
vt 0.072592 0.958802
vt 0.072558 0.958779
vt 0.072558 0.958678
vt 0.072558 0.958535
s 1
usemtl マテリアル.001
f 7668/2636/2036 7654/2637/2036 7656/2638/2036 7667/2638/2036
f 7667/2638/2037 7656/2638/2037 7660/2639/2037 7666/2639/2037
f 7665/2640/2038 7658/2641/2038 7654/2637/2038 7668/2636/2038
f 7661/2642/2036 7668/2636/2036 7667/2638/2036 7662/2643/2036
f 7657/2644/2039 7664/2645/2039 7661/2642/2039 7653/2646/2039
f 7662/2643/2040 7667/2638/2040 7666/2639/2040 7663/2647/2040
f 7655/2648/2041 7662/2643/2041 7663/2647/2041 7659/2649/2041
f 7653/2646/2036 7661/2642/2036 7662/2643/2036 7655/2648/2036
f 7664/2645/2042 7665/2640/2042 7668/2636/2042 7661/2642/2042
f 7659/2649/2043 7663/2647/2043 7664/2645/2043 7657/2644/2043
f 7660/2639/2044 7656/2638/2044 7654/2637/2044 7658/2641/2044
f 7655/2648/2045 7659/2649/2045 7657/2644/2045 7653/2646/2045
f 7666/2639/2043 7660/2639/2043 7658/2641/2043 7665/2640/2043
f 7663/2647/2043 7666/2639/2043 7665/2640/2043 7664/2645/2043
f 7676/2650/2046 7740/2650/2046 7739/2650/2046 7675/2650/2046
f 7695/2650/2047 7687/2650/2048 7688/2650/2049 7694/2650/2049
f 7731/2650/2050 7683/2650/2050 7684/2650/2050 7732/2650/2050
f 7729/2650/2051 7681/2650/2051 7682/2650/2051 7730/2650/2051
f 7727/2650/2052 7679/2650/2052 7680/2650/2052 7728/2650/2052
f 7726/2650/2053 7677/2650/2053 7678/2650/2053 7725/2650/2053
f 7732/2650/2037 7684/2650/2037 7677/2650/2037 7726/2650/2037
f 7730/2650/2036 7682/2650/2036 7683/2650/2036 7731/2650/2036
f 7728/2650/2054 7680/2650/2054 7681/2650/2054 7729/2650/2054
f 7725/2650/2043 7678/2650/2043 7679/2650/2043 7727/2650/2043
f 7687/2650/2055 7711/2650/2055 7712/2650/2055 7688/2650/2055
f 7699/2650/2056 7685/2650/2057 7686/2650/2058 7698/2650/2059
f 7701/2650/2060 7692/2650/2060 7685/2650/2057 7699/2650/2056
f 7705/2650/2061 7690/2650/2062 7691/2650/2063 7704/2650/2063
f 7694/2650/2049 7688/2650/2049 7689/2650/2064 7708/2650/2065
f 7698/2650/2059 7686/2650/2058 7687/2650/2048 7695/2650/2047
f 7704/2650/2063 7691/2650/2063 7692/2650/2060 7701/2650/2060
f 7708/2650/2065 7689/2650/2064 7690/2650/2062 7705/2650/2061
f 7681/2650/2066 7707/2650/2066 7706/2650/2067 7682/2650/2068
f 7707/2650/2051 7708/2650/2051 7705/2650/2051 7706/2650/2051
f 7683/2650/2069 7703/2650/2070 7702/2650/2071 7684/2650/2071
f 7703/2650/2050 7704/2650/2050 7701/2650/2050 7702/2650/2050
f 7678/2650/2072 7697/2650/2073 7696/2650/2074 7679/2650/2074
f 7697/2650/2043 7698/2650/2043 7695/2650/2043 7696/2650/2043
f 7680/2650/2075 7693/2650/2075 7707/2650/2075 7681/2650/2075
f 7693/2650/2054 7694/2650/2054 7708/2650/2054 7707/2650/2054
f 7682/2650/2068 7706/2650/2067 7703/2650/2070 7683/2650/2069
f 7706/2650/2036 7705/2650/2036 7704/2650/2036 7703/2650/2036
f 7684/2650/2071 7702/2650/2071 7700/2650/2076 7677/2650/2077
f 7702/2650/2037 7701/2650/2037 7699/2650/2037 7700/2650/2037
f 7677/2650/2077 7700/2650/2076 7697/2650/2073 7678/2650/2072
f 7700/2650/2053 7699/2650/2053 7698/2650/2053 7697/2650/2053
f 7679/2650/2078 7696/2650/2078 7693/2650/2078 7680/2650/2078
f 7696/2650/2052 7695/2650/2052 7694/2650/2052 7693/2650/2052
f 7715/2650/2079 7723/2650/2079 7724/2650/2079 7716/2650/2079
f 7685/2650/2080 7710/2650/2080 7709/2650/2080 7686/2650/2080
f 7692/2650/2081 7716/2650/2082 7710/2650/2082 7685/2650/2081
f 7690/2650/2083 7714/2650/2083 7715/2650/2083 7691/2650/2083
f 7688/2650/2084 7712/2650/2084 7713/2650/2084 7689/2650/2084
f 7686/2650/2085 7709/2650/2085 7711/2650/2085 7687/2650/2085
f 7691/2650/2086 7715/2650/2086 7716/2650/2086 7692/2650/2086
f 7689/2650/2087 7713/2650/2087 7714/2650/2087 7690/2650/2087
f 7724/2650/2088 7756/2650/2088 7750/2650/2088 7718/2650/2088
f 7713/2650/2089 7721/2650/2089 7722/2650/2089 7714/2650/2089
f 7711/2650/2090 7719/2650/2090 7720/2650/2090 7712/2650/2090
f 7710/2650/2091 7718/2650/2091 7717/2650/2091 7709/2650/2091
f 7716/2650/2082 7724/2650/2092 7718/2650/2092 7710/2650/2082
f 7714/2650/2093 7722/2650/2093 7723/2650/2093 7715/2650/2093
f 7712/2650/2094 7720/2650/2094 7721/2650/2094 7713/2650/2094
f 7709/2650/2095 7717/2650/2095 7719/2650/2095 7711/2650/2095
f 7669/2650/2096 7726/2650/2096 7725/2650/2096 7670/2650/2096
f 7670/2650/2096 7725/2650/2096 7727/2650/2096 7671/2650/2096
f 7671/2650/2096 7727/2650/2096 7728/2650/2096 7672/2650/2096
f 7672/2650/2096 7728/2650/2096 7729/2650/2096 7673/2650/2096
f 7673/2650/2096 7729/2650/2096 7730/2650/2096 7674/2650/2096
f 7674/2650/2096 7730/2650/2096 7731/2650/2096 7675/2650/2096
f 7675/2650/2096 7731/2650/2096 7732/2650/2096 7676/2650/2096
f 7676/2650/2096 7732/2650/2096 7726/2650/2096 7669/2650/2096
f 7735/2650/2097 7743/2650/2097 7742/2650/2097 7734/2650/2097
f 7674/2650/2098 7738/2650/2098 7737/2650/2098 7673/2650/2098
f 7672/2650/2099 7736/2650/2099 7735/2650/2099 7671/2650/2099
f 7670/2650/2100 7734/2650/2100 7733/2650/2100 7669/2650/2100
f 7669/2650/2101 7733/2650/2101 7740/2650/2101 7676/2650/2101
f 7675/2650/2102 7739/2650/2102 7738/2650/2102 7674/2650/2102
f 7673/2650/2103 7737/2650/2103 7736/2650/2103 7672/2650/2103
f 7671/2650/2104 7735/2650/2104 7734/2650/2104 7670/2650/2104
f 7747/2650/2105 7748/2650/2106 7741/2650/2106
f 7740/2650/2107 7748/2650/2107 7747/2650/2107 7739/2650/2107
f 7738/2650/2108 7746/2650/2108 7745/2650/2108 7737/2650/2108
f 7736/2650/2109 7744/2650/2109 7743/2650/2109 7735/2650/2109
f 7734/2650/2110 7742/2650/2110 7741/2650/2110 7733/2650/2110
f 7733/2650/2111 7741/2650/2111 7748/2650/2111 7740/2650/2111
f 7739/2650/2112 7747/2650/2112 7746/2650/2112 7738/2650/2112
f 7737/2650/2113 7745/2650/2113 7744/2650/2113 7736/2650/2113
f 7753/2650/2114 7761/2650/2114 7762/2650/2114 7754/2650/2114
f 7722/2650/2036 7754/2650/2036 7755/2650/2036 7723/2650/2036
f 7720/2650/2115 7752/2650/2115 7753/2650/2115 7721/2650/2115
f 7717/2650/2043 7749/2650/2043 7751/2650/2043 7719/2650/2043
f 7723/2650/2116 7755/2650/2116 7756/2650/2116 7724/2650/2116
f 7721/2650/2117 7753/2650/2117 7754/2650/2117 7722/2650/2117
f 7719/2650/2118 7751/2650/2118 7752/2650/2118 7720/2650/2118
f 7718/2650/2119 7750/2650/2119 7749/2650/2119 7717/2650/2119
f 7761/2650/2120 7760/2650/2120 7759/2650/2120
f 7751/2650/2121 7759/2650/2121 7760/2650/2121 7752/2650/2121
f 7750/2650/2122 7758/2650/2122 7757/2650/2122 7749/2650/2122
f 7756/2650/2123 7764/2650/2123 7758/2650/2123 7750/2650/2123
f 7754/2650/2036 7762/2650/2036 7763/2650/2036 7755/2650/2036
f 7752/2650/2124 7760/2650/2124 7761/2650/2124 7753/2650/2124
f 7749/2650/2043 7757/2650/2043 7759/2650/2043 7751/2650/2043
f 7755/2650/2125 7763/2650/2125 7764/2650/2125 7756/2650/2125
f 7759/2650/2126 7767/2650/2126 7768/2650/2126 7760/2650/2126
f 7757/2650/2127 7765/2650/2127 7767/2650/2127 7759/2650/2127
f 7758/2650/2128 7766/2650/2128 7765/2650/2128 7757/2650/2128
f 7783/2650/2129 7771/2650/2129 7772/2650/2129 7781/2650/2129
f 7784/2650/2130 7770/2650/2131 7771/2650/2132 7783/2650/2132
f 7784/2650/2130 7782/2650/2133 7769/2650/2133 7770/2650/2131
f 7762/2650/2134 7761/2650/2135 7776/2650/2136 7775/2650/2137
f 7762/2650/2134 7775/2650/2137 7774/2650/2138 7763/2650/2138
f 7763/2650/2139 7774/2650/2139 7773/2650/2139 7764/2650/2139
f 7786/2650/2140 7779/2650/2140 7780/2650/2141 7785/2650/2142
f 7787/2650/2143 7777/2650/2144 7779/2650/2144 7786/2650/2145
f 7788/2650/2146 7778/2650/2146 7777/2650/2146 7787/2650/2146
f 7775/2650/2147 7776/2650/2148 7782/2650/2148 7784/2650/2149
f 7775/2650/2147 7784/2650/2149 7783/2650/2150 7774/2650/2150
f 7774/2650/2151 7783/2650/2151 7781/2650/2151 7773/2650/2151
f 7766/2650/2152 7788/2650/2152 7787/2650/2152 7765/2650/2152
f 7765/2650/2153 7787/2650/2143 7786/2650/2145 7767/2650/2153
f 7767/2650/2154 7786/2650/2154 7785/2650/2155 7768/2650/2156
f 7766/2650/2157 7758/2650/2157 7764/2650/2157 7773/2650/2157
f 7788/2650/2158 7766/2650/2159 7773/2650/2159 7781/2650/2160
f 7781/2650/2160 7772/2650/2161 7778/2650/2161 7788/2650/2158
f 7778/2650/2161 7772/2650/2161 7790/2650/2162 7792/2650/2162
f 7777/2650/2163 7778/2650/2163 7792/2650/2163 7791/2650/2163
f 7772/2650/2164 7771/2650/2164 7789/2650/2164 7790/2650/2164
f 7792/2650/2165 7790/2650/2165 7793/2650/2165 7794/2650/2165
f 7791/2650/2166 7792/2650/2166 7794/2650/2166
f 7790/2650/2167 7789/2650/2167 7793/2650/2167
f 7791/2650/2168 7794/2650/2168 7796/2650/2168 7795/2650/2168
f 7777/2650/2043 7791/2650/2043 7795/2650/2043 7779/2650/2043
f 7793/2650/2169 7789/2650/2169 7797/2650/2169 7798/2650/2169
f 7789/2650/2170 7771/2650/2170 7770/2650/2170 7797/2650/2170
f 7793/2650/2171 7798/2650/2171 7796/2650/2171 7794/2650/2171
f 7780/2650/2172 7779/2650/2172 7801/2650/2172 7802/2650/2172
f 7769/2650/2173 7799/2650/2174 7800/2650/2175 7770/2650/2176
f 7802/2650/2177 7801/2650/2177 7805/2650/2177 7806/2650/2177
f 7799/2650/2178 7803/2650/2179 7804/2650/2180 7800/2650/2175
f 7795/2650/2181 7805/2650/2181 7801/2650/2181 7779/2650/2181
f 7797/2650/2182 7770/2650/2176 7800/2650/2175 7804/2650/2180
f 7806/2650/2183 7805/2650/2183 7808/2650/2183
f 7803/2650/2184 7807/2650/2185 7804/2650/2186
f 7798/2650/2187 7797/2650/2187 7804/2650/2186 7807/2650/2185
f 7795/2650/2188 7796/2650/2188 7808/2650/2188 7805/2650/2188
f 7796/2650/2189 7798/2650/2189 7807/2650/2189 7808/2650/2189
f 7806/2650/2190 7808/2650/2190 7807/2650/2185 7803/2650/2184
f 7802/2650/2191 7806/2650/2191 7803/2650/2179 7799/2650/2178
f 7780/2650/2141 7802/2650/2192 7799/2650/2174 7769/2650/2173
f 7769/2650/2173 7782/2650/2193 7785/2650/2142 7780/2650/2141
f 7782/2650/2194 7776/2650/2136 7768/2650/2156 7785/2650/2155
f 7776/2650/2136 7761/2650/2135 7760/2650/2195 7768/2650/2156
f 7810/2650/2196 7811/2650/2196 7812/2650/2197 7809/2650/2198
f 7813/2650/2199 7814/2650/2199 7809/2650/2198 7812/2650/2197
f 7816/2650/2200 7815/2650/2201 7818/2650/2202 7817/2650/2200
f 7819/2650/2203 7818/2650/2202 7815/2650/2201 7820/2650/2203
f 7810/2650/2204 7816/2650/2204 7817/2650/2204 7811/2650/2204
f 7813/2650/2205 7819/2650/2205 7820/2650/2205 7814/2650/2205
f 7814/2650/2054 7820/2650/2054 7815/2650/2054 7809/2650/2054
f 7811/2650/2206 7817/2650/2206 7818/2650/2206 7812/2650/2206
f 7809/2650/2207 7815/2650/2207 7816/2650/2207 7810/2650/2207
f 7812/2650/2037 7818/2650/2037 7819/2650/2037 7813/2650/2037
f 7824/2651/2208 7823/2651/2209 7827/2651/2210
f 7833/2652/2211 7834/2652/2211 7850/2652/2211 7849/2652/2211
f 7825/2651/2212 7826/2651/2212 7842/2651/2212 7841/2651/2212
f 7823/2651/2213 7824/2651/2213 7840/2651/2213 7839/2651/2213
f 7821/2651/2214 7822/2651/2214 7837/2651/2214 7838/2651/2214
f 7828/2651/2215 7821/2651/2215 7838/2651/2215 7844/2651/2215
f 7826/2651/2036 7827/2651/2036 7843/2651/2036 7842/2651/2036
f 7824/2651/2216 7825/2651/2216 7841/2651/2216 7840/2651/2216
f 7822/2651/2043 7823/2651/2043 7839/2651/2043 7837/2651/2043
f 7827/2651/2217 7828/2651/2217 7844/2651/2217 7843/2651/2217
f 7829/2651/2218 7830/2651/2219 7838/2651/2219 7837/2651/2218
f 7831/2651/2220 7829/2651/2218 7837/2651/2218 7839/2651/2220
f 7832/2651/2221 7831/2651/2220 7839/2651/2220 7840/2651/2222
f 7833/2651/2223 7832/2651/2221 7840/2651/2222 7841/2651/2222
f 7834/2651/2224 7833/2651/2223 7841/2651/2222 7842/2651/2224
f 7835/2651/2225 7834/2651/2224 7842/2651/2224 7843/2651/2225
f 7836/2651/2226 7835/2651/2225 7843/2651/2225 7844/2651/2226
f 7830/2651/2219 7836/2651/2226 7844/2651/2226 7838/2651/2219
f 7847/2652/2219 7849/2652/2224 7851/2652/2224
f 7831/2652/2227 7832/2652/2227 7848/2652/2227 7847/2652/2227
f 7830/2652/2228 7829/2652/2228 7845/2652/2228 7846/2652/2228
f 7836/2652/2229 7830/2652/2229 7846/2652/2229 7852/2652/2229
f 7834/2652/2230 7835/2652/2230 7851/2652/2230 7850/2652/2230
f 7832/2652/2231 7833/2652/2231 7849/2652/2231 7848/2652/2231
f 7829/2652/2232 7831/2652/2232 7847/2652/2232 7845/2652/2232
f 7835/2652/2233 7836/2652/2233 7852/2652/2233 7851/2652/2233
f 7857/2653/2210 7856/2653/2210 7855/2653/2210
f 7868/2653/2234 7862/2653/2234 7886/2653/2234 7892/2653/2234
f 7854/2653/2043 7855/2653/2043 7871/2653/2043 7869/2653/2043
f 7859/2653/2235 7860/2653/2235 7876/2653/2235 7875/2653/2235
f 7857/2653/2212 7858/2653/2212 7874/2653/2212 7873/2653/2212
f 7855/2653/2236 7856/2653/2236 7872/2653/2236 7871/2653/2236
f 7853/2653/2237 7854/2653/2237 7869/2653/2237 7870/2653/2237
f 7860/2653/2238 7853/2653/2238 7870/2653/2238 7876/2653/2238
f 7858/2653/2036 7859/2653/2036 7875/2653/2036 7874/2653/2036
f 7856/2653/2239 7857/2653/2239 7873/2653/2239 7872/2653/2239
f 7861/2653/2240 7862/2653/2221 7870/2653/2221 7869/2653/2240
f 7863/2653/2240 7861/2653/2240 7869/2653/2240 7871/2653/2240
f 7864/2653/2241 7863/2653/2240 7871/2653/2240 7872/2653/2241
f 7865/2653/2242 7864/2653/2241 7872/2653/2241 7873/2653/2241
f 7866/2653/2243 7865/2653/2242 7873/2653/2241 7874/2653/2243
f 7867/2653/2243 7866/2653/2243 7874/2653/2243 7875/2653/2243
f 7868/2653/2221 7867/2653/2243 7875/2653/2243 7876/2653/2221
f 7862/2653/2221 7868/2653/2221 7876/2653/2221 7870/2653/2221
f 7879/2653/2221 7881/2653/2241 7883/2653/2221
f 7866/2653/2036 7867/2653/2036 7891/2653/2036 7890/2653/2036
f 7864/2653/2244 7865/2653/2244 7889/2653/2244 7888/2653/2244
f 7861/2653/2043 7863/2653/2043 7887/2653/2043 7885/2653/2043
f 7867/2653/2245 7868/2653/2245 7892/2653/2245 7891/2653/2245
f 7865/2653/2212 7866/2653/2212 7890/2653/2212 7889/2653/2212
f 7863/2653/2246 7864/2653/2246 7888/2653/2246 7887/2653/2246
f 7862/2653/2247 7861/2653/2247 7885/2653/2247 7886/2653/2247
f 7909/2653/2221 7910/2653/2221 7886/2653/2221 7885/2653/2221
f 7916/2653/2248 7892/2653/2248 7900/2653/2248 7908/2653/2248
f 7912/2653/2249 7911/2653/2249 7887/2653/2249 7888/2653/2249
f 7885/2653/2250 7887/2653/2250 7893/2653/2250 7894/2653/2250
f 7914/2653/2251 7913/2653/2251 7889/2653/2251 7890/2653/2251
f 7910/2653/2252 7916/2653/2252 7908/2653/2252 7907/2653/2252
f 7916/2653/2241 7915/2653/2241 7891/2653/2241 7892/2653/2241
f 7891/2653/2253 7915/2653/2253 7905/2653/2253 7897/2653/2253
f 7901/2653/2254 7902/2653/2254 7894/2653/2254 7893/2653/2254
f 7903/2653/2255 7904/2653/2255 7896/2653/2255 7895/2653/2255
f 7905/2653/2221 7906/2653/2221 7898/2653/2221 7897/2653/2221
f 7907/2653/2256 7908/2653/2256 7900/2653/2256 7899/2653/2256
f 7909/2653/2257 7885/2653/2257 7894/2653/2257 7902/2653/2257
f 7911/2653/2258 7909/2653/2258 7902/2653/2258 7901/2653/2258
f 7886/2653/2259 7910/2653/2259 7907/2653/2259 7899/2653/2259
f 7888/2653/2260 7889/2653/2260 7895/2653/2260 7896/2653/2260
f 7887/2653/2261 7911/2653/2261 7901/2653/2261 7893/2653/2261
f 7913/2653/2262 7912/2653/2262 7904/2653/2262 7903/2653/2262
f 7912/2653/2263 7888/2653/2263 7896/2653/2263 7904/2653/2263
f 7890/2653/2264 7891/2653/2264 7897/2653/2264 7898/2653/2264
f 7889/2653/2265 7913/2653/2265 7903/2653/2265 7895/2653/2265
f 7915/2653/2266 7914/2653/2266 7906/2653/2266 7905/2653/2266
f 7914/2653/2267 7890/2653/2267 7898/2653/2267 7906/2653/2267
f 7892/2653/2268 7886/2653/2268 7899/2653/2268 7900/2653/2268
f 7877/2653/2269 7878/2653/2269 7910/2653/2269 7909/2653/2269
f 7879/2653/2270 7877/2653/2270 7909/2653/2270 7911/2653/2270
f 7880/2653/2271 7879/2653/2271 7911/2653/2271 7912/2653/2271
f 7881/2653/2272 7880/2653/2272 7912/2653/2272 7913/2653/2272
f 7882/2653/2273 7881/2653/2273 7913/2653/2273 7914/2653/2273
f 7883/2653/2274 7882/2653/2274 7914/2653/2274 7915/2653/2274
f 7884/2653/2275 7883/2653/2275 7915/2653/2275 7916/2653/2275
f 7878/2653/2276 7884/2653/2276 7916/2653/2276 7910/2653/2276
f 7923/2654/2210 7921/2654/2210 7919/2654/2210
f 7926/2655/2277 7927/2655/2277 7951/2656/2277 7949/2656/2277
f 7922/2654/2278 7923/2654/2278 7939/2654/2278 7938/2654/2278
f 7920/2654/2279 7921/2654/2279 7937/2654/2279 7936/2654/2279
f 7918/2654/2277 7919/2654/2277 7935/2654/2277 7933/2654/2277
f 7923/2654/2280 7924/2654/2280 7940/2654/2280 7939/2654/2280
f 7921/2654/2281 7922/2654/2281 7938/2654/2281 7937/2654/2281
f 7919/2654/2282 7920/2654/2282 7936/2654/2282 7935/2654/2282
f 7917/2654/2283 7918/2654/2283 7933/2654/2283 7934/2654/2283
f 7924/2654/2284 7917/2654/2284 7934/2654/2284 7940/2654/2284
f 7926/2654/2221 7925/2654/2221 7934/2654/2221 7933/2654/2221
f 7927/2654/2224 7926/2654/2221 7933/2654/2221 7935/2654/2224
f 7928/2654/2285 7927/2654/2224 7935/2654/2224 7936/2654/2285
f 7929/2654/2221 7928/2654/2285 7936/2654/2285 7937/2654/2221
f 7930/2654/2219 7929/2654/2221 7937/2654/2221 7938/2654/2219
f 7931/2654/2241 7930/2654/2219 7938/2654/2219 7939/2654/2241
f 7932/2654/2221 7931/2654/2241 7939/2654/2241 7940/2654/2221
f 7925/2654/2221 7932/2654/2221 7940/2654/2221 7934/2654/2221
f 7943/2656/2240 7945/2656/2256 7947/2656/2221
f 7931/2655/2280 7932/2655/2280 7956/2656/2280 7955/2656/2280
f 7929/2655/2286 7930/2655/2286 7954/2656/2286 7953/2656/2286
f 7927/2655/2287 7928/2655/2287 7952/2656/2287 7951/2656/2287
f 7925/2655/2288 7926/2655/2288 7949/2656/2288 7950/2656/2288
f 7932/2655/2289 7925/2655/2289 7950/2656/2289 7956/2656/2289
f 7930/2655/2290 7931/2655/2290 7955/2656/2290 7954/2656/2290
f 7928/2655/2267 7929/2655/2267 7953/2656/2267 7952/2656/2267
f 7942/2656/2291 7941/2656/2291 7950/2656/2291 7949/2656/2291
f 7943/2656/2292 7942/2656/2292 7949/2656/2292 7951/2656/2292
f 7944/2656/2293 7943/2656/2293 7951/2656/2293 7952/2656/2293
f 7945/2656/2294 7944/2656/2294 7952/2656/2294 7953/2656/2294
f 7946/2656/2295 7945/2656/2295 7953/2656/2295 7954/2656/2295
f 7947/2656/2296 7946/2656/2296 7954/2656/2296 7955/2656/2296
f 7948/2656/2297 7947/2656/2297 7955/2656/2297 7956/2656/2297
f 7941/2656/2298 7948/2656/2298 7956/2656/2298 7950/2656/2298
f 7958/2653/2299 7982/2653/2299 7988/2653/2299 7964/2653/2299
f 7972/2653/2210 7969/2653/2210 7966/2653/2208
f 7979/2653/2300 7971/2653/2300 7972/2653/2300 7980/2653/2300
f 7977/2653/2301 7969/2653/2301 7970/2653/2301 7978/2653/2301
f 7975/2653/2236 7967/2653/2236 7968/2653/2236 7976/2653/2236
f 7974/2653/2302 7966/2653/2302 7965/2653/2302 7973/2653/2302
f 7980/2653/2303 7972/2653/2304 7966/2653/2303 7974/2653/2304
f 7978/2653/2036 7970/2653/2036 7971/2653/2036 7979/2653/2036
f 7976/2653/2305 7968/2653/2305 7969/2653/2305 7977/2653/2305
f 7973/2653/2043 7965/2653/2043 7967/2653/2043 7975/2653/2043
f 7958/2653/2306 7974/2653/2307 7973/2653/2308 7957/2653/2308
f 7957/2653/2308 7973/2653/2308 7975/2653/2309 7959/2653/2310
f 7959/2653/2310 7975/2653/2309 7976/2653/2311 7960/2653/2312
f 7960/2653/2312 7976/2653/2311 7977/2653/2220 7961/2653/2220
f 7961/2653/2220 7977/2653/2220 7978/2653/2313 7962/2653/2313
f 7962/2653/2313 7978/2653/2313 7979/2653/2314 7963/2653/2315
f 7963/2653/2315 7979/2653/2314 7980/2653/2306 7964/2653/2306
f 7964/2653/2306 7980/2653/2306 7974/2653/2307 7958/2653/2306
f 7985/2653/2241 7983/2653/2221 7984/2653/2241
f 7963/2653/2316 7987/2653/2316 7986/2653/2316 7962/2653/2316
f 7961/2653/2317 7985/2653/2317 7984/2653/2317 7960/2653/2317
f 7959/2653/2318 7983/2653/2318 7981/2653/2318 7957/2653/2318
f 7964/2653/2319 7988/2653/2319 7987/2653/2319 7963/2653/2319
f 7962/2653/2320 7986/2653/2320 7985/2653/2320 7961/2653/2320
f 7960/2653/2321 7984/2653/2321 7983/2653/2321 7959/2653/2321
f 7957/2653/2322 7981/2653/2322 7982/2653/2322 7958/2653/2322
f 7995/2657/2323 7993/2657/2324 7991/2657/2323
f 7997/2657/2325 7998/2657/2325 8006/2657/2325 8005/2657/2325
f 7995/2657/2326 7996/2657/2326 8004/2657/2326 8003/2657/2326
f 7993/2657/2327 7994/2657/2327 8002/2657/2327 8001/2657/2327
f 7991/2657/2328 7992/2657/2328 8000/2657/2328 7999/2657/2328
f 7989/2657/2329 7990/2657/2329 7998/2657/2329 7997/2657/2329
f 7996/2657/2330 7989/2657/2330 7997/2657/2330 8004/2657/2330
f 7994/2657/2331 7995/2657/2331 8003/2657/2331 8002/2657/2331
f 7992/2657/2332 7993/2657/2332 8001/2657/2332 8000/2657/2332
f 7990/2657/2333 7991/2657/2333 7999/2657/2333 7998/2657/2333
f 8011/2657/2334 8012/2657/2334 8020/2657/2334 8019/2657/2334
f 8004/2657/2335 7997/2657/2335 8005/2657/2335 8012/2657/2335
f 8002/2657/2336 8003/2657/2336 8011/2657/2336 8010/2657/2336
f 8000/2657/2337 8001/2657/2337 8009/2657/2337 8008/2657/2337
f 7998/2657/2338 7999/2657/2338 8007/2657/2338 8006/2657/2338
f 8003/2657/2339 8004/2657/2339 8012/2657/2339 8011/2657/2339
f 8001/2657/2340 8002/2657/2340 8010/2657/2340 8009/2657/2340
f 7999/2657/2341 8000/2657/2341 8008/2657/2341 8007/2657/2341
f 8017/2657/2342 8019/2657/2343 8013/2657/2342
f 8009/2657/2344 8010/2657/2344 8018/2657/2344 8017/2657/2344
f 8007/2657/2345 8008/2657/2345 8016/2657/2345 8015/2657/2345
f 8005/2657/2346 8006/2657/2346 8014/2657/2346 8013/2657/2346
f 8012/2657/2347 8005/2657/2347 8013/2657/2347 8020/2657/2347
f 8010/2657/2348 8011/2657/2348 8019/2657/2348 8018/2657/2348
f 8008/2657/2349 8009/2657/2349 8017/2657/2349 8016/2657/2349
f 8006/2657/2350 8007/2657/2350 8015/2657/2350 8014/2657/2350
f 8025/2658/2043 8024/2659/2043 8023/2659/2043
f 8035/2660/2351 8036/2660/2351 8044/2661/2351 8043/2661/2351
f 8026/2662/2352 8027/2663/2352 8035/2660/2352 8034/2664/2352
f 8024/2659/2353 8025/2658/2353 8033/2665/2353 8032/2666/2353
f 8022/2658/2354 8023/2659/2354 8031/2666/2354 8030/2665/2354
f 8027/2663/2054 8028/2663/2054 8036/2660/2054 8035/2660/2054
f 8025/2658/2096 8026/2662/2096 8034/2664/2096 8033/2665/2096
f 8023/2659/2037 8024/2659/2037 8032/2666/2037 8031/2666/2037
f 8021/2662/2355 8022/2658/2355 8030/2665/2355 8029/2664/2355
f 8028/2663/2356 8021/2662/2356 8029/2664/2356 8036/2660/2356
f 8039/2667/2036 8041/2668/2036 8043/2661/2036
f 8033/2665/2357 8034/2664/2357 8042/2669/2357 8041/2668/2357
f 8031/2666/2358 8032/2666/2358 8040/2667/2358 8039/2667/2358
f 8029/2664/2359 8030/2665/2359 8037/2668/2359 8038/2669/2359
f 8036/2660/2360 8029/2664/2360 8038/2669/2360 8044/2661/2360
f 8034/2664/2361 8035/2660/2361 8043/2661/2361 8042/2669/2361
f 8032/2666/2362 8033/2665/2362 8041/2668/2362 8040/2667/2362
f 8030/2665/2363 8031/2666/2363 8039/2667/2363 8037/2668/2363
f 7741/2650/2106 7742/2650/2364 7743/2650/2106
f 7743/2650/2106 7744/2650/2106 7741/2650/2106
f 7744/2650/2106 7745/2650/2106 8045/2650/2106 7741/2650/2106
f 7745/2650/2106 7746/2650/2106 7741/2650/2106 8045/2650/2106
f 7746/2650/2106 7747/2650/2105 7741/2650/2106
f 7759/2650/2365 7757/2650/2365 7763/2650/2365
f 7757/2650/2366 7758/2650/2367 7764/2650/2368
f 7763/2650/2369 7757/2650/2366 7764/2650/2368
f 7763/2650/2365 7762/2650/2365 7759/2650/2365
f 7762/2650/2120 7761/2650/2120 7759/2650/2120
f 7823/2651/2209 7822/2651/2210 7827/2651/2210
f 7822/2651/2210 7821/2651/2370 7827/2651/2210
f 7821/2651/2370 7828/2651/2371 7827/2651/2210
f 7827/2651/2210 7826/2651/2372 7825/2651/2209
f 7825/2651/2209 7824/2651/2208 7827/2651/2210
f 7846/2652/2224 7845/2652/2373 7847/2652/2219
f 7847/2652/2219 7848/2652/2224 7849/2652/2224
f 7849/2652/2224 7850/2652/2240 7851/2652/2224
f 7851/2652/2224 7852/2652/2374 7846/2652/2224
f 7846/2652/2224 7847/2652/2219 7851/2652/2224
f 7855/2653/2210 7854/2653/2375 7853/2653/2208
f 7853/2653/2208 7860/2653/2376 7855/2653/2210
f 7860/2653/2376 7859/2653/2208 7855/2653/2210
f 7859/2653/2208 7858/2653/2210 7855/2653/2210
f 7858/2653/2210 7857/2653/2210 7855/2653/2210
f 7878/2653/2256 7877/2653/2219 7879/2653/2221
f 7879/2653/2221 7880/2653/2241 7881/2653/2241
f 7881/2653/2241 7882/2653/2377 7883/2653/2221
f 7883/2653/2221 7884/2653/2222 7878/2653/2256
f 7878/2653/2256 7879/2653/2221 7883/2653/2221
f 7919/2654/2210 7918/2654/2378 7917/2654/2208
f 7917/2654/2208 7924/2654/2210 7919/2654/2210
f 7924/2654/2210 7923/2654/2210 7919/2654/2210
f 7923/2654/2210 7922/2654/2379 7921/2654/2210
f 7921/2654/2210 7920/2654/2210 7919/2654/2210
f 7941/2656/2241 7942/2656/2308 7943/2656/2240
f 7943/2656/2240 7944/2656/2224 7945/2656/2256
f 7945/2656/2256 7946/2656/2241 7947/2656/2221
f 7947/2656/2221 7948/2656/2380 7941/2656/2241
f 7941/2656/2241 7943/2656/2240 7947/2656/2221
f 7966/2653/2208 7969/2653/2210 7965/2653/2208
f 7965/2653/2208 7969/2653/2210 7967/2653/2379
f 7967/2653/2379 7969/2653/2210 7968/2653/2210
f 7969/2653/2210 7971/2653/2378 7970/2653/2381
f 7971/2653/2378 7969/2653/2210 7972/2653/2210
f 7983/2653/2221 7982/2653/2221 7981/2653/2243
f 7982/2653/2221 7983/2653/2221 7988/2653/2382
f 7988/2653/2382 7983/2653/2221 7987/2653/2221
f 7987/2653/2221 7983/2653/2221 7986/2653/2224
f 7986/2653/2224 7983/2653/2221 7985/2653/2241
f 7991/2657/2323 7990/2657/2383 7989/2657/2383
f 7989/2657/2383 7996/2657/2384 7995/2657/2323
f 7995/2657/2323 7994/2657/2385 7993/2657/2324
f 7993/2657/2324 7992/2657/2324 7991/2657/2323
f 7991/2657/2323 7989/2657/2383 7995/2657/2323
f 8013/2657/2342 8014/2657/2386 8015/2657/2387
f 8015/2657/2387 8016/2657/2388 8017/2657/2342
f 8017/2657/2342 8018/2657/2389 8019/2657/2343
f 8019/2657/2343 8020/2657/2390 8013/2657/2342
f 8013/2657/2342 8015/2657/2387 8017/2657/2342
f 8023/2659/2043 8022/2658/2043 8027/2663/2043
f 8022/2658/2043 8021/2662/2043 8027/2663/2043
f 8021/2662/2043 8028/2663/2043 8027/2663/2043
f 8027/2663/2043 8026/2662/2043 8023/2659/2043
f 8026/2662/2043 8025/2658/2043 8023/2659/2043
f 8038/2669/2036 8037/2668/2036 8039/2667/2036
f 8039/2667/2036 8040/2667/2036 8041/2668/2036
f 8041/2668/2036 8042/2669/2036 8043/2661/2036
f 8043/2661/2036 8044/2661/2036 8038/2669/2036
f 8038/2669/2036 8039/2667/2036 8043/2661/2036
o tail_l
v 1.158554 0.240467 -4.444677
v 1.158554 0.172810 -6.177781
v 1.158554 0.198359 -7.105650
v 1.158554 0.182476 -4.666874
v 2.788636 0.239506 -5.896835
v 2.788636 0.208987 -6.678193
v 2.788636 0.220513 -7.096516
v 2.788636 0.213361 -5.997012
v 3.102628 0.234709 -6.156639
v 3.102628 0.218663 -6.784898
v 3.102628 0.224714 -6.841352
v 3.102628 0.220960 -6.256815
v 1.158554 0.240467 -4.444677
v 1.158554 0.172810 -6.177781
v 1.158554 0.288584 -4.821624
v 1.158554 0.198359 -7.105650
v 1.158554 0.182476 -4.666874
v 1.158554 0.261199 -6.205270
v 1.158554 0.240467 -4.444677
v 1.158554 0.288584 -4.821624
v 1.158554 0.198359 -7.105650
v 1.158554 0.261199 -6.205270
v 2.788636 0.239506 -5.896835
v 2.788636 0.261199 -6.066780
v 2.788636 0.220513 -7.096516
v 2.788636 0.248838 -6.690586
v 3.102628 0.234709 -6.156639
v 3.102628 0.246117 -6.326583
v 3.102628 0.224714 -6.841352
v 3.102628 0.239608 -6.797291
v 3.102628 0.234709 -6.156639
v 3.102628 0.218663 -6.784898
v 3.102628 0.246117 -6.326583
v 3.102628 0.224714 -6.841352
v 3.102628 0.220960 -6.256815
v 3.102628 0.239608 -6.797291
v 1.158554 0.219419 -5.775164
vn 0.0137 -0.9995 -0.0275
vn 0.0242 -0.9997 0.0064
vn 0.0247 -0.9997 0.0063
vn 0.0296 -0.9995 0.0057
vn 0.2190 -0.9441 0.2464
vn 0.0307 -0.9995 0.0055
vn 0.1637 -0.9675 0.1927
vn 0.0308 -0.9988 -0.0370
vn -1.0000 -0.0000 -0.0000
vn 0.9984 0.0571 -0.0000
vn 0.0306 0.9950 -0.0956
vn 0.1127 0.9856 0.1258
vn -0.0132 0.9975 -0.0696
vn 0.0017 0.9998 -0.0198
vn 0.0286 0.9994 -0.0172
vn 0.1110 0.9891 0.0963
vn 1.0000 -0.0000 -0.0000
vn 0.9911 -0.1333 -0.0000
vt 0.619736 0.796020
vt 0.695259 0.796443
vt 0.695259 0.815824
vt 0.619736 0.839009
vt 0.695259 0.847384
vt 0.619736 0.909010
vt 0.695259 0.852025
vt 0.619736 0.919305
vt 0.709806 0.810881
vt 0.709806 0.835347
vt 0.709806 0.839988
vt 0.709806 0.808265
vt 0.619736 0.901841
vt 0.933955 0.949153
vt 0.948502 0.954096
vt 0.948502 0.956138
vt 0.933955 0.967960
vt 0.858431 0.845098
vt 0.933955 0.912378
vt 0.933955 0.920251
vt 0.858431 0.862562
vt 0.858431 0.926668
vt 0.858431 0.968383
vt 0.948502 0.932288
vt 0.948502 0.924415
vt 0.948502 0.953522
vt 0.619736 0.837735
vt 0.948502 0.929056
vt 0.619736 0.857662
s 1
usemtl マテリアル.001
f 8048/2670/2391 8052/2671/2391 8051/2672/2391 8047/2673/2391
f 8047/2673/2392 8051/2672/2393 8053/2674/2394 8049/2675/2392
f 8049/2675/2395 8053/2674/2395 8050/2676/2395 8046/2677/2395
f 8051/2672/2393 8055/2678/2396 8057/2679/2396 8053/2674/2394
f 8053/2674/2397 8057/2679/2397 8054/2680/2397 8050/2676/2397
f 8052/2671/2398 8056/2681/2398 8055/2678/2398 8051/2672/2398
f 8059/2673/2399 8062/2675/2399 8060/2682/2400
f 8071/2683/2401 8075/2684/2401 8074/2685/2401 8070/2686/2401
f 8064/2687/2402 8068/2688/2402 8069/2689/2402 8065/2690/2402
f 8067/2691/2403 8071/2683/2403 8070/2686/2403 8066/2692/2403
f 8065/2690/2404 8069/2689/2404 8071/2683/2404 8067/2691/2404
f 8069/2689/2405 8073/2693/2405 8075/2684/2405 8071/2683/2405
f 8068/2688/2406 8072/2694/2406 8073/2693/2406 8069/2689/2406
f 8077/2695/2407 8079/2685/2407 8081/2684/2407
f 8058/2677/2399 8060/2682/2400 8062/2675/2399
f 8060/2682/2400 8063/2696/2408 8059/2673/2399
f 8063/2696/2408 8061/2670/2399 8059/2673/2399
f 8081/2684/2407 8078/2693/2407 8077/2695/2407
f 8078/2693/2407 8076/2694/2407 8080/2697/2407
f 8077/2695/2407 8078/2693/2407 8080/2697/2407
f 8082/2698/2407 8061/2670/2399 8063/2696/2408
f 8063/2696/2408 8060/2682/2400 8082/2698/2407
f 8060/2682/2400 8058/2677/2399 8082/2698/2407
o tail_r
v -1.158554 0.240467 -4.444677
v -1.158554 0.172810 -6.177781
v -1.158554 0.198359 -7.105650
v -1.158554 0.182476 -4.666874
v -2.788636 0.239506 -5.896835
v -2.788636 0.208987 -6.678193
v -2.788636 0.220513 -7.096516
v -2.788636 0.213361 -5.997012
v -3.102628 0.234709 -6.156639
v -3.102628 0.218663 -6.784898
v -3.102628 0.224714 -6.841352
v -3.102628 0.220960 -6.256815
v -1.158554 0.240467 -4.444677
v -1.158554 0.172810 -6.177781
v -1.158554 0.288584 -4.821624
v -1.158554 0.198359 -7.105650
v -1.158554 0.182476 -4.666874
v -1.158554 0.261199 -6.205270
v -1.158554 0.240467 -4.444677
v -1.158554 0.288584 -4.821624
v -1.158554 0.198359 -7.105650
v -1.158554 0.261199 -6.205270
v -2.788636 0.239506 -5.896835
v -2.788636 0.261199 -6.066780
v -2.788636 0.220513 -7.096516
v -2.788636 0.248838 -6.690586
v -3.102628 0.234709 -6.156639
v -3.102628 0.246117 -6.326583
v -3.102628 0.224714 -6.841352
v -3.102628 0.239608 -6.797291
v -3.102628 0.234709 -6.156639
v -3.102628 0.218663 -6.784898
v -3.102628 0.246117 -6.326583
v -3.102628 0.224714 -6.841352
v -3.102628 0.220960 -6.256815
v -3.102628 0.239608 -6.797291
vn -0.0137 -0.9995 -0.0275
vn -0.0242 -0.9997 0.0064
vn -0.0296 -0.9995 0.0057
vn -0.0247 -0.9997 0.0063
vn -0.2190 -0.9441 0.2464
vn -0.0307 -0.9995 0.0055
vn -0.1637 -0.9675 0.1927
vn -0.0308 -0.9988 -0.0370
vn 1.0000 -0.0000 -0.0000
vn -0.0306 0.9950 -0.0956
vn -0.1127 0.9856 0.1258
vn 0.0132 0.9975 -0.0696
vn -0.0017 0.9998 -0.0198
vn -0.0286 0.9994 -0.0172
vn -0.1110 0.9891 0.0963
vn -1.0000 -0.0000 -0.0000
vt 0.554237 0.796020
vt 0.554237 0.839009
vt 0.478714 0.815824
vt 0.478714 0.796443
vt 0.554237 0.909010
vt 0.478714 0.847384
vt 0.554237 0.919305
vt 0.478714 0.852025
vt 0.464166 0.835347
vt 0.464166 0.810881
vt 0.464166 0.839988
vt 0.464166 0.808265
vt 0.554237 0.837735
vt 0.717410 0.949153
vt 0.717410 0.967960
vt 0.702862 0.956138
vt 0.702862 0.954096
vt 0.792933 0.845098
vt 0.792933 0.862562
vt 0.717410 0.920251
vt 0.717410 0.912378
vt 0.792933 0.926668
vt 0.792933 0.968383
vt 0.702862 0.932288
vt 0.702862 0.924415
vt 0.702862 0.953522
vt 0.702862 0.929056
vt 0.554237 0.901841
s 1
usemtl マテリアル.001
f 8085/2699/2409 8084/2700/2409 8088/2701/2409 8089/2702/2409
f 8084/2700/2410 8086/2703/2410 8090/2704/2411 8088/2701/2412
f 8086/2703/2413 8083/2705/2413 8087/2706/2413 8090/2704/2413
f 8088/2701/2412 8090/2704/2411 8094/2707/2414 8092/2708/2414
f 8090/2704/2415 8087/2706/2415 8091/2709/2415 8094/2707/2415
f 8089/2702/2416 8088/2701/2416 8092/2708/2416 8093/2710/2416
f 8096/2700/2417 8098/2699/2417 8100/2711/2417
f 8108/2712/2418 8107/2713/2418 8111/2714/2418 8112/2715/2418
f 8101/2716/2419 8102/2717/2419 8106/2718/2419 8105/2719/2419
f 8104/2720/2420 8103/2721/2420 8107/2713/2420 8108/2712/2420
f 8102/2717/2421 8104/2720/2421 8108/2712/2421 8106/2718/2421
f 8106/2718/2422 8108/2712/2422 8112/2715/2422 8110/2722/2422
f 8105/2719/2423 8106/2718/2423 8110/2722/2423 8109/2723/2423
f 8114/2724/2424 8117/2725/2424 8115/2722/2424
f 8100/2711/2417 8097/2726/2417 8096/2700/2417
f 8097/2726/2417 8095/2705/2417 8099/2703/2417
f 8096/2700/2417 8097/2726/2417 8099/2703/2417
f 8113/2723/2424 8115/2722/2424 8117/2725/2424
f 8115/2722/2424 8118/2715/2424 8114/2724/2424
f 8118/2715/2424 8116/2714/2424 8114/2724/2424
o translucent
v 0.077556 1.190629 2.058875
v 0.191698 1.175320 2.353434
v 0.000000 1.201138 1.967128
v 0.301413 1.112405 2.991457
v 0.337833 1.064542 3.295665
v 0.300459 1.214363 3.230978
v 0.170642 1.402181 3.150272
v 0.000000 1.445385 3.125511
v 0.000000 1.385728 2.782533
v 0.262016 1.213223 2.920798
v 0.141773 1.349231 2.811786
v -0.077556 1.190629 2.058875
v -0.191698 1.175320 2.353434
v -0.301413 1.112405 2.991457
v -0.337833 1.064542 3.295665
v -0.300459 1.214363 3.230978
v -0.170642 1.402181 3.150272
v -0.262016 1.213223 2.920798
v -0.141773 1.349231 2.811786
vn 0.3167 0.9238 -0.2151
vn 0.7269 0.6646 -0.1730
vn 0.9514 0.2762 -0.1364
vn 0.8204 0.5565 -0.1315
vn 0.9652 0.2421 -0.0992
vn 0.2709 0.9478 -0.1681
vn -0.3167 0.9238 -0.2151
vn -0.7269 0.6646 -0.1730
vn -0.9514 0.2762 -0.1364
vn -0.8204 0.5565 -0.1315
vn -0.9652 0.2421 -0.0992
vn -0.2709 0.9478 -0.1681
vt 0.008120 0.978149
vt 0.008120 0.974371
vt 0.008777 0.974235
vt 0.008479 0.977724
vt 0.009334 0.973730
vt 0.009008 0.976359
vt 0.009516 0.973403
vt 0.008910 0.972667
vt 0.009512 0.972293
vt 0.009685 0.971994
vt 0.008120 0.972782
s 1
usemtl マテリアル.001
f 8121/2727/2425 8127/2728/2425 8129/2729/2425 8119/2730/2425
f 8119/2730/2426 8129/2729/2426 8128/2731/2426 8120/2732/2426
f 8120/2732/2427 8128/2731/2427 8122/2733/2427
f 8128/2731/2428 8129/2729/2428 8125/2734/2428 8124/2735/2428
f 8122/2733/2429 8128/2731/2429 8124/2735/2429 8123/2736/2429
f 8129/2729/2430 8127/2728/2430 8126/2737/2430 8125/2734/2430
f 8121/2727/2431 8130/2730/2431 8137/2729/2431 8127/2728/2431
f 8130/2730/2432 8131/2732/2432 8136/2731/2432 8137/2729/2432
f 8131/2732/2433 8132/2733/2433 8136/2731/2433
f 8136/2731/2434 8134/2735/2434 8135/2734/2434 8137/2729/2434
f 8132/2733/2435 8133/2736/2435 8134/2735/2435 8136/2731/2435
f 8137/2729/2436 8135/2734/2436 8126/2737/2436 8127/2728/2436
o translucent_canopy
v 0.442352 0.937697 3.939010
v 0.000000 1.476517 3.319892
v 0.341186 1.262492 3.414624
v 0.188450 1.421741 3.343654
v 0.357181 1.087596 3.488605
v 0.000000 0.877028 5.733424
v 0.278854 0.828003 5.573788
v 0.162693 0.844208 5.686451
v 0.385684 0.831860 5.094194
v 0.000000 1.525548 4.215985
v 0.000000 1.192618 5.304769
v 0.179864 1.478091 4.216168
v 0.171278 1.152480 5.281374
v 0.322953 1.382635 4.238647
v 0.297087 1.112760 5.236282
v 0.000000 1.433655 4.766567
v 0.175571 1.389858 4.754961
v 0.313836 1.326298 4.664793
v 0.000000 1.525454 3.703831
v 0.184157 1.474338 3.715803
v 0.332069 1.346985 3.772068
v 0.424243 0.875193 4.621231
v 0.412990 1.154873 4.421975
v 0.358849 1.043908 5.172300
v 0.417485 1.209398 3.845539
v -0.442352 0.937697 3.939010
v -0.341186 1.262492 3.414624
v -0.188450 1.421741 3.343654
v -0.357181 1.087596 3.488605
v -0.278854 0.828003 5.573788
v -0.162693 0.844208 5.686451
v -0.385684 0.831860 5.094194
v -0.179864 1.478091 4.216168
v -0.171278 1.152480 5.281374
v -0.322953 1.382635 4.238647
v -0.297087 1.112760 5.236282
v -0.175571 1.389858 4.754961
v -0.313836 1.326298 4.664793
v -0.184157 1.474338 3.715803
v -0.332069 1.346985 3.772068
v -0.424243 0.875193 4.621231
v -0.412990 1.154873 4.421975
v -0.358849 1.043908 5.172300
v -0.417485 1.209398 3.845539
vn 0.2884 0.7652 0.5756
vn 0.5104 0.6629 0.5478
vn 0.6118 0.7907 -0.0237
vn 0.4883 0.8039 0.3395
vn 0.2615 0.9652 -0.0026
vn 0.2535 0.8820 0.3974
vn 0.2503 0.9550 0.1589
vn 0.5119 0.8485 0.1342
vn 0.2824 0.9510 -0.1261
vn 0.7108 0.6936 -0.1173
vn 0.9839 0.0294 -0.1763
vn 0.8958 0.4441 0.0197
vn 0.9054 0.4180 0.0746
vn 0.9913 0.0983 0.0875
vn 0.8357 0.3967 0.3798
vn 0.8991 0.4115 0.1493
vn 0.9751 0.0433 0.2176
vn 0.9593 0.2454 -0.1396
vn 0.9966 0.0787 0.0252
vn -0.2884 0.7652 0.5756
vn -0.5104 0.6629 0.5478
vn -0.6118 0.7907 -0.0237
vn -0.4883 0.8039 0.3395
vn -0.2615 0.9652 -0.0026
vn -0.2535 0.8820 0.3974
vn -0.2503 0.9550 0.1589
vn -0.5119 0.8485 0.1342
vn -0.2824 0.9510 -0.1261
vn -0.7108 0.6936 -0.1173
vn -0.9839 0.0294 -0.1763
vn -0.8958 0.4441 0.0197
vn -0.9054 0.4180 0.0746
vn -0.9913 0.0983 0.0875
vn -0.8357 0.3967 0.3798
vn -0.8991 0.4115 0.1493
vn -0.9751 0.0433 0.2176
vn -0.9593 0.2454 -0.1396
vn -0.9966 0.0787 0.0252
vt 0.006879 0.975086
vt 0.006800 0.975075
vt 0.006800 0.974876
vt 0.006875 0.974898
vt 0.006937 0.975107
vt 0.006929 0.974950
vt 0.006954 0.975785
vt 0.006885 0.975811
vt 0.006883 0.975579
vt 0.006949 0.975569
vt 0.006945 0.975372
vt 0.006881 0.975330
vt 0.006800 0.975817
vt 0.006800 0.975580
vt 0.006800 0.975324
vt 0.006887 0.975984
vt 0.006800 0.975995
vt 0.006958 0.975951
vt 0.007005 0.975708
vt 0.006965 0.975917
vt 0.006993 0.975751
vt 0.006991 0.975484
vt 0.006978 0.975173
vt 0.006996 0.975392
vt 0.006966 0.975136
s 1
usemtl マテリアル.001
f 8150/2738/2437 8148/2739/2437 8143/2740/2437 8145/2741/2437
f 8152/2742/2438 8150/2738/2438 8145/2741/2438 8144/2743/2438
f 8158/2744/2439 8157/2745/2439 8149/2746/2439 8151/2747/2439
f 8155/2748/2440 8154/2749/2440 8150/2738/2440 8152/2742/2440
f 8157/2745/2441 8156/2750/2441 8147/2751/2441 8149/2746/2441
f 8154/2749/2442 8153/2752/2442 8148/2739/2442 8150/2738/2442
f 8149/2746/2443 8147/2751/2443 8153/2752/2443 8154/2749/2443
f 8151/2747/2444 8149/2746/2444 8154/2749/2444 8155/2748/2444
f 8141/2753/2445 8139/2754/2445 8156/2750/2445 8157/2745/2445
f 8140/2755/2446 8141/2753/2446 8157/2745/2446 8158/2744/2446
f 8138/2756/2447 8142/2757/2447 8162/2758/2447
f 8151/2747/2448 8160/2759/2448 8162/2758/2448 8158/2744/2448
f 8155/2748/2449 8160/2759/2449 8151/2747/2449
f 8146/2760/2450 8159/2761/2450 8160/2759/2450 8161/2762/2450
f 8144/2743/2451 8161/2762/2451 8152/2742/2451
f 8161/2762/2452 8160/2759/2452 8155/2748/2452 8152/2742/2452
f 8161/2762/2453 8144/2743/2453 8146/2760/2453
f 8162/2758/2454 8142/2757/2454 8140/2755/2454 8158/2744/2454
f 8162/2758/2455 8160/2759/2455 8159/2761/2455 8138/2756/2455
f 8171/2738/2456 8168/2741/2456 8143/2740/2456 8148/2739/2456
f 8173/2742/2457 8167/2743/2457 8168/2741/2457 8171/2738/2457
f 8177/2744/2458 8172/2747/2458 8170/2746/2458 8176/2745/2458
f 8175/2748/2459 8173/2742/2459 8171/2738/2459 8174/2749/2459
f 8176/2745/2460 8170/2746/2460 8147/2751/2460 8156/2750/2460
f 8174/2749/2461 8171/2738/2461 8148/2739/2461 8153/2752/2461
f 8170/2746/2462 8174/2749/2462 8153/2752/2462 8147/2751/2462
f 8172/2747/2463 8175/2748/2463 8174/2749/2463 8170/2746/2463
f 8165/2753/2464 8176/2745/2464 8156/2750/2464 8139/2754/2464
f 8164/2755/2465 8177/2744/2465 8176/2745/2465 8165/2753/2465
f 8163/2756/2466 8181/2758/2466 8166/2757/2466
f 8172/2747/2467 8177/2744/2467 8181/2758/2467 8179/2759/2467
f 8175/2748/2468 8172/2747/2468 8179/2759/2468
f 8169/2760/2469 8180/2762/2469 8179/2759/2469 8178/2761/2469
f 8167/2743/2470 8173/2742/2470 8180/2762/2470
f 8180/2762/2471 8173/2742/2471 8175/2748/2471 8179/2759/2471
f 8180/2762/2472 8169/2760/2472 8167/2743/2472
f 8181/2758/2473 8177/2744/2473 8164/2755/2473 8166/2757/2473
f 8181/2758/2474 8163/2756/2474 8178/2761/2474 8179/2759/2474
o translucent_flame
v -0.000001 0.635941 -7.119700
v 0.158295 0.604454 -7.119700
v 0.292492 0.514786 -7.119700
v 0.382159 0.380590 -7.119700
v 0.413646 0.222295 -7.119700
v 0.382159 0.064000 -7.119700
v 0.292492 -0.070196 -7.119700
v 0.158295 -0.159864 -7.119700
v -0.000001 -0.191350 -7.119700
v -0.158297 0.604454 -7.119700
v -0.292493 0.514786 -7.119700
v -0.382160 0.380590 -7.119700
v -0.413647 0.222295 -7.119700
v -0.382160 0.064000 -7.119700
v -0.292493 -0.070196 -7.119700
v -0.158297 -0.159864 -7.119700
v -0.000002 0.499406 -11.404445
v 0.106044 0.478312 -11.404445
v 0.195945 0.418242 -11.404445
v 0.256015 0.328341 -11.404445
v 0.277109 0.222295 -11.404445
v 0.256015 0.116250 -11.404445
v 0.195945 0.026349 -11.404445
v 0.106044 -0.033721 -11.404445
v -0.000002 -0.054815 -11.404445
v -0.106048 0.478312 -11.404445
v -0.195949 0.418242 -11.404445
v -0.256019 0.328341 -11.404445
v -0.277113 0.222295 -11.404445
v -0.256019 0.116250 -11.404445
v -0.195949 0.026349 -11.404445
v -0.106048 -0.033721 -11.404445
vn 0.8311 0.5553 -0.0312
vn -0.5553 -0.8311 -0.0312
vn -0.8311 0.5553 -0.0312
vn 0.1950 -0.9803 -0.0312
vn -0.9803 0.1950 -0.0312
vn 0.9803 0.1950 -0.0312
vn 0.1950 0.9803 -0.0312
vn 0.9803 -0.1950 -0.0312
vn -0.1950 -0.9803 -0.0312
vn -0.9803 -0.1950 -0.0312
vn -0.1950 0.9803 -0.0312
vn 0.8311 -0.5553 -0.0312
vn 0.5553 0.8311 -0.0312
vn -0.8311 -0.5553 -0.0312
vn -0.5553 0.8311 -0.0312
vn 0.5553 -0.8311 -0.0312
vt 0.003479 0.838166
vt 0.129188 0.836633
vt 0.129188 0.839271
vt 0.003479 0.842104
vt 0.003479 0.824941
vt 0.129188 0.827773
vt 0.129188 0.826011
vt 0.003479 0.822310
vt 0.003479 0.821386
vt 0.129188 0.825392
vt 0.129188 0.833522
vt 0.003479 0.833522
vt 0.003479 0.844734
vt 0.129188 0.841033
vt 0.129188 0.841652
vt 0.003479 0.845658
vt 0.003479 0.828878
vt 0.129188 0.830411
s 1
usemtl マテリアル.001
f 8185/2763/2475 8201/2764/2475 8200/2765/2475 8184/2766/2475
f 8196/2767/2476 8212/2768/2476 8213/2769/2476 8197/2770/2476
f 8192/2766/2477 8208/2765/2477 8209/2764/2477 8193/2763/2477
f 8190/2771/2478 8206/2772/2478 8205/2769/2478 8189/2770/2478
f 8193/2763/2479 8209/2764/2479 8210/2773/2479 8194/2774/2479
f 8186/2774/2480 8202/2773/2480 8201/2764/2480 8185/2763/2480
f 8183/2775/2481 8199/2776/2481 8198/2777/2481 8182/2778/2481
f 8187/2779/2482 8203/2780/2482 8202/2773/2482 8186/2774/2482
f 8197/2770/2483 8213/2769/2483 8206/2772/2483 8190/2771/2483
f 8194/2774/2484 8210/2773/2484 8211/2780/2484 8195/2779/2484
f 8182/2778/2485 8198/2777/2485 8207/2776/2485 8191/2775/2485
f 8188/2767/2486 8204/2768/2486 8203/2780/2486 8187/2779/2486
f 8184/2766/2487 8200/2765/2487 8199/2776/2487 8183/2775/2487
f 8195/2779/2488 8211/2780/2488 8212/2768/2488 8196/2767/2488
f 8191/2775/2489 8207/2776/2489 8208/2765/2489 8192/2766/2489
f 8189/2770/2490 8205/2769/2490 8204/2768/2490 8188/2767/2490
