# Blender 4.3.2
# www.blender.org
mtllib f2a.mtl
o $lwingl
v 0.665958 -0.346522 3.804023
v 0.665958 -0.315932 3.804023
v 0.665908 -0.370299 3.688708
v 0.665908 -0.292155 3.688708
v 0.681912 -0.346522 3.804023
v 0.681912 -0.315932 3.804023
v 0.729415 -0.370299 3.688708
v 0.729415 -0.292155 3.688708
v 4.255791 0.297801 -0.327595
v 4.242446 0.292274 -0.327595
v 4.236917 0.278928 -0.327595
v 4.242446 0.265583 -0.327595
v 4.255791 0.260055 -0.327595
v 4.269136 0.265583 -0.327595
v 4.274665 0.278928 -0.327595
v 4.269136 0.292274 -0.327595
v 4.255791 0.309408 -0.357382
v 4.234239 0.300481 -0.357382
v 4.225312 0.278928 -0.357382
v 4.234239 0.257375 -0.357382
v 4.255791 0.248449 -0.357382
v 4.277343 0.257375 -0.357382
v 4.286271 0.278928 -0.357382
v 4.277343 0.300481 -0.357382
v 4.298986 0.278928 -0.425337
v 4.286335 0.248385 -0.425337
v 4.255791 0.235732 -0.425337
v 4.225247 0.248385 -0.425337
v 4.212596 0.278928 -0.425337
v 4.225247 0.309472 -0.425337
v 4.286335 0.309472 -0.425337
v 4.255791 0.322124 -0.425337
vn -1.0000 -0.0000 0.0004
vn 0.9246 -0.0000 0.3809
vn -0.0000 -0.0000 1.0000
vn -0.0000 -0.9794 0.2019
vn -0.0000 0.9794 0.2019
vn -0.8693 -0.3601 0.3387
vn -0.3600 0.8693 0.3387
vn 0.3601 0.8693 0.3387
vn 0.8692 -0.3601 0.3387
vn -0.3600 -0.8693 0.3387
vn -0.8693 0.3601 0.3387
vn 0.8692 0.3601 0.3387
vn 0.3601 -0.8693 0.3387
vn 0.3771 0.9104 0.1703
vn -0.3771 0.9104 0.1704
vn -0.9104 -0.3771 0.1704
vn 0.3771 -0.9104 0.1704
vn 0.9104 0.3771 0.1703
vn -0.9104 0.3771 0.1704
vn -0.3771 -0.9104 0.1704
vn 0.9104 -0.3771 0.1703
vt 0.189968 0.991991
vt 0.190218 0.991991
vt 0.190218 0.992241
vt 0.189968 0.992241
vt 0.189968 0.992491
vt 0.190218 0.992491
vt 0.190218 0.992741
vt 0.189968 0.992741
vt 0.190218 0.992991
vt 0.189968 0.992991
vt 0.189718 0.992491
vt 0.189718 0.992741
vt 0.190468 0.992491
vt 0.190468 0.992741
vt 0.190674 0.993344
s 1
usemtl マテリアル.001
f 1/1/1 2/2/1 4/3/1 3/4/1
f 7/5/2 8/6/2 6/7/2 5/8/2
f 5/8/3 6/7/3 2/9/3 1/10/3
f 3/11/4 7/5/4 5/8/4 1/12/4
f 8/6/5 4/13/5 2/14/5 6/7/5
f 16/15/3 9/15/3 13/15/3
f 11/15/6 19/15/6 20/15/6 12/15/6
f 9/15/7 17/15/7 18/15/7 10/15/7
f 16/15/8 24/15/8 17/15/8 9/15/8
f 14/15/9 22/15/9 23/15/9 15/15/9
f 12/15/10 20/15/10 21/15/10 13/15/10
f 10/15/11 18/15/11 19/15/11 11/15/11
f 15/15/12 23/15/12 24/15/12 16/15/12
f 13/15/13 21/15/13 22/15/13 14/15/13
f 24/15/14 31/15/14 32/15/14 17/15/14
f 17/15/15 32/15/15 30/15/15 18/15/15
f 19/15/16 29/15/16 28/15/16 20/15/16
f 21/15/17 27/15/17 26/15/17 22/15/17
f 23/15/18 25/15/18 31/15/18 24/15/18
f 18/15/19 30/15/19 29/15/19 19/15/19
f 20/15/20 28/15/20 27/15/20 21/15/20
f 22/15/21 26/15/21 25/15/21 23/15/21
f 9/15/3 10/15/3 11/15/3
f 11/15/3 12/15/3 9/15/3
f 12/15/3 13/15/3 9/15/3
f 13/15/3 14/15/3 15/15/3
f 15/15/3 16/15/3 13/15/3
o $rearwingl
v 0.047497 3.942719 -7.165466
v 0.047497 3.823491 -7.165466
v 0.047497 3.942719 -6.982743
v 0.047497 3.823491 -6.982743
v -0.047497 3.942719 -7.165466
v -0.047497 3.823491 -7.165466
v -0.047497 3.942719 -6.982743
v -0.047497 3.823491 -6.982743
vn 1.0000 -0.0000 -0.0000
vn -0.0000 -0.0000 1.0000
vn -1.0000 -0.0000 -0.0000
vn -0.0000 -0.0000 -1.0000
vn -0.0000 1.0000 -0.0000
vn -0.0000 -1.0000 -0.0000
vt 0.054192 0.996640
vt 0.054442 0.996390
vt 0.054192 0.996390
vt 0.054192 0.996890
vt 0.054442 0.996640
vt 0.054192 0.997140
vt 0.054442 0.996890
vt 0.054192 0.997390
vt 0.054442 0.997140
vt 0.053942 0.997140
vt 0.053942 0.996890
vt 0.054692 0.996890
vt 0.054442 0.997390
vt 0.054692 0.997140
s 1
usemtl マテリアル
f 35/16/22 34/17/22 33/18/22
f 39/19/23 36/20/23 35/16/23
f 37/21/24 40/22/24 39/19/24
f 33/23/25 38/24/25 37/21/25
f 33/25/26 39/19/26 35/26/26
f 38/24/27 36/27/27 40/22/27
f 35/16/22 36/20/22 34/17/22
f 39/19/23 40/22/23 36/20/23
f 37/21/24 38/24/24 40/22/24
f 33/23/25 34/28/25 38/24/25
f 33/25/26 37/21/26 39/19/26
f 38/24/27 34/29/27 36/27/27
o $rwingl
v -0.665958 -0.346522 3.804023
v -0.665958 -0.315932 3.804023
v -0.665908 -0.370299 3.688708
v -0.665908 -0.292155 3.688708
v -0.681912 -0.346522 3.804023
v -0.681912 -0.315932 3.804023
v -0.729415 -0.370299 3.688708
v -0.729415 -0.292155 3.688708
v -4.255791 0.297801 -0.327595
v -4.242446 0.292274 -0.327595
v -4.236917 0.278928 -0.327595
v -4.242446 0.265583 -0.327595
v -4.255791 0.260055 -0.327595
v -4.269136 0.265583 -0.327595
v -4.274665 0.278928 -0.327595
v -4.269136 0.292274 -0.327595
v -4.255791 0.309408 -0.357382
v -4.234239 0.300481 -0.357382
v -4.225312 0.278928 -0.357382
v -4.234239 0.257375 -0.357382
v -4.255791 0.248449 -0.357382
v -4.277343 0.257375 -0.357382
v -4.286271 0.278928 -0.357382
v -4.277343 0.300481 -0.357382
v -4.298986 0.278928 -0.425337
v -4.286335 0.248385 -0.425337
v -4.255791 0.235732 -0.425337
v -4.225247 0.248385 -0.425337
v -4.212596 0.278928 -0.425337
v -4.225247 0.309472 -0.425337
v -4.286335 0.309472 -0.425337
v -4.255791 0.322124 -0.425337
vn 1.0000 -0.0000 0.0004
vn -0.9246 -0.0000 0.3809
vn -0.0000 -0.0000 1.0000
vn -0.0000 -0.9794 0.2019
vn -0.0000 0.9794 0.2019
vn 0.8693 -0.3601 0.3387
vn 0.3600 0.8693 0.3387
vn -0.3601 0.8693 0.3387
vn -0.8692 -0.3601 0.3387
vn 0.3600 -0.8693 0.3387
vn 0.8693 0.3601 0.3387
vn -0.8692 0.3601 0.3387
vn -0.3601 -0.8693 0.3387
vn -0.3771 0.9104 0.1703
vn 0.3771 0.9104 0.1704
vn 0.9104 -0.3771 0.1704
vn -0.3771 -0.9104 0.1704
vn -0.9104 0.3771 0.1703
vn 0.9104 0.3771 0.1704
vn 0.3771 -0.9104 0.1704
vn -0.9104 -0.3771 0.1703
vt 0.189968 0.971971
vt 0.189968 0.972221
vt 0.190218 0.972221
vt 0.190218 0.971971
vt 0.189968 0.972471
vt 0.189968 0.972721
vt 0.190218 0.972721
vt 0.190218 0.972471
vt 0.189968 0.972971
vt 0.190218 0.972971
vt 0.189718 0.972471
vt 0.189718 0.972721
vt 0.190468 0.972721
vt 0.190468 0.972471
vt 0.190674 0.973324
s 1
usemtl マテリアル.001
f 41/30/28 43/31/28 44/32/28 42/33/28
f 47/34/29 45/35/29 46/36/29 48/37/29
f 45/35/30 41/38/30 42/39/30 46/36/30
f 43/40/31 41/41/31 45/35/31 47/34/31
f 48/37/32 46/36/32 42/42/32 44/43/32
f 49/44/30 55/44/30 53/44/30
f 51/44/33 52/44/33 60/44/33 59/44/33
f 49/44/34 50/44/34 58/44/34 57/44/34
f 56/44/35 49/44/35 57/44/35 64/44/35
f 54/44/36 55/44/36 63/44/36 62/44/36
f 52/44/37 53/44/37 61/44/37 60/44/37
f 50/44/38 51/44/38 59/44/38 58/44/38
f 55/44/39 56/44/39 64/44/39 63/44/39
f 53/44/40 54/44/40 62/44/40 61/44/40
f 64/44/41 57/44/41 72/44/41 71/44/41
f 57/44/42 58/44/42 70/44/42 72/44/42
f 59/44/43 60/44/43 68/44/43 69/44/43
f 61/44/44 62/44/44 66/44/44 67/44/44
f 63/44/45 64/44/45 71/44/45 65/44/45
f 58/44/46 59/44/46 69/44/46 70/44/46
f 60/44/47 61/44/47 67/44/47 68/44/47
f 62/44/48 63/44/48 65/44/48 66/44/48
f 51/44/30 50/44/30 49/44/30
f 49/44/30 56/44/30 55/44/30
f 55/44/30 54/44/30 53/44/30
f 53/44/30 52/44/30 51/44/30
f 51/44/30 49/44/30 53/44/30
o body
v 1.506304 0.355887 0.934994
v 1.506304 0.319619 1.123109
v 1.509352 0.418044 -1.098965
v 1.509352 0.378837 -2.102368
v 5.902826 0.255962 -1.588353
v 5.902826 0.294289 -1.505169
v 5.902826 0.281223 -1.412098
v 5.902826 0.258870 -2.210374
v 5.902826 0.351224 -2.210374
v 5.902826 0.353270 -2.571874
v 5.902826 0.258870 -2.568783
v 5.902826 0.315275 -2.908611
v -1.506304 0.355887 0.934994
v -1.506304 0.319619 1.123109
v -1.509352 0.418044 -1.098965
v -1.509352 0.378837 -2.102368
v -5.902826 0.255962 -1.588353
v -5.902826 0.294289 -1.505169
v -5.902826 0.281223 -1.412098
v -5.902826 0.258870 -2.210374
v -5.902826 0.351224 -2.210374
v -5.902826 0.353270 -2.571874
v -5.902826 0.258870 -2.568783
v -5.902826 0.315275 -2.908611
v -4.473956 0.314308 -0.712116
v -4.474947 0.361580 -2.419285
v -4.473956 0.293702 -0.588156
v -4.473956 0.318341 -3.052232
v -4.474947 0.372941 -1.849166
v 4.473956 0.314308 -0.712116
v 4.474947 0.361580 -2.419285
v 4.473956 0.293702 -0.588156
v 4.473956 0.318341 -3.052232
v 4.474947 0.372941 -1.849166
v 1.508437 0.362600 -2.476814
v 5.902826 0.341872 -2.672895
v 4.474650 0.348608 -2.609169
v -1.508437 0.362600 -2.476814
v -5.902826 0.341872 -2.672895
v -4.474650 0.348608 -2.609169
v 1.183997 0.477136 -3.350522
v 1.183997 0.154951 -3.350522
v 1.162557 0.405146 -4.674137
v 1.162557 0.137307 -4.674137
v 1.162557 0.374176 -5.411793
v 1.162557 0.152334 -5.411793
v 1.162557 0.182542 -7.192491
v 1.183996 0.461219 -1.098965
v 1.185381 0.142833 -1.098965
v 1.183996 0.463424 -2.057753
v -1.183997 0.477136 -3.350522
v -1.183997 0.154951 -3.350522
v -1.162557 0.405146 -4.674137
v -1.162557 0.137307 -4.674137
v -1.162557 0.374176 -5.411793
v -1.162557 0.152334 -5.411793
v -1.162557 0.220899 -7.192491
v -1.162557 0.182542 -7.192491
v -1.183996 0.461219 -1.098965
v -1.185381 0.142833 -1.098965
v -1.183996 0.463424 -2.057753
v 0.600832 0.794086 0.935176
v 0.366866 0.980404 0.935176
v 1.506304 0.355887 0.934994
v 0.000000 1.095207 0.935176
v 1.506304 0.186205 -1.098965
v 1.509352 0.418044 -1.098965
v 0.562172 0.794086 -1.098964
v 0.344989 0.944121 -1.098964
v 0.000000 1.058925 -1.098964
v 0.562173 0.794086 -3.037040
v 0.344989 0.944121 -3.037040
v 0.000000 1.058925 -3.037040
v 1.509352 0.378837 -2.102368
v 1.506304 0.324711 -3.350522
v 0.830261 0.592119 -1.098965
v 0.830261 0.592119 -3.037040
v 0.915695 0.592119 0.935176
v 1.162557 0.405146 -4.674137
v 0.562173 0.779745 -4.674137
v 0.344989 0.917587 -4.674138
v 0.000000 1.023060 -4.674138
v 0.830261 0.510684 -4.674137
v 0.736031 0.451062 -5.411793
v 0.736031 0.093529 -5.411793
v 0.000000 0.963942 -5.411793
v 0.368621 0.869099 -5.411793
v 0.563914 0.745151 -5.411793
v 1.162557 0.374176 -5.411793
v 0.776135 0.263009 -7.192491
v 1.162557 0.220899 -7.192491
v 0.804981 0.436517 -5.411793
v 0.692569 0.427072 -5.411793
v 1.183996 0.461219 -1.098965
v 1.185381 0.142833 -1.098965
v 1.183996 0.186205 -2.093790
v 1.183996 0.324711 -3.350522
v 1.183996 0.463424 -2.057753
v -0.600832 0.794086 0.935176
v -0.366866 0.980404 0.935176
v -1.506304 0.355887 0.934994
v -1.506304 0.186205 -1.098965
v -1.509352 0.418044 -1.098965
v -0.562172 0.794086 -1.098964
v -0.344989 0.944121 -1.098964
v -1.183997 0.477136 -3.037040
v -0.562173 0.794086 -3.037040
v -0.344989 0.944121 -3.037040
v -1.509352 0.378837 -2.102368
v -1.506304 0.324711 -3.350522
v -0.830261 0.592119 -1.098965
v -0.830261 0.592119 -3.037040
v -0.915695 0.592119 0.935176
v -1.162557 0.405146 -4.674137
v -0.562173 0.779745 -4.674137
v -0.344989 0.917587 -4.674138
v -0.830261 0.510684 -4.674137
v -0.736031 0.451062 -5.411793
v -0.736031 0.093529 -5.411793
v -0.368621 0.869099 -5.411793
v -0.563914 0.745151 -5.411793
v -1.162557 0.374176 -5.411793
v -0.776135 0.263009 -7.192491
v -0.804981 0.436517 -5.411793
v -0.692569 0.427072 -5.411793
v -1.183996 0.461219 -1.098965
v -1.185381 0.142833 -1.098965
v -1.183996 0.186205 -2.093790
v -1.183996 0.324711 -3.350522
v -1.183996 0.463424 -2.057753
v 0.000000 1.095207 0.935176
v 0.000000 1.178789 1.919484
v -0.600832 0.794086 0.935176
v -0.366866 0.980404 0.935176
v -1.506304 0.355887 0.934994
v -1.506304 0.319619 1.123109
v -1.355224 0.301735 2.036236
v -0.611045 0.813912 2.031789
v -0.414232 1.013814 2.031789
v -1.209995 0.408740 2.031788
v -0.863241 0.553674 2.031788
v -0.101376 1.168233 2.037606
v -0.915695 0.592119 0.935176
v 0.600832 0.794086 0.935176
v 0.366866 0.980404 0.935176
v 1.506304 0.355887 0.934994
v 1.506304 0.319619 1.123109
v 1.355224 0.301735 2.036236
v 0.611045 0.813912 2.031789
v 0.414232 1.013814 2.031789
v 1.209995 0.408740 2.031788
v 0.863241 0.553674 2.031788
v 0.101376 1.168233 2.037606
v 0.000000 1.095207 0.935176
v 0.000000 1.178789 1.919484
v 0.915695 0.592119 0.935176
v 0.000000 0.661846 6.626678
v 0.000000 -0.201513 6.626678
v 0.000000 0.798832 5.964826
v 0.000000 -0.171533 5.964826
v 0.000000 -0.118863 5.326835
v 0.000000 -0.050072 3.976028
v 0.000000 0.809680 5.917368
v 0.000000 -0.000470 3.063694
v 0.000000 0.041674 2.366251
v 0.000000 -0.185655 3.971033
v 0.000000 -0.696686 3.971033
v 0.000000 -0.154578 3.146962
v 0.000000 -0.087850 2.366251
v 0.000000 -0.084468 4.664069
v 0.000000 -0.784740 3.284543
v 0.000000 -0.185655 3.971033
v 0.000000 -0.177804 4.082478
v 0.000000 -0.158951 4.237532
v 0.000000 -0.210669 3.971033
v 0.000000 -0.204699 4.084857
v 0.000000 -0.185798 4.240395
v -0.312533 -0.142954 6.626678
v -0.492524 0.006179 6.626678
v -0.546653 0.224748 6.626678
v -0.473415 0.443292 6.626678
v -0.273326 0.603285 6.626678
v -0.359921 -0.104149 5.964826
v -0.560874 0.061850 5.964826
v -0.599170 0.313329 5.964826
v -0.529374 0.564807 5.964826
v -0.312412 0.748902 5.964826
v -0.418110 -0.051480 5.326835
v -0.603988 0.114520 5.326835
v -0.660086 0.390215 5.326835
v -0.510863 0.681850 5.326835
v -0.689299 0.288996 5.326835
v -0.759703 0.202974 5.331283
v -0.490180 0.004221 3.976028
v -0.824720 0.143518 3.976028
v -0.694049 0.485007 3.976029
v -0.508885 0.795433 3.976029
v -0.786980 0.317994 3.976028
v -0.897665 0.216613 3.980476
v -0.460944 0.667409 5.809302
v -0.320133 0.756809 5.887117
v -0.600186 0.187589 5.964826
v -0.181686 0.777869 5.904240
v -1.205857 0.213969 2.031788
v -1.355224 0.301735 2.036236
v -0.611045 0.813912 2.031789
v -0.414232 1.013814 2.031789
v -1.209995 0.408740 2.031788
v -0.863241 0.553674 2.031788
v -0.101376 1.168233 2.037606
v -0.320371 1.074821 3.063695
v -0.931686 0.169536 3.063694
v -0.936661 0.361044 3.063694
v -1.058662 0.241313 3.063694
v -0.515746 0.053824 3.063694
v -0.757300 0.550581 3.063695
v -0.491771 0.859106 3.063695
v -0.537468 0.095967 2.366251
v -0.204489 1.144497 2.366251
v -0.397842 -0.072273 6.626678
v -0.455166 -0.025471 5.964826
v -0.506210 0.027198 5.326835
v -0.669763 0.070243 3.976028
v -0.753765 0.108668 3.063694
v -0.812143 0.113552 2.366251
v -0.291250 -0.655149 3.971033
v -0.522207 -0.535384 3.971033
v -0.664554 -0.372966 3.971033
v -0.469280 -0.124198 3.971033
v -0.251142 -0.172439 3.971033
v -0.668529 -0.161267 3.971033
v -0.301353 -0.749427 3.146962
v -0.576650 -0.596724 3.146962
v -0.744014 -0.389636 3.146962
v -0.514421 -0.076219 3.093962
v -0.257945 -0.137727 3.146962
v -0.748689 -0.123482 3.146962
v -0.301353 -0.751976 2.366251
v -0.618734 -0.582585 2.366251
v -0.804218 -0.353077 2.366251
v -0.549768 -0.001008 2.366251
v -0.245343 -0.069174 2.366251
v -0.802687 -0.053388 2.366251
v -0.828684 0.209793 4.664069
v -0.738139 0.303495 4.664069
v -0.667503 0.437611 4.664069
v -0.454145 -0.023629 4.664069
v -0.714354 0.129019 4.664069
v -0.533021 0.732948 4.664069
v -0.587987 0.048721 4.664069
v -0.498419 0.834373 3.418084
v -0.406384 0.966569 3.063695
v -0.417091 0.943673 3.424994
v -0.300269 -0.733687 3.284543
v -0.664554 -0.372966 3.971033
v -0.469280 -0.124198 3.971033
v -0.251142 -0.172439 3.971033
v -0.668529 -0.161267 3.971033
v -0.469280 -0.124198 4.082478
v -0.251142 -0.164587 4.082478
v -0.469280 -0.119085 4.237532
v -0.251142 -0.150377 4.237532
v -0.666541 -0.153415 4.082478
v -0.664554 -0.242892 3.994452
v -0.639749 -0.363368 3.971033
v -0.469710 -0.149687 3.971033
v -0.254518 -0.197275 3.971033
v -0.643156 -0.181955 3.971033
v -0.469745 -0.151180 4.083358
v -0.254231 -0.191347 4.084318
v -0.470613 -0.146016 4.238920
v -0.253922 -0.177139 4.239792
v -0.654507 -0.177570 4.083339
v -0.637650 -0.242204 3.992283
v 0.000000 0.661846 6.626678
v 0.000000 -0.201513 6.626678
v 0.312533 -0.142954 6.626678
v 0.492524 0.006179 6.626678
v 0.546653 0.224748 6.626678
v 0.473415 0.443292 6.626678
v 0.273326 0.603285 6.626678
v 0.000000 0.798832 5.964826
v 0.000000 -0.171533 5.964826
v 0.359921 -0.104149 5.964826
v 0.560874 0.061850 5.964826
v 0.599170 0.313329 5.964826
v 0.529374 0.564807 5.964826
v 0.312412 0.748902 5.964826
v 0.000000 -0.118863 5.326835
v 0.418110 -0.051480 5.326835
v 0.603988 0.114520 5.326835
v 0.660086 0.390215 5.326835
v 0.510863 0.681850 5.326835
v 0.689299 0.288996 5.326835
v 0.759703 0.202974 5.331283
v 0.000000 -0.050072 3.976028
v 0.490180 0.004221 3.976028
v 0.824720 0.143518 3.976028
v 0.694049 0.485007 3.976029
v 0.508885 0.795433 3.976029
v 0.786980 0.317994 3.976028
v 0.897665 0.216613 3.980476
v 0.460944 0.667409 5.809302
v 0.000000 0.809680 5.917368
v 0.320133 0.756809 5.887117
v 0.600186 0.187589 5.964826
v 0.181686 0.777869 5.904240
v 1.205857 0.213969 2.031788
v 1.355224 0.301735 2.036236
v 0.611045 0.813912 2.031789
v 0.414232 1.013814 2.031789
v 1.209995 0.408740 2.031788
v 0.863241 0.553674 2.031788
v 0.101376 1.168233 2.037606
v 0.320371 1.074821 3.063695
v 0.931686 0.169536 3.063694
v 0.936661 0.361044 3.063694
v 1.058662 0.241313 3.063694
v 0.515746 0.053824 3.063694
v 0.757300 0.550581 3.063695
v 0.000000 -0.000470 3.063694
v 0.491771 0.859106 3.063695
v 0.537468 0.095967 2.366251
v 0.000000 0.041674 2.366251
v 0.204489 1.144497 2.366251
v 0.397842 -0.072273 6.626678
v 0.455166 -0.025471 5.964826
v 0.506210 0.027198 5.326835
v 0.669763 0.070243 3.976028
v 0.753765 0.108668 3.063694
v 0.812143 0.113552 2.366251
v 0.000000 -0.185655 3.971033
v 0.000000 -0.696686 3.971033
v 0.291250 -0.655149 3.971033
v 0.522207 -0.535384 3.971033
v 0.664554 -0.372966 3.971033
v 0.469280 -0.124198 3.971033
v 0.251142 -0.172439 3.971033
v 0.668529 -0.161267 3.971033
v 0.000000 -0.154578 3.146962
v 0.301353 -0.749427 3.146962
v 0.576650 -0.596724 3.146962
v 0.744014 -0.389636 3.146962
v 0.514421 -0.076219 3.093962
v 0.257945 -0.137727 3.146962
v 0.748689 -0.123482 3.146962
v 0.000000 -0.087850 2.366251
v 0.301353 -0.751976 2.366251
v 0.618734 -0.582585 2.366251
v 0.804218 -0.353077 2.366251
v 0.549768 -0.001008 2.366251
v 0.245343 -0.069174 2.366251
v 0.802687 -0.053388 2.366251
v 0.828684 0.209793 4.664069
v 0.738139 0.303495 4.664069
v 0.667503 0.437611 4.664069
v 0.000000 -0.084468 4.664069
v 0.454145 -0.023629 4.664069
v 0.714354 0.129019 4.664069
v 0.533021 0.732948 4.664069
v 0.587987 0.048721 4.664069
v 0.498419 0.834373 3.418084
v 0.406384 0.966569 3.063695
v 0.417091 0.943673 3.424994
v 0.300269 -0.733687 3.284543
v 0.000000 -0.784740 3.284543
v 0.000000 -0.185655 3.971033
v 0.664554 -0.372966 3.971033
v 0.469280 -0.124198 3.971033
v 0.251142 -0.172439 3.971033
v 0.668529 -0.161267 3.971033
v 0.000000 -0.177804 4.082478
v 0.469280 -0.124198 4.082478
v 0.251142 -0.164587 4.082478
v 0.000000 -0.158951 4.237532
v 0.469280 -0.119085 4.237532
v 0.251142 -0.150377 4.237532
v 0.666541 -0.153415 4.082478
v 0.664554 -0.242892 3.994452
v 0.000000 -0.210669 3.971033
v 0.639749 -0.363368 3.971033
v 0.469710 -0.149687 3.971033
v 0.254518 -0.197275 3.971033
v 0.643156 -0.181955 3.971033
v 0.000000 -0.204699 4.084857
v 0.469745 -0.151180 4.083358
v 0.254231 -0.191347 4.084318
v 0.000000 -0.185798 4.240395
v 0.470613 -0.146016 4.238920
v 0.253922 -0.177139 4.239792
v 0.654507 -0.177570 4.083339
v 0.637650 -0.242204 3.992283
v 0.736031 0.451062 -5.411793
v 0.736031 0.093529 -5.411793
v 0.776135 0.134355 -7.192491
v 0.776135 0.263009 -7.192491
v 1.162557 0.220899 -7.192491
v 1.162557 0.182542 -7.192491
v -0.736031 0.451062 -5.411793
v -0.736031 0.093529 -5.411793
v -0.776135 0.134355 -7.192491
v -0.776135 0.263009 -7.192491
v -1.162557 0.220899 -7.192491
v -1.162557 0.182542 -7.192491
v 1.506304 0.257577 0.941496
v 1.506304 0.186205 -1.098965
v 0.763396 0.051162 -3.037040
v 1.183997 0.154951 -3.037040
v 1.506304 0.186205 -2.093790
v 0.000000 -0.724828 0.529686
v 0.652441 -0.520687 0.529686
v 0.831872 -0.298669 0.529686
v 0.830771 0.158888 0.935176
v 0.793124 -0.293826 -1.098964
v 0.817861 0.093164 -1.098965
v 0.300770 -0.630657 -3.037040
v 0.553633 -0.504219 -3.037040
v 0.733064 -0.293826 -3.037040
v 1.506304 0.324711 -3.350522
v 0.743412 0.063003 -4.674137
v 1.162557 0.137307 -4.674137
v 0.300770 -0.539735 -4.674138
v 0.553633 -0.404349 -4.674138
v 0.716246 -0.200375 -4.674137
v 0.702458 -0.136182 -5.411793
v 0.556235 -0.319597 -5.411793
v 0.328859 -0.441336 -5.411793
v 0.736031 0.093529 -5.411793
v 1.162557 0.152334 -5.411793
v 0.776135 0.134355 -7.192491
v 1.162557 0.182542 -7.192491
v 0.789080 -0.293826 -1.229454
v 0.618684 -0.515061 -1.229454
v 0.300770 -0.661014 -1.229453
v 0.300770 -0.668050 0.529686
v 0.171365 -0.687635 -1.098964
v 0.171365 -0.685443 -1.229453
v 0.171365 -0.690185 -0.241573
v 1.185381 0.142833 -1.098965
v 1.183996 0.186205 -2.093790
v 1.183996 0.324711 -3.350522
v 0.831872 -0.309909 0.935176
v 0.652441 -0.543167 0.935176
v 0.300986 -0.690529 0.935176
v 0.000000 -0.719985 -1.098964
v 0.000000 -0.687436 -3.037040
v 0.000000 -0.591899 -4.674138
v 0.000000 -0.488243 -5.411793
v 0.000000 -0.717793 -1.229453
v 0.000000 -0.747308 0.935176
v -1.506304 0.257577 0.941496
v -1.506304 0.186205 -1.098965
v -0.763396 0.051162 -3.037040
v -1.183997 0.154951 -3.037040
v -1.506304 0.186205 -2.093790
v -0.652441 -0.520687 0.529686
v -0.831872 -0.298669 0.529686
v -0.830771 0.158888 0.935176
v -0.793124 -0.293826 -1.098964
v -0.817861 0.093164 -1.098965
v -0.300770 -0.630657 -3.037040
v -0.553633 -0.504219 -3.037040
v -0.733064 -0.293826 -3.037040
v -1.506304 0.324711 -3.350522
v -0.743412 0.063003 -4.674137
v -1.162557 0.137307 -4.674137
v -0.300770 -0.539735 -4.674138
v -0.553633 -0.404349 -4.674138
v -0.716246 -0.200375 -4.674137
v -0.702458 -0.136182 -5.411793
v -0.556235 -0.319597 -5.411793
v -0.328859 -0.441336 -5.411793
v -0.736031 0.093529 -5.411793
v -1.162557 0.152334 -5.411793
v -0.776135 0.134355 -7.192491
v -1.162557 0.182542 -7.192491
v -0.789080 -0.293826 -1.229454
v -0.618684 -0.515061 -1.229454
v -0.300770 -0.661014 -1.229453
v -0.300770 -0.668050 0.529686
v -0.171365 -0.687635 -1.098964
v -0.171365 -0.685443 -1.229453
v -0.171365 -0.690185 -0.241573
v -1.185381 0.142833 -1.098965
v -1.183996 0.186205 -2.093790
v -1.183996 0.324711 -3.350522
v -0.831872 -0.309909 0.935176
v -0.652441 -0.543167 0.935176
v -0.300986 -0.690529 0.935176
v 0.000000 -0.785372 1.621792
v 0.000000 -0.747308 0.935176
v -1.506304 0.257577 0.941496
v -1.506304 0.319619 1.123109
v -1.205857 0.213969 2.031788
v -1.355224 0.301735 2.036236
v -0.812143 0.113552 2.366251
v -0.301353 -0.751976 2.366251
v -0.618734 -0.582585 2.366251
v -0.804218 -0.353077 2.366251
v -0.802687 -0.053388 2.366251
v -0.301353 -0.728593 1.621792
v -0.652441 -0.581231 1.621792
v -0.831872 -0.328941 1.621792
v -0.830771 0.158888 0.935176
v -0.301353 -0.732980 1.761460
v -0.181924 -0.751095 1.621792
v -0.831872 -0.309909 0.935176
v -0.652441 -0.543167 0.935176
v -0.300986 -0.690529 0.935176
v 1.506304 0.257577 0.941496
v 1.506304 0.319619 1.123109
v 1.205857 0.213969 2.031788
v 1.355224 0.301735 2.036236
v 0.812143 0.113552 2.366251
v 0.301353 -0.751976 2.366251
v 0.618734 -0.582585 2.366251
v 0.804218 -0.353077 2.366251
v 0.802687 -0.053388 2.366251
v 0.000000 -0.785372 1.621792
v 0.301353 -0.728593 1.621792
v 0.652441 -0.581231 1.621792
v 0.831872 -0.328941 1.621792
v 0.830771 0.158888 0.935176
v 0.301353 -0.732980 1.761460
v 0.181924 -0.751095 1.621792
v 0.831872 -0.309909 0.935176
v 0.652441 -0.543167 0.935176
v 0.300986 -0.690529 0.935176
v 0.000000 -0.747308 0.935176
v 1.506304 0.257577 0.941496
v 1.506304 0.319619 1.123109
v 1.506304 0.186205 -1.098965
v 1.506304 0.186205 -2.093790
v 5.902826 0.255962 -1.588353
v 5.902826 0.281223 -1.412098
v 5.902826 0.258870 -2.210374
v 5.902826 0.258870 -2.568783
v 5.902826 0.315275 -2.908611
v -1.506304 0.257577 0.941496
v -1.506304 0.319619 1.123109
v -1.506304 0.186205 -1.098965
v -1.506304 0.186205 -2.093790
v -5.902826 0.255962 -1.588353
v -5.902826 0.281223 -1.412098
v -5.902826 0.258870 -2.210374
v -5.902826 0.258870 -2.568783
v -5.902826 0.315275 -2.908611
v -1.506304 0.227757 -2.470809
v -5.902826 0.275792 -2.670732
v -4.473956 0.235254 -1.849166
v -4.473956 0.256487 -0.766152
v -4.473956 0.293702 -0.588156
v -4.473956 0.318341 -3.052232
v -4.473956 0.235254 -2.414410
v -4.473956 0.260180 -2.605757
v 4.473956 0.235254 -1.849166
v 4.473956 0.256487 -0.766152
v 4.473956 0.293702 -0.588156
v 4.473956 0.318341 -3.052232
v 4.473956 0.235254 -2.414410
v 1.506304 0.227757 -2.470809
v 5.902826 0.275792 -2.670732
v 4.473956 0.260180 -2.605757
v -0.018348 1.062323 -1.677913
v -0.018348 1.386258 -1.966277
v -0.018348 1.062323 -1.909617
v -0.018348 1.386258 -2.061292
v 0.018348 1.062323 -1.677913
v 0.018348 1.386258 -1.966277
v 0.018348 1.062323 -1.909617
v 0.018348 1.386258 -2.061292
v 0.124145 0.997874 -2.081759
v 0.076015 1.170079 -2.198670
v 0.158269 0.997874 -3.614594
v 0.096910 1.480916 -3.731505
v 0.007011 0.997874 -1.010069
v 0.004293 1.037394 -1.010069
v 0.096910 1.547723 -5.853341
v 0.158269 0.899917 -5.853341
v 0.035425 3.848541 -6.480556
v 0.035425 3.848541 -7.274715
v 0.000000 0.997874 -3.614594
v 0.000000 1.547723 -3.614594
v 0.000000 0.997874 -2.081759
v 0.000000 1.236886 -2.081759
v 0.000000 0.997874 -1.010069
v 0.000000 1.037394 -1.010069
v 0.000000 1.547723 -5.853341
v 0.000000 0.899917 -5.853341
v 0.000000 3.848541 -6.363647
v 0.000000 3.848541 -7.701365
v 0.000000 3.848541 -7.274715
v 0.096910 1.547709 -7.288119
v 0.158269 0.899903 -7.288119
v 0.000000 1.547709 -7.288119
v 0.000000 0.899903 -7.288119
v 0.041680 3.607671 -6.200881
v 0.041680 3.614469 -7.130116
v 0.000000 3.614469 -6.083966
v 0.000000 3.614469 -7.588645
v 0.000000 3.614469 -7.130116
v -0.124145 0.997874 -2.081759
v -0.076015 1.170079 -2.198670
v -0.158269 0.997874 -3.614594
v -0.096910 1.480916 -3.731505
v -0.007011 0.997874 -1.010069
v -0.004293 1.037394 -1.010069
v -0.096910 1.547723 -5.853341
v -0.158269 0.899917 -5.853341
v -0.035425 3.848541 -6.480556
v -0.035425 3.848541 -7.274715
v -0.096910 1.547709 -7.288119
v -0.158269 0.899903 -7.288119
v -0.041680 3.607671 -6.200881
v -0.041680 3.614469 -7.130116
v -0.000001 0.742517 -7.152700
v 0.193652 0.703997 -7.152700
v 0.357822 0.594302 -7.152700
v 0.467517 0.430132 -7.152700
v 0.506037 0.236481 -7.152700
v 0.467517 0.042829 -7.152700
v 0.357822 -0.121341 -7.152700
v 0.193652 -0.231036 -7.152700
v -0.000001 -0.269556 -7.152700
v -0.193653 0.703997 -7.152700
v -0.357823 0.594302 -7.152700
v -0.467518 0.430132 -7.152700
v -0.506038 0.236481 -7.152700
v -0.467518 0.042829 -7.152700
v -0.357823 -0.121341 -7.152700
v -0.193653 -0.231036 -7.152700
v 0.474895 -0.231541 -6.223572
v -0.000001 0.881940 -6.223572
v -0.474896 -0.231541 -6.223571
v 0.272497 -0.349980 -6.223572
v -0.000001 -0.393883 -6.223572
v 0.294625 0.811360 -6.223572
v 0.479169 0.691692 -6.223572
v 0.601456 0.438818 -6.223572
v 0.643443 0.163714 -6.223572
v 0.606959 -0.053607 -6.223572
v -0.272498 -0.349980 -6.223571
v -0.294626 0.811360 -6.223572
v -0.479170 0.691692 -6.223572
v -0.601457 0.438818 -6.223572
v -0.643444 0.163714 -6.223572
v -0.606960 -0.053607 -6.223571
v 0.211251 0.746484 -7.152700
v -0.000001 0.788505 -7.152700
v 0.390340 0.626820 -7.152700
v 0.510004 0.447731 -7.152700
v 0.552024 0.236481 -7.152700
v 0.510004 0.025230 -7.152700
v 0.390340 -0.153859 -7.152700
v 0.211251 -0.273523 -7.152700
v -0.000001 -0.315543 -7.152700
v -0.211252 0.746484 -7.152700
v -0.390341 0.626820 -7.152700
v -0.510005 0.447731 -7.152700
v -0.552025 0.236481 -7.152700
v -0.510005 0.025230 -7.152700
v -0.390341 -0.153859 -7.152700
v -0.211252 -0.273523 -7.152700
v -0.000001 0.675750 -6.600641
v 0.168096 0.642313 -6.600641
v 0.310600 0.547095 -6.600641
v 0.405819 0.404590 -6.600641
v 0.439255 0.236495 -6.600641
v 0.405819 0.068397 -6.600641
v 0.310600 -0.074106 -6.600641
v 0.168096 -0.169324 -6.600641
v -0.000001 -0.202760 -6.600641
v -0.168097 0.642313 -6.600641
v -0.310601 0.547095 -6.600641
v -0.405820 0.404590 -6.600641
v -0.439256 0.236495 -6.600641
v -0.405820 0.068397 -6.600641
v -0.310601 -0.074106 -6.600641
v -0.168097 -0.169324 -6.600641
v 0.000000 0.963942 -5.411793
v 0.368621 0.869099 -5.411793
v 0.563914 0.745151 -5.411793
v 0.692570 0.427072 -5.411793
v 0.736031 0.093529 -5.411793
v 0.702458 -0.136181 -5.411793
v 0.556235 -0.319596 -5.411793
v 0.328859 -0.441336 -5.411793
v 0.000000 -0.488243 -5.411793
v -0.368622 0.869099 -5.411793
v -0.563915 0.745151 -5.411793
v -0.692571 0.427072 -5.411793
v -0.736032 0.093529 -5.411793
v -0.702459 -0.136181 -5.411792
v -0.556236 -0.319596 -5.411792
v -0.328860 -0.441336 -5.411792
v 0.294378 -0.382483 -5.951396
v 0.507297 -0.261728 -5.951396
v -0.000001 -0.427848 -5.951396
v 0.322715 0.841183 -5.951397
v -0.000001 0.920711 -5.951397
v 0.512769 0.718855 -5.951396
v 0.638452 0.441297 -5.951396
v 0.681363 0.143581 -5.951396
v 0.645499 -0.080139 -5.951396
v -0.294379 -0.382483 -5.951396
v -0.507298 -0.261728 -5.951396
v -0.322716 0.841183 -5.951397
v -0.512770 0.718855 -5.951396
v -0.638453 0.441297 -5.951396
v -0.681364 0.143581 -5.951396
v -0.645500 -0.080139 -5.951396
v 0.474895 -0.231541 -6.223572
v -0.000001 0.881940 -6.223572
v -0.474896 -0.231541 -6.223571
v 0.272497 -0.349980 -6.223572
v -0.000001 -0.393883 -6.223572
v 0.294625 0.811360 -6.223572
v 0.479169 0.691692 -6.223572
v 0.601456 0.438818 -6.223572
v 0.643443 0.163714 -6.223572
v 0.606959 -0.053607 -6.223572
v -0.272498 -0.349980 -6.223571
v -0.294626 0.811360 -6.223572
v -0.479170 0.691692 -6.223572
v -0.601457 0.438818 -6.223572
v -0.643444 0.163714 -6.223572
v -0.606960 -0.053607 -6.223571
v 0.681442 -1.211007 -2.919846
v 0.382430 -0.569773 -2.535194
v 0.577713 -0.988558 -4.063310
v 0.357175 -0.515615 -4.063310
v 0.728741 -1.188951 -2.919846
v 0.429729 -0.547717 -2.535194
v 0.625012 -0.966502 -4.063310
v 0.404475 -0.493559 -4.063310
v -0.681442 -1.211007 -2.919846
v -0.382430 -0.569773 -2.535194
v -0.577713 -0.988558 -4.063310
v -0.357175 -0.515615 -4.063310
v -0.728741 -1.188951 -2.919846
v -0.429729 -0.547717 -2.535194
v -0.625012 -0.966502 -4.063310
v -0.404475 -0.493559 -4.063310
v 0.000000 0.661846 6.626678
v 0.000000 -0.201513 6.626678
v 0.312533 -0.142954 6.626678
v 0.492524 0.006179 6.626678
v 0.546653 0.224748 6.626678
v 0.473415 0.443292 6.626678
v 0.273326 0.603285 6.626678
v 0.000000 0.329071 7.919964
v 0.000000 -0.164837 7.919964
v 0.164784 -0.132920 7.919964
v 0.285415 -0.045723 7.919964
v 0.329569 0.090844 7.919964
v 0.285415 0.209957 7.919964
v 0.164784 0.297155 7.919964
v 0.235430 -0.156494 7.305172
v 0.000000 -0.205115 7.305172
v 0.235430 0.472086 7.305172
v 0.407777 0.339251 7.305172
v 0.000000 0.520707 7.305172
v 0.407777 -0.023659 7.305172
v 0.470860 0.157796 7.305172
v 0.000000 0.037112 8.652924
v 0.000000 -0.048441 8.652924
v 0.029589 -0.042710 8.652924
v 0.051249 -0.027052 8.652924
v 0.059178 -0.005664 8.652924
v 0.051249 0.015724 8.652924
v 0.029589 0.031382 8.652924
v 0.000000 0.021008 8.740887
v 0.000000 -0.032337 8.740887
v 0.014586 -0.028763 8.740887
v 0.025265 -0.019000 8.740887
v 0.029173 -0.005664 8.740887
v 0.025265 0.007672 8.740887
v 0.014586 0.017435 8.740887
v 0.000000 0.021008 9.208591
v 0.000000 -0.032337 9.208591
v 0.014586 -0.028763 9.208591
v 0.025264 -0.019000 9.208591
v 0.029173 -0.005664 9.208591
v 0.025264 0.007672 9.208591
v 0.014586 0.017435 9.208591
v 0.000000 0.003871 9.240005
v 0.000000 -0.015199 9.240005
v 0.005213 -0.013922 9.240005
v 0.009031 -0.010432 9.240005
v 0.010428 -0.005664 9.240005
v 0.009031 -0.000897 9.240005
v 0.005213 0.002593 9.240005
v 0.397842 -0.072273 6.626678
v 0.221960 -0.091592 7.919964
v 0.317116 -0.093535 7.305172
v 0.039855 -0.035289 8.652924
v 0.019647 -0.024136 8.740887
v 0.019647 -0.024136 9.208591
v 0.007023 -0.012268 9.240005
v -0.312533 -0.142954 6.626678
v -0.492524 0.006179 6.626678
v -0.546653 0.224748 6.626678
v -0.473415 0.443292 6.626678
v -0.273326 0.603285 6.626678
v -0.164784 -0.132920 7.919964
v -0.285415 -0.045723 7.919964
v -0.329569 0.090844 7.919964
v -0.285415 0.209957 7.919964
v -0.164784 0.297155 7.919964
v -0.235430 -0.156494 7.305172
v -0.235430 0.472086 7.305172
v -0.407777 0.339251 7.305172
v -0.407777 -0.023659 7.305172
v -0.470860 0.157796 7.305172
v -0.029589 -0.042710 8.652924
v -0.051249 -0.027052 8.652924
v -0.059178 -0.005664 8.652924
v -0.051249 0.015724 8.652924
v -0.029589 0.031382 8.652924
v -0.014586 -0.028763 8.740887
v -0.025265 -0.019000 8.740887
v -0.029173 -0.005664 8.740887
v -0.025265 0.007672 8.740887
v -0.014586 0.017435 8.740887
v -0.014586 -0.028763 9.208591
v -0.025264 -0.019000 9.208591
v -0.029173 -0.005664 9.208591
v -0.025264 0.007672 9.208591
v -0.014586 0.017435 9.208591
v -0.005213 -0.013922 9.240005
v -0.009031 -0.010432 9.240005
v -0.010428 -0.005664 9.240005
v -0.009031 -0.000897 9.240005
v -0.005213 0.002593 9.240005
v -0.397842 -0.072273 6.626678
v -0.221960 -0.091592 7.919964
v -0.317116 -0.093535 7.305172
v -0.039855 -0.035289 8.652924
v -0.019647 -0.024136 8.740887
v -0.019647 -0.024136 9.208591
v -0.007023 -0.012268 9.240005
v 0.000000 -0.185655 3.971033
v 0.000000 -0.696686 3.971033
v 0.291250 -0.655149 3.971033
v 0.522207 -0.535384 3.971033
v 0.664554 -0.372966 3.971033
v 0.469280 -0.124198 3.971033
v 0.251142 -0.172439 3.971033
v 0.668529 -0.161267 3.971033
v -0.291250 -0.655149 3.971033
v -0.522207 -0.535384 3.971033
v -0.664554 -0.372966 3.971033
v -0.469280 -0.124198 3.971033
v -0.251142 -0.172439 3.971033
v -0.668529 -0.161267 3.971033
v 0.283519 -0.631019 3.971033
v 0.000000 -0.671453 3.971033
v 0.506526 -0.515377 3.971033
v 0.639749 -0.363368 3.971033
v 0.254518 -0.197275 3.971033
v 0.469710 -0.149687 3.971033
v 0.000000 -0.210669 3.971033
v 0.643156 -0.181955 3.971033
v -0.283519 -0.631019 3.971033
v -0.506526 -0.515377 3.971033
v -0.639749 -0.363368 3.971033
v -0.254518 -0.197275 3.971033
v -0.469710 -0.149687 3.971033
v -0.643156 -0.181955 3.971033
v 0.283519 -0.454131 2.350784
v 0.000000 -0.494565 2.350784
v 0.506526 -0.338489 2.350784
v 0.639749 -0.248381 2.350784
v 0.254518 -0.082288 2.350784
v 0.469710 -0.034700 2.350784
v 0.000000 -0.095682 2.350784
v 0.643156 -0.066968 2.350784
v -0.283519 -0.454131 2.350784
v -0.506526 -0.338489 2.350784
v -0.639749 -0.248381 2.350784
v -0.254518 -0.082288 2.350784
v -0.469710 -0.034700 2.350784
v -0.643156 -0.066968 2.350784
v 0.469710 -0.103706 3.224334
v 0.643156 -0.124461 3.224334
v 0.000000 -0.578496 3.224334
v -0.283519 -0.538061 3.224334
v 0.283519 -0.538061 3.224334
v -0.506526 -0.422419 3.224334
v 0.506526 -0.422419 3.224334
v -0.639749 -0.305874 3.224334
v 0.639749 -0.305874 3.224334
v -0.469710 -0.103706 3.224334
v -0.254518 -0.151295 3.224334
v 0.254518 -0.151295 3.224334
v 0.000000 -0.164688 3.224334
v -0.643156 -0.124461 3.224334
v 0.283519 -0.398420 1.370277
v 0.000000 -0.438855 1.370277
v 0.506526 -0.282779 1.370277
v 0.639749 -0.192670 1.370277
v 0.254518 -0.026578 1.370277
v 0.469710 0.021011 1.370277
v 0.000000 -0.039972 1.370277
v 0.643156 -0.011257 1.370277
v -0.283519 -0.398420 1.370277
v -0.506526 -0.282779 1.370277
v -0.639749 -0.192670 1.370277
v -0.254518 -0.026578 1.370277
v -0.469710 0.021011 1.370277
v -0.643156 -0.011257 1.370277
v 0.652441 -0.520687 0.529686
v 0.831872 -0.298669 0.529686
v 0.793124 -0.293826 -1.098964
v 0.789080 -0.293826 -1.229454
v 0.618684 -0.515061 -1.229454
v 0.300770 -0.661014 -1.229453
v 0.300770 -0.668050 0.529686
v 0.171365 -0.687635 -1.098964
v 0.171365 -0.685443 -1.229453
v 0.171365 -0.690185 -0.241573
v 0.652441 -0.406449 0.529686
v 0.773583 -0.184431 0.529686
v 0.734834 -0.179587 -1.098964
v 0.730790 -0.179587 -1.229454
v 0.618684 -0.400823 -1.229454
v 0.300770 -0.546776 -1.229453
v 0.300770 -0.604713 0.529686
v 0.171365 -0.600536 -1.098964
v 0.171365 -0.600111 -1.229453
v 0.171365 -0.603086 -0.241573
v 0.000000 -0.035657 0.529686
v 0.000000 0.186361 0.529686
v 0.000000 0.191205 -1.098964
v 0.000000 0.191205 -1.229454
v 0.000000 -0.030030 -1.229454
v 0.000000 -0.175984 -1.229453
v 0.000000 -0.604713 0.529686
v 0.000000 -0.602163 -1.098964
v 0.000000 -0.599971 -1.229453
v 0.000000 -0.604713 -0.241573
v 0.365395 0.165839 -1.229454
v 0.367417 0.165839 -1.098964
v 0.085682 -0.602342 -1.229453
v 0.085682 -0.603650 -1.098964
v 0.326220 -0.221053 0.529686
v 0.386791 0.160996 0.529686
v 0.309342 -0.215426 -1.229454
v 0.150385 -0.361380 -1.229453
v 0.085682 -0.606200 -0.241573
v 0.150385 -0.604713 0.529686
v -0.652441 -0.520687 0.529686
v -0.831872 -0.298669 0.529686
v -0.793124 -0.293826 -1.098964
v -0.789080 -0.293826 -1.229454
v -0.618684 -0.515061 -1.229454
v -0.300770 -0.661014 -1.229453
v -0.300770 -0.668050 0.529686
v -0.171365 -0.687635 -1.098964
v -0.171365 -0.685443 -1.229453
v -0.171365 -0.690185 -0.241573
v -0.652441 -0.406449 0.529686
v -0.773583 -0.184431 0.529686
v -0.734834 -0.179587 -1.098964
v -0.730790 -0.179587 -1.229454
v -0.618684 -0.400823 -1.229454
v -0.300770 -0.546776 -1.229453
v -0.300770 -0.604713 0.529686
v -0.171365 -0.600536 -1.098964
v -0.171365 -0.600111 -1.229453
v -0.171365 -0.603086 -0.241573
v -0.365395 0.165839 -1.229454
v -0.367417 0.165839 -1.098964
v -0.085682 -0.602342 -1.229453
v -0.085682 -0.603650 -1.098964
v -0.326220 -0.221053 0.529686
v -0.386791 0.160996 0.529686
v -0.309342 -0.215426 -1.229454
v -0.150385 -0.361380 -1.229453
v -0.085682 -0.606200 -0.241573
v -0.150385 -0.604713 0.529686
v -0.018348 1.018084 1.033270
v -0.018348 1.272502 0.896581
v -0.018348 1.018084 0.801566
v -0.018348 1.272502 0.801566
v 0.018348 1.018084 1.033270
v 0.018348 1.272502 0.896581
v 0.018348 1.018084 0.801566
v 0.018348 1.272502 0.801566
v 0.101376 1.168233 2.037606
v 0.000000 1.178789 1.919484
v 0.320371 1.074821 3.063695
v 0.204489 1.144497 2.366251
v 0.360497 1.016146 3.438980
v 0.000000 1.468133 3.237498
v 0.327612 1.248921 3.351510
v 0.184488 1.422337 3.264040
v 0.077556 1.204813 2.101712
v 0.191698 1.189503 2.396270
v 0.000000 1.215321 2.009965
v 0.301413 1.126589 3.034294
v 0.337833 1.078726 3.338502
v 0.300459 1.228547 3.273814
v 0.170642 1.416365 3.193109
v 0.000000 1.459569 3.168348
v -0.101376 1.168233 2.037606
v -0.320371 1.074821 3.063695
v -0.204489 1.144497 2.366251
v -0.360497 1.016146 3.438980
v -0.327612 1.248921 3.351510
v -0.184488 1.422337 3.264040
v -0.077556 1.204813 2.101712
v -0.191698 1.189503 2.396270
v -0.301413 1.126589 3.034294
v -0.337833 1.078726 3.338502
v -0.300459 1.228547 3.273814
v -0.170642 1.416365 3.193109
v 0.090061 1.152834 2.043507
v 0.000000 1.160126 1.926673
v 0.301278 1.069106 3.065367
v 0.187662 1.134410 2.370137
v 0.341074 1.013048 3.442603
v 0.000000 1.448301 3.240084
v 0.309082 1.243951 3.357163
v 0.171492 1.408033 3.269188
v 0.064087 1.190993 2.106966
v 0.173919 1.180981 2.399629
v 0.000000 1.196658 2.017154
v 0.282462 1.120587 3.036496
v 0.318415 1.075094 3.341627
v 0.282405 1.222241 3.279668
v 0.160338 1.399761 3.197367
v 0.000000 1.439737 3.170934
v -0.090061 1.152834 2.043507
v -0.301278 1.069106 3.065367
v -0.187662 1.134410 2.370137
v -0.341074 1.013048 3.442603
v -0.309082 1.243951 3.357163
v -0.171492 1.408033 3.269188
v -0.064087 1.190993 2.106966
v -0.173919 1.180981 2.399629
v -0.282462 1.120587 3.036496
v -0.318415 1.075094 3.341627
v -0.282405 1.222241 3.279668
v -0.160338 1.399761 3.197367
v 0.101376 1.168233 2.037606
v 0.000000 1.178789 1.919484
v 0.320371 1.074821 3.063695
v 0.204489 1.144497 2.366251
v 0.360497 1.016146 3.438980
v 0.000000 1.468133 3.237498
v 0.327612 1.248921 3.351510
v 0.184488 1.422337 3.264040
v 0.077556 1.204813 2.101712
v 0.191698 1.189503 2.396270
v 0.000000 1.215321 2.009965
v 0.301413 1.126589 3.034294
v 0.337833 1.078726 3.338502
v 0.300459 1.228547 3.273814
v 0.170642 1.416365 3.193109
v 0.000000 1.459569 3.168348
v 0.000000 1.178789 1.919484
v 0.000000 1.468133 3.237498
v 0.000000 1.215321 2.009965
v 0.000000 1.459569 3.168348
v -0.101376 1.168233 2.037606
v -0.320371 1.074821 3.063695
v -0.204489 1.144497 2.366251
v -0.360497 1.016146 3.438980
v -0.327612 1.248921 3.351510
v -0.184488 1.422337 3.264040
v -0.077556 1.204813 2.101712
v -0.191698 1.189503 2.396270
v -0.301413 1.126589 3.034294
v -0.337833 1.078726 3.338502
v -0.300459 1.228547 3.273814
v -0.170642 1.416365 3.193109
v 0.489487 0.660990 5.324025
v 0.442892 0.643695 5.805868
v 0.000000 0.782318 5.905066
v 0.307456 0.730129 5.881871
v 0.173619 0.750501 5.894972
v 0.000000 0.840216 5.805958
v 0.302168 0.774626 5.623498
v 0.171145 0.801890 5.752780
v 0.414844 0.771817 5.054524
v 0.000000 0.865602 5.760636
v 0.259047 0.821747 5.607141
v 0.149738 0.835270 5.715232
v 0.362127 0.828049 5.132421
v 0.510028 0.713875 4.661313
v 0.387032 0.872876 4.794920
v 0.000000 1.335505 4.943986
v 0.151415 1.307409 4.937130
v 0.278562 1.179193 4.895408
v 0.408210 0.853215 4.728251
v 0.153088 1.328297 4.873651
v 0.000000 1.362345 4.883237
v 0.430761 0.819010 4.719787
v 0.281708 1.193878 4.831982
v -0.489487 0.660990 5.324025
v -0.442892 0.643695 5.805868
v -0.307456 0.730129 5.881871
v -0.173619 0.750501 5.894972
v -0.302168 0.774626 5.623498
v -0.171145 0.801890 5.752780
v -0.414844 0.771817 5.054524
v -0.259047 0.821747 5.607141
v -0.149738 0.835270 5.715231
v -0.362127 0.828049 5.132421
v -0.510028 0.713875 4.661313
v -0.387032 0.872876 4.794920
v -0.151415 1.307409 4.937130
v -0.278562 1.179193 4.895408
v -0.408210 0.853215 4.728251
v -0.153088 1.328297 4.873651
v -0.430761 0.819010 4.719787
v -0.281708 1.193878 4.831982
v 0.510863 0.681850 5.326835
v 0.460944 0.667409 5.809302
v 0.000000 0.809680 5.917368
v 0.320133 0.756809 5.887117
v 0.181686 0.777869 5.904240
v 0.000000 0.891212 5.776260
v 0.278854 0.842186 5.616625
v 0.162693 0.858392 5.729288
v 0.385684 0.846044 5.137031
v 0.533021 0.732948 4.664069
v 0.413655 0.886009 4.799246
v 0.000000 1.363486 4.954808
v 0.166105 1.332021 4.945989
v 0.303990 1.194026 4.901191
v 0.434271 0.867487 4.732392
v 0.167949 1.352823 4.882463
v 0.000000 1.390325 4.894059
v 0.454549 0.837010 4.722968
v 0.307573 1.207972 4.837674
v -0.510863 0.681850 5.326835
v -0.460944 0.667409 5.809302
v -0.320133 0.756809 5.887117
v -0.181686 0.777869 5.904240
v -0.278854 0.842186 5.616625
v -0.162693 0.858392 5.729288
v -0.385684 0.846044 5.137031
v -0.533021 0.732948 4.664069
v -0.413655 0.886009 4.799246
v -0.166105 1.332021 4.945989
v -0.303990 1.194026 4.901191
v -0.434271 0.867487 4.732392
v -0.167949 1.352823 4.882463
v -0.454549 0.837010 4.722968
v -0.307573 1.207972 4.837674
v 0.510863 0.681850 5.326835
v 0.460944 0.667409 5.809302
v 0.000000 0.809680 5.917368
v 0.320133 0.756809 5.887117
v 0.181686 0.777869 5.904240
v 0.000000 0.866847 5.819771
v 0.320133 0.797888 5.629509
v 0.181686 0.827730 5.763786
v 0.438251 0.790274 5.057904
v 0.000000 0.891212 5.776260
v 0.278854 0.842186 5.616625
v 0.162693 0.858392 5.729288
v 0.385684 0.846044 5.137031
v 0.533021 0.732948 4.664069
v 0.413655 0.886009 4.799246
v 0.000000 1.363486 4.954808
v 0.166105 1.332021 4.945989
v 0.303990 1.194026 4.901191
v 0.434271 0.867487 4.732392
v 0.167949 1.352823 4.882463
v 0.000000 1.390325 4.894059
v 0.454549 0.837010 4.722968
v 0.307573 1.207972 4.837674
v 0.000000 0.809680 5.917368
v 0.000000 0.866847 5.819771
v 0.000000 0.891212 5.776260
v 0.000000 1.363486 4.954808
v 0.000000 1.390325 4.894059
v -0.510863 0.681850 5.326835
v -0.460944 0.667409 5.809302
v -0.320133 0.756809 5.887117
v -0.181686 0.777869 5.904240
v -0.320133 0.797888 5.629509
v -0.181686 0.827730 5.763786
v -0.438251 0.790274 5.057904
v -0.278854 0.842186 5.616625
v -0.162693 0.858392 5.729288
v -0.385684 0.846044 5.137031
v -0.533021 0.732948 4.664069
v -0.413655 0.886009 4.799246
v -0.166105 1.332021 4.945989
v -0.303990 1.194026 4.901191
v -0.434271 0.867487 4.732392
v -0.167949 1.352823 4.882463
v -0.454549 0.837010 4.722968
v -0.307573 1.207972 4.837674
v -0.018000 -0.317775 6.535769
v -0.018000 -0.108462 6.555266
v -0.018000 -0.317775 6.458945
v -0.018000 -0.108462 6.437281
v 0.018000 -0.317775 6.535769
v 0.018000 -0.108462 6.555266
v 0.018000 -0.317775 6.458945
v 0.018000 -0.108462 6.437281
v 0.301353 -0.749427 3.146962
v 0.301353 -0.751976 2.366251
v 0.000000 -0.785372 1.621792
v 0.300269 -0.733687 3.284543
v 0.000000 -0.784740 3.284543
v 0.301353 -0.732980 1.761460
v 0.181924 -0.751095 1.621792
v 0.382812 -0.648724 3.296542
v 0.382812 -0.648724 2.347512
v 0.000000 -0.648724 1.442550
v 0.381109 -0.618444 3.463785
v 0.000000 -0.618444 3.463785
v 0.382812 -0.648724 1.612330
v 0.195040 -0.648724 1.442550
v 0.382812 -0.606029 3.296542
v 0.382812 -0.567526 2.347512
v 0.000000 -0.567526 1.442550
v 0.382812 -0.567526 1.612330
v 0.195040 -0.567526 1.442550
v -0.301353 -0.749427 3.146962
v -0.301353 -0.751976 2.366251
v -0.300269 -0.733687 3.284543
v -0.301353 -0.732980 1.761460
v -0.181924 -0.751095 1.621792
v -0.382812 -0.648724 3.296542
v -0.382812 -0.648724 2.347512
v -0.381109 -0.618444 3.463785
v -0.382812 -0.648724 1.612330
v -0.195040 -0.648724 1.442550
v -0.382812 -0.606029 3.296542
v -0.382812 -0.567526 2.347512
v -0.382812 -0.567526 1.612330
v -0.195040 -0.567526 1.442550
v -0.048361 3.687545 -6.392026
v -0.048361 3.867543 -6.604126
v -0.090000 3.687545 -7.554667
v -0.090000 3.867543 -7.554667
v 0.048361 3.687545 -6.392026
v 0.048361 3.867543 -6.604126
v 0.090000 3.687545 -7.554667
v 0.090000 3.867543 -7.554667
v -0.066635 3.710910 -7.740757
v -0.066635 3.844180 -7.740757
v 0.066635 3.710910 -7.740757
v 0.066635 3.844180 -7.740757
v -0.090000 3.687545 -7.026371
v -0.090000 3.867543 -7.026371
v 0.090000 3.687545 -7.026371
v 0.090000 3.867543 -7.026371
v -0.077525 1.522943 -7.060094
v -0.077525 1.677994 -7.060094
v -0.077525 1.495567 -7.287440
v -0.077525 1.648562 -7.326469
v 0.077525 1.522943 -7.060094
v 0.077525 1.677994 -7.060094
v 0.077525 1.495567 -7.287440
v 0.077525 1.648562 -7.326469
v -0.077525 1.508253 -6.971765
v -0.077525 1.653031 -6.918356
v 0.077525 1.653031 -6.918356
v 0.077525 1.508253 -6.971765
v -0.077525 1.347509 -6.672314
v -0.077525 1.492288 -6.618905
v 0.077525 1.492288 -6.618905
v 0.077525 1.347509 -6.672314
v -0.037130 1.518898 -7.362402
v -0.037130 1.592174 -7.381095
v 0.037130 1.518898 -7.362402
v 0.037130 1.592174 -7.381095
v 4.255791 0.322124 -0.657888
v 4.225247 0.309472 -0.657888
v 4.212596 0.278928 -0.657888
v 4.225247 0.248385 -0.657888
v 4.255791 0.235732 -0.657888
v 4.286335 0.248385 -0.657888
v 4.298986 0.278928 -0.657888
v 4.286335 0.309472 -0.657888
v 4.255791 0.299321 -0.877820
v 4.241372 0.293348 -0.877820
v 4.235399 0.278928 -0.877820
v 4.241372 0.264509 -0.877820
v 4.255791 0.258535 -0.877820
v 4.270211 0.264509 -0.877820
v 4.276184 0.278928 -0.877820
v 4.270211 0.293348 -0.877820
v 4.298986 0.278928 -0.425337
v 4.286335 0.248385 -0.425337
v 4.255791 0.235732 -0.425337
v 4.225247 0.248385 -0.425337
v 4.212596 0.278928 -0.425337
v 4.225247 0.309472 -0.425337
v 4.286335 0.309472 -0.425337
v 4.255791 0.322124 -0.425337
v -4.255791 0.322124 -0.657888
v -4.225247 0.309472 -0.657888
v -4.212596 0.278928 -0.657888
v -4.225247 0.248385 -0.657888
v -4.255791 0.235732 -0.657888
v -4.286335 0.248385 -0.657888
v -4.298986 0.278928 -0.657888
v -4.286335 0.309472 -0.657888
v -4.255791 0.299321 -0.877820
v -4.241372 0.293348 -0.877820
v -4.235399 0.278928 -0.877820
v -4.241372 0.264509 -0.877820
v -4.255791 0.258535 -0.877820
v -4.270211 0.264509 -0.877820
v -4.276184 0.278928 -0.877820
v -4.270211 0.293348 -0.877820
v -4.298986 0.278928 -0.425337
v -4.286335 0.248385 -0.425337
v -4.255791 0.235732 -0.425337
v -4.225247 0.248385 -0.425337
v -4.212596 0.278928 -0.425337
v -4.225247 0.309472 -0.425337
v -4.286335 0.309472 -0.425337
v -4.255791 0.322124 -0.425337
v 0.665908 -0.370299 3.688708
v 0.665908 -0.292155 3.688708
v 0.729415 -0.370299 3.688708
v 0.729415 -0.292155 3.688708
v 0.695495 -0.319671 3.583805
v 0.695495 -0.342784 3.583805
v 0.703972 -0.342784 3.583805
v 0.703972 -0.319671 3.583805
v -0.665908 -0.370299 3.688708
v -0.665908 -0.292155 3.688708
v -0.729415 -0.370299 3.688708
v -0.729415 -0.292155 3.688708
v -0.695495 -0.319671 3.583805
v -0.695495 -0.342784 3.583805
v -0.703972 -0.342784 3.583805
v -0.703972 -0.319671 3.583805
vn 0.0399 0.9972 0.0626
vn 0.0087 0.9999 -0.0100
vn 0.0975 0.9835 0.1526
vn 0.0058 0.9965 -0.0835
vn 1.0000 -0.0000 -0.0000
vn -0.0399 0.9972 0.0626
vn -0.0087 0.9999 -0.0100
vn -0.0975 0.9835 0.1526
vn -0.0052 0.9965 -0.0840
vn -0.0058 0.9965 -0.0835
vn -0.0024 0.9965 -0.0835
vn -1.0000 -0.0000 -0.0000
vn -0.1119 0.9776 0.1782
vn -0.0047 0.9995 -0.0321
vn -0.0300 0.9988 0.0381
vn 0.1119 0.9776 0.1782
vn 0.0047 0.9995 -0.0321
vn 0.0300 0.9988 0.0381
vn 0.0013 0.9987 -0.0517
vn -0.0011 0.9965 -0.0835
vn -0.0013 0.9987 -0.0517
vn 0.0011 0.9965 -0.0835
vn 0.9999 -0.0000 -0.0162
vn 1.0000 0.0040 -0.0002
vn 1.0000 0.0030 -0.0005
vn 1.0000 0.0025 -0.0006
vn -0.9999 -0.0000 -0.0162
vn -1.0000 0.0030 -0.0005
vn -1.0000 0.0044 -0.0000
vn -1.0000 0.0014 0.0010
vn 0.5695 0.8218 -0.0174
vn 0.3069 0.9516 -0.0186
vn 0.5976 0.8016 -0.0160
vn 0.3158 0.9488 -0.0000
vn 0.5684 0.8228 -0.0000
vn 0.6017 0.7987 -0.0000
vn 0.3419 0.9397 -0.0000
vn 0.1315 0.9908 0.0305
vn 0.5524 0.8335 -0.0104
vn 0.6598 0.7511 -0.0220
vn 0.3041 0.9525 -0.0182
vn 0.2841 0.9574 -0.0517
vn 0.5355 0.8437 -0.0383
vn 0.7848 0.6134 -0.0884
vn 0.2697 0.9607 -0.0658
vn 0.2053 0.9731 -0.1049
vn 0.2054 0.9737 -0.0982
vn 0.2358 0.9690 -0.0731
vn 0.1384 0.9861 -0.0916
vn -0.0000 -0.0000 -1.0000
vn 0.1240 0.9894 -0.0752
vn -1.0000 -0.0044 -0.0000
vn 0.1914 0.9813 -0.0185
vn -0.0000 -0.0000 1.0000
vn 0.3470 0.9378 0.0022
vn 0.3172 0.9483 0.0101
vn 0.3470 0.9377 -0.0146
vn 0.3714 0.9284 -0.0108
vn -0.5695 0.8218 -0.0174
vn -0.3069 0.9516 -0.0186
vn -0.5976 0.8016 -0.0160
vn -0.3158 0.9488 -0.0000
vn -0.5684 0.8228 -0.0000
vn -0.6017 0.7987 -0.0000
vn -0.3419 0.9397 -0.0000
vn -0.3458 0.9383 0.0017
vn -0.3429 0.9394 0.0005
vn -0.1315 0.9908 0.0305
vn -0.5524 0.8335 -0.0104
vn -0.6598 0.7511 -0.0220
vn -0.3041 0.9525 -0.0182
vn -0.3057 0.9510 -0.0466
vn -0.5355 0.8437 -0.0383
vn -0.7848 0.6134 -0.0884
vn -0.2697 0.9607 -0.0658
vn -0.2053 0.9731 -0.1049
vn -0.2053 0.9734 -0.1015
vn -0.2054 0.9737 -0.0982
vn -0.2358 0.9690 -0.0731
vn -0.1384 0.9861 -0.0916
vn -0.1240 0.9894 -0.0752
vn 1.0000 -0.0030 0.0003
vn 1.0000 -0.0044 -0.0000
vn 1.0000 -0.0011 0.0011
vn -0.1914 0.9813 -0.0185
vn -0.3471 0.9378 0.0022
vn -0.3091 0.9509 0.0133
vn -0.3470 0.9377 -0.0146
vn -0.3714 0.9284 -0.0108
vn -0.6671 0.7441 -0.0356
vn -0.6102 0.7828 0.1222
vn -0.3850 0.9210 0.0596
vn -0.6317 0.7750 0.0187
vn -0.3668 0.9277 -0.0697
vn -0.1983 0.9766 -0.0829
vn -0.3709 0.9273 0.0503
vn 0.6671 0.7441 -0.0356
vn 0.6102 0.7828 0.1222
vn 0.3850 0.9210 0.0596
vn 0.6317 0.7750 0.0187
vn 0.3668 0.9277 -0.0697
vn 0.1983 0.9766 -0.0829
vn 0.3709 0.9273 0.0503
vn -0.9493 0.2889 0.1237
vn -0.6374 -0.7705 0.0007
vn -0.6374 -0.7705 0.0006
vn -0.6239 0.7562 0.1974
vn -0.9503 -0.2971 0.0935
vn -0.1839 -0.9819 -0.0444
vn -0.1780 0.9612 0.2105
vn -0.1702 -0.9827 -0.0734
vn -0.9239 0.3726 0.0873
vn -0.6513 -0.7587 -0.0143
vn -0.6513 -0.7588 -0.0072
vn -0.6513 -0.7588 -0.0069
vn -0.6935 0.7170 0.0707
vn -0.8838 0.4663 0.0388
vn -0.8766 0.4762 0.0694
vn -0.1209 -0.9918 -0.0417
vn -0.6322 -0.7715 0.0707
vn -0.5845 0.7993 0.1394
vn -0.6321 0.7449 0.2133
vn -0.1653 0.9734 0.1588
vn -0.4891 -0.8662 0.1021
vn -0.7523 0.6263 0.2046
vn -0.9823 0.1308 0.1338
vn -0.9537 -0.2982 0.0398
vn -0.1634 0.9797 0.1159
vn -0.4039 -0.9148 0.0018
vn -0.1045 -0.9931 -0.0540
vn -0.1043 -0.9931 -0.0544
vn -0.1035 -0.9930 -0.0562
vn -0.8186 0.5700 0.0699
vn -0.7882 0.6020 0.1278
vn -0.6804 0.7189 0.1422
vn -0.3738 -0.9275 0.0064
vn -0.5847 -0.8088 0.0632
vn -0.9967 0.0081 0.0802
vn -0.9676 -0.2396 0.0798
vn -0.1024 -0.9930 -0.0584
vn -0.7379 0.6716 0.0668
vn -0.5327 0.8380 0.1185
vn -0.6300 0.7467 0.2135
vn -0.2865 -0.9577 0.0278
vn -0.7116 0.7006 0.0516
vn -0.4967 -0.8629 0.0937
vn -0.6542 0.7552 0.0396
vn -0.4403 0.8948 -0.0735
vn -0.1398 -0.9899 -0.0253
vn -0.2779 -0.9602 -0.0296
vn -0.4787 -0.8769 0.0439
vn -0.6512 -0.7588 -0.0146
vn -0.6374 -0.7705 0.0009
vn 0.0523 0.9943 0.0934
vn -0.1832 0.9811 0.0630
vn -0.7631 -0.6396 0.0923
vn -0.1535 -0.9808 0.1200
vn -0.9952 -0.0180 0.0962
vn 0.2157 0.9755 0.0423
vn -0.4825 -0.8698 0.1033
vn 0.0701 0.9938 0.0867
vn -0.7774 -0.6283 0.0305
vn -0.9973 -0.0055 0.0726
vn 0.2163 0.9722 0.0894
vn -0.4775 -0.8786 0.0063
vn -0.1883 0.9765 0.1052
vn -0.5976 -0.7991 0.0649
vn -0.5625 -0.8266 0.0192
vn -0.5294 -0.8464 0.0578
vn -0.1453 -0.9885 -0.0425
vn -0.9191 0.3899 0.0572
vn -0.8991 0.4346 0.0524
vn -0.7418 0.6662 0.0764
vn -0.7828 0.6220 0.0162
vn -0.8028 0.5957 0.0265
vn -0.7576 0.6520 0.0313
vn -0.7811 0.6207 -0.0678
vn -0.7535 0.6502 0.0974
vn 0.1495 0.9887 0.0107
vn -0.1099 -0.9926 -0.0509
vn -0.8634 -0.0186 0.5041
vn -0.8602 0.1073 0.4985
vn -0.9207 -0.0522 0.3868
vn -0.9262 0.0765 0.3693
vn 0.1990 0.9794 -0.0345
vn 0.0524 0.9962 -0.0702
vn 0.0431 0.9934 -0.1059
vn 0.1618 0.9849 -0.0614
vn -0.9989 -0.0427 0.0208
vn -0.9944 -0.0187 0.1037
vn -0.1465 0.9892 -0.0000
vn -0.1464 0.9887 -0.0326
vn -0.1825 0.9810 -0.0659
vn -0.1996 -0.9797 0.0195
vn -0.0525 -0.9973 0.0523
vn -0.0433 -0.9934 0.1058
vn -0.1627 -0.9848 0.0610
vn 0.9878 0.1238 0.0950
vn 0.9793 0.0184 -0.2016
vn 0.1414 -0.9899 -0.0131
vn 0.1413 -0.9894 0.0336
vn 0.1826 -0.9815 0.0568
vn 0.0076 0.0672 0.9977
vn 0.0021 0.0950 0.9955
vn 0.0760 -0.1752 0.9816
vn -0.4101 -0.7122 0.5697
vn -0.6189 -0.0953 0.7796
vn -0.4577 -0.8826 0.1070
vn -0.4801 -0.8719 0.0966
vn 0.9493 0.2889 0.1237
vn 0.6374 -0.7705 0.0007
vn 0.6374 -0.7705 0.0006
vn 0.6239 0.7562 0.1974
vn 0.9503 -0.2971 0.0935
vn 0.1839 -0.9819 -0.0444
vn 0.1780 0.9612 0.2105
vn 0.1702 -0.9827 -0.0734
vn 0.9239 0.3726 0.0873
vn 0.6513 -0.7587 -0.0143
vn 0.6513 -0.7588 -0.0069
vn 0.6513 -0.7588 -0.0072
vn 0.6935 0.7170 0.0707
vn 0.8838 0.4663 0.0388
vn 0.8766 0.4762 0.0694
vn 0.1209 -0.9918 -0.0417
vn 0.6322 -0.7715 0.0707
vn 0.5845 0.7993 0.1394
vn 0.6321 0.7449 0.2133
vn 0.1653 0.9734 0.1588
vn 0.4891 -0.8662 0.1021
vn 0.7523 0.6263 0.2046
vn 0.9823 0.1308 0.1338
vn 0.9537 -0.2982 0.0398
vn 0.1634 0.9797 0.1159
vn 0.4039 -0.9148 0.0018
vn 0.1045 -0.9931 -0.0540
vn 0.1035 -0.9930 -0.0562
vn 0.1043 -0.9931 -0.0544
vn 0.8186 0.5700 0.0699
vn 0.7882 0.6020 0.1278
vn 0.6804 0.7189 0.1422
vn 0.3738 -0.9275 0.0064
vn 0.5847 -0.8088 0.0632
vn 0.9967 0.0081 0.0802
vn 0.9676 -0.2396 0.0798
vn 0.1024 -0.9930 -0.0584
vn 0.7379 0.6716 0.0668
vn 0.5327 0.8380 0.1185
vn 0.6300 0.7467 0.2135
vn 0.2865 -0.9577 0.0278
vn 0.7116 0.7006 0.0516
vn 0.4967 -0.8629 0.0937
vn 0.6542 0.7552 0.0396
vn 0.4403 0.8948 -0.0735
vn 0.1398 -0.9899 -0.0253
vn 0.2779 -0.9602 -0.0296
vn 0.4787 -0.8769 0.0439
vn 0.6512 -0.7588 -0.0146
vn 0.6374 -0.7705 0.0009
vn -0.0523 0.9943 0.0934
vn 0.1832 0.9811 0.0630
vn 0.7631 -0.6396 0.0923
vn 0.1535 -0.9808 0.1200
vn 0.9952 -0.0180 0.0962
vn -0.2157 0.9755 0.0423
vn 0.4826 -0.8698 0.1027
vn 0.4825 -0.8698 0.1033
vn 0.4821 -0.8701 0.1020
vn -0.0701 0.9938 0.0867
vn 0.7774 -0.6283 0.0305
vn 0.9973 -0.0055 0.0726
vn -0.2163 0.9722 0.0894
vn 0.4775 -0.8786 0.0063
vn 0.1883 0.9765 0.1052
vn 0.5976 -0.7991 0.0649
vn 0.5625 -0.8266 0.0192
vn 0.5294 -0.8464 0.0578
vn 0.1453 -0.9885 -0.0425
vn 0.9191 0.3899 0.0572
vn 0.8991 0.4346 0.0524
vn 0.7418 0.6662 0.0764
vn 0.7828 0.6220 0.0162
vn 0.8028 0.5957 0.0265
vn 0.7576 0.6520 0.0313
vn 0.7811 0.6207 -0.0678
vn 0.7535 0.6502 0.0974
vn -0.1495 0.9887 0.0107
vn 0.1099 -0.9926 -0.0509
vn 0.8634 -0.0186 0.5041
vn 0.8602 0.1073 0.4985
vn 0.9207 -0.0522 0.3868
vn 0.9262 0.0765 0.3693
vn -0.1990 0.9794 -0.0345
vn -0.0524 0.9962 -0.0702
vn -0.0431 0.9934 -0.1059
vn -0.1618 0.9849 -0.0614
vn 0.9989 -0.0427 0.0208
vn 0.9944 -0.0187 0.1037
vn 0.1465 0.9892 -0.0000
vn 0.1464 0.9887 -0.0326
vn 0.1825 0.9810 -0.0659
vn 0.1996 -0.9797 0.0195
vn 0.0525 -0.9973 0.0523
vn 0.0433 -0.9934 0.1058
vn 0.1627 -0.9848 0.0610
vn -0.9878 0.1238 0.0950
vn -0.9793 0.0184 -0.2016
vn -0.1414 -0.9899 -0.0131
vn -0.1413 -0.9894 0.0336
vn -0.1826 -0.9815 0.0568
vn -0.0076 0.0672 0.9977
vn -0.0021 0.0950 0.9955
vn -0.0760 -0.1752 0.9816
vn 0.4101 -0.7122 0.5697
vn 0.6189 -0.0953 0.7796
vn 0.4801 -0.8719 0.0966
vn 0.4577 -0.8826 0.1070
vn -0.9997 -0.0000 -0.0225
vn 0.9997 -0.0000 -0.0225
vn 0.1409 -0.9895 0.0335
vn 0.9997 -0.0214 -0.0137
vn 0.9975 -0.0652 -0.0266
vn 0.4591 -0.8869 -0.0517
vn 0.7705 -0.6360 -0.0415
vn 0.9955 -0.0941 -0.0142
vn 0.1779 -0.9825 -0.0559
vn 0.2102 -0.9777 -0.0009
vn 0.9923 -0.1222 -0.0221
vn 0.1541 -0.9793 -0.1312
vn 0.4697 -0.8772 -0.0991
vn 0.7801 -0.6219 -0.0687
vn 0.1554 -0.9874 -0.0313
vn 0.1305 -0.9913 -0.0183
vn 0.4306 -0.9023 -0.0180
vn 0.1855 -0.9825 -0.0165
vn 0.7851 -0.6188 -0.0257
vn 0.7766 -0.6294 -0.0279
vn 0.1855 -0.9826 -0.0029
vn 0.1855 -0.9826 -0.0097
vn 0.1339 -0.9905 0.0312
vn 0.1911 -0.9816 0.0048
vn -0.0000 -0.9940 -0.1095
vn 0.0673 -0.9975 -0.0218
vn 1.0000 0.0023 0.0001
vn 0.1852 -0.9812 -0.0544
vn 0.3861 -0.9210 -0.0512
vn -0.1855 -0.9825 -0.0165
vn -0.1855 -0.9826 -0.0029
vn -0.1855 -0.9826 -0.0097
vn -0.1409 -0.9895 0.0335
vn -0.1342 -0.9905 0.0314
vn -0.1357 -0.9902 0.0318
vn -0.9997 -0.0214 -0.0137
vn -0.9957 -0.0875 -0.0309
vn -0.4591 -0.8869 -0.0517
vn -0.7705 -0.6360 -0.0415
vn -0.9955 -0.0941 -0.0142
vn -0.1779 -0.9825 -0.0559
vn -0.2102 -0.9777 -0.0009
vn -0.2103 -0.9776 -0.0009
vn -0.9923 -0.1222 -0.0221
vn -0.1541 -0.9793 -0.1312
vn -0.4697 -0.8772 -0.0991
vn -0.7801 -0.6219 -0.0687
vn -0.1554 -0.9874 -0.0313
vn -0.1305 -0.9913 -0.0183
vn -0.4306 -0.9023 -0.0180
vn -0.7851 -0.6188 -0.0257
vn -0.7766 -0.6294 -0.0279
vn -0.1339 -0.9905 0.0312
vn -0.1911 -0.9816 0.0048
vn -0.0673 -0.9975 -0.0218
vn -1.0000 0.0023 0.0001
vn -0.1852 -0.9812 -0.0544
vn -0.3861 -0.9210 -0.0512
vn -0.6264 -0.7706 0.1175
vn -0.1795 -0.9837 -0.0120
vn -0.9992 0.0283 0.0287
vn -0.3869 -0.9217 -0.0290
vn -0.7970 -0.6036 0.0225
vn -0.3863 -0.9209 -0.0512
vn -0.9983 -0.0565 0.0112
vn -0.1849 -0.9813 -0.0544
vn -0.1851 -0.9822 -0.0309
vn -0.8039 -0.5942 -0.0247
vn 0.6264 -0.7706 0.1175
vn 0.1795 -0.9837 -0.0120
vn 0.9992 0.0283 0.0287
vn 0.3869 -0.9217 -0.0290
vn 0.7970 -0.6036 0.0225
vn 0.3863 -0.9209 -0.0512
vn 0.9983 -0.0565 0.0112
vn 0.1849 -0.9812 -0.0544
vn 0.1851 -0.9812 -0.0544
vn 0.1851 -0.9812 -0.0545
vn 0.1851 -0.9822 -0.0309
vn 0.8039 -0.5942 -0.0247
vn 0.0125 -0.9999 0.0107
vn 0.0165 -0.9999 -0.0011
vn 0.0126 -0.9999 0.0098
vn 0.0054 -0.9900 -0.1412
vn 0.0030 -0.9901 -0.1403
vn 0.0027 -0.9900 -0.1413
vn 0.0165 -0.9999 -0.0000
vn 0.0951 -0.9803 0.1729
vn -0.0125 -0.9999 0.0107
vn -0.0126 -0.9999 0.0098
vn -0.0165 -0.9999 -0.0011
vn -0.0027 -0.9900 -0.1413
vn -0.0165 -0.9999 -0.0000
vn -0.0951 -0.9803 0.1729
vn -0.0082 -0.9899 -0.1412
vn -0.1473 -0.9534 0.2632
vn -0.0047 -0.9932 -0.1162
vn -0.0203 -0.9994 0.0296
vn 0.1473 -0.9534 0.2632
vn 0.0047 -0.9932 -0.1162
vn 0.0203 -0.9994 0.0296
vn 0.0082 -0.9899 -0.1412
vn -0.0000 -0.4240 -0.9056
vn -0.0000 0.6649 0.7469
vn -0.0000 -1.0000 -0.0000
vn -0.0000 1.0000 -0.0000
vn 0.9836 0.1771 0.0356
vn 0.9544 0.2824 0.0963
vn 0.9942 0.1078 -0.0008
vn 0.9949 0.1010 -0.0004
vn 0.8937 0.3470 0.2846
vn 0.9996 0.0268 0.0005
vn 0.9996 0.0266 0.0003
vn 0.9997 0.0264 0.0001
vn 0.9956 -0.0344 -0.0867
vn -0.0000 -0.9990 0.0437
vn 0.7334 0.6689 0.1216
vn 0.7188 0.6803 0.1429
vn 0.9955 0.0943 -0.0000
vn 0.9996 0.0269 0.0006
vn 0.8294 0.4304 0.3561
vn -0.0000 -0.5256 -0.8508
vn -0.9836 0.1771 0.0356
vn -0.9544 0.2824 0.0963
vn -0.9942 0.1078 -0.0008
vn -0.9949 0.1010 -0.0004
vn -0.8937 0.3470 0.2846
vn -0.9996 0.0268 0.0005
vn -0.9997 0.0264 0.0001
vn -0.9996 0.0266 0.0003
vn -0.9956 -0.0344 -0.0867
vn -0.7334 0.6689 0.1216
vn -0.7188 0.6803 0.1429
vn -0.9955 0.0943 -0.0000
vn -0.9996 0.0269 0.0006
vn -0.8294 0.4304 0.3561
vn 0.5262 -0.8431 -0.1112
vn 0.1742 -0.9808 -0.0874
vn 0.2163 0.9719 -0.0925
vn 0.5465 0.8304 -0.1086
vn 0.8682 0.4863 -0.0989
vn 0.9815 0.1695 -0.0891
vn 0.9773 -0.1790 -0.1137
vn 0.8106 -0.5716 -0.1273
vn -0.5262 -0.8431 -0.1112
vn -0.1742 -0.9808 -0.0874
vn -0.2163 0.9719 -0.0925
vn -0.5465 0.8304 -0.1086
vn -0.8682 0.4863 -0.0989
vn -0.9815 0.1695 -0.0891
vn -0.9773 -0.1790 -0.1137
vn -0.8106 -0.5716 -0.1273
vn 0.9740 -0.1937 -0.1178
vn -0.9740 0.1937 -0.1178
vn 0.9740 0.1937 -0.1178
vn -0.8257 0.5517 -0.1178
vn 0.8257 0.5517 -0.1178
vn -0.5517 0.8257 -0.1178
vn 0.5517 0.8257 -0.1178
vn -0.1937 0.9740 -0.1178
vn -0.1937 -0.9740 -0.1178
vn 0.1937 0.9740 -0.1178
vn 0.1937 -0.9740 -0.1178
vn -0.5517 -0.8257 -0.1178
vn 0.5517 -0.8257 -0.1178
vn -0.8257 -0.5517 -0.1178
vn 0.8257 -0.5517 -0.1178
vn -0.9740 -0.1937 -0.1178
vn 0.4783 -0.8684 -0.1309
vn 0.1455 -0.9829 -0.1133
vn 0.2439 0.9670 -0.0741
vn 0.5363 0.8392 -0.0904
vn 0.9156 0.3910 -0.0937
vn 0.9866 0.1350 -0.0914
vn 0.9818 -0.1503 -0.1163
vn 0.7809 -0.6085 -0.1409
vn -0.4783 -0.8684 -0.1309
vn -0.1455 -0.9829 -0.1133
vn -0.2439 0.9670 -0.0741
vn -0.5363 0.8392 -0.0904
vn -0.9156 0.3910 -0.0937
vn -0.9866 0.1350 -0.0914
vn -0.9818 -0.1503 -0.1163
vn -0.7809 -0.6085 -0.1409
vn -0.7884 -0.5927 -0.1645
vn -0.9755 -0.1600 -0.1507
vn -0.9808 0.1454 -0.1303
vn -0.8971 0.4194 -0.1392
vn -0.5367 0.8307 -0.1478
vn -0.2342 0.9630 -0.1334
vn -0.1543 -0.9800 -0.1259
vn -0.4936 -0.8570 -0.1479
vn 0.7884 -0.5927 -0.1645
vn 0.9755 -0.1600 -0.1507
vn 0.9808 0.1454 -0.1303
vn 0.8971 0.4194 -0.1392
vn 0.5367 0.8307 -0.1478
vn 0.2342 0.9630 -0.1334
vn 0.1543 -0.9800 -0.1259
vn 0.4936 -0.8570 -0.1479
vn -0.9063 -0.4226 -0.0000
vn 0.9063 0.4226 -0.0000
vn 0.2019 -0.4329 0.8786
vn 0.4132 -0.8861 -0.2099
vn -0.4223 0.9056 0.0391
vn 0.9063 -0.4226 -0.0000
vn -0.9063 0.4226 -0.0000
vn -0.2019 -0.4329 0.8786
vn -0.4132 -0.8861 -0.2099
vn 0.4223 0.9056 0.0391
vn 0.1771 0.9143 0.3642
vn 0.1969 -0.9785 0.0621
vn 0.5764 0.7675 0.2804
vn 0.5976 -0.7959 0.0970
vn 0.5979 -0.7962 0.0927
vn 0.5979 -0.7962 0.0931
vn 0.1888 0.9381 0.2905
vn 0.9326 -0.3145 0.1772
vn 0.9125 0.3256 0.2476
vn 0.9375 0.3195 0.1380
vn 0.9555 -0.2800 0.0931
vn 0.2021 0.9591 0.1981
vn 0.6238 -0.7798 0.0524
vn 0.6242 -0.7799 0.0467
vn 0.6240 -0.7800 0.0469
vn 0.6079 0.7732 0.1804
vn 0.1920 -0.9814 -0.0015
vn 0.9071 -0.2991 0.2963
vn 0.9028 -0.3073 0.3008
vn 0.9070 -0.2998 0.2956
vn 0.8731 0.3236 0.3647
vn 0.1879 -0.9700 0.1540
vn 0.5436 0.7520 0.3729
vn 0.5736 -0.7935 0.2035
vn 0.2026 0.9623 0.1817
vn 0.9025 -0.3077 0.3013
vn 0.9025 0.3077 0.3013
vn 0.2027 -0.9622 0.1817
vn 0.6006 0.7641 0.2355
vn 0.6012 -0.7653 0.2299
vn 0.5998 -0.7630 0.2408
vn 0.5994 -0.7634 0.2405
vn 0.2103 -0.8582 0.4682
vn 0.2614 -0.4972 0.8273
vn -0.0000 -0.5636 0.8260
vn 0.6748 0.7380 -0.0000
vn 0.6748 -0.7380 -0.0000
vn 0.2379 0.9713 -0.0000
vn 0.9596 -0.2812 -0.0000
vn 0.9596 0.2812 -0.0000
vn 0.2380 -0.9713 -0.0000
vn 0.5912 0.6467 0.4819
vn 0.2615 0.4972 0.8273
vn 0.4712 0.2985 0.8300
vn 0.5912 -0.6467 0.4819
vn 0.5913 -0.6467 0.4819
vn 0.4712 -0.2985 0.8300
vn 0.3434 -0.3757 0.8608
vn 0.2103 0.8582 0.4682
vn -0.0000 0.5636 0.8260
vn 0.8328 -0.2441 0.4969
vn 0.5555 -0.0000 0.8315
vn 0.8328 0.2441 0.4969
vn 0.6015 -0.7652 0.2296
vn 0.6240 -0.7797 0.0526
vn 0.5977 -0.7958 0.0971
vn -0.1771 0.9143 0.3642
vn -0.1969 -0.9785 0.0621
vn -0.5764 0.7675 0.2804
vn -0.5976 -0.7959 0.0971
vn -0.5979 -0.7962 0.0930
vn -0.5979 -0.7962 0.0927
vn -0.1888 0.9381 0.2905
vn -0.9326 -0.3145 0.1772
vn -0.9125 0.3256 0.2476
vn -0.9375 0.3195 0.1380
vn -0.9555 -0.2800 0.0931
vn -0.2021 0.9591 0.1981
vn -0.6238 -0.7798 0.0524
vn -0.6240 -0.7800 0.0468
vn -0.6242 -0.7799 0.0467
vn -0.6079 0.7732 0.1804
vn -0.1920 -0.9814 -0.0015
vn -0.9071 -0.2991 0.2963
vn -0.9070 -0.2998 0.2956
vn -0.9028 -0.3073 0.3008
vn -0.8731 0.3236 0.3647
vn -0.1879 -0.9700 0.1540
vn -0.5436 0.7520 0.3729
vn -0.5736 -0.7935 0.2035
vn -0.2026 0.9623 0.1817
vn -0.9025 -0.3077 0.3013
vn -0.9025 0.3077 0.3013
vn -0.2027 -0.9622 0.1817
vn -0.6006 0.7641 0.2355
vn -0.6011 -0.7654 0.2299
vn -0.5994 -0.7635 0.2405
vn -0.5998 -0.7630 0.2408
vn -0.2103 -0.8582 0.4682
vn -0.2614 -0.4972 0.8273
vn -0.6748 0.7380 -0.0000
vn -0.6748 -0.7380 -0.0000
vn -0.2379 0.9713 -0.0000
vn -0.9596 -0.2812 -0.0000
vn -0.9596 0.2812 -0.0000
vn -0.2380 -0.9713 -0.0000
vn -0.5912 0.6467 0.4819
vn -0.4712 0.2985 0.8300
vn -0.2615 0.4972 0.8273
vn -0.5912 -0.6467 0.4819
vn -0.3435 -0.3757 0.8608
vn -0.4712 -0.2985 0.8300
vn -0.5913 -0.6466 0.4819
vn -0.2103 0.8582 0.4682
vn -0.8328 -0.2441 0.4969
vn -0.5555 -0.0000 0.8315
vn -0.8328 0.2441 0.4969
vn -0.6015 -0.7652 0.2296
vn -0.6240 -0.7797 0.0526
vn -0.5977 -0.7958 0.0971
vn -0.1507 -0.9860 -0.0714
vn 0.1406 0.9855 0.0947
vn -0.1406 0.9855 0.0947
vn 0.4629 0.8823 0.0853
vn 0.4591 0.8848 0.0802
vn 0.4587 0.8845 0.0850
vn -0.4591 0.8848 0.0802
vn -0.4628 0.8823 0.0853
vn -0.4587 0.8845 0.0850
vn 0.6116 0.7886 0.0638
vn -0.6116 0.7886 0.0638
vn -0.2153 -0.9735 -0.0769
vn 0.2153 -0.9735 -0.0769
vn -0.0524 -0.9955 -0.0786
vn 0.0524 -0.9955 -0.0786
vn 0.9998 0.0188 0.0012
vn 0.9998 0.0188 0.0011
vn -0.9998 0.0188 0.0012
vn -0.9998 0.0188 0.0011
vn 0.1507 -0.9860 -0.0714
vn 0.1507 -0.9862 -0.0683
vn -0.9998 0.0188 0.0014
vn 0.9998 0.0188 0.0014
vn 0.0525 -0.9967 -0.0614
vn -0.0525 -0.9967 -0.0614
vn 0.2155 -0.9746 -0.0600
vn -0.2155 -0.9746 -0.0600
vn -0.7081 0.7025 0.0708
vn 0.7081 0.7025 0.0708
vn -0.4576 0.8824 0.1098
vn -0.4572 0.8819 0.1146
vn -0.4533 0.8846 0.1094
vn 0.4576 0.8824 0.1098
vn 0.4533 0.8846 0.1094
vn 0.4572 0.8819 0.1146
vn -0.1401 0.9825 0.1223
vn 0.1401 0.9825 0.1223
vn -0.1507 -0.9862 -0.0683
vn 0.2156 -0.9749 -0.0554
vn -0.0525 -0.9970 -0.0566
vn 0.0525 -0.9970 -0.0566
vn 0.1826 -0.9816 -0.0558
vn -0.1826 -0.9816 -0.0558
vn 0.1410 0.9884 0.0562
vn -0.1410 0.9884 0.0562
vn 0.4598 0.8866 0.0504
vn -0.4598 0.8866 0.0504
vn 0.5596 0.8274 0.0470
vn -0.5596 0.8274 0.0470
vn -0.2156 -0.9749 -0.0554
vn 0.9862 -0.0000 -0.1655
vn -0.8905 -0.4544 0.0237
vn -0.8904 -0.4543 0.0276
vn -0.8906 -0.4544 0.0198
vn -0.0681 -0.9977 -0.0010
vn -0.0691 -0.9976 0.0005
vn 0.0199 0.9998 0.0082
vn 0.0225 0.9997 0.0134
vn 0.0063 1.0000 -0.0012
vn 0.0169 0.9999 0.0034
vn 0.0118 0.9999 0.0009
vn -0.0671 -0.9977 -0.0026
vn -0.0363 0.9993 0.0030
vn -0.0337 0.9994 0.0048
vn -0.6754 -0.7374 0.0099
vn -0.0132 0.9999 0.0018
vn -0.0312 0.9995 0.0066
vn -0.6859 -0.7275 0.0159
vn -0.9862 -0.0000 -0.1655
vn 0.8905 -0.4544 0.0237
vn 0.8904 -0.4543 0.0276
vn 0.8906 -0.4544 0.0198
vn 0.0681 -0.9977 -0.0010
vn 0.0691 -0.9976 0.0005
vn -0.0199 0.9998 0.0082
vn -0.0225 0.9997 0.0134
vn -0.0063 1.0000 -0.0012
vn -0.0118 0.9999 0.0009
vn -0.0170 0.9999 0.0034
vn 0.0671 -0.9977 -0.0026
vn 0.0363 0.9993 0.0030
vn 0.0337 0.9994 0.0048
vn 0.6754 -0.7374 0.0099
vn 0.0132 0.9999 0.0018
vn 0.0312 0.9995 0.0066
vn 0.6859 -0.7275 0.0159
vn -0.0000 0.4733 0.8809
vn -0.7619 -0.6065 0.2273
vn -0.4881 -0.8148 0.3130
vn -0.9411 -0.3133 0.1274
vn -0.9591 -0.2755 0.0655
vn -0.8253 -0.4755 0.3046
vn -0.9653 -0.0763 0.2496
vn -0.2541 -0.9578 0.1345
vn 0.7619 -0.6065 0.2273
vn 0.4881 -0.8148 0.3130
vn 0.9411 -0.3133 0.1274
vn 0.9591 -0.2755 0.0655
vn 0.8253 -0.4755 0.3046
vn 0.9653 -0.0763 0.2496
vn 0.2541 -0.9578 0.1345
vn -0.5218 0.8202 0.2344
vn -0.6650 0.4912 0.5626
vn -0.3441 0.9271 0.1486
vn -0.2172 0.9607 0.1730
vn 0.0023 -0.4062 -0.9138
vn -0.1074 -0.4124 -0.9047
vn 0.0976 -0.2103 -0.9728
vn 0.6064 -0.7597 -0.2346
vn 0.6757 -0.4491 -0.5846
vn 0.3784 -0.9133 -0.1509
vn 0.1978 -0.9657 -0.1682
vn 0.0145 0.4707 0.8822
vn 0.1475 0.3636 0.9198
vn -0.0896 0.2524 0.9635
vn 0.5218 0.8202 0.2344
vn 0.6650 0.4912 0.5626
vn 0.3441 0.9271 0.1486
vn 0.2172 0.9607 0.1730
vn -0.0023 -0.4062 -0.9138
vn 0.1074 -0.4124 -0.9047
vn -0.0976 -0.2103 -0.9728
vn -0.6064 -0.7597 -0.2346
vn -0.6757 -0.4491 -0.5846
vn -0.3784 -0.9133 -0.1509
vn -0.1978 -0.9657 -0.1682
vn -0.0145 0.4707 0.8822
vn -0.1475 0.3636 0.9198
vn 0.0896 0.2524 0.9635
vn 0.7627 0.6053 -0.2280
vn 0.4693 0.8240 -0.3174
vn 0.9421 0.3099 -0.1284
vn 0.9591 0.2754 -0.0649
vn 0.8223 0.4764 -0.3113
vn 0.9648 0.0772 -0.2515
vn 0.2581 0.9580 -0.1249
vn -0.7627 0.6053 -0.2280
vn -0.4693 0.8240 -0.3174
vn -0.9421 0.3099 -0.1284
vn -0.9591 0.2754 -0.0649
vn -0.8223 0.4764 -0.3113
vn -0.9648 0.0772 -0.2515
vn -0.2581 0.9580 -0.1249
vn -0.2524 -0.8824 -0.3971
vn -0.2850 -0.9334 -0.2179
vn -0.5910 -0.7981 -0.1169
vn -0.7697 -0.6177 -0.1612
vn -0.3238 -0.8092 -0.4902
vn -0.5443 -0.7222 -0.4269
vn -0.8424 -0.5270 -0.1125
vn -0.8421 -0.5275 -0.1119
vn -0.8421 -0.5275 -0.1124
vn -0.7663 -0.6359 -0.0918
vn -0.7056 -0.7024 -0.0934
vn -0.2053 -0.9127 -0.3534
vn -0.7329 -0.6473 -0.2093
vn -0.9426 -0.2902 -0.1651
vn 0.2524 -0.8824 -0.3971
vn 0.2850 -0.9334 -0.2179
vn 0.5910 -0.7981 -0.1169
vn 0.7697 -0.6177 -0.1612
vn 0.3238 -0.8092 -0.4902
vn 0.5442 -0.7222 -0.4269
vn 0.8423 -0.5272 -0.1126
vn 0.8421 -0.5275 -0.1119
vn 0.8424 -0.5270 -0.1125
vn 0.7663 -0.6359 -0.0918
vn 0.7056 -0.7024 -0.0934
vn 0.2053 -0.9127 -0.3534
vn 0.7329 -0.6473 -0.2093
vn 0.9426 -0.2902 -0.1651
vn 0.0634 -0.2815 0.9575
vn 0.2893 -0.3311 0.8981
vn -0.0000 -0.3661 0.9306
vn -0.0047 -0.3661 0.9306
vn -0.4744 0.6672 -0.5744
vn -0.1359 0.5414 -0.8297
vn -0.6333 0.7627 -0.1312
vn -0.5343 0.8429 0.0640
vn 0.6711 -0.7405 -0.0365
vn 0.7443 -0.6658 0.0526
vn -0.0186 -0.3459 0.9381
vn -0.0217 -0.3285 0.9443
vn -0.0137 -0.3173 0.9482
vn -0.1809 0.3740 -0.9096
vn 0.0172 0.2992 -0.9540
vn 0.0153 0.3464 -0.9380
vn -0.0218 0.2531 -0.9672
vn 0.0310 0.3226 -0.9460
vn -0.0635 -0.2815 0.9575
vn -0.2893 -0.3311 0.8981
vn 0.0047 -0.3661 0.9306
vn 0.4744 0.6672 -0.5743
vn 0.1359 0.5415 -0.8297
vn 0.6333 0.7627 -0.1312
vn 0.5343 0.8429 0.0640
vn -0.6711 -0.7405 -0.0365
vn -0.7443 -0.6658 0.0526
vn 0.0186 -0.3459 0.9381
vn 0.0217 -0.3285 0.9443
vn 0.0137 -0.3173 0.9482
vn 0.1809 0.3740 -0.9096
vn -0.0172 0.2992 -0.9540
vn -0.0153 0.3464 -0.9380
vn 0.0218 0.2531 -0.9672
vn -0.0310 0.3226 -0.9460
vn 0.2480 0.8836 0.3972
vn 0.2882 0.9335 0.2133
vn 0.5910 0.7982 0.1164
vn 0.7712 0.6154 0.1628
vn 0.3168 0.8097 0.4940
vn 0.5491 0.7150 0.4328
vn 0.8430 0.5256 0.1144
vn 0.7664 0.6358 0.0919
vn 0.7038 0.7042 0.0939
vn 0.2098 0.9119 0.3527
vn 0.7303 0.6503 0.2091
vn 0.9425 0.2909 0.1647
vn -0.2480 0.8836 0.3972
vn -0.2882 0.9335 0.2133
vn -0.5910 0.7982 0.1164
vn -0.7712 0.6154 0.1628
vn -0.3168 0.8097 0.4940
vn -0.5491 0.7150 0.4328
vn -0.8430 0.5256 0.1144
vn -0.7664 0.6358 0.0919
vn -0.7038 0.7042 0.0939
vn -0.2098 0.9119 0.3527
vn -0.7303 0.6503 0.2091
vn -0.9425 0.2909 0.1647
vn -0.0000 -0.1029 -0.9947
vn -0.0000 -0.0927 0.9957
vn -0.0593 0.7915 -0.6083
vn -0.7048 0.7005 -0.1122
vn -0.7810 0.6245 -0.0009
vn -0.4104 0.8385 0.3584
vn -0.0756 0.8309 0.5512
vn -0.7507 0.6606 0.0094
vn -1.0000 -0.0000 -0.0099
vn -0.9999 -0.0000 -0.0102
vn -1.0000 -0.0000 -0.0100
vn -0.6707 -0.0000 0.7417
vn 0.0593 0.7915 -0.6083
vn 0.7048 0.7005 -0.1122
vn 0.7810 0.6245 -0.0009
vn 0.4104 0.8385 0.3584
vn 0.0756 0.8309 0.5512
vn 0.7507 0.6606 0.0094
vn 1.0000 -0.0000 -0.0099
vn 1.0000 -0.0000 -0.0100
vn 0.9999 -0.0000 -0.0102
vn 0.6707 -0.0000 0.7417
vn -0.0594 -0.9979 -0.0251
vn -0.0000 -0.9922 -0.1246
vn 0.9958 0.0462 0.0785
vn -0.0000 0.7624 0.6470
vn -0.0000 0.9922 -0.1246
vn -0.9922 -0.0000 -0.1246
vn 0.9922 -0.0000 -0.1246
vn -0.9958 0.0462 0.0785
vn -0.8559 -0.1278 -0.5010
vn -0.0000 0.9848 0.1735
vn -0.0000 -0.9928 0.1195
vn -0.0000 0.9940 -0.1098
vn -0.0000 0.8811 0.4730
vn -0.0000 -0.9865 -0.1641
vn -0.0000 -0.3461 0.9382
vn -0.0000 -0.8811 -0.4730
vn -0.0000 -0.2472 -0.9690
vn 0.8559 -0.1278 -0.5010
vn -0.0000 -0.9548 -0.2972
vn -0.0000 0.6958 -0.7182
vn 1.0000 0.0044 -0.0000
vn -1.0000 0.0015 -0.0005
vn -1.0000 -0.0001 0.0007
vn -1.0000 -0.0002 0.0014
vn 1.0000 -0.0001 0.0007
vn 0.9975 -0.0638 -0.0309
vn 0.9957 -0.0875 -0.0309
vn -0.9975 -0.0639 -0.0301
vn -0.9975 -0.0638 -0.0309
vn -0.9975 -0.0641 -0.0298
vn -0.9975 -0.0652 -0.0266
vn -0.4707 -0.8819 -0.0277
vn -0.4022 -0.9154 0.0165
vn -0.1849 -0.9812 -0.0545
vn -0.1851 -0.9812 -0.0545
vn 0.4022 -0.9154 0.0165
vn 0.4707 -0.8819 -0.0277
vn 0.1849 -0.9812 -0.0545
vn 0.1849 -0.9813 -0.0544
vn -0.8432 -0.5253 -0.1142
vn -0.8096 -0.5711 -0.1356
vn 0.8096 -0.5711 -0.1356
vn 0.8432 -0.5253 -0.1142
vn 0.8093 0.5718 0.1347
vn -0.8093 0.5718 0.1347
vn 0.0147 -0.9991 -0.0405
vn -0.0000 -0.9973 -0.0740
vn 0.0594 -0.9979 -0.0251
vn -0.0147 -0.9991 -0.0405
vn 0.2103 -0.9776 -0.0009
vn 0.9239 -0.3827 -0.0000
vn -0.3810 0.9197 -0.0954
vn -0.3809 0.9197 -0.0954
vn -0.3827 -0.9239 -0.0000
vn -0.9239 0.3827 -0.0000
vn -0.9239 0.3826 -0.0000
vn 0.9239 0.3827 -0.0000
vn 0.9239 0.3826 -0.0000
vn 0.3827 -0.9239 -0.0000
vn -0.9239 -0.3827 -0.0000
vn -0.3827 0.9239 -0.0000
vn 0.3827 0.9239 -0.0000
vn 0.3810 0.9197 -0.0954
vn 0.3809 0.9197 -0.0953
vn 0.9197 -0.3809 -0.0953
vn 0.9197 -0.3810 -0.0954
vn -0.3810 -0.9197 -0.0954
vn -0.3810 -0.9196 -0.0954
vn -0.9197 0.3810 -0.0954
vn -0.9197 0.3809 -0.0954
vn 0.9197 0.3809 -0.0954
vn 0.9197 0.3809 -0.0953
vn 0.3810 -0.9197 -0.0954
vn -0.9197 -0.3809 -0.0954
vn -0.9196 -0.3810 -0.0954
vn 0.3809 0.9197 -0.0954
vn -0.3809 0.9197 -0.0953
vn -0.9197 -0.3809 -0.0953
vn -0.9197 -0.3810 -0.0954
vn 0.3810 -0.9196 -0.0954
vn 0.9197 0.3810 -0.0954
vn -0.9197 0.3809 -0.0953
vn 0.9197 -0.3809 -0.0954
vn 0.9196 -0.3810 -0.0954
vn 0.9196 -0.3810 -0.0953
vn -0.0000 0.9673 -0.2537
vn -0.9625 -0.0000 -0.2715
vn 0.9718 -0.0000 -0.2357
vn -0.0000 -0.9673 -0.2537
vn 0.9625 -0.0000 -0.2715
vn -0.9718 -0.0000 -0.2357
vn -0.9196 -0.3810 -0.0953
vt 0.917112 0.203072
vt 0.917066 0.150392
vt 0.983267 0.187135
vt 0.983267 0.219807
vt 0.917112 0.229486
vt 0.983267 0.236556
vt 0.917066 0.144649
vt 0.983267 0.182823
vt 0.917098 0.238284
vt 0.983267 0.241236
vt 0.983267 0.252157
vt 0.917066 0.258811
vt 0.983267 0.236413
vt 0.502456 0.203072
vt 0.436301 0.219807
vt 0.436301 0.187135
vt 0.502501 0.150392
vt 0.502456 0.229486
vt 0.436301 0.236556
vt 0.436301 0.182823
vt 0.502501 0.144649
vt 0.502469 0.238284
vt 0.502501 0.258811
vt 0.436301 0.252157
vt 0.436301 0.241236
vt 0.436301 0.236413
vt 0.639995 0.074080
vt 0.639995 0.065364
vt 0.639854 0.214803
vt 0.639854 0.168315
vt 0.779572 0.074080
vt 0.779572 0.065364
vt 0.779713 0.214803
vt 0.779713 0.168315
vt 0.779671 0.232152
vt 0.639897 0.232152
vt 0.764639 0.272631
vt 0.763646 0.333956
vt 0.763646 0.368132
vt 0.763646 0.450633
vt 0.764639 0.212736
vt 0.764703 0.168315
vt 0.654928 0.272631
vt 0.655921 0.333956
vt 0.655921 0.368132
vt 0.655921 0.450633
vt 0.654864 0.168315
vt 0.654928 0.168315
vt 0.654928 0.212736
vt 0.737621 0.074071
vt 0.752209 0.074071
vt 0.748250 0.168315
vt 0.735830 0.168315
vt 0.709784 0.074071
vt 0.726781 0.074071
vt 0.725767 0.168315
vt 0.709784 0.168315
vt 0.725767 0.258107
vt 0.709784 0.258107
vt 0.735830 0.258107
vt 0.748250 0.258107
vt 0.764639 0.168315
vt 0.735830 0.333956
vt 0.725767 0.333956
vt 0.748250 0.333956
vt 0.709784 0.333956
vt 0.735910 0.368132
vt 0.726862 0.368132
vt 0.743885 0.368132
vt 0.709784 0.368132
vt 0.747079 0.368132
vt 0.745743 0.450633
vt 0.741871 0.368132
vt 0.779572 0.272631
vt 0.779572 0.168315
vt 0.681947 0.074071
vt 0.683738 0.168315
vt 0.671317 0.168315
vt 0.667359 0.074071
vt 0.693800 0.168315
vt 0.692786 0.074071
vt 0.693800 0.258107
vt 0.683738 0.258107
vt 0.671317 0.258107
vt 0.693800 0.333956
vt 0.683738 0.333956
vt 0.671317 0.333956
vt 0.654928 0.258107
vt 0.692705 0.368132
vt 0.683657 0.368132
vt 0.675683 0.368132
vt 0.672488 0.368132
vt 0.673825 0.450633
vt 0.677696 0.368132
vt 0.639995 0.272631
vt 0.639995 0.168315
vt 0.690592 0.023264
vt 0.692787 0.074071
vt 0.681473 0.023264
vt 0.653724 0.023264
vt 0.646995 0.023058
vt 0.669789 0.023264
vt 0.705087 0.022995
vt 0.709784 0.028468
vt 0.728975 0.023264
vt 0.738094 0.023264
vt 0.765844 0.023264
vt 0.772572 0.023058
vt 0.749778 0.023264
vt 0.714481 0.022995
vt 0.362228 0.613010
vt 0.331563 0.618640
vt 0.331563 0.606989
vt 0.362228 0.602884
vt 0.362228 0.589124
vt 0.331563 0.591292
vt 0.331563 0.587647
vt 0.362228 0.585849
vt 0.362228 0.620423
vt 0.331563 0.627170
vt 0.331563 0.601164
vt 0.331563 0.595338
vt 0.331563 0.584525
vt 0.362228 0.583136
vt 0.362228 0.623136
vt 0.331563 0.629483
vt 0.302005 0.590087
vt 0.302005 0.586965
vt 0.302005 0.624063
vt 0.302005 0.610551
vt 0.302005 0.593732
vt 0.271298 0.606533
vt 0.239421 0.607205
vt 0.239627 0.602508
vt 0.271298 0.602192
vt 0.271298 0.626430
vt 0.239421 0.629325
vt 0.239421 0.614943
vt 0.271298 0.612747
vt 0.271298 0.591377
vt 0.239421 0.592668
vt 0.239421 0.590152
vt 0.271298 0.588559
vt 0.239421 0.599122
vt 0.271298 0.598450
vt 0.327963 0.627536
vt 0.324358 0.623394
vt 0.329365 0.629985
vt 0.328756 0.628512
vt 0.302211 0.601876
vt 0.302005 0.597778
vt 0.302005 0.605862
vt 0.271298 0.594730
vt 0.239421 0.595727
vt 0.197152 0.594966
vt 0.197152 0.592451
vt 0.213571 0.631130
vt 0.197152 0.617981
vt 0.197152 0.609200
vt 0.197152 0.603653
vt 0.197152 0.600327
vt 0.197152 0.597507
vt 0.362228 0.592759
vt 0.164838 0.596919
vt 0.164838 0.594403
vt 0.197152 0.632275
vt 0.149342 0.630182
vt 0.149342 0.618124
vt 0.149342 0.611410
vt 0.149548 0.606452
vt 0.149342 0.602386
vt 0.164838 0.597733
vt 0.149342 0.639443
vt 0.197152 0.637254
vt 0.164838 0.645498
vt 0.149612 0.646598
vt 0.239189 0.584483
vt 0.239189 0.583871
vt 0.198554 0.588941
vt 0.239189 0.585001
vt 0.239189 0.586718
vt 0.201009 0.586751
vt 0.239189 0.575192
vt 0.201009 0.574420
vt 0.201009 0.564826
vt 0.239189 0.567667
vt 0.239189 0.562119
vt 0.207384 0.558480
vt 0.207384 0.556115
vt 0.239189 0.560194
vt 0.201009 0.557751
vt 0.201009 0.586091
vt 0.201009 0.585311
vt 0.164838 0.588402
vt 0.164838 0.589267
vt 0.164838 0.576114
vt 0.164838 0.565481
vt 0.164838 0.589999
vt 0.164838 0.592426
vt 0.164838 0.557633
vt 0.213891 0.636194
vt 0.197152 0.642270
vt 0.244353 0.586718
vt 0.244353 0.584847
vt 0.244353 0.584234
vt 0.251536 0.585505
vt 0.251536 0.585108
vt 0.251536 0.586955
vt 0.240274 0.581219
vt 0.244353 0.585364
vt 0.239189 0.583332
vt 0.244438 0.583607
vt 0.244393 0.585468
vt 0.239189 0.585537
vt 0.239189 0.582712
vt 0.244463 0.582988
vt 0.251669 0.583864
vt 0.251641 0.584265
vt 0.251601 0.585707
vt 0.239189 0.584042
vt 0.244393 0.584245
vt 0.240174 0.581251
vt 0.239189 0.575637
vt 0.045150 0.729068
vt 0.045150 0.718942
vt 0.075814 0.723046
vt 0.075814 0.734697
vt 0.045150 0.705181
vt 0.045150 0.701906
vt 0.075814 0.703704
vt 0.075814 0.707349
vt 0.045150 0.736480
vt 0.075814 0.743227
vt 0.075814 0.717221
vt 0.075814 0.711395
vt 0.045150 0.699193
vt 0.075814 0.700582
vt 0.045150 0.739193
vt 0.075814 0.745540
vt 0.105373 0.703022
vt 0.105373 0.706144
vt 0.105373 0.726609
vt 0.105373 0.740120
vt 0.105373 0.709790
vt 0.136079 0.722591
vt 0.136079 0.718249
vt 0.167751 0.718565
vt 0.167957 0.723262
vt 0.136079 0.742488
vt 0.136079 0.728804
vt 0.167957 0.731000
vt 0.167957 0.745383
vt 0.136079 0.707435
vt 0.136079 0.704616
vt 0.167957 0.706210
vt 0.167957 0.708725
vt 0.136079 0.714507
vt 0.167957 0.715179
vt 0.083019 0.739451
vt 0.079414 0.743593
vt 0.078621 0.744569
vt 0.078013 0.746043
vt 0.105167 0.717933
vt 0.105373 0.713835
vt 0.105373 0.721919
vt 0.136079 0.710787
vt 0.167957 0.711784
vt 0.210226 0.708508
vt 0.210226 0.711023
vt 0.210226 0.734038
vt 0.193807 0.747187
vt 0.210226 0.725257
vt 0.210226 0.719710
vt 0.210226 0.713564
vt 0.210226 0.716384
vt 0.045150 0.708816
vt 0.242539 0.710460
vt 0.242539 0.712976
vt 0.258035 0.734182
vt 0.258035 0.746239
vt 0.210226 0.748333
vt 0.258035 0.727467
vt 0.257829 0.722509
vt 0.242539 0.713790
vt 0.258035 0.718443
vt 0.258035 0.755500
vt 0.242539 0.761555
vt 0.210226 0.753311
vt 0.257765 0.762655
vt 0.168188 0.700540
vt 0.208824 0.704998
vt 0.168188 0.699928
vt 0.168188 0.701058
vt 0.206368 0.702808
vt 0.168188 0.702775
vt 0.168188 0.691250
vt 0.168188 0.683725
vt 0.206368 0.680883
vt 0.206368 0.690477
vt 0.168188 0.678176
vt 0.168188 0.676251
vt 0.199994 0.672172
vt 0.199994 0.674537
vt 0.206368 0.673808
vt 0.206368 0.702148
vt 0.242539 0.705325
vt 0.242539 0.704459
vt 0.206368 0.701368
vt 0.242539 0.681538
vt 0.242539 0.692171
vt 0.242539 0.706056
vt 0.242539 0.708483
vt 0.242539 0.673690
vt 0.193487 0.752251
vt 0.210226 0.758327
vt 0.163025 0.700904
vt 0.163025 0.702775
vt 0.163025 0.700292
vt 0.155841 0.701165
vt 0.155841 0.701562
vt 0.155841 0.703012
vt 0.163025 0.701422
vt 0.167103 0.697276
vt 0.168188 0.699390
vt 0.168188 0.701594
vt 0.162984 0.701525
vt 0.162940 0.699664
vt 0.168188 0.698769
vt 0.162915 0.699046
vt 0.155736 0.700322
vt 0.155708 0.699921
vt 0.155777 0.701764
vt 0.168188 0.700099
vt 0.167204 0.697308
vt 0.162985 0.700302
vt 0.168188 0.691694
vt 0.007013 0.994207
vt 0.007192 0.994207
vt 0.006995 0.993613
vt 0.006294 0.994207
vt 0.006115 0.994207
vt 0.006313 0.993613
vt 0.376570 0.470022
vt 0.345272 0.469729
vt 0.361702 0.375485
vt 0.376570 0.375485
vt 0.345323 0.450942
vt 0.343528 0.375485
vt 0.344674 0.375485
vt 0.343341 0.369440
vt 0.342151 0.285693
vt 0.332432 0.285693
vt 0.320717 0.285693
vt 0.320717 0.209845
vt 0.332432 0.209845
vt 0.340745 0.285693
vt 0.339966 0.209845
vt 0.341225 0.209845
vt 0.306782 0.285693
vt 0.306782 0.209845
vt 0.360644 0.209845
vt 0.361447 0.271173
vt 0.339327 0.175668
vt 0.340883 0.175668
vt 0.306782 0.175668
vt 0.322018 0.175668
vt 0.332553 0.175668
vt 0.360644 0.175668
vt 0.342741 0.093167
vt 0.360644 0.093167
vt 0.335446 0.369440
vt 0.320717 0.369440
vt 0.314721 0.369440
vt 0.345323 0.469729
vt 0.337010 0.469729
vt 0.337010 0.450942
vt 0.306782 0.375485
vt 0.314721 0.375485
vt 0.314721 0.415209
vt 0.306782 0.369440
vt 0.361637 0.285693
vt 0.376570 0.271169
vt 0.376570 0.329394
vt 0.361637 0.329394
vt 0.361637 0.271169
vt 0.320727 0.469729
vt 0.306782 0.469729
vt 0.306782 0.450942
vt 0.320717 0.450942
vt 0.298842 0.375485
vt 0.298842 0.369440
vt 0.236994 0.470022
vt 0.236994 0.375485
vt 0.251862 0.375485
vt 0.268292 0.469729
vt 0.268241 0.450942
vt 0.268890 0.375485
vt 0.270036 0.375485
vt 0.271413 0.285693
vt 0.272818 0.285693
vt 0.270223 0.369440
vt 0.281132 0.285693
vt 0.281132 0.209845
vt 0.292847 0.209845
vt 0.292847 0.285693
vt 0.273598 0.209845
vt 0.272339 0.209845
vt 0.252116 0.271173
vt 0.272681 0.175668
vt 0.274236 0.175668
vt 0.291546 0.175668
vt 0.281011 0.175668
vt 0.252920 0.209845
vt 0.252920 0.175668
vt 0.252920 0.093167
vt 0.270823 0.093167
vt 0.278118 0.369440
vt 0.292847 0.369440
vt 0.276554 0.450942
vt 0.276554 0.469729
vt 0.268241 0.469729
vt 0.298842 0.415209
vt 0.251926 0.285693
vt 0.236994 0.271169
vt 0.251926 0.271169
vt 0.251926 0.329394
vt 0.236994 0.329394
vt 0.292837 0.469729
vt 0.292847 0.450942
vt 0.243993 0.520742
vt 0.236994 0.478436
vt 0.250914 0.520536
vt 0.269155 0.536032
vt 0.269522 0.536032
vt 0.269593 0.536032
vt 0.268241 0.501540
vt 0.276554 0.501540
vt 0.292820 0.501540
vt 0.292820 0.508011
vt 0.278115 0.536032
vt 0.306782 0.501540
vt 0.298353 0.501540
vt 0.369571 0.520742
vt 0.362650 0.520536
vt 0.376570 0.478436
vt 0.344409 0.536032
vt 0.344042 0.536032
vt 0.345323 0.501540
vt 0.343971 0.536032
vt 0.320744 0.508011
vt 0.320744 0.501540
vt 0.337010 0.501540
vt 0.335448 0.536032
vt 0.315211 0.501540
vt 0.512834 0.390905
vt 0.512834 0.340728
vt 0.579035 0.323993
vt 0.579035 0.352812
vt 0.512834 0.305674
vt 0.579035 0.302664
vt 0.579035 0.307387
vt 0.512834 0.314540
vt 0.512834 0.399152
vt 0.579035 0.360978
vt 0.098035 0.390905
vt 0.031834 0.352812
vt 0.031834 0.323993
vt 0.098035 0.340728
vt 0.098035 0.305674
vt 0.098035 0.314540
vt 0.031834 0.307387
vt 0.031834 0.302664
vt 0.098035 0.399152
vt 0.031834 0.360978
vt 0.098035 0.284989
vt 0.031834 0.291643
vt 0.235529 0.478436
vt 0.235529 0.470022
vt 0.235529 0.375485
vt 0.235529 0.329394
vt 0.235529 0.311927
vt 0.375340 0.478436
vt 0.375340 0.470022
vt 0.375340 0.375485
vt 0.375340 0.329394
vt 0.375340 0.311927
vt 0.512834 0.284989
vt 0.579035 0.291643
vt 0.002845 0.991476
vt 0.002845 0.992404
vt 0.002845 0.992710
vt 0.002845 0.992222
vt 0.002963 0.992710
vt 0.002963 0.992222
vt 0.002963 0.992404
vt 0.002963 0.991476
vt 0.751299 0.489282
vt 0.756716 0.511662
vt 0.685698 0.497261
vt 0.680282 0.489282
vt 0.630629 0.489282
vt 0.630629 0.491113
vt 0.855022 0.484744
vt 0.921497 0.484744
vt 0.855022 0.514757
vt 0.920876 0.621356
vt 0.940643 0.621356
vt 0.878665 0.621356
vt 0.884082 0.621356
vt 0.865707 0.610511
vt 0.871124 0.610196
vt 0.914176 0.610511
vt 0.935420 0.610511
vt 0.680282 0.500356
vt 0.724916 0.584985
vt 0.724916 0.586816
vt 0.751299 0.514757
vt 0.921497 0.514757
vt 0.889309 0.514757
vt 0.604247 0.584985
vt 0.675264 0.584985
vt 0.669848 0.592964
vt 0.598830 0.607365
vt 0.500524 0.580447
vt 0.434049 0.580447
vt 0.500524 0.610460
vt 0.434670 0.717059
vt 0.414903 0.717059
vt 0.476881 0.717059
vt 0.471464 0.717059
vt 0.489838 0.706214
vt 0.484422 0.705899
vt 0.441370 0.706214
vt 0.420126 0.706214
vt 0.675264 0.596059
vt 0.604247 0.610460
vt 0.434049 0.610460
vt 0.009847 0.991830
vt 0.010190 0.991830
vt 0.005711 0.993744
vt 0.005498 0.993744
vt 0.125029 0.975297
vt 0.125421 0.970992
vt 0.124483 0.970992
vt 0.124200 0.975297
vt 0.091485 0.992875
vt 0.091768 0.988570
vt 0.090506 0.988570
vt 0.090506 0.992875
vt 0.123221 0.975297
vt 0.123221 0.970992
vt 0.124586 0.970992
vt 0.091871 0.988570
vt 0.092726 0.988570
vt 0.092314 0.992875
vt 0.125441 0.970992
vt 0.126008 0.970992
vt 0.125584 0.975297
vt 0.092869 0.992875
vt 0.093293 0.988570
vt 0.093487 0.988570
vt 0.093064 0.992875
vt 0.125779 0.975297
vt 0.126202 0.970992
vt 0.126033 0.970992
vt 0.093318 0.988570
vt 0.092706 0.988570
vt 0.088698 0.992875
vt 0.089527 0.992875
vt 0.089243 0.988570
vt 0.088306 0.988570
vt 0.122242 0.975297
vt 0.121958 0.970992
vt 0.089141 0.988570
vt 0.121413 0.975297
vt 0.121001 0.970992
vt 0.121856 0.970992
vt 0.088143 0.992875
vt 0.087719 0.988570
vt 0.088286 0.988570
vt 0.120858 0.975297
vt 0.120663 0.975297
vt 0.120240 0.970992
vt 0.120434 0.970992
vt 0.087948 0.992875
vt 0.087694 0.988570
vt 0.087525 0.988570
vt 0.121021 0.970992
vt 0.120409 0.970992
vt 0.088340 0.992875
vt 0.088626 0.990317
vt 0.088471 0.990317
vt 0.088161 0.992875
vt 0.124118 0.975297
vt 0.091403 0.992875
vt 0.092164 0.992875
vt 0.124879 0.975297
vt 0.125387 0.975297
vt 0.092672 0.992875
vt 0.092850 0.992875
vt 0.125565 0.975297
vt 0.089609 0.992875
vt 0.121563 0.975297
vt 0.122324 0.975297
vt 0.088848 0.992875
vt 0.120876 0.975297
vt 0.121055 0.975297
vt 0.024844 0.974630
vt 0.022185 0.974630
vt 0.023286 0.974630
vt 0.092386 0.990317
vt 0.092541 0.990317
vt 0.091945 0.990317
vt 0.089067 0.990317
vt 0.091285 0.990317
vt 0.089727 0.990317
vt 0.090506 0.990317
vt 0.011120 0.993406
vt 0.011346 0.990906
vt 0.010293 0.990906
vt 0.010133 0.993406
vt 0.008769 0.990906
vt 0.008769 0.993406
vt 0.172719 0.974027
vt 0.172719 0.971527
vt 0.174427 0.971527
vt 0.174214 0.974027
vt 0.175332 0.971527
vt 0.175095 0.974027
vt 0.175928 0.971527
vt 0.175677 0.974027
vt 0.176129 0.971527
vt 0.175876 0.974027
vt 0.011926 0.993406
vt 0.012179 0.990906
vt 0.012024 0.990906
vt 0.011760 0.993406
vt 0.006419 0.993406
vt 0.007405 0.993406
vt 0.007246 0.990906
vt 0.006192 0.990906
vt 0.171224 0.974027
vt 0.171011 0.971527
vt 0.170343 0.974027
vt 0.170106 0.971527
vt 0.169761 0.974027
vt 0.169510 0.971527
vt 0.169562 0.974027
vt 0.169309 0.971527
vt 0.005612 0.993406
vt 0.005779 0.993406
vt 0.005515 0.990906
vt 0.005359 0.990906
vt 0.005957 0.994667
vt 0.006569 0.994667
vt 0.005788 0.994667
vt 0.169932 0.975288
vt 0.169738 0.975288
vt 0.170499 0.975288
vt 0.171354 0.975288
vt 0.172719 0.975288
vt 0.007507 0.994667
vt 0.008769 0.994667
vt 0.011581 0.994667
vt 0.010969 0.994667
vt 0.011750 0.994667
vt 0.175506 0.975288
vt 0.175700 0.975288
vt 0.174939 0.975288
vt 0.174084 0.975288
vt 0.010032 0.994667
vt 0.007365 0.993674
vt 0.007199 0.993460
vt 0.007184 0.994309
vt 0.007307 0.994309
vt 0.007211 0.994309
vt 0.007333 0.994309
vt 0.007225 0.993460
vt 0.007391 0.993674
vt 0.142364 0.975020
vt 0.142288 0.975035
vt 0.142288 0.974900
vt 0.142301 0.974897
vt 0.142288 0.974788
vt 0.142397 0.974810
vt 0.142364 0.974821
vt 0.142288 0.974806
vt 0.142477 0.975040
vt 0.142397 0.975101
vt 0.142420 0.974980
vt 0.142435 0.974839
vt 0.142477 0.974872
vt 0.142420 0.974862
vt 0.142391 0.974840
vt 0.142288 0.975124
vt 0.142506 0.974956
vt 0.142440 0.974925
vt 0.142541 0.974987
vt 0.142507 0.975088
vt 0.142516 0.974886
vt 0.142414 0.975162
vt 0.142288 0.975189
vt 0.142472 0.974849
vt 0.142288 0.974789
vt 0.142433 0.974817
vt 0.142315 0.974880
vt 0.142311 0.974870
vt 0.142311 0.974890
vt 0.142301 0.974863
vt 0.142288 0.974860
vt 0.142306 0.974866
vt 0.142288 0.974892
vt 0.142294 0.974891
vt 0.142301 0.974880
vt 0.142299 0.974874
vt 0.142299 0.974886
vt 0.142294 0.974869
vt 0.142288 0.974868
vt 0.142297 0.974872
vt 0.142290 0.974876
vt 0.142288 0.974876
vt 0.142290 0.974884
vt 0.142292 0.974882
vt 0.142292 0.974878
vt 0.142291 0.974877
vt 0.142288 0.974885
vt 0.142293 0.974880
vt 0.061334 0.991740
vt 0.061177 0.991740
vt 0.061339 0.991740
vt 0.061458 0.991740
vt 0.061467 0.991740
vt 0.061532 0.991740
vt 0.061546 0.991740
vt 0.061318 0.991740
vt 0.061438 0.991740
vt 0.061316 0.991740
vt 0.061534 0.991740
vt 0.061549 0.991740
vt 0.061019 0.991740
vt 0.061015 0.991740
vt 0.060895 0.991740
vt 0.060886 0.991740
vt 0.060821 0.991740
vt 0.060807 0.991740
vt 0.060916 0.991740
vt 0.061035 0.991740
vt 0.061037 0.991740
vt 0.060819 0.991740
vt 0.060805 0.991740
vt 0.061534 0.992190
vt 0.061438 0.992190
vt 0.061438 0.992641
vt 0.061534 0.992641
vt 0.061019 0.992190
vt 0.061177 0.992190
vt 0.061177 0.992641
vt 0.061019 0.992641
vt 0.061334 0.992190
vt 0.061334 0.992641
vt 0.060895 0.992190
vt 0.060895 0.992641
vt 0.061458 0.992190
vt 0.061458 0.992641
vt 0.060821 0.992190
vt 0.060821 0.992641
vt 0.061532 0.992190
vt 0.061532 0.992641
vt 0.061035 0.992190
vt 0.060916 0.992190
vt 0.060916 0.992641
vt 0.061035 0.992641
vt 0.061318 0.992190
vt 0.061318 0.992641
vt 0.060819 0.992190
vt 0.060819 0.992641
vt 0.061318 0.993186
vt 0.061438 0.993186
vt 0.061035 0.993186
vt 0.061177 0.993186
vt 0.060821 0.993186
vt 0.060819 0.993186
vt 0.061534 0.993186
vt 0.061532 0.993186
vt 0.060916 0.993186
vt 0.061019 0.993186
vt 0.061334 0.993186
vt 0.060895 0.993186
vt 0.061458 0.993186
vt 0.025107 0.976454
vt 0.024965 0.976454
vt 0.024949 0.976454
vt 0.093159 0.990524
vt 0.093076 0.990524
vt 0.093132 0.990524
vt 0.092913 0.991339
vt 0.093061 0.991339
vt 0.092913 0.990524
vt 0.092853 0.990881
vt 0.093141 0.991279
vt 0.093114 0.991279
vt 0.093113 0.991339
vt 0.093140 0.991339
vt 0.092853 0.991279
vt 0.092853 0.991339
vt 0.092944 0.991279
vt 0.092774 0.991279
vt 0.092774 0.991339
vt 0.092943 0.991339
vt 0.092814 0.991279
vt 0.092814 0.991339
vt 0.092953 0.990524
vt 0.092925 0.990524
vt 0.092774 0.990524
vt 0.092844 0.991339
vt 0.092917 0.991339
vt 0.092844 0.990524
vt 0.092814 0.990881
vt 0.092774 0.990881
vt 0.170485 0.972295
vt 0.170485 0.972735
vt 0.170485 0.973041
vt 0.170604 0.973041
vt 0.170604 0.972735
vt 0.170604 0.972295
vt 0.072721 0.975519
vt 0.072759 0.975611
vt 0.072900 0.975137
vt 0.072880 0.975094
vt 0.072628 0.975649
vt 0.072628 0.975780
vt 0.073065 0.974129
vt 0.073038 0.974171
vt 0.073123 0.973582
vt 0.073090 0.973728
vt 0.073038 0.973818
vt 0.073076 0.973705
vt 0.072877 0.973833
vt 0.072861 0.973937
vt 0.072628 0.973875
vt 0.072628 0.973976
vt 0.072535 0.975519
vt 0.072376 0.975094
vt 0.072356 0.975137
vt 0.072497 0.975611
vt 0.072218 0.974171
vt 0.072191 0.974129
vt 0.072166 0.973728
vt 0.072133 0.973582
vt 0.072218 0.973818
vt 0.072396 0.973937
vt 0.072379 0.973833
vt 0.072180 0.973705
vt 0.072906 0.975099
vt 0.072741 0.975526
vt 0.072628 0.975659
vt 0.073065 0.974174
vt 0.073118 0.973733
vt 0.072876 0.973943
vt 0.073064 0.973826
vt 0.072628 0.973979
vt 0.072775 0.975619
vt 0.072925 0.975142
vt 0.072628 0.975790
vt 0.073093 0.974131
vt 0.073151 0.973587
vt 0.073103 0.973714
vt 0.072896 0.973841
vt 0.072628 0.973879
vt 0.072516 0.975526
vt 0.072350 0.975099
vt 0.072191 0.974174
vt 0.072138 0.973733
vt 0.072192 0.973826
vt 0.072381 0.973943
vt 0.072332 0.975142
vt 0.072481 0.975619
vt 0.072163 0.974131
vt 0.072105 0.973587
vt 0.072360 0.973841
vt 0.072153 0.973714
vt 0.254795 0.764350
vt 0.241148 0.763640
vt 0.259046 0.764836
vt 0.263238 0.763144
vt 0.211588 0.760725
vt 0.197494 0.758508
vt 0.192839 0.755608
vt 0.200491 0.765449
vt 0.204230 0.774151
vt 0.200944 0.774428
vt 0.196891 0.766393
vt 0.205377 0.776153
vt 0.202173 0.776549
vt 0.152582 0.648292
vt 0.166229 0.647583
vt 0.148331 0.648779
vt 0.144139 0.647087
vt 0.195789 0.644668
vt 0.214539 0.639551
vt 0.209884 0.642451
vt 0.206887 0.649392
vt 0.210486 0.650336
vt 0.206434 0.658370
vt 0.203147 0.658094
vt 0.205204 0.660492
vt 0.202000 0.660095
vt 0.072724 0.972842
vt 0.072724 0.972900
vt 0.072824 0.972931
vt 0.072825 0.972848
vt 0.072900 0.973006
vt 0.072903 0.972856
vt 0.072966 0.973338
vt 0.072982 0.972900
vt 0.072875 0.973016
vt 0.072935 0.973293
vt 0.072724 0.972926
vt 0.072811 0.972953
vt 0.072950 0.973489
vt 0.072962 0.973528
vt 0.072975 0.973533
vt 0.073021 0.973567
vt 0.073009 0.973181
vt 0.072812 0.973406
vt 0.072724 0.973402
vt 0.072724 0.973438
vt 0.072813 0.973443
vt 0.072886 0.973431
vt 0.072888 0.973468
vt 0.072623 0.972848
vt 0.072624 0.972931
vt 0.072545 0.972856
vt 0.072548 0.973006
vt 0.072466 0.972900
vt 0.072482 0.973338
vt 0.072513 0.973293
vt 0.072573 0.973016
vt 0.072637 0.972953
vt 0.072473 0.973533
vt 0.072486 0.973528
vt 0.072499 0.973489
vt 0.072439 0.973181
vt 0.072427 0.973567
vt 0.072636 0.973406
vt 0.072635 0.973443
vt 0.072562 0.973431
vt 0.072560 0.973468
vt 0.072911 0.972853
vt 0.072830 0.972843
vt 0.072993 0.972898
vt 0.072724 0.972835
vt 0.072819 0.972945
vt 0.072887 0.973010
vt 0.072724 0.972917
vt 0.072949 0.973290
vt 0.072965 0.973487
vt 0.073035 0.973566
vt 0.073022 0.973179
vt 0.072821 0.973401
vt 0.072724 0.973396
vt 0.072901 0.973427
vt 0.072989 0.973531
vt 0.072903 0.973464
vt 0.072977 0.973526
vt 0.072724 0.973432
vt 0.072822 0.973438
vt 0.072618 0.972843
vt 0.072538 0.972853
vt 0.072455 0.972898
vt 0.072562 0.973010
vt 0.072629 0.972945
vt 0.072499 0.973290
vt 0.072483 0.973487
vt 0.072426 0.973179
vt 0.072413 0.973566
vt 0.072627 0.973401
vt 0.072547 0.973427
vt 0.072459 0.973531
vt 0.072471 0.973526
vt 0.072545 0.973464
vt 0.072626 0.973438
vt 0.085128 0.746879
vt 0.082535 0.748691
vt 0.091349 0.745496
vt 0.117832 0.745144
vt 0.114166 0.747727
vt 0.091946 0.747549
vt 0.086727 0.748299
vt 0.084550 0.749820
vt 0.133350 0.747309
vt 0.132914 0.748721
vt 0.129816 0.749579
vt 0.123018 0.770243
vt 0.125961 0.771207
vt 0.125424 0.772944
vt 0.122609 0.771701
vt 0.125093 0.763850
vt 0.128036 0.764496
vt 0.329365 0.629986
vt 0.324843 0.632634
vt 0.322249 0.630822
vt 0.316028 0.629439
vt 0.289545 0.629086
vt 0.315431 0.631492
vt 0.293211 0.631670
vt 0.322827 0.633763
vt 0.320651 0.632242
vt 0.277561 0.633522
vt 0.274464 0.632664
vt 0.274027 0.631252
vt 0.271298 0.626431
vt 0.284360 0.654186
vt 0.284768 0.655644
vt 0.281954 0.656887
vt 0.281417 0.655150
vt 0.282284 0.647793
vt 0.279341 0.648439
vt 0.007502 0.991019
vt 0.007502 0.989935
vt 0.007502 0.996495
vt 0.007502 0.995290
vt 0.009503 0.996495
vt 0.009503 0.995290
vt 0.009503 0.989935
vt 0.009503 0.991019
vt 0.092657 0.991415
vt 0.092518 0.991415
vt 0.092518 0.991332
vt 0.092694 0.991332
vt 0.092657 0.991479
vt 0.092695 0.991409
vt 0.092657 0.991840
vt 0.092695 0.991849
vt 0.092602 0.992185
vt 0.092657 0.992121
vt 0.092695 0.992190
vt 0.092608 0.992268
vt 0.092518 0.992185
vt 0.092518 0.992268
vt 0.882337 0.614583
vt 0.882337 0.615417
vt 0.879889 0.615417
vt 0.879889 0.614583
vt 0.879027 0.614692
vt 0.884293 0.615417
vt 0.885276 0.614583
vt 0.879027 0.615309
vt 0.006925 0.994872
vt 0.006925 0.995590
vt 0.005690 0.995454
vt 0.005871 0.994745
vt 0.005437 0.995193
vt 0.005524 0.994853
vt 0.007581 0.995475
vt 0.008969 0.994730
vt 0.007334 0.994804
vt 0.008721 0.994059
vt 0.983267 0.190989
vt 0.436301 0.190989
vt 0.764639 0.214406
vt 0.654928 0.214406
vt 0.292820 0.536032
vt 0.320744 0.536032
vt 0.024065 0.974630
vt 0.025504 0.974630
vt 0.025945 0.974630
vt 0.026100 0.974630
vt 0.022626 0.974630
vt 0.022030 0.974630
vt 0.025264 0.976454
vt 0.025388 0.976454
vt 0.025248 0.976454
vt 0.025462 0.976454
vt 0.025368 0.976454
vt 0.025464 0.976454
vt 0.024751 0.976454
vt 0.024825 0.976454
vt 0.024846 0.976454
vt 0.024749 0.976454
vt 0.025748 0.980482
vt 0.010221 0.991746
vt 0.010700 0.993585
vt 0.013200 0.993585
vt 0.010700 0.991084
vt 0.008200 0.993585
vt 0.008200 0.991084
vt 0.005700 0.993585
s 1
usemtl マテリアル
f 106/45/49 102/46/49 78/47/49 81/48/49
f 103/49/50 106/45/50 81/48/50 82/50/50
f 102/46/51 104/51/51 79/52/51 78/47/51
f 109/53/52 108/54/52 84/55/52 105/56/52
f 82/50/53 81/48/53 83/57/53
f 101/58/54 93/59/54 90/60/54 97/61/54
f 98/62/55 94/63/55 93/59/55 101/58/55
f 97/61/56 90/60/56 91/64/56 99/65/56
f 112/66/57 100/67/58 96/68/58 111/69/59
f 95/70/60 92/59/60 93/59/60
f 85/71/61 97/61/61 99/65/61 86/72/61
f 88/73/62 98/62/62 101/58/62 87/74/62
f 87/74/63 101/58/63 97/61/63 85/71/63
f 73/75/64 74/76/64 104/51/64 102/46/64
f 76/77/65 75/78/65 106/45/65 103/49/65
f 75/78/66 73/75/66 102/46/66 106/45/66
f 76/77/67 103/49/67 109/53/67 107/79/67
f 103/49/68 82/50/68 108/54/68 109/53/68
f 88/73/69 110/80/69 112/66/69 98/62/69
f 98/62/70 112/66/57 111/69/59 94/63/70
f 113/81/71 114/81/71 116/82/71 115/82/71
f 115/82/53 116/82/53 118/83/53 117/83/53
f 117/83/53 118/83/53 119/84/53 163/84/53
f 122/85/72 121/86/73 114/81/74
f 123/87/75 125/88/75 126/88/75 124/87/75
f 125/88/60 127/89/60 128/89/60 126/88/60
f 127/89/60 129/90/60 130/90/60 128/89/60
f 132/91/76 131/92/77 133/93/78
f 134/94/79 150/95/79 148/96/79 140/97/79
f 137/98/80 135/99/80 141/100/80 142/101/80
f 135/99/81 134/94/81 140/97/81 141/100/81
f 142/101/82 141/100/82 144/102/82 145/103/82
f 141/100/83 140/97/83 143/104/83 144/102/83
f 140/97/84 148/96/84 149/105/84 143/104/84
f 149/105/85 148/96/85 170/85/85
f 136/75/86 139/78/86 166/106/86
f 144/102/87 143/104/87 152/107/87 153/108/87
f 143/104/88 149/105/88 155/109/88 152/107/88
f 145/103/89 144/102/89 153/108/89 154/110/89
f 149/105/90 113/81/90 151/82/90 155/109/90
f 153/108/91 152/107/91 160/111/91 159/112/91
f 152/107/92 155/109/92 156/113/92 160/111/92
f 154/110/93 153/108/93 159/112/93 158/114/93
f 155/109/94 164/115/94 156/113/94
f 156/113/95 164/115/95 162/116/95
f 164/115/96 155/109/96 151/82/96 161/83/96
f 162/116/97 164/115/97 161/83/97 163/84/97
f 156/113/98 157/113/98 165/117/98 160/111/98
f 146/77/99 147/118/99 169/81/99 170/85/99
f 167/86/100 166/106/100 170/85/100
f 139/78/101 146/77/101 170/85/101 166/106/101
f 138/119/102 139/78/102 166/106/102 167/86/102
f 170/85/103 148/96/103 166/106/103
f 170/85/104 113/81/104 149/105/104
f 166/106/105 148/96/105 150/95/105
f 150/95/106 136/75/106 166/106/106
f 171/120/107 176/121/107 183/122/107 185/123/107
f 137/98/108 142/101/108 177/124/108 172/125/108
f 172/125/109 177/124/109 176/121/109 171/120/109
f 142/101/110 145/103/110 180/126/110 177/124/110
f 177/124/111 180/126/111 179/127/111 176/121/111
f 176/121/112 179/127/112 184/128/112 183/122/112
f 184/128/113 202/93/114 183/122/115
f 173/71/116 198/92/116 175/74/116
f 180/126/117 188/129/117 187/130/117 179/127/117
f 179/127/118 187/130/118 189/131/118 184/128/118
f 145/103/119 154/110/119 188/129/119 180/126/119
f 184/128/120 189/131/120 186/88/120 178/132/120
f 188/129/121 192/133/121 193/134/121 187/130/121
f 187/130/122 193/134/122 190/135/122 189/131/122
f 154/110/123 158/114/123 192/133/123 188/129/123
f 189/131/124 190/135/125 196/136/125
f 190/135/125 195/137/126 196/136/125
f 196/136/127 194/89/127 186/88/127 189/131/127
f 195/137/128 129/90/128 194/89/128 196/136/128
f 190/135/98 193/134/98 197/138/98 191/135/98
f 181/73/129 202/93/129 201/87/129 182/139/129
f 202/93/130 198/92/131 199/91/132
f 175/74/133 198/92/133 202/93/133 181/73/133
f 174/140/102 199/91/102 198/92/102 175/74/102
f 202/93/114 198/92/134 183/122/115
f 202/93/135 184/128/135 178/132/135
f 198/92/136 185/123/136 183/122/136
f 185/123/137 198/92/137 173/71/137
f 211/141/138 206/142/138 205/120/138 210/143/138
f 212/144/139 207/71/139 208/72/139 209/145/139
f 213/146/140 207/71/140 212/144/140
f 210/143/141 205/120/141 215/123/141 213/146/141
f 214/147/142 203/98/142 206/142/142 211/141/142
f 214/147/143 204/148/143 203/98/143
f 215/123/144 207/71/144 213/146/144
f 222/149/145 221/150/145 216/94/145 217/99/145
f 223/151/146 220/152/146 219/76/146 218/75/146
f 224/153/147 223/151/147 218/75/147
f 221/150/148 224/153/148 228/95/148 216/94/148
f 225/154/149 222/149/149 217/99/149 226/98/149
f 225/154/150 226/98/150 227/148/150
f 228/95/151 224/153/151 218/75/151
f 253/155/152 258/156/152 257/157/152 252/158/152
f 292/159/153 293/160/153 255/161/154 250/162/154
f 254/163/155 259/164/155 258/156/155 253/155/155
f 274/165/156 256/166/156 252/158/156
f 250/162/157 255/161/157 232/167/157 230/168/157
f 229/169/158 231/170/158 259/164/158 254/163/158
f 255/161/159 260/171/159 233/172/159 232/167/159
f 258/156/160 263/173/160 262/174/160 257/157/160
f 293/160/161 294/175/162 260/171/163 255/161/163
f 317/176/164 270/177/164 271/178/164 316/179/164
f 321/180/165 269/181/165 268/182/165 318/183/165
f 318/183/166 268/182/166 270/177/166 317/176/166
f 319/184/167 266/185/167 234/186/167 242/187/167
f 316/179/168 271/178/168 267/188/168 320/189/168
f 259/164/169 273/190/169 272/191/169
f 258/156/170 259/164/170 272/191/170
f 231/170/171 235/192/171 275/193/171 259/164/171
f 265/194/172 261/195/172 274/165/172
f 265/194/173 274/165/173 264/196/173
f 262/174/174 264/196/174 274/165/174 257/157/174
f 256/166/175 274/165/175 261/195/175
f 275/193/176 273/190/176 259/164/176
f 322/197/177 295/198/177 266/185/177 319/184/177
f 234/186/178 287/199/179 236/200/180
f 268/182/181 269/181/181 323/201/181 288/202/181
f 270/177/182 268/182/182 288/202/182 285/203/182
f 271/178/183 270/177/183 285/203/183 286/204/183
f 295/198/184 267/188/184 284/205/184 296/206/184
f 267/188/185 271/178/185 286/204/185 284/205/185
f 257/157/186 274/165/186 252/158/186
f 252/158/187 256/166/187 251/207/187
f 236/200/180 287/199/179 290/208/188 237/209/188
f 288/202/189 289/210/189 278/211/189 281/212/189
f 285/203/190 288/202/190 281/212/190 280/213/190
f 286/204/191 285/203/191 280/213/191 277/214/191
f 296/206/192 284/205/192 276/215/192 297/216/192
f 289/210/193 279/217/193 278/211/193
f 284/205/194 286/204/194 277/214/194 276/215/194
f 289/210/195 324/218/195 291/219/195 279/217/195
f 291/219/196 282/220/196 279/217/196
f 287/199/197 296/206/197 297/216/197 290/208/197
f 266/185/198 295/198/198 296/206/198 287/199/198
f 320/189/199 267/188/199 295/198/199 322/197/199
f 256/166/200 261/195/200 294/175/162 293/160/161
f 251/207/201 256/166/201 293/160/153 292/159/153
f 302/221/202 238/222/202 307/223/202
f 303/224/203 301/225/203 307/223/203 309/226/203
f 300/227/204 306/228/204 305/229/204 299/230/204
f 298/231/205 326/232/205 243/233/205 239/234/205
f 300/227/206 303/224/206 309/226/206 306/228/206
f 301/225/207 302/221/207 307/223/207
f 305/229/208 304/235/208 326/232/208
f 308/236/209 240/237/209 241/238/209 314/239/209
f 306/228/210 312/240/210 311/241/210 305/229/210
f 306/228/211 309/226/211 315/242/211 312/240/211
f 307/223/212 308/236/212 314/239/212 313/243/212
f 305/229/213 311/241/213 310/244/213 304/235/213
f 309/226/214 307/223/214 313/243/214 315/242/214
f 261/195/215 320/189/215 322/197/215 294/175/215
f 294/175/216 322/197/216 319/184/216 260/171/216
f 265/194/217 316/179/217 320/189/217 261/195/217
f 260/171/218 319/184/218 242/187/218 233/172/218
f 262/174/219 318/183/219 317/176/219 264/196/219
f 263/173/220 321/180/220 318/183/220 262/174/220
f 264/196/221 317/176/221 316/179/221 265/194/221
f 324/218/222 289/210/222 325/245/222
f 325/245/223 289/210/223 323/201/223
f 323/201/224 289/210/224 288/202/224
f 324/218/225 283/246/225 291/219/225
f 272/191/226 263/173/226 258/156/226
f 307/223/227 238/222/227 240/237/227 308/236/227
f 287/199/228 234/186/228 266/185/228
f 234/186/229 307/223/229 238/222/229
f 287/199/230 307/223/230 234/186/230
f 315/242/231 287/199/231 297/216/231
f 315/242/232 307/223/232 287/199/232
f 329/221/233 328/225/233 331/247/233 332/248/233
f 244/222/234 329/221/234 332/248/234 245/249/234
f 245/249/235 332/248/235 334/250/235 246/251/235
f 332/248/236 331/247/236 333/252/236 334/250/236
f 330/224/237 336/253/237 335/254/237
f 330/224/238 327/227/238 336/253/238
f 331/247/239 328/225/239 335/254/239
f 331/247/240 335/254/240 333/252/240
f 335/254/241 328/225/241 330/224/241
f 339/255/242 342/256/242 341/257/242 338/258/242
f 247/259/243 248/260/243 342/256/243 339/255/243
f 248/260/244 249/261/244 344/262/244 342/256/244
f 342/256/245 344/262/245 343/263/245 341/257/245
f 340/264/246 345/265/246 346/266/246
f 340/264/247 346/266/247 337/267/247
f 341/257/248 345/265/248 338/258/248
f 341/257/249 343/263/249 345/265/249
f 345/265/250 340/264/250 338/258/250
f 329/221/98 339/255/98 338/258/98 328/225/98
f 244/222/98 247/259/98 339/255/98 329/221/98
f 330/224/98 340/264/98 337/267/98 327/227/98
f 333/252/251 343/263/251 344/262/251 334/250/251
f 334/250/252 344/262/252 249/261/252 246/251/252
f 327/227/253 337/267/253 346/266/253 336/253/253
f 336/253/254 346/266/254 345/265/254 335/254/254
f 328/225/98 338/258/98 340/264/98 330/224/98
f 335/254/255 345/265/255 343/263/255 333/252/255
f 298/231/256 299/230/256 326/232/256
f 299/230/257 305/229/257 326/232/257
f 352/268/258 351/269/258 358/270/258 359/271/258
f 398/272/259 349/273/260 356/274/260 399/275/259
f 353/276/261 352/268/261 359/271/261 360/277/261
f 378/278/262 351/269/262 357/279/262
f 349/273/263 348/280/263 355/281/263 356/274/263
f 347/282/264 353/276/264 360/277/264 354/283/264
f 356/274/265 355/281/265 361/284/265 362/285/265
f 359/271/266 358/270/266 364/286/266 365/287/266
f 399/275/267 356/274/268 362/285/268 400/288/269
f 427/289/270 426/290/270 374/291/270 373/292/270
f 432/293/271 428/294/271 371/295/271 372/296/271
f 428/294/272 427/289/272 373/292/272 371/295/272
f 430/297/273 429/298/273 368/299/273 369/300/273
f 426/290/274 431/301/274 370/302/274 374/291/274
f 360/277/275 375/303/275 377/304/275
f 359/271/276 375/303/276 360/277/276
f 354/283/277 360/277/277 379/305/277 376/306/277
f 367/307/278 378/278/278 363/308/278
f 367/307/279 366/309/279 378/278/279
f 364/286/280 358/270/280 378/278/280 366/309/280
f 357/279/281 363/308/281 378/278/281
f 379/305/282 360/277/282 377/304/282
f 433/310/283 430/297/283 369/300/283 401/311/283
f 368/299/284 393/312/285 391/313/286
f 371/295/287 392/314/287 434/315/287 372/296/287
f 373/292/288 389/316/288 392/314/288 371/295/288
f 374/291/289 390/317/289 389/316/289 373/292/289
f 401/311/290 402/318/290 388/319/290 370/302/290
f 370/302/291 388/319/291 390/317/291 374/291/291
f 358/270/292 351/269/292 378/278/292
f 351/269/293 350/320/293 357/279/293
f 393/312/285 396/321/294 395/322/294 391/313/286
f 392/314/295 385/323/295 382/324/295 394/325/295
f 389/316/296 384/326/296 385/323/296 392/314/296
f 390/317/297 381/327/297 384/326/297 389/316/297
f 402/318/298 403/328/298 380/329/298 388/319/298
f 394/325/299 382/324/299 383/330/299
f 388/319/300 380/329/300 381/327/300 390/317/300
f 394/325/301 383/330/301 397/331/301 435/332/301
f 397/331/302 383/330/302 386/333/302
f 391/313/303 395/322/303 403/328/303 402/318/303
f 369/300/304 391/313/304 402/318/304 401/311/304
f 431/301/305 433/310/305 401/311/305 370/302/305
f 357/279/306 399/275/267 400/288/269 363/308/306
f 350/320/307 398/272/259 399/275/259 357/279/307
f 410/334/308 416/335/308 404/336/308
f 411/337/309 418/338/309 416/335/309 409/339/309
f 408/340/310 407/341/310 414/342/310 415/343/310
f 406/344/311 405/345/311 438/346/311 437/347/311
f 408/340/312 415/343/312 418/338/312 411/337/312
f 409/339/313 416/335/313 410/334/313
f 437/347/314 413/348/315 414/342/316
f 417/349/317 424/350/317 419/351/317 412/352/317
f 415/343/318 414/342/318 421/353/318 422/354/318
f 415/343/319 422/354/319 425/355/319 418/338/319
f 416/335/320 423/356/320 424/350/320 417/349/320
f 414/342/321 413/348/321 420/357/321 421/353/321
f 418/338/322 425/355/322 423/356/322 416/335/322
f 363/308/323 400/288/323 433/310/323 431/301/323
f 400/288/324 362/285/324 430/297/324 433/310/324
f 367/307/325 363/308/325 431/301/325 426/290/325
f 362/285/326 361/284/326 429/298/326 430/297/326
f 364/286/327 366/309/327 427/289/327 428/294/327
f 365/287/328 364/286/328 428/294/328 432/293/328
f 366/309/329 367/307/329 426/290/329 427/289/329
f 435/332/330 436/358/330 394/325/330
f 436/358/331 434/315/331 394/325/331
f 434/315/332 392/314/332 394/325/332
f 435/332/333 397/331/333 387/359/333
f 375/303/334 359/271/334 365/287/334
f 416/335/335 417/349/335 412/352/335 404/336/335
f 391/313/336 369/300/336 368/299/336
f 368/299/337 404/336/337 416/335/337
f 391/313/338 368/299/338 416/335/338
f 425/355/339 403/328/339 391/313/339
f 425/355/340 391/313/340 416/335/340
f 442/334/341 446/360/341 445/361/341 441/339/341
f 439/336/342 444/362/342 446/360/342 442/334/342
f 444/362/343 447/363/343 449/364/343 446/360/343
f 446/360/344 449/364/344 448/365/344 445/361/344
f 443/337/345 450/366/345 451/367/345
f 443/337/346 451/367/346 440/340/346
f 445/361/347 450/366/347 441/339/347
f 445/361/348 448/365/348 450/366/348
f 450/366/349 443/337/349 441/339/349
f 455/368/350 454/369/350 458/370/350 459/371/350
f 452/372/351 455/368/351 459/371/351 457/373/351
f 457/373/352 459/371/352 462/374/352 460/375/352
f 459/371/353 458/370/353 461/376/353 462/374/353
f 456/377/354 464/378/354 463/379/354
f 456/377/355 453/380/355 464/378/355
f 458/370/356 454/369/356 463/379/356
f 458/370/357 463/379/357 461/376/357
f 463/379/358 454/369/358 456/377/358
f 442/334/98 441/339/98 454/369/98 455/368/98
f 439/336/98 442/334/98 455/368/98 452/372/98
f 443/337/98 440/340/98 453/380/98 456/377/98
f 448/365/359 449/364/359 462/374/359 461/376/359
f 449/364/360 447/363/360 460/375/360 462/374/360
f 440/340/361 451/367/361 464/378/361 453/380/361
f 451/367/362 450/366/362 463/379/362 464/378/362
f 441/339/98 443/337/98 456/377/98 454/369/98
f 450/366/363 448/365/363 461/376/363 463/379/363
f 414/342/316 407/341/364 437/347/314
f 407/341/365 406/344/365 437/347/365
f 467/381/98 468/381/98 469/382/98 470/382/98
f 466/383/366 465/383/366 468/381/366 467/381/366
f 473/384/98 476/385/98 475/385/98 474/384/98
f 472/386/367 473/384/367 474/384/367 471/386/367
f 477/387/368 485/388/368 511/389/368 478/390/368
f 484/391/369 486/392/369 487/393/369 485/388/369
f 504/394/370 479/395/370 487/393/370
f 489/396/371 488/397/371 494/398/371 495/399/371
f 490/400/372 489/396/372 495/399/372 496/401/372
f 490/400/373 496/401/373 492/402/373 479/395/373
f 488/397/374 518/403/374 519/404/374 494/398/374
f 492/402/375 493/405/375 114/406/375
f 496/401/376 497/407/376 500/408/376 492/402/376
f 494/398/377 519/404/377 520/409/377 499/410/377
f 495/399/378 494/398/378 499/410/378 498/411/378
f 496/401/379 495/399/379 498/411/379 497/407/379
f 493/405/380 492/402/380 500/408/380 501/412/380
f 501/412/381 500/408/381 502/413/381 503/414/381
f 505/415/382 506/416/382 488/397/382 489/396/382
f 509/417/383 518/403/383 488/397/383
f 484/391/384 514/418/384 515/419/384 483/420/384
f 490/400/385 504/394/385 505/415/385 489/396/385
f 517/421/386 508/422/387 510/423/386
f 521/424/383 509/417/383 508/422/387 517/421/386
f 511/389/388 485/388/388 487/393/388
f 479/395/389 480/425/389 511/389/389 487/393/389
f 491/426/390 481/427/390 512/428/390 513/429/390
f 481/427/391 478/390/391 511/389/391 512/428/391
f 514/418/392 484/391/392 485/388/392
f 516/430/393 522/431/393 482/432/393 507/433/393
f 515/419/394 516/430/394 507/433/394 483/420/394
f 521/424/395 517/421/396 553/434/397 554/435/395
f 523/436/398 524/437/398 556/438/399 530/439/400
f 529/440/401 530/439/401 532/441/401 531/442/401
f 525/443/402 535/444/402 549/445/402
f 534/446/403 540/447/403 539/448/403 533/449/403
f 535/444/404 541/450/404 540/447/404 534/446/404
f 535/444/405 525/443/405 537/451/405 541/450/405
f 533/449/406 539/448/406 519/404/406 518/403/406
f 124/452/407 537/451/407 525/443/408
f 541/450/409 537/451/409 545/453/409 542/454/409
f 539/448/410 544/455/410 520/409/410 519/404/410
f 540/447/411 543/456/411 544/455/411 539/448/411
f 541/450/412 542/454/412 543/456/412 540/447/412
f 538/457/413 546/458/413 545/453/413 537/451/413
f 546/458/414 548/459/414 547/460/414 545/453/414
f 550/461/415 534/446/415 533/449/415 551/462/415
f 518/403/395 521/424/395 554/435/395
f 529/440/416 528/463/416 560/464/416 559/465/416
f 535/444/417 534/446/417 550/461/417 549/445/417
f 555/466/396 517/421/396 482/432/396
f 556/438/399 532/441/418 530/439/400
f 525/443/419 532/441/419 556/438/419 526/467/419
f 536/468/390 558/469/390 557/470/390 527/471/390
f 527/471/420 557/470/420 556/438/420 524/437/420
f 559/465/421 530/439/421 529/440/421
f 561/472/422 552/473/422 482/432/422 522/431/422
f 560/464/423 528/463/423 552/473/423 561/472/423
f 567/474/424 565/475/424 564/436/424 566/476/424
f 566/476/425 564/436/425 576/439/425 568/477/425
f 571/478/426 572/479/426 576/439/426 575/480/426
f 574/481/427 573/482/427 577/483/427
f 571/478/428 575/480/428 574/481/428 570/484/428
f 575/480/421 576/439/421 579/465/421
f 574/481/429 580/464/429 581/472/429 573/482/429
f 572/479/430 568/477/430 576/439/430
f 563/431/431 562/485/431 578/486/431
f 577/483/432 573/482/432 578/486/432
f 580/464/433 574/481/433 575/480/433 579/465/433
f 585/487/434 584/488/434 582/387/434 583/489/434
f 584/488/435 586/490/435 595/388/435 582/387/435
f 589/491/436 594/492/436 595/388/436 590/493/436
f 596/494/437 592/495/437 593/496/437
f 589/491/438 588/497/438 593/496/438 594/492/438
f 594/492/392 598/418/392 595/388/392
f 593/496/439 592/495/439 600/430/439 599/419/439
f 590/493/440 595/388/440 586/490/440
f 597/498/441 601/431/442 600/430/443
f 596/494/444 597/498/444 592/495/444
f 599/419/445 598/418/445 594/492/445 593/496/445
f 629/499/446 628/500/447 608/501/448 606/502/446
f 635/503/449 634/504/450 609/505/451 632/506/451
f 628/500/447 632/506/452 609/505/452 608/501/448
f 630/507/453 629/499/453 606/502/453 607/508/453
f 623/509/454 615/510/454 617/511/455 622/512/456
f 627/513/457 626/514/457 618/515/457 621/516/457
f 622/512/456 617/511/455 618/515/458 626/514/458
f 624/517/459 616/518/459 615/510/459 623/509/459
f 625/519/460 627/513/460 621/516/460 619/520/460
f 612/521/461 624/517/461 623/509/461 611/522/461
f 613/523/458 622/512/456 626/514/458 614/524/458
f 620/525/462 614/524/462 626/514/462 627/513/462
f 611/522/463 623/509/463 622/512/463 613/523/463
f 603/526/464 602/527/464 629/499/464 630/507/464
f 604/528/452 605/529/452 632/506/452 628/500/447
f 633/530/465 635/503/465 632/506/465 605/529/465
f 602/527/466 604/528/466 628/500/466 629/499/466
f 631/531/467 610/532/467 634/504/450 635/503/449
f 636/533/60 637/534/60 639/535/60 638/536/60
f 638/536/468 639/535/468 643/537/468 642/538/468
f 642/538/53 643/537/53 641/539/53 640/540/53
f 640/540/469 641/539/469 637/534/469 636/533/469
f 638/536/470 642/538/470 640/540/470 636/533/470
f 643/537/471 639/535/471 637/534/471 641/539/471
f 646/541/472 647/542/472 645/543/472 644/544/472
f 654/541/470 646/541/470 644/544/470 656/544/470
f 656/544/470 644/544/470 648/545/470 658/545/470
f 644/544/473 645/543/473 649/546/473 648/545/473
f 651/547/470 661/547/470 668/548/470 666/548/470
f 647/542/474 646/541/474 651/547/475 650/549/475
f 664/550/471 653/550/471 663/551/471
f 662/552/471 652/553/471 653/550/471 664/550/471
f 671/554/476 669/555/476 652/553/476 662/552/476
f 669/555/477 670/556/478 653/550/479 652/553/479
f 670/556/480 672/557/480 663/551/480 653/550/480
f 646/541/481 654/541/481 661/547/481 651/547/481
f 645/543/482 657/558/482 659/546/482 649/546/482
f 648/559/102 649/560/102 659/560/102 658/559/102
f 647/542/483 655/561/483 657/558/483 645/543/483
f 665/562/98 666/548/98 668/548/98 667/562/98
f 660/563/471 650/549/471 665/562/471 667/562/471
f 650/549/475 651/547/475 666/548/484 665/562/484
f 647/542/485 650/549/485 670/556/478 669/555/477
f 655/561/486 647/542/486 669/555/486 671/554/486
f 650/549/487 660/563/487 673/563/487 670/549/487
f 676/564/488 674/565/488 675/566/488 677/567/488
f 654/564/470 656/565/470 674/565/470 676/564/470
f 656/565/470 658/559/470 678/559/470 674/565/470
f 674/565/489 678/559/489 679/560/489 675/566/489
f 681/568/470 685/569/470 668/569/470 661/568/470
f 677/567/490 680/570/491 681/568/491 676/564/490
f 664/571/471 663/572/471 683/571/471
f 662/573/471 664/571/471 683/571/471 682/574/471
f 671/575/492 662/573/492 682/574/492 686/576/492
f 686/576/493 682/574/494 683/571/494 687/577/495
f 687/577/496 683/571/496 663/572/496 672/578/496
f 676/564/481 681/568/481 661/568/481 654/564/481
f 675/566/497 679/560/497 659/560/497 657/579/497
f 678/559/102 658/559/102 659/560/102 679/560/102
f 677/567/498 675/566/498 657/579/498 655/580/498
f 684/581/98 667/581/98 668/569/98 685/569/98
f 660/570/471 667/581/471 684/581/471 680/570/471
f 680/570/491 684/581/499 685/569/499 681/568/491
f 677/567/500 686/576/493 687/577/495 680/570/500
f 655/580/501 671/575/501 686/576/501 677/567/501
f 680/570/487 687/577/487 673/577/487 660/570/487
f 670/582/470 673/583/470 687/584/470 672/585/470
f 726/586/502 704/587/502 707/588/502 727/589/502
f 727/590/503 707/591/503 708/592/503 728/593/503
f 721/594/504 705/595/504 709/596/504 720/589/504
f 720/590/505 709/597/505 710/598/505 722/599/505
f 722/586/506 710/600/506 711/601/506 723/602/506
f 723/603/507 711/604/507 712/605/507 724/606/507
f 724/607/508 712/608/508 713/609/508 725/602/508
f 725/603/509 713/610/509 704/611/509 726/599/509
f 734/612/510 735/613/510 714/614/510 706/615/510
f 735/616/511 728/594/511 708/595/511 714/617/511
f 721/593/512 729/613/512 715/618/512 705/592/512
f 729/616/513 730/619/513 716/620/513 715/621/513
f 730/612/514 731/622/514 717/623/514 716/624/514
f 731/625/515 732/626/515 718/627/515 717/628/515
f 732/629/516 733/622/516 719/630/516 718/631/516
f 733/625/517 734/619/517 706/632/517 719/633/517
f 699/634/518 747/635/518 748/636/518 700/637/518
f 688/594/98 721/594/98 720/589/98 689/638/98
f 689/639/98 720/590/98 722/599/98 690/640/98
f 690/641/98 722/586/98 723/602/98 691/642/98
f 691/643/98 723/603/98 724/606/98 692/644/98
f 692/645/98 724/607/98 725/602/98 693/642/98
f 693/643/98 725/603/98 726/599/98 694/640/98
f 694/641/98 726/586/98 727/589/98 695/638/98
f 695/639/98 727/590/98 728/593/98 696/593/98
f 697/646/98 729/613/98 721/593/98 688/593/98
f 698/647/98 730/619/98 729/616/98 697/648/98
f 699/634/98 731/622/98 730/612/98 698/649/98
f 700/650/98 732/626/98 731/625/98 699/651/98
f 701/634/98 733/622/98 732/629/98 700/637/98
f 702/647/98 734/619/98 733/625/98 701/651/98
f 703/646/98 735/613/98 734/612/98 702/649/98
f 696/594/98 728/594/98 735/616/98 703/648/98
f 743/652/98 749/653/98 745/654/98
f 693/643/519 741/655/519 740/656/519 692/644/519
f 700/637/520 748/636/520 749/635/520 701/634/520
f 694/640/521 742/657/521 741/655/521 693/643/521
f 701/634/522 749/635/522 750/658/522 702/649/522
f 695/639/523 743/659/523 742/657/523 694/640/523
f 702/649/524 750/658/524 751/660/524 703/646/524
f 696/593/525 744/661/525 743/659/525 695/639/525
f 689/639/526 737/659/526 736/661/526 688/593/526
f 703/646/527 751/660/527 744/661/527 696/593/527
f 688/593/528 736/661/528 745/660/528 697/646/528
f 690/640/529 738/657/529 737/659/529 689/639/529
f 697/646/530 745/660/530 746/658/530 698/649/530
f 691/643/531 739/655/531 738/657/531 690/640/531
f 698/649/532 746/658/532 747/635/532 699/634/532
f 692/644/533 740/656/533 739/655/533 691/643/533
f 769/662/534 758/663/534 759/664/534 768/665/534
f 768/665/535 759/664/535 760/666/535 770/667/535
f 772/668/536 752/669/536 753/670/536 771/671/536
f 771/671/537 753/670/537 754/672/537 773/673/537
f 773/673/538 754/672/538 755/674/538 774/675/538
f 774/675/539 755/674/539 756/676/539 775/677/539
f 775/678/540 756/679/540 757/680/540 776/681/540
f 776/681/541 757/680/541 758/663/541 769/662/541
f 778/682/542 777/683/542 767/684/542 766/685/542
f 777/683/543 770/667/543 760/666/543 767/684/543
f 772/668/544 779/686/544 761/687/544 752/669/544
f 779/686/545 780/688/545 762/689/545 761/687/545
f 780/688/546 781/690/546 763/691/546 762/689/546
f 781/690/547 782/692/547 764/693/547 763/691/547
f 782/694/548 783/695/548 765/696/548 764/697/548
f 783/695/549 778/682/549 766/685/549 765/696/549
f 799/698/550 786/699/550 778/682/550 783/695/550
f 798/700/551 799/698/551 783/695/551 782/694/551
f 797/701/552 798/702/552 782/692/552 781/690/552
f 796/703/553 797/701/553 781/690/553 780/688/553
f 795/704/554 796/703/554 780/688/554 779/686/554
f 785/705/555 795/704/555 779/686/555 772/668/555
f 794/706/556 788/707/556 770/667/556 777/683/556
f 786/699/557 794/706/557 777/683/557 778/682/557
f 793/708/558 776/681/558 769/662/558 784/709/558
f 792/710/559 775/678/559 776/681/559 793/708/559
f 791/711/560 774/675/560 775/677/560 792/712/560
f 790/713/561 773/673/561 774/675/561 791/711/561
f 789/714/562 771/671/562 773/673/562 790/713/562
f 785/705/563 772/668/563 771/671/563 789/714/563
f 787/715/564 768/665/564 770/667/564 788/707/564
f 784/709/565 769/662/565 768/665/565 787/715/565
f 800/716/566 801/717/566 803/718/566 802/719/566
f 802/719/98 803/718/98 807/720/98 806/721/98
f 806/721/567 807/720/567 805/722/567 804/723/567
f 804/723/568 805/722/568 801/717/568 800/716/568
f 802/719/569 806/721/569 804/723/569 800/716/569
f 807/720/570 803/718/570 801/717/570 805/722/570
f 808/716/571 810/719/571 811/718/571 809/717/571
f 810/719/98 814/721/98 815/720/98 811/718/98
f 814/721/572 812/723/572 813/722/572 815/720/572
f 812/723/573 808/716/573 809/717/573 813/722/573
f 810/719/574 808/716/574 812/723/574 814/721/574
f 815/720/575 813/722/575 809/717/575 811/718/575
f 829/724/576 823/725/576 837/726/576 843/727/576
f 831/728/577 830/729/577 825/730/577 824/731/577
f 833/732/578 832/733/578 829/724/578 828/734/578
f 867/735/579 835/736/580 826/737/580 866/738/581
f 832/733/582 834/739/582 823/725/582 829/724/582
f 835/736/583 836/740/583 827/741/583 826/737/583
f 836/740/584 833/732/584 828/734/584 827/741/584
f 820/742/585 821/743/585 833/732/585 836/740/585
f 819/744/586 820/742/586 836/740/586 835/736/586
f 822/745/587 816/746/587 834/739/587 832/733/587
f 865/747/588 819/744/589 835/736/589 867/735/590
f 821/743/591 822/745/591 832/733/591 833/732/591
f 817/748/592 818/749/592 830/729/592 831/728/592
f 826/737/593 827/741/593 841/750/594 840/751/595
f 827/741/596 828/734/596 842/752/596 841/750/596
f 824/731/597 825/730/597 839/753/597 838/754/597
f 828/734/598 829/724/598 843/727/598 842/752/598
f 866/738/599 826/737/599 840/751/599 868/755/599
f 843/727/600 837/726/600 844/756/600 850/757/600
f 840/751/595 841/750/594 848/758/601 847/759/601
f 841/750/602 842/752/602 849/760/602 848/758/602
f 838/754/603 839/753/603 846/761/603 845/762/603
f 842/752/604 843/727/604 850/757/604 849/760/604
f 868/755/605 840/751/606 847/759/606 869/763/607
f 852/762/608 853/761/608 860/764/609 859/765/610
f 849/760/611 850/757/611 857/757/611 856/760/611
f 869/763/612 847/759/612 854/759/612 870/763/612
f 850/757/613 844/756/613 851/756/613 857/757/613
f 847/759/614 848/758/614 855/758/614 854/759/614
f 848/758/615 849/760/615 856/760/615 855/758/615
f 845/762/616 846/761/616 853/761/616 852/762/616
f 856/760/617 857/757/617 864/766/618 863/767/619
f 870/763/620 854/759/621 861/768/622 871/769/623
f 857/757/624 851/756/624 858/770/625 864/766/618
f 854/759/626 855/758/626 862/771/627 861/768/622
f 855/758/628 856/760/628 863/767/619 862/771/627
f 853/761/620 870/763/620 871/769/623 860/764/609
f 846/761/612 869/763/612 870/763/612 853/761/612
f 839/753/629 868/755/605 869/763/607 846/761/629
f 825/730/599 866/738/599 868/755/599 839/753/599
f 818/749/630 865/747/588 867/735/590 830/729/630
f 830/729/631 867/735/579 866/738/581 825/730/631
f 881/724/632 891/727/632 837/726/632 823/725/632
f 831/728/633 824/731/633 877/730/633 882/729/633
f 884/732/634 880/734/634 881/724/634 883/733/634
f 909/735/635 908/738/636 878/737/637 885/736/637
f 883/733/638 881/724/638 823/725/638 834/739/638
f 885/736/639 878/737/639 879/741/639 886/740/639
f 886/740/640 879/741/640 880/734/640 884/732/640
f 874/742/641 886/740/641 884/732/641 875/743/641
f 873/744/642 885/736/642 886/740/642 874/742/642
f 876/745/643 883/733/643 834/739/643 816/746/643
f 907/747/644 909/735/645 885/736/646 873/744/646
f 875/743/647 884/732/647 883/733/647 876/745/647
f 817/748/648 831/728/648 882/729/648 872/749/648
f 878/737/649 888/751/650 889/750/651 879/741/649
f 879/741/652 889/750/652 890/752/652 880/734/652
f 824/731/653 838/754/653 887/753/653 877/730/653
f 880/734/654 890/752/654 891/727/654 881/724/654
f 908/738/655 910/755/655 888/751/655 878/737/655
f 891/727/656 896/757/656 844/756/656 837/726/656
f 888/751/650 893/759/657 894/758/657 889/750/651
f 889/750/658 894/758/658 895/760/658 890/752/658
f 838/754/659 845/762/659 892/761/659 887/753/659
f 890/752/660 895/760/660 896/757/660 891/727/660
f 910/755/661 911/763/662 893/759/663 888/751/663
f 852/762/664 859/765/610 902/764/665 897/761/664
f 895/760/666 900/760/666 901/757/666 896/757/666
f 911/763/667 912/763/667 898/759/667 893/759/667
f 896/757/668 901/757/668 851/756/668 844/756/668
f 893/759/669 898/759/669 899/758/669 894/758/669
f 894/758/670 899/758/670 900/760/670 895/760/670
f 845/762/671 852/762/671 897/761/671 892/761/671
f 900/760/672 905/767/673 906/766/674 901/757/672
f 912/763/675 913/769/676 903/768/677 898/759/678
f 901/757/679 906/766/674 858/770/625 851/756/679
f 898/759/680 903/768/677 904/771/681 899/758/680
f 899/758/682 904/771/681 905/767/673 900/760/682
f 897/761/675 902/764/665 913/769/676 912/763/675
f 892/761/667 897/761/667 912/763/667 911/763/667
f 887/753/683 892/761/683 911/763/662 910/755/661
f 877/730/655 887/753/655 910/755/655 908/738/655
f 872/749/684 882/729/684 909/735/645 907/747/644
f 882/729/685 877/730/685 908/738/636 909/735/635
f 928/772/102 929/773/102 915/773/102 916/774/102
f 930/775/102 928/772/102 916/774/102 917/776/102
f 931/777/102 930/775/102 917/776/102 918/778/102
f 932/779/102 933/780/102 919/780/102 920/781/102
f 934/773/102 932/779/102 920/781/102 914/773/102
f 935/782/102 931/777/102 918/778/102 921/783/102
f 933/780/102 935/782/102 921/783/102 919/780/102
f 929/773/102 936/784/102 922/785/102 915/773/102
f 936/784/102 937/786/102 923/787/102 922/785/102
f 937/786/102 938/788/102 924/789/102 923/787/102
f 940/790/102 939/791/102 926/792/102 925/790/102
f 939/791/102 934/773/102 914/773/102 926/792/102
f 938/788/102 941/793/102 927/794/102 924/789/102
f 941/793/102 940/790/102 925/790/102 927/794/102
f 957/795/686 956/796/686 947/797/686 949/798/686
f 959/799/687 958/800/687 943/801/687 950/802/687
f 958/800/688 960/803/688 942/804/688 943/801/688
f 961/805/689 959/799/690 950/802/691 951/806/691
f 960/803/692 962/807/693 944/808/694 942/804/694
f 963/809/695 961/805/695 951/806/695 952/810/695
f 962/807/696 964/811/696 945/812/696 944/808/696
f 966/813/697 965/814/697 954/815/697 953/816/697
f 956/796/698 967/817/698 946/818/698 947/797/698
f 968/800/699 966/813/699 953/816/699 948/801/699
f 967/817/700 968/800/700 948/801/700 946/818/700
f 969/819/701 963/809/701 952/810/701 955/820/702
f 964/811/703 957/795/703 949/798/704 945/812/703
f 965/814/705 969/819/705 955/820/705 954/815/705
f 940/790/706 941/793/706 969/819/706 965/814/706
f 931/777/707 935/782/707 957/795/707 964/811/707
f 941/793/708 938/788/708 963/809/708 969/819/708
f 932/779/709 934/773/709 968/800/709 967/817/709
f 934/773/710 939/791/710 966/813/710 968/800/710
f 933/780/711 932/779/711 967/817/711 956/796/711
f 939/791/712 940/790/712 965/814/712 966/813/712
f 930/775/713 931/777/713 964/811/713 962/807/713
f 938/788/714 937/786/714 961/805/714 963/809/714
f 928/772/715 930/775/715 962/807/716 960/803/717
f 937/786/718 936/784/718 959/799/719 961/805/720
f 929/773/721 928/772/721 960/803/721 958/800/721
f 936/784/722 929/773/722 958/800/722 959/799/722
f 935/782/723 933/780/723 956/796/723 957/795/723
f 947/797/724 946/818/724 974/821/724 975/822/724
f 948/801/725 953/816/725 981/823/725 976/824/725
f 946/818/726 948/801/726 976/824/726 974/821/726
f 955/820/702 952/810/701 980/825/702 983/826/702
f 945/812/703 949/798/704 977/827/704 973/828/704
f 954/815/727 955/820/727 983/826/727 982/829/727
f 949/798/728 947/797/728 975/822/728 977/827/728
f 950/802/729 943/801/729 971/824/729 978/830/729
f 943/801/730 942/804/730 970/831/730 971/824/730
f 951/806/731 950/802/731 978/830/731 979/832/731
f 942/804/732 944/808/732 972/833/732 970/831/732
f 952/810/733 951/806/733 979/832/733 980/825/733
f 944/808/734 945/812/734 973/828/734 972/833/734
f 953/816/735 954/815/735 982/829/735 981/823/735
f 976/834/102 981/835/102 978/836/102
f 985/837/98 984/838/98 994/838/98 995/839/98
f 989/840/102 988/841/102 998/841/102 999/840/102
f 990/842/736 993/843/736 1003/843/736 1000/842/736
f 986/844/737 996/845/737 997/846/738 987/847/738
f 984/838/98 990/842/98 1000/842/98 994/838/98
f 985/837/739 995/839/739 996/845/737 986/844/737
f 993/843/53 991/848/53 1001/848/53 1003/843/53
f 988/841/102 987/847/102 997/846/102 998/841/102
f 992/849/102 989/840/102 999/840/102 1002/849/102
f 991/848/53 992/849/53 1002/849/53 1001/848/53
f 1015/850/740 1006/851/740 1007/852/741 1014/853/741
f 1017/854/742 1016/855/743 1012/852/743 1011/851/742
f 1019/856/98 1018/857/98 1004/858/98 1005/858/98
f 1021/859/102 1020/860/102 1008/852/102 1009/852/102
f 1016/855/102 1021/859/102 1009/852/102 1012/852/102
f 1023/861/744 1022/862/745 1013/863/746 1010/858/744
f 1019/856/747 1005/858/747 1006/851/740 1015/850/740
f 1018/857/98 1023/861/98 1010/858/98 1004/858/98
f 1022/862/745 1017/854/742 1011/851/742 1013/863/746
f 1020/860/102 1014/853/102 1007/852/102 1008/852/102
f 998/841/102 997/846/102 1014/853/102 1020/860/102
f 1003/843/748 1001/848/749 1017/854/749 1022/862/748
f 994/838/98 1000/842/98 1023/861/98 1018/857/98
f 995/839/750 1019/856/750 1015/850/750 996/845/750
f 1000/842/751 1003/843/751 1022/862/751 1023/861/751
f 1002/849/102 999/840/102 1021/859/102 1016/855/102
f 999/840/102 998/841/102 1020/860/102 1021/859/102
f 995/839/98 994/838/98 1018/857/98 1019/856/98
f 1001/848/749 1002/849/752 1016/855/752 1017/854/749
f 996/845/753 1015/850/753 1014/853/753 997/846/753
f 1025/837/98 1035/839/98 1034/838/98 1024/838/98
f 1029/840/102 1039/840/102 1038/841/102 1028/841/102
f 1030/842/754 1040/842/754 1043/843/754 1033/843/754
f 1026/844/755 1027/847/756 1037/846/756 1036/845/755
f 1024/838/98 1034/838/98 1040/842/98 1030/842/98
f 1025/837/757 1026/844/755 1036/845/755 1035/839/757
f 1033/843/60 1043/843/60 1041/848/60 1031/848/60
f 1028/841/102 1038/841/102 1037/846/102 1027/847/102
f 1032/849/102 1042/849/102 1039/840/102 1029/840/102
f 1031/848/60 1041/848/60 1042/849/60 1032/849/60
f 1045/850/758 1044/853/759 1007/852/759 1006/851/758
f 1047/854/760 1011/851/760 1012/852/761 1046/855/761
f 1049/856/98 1005/858/98 1004/858/98 1048/857/98
f 1051/859/102 1009/852/102 1008/852/102 1050/860/102
f 1046/855/102 1012/852/102 1009/852/102 1051/859/102
f 1053/861/762 1010/858/762 1013/863/763 1052/862/764
f 1049/856/765 1045/850/758 1006/851/758 1005/858/765
f 1048/857/98 1004/858/98 1010/858/98 1053/861/98
f 1052/862/764 1013/863/763 1011/851/760 1047/854/760
f 1050/860/102 1008/852/102 1007/852/102 1044/853/102
f 1038/841/102 1050/860/102 1044/853/102 1037/846/102
f 1043/843/766 1052/862/766 1047/854/767 1041/848/767
f 1034/838/98 1048/857/98 1053/861/98 1040/842/98
f 1035/839/768 1036/845/768 1045/850/768 1049/856/768
f 1040/842/769 1053/861/769 1052/862/769 1043/843/769
f 1042/849/102 1046/855/102 1051/859/102 1039/840/102
f 1039/840/102 1051/859/102 1050/860/102 1038/841/102
f 1035/839/98 1049/856/98 1048/857/98 1034/838/98
f 1041/848/767 1047/854/767 1046/855/770 1042/849/770
f 1036/845/771 1037/846/771 1044/853/771 1045/850/771
f 1054/864/60 1055/865/60 1057/866/60 1056/866/60
f 1056/866/98 1057/866/98 1061/867/98 1060/867/98
f 1060/867/53 1061/867/53 1059/868/53 1058/869/53
f 1058/869/772 1059/868/772 1055/865/772 1054/864/772
f 1056/866/470 1060/867/470 1058/869/470 1054/864/470
f 1061/867/471 1057/866/471 1055/865/471 1059/868/471
f 1098/870/773 1090/871/773 1093/872/773 1099/873/773
f 1100/874/774 1091/875/774 1090/871/774 1098/870/774
f 1099/873/775 1093/872/775 1092/876/775 1101/877/775
f 1101/877/776 1092/876/776 1094/878/776 1102/879/776
f 1103/880/777 1096/881/777 1097/882/777 1104/883/777
f 1102/879/778 1094/878/778 1096/881/778 1103/880/778
f 1104/883/779 1097/882/779 1095/884/779 1105/885/779
f 1112/886/780 1113/887/780 1108/888/780 1106/889/780
f 1100/874/781 1112/886/781 1106/889/781 1091/875/781
f 1113/887/782 1114/890/782 1107/891/782 1108/888/782
f 1114/890/783 1115/892/783 1109/893/783 1107/891/783
f 1116/894/784 1117/895/784 1111/896/784 1110/897/784
f 1115/892/785 1116/894/785 1110/897/785 1109/893/785
f 1117/895/786 1105/885/786 1095/884/786 1111/896/786
f 1071/898/787 1070/899/787 1098/870/787 1099/873/787
f 1070/899/788 1072/900/788 1100/874/788 1098/870/788
f 1073/901/789 1071/898/789 1099/873/789 1101/877/789
f 1074/902/790 1073/901/790 1101/877/790 1102/879/790
f 1076/903/791 1075/904/791 1103/880/791 1104/883/791
f 1075/904/792 1074/902/792 1102/879/792 1103/880/792
f 1077/905/793 1076/903/793 1104/883/793 1105/885/793
f 1062/906/794 1065/907/794 1093/872/794 1090/871/794
f 1063/908/795 1062/906/795 1090/871/795 1091/875/795
f 1065/907/796 1064/909/796 1092/876/796 1093/872/796
f 1064/909/797 1066/910/797 1094/878/797 1092/876/797
f 1068/911/798 1069/912/798 1097/882/798 1096/881/798
f 1066/910/799 1068/911/799 1096/881/799 1094/878/799
f 1069/912/800 1067/913/800 1095/884/800 1097/882/800
f 1084/914/801 1085/915/801 1113/887/801 1112/886/801
f 1072/900/802 1084/914/802 1112/886/802 1100/874/802
f 1085/915/803 1086/916/803 1114/890/803 1113/887/803
f 1086/916/804 1087/917/804 1115/892/804 1114/890/804
f 1088/918/805 1089/919/805 1117/895/805 1116/894/805
f 1087/917/806 1088/918/806 1116/894/806 1115/892/806
f 1089/919/807 1077/905/807 1105/885/807 1117/895/807
f 1080/920/808 1078/921/808 1106/889/808 1108/888/808
f 1078/921/809 1063/908/809 1091/875/809 1106/889/809
f 1079/922/810 1080/920/810 1108/888/810 1107/891/810
f 1081/923/811 1079/922/811 1107/891/811 1109/893/811
f 1083/924/812 1082/925/812 1110/897/812 1111/896/812
f 1082/925/813 1081/923/813 1109/893/813 1110/897/813
f 1067/913/814 1083/924/814 1111/896/814 1095/884/814
f 1126/926/815 1127/927/815 1121/331/815 1118/333/815
f 1128/928/816 1126/926/816 1118/333/816 1119/929/816
f 1127/927/817 1129/930/817 1120/359/817 1121/331/817
f 1129/930/818 1130/931/818 1122/932/818 1120/359/818
f 1131/933/819 1132/934/819 1125/935/819 1124/936/819
f 1130/931/820 1131/933/820 1124/936/820 1122/932/820
f 1132/934/821 1133/937/821 1123/938/821 1125/935/821
f 1144/939/822 1138/220/822 1140/219/822 1145/940/822
f 1136/941/823 1134/942/823 1138/220/823 1144/939/823
f 1145/940/824 1140/219/824 1139/246/824 1146/943/824
f 1146/943/825 1139/246/825 1141/944/825 1147/945/825
f 1148/946/826 1142/947/826 1143/948/826 1149/949/826
f 1147/945/827 1141/944/827 1142/947/827 1148/946/827
f 1149/949/828 1143/948/828 1135/950/828 1137/951/828
f 1152/952/829 1155/953/829 1157/954/829 1154/955/829
f 1154/955/830 1157/954/830 1156/956/830 1153/957/830
f 1153/957/831 1156/956/831 1158/958/831 1151/959/831
f 1156/956/832 1160/960/832 1162/961/832 1158/958/832
f 1155/953/833 1159/962/833 1161/963/833 1157/954/833
f 1157/954/834 1161/963/834 1160/960/834 1156/956/834
f 1164/964/835 1168/965/836 1171/966/837
f 1158/958/838 1171/966/838 1163/967/838 1150/968/838
f 1150/968/839 1151/959/839 1158/958/839
f 1166/969/840 1165/970/840 1170/971/840 1169/972/840
f 1167/973/841 1166/969/841 1169/972/841 1172/974/841
f 1164/964/842 1167/973/842 1172/974/842 1168/965/842
f 1152/952/843 1176/975/843 1178/976/843 1155/953/843
f 1176/975/844 1175/977/844 1177/978/844 1178/976/844
f 1175/977/845 1174/979/845 1179/980/845 1177/978/845
f 1177/978/846 1179/980/846 1182/981/846 1180/982/846
f 1155/953/847 1178/976/847 1181/983/847 1159/962/847
f 1178/976/848 1177/978/848 1180/982/848 1181/983/848
f 1189/984/849 1187/985/850 1184/986/851
f 1179/980/852 1173/987/852 1183/988/852 1189/984/852
f 1173/987/853 1179/980/853 1174/979/853
f 1185/989/854 1188/990/854 1170/971/854 1165/970/854
f 1186/991/855 1190/992/855 1188/990/855 1185/989/855
f 1184/986/856 1187/985/856 1190/992/856 1186/991/856
f 1154/955/857 1153/957/857 1194/993/857 1195/994/857
f 1153/957/858 1151/959/858 1192/995/858 1194/993/858
f 1152/952/859 1154/955/860 1195/994/860 1193/996/859
f 1160/960/861 1161/963/861 1198/997/861 1197/998/861
f 1161/963/862 1159/962/862 1196/999/862 1198/997/862
f 1162/961/863 1160/960/863 1197/998/863 1199/1000/863
f 1164/964/864 1162/961/864 1199/1000/864 1201/1001/864
f 1150/968/865 1163/967/865 1200/1002/865 1191/1003/865
f 1151/959/866 1150/968/866 1191/1003/866 1192/995/866
f 1165/970/867 1166/969/867 1203/1004/867 1202/1005/867
f 1166/969/868 1167/973/868 1204/1006/868 1203/1004/868
f 1167/973/869 1164/964/869 1201/1001/869 1204/1006/869
f 1163/967/870 1171/966/870 1208/1007/870 1200/1002/870
f 1168/965/871 1172/974/871 1209/1008/871 1205/1009/871
f 1169/972/872 1170/971/872 1207/1010/872 1206/1011/872
f 1171/966/873 1168/965/873 1205/1009/873 1208/1007/873
f 1172/974/874 1169/972/874 1206/1011/874 1209/1008/874
f 1175/977/875 1176/975/875 1213/1012/875 1212/1013/875
f 1174/979/876 1175/977/876 1212/1013/876 1211/1014/876
f 1176/975/877 1152/952/859 1193/996/859 1213/1012/877
f 1181/983/878 1180/982/878 1214/1015/878 1215/1016/878
f 1159/962/879 1181/983/879 1215/1016/879 1196/999/879
f 1180/982/880 1182/981/880 1216/1017/880 1214/1015/880
f 1182/981/881 1184/986/881 1218/1018/881 1216/1017/881
f 1183/988/882 1173/987/882 1210/1019/882 1217/1020/882
f 1173/987/883 1174/979/883 1211/1014/883 1210/1019/883
f 1185/989/884 1165/970/884 1202/1005/884 1219/1021/884
f 1186/991/885 1185/989/885 1219/1021/885 1220/1022/885
f 1184/986/886 1186/991/886 1220/1022/886 1218/1018/886
f 1189/984/887 1183/988/887 1217/1020/887 1223/1023/887
f 1190/992/888 1187/985/888 1221/1024/888 1224/1025/888
f 1170/971/889 1188/990/889 1222/1026/889 1207/1010/889
f 1187/985/890 1189/984/890 1223/1023/890 1221/1024/890
f 1188/990/891 1190/992/891 1224/1025/891 1222/1026/891
f 1227/306/892 1229/305/892 1232/1027/892 1230/1028/892
f 1229/305/893 1228/304/893 1231/1029/893 1232/1027/893
f 1228/304/894 1226/303/894 1233/1030/894 1231/1029/894
f 1231/1029/895 1233/1030/895 1237/1031/895 1235/1032/895
f 1230/1028/896 1232/1027/896 1236/1033/896 1234/1034/896
f 1232/1027/897 1231/1029/897 1235/1032/897 1236/1033/897
f 1246/1035/898 1243/1036/898 1239/1037/898
f 1233/1030/899 1225/287/899 1238/293/899 1246/1035/899
f 1225/287/900 1233/1030/900 1226/303/900
f 1241/1038/901 1244/1039/901 1245/1040/901 1240/1041/901
f 1242/1042/902 1247/1043/902 1244/1039/902 1241/1038/902
f 1239/1037/903 1243/1036/903 1247/1043/903 1242/1042/903
f 1248/1044/904 1249/1045/904 1258/1046/904 1256/193/904
f 1256/193/905 1258/1046/905 1257/1047/905 1255/190/905
f 1255/190/906 1257/1047/906 1259/1048/906 1254/191/906
f 1257/1047/907 1260/1049/907 1262/1050/907 1259/1048/907
f 1249/1045/908 1250/1051/908 1261/1052/908 1258/1046/908
f 1258/1046/909 1261/1052/909 1260/1049/909 1257/1047/909
f 1264/1053/910 1267/1054/910 1269/1055/910
f 1259/1048/911 1269/1055/911 1263/1056/911 1253/173/911
f 1253/173/912 1254/191/912 1259/1048/912
f 1265/1057/913 1251/1058/913 1252/1059/913 1268/1060/913
f 1266/1061/914 1265/1057/914 1268/1060/914 1270/1062/914
f 1264/1053/915 1266/1061/915 1270/1062/915 1267/1054/915
f 1271/1063/60 1272/1064/60 1274/1065/60 1273/1066/60
f 1273/1066/916 1274/1065/916 1278/1067/916 1277/1068/916
f 1277/1068/53 1278/1067/53 1276/1069/53 1275/1070/53
f 1275/1070/917 1276/1069/917 1272/1064/917 1271/1063/917
f 1273/1066/470 1277/1068/470 1275/1070/470 1271/1063/470
f 1278/1067/471 1274/1065/471 1272/1064/471 1276/1069/471
f 1282/1071/918 1283/1072/918 1290/1073/918 1289/1074/918
f 1279/1075/919 1282/1071/919 1289/1074/919 1286/1076/919
f 1280/1077/920 1279/1075/920 1286/1076/920 1287/1078/920
f 1285/1079/921 1284/1080/921 1291/1081/921 1292/1082/921
f 1281/1083/922 1285/1079/922 1292/1082/922 1288/1084/922
f 1284/1080/923 1280/1077/923 1287/1078/923 1291/1081/923
f 1291/1081/60 1287/1078/60 1294/1078/60 1296/1081/60
f 1286/1076/924 1289/1074/925 1293/1076/926
f 1287/1078/60 1286/1076/924 1293/1076/926 1294/1078/60
f 1292/1082/927 1291/1081/927 1296/1081/927 1297/1082/927
f 1288/1084/102 1292/1082/102 1297/1082/102 1295/1084/102
f 1296/1081/470 1294/1078/470 1295/1084/470
f 1300/1071/928 1305/1074/928 1290/1073/928 1283/1072/928
f 1298/1075/929 1303/1076/929 1305/1074/929 1300/1071/929
f 1299/1077/930 1304/1078/930 1303/1076/930 1298/1075/930
f 1302/1079/931 1307/1082/931 1306/1081/931 1301/1080/931
f 1281/1083/932 1288/1084/932 1307/1082/932 1302/1079/932
f 1301/1080/933 1306/1081/933 1304/1078/933 1299/1077/933
f 1306/1081/53 1310/1081/53 1309/1078/53 1304/1078/53
f 1303/1076/934 1308/1076/935 1305/1074/936
f 1304/1078/53 1309/1078/53 1308/1076/935 1303/1076/934
f 1307/1082/937 1311/1082/937 1310/1081/937 1306/1081/937
f 1288/1084/102 1295/1084/102 1311/1082/102 1307/1082/102
f 1295/1084/938 1290/1073/938 1309/1078/938
f 1324/1085/60 1325/1086/60 1315/1087/60 1314/1088/60
f 1318/1088/939 1314/1088/939 1320/1089/939 1322/1089/939
f 1326/1085/940 1327/1086/940 1317/1090/940 1316/1091/940
f 1316/1091/941 1317/1090/941 1313/1090/941 1312/1091/941
f 1324/1085/470 1326/1085/470 1316/1091/470 1312/1091/470
f 1327/1086/471 1325/1086/471 1313/1090/471 1317/1090/471
f 1320/1089/98 1321/1092/98 1323/1092/98 1322/1089/98
f 1315/1087/942 1319/1087/942 1323/1092/942 1321/1092/942
f 1314/1088/943 1315/1087/943 1321/1092/943 1320/1089/943
f 1319/1087/944 1318/1088/944 1322/1089/944 1323/1092/944
f 1319/1087/471 1315/1087/471 1325/1086/471 1327/1086/471
f 1314/1088/470 1318/1088/470 1326/1085/470 1324/1085/470
f 1318/1088/53 1319/1087/53 1327/1086/53 1326/1085/53
f 1312/1091/945 1313/1090/945 1325/1086/945 1324/1085/945
f 1328/1093/60 1329/1094/60 1331/1095/60 1330/1096/60
f 1330/1096/946 1331/1095/946 1345/1097/946 1344/1098/946
f 1334/1096/53 1335/1095/53 1333/1094/53 1332/1093/53
f 1333/1094/947 1329/1094/947 1337/1099/947 1338/1099/947
f 1330/1096/948 1334/1096/948 1332/1093/948 1328/1093/948
f 1335/1095/949 1331/1095/949 1329/1094/949 1333/1094/949
f 1338/1099/950 1337/1099/950 1341/1100/950 1342/1100/950
f 1332/1093/53 1333/1094/53 1338/1099/53 1339/1101/53
f 1329/1094/60 1328/1093/60 1336/1101/60 1337/1099/60
f 1328/1093/951 1332/1093/951 1339/1101/951 1336/1101/951
f 1343/1102/952 1342/1100/952 1341/1100/952 1340/1102/952
f 1339/1101/53 1338/1099/53 1342/1100/53 1343/1102/53
f 1336/1101/953 1339/1101/953 1343/1102/953 1340/1102/953
f 1337/1099/60 1336/1101/60 1340/1102/60 1341/1100/60
f 1344/1098/954 1345/1097/954 1347/1097/954 1346/1098/954
f 1335/1095/955 1334/1096/955 1346/1098/955 1347/1097/955
f 1334/1096/956 1330/1096/956 1344/1098/956 1346/1098/956
f 1331/1095/957 1335/1095/957 1347/1097/957 1345/1097/957
f 79/52/53 77/1103/53 78/47/53
f 77/1103/53 80/48/53 81/48/53
f 78/47/53 77/1103/53 81/48/53
f 80/48/53 83/57/53 81/48/53
f 83/57/53 84/55/53 108/54/53
f 82/50/53 83/57/53 108/54/53
f 92/59/60 89/1104/60 93/59/60
f 89/1104/60 91/64/60 90/60/60
f 93/59/60 89/1104/60 90/60/60
f 93/59/60 94/63/60 95/70/60
f 94/63/60 111/69/60 95/70/60
f 111/69/60 96/68/60 95/70/60
f 114/81/53 113/81/53 122/85/53
f 122/85/72 120/106/958 121/86/73
f 133/93/78 123/87/60 124/87/959
f 124/87/959 132/91/76 133/93/78
f 169/81/60 168/1105/960 170/85/960
f 168/1105/960 167/86/961 170/85/960
f 199/91/132 200/1106/962 202/93/130
f 200/1106/962 201/87/53 202/93/130
f 487/393/963 486/392/963 504/394/963
f 504/394/964 490/400/964 479/395/964
f 488/397/383 506/416/383 509/417/383
f 509/417/383 521/424/383 518/403/383
f 510/423/386 507/433/386 482/432/386
f 482/432/386 517/421/386 510/423/386
f 549/445/965 531/442/966 532/441/967
f 532/441/967 525/443/968 549/445/965
f 554/435/395 551/462/395 533/449/395
f 533/449/395 518/403/395 554/435/395
f 482/432/396 552/473/396 555/466/396
f 555/466/396 553/434/397 517/421/396
f 569/1107/969 570/484/969 577/483/969
f 570/484/970 574/481/970 577/483/970
f 578/486/971 573/482/971 581/472/972
f 581/472/972 563/431/972 578/486/971
f 593/496/973 588/497/973 596/494/973
f 588/497/974 587/1108/974 596/494/974
f 600/430/975 592/495/975 597/498/975
f 597/498/441 591/485/976 601/431/442
f 745/654/98 736/1109/98 737/652/98
f 737/652/98 738/1110/98 739/1111/98
f 739/1111/98 740/1112/98 741/1111/98
f 741/1111/98 742/1110/98 743/652/98
f 743/652/98 744/1109/98 749/653/98
f 744/1109/98 751/654/98 749/653/98
f 751/654/98 750/1113/98 749/653/98
f 749/653/98 748/1114/98 747/653/98
f 747/653/98 746/1113/98 745/654/98
f 745/654/98 737/652/98 743/652/98
f 737/652/98 739/1111/98 743/652/98
f 739/1111/98 741/1111/98 743/652/98
f 749/653/98 747/653/98 745/654/98
f 978/836/102 971/834/102 976/834/102
f 971/834/102 970/1115/102 976/834/102
f 970/1115/102 972/1116/102 974/1117/102
f 972/1116/102 973/1118/102 975/1119/102
f 974/1117/102 972/1116/102 975/1119/102
f 973/1118/102 977/1120/102 975/1119/102
f 976/834/102 970/1115/102 974/1117/102
f 980/1121/102 979/1122/102 982/1123/102
f 979/1122/102 978/836/102 981/835/102
f 982/1123/102 983/1124/102 980/1121/102
f 981/835/102 982/1123/102 979/1122/102
f 1171/966/837 1158/958/977 1164/964/835
f 1158/958/978 1162/961/978 1164/964/978
f 1182/981/979 1179/980/979 1184/986/979
f 1179/980/980 1189/984/849 1184/986/851
f 1237/1031/981 1233/1030/981 1239/1037/981
f 1233/1030/898 1246/1035/898 1239/1037/898
f 1269/1055/910 1259/1048/910 1264/1053/910
f 1259/1048/982 1262/1050/982 1264/1053/982
f 1294/1078/983 1293/1076/983 1290/1073/983
f 1293/1076/984 1289/1074/984 1290/1073/984
f 1290/1073/985 1295/1084/985 1294/1078/985
f 1295/1084/470 1297/1082/470 1296/1081/470
f 1305/1074/984 1308/1076/984 1290/1073/984
f 1308/1076/986 1309/1078/986 1290/1073/986
f 1309/1078/470 1310/1081/470 1295/1084/470
f 1310/1081/470 1311/1082/470 1295/1084/470
f 114/406/375 480/425/987 479/395/987
f 479/395/987 492/402/375 114/406/375
f 525/443/408 526/467/408 124/452/407
f 124/452/407 538/457/407 537/451/407
f 968/1125/102 966/1125/102 959/1125/102
f 963/1125/102 961/1125/102 965/1125/102
f 961/1125/102 959/1125/102 966/1125/102
f 959/1125/102 958/1125/102 968/1125/102
f 958/1125/102 960/1125/102 968/1125/102
f 960/1125/102 962/1125/102 967/1125/102
f 962/1125/102 964/1125/102 956/1125/102
f 967/1125/102 962/1125/102 956/1125/102
f 964/1125/102 957/1125/102 956/1125/102
f 968/1125/102 960/1125/102 967/1125/102
f 969/1125/102 963/1125/102 965/1125/102
f 961/1125/102 966/1125/102 965/1125/102
f 1353/1126/988 1364/1126/988 1365/1126/988
f 1356/1126/989 1349/1126/990 1348/1126/990
f 1351/1126/991 1366/1126/991 1367/1126/991
f 1349/1126/992 1368/1126/992 1369/1126/993
f 1354/1126/994 1370/1126/995 1364/1126/995
f 1352/1126/996 1365/1126/996 1366/1126/996
f 1350/1126/997 1367/1126/997 1368/1126/997
f 1348/1126/998 1369/1126/998 1371/1126/998
f 1355/1126/999 1371/1126/999 1370/1126/999
f 1359/1126/98 1358/1126/98 1362/1126/98
f 1355/1126/1000 1356/1126/1001 1348/1126/1000
f 1353/1126/1002 1362/1126/1003 1354/1126/1002
f 1351/1126/1004 1360/1126/1005 1352/1126/1004
f 1357/1126/1006 1350/1126/1007 1349/1126/1007
f 1362/1126/1008 1355/1126/1009 1354/1126/1009
f 1360/1126/1010 1353/1126/1010 1352/1126/1010
f 1350/1126/1011 1359/1126/1012 1351/1126/1011
f 1388/1126/997 1377/1126/997 1389/1126/997
f 1373/1126/1013 1380/1126/1000 1372/1126/1013
f 1390/1126/996 1375/1126/996 1391/1126/996
f 1392/1126/995 1373/1126/995 1393/1126/995
f 1394/1126/993 1378/1126/993 1388/1126/993
f 1389/1126/991 1376/1126/991 1390/1126/991
f 1391/1126/988 1374/1126/988 1392/1126/988
f 1393/1126/999 1372/1126/999 1395/1126/999
f 1395/1126/998 1379/1126/998 1394/1126/998
f 1382/1126/98 1384/1126/98 1386/1126/98
f 1379/1126/989 1380/1126/1014 1387/1126/1014
f 1377/1126/1015 1386/1126/1016 1385/1126/1016
f 1375/1126/1010 1384/1126/1017 1383/1126/1017
f 1374/1126/1008 1381/1126/1018 1373/1126/1008
f 1379/1126/1019 1386/1126/1007 1378/1126/1019
f 1377/1126/1004 1384/1126/1004 1376/1126/1004
f 1374/1126/1020 1383/1126/1021 1382/1126/1022
f 1399/1127/1023 1400/1128/1023 1397/1128/1023
f 1400/1129/98 1402/1130/98 1401/1131/98
f 1397/1129/1024 1401/1131/1024 1396/1131/1024
f 1398/1130/1025 1403/1127/1025 1399/1127/1025
f 1398/1130/1026 1401/1132/1026 1402/1130/1026
f 1408/1128/1023 1407/1127/1023 1405/1128/1023
f 1410/1130/98 1408/1129/98 1409/1131/98
f 1409/1131/1027 1405/1129/1027 1404/1131/1027
f 1411/1127/1028 1406/1130/1028 1407/1127/1028
f 1406/1130/1026 1409/1132/1026 1404/1132/1026
f 1353/1126/988 1354/1126/988 1364/1126/988
f 1356/1126/989 1357/1126/989 1349/1126/990
f 1351/1126/991 1352/1126/991 1366/1126/991
f 1349/1126/992 1350/1126/992 1368/1126/992
f 1354/1126/994 1355/1126/994 1370/1126/995
f 1352/1126/996 1353/1126/996 1365/1126/996
f 1350/1126/997 1351/1126/997 1367/1126/997
f 1348/1126/998 1349/1126/998 1369/1126/998
f 1355/1126/999 1348/1126/999 1371/1126/999
f 1358/1126/98 1357/1126/98 1356/1126/98
f 1356/1126/98 1363/1126/98 1358/1126/98
f 1363/1126/98 1362/1126/98 1358/1126/98
f 1362/1126/98 1361/1126/98 1360/1126/98
f 1360/1126/98 1359/1126/98 1362/1126/98
f 1355/1126/1000 1363/1126/1001 1356/1126/1001
f 1353/1126/1002 1361/1126/1003 1362/1126/1003
f 1351/1126/1004 1359/1126/1005 1360/1126/1005
f 1357/1126/1006 1358/1126/1006 1350/1126/1007
f 1362/1126/1008 1363/1126/1018 1355/1126/1009
f 1360/1126/1010 1361/1126/1010 1353/1126/1010
f 1350/1126/1011 1358/1126/1029 1359/1126/1012
f 1388/1126/997 1378/1126/997 1377/1126/997
f 1373/1126/1013 1381/1126/1000 1380/1126/1000
f 1390/1126/996 1376/1126/996 1375/1126/996
f 1392/1126/994 1374/1126/994 1373/1126/994
f 1394/1126/992 1379/1126/992 1378/1126/992
f 1389/1126/991 1377/1126/991 1376/1126/991
f 1391/1126/988 1375/1126/988 1374/1126/988
f 1393/1126/999 1373/1126/999 1372/1126/999
f 1395/1126/998 1372/1126/998 1379/1126/998
f 1380/1126/98 1381/1126/98 1382/1126/98
f 1382/1126/98 1383/1126/98 1384/1126/98
f 1384/1126/98 1385/1126/98 1386/1126/98
f 1386/1126/98 1387/1126/98 1380/1126/98
f 1380/1126/98 1382/1126/98 1386/1126/98
f 1379/1126/989 1372/1126/989 1380/1126/1014
f 1377/1126/1015 1378/1126/1015 1386/1126/1016
f 1375/1126/1010 1376/1126/1010 1384/1126/1017
f 1374/1126/1008 1382/1126/1018 1381/1126/1018
f 1379/1126/1019 1387/1126/1006 1386/1126/1007
f 1377/1126/1004 1385/1126/1004 1384/1126/1004
f 1374/1126/1020 1375/1126/1020 1383/1126/1021
f 1399/1127/1023 1403/1127/1023 1400/1128/1023
f 1400/1129/98 1403/1127/98 1402/1130/98
f 1397/1129/1024 1400/1129/1024 1401/1131/1024
f 1398/1130/1025 1402/1130/1025 1403/1127/1025
f 1398/1130/1026 1396/1132/1026 1401/1132/1026
f 1408/1128/1023 1411/1127/1023 1407/1127/1023
f 1410/1130/98 1411/1127/98 1408/1129/98
f 1409/1131/1027 1408/1129/1027 1405/1129/1027
f 1411/1127/1028 1410/1130/1028 1406/1130/1028
f 1406/1130/1026 1410/1130/1026 1409/1132/1026
f 864/766/618 858/770/625 871/769/623
f 858/770/625 906/766/674 913/769/676
f 906/766/674 905/767/673 913/769/676
f 905/767/673 904/771/681 913/769/676
f 904/771/681 903/768/677 913/769/676
f 913/769/676 902/764/665 859/765/610
f 858/770/625 913/769/676 859/765/610
f 859/765/610 860/764/609 871/769/623
f 858/770/625 859/765/610 871/769/623
f 871/769/623 861/768/622 862/771/627
f 863/767/619 871/769/623 862/771/627
f 863/767/619 864/766/618 871/769/623
o canopy
v 0.508885 0.795433 3.976029
v 0.442352 0.951880 3.981846
v 0.320371 1.074821 3.063695
v 0.368420 1.004560 3.513080
v 0.360497 1.016146 3.438980
v 0.000000 1.490700 3.362729
v 0.000000 1.468132 3.237498
v 0.341186 1.276675 3.457460
v 0.327612 1.248921 3.351510
v 0.188450 1.435925 3.386490
v 0.184488 1.422337 3.264040
v 0.357181 1.101779 3.531441
v 0.457804 0.846344 4.656074
v 0.533021 0.732947 4.664069
v 0.498419 0.834373 3.418084
v 0.406384 0.966569 3.063695
v 0.417091 0.943673 3.424994
v 0.000000 1.415650 4.836737
v 0.311048 1.221499 4.776064
v 0.169634 1.371839 4.824390
v 0.434271 0.867487 4.732392
v 0.167949 1.352823 4.882463
v 0.000000 1.390325 4.894059
v 0.454549 0.837010 4.722968
v 0.307573 1.207972 4.837674
v 0.482247 0.781641 3.976490
v 0.415032 0.939564 3.983219
v 0.296806 1.056259 3.063265
v 0.340457 0.993762 3.514292
v 0.333234 1.003635 3.439454
v 0.000000 1.461035 3.367197
v 0.000000 1.438467 3.241966
v 0.313220 1.266772 3.461915
v 0.300455 1.237197 3.356515
v 0.171029 1.412012 3.391459
v 0.169147 1.397017 3.268896
v 0.327453 1.098547 3.533849
v 0.431468 0.832262 4.653231
v 0.506899 0.718283 4.662459
v 0.474388 0.816432 3.417294
v 0.382820 0.948008 3.063265
v 0.393222 0.925512 3.424330
v 0.000000 1.387683 4.825881
v 0.285186 1.207386 4.770407
v 0.154146 1.347668 4.815680
v 0.406825 0.856265 4.727834
v 0.152609 1.328573 4.873709
v 0.000000 1.362358 4.883203
v 0.429495 0.820878 4.719498
v 0.282104 1.193192 4.831938
v -0.482247 0.781641 3.976490
v -0.415032 0.939564 3.983219
v -0.296806 1.056259 3.063265
v -0.340457 0.993762 3.514292
v -0.333234 1.003635 3.439454
v -0.313220 1.266772 3.461915
v -0.300455 1.237197 3.356515
v -0.171029 1.412012 3.391459
v -0.169147 1.397017 3.268896
v -0.327453 1.098547 3.533849
v -0.431468 0.832262 4.653231
v -0.506899 0.718283 4.662459
v -0.474388 0.816432 3.417294
v -0.382820 0.948008 3.063265
v -0.393222 0.925512 3.424330
v -0.285186 1.207386 4.770407
v -0.154146 1.347668 4.815680
v -0.406825 0.856265 4.727834
v -0.152609 1.328573 4.873709
v -0.429495 0.820878 4.719498
v -0.282104 1.193192 4.831938
v 0.508885 0.795433 3.976029
v 0.442352 0.951880 3.981846
v 0.320371 1.074821 3.063695
v 0.360497 1.016146 3.438980
v 0.000000 1.490700 3.362729
v 0.000000 1.468132 3.237498
v 0.341186 1.276675 3.457460
v 0.327612 1.248921 3.351510
v 0.188450 1.435925 3.386490
v 0.184488 1.422337 3.264040
v 0.357181 1.101779 3.531441
v 0.457804 0.846344 4.656074
v 0.533021 0.732947 4.664069
v 0.498419 0.834373 3.418084
v 0.406384 0.966569 3.063695
v 0.417091 0.943673 3.424994
v 0.000000 1.415650 4.836737
v 0.311048 1.221499 4.776064
v 0.169634 1.371839 4.824390
v 0.434271 0.867487 4.732392
v 0.167949 1.352823 4.882463
v 0.000000 1.390325 4.894059
v 0.454549 0.837010 4.722968
v 0.307573 1.207972 4.837674
v -0.508885 0.795433 3.976029
v -0.442352 0.951880 3.981846
v -0.320371 1.074821 3.063695
v -0.360497 1.016146 3.438980
v -0.341186 1.276675 3.457460
v -0.327612 1.248921 3.351510
v -0.188450 1.435925 3.386490
v -0.184488 1.422337 3.264040
v -0.357181 1.101779 3.531441
v -0.457804 0.846344 4.656074
v -0.533021 0.732947 4.664069
v -0.498419 0.834373 3.418084
v -0.406384 0.966569 3.063695
v -0.417091 0.943673 3.424994
v -0.311048 1.221499 4.776064
v -0.169634 1.371839 4.824390
v -0.434271 0.867487 4.732392
v -0.167949 1.352823 4.882463
v -0.454549 0.837010 4.722968
v -0.307573 1.207972 4.837674
v 0.000000 1.490700 3.362729
v 0.000000 1.468132 3.237498
v 0.000000 1.415650 4.836737
v 0.000000 1.390325 4.894059
v -0.508885 0.795433 3.976029
v -0.442352 0.951880 3.981846
v -0.320371 1.074821 3.063695
v -0.368420 1.004560 3.513080
v -0.360497 1.016146 3.438980
v -0.341186 1.276675 3.457460
v -0.327612 1.248921 3.351510
v -0.188450 1.435925 3.386490
v -0.184488 1.422337 3.264040
v -0.357181 1.101779 3.531441
v -0.457804 0.846344 4.656074
v -0.533021 0.732947 4.664069
v -0.498419 0.834373 3.418084
v -0.406384 0.966569 3.063695
v -0.417091 0.943673 3.424994
v -0.311048 1.221499 4.776064
v -0.169634 1.371839 4.824390
v -0.434271 0.867487 4.732392
v -0.167949 1.352823 4.882463
v -0.454549 0.837010 4.722968
v -0.307573 1.207972 4.837674
vn 0.8847 0.4650 0.0316
vn 0.7892 0.6140 0.0116
vn 0.7751 0.6086 -0.1697
vn 0.9143 0.3925 -0.1001
vn 0.7855 0.6187 0.0143
vn 0.2756 0.9505 -0.1432
vn 0.9854 0.0836 -0.1481
vn 0.9804 0.1396 -0.1389
vn 0.9948 0.0898 -0.0475
vn 0.8237 0.5547 0.1175
vn 0.9374 0.3057 0.1667
vn 0.2427 0.9044 0.3510
vn 0.8430 0.5256 0.1144
vn 0.7404 0.6399 0.2059
vn -0.8850 -0.4646 -0.0317
vn -0.8031 -0.5955 -0.0201
vn -0.8027 -0.5961 -0.0186
vn -0.8031 -0.5956 -0.0200
vn -0.7758 -0.6081 0.1687
vn -0.9140 -0.3933 0.0999
vn -0.7906 -0.6123 -0.0083
vn -0.7876 -0.6160 -0.0127
vn -0.7925 -0.6099 -0.0052
vn -0.2747 -0.9503 0.1461
vn -0.9857 -0.0873 0.1439
vn -0.9793 -0.1474 0.1387
vn -0.9951 -0.0930 0.0326
vn -0.8234 -0.5546 -0.1198
vn -0.9375 -0.3043 -0.1690
vn -0.2403 -0.9048 -0.3516
vn -0.8485 -0.5167 -0.1140
vn -0.7428 -0.6370 -0.2061
vn 0.8850 -0.4646 -0.0317
vn 0.7925 -0.6099 -0.0052
vn 0.7906 -0.6123 -0.0083
vn 0.7935 -0.6086 -0.0037
vn 0.7758 -0.6081 0.1687
vn 0.9140 -0.3933 0.0999
vn 0.7876 -0.6160 -0.0127
vn 0.2747 -0.9503 0.1461
vn 0.9857 -0.0873 0.1439
vn 0.9793 -0.1474 0.1387
vn 0.9951 -0.0930 0.0326
vn 0.8234 -0.5546 -0.1198
vn 0.9375 -0.3043 -0.1690
vn 0.2403 -0.9048 -0.3516
vn 0.8485 -0.5167 -0.1140
vn 0.7428 -0.6370 -0.2061
vn 0.5300 -0.8456 -0.0645
vn 0.0112 0.0089 -0.9999
vn -0.5133 0.8398 0.1767
vn 0.1205 -0.3821 -0.9162
vn 0.0549 -0.3359 -0.9403
vn 0.0999 -0.1934 -0.9760
vn -0.0739 0.1963 0.9778
vn -0.0748 0.3596 0.9301
vn -0.2239 0.9078 0.3546
vn 0.0200 0.3928 0.9194
vn -0.4397 0.8854 0.1506
vn 0.4741 -0.8751 -0.0970
vn -0.0114 0.0553 -0.9984
vn 0.6117 -0.7882 -0.0674
vn 0.0240 0.3450 -0.9383
vn 0.0249 0.3275 -0.9445
vn -0.0062 0.2992 -0.9542
vn 0.1485 -0.3963 0.9060
vn -0.0343 -0.3067 0.9512
vn -0.0156 -0.3475 0.9375
vn -0.0089 -0.2658 0.9640
vn -0.0294 -0.3207 0.9467
vn -0.5300 -0.8456 -0.0645
vn -0.0112 0.0089 -0.9999
vn 0.5133 0.8398 0.1767
vn -0.1205 -0.3821 -0.9162
vn -0.0549 -0.3359 -0.9403
vn -0.0999 -0.1934 -0.9760
vn 0.0739 0.1963 0.9778
vn 0.0748 0.3596 0.9301
vn 0.2239 0.9078 0.3546
vn -0.0200 0.3928 0.9194
vn 0.4397 0.8854 0.1506
vn -0.4741 -0.8751 -0.0970
vn 0.0114 0.0553 -0.9984
vn -0.6117 -0.7882 -0.0674
vn -0.0240 0.3450 -0.9383
vn -0.0249 0.3275 -0.9445
vn 0.0062 0.2992 -0.9542
vn -0.1485 -0.3963 0.9060
vn 0.0343 -0.3067 0.9512
vn 0.0156 -0.3475 0.9375
vn 0.0089 -0.2658 0.9640
vn 0.0294 -0.3207 0.9467
vn -0.8847 0.4650 0.0316
vn -0.8025 0.5958 0.0310
vn -0.8028 0.5953 0.0321
vn -0.8026 0.5958 0.0310
vn -0.7751 0.6086 -0.1697
vn -0.9143 0.3925 -0.1001
vn -0.7855 0.6187 0.0143
vn -0.2756 0.9505 -0.1432
vn -0.9854 0.0836 -0.1481
vn -0.9804 0.1396 -0.1389
vn -0.9948 0.0898 -0.0475
vn -0.8237 0.5547 0.1175
vn -0.9374 0.3057 0.1667
vn -0.2427 0.9044 0.3510
vn -0.8430 0.5256 0.1144
vn -0.7404 0.6399 0.2059
vn 0.8025 0.5958 0.0310
vn 0.8015 0.5974 0.0267
vn 0.8026 0.5958 0.0310
vn 0.8028 0.5953 0.0321
vn -0.8044 -0.5935 -0.0256
vn -0.7935 -0.6086 -0.0037
vn 0.8031 -0.5955 -0.0201
vn 0.8044 -0.5935 -0.0256
vn 0.8030 -0.5956 -0.0200
vn 0.8027 -0.5961 -0.0186
vn -0.8015 0.5974 0.0267
vn -0.7892 0.6140 0.0116
vt 0.136450 0.747741
vt 0.136079 0.742488
vt 0.167957 0.745382
vt 0.167687 0.752631
vt 0.193487 0.752251
vt 0.192839 0.755608
vt 0.189405 0.755072
vt 0.196891 0.766393
vt 0.200944 0.774427
vt 0.195270 0.775057
vt 0.191982 0.767679
vt 0.210226 0.753311
vt 0.210226 0.758327
vt 0.202173 0.776549
vt 0.196371 0.777595
vt 0.188555 0.759576
vt 0.133350 0.747309
vt 0.128036 0.764496
vt 0.132914 0.748721
vt 0.130890 0.765122
vt 0.125424 0.772944
vt 0.125961 0.771207
vt 0.128651 0.772088
vt 0.128079 0.774118
vt 0.072976 0.973572
vt 0.072966 0.973962
vt 0.073005 0.973966
vt 0.073020 0.973566
vt 0.072922 0.974236
vt 0.072953 0.974288
vt 0.073001 0.974292
vt 0.072899 0.974328
vt 0.072907 0.974266
vt 0.072824 0.974307
vt 0.072823 0.974379
vt 0.072918 0.974279
vt 0.072897 0.974498
vt 0.072947 0.974498
vt 0.072724 0.974321
vt 0.072724 0.974394
vt 0.072915 0.974224
vt 0.072974 0.973533
vt 0.072889 0.973468
vt 0.072890 0.973504
vt 0.072961 0.973528
vt 0.072724 0.973438
vt 0.072724 0.973471
vt 0.072814 0.973477
vt 0.072813 0.973443
vt 0.072473 0.973572
vt 0.072429 0.973566
vt 0.072443 0.973966
vt 0.072482 0.973962
vt 0.072495 0.974288
vt 0.072530 0.974279
vt 0.072526 0.974236
vt 0.072549 0.974328
vt 0.072626 0.974379
vt 0.072624 0.974307
vt 0.072542 0.974266
vt 0.072501 0.974498
vt 0.072551 0.974498
vt 0.072533 0.974224
vt 0.072474 0.973533
vt 0.072560 0.973468
vt 0.072487 0.973528
vt 0.072558 0.973504
vt 0.072635 0.973443
vt 0.072634 0.973477
vt 0.073015 0.974292
vt 0.073021 0.973967
vt 0.072911 0.974498
vt 0.072961 0.974498
vt 0.072934 0.974279
vt 0.072832 0.974382
vt 0.072915 0.974330
vt 0.072724 0.974397
vt 0.072834 0.974310
vt 0.072724 0.974324
vt 0.072923 0.974269
vt 0.072982 0.973963
vt 0.072932 0.974226
vt 0.072991 0.973570
vt 0.073035 0.973566
vt 0.072967 0.974288
vt 0.072724 0.973465
vt 0.072823 0.973472
vt 0.072905 0.973500
vt 0.072989 0.973531
vt 0.072977 0.973526
vt 0.072903 0.973464
vt 0.072822 0.973438
vt 0.072724 0.973432
vt 0.072448 0.974292
vt 0.072428 0.973967
vt 0.072434 0.974292
vt 0.072487 0.974498
vt 0.072537 0.974498
vt 0.072514 0.974279
vt 0.072533 0.974330
vt 0.072617 0.974382
vt 0.072614 0.974310
vt 0.072525 0.974269
vt 0.072516 0.974226
vt 0.072466 0.973963
vt 0.072457 0.973570
vt 0.072413 0.973566
vt 0.072481 0.974288
vt 0.072625 0.973472
vt 0.072543 0.973500
vt 0.072459 0.973531
vt 0.072545 0.973464
vt 0.072471 0.973526
vt 0.072626 0.973438
vt 0.270928 0.631684
vt 0.239690 0.636574
vt 0.239421 0.629325
vt 0.271298 0.626431
vt 0.217972 0.639015
vt 0.213891 0.636194
vt 0.213571 0.631130
vt 0.210486 0.650336
vt 0.215395 0.651622
vt 0.212107 0.659000
vt 0.206434 0.658370
vt 0.214539 0.639551
vt 0.197151 0.642270
vt 0.197151 0.637254
vt 0.211006 0.661538
vt 0.205204 0.660492
vt 0.218823 0.643519
vt 0.274027 0.631252
vt 0.279341 0.648439
vt 0.276487 0.649065
vt 0.274464 0.632664
vt 0.281954 0.656887
vt 0.279298 0.658061
vt 0.278726 0.656031
vt 0.281417 0.655150
vt 0.193807 0.747187
s 1
usemtl マテリアル
f 1424/1133/1030 1425/1134/1030 1412/1135/1030 1413/1136/1030
f 1428/1137/1031 1416/1138/1031 1415/1139/1031
f 1420/1140/1032 1422/1141/1032 1421/1142/1032 1419/1143/1032
f 1415/1139/1033 1413/1136/1033 1412/1135/1033
f 1416/1138/1034 1428/1137/1034 1427/1144/1034 1414/1145/1034
f 1422/1141/1035 1418/1146/1035 1417/1147/1035 1421/1142/1035
f 1416/1138/1036 1420/1140/1036 1419/1143/1036
f 1415/1139/1037 1423/1148/1037 1413/1136/1037
f 1416/1138/1038 1419/1143/1038 1423/1148/1038 1415/1139/1038
f 1435/1149/1039 1425/1134/1039 1424/1133/1039
f 1436/1150/1040 1432/1151/1040 1424/1133/1040 1430/1152/1040
f 1434/1153/1041 1433/1154/1041 1431/1155/1041 1429/1156/1041
f 1432/1151/1042 1435/1149/1042 1424/1133/1042
f 1433/1154/1043 1436/1150/1043 1430/1152/1043 1431/1155/1043
f 1449/1157/1044 1438/1158/1044 1437/1159/1044 1450/1160/1044
f 1440/1161/1045 1453/1162/1046 1451/1163/1047
f 1445/1164/1048 1444/1165/1048 1446/1166/1048 1447/1167/1048
f 1440/1161/1049 1437/1159/1049 1438/1158/1049
f 1441/1168/1050 1439/1169/1051 1452/1170/1051 1453/1162/1052
f 1447/1167/1053 1446/1166/1053 1442/1171/1053 1443/1172/1053
f 1441/1168/1054 1444/1165/1054 1445/1164/1054
f 1440/1161/1055 1438/1158/1055 1448/1173/1055
f 1441/1168/1056 1440/1161/1056 1448/1173/1056 1444/1165/1056
f 1460/1174/1057 1449/1157/1057 1450/1160/1057
f 1461/1175/1058 1455/1176/1058 1449/1157/1058 1457/1177/1058
f 1459/1178/1059 1454/1179/1059 1456/1180/1059 1458/1181/1059
f 1457/1177/1060 1449/1157/1060 1460/1174/1060
f 1458/1181/1061 1456/1180/1061 1455/1176/1061 1461/1175/1061
f 1472/1182/1062 1473/1183/1062 1462/1184/1062 1463/1185/1062
f 1476/1186/1063 1466/1187/1064 1465/1188/1065
f 1468/1189/1066 1470/1190/1066 1469/1191/1066 1467/1192/1066
f 1465/1188/1067 1463/1185/1067 1462/1184/1067
f 1466/1187/1064 1476/1186/1063 1475/1193/1068 1464/1194/1068
f 1470/1190/1069 1443/1172/1069 1442/1171/1069 1469/1191/1069
f 1466/1187/1070 1468/1189/1070 1467/1192/1070
f 1465/1188/1071 1471/1195/1071 1463/1185/1071
f 1466/1187/1072 1467/1192/1072 1471/1195/1072 1465/1188/1072
f 1481/1196/1073 1473/1183/1073 1472/1182/1073
f 1482/1197/1074 1479/1198/1074 1472/1182/1074 1477/1199/1074
f 1459/1178/1075 1480/1200/1075 1478/1201/1075 1454/1179/1075
f 1479/1198/1076 1481/1196/1076 1472/1182/1076
f 1480/1200/1077 1482/1197/1077 1477/1199/1077 1478/1201/1077
f 1437/1159/1078 1451/1163/1078 1496/1202/1078 1483/1203/1078
f 1452/1170/1079 1439/1169/1079 1485/1204/1079 1497/1205/1079
f 1439/1169/1080 1441/1168/1080 1486/1206/1080 1485/1204/1080
f 1445/1164/1081 1447/1167/1081 1492/1207/1081 1490/1208/1081
f 1441/1168/1082 1445/1164/1082 1490/1208/1082 1486/1206/1082
f 1447/1167/1083 1443/1172/1083 1488/1209/1083 1492/1207/1083
f 1442/1171/1084 1446/1166/1084 1491/1210/1084 1487/1211/1084
f 1446/1166/1085 1444/1165/1085 1489/1212/1085 1491/1210/1085
f 1448/1173/1086 1438/1158/1086 1484/1213/1086 1493/1214/1086
f 1444/1165/1087 1448/1173/1087 1493/1214/1087 1489/1212/1087
f 1438/1158/1088 1449/1157/1088 1494/1215/1088 1484/1213/1088
f 1450/1160/1089 1437/1159/1089 1483/1203/1089 1495/1216/1089
f 1451/1163/1090 1453/1162/1090 1498/1217/1090 1496/1202/1090
f 1453/1162/1091 1452/1170/1091 1497/1205/1091 1498/1217/1091
f 1456/1180/1092 1454/1179/1092 1499/1218/1092 1501/1219/1092
f 1455/1176/1093 1456/1180/1093 1501/1219/1093 1500/1220/1093
f 1449/1157/1094 1455/1176/1094 1500/1220/1094 1494/1215/1094
f 1460/1174/1095 1450/1160/1095 1495/1216/1095 1505/1221/1095
f 1461/1175/1096 1457/1177/1096 1502/1222/1096 1506/1223/1096
f 1459/1178/1097 1458/1181/1097 1503/1224/1097 1504/1225/1097
f 1457/1177/1098 1460/1174/1098 1505/1221/1098 1502/1222/1098
f 1458/1181/1099 1461/1175/1099 1506/1223/1099 1503/1224/1099
f 1474/1226/1100 1462/1184/1100 1507/1227/1100 1518/1228/1100
f 1464/1194/1101 1475/1193/1101 1519/1229/1101 1509/1230/1101
f 1466/1187/1102 1464/1194/1102 1509/1230/1102 1510/1231/1102
f 1470/1190/1103 1468/1189/1103 1512/1232/1103 1514/1233/1103
f 1468/1189/1104 1466/1187/1104 1510/1231/1104 1512/1232/1104
f 1443/1172/1105 1470/1190/1105 1514/1233/1105 1488/1209/1105
f 1469/1191/1106 1442/1171/1106 1487/1211/1106 1513/1234/1106
f 1467/1192/1107 1469/1191/1107 1513/1234/1107 1511/1235/1107
f 1463/1185/1108 1471/1195/1108 1515/1236/1108 1508/1237/1108
f 1471/1195/1109 1467/1192/1109 1511/1235/1109 1515/1236/1109
f 1472/1182/1110 1463/1185/1110 1508/1237/1110 1516/1238/1110
f 1462/1184/1111 1473/1183/1111 1517/1239/1111 1507/1227/1111
f 1476/1186/1112 1474/1226/1112 1518/1228/1112 1520/1240/1112
f 1475/1193/1113 1476/1186/1113 1520/1240/1113 1519/1229/1113
f 1454/1179/1114 1478/1201/1114 1522/1241/1114 1499/1218/1114
f 1478/1201/1115 1477/1199/1115 1521/1242/1115 1522/1241/1115
f 1477/1199/1116 1472/1182/1116 1516/1238/1116 1521/1242/1116
f 1473/1183/1117 1481/1196/1117 1525/1243/1117 1517/1239/1117
f 1479/1198/1118 1482/1197/1118 1526/1244/1118 1523/1245/1118
f 1480/1200/1119 1459/1178/1119 1504/1225/1119 1524/1246/1119
f 1481/1196/1120 1479/1198/1120 1523/1245/1120 1525/1243/1120
f 1482/1197/1121 1480/1200/1121 1524/1246/1121 1526/1244/1121
f 1541/1247/1122 1532/1248/1122 1531/1249/1122 1542/1250/1122
f 1534/1251/1123 1545/1252/1124 1543/1253/1125
f 1537/1254/1126 1536/1255/1126 1538/1256/1126 1539/1257/1126
f 1534/1251/1127 1531/1249/1127 1532/1248/1127
f 1535/1258/1128 1533/1259/1128 1544/1260/1128 1545/1252/1128
f 1539/1257/1129 1538/1256/1129 1527/1261/1129 1528/1262/1129
f 1535/1258/1130 1536/1255/1130 1537/1254/1130
f 1534/1251/1131 1532/1248/1131 1540/1263/1131
f 1535/1258/1132 1534/1251/1132 1540/1263/1132 1536/1255/1132
f 1550/1264/1133 1541/1247/1133 1542/1250/1133
f 1551/1265/1134 1546/1266/1134 1541/1247/1134 1548/1267/1134
f 1530/1268/1135 1529/1269/1135 1547/1270/1135 1549/1271/1135
f 1548/1267/1136 1541/1247/1136 1550/1264/1136
f 1549/1271/1137 1547/1270/1137 1546/1266/1137 1551/1265/1137
f 1415/1139/1138 1412/1135/1139 1426/1272/1140
f 1426/1272/1140 1428/1137/1141 1415/1139/1138
f 1451/1163/1047 1437/1159/1142 1440/1161/1045
f 1440/1161/1143 1441/1168/1050 1453/1162/1052
f 1465/1188/1144 1462/1184/1145 1474/1226/1146
f 1474/1226/1146 1476/1186/1147 1465/1188/1144
f 1543/1253/1125 1531/1249/1148 1534/1251/1123
f 1534/1251/1149 1535/1258/1149 1545/1252/1149
o cockpit
v 0.101376 1.168233 2.037606
v 0.000000 1.178789 1.919484
v 0.204489 1.144497 2.366251
v 0.000000 1.168233 2.037606
v 0.000000 1.144497 2.366251
v -0.101376 1.168233 2.037606
v -0.301278 1.069106 3.065367
v -0.204489 1.144497 2.366251
v 0.000000 0.834373 3.418084
v 0.000000 0.943673 3.424994
v 0.000000 0.943673 3.424994
v -0.498419 0.834373 3.418084
v -0.417091 0.943673 3.424994
v -0.341074 1.013048 3.442603
v 0.498419 0.834373 3.418084
v 0.417091 0.943673 3.424994
v 0.000000 0.834373 3.418084
v 0.000000 0.943673 3.424994
v 0.301278 1.069106 3.065367
v 0.341074 1.013048 3.442603
v 0.000000 1.069106 3.065367
v 0.000000 1.013048 3.438980
v 0.000000 0.943673 3.424994
v 0.406384 0.966569 3.063695
v 0.320371 1.074821 3.063695
v -0.406384 0.966569 3.063695
v -0.320371 1.074821 3.063695
v 0.510863 0.681850 5.326835
v 0.508885 0.795433 3.976029
v 0.460944 0.667409 5.809302
v 0.000000 0.809680 5.917368
v 0.320133 0.756809 5.887117
v 0.181686 0.777869 5.904240
v 0.533021 0.732948 4.664069
v 0.498419 0.834373 3.418084
v 0.508885 0.076824 3.976029
v 0.533021 0.076824 4.953618
v 0.498419 0.076824 3.418084
v 0.000000 0.246698 5.917368
v 0.000000 0.549494 5.917368
v 0.550644 0.464274 5.326835
v 0.550644 0.246698 5.255803
v 0.593695 0.263731 4.664069
v 0.593695 0.498339 4.664069
v 0.591250 0.539996 3.976029
v 0.591250 0.284559 3.976029
v 0.598374 0.297539 3.418084
v 0.598374 0.565956 3.418084
v 0.485513 0.454647 5.809302
v 0.485513 0.241884 5.809302
v 0.000000 0.246698 5.255803
v 0.000000 0.076824 3.976029
v 0.000000 0.076824 4.953618
v 0.000000 0.076824 3.418084
v 0.000000 0.834373 3.418084
v 0.000000 0.297539 3.418084
v 0.000000 0.565956 3.418084
v 0.508105 0.716350 4.662132
v 0.474396 0.816419 3.417343
v 0.489462 0.661016 5.324015
v 0.482242 0.781651 3.976501
v 0.442892 0.643695 5.805868
v -0.510863 0.681850 5.326835
v -0.508885 0.795433 3.976029
v -0.460944 0.667409 5.809302
v -0.320133 0.756809 5.887117
v -0.181686 0.777869 5.904240
v -0.533021 0.732948 4.664069
v -0.498419 0.834373 3.418084
v -0.508885 0.076824 3.976029
v -0.533021 0.076824 4.953618
v -0.498419 0.076824 3.418084
v -0.550644 0.464274 5.326835
v -0.550644 0.246698 5.255803
v -0.593695 0.263731 4.664069
v -0.593695 0.498339 4.664069
v -0.591250 0.539996 3.976029
v -0.591250 0.284559 3.976029
v -0.598374 0.297539 3.418084
v -0.598374 0.565956 3.418084
v -0.485513 0.454647 5.809302
v -0.485513 0.241884 5.809302
v -0.508105 0.716350 4.662132
v -0.474396 0.816419 3.417343
v -0.489462 0.661016 5.324015
v -0.482242 0.781651 3.976501
v -0.442892 0.643695 5.805868
v 0.336531 0.435407 4.641980
v 0.336531 0.471547 4.641980
v 0.584087 0.435407 4.641980
v 0.584087 0.471547 4.641980
v 0.336531 0.435407 4.898989
v 0.336531 0.471547 4.898989
v 0.575908 0.435407 4.898989
v 0.575908 0.471547 4.898989
v 0.336531 0.471547 4.774271
v 0.584087 0.435407 4.774271
v 0.336531 0.435407 4.774271
v 0.584087 0.471547 4.774271
v 0.535388 0.435407 4.641980
v 0.535388 0.471547 4.641980
v 0.528818 0.471547 4.898989
v 0.528818 0.435407 4.898989
v 0.535388 0.435407 4.774271
v 0.535388 0.471547 4.774271
v 0.336531 0.435407 5.144358
v 0.336531 0.471547 5.144358
v 0.528818 0.471547 5.144358
v 0.528818 0.435407 5.144358
v 0.063386 1.076678 5.047336
v 0.070969 1.073537 5.047336
v 0.074110 1.065954 5.047336
v 0.070969 1.058371 5.047336
v 0.063386 1.055230 5.047336
v 0.055802 1.058371 5.047336
v 0.052661 1.065954 5.047336
v 0.055802 1.073537 5.047336
v 0.070969 1.073537 5.056700
v 0.063386 1.076678 5.056700
v 0.074110 1.065954 5.056700
v 0.070969 1.058371 5.056700
v 0.063386 1.055230 5.056700
v 0.055802 1.058371 5.056700
v 0.052661 1.065954 5.056700
v 0.055802 1.073537 5.056700
v 0.037647 1.076678 5.047336
v 0.045231 1.073537 5.047336
v 0.048372 1.065954 5.047336
v 0.045231 1.058371 5.047336
v 0.037647 1.055230 5.047336
v 0.030064 1.058371 5.047336
v 0.026923 1.065954 5.047336
v 0.030064 1.073537 5.047336
v 0.045231 1.073537 5.056700
v 0.037647 1.076678 5.056700
v 0.048372 1.065954 5.056700
v 0.045231 1.058371 5.056700
v 0.037647 1.055230 5.056700
v 0.030064 1.058371 5.056700
v 0.026923 1.065954 5.056700
v 0.030064 1.073537 5.056700
v 0.011909 1.076678 5.047336
v 0.019493 1.073537 5.047336
v 0.022634 1.065954 5.047336
v 0.019493 1.058371 5.047336
v 0.011909 1.055230 5.047336
v 0.004326 1.058371 5.047336
v 0.001185 1.065954 5.047336
v 0.004326 1.073537 5.047336
v 0.019493 1.073537 5.056700
v 0.011909 1.076678 5.056700
v 0.022634 1.065954 5.056700
v 0.019493 1.058371 5.056700
v 0.011909 1.055230 5.056700
v 0.004326 1.058371 5.056700
v 0.001185 1.065954 5.056700
v 0.004326 1.073537 5.056700
v -0.013829 1.076678 5.047336
v -0.006246 1.073537 5.047336
v -0.003105 1.065954 5.047336
v -0.006246 1.058371 5.047336
v -0.013829 1.055230 5.047336
v -0.021412 1.058371 5.047336
v -0.024553 1.065954 5.047336
v -0.021412 1.073537 5.047336
v -0.006246 1.073537 5.056700
v -0.013829 1.076678 5.056700
v -0.003105 1.065954 5.056700
v -0.006246 1.058371 5.056700
v -0.013829 1.055230 5.056700
v -0.021412 1.058371 5.056700
v -0.024553 1.065954 5.056700
v -0.021412 1.073537 5.056700
v -0.039567 1.076678 5.047336
v -0.031984 1.073537 5.047336
v -0.028843 1.065954 5.047336
v -0.031984 1.058371 5.047336
v -0.039567 1.055230 5.047336
v -0.047150 1.058371 5.047336
v -0.050291 1.065954 5.047336
v -0.047150 1.073537 5.047336
v -0.031984 1.073537 5.056700
v -0.039567 1.076678 5.056700
v -0.028843 1.065954 5.056700
v -0.031984 1.058371 5.056700
v -0.039567 1.055230 5.056700
v -0.047150 1.058371 5.056700
v -0.050291 1.065954 5.056700
v -0.047150 1.073537 5.056700
v -0.065305 1.076678 5.047336
v -0.057722 1.073537 5.047336
v -0.054581 1.065954 5.047336
v -0.057722 1.058371 5.047336
v -0.065305 1.055230 5.047336
v -0.072888 1.058371 5.047336
v -0.076029 1.065954 5.047336
v -0.072888 1.073537 5.047336
v -0.057722 1.073537 5.056700
v -0.065305 1.076678 5.056700
v -0.054581 1.065954 5.056700
v -0.057722 1.058371 5.056700
v -0.065305 1.055230 5.056700
v -0.072888 1.058371 5.056700
v -0.076029 1.065954 5.056700
v -0.072888 1.073537 5.056700
v -0.032834 1.005108 5.067808
v -0.032834 1.023055 5.067808
v -0.032834 1.005108 5.049861
v -0.032834 1.023055 5.049861
v -0.014887 1.005108 5.067808
v -0.014887 1.023055 5.067808
v -0.014887 1.005108 5.049861
v -0.014887 1.023055 5.049861
v -0.025255 0.979982 5.067808
v -0.025255 0.997929 5.067808
v -0.025255 0.979982 5.049861
v -0.025255 0.997929 5.049861
v -0.007308 0.979982 5.067808
v -0.007308 0.997929 5.067808
v -0.007308 0.979982 5.049861
v -0.007308 0.997929 5.049861
v 0.049071 1.030234 5.067808
v 0.049071 1.048182 5.067808
v 0.049071 1.030234 5.049861
v 0.049071 1.048182 5.049861
v 0.067019 1.030234 5.067808
v 0.067019 1.048182 5.067808
v 0.067019 1.030234 5.049861
v 0.067019 1.048182 5.049861
v 0.023945 1.030234 5.067808
v 0.023945 1.048182 5.067808
v 0.023945 1.030234 5.049861
v 0.023945 1.048182 5.049861
v 0.041892 1.030234 5.067808
v 0.041892 1.048182 5.067808
v 0.041892 1.030234 5.049861
v 0.041892 1.048182 5.049861
v -0.001182 1.030234 5.067808
v -0.001182 1.048182 5.067808
v -0.001182 1.030234 5.049861
v -0.001182 1.048182 5.049861
v 0.016766 1.030234 5.067808
v 0.016766 1.048182 5.067808
v 0.016766 1.030234 5.049861
v 0.016766 1.048182 5.049861
v 0.049071 1.005108 5.067808
v 0.049071 1.023055 5.067808
v 0.049071 1.005108 5.049861
v 0.049071 1.023055 5.049861
v 0.067019 1.005108 5.067808
v 0.067019 1.023055 5.067808
v 0.067019 1.005108 5.049861
v 0.067019 1.023055 5.049861
v 0.023945 1.005108 5.067808
v 0.023945 1.023055 5.067808
v 0.023945 1.005108 5.049861
v 0.023945 1.023055 5.049861
v 0.041892 1.005108 5.067808
v 0.041892 1.023055 5.067808
v 0.041892 1.005108 5.049861
v 0.041892 1.023055 5.049861
v -0.001182 1.005108 5.067808
v -0.001182 1.023055 5.067808
v -0.001182 1.005108 5.049861
v -0.001182 1.023055 5.049861
v 0.016766 1.005108 5.067808
v 0.016766 1.023055 5.067808
v 0.016766 1.005108 5.049861
v 0.016766 1.023055 5.049861
v 0.049071 0.979982 5.067808
v 0.049071 0.997929 5.067808
v 0.049071 0.979982 5.049861
v 0.049071 0.997929 5.049861
v 0.067019 0.979982 5.067808
v 0.067019 0.997929 5.067808
v 0.067019 0.979982 5.049861
v 0.067019 0.997929 5.049861
v 0.023945 0.979982 5.067808
v 0.023945 0.997929 5.067808
v 0.023945 0.979982 5.049861
v 0.023945 0.997929 5.049861
v 0.041892 0.979982 5.067808
v 0.041892 0.997929 5.067808
v 0.041892 0.979982 5.049861
v 0.041892 0.997929 5.049861
v -0.001182 0.979982 5.067808
v -0.001182 0.997929 5.067808
v -0.001182 0.979982 5.049861
v -0.001182 0.997929 5.049861
v 0.016766 0.979982 5.067808
v 0.016766 0.997929 5.067808
v 0.016766 0.979982 5.049861
v 0.016766 0.997929 5.049861
v -0.013705 0.972952 5.048862
v -0.006696 0.970049 5.048862
v -0.003793 0.963040 5.048862
v -0.006696 0.956032 5.048862
v -0.013705 0.953129 5.048862
v -0.020713 0.956032 5.048863
v -0.023616 0.963040 5.048862
v -0.020713 0.970049 5.048862
v -0.006696 0.970049 5.066502
v -0.013705 0.972952 5.066502
v -0.003793 0.963040 5.066502
v -0.006696 0.956032 5.066502
v -0.013705 0.953129 5.066502
v -0.020713 0.956032 5.066502
v -0.023616 0.963040 5.066502
v -0.020713 0.970049 5.066502
v 0.049702 0.949884 5.067808
v 0.049702 0.976302 5.067808
v 0.049702 0.949884 5.049861
v 0.049702 0.976302 5.049861
v 0.064973 0.949884 5.067808
v 0.064973 0.976302 5.067808
v 0.064973 0.949884 5.049861
v 0.064973 0.976302 5.049861
v -0.032834 1.030234 5.067808
v -0.032834 1.048182 5.067808
v -0.032834 1.030234 5.049861
v -0.032834 1.048182 5.049861
v -0.014887 1.030234 5.067808
v -0.014887 1.048182 5.067808
v -0.014887 1.030234 5.049861
v -0.014887 1.048182 5.049861
v -0.056552 1.044532 5.049772
v -0.050266 1.041928 5.049772
v -0.047663 1.035642 5.049772
v -0.050266 1.029357 5.049772
v -0.056552 1.026753 5.049772
v -0.062838 1.029357 5.049772
v -0.065441 1.035642 5.049772
v -0.062838 1.041928 5.049772
v -0.050266 1.041928 5.065592
v -0.056552 1.044532 5.065592
v -0.047663 1.035642 5.065592
v -0.050266 1.029357 5.065592
v -0.056552 1.026753 5.065592
v -0.062838 1.029357 5.065592
v -0.065441 1.035642 5.065592
v -0.062838 1.041928 5.065592
v -0.056552 0.982473 5.048862
v -0.049543 0.979570 5.048862
v -0.046640 0.972562 5.048862
v -0.049543 0.965553 5.048863
v -0.056552 0.962650 5.048863
v -0.063561 0.965553 5.048863
v -0.066464 0.972562 5.048863
v -0.063561 0.979570 5.048862
v -0.049543 0.979570 5.066502
v -0.056552 0.982473 5.066502
v -0.046640 0.972562 5.066502
v -0.049543 0.965553 5.066502
v -0.056552 0.962650 5.066502
v -0.063561 0.965553 5.066502
v -0.066464 0.972562 5.066502
v -0.063561 0.979570 5.066502
v -0.064557 0.992731 5.067808
v -0.064557 1.019149 5.067808
v -0.064557 0.992731 5.049861
v -0.064557 1.019149 5.049861
v -0.049287 0.992731 5.067808
v -0.049287 1.019149 5.067808
v -0.049287 0.992731 5.049861
v -0.049287 1.019149 5.049861
v -0.245964 0.774726 5.280500
v -0.245964 0.919905 5.280500
v -0.230870 0.789820 5.244942
v -0.230870 0.904811 5.244942
v -0.100784 0.774726 5.280500
v -0.100784 0.919905 5.280500
v -0.115878 0.789820 5.244942
v -0.115878 0.904811 5.244942
v -0.245964 0.919905 5.244942
v -0.245964 0.774726 5.244942
v -0.100784 0.774726 5.244942
v -0.100784 0.919905 5.244942
v -0.230870 0.904811 5.249605
v -0.230870 0.789820 5.249605
v -0.115878 0.789820 5.249605
v -0.115878 0.904811 5.249605
v 0.245964 0.774726 5.280500
v 0.245964 0.919905 5.280500
v 0.230870 0.789820 5.244942
v 0.230870 0.904811 5.244942
v 0.100784 0.774726 5.280500
v 0.100784 0.919905 5.280500
v 0.115878 0.789820 5.244942
v 0.115878 0.904811 5.244942
v 0.245964 0.919905 5.244942
v 0.245964 0.774726 5.244942
v 0.100784 0.774726 5.244942
v 0.100784 0.919905 5.244942
v 0.230870 0.904811 5.249605
v 0.230870 0.789820 5.249605
v 0.115878 0.789820 5.249605
v 0.115878 0.904811 5.249605
v -0.244328 0.817570 5.254659
v -0.231650 0.817570 5.254659
v -0.244328 0.817570 5.241981
v -0.231650 0.817570 5.241981
v -0.244328 0.804892 5.254659
v -0.231650 0.804892 5.254659
v -0.244328 0.804892 5.241981
v -0.231650 0.804892 5.241981
v -0.244328 0.835600 5.254659
v -0.231650 0.835600 5.254659
v -0.244328 0.835600 5.241981
v -0.231650 0.835600 5.241981
v -0.244328 0.822921 5.254659
v -0.231650 0.822921 5.254659
v -0.244328 0.822921 5.241981
v -0.231650 0.822921 5.241981
v -0.244328 0.853629 5.254659
v -0.231650 0.853629 5.254659
v -0.244328 0.853629 5.241981
v -0.231650 0.853629 5.241981
v -0.244328 0.840951 5.254659
v -0.231650 0.840951 5.254659
v -0.244328 0.840951 5.241981
v -0.231650 0.840951 5.241981
v -0.244328 0.871659 5.254659
v -0.231650 0.871659 5.254659
v -0.244328 0.871659 5.241981
v -0.231650 0.871659 5.241981
v -0.244328 0.858981 5.254659
v -0.231650 0.858981 5.254659
v -0.244328 0.858981 5.241981
v -0.231650 0.858981 5.241981
v -0.244328 0.889689 5.254659
v -0.231650 0.889689 5.254659
v -0.244328 0.889689 5.241981
v -0.231650 0.889689 5.241981
v -0.244328 0.877011 5.254659
v -0.231650 0.877011 5.254659
v -0.244328 0.877011 5.241981
v -0.231650 0.877011 5.241981
v -0.113970 0.817570 5.254659
v -0.101292 0.817570 5.254659
v -0.113970 0.817570 5.241981
v -0.101292 0.817570 5.241981
v -0.113970 0.804892 5.254659
v -0.101292 0.804892 5.254659
v -0.113970 0.804892 5.241981
v -0.101292 0.804892 5.241981
v -0.113970 0.835600 5.254659
v -0.101292 0.835600 5.254659
v -0.113970 0.835600 5.241981
v -0.101292 0.835600 5.241981
v -0.113970 0.822921 5.254659
v -0.101292 0.822921 5.254659
v -0.113970 0.822921 5.241981
v -0.101292 0.822921 5.241981
v -0.113970 0.853629 5.254659
v -0.101292 0.853629 5.254659
v -0.113970 0.853629 5.241981
v -0.101292 0.853629 5.241981
v -0.113970 0.840951 5.254659
v -0.101292 0.840951 5.254659
v -0.113970 0.840951 5.241981
v -0.101292 0.840951 5.241981
v -0.113970 0.871659 5.254659
v -0.101292 0.871659 5.254659
v -0.113970 0.871659 5.241981
v -0.101292 0.871659 5.241981
v -0.113970 0.858981 5.254659
v -0.101292 0.858981 5.254659
v -0.113970 0.858981 5.241981
v -0.101292 0.858981 5.241981
v -0.113970 0.889689 5.254659
v -0.101292 0.889689 5.254659
v -0.113970 0.889689 5.241981
v -0.101292 0.889689 5.241981
v -0.113970 0.877011 5.254659
v -0.101292 0.877011 5.254659
v -0.113970 0.877011 5.241981
v -0.101292 0.877011 5.241981
v -0.143089 0.906130 5.254659
v -0.143089 0.918809 5.254659
v -0.143089 0.906130 5.241981
v -0.143089 0.918809 5.241981
v -0.130411 0.906130 5.254659
v -0.130411 0.918809 5.254659
v -0.130411 0.906130 5.241981
v -0.130411 0.918809 5.241981
v -0.161119 0.906130 5.254659
v -0.161119 0.918809 5.254659
v -0.161119 0.906130 5.241981
v -0.161119 0.918809 5.241981
v -0.148441 0.906130 5.254659
v -0.148441 0.918809 5.254659
v -0.148441 0.906130 5.241981
v -0.148441 0.918809 5.241981
v -0.179149 0.906130 5.254659
v -0.179149 0.918809 5.254659
v -0.179149 0.906130 5.241981
v -0.179149 0.918809 5.241981
v -0.166471 0.906130 5.254659
v -0.166471 0.918809 5.254659
v -0.166471 0.906130 5.241981
v -0.166471 0.918809 5.241981
v -0.197179 0.906130 5.254659
v -0.197179 0.918809 5.254659
v -0.197179 0.906130 5.241981
v -0.197179 0.918809 5.241981
v -0.184501 0.906130 5.254659
v -0.184501 0.918809 5.254659
v -0.184501 0.906130 5.241981
v -0.184501 0.918809 5.241981
v -0.215209 0.906130 5.254659
v -0.215209 0.918809 5.254659
v -0.215209 0.906130 5.241981
v -0.215209 0.918809 5.241981
v -0.202531 0.906130 5.254659
v -0.202531 0.918809 5.254659
v -0.202531 0.906130 5.241981
v -0.202531 0.918809 5.241981
v -0.143089 0.775772 5.254659
v -0.143089 0.788450 5.254659
v -0.143089 0.775772 5.241981
v -0.143089 0.788450 5.241981
v -0.130411 0.775772 5.254659
v -0.130411 0.788450 5.254659
v -0.130411 0.775772 5.241981
v -0.130411 0.788450 5.241981
v -0.161119 0.775772 5.254659
v -0.161119 0.788450 5.254659
v -0.161119 0.775772 5.241981
v -0.161119 0.788450 5.241981
v -0.148441 0.775772 5.254659
v -0.148441 0.788450 5.254659
v -0.148441 0.775772 5.241981
v -0.148441 0.788450 5.241981
v -0.179149 0.775772 5.254659
v -0.179149 0.788450 5.254659
v -0.179149 0.775772 5.241981
v -0.179149 0.788450 5.241981
v -0.166471 0.775772 5.254659
v -0.166471 0.788450 5.254659
v -0.166471 0.775772 5.241981
v -0.166471 0.788450 5.241981
v -0.197179 0.775772 5.254659
v -0.197179 0.788450 5.254659
v -0.197179 0.775772 5.241981
v -0.197179 0.788450 5.241981
v -0.184501 0.775772 5.254659
v -0.184501 0.788450 5.254659
v -0.184501 0.775772 5.241981
v -0.184501 0.788450 5.241981
v -0.215209 0.775772 5.254659
v -0.215209 0.788450 5.254659
v -0.215209 0.775772 5.241981
v -0.215209 0.788450 5.241981
v -0.202531 0.775772 5.254659
v -0.202531 0.788450 5.254659
v -0.202531 0.775772 5.241981
v -0.202531 0.788450 5.241981
v 0.244328 0.817570 5.254659
v 0.231650 0.817570 5.254659
v 0.244328 0.817570 5.241981
v 0.231650 0.817570 5.241981
v 0.244328 0.804892 5.254659
v 0.231650 0.804892 5.254659
v 0.244328 0.804892 5.241981
v 0.231650 0.804892 5.241981
v 0.244328 0.835600 5.254659
v 0.231650 0.835600 5.254659
v 0.244328 0.835600 5.241981
v 0.231650 0.835600 5.241981
v 0.244328 0.822921 5.254659
v 0.231650 0.822921 5.254659
v 0.244328 0.822921 5.241981
v 0.231650 0.822921 5.241981
v 0.244328 0.853629 5.254659
v 0.231650 0.853629 5.254659
v 0.244328 0.853629 5.241981
v 0.231650 0.853629 5.241981
v 0.244328 0.840951 5.254659
v 0.231650 0.840951 5.254659
v 0.244328 0.840951 5.241981
v 0.231650 0.840951 5.241981
v 0.244328 0.871659 5.254659
v 0.231650 0.871659 5.254659
v 0.244328 0.871659 5.241981
v 0.231650 0.871659 5.241981
v 0.244328 0.858981 5.254659
v 0.231650 0.858981 5.254659
v 0.244328 0.858981 5.241981
v 0.231650 0.858981 5.241981
v 0.244328 0.889689 5.254659
v 0.231650 0.889689 5.254659
v 0.244328 0.889689 5.241981
v 0.231650 0.889689 5.241981
v 0.244328 0.877011 5.254659
v 0.231650 0.877011 5.254659
v 0.244328 0.877011 5.241981
v 0.231650 0.877011 5.241981
v 0.113970 0.817570 5.254659
v 0.101292 0.817570 5.254659
v 0.113970 0.817570 5.241981
v 0.101292 0.817570 5.241981
v 0.113970 0.804892 5.254659
v 0.101292 0.804892 5.254659
v 0.113970 0.804892 5.241981
v 0.101292 0.804892 5.241981
v 0.113970 0.835600 5.254659
v 0.101292 0.835600 5.254659
v 0.113970 0.835600 5.241981
v 0.101292 0.835600 5.241981
v 0.113970 0.822921 5.254659
v 0.101292 0.822921 5.254659
v 0.113970 0.822921 5.241981
v 0.101292 0.822921 5.241981
v 0.113970 0.853629 5.254659
v 0.101292 0.853629 5.254659
v 0.113970 0.853629 5.241981
v 0.101292 0.853629 5.241981
v 0.113970 0.840951 5.254659
v 0.101292 0.840951 5.254659
v 0.113970 0.840951 5.241981
v 0.101292 0.840951 5.241981
v 0.113970 0.871659 5.254659
v 0.101292 0.871659 5.254659
v 0.113970 0.871659 5.241981
v 0.101292 0.871659 5.241981
v 0.113970 0.858981 5.254659
v 0.101292 0.858981 5.254659
v 0.113970 0.858981 5.241981
v 0.101292 0.858981 5.241981
v 0.113970 0.889689 5.254659
v 0.101292 0.889689 5.254659
v 0.113970 0.889689 5.241981
v 0.101292 0.889689 5.241981
v 0.113970 0.877011 5.254659
v 0.101292 0.877011 5.254659
v 0.113970 0.877011 5.241981
v 0.101292 0.877011 5.241981
v 0.143089 0.906130 5.254659
v 0.143089 0.918809 5.254659
v 0.143089 0.906130 5.241981
v 0.143089 0.918809 5.241981
v 0.130411 0.906130 5.254659
v 0.130411 0.918809 5.254659
v 0.130411 0.906130 5.241981
v 0.130411 0.918809 5.241981
v 0.161119 0.906130 5.254659
v 0.161119 0.918809 5.254659
v 0.161119 0.906130 5.241981
v 0.161119 0.918809 5.241981
v 0.148441 0.906130 5.254659
v 0.148441 0.918809 5.254659
v 0.148441 0.906130 5.241981
v 0.148441 0.918809 5.241981
v 0.179149 0.906130 5.254659
v 0.179149 0.918809 5.254659
v 0.179149 0.906130 5.241981
v 0.179149 0.918809 5.241981
v 0.166471 0.906130 5.254659
v 0.166471 0.918809 5.254659
v 0.166471 0.906130 5.241981
v 0.166471 0.918809 5.241981
v 0.197179 0.906130 5.254659
v 0.197179 0.918809 5.254659
v 0.197179 0.906130 5.241981
v 0.197179 0.918809 5.241981
v 0.184501 0.906130 5.254659
v 0.184501 0.918809 5.254659
v 0.184501 0.906130 5.241981
v 0.184501 0.918809 5.241981
v 0.215209 0.906130 5.254659
v 0.215209 0.918809 5.254659
v 0.215209 0.906130 5.241981
v 0.215209 0.918809 5.241981
v 0.202531 0.906130 5.254659
v 0.202531 0.918809 5.254659
v 0.202531 0.906130 5.241981
v 0.202531 0.918809 5.241981
v 0.143089 0.775772 5.254659
v 0.143089 0.788450 5.254659
v 0.143089 0.775772 5.241981
v 0.143089 0.788450 5.241981
v 0.130411 0.775772 5.254659
v 0.130411 0.788450 5.254659
v 0.130411 0.775772 5.241981
v 0.130411 0.788450 5.241981
v 0.161119 0.775772 5.254659
v 0.161119 0.788450 5.254659
v 0.161119 0.775772 5.241981
v 0.161119 0.788450 5.241981
v 0.148441 0.775772 5.254659
v 0.148441 0.788450 5.254659
v 0.148441 0.775772 5.241981
v 0.148441 0.788450 5.241981
v 0.179149 0.775772 5.254659
v 0.179149 0.788450 5.254659
v 0.179149 0.775772 5.241981
v 0.179149 0.788450 5.241981
v 0.166471 0.775772 5.254659
v 0.166471 0.788450 5.254659
v 0.166471 0.775772 5.241981
v 0.166471 0.788450 5.241981
v 0.197179 0.775772 5.254659
v 0.197179 0.788450 5.254659
v 0.197179 0.775772 5.241981
v 0.197179 0.788450 5.241981
v 0.184501 0.775772 5.254659
v 0.184501 0.788450 5.254659
v 0.184501 0.775772 5.241981
v 0.184501 0.788450 5.241981
v 0.215209 0.775772 5.254659
v 0.215209 0.788450 5.254659
v 0.215209 0.775772 5.241981
v 0.215209 0.788450 5.241981
v 0.202531 0.775772 5.254659
v 0.202531 0.788450 5.254659
v 0.202531 0.775772 5.241981
v 0.202531 0.788450 5.241981
v 0.255390 0.773424 5.262720
v 0.255390 0.883755 5.262720
v 0.255390 0.773424 5.250148
v 0.255390 0.883755 5.250148
v 0.308177 0.773424 5.262720
v 0.308177 0.883755 5.262720
v 0.308177 0.773424 5.250148
v 0.308177 0.883755 5.250148
v 0.255390 0.920563 5.262720
v 0.255390 0.920563 5.250148
v 0.265149 0.920563 5.262720
v 0.265149 0.920563 5.250148
v 0.261898 0.879034 5.250607
v 0.261898 0.903355 5.250607
v 0.261898 0.881972 5.246101
v 0.261898 0.903355 5.249009
v 0.278010 0.879034 5.250607
v 0.278010 0.903355 5.250607
v 0.278010 0.881972 5.246101
v 0.278010 0.903355 5.249009
v 0.263873 0.857181 5.259966
v 0.263873 0.869609 5.259966
v 0.263873 0.857181 5.247538
v 0.263873 0.869609 5.247538
v 0.276301 0.857181 5.259966
v 0.276301 0.869609 5.259966
v 0.276301 0.857181 5.247538
v 0.276301 0.869609 5.247538
v 0.263873 0.827300 5.259966
v 0.263873 0.839728 5.259966
v 0.263873 0.827300 5.247538
v 0.263873 0.839728 5.247538
v 0.276301 0.827300 5.259966
v 0.276301 0.839728 5.259966
v 0.276301 0.827300 5.247538
v 0.276301 0.839728 5.247538
v 0.000000 0.569783 5.280240
v 0.000000 0.659451 5.280240
v 0.000000 0.569783 5.249889
v 0.000000 0.659451 5.249889
v 0.042093 0.569783 5.280240
v 0.042093 0.659451 5.280240
v 0.042093 0.569783 5.249889
v 0.042093 0.659451 5.249889
v -0.042093 0.569783 5.280240
v -0.042093 0.659451 5.280240
v -0.042093 0.569783 5.249889
v -0.042093 0.659451 5.249889
v 0.049140 0.666209 5.280240
v 0.049140 0.755876 5.280240
v 0.049140 0.666209 5.249889
v 0.049140 0.755876 5.249889
v 0.086552 0.666209 5.280240
v 0.086552 0.755876 5.280240
v 0.086552 0.666209 5.249889
v 0.086552 0.755876 5.249889
v -0.049140 0.666209 5.280240
v -0.049140 0.755876 5.280240
v -0.049140 0.666209 5.249889
v -0.049140 0.755876 5.249889
v -0.086552 0.666209 5.280240
v -0.086552 0.755876 5.280240
v -0.086552 0.666209 5.249889
v -0.086552 0.755876 5.249889
v -0.252057 0.927737 5.269003
v -0.252057 0.995583 5.269003
v -0.252057 0.927737 5.244645
v -0.252057 0.995583 5.244645
v -0.184135 0.927737 5.269003
v -0.184135 0.995583 5.269003
v -0.184135 0.927737 5.244645
v -0.184135 0.995583 5.244645
v 0.191350 0.922880 5.256110
v 0.191350 0.997982 5.256110
v 0.191350 0.922880 5.244816
v 0.191350 0.997982 5.244816
v 0.254601 0.922880 5.256110
v 0.254601 0.936171 5.256110
v 0.254601 0.922880 5.244816
v 0.254601 0.936171 5.244816
v 0.101768 0.922837 5.256110
v 0.101768 1.006692 5.256110
v 0.101768 0.922837 5.244816
v 0.101768 1.006692 5.244816
v 0.185623 0.922837 5.256110
v 0.185623 1.006692 5.256110
v 0.185623 0.922837 5.244816
v 0.185623 1.006692 5.244816
v -0.179485 0.925089 5.266177
v -0.179485 1.002994 5.266177
v -0.179485 0.925089 5.244733
v -0.179485 1.002994 5.244733
v -0.101580 0.925089 5.266177
v -0.101580 1.002994 5.266177
v -0.101580 0.925089 5.244733
v -0.101580 1.002994 5.244733
v -0.283281 0.880097 5.259987
v -0.283281 0.912736 5.259987
v -0.283281 0.880097 5.249804
v -0.283281 0.912736 5.249804
v -0.250642 0.880097 5.259987
v -0.250642 0.912736 5.259987
v -0.250642 0.880097 5.249804
v -0.250642 0.912736 5.249804
v -0.295758 0.832512 5.261531
v -0.295758 0.876763 5.261531
v -0.295758 0.832512 5.249750
v -0.295758 0.876763 5.249750
v -0.251507 0.832512 5.261531
v -0.251507 0.876763 5.261531
v -0.251507 0.832512 5.249750
v -0.251507 0.876763 5.249750
v -0.308049 0.771507 5.263176
v -0.308049 0.828128 5.263176
v -0.308049 0.771507 5.249692
v -0.308049 0.828128 5.249692
v -0.251428 0.771507 5.263176
v -0.251428 0.828128 5.263176
v -0.251428 0.771507 5.249692
v -0.251428 0.828128 5.249692
v 0.001861 0.769850 5.280240
v 0.001861 0.850186 5.280240
v 0.001861 0.769850 5.249889
v 0.001861 0.850186 5.249889
v 0.082197 0.769850 5.280240
v 0.082197 0.850186 5.280240
v 0.082197 0.769850 5.249889
v 0.082197 0.850186 5.249889
v -0.001861 0.769850 5.280240
v -0.001861 0.850186 5.280240
v -0.001861 0.769850 5.249889
v -0.001861 0.850186 5.249889
v -0.082197 0.769850 5.280240
v -0.082197 0.850186 5.280240
v -0.082197 0.769850 5.249889
v -0.082197 0.850186 5.249889
v 0.046030 0.568564 5.280240
v 0.046030 0.658232 5.280240
v 0.046030 0.568564 5.249889
v 0.046030 0.658232 5.249889
v 0.086552 0.568564 5.280240
v 0.086552 0.658232 5.280240
v 0.086552 0.568564 5.249889
v 0.086552 0.658232 5.249889
v -0.046030 0.568564 5.280240
v -0.046030 0.658232 5.280240
v -0.046030 0.568564 5.249889
v -0.046030 0.658232 5.249889
v -0.086552 0.568564 5.280240
v -0.086552 0.658232 5.280240
v -0.086552 0.568564 5.249889
v -0.086552 0.658232 5.249889
v 0.000000 0.666209 5.280240
v 0.000000 0.755876 5.280240
v 0.000000 0.666209 5.249889
v 0.000000 0.755876 5.249889
v 0.045204 0.666209 5.280240
v 0.045204 0.755876 5.280240
v 0.045204 0.666209 5.249889
v 0.045204 0.755876 5.249889
v -0.045204 0.666209 5.280240
v -0.045204 0.755876 5.280240
v -0.045204 0.666209 5.249889
v -0.045204 0.755876 5.249889
v 0.338003 0.485819 5.278656
v 0.338003 0.621237 5.278656
v 0.338003 0.485819 5.247759
v 0.338003 0.621237 5.247759
v 0.445896 0.485819 5.278656
v 0.445896 0.621237 5.278656
v 0.445896 0.485819 5.247759
v 0.445896 0.621237 5.247759
v 0.333742 0.630643 5.275375
v 0.333742 0.765166 5.275375
v 0.333742 0.630643 5.244479
v 0.333742 0.765166 5.244479
v 0.406443 0.630643 5.275375
v 0.406443 0.751443 5.275375
v 0.406443 0.630643 5.244479
v 0.406443 0.751443 5.244479
v 0.333742 0.746482 5.275375
v 0.333742 0.746482 5.244479
v 0.406443 0.732340 5.244479
v 0.406443 0.732340 5.275375
v 0.481095 0.630643 5.275375
v 0.481095 0.630643 5.244479
v 0.430331 0.732340 5.244479
v 0.430331 0.732340 5.275375
v 0.451400 0.630643 5.244479
v 0.451400 0.630643 5.275375
v 0.415520 0.732340 5.244479
v 0.415520 0.732340 5.275375
v 0.489389 0.608994 5.275375
v 0.489389 0.608994 5.244479
v 0.451400 0.608994 5.244479
v 0.451400 0.608994 5.275375
v 0.333742 0.783829 5.275375
v 0.333742 0.783829 5.244479
v 0.370498 0.780097 5.275375
v 0.370498 0.780097 5.244479
v 0.451890 0.485819 5.278656
v 0.451890 0.581523 5.278656
v 0.451890 0.485819 5.247759
v 0.451890 0.581523 5.247759
v 0.499423 0.485819 5.278656
v 0.499423 0.581523 5.278656
v 0.499423 0.485819 5.247759
v 0.499423 0.581523 5.247759
v 0.341198 0.641032 5.247978
v 0.341198 0.675654 5.247978
v 0.375820 0.641032 5.247978
v 0.375820 0.675654 5.247978
v 0.341198 0.675654 5.240208
v 0.341198 0.641032 5.240208
v 0.375820 0.641032 5.240208
v 0.375820 0.675654 5.240208
v 0.346114 0.650939 5.240208
v 0.351104 0.645948 5.240208
v 0.342585 0.642420 5.240208
v 0.351104 0.670738 5.240208
v 0.346114 0.665748 5.240208
v 0.342585 0.674266 5.240208
v 0.365913 0.645948 5.240208
v 0.370903 0.650939 5.240208
v 0.374432 0.642420 5.240208
v 0.370903 0.665748 5.240208
v 0.365913 0.670738 5.240208
v 0.374432 0.674266 5.240208
v 0.346114 0.665748 5.242518
v 0.351104 0.670738 5.242518
v 0.351104 0.645948 5.242518
v 0.346114 0.650939 5.242518
v 0.370903 0.650939 5.242518
v 0.365913 0.645948 5.242518
v 0.365913 0.670738 5.242518
v 0.370903 0.665748 5.242518
v 0.277223 0.794928 5.254900
v 0.277223 0.810178 5.254900
v 0.281445 0.799150 5.247822
v 0.281445 0.805956 5.247822
v 0.292472 0.794928 5.254900
v 0.292472 0.810178 5.254900
v 0.288250 0.799150 5.247822
v 0.288250 0.805956 5.247822
v 0.277223 0.810178 5.247822
v 0.277223 0.794928 5.247822
v 0.292472 0.794928 5.247822
v 0.292472 0.810178 5.247822
v 0.279343 0.808058 5.230994
v 0.279343 0.797049 5.230994
v 0.290352 0.797049 5.230994
v 0.290352 0.808058 5.230994
v 0.281847 0.805554 5.228157
v 0.281847 0.799553 5.228157
v 0.287848 0.799553 5.228157
v 0.287848 0.805554 5.228157
v 0.357750 0.691548 5.249131
v 0.357750 0.706797 5.249131
v 0.361972 0.695770 5.242054
v 0.361972 0.702575 5.242054
v 0.373000 0.691548 5.249131
v 0.373000 0.706797 5.249131
v 0.368777 0.695770 5.242054
v 0.368777 0.702575 5.242054
v 0.357750 0.706797 5.242054
v 0.357750 0.691548 5.242054
v 0.373000 0.691548 5.242054
v 0.373000 0.706797 5.242054
v 0.359870 0.704677 5.225225
v 0.359870 0.693668 5.225225
v 0.370879 0.693668 5.225225
v 0.370879 0.704677 5.225225
v 0.362374 0.702173 5.222388
v 0.362374 0.696172 5.222388
v 0.368375 0.696172 5.222388
v 0.368375 0.702173 5.222388
v 0.383674 0.691548 5.249131
v 0.383674 0.706797 5.249131
v 0.387897 0.695770 5.242054
v 0.387897 0.702575 5.242054
v 0.398924 0.691548 5.249131
v 0.398924 0.706797 5.249131
v 0.394702 0.695770 5.242054
v 0.394702 0.702575 5.242054
v 0.383674 0.706797 5.242054
v 0.383674 0.691548 5.242054
v 0.398924 0.691548 5.242054
v 0.398924 0.706797 5.242054
v 0.385795 0.704677 5.225225
v 0.385795 0.693668 5.225225
v 0.396804 0.693668 5.225225
v 0.396804 0.704677 5.225225
v 0.388299 0.702173 5.222388
v 0.388299 0.696172 5.222388
v 0.394300 0.696172 5.222388
v 0.394300 0.702173 5.222388
v 0.409599 0.691548 5.249131
v 0.409599 0.706797 5.249131
v 0.413821 0.695770 5.242054
v 0.413821 0.702575 5.242054
v 0.424849 0.691548 5.249131
v 0.424849 0.706797 5.249131
v 0.420627 0.695770 5.242054
v 0.420627 0.702575 5.242054
v 0.409599 0.706797 5.242054
v 0.409599 0.691548 5.242054
v 0.424849 0.691548 5.242054
v 0.424849 0.706797 5.242054
v 0.411719 0.704677 5.225225
v 0.411719 0.693668 5.225225
v 0.422729 0.693668 5.225225
v 0.422729 0.704677 5.225225
v 0.414223 0.702173 5.222388
v 0.414223 0.696172 5.222388
v 0.420224 0.696172 5.222388
v 0.420224 0.702173 5.222388
v 0.423848 0.643162 5.249131
v 0.423848 0.658412 5.249131
v 0.428070 0.647384 5.242054
v 0.428070 0.654190 5.242054
v 0.439098 0.643162 5.249131
v 0.439098 0.658412 5.249131
v 0.434875 0.647384 5.242054
v 0.434875 0.654190 5.242054
v 0.423848 0.658412 5.242054
v 0.423848 0.643162 5.242054
v 0.439098 0.643162 5.242054
v 0.439098 0.658412 5.242054
v 0.425968 0.656292 5.225225
v 0.425968 0.645282 5.225225
v 0.436977 0.645282 5.225225
v 0.436977 0.656292 5.225225
v 0.428472 0.653788 5.222388
v 0.428472 0.647786 5.222388
v 0.434473 0.647786 5.222388
v 0.434473 0.653788 5.222388
v 0.359478 0.579656 5.251236
v 0.359478 0.594906 5.251236
v 0.363700 0.583878 5.244158
v 0.363700 0.590684 5.244158
v 0.374728 0.579656 5.251236
v 0.374728 0.594906 5.251236
v 0.370506 0.583878 5.244158
v 0.370506 0.590684 5.244158
v 0.359478 0.594906 5.244158
v 0.359478 0.579656 5.244158
v 0.374728 0.579656 5.244158
v 0.374728 0.594906 5.244158
v 0.361598 0.592786 5.227331
v 0.361598 0.581776 5.227331
v 0.372607 0.581776 5.227331
v 0.372607 0.592786 5.227331
v 0.364102 0.590282 5.224494
v 0.364102 0.584281 5.224494
v 0.370103 0.584281 5.224494
v 0.370103 0.590282 5.224494
v 0.387740 0.534579 5.251236
v 0.387740 0.549829 5.251236
v 0.391962 0.538801 5.244158
v 0.391962 0.545607 5.244158
v 0.402990 0.534579 5.251236
v 0.402990 0.549829 5.251236
v 0.398768 0.538801 5.244158
v 0.398768 0.545607 5.244158
v 0.387740 0.549829 5.244158
v 0.387740 0.534579 5.244158
v 0.402990 0.534579 5.244158
v 0.402990 0.549829 5.244158
v 0.389860 0.547709 5.227331
v 0.389860 0.536699 5.227331
v 0.400870 0.536699 5.227331
v 0.400870 0.547709 5.227331
v 0.392365 0.545204 5.224494
v 0.392365 0.539203 5.224494
v 0.398366 0.539203 5.224494
v 0.398366 0.545204 5.224494
v 0.355608 0.534579 5.251236
v 0.355608 0.549829 5.251236
v 0.359830 0.538801 5.244158
v 0.359830 0.545607 5.244158
v 0.370857 0.534579 5.251236
v 0.370857 0.549829 5.251236
v 0.366635 0.538801 5.244158
v 0.366635 0.545607 5.244158
v 0.355608 0.549829 5.244158
v 0.355608 0.534579 5.244158
v 0.370857 0.534579 5.244158
v 0.370857 0.549829 5.244158
v 0.357728 0.547709 5.227331
v 0.357728 0.536699 5.227331
v 0.368737 0.536699 5.227331
v 0.368737 0.547709 5.227331
v 0.360232 0.545204 5.224494
v 0.360232 0.539203 5.224494
v 0.366233 0.539203 5.224494
v 0.366233 0.545204 5.224494
v 0.418244 0.534579 5.251236
v 0.418244 0.549829 5.251236
v 0.422466 0.538801 5.244158
v 0.422466 0.545607 5.244158
v 0.433494 0.534579 5.251236
v 0.433494 0.549829 5.251236
v 0.429271 0.538801 5.244158
v 0.429271 0.545607 5.244158
v 0.418244 0.549829 5.244158
v 0.418244 0.534579 5.244158
v 0.433494 0.534579 5.244158
v 0.433494 0.549829 5.244158
v 0.420364 0.547709 5.227331
v 0.420364 0.536699 5.227331
v 0.431373 0.536699 5.227331
v 0.431373 0.547709 5.227331
v 0.422868 0.545204 5.224494
v 0.422868 0.539203 5.224494
v 0.428869 0.539203 5.224494
v 0.428869 0.545204 5.224494
v 0.478270 0.545542 5.261027
v 0.478270 0.561006 5.261027
v 0.480815 0.548087 5.245563
v 0.480815 0.558461 5.245563
v 0.493735 0.545542 5.261027
v 0.493735 0.561006 5.261027
v 0.491190 0.548087 5.245563
v 0.491190 0.558461 5.245563
v 0.478270 0.503179 5.261027
v 0.478270 0.518644 5.261027
v 0.480815 0.505724 5.245563
v 0.480815 0.516099 5.245563
v 0.493735 0.503179 5.261027
v 0.493735 0.518644 5.261027
v 0.491190 0.505724 5.245563
v 0.491190 0.516099 5.245563
v 0.478270 0.526097 5.261027
v 0.478270 0.541561 5.261027
v 0.480815 0.528642 5.245563
v 0.480815 0.539016 5.245563
v 0.493735 0.526097 5.261027
v 0.493735 0.541561 5.261027
v 0.491190 0.528642 5.245563
v 0.491190 0.539016 5.245563
v 0.383898 0.643648 5.256619
v 0.383898 0.658116 5.256619
v 0.383898 0.643648 5.242151
v 0.383898 0.658116 5.242151
v 0.398365 0.643648 5.256619
v 0.398365 0.658116 5.256619
v 0.398365 0.643648 5.242151
v 0.398365 0.658116 5.242151
v 0.456603 0.545542 5.261027
v 0.456603 0.561006 5.261027
v 0.459148 0.548087 5.245563
v 0.459148 0.558461 5.245563
v 0.472067 0.545542 5.261027
v 0.472067 0.561006 5.261027
v 0.469523 0.548087 5.245563
v 0.469523 0.558461 5.245563
v 0.456603 0.503179 5.261027
v 0.456603 0.518644 5.261027
v 0.459148 0.505724 5.245563
v 0.459148 0.516099 5.245563
v 0.472067 0.503179 5.261027
v 0.472067 0.518644 5.261027
v 0.469523 0.505724 5.245563
v 0.469523 0.516099 5.245563
v 0.456603 0.526097 5.261027
v 0.456603 0.541561 5.261027
v 0.459148 0.528642 5.245563
v 0.459148 0.539016 5.245563
v 0.472067 0.526097 5.261027
v 0.472067 0.541561 5.261027
v 0.469523 0.528642 5.245563
v 0.469523 0.539016 5.245563
v 0.478270 0.561006 5.245563
v 0.478270 0.545542 5.245563
v 0.493735 0.545542 5.245563
v 0.493735 0.561006 5.245563
v 0.478270 0.518644 5.245563
v 0.478270 0.503179 5.245563
v 0.493735 0.503179 5.245563
v 0.493735 0.518644 5.245563
v 0.478270 0.541561 5.245563
v 0.478270 0.526097 5.245563
v 0.493735 0.526097 5.245563
v 0.493735 0.541561 5.245563
v 0.456603 0.561006 5.245563
v 0.456603 0.545542 5.245563
v 0.472067 0.545542 5.245563
v 0.472067 0.561006 5.245563
v 0.456603 0.518644 5.245563
v 0.456603 0.503179 5.245563
v 0.472067 0.503179 5.245563
v 0.472067 0.518644 5.245563
v 0.456603 0.541561 5.245563
v 0.456603 0.526097 5.245563
v 0.472067 0.526097 5.245563
v 0.472067 0.541561 5.245563
v -0.451051 0.571663 5.272448
v -0.451051 0.669003 5.272448
v -0.451051 0.571663 5.246332
v -0.451051 0.669003 5.246332
v -0.336070 0.571663 5.272448
v -0.336070 0.669003 5.272448
v -0.336070 0.571663 5.246332
v -0.336070 0.669003 5.246332
v -0.451051 0.583831 5.272448
v -0.451051 0.595998 5.272448
v -0.451051 0.608166 5.272448
v -0.451051 0.620333 5.272448
v -0.451051 0.632501 5.272448
v -0.451051 0.644668 5.272448
v -0.451051 0.656836 5.272448
v -0.451051 0.656836 5.246332
v -0.451051 0.644668 5.246332
v -0.451051 0.632501 5.246332
v -0.451051 0.620333 5.246332
v -0.451051 0.608166 5.246332
v -0.451051 0.595998 5.246332
v -0.451051 0.583831 5.246332
v -0.336070 0.656836 5.246332
v -0.336070 0.644668 5.246332
v -0.336070 0.632501 5.246332
v -0.336070 0.620333 5.246332
v -0.336070 0.608166 5.246332
v -0.336070 0.595998 5.246332
v -0.336070 0.583831 5.246332
v -0.336070 0.656836 5.272448
v -0.336070 0.644668 5.272448
v -0.336070 0.632501 5.272448
v -0.336070 0.620333 5.272448
v -0.336070 0.608166 5.272448
v -0.336070 0.595998 5.272448
v -0.336070 0.583831 5.272448
v -0.364815 0.571663 5.246332
v -0.393560 0.571663 5.246332
v -0.422306 0.571663 5.246332
v -0.422306 0.669003 5.246332
v -0.393560 0.669003 5.246332
v -0.364815 0.669003 5.246332
v -0.422306 0.571663 5.272448
v -0.393560 0.571663 5.272448
v -0.364815 0.571663 5.272448
v -0.364815 0.669003 5.272448
v -0.393560 0.669003 5.272448
v -0.422306 0.669003 5.272448
v -0.364815 0.583831 5.272448
v -0.393560 0.583831 5.272448
v -0.422306 0.583831 5.272448
v -0.364815 0.595998 5.272448
v -0.393560 0.595998 5.272448
v -0.422306 0.595998 5.272448
v -0.364815 0.608166 5.272448
v -0.393560 0.608166 5.272448
v -0.422306 0.608166 5.272448
v -0.364815 0.620333 5.272448
v -0.393560 0.620333 5.272448
v -0.422306 0.620333 5.272448
v -0.364815 0.632501 5.272448
v -0.393560 0.632501 5.272448
v -0.422306 0.632501 5.272448
v -0.364815 0.644668 5.272448
v -0.393560 0.644668 5.272448
v -0.422306 0.644668 5.272448
v -0.364815 0.656836 5.272448
v -0.393560 0.656836 5.272448
v -0.422306 0.656836 5.272448
v -0.336070 0.571663 5.246332
v -0.336070 0.656836 5.246332
v -0.336070 0.644668 5.246332
v -0.336070 0.632501 5.246332
v -0.336070 0.620333 5.246332
v -0.336070 0.608166 5.246332
v -0.336070 0.595998 5.246332
v -0.336070 0.583831 5.246332
v -0.364815 0.571663 5.246332
v -0.393560 0.571663 5.246332
v -0.422306 0.571663 5.246332
v -0.422306 0.583831 5.246332
v -0.393560 0.583831 5.246332
v -0.364815 0.583831 5.246332
v -0.422306 0.595998 5.246332
v -0.393560 0.595998 5.246332
v -0.364815 0.595998 5.246332
v -0.422306 0.608166 5.246332
v -0.393560 0.608166 5.246332
v -0.364815 0.608166 5.246332
v -0.422306 0.620333 5.246332
v -0.393560 0.620333 5.246332
v -0.364815 0.620333 5.246332
v -0.422306 0.632501 5.246332
v -0.393560 0.632501 5.246332
v -0.364815 0.632501 5.246332
v -0.422306 0.644668 5.246332
v -0.393560 0.644668 5.246332
v -0.364815 0.644668 5.246332
v -0.422306 0.656836 5.246332
v -0.393560 0.656836 5.246332
v -0.364815 0.656836 5.246332
v -0.337638 0.583167 5.243684
v -0.337638 0.572327 5.243684
v -0.337638 0.656172 5.243684
v -0.337638 0.645332 5.243684
v -0.337638 0.631837 5.243684
v -0.337638 0.620997 5.243684
v -0.337638 0.607502 5.243684
v -0.337638 0.596662 5.243684
v -0.363248 0.583167 5.243684
v -0.363248 0.596662 5.243684
v -0.363248 0.607502 5.243684
v -0.363248 0.620997 5.243684
v -0.363248 0.631837 5.243684
v -0.363248 0.645332 5.243684
v -0.363248 0.656172 5.243684
v -0.363248 0.572327 5.243684
v -0.395128 0.572327 5.243684
v -0.420738 0.572327 5.243684
v -0.420738 0.583167 5.243684
v -0.395128 0.583167 5.243684
v -0.420738 0.596662 5.243684
v -0.395128 0.596662 5.243684
v -0.420738 0.607502 5.243684
v -0.395128 0.607502 5.243684
v -0.420738 0.620997 5.243684
v -0.395128 0.620997 5.243684
v -0.420738 0.631837 5.243684
v -0.395128 0.631837 5.243684
v -0.420738 0.645332 5.243684
v -0.395128 0.645332 5.243684
v -0.420738 0.656172 5.243684
v -0.395128 0.656172 5.243684
v -0.336070 0.669003 5.246332
v -0.336070 0.656836 5.246332
v -0.336070 0.644668 5.246332
v -0.336070 0.632501 5.246332
v -0.336070 0.620333 5.246332
v -0.336070 0.608166 5.246332
v -0.336070 0.595998 5.246332
v -0.336070 0.583831 5.246332
v -0.422306 0.669003 5.246332
v -0.393560 0.669003 5.246332
v -0.364815 0.669003 5.246332
v -0.422306 0.583831 5.246332
v -0.393560 0.583831 5.246332
v -0.364815 0.583831 5.246332
v -0.422306 0.595998 5.246332
v -0.393560 0.595998 5.246332
v -0.364815 0.595998 5.246332
v -0.422306 0.608166 5.246332
v -0.393560 0.608166 5.246332
v -0.364815 0.608166 5.246332
v -0.422306 0.620333 5.246332
v -0.393560 0.620333 5.246332
v -0.364815 0.620333 5.246332
v -0.422306 0.632501 5.246332
v -0.393560 0.632501 5.246332
v -0.364815 0.632501 5.246332
v -0.422306 0.644668 5.246332
v -0.393560 0.644668 5.246332
v -0.364815 0.644668 5.246332
v -0.422306 0.656836 5.246332
v -0.393560 0.656836 5.246332
v -0.364815 0.656836 5.246332
v -0.363248 0.668340 5.243684
v -0.337638 0.668340 5.243684
v -0.337638 0.657499 5.243684
v -0.337638 0.644005 5.243684
v -0.337638 0.633164 5.243684
v -0.337638 0.619670 5.243684
v -0.337638 0.608829 5.243684
v -0.337638 0.595335 5.243684
v -0.337638 0.584494 5.243684
v -0.363248 0.584494 5.243684
v -0.363248 0.595335 5.243684
v -0.363248 0.608829 5.243684
v -0.363248 0.619670 5.243684
v -0.363248 0.633164 5.243684
v -0.363248 0.644005 5.243684
v -0.363248 0.657499 5.243684
v -0.420738 0.668340 5.243684
v -0.395128 0.668340 5.243684
v -0.420738 0.584494 5.243684
v -0.395128 0.584494 5.243684
v -0.420738 0.595335 5.243684
v -0.395128 0.595335 5.243684
v -0.420738 0.608829 5.243684
v -0.395128 0.608829 5.243684
v -0.420738 0.619670 5.243684
v -0.395128 0.619670 5.243684
v -0.420738 0.633164 5.243684
v -0.395128 0.633164 5.243684
v -0.420738 0.644005 5.243684
v -0.395128 0.644005 5.243684
v -0.420738 0.657499 5.243684
v -0.395128 0.657499 5.243684
v -0.451051 0.669003 5.246332
v -0.451051 0.656836 5.246332
v -0.451051 0.644668 5.246332
v -0.451051 0.632501 5.246332
v -0.451051 0.620333 5.246332
v -0.451051 0.608166 5.246332
v -0.451051 0.595998 5.246332
v -0.451051 0.583831 5.246332
v -0.422306 0.669003 5.246332
v -0.393560 0.669003 5.246332
v -0.364815 0.669003 5.246332
v -0.422306 0.583831 5.246332
v -0.393560 0.583831 5.246332
v -0.364815 0.583831 5.246332
v -0.422306 0.595998 5.246332
v -0.393560 0.595998 5.246332
v -0.364815 0.595998 5.246332
v -0.422306 0.608166 5.246332
v -0.393560 0.608166 5.246332
v -0.364815 0.608166 5.246332
v -0.422306 0.620333 5.246332
v -0.393560 0.620333 5.246332
v -0.364815 0.620333 5.246332
v -0.422306 0.632501 5.246332
v -0.393560 0.632501 5.246332
v -0.364815 0.632501 5.246332
v -0.422306 0.644668 5.246332
v -0.393560 0.644668 5.246332
v -0.364815 0.644668 5.246332
v -0.422306 0.656836 5.246332
v -0.393560 0.656836 5.246332
v -0.364815 0.656836 5.246332
v -0.449483 0.668340 5.243684
v -0.449483 0.657499 5.243684
v -0.449483 0.644005 5.243684
v -0.449483 0.633164 5.243684
v -0.449483 0.619670 5.243684
v -0.449483 0.608829 5.243684
v -0.449483 0.595335 5.243684
v -0.449483 0.584494 5.243684
v -0.423873 0.668340 5.243684
v -0.391993 0.668340 5.243684
v -0.366383 0.668340 5.243684
v -0.423873 0.584494 5.243684
v -0.391993 0.584494 5.243684
v -0.366383 0.584494 5.243684
v -0.423873 0.595335 5.243684
v -0.391993 0.595335 5.243684
v -0.366383 0.595335 5.243684
v -0.423873 0.608829 5.243684
v -0.391993 0.608829 5.243684
v -0.366383 0.608829 5.243684
v -0.423873 0.619670 5.243684
v -0.391993 0.619670 5.243684
v -0.366383 0.619670 5.243684
v -0.423873 0.633164 5.243684
v -0.391993 0.633164 5.243684
v -0.366383 0.633164 5.243684
v -0.423873 0.644005 5.243684
v -0.391993 0.644005 5.243684
v -0.366383 0.644005 5.243684
v -0.423873 0.657499 5.243684
v -0.391993 0.657499 5.243684
v -0.366383 0.657499 5.243684
v -0.451051 0.571663 5.246332
v -0.451051 0.656836 5.246332
v -0.451051 0.644668 5.246332
v -0.451051 0.632501 5.246332
v -0.451051 0.620333 5.246332
v -0.451051 0.608166 5.246332
v -0.451051 0.595998 5.246332
v -0.451051 0.583831 5.246332
v -0.364815 0.571663 5.246332
v -0.393560 0.571663 5.246332
v -0.422306 0.571663 5.246332
v -0.422306 0.583831 5.246332
v -0.393560 0.583831 5.246332
v -0.364815 0.583831 5.246332
v -0.422306 0.595998 5.246332
v -0.393560 0.595998 5.246332
v -0.364815 0.595998 5.246332
v -0.422306 0.608166 5.246332
v -0.393560 0.608166 5.246332
v -0.364815 0.608166 5.246332
v -0.422306 0.620333 5.246332
v -0.393560 0.620333 5.246332
v -0.364815 0.620333 5.246332
v -0.422306 0.632501 5.246332
v -0.393560 0.632501 5.246332
v -0.364815 0.632501 5.246332
v -0.422306 0.644668 5.246332
v -0.393560 0.644668 5.246332
v -0.364815 0.644668 5.246332
v -0.422306 0.656836 5.246332
v -0.393560 0.656836 5.246332
v -0.364815 0.656836 5.246332
v -0.449483 0.583167 5.243684
v -0.449483 0.572327 5.243684
v -0.423873 0.572327 5.243684
v -0.449483 0.656172 5.243684
v -0.449483 0.645332 5.243684
v -0.449483 0.631837 5.243684
v -0.449483 0.620997 5.243684
v -0.449483 0.607502 5.243684
v -0.449483 0.596662 5.243684
v -0.366383 0.572327 5.243684
v -0.391993 0.572327 5.243684
v -0.423873 0.583167 5.243684
v -0.391993 0.583167 5.243684
v -0.366383 0.583167 5.243684
v -0.423873 0.596662 5.243684
v -0.391993 0.596662 5.243684
v -0.366383 0.596662 5.243684
v -0.423873 0.607502 5.243684
v -0.391993 0.607502 5.243684
v -0.366383 0.607502 5.243684
v -0.423873 0.620997 5.243684
v -0.391993 0.620997 5.243684
v -0.366383 0.620997 5.243684
v -0.423873 0.631837 5.243684
v -0.391993 0.631837 5.243684
v -0.366383 0.631837 5.243684
v -0.423873 0.645332 5.243684
v -0.391993 0.645332 5.243684
v -0.366383 0.645332 5.243684
v -0.423873 0.656172 5.243684
v -0.391993 0.656172 5.243684
v -0.366383 0.656172 5.243684
v -0.401552 0.680591 5.263746
v -0.401552 0.742688 5.263746
v -0.401552 0.680591 5.248592
v -0.401552 0.742688 5.248592
v -0.339454 0.680591 5.263746
v -0.339454 0.742688 5.263746
v -0.339454 0.680591 5.248592
v -0.339454 0.742688 5.248592
v -0.512323 0.481055 5.263746
v -0.512323 0.543152 5.263746
v -0.512323 0.481055 5.248593
v -0.512323 0.543152 5.248593
v -0.450225 0.481055 5.263746
v -0.450225 0.543152 5.263746
v -0.450225 0.481055 5.248593
v -0.450225 0.543152 5.248593
v -0.438708 0.481055 5.263746
v -0.438708 0.543152 5.263746
v -0.438708 0.481055 5.248593
v -0.438708 0.543152 5.248593
v -0.376610 0.481055 5.263746
v -0.376610 0.543152 5.263746
v -0.376610 0.481055 5.248593
v -0.376610 0.543152 5.248593
v -0.562269 0.435407 4.808245
v -0.562269 0.471547 4.808245
v -0.399970 0.435407 4.808245
v -0.399970 0.471547 4.808245
v -0.550491 0.435407 5.075792
v -0.550491 0.471547 5.075792
v -0.399970 0.435407 5.075792
v -0.399970 0.471547 5.075792
v -0.562269 0.471547 4.939434
v -0.399970 0.435407 4.939434
v -0.562269 0.435407 4.939434
v -0.399970 0.471547 4.939434
v -0.534374 0.435407 4.808245
v -0.534374 0.471547 4.808245
v -0.524621 0.471547 5.075792
v -0.524621 0.435407 5.075792
v -0.534374 0.435407 4.939434
v -0.534374 0.471547 4.939434
v -0.399970 0.435407 5.114658
v -0.399970 0.471547 5.114658
v -0.524621 0.471547 5.114658
v -0.524621 0.435407 5.114658
v 0.336531 0.435407 4.431478
v 0.336531 0.471547 4.431478
v 0.593132 0.435407 4.431478
v 0.593132 0.471547 4.431478
v 0.336531 0.435407 4.636273
v 0.336531 0.471547 4.636273
v 0.593132 0.435407 4.636273
v 0.593132 0.471547 4.636273
v 0.336531 0.471547 4.559982
v 0.593132 0.435407 4.559982
v 0.336531 0.435407 4.559982
v 0.593132 0.471547 4.559982
v -0.576978 0.435407 4.409497
v -0.576978 0.471547 4.409497
v -0.397405 0.435407 4.409497
v -0.397405 0.471547 4.409497
v -0.576978 0.435407 4.795764
v -0.576978 0.471547 4.795764
v -0.397405 0.435407 4.795764
v -0.397405 0.471547 4.795764
v -0.576978 0.471547 4.719473
v -0.397405 0.435407 4.719473
v -0.576978 0.435407 4.719473
v -0.397405 0.471547 4.719473
v -0.392670 0.435407 4.823555
v -0.392670 0.471547 4.823555
v -0.343437 0.435407 4.823555
v -0.343437 0.471547 4.823555
v -0.392670 0.471547 5.014812
v -0.343437 0.435407 5.014812
v -0.392670 0.435407 5.014812
v -0.343437 0.471547 5.014812
v -0.383106 0.435407 4.365402
v -0.383106 0.471547 4.365402
v -0.340658 0.435407 4.365402
v -0.340658 0.471547 4.365402
v -0.383106 0.435407 4.632949
v -0.383106 0.471547 4.632949
v -0.340658 0.435407 4.632949
v -0.340658 0.471547 4.632949
v -0.383106 0.471547 4.556658
v -0.340658 0.435407 4.556658
v -0.383106 0.435407 4.556658
v -0.340658 0.471547 4.556658
v 0.371848 0.463950 4.860906
v 0.370851 0.474653 4.859908
v 0.361145 0.463950 4.860906
v 0.362142 0.474653 4.859908
v 0.371848 0.463950 4.850203
v 0.370851 0.474653 4.851200
v 0.361145 0.463950 4.850203
v 0.362142 0.474653 4.851200
v 0.385761 0.463950 4.860906
v 0.384764 0.474653 4.859908
v 0.375059 0.463950 4.860906
v 0.376056 0.474653 4.859908
v 0.385761 0.463950 4.850203
v 0.384764 0.474653 4.851200
v 0.375059 0.463950 4.850203
v 0.376056 0.474653 4.851200
v 0.399675 0.463950 4.860906
v 0.398678 0.474653 4.859908
v 0.388972 0.463950 4.860906
v 0.389969 0.474653 4.859908
v 0.399675 0.463950 4.850203
v 0.398678 0.474653 4.851200
v 0.388972 0.463950 4.850203
v 0.389969 0.474653 4.851200
v 0.413588 0.463950 4.860906
v 0.412591 0.474653 4.859908
v 0.402886 0.463950 4.860906
v 0.403883 0.474653 4.859908
v 0.413588 0.463950 4.850203
v 0.412591 0.474653 4.851200
v 0.402886 0.463950 4.850203
v 0.403883 0.474653 4.851200
v 0.371848 0.474653 4.860906
v 0.361145 0.474653 4.860906
v 0.361145 0.474653 4.850203
v 0.371848 0.474653 4.850203
v 0.385761 0.474653 4.860906
v 0.375059 0.474653 4.860906
v 0.375059 0.474653 4.850203
v 0.385761 0.474653 4.850203
v 0.399675 0.474653 4.860906
v 0.388972 0.474653 4.860906
v 0.388972 0.474653 4.850203
v 0.399675 0.474653 4.850203
v 0.413588 0.474653 4.860906
v 0.402886 0.474653 4.860906
v 0.402886 0.474653 4.850203
v 0.413588 0.474653 4.850203
v 0.371848 0.463950 4.878030
v 0.370851 0.474653 4.877033
v 0.361145 0.463950 4.878030
v 0.362142 0.474653 4.877033
v 0.371848 0.463950 4.867327
v 0.370851 0.474653 4.868324
v 0.361145 0.463950 4.867327
v 0.362142 0.474653 4.868324
v 0.385761 0.463950 4.878030
v 0.384764 0.474653 4.877033
v 0.375059 0.463950 4.878030
v 0.376056 0.474653 4.877033
v 0.385761 0.463950 4.867327
v 0.384764 0.474653 4.868324
v 0.375059 0.463950 4.867327
v 0.376056 0.474653 4.868324
v 0.399675 0.463950 4.878030
v 0.398678 0.474653 4.877033
v 0.388972 0.463950 4.878030
v 0.389969 0.474653 4.877033
v 0.399675 0.463950 4.867327
v 0.398678 0.474653 4.868324
v 0.388972 0.463950 4.867327
v 0.389969 0.474653 4.868324
v 0.413588 0.463950 4.878030
v 0.412591 0.474653 4.877033
v 0.402886 0.463950 4.878030
v 0.403883 0.474653 4.877033
v 0.413588 0.463950 4.867327
v 0.412591 0.474653 4.868324
v 0.402886 0.463950 4.867327
v 0.403883 0.474653 4.868324
v 0.371848 0.474653 4.878030
v 0.361145 0.474653 4.878030
v 0.361145 0.474653 4.867327
v 0.371848 0.474653 4.867327
v 0.385761 0.474653 4.878030
v 0.375059 0.474653 4.878030
v 0.375059 0.474653 4.867327
v 0.385761 0.474653 4.867327
v 0.399675 0.474653 4.878030
v 0.388972 0.474653 4.878030
v 0.388972 0.474653 4.867327
v 0.399675 0.474653 4.867327
v 0.413588 0.474653 4.878030
v 0.402886 0.474653 4.878030
v 0.402886 0.474653 4.867327
v 0.413588 0.474653 4.867327
v 0.498001 0.462864 4.841385
v 0.496801 0.475739 4.842585
v 0.498001 0.462864 4.854259
v 0.496801 0.475739 4.853060
v 0.485126 0.462864 4.841385
v 0.486326 0.475739 4.842585
v 0.485126 0.462864 4.854259
v 0.486326 0.475739 4.853060
v 0.498001 0.462864 4.824648
v 0.496801 0.475739 4.825848
v 0.498001 0.462864 4.837523
v 0.496801 0.475739 4.836323
v 0.485126 0.462864 4.824648
v 0.486326 0.475739 4.825848
v 0.485126 0.462864 4.837523
v 0.486326 0.475739 4.836323
v 0.498001 0.462864 4.807911
v 0.496801 0.475739 4.809110
v 0.498001 0.462864 4.820786
v 0.496801 0.475739 4.819586
v 0.485126 0.462864 4.807911
v 0.486326 0.475739 4.809110
v 0.485126 0.462864 4.820786
v 0.486326 0.475739 4.819586
v 0.498001 0.462864 4.791173
v 0.496801 0.475739 4.792373
v 0.498001 0.462864 4.804048
v 0.496801 0.475739 4.802849
v 0.485126 0.462864 4.791173
v 0.486326 0.475739 4.792373
v 0.485126 0.462864 4.804048
v 0.486326 0.475739 4.802849
v 0.498001 0.475739 4.841385
v 0.498001 0.475739 4.854259
v 0.485126 0.475739 4.854259
v 0.485126 0.475739 4.841385
v 0.498001 0.475739 4.824648
v 0.498001 0.475739 4.837523
v 0.485126 0.475739 4.837523
v 0.485126 0.475739 4.824648
v 0.498001 0.475739 4.807911
v 0.498001 0.475739 4.820786
v 0.485126 0.475739 4.820786
v 0.485126 0.475739 4.807911
v 0.498001 0.475739 4.791173
v 0.498001 0.475739 4.804048
v 0.485126 0.475739 4.804048
v 0.485126 0.475739 4.791173
v 0.501410 0.462864 4.772234
v 0.502609 0.475739 4.773434
v 0.514285 0.462864 4.772234
v 0.513085 0.475739 4.773434
v 0.501410 0.462864 4.785109
v 0.502609 0.475739 4.783909
v 0.514285 0.462864 4.785109
v 0.513085 0.475739 4.783909
v 0.484673 0.462864 4.772234
v 0.485872 0.475739 4.773434
v 0.497547 0.462864 4.772234
v 0.496348 0.475739 4.773434
v 0.484673 0.462864 4.785109
v 0.485872 0.475739 4.783909
v 0.497547 0.462864 4.785109
v 0.496348 0.475739 4.783909
v 0.501410 0.475739 4.772234
v 0.514285 0.475739 4.772234
v 0.514285 0.475739 4.785109
v 0.501410 0.475739 4.785109
v 0.484673 0.475739 4.772234
v 0.497547 0.475739 4.772234
v 0.497547 0.475739 4.785109
v 0.484673 0.475739 4.785109
v 0.391638 0.422900 5.141783
v 0.398168 0.475458 5.135253
v 0.391638 0.422900 5.092320
v 0.398168 0.475458 5.098850
v 0.456239 0.422900 5.141783
v 0.449709 0.475458 5.135253
v 0.456239 0.422900 5.092320
v 0.449709 0.475458 5.098850
v 0.391638 0.475458 5.141783
v 0.391638 0.475458 5.092320
v 0.456239 0.475458 5.092320
v 0.456239 0.475458 5.141783
v 0.398168 0.472135 5.135253
v 0.398168 0.472135 5.098850
v 0.449709 0.472135 5.098850
v 0.449709 0.472135 5.135253
v 0.422229 0.468160 4.676311
v 0.422229 0.468160 4.692840
v 0.428637 0.473115 4.682719
v 0.428637 0.473115 4.686432
v 0.438757 0.468160 4.676311
v 0.438757 0.468160 4.692840
v 0.432350 0.473115 4.682719
v 0.432350 0.473115 4.686432
v 0.422229 0.473028 4.692840
v 0.422229 0.473028 4.676311
v 0.438757 0.473028 4.676311
v 0.438757 0.473028 4.692840
v 0.426511 0.489796 4.688558
v 0.426511 0.489796 4.680593
v 0.434476 0.489796 4.680593
v 0.434476 0.489796 4.688558
v 0.428472 0.492477 4.686597
v 0.428472 0.492477 4.682554
v 0.432515 0.492477 4.682554
v 0.432515 0.492477 4.686597
v 0.422229 0.468160 4.704410
v 0.422229 0.468160 4.720938
v 0.428637 0.473115 4.710817
v 0.428637 0.473115 4.714530
v 0.438757 0.468160 4.704410
v 0.438757 0.468160 4.720938
v 0.432350 0.473115 4.710817
v 0.432350 0.473115 4.714530
v 0.422229 0.473028 4.720938
v 0.422229 0.473028 4.704410
v 0.438757 0.473028 4.704410
v 0.438757 0.473028 4.720938
v 0.426511 0.489796 4.716656
v 0.426511 0.489796 4.708692
v 0.434476 0.489796 4.708692
v 0.434476 0.489796 4.716656
v 0.428472 0.492477 4.714695
v 0.428472 0.492477 4.710652
v 0.432515 0.492477 4.710652
v 0.432515 0.492477 4.714695
v 0.422229 0.468160 4.732508
v 0.422229 0.468160 4.749037
v 0.428637 0.473115 4.738916
v 0.428637 0.473115 4.742629
v 0.438757 0.468160 4.732508
v 0.438757 0.468160 4.749037
v 0.432350 0.473115 4.738916
v 0.432350 0.473115 4.742629
v 0.422229 0.473028 4.749037
v 0.422229 0.473028 4.732508
v 0.438757 0.473028 4.732508
v 0.438757 0.473028 4.749037
v 0.426511 0.489796 4.744755
v 0.426511 0.489796 4.736790
v 0.434476 0.489796 4.736790
v 0.434476 0.489796 4.744755
v 0.428472 0.492477 4.742794
v 0.428472 0.492477 4.738751
v 0.432515 0.492477 4.738751
v 0.432515 0.492477 4.742794
v 0.405275 0.467776 4.707839
v 0.411266 0.467776 4.693374
v 0.405275 0.467776 4.687383
v 0.396802 0.467776 4.687383
v 0.390811 0.467776 4.693374
v 0.390811 0.467776 4.701847
v 0.396802 0.467776 4.707839
v 0.411266 0.467776 4.701847
v 0.405275 0.476787 4.707839
v 0.411266 0.475075 4.693374
v 0.405275 0.476787 4.687383
v 0.396802 0.476787 4.687383
v 0.390811 0.475075 4.693374
v 0.390811 0.475075 4.701847
v 0.396802 0.476787 4.707839
v 0.411266 0.475075 4.701847
v 0.405275 0.488091 4.687383
v 0.396802 0.488091 4.687383
v 0.405275 0.488091 4.707839
v 0.396802 0.488091 4.707839
v 0.404735 0.488705 4.688259
v 0.397342 0.488705 4.688259
v 0.404735 0.488705 4.706962
v 0.397342 0.488705 4.706962
v 0.390811 0.467776 4.697610
v 0.411266 0.467776 4.697610
v 0.396802 0.467776 4.697610
v 0.405275 0.467776 4.697610
v 0.390811 0.475075 4.697610
v 0.411266 0.475075 4.697610
v 0.396802 0.476787 4.697610
v 0.405275 0.476787 4.697610
v 0.396802 0.488091 4.697610
v 0.405275 0.488091 4.697610
v 0.397342 0.488705 4.697610
v 0.404735 0.488705 4.697610
v 0.403157 0.467776 4.687383
v 0.398920 0.467776 4.687383
v 0.403157 0.467776 4.707839
v 0.398920 0.467776 4.707839
v 0.403157 0.476787 4.707839
v 0.398920 0.476787 4.707839
v 0.403157 0.488091 4.687383
v 0.398920 0.488091 4.687383
v 0.403157 0.488091 4.707839
v 0.398920 0.488091 4.707839
v 0.402887 0.488705 4.688259
v 0.402886 0.488705 4.706962
v 0.399190 0.488705 4.706962
v 0.402886 0.488705 4.697610
v 0.399190 0.488705 4.697610
v 0.398920 0.467776 4.697610
v 0.403157 0.467776 4.697610
v 0.402076 0.488705 4.696800
v 0.400001 0.488705 4.696800
v 0.402346 0.488033 4.687300
v 0.402076 0.488648 4.688177
v 0.399731 0.488033 4.687300
v 0.400001 0.488648 4.688177
v 0.403157 0.476787 4.687383
v 0.398920 0.476787 4.687383
v 0.399190 0.488705 4.688259
v 0.402346 0.477597 4.687383
v 0.399731 0.477597 4.687383
v 0.582325 0.469483 4.451772
v 0.587427 0.469483 4.439457
v 0.582325 0.469483 4.434356
v 0.575111 0.469483 4.434356
v 0.570010 0.469483 4.439457
v 0.570010 0.469483 4.446671
v 0.575111 0.469483 4.451772
v 0.587427 0.469483 4.446671
v 0.582325 0.477155 4.451772
v 0.587427 0.475698 4.439457
v 0.582325 0.477155 4.434356
v 0.575111 0.477155 4.434356
v 0.570010 0.475698 4.439457
v 0.570010 0.475698 4.446671
v 0.575111 0.477155 4.451772
v 0.587427 0.475698 4.446671
v 0.582325 0.486780 4.434356
v 0.575111 0.486780 4.434356
v 0.582325 0.486780 4.451772
v 0.575111 0.486780 4.451772
v 0.581865 0.487303 4.435102
v 0.575571 0.487303 4.435102
v 0.581865 0.487303 4.451026
v 0.575571 0.487303 4.451026
v 0.570010 0.469483 4.443064
v 0.587427 0.469483 4.443064
v 0.575111 0.469483 4.443064
v 0.582325 0.469483 4.443064
v 0.570010 0.475698 4.443064
v 0.587427 0.475698 4.443064
v 0.575111 0.477155 4.443064
v 0.582325 0.477155 4.443064
v 0.575111 0.486780 4.443064
v 0.582325 0.486780 4.443064
v 0.575571 0.487303 4.443064
v 0.581865 0.487303 4.443064
v 0.580522 0.469483 4.434356
v 0.576915 0.469483 4.434356
v 0.580522 0.469483 4.451772
v 0.576915 0.469483 4.451772
v 0.580522 0.477155 4.451772
v 0.576915 0.477155 4.451772
v 0.580522 0.486780 4.434356
v 0.576915 0.486780 4.434356
v 0.580522 0.486780 4.451772
v 0.576915 0.486780 4.451772
v 0.580292 0.487303 4.435102
v 0.580292 0.487303 4.451026
v 0.577145 0.487303 4.451026
v 0.580292 0.487303 4.443064
v 0.577145 0.487303 4.443064
v 0.576915 0.469483 4.443064
v 0.580522 0.469483 4.443064
v 0.579602 0.487303 4.442374
v 0.577835 0.487303 4.442374
v 0.579832 0.486730 4.434286
v 0.579602 0.487254 4.435032
v 0.577605 0.486730 4.434286
v 0.577835 0.487254 4.435032
v 0.580522 0.477155 4.434356
v 0.576915 0.477155 4.434356
v 0.577145 0.487303 4.435102
v 0.579832 0.477845 4.434356
v 0.577605 0.477845 4.434356
v 0.582325 0.469483 4.491261
v 0.587427 0.469483 4.478946
v 0.582325 0.469483 4.473845
v 0.575111 0.469483 4.473845
v 0.570010 0.469483 4.478946
v 0.570010 0.469483 4.486160
v 0.575111 0.469483 4.491261
v 0.587427 0.469483 4.486160
v 0.582325 0.477155 4.491261
v 0.587427 0.475698 4.478946
v 0.582325 0.477155 4.473845
v 0.575111 0.477155 4.473845
v 0.570010 0.475698 4.478946
v 0.570010 0.475698 4.486160
v 0.575111 0.477155 4.491261
v 0.587427 0.475698 4.486160
v 0.582325 0.486780 4.473845
v 0.575111 0.486780 4.473845
v 0.582325 0.486780 4.491261
v 0.575111 0.486780 4.491261
v 0.581865 0.487303 4.474591
v 0.575571 0.487303 4.474591
v 0.581865 0.487303 4.490515
v 0.575571 0.487303 4.490515
v 0.570010 0.469483 4.482553
v 0.587427 0.469483 4.482553
v 0.575111 0.469483 4.482553
v 0.582325 0.469483 4.482553
v 0.570010 0.475698 4.482553
v 0.587427 0.475698 4.482553
v 0.575111 0.477155 4.482553
v 0.582325 0.477155 4.482553
v 0.575111 0.486780 4.482553
v 0.582325 0.486780 4.482553
v 0.575571 0.487303 4.482553
v 0.581865 0.487303 4.482553
v 0.580522 0.469483 4.473845
v 0.576915 0.469483 4.473845
v 0.580522 0.469483 4.491261
v 0.576915 0.469483 4.491261
v 0.580522 0.477155 4.491261
v 0.576915 0.477155 4.491261
v 0.580522 0.486780 4.473845
v 0.576915 0.486780 4.473845
v 0.580522 0.486780 4.491261
v 0.576915 0.486780 4.491261
v 0.580292 0.487303 4.474591
v 0.580292 0.487303 4.490515
v 0.577145 0.487303 4.490515
v 0.580292 0.487303 4.482553
v 0.577145 0.487303 4.482553
v 0.576915 0.469483 4.482553
v 0.580522 0.469483 4.482553
v 0.579602 0.487303 4.481863
v 0.577835 0.487303 4.481863
v 0.579832 0.486730 4.473774
v 0.579602 0.487254 4.474521
v 0.577605 0.486730 4.473774
v 0.577835 0.487254 4.474521
v 0.580522 0.477155 4.473845
v 0.576915 0.477155 4.473845
v 0.577145 0.487303 4.474591
v 0.579832 0.477845 4.473845
v 0.577605 0.477845 4.473845
v 0.361315 0.461256 5.026786
v 0.351775 0.461256 5.049818
v 0.361315 0.461256 5.059358
v 0.374807 0.461256 5.059358
v 0.384347 0.461256 5.049818
v 0.384347 0.461256 5.036326
v 0.374807 0.461256 5.026786
v 0.351775 0.461256 5.036326
v 0.361315 0.475604 5.026786
v 0.351775 0.472879 5.049818
v 0.361315 0.475604 5.059358
v 0.374807 0.475604 5.059358
v 0.384347 0.472879 5.049818
v 0.384347 0.472879 5.036326
v 0.374807 0.475604 5.026786
v 0.351775 0.472879 5.036326
v 0.361315 0.493604 5.059358
v 0.374807 0.493604 5.059358
v 0.361315 0.493604 5.026786
v 0.374807 0.493604 5.026786
v 0.362176 0.494582 5.057962
v 0.373946 0.494582 5.057962
v 0.362176 0.494582 5.028182
v 0.373946 0.494582 5.028182
v 0.384347 0.461256 5.043072
v 0.351775 0.461256 5.043072
v 0.374807 0.461256 5.043072
v 0.361315 0.461256 5.043072
v 0.384347 0.472879 5.043072
v 0.351775 0.472879 5.043072
v 0.374807 0.475604 5.043072
v 0.361315 0.475604 5.043072
v 0.374807 0.493604 5.043072
v 0.361315 0.493604 5.043072
v 0.373946 0.494582 5.043072
v 0.362176 0.494582 5.043072
v 0.364688 0.461256 5.059358
v 0.371434 0.461256 5.059358
v 0.364688 0.461256 5.026786
v 0.371434 0.461256 5.026786
v 0.364688 0.475604 5.026786
v 0.371434 0.475604 5.026786
v 0.364688 0.493604 5.059358
v 0.371434 0.493604 5.059358
v 0.364688 0.493604 5.026786
v 0.371434 0.493604 5.026786
v 0.365118 0.494582 5.057962
v 0.365118 0.494582 5.028182
v 0.371004 0.494582 5.028182
v 0.365118 0.494582 5.043072
v 0.371004 0.494582 5.043072
v 0.371434 0.461256 5.043072
v 0.364688 0.461256 5.043072
v 0.366409 0.494582 5.044363
v 0.369713 0.494582 5.044363
v 0.365979 0.493512 5.059489
v 0.366409 0.494490 5.058094
v 0.370143 0.493512 5.059489
v 0.369713 0.494490 5.058094
v 0.364688 0.475604 5.059358
v 0.371434 0.475604 5.059358
v 0.371004 0.494582 5.057962
v 0.365979 0.476895 5.059358
v 0.370143 0.476895 5.059358
v 0.507903 0.466676 4.644950
v 0.501190 0.466676 4.661157
v 0.507903 0.466676 4.667871
v 0.517397 0.466676 4.667871
v 0.524111 0.466676 4.661157
v 0.524111 0.466676 4.651663
v 0.517397 0.466676 4.644950
v 0.501190 0.466676 4.651663
v 0.507903 0.476774 4.644950
v 0.501190 0.474855 4.661157
v 0.507903 0.476774 4.667871
v 0.517397 0.476774 4.667871
v 0.524111 0.474855 4.661157
v 0.524111 0.474855 4.651663
v 0.517397 0.476774 4.644950
v 0.501190 0.474855 4.651663
v 0.507903 0.489440 4.667871
v 0.517397 0.489440 4.667871
v 0.507903 0.489440 4.644950
v 0.517397 0.489440 4.644950
v 0.508509 0.490128 4.666889
v 0.516792 0.490128 4.666889
v 0.508509 0.490128 4.645932
v 0.516792 0.490128 4.645932
v 0.524111 0.466676 4.656410
v 0.501190 0.466676 4.656410
v 0.517397 0.466676 4.656410
v 0.507903 0.466676 4.656410
v 0.524111 0.474855 4.656410
v 0.501190 0.474855 4.656410
v 0.517397 0.476774 4.656410
v 0.507903 0.476774 4.656410
v 0.517397 0.489440 4.656410
v 0.507903 0.489440 4.656410
v 0.516792 0.490128 4.656410
v 0.508509 0.490128 4.656410
v 0.510277 0.466676 4.667871
v 0.515024 0.466676 4.667871
v 0.510277 0.466676 4.644950
v 0.515024 0.466676 4.644950
v 0.510277 0.476774 4.644950
v 0.515024 0.476774 4.644950
v 0.510277 0.489440 4.667871
v 0.515024 0.489440 4.667871
v 0.510277 0.489440 4.644950
v 0.515024 0.489440 4.644950
v 0.510579 0.490128 4.666889
v 0.510580 0.490128 4.645932
v 0.514721 0.490128 4.645932
v 0.510580 0.490128 4.656410
v 0.514721 0.490128 4.656410
v 0.515024 0.466676 4.656410
v 0.510277 0.466676 4.656410
v 0.511488 0.490128 4.657319
v 0.513813 0.490128 4.657319
v 0.511185 0.489375 4.667963
v 0.511488 0.490064 4.666981
v 0.514116 0.489375 4.667963
v 0.513813 0.490064 4.666981
v 0.510277 0.476774 4.667871
v 0.515024 0.476774 4.667871
v 0.514721 0.490128 4.666889
v 0.511185 0.477682 4.667871
v 0.514116 0.477682 4.667871
v 0.396804 0.466676 4.719618
v 0.390091 0.466676 4.735826
v 0.396804 0.466676 4.742539
v 0.406298 0.466676 4.742539
v 0.413012 0.466676 4.735826
v 0.413012 0.466676 4.726332
v 0.406298 0.466676 4.719618
v 0.390091 0.466676 4.726332
v 0.396804 0.476774 4.719618
v 0.390091 0.474855 4.735826
v 0.396804 0.476774 4.742539
v 0.406298 0.476774 4.742539
v 0.413012 0.474855 4.735826
v 0.413012 0.474855 4.726332
v 0.406298 0.476774 4.719618
v 0.390091 0.474855 4.726332
v 0.396804 0.489440 4.742539
v 0.406298 0.489440 4.742539
v 0.396804 0.489440 4.719618
v 0.406298 0.489440 4.719618
v 0.397410 0.490128 4.741557
v 0.405693 0.490128 4.741557
v 0.397410 0.490128 4.720601
v 0.405693 0.490128 4.720601
v 0.413012 0.466676 4.731079
v 0.390091 0.466676 4.731079
v 0.406298 0.466676 4.731079
v 0.396804 0.466676 4.731079
v 0.413012 0.474855 4.731079
v 0.390091 0.474855 4.731079
v 0.406298 0.476774 4.731079
v 0.396804 0.476774 4.731079
v 0.406298 0.489440 4.731079
v 0.396804 0.489440 4.731079
v 0.405693 0.490128 4.731079
v 0.397410 0.490128 4.731079
v 0.399178 0.466676 4.742539
v 0.403925 0.466676 4.742539
v 0.399178 0.466676 4.719618
v 0.403925 0.466676 4.719618
v 0.399178 0.476774 4.719618
v 0.403925 0.476774 4.719618
v 0.399178 0.489440 4.742539
v 0.403925 0.489440 4.742539
v 0.399178 0.489440 4.719618
v 0.403925 0.489440 4.719618
v 0.399480 0.490128 4.741557
v 0.399481 0.490128 4.720601
v 0.403622 0.490128 4.720601
v 0.399481 0.490128 4.731079
v 0.403622 0.490128 4.731079
v 0.403925 0.466676 4.731079
v 0.399178 0.466676 4.731079
v 0.400389 0.490128 4.731987
v 0.402714 0.490128 4.731987
v 0.400086 0.489375 4.742632
v 0.400389 0.490064 4.741650
v 0.403016 0.489375 4.742632
v 0.402714 0.490064 4.741650
v 0.399178 0.476774 4.742539
v 0.403925 0.476774 4.742539
v 0.403622 0.490128 4.741557
v 0.400086 0.477682 4.742539
v 0.403016 0.477682 4.742539
v 0.442843 0.466676 4.835659
v 0.436130 0.466676 4.851867
v 0.442843 0.466676 4.858580
v 0.452338 0.466676 4.858580
v 0.459051 0.466676 4.851867
v 0.459051 0.466676 4.842372
v 0.452338 0.466676 4.835659
v 0.436130 0.466676 4.842372
v 0.442843 0.476774 4.835659
v 0.436130 0.474855 4.851867
v 0.442843 0.476774 4.858580
v 0.452338 0.476774 4.858580
v 0.459051 0.474855 4.851867
v 0.459051 0.474855 4.842372
v 0.452338 0.476774 4.835659
v 0.436130 0.474855 4.842372
v 0.442843 0.489440 4.858580
v 0.452338 0.489440 4.858580
v 0.442843 0.489440 4.835659
v 0.452338 0.489440 4.835659
v 0.443449 0.490128 4.857598
v 0.451732 0.490128 4.857598
v 0.443449 0.490128 4.836641
v 0.451732 0.490128 4.836641
v 0.459051 0.466676 4.847120
v 0.436130 0.466676 4.847120
v 0.452338 0.466676 4.847120
v 0.442843 0.466676 4.847120
v 0.459051 0.474855 4.847120
v 0.436130 0.474855 4.847120
v 0.452338 0.476774 4.847120
v 0.442843 0.476774 4.847120
v 0.452338 0.489440 4.847120
v 0.442843 0.489440 4.847120
v 0.451732 0.490128 4.847120
v 0.443449 0.490128 4.847120
v 0.445217 0.466676 4.858580
v 0.449964 0.466676 4.858580
v 0.445217 0.466676 4.835659
v 0.449964 0.466676 4.835659
v 0.445217 0.476774 4.835659
v 0.449964 0.476774 4.835659
v 0.445217 0.489440 4.858580
v 0.449964 0.489440 4.858580
v 0.445217 0.489440 4.835659
v 0.449964 0.489440 4.835659
v 0.445520 0.490128 4.857598
v 0.445520 0.490128 4.836641
v 0.449661 0.490128 4.836641
v 0.445520 0.490128 4.847120
v 0.449661 0.490128 4.847120
v 0.449964 0.466676 4.847120
v 0.445217 0.466676 4.847120
v 0.446428 0.490128 4.848028
v 0.448753 0.490128 4.848028
v 0.446125 0.489375 4.858673
v 0.446428 0.490064 4.857690
v 0.449056 0.489375 4.858673
v 0.448753 0.490064 4.857690
v 0.445217 0.476774 4.858580
v 0.449964 0.476774 4.858580
v 0.449661 0.490128 4.857598
v 0.446125 0.477682 4.858580
v 0.449056 0.477682 4.858580
v 0.489907 0.468674 5.010706
v 0.489907 0.478445 5.013656
v 0.489907 0.468674 4.971060
v 0.489907 0.490674 4.971060
v 0.508231 0.468674 5.010706
v 0.508231 0.478445 5.013656
v 0.508231 0.468674 4.971060
v 0.508231 0.490674 4.971060
v -0.350037 0.468674 4.996749
v -0.347088 0.478445 4.996749
v -0.389684 0.468674 4.996749
v -0.389684 0.490674 4.996749
v -0.350037 0.468674 4.978425
v -0.347088 0.478445 4.978425
v -0.389684 0.468674 4.978425
v -0.389684 0.490674 4.978425
v 0.355986 0.462971 5.095129
v 0.347428 0.462971 5.115790
v 0.355986 0.462971 5.124348
v 0.368088 0.462971 5.124348
v 0.376646 0.462971 5.115790
v 0.376646 0.462971 5.103687
v 0.368088 0.462971 5.095129
v 0.347428 0.462971 5.103687
v 0.355986 0.475842 5.095129
v 0.347428 0.473397 5.115790
v 0.355986 0.475842 5.124348
v 0.368088 0.475842 5.124348
v 0.376646 0.473397 5.115790
v 0.376646 0.473397 5.103687
v 0.368088 0.475842 5.095129
v 0.347428 0.473397 5.103687
v 0.355986 0.491989 5.124348
v 0.368088 0.491989 5.124348
v 0.355986 0.491989 5.095129
v 0.368088 0.491989 5.095129
v 0.356757 0.492867 5.123096
v 0.367317 0.492867 5.123096
v 0.356757 0.492867 5.096381
v 0.367317 0.492867 5.096381
v 0.376646 0.462971 5.109738
v 0.347428 0.462971 5.109738
v 0.368088 0.462971 5.109738
v 0.355986 0.462971 5.109738
v 0.376646 0.473397 5.109738
v 0.347428 0.473397 5.109738
v 0.368088 0.475842 5.109738
v 0.355986 0.475842 5.109738
v 0.368088 0.491989 5.109738
v 0.355986 0.491989 5.109738
v 0.367317 0.492867 5.109738
v 0.356757 0.492867 5.109738
v 0.359011 0.462971 5.124348
v 0.365063 0.462971 5.124348
v 0.359011 0.462971 5.095129
v 0.365063 0.462971 5.095129
v 0.359011 0.475842 5.095129
v 0.365063 0.475842 5.095129
v 0.359011 0.491989 5.124348
v 0.365063 0.491989 5.124348
v 0.359011 0.491989 5.095129
v 0.365063 0.491989 5.095129
v 0.359397 0.492867 5.123096
v 0.359397 0.492867 5.096381
v 0.364677 0.492867 5.096381
v 0.359397 0.492867 5.109738
v 0.364677 0.492867 5.109738
v 0.365063 0.462971 5.109738
v 0.359011 0.462971 5.109738
v 0.360555 0.492867 5.110896
v 0.363519 0.492867 5.110896
v 0.360169 0.491907 5.124465
v 0.360555 0.492784 5.123214
v 0.363905 0.491907 5.124465
v 0.363519 0.492784 5.123213
v 0.359011 0.475842 5.124348
v 0.365063 0.475842 5.124348
v 0.364677 0.492867 5.123096
v 0.360169 0.477000 5.124348
v 0.363905 0.477000 5.124348
v 0.357013 0.466676 5.064790
v 0.350299 0.466676 5.080998
v 0.357013 0.466676 5.087711
v 0.366507 0.466676 5.087711
v 0.373220 0.466676 5.080998
v 0.373220 0.466676 5.071504
v 0.366507 0.466676 5.064790
v 0.350299 0.466676 5.071504
v 0.357013 0.476774 5.064790
v 0.350299 0.474855 5.080998
v 0.357013 0.476774 5.087711
v 0.366507 0.476774 5.087711
v 0.373220 0.474855 5.080998
v 0.373220 0.474855 5.071504
v 0.366507 0.476774 5.064790
v 0.350299 0.474855 5.071504
v 0.357013 0.489440 5.087711
v 0.366507 0.489440 5.087711
v 0.357013 0.489440 5.064790
v 0.366507 0.489440 5.064790
v 0.357618 0.490128 5.086729
v 0.365901 0.490128 5.086729
v 0.357618 0.490128 5.065773
v 0.365901 0.490128 5.065773
v 0.373220 0.466676 5.076251
v 0.350299 0.466676 5.076251
v 0.366507 0.466676 5.076251
v 0.357013 0.466676 5.076251
v 0.373220 0.474855 5.076251
v 0.350299 0.474855 5.076251
v 0.366507 0.476774 5.076251
v 0.357013 0.476774 5.076251
v 0.366507 0.489440 5.076251
v 0.357013 0.489440 5.076251
v 0.365901 0.490128 5.076251
v 0.357618 0.490128 5.076251
v 0.359386 0.466676 5.087711
v 0.364133 0.466676 5.087711
v 0.359386 0.466676 5.064790
v 0.364133 0.466676 5.064790
v 0.359386 0.476774 5.064790
v 0.364133 0.476774 5.064790
v 0.359386 0.489440 5.087711
v 0.364133 0.489440 5.087711
v 0.359386 0.489440 5.064790
v 0.364133 0.489440 5.064790
v 0.359689 0.490128 5.086729
v 0.359689 0.490128 5.065773
v 0.363831 0.490128 5.065773
v 0.359689 0.490128 5.076251
v 0.363831 0.490128 5.076251
v 0.364133 0.466676 5.076251
v 0.359386 0.466676 5.076251
v 0.360597 0.490128 5.077159
v 0.362922 0.490128 5.077159
v 0.360295 0.489375 5.087803
v 0.360597 0.490064 5.086822
v 0.363225 0.489375 5.087803
v 0.362922 0.490064 5.086822
v 0.359386 0.476774 5.087711
v 0.364133 0.476774 5.087711
v 0.363831 0.490128 5.086729
v 0.360295 0.477682 5.087711
v 0.363225 0.477682 5.087711
v 0.511839 0.469347 5.032898
v 0.506655 0.469347 5.045413
v 0.511839 0.469347 5.050598
v 0.519171 0.469347 5.050598
v 0.524355 0.469347 5.045413
v 0.524355 0.469347 5.038082
v 0.519171 0.469347 5.032898
v 0.506655 0.469347 5.038082
v 0.511839 0.477144 5.032898
v 0.506655 0.475663 5.045413
v 0.511839 0.477144 5.050598
v 0.519171 0.477144 5.050598
v 0.524355 0.475663 5.045413
v 0.524355 0.475663 5.038082
v 0.519171 0.477144 5.032898
v 0.506655 0.475663 5.038082
v 0.511839 0.486926 5.050598
v 0.519171 0.486926 5.050598
v 0.511839 0.486926 5.032898
v 0.519171 0.486926 5.032898
v 0.512306 0.487457 5.049839
v 0.518703 0.487457 5.049839
v 0.512306 0.487457 5.033657
v 0.518703 0.487457 5.033657
v 0.524355 0.469347 5.041748
v 0.506655 0.469347 5.041748
v 0.519171 0.469347 5.041748
v 0.511839 0.469347 5.041748
v 0.524355 0.475663 5.041748
v 0.506655 0.475663 5.041748
v 0.519171 0.477144 5.041748
v 0.511839 0.477144 5.041748
v 0.519171 0.486926 5.041748
v 0.511839 0.486926 5.041748
v 0.518703 0.487457 5.041748
v 0.512306 0.487457 5.041748
v 0.513672 0.469347 5.050598
v 0.517338 0.469347 5.050598
v 0.513672 0.469347 5.032898
v 0.517338 0.469347 5.032898
v 0.513672 0.477144 5.032898
v 0.517338 0.477144 5.032898
v 0.513672 0.486926 5.050598
v 0.517338 0.486926 5.050598
v 0.513672 0.486926 5.032898
v 0.517338 0.486926 5.032898
v 0.513906 0.487457 5.049839
v 0.513906 0.487457 5.033657
v 0.517104 0.487457 5.033657
v 0.513906 0.487457 5.041748
v 0.517104 0.487457 5.041748
v 0.517338 0.469347 5.041748
v 0.513672 0.469347 5.041748
v 0.514607 0.487457 5.042449
v 0.516402 0.487457 5.042449
v 0.514373 0.486876 5.050669
v 0.514607 0.487407 5.049911
v 0.516636 0.486876 5.050669
v 0.516402 0.487407 5.049911
v 0.513672 0.477144 5.050598
v 0.517338 0.477144 5.050598
v 0.517104 0.487457 5.049839
v 0.514373 0.477846 5.050598
v 0.516636 0.477846 5.050598
v 0.479979 0.469347 5.032898
v 0.474795 0.469347 5.045414
v 0.479979 0.469347 5.050598
v 0.487311 0.469347 5.050598
v 0.492495 0.469347 5.045414
v 0.492495 0.469347 5.038082
v 0.487311 0.469347 5.032898
v 0.474795 0.469347 5.038082
v 0.479979 0.477144 5.032898
v 0.474795 0.475663 5.045414
v 0.479979 0.477144 5.050598
v 0.487311 0.477144 5.050598
v 0.492495 0.475663 5.045414
v 0.492495 0.475663 5.038082
v 0.487311 0.477144 5.032898
v 0.474795 0.475663 5.038082
v 0.479979 0.486926 5.050598
v 0.487311 0.486926 5.050598
v 0.479979 0.486926 5.032898
v 0.487311 0.486926 5.032898
v 0.480447 0.487457 5.049839
v 0.486843 0.487457 5.049839
v 0.480447 0.487457 5.033657
v 0.486843 0.487457 5.033657
v 0.492495 0.469347 5.041748
v 0.474795 0.469347 5.041748
v 0.487311 0.469347 5.041748
v 0.479979 0.469347 5.041748
v 0.492495 0.475663 5.041748
v 0.474795 0.475663 5.041748
v 0.487311 0.477144 5.041748
v 0.479979 0.477144 5.041748
v 0.487311 0.486926 5.041748
v 0.479979 0.486926 5.041748
v 0.486843 0.487457 5.041748
v 0.480447 0.487457 5.041748
v 0.481812 0.469347 5.050598
v 0.485478 0.469347 5.050598
v 0.481812 0.469347 5.032898
v 0.485478 0.469347 5.032898
v 0.481812 0.477144 5.032898
v 0.485478 0.477144 5.032898
v 0.481812 0.486926 5.050598
v 0.485478 0.486926 5.050598
v 0.481812 0.486926 5.032898
v 0.485478 0.486926 5.032898
v 0.482046 0.487457 5.049839
v 0.482046 0.487457 5.033657
v 0.485244 0.487457 5.033657
v 0.482046 0.487457 5.041748
v 0.485244 0.487457 5.041748
v 0.485478 0.469347 5.041748
v 0.481812 0.469347 5.041748
v 0.482747 0.487457 5.042449
v 0.484543 0.487457 5.042449
v 0.482513 0.486876 5.050669
v 0.482747 0.487407 5.049911
v 0.484776 0.486876 5.050669
v 0.484543 0.487407 5.049911
v 0.481812 0.477144 5.050598
v 0.485478 0.477144 5.050598
v 0.485244 0.487457 5.049839
v 0.482513 0.477846 5.050598
v 0.484776 0.477846 5.050598
v 0.439528 0.466676 5.064790
v 0.432814 0.466676 5.080997
v 0.439528 0.466676 5.087711
v 0.449022 0.466676 5.087711
v 0.455735 0.466676 5.080997
v 0.455735 0.466676 5.071504
v 0.449022 0.466676 5.064790
v 0.432814 0.466676 5.071504
v 0.439528 0.476774 5.064790
v 0.432814 0.474855 5.080997
v 0.439528 0.476774 5.087711
v 0.449022 0.476774 5.087711
v 0.455735 0.474855 5.080997
v 0.455735 0.474855 5.071504
v 0.449022 0.476774 5.064790
v 0.432814 0.474855 5.071504
v 0.439528 0.489440 5.087711
v 0.449022 0.489440 5.087711
v 0.439528 0.489440 5.064790
v 0.449022 0.489440 5.064790
v 0.440133 0.490128 5.086729
v 0.448416 0.490128 5.086729
v 0.440133 0.490128 5.065772
v 0.448416 0.490128 5.065772
v 0.455735 0.466676 5.076251
v 0.432814 0.466676 5.076251
v 0.449022 0.466676 5.076251
v 0.439528 0.466676 5.076251
v 0.455735 0.474855 5.076251
v 0.432814 0.474855 5.076251
v 0.449022 0.476774 5.076251
v 0.439528 0.476774 5.076251
v 0.449022 0.489440 5.076251
v 0.439528 0.489440 5.076251
v 0.448416 0.490128 5.076251
v 0.440133 0.490128 5.076251
v 0.441901 0.466676 5.087711
v 0.446648 0.466676 5.087711
v 0.441901 0.466676 5.064790
v 0.446648 0.466676 5.064790
v 0.441901 0.476774 5.064790
v 0.446648 0.476774 5.064790
v 0.441901 0.489440 5.087711
v 0.446648 0.489440 5.087711
v 0.441901 0.489440 5.064790
v 0.446648 0.489440 5.064790
v 0.442204 0.490128 5.086729
v 0.442204 0.490128 5.065772
v 0.446346 0.490128 5.065772
v 0.442204 0.490128 5.076251
v 0.446346 0.490128 5.076251
v 0.446648 0.466676 5.076251
v 0.441901 0.466676 5.076251
v 0.443112 0.490128 5.077159
v 0.445437 0.490128 5.077159
v 0.442809 0.489375 5.087803
v 0.443112 0.490064 5.086821
v 0.445740 0.489375 5.087803
v 0.445437 0.490064 5.086821
v 0.441901 0.476774 5.087711
v 0.446648 0.476774 5.087711
v 0.446346 0.490128 5.086729
v 0.442809 0.477682 5.087711
v 0.445740 0.477682 5.087711
v 0.398270 0.466676 5.064790
v 0.391557 0.466676 5.080997
v 0.398270 0.466676 5.087711
v 0.407764 0.466676 5.087711
v 0.414478 0.466676 5.080997
v 0.414478 0.466676 5.071504
v 0.407764 0.466676 5.064790
v 0.391557 0.466676 5.071504
v 0.398270 0.476774 5.064790
v 0.391557 0.474855 5.080997
v 0.398270 0.476774 5.087711
v 0.407764 0.476774 5.087711
v 0.414478 0.474855 5.080997
v 0.414478 0.474855 5.071504
v 0.407764 0.476774 5.064790
v 0.391557 0.474855 5.071504
v 0.398270 0.489440 5.087711
v 0.407764 0.489440 5.087711
v 0.398270 0.489440 5.064790
v 0.407764 0.489440 5.064790
v 0.398876 0.490128 5.086729
v 0.407159 0.490128 5.086729
v 0.398876 0.490128 5.065772
v 0.407159 0.490128 5.065772
v 0.414478 0.466676 5.076251
v 0.391557 0.466676 5.076251
v 0.407764 0.466676 5.076251
v 0.398270 0.466676 5.076251
v 0.414478 0.474855 5.076251
v 0.391557 0.474855 5.076251
v 0.407764 0.476774 5.076251
v 0.398270 0.476774 5.076251
v 0.407764 0.489440 5.076251
v 0.398270 0.489440 5.076251
v 0.407159 0.490128 5.076251
v 0.398876 0.490128 5.076251
v 0.400644 0.466676 5.087711
v 0.405391 0.466676 5.087711
v 0.400644 0.466676 5.064790
v 0.405391 0.466676 5.064790
v 0.400644 0.476774 5.064790
v 0.405391 0.476774 5.064790
v 0.400644 0.489440 5.087711
v 0.405391 0.489440 5.087711
v 0.400644 0.489440 5.064790
v 0.405391 0.489440 5.064790
v 0.400946 0.490128 5.086729
v 0.400947 0.490128 5.065772
v 0.405088 0.490128 5.065772
v 0.400947 0.490128 5.076251
v 0.405088 0.490128 5.076251
v 0.405391 0.466676 5.076251
v 0.400644 0.466676 5.076251
v 0.401855 0.490128 5.077159
v 0.404180 0.490128 5.077159
v 0.401552 0.489375 5.087803
v 0.401855 0.490064 5.086821
v 0.404482 0.489375 5.087803
v 0.404180 0.490064 5.086821
v 0.400644 0.476774 5.087711
v 0.405391 0.476774 5.087711
v 0.405088 0.490128 5.086729
v 0.401552 0.477682 5.087711
v 0.404482 0.477682 5.087711
v 0.428972 0.461256 5.026786
v 0.419432 0.461256 5.049818
v 0.428972 0.461256 5.059358
v 0.442463 0.461256 5.059358
v 0.452003 0.461256 5.049818
v 0.452003 0.461256 5.036326
v 0.442463 0.461256 5.026786
v 0.419432 0.461256 5.036326
v 0.428972 0.475604 5.026786
v 0.419432 0.472879 5.049818
v 0.428972 0.475604 5.059358
v 0.442463 0.475604 5.059358
v 0.452003 0.472879 5.049818
v 0.452003 0.472879 5.036326
v 0.442463 0.475604 5.026786
v 0.419432 0.472879 5.036326
v 0.428972 0.493604 5.059358
v 0.442463 0.493604 5.059358
v 0.428972 0.493604 5.026786
v 0.442463 0.493604 5.026786
v 0.429832 0.494582 5.057962
v 0.441603 0.494582 5.057962
v 0.429832 0.494582 5.028182
v 0.441603 0.494582 5.028182
v 0.452003 0.461256 5.043072
v 0.419432 0.461256 5.043072
v 0.442463 0.461256 5.043072
v 0.428972 0.461256 5.043072
v 0.452003 0.472879 5.043072
v 0.419432 0.472879 5.043072
v 0.442463 0.475604 5.043072
v 0.428972 0.475604 5.043072
v 0.442463 0.493604 5.043072
v 0.428972 0.493604 5.043072
v 0.441603 0.494582 5.043072
v 0.429832 0.494582 5.043072
v 0.432345 0.461256 5.059358
v 0.439090 0.461256 5.059358
v 0.432345 0.461256 5.026786
v 0.439090 0.461256 5.026786
v 0.432345 0.475604 5.026786
v 0.439090 0.475604 5.026786
v 0.432345 0.493604 5.059358
v 0.439090 0.493604 5.059358
v 0.432345 0.493604 5.026786
v 0.439090 0.493604 5.026786
v 0.432775 0.494582 5.057962
v 0.432775 0.494582 5.028182
v 0.438660 0.494582 5.028182
v 0.432775 0.494582 5.043072
v 0.438660 0.494582 5.043072
v 0.439090 0.461256 5.043072
v 0.432345 0.461256 5.043072
v 0.434066 0.494582 5.044363
v 0.437370 0.494582 5.044363
v 0.433635 0.493512 5.059489
v 0.434065 0.494490 5.058094
v 0.437800 0.493512 5.059489
v 0.437370 0.494490 5.058094
v 0.432345 0.475604 5.059358
v 0.439090 0.475604 5.059358
v 0.438660 0.494582 5.057962
v 0.433635 0.476895 5.059358
v 0.437800 0.476895 5.059358
v 0.494038 0.462971 5.094735
v 0.485480 0.462971 5.115396
v 0.494038 0.462971 5.123953
v 0.506141 0.462971 5.123953
v 0.514699 0.462971 5.115396
v 0.514699 0.462971 5.103292
v 0.506141 0.462971 5.094735
v 0.485480 0.462971 5.103292
v 0.494038 0.475842 5.094735
v 0.485480 0.473397 5.115396
v 0.494038 0.475842 5.123953
v 0.506141 0.475842 5.123953
v 0.514699 0.473397 5.115396
v 0.514699 0.473397 5.103292
v 0.506141 0.475842 5.094735
v 0.485480 0.473397 5.103292
v 0.494038 0.491989 5.123953
v 0.506141 0.491989 5.123953
v 0.494038 0.491989 5.094735
v 0.506141 0.491989 5.094735
v 0.494810 0.492867 5.122701
v 0.505369 0.492867 5.122701
v 0.494810 0.492867 5.095987
v 0.505369 0.492867 5.095987
v 0.514699 0.462971 5.109344
v 0.485480 0.462971 5.109344
v 0.506141 0.462971 5.109344
v 0.494038 0.462971 5.109344
v 0.514699 0.473397 5.109344
v 0.485480 0.473397 5.109344
v 0.506141 0.475842 5.109344
v 0.494038 0.475842 5.109344
v 0.506141 0.491989 5.109344
v 0.494038 0.491989 5.109344
v 0.505369 0.492867 5.109344
v 0.494810 0.492867 5.109344
v 0.497064 0.462971 5.123953
v 0.503115 0.462971 5.123953
v 0.497064 0.462971 5.094735
v 0.503115 0.462971 5.094735
v 0.497064 0.475842 5.094735
v 0.503115 0.475842 5.094735
v 0.497064 0.491989 5.123953
v 0.503115 0.491989 5.123953
v 0.497064 0.491989 5.094735
v 0.503115 0.491989 5.094735
v 0.497450 0.492867 5.122701
v 0.497450 0.492867 5.095987
v 0.502729 0.492867 5.095987
v 0.497450 0.492867 5.109344
v 0.502729 0.492867 5.109344
v 0.503115 0.462971 5.109344
v 0.497064 0.462971 5.109344
v 0.498608 0.492867 5.110502
v 0.501571 0.492867 5.110502
v 0.498222 0.491907 5.124071
v 0.498607 0.492784 5.122819
v 0.501957 0.491907 5.124071
v 0.501571 0.492784 5.122819
v 0.497064 0.475842 5.123953
v 0.503115 0.475842 5.123953
v 0.502729 0.492867 5.122701
v 0.498222 0.477000 5.123953
v 0.501957 0.477000 5.123953
v -0.437220 0.466812 4.700793
v -0.444131 0.466812 4.717479
v -0.437220 0.466812 4.724391
v -0.427445 0.466812 4.724391
v -0.420533 0.466812 4.717479
v -0.420533 0.466812 4.707705
v -0.427445 0.466812 4.700793
v -0.444131 0.466812 4.707705
v -0.437220 0.477208 4.700793
v -0.444131 0.475233 4.717479
v -0.437220 0.477208 4.724391
v -0.427445 0.477208 4.724391
v -0.420533 0.475233 4.717479
v -0.420533 0.475233 4.707705
v -0.427445 0.477208 4.700793
v -0.444131 0.475233 4.707705
v -0.437220 0.490249 4.724391
v -0.427445 0.490249 4.724391
v -0.437220 0.490249 4.700793
v -0.427445 0.490249 4.700793
v -0.436596 0.490957 4.723380
v -0.428068 0.490957 4.723380
v -0.436596 0.490957 4.701804
v -0.428068 0.490957 4.701804
v -0.420533 0.466812 4.712592
v -0.444131 0.466812 4.712592
v -0.427445 0.466812 4.712592
v -0.437220 0.466812 4.712592
v -0.420533 0.475233 4.712592
v -0.444131 0.475233 4.712592
v -0.427445 0.477208 4.712592
v -0.437220 0.477208 4.712592
v -0.427445 0.490249 4.712592
v -0.437220 0.490249 4.712592
v -0.428068 0.490957 4.712592
v -0.436596 0.490957 4.712592
v -0.434776 0.466812 4.724391
v -0.429888 0.466812 4.724391
v -0.434776 0.466812 4.700793
v -0.429888 0.466812 4.700793
v -0.434776 0.477208 4.700793
v -0.429888 0.477208 4.700793
v -0.434776 0.490249 4.724391
v -0.429888 0.490249 4.724391
v -0.434776 0.490249 4.700793
v -0.429888 0.490249 4.700793
v -0.434464 0.490957 4.723380
v -0.434464 0.490957 4.701804
v -0.430200 0.490957 4.701804
v -0.434464 0.490957 4.712592
v -0.430200 0.490957 4.712592
v -0.429888 0.466812 4.712592
v -0.434776 0.466812 4.712592
v -0.433529 0.490957 4.713527
v -0.431135 0.490957 4.713527
v -0.433841 0.490182 4.724486
v -0.433529 0.490891 4.723475
v -0.430824 0.490182 4.724486
v -0.431135 0.490891 4.723475
v -0.434776 0.477208 4.724391
v -0.429888 0.477208 4.724391
v -0.430200 0.490957 4.723380
v -0.433841 0.478143 4.724391
v -0.430824 0.478143 4.724391
v 0.538136 0.468160 4.454931
v 0.538136 0.468160 4.471459
v 0.544544 0.473115 4.461339
v 0.544544 0.473115 4.465052
v 0.554665 0.468160 4.454931
v 0.554665 0.468160 4.471459
v 0.548257 0.473115 4.461339
v 0.548257 0.473115 4.465052
v 0.538136 0.473028 4.471459
v 0.538136 0.473028 4.454931
v 0.554665 0.473028 4.454931
v 0.554665 0.473028 4.471459
v 0.542418 0.489796 4.467178
v 0.542418 0.489796 4.459213
v 0.550383 0.489796 4.459213
v 0.550383 0.489796 4.467178
v 0.544379 0.492477 4.465217
v 0.544379 0.492477 4.461174
v 0.548422 0.492477 4.461174
v 0.548422 0.492477 4.465217
v 0.538136 0.468160 4.434165
v 0.538136 0.468160 4.450694
v 0.544544 0.473115 4.440573
v 0.544544 0.473115 4.444286
v 0.554665 0.468160 4.434165
v 0.554665 0.468160 4.450694
v 0.548257 0.473115 4.440573
v 0.548257 0.473115 4.444286
v 0.538136 0.473028 4.450694
v 0.538136 0.473028 4.434165
v 0.554665 0.473028 4.434165
v 0.554665 0.473028 4.450694
v 0.542418 0.489796 4.446412
v 0.542418 0.489796 4.438447
v 0.550383 0.489796 4.438447
v 0.550383 0.489796 4.446412
v 0.544379 0.492477 4.444451
v 0.544379 0.492477 4.440408
v 0.548422 0.492477 4.440408
v 0.548422 0.492477 4.444451
v 0.508038 0.468160 4.600166
v 0.508038 0.468160 4.616695
v 0.514445 0.473115 4.606575
v 0.514445 0.473115 4.610287
v 0.524566 0.468160 4.600166
v 0.524566 0.468160 4.616695
v 0.518158 0.473115 4.606575
v 0.518158 0.473115 4.610287
v 0.508038 0.473028 4.616695
v 0.508038 0.473028 4.600166
v 0.524566 0.473028 4.600166
v 0.524566 0.473028 4.616695
v 0.512319 0.489796 4.612413
v 0.512319 0.489796 4.604448
v 0.520284 0.489796 4.604448
v 0.520284 0.489796 4.612413
v 0.514280 0.492477 4.610452
v 0.514280 0.492477 4.606410
v 0.518323 0.492477 4.606410
v 0.518323 0.492477 4.610452
v 0.569983 0.468160 4.455404
v 0.569983 0.468160 4.471933
v 0.576391 0.473115 4.461812
v 0.576391 0.473115 4.465525
v 0.586512 0.468160 4.455404
v 0.586512 0.468160 4.471933
v 0.580104 0.473115 4.461812
v 0.580104 0.473115 4.465525
v 0.569983 0.473028 4.471933
v 0.569983 0.473028 4.455404
v 0.586512 0.473028 4.455404
v 0.586512 0.473028 4.471933
v 0.574265 0.489796 4.467651
v 0.574265 0.489796 4.459686
v 0.582230 0.489796 4.459686
v 0.582230 0.489796 4.467651
v 0.576226 0.492477 4.465690
v 0.576226 0.492477 4.461647
v 0.580269 0.492477 4.461647
v 0.580269 0.492477 4.465690
v 0.505611 0.468160 4.525990
v 0.505611 0.468160 4.542518
v 0.512019 0.473115 4.532397
v 0.512019 0.473115 4.536110
v 0.522140 0.468160 4.525990
v 0.522140 0.468160 4.542518
v 0.515732 0.473115 4.532397
v 0.515732 0.473115 4.536110
v 0.505611 0.473028 4.542518
v 0.505611 0.473028 4.525990
v 0.522140 0.473028 4.525990
v 0.522140 0.473028 4.542518
v 0.509893 0.489796 4.538237
v 0.509893 0.489796 4.530272
v 0.517858 0.489796 4.530272
v 0.517858 0.489796 4.538237
v 0.511854 0.492477 4.536275
v 0.511854 0.492477 4.532232
v 0.515897 0.492477 4.532232
v 0.515897 0.492477 4.536275
v 0.569096 0.468160 4.579401
v 0.569096 0.468160 4.595929
v 0.575504 0.473115 4.585808
v 0.575504 0.473115 4.589521
v 0.585625 0.468160 4.579401
v 0.585625 0.468160 4.595929
v 0.579217 0.473115 4.585808
v 0.579217 0.473115 4.589521
v 0.569096 0.473028 4.595929
v 0.569096 0.473028 4.579401
v 0.585625 0.473028 4.579401
v 0.585625 0.473028 4.595929
v 0.573378 0.489796 4.591647
v 0.573378 0.489796 4.583683
v 0.581343 0.489796 4.583683
v 0.581343 0.489796 4.591647
v 0.575339 0.492477 4.589686
v 0.575339 0.492477 4.585643
v 0.579382 0.492477 4.585643
v 0.579382 0.492477 4.589686
v 0.507564 0.468160 4.563781
v 0.507564 0.468160 4.580309
v 0.513972 0.473115 4.570189
v 0.513972 0.473115 4.573902
v 0.524093 0.468160 4.563781
v 0.524093 0.468160 4.580309
v 0.517685 0.473115 4.570189
v 0.517685 0.473115 4.573902
v 0.507564 0.473028 4.580309
v 0.507564 0.473028 4.563781
v 0.524093 0.473028 4.563781
v 0.524093 0.473028 4.580309
v 0.511846 0.489796 4.576028
v 0.511846 0.489796 4.568063
v 0.519811 0.489796 4.568063
v 0.519811 0.489796 4.576028
v 0.513807 0.492477 4.574067
v 0.513807 0.492477 4.570024
v 0.517850 0.492477 4.570024
v 0.517850 0.492477 4.574067
v 0.569570 0.468160 4.529228
v 0.569570 0.468160 4.545757
v 0.575977 0.473115 4.535636
v 0.575977 0.473115 4.539349
v 0.586098 0.468160 4.529228
v 0.586098 0.468160 4.545757
v 0.579690 0.473115 4.535636
v 0.579690 0.473115 4.539349
v 0.569570 0.473028 4.545757
v 0.569570 0.473028 4.529228
v 0.586098 0.473028 4.529228
v 0.586098 0.473028 4.545757
v 0.573851 0.489796 4.541475
v 0.573851 0.489796 4.533510
v 0.581816 0.489796 4.533510
v 0.581816 0.489796 4.541475
v 0.575812 0.492477 4.539514
v 0.575812 0.492477 4.535471
v 0.579855 0.492477 4.535471
v 0.579855 0.492477 4.539514
v 0.539277 0.468160 4.554788
v 0.539277 0.468160 4.571316
v 0.545685 0.473115 4.561196
v 0.545685 0.473115 4.564909
v 0.555805 0.468160 4.554788
v 0.555805 0.468160 4.571316
v 0.549398 0.473115 4.561196
v 0.549398 0.473115 4.564909
v 0.539277 0.473028 4.571316
v 0.539277 0.473028 4.554788
v 0.555805 0.473028 4.554788
v 0.555805 0.473028 4.571316
v 0.543559 0.489796 4.567035
v 0.543559 0.489796 4.559070
v 0.551524 0.489796 4.559070
v 0.551524 0.489796 4.567035
v 0.545520 0.492477 4.565073
v 0.545520 0.492477 4.561031
v 0.549563 0.492477 4.561031
v 0.549563 0.492477 4.565073
v 0.461463 0.468160 4.588299
v 0.461463 0.468160 4.604828
v 0.467870 0.473115 4.594707
v 0.467870 0.473115 4.598420
v 0.477991 0.468160 4.588299
v 0.477991 0.468160 4.604828
v 0.471583 0.473115 4.594707
v 0.471583 0.473115 4.598420
v 0.461463 0.473028 4.604828
v 0.461463 0.473028 4.588299
v 0.477991 0.473028 4.588299
v 0.477991 0.473028 4.604828
v 0.465744 0.489796 4.600546
v 0.465744 0.489796 4.592581
v 0.473709 0.489796 4.592581
v 0.473709 0.489796 4.600546
v 0.467705 0.492477 4.598585
v 0.467705 0.492477 4.594542
v 0.471748 0.492477 4.594542
v 0.471748 0.492477 4.598585
v 0.473617 0.468160 4.651014
v 0.473617 0.468160 4.667543
v 0.480025 0.473115 4.657422
v 0.480025 0.473115 4.661135
v 0.490146 0.468160 4.651014
v 0.490146 0.468160 4.667543
v 0.483738 0.473115 4.657422
v 0.483738 0.473115 4.661135
v 0.473617 0.473028 4.667543
v 0.473617 0.473028 4.651014
v 0.490146 0.473028 4.651014
v 0.490146 0.473028 4.667543
v 0.477899 0.489796 4.663261
v 0.477899 0.489796 4.655296
v 0.485864 0.489796 4.655296
v 0.485864 0.489796 4.663261
v 0.479860 0.492477 4.661300
v 0.479860 0.492477 4.657257
v 0.483903 0.492477 4.657257
v 0.483903 0.492477 4.661300
v 0.468490 0.468160 4.735818
v 0.468490 0.468160 4.752347
v 0.474898 0.473115 4.742226
v 0.474898 0.473115 4.745939
v 0.485018 0.468160 4.735818
v 0.485018 0.468160 4.752347
v 0.478611 0.473115 4.742226
v 0.478611 0.473115 4.745939
v 0.468490 0.473028 4.752347
v 0.468490 0.473028 4.735818
v 0.485018 0.473028 4.735818
v 0.485018 0.473028 4.752347
v 0.472772 0.489796 4.748065
v 0.472772 0.489796 4.740100
v 0.480737 0.489796 4.740100
v 0.480737 0.489796 4.748065
v 0.474733 0.492477 4.746104
v 0.474733 0.492477 4.742061
v 0.478776 0.492477 4.742061
v 0.478776 0.492477 4.746104
v 0.507145 0.468160 4.681386
v 0.507145 0.468160 4.697915
v 0.513552 0.473115 4.687794
v 0.513552 0.473115 4.691507
v 0.523673 0.468160 4.681386
v 0.523673 0.468160 4.697915
v 0.517265 0.473115 4.687794
v 0.517265 0.473115 4.691507
v 0.507145 0.473028 4.697915
v 0.507145 0.473028 4.681386
v 0.523673 0.473028 4.681386
v 0.523673 0.473028 4.697915
v 0.511426 0.489796 4.693633
v 0.511426 0.489796 4.685668
v 0.519391 0.489796 4.685668
v 0.519391 0.489796 4.693633
v 0.513387 0.492477 4.691672
v 0.513387 0.492477 4.687629
v 0.517430 0.492477 4.687629
v 0.517430 0.492477 4.691672
v -0.499917 0.467736 5.040714
v -0.499917 0.467736 5.021788
v -0.507255 0.473409 5.033377
v -0.507255 0.473409 5.029125
v -0.518844 0.467736 5.040714
v -0.518844 0.467736 5.021788
v -0.511506 0.473409 5.033377
v -0.511506 0.473409 5.029125
v -0.499917 0.473309 5.021788
v -0.499917 0.473309 5.040714
v -0.518844 0.473309 5.040714
v -0.518844 0.473309 5.021788
v -0.504820 0.492510 5.026691
v -0.504820 0.492510 5.035811
v -0.513941 0.492510 5.035811
v -0.513941 0.492510 5.026691
v -0.507066 0.495580 5.028936
v -0.507066 0.495580 5.033566
v -0.511695 0.495580 5.033566
v -0.511695 0.495580 5.028936
v -0.471528 0.467736 5.040714
v -0.471528 0.467736 5.021788
v -0.478865 0.473409 5.033377
v -0.478865 0.473409 5.029125
v -0.490454 0.467736 5.040714
v -0.490454 0.467736 5.021788
v -0.483117 0.473409 5.033377
v -0.483117 0.473409 5.029125
v -0.471528 0.473309 5.021788
v -0.471528 0.473309 5.040714
v -0.490454 0.473309 5.040714
v -0.490454 0.473309 5.021788
v -0.476431 0.492510 5.026691
v -0.476431 0.492510 5.035811
v -0.485551 0.492510 5.035811
v -0.485551 0.492510 5.026691
v -0.478677 0.495580 5.028936
v -0.478677 0.495580 5.033566
v -0.483306 0.495580 5.033566
v -0.483306 0.495580 5.028936
v -0.443139 0.467736 5.040714
v -0.443139 0.467736 5.021788
v -0.450476 0.473409 5.033377
v -0.450476 0.473409 5.029125
v -0.462065 0.467736 5.040714
v -0.462065 0.467736 5.021788
v -0.454728 0.473409 5.033377
v -0.454728 0.473409 5.029125
v -0.443139 0.473309 5.021788
v -0.443139 0.473309 5.040714
v -0.462065 0.473309 5.040714
v -0.462065 0.473309 5.021788
v -0.448042 0.492510 5.026691
v -0.448042 0.492510 5.035811
v -0.457162 0.492510 5.035811
v -0.457162 0.492510 5.026691
v -0.450287 0.495580 5.028936
v -0.450287 0.495580 5.033566
v -0.454916 0.495580 5.033566
v -0.454916 0.495580 5.028936
v -0.499917 0.467736 5.070996
v -0.499917 0.467736 5.052070
v -0.507255 0.473409 5.063659
v -0.507255 0.473409 5.059407
v -0.518844 0.467736 5.070996
v -0.518844 0.467736 5.052070
v -0.511506 0.473409 5.063659
v -0.511506 0.473409 5.059407
v -0.499917 0.473309 5.052070
v -0.499917 0.473309 5.070996
v -0.518844 0.473309 5.070996
v -0.518844 0.473309 5.052070
v -0.504820 0.492510 5.056973
v -0.504820 0.492510 5.066093
v -0.513941 0.492510 5.066093
v -0.513941 0.492510 5.056973
v -0.507066 0.495580 5.059218
v -0.507066 0.495580 5.063848
v -0.511695 0.495580 5.063848
v -0.511695 0.495580 5.059218
v -0.471528 0.467736 5.070996
v -0.471528 0.467736 5.052070
v -0.478865 0.473409 5.063659
v -0.478865 0.473409 5.059407
v -0.490454 0.467736 5.070996
v -0.490454 0.467736 5.052070
v -0.483117 0.473409 5.063659
v -0.483117 0.473409 5.059407
v -0.471528 0.473309 5.052070
v -0.471528 0.473309 5.070996
v -0.490454 0.473309 5.070996
v -0.490454 0.473309 5.052070
v -0.476431 0.492510 5.056973
v -0.476431 0.492510 5.066093
v -0.485551 0.492510 5.066093
v -0.485551 0.492510 5.056973
v -0.478677 0.495580 5.059218
v -0.478677 0.495580 5.063848
v -0.483306 0.495580 5.063848
v -0.483306 0.495580 5.059218
v -0.443139 0.467736 5.070996
v -0.443139 0.467736 5.052070
v -0.450476 0.473409 5.063659
v -0.450476 0.473409 5.059407
v -0.462065 0.467736 5.070996
v -0.462065 0.467736 5.052070
v -0.454728 0.473409 5.063659
v -0.454728 0.473409 5.059407
v -0.443139 0.473309 5.052070
v -0.443139 0.473309 5.070996
v -0.462065 0.473309 5.070996
v -0.462065 0.473309 5.052070
v -0.448042 0.492510 5.056973
v -0.448042 0.492510 5.066093
v -0.457162 0.492510 5.066093
v -0.457162 0.492510 5.056973
v -0.450287 0.495580 5.059218
v -0.450287 0.495580 5.063848
v -0.454916 0.495580 5.063848
v -0.454916 0.495580 5.059218
v -0.414749 0.467736 5.070996
v -0.414749 0.467736 5.052070
v -0.422087 0.473409 5.063659
v -0.422087 0.473409 5.059407
v -0.433676 0.467736 5.070996
v -0.433676 0.467736 5.052070
v -0.426338 0.473409 5.063659
v -0.426338 0.473409 5.059407
v -0.414749 0.473309 5.052070
v -0.414749 0.473309 5.070996
v -0.433676 0.473309 5.070996
v -0.433676 0.473309 5.052070
v -0.419652 0.492510 5.056973
v -0.419652 0.492510 5.066093
v -0.428773 0.492510 5.066093
v -0.428773 0.492510 5.056973
v -0.421898 0.495580 5.059218
v -0.421898 0.495580 5.063848
v -0.426527 0.495580 5.063848
v -0.426527 0.495580 5.059218
v 0.495969 0.468160 4.935731
v 0.495969 0.468160 4.952260
v 0.502377 0.473115 4.942139
v 0.502377 0.473115 4.945852
v 0.512497 0.468160 4.935731
v 0.512497 0.468160 4.952260
v 0.506090 0.473115 4.942139
v 0.506090 0.473115 4.945852
v 0.495969 0.473028 4.952260
v 0.495969 0.473028 4.935731
v 0.512497 0.473028 4.935731
v 0.512497 0.473028 4.952260
v 0.500251 0.489796 4.947978
v 0.500251 0.489796 4.940013
v 0.508216 0.489796 4.940013
v 0.508216 0.489796 4.947978
v 0.502212 0.492477 4.946017
v 0.502212 0.492477 4.941974
v 0.506255 0.492477 4.941974
v 0.506255 0.492477 4.946017
v 0.357653 0.468160 4.787489
v 0.357653 0.468160 4.804018
v 0.364061 0.473115 4.793897
v 0.364061 0.473115 4.797610
v 0.374182 0.468160 4.787489
v 0.374182 0.468160 4.804018
v 0.367774 0.473115 4.793897
v 0.367774 0.473115 4.797610
v 0.357653 0.473028 4.804018
v 0.357653 0.473028 4.787489
v 0.374182 0.473028 4.787489
v 0.374182 0.473028 4.804018
v 0.361935 0.489796 4.799736
v 0.361935 0.489796 4.791771
v 0.369900 0.489796 4.791771
v 0.369900 0.489796 4.799736
v 0.363896 0.492477 4.797775
v 0.363896 0.492477 4.793732
v 0.367939 0.492477 4.793732
v 0.367939 0.492477 4.797775
v 0.352366 0.467732 4.906309
v 0.352366 0.467732 4.927397
v 0.359172 0.474124 4.913115
v 0.359172 0.474124 4.920592
v 0.373455 0.467732 4.906309
v 0.373455 0.467732 4.927397
v 0.366649 0.474124 4.913115
v 0.366649 0.474124 4.920592
v 0.352366 0.473942 4.927397
v 0.352366 0.473942 4.906309
v 0.373455 0.473942 4.906309
v 0.373455 0.473942 4.927397
v 0.357307 0.488795 4.922456
v 0.357307 0.488795 4.911250
v 0.368514 0.488795 4.911250
v 0.368514 0.488795 4.922456
v 0.360066 0.491731 4.919697
v 0.360066 0.491731 4.914009
v 0.365755 0.491731 4.914009
v 0.365755 0.491731 4.919697
v 0.436841 0.467732 4.865551
v 0.436841 0.467732 4.886639
v 0.443647 0.474124 4.872356
v 0.443647 0.474124 4.879833
v 0.457930 0.467732 4.865551
v 0.457930 0.467732 4.886639
v 0.451124 0.474124 4.872356
v 0.451124 0.474124 4.879833
v 0.436841 0.473942 4.886639
v 0.436841 0.473942 4.865551
v 0.457930 0.473942 4.865551
v 0.457930 0.473942 4.886639
v 0.441782 0.488795 4.881698
v 0.441782 0.488795 4.870492
v 0.452989 0.488795 4.870492
v 0.452989 0.488795 4.881698
v 0.444541 0.491731 4.878939
v 0.444541 0.491731 4.873250
v 0.450230 0.491731 4.873250
v 0.450230 0.491731 4.878939
v 0.387537 0.467732 4.906309
v 0.387537 0.467732 4.927397
v 0.394343 0.474124 4.913115
v 0.394343 0.474124 4.920592
v 0.408625 0.467732 4.906309
v 0.408625 0.467732 4.927397
v 0.401820 0.474124 4.913115
v 0.401820 0.474124 4.920592
v 0.387537 0.473942 4.927397
v 0.387537 0.473942 4.906309
v 0.408625 0.473942 4.906309
v 0.408625 0.473942 4.927397
v 0.392478 0.488795 4.922456
v 0.392478 0.488795 4.911250
v 0.403684 0.488795 4.911250
v 0.403684 0.488795 4.922456
v 0.395237 0.491731 4.919697
v 0.395237 0.491731 4.914009
v 0.400925 0.491731 4.914009
v 0.400925 0.491731 4.919697
v 0.434540 0.467732 4.906309
v 0.434540 0.467732 4.927397
v 0.441346 0.474124 4.913115
v 0.441346 0.474124 4.920592
v 0.455629 0.467732 4.906309
v 0.455629 0.467732 4.927397
v 0.448823 0.474124 4.913115
v 0.448823 0.474124 4.920592
v 0.434540 0.473942 4.927397
v 0.434540 0.473942 4.906309
v 0.455629 0.473942 4.906309
v 0.455629 0.473942 4.927397
v 0.439481 0.488795 4.922456
v 0.439481 0.488795 4.911250
v 0.450688 0.488795 4.911250
v 0.450688 0.488795 4.922456
v 0.442241 0.491731 4.919697
v 0.442241 0.491731 4.914009
v 0.447929 0.491731 4.914009
v 0.447929 0.491731 4.919697
v 0.554477 0.468160 4.791433
v 0.554477 0.468160 4.807962
v 0.560885 0.473115 4.797841
v 0.560885 0.473115 4.801554
v 0.571005 0.468160 4.791433
v 0.571005 0.468160 4.807962
v 0.564598 0.473115 4.797841
v 0.564598 0.473115 4.801554
v 0.554477 0.473028 4.807962
v 0.554477 0.473028 4.791433
v 0.571005 0.473028 4.791433
v 0.571005 0.473028 4.807962
v 0.558759 0.489796 4.803680
v 0.558759 0.489796 4.795715
v 0.566724 0.489796 4.795715
v 0.566724 0.489796 4.803680
v 0.560720 0.492477 4.801719
v 0.560720 0.492477 4.797676
v 0.564763 0.492477 4.797676
v 0.564763 0.492477 4.801719
v 0.495969 0.468160 4.881825
v 0.495969 0.468160 4.898354
v 0.502377 0.473115 4.888233
v 0.502377 0.473115 4.891946
v 0.512497 0.468160 4.881825
v 0.512497 0.468160 4.898354
v 0.506090 0.473115 4.888233
v 0.506090 0.473115 4.891946
v 0.495969 0.473028 4.898354
v 0.495969 0.473028 4.881825
v 0.512497 0.473028 4.881825
v 0.512497 0.473028 4.898354
v 0.500251 0.489796 4.894072
v 0.500251 0.489796 4.886107
v 0.508216 0.489796 4.886107
v 0.508216 0.489796 4.894072
v 0.502212 0.492477 4.892111
v 0.502212 0.492477 4.888068
v 0.506255 0.492477 4.888068
v 0.506255 0.492477 4.892111
v 0.551716 0.468160 4.682964
v 0.551716 0.468160 4.699492
v 0.558124 0.473115 4.689372
v 0.558124 0.473115 4.693084
v 0.568244 0.468160 4.682964
v 0.568244 0.468160 4.699492
v 0.561836 0.473115 4.689372
v 0.561836 0.473115 4.693084
v 0.551716 0.473028 4.699492
v 0.551716 0.473028 4.682964
v 0.568244 0.473028 4.682964
v 0.568244 0.473028 4.699492
v 0.555998 0.489796 4.695210
v 0.555998 0.489796 4.687245
v 0.563962 0.489796 4.687245
v 0.563962 0.489796 4.695210
v 0.557959 0.492477 4.693249
v 0.557959 0.492477 4.689207
v 0.562001 0.492477 4.689207
v 0.562001 0.492477 4.693249
v -0.571765 0.467736 4.561586
v -0.571765 0.467736 4.580513
v -0.564428 0.473409 4.568923
v -0.564428 0.473409 4.573175
v -0.552839 0.467736 4.561586
v -0.552839 0.467736 4.580513
v -0.560177 0.473409 4.568923
v -0.560177 0.473409 4.573175
v -0.571765 0.473309 4.580513
v -0.571765 0.473309 4.561586
v -0.552839 0.473309 4.561586
v -0.552839 0.473309 4.580513
v -0.566862 0.492510 4.575610
v -0.566862 0.492510 4.566489
v -0.557742 0.492510 4.566489
v -0.557742 0.492510 4.575610
v -0.564617 0.495580 4.573364
v -0.564617 0.495580 4.568735
v -0.559988 0.495580 4.568735
v -0.559988 0.495580 4.573364
v -0.497927 0.467736 4.558746
v -0.497927 0.467736 4.577672
v -0.490590 0.473409 4.566084
v -0.490590 0.473409 4.570335
v -0.479001 0.467736 4.558746
v -0.479001 0.467736 4.577672
v -0.486338 0.473409 4.566084
v -0.486338 0.473409 4.570335
v -0.497927 0.473309 4.577672
v -0.497927 0.473309 4.558746
v -0.479001 0.473309 4.558746
v -0.479001 0.473309 4.577672
v -0.493024 0.492510 4.572770
v -0.493024 0.492510 4.563649
v -0.483904 0.492510 4.563649
v -0.483904 0.492510 4.572770
v -0.490779 0.495580 4.570524
v -0.490779 0.495580 4.565895
v -0.486149 0.495580 4.565895
v -0.486149 0.495580 4.570524
v -0.497927 0.467736 4.587136
v -0.497927 0.467736 4.606062
v -0.490590 0.473409 4.594473
v -0.490590 0.473409 4.598724
v -0.479001 0.467736 4.587136
v -0.479001 0.467736 4.606062
v -0.486338 0.473409 4.594473
v -0.486338 0.473409 4.598724
v -0.497927 0.473309 4.606062
v -0.497927 0.473309 4.587136
v -0.479001 0.473309 4.587136
v -0.479001 0.473309 4.606062
v -0.493024 0.492510 4.601159
v -0.493024 0.492510 4.592039
v -0.483904 0.492510 4.592039
v -0.483904 0.492510 4.601159
v -0.490779 0.495580 4.598914
v -0.490779 0.495580 4.594284
v -0.486149 0.495580 4.594284
v -0.486149 0.495580 4.598914
v -0.442075 0.467736 4.579099
v -0.442075 0.467736 4.598025
v -0.434738 0.473409 4.586437
v -0.434738 0.473409 4.590688
v -0.423149 0.467736 4.579099
v -0.423149 0.467736 4.598025
v -0.430486 0.473409 4.586437
v -0.430486 0.473409 4.590688
v -0.442075 0.473309 4.598025
v -0.442075 0.473309 4.579099
v -0.423149 0.473309 4.579099
v -0.423149 0.473309 4.598025
v -0.437172 0.492510 4.593122
v -0.437172 0.492510 4.584002
v -0.428052 0.492510 4.584002
v -0.428052 0.492510 4.593122
v -0.434927 0.495580 4.590877
v -0.434927 0.495580 4.586247
v -0.430297 0.495580 4.586247
v -0.430297 0.495580 4.590877
v -0.442075 0.467736 4.603114
v -0.442075 0.467736 4.622040
v -0.434738 0.473409 4.610451
v -0.434738 0.473409 4.614703
v -0.423149 0.467736 4.603114
v -0.423149 0.467736 4.622040
v -0.430486 0.473409 4.610451
v -0.430486 0.473409 4.614703
v -0.442075 0.473309 4.622040
v -0.442075 0.473309 4.603114
v -0.423149 0.473309 4.603114
v -0.423149 0.473309 4.622040
v -0.437172 0.492510 4.617137
v -0.437172 0.492510 4.608016
v -0.428052 0.492510 4.608016
v -0.428052 0.492510 4.617137
v -0.434927 0.495580 4.614892
v -0.434927 0.495580 4.610262
v -0.430297 0.495580 4.610262
v -0.430297 0.495580 4.614892
v -0.561905 0.467736 4.422098
v -0.561905 0.467736 4.441024
v -0.554567 0.473409 4.429435
v -0.554567 0.473409 4.433687
v -0.542978 0.467736 4.422098
v -0.542978 0.467736 4.441024
v -0.550316 0.473409 4.429435
v -0.550316 0.473409 4.433687
v -0.561905 0.473309 4.441024
v -0.561905 0.473309 4.422098
v -0.542978 0.473309 4.422098
v -0.542978 0.473309 4.441024
v -0.557002 0.492510 4.436121
v -0.557002 0.492510 4.427001
v -0.547881 0.492510 4.427001
v -0.547881 0.492510 4.436121
v -0.554756 0.495580 4.433876
v -0.554756 0.495580 4.429246
v -0.550127 0.495580 4.429246
v -0.550127 0.495580 4.433876
v -0.571765 0.467736 4.585600
v -0.571765 0.467736 4.604527
v -0.564428 0.473409 4.592938
v -0.564428 0.473409 4.597189
v -0.552839 0.467736 4.585600
v -0.552839 0.467736 4.604527
v -0.560177 0.473409 4.592938
v -0.560177 0.473409 4.597189
v -0.571765 0.473309 4.604527
v -0.571765 0.473309 4.585600
v -0.552839 0.473309 4.585600
v -0.552839 0.473309 4.604527
v -0.566862 0.492510 4.599624
v -0.566862 0.492510 4.590504
v -0.557742 0.492510 4.590504
v -0.557742 0.492510 4.599624
v -0.564617 0.495580 4.597378
v -0.564617 0.495580 4.592749
v -0.559988 0.495580 4.592749
v -0.559988 0.495580 4.597378
v -0.571765 0.467736 4.631938
v -0.571765 0.467736 4.650864
v -0.564428 0.473409 4.639275
v -0.564428 0.473409 4.643527
v -0.552839 0.467736 4.631938
v -0.552839 0.467736 4.650864
v -0.560177 0.473409 4.639275
v -0.560177 0.473409 4.643527
v -0.571765 0.473309 4.650864
v -0.571765 0.473309 4.631938
v -0.552839 0.473309 4.631938
v -0.552839 0.473309 4.650864
v -0.566862 0.492510 4.645961
v -0.566862 0.492510 4.636841
v -0.557742 0.492510 4.636841
v -0.557742 0.492510 4.645961
v -0.564617 0.495580 4.643715
v -0.564617 0.495580 4.639086
v -0.559988 0.495580 4.639086
v -0.559988 0.495580 4.643715
v -0.561905 0.467736 4.510780
v -0.561905 0.467736 4.529706
v -0.554567 0.473409 4.518117
v -0.554567 0.473409 4.522369
v -0.542978 0.467736 4.510780
v -0.542978 0.467736 4.529706
v -0.550316 0.473409 4.518117
v -0.550316 0.473409 4.522369
v -0.561905 0.473309 4.529706
v -0.561905 0.473309 4.510780
v -0.542978 0.473309 4.510780
v -0.542978 0.473309 4.529706
v -0.557002 0.492510 4.524804
v -0.557002 0.492510 4.515683
v -0.547881 0.492510 4.515683
v -0.547881 0.492510 4.524804
v -0.554756 0.495580 4.522558
v -0.554756 0.495580 4.517929
v -0.550127 0.495580 4.517929
v -0.550127 0.495580 4.522558
v -0.561905 0.467736 4.484813
v -0.561905 0.467736 4.503739
v -0.554567 0.473409 4.492150
v -0.554567 0.473409 4.496402
v -0.542978 0.467736 4.484813
v -0.542978 0.467736 4.503739
v -0.550316 0.473409 4.492150
v -0.550316 0.473409 4.496402
v -0.561905 0.473309 4.503739
v -0.561905 0.473309 4.484813
v -0.542978 0.473309 4.484813
v -0.542978 0.473309 4.503739
v -0.557002 0.492510 4.498837
v -0.557002 0.492510 4.489716
v -0.547881 0.492510 4.489716
v -0.547881 0.492510 4.498837
v -0.554756 0.495580 4.496591
v -0.554756 0.495580 4.491961
v -0.550127 0.495580 4.491961
v -0.550127 0.495580 4.496591
v 0.395161 0.466676 4.652510
v 0.388447 0.466676 4.668717
v 0.395161 0.466676 4.675431
v 0.404655 0.466676 4.675431
v 0.411368 0.466676 4.668717
v 0.411368 0.466676 4.659223
v 0.404655 0.466676 4.652510
v 0.388447 0.466676 4.659223
v 0.395161 0.476774 4.652510
v 0.388447 0.474855 4.668717
v 0.395161 0.476774 4.675431
v 0.404655 0.476774 4.675431
v 0.411368 0.474855 4.668717
v 0.411368 0.474855 4.659223
v 0.404655 0.476774 4.652510
v 0.388447 0.474855 4.659223
v 0.395161 0.489440 4.675431
v 0.404655 0.489440 4.675431
v 0.395161 0.489440 4.652510
v 0.404655 0.489440 4.652510
v 0.395766 0.490128 4.674448
v 0.404049 0.490128 4.674448
v 0.395766 0.490128 4.653492
v 0.404049 0.490128 4.653492
v 0.411368 0.466676 4.663970
v 0.388447 0.466676 4.663970
v 0.404655 0.466676 4.663970
v 0.395161 0.466676 4.663970
v 0.411368 0.474855 4.663970
v 0.388447 0.474855 4.663970
v 0.404655 0.476774 4.663970
v 0.395161 0.476774 4.663970
v 0.404655 0.489440 4.663970
v 0.395161 0.489440 4.663970
v 0.404049 0.490128 4.663970
v 0.395766 0.490128 4.663970
v 0.397534 0.466676 4.675431
v 0.402281 0.466676 4.675431
v 0.397534 0.466676 4.652510
v 0.402281 0.466676 4.652510
v 0.397534 0.476774 4.652510
v 0.402281 0.476774 4.652510
v 0.397534 0.489440 4.675431
v 0.402281 0.489440 4.675431
v 0.397534 0.489440 4.652510
v 0.402281 0.489440 4.652510
v 0.397837 0.490128 4.674448
v 0.397837 0.490128 4.653492
v 0.401979 0.490128 4.653492
v 0.397837 0.490128 4.663970
v 0.401979 0.490128 4.663970
v 0.402281 0.466676 4.663970
v 0.397534 0.466676 4.663970
v 0.398745 0.490128 4.664878
v 0.401070 0.490128 4.664878
v 0.398443 0.489375 4.675523
v 0.398745 0.490064 4.674541
v 0.401373 0.489375 4.675523
v 0.401070 0.490064 4.674541
v 0.397534 0.476774 4.675431
v 0.402281 0.476774 4.675431
v 0.401979 0.490128 4.674448
v 0.398443 0.477682 4.675431
v 0.401373 0.477682 4.675431
v -0.478227 0.462928 4.909077
v -0.487164 0.462928 4.930653
v -0.478227 0.462928 4.939590
v -0.465588 0.462928 4.939590
v -0.456650 0.462928 4.930653
v -0.456650 0.462928 4.918014
v -0.465588 0.462928 4.909077
v -0.487164 0.462928 4.918014
v -0.478227 0.476370 4.909077
v -0.487164 0.473817 4.930653
v -0.478227 0.476370 4.939590
v -0.465588 0.476370 4.939590
v -0.456650 0.473817 4.930653
v -0.456650 0.473817 4.918014
v -0.465588 0.476370 4.909077
v -0.487164 0.473817 4.918014
v -0.478227 0.493232 4.939590
v -0.465588 0.493232 4.939590
v -0.478227 0.493232 4.909077
v -0.465588 0.493232 4.909077
v -0.477421 0.494149 4.938282
v -0.466394 0.494149 4.938282
v -0.477421 0.494149 4.910384
v -0.466394 0.494149 4.910384
v -0.456650 0.462928 4.924334
v -0.487164 0.462928 4.924334
v -0.465588 0.462928 4.924334
v -0.478227 0.462928 4.924334
v -0.456650 0.473817 4.924334
v -0.487164 0.473817 4.924334
v -0.465588 0.476370 4.924334
v -0.478227 0.476370 4.924334
v -0.465588 0.493232 4.924334
v -0.478227 0.493232 4.924334
v -0.466394 0.494149 4.924334
v -0.477421 0.494149 4.924334
v -0.475067 0.462928 4.939590
v -0.468747 0.462928 4.939590
v -0.475067 0.462928 4.909077
v -0.468747 0.462928 4.909077
v -0.475067 0.476370 4.909077
v -0.468747 0.476370 4.909077
v -0.475067 0.493232 4.939590
v -0.468747 0.493232 4.939590
v -0.475067 0.493232 4.909077
v -0.468747 0.493232 4.909077
v -0.474664 0.494149 4.938282
v -0.474664 0.494149 4.910384
v -0.469150 0.494149 4.910384
v -0.474664 0.494149 4.924334
v -0.469150 0.494149 4.924334
v -0.468747 0.462928 4.924334
v -0.475067 0.462928 4.924334
v -0.473455 0.494149 4.925542
v -0.470359 0.494149 4.925542
v -0.473858 0.493146 4.939713
v -0.473455 0.494062 4.938406
v -0.469957 0.493146 4.939713
v -0.470359 0.494062 4.938406
v -0.475067 0.476370 4.939590
v -0.468747 0.476370 4.939590
v -0.469150 0.494149 4.938282
v -0.473858 0.477579 4.939590
v -0.469956 0.477579 4.939590
v 0.408258 0.464862 4.453640
v 0.400599 0.464862 4.472131
v 0.408258 0.464862 4.479790
v 0.419089 0.464862 4.479790
v 0.426749 0.464862 4.472131
v 0.426749 0.464862 4.461299
v 0.419089 0.464862 4.453640
v 0.400599 0.464862 4.461299
v 0.408258 0.476382 4.453640
v 0.400599 0.474194 4.472131
v 0.408258 0.476382 4.479790
v 0.419089 0.476382 4.479790
v 0.426749 0.474194 4.472131
v 0.426749 0.474194 4.461299
v 0.419089 0.476382 4.453640
v 0.400599 0.474194 4.461299
v 0.408258 0.490833 4.479790
v 0.419089 0.490833 4.479790
v 0.408258 0.490833 4.453640
v 0.419089 0.490833 4.453640
v 0.408948 0.491619 4.478670
v 0.418399 0.491619 4.478670
v 0.408948 0.491619 4.454761
v 0.418399 0.491619 4.454761
v 0.426749 0.464862 4.466715
v 0.400599 0.464862 4.466715
v 0.419089 0.464862 4.466715
v 0.408258 0.464862 4.466715
v 0.426749 0.474194 4.466715
v 0.400599 0.474194 4.466715
v 0.419089 0.476382 4.466715
v 0.408258 0.476382 4.466715
v 0.419089 0.490833 4.466715
v 0.408258 0.490833 4.466715
v 0.418399 0.491619 4.466715
v 0.408948 0.491619 4.466715
v 0.410966 0.464862 4.479790
v 0.416382 0.464862 4.479790
v 0.410966 0.464862 4.453640
v 0.416382 0.464862 4.453640
v 0.410966 0.476382 4.453640
v 0.416382 0.476382 4.453640
v 0.410966 0.490833 4.479790
v 0.416382 0.490833 4.479790
v 0.410966 0.490833 4.453640
v 0.416382 0.490833 4.453640
v 0.411311 0.491619 4.478670
v 0.411311 0.491619 4.454761
v 0.416036 0.491619 4.454761
v 0.411311 0.491619 4.466715
v 0.416036 0.491619 4.466715
v 0.416382 0.464862 4.466715
v 0.410966 0.464862 4.466715
v 0.412347 0.491619 4.467752
v 0.415000 0.491619 4.467752
v 0.412002 0.490759 4.479896
v 0.412347 0.491545 4.478776
v 0.415345 0.490759 4.479896
v 0.415000 0.491545 4.478775
v 0.410966 0.476382 4.479790
v 0.416382 0.476382 4.479790
v 0.416036 0.491619 4.478670
v 0.412002 0.477418 4.479790
v 0.415345 0.477418 4.479790
v 0.551912 0.467776 4.613285
v 0.557903 0.467776 4.598820
v 0.551912 0.467776 4.592829
v 0.543439 0.467776 4.592829
v 0.537447 0.467776 4.598820
v 0.537447 0.467776 4.607293
v 0.543439 0.467776 4.613285
v 0.557903 0.467776 4.607293
v 0.551912 0.476787 4.613285
v 0.557903 0.475075 4.598820
v 0.551912 0.476787 4.592829
v 0.543439 0.476787 4.592829
v 0.537447 0.475075 4.598820
v 0.537447 0.475075 4.607293
v 0.543439 0.476787 4.613285
v 0.557903 0.475075 4.607293
v 0.551912 0.488091 4.592829
v 0.543439 0.488091 4.592829
v 0.551912 0.488091 4.613285
v 0.543439 0.488091 4.613285
v 0.551371 0.488705 4.593706
v 0.543979 0.488705 4.593706
v 0.551371 0.488705 4.612408
v 0.543979 0.488705 4.612408
v 0.537447 0.467776 4.603057
v 0.557903 0.467776 4.603057
v 0.543439 0.467776 4.603057
v 0.551912 0.467776 4.603057
v 0.537447 0.475075 4.603057
v 0.557903 0.475075 4.603057
v 0.543439 0.476787 4.603057
v 0.551912 0.476787 4.603057
v 0.543439 0.488091 4.603057
v 0.551912 0.488091 4.603057
v 0.543979 0.488705 4.603057
v 0.551371 0.488705 4.603057
v 0.549793 0.467776 4.592829
v 0.545557 0.467776 4.592829
v 0.549793 0.467776 4.613285
v 0.545557 0.467776 4.613285
v 0.549793 0.476787 4.613285
v 0.545557 0.476787 4.613285
v 0.549793 0.488091 4.592829
v 0.545557 0.488091 4.592829
v 0.549793 0.488091 4.613285
v 0.545557 0.488091 4.613285
v 0.549523 0.488705 4.593706
v 0.549523 0.488705 4.612408
v 0.545827 0.488705 4.612408
v 0.549523 0.488705 4.603057
v 0.545827 0.488705 4.603057
v 0.545557 0.467776 4.603057
v 0.549793 0.467776 4.603057
v 0.548712 0.488705 4.602246
v 0.546638 0.488705 4.602246
v 0.548983 0.488033 4.592747
v 0.548713 0.488648 4.593623
v 0.546367 0.488033 4.592747
v 0.546638 0.488648 4.593623
v 0.549793 0.476787 4.592829
v 0.545557 0.476787 4.592829
v 0.545827 0.488705 4.593706
v 0.548983 0.477597 4.592829
v 0.546367 0.477597 4.592829
v 0.455072 0.464862 4.590642
v 0.436581 0.464862 4.582983
v 0.428922 0.464862 4.590642
v 0.428922 0.464862 4.601474
v 0.436581 0.464862 4.609133
v 0.447413 0.464862 4.609133
v 0.455072 0.464862 4.601474
v 0.447413 0.464862 4.582983
v 0.455072 0.476382 4.590642
v 0.436581 0.474194 4.582983
v 0.428922 0.476382 4.590642
v 0.428922 0.476382 4.601474
v 0.436581 0.474194 4.609133
v 0.447413 0.474194 4.609133
v 0.455072 0.476382 4.601474
v 0.447413 0.474194 4.582983
v 0.428922 0.490833 4.590642
v 0.428922 0.490833 4.601474
v 0.455072 0.490833 4.590642
v 0.455072 0.490833 4.601474
v 0.430043 0.491619 4.591333
v 0.430043 0.491619 4.600783
v 0.453952 0.491619 4.591333
v 0.453952 0.491619 4.600783
v 0.441997 0.464862 4.609133
v 0.441997 0.464862 4.582983
v 0.441997 0.464862 4.601474
v 0.441997 0.464862 4.590642
v 0.441997 0.474194 4.609133
v 0.441997 0.474194 4.582983
v 0.441997 0.476382 4.601474
v 0.441997 0.476382 4.590642
v 0.441997 0.490833 4.601474
v 0.441997 0.490833 4.590642
v 0.441997 0.491619 4.600783
v 0.441997 0.491619 4.591333
v 0.428922 0.464862 4.593350
v 0.428922 0.464862 4.598766
v 0.455072 0.464862 4.593350
v 0.455072 0.464862 4.598766
v 0.455072 0.476382 4.593350
v 0.455072 0.476382 4.598766
v 0.428922 0.490833 4.593350
v 0.428922 0.490833 4.598766
v 0.455072 0.490833 4.593350
v 0.455072 0.490833 4.598766
v 0.430043 0.491619 4.593696
v 0.453952 0.491619 4.593696
v 0.453952 0.491619 4.598421
v 0.441997 0.491619 4.593696
v 0.441997 0.491619 4.598421
v 0.441997 0.464862 4.598766
v 0.441997 0.464862 4.593350
v 0.440961 0.491619 4.594732
v 0.440961 0.491619 4.597384
v 0.428817 0.490759 4.594387
v 0.429937 0.491545 4.594732
v 0.428817 0.490759 4.597730
v 0.429937 0.491545 4.597384
v 0.428922 0.476382 4.593350
v 0.428922 0.476382 4.598766
v 0.430043 0.491619 4.598421
v 0.428922 0.477418 4.594387
v 0.428922 0.477418 4.597730
v 0.473699 0.464862 4.550651
v 0.455208 0.464862 4.542992
v 0.447548 0.464862 4.550651
v 0.447548 0.464862 4.561483
v 0.455208 0.464862 4.569142
v 0.466039 0.464862 4.569142
v 0.473699 0.464862 4.561483
v 0.466039 0.464862 4.542992
v 0.473699 0.476382 4.550651
v 0.455208 0.474194 4.542992
v 0.447548 0.476382 4.550651
v 0.447548 0.476382 4.561483
v 0.455208 0.474194 4.569142
v 0.466039 0.474194 4.569142
v 0.473699 0.476382 4.561483
v 0.466039 0.474194 4.542992
v 0.447548 0.490833 4.550651
v 0.447548 0.490833 4.561483
v 0.473699 0.490833 4.550651
v 0.473699 0.490833 4.561483
v 0.448669 0.491619 4.551342
v 0.448669 0.491619 4.560792
v 0.472578 0.491619 4.551342
v 0.472578 0.491619 4.560792
v 0.460623 0.464862 4.569142
v 0.460623 0.464862 4.542992
v 0.460623 0.464862 4.561483
v 0.460623 0.464862 4.550651
v 0.460623 0.474194 4.569142
v 0.460623 0.474194 4.542992
v 0.460623 0.476382 4.561483
v 0.460623 0.476382 4.550651
v 0.460623 0.490833 4.561483
v 0.460623 0.490833 4.550651
v 0.460623 0.491619 4.560792
v 0.460623 0.491619 4.551342
v 0.447548 0.464862 4.553359
v 0.447548 0.464862 4.558775
v 0.473699 0.464862 4.553359
v 0.473699 0.464862 4.558775
v 0.473699 0.476382 4.553359
v 0.473699 0.476382 4.558775
v 0.447548 0.490833 4.553359
v 0.447548 0.490833 4.558775
v 0.473699 0.490833 4.553359
v 0.473699 0.490833 4.558775
v 0.448669 0.491619 4.553704
v 0.472578 0.491619 4.553704
v 0.472578 0.491619 4.558430
v 0.460623 0.491619 4.553704
v 0.460623 0.491619 4.558430
v 0.460623 0.464862 4.558775
v 0.460623 0.464862 4.553359
v 0.459587 0.491619 4.554741
v 0.459587 0.491619 4.557393
v 0.447443 0.490759 4.554395
v 0.448563 0.491545 4.554740
v 0.447443 0.490759 4.557739
v 0.448563 0.491545 4.557393
v 0.447548 0.476382 4.553359
v 0.447548 0.476382 4.558775
v 0.448669 0.491619 4.558430
v 0.447548 0.477418 4.554395
v 0.447548 0.477418 4.557739
v 0.505163 0.467776 4.732481
v 0.519628 0.467776 4.738472
v 0.525619 0.467776 4.732481
v 0.525619 0.467776 4.724008
v 0.519628 0.467776 4.718017
v 0.511155 0.467776 4.718017
v 0.505163 0.467776 4.724008
v 0.511155 0.467776 4.738472
v 0.505163 0.476787 4.732481
v 0.519628 0.475075 4.738472
v 0.525619 0.476787 4.732481
v 0.525619 0.476787 4.724008
v 0.519628 0.475075 4.718017
v 0.511155 0.475075 4.718017
v 0.505163 0.476787 4.724008
v 0.511155 0.475075 4.738472
v 0.525619 0.488091 4.732481
v 0.525619 0.488091 4.724008
v 0.505163 0.488091 4.732481
v 0.505163 0.488091 4.724008
v 0.524742 0.488705 4.731941
v 0.524742 0.488705 4.724548
v 0.506040 0.488705 4.731941
v 0.506040 0.488705 4.724548
v 0.515391 0.467776 4.718017
v 0.515391 0.467776 4.738472
v 0.515391 0.467776 4.724008
v 0.515391 0.467776 4.732481
v 0.515391 0.475075 4.718017
v 0.515391 0.475075 4.738472
v 0.515391 0.476787 4.724008
v 0.515391 0.476787 4.732481
v 0.515391 0.488091 4.724008
v 0.515391 0.488091 4.732481
v 0.515391 0.488705 4.724548
v 0.515391 0.488705 4.731941
v 0.525619 0.467776 4.730362
v 0.525619 0.467776 4.726126
v 0.505163 0.467776 4.730362
v 0.505163 0.467776 4.726126
v 0.505163 0.476787 4.730362
v 0.505163 0.476787 4.726126
v 0.525619 0.488091 4.730362
v 0.525619 0.488091 4.726126
v 0.505163 0.488091 4.730362
v 0.505163 0.488091 4.726126
v 0.524742 0.488705 4.730093
v 0.506040 0.488705 4.730093
v 0.506040 0.488705 4.726397
v 0.515391 0.488705 4.730093
v 0.515391 0.488705 4.726397
v 0.515391 0.467776 4.726126
v 0.515391 0.467776 4.730362
v 0.516202 0.488705 4.729282
v 0.516202 0.488705 4.727207
v 0.525701 0.488033 4.729552
v 0.524825 0.488648 4.729282
v 0.525701 0.488033 4.726937
v 0.524825 0.488648 4.727207
v 0.525619 0.476787 4.730362
v 0.525619 0.476787 4.726126
v 0.524742 0.488705 4.726397
v 0.525619 0.477597 4.729552
v 0.525619 0.477597 4.726937
v 0.552527 0.467776 4.734269
v 0.566992 0.467776 4.740260
v 0.572983 0.467776 4.734269
v 0.572983 0.467776 4.725796
v 0.566992 0.467776 4.719805
v 0.558519 0.467776 4.719805
v 0.552527 0.467776 4.725796
v 0.558519 0.467776 4.740260
v 0.552527 0.476787 4.734269
v 0.566992 0.475075 4.740260
v 0.572983 0.476787 4.734269
v 0.572983 0.476787 4.725796
v 0.566992 0.475075 4.719805
v 0.558519 0.475075 4.719805
v 0.552527 0.476787 4.725796
v 0.558519 0.475075 4.740260
v 0.572983 0.488091 4.734269
v 0.572983 0.488091 4.725796
v 0.552527 0.488091 4.734269
v 0.552527 0.488091 4.725796
v 0.572107 0.488705 4.733729
v 0.572107 0.488705 4.726336
v 0.553404 0.488705 4.733729
v 0.553404 0.488705 4.726336
v 0.562755 0.467776 4.719805
v 0.562755 0.467776 4.740260
v 0.562755 0.467776 4.725796
v 0.562755 0.467776 4.734269
v 0.562755 0.475075 4.719805
v 0.562755 0.475075 4.740260
v 0.562755 0.476787 4.725796
v 0.562755 0.476787 4.734269
v 0.562755 0.488091 4.725796
v 0.562755 0.488091 4.734269
v 0.562755 0.488705 4.726336
v 0.562755 0.488705 4.733729
v 0.572983 0.467776 4.732151
v 0.572983 0.467776 4.727914
v 0.552527 0.467776 4.732151
v 0.552527 0.467776 4.727914
v 0.552527 0.476787 4.732151
v 0.552527 0.476787 4.727914
v 0.572983 0.488091 4.732151
v 0.572983 0.488091 4.727914
v 0.552527 0.488091 4.732151
v 0.552527 0.488091 4.727914
v 0.572107 0.488705 4.731881
v 0.553404 0.488705 4.731881
v 0.553404 0.488705 4.728184
v 0.562755 0.488705 4.731881
v 0.562755 0.488705 4.728184
v 0.562755 0.467776 4.727914
v 0.562755 0.467776 4.732151
v 0.563566 0.488705 4.731070
v 0.563566 0.488705 4.728995
v 0.573066 0.488033 4.731340
v 0.572189 0.488648 4.731070
v 0.573066 0.488033 4.728725
v 0.572189 0.488648 4.728995
v 0.572983 0.476787 4.732151
v 0.572983 0.476787 4.727914
v 0.572107 0.488705 4.728184
v 0.572983 0.477597 4.731340
v 0.572983 0.477597 4.728725
v 0.432033 0.466676 4.954411
v 0.438746 0.466676 4.970618
v 0.448240 0.466676 4.970618
v 0.454954 0.466676 4.963905
v 0.454954 0.466676 4.954411
v 0.448240 0.466676 4.947697
v 0.438746 0.466676 4.947697
v 0.432033 0.466676 4.963905
v 0.432033 0.476774 4.954411
v 0.438746 0.474855 4.970618
v 0.448240 0.476774 4.970618
v 0.454954 0.476774 4.963905
v 0.454954 0.474855 4.954411
v 0.448240 0.474855 4.947697
v 0.438746 0.476774 4.947697
v 0.432033 0.474855 4.963905
v 0.448240 0.489440 4.970618
v 0.454954 0.489440 4.963905
v 0.432033 0.489440 4.954411
v 0.438746 0.489440 4.947697
v 0.447974 0.490128 4.969496
v 0.453831 0.490128 4.963638
v 0.433155 0.490128 4.954677
v 0.439012 0.490128 4.948820
v 0.451597 0.466676 4.951054
v 0.435389 0.466676 4.967261
v 0.446850 0.466676 4.955801
v 0.440136 0.466676 4.962514
v 0.451597 0.474855 4.951054
v 0.435389 0.474855 4.967261
v 0.446850 0.476774 4.955801
v 0.440136 0.476774 4.962514
v 0.446850 0.489440 4.955801
v 0.440136 0.489440 4.962514
v 0.446422 0.490128 4.956229
v 0.440565 0.490128 4.962086
v 0.449919 0.466676 4.968940
v 0.453275 0.466676 4.965583
v 0.433711 0.466676 4.952732
v 0.437068 0.466676 4.949376
v 0.433711 0.476774 4.952732
v 0.437068 0.476774 4.949376
v 0.449919 0.489440 4.968940
v 0.453275 0.489440 4.965583
v 0.433711 0.489440 4.952732
v 0.437068 0.489440 4.949376
v 0.449438 0.490128 4.968031
v 0.434620 0.490128 4.953213
v 0.437548 0.490128 4.950284
v 0.442029 0.490128 4.960622
v 0.444957 0.490128 4.957694
v 0.445171 0.466676 4.957479
v 0.441815 0.466676 4.960836
v 0.443313 0.490128 4.960622
v 0.444957 0.490128 4.958978
v 0.450626 0.489375 4.968363
v 0.450146 0.490064 4.967454
v 0.452698 0.489375 4.966291
v 0.451790 0.490064 4.965810
v 0.449919 0.476774 4.968940
v 0.453275 0.476774 4.965583
v 0.452367 0.490128 4.965103
v 0.450561 0.477682 4.968297
v 0.452633 0.477682 4.966225
v 0.390775 0.466676 4.954411
v 0.397489 0.466676 4.970618
v 0.406983 0.466676 4.970618
v 0.413696 0.466676 4.963905
v 0.413696 0.466676 4.954411
v 0.406983 0.466676 4.947697
v 0.397489 0.466676 4.947697
v 0.390775 0.466676 4.963905
v 0.390775 0.476774 4.954411
v 0.397489 0.474855 4.970618
v 0.406983 0.476774 4.970618
v 0.413696 0.476774 4.963905
v 0.413696 0.474855 4.954411
v 0.406983 0.474855 4.947697
v 0.397489 0.476774 4.947697
v 0.390775 0.474855 4.963905
v 0.406983 0.489440 4.970618
v 0.413696 0.489440 4.963905
v 0.390775 0.489440 4.954411
v 0.397489 0.489440 4.947697
v 0.406716 0.490128 4.969495
v 0.412574 0.490128 4.963638
v 0.391898 0.490128 4.954677
v 0.397755 0.490128 4.948820
v 0.410339 0.466676 4.951054
v 0.394132 0.466676 4.967261
v 0.405592 0.466676 4.955801
v 0.398879 0.466676 4.962514
v 0.410339 0.474855 4.951054
v 0.394132 0.474855 4.967261
v 0.405592 0.476774 4.955801
v 0.398879 0.476774 4.962514
v 0.405592 0.489440 4.955801
v 0.398879 0.489440 4.962514
v 0.405164 0.490128 4.956229
v 0.399307 0.490128 4.962086
v 0.408661 0.466676 4.968940
v 0.412018 0.466676 4.965583
v 0.392454 0.466676 4.952732
v 0.395810 0.466676 4.949376
v 0.392454 0.476774 4.952732
v 0.395810 0.476774 4.949376
v 0.408661 0.489440 4.968940
v 0.412018 0.489440 4.965583
v 0.392454 0.489440 4.952732
v 0.395810 0.489440 4.949376
v 0.408181 0.490128 4.968031
v 0.393362 0.490128 4.953213
v 0.396291 0.490128 4.950284
v 0.400771 0.490128 4.960622
v 0.403700 0.490128 4.957694
v 0.403914 0.466676 4.957479
v 0.400557 0.466676 4.960836
v 0.402056 0.490128 4.960622
v 0.403700 0.490128 4.958978
v 0.409369 0.489375 4.968363
v 0.408888 0.490064 4.967454
v 0.411441 0.489375 4.966290
v 0.410532 0.490064 4.965810
v 0.408661 0.476774 4.968940
v 0.412018 0.476774 4.965583
v 0.411109 0.490128 4.965103
v 0.409303 0.477682 4.968297
v 0.411375 0.477682 4.966225
v 0.349518 0.466676 4.954411
v 0.356231 0.466676 4.970618
v 0.365725 0.466676 4.970618
v 0.372439 0.466676 4.963905
v 0.372439 0.466676 4.954411
v 0.365725 0.466676 4.947697
v 0.356231 0.466676 4.947697
v 0.349518 0.466676 4.963905
v 0.349518 0.476774 4.954411
v 0.356231 0.474855 4.970618
v 0.365725 0.476774 4.970618
v 0.372439 0.476774 4.963905
v 0.372439 0.474855 4.954411
v 0.365725 0.474855 4.947697
v 0.356231 0.476774 4.947697
v 0.349518 0.474855 4.963905
v 0.365725 0.489440 4.970618
v 0.372439 0.489440 4.963905
v 0.349518 0.489440 4.954411
v 0.356231 0.489440 4.947697
v 0.365459 0.490128 4.969496
v 0.371316 0.490128 4.963638
v 0.350640 0.490128 4.954677
v 0.356498 0.490128 4.948820
v 0.369082 0.466676 4.951054
v 0.352875 0.466676 4.967261
v 0.364335 0.466676 4.955801
v 0.357622 0.466676 4.962514
v 0.369082 0.474855 4.951054
v 0.352875 0.474855 4.967261
v 0.364335 0.476774 4.955801
v 0.357622 0.476774 4.962514
v 0.364335 0.489440 4.955801
v 0.357622 0.489440 4.962514
v 0.363907 0.490128 4.956229
v 0.358050 0.490128 4.962086
v 0.367404 0.466676 4.968940
v 0.370760 0.466676 4.965583
v 0.351196 0.466676 4.952733
v 0.354553 0.466676 4.949376
v 0.351196 0.476774 4.952733
v 0.354553 0.476774 4.949376
v 0.367404 0.489440 4.968940
v 0.370760 0.489440 4.965583
v 0.351196 0.489440 4.952733
v 0.354553 0.489440 4.949376
v 0.366923 0.490128 4.968031
v 0.352105 0.490128 4.953213
v 0.355033 0.490128 4.950284
v 0.359514 0.490128 4.960622
v 0.362442 0.490128 4.957694
v 0.362657 0.466676 4.957479
v 0.359300 0.466676 4.960836
v 0.360799 0.490128 4.960622
v 0.362443 0.490128 4.958978
v 0.368111 0.489375 4.968363
v 0.367631 0.490064 4.967454
v 0.370183 0.489375 4.966291
v 0.369275 0.490064 4.965810
v 0.367404 0.476774 4.968940
v 0.370760 0.476774 4.965583
v 0.369852 0.490128 4.965103
v 0.368046 0.477682 4.968297
v 0.370118 0.477682 4.966226
v 0.416171 0.461256 4.529217
v 0.406631 0.461256 4.552249
v 0.416171 0.461256 4.561789
v 0.429662 0.461256 4.561789
v 0.439202 0.461256 4.552249
v 0.439202 0.461256 4.538757
v 0.429662 0.461256 4.529217
v 0.406631 0.461256 4.538757
v 0.416171 0.475604 4.529217
v 0.406631 0.472879 4.552249
v 0.416171 0.475604 4.561789
v 0.429662 0.475604 4.561789
v 0.439202 0.472879 4.552249
v 0.439202 0.472879 4.538757
v 0.429662 0.475604 4.529217
v 0.406631 0.472879 4.538757
v 0.416171 0.493604 4.561789
v 0.429662 0.493604 4.561789
v 0.416171 0.493604 4.529217
v 0.429662 0.493604 4.529217
v 0.417031 0.494582 4.560393
v 0.428802 0.494582 4.560393
v 0.417031 0.494582 4.530613
v 0.428802 0.494582 4.530613
v 0.439202 0.461256 4.545503
v 0.406631 0.461256 4.545503
v 0.429662 0.461256 4.545503
v 0.416171 0.461256 4.545503
v 0.439202 0.472879 4.545503
v 0.406631 0.472879 4.545503
v 0.429662 0.475604 4.545503
v 0.416171 0.475604 4.545503
v 0.429662 0.493604 4.545503
v 0.416171 0.493604 4.545503
v 0.428802 0.494582 4.545503
v 0.417031 0.494582 4.545503
v 0.419544 0.461256 4.561789
v 0.426289 0.461256 4.561789
v 0.419544 0.461256 4.529217
v 0.426289 0.461256 4.529217
v 0.419544 0.475604 4.529217
v 0.426289 0.475604 4.529217
v 0.419544 0.493604 4.561789
v 0.426289 0.493604 4.561789
v 0.419544 0.493604 4.529217
v 0.426289 0.493604 4.529217
v 0.419974 0.494582 4.560393
v 0.419974 0.494582 4.530613
v 0.425859 0.494582 4.530613
v 0.419974 0.494582 4.545503
v 0.425859 0.494582 4.545503
v 0.426289 0.461256 4.545503
v 0.419544 0.461256 4.545503
v 0.421265 0.494582 4.546794
v 0.424569 0.494582 4.546794
v 0.420834 0.493512 4.561920
v 0.421264 0.494490 4.560524
v 0.424999 0.493512 4.561920
v 0.424569 0.494490 4.560524
v 0.419544 0.475604 4.561789
v 0.426289 0.475604 4.561789
v 0.425859 0.494582 4.560393
v 0.420834 0.476895 4.561789
v 0.424999 0.476895 4.561789
v 0.432033 0.466676 4.986629
v 0.438746 0.466676 5.002837
v 0.448240 0.466676 5.002837
v 0.454954 0.466676 4.996123
v 0.454954 0.466676 4.986629
v 0.448240 0.466676 4.979916
v 0.438746 0.466676 4.979916
v 0.432033 0.466676 4.996123
v 0.432033 0.476774 4.986629
v 0.438746 0.474855 5.002837
v 0.448240 0.476774 5.002837
v 0.454954 0.476774 4.996123
v 0.454954 0.474855 4.986629
v 0.448240 0.474855 4.979916
v 0.438746 0.476774 4.979916
v 0.432033 0.474855 4.996123
v 0.448240 0.489440 5.002837
v 0.454954 0.489440 4.996123
v 0.432033 0.489440 4.986629
v 0.438746 0.489440 4.979916
v 0.447974 0.490128 5.001714
v 0.453831 0.490128 4.995857
v 0.433155 0.490128 4.986896
v 0.439012 0.490128 4.981039
v 0.451597 0.466676 4.983273
v 0.435389 0.466676 4.999480
v 0.446850 0.466676 4.988019
v 0.440136 0.466676 4.994733
v 0.451597 0.474855 4.983273
v 0.435389 0.474855 4.999480
v 0.446850 0.476774 4.988019
v 0.440136 0.476774 4.994733
v 0.446850 0.489440 4.988019
v 0.440136 0.489440 4.994733
v 0.446422 0.490128 4.988448
v 0.440565 0.490128 4.994305
v 0.449919 0.466676 5.001158
v 0.453275 0.466676 4.997802
v 0.433711 0.466676 4.984951
v 0.437068 0.466676 4.981594
v 0.433711 0.476774 4.984951
v 0.437068 0.476774 4.981594
v 0.449919 0.489440 5.001158
v 0.453275 0.489440 4.997802
v 0.433711 0.489440 4.984951
v 0.437068 0.489440 4.981594
v 0.449438 0.490128 5.000250
v 0.434620 0.490128 4.985431
v 0.437548 0.490128 4.982503
v 0.442029 0.490128 4.992840
v 0.444957 0.490128 4.989912
v 0.445171 0.466676 4.989698
v 0.441815 0.466676 4.993055
v 0.443313 0.490128 4.992841
v 0.444957 0.490128 4.991197
v 0.450626 0.489375 5.000581
v 0.450146 0.490064 4.999673
v 0.452698 0.489375 4.998509
v 0.451790 0.490064 4.998029
v 0.449919 0.476774 5.001158
v 0.453275 0.476774 4.997802
v 0.452367 0.490128 4.997321
v 0.450561 0.477682 5.000516
v 0.452633 0.477682 4.998444
v 0.390775 0.466676 4.986629
v 0.397489 0.466676 5.002837
v 0.406983 0.466676 5.002837
v 0.413696 0.466676 4.996123
v 0.413696 0.466676 4.986629
v 0.406983 0.466676 4.979916
v 0.397489 0.466676 4.979916
v 0.390775 0.466676 4.996123
v 0.390775 0.476774 4.986629
v 0.397489 0.474855 5.002837
v 0.406983 0.476774 5.002837
v 0.413696 0.476774 4.996123
v 0.413696 0.474855 4.986629
v 0.406983 0.474855 4.979916
v 0.397489 0.476774 4.979916
v 0.390775 0.474855 4.996123
v 0.406983 0.489440 5.002837
v 0.413696 0.489440 4.996123
v 0.390775 0.489440 4.986629
v 0.397489 0.489440 4.979916
v 0.406716 0.490128 5.001714
v 0.412574 0.490128 4.995857
v 0.391898 0.490128 4.986896
v 0.397755 0.490128 4.981039
v 0.410339 0.466676 4.983273
v 0.394132 0.466676 4.999480
v 0.405592 0.466676 4.988019
v 0.398879 0.466676 4.994733
v 0.410339 0.474855 4.983273
v 0.394132 0.474855 4.999480
v 0.405592 0.476774 4.988019
v 0.398879 0.476774 4.994733
v 0.405592 0.489440 4.988019
v 0.398879 0.489440 4.994733
v 0.405164 0.490128 4.988448
v 0.399307 0.490128 4.994305
v 0.408661 0.466676 5.001158
v 0.412018 0.466676 4.997802
v 0.392454 0.466676 4.984951
v 0.395810 0.466676 4.981594
v 0.392454 0.476774 4.984951
v 0.395810 0.476774 4.981594
v 0.408661 0.489440 5.001158
v 0.412018 0.489440 4.997802
v 0.392454 0.489440 4.984951
v 0.395810 0.489440 4.981594
v 0.408181 0.490128 5.000250
v 0.393362 0.490128 4.985431
v 0.396291 0.490128 4.982502
v 0.400771 0.490128 4.992840
v 0.403700 0.490128 4.989912
v 0.403914 0.466676 4.989698
v 0.400557 0.466676 4.993054
v 0.402056 0.490128 4.992840
v 0.403700 0.490128 4.991197
v 0.409369 0.489375 5.000581
v 0.408888 0.490064 4.999673
v 0.411441 0.489375 4.998509
v 0.410532 0.490064 4.998029
v 0.408661 0.476774 5.001158
v 0.412018 0.476774 4.997802
v 0.411109 0.490128 4.997321
v 0.409303 0.477682 5.000516
v 0.411375 0.477682 4.998444
v 0.349518 0.466676 4.986629
v 0.356231 0.466676 5.002837
v 0.365725 0.466676 5.002837
v 0.372439 0.466676 4.996123
v 0.372439 0.466676 4.986629
v 0.365725 0.466676 4.979916
v 0.356231 0.466676 4.979916
v 0.349518 0.466676 4.996123
v 0.349518 0.476774 4.986629
v 0.356231 0.474855 5.002837
v 0.365725 0.476774 5.002837
v 0.372439 0.476774 4.996123
v 0.372439 0.474855 4.986629
v 0.365725 0.474855 4.979916
v 0.356231 0.476774 4.979916
v 0.349518 0.474855 4.996123
v 0.365725 0.489440 5.002837
v 0.372439 0.489440 4.996123
v 0.349518 0.489440 4.986629
v 0.356231 0.489440 4.979916
v 0.365459 0.490128 5.001714
v 0.371316 0.490128 4.995857
v 0.350640 0.490128 4.986896
v 0.356498 0.490128 4.981039
v 0.369082 0.466676 4.983273
v 0.352875 0.466676 4.999480
v 0.364335 0.466676 4.988020
v 0.357622 0.466676 4.994733
v 0.369082 0.474855 4.983273
v 0.352875 0.474855 4.999480
v 0.364335 0.476774 4.988019
v 0.357622 0.476774 4.994733
v 0.364335 0.489440 4.988019
v 0.357622 0.489440 4.994733
v 0.363907 0.490128 4.988448
v 0.358050 0.490128 4.994305
v 0.367404 0.466676 5.001158
v 0.370760 0.466676 4.997802
v 0.351196 0.466676 4.984951
v 0.354553 0.466676 4.981594
v 0.351196 0.476774 4.984951
v 0.354553 0.476774 4.981594
v 0.367404 0.489440 5.001158
v 0.370760 0.489440 4.997802
v 0.351196 0.489440 4.984951
v 0.354553 0.489440 4.981594
v 0.366923 0.490128 5.000250
v 0.352105 0.490128 4.985431
v 0.355033 0.490128 4.982503
v 0.359514 0.490128 4.992841
v 0.362442 0.490128 4.989912
v 0.362657 0.466676 4.989698
v 0.359300 0.466676 4.993055
v 0.360798 0.490128 4.992841
v 0.362443 0.490128 4.991197
v 0.368111 0.489375 5.000582
v 0.367631 0.490064 4.999673
v 0.370183 0.489375 4.998509
v 0.369275 0.490064 4.998029
v 0.367404 0.476774 5.001158
v 0.370760 0.476774 4.997802
v 0.369852 0.490128 4.997322
v 0.368046 0.477682 5.000516
v 0.370118 0.477682 4.998444
v -0.506156 0.463830 4.636661
v -0.497689 0.463830 4.657102
v -0.485715 0.463830 4.657102
v -0.477248 0.463830 4.648634
v -0.477248 0.463830 4.636661
v -0.485715 0.463830 4.628193
v -0.497689 0.463830 4.628193
v -0.506156 0.463830 4.648634
v -0.506156 0.476564 4.636661
v -0.497689 0.474145 4.657102
v -0.485715 0.476564 4.657102
v -0.477248 0.476564 4.648634
v -0.477248 0.474145 4.636661
v -0.485715 0.474145 4.628193
v -0.497689 0.476564 4.628193
v -0.506156 0.474145 4.648634
v -0.485715 0.492540 4.657102
v -0.477248 0.492539 4.648634
v -0.506156 0.492539 4.636661
v -0.497689 0.492539 4.628193
v -0.486051 0.493408 4.655685
v -0.478664 0.493408 4.648299
v -0.504740 0.493408 4.636996
v -0.497353 0.493408 4.629609
v -0.481482 0.463830 4.632427
v -0.501923 0.463830 4.652868
v -0.487469 0.463830 4.638414
v -0.495936 0.463830 4.646881
v -0.481482 0.474145 4.632427
v -0.501923 0.474145 4.652868
v -0.487469 0.476564 4.638414
v -0.495936 0.476564 4.646881
v -0.487469 0.492539 4.638414
v -0.495936 0.492539 4.646881
v -0.488009 0.493408 4.638954
v -0.495396 0.493408 4.646341
v -0.483599 0.463830 4.654984
v -0.479365 0.463830 4.650751
v -0.504040 0.463830 4.634544
v -0.499806 0.463830 4.630310
v -0.504040 0.476565 4.634544
v -0.499806 0.476564 4.630310
v -0.483599 0.492539 4.654984
v -0.479365 0.492539 4.650751
v -0.504040 0.492539 4.634543
v -0.499806 0.492539 4.630310
v -0.484205 0.493408 4.653839
v -0.502894 0.493408 4.635149
v -0.499200 0.493408 4.631456
v -0.493549 0.493408 4.644494
v -0.489856 0.493408 4.640801
v -0.489586 0.463830 4.640531
v -0.493819 0.463830 4.644764
v -0.491929 0.493408 4.644494
v -0.489856 0.493408 4.642421
v -0.482706 0.492458 4.654257
v -0.483312 0.493326 4.653111
v -0.480093 0.492458 4.651644
v -0.481239 0.493326 4.651038
v -0.483599 0.476564 4.654984
v -0.479365 0.476564 4.650751
v -0.480511 0.493408 4.650146
v -0.482789 0.477710 4.654175
v -0.480175 0.477710 4.651561
v -0.422863 0.462928 4.658108
v -0.401287 0.462928 4.649171
v -0.401287 0.462928 4.636532
v -0.410224 0.462928 4.627595
v -0.422863 0.462928 4.627595
v -0.431800 0.462928 4.636532
v -0.431800 0.462928 4.649171
v -0.410224 0.462928 4.658108
v -0.422863 0.476370 4.658108
v -0.401287 0.473817 4.649171
v -0.401287 0.476370 4.636532
v -0.410224 0.476370 4.627595
v -0.422863 0.473817 4.627595
v -0.431800 0.473817 4.636532
v -0.431800 0.476370 4.649171
v -0.410224 0.473817 4.658108
v -0.401287 0.493232 4.636532
v -0.410224 0.493232 4.627595
v -0.422863 0.493232 4.658108
v -0.431800 0.493232 4.649171
v -0.402781 0.494149 4.636887
v -0.410578 0.494149 4.629089
v -0.422508 0.494149 4.656614
v -0.430306 0.494149 4.648817
v -0.427331 0.462928 4.632063
v -0.405755 0.462928 4.653639
v -0.421012 0.462928 4.638383
v -0.412075 0.462928 4.647320
v -0.427331 0.473817 4.632063
v -0.405755 0.473817 4.653640
v -0.421012 0.476370 4.638383
v -0.412075 0.476370 4.647320
v -0.421012 0.493232 4.638383
v -0.412075 0.493232 4.647320
v -0.420442 0.494149 4.638953
v -0.412645 0.494149 4.646750
v -0.403521 0.462928 4.634298
v -0.407989 0.462928 4.629829
v -0.425097 0.462928 4.655874
v -0.429566 0.462928 4.651405
v -0.425097 0.476370 4.655874
v -0.429566 0.476370 4.651405
v -0.403521 0.493232 4.634298
v -0.407989 0.493232 4.629829
v -0.425097 0.493232 4.655874
v -0.429566 0.493232 4.651405
v -0.404730 0.494149 4.634937
v -0.424458 0.494149 4.654665
v -0.428356 0.494149 4.650766
v -0.414594 0.494149 4.644801
v -0.418493 0.494149 4.640902
v -0.418778 0.462928 4.640617
v -0.414309 0.462928 4.645086
v -0.414594 0.494149 4.643091
v -0.416783 0.494149 4.640902
v -0.404289 0.493146 4.633356
v -0.405498 0.494062 4.633996
v -0.407047 0.493146 4.630597
v -0.407687 0.494062 4.631807
v -0.403521 0.476370 4.634298
v -0.407989 0.476370 4.629829
v -0.408629 0.494149 4.631039
v -0.404376 0.477579 4.633443
v -0.407134 0.477579 4.630684
v -0.541991 0.462928 4.711097
v -0.550929 0.462928 4.689521
v -0.563568 0.462928 4.689521
v -0.572505 0.462928 4.698458
v -0.572505 0.462928 4.711097
v -0.563568 0.462928 4.720035
v -0.550928 0.462928 4.720035
v -0.541991 0.462928 4.698458
v -0.541991 0.476370 4.711097
v -0.550929 0.473817 4.689521
v -0.563568 0.476370 4.689521
v -0.572505 0.476370 4.698458
v -0.572505 0.473817 4.711097
v -0.563568 0.473817 4.720035
v -0.550928 0.476370 4.720035
v -0.541991 0.473817 4.698458
v -0.563568 0.493232 4.689521
v -0.572505 0.493232 4.698458
v -0.541991 0.493232 4.711097
v -0.550928 0.493232 4.720035
v -0.563213 0.494149 4.691016
v -0.571010 0.494149 4.698813
v -0.543486 0.494149 4.710743
v -0.551283 0.494149 4.718540
v -0.568036 0.462928 4.715566
v -0.546460 0.462928 4.693990
v -0.561717 0.462928 4.709247
v -0.552779 0.462928 4.700309
v -0.568036 0.473817 4.715566
v -0.546460 0.473817 4.693990
v -0.561717 0.476370 4.709247
v -0.552779 0.476370 4.700309
v -0.561717 0.493232 4.709247
v -0.552779 0.493232 4.700309
v -0.561147 0.494149 4.708677
v -0.553349 0.494149 4.700879
v -0.565802 0.462928 4.691756
v -0.570270 0.462928 4.696224
v -0.544226 0.462928 4.713332
v -0.548694 0.462928 4.717800
v -0.544226 0.476370 4.713332
v -0.548694 0.476370 4.717800
v -0.565802 0.493232 4.691756
v -0.570270 0.493232 4.696224
v -0.544226 0.493232 4.713332
v -0.548694 0.493232 4.717800
v -0.565162 0.494149 4.692965
v -0.545435 0.494149 4.712692
v -0.549334 0.494149 4.716591
v -0.555299 0.494149 4.702829
v -0.559197 0.494149 4.706727
v -0.559482 0.462928 4.707012
v -0.555014 0.462928 4.702544
v -0.557009 0.494149 4.702828
v -0.559197 0.494149 4.705017
v -0.566744 0.493146 4.692523
v -0.566104 0.494062 4.693733
v -0.569502 0.493146 4.695282
v -0.568293 0.494062 4.695922
v -0.565802 0.476370 4.691756
v -0.570270 0.476370 4.696224
v -0.569061 0.494149 4.696864
v -0.566657 0.477579 4.692611
v -0.569415 0.477579 4.695369
v -0.538474 0.462928 4.454061
v -0.560050 0.462928 4.445124
v -0.568987 0.462928 4.454061
v -0.568987 0.462928 4.466700
v -0.560050 0.462928 4.475637
v -0.547411 0.462928 4.475637
v -0.538474 0.462928 4.466700
v -0.547411 0.462928 4.445124
v -0.538474 0.476370 4.454061
v -0.560050 0.473817 4.445124
v -0.568987 0.476370 4.454061
v -0.568987 0.476370 4.466700
v -0.560050 0.473817 4.475637
v -0.547411 0.473817 4.475637
v -0.538474 0.476370 4.466700
v -0.547411 0.473817 4.445124
v -0.568987 0.493232 4.454061
v -0.568987 0.493232 4.466700
v -0.538474 0.493232 4.454061
v -0.538474 0.493232 4.466700
v -0.567680 0.494149 4.454867
v -0.567680 0.494149 4.465894
v -0.539781 0.494149 4.454867
v -0.539781 0.494149 4.465894
v -0.553731 0.462928 4.475637
v -0.553731 0.462928 4.445124
v -0.553731 0.462928 4.466700
v -0.553731 0.462928 4.454061
v -0.553731 0.473817 4.475637
v -0.553731 0.473817 4.445124
v -0.553731 0.476370 4.466700
v -0.553731 0.476370 4.454061
v -0.553730 0.493232 4.466700
v -0.553730 0.493232 4.454061
v -0.553730 0.494149 4.465894
v -0.553730 0.494149 4.454867
v -0.568987 0.462928 4.457221
v -0.568987 0.462928 4.463540
v -0.538474 0.462928 4.457221
v -0.538474 0.462928 4.463541
v -0.538474 0.476370 4.457221
v -0.538474 0.476370 4.463541
v -0.568987 0.493232 4.457221
v -0.568987 0.493232 4.463540
v -0.538474 0.493232 4.457221
v -0.538474 0.493232 4.463541
v -0.567680 0.494149 4.457623
v -0.539781 0.494149 4.457624
v -0.539781 0.494149 4.463137
v -0.553730 0.494149 4.457624
v -0.553730 0.494149 4.463137
v -0.553731 0.462928 4.463541
v -0.553731 0.462928 4.457221
v -0.554940 0.494149 4.458833
v -0.554940 0.494149 4.461928
v -0.569110 0.493146 4.458430
v -0.567803 0.494062 4.458833
v -0.569110 0.493146 4.462331
v -0.567803 0.494062 4.461928
v -0.568987 0.476370 4.457221
v -0.568987 0.476370 4.463540
v -0.567680 0.494149 4.463137
v -0.568987 0.477579 4.458430
v -0.568987 0.477579 4.462331
v -0.449827 0.462928 4.852278
v -0.458764 0.462928 4.873854
v -0.449827 0.462928 4.882792
v -0.437188 0.462928 4.882792
v -0.428251 0.462928 4.873854
v -0.428251 0.462928 4.861215
v -0.437188 0.462928 4.852278
v -0.458764 0.462928 4.861215
v -0.449827 0.476370 4.852278
v -0.458764 0.473817 4.873854
v -0.449827 0.476370 4.882792
v -0.437188 0.476370 4.882792
v -0.428251 0.473817 4.873854
v -0.428251 0.473817 4.861215
v -0.437188 0.476370 4.852278
v -0.458764 0.473817 4.861215
v -0.449827 0.493232 4.882792
v -0.437188 0.493232 4.882792
v -0.449827 0.493232 4.852278
v -0.437188 0.493232 4.852278
v -0.449021 0.494149 4.881484
v -0.437994 0.494149 4.881484
v -0.449021 0.494149 4.853585
v -0.437994 0.494149 4.853585
v -0.428251 0.462928 4.867535
v -0.458764 0.462928 4.867535
v -0.437188 0.462928 4.867535
v -0.449827 0.462928 4.867535
v -0.428251 0.473817 4.867535
v -0.458764 0.473817 4.867535
v -0.437188 0.476370 4.867535
v -0.449827 0.476370 4.867535
v -0.437188 0.493232 4.867535
v -0.449827 0.493232 4.867535
v -0.437994 0.494149 4.867535
v -0.449021 0.494149 4.867535
v -0.446667 0.462928 4.882792
v -0.440348 0.462928 4.882792
v -0.446667 0.462928 4.852278
v -0.440348 0.462928 4.852278
v -0.446667 0.476370 4.852278
v -0.440348 0.476370 4.852278
v -0.446667 0.493232 4.882792
v -0.440348 0.493232 4.882792
v -0.446667 0.493232 4.852278
v -0.440348 0.493232 4.852278
v -0.446265 0.494149 4.881484
v -0.446264 0.494149 4.853585
v -0.440751 0.494149 4.853585
v -0.446264 0.494149 4.867535
v -0.440751 0.494149 4.867535
v -0.440348 0.462928 4.867535
v -0.446667 0.462928 4.867535
v -0.445055 0.494149 4.868744
v -0.441960 0.494149 4.868744
v -0.445458 0.493146 4.882915
v -0.445055 0.494062 4.881607
v -0.441557 0.493146 4.882915
v -0.441960 0.494062 4.881607
v -0.446667 0.476370 4.882792
v -0.440348 0.476370 4.882792
v -0.440751 0.494149 4.881484
v -0.445458 0.477579 4.882792
v -0.441557 0.477579 4.882792
v -0.503076 0.462928 4.852278
v -0.512013 0.462928 4.873854
v -0.503076 0.462928 4.882792
v -0.490437 0.462928 4.882792
v -0.481500 0.462928 4.873854
v -0.481500 0.462928 4.861215
v -0.490437 0.462928 4.852278
v -0.512013 0.462928 4.861215
v -0.503076 0.476370 4.852278
v -0.512013 0.473817 4.873854
v -0.503076 0.476370 4.882792
v -0.490437 0.476370 4.882792
v -0.481500 0.473817 4.873854
v -0.481500 0.473817 4.861215
v -0.490437 0.476370 4.852278
v -0.512013 0.473817 4.861215
v -0.503076 0.493232 4.882792
v -0.490437 0.493232 4.882792
v -0.503076 0.493232 4.852278
v -0.490437 0.493232 4.852278
v -0.502270 0.494149 4.881484
v -0.491243 0.494149 4.881484
v -0.502270 0.494149 4.853585
v -0.491243 0.494149 4.853585
v -0.481500 0.462928 4.867535
v -0.512013 0.462928 4.867535
v -0.490437 0.462928 4.867535
v -0.503076 0.462928 4.867535
v -0.481500 0.473817 4.867535
v -0.512013 0.473817 4.867535
v -0.490437 0.476370 4.867535
v -0.503076 0.476370 4.867535
v -0.490437 0.493232 4.867535
v -0.503076 0.493232 4.867535
v -0.491243 0.494149 4.867535
v -0.502270 0.494149 4.867535
v -0.499916 0.462928 4.882792
v -0.493597 0.462928 4.882792
v -0.499916 0.462928 4.852278
v -0.493597 0.462928 4.852278
v -0.499916 0.476370 4.852278
v -0.493597 0.476370 4.852278
v -0.499916 0.493232 4.882792
v -0.493597 0.493232 4.882792
v -0.499916 0.493232 4.852278
v -0.493597 0.493232 4.852278
v -0.499513 0.494149 4.881484
v -0.499513 0.494149 4.853585
v -0.494000 0.494149 4.853585
v -0.499513 0.494149 4.867535
v -0.494000 0.494149 4.867535
v -0.493597 0.462928 4.867535
v -0.499916 0.462928 4.867535
v -0.498304 0.494149 4.868744
v -0.495209 0.494149 4.868744
v -0.498707 0.493146 4.882915
v -0.498304 0.494062 4.881607
v -0.494806 0.493146 4.882915
v -0.495209 0.494062 4.881607
v -0.499916 0.476370 4.882792
v -0.493597 0.476370 4.882792
v -0.494000 0.494149 4.881484
v -0.498707 0.477579 4.882792
v -0.494806 0.477579 4.882792
v -0.544492 0.462928 4.725269
v -0.553429 0.462928 4.746846
v -0.544492 0.462928 4.755783
v -0.531853 0.462928 4.755783
v -0.522916 0.462928 4.746846
v -0.522916 0.462928 4.734207
v -0.531853 0.462928 4.725269
v -0.553429 0.462928 4.734207
v -0.544492 0.476370 4.725269
v -0.553429 0.473817 4.746846
v -0.544492 0.476370 4.755783
v -0.531853 0.476370 4.755783
v -0.522916 0.473817 4.746846
v -0.522916 0.473817 4.734207
v -0.531853 0.476370 4.725269
v -0.553429 0.473817 4.734207
v -0.544492 0.493232 4.755783
v -0.531853 0.493232 4.755783
v -0.544492 0.493232 4.725269
v -0.531853 0.493232 4.725269
v -0.543686 0.494149 4.754476
v -0.532659 0.494149 4.754476
v -0.543686 0.494149 4.726577
v -0.532659 0.494149 4.726577
v -0.522916 0.462928 4.740526
v -0.553429 0.462928 4.740526
v -0.531853 0.462928 4.740526
v -0.544492 0.462928 4.740526
v -0.522916 0.473817 4.740526
v -0.553429 0.473817 4.740526
v -0.531853 0.476370 4.740526
v -0.544492 0.476370 4.740526
v -0.531853 0.493232 4.740526
v -0.544492 0.493232 4.740526
v -0.532659 0.494149 4.740526
v -0.543686 0.494149 4.740526
v -0.541332 0.462928 4.755783
v -0.535013 0.462928 4.755783
v -0.541332 0.462928 4.725269
v -0.535013 0.462928 4.725269
v -0.541332 0.476370 4.725269
v -0.535013 0.476370 4.725269
v -0.541332 0.493232 4.755783
v -0.535013 0.493232 4.755783
v -0.541332 0.493232 4.725269
v -0.535013 0.493232 4.725269
v -0.540929 0.494149 4.754476
v -0.540929 0.494149 4.726577
v -0.535416 0.494149 4.726577
v -0.540929 0.494149 4.740526
v -0.535416 0.494149 4.740526
v -0.535013 0.462928 4.740526
v -0.541332 0.462928 4.740526
v -0.539720 0.494149 4.741735
v -0.536625 0.494149 4.741735
v -0.540123 0.493146 4.755906
v -0.539720 0.494062 4.754599
v -0.536222 0.493146 4.755906
v -0.536625 0.494062 4.754599
v -0.541332 0.476370 4.755783
v -0.535013 0.476370 4.755783
v -0.535416 0.494149 4.754476
v -0.540123 0.477579 4.755783
v -0.536222 0.477579 4.755783
v -0.565411 0.466812 4.768176
v -0.572323 0.466812 4.784862
v -0.565411 0.466812 4.791774
v -0.555636 0.466812 4.791774
v -0.548725 0.466812 4.784862
v -0.548725 0.466812 4.775087
v -0.555636 0.466812 4.768176
v -0.572323 0.466812 4.775087
v -0.565411 0.477208 4.768176
v -0.572323 0.475233 4.784862
v -0.565411 0.477208 4.791774
v -0.555636 0.477208 4.791774
v -0.548725 0.475233 4.784862
v -0.548725 0.475233 4.775087
v -0.555636 0.477208 4.768176
v -0.572323 0.475233 4.775087
v -0.565411 0.490249 4.791774
v -0.555636 0.490249 4.791774
v -0.565411 0.490249 4.768176
v -0.555636 0.490249 4.768176
v -0.564788 0.490957 4.790762
v -0.556260 0.490957 4.790762
v -0.564788 0.490957 4.769186
v -0.556260 0.490957 4.769186
v -0.548725 0.466812 4.779974
v -0.572323 0.466812 4.779974
v -0.555636 0.466812 4.779974
v -0.565411 0.466812 4.779974
v -0.548725 0.475233 4.779974
v -0.572323 0.475233 4.779974
v -0.555636 0.477208 4.779974
v -0.565411 0.477208 4.779974
v -0.555636 0.490249 4.779974
v -0.565411 0.490249 4.779974
v -0.556260 0.490957 4.779974
v -0.564788 0.490957 4.779974
v -0.562967 0.466812 4.791774
v -0.558080 0.466812 4.791774
v -0.562967 0.466812 4.768176
v -0.558080 0.466812 4.768176
v -0.562967 0.477208 4.768176
v -0.558080 0.477208 4.768176
v -0.562967 0.490249 4.791774
v -0.558080 0.490249 4.791774
v -0.562967 0.490249 4.768176
v -0.558080 0.490249 4.768176
v -0.562656 0.490957 4.790762
v -0.562656 0.490957 4.769186
v -0.558392 0.490957 4.769186
v -0.562656 0.490957 4.779974
v -0.558392 0.490957 4.779974
v -0.558080 0.466812 4.779974
v -0.562967 0.466812 4.779974
v -0.561720 0.490957 4.780910
v -0.559327 0.490957 4.780910
v -0.562032 0.490182 4.791869
v -0.561721 0.490891 4.790858
v -0.559015 0.490182 4.791869
v -0.559327 0.490891 4.790858
v -0.562967 0.477208 4.791774
v -0.558080 0.477208 4.791774
v -0.558392 0.490957 4.790762
v -0.562032 0.478143 4.791774
v -0.559015 0.478143 4.791774
v -0.530102 0.467736 4.558746
v -0.530102 0.467736 4.577672
v -0.522764 0.473409 4.566084
v -0.522764 0.473409 4.570335
v -0.511176 0.467736 4.558746
v -0.511176 0.467736 4.577672
v -0.518513 0.473409 4.566084
v -0.518513 0.473409 4.570335
v -0.530102 0.473309 4.577672
v -0.530102 0.473309 4.558746
v -0.511176 0.473309 4.558746
v -0.511176 0.473309 4.577672
v -0.525199 0.492510 4.572770
v -0.525199 0.492510 4.563649
v -0.516079 0.492510 4.563649
v -0.516079 0.492510 4.572770
v -0.522953 0.495580 4.570524
v -0.522953 0.495580 4.565895
v -0.518324 0.495580 4.565895
v -0.518324 0.495580 4.570524
v -0.530102 0.467736 4.587136
v -0.530102 0.467736 4.606062
v -0.522764 0.473409 4.594473
v -0.522764 0.473409 4.598724
v -0.511176 0.467736 4.587136
v -0.511176 0.467736 4.606062
v -0.518513 0.473409 4.594473
v -0.518513 0.473409 4.598724
v -0.530102 0.473309 4.606062
v -0.530102 0.473309 4.587136
v -0.511176 0.473309 4.587136
v -0.511176 0.473309 4.606062
v -0.525199 0.492510 4.601159
v -0.525199 0.492510 4.592039
v -0.516079 0.492510 4.592039
v -0.516079 0.492510 4.601159
v -0.522953 0.495580 4.598914
v -0.522953 0.495580 4.594284
v -0.518324 0.495580 4.594284
v -0.518324 0.495580 4.598914
v -0.530102 0.467736 4.615525
v -0.530102 0.467736 4.634451
v -0.522764 0.473409 4.622862
v -0.522764 0.473409 4.627114
v -0.511176 0.467736 4.615525
v -0.511176 0.467736 4.634451
v -0.518513 0.473409 4.622862
v -0.518513 0.473409 4.627114
v -0.530102 0.473309 4.634451
v -0.530102 0.473309 4.615525
v -0.511176 0.473309 4.615525
v -0.511176 0.473309 4.634451
v -0.525199 0.492510 4.629549
v -0.525199 0.492510 4.620428
v -0.516079 0.492510 4.620428
v -0.516079 0.492510 4.629549
v -0.522953 0.495580 4.627303
v -0.522953 0.495580 4.622674
v -0.518324 0.495580 4.622674
v -0.518324 0.495580 4.627303
v -0.530102 0.467736 4.643914
v -0.530102 0.467736 4.662840
v -0.522764 0.473409 4.651252
v -0.522764 0.473409 4.655503
v -0.511176 0.467736 4.643914
v -0.511176 0.467736 4.662840
v -0.518513 0.473409 4.651252
v -0.518513 0.473409 4.655503
v -0.530102 0.473309 4.662840
v -0.530102 0.473309 4.643914
v -0.511176 0.473309 4.643914
v -0.511176 0.473309 4.662840
v -0.525199 0.492510 4.657938
v -0.525199 0.492510 4.648818
v -0.516079 0.492510 4.648818
v -0.516079 0.492510 4.657938
v -0.522953 0.495580 4.655692
v -0.522953 0.495580 4.651063
v -0.518324 0.495580 4.651063
v -0.518324 0.495580 4.655692
v -0.458927 0.467736 4.986808
v -0.458927 0.467736 4.967882
v -0.466264 0.473409 4.979471
v -0.466264 0.473409 4.975219
v -0.477853 0.467736 4.986808
v -0.477853 0.467736 4.967882
v -0.470516 0.473409 4.979471
v -0.470516 0.473409 4.975219
v -0.458927 0.473309 4.967882
v -0.458927 0.473309 4.986808
v -0.477853 0.473309 4.986808
v -0.477853 0.473309 4.967882
v -0.463830 0.492510 4.972785
v -0.463830 0.492510 4.981905
v -0.472950 0.492510 4.981905
v -0.472950 0.492510 4.972785
v -0.466075 0.495580 4.975030
v -0.466075 0.495580 4.979660
v -0.470704 0.495580 4.979660
v -0.470704 0.495580 4.975030
v -0.494887 0.467736 4.986808
v -0.494887 0.467736 4.967882
v -0.502224 0.473409 4.979471
v -0.502224 0.473409 4.975219
v -0.513813 0.467736 4.986808
v -0.513813 0.467736 4.967882
v -0.506475 0.473409 4.979471
v -0.506475 0.473409 4.975219
v -0.494887 0.473309 4.967882
v -0.494887 0.473309 4.986808
v -0.513813 0.473309 4.986808
v -0.513813 0.473309 4.967882
v -0.499790 0.492510 4.972785
v -0.499790 0.492510 4.981905
v -0.508910 0.492510 4.981905
v -0.508910 0.492510 4.972785
v -0.502035 0.495580 4.975030
v -0.502035 0.495580 4.979660
v -0.506664 0.495580 4.979660
v -0.506664 0.495580 4.975030
v -0.414749 0.467736 5.040714
v -0.414749 0.467736 5.021788
v -0.422087 0.473409 5.033377
v -0.422087 0.473409 5.029125
v -0.433676 0.467736 5.040714
v -0.433676 0.467736 5.021788
v -0.426338 0.473409 5.033377
v -0.426338 0.473409 5.029125
v -0.414749 0.473309 5.021788
v -0.414749 0.473309 5.040714
v -0.433676 0.473309 5.040714
v -0.433676 0.473309 5.021788
v -0.419652 0.492510 5.026691
v -0.419652 0.492510 5.035811
v -0.428773 0.492510 5.035811
v -0.428773 0.492510 5.026691
v -0.421898 0.495580 5.028936
v -0.421898 0.495580 5.033566
v -0.426527 0.495580 5.033566
v -0.426527 0.495580 5.028936
v -0.494951 0.467736 4.935532
v -0.494951 0.467736 4.916605
v -0.502289 0.473409 4.928194
v -0.502289 0.473409 4.923943
v -0.513878 0.467736 4.935532
v -0.513878 0.467736 4.916605
v -0.506540 0.473409 4.928194
v -0.506540 0.473409 4.923943
v -0.494951 0.473309 4.916605
v -0.494951 0.473309 4.935532
v -0.513878 0.473309 4.935532
v -0.513878 0.473309 4.916605
v -0.499854 0.492510 4.921508
v -0.499854 0.492510 4.930628
v -0.508975 0.492510 4.930628
v -0.508975 0.492510 4.921508
v -0.502100 0.495580 4.923754
v -0.502100 0.495580 4.928383
v -0.506729 0.495580 4.928383
v -0.506729 0.495580 4.923754
v -0.422967 0.467736 4.986808
v -0.422967 0.467736 4.967882
v -0.430304 0.473409 4.979471
v -0.430304 0.473409 4.975219
v -0.441893 0.467736 4.986808
v -0.441893 0.467736 4.967882
v -0.434556 0.473409 4.979471
v -0.434556 0.473409 4.975219
v -0.422967 0.473309 4.967882
v -0.422967 0.473309 4.986808
v -0.441893 0.473309 4.986808
v -0.441893 0.473309 4.967882
v -0.427870 0.492510 4.972785
v -0.427870 0.492510 4.981905
v -0.436990 0.492510 4.981905
v -0.436990 0.492510 4.972785
v -0.430115 0.495580 4.975030
v -0.430115 0.495580 4.979660
v -0.434745 0.495580 4.979660
v -0.434745 0.495580 4.975030
v -0.366376 0.467736 4.867562
v -0.366376 0.467736 4.848636
v -0.373714 0.473409 4.860225
v -0.373714 0.473409 4.855973
v -0.385303 0.467736 4.867562
v -0.385303 0.467736 4.848636
v -0.377965 0.473409 4.860225
v -0.377965 0.473409 4.855973
v -0.366376 0.473309 4.848636
v -0.366376 0.473309 4.867562
v -0.385303 0.473309 4.867562
v -0.385303 0.473309 4.848636
v -0.371279 0.492510 4.853539
v -0.371279 0.492510 4.862659
v -0.380400 0.492510 4.862659
v -0.380400 0.492510 4.853539
v -0.373525 0.495580 4.855784
v -0.373525 0.495580 4.860414
v -0.378154 0.495580 4.860414
v -0.378154 0.495580 4.855784
v -0.422967 0.467736 4.935532
v -0.422967 0.467736 4.916605
v -0.430304 0.473409 4.928194
v -0.430304 0.473409 4.923943
v -0.441893 0.467736 4.935532
v -0.441893 0.467736 4.916605
v -0.434556 0.473409 4.928194
v -0.434556 0.473409 4.923943
v -0.422967 0.473309 4.916605
v -0.422967 0.473309 4.935532
v -0.441893 0.473309 4.935532
v -0.441893 0.473309 4.916605
v -0.427870 0.492510 4.921508
v -0.427870 0.492510 4.930628
v -0.436990 0.492510 4.930628
v -0.436990 0.492510 4.921508
v -0.430115 0.495580 4.923754
v -0.430115 0.495580 4.928383
v -0.434745 0.495580 4.928383
v -0.434745 0.495580 4.923754
v -0.536091 0.467736 4.980024
v -0.536091 0.467736 4.961098
v -0.543428 0.473409 4.972686
v -0.543428 0.473409 4.968435
v -0.555017 0.467736 4.980024
v -0.555017 0.467736 4.961098
v -0.547680 0.473409 4.972686
v -0.547680 0.473409 4.968435
v -0.536091 0.473309 4.961098
v -0.536091 0.473309 4.980024
v -0.555017 0.473309 4.980024
v -0.555017 0.473309 4.961098
v -0.540994 0.492510 4.966001
v -0.540994 0.492510 4.975121
v -0.550114 0.492510 4.975121
v -0.550114 0.492510 4.966001
v -0.543239 0.495580 4.968246
v -0.543239 0.495580 4.972875
v -0.547869 0.495580 4.972875
v -0.547869 0.495580 4.968246
v 0.547538 0.468674 4.876434
v 0.547538 0.478445 4.879384
v 0.547538 0.468674 4.836788
v 0.547538 0.490674 4.836788
v 0.565862 0.468674 4.876434
v 0.565862 0.478445 4.879384
v 0.565862 0.468674 4.836788
v 0.565862 0.490674 4.836788
v 0.577720 0.468674 4.668304
v 0.580670 0.478445 4.668304
v 0.538074 0.468674 4.668304
v 0.538074 0.490674 4.668304
v 0.577720 0.468674 4.649980
v 0.580670 0.478445 4.649980
v 0.538074 0.468674 4.649980
v 0.538074 0.490674 4.649980
v 0.357534 0.725842 5.247978
v 0.357534 0.760464 5.247978
v 0.392156 0.725842 5.247978
v 0.392156 0.760464 5.247978
v 0.357534 0.760464 5.240208
v 0.357534 0.725842 5.240208
v 0.392156 0.725842 5.240208
v 0.392156 0.760464 5.240208
v 0.362450 0.735749 5.240208
v 0.367441 0.730759 5.240208
v 0.358922 0.727230 5.240208
v 0.367441 0.755548 5.240208
v 0.362450 0.750558 5.240208
v 0.358922 0.759076 5.240208
v 0.382250 0.730759 5.240208
v 0.387240 0.735749 5.240208
v 0.390768 0.727230 5.240208
v 0.387240 0.750558 5.240208
v 0.382250 0.755548 5.240208
v 0.390768 0.759076 5.240208
v 0.362450 0.750558 5.242518
v 0.367441 0.755548 5.242518
v 0.367441 0.730759 5.242518
v 0.362450 0.735749 5.242518
v 0.387240 0.735749 5.242518
v 0.382250 0.730759 5.242518
v 0.382250 0.755548 5.242518
v 0.387240 0.750558 5.242518
v 0.330869 0.815873 5.253718
v 0.251025 0.788244 5.752319
v 0.000000 0.788244 5.832452
v 0.317189 0.888273 5.253718
v 0.141700 0.886593 5.660302
v 0.000000 0.888273 5.253718
v 0.000000 0.868277 5.717285
v 0.251263 1.014413 5.253718
v 0.000000 1.014413 5.253718
v 0.251025 0.713443 5.752319
v 0.330869 0.766133 5.253718
v 0.000000 0.766133 5.253718
v 0.000000 0.713443 5.887146
v 0.093309 0.815873 5.253718
v 0.093309 0.888273 5.253718
v 0.093309 0.766133 5.253718
v 0.093309 0.713443 5.887146
v 0.000000 0.233278 5.253718
v 0.093309 0.233278 5.253718
v 0.330869 0.705694 5.706916
v 0.093309 0.705694 5.706916
v 0.093309 0.233278 5.706916
v 0.330869 0.233278 5.253718
v 0.330869 0.233278 5.706916
v 0.460054 0.710332 5.253718
v 0.330869 0.463518 5.253718
v 0.330869 0.439893 5.706916
v 0.552295 0.463518 5.253718
v 0.330869 0.463518 3.373031
v 0.330869 0.063147 3.373031
v 0.609075 0.463518 3.373031
v 0.330869 0.063147 4.669440
v 0.602542 0.463518 4.669440
v 0.330869 0.463518 4.669440
v 0.330869 0.063147 3.986574
v 0.330869 0.463518 3.986574
v 0.606459 0.463518 3.986574
v 0.580127 0.463518 4.953618
v 0.330869 0.063147 4.953618
v 0.330869 0.463518 4.953618
v 0.330869 0.838768 5.151735
v 0.317189 0.931011 5.131893
v 0.251263 1.057151 5.131893
v 0.251263 1.078520 5.054049
v 0.290108 0.972458 5.073383
v 0.321026 0.814177 5.253221
v 0.308126 0.884265 5.252373
v 0.247294 1.005752 5.250680
v 0.321026 0.837072 5.151238
v 0.309141 0.925346 5.130120
v 0.247529 1.048286 5.129159
v 0.247903 1.069437 5.051556
v 0.283101 0.965535 5.071655
v 0.094852 1.057151 5.131893
v 0.092891 1.005360 5.250543
v 0.093008 1.047941 5.129035
v 0.093192 1.069154 5.051478
v 0.094852 1.014413 5.253718
v 0.094852 1.078520 5.054049
v 0.000000 1.057151 5.131893
v 0.000000 1.078520 5.054049
v 0.094852 0.849733 5.253718
v 0.094852 0.905462 5.131893
v 0.000000 0.849733 5.253718
v 0.000000 0.905462 5.131893
v 0.000000 0.941047 5.054049
v 0.084852 0.849733 5.253718
v 0.084852 0.941047 5.054049
v 0.084852 0.766133 5.253718
v 0.084852 0.806388 5.165354
v 0.094852 0.941047 5.054049
v 0.094852 0.766133 5.253718
v 0.094852 0.806388 5.165354
v -0.251025 0.788244 5.752319
v -0.317189 0.888273 5.253718
v -0.141700 0.886593 5.660302
v -0.251263 1.014413 5.253718
v -0.251025 0.713443 5.752319
v -0.330869 0.766133 5.253718
v -0.093309 0.815873 5.253718
v -0.093309 0.888273 5.253718
v -0.093309 0.766133 5.253718
v -0.093309 0.713443 5.887146
v -0.093309 0.233278 5.253718
v -0.330869 0.705694 5.706916
v -0.093309 0.705694 5.706916
v -0.093309 0.233278 5.706916
v -0.330869 0.233278 5.253718
v -0.330869 0.233278 5.706916
v -0.460054 0.710332 5.253718
v -0.330869 0.463518 5.253718
v -0.330869 0.439893 5.706916
v -0.552295 0.463518 5.253718
v -0.330869 0.463518 3.373031
v -0.330869 0.063147 3.373031
v -0.609075 0.463518 3.373031
v -0.330869 0.063147 4.669440
v -0.602542 0.463518 4.669440
v -0.330869 0.463518 4.669440
v -0.330869 0.063147 3.986574
v -0.330869 0.463518 3.986574
v -0.606459 0.463518 3.986574
v -0.580127 0.463518 4.953618
v -0.330869 0.063147 4.953618
v -0.330869 0.463518 4.953618
v -0.330869 0.815873 5.253718
v -0.330869 0.838768 5.151735
v -0.317189 0.931011 5.131893
v -0.251263 1.057151 5.131893
v -0.251263 1.078520 5.054049
v -0.290108 0.972458 5.073383
v -0.321026 0.814177 5.253221
v -0.308126 0.884265 5.252373
v -0.247294 1.005752 5.250680
v -0.321026 0.837072 5.151238
v -0.309141 0.925346 5.130120
v -0.247529 1.048286 5.129159
v -0.247903 1.069437 5.051556
v -0.283101 0.965535 5.071655
v -0.094852 1.014413 5.253718
v -0.094852 1.057151 5.131893
v -0.094852 1.078520 5.054049
v -0.092891 1.005360 5.250543
v -0.093008 1.047941 5.129035
v -0.093192 1.069154 5.051478
v -0.094852 0.849733 5.253718
v -0.094852 0.905462 5.131893
v -0.084852 0.849733 5.253718
v -0.084852 0.941047 5.054049
v -0.084852 0.766133 5.253718
v -0.084852 0.806388 5.165354
v -0.094852 0.941047 5.054049
v -0.094852 0.766133 5.253718
v -0.094852 0.806388 5.165354
v 0.120990 0.230642 5.706916
v 0.306246 0.230642 5.706916
v 0.120990 0.230642 5.599123
v 0.306246 0.230642 5.599123
v 0.120990 0.476125 5.706916
v 0.306246 0.476125 5.706916
v 0.120990 0.476125 5.689914
v 0.306246 0.476125 5.689914
v 0.306246 0.268386 5.599123
v 0.306246 0.268386 5.706916
v 0.120990 0.268386 5.706916
v 0.120990 0.268386 5.599123
v -0.120990 0.230642 5.706916
v -0.306246 0.230642 5.706916
v -0.120990 0.230642 5.599123
v -0.306246 0.230642 5.599123
v -0.120990 0.476125 5.706916
v -0.306246 0.476125 5.706916
v -0.120990 0.476125 5.689914
v -0.306246 0.476125 5.689914
v -0.306246 0.268386 5.599123
v -0.306246 0.268386 5.706916
v -0.120990 0.268386 5.706916
v -0.120990 0.268386 5.599123
v -0.212891 1.101417 5.060413
v -0.195016 1.101417 5.060413
v -0.173270 1.101417 5.060413
v -0.155395 1.101417 5.060413
v -0.212891 1.078812 5.060413
v -0.195016 1.078812 5.060413
v -0.173270 1.078812 5.060413
v -0.155395 1.078812 5.060413
v -0.212891 1.101417 5.057635
v -0.195016 1.101417 5.057635
v -0.173270 1.101417 5.057635
v -0.155395 1.101417 5.057635
v -0.212891 1.078812 5.057635
v -0.195016 1.078812 5.057635
v -0.173270 1.078812 5.057635
v -0.155395 1.078812 5.057635
v -0.232702 1.101417 5.060413
v -0.135585 1.101417 5.060413
v -0.232702 1.078812 5.060413
v -0.135585 1.078812 5.060413
v -0.214826 1.101417 5.060413
v -0.193081 1.101417 5.060413
v -0.175206 1.101417 5.060413
v -0.153460 1.101417 5.060413
v -0.214826 1.078812 5.060413
v -0.193081 1.078812 5.060413
v -0.175206 1.078812 5.060413
v -0.153460 1.078812 5.060413
v -0.153460 1.101417 5.057635
v -0.135585 1.101417 5.057635
v -0.153460 1.078812 5.057635
v -0.135585 1.078812 5.057635
v -0.232702 1.078812 5.057635
v -0.232702 1.101417 5.057635
v -0.214826 1.101417 5.057635
v -0.193081 1.101417 5.057635
v -0.175206 1.101417 5.057635
v -0.214826 1.078812 5.057635
v -0.193081 1.078812 5.057635
v -0.175206 1.078812 5.057635
v 0.212891 1.101417 5.060413
v 0.195016 1.101417 5.060413
v 0.173270 1.101417 5.060413
v 0.155395 1.101417 5.060413
v 0.212891 1.078812 5.060413
v 0.195016 1.078812 5.060413
v 0.173270 1.078812 5.060413
v 0.155395 1.078812 5.060413
v 0.212891 1.101417 5.057635
v 0.195016 1.101417 5.057635
v 0.173270 1.101417 5.057635
v 0.155395 1.101417 5.057635
v 0.212891 1.078812 5.057635
v 0.195016 1.078812 5.057635
v 0.173270 1.078812 5.057635
v 0.155395 1.078812 5.057635
v 0.232702 1.101417 5.060413
v 0.135585 1.101417 5.060413
v 0.232702 1.078812 5.060413
v 0.135585 1.078812 5.060413
v 0.214826 1.101417 5.060413
v 0.193081 1.101417 5.060413
v 0.175206 1.101417 5.060413
v 0.153460 1.101417 5.060413
v 0.214826 1.078812 5.060413
v 0.193081 1.078812 5.060413
v 0.175206 1.078812 5.060413
v 0.153460 1.078812 5.060413
v 0.153460 1.101417 5.057635
v 0.135585 1.101417 5.057635
v 0.153460 1.078812 5.057635
v 0.135585 1.078812 5.057635
v 0.232702 1.078812 5.057635
v 0.232702 1.101417 5.057635
v 0.214826 1.101417 5.057635
v 0.193081 1.101417 5.057635
v 0.175206 1.101417 5.057635
v 0.214826 1.078812 5.057635
v 0.193081 1.078812 5.057635
v 0.175206 1.078812 5.057635
v -0.131321 1.105936 5.086518
v -0.134617 1.102641 5.057536
v -0.236966 1.105936 5.086518
v -0.233669 1.102641 5.057536
v -0.131321 1.063901 5.086518
v -0.134617 1.077588 5.057536
v -0.236966 1.063901 5.086518
v -0.233669 1.077588 5.057536
v -0.236966 1.105936 5.057536
v -0.131321 1.105936 5.057536
v -0.236966 1.074292 5.057536
v -0.131321 1.074292 5.057536
v -0.233669 1.102641 5.060413
v -0.134617 1.102641 5.060413
v -0.233669 1.077588 5.060413
v -0.134617 1.077588 5.060413
v 0.131321 1.105936 5.086518
v 0.134617 1.102641 5.057536
v 0.236966 1.105936 5.086518
v 0.233669 1.102641 5.057536
v 0.131321 1.063901 5.086518
v 0.134617 1.077588 5.057536
v 0.236966 1.063901 5.086518
v 0.233669 1.077588 5.057536
v 0.236966 1.105936 5.057536
v 0.131321 1.105936 5.057536
v 0.236966 1.074292 5.057536
v 0.131321 1.074292 5.057536
v 0.233669 1.102641 5.060413
v 0.134617 1.102641 5.060413
v 0.233669 1.077588 5.060413
v 0.134617 1.077588 5.060413
v 0.080472 0.988640 5.054484
v 0.080472 0.983065 5.067943
v 0.080472 0.969606 5.073517
v 0.080472 0.956147 5.067943
v 0.080472 0.950573 5.054484
v 0.080472 0.956147 5.041025
v 0.080472 0.969606 5.035450
v 0.080472 0.983065 5.041025
v 0.090696 0.983065 5.067943
v 0.090696 0.988640 5.054484
v 0.090696 0.969606 5.073517
v 0.090696 0.956147 5.067943
v 0.090696 0.950573 5.054484
v 0.090696 0.956147 5.041025
v 0.090696 0.969606 5.035450
v 0.090696 0.983065 5.041025
v 0.080472 1.046402 5.054484
v 0.080472 1.040827 5.067943
v 0.080472 1.027369 5.073517
v 0.080472 1.013910 5.067943
v 0.080472 1.008335 5.054484
v 0.080472 1.013910 5.041025
v 0.080472 1.027369 5.035450
v 0.080472 1.040827 5.041025
v 0.090696 1.040827 5.067943
v 0.090696 1.046402 5.054484
v 0.090696 1.027369 5.073517
v 0.090696 1.013910 5.067943
v 0.090696 1.008335 5.054484
v 0.090696 1.013910 5.041025
v 0.090696 1.027369 5.035450
v 0.090696 1.040827 5.041025
v -0.080472 0.988640 5.054484
v -0.080472 0.983065 5.067943
v -0.080472 0.969606 5.073517
v -0.080472 0.956147 5.067943
v -0.080472 0.950573 5.054484
v -0.080472 0.956147 5.041025
v -0.080472 0.969606 5.035450
v -0.080472 0.983065 5.041025
v -0.090696 0.983065 5.067943
v -0.090696 0.988640 5.054484
v -0.090696 0.969606 5.073517
v -0.090696 0.956147 5.067943
v -0.090696 0.950573 5.054484
v -0.090696 0.956147 5.041025
v -0.090696 0.969606 5.035450
v -0.090696 0.983065 5.041025
v -0.080472 1.046402 5.054484
v -0.080472 1.040827 5.067943
v -0.080472 1.027369 5.073517
v -0.080472 1.013910 5.067943
v -0.080472 1.008335 5.054484
v -0.080472 1.013910 5.041025
v -0.080472 1.027369 5.035450
v -0.080472 1.040827 5.041025
v -0.090696 1.040827 5.067943
v -0.090696 1.046402 5.054484
v -0.090696 1.027369 5.073517
v -0.090696 1.013910 5.067943
v -0.090696 1.008335 5.054484
v -0.090696 1.013910 5.041025
v -0.090696 1.027369 5.035450
v -0.090696 1.040827 5.041025
vn -0.0000 0.9942 0.1072
vn -0.0000 -0.9960 -0.0890
vn -0.0000 0.9974 0.0720
vn -0.0000 -0.0631 0.9980
vn 0.0047 -0.2245 0.9745
vn 0.0008 0.9890 0.1477
vn -0.0000 0.9890 0.1477
vn -0.0047 -0.2245 0.9745
vn -0.0008 0.9890 0.1477
vn 0.6898 0.7234 0.0302
vn 0.0705 0.0560 0.9959
vn -0.6898 0.7234 0.0302
vn -0.0705 0.0560 0.9959
vn 0.9691 0.1831 0.1653
vn 0.1693 0.7893 0.5902
vn -0.0009 0.9539 0.3002
vn -0.0000 0.9539 0.3002
vn 0.9874 -0.0000 0.1581
vn -0.0000 -0.0000 -1.0000
vn -0.0000 0.5902 0.8072
vn -0.0324 -0.9950 -0.0949
vn -0.0000 -0.9966 -0.0829
vn 1.0000 -0.0000 -0.0000
vn -0.0000 -0.9912 -0.1322
vn -1.0000 -0.0000 -0.0000
vn -0.0000 1.0000 -0.0000
vn 0.8748 0.4572 0.1604
vn 0.9843 0.1696 0.0497
vn 0.9285 0.3580 0.0983
vn 0.8833 0.4616 -0.0818
vn -0.8824 -0.4437 -0.1567
vn -0.9856 -0.1613 -0.0505
vn -0.9369 -0.3360 -0.0961
vn -0.8906 -0.4456 0.0904
vn -0.0935 -0.0115 0.9956
vn -0.2219 -0.1070 0.9692
vn 0.2001 -0.1898 -0.9612
vn 0.1764 -0.9604 -0.2156
vn -0.0000 0.2647 -0.9643
vn 0.5805 -0.5200 -0.6265
vn 0.4113 -0.0261 -0.9111
vn -0.0000 -0.3310 0.9436
vn 0.0021 -0.9647 -0.2634
vn 0.0025 -0.9438 -0.3305
vn -0.0000 0.9643 0.2647
vn -0.0000 0.9436 0.3310
vn -0.9810 0.1833 0.0638
vn -0.9840 0.1722 0.0460
vn 0.8672 0.4533 0.2060
vn 0.4263 0.8237 0.3738
vn -0.0000 -0.9094 -0.4159
vn -0.0000 -0.9094 -0.4160
vn -0.0000 -0.9095 -0.4158
vn -0.0000 -0.0000 1.0000
vn -0.0000 0.9094 0.4159
vn -0.0000 -0.9100 -0.4146
vn -0.0000 -0.6371 -0.7708
vn -0.9691 0.1831 0.1653
vn -0.1693 0.7893 0.5902
vn 0.0009 0.9539 0.3002
vn -0.9874 -0.0000 0.1581
vn 0.0324 -0.9950 -0.0949
vn -0.8748 0.4572 0.1604
vn -0.9843 0.1696 0.0497
vn -0.9285 0.3580 0.0983
vn -0.8833 0.4616 -0.0818
vn 0.8824 -0.4437 -0.1567
vn 0.9856 -0.1613 -0.0505
vn 0.9369 -0.3360 -0.0961
vn 0.8906 -0.4456 0.0904
vn 0.0935 -0.0115 0.9956
vn 0.2220 -0.1070 0.9692
vn -0.2001 -0.1898 -0.9612
vn -0.1764 -0.9604 -0.2156
vn -0.5805 -0.5200 -0.6265
vn -0.4113 -0.0261 -0.9111
vn -0.0021 -0.9647 -0.2634
vn -0.0025 -0.9438 -0.3305
vn 0.9810 0.1833 0.0638
vn 0.9840 0.1722 0.0460
vn -0.8672 0.4533 0.2060
vn -0.4263 0.8237 0.3738
vn 0.6498 -0.0000 0.7601
vn 0.2070 0.7325 0.6486
vn -0.2070 0.7325 0.6486
vn -0.6498 -0.0000 0.7601
vn -0.0000 -1.0000 -0.0000
vn -0.0000 0.4005 -0.9163
vn -0.0000 -0.9413 -0.3375
vn 0.0001 -0.0000 -1.0000
vn -0.0001 -0.0000 -1.0000
vn -0.9742 0.2161 -0.0647
vn -0.9201 0.3915 0.0073
vn -0.9353 0.3532 0.0193
vn -0.9208 -0.3899 -0.0114
vn -1.0000 -0.0000 0.0036
vn -0.9584 -0.2598 -0.1183
vn -0.9920 0.0205 -0.1244
vn -0.6423 -0.1584 -0.7499
vn -0.9036 -0.4278 -0.0227
vn -0.9999 -0.0000 -0.0128
vn -0.9404 -0.3335 -0.0663
vn -0.9976 0.0107 -0.0680
vn -0.0899 0.2020 -0.9753
vn -0.1645 0.0744 -0.9836
vn -0.2173 -0.0000 -0.9761
vn 0.0051 1.0000 0.0042
vn -0.0000 1.0000 0.0042
vn -0.0000 0.8717 -0.4900
vn 0.0003 0.0007 1.0000
vn -0.0000 0.0008 1.0000
vn 0.0007 0.0016 1.0000
vn -0.0000 0.0016 1.0000
vn -0.0000 -0.0412 0.9991
vn -0.6306 0.7749 0.0428
vn -0.5300 0.8456 0.0645
vn -0.7439 0.6662 -0.0525
vn -0.5073 0.8562 0.0981
vn -0.2787 0.3421 -0.8974
vn 0.9742 0.2161 -0.0647
vn 0.9201 0.3915 0.0073
vn 0.9353 0.3532 0.0193
vn 0.9208 -0.3899 -0.0114
vn 1.0000 -0.0000 0.0036
vn 0.9584 -0.2598 -0.1183
vn 0.9920 0.0205 -0.1244
vn 0.6423 -0.1584 -0.7499
vn 0.9036 -0.4278 -0.0227
vn 0.9999 -0.0000 -0.0128
vn 0.9404 -0.3335 -0.0663
vn 0.9976 0.0107 -0.0680
vn 0.0899 0.2020 -0.9753
vn 0.1645 0.0744 -0.9836
vn 0.2173 -0.0000 -0.9761
vn -0.0051 1.0000 0.0042
vn -0.0003 0.0007 1.0000
vn -0.0007 0.0016 1.0000
vn 0.6306 0.7749 0.0428
vn 0.5300 0.8456 0.0645
vn 0.7439 0.6662 -0.0525
vn 0.5073 0.8562 0.0981
vn 0.2787 0.3421 -0.8974
vn 0.9979 -0.0000 0.0654
vn 0.6500 0.7599 -0.0000
vn -0.0000 0.1348 -0.9909
vn -0.0000 -0.8377 -0.5462
vn 0.6989 0.7152 -0.0000
vn 0.8947 0.4466 -0.0000
vn 0.6239 0.7815 -0.0000
vn 0.6245 0.7810 -0.0000
vn 0.9338 0.3578 -0.0000
vn 0.1010 0.9949 -0.0000
vn 0.6233 0.7820 -0.0000
vn 0.0003 -0.0000 -1.0000
vn -0.0003 -0.0000 -1.0000
vn 0.0006 -0.0000 -1.0000
vn -0.0002 -0.0000 -1.0000
vn -0.0005 -0.0000 -1.0000
vn -0.7072 0.7070 -0.0000
vn -0.7071 -0.7071 -0.0000
vn 0.7072 0.7070 -0.0000
vn 0.7071 -0.7071 -0.0000
vn -0.0000 0.9923 0.1240
vn -0.0000 0.7498 -0.6617
vn -0.9923 -0.0000 0.1240
vn 0.9923 -0.0000 0.1240
vn -0.0000 -0.9923 0.1239
vn -0.7497 -0.0000 -0.6617
vn 0.7498 -0.0000 -0.6617
vn -0.0000 -0.7498 -0.6617
vn -0.0000 0.9923 0.1239
vn -0.9923 -0.0000 0.1239
vn 0.9923 -0.0000 0.1239
vn 0.7497 -0.0000 -0.6617
vn 0.7496 -0.0000 -0.6619
vn -0.7498 -0.0000 -0.6617
vn -0.0000 -0.9923 0.1240
vn -0.7497 -0.0000 -0.6618
vn -0.0000 -0.7496 -0.6619
vn -0.0000 0.7496 -0.6619
vn -0.7496 -0.0000 -0.6618
vn 0.7497 -0.0000 -0.6618
vn -0.9963 -0.0000 0.0861
vn -0.9920 -0.1264 -0.0000
vn -0.0136 0.9999 -0.0000
vn -0.0000 0.9999 -0.0136
vn -0.0000 0.9999 0.0136
vn 0.0136 0.9999 -0.0000
vn 0.8071 0.5904 -0.0000
vn 0.9920 -0.1264 -0.0000
vn -0.0000 -0.1264 -0.9920
vn -0.0000 -0.1264 0.9920
vn -0.0000 0.5903 -0.8072
vn -0.0000 0.5904 0.8071
vn -0.8071 0.5904 -0.0000
vn -0.0000 0.5901 -0.8073
vn -0.0000 0.5903 0.8072
vn 0.2748 0.9615 -0.0000
vn 0.2747 0.9615 -0.0000
vn -0.2748 0.9615 -0.0000
vn -0.2747 0.9615 -0.0000
vn -0.7072 -0.0000 0.7070
vn -0.7071 -0.0000 -0.7071
vn 0.7072 -0.0000 0.7070
vn 0.7071 -0.0000 -0.7071
vn 0.7509 0.6604 -0.0000
vn -0.0000 0.8192 0.5736
vn -0.7509 0.6604 -0.0000
vn -0.0003 0.8188 -0.5740
vn -0.0000 0.8189 -0.5740
vn -0.0004 0.8188 -0.5740
vn 0.0003 0.8189 -0.5740
vn 0.0004 0.8188 -0.5740
vn -0.0000 0.8190 0.5738
vn -0.0004 0.8188 -0.5741
vn 0.0005 0.8190 -0.5738
vn 0.0003 0.8188 -0.5741
vn -0.0000 1.0000 -0.0066
vn -0.0000 1.0000 -0.0061
vn -0.0000 -0.0072 -1.0000
vn -0.0000 -0.0080 -1.0000
vn -0.0334 0.9994 -0.0032
vn 0.0340 0.9994 -0.0032
vn 0.0339 0.9994 -0.0032
vn 0.0481 -0.0038 -0.9988
vn 0.0484 -0.0038 -0.9988
vn -0.0481 -0.0038 -0.9988
vn -0.0483 -0.0038 -0.9988
vn 0.2746 0.9616 -0.0000
vn -0.2746 0.9615 -0.0000
vn -0.7071 -0.0000 0.7071
vn 0.7070 -0.0000 0.7072
vn 0.7070 -0.0000 -0.7072
vn -0.0000 0.8189 0.5739
vn -0.0000 0.8186 0.5743
vn 0.0002 0.8189 -0.5740
vn -0.0000 0.8188 -0.5741
vn -0.0000 0.8186 -0.5744
vn -0.0000 0.8187 -0.5742
vn -0.0000 0.8186 -0.5743
vn -0.0001 0.8189 -0.5740
vn -0.0002 0.8188 -0.5740
vn 0.0001 0.8188 -0.5741
vn -0.0000 0.8183 -0.5747
vn -0.0000 1.0000 -0.0067
vn -0.0000 1.0000 -0.0060
vn -0.0000 1.0000 -0.0059
vn -0.0000 -0.0079 -1.0000
vn -0.0337 0.9994 -0.0032
vn 0.0337 0.9994 -0.0032
vn 0.0489 -0.0038 -0.9988
vn 0.0494 -0.0038 -0.9988
vn -0.0500 -0.0038 -0.9987
vn -0.0497 -0.0038 -0.9988
vn 0.7071 -0.0000 0.7071
vn -0.0000 0.8187 0.5742
vn -0.0002 0.8189 -0.5740
vn -0.0003 0.8187 -0.5742
vn -0.0004 0.8187 -0.5742
vn 0.0002 0.8189 -0.5739
vn -0.0003 0.8189 -0.5739
vn 0.0001 0.8189 -0.5740
vn -0.0003 -0.0072 -1.0000
vn 0.0501 -0.0038 -0.9987
vn -0.0495 -0.0038 -0.9988
vn -0.0494 -0.0038 -0.9988
vn -0.7506 0.6608 -0.0000
vn -0.0000 0.8191 -0.5737
vn -0.0000 0.8190 -0.5737
vn -0.0000 0.8187 -0.5743
vn 0.7510 0.6603 -0.0000
vn 0.0001 0.8190 0.5738
vn -0.0000 0.8191 0.5737
vn 0.7506 0.6608 -0.0000
vn 0.2746 0.9615 -0.0000
vn -0.0000 0.8190 0.5737
vn -0.0001 0.8190 0.5738
vn -0.0001 0.8189 0.5740
vn 0.0001 0.8188 0.5740
vn -0.0001 0.8188 0.5740
vn -0.0000 1.0000 0.0067
vn -0.0000 1.0000 0.0061
vn -0.0000 -0.0071 1.0000
vn -0.0000 -0.0079 1.0000
vn 0.0338 0.9994 0.0032
vn -0.0338 0.9994 0.0032
vn -0.0490 -0.0038 0.9988
vn 0.0490 -0.0038 0.9988
vn -0.2749 0.9615 -0.0000
vn -0.7072 -0.0000 0.7071
vn -0.7504 0.6610 -0.0000
vn -0.7509 0.6605 -0.0000
vn -0.0000 0.8187 0.5743
vn 0.7510 0.6604 -0.0000
vn -0.7508 0.6605 -0.0000
vn 0.0001 0.8189 0.5740
vn 0.0001 0.8187 0.5743
vn 0.0001 0.8189 0.5739
vn -0.0001 0.8186 0.5743
vn 0.0001 0.8186 0.5743
vn -0.0000 1.0000 0.0066
vn -0.0000 1.0000 0.0060
vn 0.0339 0.9994 0.0032
vn -0.0340 0.9994 0.0032
vn -0.0335 0.9994 0.0032
vn -0.0491 -0.0038 0.9988
vn 0.0491 -0.0038 0.9988
vn 0.7071 -0.0000 0.7072
vn -0.7072 -0.0000 -0.7070
vn -0.7507 0.6606 -0.0000
vn -0.0000 0.8193 -0.5733
vn -0.0001 0.8189 0.5739
vn -0.0000 0.8188 -0.5740
vn -0.0001 0.8187 0.5742
vn 0.0001 0.8187 0.5742
vn -0.0001 0.8187 0.5743
vn -0.0000 -0.0072 1.0000
vn -0.0000 -0.0080 1.0000
vn 0.0335 0.9994 0.0032
vn -0.0495 -0.0038 0.9988
vn 0.2749 0.9615 -0.0000
vn -0.0000 0.8189 -0.5739
vn 0.0001 0.8190 0.5737
vn -0.0001 0.8191 0.5737
vn -0.0000 -0.2890 0.9573
vn -0.0000 0.9612 0.2759
vn 0.9573 -0.2889 -0.0000
vn 0.2759 0.9612 -0.0000
vn -0.7510 0.6603 -0.0000
vn 0.7508 0.6605 -0.0000
vn -0.0002 0.8188 0.5741
vn -0.0000 0.8188 0.5741
vn -0.0003 0.8188 0.5740
vn 0.0001 0.8188 0.5741
vn 0.0002 0.8189 0.5740
vn -0.0002 0.8189 0.5739
vn 0.0002 0.8189 0.5739
vn -0.0000 -0.0078 1.0000
vn 0.0340 0.9994 0.0032
vn -0.0488 -0.0038 0.9988
vn 0.0488 -0.0038 0.9988
vn -0.2742 0.9617 -0.0000
vn 0.7072 -0.0000 -0.7070
vn -0.7071 -0.0000 0.7072
vn -0.7510 0.6604 -0.0000
vn 0.7512 0.6601 -0.0000
vn 0.0003 0.8188 0.5741
vn -0.0003 0.8188 0.5741
vn 0.7511 0.6602 -0.0000
vn 0.2738 0.9618 -0.0000
vn -0.0000 0.8190 -0.5739
vn 0.0003 0.8185 0.5745
vn -0.0002 0.8185 0.5746
vn -0.0334 0.9994 0.0032
vn -0.0494 -0.0038 0.9988
vn -0.0000 0.8190 -0.5738
vn -0.0000 0.8191 -0.5736
vn -0.0000 0.8189 0.5740
vn -0.0000 0.8188 0.5740
vn 0.7509 0.6605 -0.0000
vn -0.0001 0.8188 0.5741
vn -0.0000 0.8194 -0.5732
vn 0.0002 0.8192 0.5735
vn 0.0002 0.8192 0.5736
vn -0.0489 -0.0038 0.9988
vn -0.0485 -0.0038 0.9988
vn 0.0485 -0.0038 0.9988
vn -0.0002 0.8192 0.5735
vn -0.0002 0.8192 0.5736
vn -0.0000 -0.0070 1.0000
vn -0.0339 0.9994 0.0032
vn 0.7072 -0.0000 0.7071
vn -0.0001 0.8187 -0.5742
vn 0.7504 0.6610 -0.0000
vn -0.0493 -0.0038 0.9988
vn -0.0000 0.8190 0.5739
vn -0.0486 -0.0038 0.9988
vn 0.0487 -0.0038 0.9988
vn 0.0486 -0.0038 0.9988
vn 0.0493 -0.0038 0.9988
vn -0.0000 0.8192 -0.5735
vn 0.7507 0.6606 -0.0000
vn -0.0000 0.8191 0.5736
vn 0.0001 0.8187 -0.5742
vn -0.0010 0.8189 0.5740
vn -0.0492 -0.0038 0.9988
vn -0.0000 0.5904 -0.8071
vn 0.8072 0.5903 -0.0000
vn -0.8072 0.5903 -0.0000
vn 0.8071 0.5903 -0.0000
vn -0.0000 -0.1265 -0.9920
vn -0.0000 0.5906 -0.8070
vn -0.0000 -0.1265 0.9920
vn -0.0000 0.5906 0.8070
vn 0.9920 -0.1265 -0.0000
vn -0.8071 0.5905 -0.0000
vn -0.9920 -0.1265 -0.0000
vn 0.8071 0.5905 -0.0000
vn -0.8071 0.5903 -0.0000
vn -0.9920 -0.1261 -0.0000
vn -0.0267 0.9996 -0.0000
vn -0.0000 0.9996 -0.0267
vn -0.0000 0.9996 0.0267
vn 0.0267 0.9996 -0.0000
vn 0.7287 0.6848 -0.0000
vn 0.9920 -0.1261 -0.0000
vn -0.0000 -0.1261 -0.9920
vn -0.0000 -0.1260 0.9920
vn -0.0000 0.6848 -0.7287
vn -0.0000 0.6848 0.7287
vn -0.7287 0.6848 -0.0000
vn -0.0000 -0.1260 -0.9920
vn -0.0000 -0.1261 0.9920
vn -0.0000 0.6847 -0.7289
vn 0.9920 -0.1260 -0.0000
vn -0.7286 0.6849 -0.0000
vn -0.0000 0.5898 0.8075
vn -0.8068 0.5908 -0.0000
vn -0.7070 -0.0000 -0.7072
vn -0.0000 0.8192 0.5735
vn -0.7511 0.6602 -0.0000
vn 0.7508 0.6606 -0.0000
vn -0.0000 1.0000 0.0068
vn 0.0342 0.9994 0.0032
vn -0.0342 0.9994 0.0032
vn 0.0489 -0.0038 0.9988
vn 0.7071 -0.0000 -0.7072
vn -0.7510 0.6602 -0.0000
vn 0.7515 0.6597 -0.0000
vn -0.0000 0.8186 0.5744
vn -0.7515 0.6597 -0.0000
vn -0.0496 -0.0038 0.9988
vn 0.0494 -0.0038 0.9988
vn 0.0497 -0.0038 0.9988
vn -0.7071 -0.0000 -0.7072
vn 0.7506 0.6607 -0.0000
vn 0.0001 0.8190 -0.5738
vn -0.0001 0.8190 -0.5738
vn -0.0001 0.8187 -0.5743
vn 0.0001 0.8187 -0.5743
vn 0.0001 0.8186 -0.5743
vn -0.0001 0.8186 -0.5744
vn -0.0000 -0.0071 -1.0000
vn -0.0339 0.9994 -0.0032
vn 0.0334 0.9994 -0.0032
vn 0.0493 -0.0038 -0.9988
vn -0.0486 -0.0038 -0.9988
vn -0.0000 0.9615 -0.2747
vn -0.0000 0.9615 0.2747
vn -0.0000 0.6602 -0.7511
vn 0.5745 0.8185 -0.0000
vn -0.0000 0.6606 0.7508
vn -0.5742 0.8187 -0.0000
vn -0.5741 0.8188 -0.0000
vn -0.0000 0.6602 0.7511
vn 0.5741 0.8188 -0.0000
vn 0.5744 0.8185 -0.0000
vn -0.5743 0.8186 -0.0000
vn -0.5744 0.8186 -0.0000
vn -0.5740 0.8189 -0.0000
vn -0.0067 1.0000 -0.0000
vn -0.0061 1.0000 -0.0000
vn -1.0000 -0.0072 -0.0000
vn -1.0000 -0.0079 -0.0000
vn -0.0032 0.9994 0.0339
vn -0.0032 0.9994 -0.0339
vn -0.9988 -0.0038 -0.0488
vn -0.9988 -0.0038 0.0489
vn -0.0000 0.6608 -0.7506
vn 0.5740 0.8188 -0.0000
vn -0.0000 0.6608 0.7506
vn -0.5743 0.8187 -0.0000
vn -0.5739 0.8189 -0.0000
vn -1.0000 -0.0071 -0.0000
vn -0.0000 0.9615 0.2748
vn -0.0000 0.9615 -0.2748
vn -0.7070 -0.0000 0.7072
vn -0.0000 0.6603 0.7510
vn -0.5735 0.8192 -0.0000
vn -0.0000 0.6603 -0.7510
vn 0.5742 0.8187 0.0001
vn 0.5736 0.8191 -0.0000
vn 0.5738 0.8190 -0.0002
vn 0.5743 0.8187 -0.0001
vn -0.5736 0.8192 -0.0000
vn -0.5736 0.8191 -0.0000
vn 0.5743 0.8187 0.0002
vn 0.5742 0.8187 -0.0002
vn 0.5740 0.8189 -0.0001
vn 0.0066 1.0000 -0.0000
vn 0.0061 1.0000 -0.0000
vn 1.0000 -0.0071 -0.0000
vn 1.0000 -0.0079 -0.0000
vn 0.0032 0.9994 -0.0341
vn 0.0032 0.9994 -0.0342
vn 0.0032 0.9994 0.0342
vn 0.9988 -0.0038 0.0496
vn 0.9988 -0.0038 0.0498
vn 0.9988 -0.0038 0.0497
vn 0.9988 -0.0038 -0.0488
vn 0.5739 0.8190 -0.0001
vn 0.5740 0.8189 -0.0000
vn 0.5738 0.8190 -0.0001
vn -0.0000 0.6602 -0.7510
vn 0.5740 0.8189 0.0001
vn 0.5740 0.8188 0.0001
vn 0.5739 0.8189 -0.0001
vn 0.5741 0.8188 0.0001
vn 1.0000 -0.0072 -0.0000
vn 0.0032 0.9994 0.0345
vn 0.9988 -0.0038 0.0493
vn 0.9988 -0.0038 -0.0493
vn -0.1944 0.9615 0.1943
vn -0.1943 0.9615 0.1943
vn 0.1943 0.9615 -0.1943
vn 0.1944 0.9615 -0.1943
vn 0.7074 0.0001 0.7068
vn 0.7069 -0.0000 0.7073
vn -0.7072 -0.0000 -0.7071
vn -0.7073 -0.0000 -0.7069
vn -0.5308 0.6606 0.5308
vn -0.5308 0.6607 0.5308
vn -0.4057 0.8190 -0.4057
vn 0.5308 0.6607 -0.5308
vn 0.5307 0.6608 -0.5307
vn 0.4059 0.8189 0.4058
vn 0.4057 0.8190 0.4057
vn 0.4060 0.8189 0.4058
vn 0.5309 0.6605 -0.5309
vn -0.5308 0.6606 0.5309
vn -0.1940 0.9616 0.1943
vn 0.4057 0.8190 0.4058
vn 0.4058 0.8189 0.4058
vn -0.4058 0.8190 -0.4057
vn -0.4059 0.8189 -0.4058
vn 0.7068 -0.0000 0.7074
vn 0.4059 0.8188 0.4060
vn 0.4061 0.8187 0.4060
vn 0.4058 0.8189 0.4059
vn 0.4060 0.8188 0.4060
vn 0.0047 1.0000 0.0047
vn 0.0042 1.0000 0.0043
vn 0.7073 -0.0072 0.7069
vn 0.7070 -0.0079 0.7071
vn 0.0259 0.9994 -0.0214
vn 0.0261 0.9994 -0.0217
vn -0.0214 0.9994 0.0259
vn -0.0218 0.9994 0.0263
vn 0.6720 -0.0038 0.7405
vn 0.7411 -0.0038 0.6713
vn 0.7071 0.0001 0.7071
vn 0.7072 -0.0000 -0.7071
vn -0.5309 0.6606 0.5309
vn -0.5309 0.6605 0.5309
vn 0.5310 0.6604 -0.5310
vn 0.4059 0.8188 0.4058
vn 0.5310 0.6603 -0.5310
vn -0.1943 0.9615 0.1944
vn 0.4056 0.8191 0.4057
vn 0.4057 0.8189 0.4059
vn -0.4060 0.8187 -0.4060
vn 0.4059 0.8188 0.4059
vn 0.4060 0.8188 0.4059
vn 0.7073 -0.0068 0.7069
vn 0.7073 -0.0070 0.7069
vn 0.7071 -0.0079 0.7071
vn 0.0262 0.9994 -0.0217
vn -0.0217 0.9994 0.0262
vn 0.6713 -0.0038 0.7412
vn 0.6714 -0.0038 0.7411
vn 0.7411 -0.0038 0.6714
vn 0.7409 -0.0038 0.6716
vn -0.7068 -0.0000 -0.7074
vn -0.5309 0.6604 0.5310
vn -0.5310 0.6604 0.5310
vn -0.4057 0.8190 -0.4058
vn -0.4056 0.8190 -0.4059
vn -0.4058 0.8189 -0.4058
vn 0.5309 0.6606 -0.5309
vn 0.4060 0.8187 0.4060
vn 0.7075 -0.0072 0.7067
vn 0.7069 -0.0079 0.7072
vn 0.6715 -0.0038 0.7410
vn 0.7408 -0.0038 0.6717
vn 0.1943 0.9615 -0.1944
vn -0.5307 0.6609 0.5307
vn -0.4056 0.8191 -0.4057
vn 0.5308 0.6606 -0.5308
vn 0.5311 0.6603 -0.5310
vn 0.4060 0.8188 0.4058
vn 0.1944 0.9615 -0.1944
vn 0.4057 0.8191 0.4056
vn 0.4062 0.8187 0.4059
vn 0.4061 0.8186 0.4062
vn 0.4063 0.8186 0.4061
vn 0.4063 0.8185 0.4061
vn 0.7067 -0.0070 0.7074
vn 0.7067 -0.0071 0.7074
vn 0.0262 0.9994 -0.0218
vn 0.0263 0.9994 -0.0218
vn 0.0263 0.9994 -0.0219
vn 0.6717 -0.0038 0.7408
vn 0.7072 0.0001 0.7070
vn 0.7073 -0.0000 0.7069
vn -0.7069 -0.0000 -0.7073
vn 0.5307 0.6609 -0.5307
vn 0.4059 0.8190 0.4057
vn 0.4059 0.8189 0.4057
vn 0.5307 0.6607 -0.5308
vn 0.4057 0.8191 0.4057
vn -0.4058 0.8190 -0.4058
vn -0.4056 0.8190 -0.4058
vn 0.4060 0.8187 0.4061
vn 0.4061 0.8188 0.4059
vn 0.4061 0.8187 0.4059
vn 0.7069 -0.0071 0.7072
vn 0.7069 -0.0070 0.7072
vn -0.5311 0.6601 0.5312
vn -0.5310 0.6603 0.5311
vn -0.4057 0.8191 -0.4057
vn 0.4058 0.8190 0.4057
vn 0.5306 0.6610 -0.5306
vn -0.5311 0.6602 0.5311
vn 0.4056 0.8190 0.4058
vn 0.4055 0.8190 0.4059
vn -0.4058 0.8188 -0.4059
vn 0.4058 0.8188 0.4061
vn 0.4059 0.8187 0.4061
vn 0.7069 -0.0071 0.7073
vn 0.7072 -0.0079 0.7070
vn 0.6710 -0.0038 0.7415
vn 0.6707 -0.0038 0.7417
vn -0.1942 0.9615 0.1942
vn 0.1943 0.9615 -0.1942
vn 0.1942 0.9615 -0.1943
vn -0.7074 -0.0000 -0.7069
vn -0.5309 0.6606 0.5308
vn -0.7074 -0.0000 -0.7068
vn -0.4062 0.8186 -0.4060
vn -0.4063 0.8186 -0.4060
vn -0.4061 0.8186 -0.4061
vn 0.5311 0.6603 -0.5311
vn 0.5311 0.6602 -0.5311
vn 0.4062 0.8186 0.4061
vn 0.4061 0.8186 0.4060
vn 0.4063 0.8187 0.4058
vn -0.4060 0.8187 -0.4061
vn -0.4061 0.8187 -0.4060
vn 0.7074 -0.0000 0.7068
vn 0.4057 0.8188 0.4060
vn 0.4059 0.8189 0.4059
vn 0.4057 0.8189 0.4060
vn 0.0048 1.0000 0.0047
vn 0.0043 1.0000 0.0043
vn 0.7071 -0.0072 0.7070
vn 0.7070 -0.0079 0.7072
vn 0.0263 0.9994 -0.0217
vn 0.6716 -0.0038 0.7409
vn 0.6712 -0.0038 0.7413
vn 0.7410 -0.0038 0.6715
vn 0.1942 0.9615 0.1942
vn -0.1942 0.9615 -0.1942
vn 0.7070 -0.0000 -0.7073
vn 0.5310 0.6604 0.5310
vn 0.5312 0.6600 0.5313
vn 0.5312 0.6600 0.5312
vn -0.4061 0.8186 0.4061
vn -0.4060 0.8187 0.4061
vn -0.5310 0.6603 -0.5310
vn 0.4059 0.8188 -0.4059
vn 0.4061 0.8187 -0.4060
vn 0.4058 0.8189 -0.4058
vn 0.4059 0.8189 -0.4058
vn -0.5311 0.6603 -0.5310
vn 0.5312 0.6601 0.5311
vn 0.4059 0.8187 -0.4061
vn 0.4059 0.8187 -0.4062
vn -0.4059 0.8188 0.4059
vn -0.4060 0.8188 0.4060
vn -0.4061 0.8186 0.4062
vn 0.4058 0.8188 -0.4060
vn 0.4057 0.8190 -0.4057
vn 0.4058 0.8190 -0.4056
vn 0.4058 0.8189 -0.4059
vn 0.0048 1.0000 -0.0048
vn 0.0043 1.0000 -0.0043
vn 0.7068 -0.0072 -0.7074
vn 0.7072 -0.0079 -0.7069
vn -0.0219 0.9994 -0.0265
vn 0.0265 0.9994 0.0219
vn 0.7411 -0.0038 -0.6714
vn 0.7407 -0.0038 -0.6718
vn 0.7410 -0.0038 -0.6715
vn 0.6717 -0.0038 -0.7408
vn 0.1942 0.9615 -0.1942
vn -0.7070 -0.0000 -0.7073
vn 0.7073 -0.0000 0.7070
vn 0.5310 0.6603 -0.5311
vn -0.5310 0.6603 0.5310
vn -0.4059 0.8188 -0.4060
vn -0.4059 0.8188 -0.4059
vn 0.4060 0.8187 0.4059
vn 0.7066 -0.0000 0.7076
vn -0.7066 -0.0000 -0.7076
vn -0.0048 1.0000 -0.0048
vn -0.0043 1.0000 -0.0043
vn -0.7072 -0.0071 -0.7070
vn -0.7072 -0.0072 -0.7069
vn -0.7072 -0.0079 -0.7070
vn -0.0265 0.9994 0.0219
vn 0.0219 0.9994 -0.0265
vn -0.6713 -0.0038 -0.7412
vn -0.7411 -0.0038 -0.6714
vn -0.0000 0.6601 -0.7512
vn 0.5743 0.8186 -0.0000
vn 0.5743 0.8187 -0.0000
vn -0.0000 0.6601 0.7512
vn -0.5742 0.8187 -0.0001
vn -0.5742 0.8187 0.0001
vn 0.5744 0.8186 -0.0000
vn -0.5741 0.8188 0.0001
vn -0.5740 0.8189 -0.0001
vn -0.5740 0.8188 0.0001
vn -0.0068 1.0000 -0.0000
vn -0.0060 1.0000 -0.0000
vn -0.0032 0.9994 0.0341
vn -0.0032 0.9994 -0.0341
vn -0.9988 -0.0038 -0.0490
vn -0.9988 -0.0038 0.0490
vn -0.0000 0.8185 -0.5745
vn 0.7505 0.6608 -0.0000
vn -0.0004 0.8188 0.5741
vn -0.0001 0.8190 0.5737
vn 0.0495 -0.0038 0.9988
vn 0.0002 0.8190 0.5738
vn 0.0492 -0.0038 0.9988
vn 0.8068 0.5908 -0.0000
vn -0.0000 0.5905 -0.8070
vn 0.9573 -0.2890 -0.0000
vn -0.3826 0.9239 -0.0000
vn -0.9239 -0.3827 -0.0000
vn 0.3827 -0.9239 -0.0000
vn 0.9239 0.3827 -0.0000
vn -0.9239 0.3827 -0.0000
vn -0.3826 -0.9239 -0.0000
vn 0.9239 -0.3827 -0.0000
vn 0.3827 0.9239 -0.0000
vn -0.3827 0.9239 -0.0000
vn 0.3826 -0.9239 -0.0000
vn -0.3827 -0.9239 -0.0000
vn 0.3826 0.9239 -0.0000
vn -0.9239 -0.3826 -0.0000
vn 0.9239 0.3826 -0.0000
vn -0.9239 0.3826 -0.0000
vn 0.9239 -0.3826 -0.0000
vn -0.0001 -0.0001 -1.0000
vn -0.0000 -0.0001 -1.0000
vn -0.8607 -0.0000 -0.5092
vn -0.0000 0.9700 -0.2432
vn 0.8605 -0.0000 -0.5094
vn -0.8605 -0.0000 -0.5094
vn -0.0000 -0.9700 -0.2432
vn -0.8606 -0.0000 -0.5092
vn 0.8605 -0.0000 -0.5095
vn -0.0000 0.9701 -0.2428
vn -0.8606 -0.0000 -0.5093
vn -0.0000 -0.9701 -0.2429
vn -0.8605 -0.0000 -0.5095
vn -0.0000 0.9701 -0.2429
vn -0.0000 0.9700 -0.2433
vn -0.0000 -0.9701 -0.2428
vn -0.0000 0.9699 -0.2433
vn -0.0000 -0.9699 -0.2433
vn 0.8606 -0.0000 -0.5093
vn -0.0000 -0.9698 -0.2437
vn 0.8606 -0.0000 -0.5092
vn 0.8607 -0.0000 -0.5092
vn -0.7071 0.7071 -0.0000
vn 0.7070 0.7072 -0.0000
vn 0.7070 -0.7072 -0.0000
vn -0.0002 -0.0002 -1.0000
vn 0.0001 -0.0000 1.0000
vn -0.0002 -0.0000 1.0000
vn 0.0002 -0.0000 1.0000
vn -0.0000 -0.0002 -1.0000
vn -0.0001 -0.0000 1.0000
vn -0.0000 0.9239 0.3827
vn -0.0000 0.9239 -0.3827
vn -0.0000 -0.3827 -0.9239
vn -0.0000 -0.9239 0.3826
vn -0.0000 0.3826 0.9239
vn -0.0000 0.3827 -0.9239
vn -0.0000 -0.9239 -0.3826
vn -0.0000 -0.3826 0.9239
vn -0.0000 -0.9239 0.3827
vn -0.0000 -0.9239 -0.3827
vt 0.072328 0.976214
vt 0.072032 0.976214
vt 0.072032 0.975203
vt 0.072497 0.975203
vt 0.072032 0.976862
vt 0.072179 0.976691
vt 0.072032 0.976691
vt 0.071735 0.976214
vt 0.071567 0.975203
vt 0.071885 0.976691
vt 0.071309 0.974689
vt 0.072032 0.974689
vt 0.072032 0.974679
vt 0.071427 0.974679
vt 0.072032 0.974659
vt 0.071509 0.974659
vt 0.072755 0.974689
vt 0.072637 0.974679
vt 0.072555 0.974659
vt 0.072496 0.974360
vt 0.072513 0.974360
vt 0.072499 0.974360
vt 0.072381 0.974360
vt 0.072398 0.974360
vt 0.072395 0.974360
vt 0.074644 0.973562
vt 0.074759 0.974285
vt 0.074740 0.974285
vt 0.074485 0.973696
vt 0.074280 0.973613
vt 0.074280 0.973446
vt 0.074558 0.974285
vt 0.074280 0.974285
vt 0.059178 0.990896
vt 0.059360 0.990896
vt 0.059035 0.990896
vt 0.074280 0.973367
vt 0.074415 0.973367
vt 0.074415 0.974285
vt 0.059379 0.990896
vt 0.057434 0.987713
vt 0.057569 0.987713
vt 0.058900 0.990896
vt 0.074415 0.973628
vt 0.074759 0.973628
vt 0.059567 0.990896
vt 0.059701 0.990896
vt 0.074759 0.976123
vt 0.074759 0.977013
vt 0.075159 0.976123
vt 0.075163 0.977013
vt 0.074759 0.974721
vt 0.075121 0.974721
vt 0.075153 0.975133
vt 0.074759 0.975133
vt 0.075080 0.974285
vt 0.074740 0.974462
vt 0.074558 0.974462
vt 0.074759 0.974433
vt 0.074700 0.974547
vt 0.074558 0.974575
vt 0.074552 0.974290
vt 0.074553 0.974466
vt 0.074728 0.974465
vt 0.074726 0.974287
vt 0.074745 0.974434
vt 0.074745 0.974286
vt 0.074553 0.974579
vt 0.074690 0.974549
vt 0.074417 0.974575
vt 0.074415 0.974579
vt 0.074417 0.974285
vt 0.074414 0.974290
vt 0.074414 0.974466
vt 0.074417 0.974462
vt 0.074280 0.974462
vt 0.074280 0.974575
vt 0.074403 0.974285
vt 0.074403 0.974575
vt 0.074403 0.974414
vt 0.074417 0.974414
vt 0.073916 0.973562
vt 0.073820 0.974285
vt 0.073800 0.974285
vt 0.074074 0.973696
vt 0.074001 0.974285
vt 0.058764 0.990896
vt 0.058621 0.990896
vt 0.074144 0.973367
vt 0.074144 0.974285
vt 0.058420 0.990896
vt 0.058440 0.990896
vt 0.057298 0.987713
vt 0.074144 0.973628
vt 0.073800 0.973628
vt 0.058099 0.990896
vt 0.058232 0.990896
vt 0.073800 0.976123
vt 0.073800 0.977013
vt 0.073396 0.977013
vt 0.073400 0.976123
vt 0.073800 0.974721
vt 0.073800 0.975133
vt 0.073406 0.975133
vt 0.073438 0.974721
vt 0.073479 0.974285
vt 0.074001 0.974462
vt 0.073820 0.974462
vt 0.073800 0.974433
vt 0.074001 0.974575
vt 0.073859 0.974547
vt 0.074007 0.974290
vt 0.073833 0.974287
vt 0.073831 0.974465
vt 0.074007 0.974466
vt 0.073814 0.974286
vt 0.073814 0.974434
vt 0.073869 0.974549
vt 0.074006 0.974579
vt 0.074142 0.974575
vt 0.074144 0.974579
vt 0.074145 0.974290
vt 0.074142 0.974285
vt 0.074145 0.974466
vt 0.074142 0.974462
vt 0.074157 0.974285
vt 0.074157 0.974414
vt 0.074157 0.974575
vt 0.074142 0.974414
vt 0.055597 0.992351
vt 0.055597 0.992508
vt 0.055865 0.992508
vt 0.055865 0.992351
vt 0.055865 0.992376
vt 0.055597 0.992376
vt 0.055246 0.992351
vt 0.054977 0.992351
vt 0.054977 0.992508
vt 0.055246 0.992508
vt 0.055246 0.992376
vt 0.054977 0.992376
vt 0.023459 0.976164
vt 0.023485 0.976164
vt 0.023517 0.976164
vt 0.023542 0.976164
vt 0.023459 0.976168
vt 0.023485 0.976168
vt 0.023517 0.976168
vt 0.023542 0.976168
vt 0.023545 0.976164
vt 0.023571 0.976164
vt 0.023430 0.976164
vt 0.023456 0.976164
vt 0.023488 0.976164
vt 0.023514 0.976164
vt 0.023545 0.976168
vt 0.023571 0.976168
vt 0.023430 0.976168
vt 0.023456 0.976168
vt 0.023488 0.976168
vt 0.023514 0.976168
vt 0.126212 0.976327
vt 0.126059 0.976327
vt 0.126059 0.976285
vt 0.126212 0.976285
vt 0.126208 0.976327
vt 0.126208 0.976323
vt 0.126064 0.976327
vt 0.126064 0.976323
vt 0.072893 0.972882
vt 0.072805 0.972462
vt 0.072830 0.972024
vt 0.072900 0.974689
vt 0.072770 0.973880
vt 0.072889 0.973880
vt 0.072731 0.973879
vt 0.072769 0.972885
vt 0.072674 0.971226
vt 0.072742 0.971925
vt 0.072830 0.971921
vt 0.072736 0.971221
vt 0.072496 0.971108
vt 0.072720 0.974690
vt 0.072295 0.971083
vt 0.072032 0.971064
vt 0.072032 0.972024
vt 0.072032 0.973880
vt 0.072032 0.972462
vt 0.072805 0.972882
vt 0.072773 0.971921
vt 0.072700 0.971221
vt 0.071171 0.972882
vt 0.071233 0.972024
vt 0.071259 0.972462
vt 0.071164 0.974689
vt 0.071175 0.973880
vt 0.071294 0.973880
vt 0.071333 0.973879
vt 0.071295 0.972885
vt 0.071390 0.971226
vt 0.071328 0.971221
vt 0.071233 0.971921
vt 0.071322 0.971925
vt 0.071568 0.971108
vt 0.071344 0.974690
vt 0.071768 0.971083
vt 0.071259 0.972882
vt 0.071291 0.971921
vt 0.071363 0.971221
vt 0.072401 0.973704
vt 0.072401 0.974181
vt 0.073119 0.974181
vt 0.073294 0.974181
vt 0.073119 0.973704
vt 0.072401 0.973254
vt 0.073095 0.973254
vt 0.073294 0.973704
vt 0.073265 0.973254
vt 0.072401 0.972368
vt 0.073095 0.972368
vt 0.077725 0.976027
vt 0.077725 0.976156
vt 0.078195 0.976156
vt 0.078195 0.976139
vt 0.078249 0.976156
vt 0.078249 0.976027
vt 0.077780 0.976156
vt 0.024069 0.976139
vt 0.024484 0.976139
vt 0.077780 0.976139
vt 0.076273 0.955595
vt 0.076319 0.955595
vt 0.076319 0.955641
vt 0.076273 0.955641
vt 0.076744 0.955595
vt 0.076789 0.955595
vt 0.076789 0.955641
vt 0.076744 0.955641
vt 0.076638 0.955595
vt 0.076638 0.955641
vt 0.076684 0.955641
vt 0.076684 0.955595
vt 0.076573 0.955595
vt 0.076573 0.955641
vt 0.076619 0.955641
vt 0.076619 0.955595
vt 0.076508 0.955595
vt 0.076508 0.955641
vt 0.076554 0.955641
vt 0.076554 0.955595
vt 0.076443 0.955595
vt 0.076443 0.955641
vt 0.076489 0.955641
vt 0.076489 0.955595
vt 0.076378 0.955595
vt 0.076378 0.955641
vt 0.076424 0.955641
vt 0.076424 0.955595
vt 0.070261 0.974242
vt 0.070261 0.974288
vt 0.070452 0.974288
vt 0.070452 0.974242
vt 0.070297 0.974288
vt 0.070297 0.974242
vt 0.077033 0.960873
vt 0.077033 0.960874
vt 0.077037 0.960874
vt 0.077037 0.960873
vt 0.077033 0.960871
vt 0.077036 0.960874
vt 0.077036 0.960871
vt 0.076452 0.977479
vt 0.076452 0.977589
vt 0.076604 0.977589
vt 0.076604 0.977479
vt 0.072616 0.974186
vt 0.072616 0.974295
vt 0.072751 0.974295
vt 0.072751 0.974186
vt 0.072262 0.974186
vt 0.072262 0.974295
vt 0.072127 0.974295
vt 0.072127 0.974186
vt 0.071598 0.974244
vt 0.071598 0.974306
vt 0.071770 0.974306
vt 0.071770 0.974244
vt 0.073129 0.974273
vt 0.073129 0.974314
vt 0.073358 0.974314
vt 0.073358 0.974273
vt 0.072806 0.974273
vt 0.072806 0.974314
vt 0.073109 0.974314
vt 0.073109 0.974273
vt 0.071791 0.974236
vt 0.071791 0.974314
vt 0.072072 0.974314
vt 0.072072 0.974236
vt 0.071417 0.974259
vt 0.071417 0.974296
vt 0.071534 0.974296
vt 0.071534 0.974259
vt 0.071372 0.974253
vt 0.071372 0.974296
vt 0.071531 0.974296
vt 0.071531 0.974253
vt 0.071327 0.974247
vt 0.071327 0.974296
vt 0.071532 0.974296
vt 0.071532 0.974247
vt 0.072446 0.974186
vt 0.072446 0.974295
vt 0.072736 0.974295
vt 0.072736 0.974186
vt 0.072432 0.974186
vt 0.072432 0.974295
vt 0.072142 0.974295
vt 0.072142 0.974186
vt 0.072605 0.974186
vt 0.072605 0.974295
vt 0.072273 0.974186
vt 0.072273 0.974295
vt 0.072439 0.974186
vt 0.072439 0.974295
vt 0.072602 0.974295
vt 0.072602 0.974186
vt 0.072276 0.974295
vt 0.072276 0.974186
vt 0.076903 0.975452
vt 0.076903 0.975563
vt 0.077293 0.975563
vt 0.077293 0.975452
vt 0.076888 0.975464
vt 0.076888 0.975575
vt 0.077150 0.975575
vt 0.077237 0.975575
vt 0.077183 0.975575
vt 0.077150 0.975464
vt 0.077021 0.975575
vt 0.077420 0.975464
vt 0.077313 0.975464
vt 0.077450 0.975464
vt 0.077420 0.975575
vt 0.077237 0.975464
vt 0.077313 0.975575
vt 0.077183 0.975464
vt 0.077450 0.975575
vt 0.077021 0.975464
vt 0.077314 0.975452
vt 0.077314 0.975563
vt 0.077486 0.975563
vt 0.077486 0.975452
vt 0.110641 0.973116
vt 0.110641 0.973144
vt 0.087352 0.959294
vt 0.087281 0.959294
vt 0.087299 0.959294
vt 0.110766 0.973144
vt 0.110766 0.973116
vt 0.110730 0.973144
vt 0.110677 0.973144
vt 0.110677 0.973136
vt 0.110730 0.973136
vt 0.110658 0.973144
vt 0.110748 0.973144
vt 0.110748 0.973136
vt 0.110646 0.973144
vt 0.110761 0.973144
vt 0.110658 0.973136
vt 0.173409 0.955060
vt 0.173409 0.955086
vt 0.074070 0.955847
vt 0.074094 0.955847
vt 0.074102 0.955908
vt 0.074062 0.955908
vt 0.173464 0.955086
vt 0.173464 0.955060
vt 0.173425 0.955086
vt 0.173449 0.955086
vt 0.074093 0.955918
vt 0.074071 0.955918
vt 0.173156 0.955980
vt 0.173156 0.956005
vt 0.043157 0.974069
vt 0.043182 0.974069
vt 0.043189 0.974130
vt 0.043149 0.974130
vt 0.173211 0.956005
vt 0.173211 0.955980
vt 0.173171 0.956005
vt 0.173195 0.956005
vt 0.043180 0.974140
vt 0.043158 0.974140
vt 0.173249 0.955980
vt 0.173249 0.956005
vt 0.043251 0.974069
vt 0.043275 0.974069
vt 0.043283 0.974130
vt 0.043243 0.974130
vt 0.173304 0.956005
vt 0.173304 0.955980
vt 0.173264 0.956005
vt 0.173289 0.956005
vt 0.043274 0.974140
vt 0.043252 0.974140
vt 0.173343 0.955980
vt 0.173343 0.956005
vt 0.043344 0.974069
vt 0.043369 0.974069
vt 0.043376 0.974130
vt 0.043337 0.974130
vt 0.173398 0.956005
vt 0.173398 0.955980
vt 0.173358 0.956005
vt 0.173383 0.956005
vt 0.043367 0.974140
vt 0.043346 0.974140
vt 0.173394 0.955980
vt 0.173394 0.956005
vt 0.043396 0.974069
vt 0.043420 0.974069
vt 0.043428 0.974130
vt 0.043388 0.974130
vt 0.173449 0.956005
vt 0.173449 0.955980
vt 0.173409 0.956005
vt 0.173434 0.956005
vt 0.043419 0.974140
vt 0.043397 0.974140
vt 0.173162 0.955972
vt 0.173162 0.955998
vt 0.043163 0.974062
vt 0.043188 0.974062
vt 0.043195 0.974123
vt 0.043156 0.974123
vt 0.173217 0.955998
vt 0.173217 0.955972
vt 0.173177 0.955998
vt 0.173202 0.955998
vt 0.043186 0.974133
vt 0.043165 0.974133
vt 0.173264 0.955972
vt 0.173264 0.955998
vt 0.043265 0.974062
vt 0.043290 0.974062
vt 0.043297 0.974123
vt 0.043258 0.974123
vt 0.173319 0.955998
vt 0.173319 0.955972
vt 0.173279 0.955998
vt 0.173304 0.955998
vt 0.043288 0.974133
vt 0.043267 0.974133
vt 0.173148 0.955972
vt 0.173148 0.955998
vt 0.043149 0.974062
vt 0.043174 0.974062
vt 0.043181 0.974123
vt 0.043142 0.974123
vt 0.173203 0.955998
vt 0.173203 0.955972
vt 0.173163 0.955998
vt 0.173188 0.955998
vt 0.043172 0.974133
vt 0.043151 0.974133
vt 0.173374 0.955972
vt 0.173374 0.955998
vt 0.043375 0.974062
vt 0.043400 0.974062
vt 0.043407 0.974123
vt 0.043368 0.974123
vt 0.173429 0.955998
vt 0.173429 0.955972
vt 0.173389 0.955998
vt 0.173414 0.955998
vt 0.043398 0.974133
vt 0.043377 0.974133
vt 0.071966 0.957849
vt 0.071966 0.957905
vt 0.137893 0.957905
vt 0.137931 0.957905
vt 0.072022 0.957905
vt 0.072022 0.957849
vt 0.071626 0.957865
vt 0.071626 0.957917
vt 0.071678 0.957917
vt 0.071678 0.957865
vt 0.071888 0.957849
vt 0.071888 0.957905
vt 0.137815 0.957905
vt 0.137853 0.957905
vt 0.071944 0.957905
vt 0.071944 0.957849
vt 0.071975 0.957905
vt 0.072013 0.957905
vt 0.071897 0.957905
vt 0.071935 0.957905
vt 0.076527 0.976091
vt 0.076527 0.976146
vt 0.076751 0.976146
vt 0.076751 0.976091
vt 0.076127 0.976091
vt 0.076127 0.976146
vt 0.076351 0.976146
vt 0.076351 0.976091
vt 0.076393 0.976091
vt 0.076393 0.976146
vt 0.076617 0.976146
vt 0.076617 0.976091
vt 0.076240 0.976186
vt 0.076240 0.976660
vt 0.076341 0.976660
vt 0.076826 0.976660
vt 0.076341 0.976186
vt 0.076283 0.975694
vt 0.076376 0.975694
vt 0.076826 0.976186
vt 0.076826 0.975694
vt 0.076826 0.975554
vt 0.076376 0.975554
vt 0.072401 0.974477
vt 0.072401 0.974941
vt 0.073327 0.974941
vt 0.073327 0.974477
vt 0.072401 0.974202
vt 0.073327 0.974202
vt 0.076187 0.976980
vt 0.076187 0.978099
vt 0.076857 0.978099
vt 0.076857 0.976980
vt 0.076187 0.976705
vt 0.076857 0.976705
vt 0.076852 0.975914
vt 0.076852 0.976605
vt 0.077030 0.976605
vt 0.077030 0.975914
vt 0.076887 0.977568
vt 0.076887 0.978258
vt 0.077040 0.978258
vt 0.077040 0.977568
vt 0.076887 0.977292
vt 0.077040 0.977292
vt 0.073781 0.954542
vt 0.073742 0.954542
vt 0.073742 0.954581
vt 0.073781 0.954581
vt 0.072823 0.975494
vt 0.072823 0.975462
vt 0.072854 0.975462
vt 0.072854 0.975494
vt 0.073831 0.954542
vt 0.073792 0.954542
vt 0.073792 0.954581
vt 0.073831 0.954581
vt 0.072873 0.975494
vt 0.072873 0.975462
vt 0.072905 0.975462
vt 0.072905 0.975494
vt 0.073881 0.954542
vt 0.073843 0.954542
vt 0.073843 0.954581
vt 0.073881 0.954581
vt 0.072923 0.975494
vt 0.072923 0.975462
vt 0.072955 0.975462
vt 0.072955 0.975494
vt 0.073931 0.954542
vt 0.073893 0.954542
vt 0.073893 0.954581
vt 0.073931 0.954581
vt 0.072974 0.975494
vt 0.072974 0.975462
vt 0.073005 0.975462
vt 0.073005 0.975494
vt 0.073777 0.954546
vt 0.073746 0.954546
vt 0.073746 0.954577
vt 0.073777 0.954577
vt 0.073827 0.954546
vt 0.073796 0.954546
vt 0.073796 0.954577
vt 0.073827 0.954577
vt 0.073878 0.954546
vt 0.073846 0.954546
vt 0.073846 0.954577
vt 0.073878 0.954577
vt 0.073928 0.954546
vt 0.073896 0.954546
vt 0.073896 0.954577
vt 0.073928 0.954577
vt 0.073781 0.954480
vt 0.073742 0.954480
vt 0.073742 0.954519
vt 0.073781 0.954519
vt 0.072823 0.975432
vt 0.072823 0.975401
vt 0.072854 0.975401
vt 0.072854 0.975432
vt 0.073831 0.954480
vt 0.073792 0.954480
vt 0.073792 0.954519
vt 0.073831 0.954519
vt 0.072873 0.975432
vt 0.072873 0.975401
vt 0.072905 0.975401
vt 0.072905 0.975432
vt 0.073881 0.954480
vt 0.073843 0.954480
vt 0.073843 0.954519
vt 0.073881 0.954519
vt 0.072923 0.975432
vt 0.072923 0.975401
vt 0.072955 0.975401
vt 0.072955 0.975432
vt 0.073931 0.954480
vt 0.073893 0.954480
vt 0.073893 0.954519
vt 0.073931 0.954519
vt 0.072974 0.975432
vt 0.072974 0.975401
vt 0.073005 0.975401
vt 0.073005 0.975432
vt 0.073777 0.954484
vt 0.073746 0.954484
vt 0.073746 0.954515
vt 0.073777 0.954515
vt 0.073827 0.954484
vt 0.073796 0.954484
vt 0.073796 0.954515
vt 0.073827 0.954515
vt 0.073878 0.954484
vt 0.073846 0.954484
vt 0.073846 0.954515
vt 0.073878 0.954515
vt 0.073928 0.954484
vt 0.073896 0.954484
vt 0.073896 0.954515
vt 0.073928 0.954515
vt 0.074236 0.954612
vt 0.074236 0.954566
vt 0.074190 0.954566
vt 0.074190 0.954612
vt 0.073271 0.975487
vt 0.073309 0.975487
vt 0.073309 0.975525
vt 0.073271 0.975525
vt 0.074236 0.954673
vt 0.074236 0.954626
vt 0.074190 0.954626
vt 0.074190 0.954673
vt 0.073271 0.975547
vt 0.073309 0.975547
vt 0.073309 0.975585
vt 0.073271 0.975585
vt 0.074236 0.954733
vt 0.074236 0.954687
vt 0.074190 0.954687
vt 0.074190 0.954733
vt 0.073271 0.975608
vt 0.073309 0.975608
vt 0.073309 0.975646
vt 0.073271 0.975646
vt 0.074236 0.954794
vt 0.074236 0.954747
vt 0.074190 0.954747
vt 0.074190 0.954794
vt 0.073271 0.975668
vt 0.073309 0.975668
vt 0.073309 0.975706
vt 0.073271 0.975706
vt 0.074232 0.954608
vt 0.074232 0.954570
vt 0.074194 0.954570
vt 0.074194 0.954608
vt 0.074232 0.954669
vt 0.074232 0.954631
vt 0.074194 0.954631
vt 0.074194 0.954669
vt 0.074232 0.954729
vt 0.074232 0.954691
vt 0.074194 0.954691
vt 0.074194 0.954729
vt 0.074232 0.954789
vt 0.074232 0.954752
vt 0.074194 0.954752
vt 0.074194 0.954789
vt 0.074248 0.954862
vt 0.074295 0.954862
vt 0.074295 0.954816
vt 0.074248 0.954816
vt 0.073368 0.975737
vt 0.073368 0.975774
vt 0.073330 0.975774
vt 0.073330 0.975737
vt 0.074188 0.954862
vt 0.074234 0.954862
vt 0.074234 0.954816
vt 0.074188 0.954816
vt 0.073307 0.975737
vt 0.073307 0.975774
vt 0.073269 0.975774
vt 0.073269 0.975737
vt 0.074253 0.954858
vt 0.074290 0.954858
vt 0.074290 0.954820
vt 0.074253 0.954820
vt 0.074192 0.954858
vt 0.074230 0.954858
vt 0.074230 0.954820
vt 0.074192 0.954820
vt 0.124883 0.956610
vt 0.124883 0.956789
vt 0.125116 0.956789
vt 0.125116 0.956610
vt 0.124906 0.956634
vt 0.125092 0.956634
vt 0.124906 0.956765
vt 0.125092 0.956765
vt 0.154622 0.956765
vt 0.154436 0.956765
vt 0.154436 0.956634
vt 0.154622 0.956634
vt 0.174230 0.957696
vt 0.174230 0.957636
vt 0.075822 0.957673
vt 0.075822 0.957659
vt 0.075815 0.957651
vt 0.075815 0.957680
vt 0.174290 0.957696
vt 0.174290 0.957636
vt 0.174254 0.957659
vt 0.174254 0.957673
vt 0.174267 0.957673
vt 0.174267 0.957659
vt 0.075843 0.957651
vt 0.075843 0.957680
vt 0.075836 0.957673
vt 0.075836 0.957659
vt 0.109095 0.961320
vt 0.109059 0.961320
vt 0.109059 0.961381
vt 0.109095 0.961346
vt 0.109009 0.961320
vt 0.108973 0.961320
vt 0.108973 0.961346
vt 0.109009 0.961381
vt 0.109021 0.961320
vt 0.109021 0.961381
vt 0.108973 0.961295
vt 0.109009 0.961259
vt 0.109059 0.961259
vt 0.109095 0.961295
vt 0.109047 0.961259
vt 0.109056 0.961376
vt 0.109056 0.961320
vt 0.109023 0.961320
vt 0.109023 0.961376
vt 0.109012 0.961376
vt 0.109012 0.961320
vt 0.109056 0.961264
vt 0.109045 0.961264
vt 0.109012 0.961264
vt 0.109023 0.961264
vt 0.109021 0.961259
vt 0.109047 0.961320
vt 0.109045 0.961320
vt 0.109047 0.961381
vt 0.109045 0.961376
vt 0.005426 0.958247
vt 0.005410 0.958247
vt 0.005412 0.958241
vt 0.005424 0.958241
vt 0.005412 0.958190
vt 0.005424 0.958190
vt 0.005426 0.958246
vt 0.005410 0.958246
vt 0.174807 0.957285
vt 0.174822 0.957285
vt 0.174827 0.957285
vt 0.174802 0.957285
vt 0.174821 0.957229
vt 0.174808 0.957229
vt 0.174804 0.957224
vt 0.174826 0.957224
vt 0.174822 0.957286
vt 0.174821 0.957280
vt 0.174826 0.957280
vt 0.174808 0.957280
vt 0.174807 0.957286
vt 0.174804 0.957280
vt 0.038393 0.958554
vt 0.038393 0.958543
vt 0.038393 0.958697
vt 0.038459 0.958697
vt 0.038459 0.958543
vt 0.038459 0.958554
vt 0.174503 0.957860
vt 0.174503 0.957800
vt 0.076095 0.957836
vt 0.076095 0.957823
vt 0.076087 0.957815
vt 0.076087 0.957844
vt 0.174563 0.957860
vt 0.174563 0.957800
vt 0.174526 0.957823
vt 0.174526 0.957836
vt 0.174540 0.957836
vt 0.174540 0.957823
vt 0.076116 0.957815
vt 0.076116 0.957844
vt 0.076109 0.957837
vt 0.076109 0.957822
vt 0.076108 0.957823
vt 0.076108 0.957836
vt 0.076094 0.957837
vt 0.076094 0.957822
vt 0.174503 0.957955
vt 0.174503 0.957895
vt 0.076095 0.957932
vt 0.076095 0.957918
vt 0.076087 0.957911
vt 0.076087 0.957940
vt 0.174563 0.957955
vt 0.174563 0.957895
vt 0.174526 0.957918
vt 0.174526 0.957932
vt 0.174540 0.957932
vt 0.174540 0.957918
vt 0.076116 0.957911
vt 0.076116 0.957940
vt 0.076109 0.957932
vt 0.076109 0.957918
vt 0.076108 0.957918
vt 0.076108 0.957932
vt 0.076094 0.957932
vt 0.076094 0.957918
vt 0.174230 0.957600
vt 0.174230 0.957541
vt 0.075822 0.957577
vt 0.075822 0.957564
vt 0.075815 0.957556
vt 0.075815 0.957585
vt 0.174290 0.957600
vt 0.174290 0.957541
vt 0.174254 0.957564
vt 0.174254 0.957577
vt 0.174267 0.957577
vt 0.174267 0.957564
vt 0.075843 0.957556
vt 0.075843 0.957585
vt 0.075836 0.957578
vt 0.075836 0.957563
vt 0.075836 0.957564
vt 0.075836 0.957577
vt 0.075822 0.957578
vt 0.075822 0.957563
vt 0.174237 0.957860
vt 0.174237 0.957800
vt 0.075829 0.957836
vt 0.075829 0.957823
vt 0.075821 0.957815
vt 0.075821 0.957844
vt 0.174297 0.957860
vt 0.174297 0.957800
vt 0.174260 0.957823
vt 0.174260 0.957836
vt 0.174274 0.957836
vt 0.174274 0.957823
vt 0.075850 0.957815
vt 0.075850 0.957844
vt 0.075843 0.957837
vt 0.075843 0.957822
vt 0.075842 0.957823
vt 0.075842 0.957836
vt 0.075828 0.957837
vt 0.075828 0.957822
vt 0.174237 0.957955
vt 0.174237 0.957895
vt 0.075829 0.957932
vt 0.075829 0.957918
vt 0.075821 0.957911
vt 0.075821 0.957940
vt 0.174297 0.957955
vt 0.174297 0.957895
vt 0.174260 0.957918
vt 0.174260 0.957932
vt 0.174274 0.957932
vt 0.174274 0.957918
vt 0.075850 0.957911
vt 0.075850 0.957940
vt 0.075843 0.957932
vt 0.075843 0.957918
vt 0.075842 0.957918
vt 0.075842 0.957932
vt 0.075828 0.957932
vt 0.075828 0.957918
vt 0.171902 0.956863
vt 0.171902 0.956787
vt 0.073234 0.958113
vt 0.073234 0.958086
vt 0.073227 0.958080
vt 0.073227 0.958120
vt 0.171978 0.956863
vt 0.171978 0.956787
vt 0.171927 0.956811
vt 0.171927 0.956838
vt 0.171954 0.956838
vt 0.171954 0.956811
vt 0.073267 0.958080
vt 0.073267 0.958120
vt 0.073257 0.958110
vt 0.073257 0.958089
vt 0.073261 0.958086
vt 0.073261 0.958113
vt 0.073237 0.958110
vt 0.073237 0.958089
vt 0.080029 0.955460
vt 0.080056 0.955460
vt 0.080056 0.955426
vt 0.080018 0.955426
vt 0.080029 0.955426
vt 0.080018 0.955460
vt 0.080084 0.955460
vt 0.080084 0.955426
vt 0.080095 0.955426
vt 0.080095 0.955460
vt 0.079936 0.955460
vt 0.079963 0.955460
vt 0.079963 0.955426
vt 0.079925 0.955426
vt 0.079936 0.955426
vt 0.079925 0.955460
vt 0.079991 0.955460
vt 0.079991 0.955426
vt 0.080002 0.955426
vt 0.080002 0.955460
vt 0.079843 0.955460
vt 0.079871 0.955460
vt 0.079871 0.955426
vt 0.079832 0.955426
vt 0.079843 0.955426
vt 0.079832 0.955460
vt 0.079898 0.955460
vt 0.079898 0.955426
vt 0.079909 0.955426
vt 0.079909 0.955460
vt 0.079750 0.955460
vt 0.079778 0.955460
vt 0.079739 0.955426
vt 0.079778 0.955426
vt 0.079816 0.955426
vt 0.079750 0.955426
vt 0.079739 0.955460
vt 0.079805 0.955460
vt 0.079805 0.955426
vt 0.079816 0.955460
vt 0.079657 0.955460
vt 0.079685 0.955460
vt 0.079646 0.955426
vt 0.079685 0.955426
vt 0.079724 0.955426
vt 0.079657 0.955426
vt 0.079646 0.955460
vt 0.079712 0.955460
vt 0.079712 0.955426
vt 0.079724 0.955460
vt 0.079565 0.955460
vt 0.079592 0.955460
vt 0.079553 0.955426
vt 0.079592 0.955426
vt 0.079631 0.955426
vt 0.079565 0.955426
vt 0.079553 0.955460
vt 0.079619 0.955460
vt 0.079619 0.955426
vt 0.079631 0.955460
vt 0.079709 0.955386
vt 0.079709 0.955451
vt 0.079774 0.955451
vt 0.079774 0.955386
vt 0.079736 0.955386
vt 0.079736 0.955451
vt 0.079801 0.955451
vt 0.079801 0.955386
vt 0.080005 0.955386
vt 0.080005 0.955451
vt 0.080069 0.955451
vt 0.080069 0.955386
vt 0.079914 0.955386
vt 0.079914 0.955451
vt 0.079979 0.955451
vt 0.079979 0.955386
vt 0.079823 0.955386
vt 0.079823 0.955451
vt 0.079888 0.955451
vt 0.079888 0.955386
vt 0.079814 0.955454
vt 0.079778 0.955454
vt 0.079742 0.955454
vt 0.079742 0.955391
vt 0.079778 0.955391
vt 0.079814 0.955391
vt 0.079753 0.955454
vt 0.079753 0.955391
vt 0.079803 0.955454
vt 0.079803 0.955391
vt 0.080007 0.955386
vt 0.080007 0.955451
vt 0.080062 0.955451
vt 0.080062 0.955386
vt 0.079656 0.955451
vt 0.079624 0.955451
vt 0.079591 0.955451
vt 0.079591 0.955394
vt 0.079624 0.955394
vt 0.079656 0.955394
vt 0.079601 0.955451
vt 0.079601 0.955394
vt 0.079646 0.955451
vt 0.079646 0.955394
vt 0.079598 0.955454
vt 0.079624 0.955454
vt 0.079624 0.955391
vt 0.079588 0.955391
vt 0.079598 0.955391
vt 0.079588 0.955454
vt 0.079649 0.955454
vt 0.079649 0.955391
vt 0.079659 0.955391
vt 0.079659 0.955454
vt 0.079595 0.955386
vt 0.079595 0.955451
vt 0.079650 0.955451
vt 0.079650 0.955386
vt 0.174350 0.956498
vt 0.174350 0.956592
vt 0.174765 0.956592
vt 0.174765 0.956498
vt 0.174454 0.956498
vt 0.174661 0.956592
vt 0.174661 0.956498
vt 0.174454 0.956592
vt 0.174558 0.956498
vt 0.174558 0.956592
vt 0.141954 0.971273
vt 0.142058 0.971273
vt 0.141747 0.971273
vt 0.141851 0.971273
vt 0.141960 0.971282
vt 0.142052 0.971282
vt 0.141753 0.971282
vt 0.141845 0.971282
vt 0.141643 0.971273
vt 0.141649 0.971282
vt 0.141741 0.971282
vt 0.141856 0.971282
vt 0.141949 0.971282
vt 0.087370 0.959294
vt 0.055406 0.992429
vt 0.055406 0.992402
vt 0.055406 0.992374
vt 0.055421 0.992402
vt 0.055421 0.992429
vt 0.055406 0.992382
vt 0.055421 0.992382
vt 0.055406 0.992421
vt 0.055421 0.992421
vt 0.055421 0.992374
vt 0.055173 0.992402
vt 0.055173 0.992429
vt 0.055158 0.992429
vt 0.055158 0.992402
vt 0.055158 0.992374
vt 0.055158 0.992382
vt 0.055173 0.992382
vt 0.055173 0.992421
vt 0.055158 0.992421
vt 0.055173 0.992374
s 1
usemtl マテリアル.004
f 1554/1273/1150 1556/1274/1150 1572/1275/1150 1570/1276/1150
f 1553/1277/1151 1552/1278/1151 1555/1279/1151
f 1552/1278/1152 1555/1279/1152 1556/1274/1152 1554/1273/1152
f 1559/1280/1150 1558/1281/1150 1572/1275/1150 1556/1274/1150
f 1553/1277/1151 1555/1279/1151 1557/1282/1151
f 1557/1282/1152 1559/1280/1152 1556/1274/1152 1555/1279/1152
f 1563/1283/1153 1560/1284/1153 1561/1285/1153 1564/1286/1153
f 1564/1286/1154 1562/1285/1154 1573/1287/1154 1565/1288/1154
f 1565/1288/1155 1573/1287/1156 1572/1275/1156 1558/1281/1155
f 1566/1289/1153 1567/1290/1153 1569/1285/1153 1568/1284/1153
f 1567/1290/1157 1571/1291/1157 1573/1287/1157 1574/1285/1157
f 1571/1291/1158 1570/1276/1158 1572/1275/1156 1573/1287/1156
f 1570/1276/1159 1571/1291/1159 1567/1291/1159 1575/1276/1159
f 1570/1292/1160 1575/1293/1160 1576/1294/1160
f 1565/1288/1161 1558/1281/1161 1577/1281/1161 1564/1288/1161
f 1577/1295/1162 1558/1296/1162 1578/1297/1162
f 7001/1298/1163 7000/1299/1163 7003/1300/1163
f 7004/1301/1164 7006/1302/1164 7002/1303/1164 7001/1298/1164
f 7004/1301/1165 7007/1304/1165 7008/1305/1166 7006/1302/1166
f 7000/1299/1167 7001/1298/1167 7009/1298/1167 7010/1299/1167
f 7007/1306/1168 7003/1307/1168 7014/1308/1168
f 7002/1303/1169 7012/1309/1169 7016/1310/1169
f 7009/1298/1170 7016/1310/1170 7015/1311/1170 7010/1299/1170
f 7015/1308/1168 7013/1308/1168 7000/1312/1168 7010/1312/1168
f 7013/1308/1168 7014/1308/1168 7003/1307/1168 7000/1312/1168
f 7015/1311/1171 7016/1310/1171 7012/1309/1171 7011/1305/1171
f 7005/1313/1168 7014/1314/1168 7015/1314/1168 7011/1313/1168
f 7011/1315/1168 7015/1308/1168 7018/1308/1168 7017/1315/1168
f 7018/1311/1172 7015/1311/1172 7020/1316/1172 7021/1316/1172
f 7015/1311/1173 7010/1299/1173 7019/1317/1173 7020/1316/1173
f 7026/1317/1174 7025/1299/1174 7022/1299/1174 7023/1317/1174
f 7025/1312/1168 7010/1312/1168 7024/1318/1168 7027/1319/1168
f 7010/1312/1168 7000/1312/1168 7024/1318/1168
f 7019/1317/1174 7010/1299/1174 7025/1299/1174 7026/1317/1174
f 7034/1320/1174 7035/1320/1174 7028/1321/1174 7029/1321/1174
f 7035/1320/1175 7036/1322/1175 7030/1323/1175 7028/1321/1175
f 7039/1324/1175 7037/1325/1175 7032/1326/1175 7033/1327/1175
f 7038/1324/1174 7039/1324/1174 7033/1327/1174 7031/1327/1174
f 7033/1327/1175 7032/1326/1175 7036/1322/1175 7035/1320/1175
f 7031/1327/1174 7033/1327/1174 7035/1320/1174 7034/1320/1174
f 7026/1317/1168 7021/1316/1168 7020/1316/1168
f 7022/1299/1174 7025/1299/1174 7039/1324/1174 7038/1324/1174
f 7025/1299/1175 7027/1328/1175 7037/1325/1175 7039/1324/1175
f 7007/1304/1176 7003/1300/1176 7041/1329/1176 7042/1330/1176
f 7003/1300/1177 7000/1299/1177 7040/1331/1177 7041/1329/1177
f 7042/1330/1178 7044/1332/1178 7043/1333/1178
f 7042/1330/1179 7041/1329/1179 7044/1332/1179
f 7047/1334/1180 7050/1335/1180 7049/1336/1180 7046/1337/1180
f 7046/1337/1181 7049/1336/1181 7048/1338/1181 7045/1339/1181
f 7050/1335/1182 7051/1340/1182 7052/1341/1182
f 7050/1335/1183 7052/1341/1183 7049/1336/1183
f 7000/1299/1184 7003/1300/1184 7046/1337/1184 7045/1339/1184
f 7003/1300/1185 7007/1304/1185 7047/1334/1185 7046/1337/1185
f 7041/1329/1186 7040/1331/1186 7048/1338/1186 7049/1336/1186
f 7040/1331/1187 7000/1299/1187 7045/1339/1187 7048/1338/1187
f 7058/1342/1188 7043/1333/1188 7051/1340/1188 7056/1343/1188
f 7044/1332/1189 7041/1329/1189 7049/1336/1189 7052/1341/1189
f 7043/1333/1190 7044/1332/1190 7052/1341/1190 7051/1340/1190
f 7007/1304/1191 7057/1344/1191 7054/1345/1191 7047/1334/1191
f 7050/1335/1192 7055/1346/1192 7056/1343/1192 7051/1340/1192
f 7047/1334/1193 7054/1345/1193 7055/1346/1193 7050/1335/1193
f 7042/1330/1194 7043/1333/1194 7058/1342/1194 7053/1347/1194
f 7007/1304/1195 7042/1330/1195 7053/1347/1195 7057/1344/1195
f 7057/1344/1196 7053/1347/1196 7055/1346/1196 7054/1345/1196
f 7058/1342/1197 7056/1343/1197 7055/1346/1197 7053/1347/1197
f 7001/1298/1198 7003/1300/1198 7007/1304/1198
f 7007/1304/1199 7004/1301/1199 7001/1298/1199
f 7053/1347/1195 7059/1348/1195 7008/1305/1195 7057/1344/1195
f 7058/1342/1194 7060/1349/1194 7059/1348/1194 7053/1347/1194
f 7062/1347/1200 7061/1344/1201 7063/1305/1201 7064/1348/1200
f 7070/1342/1202 7062/1347/1200 7064/1348/1200 7065/1349/1202
f 7053/1347/1172 7057/1344/1172 7061/1344/1172 7062/1347/1172
f 7060/1349/1168 7058/1342/1168 7070/1342/1168 7065/1349/1168
f 7057/1344/1203 7008/1305/1203 7063/1305/1203 7061/1344/1203
f 7058/1342/1172 7053/1347/1172 7062/1347/1172 7070/1342/1172
f 7066/1350/1174 7067/1351/1174 7069/1352/1174 7068/1350/1174
f 7061/1344/1172 7071/1344/1172 7072/1353/1172 7070/1342/1172
f 7067/1351/1204 7066/1350/1204 7061/1344/1204 7070/1342/1204
f 7068/1350/1205 7069/1352/1205 7072/1353/1205 7071/1344/1205
f 7069/1352/1206 7067/1351/1206 7070/1342/1206 7072/1353/1206
f 7066/1350/1203 7068/1350/1203 7071/1344/1203 7061/1344/1203
f 7073/1354/1207 7074/1355/1207 7105/1356/1207
f 7075/1357/1208 7073/1354/1208 7002/1303/1208 7006/1302/1208
f 7075/1357/1209 7006/1302/1166 7008/1305/1166 7076/1358/1209
f 7105/1356/1210 7078/1356/1210 7077/1354/1210 7073/1354/1210
f 7080/1359/1168 7076/1360/1168 7008/1315/1168
f 7082/1361/1169 7012/1309/1169 7002/1303/1169
f 7077/1354/1211 7078/1356/1211 7081/1362/1211 7082/1361/1211
f 7081/1359/1168 7078/1363/1168 7105/1363/1168 7079/1359/1168
f 7079/1359/1168 7105/1363/1168 7074/1364/1168 7080/1359/1168
f 7081/1362/1171 7011/1305/1171 7012/1309/1171 7082/1361/1171
f 7005/1313/1168 7011/1313/1168 7081/1365/1168 7080/1365/1168
f 7011/1315/1168 7017/1315/1168 7083/1359/1168 7081/1359/1168
f 7083/1362/1174 7086/1366/1174 7085/1366/1174 7081/1362/1174
f 7081/1362/1173 7085/1366/1173 7084/1367/1173 7078/1356/1173
f 7091/1367/1172 7088/1367/1172 7087/1356/1172 7090/1356/1172
f 7090/1363/1168 7092/1368/1168 7089/1369/1168 7078/1363/1168
f 7078/1363/1168 7089/1369/1168 7105/1363/1168
f 7084/1367/1172 7091/1367/1172 7090/1356/1172 7078/1356/1172
f 7099/1370/1172 7094/1371/1172 7093/1371/1172 7100/1370/1172
f 7100/1370/1175 7093/1371/1175 7095/1372/1175 7101/1373/1175
f 7104/1374/1175 7098/1375/1175 7097/1376/1175 7102/1377/1175
f 7103/1374/1172 7096/1375/1172 7098/1375/1172 7104/1374/1172
f 7098/1375/1175 7100/1370/1175 7101/1373/1175 7097/1376/1175
f 7096/1375/1172 7099/1370/1172 7100/1370/1172 7098/1375/1172
f 7086/1366/1168 7088/1367/1168 7091/1367/1168
f 7087/1356/1172 7103/1374/1172 7104/1374/1172 7090/1356/1172
f 7090/1356/1175 7104/1374/1175 7102/1377/1175 7092/1378/1175
f 7076/1358/1212 7108/1379/1212 7107/1380/1212 7074/1355/1212
f 7074/1355/1213 7107/1380/1213 7106/1381/1213 7105/1356/1213
f 7108/1379/1214 7109/1382/1214 7110/1383/1214
f 7108/1379/1215 7110/1383/1215 7107/1380/1215
f 7113/1384/1216 7112/1385/1216 7115/1386/1216 7116/1387/1216
f 7112/1385/1217 7111/1388/1217 7114/1389/1217 7115/1386/1217
f 7116/1387/1218 7118/1390/1218 7117/1391/1218
f 7116/1387/1219 7115/1386/1219 7118/1390/1219
f 7105/1356/1220 7111/1388/1220 7112/1385/1220 7074/1355/1220
f 7074/1355/1221 7112/1385/1221 7113/1384/1221 7076/1358/1221
f 7107/1380/1222 7115/1386/1222 7114/1389/1222 7106/1381/1222
f 7106/1381/1223 7114/1389/1223 7111/1388/1223 7105/1356/1223
f 7121/1392/1188 7124/1393/1188 7117/1391/1188 7109/1382/1188
f 7110/1383/1224 7118/1390/1224 7115/1386/1224 7107/1380/1224
f 7109/1382/1225 7117/1391/1225 7118/1390/1225 7110/1383/1225
f 7076/1358/1191 7113/1384/1191 7122/1394/1191 7119/1395/1191
f 7116/1387/1226 7117/1391/1226 7124/1393/1226 7123/1396/1226
f 7113/1384/1227 7116/1387/1227 7123/1396/1227 7122/1394/1227
f 7108/1379/1194 7120/1397/1194 7121/1392/1194 7109/1382/1194
f 7076/1358/1195 7119/1395/1195 7120/1397/1195 7108/1379/1195
f 7119/1395/1228 7122/1394/1228 7123/1396/1228 7120/1397/1228
f 7121/1392/1229 7120/1397/1229 7123/1396/1229 7124/1393/1229
f 7073/1354/1230 7076/1358/1230 7074/1355/1230
f 7076/1358/1231 7073/1354/1231 7075/1357/1231
f 7120/1397/1195 7119/1395/1195 7008/1305/1195 7059/1348/1195
f 7121/1392/1194 7120/1397/1194 7059/1348/1194 7060/1349/1194
f 7126/1397/1200 7064/1348/1200 7063/1305/1201 7125/1395/1201
f 7131/1392/1202 7065/1349/1202 7064/1348/1200 7126/1397/1200
f 7120/1397/1174 7126/1397/1174 7125/1395/1174 7119/1395/1174
f 7060/1349/1168 7065/1349/1168 7131/1392/1168 7121/1392/1168
f 7119/1395/1203 7125/1395/1203 7063/1305/1203 7008/1305/1203
f 7121/1392/1174 7131/1392/1174 7126/1397/1174 7120/1397/1174
f 7127/1398/1172 7129/1398/1172 7130/1399/1172 7128/1400/1172
f 7125/1395/1174 7131/1392/1174 7133/1401/1174 7132/1395/1174
f 7128/1400/1204 7131/1392/1204 7125/1395/1204 7127/1398/1204
f 7129/1398/1205 7132/1395/1205 7133/1401/1205 7130/1399/1205
f 7130/1399/1206 7133/1401/1206 7131/1392/1206 7128/1400/1206
f 7127/1398/1203 7125/1395/1203 7132/1395/1203 7129/1398/1203
f 7014/1308/1168 7005/1315/1168 7008/1315/1168
f 7008/1315/1168 7007/1306/1168 7014/1308/1168
f 7009/1298/1232 7001/1298/1232 7016/1310/1232
f 7001/1298/1233 7002/1303/1233 7016/1310/1233
f 7020/1316/1168 7019/1317/1168 7026/1317/1168
f 7026/1317/1168 7023/1317/1168 7021/1316/1168
f 7008/1315/1168 7005/1315/1168 7080/1359/1168
f 7080/1359/1168 7074/1364/1168 7076/1360/1168
f 7002/1303/1234 7073/1354/1234 7082/1361/1234
f 7073/1354/1235 7077/1354/1235 7082/1361/1235
f 7091/1367/1168 7084/1367/1168 7085/1366/1168
f 7085/1366/1168 7086/1366/1168 7091/1367/1168
f 7134/1402/1236 7136/1403/1236 7137/1404/1236 7135/1405/1236
f 7138/1402/1175 7139/1405/1175 7141/1406/1175 7140/1407/1175
f 7143/1405/1172 7142/1404/1172 7141/1406/1172 7139/1405/1172
f 7144/1402/1203 7143/1405/1203 7139/1405/1203 7138/1402/1203
f 7145/1403/1174 7144/1402/1174 7138/1402/1174 7140/1407/1174
f 7142/1404/1237 7145/1403/1237 7140/1407/1237 7141/1406/1237
f 7137/1404/1168 7136/1403/1168 7145/1403/1168 7142/1404/1168
f 7136/1403/1174 7134/1402/1174 7144/1402/1174 7145/1403/1174
f 7134/1402/1203 7135/1405/1203 7143/1405/1203 7144/1402/1203
f 7135/1405/1172 7137/1404/1172 7142/1404/1172 7143/1405/1172
f 7146/1408/1236 7147/1409/1236 7149/1410/1236 7148/1411/1236
f 7150/1408/1175 7152/1412/1175 7153/1413/1175 7151/1409/1175
f 7155/1409/1174 7151/1409/1174 7153/1413/1174 7154/1410/1174
f 7156/1408/1203 7150/1408/1203 7151/1409/1203 7155/1409/1203
f 7157/1411/1172 7152/1412/1172 7150/1408/1172 7156/1408/1172
f 7154/1410/1237 7153/1413/1237 7152/1412/1237 7157/1411/1237
f 7149/1410/1168 7154/1410/1168 7157/1411/1168 7148/1411/1168
f 7148/1411/1172 7157/1411/1172 7156/1408/1172 7146/1408/1172
f 7146/1408/1203 7156/1408/1203 7155/1409/1203 7147/1409/1203
f 7147/1409/1174 7155/1409/1174 7154/1410/1174 7149/1410/1174
f 7158/1414/1203 7162/1414/1203 7163/1415/1203 7159/1415/1203
f 7160/1416/1203 7164/1416/1203 7165/1417/1203 7161/1417/1203
f 7166/1418/1168 7167/1419/1168 7171/1419/1168 7170/1418/1168
f 7168/1420/1168 7169/1421/1168 7173/1421/1168 7172/1420/1168
f 7158/1414/1175 7159/1415/1175 7167/1419/1175 7166/1418/1175
f 7161/1417/1172 7165/1417/1172 7173/1421/1172 7169/1421/1172
f 7159/1415/1172 7163/1415/1172 7171/1419/1172 7167/1419/1172
f 7165/1417/1236 7164/1416/1236 7172/1420/1236 7173/1421/1236
f 7160/1416/1175 7161/1417/1175 7169/1421/1175 7168/1420/1175
f 7164/1416/1174 7160/1416/1174 7168/1420/1174 7172/1420/1174
f 7162/1414/1174 7158/1414/1174 7166/1418/1174 7170/1418/1174
f 7163/1415/1236 7162/1414/1236 7170/1418/1236 7171/1419/1236
f 7181/1422/1203 7185/1422/1203 7177/1423/1203 7175/1423/1203
f 7174/1424/1203 7176/1424/1203 7182/1425/1203 7178/1425/1203
f 7179/1426/1203 7183/1426/1203 7184/1427/1203 7180/1427/1203
f 7186/1428/1168 7187/1429/1168 7189/1429/1168 7188/1428/1168
f 7191/1430/1168 7192/1431/1168 7195/1431/1168 7190/1430/1168
f 7193/1432/1168 7194/1433/1168 7197/1433/1168 7196/1432/1168
f 7181/1422/1175 7175/1423/1175 7187/1429/1175 7186/1428/1175
f 7184/1427/1236 7183/1426/1236 7196/1432/1236 7197/1433/1236
f 7174/1424/1175 7178/1425/1175 7192/1431/1175 7191/1430/1175
f 7185/1422/1174 7181/1422/1174 7186/1428/1174 7188/1428/1174
f 7177/1423/1236 7185/1422/1236 7188/1428/1236 7189/1429/1236
f 7178/1425/1172 7182/1425/1172 7195/1431/1172 7192/1431/1172
f 7179/1426/1175 7180/1427/1175 7194/1433/1175 7193/1432/1175
f 7175/1423/1172 7177/1423/1172 7189/1429/1172 7187/1429/1172
f 7183/1426/1174 7179/1426/1174 7193/1432/1174 7196/1432/1174
f 7182/1425/1236 7176/1424/1236 7190/1430/1236 7195/1431/1236
f 7176/1424/1174 7174/1424/1174 7191/1430/1174 7190/1430/1174
f 7180/1427/1172 7184/1427/1172 7197/1433/1172 7194/1433/1172
f 7198/1414/1203 7199/1415/1203 7203/1415/1203 7202/1414/1203
f 7200/1416/1203 7201/1417/1203 7205/1417/1203 7204/1416/1203
f 7206/1418/1168 7210/1418/1168 7211/1419/1168 7207/1419/1168
f 7208/1420/1168 7212/1420/1168 7213/1421/1168 7209/1421/1168
f 7198/1414/1175 7206/1418/1175 7207/1419/1175 7199/1415/1175
f 7201/1417/1174 7209/1421/1174 7213/1421/1174 7205/1417/1174
f 7199/1415/1174 7207/1419/1174 7211/1419/1174 7203/1415/1174
f 7205/1417/1236 7213/1421/1236 7212/1420/1236 7204/1416/1236
f 7200/1416/1175 7208/1420/1175 7209/1421/1175 7201/1417/1175
f 7204/1416/1172 7212/1420/1172 7208/1420/1172 7200/1416/1172
f 7202/1414/1172 7210/1418/1172 7206/1418/1172 7198/1414/1172
f 7203/1415/1236 7211/1419/1236 7210/1418/1236 7202/1414/1236
f 7221/1422/1203 7215/1423/1203 7217/1423/1203 7225/1422/1203
f 7214/1424/1203 7218/1425/1203 7222/1425/1203 7216/1424/1203
f 7219/1426/1203 7220/1427/1203 7224/1427/1203 7223/1426/1203
f 7226/1428/1168 7228/1428/1168 7229/1429/1168 7227/1429/1168
f 7231/1430/1168 7230/1430/1168 7235/1431/1168 7232/1431/1168
f 7233/1432/1168 7236/1432/1168 7237/1433/1168 7234/1433/1168
f 7221/1422/1175 7226/1428/1175 7227/1429/1175 7215/1423/1175
f 7224/1427/1236 7237/1433/1236 7236/1432/1236 7223/1426/1236
f 7214/1424/1175 7231/1430/1175 7232/1431/1175 7218/1425/1175
f 7225/1422/1172 7228/1428/1172 7226/1428/1172 7221/1422/1172
f 7217/1423/1236 7229/1429/1236 7228/1428/1236 7225/1422/1236
f 7218/1425/1174 7232/1431/1174 7235/1431/1174 7222/1425/1174
f 7219/1426/1175 7233/1432/1175 7234/1433/1175 7220/1427/1175
f 7215/1423/1174 7227/1429/1174 7229/1429/1174 7217/1423/1174
f 7223/1426/1172 7236/1432/1172 7233/1432/1172 7219/1426/1172
f 7222/1425/1236 7235/1431/1236 7230/1430/1236 7216/1424/1236
f 7216/1424/1172 7230/1430/1172 7231/1430/1172 7214/1424/1172
f 7220/1427/1174 7234/1433/1174 7237/1433/1174 7224/1427/1174
f 7247/1434/1175 7246/1435/1175 7240/1436/1175 7238/1437/1175
f 7249/1434/1238 7242/1437/1238 7244/1436/1238 7248/1435/1238
f 7238/1437/1203 7240/1436/1203 7244/1436/1203 7242/1437/1203
f 7247/1434/1172 7238/1437/1172 7242/1437/1172 7249/1434/1172
f 7239/1438/1174 7243/1438/1174 7253/1439/1174 7251/1439/1174
f 7240/1436/1174 7246/1435/1174 7248/1435/1174 7244/1436/1174
f 7239/1438/1239 7241/1440/1168 7246/1435/1168 7247/1434/1239
f 7245/1440/1168 7243/1438/1239 7249/1434/1239 7248/1435/1168
f 7243/1438/1239 7239/1438/1239 7247/1434/1239 7249/1434/1239
f 7241/1440/1168 7245/1440/1168 7248/1435/1168 7246/1435/1168
f 7250/1441/1168 7251/1439/1168 7253/1439/1168 7252/1441/1168
f 7241/1440/1236 7239/1438/1236 7251/1439/1236 7250/1441/1236
f 7245/1440/1172 7241/1440/1172 7250/1441/1172 7252/1441/1172
f 7243/1438/1175 7245/1440/1175 7252/1441/1175 7253/1439/1175
f 7263/1434/1175 7254/1437/1175 7256/1436/1175 7262/1435/1175
f 7265/1434/1238 7264/1435/1238 7260/1436/1238 7258/1437/1238
f 7254/1437/1203 7258/1437/1203 7260/1436/1203 7256/1436/1203
f 7263/1434/1174 7265/1434/1174 7258/1437/1174 7254/1437/1174
f 7255/1438/1172 7267/1439/1172 7269/1439/1172 7259/1438/1172
f 7256/1436/1172 7260/1436/1172 7264/1435/1172 7262/1435/1172
f 7255/1438/1240 7263/1434/1240 7262/1435/1168 7257/1440/1168
f 7261/1440/1168 7264/1435/1168 7265/1434/1240 7259/1438/1240
f 7259/1438/1240 7265/1434/1240 7263/1434/1240 7255/1438/1240
f 7257/1440/1168 7262/1435/1168 7264/1435/1168 7261/1440/1168
f 7266/1441/1168 7268/1441/1168 7269/1439/1168 7267/1439/1168
f 7257/1440/1236 7266/1441/1236 7267/1439/1236 7255/1438/1236
f 7261/1440/1174 7268/1441/1174 7266/1441/1174 7257/1440/1174
f 7259/1438/1175 7269/1439/1175 7268/1441/1175 7261/1440/1175
f 1594/1442/1241 1588/1443/1241 1593/1444/1241
f 1598/1445/1242 1589/1289/1242 1587/1446/1242 1597/1447/1242
f 1597/1447/1243 1587/1446/1243 1588/1443/1243 1594/1442/1243
f 1612/1448/1244 1596/1447/1244 1595/1442/1244 1609/1449/1244
f 1596/1447/1245 1597/1447/1245 1594/1442/1245 1595/1442/1245
f 1613/1450/1246 1611/1451/1246 1592/1452/1246 1600/1453/1246
f 1600/1453/1247 1592/1452/1247 1593/1444/1247 1601/1453/1247
f 1583/1454/1248 1613/1450/1248 1600/1453/1248
f 1610/1455/1249 1599/1445/1249 1596/1447/1249 1612/1448/1249
f 1599/1445/1250 1598/1445/1250 1597/1447/1250 1596/1447/1250
f 1609/1449/1251 1595/1442/1251 1592/1452/1251 1611/1451/1251
f 1595/1442/1252 1594/1442/1252 1593/1444/1252 1592/1452/1252
f 1584/1456/1253 1583/1454/1253 1600/1453/1253
f 1582/1457/1254 1584/1456/1254 1600/1453/1254 1591/1457/1254
f 1591/1457/1255 1600/1453/1255 1601/1453/1255 1590/1457/1255
f 1601/1453/1256 1593/1444/1256 1602/1458/1257 1590/1457/1257
f 1587/1446/1175 1603/1459/1175 1604/1460/1175 1588/1443/1175
f 1588/1443/1258 1604/1460/1258 1602/1458/1258 1593/1444/1258
f 1589/1289/1175 1605/1284/1175 1603/1459/1175 1587/1446/1175
f 1599/1445/1259 1608/1284/1260 1607/1284/1203 1598/1445/1203
f 1598/1445/1203 1607/1284/1203 1605/1284/1203 1589/1289/1203
f 1610/1455/1261 1606/1284/1262 1608/1284/1260 1599/1445/1259
f 1586/1289/1263 1606/1284/1263 1610/1455/1263
f 1585/1461/1264 1609/1449/1264 1611/1451/1264 1579/1462/1264
f 1586/1289/1265 1610/1455/1265 1612/1448/1265 1580/1446/1265
f 1581/1463/1266 1579/1462/1266 1611/1451/1266 1613/1450/1266
f 1580/1446/1267 1612/1448/1267 1609/1449/1267 1585/1461/1267
f 1583/1454/1268 1581/1463/1268 1613/1450/1268
f 1626/1464/1269 1625/1465/1269 1622/1466/1269
f 1630/1467/1270 1629/1468/1270 1621/1469/1270 1623/1283/1270
f 1629/1468/1271 1626/1464/1271 1622/1466/1271 1621/1469/1271
f 1637/1470/1272 1634/1471/1272 1627/1464/1272 1628/1468/1272
f 1628/1468/1273 1627/1464/1273 1626/1464/1273 1629/1468/1273
f 1638/1472/1274 1632/1473/1274 1624/1474/1274 1636/1475/1274
f 1632/1473/1275 1633/1473/1275 1625/1465/1275 1624/1474/1275
f 1617/1476/1276 1632/1473/1276 1638/1472/1276
f 1635/1477/1277 1637/1470/1277 1628/1468/1277 1631/1467/1277
f 1631/1467/1278 1628/1468/1278 1629/1468/1278 1630/1467/1278
f 1634/1471/1279 1636/1475/1279 1624/1474/1279 1627/1464/1279
f 1627/1464/1280 1624/1474/1280 1625/1465/1280 1626/1464/1280
f 1618/1478/1281 1632/1473/1281 1617/1476/1281
f 1582/1457/1282 1591/1457/1282 1632/1473/1282 1618/1478/1282
f 1591/1457/1283 1590/1457/1283 1633/1473/1283 1632/1473/1283
f 1633/1473/1284 1590/1457/1257 1602/1458/1257 1625/1465/1284
f 1621/1469/1175 1622/1466/1175 1604/1460/1175 1603/1459/1175
f 1622/1466/1258 1625/1465/1258 1602/1458/1258 1604/1460/1258
f 1623/1283/1175 1621/1469/1175 1603/1459/1175 1605/1284/1175
f 1631/1467/1285 1630/1467/1203 1607/1284/1203 1608/1284/1260
f 1630/1467/1203 1623/1283/1203 1605/1284/1203 1607/1284/1203
f 1635/1477/1286 1631/1467/1285 1608/1284/1260 1606/1284/1262
f 1620/1283/1263 1635/1477/1263 1606/1284/1263
f 1619/1479/1287 1614/1480/1287 1636/1475/1287 1634/1471/1287
f 1620/1283/1288 1615/1469/1288 1637/1470/1288 1635/1477/1288
f 1616/1481/1289 1638/1472/1289 1636/1475/1289 1614/1480/1289
f 1615/1469/1290 1619/1479/1290 1634/1471/1290 1637/1470/1290
f 1617/1476/1291 1638/1472/1291 1616/1481/1291
f 1649/1482/1174 1647/1482/1174 1640/1483/1174 1639/1483/1174
f 1651/1484/1168 1652/1484/1168 1642/1485/1168 1641/1485/1168
f 1656/1486/1175 1647/1482/1175 1644/1487/1175 1653/1488/1175
f 1655/1486/1236 1648/1489/1236 1645/1490/1236 1654/1488/1236
f 1648/1489/1292 1650/1489/1292 1646/1490/1292 1645/1490/1292
f 1641/1485/1172 1642/1485/1172 1650/1489/1172 1648/1489/1172
f 1651/1484/1236 1641/1485/1236 1648/1489/1236 1655/1486/1236
f 1652/1484/1175 1640/1483/1175 1647/1482/1175 1656/1486/1175
f 1643/1487/1174 1644/1487/1174 1647/1482/1174 1649/1482/1174
f 1642/1485/1175 1652/1484/1175 1656/1486/1175 1650/1489/1175
f 1639/1483/1236 1651/1484/1236 1655/1486/1236 1649/1482/1236
f 1649/1482/1236 1655/1486/1236 1654/1488/1236 1643/1487/1236
f 1650/1489/1175 1656/1486/1175 1653/1488/1175 1646/1490/1175
f 1639/1483/1168 1640/1483/1168 1652/1484/1168 1651/1484/1168
f 1653/1488/1175 1644/1487/1175 1658/1491/1175 1659/1492/1175
f 1644/1487/1174 1643/1487/1174 1657/1491/1174 1658/1491/1174
f 1643/1487/1236 1654/1488/1236 1660/1492/1236 1657/1491/1236
f 1660/1492/1203 1659/1492/1203 1658/1491/1203 1657/1491/1203
f 1659/1492/1172 1660/1492/1172 1654/1488/1172 1653/1488/1172
f 1653/1488/1203 1654/1488/1203 1645/1490/1203 1646/1490/1203
f 1917/1493/1174 1918/1493/1174 1925/1494/1174 1926/1494/1174
f 1924/1495/1174 1923/1495/1174 1931/1496/1174 1932/1496/1174
f 1927/1497/1172 1928/1497/1172 1922/1498/1172 1921/1498/1172
f 1921/1498/1203 1922/1498/1203 1918/1493/1203 1917/1493/1203
f 1926/1494/1236 1927/1497/1236 1921/1498/1236 1917/1493/1236
f 1928/1497/1175 1925/1494/1175 1918/1493/1175 1922/1498/1175
f 1920/1499/1168 1919/1499/1168 1926/1494/1168 1925/1494/1168
f 1919/1499/1168 1923/1495/1168 1927/1497/1168 1926/1494/1168
f 1924/1495/1168 1920/1499/1168 1925/1494/1168 1928/1497/1168
f 1923/1495/1168 1924/1495/1168 1928/1497/1168 1927/1497/1168
f 1930/1500/1168 1929/1500/1168 1932/1501/1168 1931/1501/1168
f 1923/1495/1175 1919/1499/1175 1930/1502/1175 1931/1496/1175
f 1920/1499/1236 1924/1495/1236 1932/1496/1236 1929/1502/1236
f 1919/1499/1172 1920/1499/1172 1929/1502/1172 1930/1502/1172
f 1933/1493/1172 1942/1494/1172 1941/1494/1172 1934/1493/1172
f 1940/1495/1172 1948/1496/1172 1947/1496/1172 1939/1495/1172
f 1943/1497/1174 1937/1498/1174 1938/1498/1174 1944/1497/1174
f 1937/1498/1203 1933/1493/1203 1934/1493/1203 1938/1498/1203
f 1942/1494/1236 1933/1493/1236 1937/1498/1236 1943/1497/1236
f 1944/1497/1175 1938/1498/1175 1934/1493/1175 1941/1494/1175
f 1936/1499/1168 1941/1494/1168 1942/1494/1168 1935/1499/1168
f 1935/1499/1168 1942/1494/1168 1943/1497/1168 1939/1495/1168
f 1940/1495/1168 1944/1497/1168 1941/1494/1168 1936/1499/1168
f 1939/1495/1168 1943/1497/1168 1944/1497/1168 1940/1495/1168
f 1946/1500/1168 1947/1501/1168 1948/1501/1168 1945/1500/1168
f 1939/1495/1175 1947/1496/1175 1946/1502/1175 1935/1499/1175
f 1936/1499/1236 1945/1502/1236 1948/1496/1236 1940/1495/1236
f 1935/1499/1174 1946/1502/1174 1945/1502/1174 1936/1499/1174
f 1949/1503/1175 1950/1504/1175 1952/1505/1175 1951/1506/1175
f 1951/1506/1168 1952/1505/1168 1956/1505/1168 1955/1506/1168
f 1955/1506/1236 1956/1505/1236 1954/1504/1236 1953/1503/1236
f 1953/1503/1203 1954/1504/1203 1950/1504/1203 1949/1503/1203
f 1951/1506/1174 1955/1506/1174 1953/1503/1174 1949/1503/1174
f 1956/1505/1172 1952/1505/1172 1950/1504/1172 1954/1504/1172
f 1957/1503/1175 1958/1504/1175 1960/1505/1175 1959/1506/1175
f 1959/1506/1168 1960/1505/1168 1964/1505/1168 1963/1506/1168
f 1963/1506/1236 1964/1505/1236 1962/1504/1236 1961/1503/1236
f 1961/1503/1203 1962/1504/1203 1958/1504/1203 1957/1503/1203
f 1959/1506/1174 1963/1506/1174 1961/1503/1174 1957/1503/1174
f 1964/1505/1172 1960/1505/1172 1958/1504/1172 1962/1504/1172
f 1965/1503/1175 1966/1504/1175 1968/1505/1175 1967/1506/1175
f 1967/1506/1168 1968/1505/1168 1972/1505/1168 1971/1506/1168
f 1971/1506/1236 1972/1505/1236 1970/1504/1236 1969/1503/1236
f 1969/1503/1203 1970/1504/1203 1966/1504/1203 1965/1503/1203
f 1967/1506/1174 1971/1506/1174 1969/1503/1174 1965/1503/1174
f 1972/1505/1172 1968/1505/1172 1966/1504/1172 1970/1504/1172
f 1973/1503/1175 1974/1504/1175 1976/1505/1175 1975/1506/1175
f 1975/1506/1168 1976/1505/1168 1980/1505/1168 1979/1506/1168
f 1979/1506/1236 1980/1505/1236 1978/1504/1236 1977/1503/1236
f 1977/1503/1203 1978/1504/1203 1974/1504/1203 1973/1503/1203
f 1975/1506/1174 1979/1506/1174 1977/1503/1174 1973/1503/1174
f 1980/1505/1172 1976/1505/1172 1974/1504/1172 1978/1504/1172
f 1981/1503/1175 1982/1504/1175 1984/1505/1175 1983/1506/1175
f 1983/1506/1168 1984/1505/1168 1988/1505/1168 1987/1506/1168
f 1987/1506/1236 1988/1505/1236 1986/1504/1236 1985/1503/1236
f 1985/1503/1203 1986/1504/1203 1982/1504/1203 1981/1503/1203
f 1983/1506/1174 1987/1506/1174 1985/1503/1174 1981/1503/1174
f 1988/1505/1172 1984/1505/1172 1982/1504/1172 1986/1504/1172
f 1989/1507/1175 1990/1508/1175 1992/1509/1175 1991/1510/1175
f 1991/1510/1168 1992/1509/1168 1996/1509/1168 1995/1510/1168
f 1995/1510/1236 1996/1509/1236 1994/1508/1236 1993/1507/1236
f 1993/1507/1203 1994/1508/1203 1990/1508/1203 1989/1507/1203
f 1991/1510/1174 1995/1510/1174 1993/1507/1174 1989/1507/1174
f 1996/1509/1172 1992/1509/1172 1990/1508/1172 1994/1508/1172
f 1997/1507/1175 1998/1508/1175 2000/1509/1175 1999/1510/1175
f 1999/1510/1168 2000/1509/1168 2004/1509/1168 2003/1510/1168
f 2003/1510/1236 2004/1509/1236 2002/1508/1236 2001/1507/1236
f 2001/1507/1203 2002/1508/1203 1998/1508/1203 1997/1507/1203
f 1999/1510/1174 2003/1510/1174 2001/1507/1174 1997/1507/1174
f 2004/1509/1172 2000/1509/1172 1998/1508/1172 2002/1508/1172
f 2005/1507/1175 2006/1508/1175 2008/1509/1175 2007/1510/1175
f 2007/1510/1168 2008/1509/1168 2012/1509/1168 2011/1510/1168
f 2011/1510/1236 2012/1509/1236 2010/1508/1236 2009/1507/1236
f 2009/1507/1203 2010/1508/1203 2006/1508/1203 2005/1507/1203
f 2007/1510/1174 2011/1510/1174 2009/1507/1174 2005/1507/1174
f 2012/1509/1172 2008/1509/1172 2006/1508/1172 2010/1508/1172
f 2013/1507/1175 2014/1508/1175 2016/1509/1175 2015/1510/1175
f 2015/1510/1168 2016/1509/1168 2020/1509/1168 2019/1510/1168
f 2019/1510/1236 2020/1509/1236 2018/1508/1236 2017/1507/1236
f 2017/1507/1203 2018/1508/1203 2014/1508/1203 2013/1507/1203
f 2015/1510/1174 2019/1510/1174 2017/1507/1174 2013/1507/1174
f 2020/1509/1172 2016/1509/1172 2014/1508/1172 2018/1508/1172
f 2021/1507/1175 2022/1508/1175 2024/1509/1175 2023/1510/1175
f 2023/1510/1168 2024/1509/1168 2028/1509/1168 2027/1510/1168
f 2027/1510/1236 2028/1509/1236 2026/1508/1236 2025/1507/1236
f 2025/1507/1203 2026/1508/1203 2022/1508/1203 2021/1507/1203
f 2023/1510/1174 2027/1510/1174 2025/1507/1174 2021/1507/1174
f 2028/1509/1172 2024/1509/1172 2022/1508/1172 2026/1508/1172
f 2029/1511/1174 2030/1511/1174 2032/1512/1174 2031/1512/1174
f 2031/1512/1168 2032/1512/1168 2036/1513/1168 2035/1513/1168
f 2035/1513/1172 2036/1513/1172 2034/1514/1172 2033/1514/1172
f 2033/1514/1203 2034/1514/1203 2030/1511/1203 2029/1511/1203
f 2031/1512/1236 2035/1513/1236 2033/1514/1236 2029/1511/1236
f 2036/1513/1175 2032/1512/1175 2030/1511/1175 2034/1514/1175
f 2037/1515/1174 2038/1515/1174 2040/1516/1174 2039/1516/1174
f 2039/1516/1168 2040/1516/1168 2044/1517/1168 2043/1517/1168
f 2043/1517/1172 2044/1517/1172 2042/1518/1172 2041/1518/1172
f 2041/1518/1203 2042/1518/1203 2038/1515/1203 2037/1515/1203
f 2039/1516/1236 2043/1517/1236 2041/1518/1236 2037/1515/1236
f 2044/1517/1175 2040/1516/1175 2038/1515/1175 2042/1518/1175
f 2045/1519/1174 2046/1519/1174 2048/1520/1174 2047/1520/1174
f 2047/1520/1168 2048/1520/1168 2052/1521/1168 2051/1521/1168
f 2051/1521/1172 2052/1521/1172 2050/1522/1172 2049/1522/1172
f 2049/1522/1203 2050/1522/1203 2046/1519/1203 2045/1519/1203
f 2047/1520/1236 2051/1521/1236 2049/1522/1236 2045/1519/1236
f 2052/1521/1175 2048/1520/1175 2046/1519/1175 2050/1522/1175
f 2053/1523/1174 2054/1523/1174 2056/1524/1174 2055/1524/1174
f 2055/1524/1168 2056/1524/1168 2060/1525/1168 2059/1525/1168
f 2059/1525/1172 2060/1525/1172 2058/1526/1172 2057/1526/1172
f 2057/1526/1203 2058/1526/1203 2054/1523/1203 2053/1523/1203
f 2055/1524/1236 2059/1525/1236 2057/1526/1236 2053/1523/1236
f 2060/1525/1175 2056/1524/1175 2054/1523/1175 2058/1526/1175
f 2061/1527/1174 2062/1527/1174 2064/1528/1174 2063/1528/1174
f 2063/1528/1168 2064/1528/1168 2068/1529/1168 2067/1529/1168
f 2067/1529/1172 2068/1529/1172 2066/1530/1172 2065/1530/1172
f 2065/1530/1203 2066/1530/1203 2062/1527/1203 2061/1527/1203
f 2063/1528/1236 2067/1529/1236 2065/1530/1236 2061/1527/1236
f 2068/1529/1175 2064/1528/1175 2062/1527/1175 2066/1530/1175
f 2069/1511/1174 2070/1511/1174 2072/1512/1174 2071/1512/1174
f 2071/1512/1168 2072/1512/1168 2076/1513/1168 2075/1513/1168
f 2075/1513/1172 2076/1513/1172 2074/1514/1172 2073/1514/1172
f 2073/1514/1203 2074/1514/1203 2070/1511/1203 2069/1511/1203
f 2071/1512/1236 2075/1513/1236 2073/1514/1236 2069/1511/1236
f 2076/1513/1175 2072/1512/1175 2070/1511/1175 2074/1514/1175
f 2077/1515/1174 2078/1515/1174 2080/1516/1174 2079/1516/1174
f 2079/1516/1168 2080/1516/1168 2084/1517/1168 2083/1517/1168
f 2083/1517/1172 2084/1517/1172 2082/1518/1172 2081/1518/1172
f 2081/1518/1203 2082/1518/1203 2078/1515/1203 2077/1515/1203
f 2079/1516/1236 2083/1517/1236 2081/1518/1236 2077/1515/1236
f 2084/1517/1175 2080/1516/1175 2078/1515/1175 2082/1518/1175
f 2085/1519/1174 2086/1519/1174 2088/1520/1174 2087/1520/1174
f 2087/1520/1168 2088/1520/1168 2092/1521/1168 2091/1521/1168
f 2091/1521/1172 2092/1521/1172 2090/1522/1172 2089/1522/1172
f 2089/1522/1203 2090/1522/1203 2086/1519/1203 2085/1519/1203
f 2087/1520/1236 2091/1521/1236 2089/1522/1236 2085/1519/1236
f 2092/1521/1175 2088/1520/1175 2086/1519/1175 2090/1522/1175
f 2093/1523/1174 2094/1523/1174 2096/1524/1174 2095/1524/1174
f 2095/1524/1168 2096/1524/1168 2100/1525/1168 2099/1525/1168
f 2099/1525/1172 2100/1525/1172 2098/1526/1172 2097/1526/1172
f 2097/1526/1203 2098/1526/1203 2094/1523/1203 2093/1523/1203
f 2095/1524/1236 2099/1525/1236 2097/1526/1236 2093/1523/1236
f 2100/1525/1175 2096/1524/1175 2094/1523/1175 2098/1526/1175
f 2101/1527/1174 2102/1527/1174 2104/1528/1174 2103/1528/1174
f 2103/1528/1168 2104/1528/1168 2108/1529/1168 2107/1529/1168
f 2107/1529/1172 2108/1529/1172 2106/1530/1172 2105/1530/1172
f 2105/1530/1203 2106/1530/1203 2102/1527/1203 2101/1527/1203
f 2103/1528/1236 2107/1529/1236 2105/1530/1236 2101/1527/1236
f 2108/1529/1175 2104/1528/1175 2102/1527/1175 2106/1530/1175
f 2109/1503/1175 2111/1506/1175 2112/1505/1175 2110/1504/1175
f 2111/1506/1168 2115/1506/1168 2116/1505/1168 2112/1505/1168
f 2115/1506/1236 2113/1503/1236 2114/1504/1236 2116/1505/1236
f 2113/1503/1203 2109/1503/1203 2110/1504/1203 2114/1504/1203
f 2111/1506/1172 2109/1503/1172 2113/1503/1172 2115/1506/1172
f 2116/1505/1174 2114/1504/1174 2110/1504/1174 2112/1505/1174
f 2117/1503/1175 2119/1506/1175 2120/1505/1175 2118/1504/1175
f 2119/1506/1168 2123/1506/1168 2124/1505/1168 2120/1505/1168
f 2123/1506/1236 2121/1503/1236 2122/1504/1236 2124/1505/1236
f 2121/1503/1203 2117/1503/1203 2118/1504/1203 2122/1504/1203
f 2119/1506/1172 2117/1503/1172 2121/1503/1172 2123/1506/1172
f 2124/1505/1174 2122/1504/1174 2118/1504/1174 2120/1505/1174
f 2125/1503/1175 2127/1506/1175 2128/1505/1175 2126/1504/1175
f 2127/1506/1168 2131/1506/1168 2132/1505/1168 2128/1505/1168
f 2131/1506/1236 2129/1503/1236 2130/1504/1236 2132/1505/1236
f 2129/1503/1203 2125/1503/1203 2126/1504/1203 2130/1504/1203
f 2127/1506/1172 2125/1503/1172 2129/1503/1172 2131/1506/1172
f 2132/1505/1174 2130/1504/1174 2126/1504/1174 2128/1505/1174
f 2133/1503/1175 2135/1506/1175 2136/1505/1175 2134/1504/1175
f 2135/1506/1168 2139/1506/1168 2140/1505/1168 2136/1505/1168
f 2139/1506/1236 2137/1503/1236 2138/1504/1236 2140/1505/1236
f 2137/1503/1203 2133/1503/1203 2134/1504/1203 2138/1504/1203
f 2135/1506/1172 2133/1503/1172 2137/1503/1172 2139/1506/1172
f 2140/1505/1174 2138/1504/1174 2134/1504/1174 2136/1505/1174
f 2141/1503/1175 2143/1506/1175 2144/1505/1175 2142/1504/1175
f 2143/1506/1168 2147/1506/1168 2148/1505/1168 2144/1505/1168
f 2147/1506/1236 2145/1503/1236 2146/1504/1236 2148/1505/1236
f 2145/1503/1203 2141/1503/1203 2142/1504/1203 2146/1504/1203
f 2143/1506/1172 2141/1503/1172 2145/1503/1172 2147/1506/1172
f 2148/1505/1174 2146/1504/1174 2142/1504/1174 2144/1505/1174
f 2149/1507/1175 2151/1510/1175 2152/1509/1175 2150/1508/1175
f 2151/1510/1168 2155/1510/1168 2156/1509/1168 2152/1509/1168
f 2155/1510/1236 2153/1507/1236 2154/1508/1236 2156/1509/1236
f 2153/1507/1203 2149/1507/1203 2150/1508/1203 2154/1508/1203
f 2151/1510/1172 2149/1507/1172 2153/1507/1172 2155/1510/1172
f 2156/1509/1174 2154/1508/1174 2150/1508/1174 2152/1509/1174
f 2157/1507/1175 2159/1510/1175 2160/1509/1175 2158/1508/1175
f 2159/1510/1168 2163/1510/1168 2164/1509/1168 2160/1509/1168
f 2163/1510/1236 2161/1507/1236 2162/1508/1236 2164/1509/1236
f 2161/1507/1203 2157/1507/1203 2158/1508/1203 2162/1508/1203
f 2159/1510/1172 2157/1507/1172 2161/1507/1172 2163/1510/1172
f 2164/1509/1174 2162/1508/1174 2158/1508/1174 2160/1509/1174
f 2165/1507/1175 2167/1510/1175 2168/1509/1175 2166/1508/1175
f 2167/1510/1168 2171/1510/1168 2172/1509/1168 2168/1509/1168
f 2171/1510/1236 2169/1507/1236 2170/1508/1236 2172/1509/1236
f 2169/1507/1203 2165/1507/1203 2166/1508/1203 2170/1508/1203
f 2167/1510/1172 2165/1507/1172 2169/1507/1172 2171/1510/1172
f 2172/1509/1174 2170/1508/1174 2166/1508/1174 2168/1509/1174
f 2173/1507/1175 2175/1510/1175 2176/1509/1175 2174/1508/1175
f 2175/1510/1168 2179/1510/1168 2180/1509/1168 2176/1509/1168
f 2179/1510/1236 2177/1507/1236 2178/1508/1236 2180/1509/1236
f 2177/1507/1203 2173/1507/1203 2174/1508/1203 2178/1508/1203
f 2175/1510/1172 2173/1507/1172 2177/1507/1172 2179/1510/1172
f 2180/1509/1174 2178/1508/1174 2174/1508/1174 2176/1509/1174
f 2181/1507/1175 2183/1510/1175 2184/1509/1175 2182/1508/1175
f 2183/1510/1168 2187/1510/1168 2188/1509/1168 2184/1509/1168
f 2187/1510/1236 2185/1507/1236 2186/1508/1236 2188/1509/1236
f 2185/1507/1203 2181/1507/1203 2182/1508/1203 2186/1508/1203
f 2183/1510/1172 2181/1507/1172 2185/1507/1172 2187/1510/1172
f 2188/1509/1174 2186/1508/1174 2182/1508/1174 2184/1509/1174
f 2189/1511/1172 2191/1512/1172 2192/1512/1172 2190/1511/1172
f 2191/1512/1168 2195/1513/1168 2196/1513/1168 2192/1512/1168
f 2195/1513/1174 2193/1514/1174 2194/1514/1174 2196/1513/1174
f 2193/1514/1203 2189/1511/1203 2190/1511/1203 2194/1514/1203
f 2191/1512/1236 2189/1511/1236 2193/1514/1236 2195/1513/1236
f 2196/1513/1175 2194/1514/1175 2190/1511/1175 2192/1512/1175
f 2197/1515/1172 2199/1516/1172 2200/1516/1172 2198/1515/1172
f 2199/1516/1168 2203/1517/1168 2204/1517/1168 2200/1516/1168
f 2203/1517/1174 2201/1518/1174 2202/1518/1174 2204/1517/1174
f 2201/1518/1203 2197/1515/1203 2198/1515/1203 2202/1518/1203
f 2199/1516/1236 2197/1515/1236 2201/1518/1236 2203/1517/1236
f 2204/1517/1175 2202/1518/1175 2198/1515/1175 2200/1516/1175
f 2205/1519/1172 2207/1520/1172 2208/1520/1172 2206/1519/1172
f 2207/1520/1168 2211/1521/1168 2212/1521/1168 2208/1520/1168
f 2211/1521/1174 2209/1522/1174 2210/1522/1174 2212/1521/1174
f 2209/1522/1203 2205/1519/1203 2206/1519/1203 2210/1522/1203
f 2207/1520/1236 2205/1519/1236 2209/1522/1236 2211/1521/1236
f 2212/1521/1175 2210/1522/1175 2206/1519/1175 2208/1520/1175
f 2213/1523/1172 2215/1524/1172 2216/1524/1172 2214/1523/1172
f 2215/1524/1168 2219/1525/1168 2220/1525/1168 2216/1524/1168
f 2219/1525/1174 2217/1526/1174 2218/1526/1174 2220/1525/1174
f 2217/1526/1203 2213/1523/1203 2214/1523/1203 2218/1526/1203
f 2215/1524/1236 2213/1523/1236 2217/1526/1236 2219/1525/1236
f 2220/1525/1175 2218/1526/1175 2214/1523/1175 2216/1524/1175
f 2221/1527/1172 2223/1528/1172 2224/1528/1172 2222/1527/1172
f 2223/1528/1168 2227/1529/1168 2228/1529/1168 2224/1528/1168
f 2227/1529/1174 2225/1530/1174 2226/1530/1174 2228/1529/1174
f 2225/1530/1203 2221/1527/1203 2222/1527/1203 2226/1530/1203
f 2223/1528/1236 2221/1527/1236 2225/1530/1236 2227/1529/1236
f 2228/1529/1175 2226/1530/1175 2222/1527/1175 2224/1528/1175
f 2229/1511/1172 2231/1512/1172 2232/1512/1172 2230/1511/1172
f 2231/1512/1168 2235/1513/1168 2236/1513/1168 2232/1512/1168
f 2235/1513/1174 2233/1514/1174 2234/1514/1174 2236/1513/1174
f 2233/1514/1203 2229/1511/1203 2230/1511/1203 2234/1514/1203
f 2231/1512/1236 2229/1511/1236 2233/1514/1236 2235/1513/1236
f 2236/1513/1175 2234/1514/1175 2230/1511/1175 2232/1512/1175
f 2237/1515/1172 2239/1516/1172 2240/1516/1172 2238/1515/1172
f 2239/1516/1168 2243/1517/1168 2244/1517/1168 2240/1516/1168
f 2243/1517/1174 2241/1518/1174 2242/1518/1174 2244/1517/1174
f 2241/1518/1203 2237/1515/1203 2238/1515/1203 2242/1518/1203
f 2239/1516/1236 2237/1515/1236 2241/1518/1236 2243/1517/1236
f 2244/1517/1175 2242/1518/1175 2238/1515/1175 2240/1516/1175
f 2245/1519/1172 2247/1520/1172 2248/1520/1172 2246/1519/1172
f 2247/1520/1168 2251/1521/1168 2252/1521/1168 2248/1520/1168
f 2251/1521/1174 2249/1522/1174 2250/1522/1174 2252/1521/1174
f 2249/1522/1203 2245/1519/1203 2246/1519/1203 2250/1522/1203
f 2247/1520/1236 2245/1519/1236 2249/1522/1236 2251/1521/1236
f 2252/1521/1175 2250/1522/1175 2246/1519/1175 2248/1520/1175
f 2253/1523/1172 2255/1524/1172 2256/1524/1172 2254/1523/1172
f 2255/1524/1168 2259/1525/1168 2260/1525/1168 2256/1524/1168
f 2259/1525/1174 2257/1526/1174 2258/1526/1174 2260/1525/1174
f 2257/1526/1203 2253/1523/1203 2254/1523/1203 2258/1526/1203
f 2255/1524/1236 2253/1523/1236 2257/1526/1236 2259/1525/1236
f 2260/1525/1175 2258/1526/1175 2254/1523/1175 2256/1524/1175
f 2261/1527/1172 2263/1528/1172 2264/1528/1172 2262/1527/1172
f 2263/1528/1168 2267/1529/1168 2268/1529/1168 2264/1528/1168
f 2267/1529/1174 2265/1530/1174 2266/1530/1174 2268/1529/1174
f 2265/1530/1203 2261/1527/1203 2262/1527/1203 2266/1530/1203
f 2263/1528/1236 2261/1527/1236 2265/1530/1236 2267/1529/1236
f 2268/1529/1175 2266/1530/1175 2262/1527/1175 2264/1528/1175
f 2269/1531/1174 2270/1531/1174 2272/1532/1174 2271/1532/1174
f 2271/1532/1168 2272/1532/1168 2276/1533/1168 2275/1533/1168
f 2275/1533/1172 2276/1533/1172 2274/1534/1172 2273/1534/1172
f 2273/1534/1203 2274/1534/1203 2270/1531/1203 2269/1531/1203
f 2271/1532/1236 2275/1533/1236 2273/1534/1236 2269/1531/1236
f 2274/1534/1293 2276/1533/1293 2280/1535/1293 2279/1536/1293
f 2280/1535/1175 2278/1532/1175 2277/1531/1175 2279/1536/1175
f 2272/1532/1174 2270/1531/1174 2277/1531/1174 2278/1532/1174
f 2270/1531/1203 2274/1534/1203 2279/1536/1203 2277/1531/1203
f 2276/1533/1168 2272/1532/1168 2278/1532/1168 2280/1535/1168
f 2281/1537/1174 2282/1537/1174 2284/1538/1174 2283/1538/1174
f 2283/1538/1294 2284/1538/1294 2288/1539/1294 2287/1539/1294
f 2287/1539/1172 2288/1539/1172 2286/1540/1172 2285/1540/1172
f 2285/1540/1203 2286/1540/1203 2282/1537/1203 2281/1537/1203
f 2283/1538/1295 2287/1539/1295 2285/1540/1295 2281/1537/1295
f 2288/1539/1175 2284/1538/1175 2282/1537/1175 2286/1540/1175
f 2289/1541/1174 2290/1541/1174 2292/1538/1174 2291/1538/1174
f 2291/1538/1168 2292/1538/1168 2296/1542/1168 2295/1542/1168
f 2295/1542/1172 2296/1542/1172 2294/1543/1172 2293/1543/1172
f 2293/1543/1203 2294/1543/1203 2290/1541/1203 2289/1541/1203
f 2291/1538/1236 2295/1542/1236 2293/1543/1236 2289/1541/1236
f 2296/1542/1175 2292/1538/1175 2290/1541/1175 2294/1543/1175
f 2297/1541/1174 2298/1541/1174 2300/1538/1174 2299/1538/1174
f 2299/1538/1168 2300/1538/1168 2304/1542/1168 2303/1542/1168
f 2303/1542/1172 2304/1542/1172 2302/1543/1172 2301/1543/1172
f 2301/1543/1203 2302/1543/1203 2298/1541/1203 2297/1541/1203
f 2299/1538/1236 2303/1542/1236 2301/1543/1236 2297/1541/1236
f 2304/1542/1175 2300/1538/1175 2298/1541/1175 2302/1543/1175
f 2305/1544/1174 2306/1544/1174 2308/1545/1174 2307/1545/1174
f 2307/1545/1168 2308/1545/1168 2312/1546/1168 2311/1546/1168
f 2311/1546/1172 2312/1546/1172 2310/1547/1172 2309/1547/1172
f 2309/1547/1203 2310/1547/1203 2306/1544/1203 2305/1544/1203
f 2307/1545/1236 2311/1546/1236 2309/1547/1236 2305/1544/1236
f 2312/1546/1175 2308/1545/1175 2306/1544/1175 2310/1547/1175
f 2307/1545/1168 2315/1546/1168 2316/1546/1168 2308/1545/1168
f 2315/1546/1174 2313/1547/1174 2314/1547/1174 2316/1546/1174
f 2313/1547/1203 2305/1544/1203 2306/1544/1203 2314/1547/1203
f 2307/1545/1236 2305/1544/1236 2313/1547/1236 2315/1546/1236
f 2316/1546/1175 2314/1547/1175 2306/1544/1175 2308/1545/1175
f 2317/1548/1174 2318/1548/1174 2320/1549/1174 2319/1549/1174
f 2319/1549/1168 2320/1549/1168 2324/1550/1168 2323/1550/1168
f 2323/1550/1172 2324/1550/1172 2322/1551/1172 2321/1551/1172
f 2321/1551/1203 2322/1551/1203 2318/1548/1203 2317/1548/1203
f 2319/1549/1236 2323/1550/1236 2321/1551/1236 2317/1548/1236
f 2324/1550/1175 2320/1549/1175 2318/1548/1175 2322/1551/1175
f 2325/1552/1172 2327/1553/1172 2328/1553/1172 2326/1552/1172
f 2327/1553/1168 2331/1554/1168 2332/1554/1168 2328/1553/1168
f 2331/1554/1174 2329/1555/1174 2330/1555/1174 2332/1554/1174
f 2329/1555/1203 2325/1552/1203 2326/1552/1203 2330/1555/1203
f 2327/1553/1236 2325/1552/1236 2329/1555/1236 2331/1554/1236
f 2332/1554/1175 2330/1555/1175 2326/1552/1175 2328/1553/1175
f 2333/1556/1174 2334/1556/1174 2336/1557/1174 2335/1557/1174
f 2335/1557/1168 2336/1557/1168 2340/1558/1168 2339/1558/1168
f 2339/1558/1172 2340/1558/1172 2338/1559/1172 2337/1559/1172
f 2337/1559/1203 2338/1559/1203 2334/1556/1203 2333/1556/1203
f 2335/1557/1236 2339/1558/1236 2337/1559/1236 2333/1556/1236
f 2340/1558/1175 2336/1557/1175 2334/1556/1175 2338/1559/1175
f 2341/1560/1174 2342/1560/1174 2344/1561/1174 2343/1561/1174
f 2343/1561/1168 2344/1561/1168 2348/1562/1168 2347/1562/1168
f 2347/1562/1172 2348/1562/1172 2346/1563/1172 2345/1563/1172
f 2345/1563/1203 2346/1563/1203 2342/1560/1203 2341/1560/1203
f 2343/1561/1236 2347/1562/1236 2345/1563/1236 2341/1560/1236
f 2348/1562/1296 2344/1561/1296 2342/1560/1296 2346/1563/1296
f 2349/1564/1174 2350/1564/1174 2352/1565/1174 2351/1565/1174
f 2351/1565/1168 2352/1565/1168 2356/1566/1168 2355/1566/1168
f 2355/1566/1172 2356/1566/1172 2354/1567/1172 2353/1567/1172
f 2353/1567/1203 2354/1567/1203 2350/1564/1203 2349/1564/1203
f 2351/1565/1236 2355/1566/1236 2353/1567/1236 2349/1564/1236
f 2356/1566/1175 2352/1565/1175 2350/1564/1175 2354/1567/1175
f 2357/1568/1174 2358/1568/1174 2360/1569/1174 2359/1569/1174
f 2359/1569/1168 2360/1569/1168 2364/1570/1168 2363/1570/1168
f 2363/1570/1172 2364/1570/1172 2362/1571/1172 2361/1571/1172
f 2361/1571/1203 2362/1571/1203 2358/1568/1203 2357/1568/1203
f 2359/1569/1236 2363/1570/1236 2361/1571/1236 2357/1568/1236
f 2364/1570/1175 2360/1569/1175 2358/1568/1175 2362/1571/1175
f 2365/1572/1174 2366/1572/1174 2368/1573/1174 2367/1573/1174
f 2367/1573/1168 2368/1573/1168 2372/1574/1168 2371/1574/1168
f 2371/1574/1172 2372/1574/1172 2370/1575/1172 2369/1575/1172
f 2369/1575/1203 2370/1575/1203 2366/1572/1203 2365/1572/1203
f 2367/1573/1236 2371/1574/1236 2369/1575/1236 2365/1572/1236
f 2372/1574/1175 2368/1573/1175 2366/1572/1175 2370/1575/1175
f 2373/1576/1174 2374/1576/1174 2376/1577/1174 2375/1577/1174
f 2375/1577/1168 2376/1577/1168 2380/1578/1168 2379/1578/1168
f 2379/1578/1172 2380/1578/1172 2378/1579/1172 2377/1579/1172
f 2377/1579/1203 2378/1579/1203 2374/1576/1203 2373/1576/1203
f 2375/1577/1236 2379/1578/1236 2377/1579/1236 2373/1576/1236
f 2380/1578/1175 2376/1577/1175 2374/1576/1175 2378/1579/1175
f 2381/1580/1174 2382/1580/1174 2384/1581/1174 2383/1581/1174
f 2383/1581/1168 2384/1581/1168 2388/1582/1168 2387/1582/1168
f 2387/1582/1172 2388/1582/1172 2386/1583/1172 2385/1583/1172
f 2385/1583/1203 2386/1583/1203 2382/1580/1203 2381/1580/1203
f 2383/1581/1236 2387/1582/1236 2385/1583/1236 2381/1580/1236
f 2388/1582/1175 2384/1581/1175 2382/1580/1175 2386/1583/1175
f 2389/1584/1174 2390/1584/1174 2392/1585/1174 2391/1585/1174
f 2391/1585/1168 2392/1585/1168 2396/1586/1168 2395/1586/1168
f 2395/1586/1172 2396/1586/1172 2394/1587/1172 2393/1587/1172
f 2393/1587/1203 2394/1587/1203 2390/1584/1203 2389/1584/1203
f 2391/1585/1236 2395/1586/1236 2393/1587/1236 2389/1584/1236
f 2396/1586/1175 2392/1585/1175 2390/1584/1175 2394/1587/1175
f 2397/1588/1172 2399/1589/1172 2400/1589/1172 2398/1588/1172
f 2399/1589/1168 2403/1590/1168 2404/1590/1168 2400/1589/1168
f 2403/1590/1174 2401/1591/1174 2402/1591/1174 2404/1590/1174
f 2401/1591/1203 2397/1588/1203 2398/1588/1203 2402/1591/1203
f 2399/1589/1236 2397/1588/1236 2401/1591/1236 2403/1590/1236
f 2404/1590/1175 2402/1591/1175 2398/1588/1175 2400/1589/1175
f 2405/1592/1174 2406/1592/1174 2408/1593/1174 2407/1593/1174
f 2407/1593/1168 2408/1593/1168 2412/1550/1168 2411/1550/1168
f 2411/1550/1172 2412/1550/1172 2410/1551/1172 2409/1551/1172
f 2409/1551/1203 2410/1551/1203 2406/1592/1203 2405/1592/1203
f 2407/1593/1236 2411/1550/1236 2409/1551/1236 2405/1592/1236
f 2412/1550/1175 2408/1593/1175 2406/1592/1175 2410/1551/1175
f 2413/1594/1172 2415/1595/1172 2416/1595/1172 2414/1594/1172
f 2415/1595/1168 2419/1554/1168 2420/1554/1168 2416/1595/1168
f 2419/1554/1174 2417/1555/1174 2418/1555/1174 2420/1554/1174
f 2417/1555/1203 2413/1594/1203 2414/1594/1203 2418/1555/1203
f 2415/1595/1236 2413/1594/1236 2417/1555/1236 2419/1554/1236
f 2420/1554/1175 2418/1555/1175 2414/1594/1175 2416/1595/1175
f 2421/1596/1174 2422/1596/1174 2424/1597/1174 2423/1597/1174
f 2423/1597/1168 2424/1597/1168 2428/1598/1168 2427/1598/1168
f 2427/1598/1172 2428/1598/1172 2426/1599/1172 2425/1599/1172
f 2425/1599/1203 2426/1599/1203 2422/1596/1203 2421/1596/1203
f 2423/1597/1236 2427/1598/1236 2425/1599/1236 2421/1596/1236
f 2428/1598/1175 2424/1597/1175 2422/1596/1175 2426/1599/1175
f 2423/1597/1168 2431/1600/1168 2432/1600/1168 2424/1597/1168
f 2431/1600/1174 2429/1601/1174 2430/1601/1174 2432/1600/1174
f 2429/1601/1203 2421/1596/1203 2422/1596/1203 2430/1601/1203
f 2423/1597/1236 2421/1596/1236 2429/1601/1236 2431/1600/1236
f 2432/1600/1175 2430/1601/1175 2422/1596/1175 2424/1597/1175
f 2433/1602/1174 2434/1602/1174 2436/1603/1174 2435/1603/1174
f 2435/1603/1168 2436/1603/1168 2440/1604/1168 2439/1604/1168
f 2439/1604/1172 2440/1604/1172 2438/1605/1172 2437/1605/1172
f 2437/1605/1203 2438/1605/1203 2434/1602/1203 2433/1602/1203
f 2435/1603/1236 2439/1604/1236 2437/1605/1236 2433/1602/1236
f 2440/1604/1175 2436/1603/1175 2434/1602/1175 2438/1605/1175
f 2449/1606/1174 2442/1606/1174 2444/1607/1174 2450/1607/1174
f 2450/1607/1168 2444/1607/1168 2448/1608/1168 2451/1608/1168
f 2448/1608/1168 2455/1609/1168 2459/1610/1168 2451/1608/1168
f 2452/1611/1203 2446/1611/1203 2442/1606/1203 2449/1606/1203
f 2443/1607/1236 2447/1608/1236 2445/1611/1236 2441/1606/1236
f 2448/1608/1168 2444/1607/1168 2466/1607/1168 2468/1612/1168
f 2445/1611/1203 2452/1611/1203 2449/1606/1203 2441/1606/1203
f 2453/1613/1203 2458/1614/1203 2464/1614/1203 2461/1615/1203
f 2443/1607/1168 2450/1607/1168 2451/1608/1168 2447/1608/1168
f 2441/1606/1174 2449/1606/1174 2450/1607/1174 2443/1607/1174
f 2454/1616/1297 2455/1609/1297 2456/1617/1297 2453/1613/1297
f 2457/1618/1168 2459/1610/1168 2455/1609/1168 2454/1616/1168
f 2446/1611/1203 2452/1611/1203 2460/1619/1203 2456/1617/1203
f 2460/1619/1203 2458/1614/1203 2453/1613/1203 2456/1617/1203
f 2452/1611/1203 2445/1611/1203 2458/1614/1203 2460/1619/1203
f 2446/1611/1298 2456/1617/1299 2455/1609/1299 2448/1608/1298
f 2447/1608/1168 2451/1608/1168 2459/1610/1168 2457/1618/1168
f 2445/1611/1236 2447/1608/1236 2457/1618/1236 2458/1614/1236
f 2464/1614/1236 2463/1618/1236 2462/1620/1236 2461/1615/1236
f 2454/1616/1300 2453/1613/1300 2461/1615/1300 2462/1620/1300
f 2457/1618/1168 2454/1616/1168 2462/1620/1168 2463/1618/1168
f 2458/1614/1174 2457/1618/1174 2463/1618/1174 2464/1614/1174
f 2468/1612/1301 2466/1607/1301 2465/1606/1301 2467/1621/1301
f 2446/1611/1298 2448/1608/1298 2468/1612/1302 2467/1621/1302
f 2444/1607/1174 2442/1606/1174 2465/1606/1174 2466/1607/1174
f 2442/1606/1203 2446/1611/1203 2467/1621/1203 2465/1606/1203
f 2469/1622/1174 2470/1622/1174 2472/1623/1174 2471/1623/1174
f 2471/1623/1168 2472/1623/1168 2476/1624/1168 2475/1624/1168
f 2475/1624/1172 2476/1624/1172 2474/1625/1172 2473/1625/1172
f 2473/1625/1203 2474/1625/1203 2470/1622/1203 2469/1622/1203
f 2471/1623/1236 2475/1624/1236 2473/1625/1236 2469/1622/1236
f 2476/1624/1175 2472/1623/1175 2470/1622/1175 2474/1625/1175
f 2477/1626/1174 2478/1626/1174 2481/1627/1174 2482/1627/1174
f 2502/1628/1168 2500/1629/1168 2498/1630/1168
f 2483/1631/1172 2484/1631/1172 2480/1632/1172 2479/1632/1172
f 2479/1632/1203 2480/1632/1203 2478/1626/1203 2477/1626/1203
f 2482/1627/1236 2483/1631/1236 2479/1632/1236 2477/1626/1236
f 2484/1631/1175 2481/1627/1175 2478/1626/1175 2480/1632/1175
f 2491/1633/1175 2486/1634/1175 2499/1635/1175 2502/1636/1175
f 2482/1627/1168 2481/1627/1303 2489/1637/1168
f 2484/1631/1304 2483/1631/1240 2492/1638/1168
f 2494/1638/1174 2492/1638/1174 2501/1639/1174 2504/1639/1174
f 2488/1634/1236 2495/1633/1236 2503/1636/1236 2498/1635/1236
f 2481/1627/1303 2484/1631/1304 2495/1633/1168
f 2483/1631/1240 2482/1627/1168 2486/1634/1168
f 2485/1637/1240 2486/1634/1168 2487/1640/1239
f 2488/1634/1168 2489/1637/1168 2490/1640/1305
f 2491/1633/1168 2492/1638/1168 2493/1641/1306
f 2494/1638/1168 2495/1633/1168 2496/1641/1307
f 2491/1633/1308 2502/1636/1308 2501/1639/1308 2492/1638/1308
f 2503/1636/1309 2495/1633/1309 2494/1638/1309 2504/1639/1309
f 2485/1637/1310 2500/1642/1310 2499/1635/1310 2486/1634/1310
f 2497/1642/1311 2489/1637/1311 2488/1634/1311 2498/1635/1311
f 2485/1637/1172 2489/1637/1172 2497/1642/1172 2500/1642/1172
f 2505/1643/1174 2506/1643/1174 2513/1644/1174 2514/1644/1174
f 2508/1645/1312 2512/1646/1312 2520/1647/1312 2517/1648/1312
f 2515/1649/1172 2516/1649/1172 2510/1650/1172 2509/1650/1172
f 2509/1650/1203 2510/1650/1203 2506/1643/1203 2505/1643/1203
f 2514/1644/1236 2515/1649/1236 2509/1650/1236 2505/1643/1236
f 2516/1649/1175 2513/1644/1175 2506/1643/1175 2510/1650/1175
f 2508/1651/1168 2507/1651/1168 2514/1644/1168 2513/1644/1168
f 2507/1651/1168 2511/1652/1168 2515/1649/1168 2514/1644/1168
f 2512/1652/1168 2508/1651/1168 2513/1644/1168 2516/1649/1168
f 2511/1652/1168 2512/1652/1168 2516/1649/1168 2515/1649/1168
f 2517/1648/1313 2520/1647/1313 2524/1653/1313 2521/1654/1313
f 2507/1645/1314 2508/1645/1314 2517/1648/1314 2518/1648/1314
f 2512/1646/1315 2511/1646/1315 2519/1647/1315 2520/1647/1315
f 2511/1646/1316 2507/1645/1316 2518/1648/1316 2519/1647/1316
f 2522/1654/1168 2521/1654/1168 2524/1653/1168 2523/1653/1168
f 2518/1648/1317 2517/1648/1317 2521/1654/1317 2522/1654/1317
f 2520/1647/1318 2519/1647/1318 2523/1653/1318 2524/1653/1318
f 2519/1647/1319 2518/1648/1319 2522/1654/1319 2523/1653/1319
f 2525/1655/1174 2526/1655/1174 2533/1656/1174 2534/1656/1174
f 2528/1657/1320 2532/1658/1320 2540/1659/1320 2537/1660/1320
f 2535/1661/1172 2536/1661/1172 2530/1662/1172 2529/1662/1172
f 2529/1662/1203 2530/1662/1203 2526/1655/1203 2525/1655/1203
f 2534/1656/1236 2535/1661/1236 2529/1662/1236 2525/1655/1236
f 2536/1661/1175 2533/1656/1175 2526/1655/1175 2530/1662/1175
f 2528/1663/1168 2527/1663/1168 2534/1656/1168 2533/1656/1168
f 2527/1663/1168 2531/1664/1168 2535/1661/1168 2534/1656/1168
f 2532/1664/1168 2528/1663/1168 2533/1656/1168 2536/1661/1168
f 2531/1664/1168 2532/1664/1168 2536/1661/1168 2535/1661/1168
f 2537/1660/1313 2540/1659/1313 2544/1665/1313 2541/1666/1313
f 2527/1657/1321 2528/1657/1321 2537/1660/1321 2538/1660/1321
f 2532/1658/1322 2531/1658/1322 2539/1659/1322 2540/1659/1322
f 2531/1658/1316 2527/1657/1316 2538/1660/1316 2539/1659/1316
f 2542/1666/1168 2541/1666/1168 2544/1665/1168 2543/1665/1168
f 2538/1660/1317 2537/1660/1317 2541/1666/1317 2542/1666/1317
f 2540/1659/1323 2539/1659/1323 2543/1665/1323 2544/1665/1323
f 2539/1659/1319 2538/1660/1319 2542/1666/1319 2543/1665/1319
f 2545/1667/1174 2546/1667/1174 2553/1668/1174 2554/1668/1174
f 2548/1669/1320 2552/1670/1320 2560/1671/1320 2557/1672/1320
f 2555/1673/1172 2556/1673/1172 2550/1674/1172 2549/1674/1172
f 2549/1674/1203 2550/1674/1203 2546/1667/1203 2545/1667/1203
f 2554/1668/1236 2555/1673/1236 2549/1674/1236 2545/1667/1236
f 2556/1673/1175 2553/1668/1175 2546/1667/1175 2550/1674/1175
f 2548/1675/1168 2547/1675/1168 2554/1668/1168 2553/1668/1168
f 2547/1675/1168 2551/1676/1168 2555/1673/1168 2554/1668/1168
f 2552/1676/1168 2548/1675/1168 2553/1668/1168 2556/1673/1168
f 2551/1676/1168 2552/1676/1168 2556/1673/1168 2555/1673/1168
f 2557/1672/1313 2560/1671/1313 2564/1677/1313 2561/1678/1313
f 2547/1669/1321 2548/1669/1321 2557/1672/1321 2558/1672/1321
f 2552/1670/1322 2551/1670/1322 2559/1671/1322 2560/1671/1322
f 2551/1670/1316 2547/1669/1316 2558/1672/1316 2559/1671/1316
f 2562/1678/1168 2561/1678/1168 2564/1677/1168 2563/1677/1168
f 2558/1672/1317 2557/1672/1317 2561/1678/1317 2562/1678/1317
f 2560/1671/1323 2559/1671/1323 2563/1677/1323 2564/1677/1323
f 2559/1671/1319 2558/1672/1319 2562/1678/1319 2563/1677/1319
f 2565/1679/1174 2566/1679/1174 2573/1680/1174 2574/1680/1174
f 2568/1681/1320 2572/1682/1320 2580/1683/1320 2577/1684/1320
f 2575/1685/1172 2576/1685/1172 2570/1686/1172 2569/1686/1172
f 2569/1686/1203 2570/1686/1203 2566/1679/1203 2565/1679/1203
f 2574/1680/1236 2575/1685/1236 2569/1686/1236 2565/1679/1236
f 2576/1685/1175 2573/1680/1175 2566/1679/1175 2570/1686/1175
f 2568/1687/1168 2567/1687/1168 2574/1680/1168 2573/1680/1168
f 2567/1687/1168 2571/1688/1168 2575/1685/1168 2574/1680/1168
f 2572/1688/1168 2568/1687/1168 2573/1680/1168 2576/1685/1168
f 2571/1688/1168 2572/1688/1168 2576/1685/1168 2575/1685/1168
f 2577/1684/1313 2580/1683/1313 2584/1689/1313 2581/1690/1313
f 2567/1681/1321 2568/1681/1321 2577/1684/1321 2578/1684/1321
f 2572/1682/1322 2571/1682/1322 2579/1683/1322 2580/1683/1322
f 2571/1682/1316 2567/1681/1316 2578/1684/1316 2579/1683/1316
f 2582/1690/1168 2581/1690/1168 2584/1689/1168 2583/1689/1168
f 2578/1684/1317 2577/1684/1317 2581/1690/1317 2582/1690/1317
f 2580/1683/1324 2579/1683/1324 2583/1689/1324 2584/1689/1324
f 2579/1683/1319 2578/1684/1319 2582/1690/1319 2583/1689/1319
f 2585/1691/1174 2586/1691/1174 2593/1692/1174 2594/1692/1174
f 2588/1693/1320 2592/1694/1320 2600/1695/1320 2597/1696/1320
f 2595/1697/1172 2596/1697/1172 2590/1698/1172 2589/1698/1172
f 2589/1698/1203 2590/1698/1203 2586/1691/1203 2585/1691/1203
f 2594/1692/1236 2595/1697/1236 2589/1698/1236 2585/1691/1236
f 2596/1697/1175 2593/1692/1175 2586/1691/1175 2590/1698/1175
f 2588/1699/1168 2587/1699/1168 2594/1692/1168 2593/1692/1168
f 2587/1699/1168 2591/1700/1168 2595/1697/1168 2594/1692/1168
f 2592/1700/1168 2588/1699/1168 2593/1692/1168 2596/1697/1168
f 2591/1700/1168 2592/1700/1168 2596/1697/1168 2595/1697/1168
f 2597/1696/1313 2600/1695/1313 2604/1701/1313 2601/1702/1313
f 2587/1693/1321 2588/1693/1321 2597/1696/1321 2598/1696/1321
f 2592/1694/1322 2591/1694/1322 2599/1695/1322 2600/1695/1322
f 2591/1694/1316 2587/1693/1316 2598/1696/1316 2599/1695/1316
f 2602/1702/1168 2601/1702/1168 2604/1701/1168 2603/1701/1168
f 2598/1696/1325 2597/1696/1325 2601/1702/1325 2602/1702/1325
f 2600/1695/1318 2599/1695/1318 2603/1701/1318 2604/1701/1318
f 2599/1695/1319 2598/1696/1319 2602/1702/1319 2603/1701/1319
f 2605/1703/1174 2606/1703/1174 2613/1704/1174 2614/1704/1174
f 2608/1705/1312 2612/1706/1312 2620/1707/1312 2617/1708/1312
f 2615/1709/1172 2616/1709/1172 2610/1710/1172 2609/1710/1172
f 2609/1710/1203 2610/1710/1203 2606/1703/1203 2605/1703/1203
f 2614/1704/1236 2615/1709/1236 2609/1710/1236 2605/1703/1236
f 2616/1709/1175 2613/1704/1175 2606/1703/1175 2610/1710/1175
f 2608/1711/1168 2607/1711/1168 2614/1704/1168 2613/1704/1168
f 2607/1711/1168 2611/1712/1168 2615/1709/1168 2614/1704/1168
f 2612/1712/1168 2608/1711/1168 2613/1704/1168 2616/1709/1168
f 2611/1712/1168 2612/1712/1168 2616/1709/1168 2615/1709/1168
f 2617/1708/1313 2620/1707/1313 2624/1713/1313 2621/1714/1313
f 2607/1705/1314 2608/1705/1314 2617/1708/1314 2618/1708/1314
f 2612/1706/1322 2611/1706/1322 2619/1707/1322 2620/1707/1322
f 2611/1706/1326 2607/1705/1326 2618/1708/1326 2619/1707/1326
f 2622/1714/1168 2621/1714/1168 2624/1713/1168 2623/1713/1168
f 2618/1708/1327 2617/1708/1327 2621/1714/1327 2622/1714/1327
f 2620/1707/1318 2619/1707/1318 2623/1713/1318 2624/1713/1318
f 2619/1707/1328 2618/1708/1328 2622/1714/1328 2623/1713/1328
f 2625/1715/1174 2626/1715/1174 2633/1716/1174 2634/1716/1174
f 2628/1717/1312 2632/1718/1312 2640/1719/1312 2637/1720/1312
f 2635/1721/1172 2636/1721/1172 2630/1722/1172 2629/1722/1172
f 2629/1722/1203 2630/1722/1203 2626/1715/1203 2625/1715/1203
f 2634/1716/1236 2635/1721/1236 2629/1722/1236 2625/1715/1236
f 2636/1721/1175 2633/1716/1175 2626/1715/1175 2630/1722/1175
f 2628/1723/1168 2627/1723/1168 2634/1716/1168 2633/1716/1168
f 2627/1723/1168 2631/1724/1168 2635/1721/1168 2634/1716/1168
f 2632/1724/1168 2628/1723/1168 2633/1716/1168 2636/1721/1168
f 2631/1724/1168 2632/1724/1168 2636/1721/1168 2635/1721/1168
f 2637/1720/1329 2640/1719/1329 2644/1725/1329 2641/1726/1329
f 2627/1717/1314 2628/1717/1314 2637/1720/1314 2638/1720/1314
f 2632/1718/1315 2631/1718/1315 2639/1719/1315 2640/1719/1315
f 2631/1718/1326 2627/1717/1326 2638/1720/1326 2639/1719/1326
f 2642/1726/1168 2641/1726/1168 2644/1725/1168 2643/1725/1168
f 2638/1720/1330 2637/1720/1330 2641/1726/1330 2642/1726/1330
f 2640/1719/1331 2639/1719/1331 2643/1725/1331 2644/1725/1331
f 2639/1719/1319 2638/1720/1319 2642/1726/1319 2643/1725/1319
f 2645/1727/1174 2646/1727/1174 2653/1728/1174 2654/1728/1174
f 2648/1729/1312 2652/1730/1312 2660/1731/1312 2657/1732/1312
f 2655/1733/1172 2656/1733/1172 2650/1734/1172 2649/1734/1172
f 2649/1734/1203 2650/1734/1203 2646/1727/1203 2645/1727/1203
f 2654/1728/1236 2655/1733/1236 2649/1734/1236 2645/1727/1236
f 2656/1733/1175 2653/1728/1175 2646/1727/1175 2650/1734/1175
f 2648/1735/1168 2647/1735/1168 2654/1728/1168 2653/1728/1168
f 2647/1735/1168 2651/1736/1168 2655/1733/1168 2654/1728/1168
f 2652/1736/1168 2648/1735/1168 2653/1728/1168 2656/1733/1168
f 2651/1736/1168 2652/1736/1168 2656/1733/1168 2655/1733/1168
f 2657/1732/1329 2660/1731/1329 2664/1737/1329 2661/1738/1329
f 2647/1729/1314 2648/1729/1314 2657/1732/1314 2658/1732/1314
f 2652/1730/1315 2651/1730/1315 2659/1731/1315 2660/1731/1315
f 2651/1730/1326 2647/1729/1326 2658/1732/1326 2659/1731/1326
f 2662/1738/1168 2661/1738/1168 2664/1737/1168 2663/1737/1168
f 2658/1732/1325 2657/1732/1325 2661/1738/1325 2662/1738/1325
f 2660/1731/1331 2659/1731/1331 2663/1737/1331 2664/1737/1331
f 2659/1731/1319 2658/1732/1319 2662/1738/1319 2663/1737/1319
f 2665/1739/1174 2666/1739/1174 2673/1740/1174 2674/1740/1174
f 2668/1741/1312 2672/1742/1312 2680/1743/1312 2677/1744/1312
f 2675/1745/1172 2676/1745/1172 2670/1746/1172 2669/1746/1172
f 2669/1746/1203 2670/1746/1203 2666/1739/1203 2665/1739/1203
f 2674/1740/1236 2675/1745/1236 2669/1746/1236 2665/1739/1236
f 2676/1745/1175 2673/1740/1175 2666/1739/1175 2670/1746/1175
f 2668/1747/1168 2667/1747/1168 2674/1740/1168 2673/1740/1168
f 2667/1747/1168 2671/1748/1168 2675/1745/1168 2674/1740/1168
f 2672/1748/1168 2668/1747/1168 2673/1740/1168 2676/1745/1168
f 2671/1748/1168 2672/1748/1168 2676/1745/1168 2675/1745/1168
f 2677/1744/1329 2680/1743/1329 2684/1749/1329 2681/1750/1329
f 2667/1741/1314 2668/1741/1314 2677/1744/1314 2678/1744/1314
f 2672/1742/1315 2671/1742/1315 2679/1743/1315 2680/1743/1315
f 2671/1742/1326 2667/1741/1326 2678/1744/1326 2679/1743/1326
f 2682/1750/1168 2681/1750/1168 2684/1749/1168 2683/1749/1168
f 2678/1744/1325 2677/1744/1325 2681/1750/1325 2682/1750/1325
f 2680/1743/1331 2679/1743/1331 2683/1749/1331 2684/1749/1331
f 2679/1743/1319 2678/1744/1319 2682/1750/1319 2683/1749/1319
f 2685/1751/1174 2686/1751/1174 2741/1752/1174 2742/1752/1174
f 2687/1753/1240 2688/1753/1240 2692/1754/1239 2691/1754/1239
f 2743/1755/1172 2744/1755/1172 2690/1756/1172 2689/1756/1172
f 2689/1756/1203 2690/1756/1203 2686/1751/1203 2685/1751/1203
f 2742/1752/1236 2743/1755/1236 2689/1756/1236 2685/1751/1236
f 2744/1755/1175 2741/1752/1175 2686/1751/1175 2690/1756/1175
f 2693/1751/1174 2694/1751/1174 2745/1752/1174 2746/1752/1174
f 2695/1753/1168 2696/1753/1168 2700/1754/1168 2699/1754/1168
f 2747/1755/1172 2748/1755/1172 2698/1756/1172 2697/1756/1172
f 2697/1756/1203 2698/1756/1203 2694/1751/1203 2693/1751/1203
f 2746/1752/1236 2747/1755/1236 2697/1756/1236 2693/1751/1236
f 2748/1755/1175 2745/1752/1175 2694/1751/1175 2698/1756/1175
f 2701/1751/1174 2702/1751/1174 2749/1752/1174 2750/1752/1174
f 2703/1753/1240 2704/1753/1240 2708/1754/1239 2707/1754/1239
f 2751/1755/1172 2752/1755/1172 2706/1756/1172 2705/1756/1172
f 2705/1756/1203 2706/1756/1203 2702/1751/1203 2701/1751/1203
f 2750/1752/1236 2751/1755/1236 2705/1756/1236 2701/1751/1236
f 2752/1755/1175 2749/1752/1175 2702/1751/1175 2706/1756/1175
f 2709/1757/1174 2710/1757/1174 2712/1758/1174 2711/1758/1174
f 2711/1758/1168 2712/1758/1168 2716/1759/1168 2715/1759/1168
f 2715/1759/1172 2716/1759/1172 2714/1760/1172 2713/1760/1172
f 2713/1760/1203 2714/1760/1203 2710/1757/1203 2709/1757/1203
f 2711/1758/1236 2715/1759/1236 2713/1760/1236 2709/1757/1236
f 2716/1759/1175 2712/1758/1175 2710/1757/1175 2714/1760/1175
f 2717/1761/1174 2718/1761/1174 2753/1762/1174 2754/1762/1174
f 2719/1763/1240 2720/1763/1240 2724/1764/1239 2723/1764/1239
f 2755/1765/1172 2756/1765/1172 2722/1766/1172 2721/1766/1172
f 2721/1766/1203 2722/1766/1203 2718/1761/1203 2717/1761/1203
f 2754/1762/1236 2755/1765/1236 2721/1766/1236 2717/1761/1236
f 2756/1765/1175 2753/1762/1175 2718/1761/1175 2722/1766/1175
f 2725/1761/1174 2726/1761/1174 2757/1762/1174 2758/1762/1174
f 2727/1763/1168 2728/1763/1168 2732/1764/1168 2731/1764/1168
f 2759/1765/1172 2760/1765/1172 2730/1766/1172 2729/1766/1172
f 2729/1766/1203 2730/1766/1203 2726/1761/1203 2725/1761/1203
f 2758/1762/1236 2759/1765/1236 2729/1766/1236 2725/1761/1236
f 2760/1765/1175 2757/1762/1175 2726/1761/1175 2730/1766/1175
f 2733/1761/1174 2734/1761/1174 2761/1762/1174 2762/1762/1174
f 2735/1763/1240 2736/1763/1240 2740/1764/1239 2739/1764/1239
f 2763/1765/1172 2764/1765/1172 2738/1766/1172 2737/1766/1172
f 2737/1766/1203 2738/1766/1203 2734/1761/1203 2733/1761/1203
f 2762/1762/1236 2763/1765/1236 2737/1766/1236 2733/1761/1236
f 2764/1765/1175 2761/1762/1175 2734/1761/1175 2738/1766/1175
f 2688/1767/1240 2687/1767/1240 2742/1752/1240 2741/1752/1240
f 2687/1767/1240 2691/1768/1239 2743/1755/1239 2742/1752/1240
f 2692/1768/1239 2688/1767/1240 2741/1752/1240 2744/1755/1239
f 2691/1768/1239 2692/1768/1239 2744/1755/1239 2743/1755/1239
f 2696/1767/1168 2695/1767/1168 2746/1752/1168 2745/1752/1168
f 2695/1767/1168 2699/1768/1168 2747/1755/1168 2746/1752/1168
f 2700/1768/1168 2696/1767/1168 2745/1752/1168 2748/1755/1168
f 2699/1768/1168 2700/1768/1168 2748/1755/1168 2747/1755/1168
f 2704/1767/1240 2703/1767/1240 2750/1752/1240 2749/1752/1240
f 2703/1767/1240 2707/1768/1239 2751/1755/1239 2750/1752/1240
f 2708/1768/1239 2704/1767/1240 2749/1752/1240 2752/1755/1239
f 2707/1768/1239 2708/1768/1239 2752/1755/1239 2751/1755/1239
f 2720/1769/1240 2719/1769/1240 2754/1762/1240 2753/1762/1240
f 2719/1769/1240 2723/1770/1239 2755/1765/1239 2754/1762/1240
f 2724/1770/1239 2720/1769/1240 2753/1762/1240 2756/1765/1239
f 2723/1770/1239 2724/1770/1239 2756/1765/1239 2755/1765/1239
f 2728/1769/1168 2727/1769/1168 2758/1762/1168 2757/1762/1168
f 2727/1769/1168 2731/1770/1168 2759/1765/1168 2758/1762/1168
f 2732/1770/1168 2728/1769/1168 2757/1762/1168 2760/1765/1168
f 2731/1770/1168 2732/1770/1168 2760/1765/1168 2759/1765/1168
f 2736/1769/1240 2735/1769/1240 2762/1762/1240 2761/1762/1240
f 2735/1769/1240 2739/1770/1239 2763/1765/1239 2762/1762/1240
f 2740/1770/1239 2736/1769/1240 2761/1762/1240 2764/1765/1239
f 2739/1770/1239 2740/1770/1239 2764/1765/1239 2763/1765/1239
f 3090/1771/1174 3091/1771/1174 3093/1772/1174 3092/1772/1174
f 3092/1772/1168 3093/1772/1168 3097/1773/1168 3096/1773/1168
f 3096/1773/1172 3097/1773/1172 3095/1774/1172 3094/1774/1172
f 3094/1774/1203 3095/1774/1203 3091/1771/1203 3090/1771/1203
f 3092/1772/1236 3096/1773/1236 3094/1774/1236 3090/1771/1236
f 3097/1773/1175 3093/1772/1175 3091/1771/1175 3095/1774/1175
f 3098/1775/1174 3099/1775/1174 3101/1776/1174 3100/1776/1174
f 3100/1776/1168 3101/1776/1168 3105/1777/1168 3104/1777/1168
f 3104/1777/1172 3105/1777/1172 3103/1778/1172 3102/1778/1172
f 3102/1778/1203 3103/1778/1203 3099/1775/1203 3098/1775/1203
f 3100/1776/1236 3104/1777/1236 3102/1778/1236 3098/1775/1236
f 3105/1777/1175 3101/1776/1175 3099/1775/1175 3103/1778/1175
f 3106/1779/1174 3107/1779/1174 3109/1780/1174 3108/1780/1174
f 3108/1780/1168 3109/1780/1168 3113/1781/1168 3112/1781/1168
f 3112/1781/1172 3113/1781/1172 3111/1782/1172 3110/1782/1172
f 3110/1782/1203 3111/1782/1203 3107/1779/1203 3106/1779/1203
f 3108/1780/1236 3112/1781/1236 3110/1782/1236 3106/1779/1236
f 3113/1781/1175 3109/1780/1175 3107/1779/1175 3111/1782/1175
f 3124/1783/1174 3122/1783/1174 3115/1784/1174 3114/1784/1174
f 3126/1785/1168 3127/1785/1168 3117/1786/1168 3116/1786/1168
f 3131/1787/1175 3122/1783/1175 3119/1788/1175 3128/1789/1175
f 3130/1787/1236 3123/1790/1236 3120/1791/1236 3129/1789/1236
f 3123/1790/1172 3125/1790/1172 3121/1791/1172 3120/1791/1172
f 3116/1786/1172 3117/1786/1172 3125/1790/1172 3123/1790/1172
f 3126/1785/1236 3116/1786/1236 3123/1790/1236 3130/1787/1236
f 3127/1785/1175 3115/1784/1175 3122/1783/1175 3131/1787/1175
f 3118/1788/1332 3119/1788/1332 3122/1783/1332 3124/1783/1332
f 3117/1786/1175 3127/1785/1175 3131/1787/1175 3125/1790/1175
f 3114/1784/1236 3126/1785/1236 3130/1787/1236 3124/1783/1236
f 3124/1783/1236 3130/1787/1236 3129/1789/1236 3118/1788/1236
f 3125/1790/1175 3131/1787/1175 3128/1789/1175 3121/1791/1175
f 3114/1784/1168 3115/1784/1168 3127/1785/1168 3126/1785/1168
f 3129/1789/1236 3120/1791/1236 3132/1792/1236 3135/1793/1236
f 3120/1791/1172 3121/1791/1172 3133/1792/1172 3132/1792/1172
f 3121/1791/1175 3128/1789/1175 3134/1793/1175 3133/1792/1175
f 3146/1794/1174 3144/1794/1174 3137/1795/1174 3136/1795/1174
f 3136/1795/1168 3137/1795/1168 3139/1796/1168 3138/1796/1168
f 3147/1797/1175 3144/1794/1175 3141/1798/1175 3143/1799/1175
f 3146/1794/1236 3145/1797/1236 3142/1799/1236 3140/1798/1236
f 3145/1797/1172 3147/1797/1172 3143/1799/1172 3142/1799/1172
f 3138/1796/1172 3139/1796/1172 3147/1797/1172 3145/1797/1172
f 3136/1795/1236 3138/1796/1236 3145/1797/1236 3146/1794/1236
f 3139/1796/1175 3137/1795/1175 3144/1794/1175 3147/1797/1175
f 3140/1798/1174 3141/1798/1174 3144/1794/1174 3146/1794/1174
f 3158/1800/1174 3156/1800/1174 3149/1801/1174 3148/1801/1174
f 3148/1801/1168 3149/1801/1168 3151/1802/1168 3150/1802/1168
f 3159/1803/1175 3156/1800/1175 3153/1804/1175 3155/1805/1175
f 3158/1800/1236 3157/1803/1236 3154/1805/1236 3152/1804/1236
f 3157/1803/1172 3159/1803/1172 3155/1805/1172 3154/1805/1172
f 3150/1802/1172 3151/1802/1172 3159/1803/1172 3157/1803/1172
f 3148/1801/1236 3150/1802/1236 3157/1803/1236 3158/1800/1236
f 3151/1802/1175 3149/1801/1175 3156/1800/1175 3159/1803/1175
f 3152/1804/1174 3153/1804/1174 3156/1800/1174 3158/1800/1174
f 3166/1806/1174 3164/1806/1174 3161/1807/1174 3160/1807/1174
f 3160/1807/1168 3161/1807/1168 3163/1808/1168 3162/1808/1168
f 3165/1809/1203 3167/1809/1203 3164/1806/1203 3166/1806/1203
f 3162/1808/1172 3163/1808/1172 3167/1809/1172 3165/1809/1172
f 3160/1807/1236 3162/1808/1236 3165/1809/1236 3166/1806/1236
f 3163/1808/1175 3161/1807/1175 3164/1806/1175 3167/1809/1175
f 3178/1810/1174 3176/1810/1174 3169/1811/1174 3168/1811/1174
f 3168/1811/1168 3169/1811/1168 3171/1812/1168 3170/1812/1168
f 3179/1813/1175 3176/1810/1175 3173/1814/1175 3175/1815/1175
f 3178/1810/1236 3177/1813/1236 3174/1815/1236 3172/1814/1236
f 3177/1813/1172 3179/1813/1172 3175/1815/1172 3174/1815/1172
f 3170/1812/1172 3171/1812/1172 3179/1813/1172 3177/1813/1172
f 3168/1811/1236 3170/1812/1236 3177/1813/1236 3178/1810/1236
f 3171/1812/1175 3169/1811/1175 3176/1810/1175 3179/1813/1175
f 3172/1814/1174 3173/1814/1174 3176/1810/1174 3178/1810/1174
f 3180/1816/1203 3212/1816/1203 3213/1817/1203 3182/1817/1203
f 3182/1817/1174 3213/1817/1174 3214/1818/1174 3186/1818/1174
f 3186/1818/1168 3214/1818/1168 3215/1819/1168 3184/1819/1168
f 3184/1819/1172 3215/1819/1172 3212/1816/1172 3180/1816/1172
f 3182/1817/1236 3186/1818/1236 3184/1819/1236 3180/1816/1236
f 3187/1820/1175 3183/1821/1175 3181/1822/1175 3185/1823/1175
f 3188/1824/1203 3216/1824/1203 3217/1825/1203 3190/1825/1203
f 3190/1825/1174 3217/1825/1174 3218/1826/1174 3194/1826/1174
f 3194/1826/1168 3218/1826/1168 3219/1827/1168 3192/1827/1168
f 3192/1827/1172 3219/1827/1172 3216/1824/1172 3188/1824/1172
f 3190/1825/1236 3194/1826/1236 3192/1827/1236 3188/1824/1236
f 3195/1828/1175 3191/1829/1175 3189/1830/1175 3193/1831/1175
f 3196/1832/1203 3220/1832/1203 3221/1833/1203 3198/1833/1203
f 3198/1833/1174 3221/1833/1174 3222/1834/1174 3202/1834/1174
f 3202/1834/1168 3222/1834/1168 3223/1835/1168 3200/1835/1168
f 3200/1835/1172 3223/1835/1172 3220/1832/1172 3196/1832/1172
f 3198/1833/1236 3202/1834/1236 3200/1835/1236 3196/1832/1236
f 3203/1836/1175 3199/1837/1175 3197/1838/1175 3201/1839/1175
f 3204/1840/1203 3224/1840/1203 3225/1841/1203 3206/1841/1203
f 3206/1841/1174 3225/1841/1174 3226/1842/1174 3210/1842/1174
f 3210/1842/1168 3226/1842/1168 3227/1843/1168 3208/1843/1168
f 3208/1843/1172 3227/1843/1172 3224/1840/1172 3204/1840/1172
f 3206/1841/1236 3210/1842/1236 3208/1843/1236 3204/1840/1236
f 3211/1844/1175 3207/1845/1175 3205/1846/1175 3209/1847/1175
f 3181/1848/1175 3183/1849/1175 3213/1817/1175 3212/1816/1175
f 3183/1849/1175 3187/1850/1175 3214/1818/1175 3213/1817/1175
f 3187/1850/1175 3185/1851/1175 3215/1819/1175 3214/1818/1175
f 3185/1851/1175 3181/1848/1175 3212/1816/1175 3215/1819/1175
f 3189/1852/1175 3191/1853/1175 3217/1825/1175 3216/1824/1175
f 3191/1853/1175 3195/1854/1175 3218/1826/1175 3217/1825/1175
f 3195/1854/1175 3193/1855/1175 3219/1827/1175 3218/1826/1175
f 3193/1855/1175 3189/1852/1175 3216/1824/1175 3219/1827/1175
f 3197/1856/1175 3199/1857/1175 3221/1833/1175 3220/1832/1175
f 3199/1857/1175 3203/1858/1175 3222/1834/1175 3221/1833/1175
f 3203/1858/1175 3201/1859/1175 3223/1835/1175 3222/1834/1175
f 3201/1859/1175 3197/1856/1175 3220/1832/1175 3223/1835/1175
f 3205/1860/1175 3207/1861/1175 3225/1841/1175 3224/1840/1175
f 3207/1861/1175 3211/1862/1175 3226/1842/1175 3225/1841/1175
f 3211/1862/1175 3209/1863/1175 3227/1843/1175 3226/1842/1175
f 3209/1863/1175 3205/1860/1175 3224/1840/1175 3227/1843/1175
f 3228/1864/1203 3260/1864/1203 3261/1865/1203 3230/1865/1203
f 3230/1865/1174 3261/1865/1174 3262/1866/1174 3234/1866/1174
f 3234/1866/1168 3262/1866/1168 3263/1867/1168 3232/1867/1168
f 3232/1867/1172 3263/1867/1172 3260/1864/1172 3228/1864/1172
f 3230/1865/1236 3234/1866/1236 3232/1867/1236 3228/1864/1236
f 3235/1868/1175 3231/1869/1175 3229/1870/1175 3233/1871/1175
f 3236/1872/1203 3264/1872/1203 3265/1873/1203 3238/1873/1203
f 3238/1873/1174 3265/1873/1174 3266/1874/1174 3242/1874/1174
f 3242/1874/1168 3266/1874/1168 3267/1875/1168 3240/1875/1168
f 3240/1875/1172 3267/1875/1172 3264/1872/1172 3236/1872/1172
f 3238/1873/1236 3242/1874/1236 3240/1875/1236 3236/1872/1236
f 3243/1876/1175 3239/1877/1175 3237/1878/1175 3241/1879/1175
f 3244/1880/1203 3268/1880/1203 3269/1881/1203 3246/1881/1203
f 3246/1881/1174 3269/1881/1174 3270/1882/1174 3250/1882/1174
f 3250/1882/1168 3270/1882/1168 3271/1883/1168 3248/1883/1168
f 3248/1883/1172 3271/1883/1172 3268/1880/1172 3244/1880/1172
f 3246/1881/1236 3250/1882/1236 3248/1883/1236 3244/1880/1236
f 3251/1884/1175 3247/1885/1175 3245/1886/1175 3249/1887/1175
f 3252/1888/1203 3272/1888/1203 3273/1889/1203 3254/1889/1203
f 3254/1889/1174 3273/1889/1174 3274/1890/1174 3258/1890/1174
f 3258/1890/1168 3274/1890/1168 3275/1891/1168 3256/1891/1168
f 3256/1891/1172 3275/1891/1172 3272/1888/1172 3252/1888/1172
f 3254/1889/1236 3258/1890/1236 3256/1891/1236 3252/1888/1236
f 3259/1892/1175 3255/1893/1175 3253/1894/1175 3257/1895/1175
f 3229/1896/1175 3231/1897/1175 3261/1865/1175 3260/1864/1175
f 3231/1897/1175 3235/1898/1175 3262/1866/1175 3261/1865/1175
f 3235/1898/1175 3233/1899/1175 3263/1867/1175 3262/1866/1175
f 3233/1899/1175 3229/1896/1175 3260/1864/1175 3263/1867/1175
f 3237/1900/1175 3239/1901/1175 3265/1873/1175 3264/1872/1175
f 3239/1901/1175 3243/1902/1175 3266/1874/1175 3265/1873/1175
f 3243/1902/1175 3241/1903/1175 3267/1875/1175 3266/1874/1175
f 3241/1903/1175 3237/1900/1175 3264/1872/1175 3267/1875/1175
f 3245/1904/1175 3247/1905/1175 3269/1881/1175 3268/1880/1175
f 3247/1905/1175 3251/1906/1175 3270/1882/1175 3269/1881/1175
f 3251/1906/1175 3249/1907/1175 3271/1883/1175 3270/1882/1175
f 3249/1907/1175 3245/1904/1175 3268/1880/1175 3271/1883/1175
f 3253/1908/1175 3255/1909/1175 3273/1889/1175 3272/1888/1175
f 3255/1909/1175 3259/1910/1175 3274/1890/1175 3273/1889/1175
f 3259/1910/1175 3257/1911/1175 3275/1891/1175 3274/1890/1175
f 3257/1911/1175 3253/1908/1175 3272/1888/1175 3275/1891/1175
f 3276/1912/1172 3308/1912/1172 3309/1913/1172 3278/1913/1172
f 3278/1913/1203 3309/1913/1203 3310/1914/1203 3282/1914/1203
f 3282/1914/1174 3310/1914/1174 3311/1915/1174 3280/1915/1174
f 3280/1915/1168 3311/1915/1168 3308/1912/1168 3276/1912/1168
f 3278/1913/1236 3282/1914/1236 3280/1915/1236 3276/1912/1236
f 3283/1916/1175 3279/1917/1175 3277/1918/1175 3281/1919/1175
f 3284/1920/1172 3312/1920/1172 3313/1921/1172 3286/1921/1172
f 3286/1921/1203 3313/1921/1203 3314/1922/1203 3290/1922/1203
f 3290/1922/1174 3314/1922/1174 3315/1923/1174 3288/1923/1174
f 3288/1923/1168 3315/1923/1168 3312/1920/1168 3284/1920/1168
f 3286/1921/1236 3290/1922/1236 3288/1923/1236 3284/1920/1236
f 3291/1924/1175 3287/1925/1175 3285/1926/1175 3289/1927/1175
f 3292/1928/1172 3316/1928/1172 3317/1929/1172 3294/1929/1172
f 3294/1929/1203 3317/1929/1203 3318/1930/1203 3298/1930/1203
f 3298/1930/1174 3318/1930/1174 3319/1931/1174 3296/1931/1174
f 3296/1931/1168 3319/1931/1168 3316/1928/1168 3292/1928/1168
f 3294/1929/1236 3298/1930/1236 3296/1931/1236 3292/1928/1236
f 3299/1932/1175 3295/1933/1175 3293/1934/1175 3297/1935/1175
f 3300/1936/1172 3320/1936/1172 3321/1937/1172 3302/1937/1172
f 3302/1937/1203 3321/1937/1203 3322/1938/1203 3306/1938/1203
f 3306/1938/1174 3322/1938/1174 3323/1939/1174 3304/1939/1174
f 3304/1939/1168 3323/1939/1168 3320/1936/1168 3300/1936/1168
f 3302/1937/1236 3306/1938/1236 3304/1939/1236 3300/1936/1236
f 3307/1940/1175 3303/1941/1175 3301/1942/1175 3305/1943/1175
f 3277/1944/1175 3279/1945/1175 3309/1913/1175 3308/1912/1175
f 3279/1945/1175 3283/1946/1175 3310/1914/1175 3309/1913/1175
f 3283/1946/1175 3281/1947/1175 3311/1915/1175 3310/1914/1175
f 3281/1947/1175 3277/1944/1175 3308/1912/1175 3311/1915/1175
f 3285/1948/1175 3287/1949/1175 3313/1921/1175 3312/1920/1175
f 3287/1949/1175 3291/1950/1175 3314/1922/1175 3313/1921/1175
f 3291/1950/1175 3289/1951/1175 3315/1923/1175 3314/1922/1175
f 3289/1951/1175 3285/1948/1175 3312/1920/1175 3315/1923/1175
f 3293/1952/1175 3295/1953/1175 3317/1929/1175 3316/1928/1175
f 3295/1953/1175 3299/1954/1175 3318/1930/1175 3317/1929/1175
f 3299/1954/1175 3297/1955/1175 3319/1931/1175 3318/1930/1175
f 3297/1955/1175 3293/1952/1175 3316/1928/1175 3319/1931/1175
f 3301/1956/1175 3303/1957/1175 3321/1937/1175 3320/1936/1175
f 3303/1957/1175 3307/1958/1175 3322/1938/1175 3321/1937/1175
f 3307/1958/1175 3305/1959/1175 3323/1939/1175 3322/1938/1175
f 3305/1959/1175 3301/1956/1175 3320/1936/1175 3323/1939/1175
f 3324/1960/1168 3340/1960/1168 3341/1961/1168 3326/1961/1168
f 3326/1961/1172 3341/1961/1172 3342/1962/1172 3330/1962/1172
f 3330/1962/1203 3342/1962/1203 3343/1963/1203 3328/1963/1203
f 3328/1963/1174 3343/1963/1174 3340/1960/1174 3324/1960/1174
f 3326/1961/1236 3330/1962/1236 3328/1963/1236 3324/1960/1236
f 3331/1964/1175 3327/1965/1175 3325/1966/1175 3329/1967/1175
f 3332/1968/1168 3344/1968/1168 3345/1969/1168 3334/1969/1168
f 3334/1969/1172 3345/1969/1172 3346/1970/1172 3338/1970/1172
f 3338/1970/1203 3346/1970/1203 3347/1971/1203 3336/1971/1203
f 3336/1971/1174 3347/1971/1174 3344/1968/1174 3332/1968/1174
f 3334/1969/1236 3338/1970/1236 3336/1971/1236 3332/1968/1236
f 3339/1972/1175 3335/1973/1175 3333/1974/1175 3337/1975/1175
f 3325/1976/1175 3327/1977/1175 3341/1961/1175 3340/1960/1175
f 3327/1977/1175 3331/1978/1175 3342/1962/1175 3341/1961/1175
f 3331/1978/1175 3329/1979/1175 3343/1963/1175 3342/1962/1175
f 3329/1979/1175 3325/1976/1175 3340/1960/1175 3343/1963/1175
f 3333/1980/1175 3335/1981/1175 3345/1969/1175 3344/1968/1175
f 3335/1981/1175 3339/1982/1175 3346/1970/1175 3345/1969/1175
f 3339/1982/1175 3337/1983/1175 3347/1971/1175 3346/1970/1175
f 3337/1983/1175 3333/1980/1175 3344/1968/1175 3347/1971/1175
f 3348/1984/1174 3356/1984/1174 3357/1985/1174 3350/1985/1174
f 3350/1985/1168 3357/1985/1168 3358/1986/1168 3354/1986/1168
f 3354/1986/1172 3358/1986/1172 3359/1987/1172 3352/1987/1172
f 3352/1987/1203 3359/1987/1203 3356/1984/1203 3348/1984/1203
f 3350/1985/1236 3354/1986/1236 3352/1987/1236 3348/1984/1236
f 3349/1988/1168 3353/1989/1168 3363/1989/1168 3360/1988/1168
f 3349/1988/1175 3351/1990/1175 3357/1985/1175 3356/1984/1175
f 3351/1990/1175 3355/1991/1175 3358/1986/1175 3357/1985/1175
f 3355/1991/1175 3353/1989/1175 3359/1987/1175 3358/1986/1175
f 3353/1989/1175 3349/1988/1175 3356/1984/1175 3359/1987/1175
f 3362/1992/1175 3361/1993/1175 3360/1994/1175 3363/1995/1175
f 3355/1991/1203 3351/1990/1203 3361/1990/1203 3362/1991/1203
f 3353/1989/1174 3355/1991/1174 3362/1991/1174 3363/1989/1174
f 3351/1990/1172 3349/1988/1172 3360/1988/1172 3361/1990/1172
f 3364/1996/1174 3365/1997/1174 3372/1997/1174 3373/1996/1174
f 3366/1998/1333 3367/1999/1333 3376/2000/1333 3377/2001/1333
f 3374/2002/1172 3375/2003/1172 3369/2003/1172 3368/2002/1172
f 3368/2002/1236 3369/2003/1236 3365/1997/1236 3364/1996/1236
f 3373/1996/1168 3374/2002/1168 3368/2002/1168 3364/1996/1168
f 3375/2003/1203 3372/1997/1203 3365/1997/1203 3369/2003/1203
f 3367/2004/1334 3366/2005/1334 3373/1996/1334 3372/1997/1334
f 3366/2005/1335 3370/2006/1335 3374/2002/1335 3373/1996/1335
f 3371/2007/1336 3367/2004/1336 3372/1997/1336 3375/2003/1336
f 3370/2006/1337 3371/2007/1337 3375/2003/1337 3374/2002/1337
f 3379/2008/1338 3378/2009/1338 3382/2010/1338 3383/2011/1338
f 3371/2011/1339 3370/2010/1339 3378/2009/1339 3379/2008/1339
f 3370/2010/1340 3366/1998/1340 3377/2001/1340 3378/2009/1340
f 3367/1999/1341 3371/2011/1341 3379/2008/1341 3376/2000/1341
f 3381/1998/1175 3380/1999/1175 3383/2011/1175 3382/2010/1175
f 3378/2009/1342 3377/2001/1342 3381/1998/1342 3382/2010/1342
f 3376/2000/1343 3379/2008/1343 3383/2011/1343 3380/1999/1343
f 3377/2001/1344 3376/2000/1344 3380/1999/1344 3381/1998/1344
f 3384/1996/1174 3385/1997/1174 3392/1997/1174 3393/1996/1174
f 3386/1998/1333 3387/1999/1333 3396/2000/1333 3397/2001/1333
f 3394/2002/1172 3395/2003/1172 3389/2003/1172 3388/2002/1172
f 3388/2002/1236 3389/2003/1236 3385/1997/1236 3384/1996/1236
f 3393/1996/1168 3394/2002/1168 3388/2002/1168 3384/1996/1168
f 3395/2003/1203 3392/1997/1203 3385/1997/1203 3389/2003/1203
f 3387/2004/1334 3386/2005/1334 3393/1996/1334 3392/1997/1334
f 3386/2005/1335 3390/2006/1335 3394/2002/1335 3393/1996/1335
f 3391/2007/1336 3387/2004/1336 3392/1997/1336 3395/2003/1336
f 3390/2006/1337 3391/2007/1337 3395/2003/1337 3394/2002/1337
f 3399/2008/1338 3398/2009/1338 3402/2010/1338 3403/2011/1338
f 3391/2011/1339 3390/2010/1339 3398/2009/1339 3399/2008/1339
f 3390/2010/1340 3386/1998/1340 3397/2001/1340 3398/2009/1340
f 3387/1999/1341 3391/2011/1341 3399/2008/1341 3396/2000/1341
f 3401/1998/1175 3400/1999/1175 3403/2011/1175 3402/2010/1175
f 3398/2009/1345 3397/2001/1345 3401/1998/1345 3402/2010/1345
f 3396/2000/1343 3399/2008/1343 3403/2011/1343 3400/1999/1343
f 3397/2001/1344 3396/2000/1344 3400/1999/1344 3401/1998/1344
f 3404/1996/1174 3405/1997/1174 3412/1997/1174 3413/1996/1174
f 3406/1998/1333 3407/1999/1333 3416/2000/1333 3417/2001/1333
f 3414/2002/1172 3415/2003/1172 3409/2003/1172 3408/2002/1172
f 3408/2002/1236 3409/2003/1236 3405/1997/1236 3404/1996/1236
f 3413/1996/1168 3414/2002/1168 3408/2002/1168 3404/1996/1168
f 3415/2003/1203 3412/1997/1203 3405/1997/1203 3409/2003/1203
f 3407/2004/1334 3406/2005/1334 3413/1996/1334 3412/1997/1334
f 3406/2005/1335 3410/2006/1335 3414/2002/1335 3413/1996/1335
f 3411/2007/1336 3407/2004/1336 3412/1997/1336 3415/2003/1336
f 3410/2006/1337 3411/2007/1337 3415/2003/1337 3414/2002/1337
f 3419/2008/1338 3418/2009/1338 3422/2010/1338 3423/2011/1338
f 3411/2011/1339 3410/2010/1339 3418/2009/1339 3419/2008/1339
f 3410/2010/1340 3406/1998/1340 3417/2001/1340 3418/2009/1340
f 3407/1999/1341 3411/2011/1341 3419/2008/1341 3416/2000/1341
f 3421/1998/1175 3420/1999/1175 3423/2011/1175 3422/2010/1175
f 3418/2009/1342 3417/2001/1342 3421/1998/1342 3422/2010/1342
f 3416/2000/1346 3419/2008/1346 3423/2011/1346 3420/1999/1346
f 3417/2001/1344 3416/2000/1344 3420/1999/1344 3421/1998/1344
f 3449/2012/1236 3451/2013/1236 3426/2014/1236 3425/2015/1236
f 3450/2016/1236 3448/2017/1236 3428/2018/1236 3427/2019/1236
f 3475/2020/1236 3450/2016/1236 3427/2019/1236 3461/2021/1236
f 3453/2012/1347 3433/2015/1348 3434/2014/1348 3455/2013/1347
f 3454/2016/1349 3435/2019/1350 3436/2018/1350 3452/2017/1349
f 3484/2021/1168 3435/2019/1168 3441/2019/1168 3467/2021/1168
f 3449/2012/1172 3425/2015/1172 3433/2015/1172 3453/2012/1172
f 3429/2022/1351 3430/2023/1351 3438/2023/1351 3437/2022/1351
f 3427/2019/1352 3428/2018/1352 3436/2018/1352 3435/2019/1352
f 3424/2024/1353 3431/2025/1353 3439/2025/1353 3432/2024/1353
f 3462/2026/1203 3424/2024/1203 3432/2024/1203 3464/2026/1203
f 3461/2021/1168 3427/2019/1168 3435/2019/1168 3484/2021/1168
f 3448/2017/1174 3429/2022/1174 3437/2022/1174 3452/2017/1174
f 3425/2015/1354 3426/2014/1354 3434/2014/1354 3433/2015/1354
f 3457/2013/1355 3440/2014/1355 3444/2027/1355 3459/2028/1355
f 3454/2016/1174 3438/2023/1174 3443/2023/1174 3456/2016/1174
f 3455/2013/1172 3434/2014/1172 3440/2014/1172 3457/2013/1172
f 3464/2026/1203 3432/2024/1203 3442/2024/1203 3468/2026/1203
f 3474/2029/1175 3485/2030/1175 3445/2031/1175 3458/2032/1175
f 3468/2026/1356 3442/2024/1356 3446/2033/1356 3471/2034/1356
f 3456/2016/1357 3443/2023/1357 3447/2035/1357 3458/2032/1357
f 3467/2021/1358 3441/2019/1359 3445/2031/1359 3485/2030/1360
f 3441/2019/1357 3456/2016/1357 3458/2032/1357 3445/2031/1357
f 3472/2036/1175 3474/2029/1175 3458/2032/1175 3447/2035/1175
f 3432/2024/1172 3455/2013/1172 3457/2013/1172 3442/2024/1172
f 3435/2019/1174 3454/2016/1174 3456/2016/1174 3441/2019/1174
f 3442/2024/1355 3457/2013/1355 3459/2028/1355 3446/2033/1355
f 3428/2018/1174 3448/2017/1174 3452/2017/1174 3436/2018/1174
f 3431/2025/1172 3449/2012/1172 3453/2012/1172 3439/2025/1172
f 3438/2023/1349 3454/2016/1349 3452/2017/1349 3437/2022/1349
f 3439/2025/1347 3453/2012/1347 3455/2013/1347 3432/2024/1347
f 3463/2037/1236 3430/2023/1236 3450/2016/1236 3475/2020/1236
f 3430/2023/1236 3429/2022/1236 3448/2017/1236 3450/2016/1236
f 3431/2025/1236 3424/2024/1236 3451/2013/1236 3449/2012/1236
f 3424/2024/1236 3462/2026/1236 3476/2038/1236 3451/2013/1236
f 3473/2039/1175 3474/2029/1175 3472/2036/1175 3471/2034/1175
f 3446/2033/1175 3459/2028/1175 3473/2039/1175 3471/2034/1175
f 3440/2014/1359 3466/2040/1361 3470/2041/1362 3444/2027/1359
f 3468/2026/1356 3471/2034/1356 3472/2036/1356 3469/2037/1356
f 3443/2023/1356 3469/2037/1356 3472/2036/1356 3447/2035/1363
f 3459/2028/1175 3444/2027/1175 3470/2041/1175 3473/2039/1175
f 3464/2026/1203 3468/2026/1203 3469/2037/1203 3465/2037/1203
f 3438/2023/1203 3465/2037/1203 3469/2037/1203 3443/2023/1203
f 3460/2040/1168 3461/2021/1168 3484/2021/1168 3483/2040/1168
f 3426/2014/1168 3460/2040/1168 3483/2040/1168 3434/2014/1168
f 3462/2026/1203 3464/2026/1203 3465/2037/1203 3463/2037/1203
f 3430/2023/1203 3463/2037/1203 3465/2037/1203 3438/2023/1203
f 3434/2014/1168 3483/2040/1168 3466/2040/1168 3440/2014/1168
f 3475/2020/1236 3461/2021/1236 3460/2040/1236 3476/2038/1236
f 3451/2013/1236 3476/2038/1236 3460/2040/1236 3426/2014/1236
f 3462/2026/1236 3463/2037/1236 3475/2020/1236 3476/2038/1236
f 3479/2042/1359 3481/2043/1364 3482/2044/1365 3480/2045/1366
f 3480/2045/1367 3482/2044/1367 3478/2046/1368 3477/2047/1368
f 3486/2048/1369 3487/2049/1369 3481/2043/1370 3479/2042/1370
f 3487/2050/1369 3486/2051/1369 3483/2052/1168 3484/2053/1168
f 3477/2054/1368 3478/2055/1368 3474/2056/1175 3473/2057/1175
f 3479/2058/1359 3480/2059/1366 3470/2060/1362 3466/2052/1361
f 3482/2061/1365 3481/2062/1364 3467/2053/1358 3485/2063/1360
f 3480/2059/1371 3477/2054/1371 3473/2057/1371 3470/2060/1371
f 3478/2055/1372 3482/2061/1372 3485/2063/1373 3474/2056/1372
f 3486/2051/1374 3479/2058/1375 3466/2052/1374 3483/2052/1374
f 3481/2062/1376 3487/2050/1377 3484/2053/1376 3467/2053/1376
f 3513/2012/1236 3515/2013/1236 3490/2014/1236 3489/2015/1236
f 3514/2016/1236 3512/2017/1236 3492/2018/1236 3491/2019/1236
f 3539/2020/1236 3514/2016/1236 3491/2019/1236 3525/2021/1236
f 3517/2012/1378 3497/2015/1378 3498/2014/1378 3519/2013/1378
f 3518/2016/1379 3499/2019/1379 3500/2018/1379 3516/2017/1379
f 3548/2021/1168 3499/2019/1168 3505/2019/1168 3531/2021/1168
f 3513/2012/1172 3489/2015/1172 3497/2015/1172 3517/2012/1172
f 3493/2022/1380 3494/2023/1380 3502/2023/1380 3501/2022/1380
f 3491/2019/1352 3492/2018/1352 3500/2018/1352 3499/2019/1352
f 3488/2024/1381 3495/2025/1381 3503/2025/1381 3496/2024/1381
f 3526/2026/1203 3488/2024/1203 3496/2024/1203 3528/2026/1203
f 3525/2021/1168 3491/2019/1168 3499/2019/1168 3548/2021/1168
f 3512/2017/1174 3493/2022/1174 3501/2022/1174 3516/2017/1174
f 3489/2015/1382 3490/2014/1382 3498/2014/1382 3497/2015/1382
f 3521/2013/1355 3504/2014/1355 3508/2027/1355 3523/2028/1355
f 3518/2016/1174 3502/2023/1174 3507/2023/1174 3520/2016/1174
f 3519/2013/1172 3498/2014/1172 3504/2014/1172 3521/2013/1172
f 3528/2026/1203 3496/2024/1203 3506/2024/1203 3532/2026/1203
f 3538/2029/1175 3549/2030/1175 3509/2031/1175 3522/2032/1175
f 3532/2026/1383 3506/2024/1384 3510/2033/1384 3535/2034/1384
f 3520/2016/1357 3507/2023/1357 3511/2035/1357 3522/2032/1357
f 3531/2021/1385 3505/2019/1386 3509/2031/1386 3549/2030/1387
f 3505/2019/1357 3520/2016/1357 3522/2032/1357 3509/2031/1357
f 3536/2036/1175 3538/2029/1175 3522/2032/1175 3511/2035/1175
f 3496/2024/1172 3519/2013/1172 3521/2013/1172 3506/2024/1172
f 3499/2019/1174 3518/2016/1174 3520/2016/1174 3505/2019/1174
f 3506/2024/1355 3521/2013/1355 3523/2028/1355 3510/2033/1355
f 3492/2018/1174 3512/2017/1174 3516/2017/1174 3500/2018/1174
f 3495/2025/1172 3513/2012/1172 3517/2012/1172 3503/2025/1172
f 3502/2023/1379 3518/2016/1379 3516/2017/1379 3501/2022/1379
f 3503/2025/1378 3517/2012/1378 3519/2013/1378 3496/2024/1378
f 3527/2037/1236 3494/2023/1236 3514/2016/1236 3539/2020/1236
f 3494/2023/1236 3493/2022/1236 3512/2017/1236 3514/2016/1236
f 3495/2025/1236 3488/2024/1236 3515/2013/1236 3513/2012/1236
f 3488/2024/1236 3526/2026/1236 3540/2038/1236 3515/2013/1236
f 3537/2039/1175 3538/2029/1175 3536/2036/1175 3535/2034/1175
f 3510/2033/1175 3523/2028/1175 3537/2039/1175 3535/2034/1175
f 3504/2014/1388 3530/2040/1389 3534/2041/1390 3508/2027/1388
f 3532/2026/1383 3535/2034/1384 3536/2036/1383 3533/2037/1383
f 3507/2023/1383 3533/2037/1383 3536/2036/1383 3511/2035/1383
f 3523/2028/1175 3508/2027/1175 3534/2041/1175 3537/2039/1175
f 3528/2026/1203 3532/2026/1203 3533/2037/1203 3529/2037/1203
f 3502/2023/1203 3529/2037/1203 3533/2037/1203 3507/2023/1203
f 3524/2040/1168 3525/2021/1168 3548/2021/1168 3547/2040/1168
f 3490/2014/1168 3524/2040/1168 3547/2040/1168 3498/2014/1168
f 3526/2026/1203 3528/2026/1203 3529/2037/1203 3527/2037/1203
f 3494/2023/1203 3527/2037/1203 3529/2037/1203 3502/2023/1203
f 3498/2014/1168 3547/2040/1168 3530/2040/1168 3504/2014/1168
f 3539/2020/1236 3525/2021/1236 3524/2040/1236 3540/2038/1236
f 3515/2013/1236 3540/2038/1236 3524/2040/1236 3490/2014/1236
f 3526/2026/1236 3527/2037/1236 3539/2020/1236 3540/2038/1236
f 3543/2042/1391 3545/2043/1392 3546/2044/1393 3544/2045/1391
f 3544/2045/1394 3546/2044/1394 3542/2046/1395 3541/2047/1396
f 3550/2048/1369 3551/2049/1369 3545/2043/1397 3543/2042/1397
f 3551/2050/1369 3550/2051/1369 3547/2052/1168 3548/2053/1168
f 3541/2054/1396 3542/2055/1395 3538/2056/1175 3537/2057/1175
f 3543/2058/1391 3544/2059/1391 3534/2060/1390 3530/2052/1389
f 3546/2061/1393 3545/2062/1392 3531/2053/1385 3549/2063/1387
f 3544/2059/1398 3541/2054/1398 3537/2057/1398 3534/2060/1398
f 3542/2055/1399 3546/2061/1399 3549/2063/1399 3538/2056/1399
f 3550/2051/1400 3543/2058/1401 3530/2052/1400 3547/2052/1401
f 3545/2062/1402 3551/2050/1403 3548/2053/1402 3531/2053/1402
f 3577/2012/1236 3579/2013/1236 3554/2014/1236 3553/2015/1236
f 3578/2016/1236 3576/2017/1236 3556/2018/1236 3555/2019/1236
f 3603/2020/1236 3578/2016/1236 3555/2019/1236 3589/2021/1236
f 3581/2012/1378 3561/2015/1378 3562/2014/1378 3583/2013/1378
f 3582/2016/1379 3563/2019/1379 3564/2018/1379 3580/2017/1379
f 3612/2021/1168 3563/2019/1168 3569/2019/1168 3595/2021/1168
f 3577/2012/1172 3553/2015/1172 3561/2015/1172 3581/2012/1172
f 3557/2022/1380 3558/2023/1380 3566/2023/1380 3565/2022/1380
f 3555/2019/1352 3556/2018/1352 3564/2018/1352 3563/2019/1352
f 3552/2024/1404 3559/2025/1404 3567/2025/1404 3560/2024/1404
f 3590/2026/1203 3552/2024/1203 3560/2024/1203 3592/2026/1203
f 3589/2021/1168 3555/2019/1168 3563/2019/1168 3612/2021/1168
f 3576/2017/1174 3557/2022/1174 3565/2022/1174 3580/2017/1174
f 3553/2015/1354 3554/2014/1354 3562/2014/1354 3561/2015/1354
f 3585/2013/1355 3568/2014/1355 3572/2027/1355 3587/2028/1355
f 3582/2016/1174 3566/2023/1174 3571/2023/1174 3584/2016/1174
f 3583/2013/1172 3562/2014/1172 3568/2014/1172 3585/2013/1172
f 3592/2026/1203 3560/2024/1203 3570/2024/1203 3596/2026/1203
f 3602/2029/1175 3613/2030/1175 3573/2031/1175 3586/2032/1175
f 3596/2026/1405 3570/2024/1405 3574/2033/1405 3599/2034/1405
f 3584/2016/1357 3571/2023/1357 3575/2035/1357 3586/2032/1357
f 3595/2021/1366 3569/2019/1386 3573/2031/1386 3613/2030/1406
f 3569/2019/1357 3584/2016/1357 3586/2032/1357 3573/2031/1357
f 3600/2036/1175 3602/2029/1175 3586/2032/1175 3575/2035/1175
f 3560/2024/1172 3583/2013/1172 3585/2013/1172 3570/2024/1172
f 3563/2019/1174 3582/2016/1174 3584/2016/1174 3569/2019/1174
f 3570/2024/1355 3585/2013/1355 3587/2028/1355 3574/2033/1355
f 3556/2018/1174 3576/2017/1174 3580/2017/1174 3564/2018/1174
f 3559/2025/1172 3577/2012/1172 3581/2012/1172 3567/2025/1172
f 3566/2023/1379 3582/2016/1379 3580/2017/1379 3565/2022/1379
f 3567/2025/1378 3581/2012/1378 3583/2013/1378 3560/2024/1378
f 3591/2037/1236 3558/2023/1236 3578/2016/1236 3603/2020/1236
f 3558/2023/1236 3557/2022/1236 3576/2017/1236 3578/2016/1236
f 3559/2025/1236 3552/2024/1236 3579/2013/1236 3577/2012/1236
f 3552/2024/1236 3590/2026/1236 3604/2038/1236 3579/2013/1236
f 3601/2039/1175 3602/2029/1175 3600/2036/1175 3599/2034/1175
f 3574/2033/1175 3587/2028/1175 3601/2039/1175 3599/2034/1175
f 3568/2014/1388 3594/2040/1407 3598/2041/1408 3572/2027/1388
f 3596/2026/1405 3599/2034/1405 3600/2036/1405 3597/2037/1405
f 3571/2023/1405 3597/2037/1405 3600/2036/1405 3575/2035/1405
f 3587/2028/1175 3572/2027/1175 3598/2041/1175 3601/2039/1175
f 3592/2026/1203 3596/2026/1203 3597/2037/1203 3593/2037/1203
f 3566/2023/1203 3593/2037/1203 3597/2037/1203 3571/2023/1203
f 3588/2040/1168 3589/2021/1168 3612/2021/1168 3611/2040/1168
f 3554/2014/1168 3588/2040/1168 3611/2040/1168 3562/2014/1168
f 3590/2026/1203 3592/2026/1203 3593/2037/1203 3591/2037/1203
f 3558/2023/1203 3591/2037/1203 3593/2037/1203 3566/2023/1203
f 3562/2014/1168 3611/2040/1168 3594/2040/1168 3568/2014/1168
f 3603/2020/1236 3589/2021/1236 3588/2040/1236 3604/2038/1236
f 3579/2013/1236 3604/2038/1236 3588/2040/1236 3554/2014/1236
f 3590/2026/1236 3591/2037/1236 3603/2020/1236 3604/2038/1236
f 3607/2042/1409 3609/2043/1410 3610/2044/1410 3608/2045/1411
f 3608/2045/1394 3610/2044/1394 3606/2046/1395 3605/2047/1396
f 3614/2048/1412 3615/2049/1412 3609/2043/1370 3607/2042/1370
f 3615/2050/1412 3614/2051/1412 3611/2052/1168 3612/2053/1168
f 3605/2054/1396 3606/2055/1395 3602/2056/1175 3601/2057/1175
f 3607/2058/1409 3608/2059/1411 3598/2060/1408 3594/2052/1407
f 3610/2061/1410 3609/2062/1410 3595/2053/1366 3613/2063/1406
f 3608/2059/1398 3605/2054/1398 3601/2057/1398 3598/2060/1398
f 3606/2055/1399 3610/2061/1399 3613/2063/1399 3602/2056/1399
f 3614/2051/1413 3607/2058/1413 3594/2052/1413 3611/2052/1413
f 3609/2062/1414 3615/2050/1415 3612/2053/1414 3595/2053/1414
f 3641/2012/1236 3643/2013/1236 3618/2014/1236 3617/2015/1236
f 3642/2016/1236 3640/2017/1236 3620/2018/1236 3619/2019/1236
f 3667/2020/1236 3642/2016/1236 3619/2019/1236 3653/2021/1236
f 3645/2012/1350 3625/2015/1350 3626/2014/1350 3647/2013/1350
f 3646/2016/1348 3627/2019/1348 3628/2018/1348 3644/2017/1348
f 3676/2021/1203 3627/2019/1203 3633/2019/1203 3659/2021/1203
f 3641/2012/1174 3617/2015/1174 3625/2015/1174 3645/2012/1174
f 3621/2022/1354 3622/2023/1354 3630/2023/1354 3629/2022/1354
f 3619/2019/1404 3620/2018/1404 3628/2018/1404 3627/2019/1404
f 3616/2024/1352 3623/2025/1352 3631/2025/1352 3624/2024/1352
f 3654/2026/1168 3616/2024/1168 3624/2024/1168 3656/2026/1168
f 3653/2021/1203 3619/2019/1203 3627/2019/1203 3676/2021/1203
f 3640/2017/1172 3621/2022/1172 3629/2022/1172 3644/2017/1172
f 3617/2015/1380 3618/2014/1380 3626/2014/1380 3625/2015/1380
f 3649/2013/1416 3632/2014/1416 3636/2027/1416 3651/2028/1416
f 3646/2016/1172 3630/2023/1172 3635/2023/1172 3648/2016/1172
f 3647/2013/1174 3626/2014/1174 3632/2014/1174 3649/2013/1174
f 3656/2026/1168 3624/2024/1168 3634/2024/1168 3660/2026/1168
f 3666/2029/1175 3677/2030/1175 3637/2031/1175 3650/2032/1175
f 3660/2026/1417 3634/2024/1418 3638/2033/1418 3663/2034/1419
f 3648/2016/1355 3635/2023/1420 3639/2035/1420 3650/2032/1355
f 3659/2021/1421 3633/2019/1422 3637/2031/1422 3677/2030/1421
f 3633/2019/1423 3648/2016/1355 3650/2032/1355 3637/2031/1423
f 3664/2036/1175 3666/2029/1175 3650/2032/1175 3639/2035/1175
f 3624/2024/1174 3647/2013/1174 3649/2013/1174 3634/2024/1174
f 3627/2019/1172 3646/2016/1172 3648/2016/1172 3633/2019/1172
f 3634/2024/1416 3649/2013/1416 3651/2028/1416 3638/2033/1416
f 3620/2018/1172 3640/2017/1172 3644/2017/1172 3628/2018/1172
f 3623/2025/1174 3641/2012/1174 3645/2012/1174 3631/2025/1174
f 3630/2023/1424 3646/2016/1348 3644/2017/1348 3629/2022/1424
f 3631/2025/1379 3645/2012/1350 3647/2013/1350 3624/2024/1379
f 3655/2037/1236 3622/2023/1236 3642/2016/1236 3667/2020/1236
f 3622/2023/1236 3621/2022/1236 3640/2017/1236 3642/2016/1236
f 3623/2025/1236 3616/2024/1236 3643/2013/1236 3641/2012/1236
f 3616/2024/1236 3654/2026/1236 3668/2038/1236 3643/2013/1236
f 3665/2039/1175 3666/2029/1175 3664/2036/1175 3663/2034/1175
f 3638/2033/1175 3651/2028/1175 3665/2039/1175 3663/2034/1175
f 3632/2014/1425 3658/2040/1426 3662/2041/1426 3636/2027/1425
f 3660/2026/1417 3663/2034/1419 3664/2036/1417 3661/2037/1417
f 3635/2023/1417 3661/2037/1417 3664/2036/1417 3639/2035/1417
f 3651/2028/1175 3636/2027/1175 3662/2041/1175 3665/2039/1175
f 3656/2026/1168 3660/2026/1168 3661/2037/1168 3657/2037/1168
f 3630/2023/1168 3657/2037/1168 3661/2037/1168 3635/2023/1168
f 3652/2040/1203 3653/2021/1203 3676/2021/1203 3675/2040/1203
f 3618/2014/1203 3652/2040/1203 3675/2040/1203 3626/2014/1203
f 3654/2026/1168 3656/2026/1168 3657/2037/1168 3655/2037/1168
f 3622/2023/1168 3655/2037/1168 3657/2037/1168 3630/2023/1168
f 3626/2014/1203 3675/2040/1203 3658/2040/1203 3632/2014/1203
f 3667/2020/1236 3653/2021/1236 3652/2040/1236 3668/2038/1236
f 3643/2013/1236 3668/2038/1236 3652/2040/1236 3618/2014/1236
f 3654/2026/1236 3655/2037/1236 3667/2020/1236 3668/2038/1236
f 3671/2042/1427 3673/2043/1428 3674/2044/1428 3672/2045/1429
f 3672/2045/1430 3674/2044/1430 3670/2046/1431 3669/2047/1431
f 3678/2048/1432 3679/2049/1432 3673/2043/1433 3671/2042/1433
f 3679/2050/1432 3678/2051/1432 3675/2052/1203 3676/2053/1203
f 3669/2054/1431 3670/2055/1431 3666/2056/1175 3665/2057/1175
f 3671/2058/1427 3672/2059/1429 3662/2060/1426 3658/2052/1426
f 3674/2061/1428 3673/2062/1428 3659/2053/1421 3677/2063/1421
f 3672/2059/1434 3669/2054/1434 3665/2057/1434 3662/2060/1434
f 3670/2055/1435 3674/2061/1435 3677/2063/1435 3666/2056/1435
f 3678/2051/1436 3671/2058/1436 3658/2052/1436 3675/2052/1436
f 3673/2062/1437 3679/2050/1437 3676/2053/1437 3659/2053/1437
f 3705/2012/1236 3707/2013/1236 3682/2014/1236 3681/2015/1236
f 3706/2016/1236 3704/2017/1236 3684/2018/1236 3683/2019/1236
f 3731/2020/1236 3706/2016/1236 3683/2019/1236 3717/2021/1236
f 3709/2012/1438 3689/2015/1438 3690/2014/1438 3711/2013/1438
f 3710/2016/1347 3691/2019/1347 3692/2018/1347 3708/2017/1347
f 3740/2021/1203 3691/2019/1203 3697/2019/1203 3723/2021/1203
f 3705/2012/1174 3681/2015/1174 3689/2015/1174 3709/2012/1174
f 3685/2022/1382 3686/2023/1382 3694/2023/1382 3693/2022/1382
f 3683/2019/1404 3684/2018/1404 3692/2018/1404 3691/2019/1404
f 3680/2024/1352 3687/2025/1352 3695/2025/1352 3688/2024/1352
f 3718/2026/1168 3680/2024/1168 3688/2024/1168 3720/2026/1168
f 3717/2021/1203 3683/2019/1203 3691/2019/1203 3740/2021/1203
f 3704/2017/1172 3685/2022/1172 3693/2022/1172 3708/2017/1172
f 3681/2015/1439 3682/2014/1439 3690/2014/1439 3689/2015/1439
f 3713/2013/1440 3696/2014/1441 3700/2027/1441 3715/2028/1440
f 3710/2016/1172 3694/2023/1172 3699/2023/1172 3712/2016/1172
f 3711/2013/1174 3690/2014/1174 3696/2014/1174 3713/2013/1174
f 3720/2026/1168 3688/2024/1168 3698/2024/1168 3724/2026/1168
f 3730/2029/1175 3741/2030/1175 3701/2031/1175 3714/2032/1175
f 3724/2026/1417 3698/2024/1417 3702/2033/1417 3727/2034/1417
f 3712/2016/1420 3699/2023/1420 3703/2035/1420 3714/2032/1420
f 3723/2021/1427 3697/2019/1405 3701/2031/1442 3741/2030/1429
f 3697/2019/1443 3712/2016/1420 3714/2032/1420 3701/2031/1443
f 3728/2036/1175 3730/2029/1175 3714/2032/1175 3703/2035/1175
f 3688/2024/1174 3711/2013/1174 3713/2013/1174 3698/2024/1174
f 3691/2019/1172 3710/2016/1172 3712/2016/1172 3697/2019/1172
f 3698/2024/1441 3713/2013/1440 3715/2028/1440 3702/2033/1444
f 3684/2018/1172 3704/2017/1172 3708/2017/1172 3692/2018/1172
f 3687/2025/1174 3705/2012/1174 3709/2012/1174 3695/2025/1174
f 3694/2023/1347 3710/2016/1347 3708/2017/1347 3693/2022/1347
f 3695/2025/1438 3709/2012/1438 3711/2013/1438 3688/2024/1438
f 3719/2037/1236 3686/2023/1236 3706/2016/1236 3731/2020/1236
f 3686/2023/1236 3685/2022/1236 3704/2017/1236 3706/2016/1236
f 3687/2025/1236 3680/2024/1236 3707/2013/1236 3705/2012/1236
f 3680/2024/1236 3718/2026/1236 3732/2038/1236 3707/2013/1236
f 3729/2039/1175 3730/2029/1175 3728/2036/1175 3727/2034/1175
f 3702/2033/1175 3715/2028/1175 3729/2039/1175 3727/2034/1175
f 3696/2014/1442 3722/2040/1445 3726/2041/1428 3700/2027/1383
f 3724/2026/1417 3727/2034/1417 3728/2036/1417 3725/2037/1417
f 3699/2023/1388 3725/2037/1417 3728/2036/1417 3703/2035/1388
f 3715/2028/1175 3700/2027/1175 3726/2041/1175 3729/2039/1175
f 3720/2026/1168 3724/2026/1168 3725/2037/1168 3721/2037/1168
f 3694/2023/1168 3721/2037/1168 3725/2037/1168 3699/2023/1168
f 3716/2040/1203 3717/2021/1203 3740/2021/1203 3739/2040/1203
f 3682/2014/1203 3716/2040/1203 3739/2040/1203 3690/2014/1203
f 3718/2026/1168 3720/2026/1168 3721/2037/1168 3719/2037/1168
f 3686/2023/1168 3719/2037/1168 3721/2037/1168 3694/2023/1168
f 3690/2014/1203 3739/2040/1203 3722/2040/1203 3696/2014/1203
f 3731/2020/1236 3717/2021/1236 3716/2040/1236 3732/2038/1236
f 3707/2013/1236 3732/2038/1236 3716/2040/1236 3682/2014/1236
f 3718/2026/1236 3719/2037/1236 3731/2020/1236 3732/2038/1236
f 3735/2042/1446 3737/2043/1447 3738/2044/1448 3736/2045/1449
f 3736/2045/1450 3738/2044/1450 3734/2046/1451 3733/2047/1451
f 3742/2048/1432 3743/2049/1432 3737/2043/1433 3735/2042/1433
f 3743/2050/1432 3742/2051/1432 3739/2052/1203 3740/2053/1203
f 3733/2054/1451 3734/2055/1451 3730/2056/1175 3729/2057/1175
f 3735/2058/1446 3736/2059/1449 3726/2060/1428 3722/2052/1445
f 3738/2061/1448 3737/2062/1447 3723/2053/1427 3741/2063/1429
f 3736/2059/1452 3733/2054/1452 3729/2057/1452 3726/2060/1452
f 3734/2055/1435 3738/2061/1453 3741/2063/1454 3730/2056/1435
f 3742/2051/1455 3735/2058/1455 3722/2052/1455 3739/2052/1455
f 3737/2062/1456 3743/2050/1456 3740/2053/1456 3723/2053/1456
f 3769/2012/1236 3771/2013/1236 3746/2014/1236 3745/2015/1236
f 3770/2016/1236 3768/2017/1236 3748/2018/1236 3747/2019/1236
f 3795/2020/1236 3770/2016/1236 3747/2019/1236 3781/2021/1236
f 3773/2012/1438 3753/2015/1438 3754/2014/1438 3775/2013/1438
f 3774/2016/1347 3755/2019/1347 3756/2018/1347 3772/2017/1347
f 3804/2021/1203 3755/2019/1203 3761/2019/1203 3787/2021/1203
f 3769/2012/1174 3745/2015/1174 3753/2015/1174 3773/2012/1174
f 3749/2022/1354 3750/2023/1354 3758/2023/1354 3757/2022/1354
f 3747/2019/1457 3748/2018/1457 3756/2018/1457 3755/2019/1457
f 3744/2024/1458 3751/2025/1458 3759/2025/1458 3752/2024/1458
f 3782/2026/1168 3744/2024/1168 3752/2024/1168 3784/2026/1168
f 3781/2021/1203 3747/2019/1203 3755/2019/1203 3804/2021/1203
f 3768/2017/1172 3749/2022/1172 3757/2022/1172 3772/2017/1172
f 3745/2015/1380 3746/2014/1380 3754/2014/1380 3753/2015/1380
f 3777/2013/1459 3760/2014/1441 3764/2027/1441 3779/2028/1459
f 3774/2016/1172 3758/2023/1172 3763/2023/1172 3776/2016/1172
f 3775/2013/1174 3754/2014/1174 3760/2014/1174 3777/2013/1174
f 3784/2026/1168 3752/2024/1168 3762/2024/1168 3788/2026/1168
f 3794/2029/1175 3805/2030/1175 3765/2031/1175 3778/2032/1175
f 3788/2026/1460 3762/2024/1460 3766/2033/1460 3791/2034/1460
f 3776/2016/1443 3763/2023/1420 3767/2035/1420 3778/2032/1443
f 3787/2021/1445 3761/2019/1383 3765/2031/1383 3805/2030/1445
f 3761/2019/1355 3776/2016/1443 3778/2032/1443 3765/2031/1355
f 3792/2036/1175 3794/2029/1175 3778/2032/1175 3767/2035/1175
f 3752/2024/1174 3775/2013/1174 3777/2013/1174 3762/2024/1174
f 3755/2019/1172 3774/2016/1172 3776/2016/1172 3761/2019/1172
f 3762/2024/1440 3777/2013/1459 3779/2028/1459 3766/2033/1440
f 3748/2018/1172 3768/2017/1172 3772/2017/1172 3756/2018/1172
f 3751/2025/1174 3769/2012/1174 3773/2012/1174 3759/2025/1174
f 3758/2023/1347 3774/2016/1347 3772/2017/1347 3757/2022/1347
f 3759/2025/1438 3773/2012/1438 3775/2013/1438 3752/2024/1438
f 3783/2037/1236 3750/2023/1236 3770/2016/1236 3795/2020/1236
f 3750/2023/1236 3749/2022/1236 3768/2017/1236 3770/2016/1236
f 3751/2025/1236 3744/2024/1236 3771/2013/1236 3769/2012/1236
f 3744/2024/1236 3782/2026/1236 3796/2038/1236 3771/2013/1236
f 3793/2039/1175 3794/2029/1175 3792/2036/1175 3791/2034/1175
f 3766/2033/1175 3779/2028/1175 3793/2039/1175 3791/2034/1175
f 3760/2014/1363 3786/2040/1461 3790/2041/1427 3764/2027/1363
f 3788/2026/1460 3791/2034/1460 3792/2036/1460 3789/2037/1460
f 3763/2023/1462 3789/2037/1460 3792/2036/1460 3767/2035/1388
f 3779/2028/1175 3764/2027/1175 3790/2041/1175 3793/2039/1175
f 3784/2026/1168 3788/2026/1168 3789/2037/1168 3785/2037/1168
f 3758/2023/1168 3785/2037/1168 3789/2037/1168 3763/2023/1168
f 3780/2040/1203 3781/2021/1203 3804/2021/1203 3803/2040/1203
f 3746/2014/1203 3780/2040/1203 3803/2040/1203 3754/2014/1203
f 3782/2026/1168 3784/2026/1168 3785/2037/1168 3783/2037/1168
f 3750/2023/1168 3783/2037/1168 3785/2037/1168 3758/2023/1168
f 3754/2014/1203 3803/2040/1203 3786/2040/1203 3760/2014/1203
f 3795/2020/1236 3781/2021/1236 3780/2040/1236 3796/2038/1236
f 3771/2013/1236 3796/2038/1236 3780/2040/1236 3746/2014/1236
f 3782/2026/1236 3783/2037/1236 3795/2020/1236 3796/2038/1236
f 3799/2042/1463 3801/2043/1464 3802/2044/1446 3800/2045/1465
f 3800/2045/1450 3802/2044/1450 3798/2046/1431 3797/2047/1431
f 3806/2048/1466 3807/2049/1466 3801/2043/1467 3799/2042/1467
f 3807/2050/1466 3806/2051/1466 3803/2052/1203 3804/2053/1203
f 3797/2054/1431 3798/2055/1431 3794/2056/1175 3793/2057/1175
f 3799/2058/1463 3800/2059/1465 3790/2060/1427 3786/2052/1461
f 3802/2061/1446 3801/2062/1464 3787/2053/1445 3805/2063/1445
f 3800/2059/1468 3797/2054/1468 3793/2057/1468 3790/2060/1468
f 3798/2055/1454 3802/2061/1454 3805/2063/1454 3794/2056/1454
f 3806/2051/1469 3799/2058/1469 3786/2052/1469 3803/2052/1469
f 3801/2062/1456 3807/2050/1456 3804/2053/1456 3787/2053/1456
f 3833/2012/1236 3835/2013/1236 3810/2014/1236 3809/2015/1236
f 3834/2016/1236 3832/2017/1236 3812/2018/1236 3811/2019/1236
f 3859/2020/1236 3834/2016/1236 3811/2019/1236 3845/2021/1236
f 3837/2012/1438 3817/2015/1438 3818/2014/1438 3839/2013/1438
f 3838/2016/1470 3819/2019/1470 3820/2018/1470 3836/2017/1470
f 3868/2021/1203 3819/2019/1203 3825/2019/1203 3851/2021/1203
f 3833/2012/1174 3809/2015/1174 3817/2015/1174 3837/2012/1174
f 3813/2022/1354 3814/2023/1354 3822/2023/1354 3821/2022/1354
f 3811/2019/1404 3812/2018/1404 3820/2018/1404 3819/2019/1404
f 3808/2024/1352 3815/2025/1352 3823/2025/1352 3816/2024/1352
f 3846/2026/1168 3808/2024/1168 3816/2024/1168 3848/2026/1168
f 3845/2021/1203 3811/2019/1203 3819/2019/1203 3868/2021/1203
f 3832/2017/1172 3813/2022/1172 3821/2022/1172 3836/2017/1172
f 3809/2015/1380 3810/2014/1380 3818/2014/1380 3817/2015/1380
f 3841/2013/1459 3824/2014/1444 3828/2027/1441 3843/2028/1459
f 3838/2016/1172 3822/2023/1172 3827/2023/1172 3840/2016/1172
f 3839/2013/1174 3818/2014/1174 3824/2014/1174 3841/2013/1174
f 3848/2026/1168 3816/2024/1168 3826/2024/1168 3852/2026/1168
f 3858/2029/1175 3869/2030/1175 3829/2031/1175 3842/2032/1175
f 3852/2026/1471 3826/2024/1471 3830/2033/1471 3855/2034/1471
f 3840/2016/1420 3827/2023/1420 3831/2035/1420 3842/2032/1420
f 3851/2021/1472 3825/2019/1422 3829/2031/1422 3869/2030/1472
f 3825/2019/1420 3840/2016/1420 3842/2032/1420 3829/2031/1420
f 3856/2036/1175 3858/2029/1175 3842/2032/1175 3831/2035/1175
f 3816/2024/1174 3839/2013/1174 3841/2013/1174 3826/2024/1174
f 3819/2019/1172 3838/2016/1172 3840/2016/1172 3825/2019/1172
f 3826/2024/1440 3841/2013/1459 3843/2028/1459 3830/2033/1440
f 3812/2018/1172 3832/2017/1172 3836/2017/1172 3820/2018/1172
f 3815/2025/1174 3833/2012/1174 3837/2012/1174 3823/2025/1174
f 3822/2023/1470 3838/2016/1470 3836/2017/1470 3821/2022/1470
f 3823/2025/1438 3837/2012/1438 3839/2013/1438 3816/2024/1438
f 3847/2037/1236 3814/2023/1236 3834/2016/1236 3859/2020/1236
f 3814/2023/1236 3813/2022/1236 3832/2017/1236 3834/2016/1236
f 3815/2025/1236 3808/2024/1236 3835/2013/1236 3833/2012/1236
f 3808/2024/1236 3846/2026/1236 3860/2038/1236 3835/2013/1236
f 3857/2039/1175 3858/2029/1175 3856/2036/1175 3855/2034/1175
f 3830/2033/1175 3843/2028/1175 3857/2039/1175 3855/2034/1175
f 3824/2014/1422 3850/2040/1473 3854/2041/1473 3828/2027/1422
f 3852/2026/1471 3855/2034/1471 3856/2036/1471 3853/2037/1471
f 3827/2023/1471 3853/2037/1471 3856/2036/1471 3831/2035/1471
f 3843/2028/1175 3828/2027/1175 3854/2041/1175 3857/2039/1175
f 3848/2026/1168 3852/2026/1168 3853/2037/1168 3849/2037/1168
f 3822/2023/1168 3849/2037/1168 3853/2037/1168 3827/2023/1168
f 3844/2040/1203 3845/2021/1203 3868/2021/1203 3867/2040/1203
f 3810/2014/1203 3844/2040/1203 3867/2040/1203 3818/2014/1203
f 3846/2026/1168 3848/2026/1168 3849/2037/1168 3847/2037/1168
f 3814/2023/1168 3847/2037/1168 3849/2037/1168 3822/2023/1168
f 3818/2014/1203 3867/2040/1203 3850/2040/1203 3824/2014/1203
f 3859/2020/1236 3845/2021/1236 3844/2040/1236 3860/2038/1236
f 3835/2013/1236 3860/2038/1236 3844/2040/1236 3810/2014/1236
f 3846/2026/1236 3847/2037/1236 3859/2020/1236 3860/2038/1236
f 3863/2042/1426 3865/2043/1421 3866/2044/1421 3864/2045/1426
f 3864/2045/1450 3866/2044/1450 3862/2046/1431 3861/2047/1431
f 3870/2048/1466 3871/2049/1466 3865/2043/1467 3863/2042/1467
f 3871/2050/1466 3870/2051/1466 3867/2052/1203 3868/2053/1203
f 3861/2054/1431 3862/2055/1431 3858/2056/1175 3857/2057/1175
f 3863/2058/1426 3864/2059/1426 3854/2060/1473 3850/2052/1473
f 3866/2061/1421 3865/2062/1421 3851/2053/1472 3869/2063/1472
f 3864/2059/1468 3861/2054/1468 3857/2057/1468 3854/2060/1468
f 3862/2055/1454 3866/2061/1454 3869/2063/1454 3858/2056/1454
f 3870/2051/1455 3863/2058/1455 3850/2052/1455 3867/2052/1455
f 3865/2062/1456 3871/2050/1456 3868/2053/1456 3851/2053/1456
f 3872/2064/1174 3873/2065/1174 3875/2066/1174 3874/2066/1174
f 3874/2066/1168 3875/2066/1168 3879/2067/1168 3878/2067/1168
f 3878/2067/1172 3879/2067/1172 3877/2068/1172 3876/2069/1172
f 3876/2069/1474 3877/2068/1474 3873/2065/1474 3872/2064/1474
f 3874/2066/1236 3878/2067/1236 3876/2069/1236 3872/2064/1236
f 3879/2067/1475 3875/2066/1475 3873/2065/1475 3877/2068/1475
f 3880/2064/1203 3881/2065/1203 3883/2066/1203 3882/2066/1203
f 3882/2066/1174 3883/2066/1174 3887/2067/1174 3886/2067/1174
f 3886/2067/1168 3887/2067/1168 3885/2068/1168 3884/2069/1168
f 3884/2069/1476 3885/2068/1476 3881/2065/1476 3880/2064/1476
f 3882/2066/1236 3886/2067/1236 3884/2069/1236 3880/2064/1236
f 3887/2067/1477 3883/2066/1477 3881/2065/1477 3885/2068/1477
f 3913/2012/1236 3915/2013/1236 3890/2014/1236 3889/2015/1236
f 3914/2016/1236 3912/2017/1236 3892/2018/1236 3891/2019/1236
f 3939/2020/1236 3914/2016/1236 3891/2019/1236 3925/2021/1236
f 3917/2012/1350 3897/2015/1350 3898/2014/1350 3919/2013/1350
f 3918/2016/1348 3899/2019/1348 3900/2018/1348 3916/2017/1348
f 3948/2021/1203 3899/2019/1203 3905/2019/1203 3931/2021/1203
f 3913/2012/1174 3889/2015/1174 3897/2015/1174 3917/2012/1174
f 3893/2022/1354 3894/2023/1354 3902/2023/1354 3901/2022/1354
f 3891/2019/1404 3892/2018/1404 3900/2018/1404 3899/2019/1404
f 3888/2024/1352 3895/2025/1352 3903/2025/1352 3896/2024/1352
f 3926/2026/1168 3888/2024/1168 3896/2024/1168 3928/2026/1168
f 3925/2021/1203 3891/2019/1203 3899/2019/1203 3948/2021/1203
f 3912/2017/1172 3893/2022/1172 3901/2022/1172 3916/2017/1172
f 3889/2015/1380 3890/2014/1380 3898/2014/1380 3897/2015/1380
f 3921/2013/1478 3904/2014/1478 3908/2027/1478 3923/2028/1478
f 3918/2016/1172 3902/2023/1172 3907/2023/1172 3920/2016/1172
f 3919/2013/1174 3898/2014/1174 3904/2014/1174 3921/2013/1174
f 3928/2026/1168 3896/2024/1168 3906/2024/1168 3932/2026/1168
f 3938/2029/1175 3949/2030/1175 3909/2031/1175 3922/2032/1175
f 3932/2026/1386 3906/2024/1386 3910/2033/1386 3935/2034/1386
f 3920/2016/1479 3907/2023/1443 3911/2035/1443 3922/2032/1479
f 3931/2021/1480 3905/2019/1481 3909/2031/1481 3949/2030/1482
f 3905/2019/1420 3920/2016/1479 3922/2032/1479 3909/2031/1420
f 3936/2036/1175 3938/2029/1175 3922/2032/1175 3911/2035/1175
f 3896/2024/1174 3919/2013/1174 3921/2013/1174 3906/2024/1174
f 3899/2019/1172 3918/2016/1172 3920/2016/1172 3905/2019/1172
f 3906/2024/1478 3921/2013/1478 3923/2028/1478 3910/2033/1478
f 3892/2018/1172 3912/2017/1172 3916/2017/1172 3900/2018/1172
f 3895/2025/1174 3913/2012/1174 3917/2012/1174 3903/2025/1174
f 3902/2023/1348 3918/2016/1348 3916/2017/1348 3901/2022/1348
f 3903/2025/1350 3917/2012/1350 3919/2013/1350 3896/2024/1350
f 3927/2037/1236 3894/2023/1236 3914/2016/1236 3939/2020/1236
f 3894/2023/1236 3893/2022/1236 3912/2017/1236 3914/2016/1236
f 3895/2025/1236 3888/2024/1236 3915/2013/1236 3913/2012/1236
f 3888/2024/1236 3926/2026/1236 3940/2038/1236 3915/2013/1236
f 3937/2039/1175 3938/2029/1175 3936/2036/1175 3935/2034/1175
f 3910/2033/1175 3923/2028/1175 3937/2039/1175 3935/2034/1175
f 3904/2014/1481 3930/2040/1483 3934/2041/1483 3908/2027/1481
f 3932/2026/1386 3935/2034/1386 3936/2036/1386 3933/2037/1386
f 3907/2023/1386 3933/2037/1386 3936/2036/1386 3911/2035/1386
f 3923/2028/1175 3908/2027/1175 3934/2041/1175 3937/2039/1175
f 3928/2026/1168 3932/2026/1168 3933/2037/1168 3929/2037/1168
f 3902/2023/1168 3929/2037/1168 3933/2037/1168 3907/2023/1168
f 3924/2040/1203 3925/2021/1203 3948/2021/1203 3947/2040/1203
f 3890/2014/1203 3924/2040/1203 3947/2040/1203 3898/2014/1203
f 3926/2026/1168 3928/2026/1168 3929/2037/1168 3927/2037/1168
f 3894/2023/1168 3927/2037/1168 3929/2037/1168 3902/2023/1168
f 3898/2014/1203 3947/2040/1203 3930/2040/1203 3904/2014/1203
f 3939/2020/1236 3925/2021/1236 3924/2040/1236 3940/2038/1236
f 3915/2013/1236 3940/2038/1236 3924/2040/1236 3890/2014/1236
f 3926/2026/1236 3927/2037/1236 3939/2020/1236 3940/2038/1236
f 3943/2042/1484 3945/2043/1485 3946/2044/1485 3944/2045/1486
f 3944/2045/1430 3946/2044/1430 3942/2046/1431 3941/2047/1431
f 3950/2048/1466 3951/2049/1466 3945/2043/1487 3943/2042/1487
f 3951/2050/1466 3950/2051/1466 3947/2052/1203 3948/2053/1203
f 3941/2054/1431 3942/2055/1431 3938/2056/1175 3937/2057/1175
f 3943/2058/1484 3944/2059/1486 3934/2060/1483 3930/2052/1483
f 3946/2061/1485 3945/2062/1485 3931/2053/1480 3949/2063/1482
f 3944/2059/1488 3941/2054/1488 3937/2057/1488 3934/2060/1488
f 3942/2055/1453 3946/2061/1453 3949/2063/1453 3938/2056/1453
f 3950/2051/1489 3943/2058/1489 3930/2052/1489 3947/2052/1489
f 3945/2062/1490 3951/2050/1490 3948/2053/1490 3931/2053/1490
f 3977/2012/1236 3979/2013/1236 3954/2014/1236 3953/2015/1236
f 3978/2016/1236 3976/2017/1236 3956/2018/1236 3955/2019/1236
f 4003/2020/1236 3978/2016/1236 3955/2019/1236 3989/2021/1236
f 3981/2012/1349 3961/2015/1491 3962/2014/1491 3983/2013/1349
f 3982/2016/1470 3963/2019/1470 3964/2018/1470 3980/2017/1470
f 4012/2021/1203 3963/2019/1203 3969/2019/1203 3995/2021/1203
f 3977/2012/1174 3953/2015/1174 3961/2015/1174 3981/2012/1174
f 3957/2022/1492 3958/2023/1492 3966/2023/1492 3965/2022/1492
f 3955/2019/1404 3956/2018/1404 3964/2018/1404 3963/2019/1404
f 3952/2024/1352 3959/2025/1352 3967/2025/1352 3960/2024/1352
f 3990/2026/1168 3952/2024/1168 3960/2024/1168 3992/2026/1168
f 3989/2021/1203 3955/2019/1203 3963/2019/1203 4012/2021/1203
f 3976/2017/1172 3957/2022/1172 3965/2022/1172 3980/2017/1172
f 3953/2015/1493 3954/2014/1493 3962/2014/1493 3961/2015/1493
f 3985/2013/1494 3968/2014/1478 3972/2027/1478 3987/2028/1494
f 3982/2016/1172 3966/2023/1172 3971/2023/1172 3984/2016/1172
f 3983/2013/1174 3962/2014/1174 3968/2014/1174 3985/2013/1174
f 3992/2026/1168 3960/2024/1168 3970/2024/1168 3996/2026/1168
f 4002/2029/1175 4013/2030/1175 3973/2031/1175 3986/2032/1175
f 3996/2026/1460 3970/2024/1460 3974/2033/1460 3999/2034/1417
f 3984/2016/1495 3971/2023/1420 3975/2035/1420 3986/2032/1495
f 3995/2021/1496 3969/2019/1383 3973/2031/1405 4013/2030/1497
f 3969/2019/1498 3984/2016/1495 3986/2032/1495 3973/2031/1420
f 4000/2036/1175 4002/2029/1175 3986/2032/1175 3975/2035/1175
f 3960/2024/1174 3983/2013/1174 3985/2013/1174 3970/2024/1174
f 3963/2019/1172 3982/2016/1172 3984/2016/1172 3969/2019/1172
f 3970/2024/1357 3985/2013/1494 3987/2028/1494 3974/2033/1357
f 3956/2018/1172 3976/2017/1172 3980/2017/1172 3964/2018/1172
f 3959/2025/1174 3977/2012/1174 3981/2012/1174 3967/2025/1174
f 3966/2023/1499 3982/2016/1470 3980/2017/1470 3965/2022/1499
f 3967/2025/1349 3981/2012/1349 3983/2013/1349 3960/2024/1349
f 3991/2037/1236 3958/2023/1236 3978/2016/1236 4003/2020/1236
f 3958/2023/1236 3957/2022/1236 3976/2017/1236 3978/2016/1236
f 3959/2025/1236 3952/2024/1236 3979/2013/1236 3977/2012/1236
f 3952/2024/1236 3990/2026/1236 4004/2038/1236 3979/2013/1236
f 4001/2039/1175 4002/2029/1175 4000/2036/1175 3999/2034/1175
f 3974/2033/1175 3987/2028/1175 4001/2039/1175 3999/2034/1175
f 3968/2014/1383 3994/2040/1480 3998/2041/1480 3972/2027/1383
f 3996/2026/1460 3999/2034/1417 4000/2036/1500 3997/2037/1417
f 3971/2023/1359 3997/2037/1417 4000/2036/1500 3975/2035/1359
f 3987/2028/1175 3972/2027/1175 3998/2041/1175 4001/2039/1175
f 3992/2026/1168 3996/2026/1168 3997/2037/1168 3993/2037/1168
f 3966/2023/1168 3993/2037/1168 3997/2037/1168 3971/2023/1168
f 3988/2040/1203 3989/2021/1203 4012/2021/1203 4011/2040/1203
f 3954/2014/1203 3988/2040/1203 4011/2040/1203 3962/2014/1203
f 3990/2026/1168 3992/2026/1168 3993/2037/1168 3991/2037/1168
f 3958/2023/1168 3991/2037/1168 3993/2037/1168 3966/2023/1168
f 3962/2014/1203 4011/2040/1203 3994/2040/1203 3968/2014/1203
f 4003/2020/1236 3989/2021/1236 3988/2040/1236 4004/2038/1236
f 3979/2013/1236 4004/2038/1236 3988/2040/1236 3954/2014/1236
f 3990/2026/1236 3991/2037/1236 4003/2020/1236 4004/2038/1236
f 4007/2042/1481 4009/2043/1501 4010/2044/1464 4008/2045/1502
f 4008/2045/1450 4010/2044/1450 4006/2046/1431 4005/2047/1431
f 4014/2048/1466 4015/2049/1432 4009/2043/1433 4007/2042/1433
f 4015/2050/1432 4014/2051/1466 4011/2052/1203 4012/2053/1203
f 4005/2054/1431 4006/2055/1431 4002/2056/1175 4001/2057/1175
f 4007/2058/1481 4008/2059/1502 3998/2060/1480 3994/2052/1480
f 4010/2061/1464 4009/2062/1501 3995/2053/1496 4013/2063/1497
f 4008/2059/1468 4005/2054/1468 4001/2057/1468 3998/2060/1468
f 4006/2055/1503 4010/2061/1503 4013/2063/1503 4002/2056/1503
f 4014/2051/1504 4007/2058/1504 3994/2052/1504 4011/2052/1504
f 4009/2062/1456 4015/2050/1456 4012/2053/1456 3995/2053/1456
f 4041/2012/1236 4043/2013/1236 4018/2014/1236 4017/2015/1236
f 4042/2016/1236 4040/2017/1236 4020/2018/1236 4019/2019/1236
f 4067/2020/1236 4042/2016/1236 4019/2019/1236 4053/2021/1236
f 4045/2012/1350 4025/2015/1350 4026/2014/1350 4047/2013/1350
f 4046/2016/1348 4027/2019/1348 4028/2018/1348 4044/2017/1348
f 4076/2021/1203 4027/2019/1203 4033/2019/1203 4059/2021/1203
f 4041/2012/1174 4017/2015/1174 4025/2015/1174 4045/2012/1174
f 4021/2022/1354 4022/2023/1354 4030/2023/1354 4029/2022/1354
f 4019/2019/1353 4020/2018/1353 4028/2018/1353 4027/2019/1353
f 4016/2024/1352 4023/2025/1352 4031/2025/1352 4024/2024/1352
f 4054/2026/1168 4016/2024/1168 4024/2024/1168 4056/2026/1168
f 4053/2021/1203 4019/2019/1203 4027/2019/1203 4076/2021/1203
f 4040/2017/1172 4021/2022/1172 4029/2022/1172 4044/2017/1172
f 4017/2015/1351 4018/2014/1351 4026/2014/1351 4025/2015/1351
f 4049/2013/1357 4032/2014/1357 4036/2027/1357 4051/2028/1357
f 4046/2016/1172 4030/2023/1172 4035/2023/1172 4048/2016/1172
f 4047/2013/1174 4026/2014/1174 4032/2014/1174 4049/2013/1174
f 4056/2026/1168 4024/2024/1168 4034/2024/1168 4060/2026/1168
f 4066/2029/1175 4077/2030/1175 4037/2031/1175 4050/2032/1175
f 4060/2026/1505 4034/2024/1506 4038/2033/1505 4063/2034/1505
f 4048/2016/1479 4035/2023/1420 4039/2035/1420 4050/2032/1479
f 4059/2021/1442 4033/2019/1507 4037/2031/1507 4077/2030/1508
f 4033/2019/1509 4048/2016/1479 4050/2032/1479 4037/2031/1509
f 4064/2036/1175 4066/2029/1175 4050/2032/1175 4039/2035/1175
f 4024/2024/1174 4047/2013/1174 4049/2013/1174 4034/2024/1174
f 4027/2019/1172 4046/2016/1172 4048/2016/1172 4033/2019/1172
f 4034/2024/1357 4049/2013/1357 4051/2028/1357 4038/2033/1357
f 4020/2018/1172 4040/2017/1172 4044/2017/1172 4028/2018/1172
f 4023/2025/1174 4041/2012/1174 4045/2012/1174 4031/2025/1174
f 4030/2023/1348 4046/2016/1348 4044/2017/1348 4029/2022/1348
f 4031/2025/1350 4045/2012/1350 4047/2013/1350 4024/2024/1350
f 4055/2037/1236 4022/2023/1236 4042/2016/1236 4067/2020/1236
f 4022/2023/1236 4021/2022/1236 4040/2017/1236 4042/2016/1236
f 4023/2025/1236 4016/2024/1236 4043/2013/1236 4041/2012/1236
f 4016/2024/1236 4054/2026/1236 4068/2038/1236 4043/2013/1236
f 4065/2039/1175 4066/2029/1175 4064/2036/1175 4063/2034/1175
f 4038/2033/1175 4051/2028/1175 4065/2039/1175 4063/2034/1175
f 4032/2014/1481 4058/2040/1510 4062/2041/1461 4036/2027/1481
f 4060/2026/1505 4063/2034/1505 4064/2036/1506 4061/2037/1418
f 4035/2023/1511 4061/2037/1418 4064/2036/1506 4039/2035/1511
f 4051/2028/1175 4036/2027/1175 4062/2041/1175 4065/2039/1175
f 4056/2026/1168 4060/2026/1168 4061/2037/1168 4057/2037/1168
f 4030/2023/1168 4057/2037/1168 4061/2037/1168 4035/2023/1168
f 4052/2040/1203 4053/2021/1203 4076/2021/1203 4075/2040/1203
f 4018/2014/1203 4052/2040/1203 4075/2040/1203 4026/2014/1203
f 4054/2026/1168 4056/2026/1168 4057/2037/1168 4055/2037/1168
f 4022/2023/1168 4055/2037/1168 4057/2037/1168 4030/2023/1168
f 4026/2014/1203 4075/2040/1203 4058/2040/1203 4032/2014/1203
f 4067/2020/1236 4053/2021/1236 4052/2040/1236 4068/2038/1236
f 4043/2013/1236 4068/2038/1236 4052/2040/1236 4018/2014/1236
f 4054/2026/1236 4055/2037/1236 4067/2020/1236 4068/2038/1236
f 4071/2042/1512 4073/2043/1383 4074/2044/1464 4072/2045/1513
f 4072/2045/1430 4074/2044/1430 4070/2046/1451 4069/2047/1451
f 4078/2048/1466 4079/2049/1466 4073/2043/1433 4071/2042/1433
f 4079/2050/1466 4078/2051/1466 4075/2052/1203 4076/2053/1203
f 4069/2054/1451 4070/2055/1451 4066/2056/1175 4065/2057/1175
f 4071/2058/1512 4072/2059/1513 4062/2060/1461 4058/2052/1510
f 4074/2061/1464 4073/2062/1383 4059/2053/1442 4077/2063/1508
f 4072/2059/1452 4069/2054/1452 4065/2057/1452 4062/2060/1452
f 4070/2055/1435 4074/2061/1435 4077/2063/1435 4066/2056/1435
f 4078/2051/1514 4071/2058/1515 4058/2052/1514 4075/2052/1514
f 4073/2062/1516 4079/2050/1516 4076/2053/1516 4059/2053/1516
f 4105/2012/1236 4107/2013/1236 4082/2014/1236 4081/2015/1236
f 4106/2016/1236 4104/2017/1236 4084/2018/1236 4083/2019/1236
f 4131/2020/1236 4106/2016/1236 4083/2019/1236 4117/2021/1236
f 4109/2012/1350 4089/2015/1350 4090/2014/1350 4111/2013/1350
f 4110/2016/1348 4091/2019/1348 4092/2018/1348 4108/2017/1348
f 4140/2021/1203 4091/2019/1203 4097/2019/1203 4123/2021/1203
f 4105/2012/1174 4081/2015/1174 4089/2015/1174 4109/2012/1174
f 4085/2022/1354 4086/2023/1354 4094/2023/1354 4093/2022/1354
f 4083/2019/1404 4084/2018/1404 4092/2018/1404 4091/2019/1404
f 4080/2024/1352 4087/2025/1352 4095/2025/1352 4088/2024/1352
f 4118/2026/1168 4080/2024/1168 4088/2024/1168 4120/2026/1168
f 4117/2021/1203 4083/2019/1203 4091/2019/1203 4140/2021/1203
f 4104/2017/1172 4085/2022/1172 4093/2022/1172 4108/2017/1172
f 4081/2015/1380 4082/2014/1380 4090/2014/1380 4089/2015/1380
f 4113/2013/1444 4096/2014/1441 4100/2027/1441 4115/2028/1444
f 4110/2016/1172 4094/2023/1172 4099/2023/1172 4112/2016/1172
f 4111/2013/1174 4090/2014/1174 4096/2014/1174 4113/2013/1174
f 4120/2026/1168 4088/2024/1168 4098/2024/1168 4124/2026/1168
f 4130/2029/1175 4141/2030/1175 4101/2031/1175 4114/2032/1175
f 4124/2026/1471 4098/2024/1511 4102/2033/1511 4127/2034/1418
f 4112/2016/1479 4099/2023/1420 4103/2035/1420 4114/2032/1479
f 4123/2021/1507 4097/2019/1383 4101/2031/1383 4141/2030/1508
f 4097/2019/1420 4112/2016/1479 4114/2032/1479 4101/2031/1420
f 4128/2036/1175 4130/2029/1175 4114/2032/1175 4103/2035/1175
f 4088/2024/1174 4111/2013/1174 4113/2013/1174 4098/2024/1174
f 4091/2019/1172 4110/2016/1172 4112/2016/1172 4097/2019/1172
f 4098/2024/1441 4113/2013/1444 4115/2028/1444 4102/2033/1441
f 4084/2018/1172 4104/2017/1172 4108/2017/1172 4092/2018/1172
f 4087/2025/1174 4105/2012/1174 4109/2012/1174 4095/2025/1174
f 4094/2023/1348 4110/2016/1348 4108/2017/1348 4093/2022/1348
f 4095/2025/1350 4109/2012/1350 4111/2013/1350 4088/2024/1350
f 4119/2037/1236 4086/2023/1236 4106/2016/1236 4131/2020/1236
f 4086/2023/1236 4085/2022/1236 4104/2017/1236 4106/2016/1236
f 4087/2025/1236 4080/2024/1236 4107/2013/1236 4105/2012/1236
f 4080/2024/1236 4118/2026/1236 4132/2038/1236 4107/2013/1236
f 4129/2039/1175 4130/2029/1175 4128/2036/1175 4127/2034/1175
f 4102/2033/1175 4115/2028/1175 4129/2039/1175 4127/2034/1175
f 4096/2014/1383 4122/2040/1422 4126/2041/1422 4100/2027/1383
f 4124/2026/1471 4127/2034/1418 4128/2036/1506 4125/2037/1471
f 4099/2023/1511 4125/2037/1471 4128/2036/1506 4103/2035/1511
f 4115/2028/1175 4100/2027/1175 4126/2041/1175 4129/2039/1175
f 4120/2026/1168 4124/2026/1168 4125/2037/1168 4121/2037/1168
f 4094/2023/1168 4121/2037/1168 4125/2037/1168 4099/2023/1168
f 4116/2040/1203 4117/2021/1203 4140/2021/1203 4139/2040/1203
f 4082/2014/1203 4116/2040/1203 4139/2040/1203 4090/2014/1203
f 4118/2026/1168 4120/2026/1168 4121/2037/1168 4119/2037/1168
f 4086/2023/1168 4119/2037/1168 4121/2037/1168 4094/2023/1168
f 4090/2014/1203 4139/2040/1203 4122/2040/1203 4096/2014/1203
f 4131/2020/1236 4117/2021/1236 4116/2040/1236 4132/2038/1236
f 4107/2013/1236 4132/2038/1236 4116/2040/1236 4082/2014/1236
f 4118/2026/1236 4119/2037/1236 4131/2020/1236 4132/2038/1236
f 4135/2042/1463 4137/2043/1517 4138/2044/1518 4136/2045/1510
f 4136/2045/1430 4138/2044/1430 4134/2046/1431 4133/2047/1451
f 4142/2048/1519 4143/2049/1432 4137/2043/1433 4135/2042/1433
f 4143/2050/1432 4142/2051/1519 4139/2052/1203 4140/2053/1203
f 4133/2054/1451 4134/2055/1431 4130/2056/1175 4129/2057/1175
f 4135/2058/1463 4136/2059/1510 4126/2060/1422 4122/2052/1422
f 4138/2061/1518 4137/2062/1517 4123/2053/1507 4141/2063/1508
f 4136/2059/1452 4133/2054/1452 4129/2057/1452 4126/2060/1452
f 4134/2055/1520 4138/2061/1520 4141/2063/1520 4130/2056/1520
f 4142/2051/1515 4135/2058/1515 4122/2052/1515 4139/2052/1515
f 4137/2062/1516 4143/2050/1516 4140/2053/1516 4123/2053/1516
f 4169/2012/1236 4171/2013/1236 4146/2014/1236 4145/2015/1236
f 4170/2016/1236 4168/2017/1236 4148/2018/1236 4147/2019/1236
f 4195/2020/1236 4170/2016/1236 4147/2019/1236 4181/2021/1236
f 4173/2012/1349 4153/2015/1349 4154/2014/1349 4175/2013/1349
f 4174/2016/1470 4155/2019/1470 4156/2018/1470 4172/2017/1470
f 4204/2021/1203 4155/2019/1203 4161/2019/1203 4187/2021/1203
f 4169/2012/1174 4145/2015/1174 4153/2015/1174 4173/2012/1174
f 4149/2022/1492 4150/2023/1492 4158/2023/1492 4157/2022/1492
f 4147/2019/1521 4148/2018/1521 4156/2018/1521 4155/2019/1521
f 4144/2024/1352 4151/2025/1352 4159/2025/1352 4152/2024/1352
f 4182/2026/1168 4144/2024/1168 4152/2024/1168 4184/2026/1168
f 4181/2021/1203 4147/2019/1203 4155/2019/1203 4204/2021/1203
f 4168/2017/1172 4149/2022/1172 4157/2022/1172 4172/2017/1172
f 4145/2015/1380 4146/2014/1380 4154/2014/1380 4153/2015/1380
f 4177/2013/1357 4160/2014/1357 4164/2027/1357 4179/2028/1357
f 4174/2016/1172 4158/2023/1172 4163/2023/1172 4176/2016/1172
f 4175/2013/1174 4154/2014/1174 4160/2014/1174 4177/2013/1174
f 4184/2026/1168 4152/2024/1168 4162/2024/1168 4188/2026/1168
f 4194/2029/1175 4205/2030/1175 4165/2031/1175 4178/2032/1175
f 4188/2026/1522 4162/2024/1522 4166/2033/1522 4191/2034/1417
f 4176/2016/1420 4163/2023/1523 4167/2035/1420 4178/2032/1420
f 4187/2021/1429 4161/2019/1383 4165/2031/1405 4205/2030/1429
f 4161/2019/1498 4176/2016/1420 4178/2032/1420 4165/2031/1420
f 4192/2036/1175 4194/2029/1175 4178/2032/1175 4167/2035/1175
f 4152/2024/1174 4175/2013/1174 4177/2013/1174 4162/2024/1174
f 4155/2019/1172 4174/2016/1172 4176/2016/1172 4161/2019/1172
f 4162/2024/1357 4177/2013/1357 4179/2028/1357 4166/2033/1357
f 4148/2018/1172 4168/2017/1172 4172/2017/1172 4156/2018/1172
f 4151/2025/1174 4169/2012/1174 4173/2012/1174 4159/2025/1174
f 4158/2023/1470 4174/2016/1470 4172/2017/1470 4157/2022/1470
f 4159/2025/1349 4173/2012/1349 4175/2013/1349 4152/2024/1349
f 4183/2037/1236 4150/2023/1236 4170/2016/1236 4195/2020/1236
f 4150/2023/1236 4149/2022/1236 4168/2017/1236 4170/2016/1236
f 4151/2025/1236 4144/2024/1236 4171/2013/1236 4169/2012/1236
f 4144/2024/1236 4182/2026/1236 4196/2038/1236 4171/2013/1236
f 4193/2039/1175 4194/2029/1175 4192/2036/1175 4191/2034/1175
f 4166/2033/1175 4179/2028/1175 4193/2039/1175 4191/2034/1175
f 4160/2014/1383 4186/2040/1445 4190/2041/1428 4164/2027/1383
f 4188/2026/1522 4191/2034/1417 4192/2036/1386 4189/2037/1386
f 4163/2023/1388 4189/2037/1386 4192/2036/1386 4167/2035/1388
f 4179/2028/1175 4164/2027/1175 4190/2041/1175 4193/2039/1175
f 4184/2026/1168 4188/2026/1168 4189/2037/1168 4185/2037/1168
f 4158/2023/1168 4185/2037/1168 4189/2037/1168 4163/2023/1168
f 4180/2040/1203 4181/2021/1203 4204/2021/1203 4203/2040/1203
f 4146/2014/1203 4180/2040/1203 4203/2040/1203 4154/2014/1203
f 4182/2026/1168 4184/2026/1168 4185/2037/1168 4183/2037/1168
f 4150/2023/1168 4183/2037/1168 4185/2037/1168 4158/2023/1168
f 4154/2014/1203 4203/2040/1203 4186/2040/1203 4160/2014/1203
f 4195/2020/1236 4181/2021/1236 4180/2040/1236 4196/2038/1236
f 4171/2013/1236 4196/2038/1236 4180/2040/1236 4146/2014/1236
f 4182/2026/1236 4183/2037/1236 4195/2020/1236 4196/2038/1236
f 4199/2042/1446 4201/2043/1465 4202/2044/1448 4200/2045/1446
f 4200/2045/1450 4202/2044/1450 4198/2046/1451 4197/2047/1451
f 4206/2048/1432 4207/2049/1432 4201/2043/1433 4199/2042/1433
f 4207/2050/1432 4206/2051/1432 4203/2052/1203 4204/2053/1203
f 4197/2054/1451 4198/2055/1451 4194/2056/1175 4193/2057/1175
f 4199/2058/1446 4200/2059/1446 4190/2060/1428 4186/2052/1445
f 4202/2061/1448 4201/2062/1465 4187/2053/1429 4205/2063/1429
f 4200/2059/1468 4197/2054/1468 4193/2057/1468 4190/2060/1468
f 4198/2055/1435 4202/2061/1435 4205/2063/1435 4194/2056/1435
f 4206/2051/1524 4199/2058/1455 4186/2052/1455 4203/2052/1524
f 4201/2062/1456 4207/2050/1456 4204/2053/1456 4187/2053/1456
f 4233/2012/1236 4235/2013/1236 4210/2014/1236 4209/2015/1236
f 4234/2016/1236 4232/2017/1236 4212/2018/1236 4211/2019/1236
f 4259/2020/1236 4234/2016/1236 4211/2019/1236 4245/2021/1236
f 4237/2012/1438 4217/2015/1438 4218/2014/1438 4239/2013/1438
f 4238/2016/1347 4219/2019/1347 4220/2018/1347 4236/2017/1347
f 4268/2021/1203 4219/2019/1203 4225/2019/1203 4251/2021/1203
f 4233/2012/1174 4209/2015/1174 4217/2015/1174 4237/2012/1174
f 4213/2022/1354 4214/2023/1354 4222/2023/1354 4221/2022/1354
f 4211/2019/1404 4212/2018/1404 4220/2018/1404 4219/2019/1404
f 4208/2024/1458 4215/2025/1458 4223/2025/1458 4216/2024/1458
f 4246/2026/1168 4208/2024/1168 4216/2024/1168 4248/2026/1168
f 4245/2021/1203 4211/2019/1203 4219/2019/1203 4268/2021/1203
f 4232/2017/1172 4213/2022/1172 4221/2022/1172 4236/2017/1172
f 4209/2015/1439 4210/2014/1439 4218/2014/1439 4217/2015/1439
f 4241/2013/1441 4224/2014/1441 4228/2027/1441 4243/2028/1441
f 4238/2016/1172 4222/2023/1172 4227/2023/1172 4240/2016/1172
f 4239/2013/1174 4218/2014/1174 4224/2014/1174 4241/2013/1174
f 4248/2026/1168 4216/2024/1168 4226/2024/1168 4252/2026/1168
f 4258/2029/1175 4269/2030/1175 4229/2031/1175 4242/2032/1175
f 4252/2026/1388 4226/2024/1417 4230/2033/1417 4255/2034/1388
f 4240/2016/1420 4227/2023/1420 4231/2035/1420 4242/2032/1420
f 4251/2021/1427 4225/2019/1383 4229/2031/1383 4269/2030/1429
f 4225/2019/1420 4240/2016/1420 4242/2032/1420 4229/2031/1420
f 4256/2036/1175 4258/2029/1175 4242/2032/1175 4231/2035/1175
f 4216/2024/1174 4239/2013/1174 4241/2013/1174 4226/2024/1174
f 4219/2019/1172 4238/2016/1172 4240/2016/1172 4225/2019/1172
f 4226/2024/1440 4241/2013/1441 4243/2028/1441 4230/2033/1440
f 4212/2018/1172 4232/2017/1172 4236/2017/1172 4220/2018/1172
f 4215/2025/1174 4233/2012/1174 4237/2012/1174 4223/2025/1174
f 4222/2023/1347 4238/2016/1347 4236/2017/1347 4221/2022/1347
f 4223/2025/1438 4237/2012/1438 4239/2013/1438 4216/2024/1438
f 4247/2037/1236 4214/2023/1236 4234/2016/1236 4259/2020/1236
f 4214/2023/1236 4213/2022/1236 4232/2017/1236 4234/2016/1236
f 4215/2025/1236 4208/2024/1236 4235/2013/1236 4233/2012/1236
f 4208/2024/1236 4246/2026/1236 4260/2038/1236 4235/2013/1236
f 4257/2039/1175 4258/2029/1175 4256/2036/1175 4255/2034/1175
f 4230/2033/1175 4243/2028/1175 4257/2039/1175 4255/2034/1175
f 4224/2014/1525 4250/2040/1445 4254/2041/1428 4228/2027/1525
f 4252/2026/1388 4255/2034/1388 4256/2036/1388 4253/2037/1388
f 4227/2023/1388 4253/2037/1388 4256/2036/1388 4231/2035/1388
f 4243/2028/1175 4228/2027/1175 4254/2041/1175 4257/2039/1175
f 4248/2026/1168 4252/2026/1168 4253/2037/1168 4249/2037/1168
f 4222/2023/1168 4249/2037/1168 4253/2037/1168 4227/2023/1168
f 4244/2040/1203 4245/2021/1203 4268/2021/1203 4267/2040/1203
f 4210/2014/1203 4244/2040/1203 4267/2040/1203 4218/2014/1203
f 4246/2026/1168 4248/2026/1168 4249/2037/1168 4247/2037/1168
f 4214/2023/1168 4247/2037/1168 4249/2037/1168 4222/2023/1168
f 4218/2014/1203 4267/2040/1203 4250/2040/1203 4224/2014/1203
f 4259/2020/1236 4245/2021/1236 4244/2040/1236 4260/2038/1236
f 4235/2013/1236 4260/2038/1236 4244/2040/1236 4210/2014/1236
f 4246/2026/1236 4247/2037/1236 4259/2020/1236 4260/2038/1236
f 4263/2042/1447 4265/2043/1465 4266/2044/1465 4264/2045/1449
f 4264/2045/1450 4266/2044/1450 4262/2046/1431 4261/2047/1431
f 4270/2048/1432 4271/2049/1466 4265/2043/1433 4263/2042/1433
f 4271/2050/1466 4270/2051/1432 4267/2052/1203 4268/2053/1203
f 4261/2054/1431 4262/2055/1431 4258/2056/1175 4257/2057/1175
f 4263/2058/1447 4264/2059/1449 4254/2060/1428 4250/2052/1445
f 4266/2061/1465 4265/2062/1465 4251/2053/1427 4269/2063/1429
f 4264/2059/1468 4261/2054/1468 4257/2057/1468 4254/2060/1468
f 4262/2055/1435 4266/2061/1454 4269/2063/1435 4258/2056/1454
f 4270/2051/1455 4263/2058/1455 4250/2052/1455 4267/2052/1455
f 4265/2062/1456 4271/2050/1456 4268/2053/1456 4251/2053/1456
f 4297/2012/1236 4299/2013/1236 4274/2014/1236 4273/2015/1236
f 4298/2016/1236 4296/2017/1236 4276/2018/1236 4275/2019/1236
f 4323/2020/1236 4298/2016/1236 4275/2019/1236 4309/2021/1236
f 4301/2012/1350 4281/2015/1350 4282/2014/1350 4303/2013/1350
f 4302/2016/1348 4283/2019/1348 4284/2018/1348 4300/2017/1348
f 4332/2021/1203 4283/2019/1203 4289/2019/1203 4315/2021/1203
f 4297/2012/1174 4273/2015/1174 4281/2015/1174 4301/2012/1174
f 4277/2022/1354 4278/2023/1354 4286/2023/1354 4285/2022/1354
f 4275/2019/1404 4276/2018/1404 4284/2018/1404 4283/2019/1404
f 4272/2024/1352 4279/2025/1352 4287/2025/1352 4280/2024/1352
f 4310/2026/1168 4272/2024/1168 4280/2024/1168 4312/2026/1168
f 4309/2021/1203 4275/2019/1203 4283/2019/1203 4332/2021/1203
f 4296/2017/1172 4277/2022/1172 4285/2022/1172 4300/2017/1172
f 4273/2015/1380 4274/2014/1380 4282/2014/1380 4281/2015/1380
f 4305/2013/1494 4288/2014/1494 4292/2027/1494 4307/2028/1494
f 4302/2016/1172 4286/2023/1172 4291/2023/1172 4304/2016/1172
f 4303/2013/1174 4282/2014/1174 4288/2014/1174 4305/2013/1174
f 4312/2026/1168 4280/2024/1168 4290/2024/1168 4316/2026/1168
f 4322/2029/1175 4333/2030/1175 4293/2031/1175 4306/2032/1175
f 4316/2026/1418 4290/2024/1418 4294/2033/1359 4319/2034/1417
f 4304/2016/1443 4291/2023/1443 4295/2035/1443 4306/2032/1443
f 4315/2021/1405 4289/2019/1425 4293/2031/1507 4333/2030/1421
f 4289/2019/1355 4304/2016/1443 4306/2032/1443 4293/2031/1355
f 4320/2036/1175 4322/2029/1175 4306/2032/1175 4295/2035/1175
f 4280/2024/1174 4303/2013/1174 4305/2013/1174 4290/2024/1174
f 4283/2019/1172 4302/2016/1172 4304/2016/1172 4289/2019/1172
f 4290/2024/1494 4305/2013/1494 4307/2028/1494 4294/2033/1494
f 4276/2018/1172 4296/2017/1172 4300/2017/1172 4284/2018/1172
f 4279/2025/1174 4297/2012/1174 4301/2012/1174 4287/2025/1174
f 4286/2023/1424 4302/2016/1348 4300/2017/1348 4285/2022/1424
f 4287/2025/1379 4301/2012/1350 4303/2013/1350 4280/2024/1379
f 4311/2037/1236 4278/2023/1236 4298/2016/1236 4323/2020/1236
f 4278/2023/1236 4277/2022/1236 4296/2017/1236 4298/2016/1236
f 4279/2025/1236 4272/2024/1236 4299/2013/1236 4297/2012/1236
f 4272/2024/1236 4310/2026/1236 4324/2038/1236 4299/2013/1236
f 4321/2039/1175 4322/2029/1175 4320/2036/1175 4319/2034/1175
f 4294/2033/1175 4307/2028/1175 4321/2039/1175 4319/2034/1175
f 4288/2014/1507 4314/2040/1405 4318/2041/1426 4292/2027/1425
f 4316/2026/1418 4319/2034/1417 4320/2036/1417 4317/2037/1418
f 4291/2023/1359 4317/2037/1418 4320/2036/1417 4295/2035/1418
f 4307/2028/1175 4292/2027/1175 4318/2041/1175 4321/2039/1175
f 4312/2026/1168 4316/2026/1168 4317/2037/1168 4313/2037/1168
f 4286/2023/1168 4313/2037/1168 4317/2037/1168 4291/2023/1168
f 4308/2040/1203 4309/2021/1203 4332/2021/1203 4331/2040/1203
f 4274/2014/1203 4308/2040/1203 4331/2040/1203 4282/2014/1203
f 4310/2026/1168 4312/2026/1168 4313/2037/1168 4311/2037/1168
f 4278/2023/1168 4311/2037/1168 4313/2037/1168 4286/2023/1168
f 4282/2014/1203 4331/2040/1203 4314/2040/1203 4288/2014/1203
f 4323/2020/1236 4309/2021/1236 4308/2040/1236 4324/2038/1236
f 4299/2013/1236 4324/2038/1236 4308/2040/1236 4274/2014/1236
f 4310/2026/1236 4311/2037/1236 4323/2020/1236 4324/2038/1236
f 4327/2042/1429 4329/2043/1428 4330/2044/1428 4328/2045/1429
f 4328/2045/1430 4330/2044/1430 4326/2046/1431 4325/2047/1431
f 4334/2048/1466 4335/2049/1432 4329/2043/1433 4327/2042/1433
f 4335/2050/1432 4334/2051/1466 4331/2052/1203 4332/2053/1203
f 4325/2054/1431 4326/2055/1431 4322/2056/1175 4321/2057/1175
f 4327/2058/1429 4328/2059/1429 4318/2060/1426 4314/2052/1405
f 4330/2061/1428 4329/2062/1428 4315/2053/1405 4333/2063/1421
f 4328/2059/1452 4325/2054/1452 4321/2057/1452 4318/2060/1452
f 4326/2055/1520 4330/2061/1520 4333/2063/1520 4322/2056/1520
f 4334/2051/1436 4327/2058/1436 4314/2052/1436 4331/2052/1436
f 4329/2062/1437 4335/2050/1437 4332/2053/1437 4315/2053/1437
f 4361/2012/1236 4363/2013/1236 4338/2014/1236 4337/2015/1236
f 4362/2016/1236 4360/2017/1236 4340/2018/1236 4339/2019/1236
f 4387/2020/1236 4362/2016/1236 4339/2019/1236 4373/2021/1236
f 4365/2012/1350 4345/2015/1350 4346/2014/1350 4367/2013/1350
f 4366/2016/1348 4347/2019/1348 4348/2018/1348 4364/2017/1348
f 4396/2021/1203 4347/2019/1203 4353/2019/1203 4379/2021/1203
f 4361/2012/1174 4337/2015/1174 4345/2015/1174 4365/2012/1174
f 4341/2022/1354 4342/2023/1354 4350/2023/1354 4349/2022/1354
f 4339/2019/1404 4340/2018/1404 4348/2018/1404 4347/2019/1404
f 4336/2024/1352 4343/2025/1352 4351/2025/1352 4344/2024/1352
f 4374/2026/1168 4336/2024/1168 4344/2024/1168 4376/2026/1168
f 4373/2021/1203 4339/2019/1203 4347/2019/1203 4396/2021/1203
f 4360/2017/1172 4341/2022/1172 4349/2022/1172 4364/2017/1172
f 4337/2015/1380 4338/2014/1380 4346/2014/1380 4345/2015/1380
f 4369/2013/1478 4352/2014/1478 4356/2027/1478 4371/2028/1478
f 4366/2016/1172 4350/2023/1172 4355/2023/1172 4368/2016/1172
f 4367/2013/1174 4346/2014/1174 4352/2014/1174 4369/2013/1174
f 4376/2026/1168 4344/2024/1168 4354/2024/1168 4380/2026/1168
f 4386/2029/1175 4397/2030/1175 4357/2031/1175 4370/2032/1175
f 4380/2026/1419 4354/2024/1388 4358/2033/1500 4383/2034/1419
f 4368/2016/1420 4355/2023/1420 4359/2035/1420 4370/2032/1420
f 4379/2021/1481 4353/2019/1405 4357/2031/1525 4397/2030/1481
f 4353/2019/1420 4368/2016/1420 4370/2032/1420 4357/2031/1420
f 4384/2036/1175 4386/2029/1175 4370/2032/1175 4359/2035/1175
f 4344/2024/1174 4367/2013/1174 4369/2013/1174 4354/2024/1174
f 4347/2019/1172 4366/2016/1172 4368/2016/1172 4353/2019/1172
f 4354/2024/1478 4369/2013/1478 4371/2028/1478 4358/2033/1478
f 4340/2018/1172 4360/2017/1172 4364/2017/1172 4348/2018/1172
f 4343/2025/1174 4361/2012/1174 4365/2012/1174 4351/2025/1174
f 4350/2023/1348 4366/2016/1348 4364/2017/1348 4349/2022/1348
f 4351/2025/1350 4365/2012/1350 4367/2013/1350 4344/2024/1350
f 4375/2037/1236 4342/2023/1236 4362/2016/1236 4387/2020/1236
f 4342/2023/1236 4341/2022/1236 4360/2017/1236 4362/2016/1236
f 4343/2025/1236 4336/2024/1236 4363/2013/1236 4361/2012/1236
f 4336/2024/1236 4374/2026/1236 4388/2038/1236 4363/2013/1236
f 4385/2039/1175 4386/2029/1175 4384/2036/1175 4383/2034/1175
f 4358/2033/1175 4371/2028/1175 4385/2039/1175 4383/2034/1175
f 4352/2014/1442 4378/2040/1481 4382/2041/1481 4356/2027/1442
f 4380/2026/1419 4383/2034/1419 4384/2036/1419 4381/2037/1419
f 4355/2023/1419 4381/2037/1419 4384/2036/1419 4359/2035/1419
f 4371/2028/1175 4356/2027/1175 4382/2041/1175 4385/2039/1175
f 4376/2026/1168 4380/2026/1168 4381/2037/1168 4377/2037/1168
f 4350/2023/1168 4377/2037/1168 4381/2037/1168 4355/2023/1168
f 4372/2040/1203 4373/2021/1203 4396/2021/1203 4395/2040/1203
f 4338/2014/1203 4372/2040/1203 4395/2040/1203 4346/2014/1203
f 4374/2026/1168 4376/2026/1168 4377/2037/1168 4375/2037/1168
f 4342/2023/1168 4375/2037/1168 4377/2037/1168 4350/2023/1168
f 4346/2014/1203 4395/2040/1203 4378/2040/1203 4352/2014/1203
f 4387/2020/1236 4373/2021/1236 4372/2040/1236 4388/2038/1236
f 4363/2013/1236 4388/2038/1236 4372/2040/1236 4338/2014/1236
f 4374/2026/1236 4375/2037/1236 4387/2020/1236 4388/2038/1236
f 4391/2042/1363 4393/2043/1363 4394/2044/1363 4392/2045/1363
f 4392/2045/1430 4394/2044/1430 4390/2046/1431 4389/2047/1431
f 4398/2048/1466 4399/2049/1466 4393/2043/1433 4391/2042/1433
f 4399/2050/1466 4398/2051/1466 4395/2052/1203 4396/2053/1203
f 4389/2054/1431 4390/2055/1431 4386/2056/1175 4385/2057/1175
f 4391/2058/1363 4392/2059/1363 4382/2060/1481 4378/2052/1481
f 4394/2061/1363 4393/2062/1363 4379/2053/1481 4397/2063/1481
f 4392/2059/1488 4389/2054/1488 4385/2057/1488 4382/2060/1488
f 4390/2055/1453 4394/2061/1453 4397/2063/1453 4386/2056/1453
f 4398/2051/1515 4391/2058/1526 4378/2052/1515 4395/2052/1526
f 4393/2062/1527 4399/2050/1528 4396/2053/1529 4379/2053/1516
f 4425/2012/1236 4427/2013/1236 4402/2014/1236 4401/2015/1236
f 4426/2016/1236 4424/2017/1236 4404/2018/1236 4403/2019/1236
f 4451/2020/1236 4426/2016/1236 4403/2019/1236 4437/2021/1236
f 4429/2012/1349 4409/2015/1349 4410/2014/1349 4431/2013/1349
f 4430/2016/1348 4411/2019/1348 4412/2018/1348 4428/2017/1348
f 4460/2021/1203 4411/2019/1203 4417/2019/1203 4443/2021/1203
f 4425/2012/1174 4401/2015/1174 4409/2015/1174 4429/2012/1174
f 4405/2022/1354 4406/2023/1354 4414/2023/1354 4413/2022/1354
f 4403/2019/1404 4404/2018/1404 4412/2018/1404 4411/2019/1404
f 4400/2024/1458 4407/2025/1458 4415/2025/1458 4408/2024/1458
f 4438/2026/1168 4400/2024/1168 4408/2024/1168 4440/2026/1168
f 4437/2021/1203 4403/2019/1203 4411/2019/1203 4460/2021/1203
f 4424/2017/1172 4405/2022/1172 4413/2022/1172 4428/2017/1172
f 4401/2015/1380 4402/2014/1380 4410/2014/1380 4409/2015/1380
f 4433/2013/1357 4416/2014/1478 4420/2027/1478 4435/2028/1357
f 4430/2016/1172 4414/2023/1172 4419/2023/1172 4432/2016/1172
f 4431/2013/1174 4410/2014/1174 4416/2014/1174 4433/2013/1174
f 4440/2026/1168 4408/2024/1168 4418/2024/1168 4444/2026/1168
f 4450/2029/1175 4461/2030/1175 4421/2031/1175 4434/2032/1175
f 4444/2026/1530 4418/2024/1530 4422/2033/1530 4447/2034/1530
f 4432/2016/1531 4419/2023/1531 4423/2035/1531 4434/2032/1531
f 4443/2021/1363 4417/2019/1532 4421/2031/1532 4461/2030/1363
f 4417/2019/1531 4432/2016/1531 4434/2032/1531 4421/2031/1531
f 4448/2036/1175 4450/2029/1175 4434/2032/1175 4423/2035/1175
f 4408/2024/1174 4431/2013/1174 4433/2013/1174 4418/2024/1174
f 4411/2019/1172 4430/2016/1172 4432/2016/1172 4417/2019/1172
f 4418/2024/1444 4433/2013/1357 4435/2028/1357 4422/2033/1444
f 4404/2018/1172 4424/2017/1172 4428/2017/1172 4412/2018/1172
f 4407/2025/1174 4425/2012/1174 4429/2012/1174 4415/2025/1174
f 4414/2023/1348 4430/2016/1348 4428/2017/1348 4413/2022/1348
f 4415/2025/1349 4429/2012/1349 4431/2013/1349 4408/2024/1349
f 4439/2037/1236 4406/2023/1236 4426/2016/1236 4451/2020/1236
f 4406/2023/1236 4405/2022/1236 4424/2017/1236 4426/2016/1236
f 4407/2025/1236 4400/2024/1236 4427/2013/1236 4425/2012/1236
f 4400/2024/1236 4438/2026/1236 4452/2038/1236 4427/2013/1236
f 4449/2039/1175 4450/2029/1175 4448/2036/1175 4447/2034/1175
f 4422/2033/1175 4435/2028/1175 4449/2039/1175 4447/2034/1175
f 4416/2014/1422 4442/2040/1363 4446/2041/1363 4420/2027/1422
f 4444/2026/1530 4447/2034/1530 4448/2036/1533 4445/2037/1533
f 4419/2023/1530 4445/2037/1533 4448/2036/1533 4423/2035/1530
f 4435/2028/1175 4420/2027/1175 4446/2041/1175 4449/2039/1175
f 4440/2026/1168 4444/2026/1168 4445/2037/1168 4441/2037/1168
f 4414/2023/1168 4441/2037/1168 4445/2037/1168 4419/2023/1168
f 4436/2040/1203 4437/2021/1203 4460/2021/1203 4459/2040/1203
f 4402/2014/1203 4436/2040/1203 4459/2040/1203 4410/2014/1203
f 4438/2026/1168 4440/2026/1168 4441/2037/1168 4439/2037/1168
f 4406/2023/1168 4439/2037/1168 4441/2037/1168 4414/2023/1168
f 4410/2014/1203 4459/2040/1203 4442/2040/1203 4416/2014/1203
f 4451/2020/1236 4437/2021/1236 4436/2040/1236 4452/2038/1236
f 4427/2013/1236 4452/2038/1236 4436/2040/1236 4402/2014/1236
f 4438/2026/1236 4439/2037/1236 4451/2020/1236 4452/2038/1236
f 4455/2042/1481 4457/2043/1534 4458/2044/1481 4456/2045/1481
f 4456/2045/1450 4458/2044/1450 4454/2046/1451 4453/2047/1451
f 4462/2048/1466 4463/2049/1432 4457/2043/1433 4455/2042/1433
f 4463/2050/1432 4462/2051/1466 4459/2052/1203 4460/2053/1203
f 4453/2054/1451 4454/2055/1451 4450/2056/1175 4449/2057/1175
f 4455/2058/1481 4456/2059/1481 4446/2060/1363 4442/2052/1363
f 4458/2061/1481 4457/2062/1534 4443/2053/1363 4461/2063/1363
f 4456/2059/1468 4453/2054/1468 4449/2057/1468 4446/2060/1468
f 4454/2055/1454 4458/2061/1454 4461/2063/1454 4450/2056/1454
f 4462/2051/1535 4455/2058/1535 4442/2052/1535 4459/2052/1535
f 4457/2062/1456 4463/2050/1456 4460/2053/1456 4443/2053/1456
f 4464/2070/1174 4465/2071/1174 4472/2071/1174 4473/2070/1174
f 4466/2072/1333 4467/2073/1333 4476/2074/1333 4477/2075/1333
f 4474/2076/1172 4475/2077/1172 4469/2077/1172 4468/2076/1172
f 4468/2076/1236 4469/2077/1236 4465/2071/1236 4464/2070/1236
f 4473/2070/1168 4474/2076/1168 4468/2076/1168 4464/2070/1168
f 4475/2077/1203 4472/2071/1203 4465/2071/1203 4469/2077/1203
f 4467/2078/1334 4466/2079/1334 4473/2070/1334 4472/2071/1334
f 4466/2079/1335 4470/2080/1335 4474/2076/1335 4473/2070/1335
f 4471/2081/1336 4467/2078/1336 4472/2071/1336 4475/2077/1336
f 4470/2080/1337 4471/2081/1337 4475/2077/1337 4474/2076/1337
f 4479/2082/1338 4478/2083/1338 4482/2084/1338 4483/2085/1338
f 4471/2086/1339 4470/2087/1339 4478/2083/1339 4479/2082/1339
f 4470/2087/1340 4466/2072/1340 4477/2075/1340 4478/2083/1340
f 4467/2073/1341 4471/2086/1341 4479/2082/1341 4476/2074/1341
f 4481/2088/1175 4480/2089/1175 4483/2085/1175 4482/2084/1175
f 4478/2083/1536 4477/2075/1536 4481/2088/1536 4482/2084/1536
f 4476/2074/1346 4479/2082/1346 4483/2085/1346 4480/2089/1346
f 4477/2075/1344 4476/2074/1344 4480/2089/1344 4481/2088/1344
f 4484/2090/1174 4485/2091/1174 4492/2091/1174 4493/2090/1174
f 4486/2092/1333 4487/2093/1333 4496/2094/1333 4497/2095/1333
f 4494/2096/1172 4495/2097/1172 4489/2097/1172 4488/2096/1172
f 4488/2096/1236 4489/2097/1236 4485/2091/1236 4484/2090/1236
f 4493/2090/1168 4494/2096/1168 4488/2096/1168 4484/2090/1168
f 4495/2097/1203 4492/2091/1203 4485/2091/1203 4489/2097/1203
f 4487/2098/1334 4486/2099/1334 4493/2090/1334 4492/2091/1334
f 4486/2099/1335 4490/2100/1335 4494/2096/1335 4493/2090/1335
f 4491/2101/1336 4487/2098/1336 4492/2091/1336 4495/2097/1336
f 4490/2100/1337 4491/2101/1337 4495/2097/1337 4494/2096/1337
f 4499/2102/1537 4498/2103/1537 4502/2104/1537 4503/2105/1537
f 4491/2106/1339 4490/2107/1339 4498/2103/1339 4499/2102/1339
f 4490/2107/1340 4486/2092/1340 4497/2095/1340 4498/2103/1340
f 4487/2093/1341 4491/2106/1341 4499/2102/1341 4496/2094/1341
f 4501/2108/1175 4500/2109/1175 4503/2105/1175 4502/2104/1175
f 4498/2103/1536 4497/2095/1536 4501/2108/1536 4502/2104/1536
f 4496/2094/1343 4499/2102/1343 4503/2105/1343 4500/2109/1343
f 4497/2095/1538 4496/2094/1538 4500/2109/1538 4501/2108/1538
f 4504/2110/1174 4505/2111/1174 4512/2111/1174 4513/2110/1174
f 4506/2112/1333 4507/2113/1333 4516/2114/1333 4517/2115/1333
f 4514/2116/1172 4515/2117/1172 4509/2117/1172 4508/2116/1172
f 4508/2116/1236 4509/2117/1236 4505/2111/1236 4504/2110/1236
f 4513/2110/1168 4514/2116/1168 4508/2116/1168 4504/2110/1168
f 4515/2117/1203 4512/2111/1203 4505/2111/1203 4509/2117/1203
f 4507/2118/1334 4506/2119/1334 4513/2110/1334 4512/2111/1334
f 4506/2119/1335 4510/2120/1335 4514/2116/1335 4513/2110/1335
f 4511/2121/1336 4507/2118/1336 4512/2111/1336 4515/2117/1336
f 4510/2120/1337 4511/2121/1337 4515/2117/1337 4514/2116/1337
f 4519/2122/1539 4518/2123/1539 4522/2124/1539 4523/2125/1539
f 4511/2126/1339 4510/2127/1339 4518/2123/1339 4519/2122/1339
f 4510/2127/1540 4506/2112/1540 4517/2115/1540 4518/2123/1540
f 4507/2113/1341 4511/2126/1341 4519/2122/1341 4516/2114/1341
f 4521/2128/1175 4520/2129/1175 4523/2125/1175 4522/2124/1175
f 4518/2123/1541 4517/2115/1541 4521/2128/1541 4522/2124/1541
f 4516/2114/1346 4519/2122/1346 4523/2125/1346 4520/2129/1346
f 4517/2115/1538 4516/2114/1538 4520/2129/1538 4521/2128/1538
f 4524/2130/1174 4525/2131/1174 4532/2131/1174 4533/2130/1174
f 4526/2132/1333 4527/2133/1333 4536/2134/1333 4537/2135/1333
f 4534/2136/1172 4535/2137/1172 4529/2137/1172 4528/2136/1172
f 4528/2136/1236 4529/2137/1236 4525/2131/1236 4524/2130/1236
f 4533/2130/1168 4534/2136/1168 4528/2136/1168 4524/2130/1168
f 4535/2137/1203 4532/2131/1203 4525/2131/1203 4529/2137/1203
f 4527/2138/1334 4526/2139/1334 4533/2130/1334 4532/2131/1334
f 4526/2139/1335 4530/2140/1335 4534/2136/1335 4533/2130/1335
f 4531/2141/1336 4527/2138/1336 4532/2131/1336 4535/2137/1336
f 4530/2140/1337 4531/2141/1337 4535/2137/1337 4534/2136/1337
f 4539/2142/1338 4538/2143/1338 4542/2144/1338 4543/2145/1338
f 4531/2146/1339 4530/2147/1339 4538/2143/1339 4539/2142/1339
f 4530/2147/1340 4526/2132/1340 4537/2135/1340 4538/2143/1340
f 4527/2133/1341 4531/2146/1341 4539/2142/1341 4536/2134/1341
f 4541/2148/1175 4540/2149/1175 4543/2145/1175 4542/2144/1175
f 4538/2143/1536 4537/2135/1536 4541/2148/1536 4542/2144/1536
f 4536/2134/1346 4539/2142/1346 4543/2145/1346 4540/2149/1346
f 4537/2135/1344 4536/2134/1344 4540/2149/1344 4541/2148/1344
f 4544/2150/1174 4545/2151/1174 4552/2151/1174 4553/2150/1174
f 4546/2152/1333 4547/2153/1333 4556/2154/1333 4557/2155/1333
f 4554/2156/1172 4555/2157/1172 4549/2157/1172 4548/2156/1172
f 4548/2156/1236 4549/2157/1236 4545/2151/1236 4544/2150/1236
f 4553/2150/1168 4554/2156/1168 4548/2156/1168 4544/2150/1168
f 4555/2157/1203 4552/2151/1203 4545/2151/1203 4549/2157/1203
f 4547/2158/1334 4546/2159/1334 4553/2150/1334 4552/2151/1334
f 4546/2159/1335 4550/2160/1335 4554/2156/1335 4553/2150/1335
f 4551/2161/1336 4547/2158/1336 4552/2151/1336 4555/2157/1336
f 4550/2160/1337 4551/2161/1337 4555/2157/1337 4554/2156/1337
f 4559/2162/1338 4558/2163/1338 4562/2164/1338 4563/2165/1338
f 4551/2166/1339 4550/2167/1339 4558/2163/1339 4559/2162/1339
f 4550/2167/1340 4546/2152/1340 4557/2155/1340 4558/2163/1340
f 4547/2153/1542 4551/2166/1542 4559/2162/1542 4556/2154/1542
f 4561/2168/1175 4560/2169/1175 4563/2165/1175 4562/2164/1175
f 4558/2163/1345 4557/2155/1345 4561/2168/1345 4562/2164/1345
f 4556/2154/1543 4559/2162/1543 4563/2165/1543 4560/2169/1543
f 4557/2155/1538 4556/2154/1538 4560/2169/1538 4561/2168/1538
f 4564/1996/1174 4565/1997/1174 4572/1997/1174 4573/1996/1174
f 4566/1998/1333 4567/1999/1333 4576/2000/1333 4577/2001/1333
f 4574/2002/1172 4575/2003/1172 4569/2003/1172 4568/2002/1172
f 4568/2002/1236 4569/2003/1236 4565/1997/1236 4564/1996/1236
f 4573/1996/1168 4574/2002/1168 4568/2002/1168 4564/1996/1168
f 4575/2003/1203 4572/1997/1203 4565/1997/1203 4569/2003/1203
f 4567/2004/1334 4566/2005/1334 4573/1996/1334 4572/1997/1334
f 4566/2005/1335 4570/2006/1335 4574/2002/1335 4573/1996/1335
f 4571/2007/1336 4567/2004/1336 4572/1997/1336 4575/2003/1336
f 4570/2006/1337 4571/2007/1337 4575/2003/1337 4574/2002/1337
f 4579/2008/1338 4578/2009/1338 4582/2010/1338 4583/2011/1338
f 4571/2011/1339 4570/2010/1339 4578/2009/1339 4579/2008/1339
f 4570/2010/1340 4566/1998/1340 4577/2001/1340 4578/2009/1340
f 4567/1999/1341 4571/2011/1341 4579/2008/1341 4576/2000/1341
f 4581/1998/1175 4580/1999/1175 4583/2011/1175 4582/2010/1175
f 4578/2009/1345 4577/2001/1345 4581/1998/1345 4582/2010/1345
f 4576/2000/1343 4579/2008/1343 4583/2011/1343 4580/1999/1343
f 4577/2001/1344 4576/2000/1344 4580/1999/1344 4581/1998/1344
f 4584/1996/1174 4585/1997/1174 4592/1997/1174 4593/1996/1174
f 4586/1998/1333 4587/1999/1333 4596/2000/1333 4597/2001/1333
f 4594/2002/1172 4595/2003/1172 4589/2003/1172 4588/2002/1172
f 4588/2002/1236 4589/2003/1236 4585/1997/1236 4584/1996/1236
f 4593/1996/1168 4594/2002/1168 4588/2002/1168 4584/1996/1168
f 4595/2003/1203 4592/1997/1203 4585/1997/1203 4589/2003/1203
f 4587/2004/1334 4586/2005/1334 4593/1996/1334 4592/1997/1334
f 4586/2005/1335 4590/2006/1335 4594/2002/1335 4593/1996/1335
f 4591/2007/1336 4587/2004/1336 4592/1997/1336 4595/2003/1336
f 4590/2006/1337 4591/2007/1337 4595/2003/1337 4594/2002/1337
f 4599/2008/1338 4598/2009/1338 4602/2010/1338 4603/2011/1338
f 4591/2011/1339 4590/2010/1339 4598/2009/1339 4599/2008/1339
f 4590/2010/1340 4586/1998/1340 4597/2001/1340 4598/2009/1340
f 4587/1999/1341 4591/2011/1341 4599/2008/1341 4596/2000/1341
f 4601/1998/1175 4600/1999/1175 4603/2011/1175 4602/2010/1175
f 4598/2009/1536 4597/2001/1536 4601/1998/1536 4602/2010/1536
f 4596/2000/1346 4599/2008/1346 4603/2011/1346 4600/1999/1346
f 4597/2001/1344 4596/2000/1344 4600/1999/1344 4601/1998/1344
f 4604/1996/1174 4605/1997/1174 4612/1997/1174 4613/1996/1174
f 4606/1998/1333 4607/1999/1333 4616/2000/1333 4617/2001/1333
f 4614/2002/1172 4615/2003/1172 4609/2003/1172 4608/2002/1172
f 4608/2002/1236 4609/2003/1236 4605/1997/1236 4604/1996/1236
f 4613/1996/1168 4614/2002/1168 4608/2002/1168 4604/1996/1168
f 4615/2003/1203 4612/1997/1203 4605/1997/1203 4609/2003/1203
f 4607/2004/1334 4606/2005/1334 4613/1996/1334 4612/1997/1334
f 4606/2005/1335 4610/2006/1335 4614/2002/1335 4613/1996/1335
f 4611/2007/1336 4607/2004/1336 4612/1997/1336 4615/2003/1336
f 4610/2006/1337 4611/2007/1337 4615/2003/1337 4614/2002/1337
f 4619/2008/1338 4618/2009/1338 4622/2010/1338 4623/2011/1338
f 4611/2011/1339 4610/2010/1339 4618/2009/1339 4619/2008/1339
f 4610/2010/1340 4606/1998/1340 4617/2001/1340 4618/2009/1340
f 4607/1999/1341 4611/2011/1341 4619/2008/1341 4616/2000/1341
f 4621/1998/1175 4620/1999/1175 4623/2011/1175 4622/2010/1175
f 4618/2009/1342 4617/2001/1342 4621/1998/1342 4622/2010/1342
f 4616/2000/1346 4619/2008/1346 4623/2011/1346 4620/1999/1346
f 4617/2001/1344 4616/2000/1344 4620/1999/1344 4621/1998/1344
f 4624/1996/1174 4625/1997/1174 4632/1997/1174 4633/1996/1174
f 4626/1998/1333 4627/1999/1333 4636/2000/1333 4637/2001/1333
f 4634/2002/1172 4635/2003/1172 4629/2003/1172 4628/2002/1172
f 4628/2002/1236 4629/2003/1236 4625/1997/1236 4624/1996/1236
f 4633/1996/1168 4634/2002/1168 4628/2002/1168 4624/1996/1168
f 4635/2003/1203 4632/1997/1203 4625/1997/1203 4629/2003/1203
f 4627/2004/1334 4626/2005/1334 4633/1996/1334 4632/1997/1334
f 4626/2005/1335 4630/2006/1335 4634/2002/1335 4633/1996/1335
f 4631/2007/1336 4627/2004/1336 4632/1997/1336 4635/2003/1336
f 4630/2006/1337 4631/2007/1337 4635/2003/1337 4634/2002/1337
f 4639/2008/1338 4638/2009/1338 4642/2010/1338 4643/2011/1338
f 4631/2011/1339 4630/2010/1339 4638/2009/1339 4639/2008/1339
f 4630/2010/1340 4626/1998/1340 4637/2001/1340 4638/2009/1340
f 4627/1999/1341 4631/2011/1341 4639/2008/1341 4636/2000/1341
f 4641/1998/1175 4640/1999/1175 4643/2011/1175 4642/2010/1175
f 4638/2009/1342 4637/2001/1342 4641/1998/1342 4642/2010/1342
f 4636/2000/1543 4639/2008/1543 4643/2011/1543 4640/1999/1543
f 4637/2001/1344 4636/2000/1344 4640/1999/1344 4641/1998/1344
f 4644/1996/1174 4645/1997/1174 4652/1997/1174 4653/1996/1174
f 4646/1998/1333 4647/1999/1333 4656/2000/1333 4657/2001/1333
f 4654/2002/1172 4655/2003/1172 4649/2003/1172 4648/2002/1172
f 4648/2002/1236 4649/2003/1236 4645/1997/1236 4644/1996/1236
f 4653/1996/1168 4654/2002/1168 4648/2002/1168 4644/1996/1168
f 4655/2003/1203 4652/1997/1203 4645/1997/1203 4649/2003/1203
f 4647/2004/1334 4646/2005/1334 4653/1996/1334 4652/1997/1334
f 4646/2005/1335 4650/2006/1335 4654/2002/1335 4653/1996/1335
f 4651/2007/1336 4647/2004/1336 4652/1997/1336 4655/2003/1336
f 4650/2006/1337 4651/2007/1337 4655/2003/1337 4654/2002/1337
f 4659/2008/1338 4658/2009/1338 4662/2010/1338 4663/2011/1338
f 4651/2011/1339 4650/2010/1339 4658/2009/1339 4659/2008/1339
f 4650/2010/1340 4646/1998/1340 4657/2001/1340 4658/2009/1340
f 4647/1999/1341 4651/2011/1341 4659/2008/1341 4656/2000/1341
f 4661/1998/1175 4660/1999/1175 4663/2011/1175 4662/2010/1175
f 4658/2009/1536 4657/2001/1536 4661/1998/1536 4662/2010/1536
f 4656/2000/1346 4659/2008/1346 4663/2011/1346 4660/1999/1346
f 4657/2001/1344 4656/2000/1344 4660/1999/1344 4661/1998/1344
f 4664/1996/1174 4665/1997/1174 4672/1997/1174 4673/1996/1174
f 4666/1998/1333 4667/1999/1333 4676/2000/1333 4677/2001/1333
f 4674/2002/1172 4675/2003/1172 4669/2003/1172 4668/2002/1172
f 4668/2002/1236 4669/2003/1236 4665/1997/1236 4664/1996/1236
f 4673/1996/1168 4674/2002/1168 4668/2002/1168 4664/1996/1168
f 4675/2003/1203 4672/1997/1203 4665/1997/1203 4669/2003/1203
f 4667/2004/1334 4666/2005/1334 4673/1996/1334 4672/1997/1334
f 4666/2005/1335 4670/2006/1335 4674/2002/1335 4673/1996/1335
f 4671/2007/1336 4667/2004/1336 4672/1997/1336 4675/2003/1336
f 4670/2006/1337 4671/2007/1337 4675/2003/1337 4674/2002/1337
f 4679/2008/1338 4678/2009/1338 4682/2010/1338 4683/2011/1338
f 4671/2011/1339 4670/2010/1339 4678/2009/1339 4679/2008/1339
f 4670/2010/1340 4666/1998/1340 4677/2001/1340 4678/2009/1340
f 4667/1999/1341 4671/2011/1341 4679/2008/1341 4676/2000/1341
f 4681/1998/1175 4680/1999/1175 4683/2011/1175 4682/2010/1175
f 4678/2009/1536 4677/2001/1536 4681/1998/1536 4682/2010/1536
f 4676/2000/1346 4679/2008/1346 4683/2011/1346 4680/1999/1346
f 4677/2001/1344 4676/2000/1344 4680/1999/1344 4681/1998/1344
f 4684/1996/1174 4685/1997/1174 4692/1997/1174 4693/1996/1174
f 4686/1998/1333 4687/1999/1333 4696/2000/1333 4697/2001/1333
f 4694/2002/1172 4695/2003/1172 4689/2003/1172 4688/2002/1172
f 4688/2002/1236 4689/2003/1236 4685/1997/1236 4684/1996/1236
f 4693/1996/1168 4694/2002/1168 4688/2002/1168 4684/1996/1168
f 4695/2003/1203 4692/1997/1203 4685/1997/1203 4689/2003/1203
f 4687/2004/1334 4686/2005/1334 4693/1996/1334 4692/1997/1334
f 4686/2005/1335 4690/2006/1335 4694/2002/1335 4693/1996/1335
f 4691/2007/1336 4687/2004/1336 4692/1997/1336 4695/2003/1336
f 4690/2006/1337 4691/2007/1337 4695/2003/1337 4694/2002/1337
f 4699/2008/1537 4698/2009/1537 4702/2010/1537 4703/2011/1537
f 4691/2011/1339 4690/2010/1339 4698/2009/1339 4699/2008/1339
f 4690/2010/1340 4686/1998/1340 4697/2001/1340 4698/2009/1340
f 4687/1999/1341 4691/2011/1341 4699/2008/1341 4696/2000/1341
f 4701/1998/1175 4700/1999/1175 4703/2011/1175 4702/2010/1175
f 4698/2009/1536 4697/2001/1536 4701/1998/1536 4702/2010/1536
f 4696/2000/1343 4699/2008/1343 4703/2011/1343 4700/1999/1343
f 4697/2001/1538 4696/2000/1538 4700/1999/1538 4701/1998/1538
f 4704/1996/1174 4705/1997/1174 4712/1997/1174 4713/1996/1174
f 4706/1998/1333 4707/1999/1333 4716/2000/1333 4717/2001/1333
f 4714/2002/1172 4715/2003/1172 4709/2003/1172 4708/2002/1172
f 4708/2002/1236 4709/2003/1236 4705/1997/1236 4704/1996/1236
f 4713/1996/1168 4714/2002/1168 4708/2002/1168 4704/1996/1168
f 4715/2003/1203 4712/1997/1203 4705/1997/1203 4709/2003/1203
f 4707/2004/1334 4706/2005/1334 4713/1996/1334 4712/1997/1334
f 4706/2005/1335 4710/2006/1335 4714/2002/1335 4713/1996/1335
f 4711/2007/1336 4707/2004/1336 4712/1997/1336 4715/2003/1336
f 4710/2006/1337 4711/2007/1337 4715/2003/1337 4714/2002/1337
f 4719/2008/1537 4718/2009/1537 4722/2010/1537 4723/2011/1537
f 4711/2011/1339 4710/2010/1339 4718/2009/1339 4719/2008/1339
f 4710/2010/1340 4706/1998/1340 4717/2001/1340 4718/2009/1340
f 4707/1999/1341 4711/2011/1341 4719/2008/1341 4716/2000/1341
f 4721/1998/1175 4720/1999/1175 4723/2011/1175 4722/2010/1175
f 4718/2009/1536 4717/2001/1536 4721/1998/1536 4722/2010/1536
f 4716/2000/1343 4719/2008/1343 4723/2011/1343 4720/1999/1343
f 4717/2001/1538 4716/2000/1538 4720/1999/1538 4721/1998/1538
f 4724/1996/1172 4725/1997/1172 4732/1997/1172 4733/1996/1172
f 4726/1998/1544 4727/1999/1544 4736/2000/1544 4737/2001/1544
f 4734/2002/1174 4735/2003/1174 4729/2003/1174 4728/2002/1174
f 4728/2002/1236 4729/2003/1236 4725/1997/1236 4724/1996/1236
f 4733/1996/1203 4734/2002/1203 4728/2002/1203 4724/1996/1203
f 4735/2003/1168 4732/1997/1168 4725/1997/1168 4729/2003/1168
f 4727/2004/1337 4726/2005/1337 4733/1996/1337 4732/1997/1337
f 4726/2005/1336 4730/2006/1336 4734/2002/1336 4733/1996/1336
f 4731/2007/1335 4727/2004/1335 4732/1997/1335 4735/2003/1335
f 4730/2006/1334 4731/2007/1334 4735/2003/1334 4734/2002/1334
f 4739/2008/1545 4738/2009/1545 4742/2010/1545 4743/2011/1545
f 4731/2011/1546 4730/2010/1546 4738/2009/1546 4739/2008/1546
f 4730/2010/1341 4726/1998/1341 4737/2001/1341 4738/2009/1341
f 4727/1999/1340 4731/2011/1340 4739/2008/1340 4736/2000/1340
f 4741/1998/1175 4740/1999/1175 4743/2011/1175 4742/2010/1175
f 4738/2009/1346 4737/2001/1346 4741/1998/1346 4742/2010/1346
f 4736/2000/1342 4739/2008/1342 4743/2011/1342 4740/1999/1342
f 4737/2001/1338 4736/2000/1338 4740/1999/1338 4741/1998/1338
f 4744/1996/1172 4745/1997/1172 4752/1997/1172 4753/1996/1172
f 4746/1998/1339 4747/1999/1339 4756/2000/1339 4757/2001/1339
f 4754/2002/1174 4755/2003/1174 4749/2003/1174 4748/2002/1174
f 4748/2002/1236 4749/2003/1236 4745/1997/1236 4744/1996/1236
f 4753/1996/1203 4754/2002/1203 4748/2002/1203 4744/1996/1203
f 4755/2003/1168 4752/1997/1168 4745/1997/1168 4749/2003/1168
f 4747/2004/1337 4746/2005/1337 4753/1996/1337 4752/1997/1337
f 4746/2005/1336 4750/2006/1336 4754/2002/1336 4753/1996/1336
f 4751/2007/1335 4747/2004/1335 4752/1997/1335 4755/2003/1335
f 4750/2006/1334 4751/2007/1334 4755/2003/1334 4754/2002/1334
f 4759/2008/1538 4758/2009/1538 4762/2010/1538 4763/2011/1538
f 4751/2011/1333 4750/2010/1333 4758/2009/1333 4759/2008/1333
f 4750/2010/1341 4746/1998/1341 4757/2001/1341 4758/2009/1341
f 4747/1999/1340 4751/2011/1340 4759/2008/1340 4756/2000/1340
f 4761/1998/1175 4760/1999/1175 4763/2011/1175 4762/2010/1175
f 4758/2009/1346 4757/2001/1346 4761/1998/1346 4762/2010/1346
f 4756/2000/1342 4759/2008/1342 4763/2011/1342 4760/1999/1342
f 4757/2001/1338 4756/2000/1338 4760/1999/1338 4761/1998/1338
f 4764/1996/1172 4765/1997/1172 4772/1997/1172 4773/1996/1172
f 4766/1998/1339 4767/1999/1339 4776/2000/1339 4777/2001/1339
f 4774/2002/1174 4775/2003/1174 4769/2003/1174 4768/2002/1174
f 4768/2002/1236 4769/2003/1236 4765/1997/1236 4764/1996/1236
f 4773/1996/1203 4774/2002/1203 4768/2002/1203 4764/1996/1203
f 4775/2003/1168 4772/1997/1168 4765/1997/1168 4769/2003/1168
f 4767/2004/1337 4766/2005/1337 4773/1996/1337 4772/1997/1337
f 4766/2005/1336 4770/2006/1336 4774/2002/1336 4773/1996/1336
f 4771/2007/1335 4767/2004/1335 4772/1997/1335 4775/2003/1335
f 4770/2006/1334 4771/2007/1334 4775/2003/1334 4774/2002/1334
f 4779/2008/1344 4778/2009/1344 4782/2010/1344 4783/2011/1344
f 4771/2011/1333 4770/2010/1333 4778/2009/1333 4779/2008/1333
f 4770/2010/1341 4766/1998/1341 4777/2001/1341 4778/2009/1341
f 4767/1999/1340 4771/2011/1340 4779/2008/1340 4776/2000/1340
f 4781/1998/1175 4780/1999/1175 4783/2011/1175 4782/2010/1175
f 4778/2009/1346 4777/2001/1346 4781/1998/1346 4782/2010/1346
f 4776/2000/1342 4779/2008/1342 4783/2011/1342 4780/1999/1342
f 4777/2001/1537 4776/2000/1537 4780/1999/1537 4781/1998/1537
f 4784/1996/1172 4785/1997/1172 4792/1997/1172 4793/1996/1172
f 4786/1998/1544 4787/1999/1544 4796/2000/1544 4797/2001/1544
f 4794/2002/1174 4795/2003/1174 4789/2003/1174 4788/2002/1174
f 4788/2002/1236 4789/2003/1236 4785/1997/1236 4784/1996/1236
f 4793/1996/1203 4794/2002/1203 4788/2002/1203 4784/1996/1203
f 4795/2003/1168 4792/1997/1168 4785/1997/1168 4789/2003/1168
f 4787/2004/1337 4786/2005/1337 4793/1996/1337 4792/1997/1337
f 4786/2005/1336 4790/2006/1336 4794/2002/1336 4793/1996/1336
f 4791/2007/1335 4787/2004/1335 4792/1997/1335 4795/2003/1335
f 4790/2006/1334 4791/2007/1334 4795/2003/1334 4794/2002/1334
f 4799/2008/1545 4798/2009/1545 4802/2010/1545 4803/2011/1545
f 4791/2011/1546 4790/2010/1546 4798/2009/1546 4799/2008/1546
f 4790/2010/1341 4786/1998/1341 4797/2001/1341 4798/2009/1341
f 4787/1999/1340 4791/2011/1340 4799/2008/1340 4796/2000/1340
f 4801/1998/1175 4800/1999/1175 4803/2011/1175 4802/2010/1175
f 4798/2009/1346 4797/2001/1346 4801/1998/1346 4802/2010/1346
f 4796/2000/1342 4799/2008/1342 4803/2011/1342 4800/1999/1342
f 4797/2001/1338 4796/2000/1338 4800/1999/1338 4801/1998/1338
f 4804/1996/1172 4805/1997/1172 4812/1997/1172 4813/1996/1172
f 4806/1998/1339 4807/1999/1339 4816/2000/1339 4817/2001/1339
f 4814/2002/1174 4815/2003/1174 4809/2003/1174 4808/2002/1174
f 4808/2002/1236 4809/2003/1236 4805/1997/1236 4804/1996/1236
f 4813/1996/1203 4814/2002/1203 4808/2002/1203 4804/1996/1203
f 4815/2003/1168 4812/1997/1168 4805/1997/1168 4809/2003/1168
f 4807/2004/1337 4806/2005/1337 4813/1996/1337 4812/1997/1337
f 4806/2005/1336 4810/2006/1336 4814/2002/1336 4813/1996/1336
f 4811/2007/1335 4807/2004/1335 4812/1997/1335 4815/2003/1335
f 4810/2006/1334 4811/2007/1334 4815/2003/1334 4814/2002/1334
f 4819/2008/1538 4818/2009/1538 4822/2010/1538 4823/2011/1538
f 4811/2011/1333 4810/2010/1333 4818/2009/1333 4819/2008/1333
f 4810/2010/1341 4806/1998/1341 4817/2001/1341 4818/2009/1341
f 4807/1999/1340 4811/2011/1340 4819/2008/1340 4816/2000/1340
f 4821/1998/1175 4820/1999/1175 4823/2011/1175 4822/2010/1175
f 4818/2009/1346 4817/2001/1346 4821/1998/1346 4822/2010/1346
f 4816/2000/1342 4819/2008/1342 4823/2011/1342 4820/1999/1342
f 4817/2001/1338 4816/2000/1338 4820/1999/1338 4821/1998/1338
f 4824/1996/1172 4825/1997/1172 4832/1997/1172 4833/1996/1172
f 4826/1998/1339 4827/1999/1339 4836/2000/1339 4837/2001/1339
f 4834/2002/1174 4835/2003/1174 4829/2003/1174 4828/2002/1174
f 4828/2002/1236 4829/2003/1236 4825/1997/1236 4824/1996/1236
f 4833/1996/1203 4834/2002/1203 4828/2002/1203 4824/1996/1203
f 4835/2003/1168 4832/1997/1168 4825/1997/1168 4829/2003/1168
f 4827/2004/1337 4826/2005/1337 4833/1996/1337 4832/1997/1337
f 4826/2005/1336 4830/2006/1336 4834/2002/1336 4833/1996/1336
f 4831/2007/1335 4827/2004/1335 4832/1997/1335 4835/2003/1335
f 4830/2006/1334 4831/2007/1334 4835/2003/1334 4834/2002/1334
f 4839/2008/1344 4838/2009/1344 4842/2010/1344 4843/2011/1344
f 4831/2011/1333 4830/2010/1333 4838/2009/1333 4839/2008/1333
f 4830/2010/1341 4826/1998/1341 4837/2001/1341 4838/2009/1341
f 4827/1999/1340 4831/2011/1340 4839/2008/1340 4836/2000/1340
f 4841/1998/1175 4840/1999/1175 4843/2011/1175 4842/2010/1175
f 4838/2009/1346 4837/2001/1346 4841/1998/1346 4842/2010/1346
f 4836/2000/1342 4839/2008/1342 4843/2011/1342 4840/1999/1342
f 4837/2001/1537 4836/2000/1537 4840/1999/1537 4841/1998/1537
f 4844/1996/1172 4845/1997/1172 4852/1997/1172 4853/1996/1172
f 4846/1998/1544 4847/1999/1544 4856/2000/1544 4857/2001/1544
f 4854/2002/1174 4855/2003/1174 4849/2003/1174 4848/2002/1174
f 4848/2002/1236 4849/2003/1236 4845/1997/1236 4844/1996/1236
f 4853/1996/1203 4854/2002/1203 4848/2002/1203 4844/1996/1203
f 4855/2003/1168 4852/1997/1168 4845/1997/1168 4849/2003/1168
f 4847/2004/1337 4846/2005/1337 4853/1996/1337 4852/1997/1337
f 4846/2005/1336 4850/2006/1336 4854/2002/1336 4853/1996/1336
f 4851/2007/1335 4847/2004/1335 4852/1997/1335 4855/2003/1335
f 4850/2006/1334 4851/2007/1334 4855/2003/1334 4854/2002/1334
f 4859/2008/1344 4858/2009/1344 4862/2010/1344 4863/2011/1344
f 4851/2011/1546 4850/2010/1546 4858/2009/1546 4859/2008/1546
f 4850/2010/1341 4846/1998/1341 4857/2001/1341 4858/2009/1341
f 4847/1999/1340 4851/2011/1340 4859/2008/1340 4856/2000/1340
f 4861/1998/1175 4860/1999/1175 4863/2011/1175 4862/2010/1175
f 4858/2009/1346 4857/2001/1346 4861/1998/1346 4862/2010/1346
f 4856/2000/1342 4859/2008/1342 4863/2011/1342 4860/1999/1342
f 4857/2001/1547 4856/2000/1547 4860/1999/1547 4861/1998/1547
f 4864/1996/1174 4865/1997/1174 4872/1997/1174 4873/1996/1174
f 4866/1998/1333 4867/1999/1333 4876/2000/1333 4877/2001/1333
f 4874/2002/1172 4875/2003/1172 4869/2003/1172 4868/2002/1172
f 4868/2002/1236 4869/2003/1236 4865/1997/1236 4864/1996/1236
f 4873/1996/1168 4874/2002/1168 4868/2002/1168 4864/1996/1168
f 4875/2003/1203 4872/1997/1203 4865/1997/1203 4869/2003/1203
f 4867/2004/1334 4866/2005/1334 4873/1996/1334 4872/1997/1334
f 4866/2005/1335 4870/2006/1335 4874/2002/1335 4873/1996/1335
f 4871/2007/1336 4867/2004/1336 4872/1997/1336 4875/2003/1336
f 4870/2006/1337 4871/2007/1337 4875/2003/1337 4874/2002/1337
f 4879/2008/1537 4878/2009/1537 4882/2010/1537 4883/2011/1537
f 4871/2011/1339 4870/2010/1339 4878/2009/1339 4879/2008/1339
f 4870/2010/1340 4866/1998/1340 4877/2001/1340 4878/2009/1340
f 4867/1999/1341 4871/2011/1341 4879/2008/1341 4876/2000/1341
f 4881/1998/1175 4880/1999/1175 4883/2011/1175 4882/2010/1175
f 4878/2009/1536 4877/2001/1536 4881/1998/1536 4882/2010/1536
f 4876/2000/1343 4879/2008/1343 4883/2011/1343 4880/1999/1343
f 4877/2001/1548 4876/2000/1548 4880/1999/1548 4881/1998/1548
f 4884/1996/1174 4885/1997/1174 4892/1997/1174 4893/1996/1174
f 4886/1998/1333 4887/1999/1333 4896/2000/1333 4897/2001/1333
f 4894/2002/1172 4895/2003/1172 4889/2003/1172 4888/2002/1172
f 4888/2002/1236 4889/2003/1236 4885/1997/1236 4884/1996/1236
f 4893/1996/1168 4894/2002/1168 4888/2002/1168 4884/1996/1168
f 4895/2003/1203 4892/1997/1203 4885/1997/1203 4889/2003/1203
f 4887/2004/1334 4886/2005/1334 4893/1996/1334 4892/1997/1334
f 4886/2005/1335 4890/2006/1335 4894/2002/1335 4893/1996/1335
f 4891/2007/1336 4887/2004/1336 4892/1997/1336 4895/2003/1336
f 4890/2006/1337 4891/2007/1337 4895/2003/1337 4894/2002/1337
f 4899/2008/1338 4898/2009/1338 4902/2010/1338 4903/2011/1338
f 4891/2011/1339 4890/2010/1339 4898/2009/1339 4899/2008/1339
f 4890/2010/1340 4886/1998/1340 4897/2001/1340 4898/2009/1340
f 4887/1999/1341 4891/2011/1341 4899/2008/1341 4896/2000/1341
f 4901/1998/1175 4900/1999/1175 4903/2011/1175 4902/2010/1175
f 4898/2009/1536 4897/2001/1536 4901/1998/1536 4902/2010/1536
f 4896/2000/1343 4899/2008/1343 4903/2011/1343 4900/1999/1343
f 4897/2001/1344 4896/2000/1344 4900/1999/1344 4901/1998/1344
f 4904/2170/1174 4905/2171/1174 4912/2171/1174 4913/2170/1174
f 4906/2172/1549 4907/2173/1549 4916/2174/1549 4917/2175/1549
f 4914/2176/1172 4915/2177/1172 4909/2177/1172 4908/2176/1172
f 4908/2176/1236 4909/2177/1236 4905/2171/1236 4904/2170/1236
f 4913/2170/1168 4914/2176/1168 4908/2176/1168 4904/2170/1168
f 4915/2177/1203 4912/2171/1203 4905/2171/1203 4909/2177/1203
f 4907/2178/1550 4906/2179/1550 4913/2170/1550 4912/2171/1550
f 4906/2179/1551 4910/2180/1551 4914/2176/1551 4913/2170/1551
f 4911/2181/1552 4907/2178/1552 4912/2171/1552 4915/2177/1552
f 4910/2180/1553 4911/2181/1553 4915/2177/1553 4914/2176/1553
f 4919/2182/1554 4918/2183/1554 4922/2184/1554 4923/2185/1554
f 4911/2186/1555 4910/2187/1555 4918/2183/1555 4919/2182/1555
f 4910/2187/1556 4906/2172/1556 4917/2175/1556 4918/2183/1556
f 4907/2173/1557 4911/2186/1557 4919/2182/1557 4916/2174/1557
f 4921/2188/1175 4920/2189/1175 4923/2185/1175 4922/2184/1175
f 4918/2183/1558 4917/2175/1558 4921/2188/1558 4922/2184/1558
f 4916/2174/1559 4919/2182/1559 4923/2185/1559 4920/2189/1559
f 4917/2175/1560 4916/2174/1560 4920/2189/1560 4921/2188/1560
f 4924/2170/1174 4925/2171/1174 4932/2171/1174 4933/2170/1174
f 4926/2172/1549 4927/2173/1549 4936/2174/1549 4937/2175/1549
f 4934/2176/1172 4935/2177/1172 4929/2177/1172 4928/2176/1172
f 4928/2176/1236 4929/2177/1236 4925/2171/1236 4924/2170/1236
f 4933/2170/1168 4934/2176/1168 4928/2176/1168 4924/2170/1168
f 4935/2177/1203 4932/2171/1203 4925/2171/1203 4929/2177/1203
f 4927/2178/1550 4926/2179/1550 4933/2170/1550 4932/2171/1550
f 4926/2179/1551 4930/2180/1551 4934/2176/1551 4933/2170/1551
f 4931/2181/1552 4927/2178/1552 4932/2171/1552 4935/2177/1552
f 4930/2180/1553 4931/2181/1553 4935/2177/1553 4934/2176/1553
f 4939/2182/1554 4938/2183/1554 4942/2184/1554 4943/2185/1554
f 4931/2186/1555 4930/2187/1555 4938/2183/1555 4939/2182/1555
f 4930/2187/1561 4926/2172/1561 4937/2175/1561 4938/2183/1561
f 4927/2173/1562 4931/2186/1562 4939/2182/1562 4936/2174/1562
f 4941/2188/1175 4940/2189/1175 4943/2185/1175 4942/2184/1175
f 4938/2183/1563 4937/2175/1563 4941/2188/1563 4942/2184/1563
f 4936/2174/1559 4939/2182/1559 4943/2185/1559 4940/2189/1559
f 4937/2175/1560 4936/2174/1560 4940/2189/1560 4941/2188/1560
f 4944/2170/1174 4945/2171/1174 4952/2171/1174 4953/2170/1174
f 4946/2172/1549 4947/2173/1549 4956/2174/1549 4957/2175/1549
f 4954/2176/1172 4955/2177/1172 4949/2177/1172 4948/2176/1172
f 4948/2176/1236 4949/2177/1236 4945/2171/1236 4944/2170/1236
f 4953/2170/1168 4954/2176/1168 4948/2176/1168 4944/2170/1168
f 4955/2177/1203 4952/2171/1203 4945/2171/1203 4949/2177/1203
f 4947/2178/1550 4946/2179/1550 4953/2170/1550 4952/2171/1550
f 4946/2179/1551 4950/2180/1551 4954/2176/1551 4953/2170/1551
f 4951/2181/1552 4947/2178/1552 4952/2171/1552 4955/2177/1552
f 4950/2180/1553 4951/2181/1553 4955/2177/1553 4954/2176/1553
f 4959/2182/1554 4958/2183/1554 4962/2184/1554 4963/2185/1554
f 4951/2186/1564 4950/2187/1564 4958/2183/1564 4959/2182/1564
f 4950/2187/1556 4946/2172/1556 4957/2175/1556 4958/2183/1556
f 4947/2173/1557 4951/2186/1557 4959/2182/1557 4956/2174/1557
f 4961/2188/1175 4960/2189/1175 4963/2185/1175 4962/2184/1175
f 4958/2183/1558 4957/2175/1558 4961/2188/1558 4962/2184/1558
f 4956/2174/1559 4959/2182/1559 4963/2185/1559 4960/2189/1559
f 4957/2175/1560 4956/2174/1560 4960/2189/1560 4961/2188/1560
f 4964/2170/1174 4965/2171/1174 4972/2171/1174 4973/2170/1174
f 4966/2172/1549 4967/2173/1549 4976/2174/1549 4977/2175/1549
f 4974/2176/1172 4975/2177/1172 4969/2177/1172 4968/2176/1172
f 4968/2176/1236 4969/2177/1236 4965/2171/1236 4964/2170/1236
f 4973/2170/1168 4974/2176/1168 4968/2176/1168 4964/2170/1168
f 4975/2177/1203 4972/2171/1203 4965/2171/1203 4969/2177/1203
f 4967/2178/1550 4966/2179/1550 4973/2170/1550 4972/2171/1550
f 4966/2179/1551 4970/2180/1551 4974/2176/1551 4973/2170/1551
f 4971/2181/1552 4967/2178/1552 4972/2171/1552 4975/2177/1552
f 4970/2180/1553 4971/2181/1553 4975/2177/1553 4974/2176/1553
f 4979/2182/1554 4978/2183/1554 4982/2184/1554 4983/2185/1554
f 4971/2186/1555 4970/2187/1555 4978/2183/1555 4979/2182/1555
f 4970/2187/1556 4966/2172/1556 4977/2175/1556 4978/2183/1556
f 4967/2173/1557 4971/2186/1557 4979/2182/1557 4976/2174/1557
f 4981/2188/1175 4980/2189/1175 4983/2185/1175 4982/2184/1175
f 4978/2183/1558 4977/2175/1558 4981/2188/1558 4982/2184/1558
f 4976/2174/1559 4979/2182/1559 4983/2185/1559 4980/2189/1559
f 4977/2175/1565 4976/2174/1565 4980/2189/1565 4981/2188/1565
f 4984/1996/1174 4985/1997/1174 4992/1997/1174 4993/1996/1174
f 4986/1998/1333 4987/1999/1333 4996/2000/1333 4997/2001/1333
f 4994/2002/1172 4995/2003/1172 4989/2003/1172 4988/2002/1172
f 4988/2002/1236 4989/2003/1236 4985/1997/1236 4984/1996/1236
f 4993/1996/1168 4994/2002/1168 4988/2002/1168 4984/1996/1168
f 4995/2003/1203 4992/1997/1203 4985/1997/1203 4989/2003/1203
f 4987/2004/1334 4986/2005/1334 4993/1996/1334 4992/1997/1334
f 4986/2005/1335 4990/2006/1335 4994/2002/1335 4993/1996/1335
f 4991/2007/1336 4987/2004/1336 4992/1997/1336 4995/2003/1336
f 4990/2006/1337 4991/2007/1337 4995/2003/1337 4994/2002/1337
f 4999/2008/1338 4998/2009/1338 5002/2010/1338 5003/2011/1338
f 4991/2011/1339 4990/2010/1339 4998/2009/1339 4999/2008/1339
f 4990/2010/1340 4986/1998/1340 4997/2001/1340 4998/2009/1340
f 4987/1999/1341 4991/2011/1341 4999/2008/1341 4996/2000/1341
f 5001/1998/1175 5000/1999/1175 5003/2011/1175 5002/2010/1175
f 4998/2009/1536 4997/2001/1536 5001/1998/1536 5002/2010/1536
f 4996/2000/1346 4999/2008/1346 5003/2011/1346 5000/1999/1346
f 4997/2001/1344 4996/2000/1344 5000/1999/1344 5001/1998/1344
f 5004/1996/1174 5005/1997/1174 5012/1997/1174 5013/1996/1174
f 5006/1998/1333 5007/1999/1333 5016/2000/1333 5017/2001/1333
f 5014/2002/1172 5015/2003/1172 5009/2003/1172 5008/2002/1172
f 5008/2002/1236 5009/2003/1236 5005/1997/1236 5004/1996/1236
f 5013/1996/1168 5014/2002/1168 5008/2002/1168 5004/1996/1168
f 5015/2003/1203 5012/1997/1203 5005/1997/1203 5009/2003/1203
f 5007/2004/1334 5006/2005/1334 5013/1996/1334 5012/1997/1334
f 5006/2005/1335 5010/2006/1335 5014/2002/1335 5013/1996/1335
f 5011/2007/1336 5007/2004/1336 5012/1997/1336 5015/2003/1336
f 5010/2006/1337 5011/2007/1337 5015/2003/1337 5014/2002/1337
f 5019/2008/1338 5018/2009/1338 5022/2010/1338 5023/2011/1338
f 5011/2011/1339 5010/2010/1339 5018/2009/1339 5019/2008/1339
f 5010/2010/1340 5006/1998/1340 5017/2001/1340 5018/2009/1340
f 5007/1999/1341 5011/2011/1341 5019/2008/1341 5016/2000/1341
f 5021/1998/1175 5020/1999/1175 5023/2011/1175 5022/2010/1175
f 5018/2009/1536 5017/2001/1536 5021/1998/1536 5022/2010/1536
f 5016/2000/1343 5019/2008/1343 5023/2011/1343 5020/1999/1343
f 5017/2001/1344 5016/2000/1344 5020/1999/1344 5021/1998/1344
f 5024/1996/1174 5025/1997/1174 5032/1997/1174 5033/1996/1174
f 5026/1998/1333 5027/1999/1333 5036/2000/1333 5037/2001/1333
f 5034/2002/1172 5035/2003/1172 5029/2003/1172 5028/2002/1172
f 5028/2002/1236 5029/2003/1236 5025/1997/1236 5024/1996/1236
f 5033/1996/1168 5034/2002/1168 5028/2002/1168 5024/1996/1168
f 5035/2003/1203 5032/1997/1203 5025/1997/1203 5029/2003/1203
f 5027/2004/1334 5026/2005/1334 5033/1996/1334 5032/1997/1334
f 5026/2005/1335 5030/2006/1335 5034/2002/1335 5033/1996/1335
f 5031/2007/1336 5027/2004/1336 5032/1997/1336 5035/2003/1336
f 5030/2006/1337 5031/2007/1337 5035/2003/1337 5034/2002/1337
f 5039/2008/1338 5038/2009/1338 5042/2010/1338 5043/2011/1338
f 5031/2011/1339 5030/2010/1339 5038/2009/1339 5039/2008/1339
f 5030/2010/1540 5026/1998/1540 5037/2001/1540 5038/2009/1540
f 5027/1999/1341 5031/2011/1341 5039/2008/1341 5036/2000/1341
f 5041/1998/1175 5040/1999/1175 5043/2011/1175 5042/2010/1175
f 5038/2009/1541 5037/2001/1541 5041/1998/1541 5042/2010/1541
f 5036/2000/1346 5039/2008/1346 5043/2011/1346 5040/1999/1346
f 5037/2001/1344 5036/2000/1344 5040/1999/1344 5041/1998/1344
f 5044/1996/1174 5045/1997/1174 5052/1997/1174 5053/1996/1174
f 5046/1998/1333 5047/1999/1333 5056/2000/1333 5057/2001/1333
f 5054/2002/1172 5055/2003/1172 5049/2003/1172 5048/2002/1172
f 5048/2002/1236 5049/2003/1236 5045/1997/1236 5044/1996/1236
f 5053/1996/1168 5054/2002/1168 5048/2002/1168 5044/1996/1168
f 5055/2003/1203 5052/1997/1203 5045/1997/1203 5049/2003/1203
f 5047/2004/1334 5046/2005/1334 5053/1996/1334 5052/1997/1334
f 5046/2005/1335 5050/2006/1335 5054/2002/1335 5053/1996/1335
f 5051/2007/1336 5047/2004/1336 5052/1997/1336 5055/2003/1336
f 5050/2006/1337 5051/2007/1337 5055/2003/1337 5054/2002/1337
f 5059/2008/1547 5058/2009/1547 5062/2010/1547 5063/2011/1547
f 5051/2011/1544 5050/2010/1544 5058/2009/1544 5059/2008/1544
f 5050/2010/1340 5046/1998/1340 5057/2001/1340 5058/2009/1340
f 5047/1999/1542 5051/2011/1542 5059/2008/1542 5056/2000/1542
f 5061/1998/1175 5060/1999/1175 5063/2011/1175 5062/2010/1175
f 5058/2009/1536 5057/2001/1536 5061/1998/1536 5062/2010/1536
f 5056/2000/1566 5059/2008/1566 5063/2011/1566 5060/1999/1566
f 5057/2001/1538 5056/2000/1538 5060/1999/1538 5061/1998/1538
f 5064/1996/1174 5065/1997/1174 5072/1997/1174 5073/1996/1174
f 5066/1998/1333 5067/1999/1333 5076/2000/1333 5077/2001/1333
f 5074/2002/1172 5075/2003/1172 5069/2003/1172 5068/2002/1172
f 5068/2002/1236 5069/2003/1236 5065/1997/1236 5064/1996/1236
f 5073/1996/1168 5074/2002/1168 5068/2002/1168 5064/1996/1168
f 5075/2003/1203 5072/1997/1203 5065/1997/1203 5069/2003/1203
f 5067/2004/1334 5066/2005/1334 5073/1996/1334 5072/1997/1334
f 5066/2005/1335 5070/2006/1335 5074/2002/1335 5073/1996/1335
f 5071/2007/1336 5067/2004/1336 5072/1997/1336 5075/2003/1336
f 5070/2006/1337 5071/2007/1337 5075/2003/1337 5074/2002/1337
f 5079/2008/1537 5078/2009/1537 5082/2010/1537 5083/2011/1537
f 5071/2011/1339 5070/2010/1339 5078/2009/1339 5079/2008/1339
f 5070/2010/1340 5066/1998/1340 5077/2001/1340 5078/2009/1340
f 5067/1999/1542 5071/2011/1542 5079/2008/1542 5076/2000/1542
f 5081/1998/1175 5080/1999/1175 5083/2011/1175 5082/2010/1175
f 5078/2009/1536 5077/2001/1536 5081/1998/1536 5082/2010/1536
f 5076/2000/1343 5079/2008/1343 5083/2011/1343 5080/1999/1343
f 5077/2001/1538 5076/2000/1538 5080/1999/1538 5081/1998/1538
f 5084/1996/1174 5085/1997/1174 5092/1997/1174 5093/1996/1174
f 5086/1998/1333 5087/1999/1333 5096/2000/1333 5097/2001/1333
f 5094/2002/1172 5095/2003/1172 5089/2003/1172 5088/2002/1172
f 5088/2002/1236 5089/2003/1236 5085/1997/1236 5084/1996/1236
f 5093/1996/1168 5094/2002/1168 5088/2002/1168 5084/1996/1168
f 5095/2003/1203 5092/1997/1203 5085/1997/1203 5089/2003/1203
f 5087/2004/1334 5086/2005/1334 5093/1996/1334 5092/1997/1334
f 5086/2005/1335 5090/2006/1335 5094/2002/1335 5093/1996/1335
f 5091/2007/1336 5087/2004/1336 5092/1997/1336 5095/2003/1336
f 5090/2006/1337 5091/2007/1337 5095/2003/1337 5094/2002/1337
f 5099/2008/1537 5098/2009/1537 5102/2010/1537 5103/2011/1537
f 5091/2011/1339 5090/2010/1339 5098/2009/1339 5099/2008/1339
f 5090/2010/1340 5086/1998/1340 5097/2001/1340 5098/2009/1340
f 5087/1999/1542 5091/2011/1542 5099/2008/1542 5096/2000/1542
f 5101/1998/1175 5100/1999/1175 5103/2011/1175 5102/2010/1175
f 5098/2009/1342 5097/2001/1342 5101/1998/1342 5102/2010/1342
f 5096/2000/1346 5099/2008/1346 5103/2011/1346 5100/1999/1346
f 5097/2001/1567 5096/2000/1567 5100/1999/1567 5101/1998/1567
f 5104/1996/1174 5105/1997/1174 5112/1997/1174 5113/1996/1174
f 5106/1998/1333 5107/1999/1333 5116/2000/1333 5117/2001/1333
f 5114/2002/1172 5115/2003/1172 5109/2003/1172 5108/2002/1172
f 5108/2002/1236 5109/2003/1236 5105/1997/1236 5104/1996/1236
f 5113/1996/1168 5114/2002/1168 5108/2002/1168 5104/1996/1168
f 5115/2003/1203 5112/1997/1203 5105/1997/1203 5109/2003/1203
f 5107/2004/1334 5106/2005/1334 5113/1996/1334 5112/1997/1334
f 5106/2005/1335 5110/2006/1335 5114/2002/1335 5113/1996/1335
f 5111/2007/1336 5107/2004/1336 5112/1997/1336 5115/2003/1336
f 5110/2006/1337 5111/2007/1337 5115/2003/1337 5114/2002/1337
f 5119/2008/1537 5118/2009/1537 5122/2010/1537 5123/2011/1537
f 5111/2011/1339 5110/2010/1339 5118/2009/1339 5119/2008/1339
f 5110/2010/1540 5106/1998/1540 5117/2001/1540 5118/2009/1540
f 5107/1999/1341 5111/2011/1341 5119/2008/1341 5116/2000/1341
f 5121/1998/1175 5120/1999/1175 5123/2011/1175 5122/2010/1175
f 5118/2009/1342 5117/2001/1342 5121/1998/1342 5122/2010/1342
f 5116/2000/1346 5119/2008/1346 5123/2011/1346 5120/1999/1346
f 5117/2001/1567 5116/2000/1567 5120/1999/1567 5121/1998/1567
f 5124/1996/1174 5125/1997/1174 5132/1997/1174 5133/1996/1174
f 5126/1998/1333 5127/1999/1333 5136/2000/1333 5137/2001/1333
f 5134/2002/1172 5135/2003/1172 5129/2003/1172 5128/2002/1172
f 5128/2002/1236 5129/2003/1236 5125/1997/1236 5124/1996/1236
f 5133/1996/1168 5134/2002/1168 5128/2002/1168 5124/1996/1168
f 5135/2003/1203 5132/1997/1203 5125/1997/1203 5129/2003/1203
f 5127/2004/1334 5126/2005/1334 5133/1996/1334 5132/1997/1334
f 5126/2005/1335 5130/2006/1335 5134/2002/1335 5133/1996/1335
f 5131/2007/1336 5127/2004/1336 5132/1997/1336 5135/2003/1336
f 5130/2006/1337 5131/2007/1337 5135/2003/1337 5134/2002/1337
f 5139/2008/1537 5138/2009/1537 5142/2010/1537 5143/2011/1537
f 5131/2011/1339 5130/2010/1339 5138/2009/1339 5139/2008/1339
f 5130/2010/1540 5126/1998/1540 5137/2001/1540 5138/2009/1540
f 5127/1999/1341 5131/2011/1341 5139/2008/1341 5136/2000/1341
f 5141/1998/1175 5140/1999/1175 5143/2011/1175 5142/2010/1175
f 5138/2009/1536 5137/2001/1536 5141/1998/1536 5142/2010/1536
f 5136/2000/1346 5139/2008/1346 5143/2011/1346 5140/1999/1346
f 5137/2001/1538 5136/2000/1538 5140/1999/1538 5141/1998/1538
f 5144/1996/1174 5145/1997/1174 5152/1997/1174 5153/1996/1174
f 5146/1998/1546 5147/1999/1546 5156/2000/1546 5157/2001/1546
f 5154/2002/1172 5155/2003/1172 5149/2003/1172 5148/2002/1172
f 5148/2002/1236 5149/2003/1236 5145/1997/1236 5144/1996/1236
f 5153/1996/1168 5154/2002/1168 5148/2002/1168 5144/1996/1168
f 5155/2003/1203 5152/1997/1203 5145/1997/1203 5149/2003/1203
f 5147/2004/1334 5146/2005/1334 5153/1996/1334 5152/1997/1334
f 5146/2005/1335 5150/2006/1335 5154/2002/1335 5153/1996/1335
f 5151/2007/1336 5147/2004/1336 5152/1997/1336 5155/2003/1336
f 5150/2006/1337 5151/2007/1337 5155/2003/1337 5154/2002/1337
f 5159/2008/1338 5158/2009/1338 5162/2010/1338 5163/2011/1338
f 5151/2011/1544 5150/2010/1544 5158/2009/1544 5159/2008/1544
f 5150/2010/1340 5146/1998/1340 5157/2001/1340 5158/2009/1340
f 5147/1999/1341 5151/2011/1341 5159/2008/1341 5156/2000/1341
f 5161/1998/1175 5160/1999/1175 5163/2011/1175 5162/2010/1175
f 5158/2009/1342 5157/2001/1342 5161/1998/1342 5162/2010/1342
f 5156/2000/1346 5159/2008/1346 5163/2011/1346 5160/1999/1346
f 5157/2001/1545 5156/2000/1545 5160/1999/1545 5161/1998/1545
f 5164/1996/1174 5165/1997/1174 5172/1997/1174 5173/1996/1174
f 5166/1998/1333 5167/1999/1333 5176/2000/1333 5177/2001/1333
f 5174/2002/1172 5175/2003/1172 5169/2003/1172 5168/2002/1172
f 5168/2002/1236 5169/2003/1236 5165/1997/1236 5164/1996/1236
f 5173/1996/1168 5174/2002/1168 5168/2002/1168 5164/1996/1168
f 5175/2003/1203 5172/1997/1203 5165/1997/1203 5169/2003/1203
f 5167/2004/1334 5166/2005/1334 5173/1996/1334 5172/1997/1334
f 5166/2005/1335 5170/2006/1335 5174/2002/1335 5173/1996/1335
f 5171/2007/1336 5167/2004/1336 5172/1997/1336 5175/2003/1336
f 5170/2006/1337 5171/2007/1337 5175/2003/1337 5174/2002/1337
f 5179/2008/1338 5178/2009/1338 5182/2010/1338 5183/2011/1338
f 5171/2011/1544 5170/2010/1544 5178/2009/1544 5179/2008/1544
f 5170/2010/1340 5166/1998/1340 5177/2001/1340 5178/2009/1340
f 5167/1999/1542 5171/2011/1542 5179/2008/1542 5176/2000/1542
f 5181/1998/1175 5180/1999/1175 5183/2011/1175 5182/2010/1175
f 5178/2009/1342 5177/2001/1342 5181/1998/1342 5182/2010/1342
f 5176/2000/1566 5179/2008/1566 5183/2011/1566 5180/1999/1566
f 5177/2001/1538 5176/2000/1538 5180/1999/1538 5181/1998/1538
f 5184/1996/1174 5185/1997/1174 5192/1997/1174 5193/1996/1174
f 5186/1998/1333 5187/1999/1333 5196/2000/1333 5197/2001/1333
f 5194/2002/1172 5195/2003/1172 5189/2003/1172 5188/2002/1172
f 5188/2002/1236 5189/2003/1236 5185/1997/1236 5184/1996/1236
f 5193/1996/1168 5194/2002/1168 5188/2002/1168 5184/1996/1168
f 5195/2003/1203 5192/1997/1203 5185/1997/1203 5189/2003/1203
f 5187/2004/1334 5186/2005/1334 5193/1996/1334 5192/1997/1334
f 5186/2005/1335 5190/2006/1335 5194/2002/1335 5193/1996/1335
f 5191/2007/1336 5187/2004/1336 5192/1997/1336 5195/2003/1336
f 5190/2006/1337 5191/2007/1337 5195/2003/1337 5194/2002/1337
f 5199/2008/1547 5198/2009/1547 5202/2010/1547 5203/2011/1547
f 5191/2011/1339 5190/2010/1339 5198/2009/1339 5199/2008/1339
f 5190/2010/1340 5186/1998/1340 5197/2001/1340 5198/2009/1340
f 5187/1999/1341 5191/2011/1341 5199/2008/1341 5196/2000/1341
f 5201/1998/1175 5200/1999/1175 5203/2011/1175 5202/2010/1175
f 5198/2009/1342 5197/2001/1342 5201/1998/1342 5202/2010/1342
f 5196/2000/1343 5199/2008/1343 5203/2011/1343 5200/1999/1343
f 5197/2001/1538 5196/2000/1538 5200/1999/1538 5201/1998/1538
f 5204/1996/1174 5205/1997/1174 5212/1997/1174 5213/1996/1174
f 5206/1998/1546 5207/1999/1546 5216/2000/1546 5217/2001/1546
f 5214/2002/1172 5215/2003/1172 5209/2003/1172 5208/2002/1172
f 5208/2002/1236 5209/2003/1236 5205/1997/1236 5204/1996/1236
f 5213/1996/1168 5214/2002/1168 5208/2002/1168 5204/1996/1168
f 5215/2003/1203 5212/1997/1203 5205/1997/1203 5209/2003/1203
f 5207/2004/1334 5206/2005/1334 5213/1996/1334 5212/1997/1334
f 5206/2005/1335 5210/2006/1335 5214/2002/1335 5213/1996/1335
f 5211/2007/1336 5207/2004/1336 5212/1997/1336 5215/2003/1336
f 5210/2006/1337 5211/2007/1337 5215/2003/1337 5214/2002/1337
f 5219/2008/1338 5218/2009/1338 5222/2010/1338 5223/2011/1338
f 5211/2011/1544 5210/2010/1544 5218/2009/1544 5219/2008/1544
f 5210/2010/1340 5206/1998/1340 5217/2001/1340 5218/2009/1340
f 5207/1999/1542 5211/2011/1542 5219/2008/1542 5216/2000/1542
f 5221/1998/1175 5220/1999/1175 5223/2011/1175 5222/2010/1175
f 5218/2009/1536 5217/2001/1536 5221/1998/1536 5222/2010/1536
f 5216/2000/1343 5219/2008/1343 5223/2011/1343 5220/1999/1343
f 5217/2001/1344 5216/2000/1344 5220/1999/1344 5221/1998/1344
f 5224/1996/1174 5225/1997/1174 5232/1997/1174 5233/1996/1174
f 5226/1998/1546 5227/1999/1546 5236/2000/1546 5237/2001/1546
f 5234/2002/1172 5235/2003/1172 5229/2003/1172 5228/2002/1172
f 5228/2002/1236 5229/2003/1236 5225/1997/1236 5224/1996/1236
f 5233/1996/1168 5234/2002/1168 5228/2002/1168 5224/1996/1168
f 5235/2003/1203 5232/1997/1203 5225/1997/1203 5229/2003/1203
f 5227/2004/1334 5226/2005/1334 5233/1996/1334 5232/1997/1334
f 5226/2005/1335 5230/2006/1335 5234/2002/1335 5233/1996/1335
f 5231/2007/1336 5227/2004/1336 5232/1997/1336 5235/2003/1336
f 5230/2006/1337 5231/2007/1337 5235/2003/1337 5234/2002/1337
f 5239/2008/1338 5238/2009/1338 5242/2010/1338 5243/2011/1338
f 5231/2011/1544 5230/2010/1544 5238/2009/1544 5239/2008/1544
f 5230/2010/1340 5226/1998/1340 5237/2001/1340 5238/2009/1340
f 5227/1999/1542 5231/2011/1542 5239/2008/1542 5236/2000/1542
f 5241/1998/1175 5240/1999/1175 5243/2011/1175 5242/2010/1175
f 5238/2009/1342 5237/2001/1342 5241/1998/1342 5242/2010/1342
f 5236/2000/1343 5239/2008/1343 5243/2011/1343 5240/1999/1343
f 5237/2001/1344 5236/2000/1344 5240/1999/1344 5241/1998/1344
f 5269/2012/1236 5271/2013/1236 5246/2014/1236 5245/2015/1236
f 5270/2016/1236 5268/2017/1236 5248/2018/1236 5247/2019/1236
f 5295/2020/1236 5270/2016/1236 5247/2019/1236 5281/2021/1236
f 5273/2012/1349 5253/2015/1349 5254/2014/1349 5275/2013/1349
f 5274/2016/1470 5255/2019/1470 5256/2018/1470 5272/2017/1470
f 5304/2021/1203 5255/2019/1203 5261/2019/1203 5287/2021/1203
f 5269/2012/1174 5245/2015/1174 5253/2015/1174 5273/2012/1174
f 5249/2022/1354 5250/2023/1354 5258/2023/1354 5257/2022/1354
f 5247/2019/1521 5248/2018/1521 5256/2018/1521 5255/2019/1521
f 5244/2024/1568 5251/2025/1568 5259/2025/1568 5252/2024/1568
f 5282/2026/1168 5244/2024/1168 5252/2024/1168 5284/2026/1168
f 5281/2021/1203 5247/2019/1203 5255/2019/1203 5304/2021/1203
f 5268/2017/1172 5249/2022/1172 5257/2022/1172 5272/2017/1172
f 5245/2015/1380 5246/2014/1380 5254/2014/1380 5253/2015/1380
f 5277/2013/1478 5260/2014/1478 5264/2027/1478 5279/2028/1478
f 5274/2016/1172 5258/2023/1172 5263/2023/1172 5276/2016/1172
f 5275/2013/1174 5254/2014/1174 5260/2014/1174 5277/2013/1174
f 5284/2026/1168 5252/2024/1168 5262/2024/1168 5288/2026/1168
f 5294/2029/1175 5305/2030/1175 5265/2031/1175 5278/2032/1175
f 5288/2026/1471 5262/2024/1471 5266/2033/1471 5291/2034/1471
f 5276/2016/1523 5263/2023/1509 5267/2035/1509 5278/2032/1523
f 5287/2021/1463 5261/2019/1569 5265/2031/1569 5305/2030/1510
f 5261/2019/1420 5276/2016/1523 5278/2032/1523 5265/2031/1420
f 5292/2036/1175 5294/2029/1175 5278/2032/1175 5267/2035/1175
f 5252/2024/1174 5275/2013/1174 5277/2013/1174 5262/2024/1174
f 5255/2019/1172 5274/2016/1172 5276/2016/1172 5261/2019/1172
f 5262/2024/1478 5277/2013/1478 5279/2028/1478 5266/2033/1478
f 5248/2018/1172 5268/2017/1172 5272/2017/1172 5256/2018/1172
f 5251/2025/1174 5269/2012/1174 5273/2012/1174 5259/2025/1174
f 5258/2023/1470 5274/2016/1470 5272/2017/1470 5257/2022/1470
f 5259/2025/1349 5273/2012/1349 5275/2013/1349 5252/2024/1349
f 5283/2037/1236 5250/2023/1236 5270/2016/1236 5295/2020/1236
f 5250/2023/1236 5249/2022/1236 5268/2017/1236 5270/2016/1236
f 5251/2025/1236 5244/2024/1236 5271/2013/1236 5269/2012/1236
f 5244/2024/1236 5282/2026/1236 5296/2038/1236 5271/2013/1236
f 5293/2039/1175 5294/2029/1175 5292/2036/1175 5291/2034/1175
f 5266/2033/1175 5279/2028/1175 5293/2039/1175 5291/2034/1175
f 5260/2014/1569 5286/2040/1483 5290/2041/1425 5264/2027/1569
f 5288/2026/1471 5291/2034/1471 5292/2036/1471 5289/2037/1471
f 5263/2023/1471 5289/2037/1471 5292/2036/1471 5267/2035/1471
f 5279/2028/1175 5264/2027/1175 5290/2041/1175 5293/2039/1175
f 5284/2026/1168 5288/2026/1168 5289/2037/1168 5285/2037/1168
f 5258/2023/1168 5285/2037/1168 5289/2037/1168 5263/2023/1168
f 5280/2040/1203 5281/2021/1203 5304/2021/1203 5303/2040/1203
f 5246/2014/1203 5280/2040/1203 5303/2040/1203 5254/2014/1203
f 5282/2026/1168 5284/2026/1168 5285/2037/1168 5283/2037/1168
f 5250/2023/1168 5283/2037/1168 5285/2037/1168 5258/2023/1168
f 5254/2014/1203 5303/2040/1203 5286/2040/1203 5260/2014/1203
f 5295/2020/1236 5281/2021/1236 5280/2040/1236 5296/2038/1236
f 5271/2013/1236 5296/2038/1236 5280/2040/1236 5246/2014/1236
f 5282/2026/1236 5283/2037/1236 5295/2020/1236 5296/2038/1236
f 5299/2042/1481 5301/2043/1481 5302/2044/1405 5300/2045/1405
f 5300/2045/1450 5302/2044/1450 5298/2046/1431 5297/2047/1431
f 5306/2048/1466 5307/2049/1466 5301/2043/1433 5299/2042/1433
f 5307/2050/1466 5306/2051/1466 5303/2052/1203 5304/2053/1203
f 5297/2054/1431 5298/2055/1431 5294/2056/1175 5293/2057/1175
f 5299/2058/1481 5300/2059/1405 5290/2060/1425 5286/2052/1483
f 5302/2061/1405 5301/2062/1481 5287/2053/1463 5305/2063/1510
f 5300/2059/1468 5297/2054/1468 5293/2057/1468 5290/2060/1468
f 5298/2055/1503 5302/2061/1503 5305/2063/1503 5294/2056/1503
f 5306/2051/1455 5299/2058/1455 5286/2052/1455 5303/2052/1455
f 5301/2062/1456 5307/2050/1456 5304/2053/1456 5287/2053/1456
f 5333/2012/1236 5335/2013/1236 5310/2014/1236 5309/2015/1236
f 5334/2016/1236 5332/2017/1236 5312/2018/1236 5311/2019/1236
f 5359/2020/1236 5334/2016/1236 5311/2019/1236 5345/2021/1236
f 5337/2012/1350 5317/2015/1350 5318/2014/1350 5339/2013/1350
f 5338/2016/1348 5319/2019/1348 5320/2018/1348 5336/2017/1348
f 5368/2021/1203 5319/2019/1203 5325/2019/1203 5351/2021/1203
f 5333/2012/1174 5309/2015/1174 5317/2015/1174 5337/2012/1174
f 5313/2022/1354 5314/2023/1354 5322/2023/1354 5321/2022/1354
f 5311/2019/1457 5312/2018/1457 5320/2018/1457 5319/2019/1457
f 5308/2024/1352 5315/2025/1352 5323/2025/1352 5316/2024/1352
f 5346/2026/1168 5308/2024/1168 5316/2024/1168 5348/2026/1168
f 5345/2021/1203 5311/2019/1203 5319/2019/1203 5368/2021/1203
f 5332/2017/1172 5313/2022/1172 5321/2022/1172 5336/2017/1172
f 5309/2015/1380 5310/2014/1380 5318/2014/1380 5317/2015/1380
f 5341/2013/1570 5324/2014/1570 5328/2027/1570 5343/2028/1570
f 5338/2016/1172 5322/2023/1172 5327/2023/1172 5340/2016/1172
f 5339/2013/1174 5318/2014/1174 5324/2014/1174 5341/2013/1174
f 5348/2026/1168 5316/2024/1168 5326/2024/1168 5352/2026/1168
f 5358/2029/1175 5369/2030/1175 5329/2031/1175 5342/2032/1175
f 5352/2026/1389 5326/2024/1386 5330/2033/1386 5355/2034/1389
f 5340/2016/1498 5327/2023/1498 5331/2035/1498 5342/2032/1498
f 5351/2021/1508 5325/2019/1481 5329/2031/1481 5369/2030/1508
f 5325/2019/1571 5340/2016/1498 5342/2032/1498 5329/2031/1571
f 5356/2036/1175 5358/2029/1175 5342/2032/1175 5331/2035/1175
f 5316/2024/1174 5339/2013/1174 5341/2013/1174 5326/2024/1174
f 5319/2019/1172 5338/2016/1172 5340/2016/1172 5325/2019/1172
f 5326/2024/1570 5341/2013/1570 5343/2028/1570 5330/2033/1570
f 5312/2018/1172 5332/2017/1172 5336/2017/1172 5320/2018/1172
f 5315/2025/1174 5333/2012/1174 5337/2012/1174 5323/2025/1174
f 5322/2023/1424 5338/2016/1348 5336/2017/1348 5321/2022/1424
f 5323/2025/1350 5337/2012/1350 5339/2013/1350 5316/2024/1350
f 5347/2037/1236 5314/2023/1236 5334/2016/1236 5359/2020/1236
f 5314/2023/1236 5313/2022/1236 5332/2017/1236 5334/2016/1236
f 5315/2025/1236 5308/2024/1236 5335/2013/1236 5333/2012/1236
f 5308/2024/1236 5346/2026/1236 5360/2038/1236 5335/2013/1236
f 5357/2039/1175 5358/2029/1175 5356/2036/1175 5355/2034/1175
f 5330/2033/1175 5343/2028/1175 5357/2039/1175 5355/2034/1175
f 5324/2014/1481 5350/2040/1508 5354/2041/1508 5328/2027/1481
f 5352/2026/1389 5355/2034/1389 5356/2036/1389 5353/2037/1389
f 5327/2023/1471 5353/2037/1389 5356/2036/1389 5331/2035/1471
f 5343/2028/1175 5328/2027/1175 5354/2041/1175 5357/2039/1175
f 5348/2026/1168 5352/2026/1168 5353/2037/1168 5349/2037/1168
f 5322/2023/1168 5349/2037/1168 5353/2037/1168 5327/2023/1168
f 5344/2040/1203 5345/2021/1203 5368/2021/1203 5367/2040/1203
f 5310/2014/1203 5344/2040/1203 5367/2040/1203 5318/2014/1203
f 5346/2026/1168 5348/2026/1168 5349/2037/1168 5347/2037/1168
f 5314/2023/1168 5347/2037/1168 5349/2037/1168 5322/2023/1168
f 5318/2014/1203 5367/2040/1203 5350/2040/1203 5324/2014/1203
f 5359/2020/1236 5345/2021/1236 5344/2040/1236 5360/2038/1236
f 5335/2013/1236 5360/2038/1236 5344/2040/1236 5310/2014/1236
f 5346/2026/1236 5347/2037/1236 5359/2020/1236 5360/2038/1236
f 5363/2042/1507 5365/2043/1507 5366/2044/1383 5364/2045/1383
f 5364/2045/1572 5366/2044/1572 5362/2046/1431 5361/2047/1431
f 5370/2048/1466 5371/2049/1432 5365/2043/1433 5363/2042/1433
f 5371/2050/1432 5370/2051/1466 5367/2052/1203 5368/2053/1203
f 5361/2054/1431 5362/2055/1431 5358/2056/1175 5357/2057/1175
f 5363/2058/1507 5364/2059/1383 5354/2060/1508 5350/2052/1508
f 5366/2061/1383 5365/2062/1507 5351/2053/1508 5369/2063/1508
f 5364/2059/1573 5361/2054/1573 5357/2057/1573 5354/2060/1573
f 5362/2055/1574 5366/2061/1574 5369/2063/1574 5358/2056/1574
f 5370/2051/1436 5363/2058/1526 5350/2052/1436 5367/2052/1436
f 5365/2062/1575 5371/2050/1575 5368/2053/1575 5351/2053/1575
f 5397/2012/1236 5399/2013/1236 5374/2014/1236 5373/2015/1236
f 5398/2016/1236 5396/2017/1236 5376/2018/1236 5375/2019/1236
f 5423/2020/1236 5398/2016/1236 5375/2019/1236 5409/2021/1236
f 5401/2012/1350 5381/2015/1350 5382/2014/1350 5403/2013/1350
f 5402/2016/1348 5383/2019/1348 5384/2018/1348 5400/2017/1348
f 5432/2021/1203 5383/2019/1203 5389/2019/1203 5415/2021/1203
f 5397/2012/1174 5373/2015/1174 5381/2015/1174 5401/2012/1174
f 5377/2022/1576 5378/2023/1576 5386/2023/1576 5385/2022/1576
f 5375/2019/1404 5376/2018/1404 5384/2018/1404 5383/2019/1404
f 5372/2024/1352 5379/2025/1352 5387/2025/1352 5380/2024/1352
f 5410/2026/1168 5372/2024/1168 5380/2024/1168 5412/2026/1168
f 5409/2021/1203 5375/2019/1203 5383/2019/1203 5432/2021/1203
f 5396/2017/1172 5377/2022/1172 5385/2022/1172 5400/2017/1172
f 5373/2015/1380 5374/2014/1380 5382/2014/1380 5381/2015/1380
f 5405/2013/1357 5388/2014/1577 5392/2027/1577 5407/2028/1357
f 5402/2016/1172 5386/2023/1172 5391/2023/1172 5404/2016/1172
f 5403/2013/1174 5382/2014/1174 5388/2014/1174 5405/2013/1174
f 5412/2026/1168 5380/2024/1168 5390/2024/1168 5416/2026/1168
f 5422/2029/1175 5433/2030/1175 5393/2031/1175 5406/2032/1175
f 5416/2026/1386 5390/2024/1386 5394/2033/1386 5419/2034/1386
f 5404/2016/1355 5391/2023/1578 5395/2035/1578 5406/2032/1355
f 5415/2021/1449 5389/2019/1579 5393/2031/1579 5433/2030/1449
f 5389/2019/1498 5404/2016/1355 5406/2032/1355 5393/2031/1498
f 5420/2036/1175 5422/2029/1175 5406/2032/1175 5395/2035/1175
f 5380/2024/1174 5403/2013/1174 5405/2013/1174 5390/2024/1174
f 5383/2019/1172 5402/2016/1172 5404/2016/1172 5389/2019/1172
f 5390/2024/1580 5405/2013/1357 5407/2028/1357 5394/2033/1580
f 5376/2018/1172 5396/2017/1172 5400/2017/1172 5384/2018/1172
f 5379/2025/1174 5397/2012/1174 5401/2012/1174 5387/2025/1174
f 5386/2023/1348 5402/2016/1348 5400/2017/1348 5385/2022/1348
f 5387/2025/1350 5401/2012/1350 5403/2013/1350 5380/2024/1350
f 5411/2037/1236 5378/2023/1236 5398/2016/1236 5423/2020/1236
f 5378/2023/1236 5377/2022/1236 5396/2017/1236 5398/2016/1236
f 5379/2025/1236 5372/2024/1236 5399/2013/1236 5397/2012/1236
f 5372/2024/1236 5410/2026/1236 5424/2038/1236 5399/2013/1236
f 5421/2039/1175 5422/2029/1175 5420/2036/1175 5419/2034/1175
f 5394/2033/1175 5407/2028/1175 5421/2039/1175 5419/2034/1175
f 5388/2014/1579 5414/2040/1427 5418/2041/1510 5392/2027/1579
f 5416/2026/1386 5419/2034/1386 5420/2036/1386 5417/2037/1386
f 5391/2023/1386 5417/2037/1386 5420/2036/1386 5395/2035/1386
f 5407/2028/1175 5392/2027/1175 5418/2041/1175 5421/2039/1175
f 5412/2026/1168 5416/2026/1168 5417/2037/1168 5413/2037/1168
f 5386/2023/1168 5413/2037/1168 5417/2037/1168 5391/2023/1168
f 5408/2040/1203 5409/2021/1203 5432/2021/1203 5431/2040/1203
f 5374/2014/1203 5408/2040/1203 5431/2040/1203 5382/2014/1203
f 5410/2026/1168 5412/2026/1168 5413/2037/1168 5411/2037/1168
f 5378/2023/1168 5411/2037/1168 5413/2037/1168 5386/2023/1168
f 5382/2014/1203 5431/2040/1203 5414/2040/1203 5388/2014/1203
f 5423/2020/1236 5409/2021/1236 5408/2040/1236 5424/2038/1236
f 5399/2013/1236 5424/2038/1236 5408/2040/1236 5374/2014/1236
f 5410/2026/1236 5411/2037/1236 5423/2020/1236 5424/2038/1236
f 5427/2042/1448 5429/2043/1464 5430/2044/1464 5428/2045/1448
f 5428/2045/1430 5430/2044/1430 5426/2046/1451 5425/2047/1451
f 5434/2048/1466 5435/2049/1466 5429/2043/1433 5427/2042/1433
f 5435/2050/1466 5434/2051/1466 5431/2052/1203 5432/2053/1203
f 5425/2054/1451 5426/2055/1451 5422/2056/1175 5421/2057/1175
f 5427/2058/1448 5428/2059/1448 5418/2060/1510 5414/2052/1427
f 5430/2061/1464 5429/2062/1464 5415/2053/1449 5433/2063/1449
f 5428/2059/1452 5425/2054/1452 5421/2057/1452 5418/2060/1452
f 5426/2055/1520 5430/2061/1520 5433/2063/1520 5422/2056/1520
f 5434/2051/1581 5427/2058/1581 5414/2052/1581 5431/2052/1581
f 5429/2062/1582 5435/2050/1582 5432/2053/1582 5415/2053/1583
f 5461/2012/1236 5463/2013/1236 5438/2014/1236 5437/2015/1236
f 5462/2016/1236 5460/2017/1236 5440/2018/1236 5439/2019/1236
f 5487/2020/1236 5462/2016/1236 5439/2019/1236 5473/2021/1236
f 5465/2012/1347 5445/2015/1347 5446/2014/1347 5467/2013/1347
f 5466/2016/1350 5447/2019/1350 5448/2018/1350 5464/2017/1350
f 5496/2021/1168 5447/2019/1168 5453/2019/1168 5479/2021/1168
f 5461/2012/1172 5437/2015/1172 5445/2015/1172 5465/2012/1172
f 5441/2022/1380 5442/2023/1380 5450/2023/1380 5449/2022/1380
f 5439/2019/1584 5440/2018/1584 5448/2018/1584 5447/2019/1584
f 5436/2024/1521 5443/2025/1521 5451/2025/1521 5444/2024/1521
f 5474/2026/1203 5436/2024/1203 5444/2024/1203 5476/2026/1203
f 5473/2021/1168 5439/2019/1168 5447/2019/1168 5496/2021/1168
f 5460/2017/1174 5441/2022/1174 5449/2022/1174 5464/2017/1174
f 5437/2015/1354 5438/2014/1354 5446/2014/1354 5445/2015/1354
f 5469/2013/1585 5452/2014/1420 5456/2027/1420 5471/2028/1585
f 5466/2016/1174 5450/2023/1174 5455/2023/1174 5468/2016/1174
f 5467/2013/1172 5446/2014/1172 5452/2014/1172 5469/2013/1172
f 5476/2026/1203 5444/2024/1203 5454/2024/1203 5480/2026/1203
f 5486/2029/1175 5497/2030/1175 5457/2031/1175 5470/2032/1175
f 5480/2026/1532 5454/2024/1383 5458/2033/1532 5483/2034/1579
f 5468/2016/1357 5455/2023/1357 5459/2035/1357 5470/2032/1357
f 5479/2021/1586 5453/2019/1506 5457/2031/1506 5497/2030/1586
f 5453/2019/1357 5468/2016/1357 5470/2032/1357 5457/2031/1357
f 5484/2036/1175 5486/2029/1175 5470/2032/1175 5459/2035/1175
f 5444/2024/1172 5467/2013/1172 5469/2013/1172 5454/2024/1172
f 5447/2019/1174 5466/2016/1174 5468/2016/1174 5453/2019/1174
f 5454/2024/1355 5469/2013/1585 5471/2028/1585 5458/2033/1509
f 5440/2018/1174 5460/2017/1174 5464/2017/1174 5448/2018/1174
f 5443/2025/1172 5461/2012/1172 5465/2012/1172 5451/2025/1172
f 5450/2023/1350 5466/2016/1350 5464/2017/1350 5449/2022/1350
f 5451/2025/1347 5465/2012/1347 5467/2013/1347 5444/2024/1347
f 5475/2037/1236 5442/2023/1236 5462/2016/1236 5487/2020/1236
f 5442/2023/1236 5441/2022/1236 5460/2017/1236 5462/2016/1236
f 5443/2025/1236 5436/2024/1236 5463/2013/1236 5461/2012/1236
f 5436/2024/1236 5474/2026/1236 5488/2038/1236 5463/2013/1236
f 5485/2039/1175 5486/2029/1175 5484/2036/1175 5483/2034/1175
f 5458/2033/1175 5471/2028/1175 5485/2039/1175 5483/2034/1175
f 5452/2014/1506 5478/2040/1587 5482/2041/1587 5456/2027/1471
f 5480/2026/1532 5483/2034/1579 5484/2036/1532 5481/2037/1481
f 5455/2023/1532 5481/2037/1481 5484/2036/1532 5459/2035/1532
f 5471/2028/1175 5456/2027/1175 5482/2041/1175 5485/2039/1175
f 5476/2026/1203 5480/2026/1203 5481/2037/1203 5477/2037/1203
f 5450/2023/1203 5477/2037/1203 5481/2037/1203 5455/2023/1203
f 5472/2040/1168 5473/2021/1168 5496/2021/1168 5495/2040/1168
f 5438/2014/1168 5472/2040/1168 5495/2040/1168 5446/2014/1168
f 5474/2026/1203 5476/2026/1203 5477/2037/1203 5475/2037/1203
f 5442/2023/1203 5475/2037/1203 5477/2037/1203 5450/2023/1203
f 5446/2014/1168 5495/2040/1168 5478/2040/1168 5452/2014/1168
f 5487/2020/1236 5473/2021/1236 5472/2040/1236 5488/2038/1236
f 5463/2013/1236 5488/2038/1236 5472/2040/1236 5438/2014/1236
f 5474/2026/1236 5475/2037/1236 5487/2020/1236 5488/2038/1236
f 5491/2042/1588 5493/2043/1589 5494/2044/1590 5492/2045/1591
f 5492/2045/1367 5494/2044/1367 5490/2046/1368 5489/2047/1368
f 5498/2048/1369 5499/2049/1592 5493/2043/1397 5491/2042/1397
f 5499/2050/1592 5498/2051/1369 5495/2052/1168 5496/2053/1168
f 5489/2054/1368 5490/2055/1368 5486/2056/1175 5485/2057/1175
f 5491/2058/1588 5492/2059/1591 5482/2060/1587 5478/2052/1587
f 5494/2061/1590 5493/2062/1589 5479/2053/1586 5497/2063/1586
f 5492/2059/1593 5489/2054/1593 5485/2057/1593 5482/2060/1371
f 5490/2055/1373 5494/2061/1373 5497/2063/1594 5486/2056/1373
f 5498/2051/1401 5491/2058/1401 5478/2052/1401 5495/2052/1595
f 5493/2062/1596 5499/2050/1596 5496/2053/1596 5479/2053/1596
f 5525/2012/1236 5527/2013/1236 5502/2014/1236 5501/2015/1236
f 5526/2016/1236 5524/2017/1236 5504/2018/1236 5503/2019/1236
f 5551/2020/1236 5526/2016/1236 5503/2019/1236 5537/2021/1236
f 5529/2012/1597 5509/2015/1597 5510/2014/1597 5531/2013/1597
f 5530/2016/1598 5511/2019/1598 5512/2018/1598 5528/2017/1598
f 5560/2021/1174 5511/2019/1174 5517/2019/1174 5543/2021/1174
f 5525/2012/1168 5501/2015/1168 5509/2015/1168 5529/2012/1168
f 5505/2022/1404 5506/2023/1404 5514/2023/1404 5513/2022/1404
f 5503/2019/1380 5504/2018/1380 5512/2018/1380 5511/2019/1380
f 5500/2024/1354 5507/2025/1354 5515/2025/1354 5508/2024/1354
f 5538/2026/1172 5500/2024/1172 5508/2024/1172 5540/2026/1172
f 5537/2021/1174 5503/2019/1174 5511/2019/1174 5560/2021/1174
f 5524/2017/1203 5505/2022/1203 5513/2022/1203 5528/2017/1203
f 5501/2015/1352 5502/2014/1352 5510/2014/1352 5509/2015/1352
f 5533/2013/1599 5516/2014/1599 5520/2027/1599 5535/2028/1599
f 5530/2016/1203 5514/2023/1203 5519/2023/1203 5532/2016/1203
f 5531/2013/1168 5510/2014/1168 5516/2014/1168 5533/2013/1168
f 5540/2026/1172 5508/2024/1172 5518/2024/1172 5544/2026/1172
f 5550/2029/1175 5561/2030/1175 5521/2031/1175 5534/2032/1175
f 5544/2026/1600 5518/2024/1600 5522/2033/1600 5547/2034/1600
f 5532/2016/1601 5519/2023/1601 5523/2035/1601 5534/2032/1601
f 5543/2021/1602 5517/2019/1603 5521/2031/1603 5561/2030/1602
f 5517/2019/1604 5532/2016/1601 5534/2032/1601 5521/2031/1604
f 5548/2036/1175 5550/2029/1175 5534/2032/1175 5523/2035/1175
f 5508/2024/1168 5531/2013/1168 5533/2013/1168 5518/2024/1168
f 5511/2019/1203 5530/2016/1203 5532/2016/1203 5517/2019/1203
f 5518/2024/1599 5533/2013/1599 5535/2028/1599 5522/2033/1599
f 5504/2018/1203 5524/2017/1203 5528/2017/1203 5512/2018/1203
f 5507/2025/1168 5525/2012/1168 5529/2012/1168 5515/2025/1168
f 5514/2023/1598 5530/2016/1598 5528/2017/1598 5513/2022/1598
f 5515/2025/1597 5529/2012/1597 5531/2013/1597 5508/2024/1597
f 5539/2037/1236 5506/2023/1236 5526/2016/1236 5551/2020/1236
f 5506/2023/1236 5505/2022/1236 5524/2017/1236 5526/2016/1236
f 5507/2025/1236 5500/2024/1236 5527/2013/1236 5525/2012/1236
f 5500/2024/1236 5538/2026/1236 5552/2038/1236 5527/2013/1236
f 5549/2039/1175 5550/2029/1175 5548/2036/1175 5547/2034/1175
f 5522/2033/1175 5535/2028/1175 5549/2039/1175 5547/2034/1175
f 5516/2014/1603 5542/2040/1602 5546/2041/1602 5520/2027/1603
f 5544/2026/1600 5547/2034/1600 5548/2036/1605 5545/2037/1606
f 5519/2023/1606 5545/2037/1606 5548/2036/1605 5523/2035/1606
f 5535/2028/1175 5520/2027/1175 5546/2041/1175 5549/2039/1175
f 5540/2026/1172 5544/2026/1172 5545/2037/1172 5541/2037/1172
f 5514/2023/1172 5541/2037/1172 5545/2037/1172 5519/2023/1172
f 5536/2040/1174 5537/2021/1174 5560/2021/1174 5559/2040/1174
f 5502/2014/1174 5536/2040/1174 5559/2040/1174 5510/2014/1174
f 5538/2026/1172 5540/2026/1172 5541/2037/1172 5539/2037/1172
f 5506/2023/1172 5539/2037/1172 5541/2037/1172 5514/2023/1172
f 5510/2014/1174 5559/2040/1174 5542/2040/1174 5516/2014/1174
f 5551/2020/1236 5537/2021/1236 5536/2040/1236 5552/2038/1236
f 5527/2013/1236 5552/2038/1236 5536/2040/1236 5502/2014/1236
f 5538/2026/1236 5539/2037/1236 5551/2020/1236 5552/2038/1236
f 5555/2042/1607 5557/2043/1608 5558/2044/1609 5556/2045/1607
f 5556/2045/1610 5558/2044/1610 5554/2046/1611 5553/2047/1611
f 5562/2048/1612 5563/2049/1612 5557/2043/1613 5555/2042/1613
f 5563/2050/1612 5562/2051/1612 5559/2052/1174 5560/2053/1174
f 5553/2054/1611 5554/2055/1611 5550/2056/1175 5549/2057/1175
f 5555/2058/1607 5556/2059/1607 5546/2060/1602 5542/2052/1602
f 5558/2061/1609 5557/2062/1608 5543/2053/1602 5561/2063/1602
f 5556/2059/1614 5553/2054/1614 5549/2057/1614 5546/2060/1614
f 5554/2055/1615 5558/2061/1615 5561/2063/1615 5550/2056/1615
f 5562/2051/1616 5555/2058/1616 5542/2052/1616 5559/2052/1616
f 5557/2062/1617 5563/2050/1617 5560/2053/1617 5543/2053/1617
f 5589/2012/1236 5591/2013/1236 5566/2014/1236 5565/2015/1236
f 5590/2016/1236 5588/2017/1236 5568/2018/1236 5567/2019/1236
f 5615/2020/1236 5590/2016/1236 5567/2019/1236 5601/2021/1236
f 5593/2012/1597 5573/2015/1597 5574/2014/1597 5595/2013/1597
f 5594/2016/1598 5575/2019/1598 5576/2018/1598 5592/2017/1598
f 5624/2021/1174 5575/2019/1174 5581/2019/1174 5607/2021/1174
f 5589/2012/1168 5565/2015/1168 5573/2015/1168 5593/2012/1168
f 5569/2022/1457 5570/2023/1457 5578/2023/1457 5577/2022/1457
f 5567/2019/1493 5568/2018/1493 5576/2018/1493 5575/2019/1493
f 5564/2024/1576 5571/2025/1576 5579/2025/1576 5572/2024/1576
f 5602/2026/1172 5564/2024/1172 5572/2024/1172 5604/2026/1172
f 5601/2021/1174 5567/2019/1174 5575/2019/1174 5624/2021/1174
f 5588/2017/1203 5569/2022/1203 5577/2022/1203 5592/2017/1203
f 5565/2015/1584 5566/2014/1584 5574/2014/1584 5573/2015/1584
f 5597/2013/1618 5580/2014/1599 5584/2027/1599 5599/2028/1618
f 5594/2016/1203 5578/2023/1203 5583/2023/1203 5596/2016/1203
f 5595/2013/1168 5574/2014/1168 5580/2014/1168 5597/2013/1168
f 5604/2026/1172 5572/2024/1172 5582/2024/1172 5608/2026/1172
f 5614/2029/1175 5625/2030/1175 5585/2031/1175 5598/2032/1175
f 5608/2026/1605 5582/2024/1605 5586/2033/1605 5611/2034/1619
f 5596/2016/1620 5583/2023/1604 5587/2035/1604 5598/2032/1620
f 5607/2021/1602 5581/2019/1603 5585/2031/1603 5625/2030/1602
f 5581/2019/1604 5596/2016/1620 5598/2032/1620 5585/2031/1604
f 5612/2036/1175 5614/2029/1175 5598/2032/1175 5587/2035/1175
f 5572/2024/1168 5595/2013/1168 5597/2013/1168 5582/2024/1168
f 5575/2019/1203 5594/2016/1203 5596/2016/1203 5581/2019/1203
f 5582/2024/1599 5597/2013/1618 5599/2028/1618 5586/2033/1599
f 5568/2018/1203 5588/2017/1203 5592/2017/1203 5576/2018/1203
f 5571/2025/1168 5589/2012/1168 5593/2012/1168 5579/2025/1168
f 5578/2023/1598 5594/2016/1598 5592/2017/1598 5577/2022/1598
f 5579/2025/1597 5593/2012/1597 5595/2013/1597 5572/2024/1597
f 5603/2037/1236 5570/2023/1236 5590/2016/1236 5615/2020/1236
f 5570/2023/1236 5569/2022/1236 5588/2017/1236 5590/2016/1236
f 5571/2025/1236 5564/2024/1236 5591/2013/1236 5589/2012/1236
f 5564/2024/1236 5602/2026/1236 5616/2038/1236 5591/2013/1236
f 5613/2039/1175 5614/2029/1175 5612/2036/1175 5611/2034/1175
f 5586/2033/1175 5599/2028/1175 5613/2039/1175 5611/2034/1175
f 5580/2014/1603 5606/2040/1603 5610/2041/1603 5584/2027/1603
f 5608/2026/1605 5611/2034/1619 5612/2036/1605 5609/2037/1605
f 5583/2023/1605 5609/2037/1605 5612/2036/1605 5587/2035/1605
f 5599/2028/1175 5584/2027/1175 5610/2041/1175 5613/2039/1175
f 5604/2026/1172 5608/2026/1172 5609/2037/1172 5605/2037/1172
f 5578/2023/1172 5605/2037/1172 5609/2037/1172 5583/2023/1172
f 5600/2040/1174 5601/2021/1174 5624/2021/1174 5623/2040/1174
f 5566/2014/1174 5600/2040/1174 5623/2040/1174 5574/2014/1174
f 5602/2026/1172 5604/2026/1172 5605/2037/1172 5603/2037/1172
f 5570/2023/1172 5603/2037/1172 5605/2037/1172 5578/2023/1172
f 5574/2014/1174 5623/2040/1174 5606/2040/1174 5580/2014/1174
f 5615/2020/1236 5601/2021/1236 5600/2040/1236 5616/2038/1236
f 5591/2013/1236 5616/2038/1236 5600/2040/1236 5566/2014/1236
f 5602/2026/1236 5603/2037/1236 5615/2020/1236 5616/2038/1236
f 5619/2042/1621 5621/2043/1622 5622/2044/1609 5620/2045/1607
f 5620/2045/1610 5622/2044/1610 5618/2046/1611 5617/2047/1611
f 5626/2048/1623 5627/2049/1623 5621/2043/1613 5619/2042/1613
f 5627/2050/1623 5626/2051/1623 5623/2052/1174 5624/2053/1174
f 5617/2054/1611 5618/2055/1611 5614/2056/1175 5613/2057/1175
f 5619/2058/1621 5620/2059/1607 5610/2060/1603 5606/2052/1603
f 5622/2061/1609 5621/2062/1622 5607/2053/1602 5625/2063/1602
f 5620/2059/1614 5617/2054/1614 5613/2057/1614 5610/2060/1614
f 5618/2055/1615 5622/2061/1615 5625/2063/1615 5614/2056/1615
f 5626/2051/1616 5619/2058/1616 5606/2052/1616 5623/2052/1616
f 5621/2062/1617 5627/2050/1617 5624/2053/1617 5607/2053/1617
f 5653/2012/1236 5655/2013/1236 5630/2014/1236 5629/2015/1236
f 5654/2016/1236 5652/2017/1236 5632/2018/1236 5631/2019/1236
f 5679/2020/1236 5654/2016/1236 5631/2019/1236 5665/2021/1236
f 5657/2012/1624 5637/2015/1624 5638/2014/1624 5659/2013/1624
f 5658/2016/1625 5639/2019/1625 5640/2018/1625 5656/2017/1625
f 5688/2021/1172 5639/2019/1172 5645/2019/1172 5671/2021/1172
f 5653/2012/1203 5629/2015/1203 5637/2015/1203 5657/2012/1203
f 5633/2022/1568 5634/2023/1568 5642/2023/1568 5641/2022/1568
f 5631/2019/1354 5632/2018/1354 5640/2018/1354 5639/2019/1354
f 5628/2024/1626 5635/2025/1626 5643/2025/1626 5636/2024/1626
f 5666/2026/1174 5628/2024/1174 5636/2024/1174 5668/2026/1174
f 5665/2021/1172 5631/2019/1172 5639/2019/1172 5688/2021/1172
f 5652/2017/1168 5633/2022/1168 5641/2022/1168 5656/2017/1168
f 5629/2015/1404 5630/2014/1404 5638/2014/1404 5637/2015/1404
f 5661/2013/1627 5644/2014/1627 5648/2027/1627 5663/2028/1627
f 5658/2016/1168 5642/2023/1168 5647/2023/1168 5660/2016/1168
f 5659/2013/1203 5638/2014/1203 5644/2014/1203 5661/2013/1203
f 5668/2026/1174 5636/2024/1174 5646/2024/1174 5672/2026/1174
f 5678/2029/1175 5689/2030/1175 5649/2031/1175 5662/2032/1175
f 5672/2026/1628 5646/2024/1628 5650/2033/1603 5675/2034/1602
f 5660/2016/1629 5647/2023/1629 5651/2035/1629 5662/2032/1629
f 5671/2021/1630 5645/2019/1631 5649/2031/1631 5689/2030/1632
f 5645/2019/1629 5660/2016/1629 5662/2032/1629 5649/2031/1629
f 5676/2036/1175 5678/2029/1175 5662/2032/1175 5651/2035/1175
f 5636/2024/1203 5659/2013/1203 5661/2013/1203 5646/2024/1203
f 5639/2019/1168 5658/2016/1168 5660/2016/1168 5645/2019/1168
f 5646/2024/1627 5661/2013/1627 5663/2028/1627 5650/2033/1627
f 5632/2018/1168 5652/2017/1168 5656/2017/1168 5640/2018/1168
f 5635/2025/1203 5653/2012/1203 5657/2012/1203 5643/2025/1203
f 5642/2023/1625 5658/2016/1625 5656/2017/1625 5641/2022/1625
f 5643/2025/1624 5657/2012/1624 5659/2013/1624 5636/2024/1624
f 5667/2037/1236 5634/2023/1236 5654/2016/1236 5679/2020/1236
f 5634/2023/1236 5633/2022/1236 5652/2017/1236 5654/2016/1236
f 5635/2025/1236 5628/2024/1236 5655/2013/1236 5653/2012/1236
f 5628/2024/1236 5666/2026/1236 5680/2038/1236 5655/2013/1236
f 5677/2039/1175 5678/2029/1175 5676/2036/1175 5675/2034/1175
f 5650/2033/1175 5663/2028/1175 5677/2039/1175 5675/2034/1175
f 5644/2014/1605 5670/2040/1633 5674/2041/1630 5648/2027/1605
f 5672/2026/1628 5675/2034/1602 5676/2036/1634 5673/2037/1609
f 5647/2023/1635 5673/2037/1609 5676/2036/1634 5651/2035/1635
f 5663/2028/1175 5648/2027/1175 5674/2041/1175 5677/2039/1175
f 5668/2026/1174 5672/2026/1174 5673/2037/1174 5669/2037/1174
f 5642/2023/1174 5669/2037/1174 5673/2037/1174 5647/2023/1174
f 5664/2040/1172 5665/2021/1172 5688/2021/1172 5687/2040/1172
f 5630/2014/1172 5664/2040/1172 5687/2040/1172 5638/2014/1172
f 5666/2026/1174 5668/2026/1174 5669/2037/1174 5667/2037/1174
f 5634/2023/1174 5667/2037/1174 5669/2037/1174 5642/2023/1174
f 5638/2014/1172 5687/2040/1172 5670/2040/1172 5644/2014/1172
f 5679/2020/1236 5665/2021/1236 5664/2040/1236 5680/2038/1236
f 5655/2013/1236 5680/2038/1236 5664/2040/1236 5630/2014/1236
f 5666/2026/1236 5667/2037/1236 5679/2020/1236 5680/2038/1236
f 5683/2042/1636 5685/2043/1637 5686/2044/1633 5684/2045/1638
f 5684/2045/1639 5686/2044/1639 5682/2046/1640 5681/2047/1640
f 5690/2048/1641 5691/2049/1641 5685/2043/1642 5683/2042/1642
f 5691/2050/1641 5690/2051/1641 5687/2052/1172 5688/2053/1172
f 5681/2054/1640 5682/2055/1640 5678/2056/1175 5677/2057/1175
f 5683/2058/1636 5684/2059/1638 5674/2060/1630 5670/2052/1633
f 5686/2061/1633 5685/2062/1637 5671/2053/1630 5689/2063/1632
f 5684/2059/1643 5681/2054/1644 5677/2057/1644 5674/2060/1644
f 5682/2055/1645 5686/2061/1645 5689/2063/1645 5678/2056/1645
f 5690/2051/1646 5683/2058/1647 5670/2052/1648 5687/2052/1648
f 5685/2062/1649 5691/2050/1649 5688/2053/1649 5671/2053/1649
f 5717/2012/1236 5719/2013/1236 5694/2014/1236 5693/2015/1236
f 5718/2016/1236 5716/2017/1236 5696/2018/1236 5695/2019/1236
f 5743/2020/1236 5718/2016/1236 5695/2019/1236 5729/2021/1236
f 5721/2012/1624 5701/2015/1624 5702/2014/1624 5723/2013/1624
f 5722/2016/1597 5703/2019/1597 5704/2018/1597 5720/2017/1597
f 5752/2021/1172 5703/2019/1172 5709/2019/1172 5735/2021/1172
f 5717/2012/1203 5693/2015/1203 5701/2015/1203 5721/2012/1203
f 5697/2022/1352 5698/2023/1352 5706/2023/1352 5705/2022/1352
f 5695/2019/1354 5696/2018/1354 5704/2018/1354 5703/2019/1354
f 5692/2024/1493 5699/2025/1493 5707/2025/1493 5700/2024/1493
f 5730/2026/1174 5692/2024/1174 5700/2024/1174 5732/2026/1174
f 5729/2021/1172 5695/2019/1172 5703/2019/1172 5752/2021/1172
f 5716/2017/1168 5697/2022/1168 5705/2022/1168 5720/2017/1168
f 5693/2015/1404 5694/2014/1404 5702/2014/1404 5701/2015/1404
f 5725/2013/1627 5708/2014/1601 5712/2027/1604 5727/2028/1627
f 5722/2016/1168 5706/2023/1168 5711/2023/1168 5724/2016/1168
f 5723/2013/1203 5702/2014/1203 5708/2014/1203 5725/2013/1203
f 5732/2026/1174 5700/2024/1174 5710/2024/1174 5736/2026/1174
f 5742/2029/1175 5753/2030/1175 5713/2031/1175 5726/2032/1175
f 5736/2026/1634 5710/2024/1635 5714/2033/1635 5739/2034/1628
f 5724/2016/1629 5711/2023/1629 5715/2035/1629 5726/2032/1629
f 5735/2021/1650 5709/2019/1651 5713/2031/1651 5753/2030/1652
f 5709/2019/1653 5724/2016/1629 5726/2032/1629 5713/2031/1653
f 5740/2036/1175 5742/2029/1175 5726/2032/1175 5715/2035/1175
f 5700/2024/1203 5723/2013/1203 5725/2013/1203 5710/2024/1203
f 5703/2019/1168 5722/2016/1168 5724/2016/1168 5709/2019/1168
f 5710/2024/1601 5725/2013/1627 5727/2028/1627 5714/2033/1601
f 5696/2018/1168 5716/2017/1168 5720/2017/1168 5704/2018/1168
f 5699/2025/1203 5717/2012/1203 5721/2012/1203 5707/2025/1203
f 5706/2023/1597 5722/2016/1597 5720/2017/1597 5705/2022/1597
f 5707/2025/1624 5721/2012/1624 5723/2013/1624 5700/2024/1624
f 5731/2037/1236 5698/2023/1236 5718/2016/1236 5743/2020/1236
f 5698/2023/1236 5697/2022/1236 5716/2017/1236 5718/2016/1236
f 5699/2025/1236 5692/2024/1236 5719/2013/1236 5717/2012/1236
f 5692/2024/1236 5730/2026/1236 5744/2038/1236 5719/2013/1236
f 5741/2039/1175 5742/2029/1175 5740/2036/1175 5739/2034/1175
f 5714/2033/1175 5727/2028/1175 5741/2039/1175 5739/2034/1175
f 5708/2014/1619 5734/2040/1654 5738/2041/1654 5712/2027/1619
f 5736/2026/1634 5739/2034/1628 5740/2036/1628 5737/2037/1634
f 5711/2023/1635 5737/2037/1634 5740/2036/1628 5715/2035/1635
f 5727/2028/1175 5712/2027/1175 5738/2041/1175 5741/2039/1175
f 5732/2026/1174 5736/2026/1174 5737/2037/1174 5733/2037/1174
f 5706/2023/1174 5733/2037/1174 5737/2037/1174 5711/2023/1174
f 5728/2040/1172 5729/2021/1172 5752/2021/1172 5751/2040/1172
f 5694/2014/1172 5728/2040/1172 5751/2040/1172 5702/2014/1172
f 5730/2026/1174 5732/2026/1174 5733/2037/1174 5731/2037/1174
f 5698/2023/1174 5731/2037/1174 5733/2037/1174 5706/2023/1174
f 5702/2014/1172 5751/2040/1172 5734/2040/1172 5708/2014/1172
f 5743/2020/1236 5729/2021/1236 5728/2040/1236 5744/2038/1236
f 5719/2013/1236 5744/2038/1236 5728/2040/1236 5694/2014/1236
f 5730/2026/1236 5731/2037/1236 5743/2020/1236 5744/2038/1236
f 5747/2042/1655 5749/2043/1656 5750/2044/1638 5748/2045/1657
f 5748/2045/1639 5750/2044/1639 5746/2046/1640 5745/2047/1640
f 5754/2048/1658 5755/2049/1658 5749/2043/1642 5747/2042/1642
f 5755/2050/1658 5754/2051/1658 5751/2052/1172 5752/2053/1172
f 5745/2054/1640 5746/2055/1640 5742/2056/1175 5741/2057/1175
f 5747/2058/1655 5748/2059/1657 5738/2060/1654 5734/2052/1654
f 5750/2061/1638 5749/2062/1656 5735/2053/1650 5753/2063/1652
f 5748/2059/1644 5745/2054/1644 5741/2057/1644 5738/2060/1644
f 5746/2055/1645 5750/2061/1659 5753/2063/1645 5742/2056/1659
f 5754/2051/1660 5747/2058/1660 5734/2052/1660 5751/2052/1660
f 5749/2062/1661 5755/2050/1661 5752/2053/1661 5735/2053/1661
f 5781/2012/1236 5783/2013/1236 5758/2014/1236 5757/2015/1236
f 5782/2016/1236 5780/2017/1236 5760/2018/1236 5759/2019/1236
f 5807/2020/1236 5782/2016/1236 5759/2019/1236 5793/2021/1236
f 5785/2012/1662 5765/2015/1663 5766/2014/1663 5787/2013/1662
f 5786/2016/1664 5767/2019/1665 5768/2018/1665 5784/2017/1664
f 5816/2021/1666 5767/2019/1667 5773/2019/1667 5799/2021/1667
f 5781/2012/1380 5757/2015/1380 5765/2015/1380 5785/2012/1380
f 5761/2022/1168 5762/2023/1168 5770/2023/1168 5769/2022/1168
f 5759/2019/1172 5760/2018/1172 5768/2018/1172 5767/2019/1172
f 5756/2024/1174 5763/2025/1174 5771/2025/1174 5764/2024/1174
f 5794/2026/1668 5756/2024/1669 5764/2024/1669 5796/2026/1668
f 5793/2021/1457 5759/2019/1667 5767/2019/1667 5816/2021/1666
f 5780/2017/1354 5761/2022/1354 5769/2022/1354 5784/2017/1354
f 5757/2015/1203 5758/2014/1203 5766/2014/1203 5765/2015/1203
f 5789/2013/1670 5772/2014/1671 5776/2027/1671 5791/2028/1670
f 5786/2016/1354 5770/2023/1354 5775/2023/1354 5788/2016/1354
f 5787/2013/1380 5766/2014/1380 5772/2014/1380 5789/2013/1380
f 5796/2026/1668 5764/2024/1669 5774/2024/1669 5800/2026/1458
f 5806/2029/1175 5817/2030/1175 5777/2031/1175 5790/2032/1175
f 5800/2026/1672 5774/2024/1672 5778/2033/1672 5803/2034/1672
f 5788/2016/1673 5775/2023/1674 5779/2035/1674 5790/2032/1673
f 5799/2021/1675 5773/2019/1676 5777/2031/1676 5817/2030/1677
f 5773/2019/1678 5788/2016/1673 5790/2032/1673 5777/2031/1678
f 5804/2036/1175 5806/2029/1175 5790/2032/1175 5779/2035/1175
f 5764/2024/1380 5787/2013/1380 5789/2013/1380 5774/2024/1380
f 5767/2019/1354 5786/2016/1354 5788/2016/1354 5773/2019/1354
f 5774/2024/1679 5789/2013/1670 5791/2028/1670 5778/2033/1679
f 5760/2018/1354 5780/2017/1354 5784/2017/1354 5768/2018/1354
f 5763/2025/1380 5781/2012/1380 5785/2012/1380 5771/2025/1380
f 5770/2023/1664 5786/2016/1664 5784/2017/1664 5769/2022/1664
f 5771/2025/1680 5785/2012/1662 5787/2013/1662 5764/2024/1662
f 5795/2037/1236 5762/2023/1236 5782/2016/1236 5807/2020/1236
f 5762/2023/1236 5761/2022/1236 5780/2017/1236 5782/2016/1236
f 5763/2025/1236 5756/2024/1236 5783/2013/1236 5781/2012/1236
f 5756/2024/1236 5794/2026/1236 5808/2038/1236 5783/2013/1236
f 5805/2039/1175 5806/2029/1175 5804/2036/1175 5803/2034/1175
f 5778/2033/1175 5791/2028/1175 5805/2039/1175 5803/2034/1175
f 5772/2014/1676 5798/2040/1681 5802/2041/1682 5776/2027/1676
f 5800/2026/1672 5803/2034/1672 5804/2036/1683 5801/2037/1683
f 5775/2023/1684 5801/2037/1683 5804/2036/1683 5779/2035/1684
f 5791/2028/1175 5776/2027/1175 5802/2041/1175 5805/2039/1175
f 5796/2026/1668 5800/2026/1458 5801/2037/1458 5797/2037/1668
f 5770/2023/1669 5797/2037/1668 5801/2037/1458 5775/2023/1669
f 5792/2040/1457 5793/2021/1457 5816/2021/1666 5815/2040/1381
f 5758/2014/1667 5792/2040/1457 5815/2040/1381 5766/2014/1667
f 5794/2026/1668 5796/2026/1668 5797/2037/1668 5795/2037/1352
f 5762/2023/1669 5795/2037/1352 5797/2037/1668 5770/2023/1669
f 5766/2014/1667 5815/2040/1381 5798/2040/1685 5772/2014/1685
f 5807/2020/1236 5793/2021/1236 5792/2040/1236 5808/2038/1236
f 5783/2013/1236 5808/2038/1236 5792/2040/1236 5758/2014/1236
f 5794/2026/1236 5795/2037/1236 5807/2020/1236 5808/2038/1236
f 5811/2042/1686 5813/2043/1687 5814/2044/1688 5812/2045/1689
f 5812/2045/1690 5814/2044/1690 5810/2046/1691 5809/2047/1691
f 5818/2048/1692 5819/2049/1692 5813/2043/1693 5811/2042/1693
f 5819/2050/1692 5818/2051/1692 5815/2052/1381 5816/2053/1666
f 5809/2054/1691 5810/2055/1691 5806/2056/1175 5805/2057/1175
f 5811/2058/1686 5812/2059/1689 5802/2060/1682 5798/2052/1681
f 5814/2061/1688 5813/2062/1687 5799/2053/1675 5817/2063/1677
f 5812/2059/1694 5809/2054/1694 5805/2057/1694 5802/2060/1695
f 5810/2055/1696 5814/2061/1697 5817/2063/1697 5806/2056/1696
f 5818/2051/1698 5811/2058/1698 5798/2052/1698 5815/2052/1698
f 5813/2062/1699 5819/2050/1699 5816/2053/1699 5799/2053/1699
f 5845/2012/1236 5847/2013/1236 5822/2014/1236 5821/2015/1236
f 5846/2016/1236 5844/2017/1236 5824/2018/1236 5823/2019/1236
f 5871/2020/1236 5846/2016/1236 5823/2019/1236 5857/2021/1236
f 5849/2012/1663 5829/2015/1663 5830/2014/1663 5851/2013/1663
f 5850/2016/1664 5831/2019/1665 5832/2018/1665 5848/2017/1664
f 5880/2021/1700 5831/2019/1521 5837/2019/1521 5863/2021/1521
f 5845/2012/1626 5821/2015/1380 5829/2015/1380 5849/2012/1626
f 5825/2022/1168 5826/2023/1168 5834/2023/1168 5833/2022/1168
f 5823/2019/1172 5824/2018/1172 5832/2018/1172 5831/2019/1172
f 5820/2024/1174 5827/2025/1174 5835/2025/1174 5828/2024/1174
f 5858/2026/1352 5820/2024/1352 5828/2024/1352 5860/2026/1352
f 5857/2021/1404 5823/2019/1404 5831/2019/1521 5880/2021/1700
f 5844/2017/1701 5825/2022/1492 5833/2022/1492 5848/2017/1701
f 5821/2015/1203 5822/2014/1203 5830/2014/1203 5829/2015/1203
f 5853/2013/1702 5836/2014/1703 5840/2027/1703 5855/2028/1702
f 5850/2016/1354 5834/2023/1701 5839/2023/1701 5852/2016/1354
f 5851/2013/1380 5830/2014/1380 5836/2014/1380 5853/2013/1380
f 5860/2026/1352 5828/2024/1352 5838/2024/1352 5864/2026/1352
f 5870/2029/1175 5881/2030/1175 5841/2031/1175 5854/2032/1175
f 5864/2026/1672 5838/2024/1672 5842/2033/1672 5867/2034/1672
f 5852/2016/1678 5839/2023/1704 5843/2035/1678 5854/2032/1678
f 5863/2021/1675 5837/2019/1676 5841/2031/1676 5881/2030/1705
f 5837/2019/1706 5852/2016/1678 5854/2032/1678 5841/2031/1706
f 5868/2036/1175 5870/2029/1175 5854/2032/1175 5843/2035/1175
f 5828/2024/1493 5851/2013/1380 5853/2013/1380 5838/2024/1493
f 5831/2019/1354 5850/2016/1354 5852/2016/1354 5837/2019/1354
f 5838/2024/1671 5853/2013/1702 5855/2028/1702 5842/2033/1671
f 5824/2018/1354 5844/2017/1701 5848/2017/1701 5832/2018/1354
f 5827/2025/1626 5845/2012/1626 5849/2012/1626 5835/2025/1626
f 5834/2023/1664 5850/2016/1664 5848/2017/1664 5833/2022/1664
f 5835/2025/1707 5849/2012/1663 5851/2013/1663 5828/2024/1707
f 5859/2037/1236 5826/2023/1236 5846/2016/1236 5871/2020/1236
f 5826/2023/1236 5825/2022/1236 5844/2017/1236 5846/2016/1236
f 5827/2025/1236 5820/2024/1236 5847/2013/1236 5845/2012/1236
f 5820/2024/1236 5858/2026/1236 5872/2038/1236 5847/2013/1236
f 5869/2039/1175 5870/2029/1175 5868/2036/1175 5867/2034/1175
f 5842/2033/1175 5855/2028/1175 5869/2039/1175 5867/2034/1175
f 5836/2014/1708 5862/2040/1681 5866/2041/1681 5840/2027/1709
f 5864/2026/1672 5867/2034/1672 5868/2036/1672 5865/2037/1710
f 5839/2023/1672 5865/2037/1710 5868/2036/1672 5843/2035/1672
f 5855/2028/1175 5840/2027/1175 5866/2041/1175 5869/2039/1175
f 5860/2026/1352 5864/2026/1352 5865/2037/1352 5861/2037/1352
f 5834/2023/1352 5861/2037/1352 5865/2037/1352 5839/2023/1352
f 5856/2040/1404 5857/2021/1404 5880/2021/1700 5879/2040/1700
f 5822/2014/1404 5856/2040/1404 5879/2040/1700 5830/2014/1404
f 5858/2026/1352 5860/2026/1352 5861/2037/1352 5859/2037/1352
f 5826/2023/1352 5859/2037/1352 5861/2037/1352 5834/2023/1352
f 5830/2014/1404 5879/2040/1700 5862/2040/1381 5836/2014/1381
f 5871/2020/1236 5857/2021/1236 5856/2040/1236 5872/2038/1236
f 5847/2013/1236 5872/2038/1236 5856/2040/1236 5822/2014/1236
f 5858/2026/1236 5859/2037/1236 5871/2020/1236 5872/2038/1236
f 5875/2042/1711 5877/2043/1712 5878/2044/1712 5876/2045/1711
f 5876/2045/1690 5878/2044/1690 5874/2046/1691 5873/2047/1691
f 5882/2048/1713 5883/2049/1714 5877/2043/1715 5875/2042/1715
f 5883/2050/1714 5882/2051/1713 5879/2052/1700 5880/2053/1700
f 5873/2054/1691 5874/2055/1691 5870/2056/1175 5869/2057/1175
f 5875/2058/1711 5876/2059/1711 5866/2060/1681 5862/2052/1681
f 5878/2061/1712 5877/2062/1712 5863/2053/1675 5881/2063/1705
f 5876/2059/1716 5873/2054/1716 5869/2057/1716 5866/2060/1716
f 5874/2055/1717 5878/2061/1717 5881/2063/1696 5870/2056/1696
f 5882/2051/1718 5875/2058/1719 5862/2052/1718 5879/2052/1719
f 5877/2062/1720 5883/2050/1721 5880/2053/1720 5863/2053/1720
f 5909/2012/1236 5911/2013/1236 5886/2014/1236 5885/2015/1236
f 5910/2016/1236 5908/2017/1236 5888/2018/1236 5887/2019/1236
f 5935/2020/1236 5910/2016/1236 5887/2019/1236 5921/2021/1236
f 5913/2012/1663 5893/2015/1663 5894/2014/1663 5915/2013/1663
f 5914/2016/1664 5895/2019/1665 5896/2018/1665 5912/2017/1664
f 5944/2021/1381 5895/2019/1667 5901/2019/1667 5927/2021/1667
f 5909/2012/1380 5885/2015/1351 5893/2015/1351 5913/2012/1380
f 5889/2022/1168 5890/2023/1168 5898/2023/1168 5897/2022/1168
f 5887/2019/1172 5888/2018/1172 5896/2018/1172 5895/2019/1172
f 5884/2024/1174 5891/2025/1174 5899/2025/1174 5892/2024/1174
f 5922/2026/1352 5884/2024/1352 5892/2024/1722 5924/2026/1352
f 5921/2021/1457 5887/2019/1667 5895/2019/1667 5944/2021/1381
f 5908/2017/1354 5889/2022/1354 5897/2022/1354 5912/2017/1354
f 5885/2015/1203 5886/2014/1203 5894/2014/1203 5893/2015/1203
f 5917/2013/1723 5900/2014/1724 5904/2027/1724 5919/2028/1723
f 5914/2016/1354 5898/2023/1354 5903/2023/1354 5916/2016/1354
f 5915/2013/1380 5894/2014/1380 5900/2014/1380 5917/2013/1380
f 5924/2026/1352 5892/2024/1722 5902/2024/1668 5928/2026/1352
f 5934/2029/1175 5945/2030/1175 5905/2031/1175 5918/2032/1175
f 5928/2026/1725 5902/2024/1726 5906/2033/1726 5931/2034/1727
f 5916/2016/1728 5903/2023/1728 5907/2035/1728 5918/2032/1728
f 5927/2021/1675 5901/2019/1676 5905/2031/1676 5945/2030/1675
f 5901/2019/1678 5916/2016/1728 5918/2032/1728 5905/2031/1678
f 5932/2036/1175 5934/2029/1175 5918/2032/1175 5907/2035/1175
f 5892/2024/1493 5915/2013/1380 5917/2013/1380 5902/2024/1493
f 5895/2019/1354 5914/2016/1354 5916/2016/1354 5901/2019/1354
f 5902/2024/1723 5917/2013/1723 5919/2028/1723 5906/2033/1723
f 5888/2018/1354 5908/2017/1354 5912/2017/1354 5896/2018/1354
f 5891/2025/1626 5909/2012/1380 5913/2012/1380 5899/2025/1626
f 5898/2023/1664 5914/2016/1664 5912/2017/1664 5897/2022/1664
f 5899/2025/1707 5913/2012/1663 5915/2013/1663 5892/2024/1707
f 5923/2037/1236 5890/2023/1236 5910/2016/1236 5935/2020/1236
f 5890/2023/1236 5889/2022/1236 5908/2017/1236 5910/2016/1236
f 5891/2025/1236 5884/2024/1236 5911/2013/1236 5909/2012/1236
f 5884/2024/1236 5922/2026/1236 5936/2038/1236 5911/2013/1236
f 5933/2039/1175 5934/2029/1175 5932/2036/1175 5931/2034/1175
f 5906/2033/1175 5919/2028/1175 5933/2039/1175 5931/2034/1175
f 5900/2014/1712 5926/2040/1681 5930/2041/1682 5904/2027/1708
f 5928/2026/1725 5931/2034/1727 5932/2036/1683 5929/2037/1683
f 5903/2023/1672 5929/2037/1683 5932/2036/1683 5907/2035/1672
f 5919/2028/1175 5904/2027/1175 5930/2041/1175 5933/2039/1175
f 5924/2026/1352 5928/2026/1352 5929/2037/1458 5925/2037/1458
f 5898/2023/1669 5925/2037/1458 5929/2037/1458 5903/2023/1669
f 5920/2040/1457 5921/2021/1457 5944/2021/1381 5943/2040/1381
f 5886/2014/1667 5920/2040/1457 5943/2040/1381 5894/2014/1667
f 5922/2026/1352 5924/2026/1352 5925/2037/1458 5923/2037/1458
f 5890/2023/1669 5923/2037/1458 5925/2037/1458 5898/2023/1669
f 5894/2014/1667 5943/2040/1381 5926/2040/1685 5900/2014/1685
f 5935/2020/1236 5921/2021/1236 5920/2040/1236 5936/2038/1236
f 5911/2013/1236 5936/2038/1236 5920/2040/1236 5886/2014/1236
f 5922/2026/1236 5923/2037/1236 5935/2020/1236 5936/2038/1236
f 5939/2042/1689 5941/2043/1687 5942/2044/1709 5940/2045/1729
f 5940/2045/1690 5942/2044/1690 5938/2046/1691 5937/2047/1691
f 5946/2048/1730 5947/2049/1730 5941/2043/1731 5939/2042/1731
f 5947/2050/1730 5946/2051/1730 5943/2052/1381 5944/2053/1381
f 5937/2054/1691 5938/2055/1691 5934/2056/1175 5933/2057/1175
f 5939/2058/1689 5940/2059/1729 5930/2060/1682 5926/2052/1681
f 5942/2061/1709 5941/2062/1687 5927/2053/1675 5945/2063/1675
f 5940/2059/1694 5937/2054/1716 5933/2057/1716 5930/2060/1716
f 5938/2055/1696 5942/2061/1696 5945/2063/1696 5934/2056/1717
f 5946/2051/1719 5939/2058/1732 5926/2052/1732 5943/2052/1719
f 5941/2062/1721 5947/2050/1733 5944/2053/1721 5927/2053/1733
f 5973/2012/1236 5975/2013/1236 5950/2014/1236 5949/2015/1236
f 5974/2016/1236 5972/2017/1236 5952/2018/1236 5951/2019/1236
f 5999/2020/1236 5974/2016/1236 5951/2019/1236 5985/2021/1236
f 5977/2012/1350 5957/2015/1350 5958/2014/1350 5979/2013/1350
f 5978/2016/1348 5959/2019/1348 5960/2018/1348 5976/2017/1348
f 6008/2021/1203 5959/2019/1203 5965/2019/1203 5991/2021/1203
f 5973/2012/1174 5949/2015/1174 5957/2015/1174 5977/2012/1174
f 5953/2022/1354 5954/2023/1354 5962/2023/1354 5961/2022/1354
f 5951/2019/1404 5952/2018/1404 5960/2018/1404 5959/2019/1404
f 5948/2024/1352 5955/2025/1352 5963/2025/1352 5956/2024/1352
f 5986/2026/1168 5948/2024/1168 5956/2024/1168 5988/2026/1168
f 5985/2021/1203 5951/2019/1203 5959/2019/1203 6008/2021/1203
f 5972/2017/1172 5953/2022/1172 5961/2022/1172 5976/2017/1172
f 5949/2015/1380 5950/2014/1380 5958/2014/1380 5957/2015/1380
f 5981/2013/1478 5964/2014/1478 5968/2027/1478 5983/2028/1478
f 5978/2016/1172 5962/2023/1172 5967/2023/1172 5980/2016/1172
f 5979/2013/1174 5958/2014/1174 5964/2014/1174 5981/2013/1174
f 5988/2026/1168 5956/2024/1168 5966/2024/1168 5992/2026/1168
f 5998/2029/1175 6009/2030/1175 5969/2031/1175 5982/2032/1175
f 5992/2026/1418 5966/2024/1386 5970/2033/1418 5995/2034/1418
f 5980/2016/1443 5967/2023/1443 5971/2035/1443 5982/2032/1443
f 5991/2021/1425 5965/2019/1481 5969/2031/1425 6009/2030/1425
f 5965/2019/1443 5980/2016/1443 5982/2032/1443 5969/2031/1443
f 5996/2036/1175 5998/2029/1175 5982/2032/1175 5971/2035/1175
f 5956/2024/1174 5979/2013/1174 5981/2013/1174 5966/2024/1174
f 5959/2019/1172 5978/2016/1172 5980/2016/1172 5965/2019/1172
f 5966/2024/1478 5981/2013/1478 5983/2028/1478 5970/2033/1478
f 5952/2018/1172 5972/2017/1172 5976/2017/1172 5960/2018/1172
f 5955/2025/1174 5973/2012/1174 5977/2012/1174 5963/2025/1174
f 5962/2023/1348 5978/2016/1348 5976/2017/1348 5961/2022/1348
f 5963/2025/1350 5977/2012/1350 5979/2013/1350 5956/2024/1350
f 5987/2037/1236 5954/2023/1236 5974/2016/1236 5999/2020/1236
f 5954/2023/1236 5953/2022/1236 5972/2017/1236 5974/2016/1236
f 5955/2025/1236 5948/2024/1236 5975/2013/1236 5973/2012/1236
f 5948/2024/1236 5986/2026/1236 6000/2038/1236 5975/2013/1236
f 5997/2039/1175 5998/2029/1175 5996/2036/1175 5995/2034/1175
f 5970/2033/1175 5983/2028/1175 5997/2039/1175 5995/2034/1175
f 5964/2014/1425 5990/2040/1480 5994/2041/1480 5968/2027/1481
f 5992/2026/1418 5995/2034/1418 5996/2036/1418 5993/2037/1418
f 5967/2023/1418 5993/2037/1418 5996/2036/1418 5971/2035/1386
f 5983/2028/1175 5968/2027/1175 5994/2041/1175 5997/2039/1175
f 5988/2026/1168 5992/2026/1168 5993/2037/1168 5989/2037/1168
f 5962/2023/1168 5989/2037/1168 5993/2037/1168 5967/2023/1168
f 5984/2040/1203 5985/2021/1203 6008/2021/1203 6007/2040/1203
f 5950/2014/1203 5984/2040/1203 6007/2040/1203 5958/2014/1203
f 5986/2026/1168 5988/2026/1168 5989/2037/1168 5987/2037/1168
f 5954/2023/1168 5987/2037/1168 5989/2037/1168 5962/2023/1168
f 5958/2014/1203 6007/2040/1203 5990/2040/1203 5964/2014/1203
f 5999/2020/1236 5985/2021/1236 5984/2040/1236 6000/2038/1236
f 5975/2013/1236 6000/2038/1236 5984/2040/1236 5950/2014/1236
f 5986/2026/1236 5987/2037/1236 5999/2020/1236 6000/2038/1236
f 6003/2042/1425 6005/2043/1425 6006/2044/1425 6004/2045/1425
f 6004/2045/1430 6006/2044/1430 6002/2046/1431 6001/2047/1431
f 6010/2048/1466 6011/2049/1466 6005/2043/1433 6003/2042/1433
f 6011/2050/1466 6010/2051/1466 6007/2052/1203 6008/2053/1203
f 6001/2054/1431 6002/2055/1431 5998/2056/1175 5997/2057/1175
f 6003/2058/1425 6004/2059/1425 5994/2060/1480 5990/2052/1480
f 6006/2061/1425 6005/2062/1425 5991/2053/1425 6009/2063/1425
f 6004/2059/1452 6001/2054/1452 5997/2057/1452 5994/2060/1452
f 6002/2055/1520 6006/2061/1520 6009/2063/1520 5998/2056/1520
f 6010/2051/1524 6003/2058/1524 5990/2052/1524 6007/2052/1524
f 6005/2062/1529 6011/2050/1529 6008/2053/1529 5991/2053/1529
f 6037/2012/1236 6039/2013/1236 6014/2014/1236 6013/2015/1236
f 6038/2016/1236 6036/2017/1236 6016/2018/1236 6015/2019/1236
f 6063/2020/1236 6038/2016/1236 6015/2019/1236 6049/2021/1236
f 6041/2012/1662 6021/2015/1663 6022/2014/1663 6043/2013/1662
f 6042/2016/1734 6023/2019/1734 6024/2018/1734 6040/2017/1734
f 6072/2021/1404 6023/2019/1404 6029/2019/1404 6055/2021/1404
f 6037/2012/1439 6013/2015/1380 6021/2015/1380 6041/2012/1439
f 6017/2022/1168 6018/2023/1168 6026/2023/1168 6025/2022/1168
f 6015/2019/1172 6016/2018/1172 6024/2018/1172 6023/2019/1172
f 6012/2024/1174 6019/2025/1174 6027/2025/1174 6020/2024/1174
f 6050/2026/1352 6012/2024/1352 6020/2024/1352 6052/2026/1352
f 6049/2021/1404 6015/2019/1404 6023/2019/1404 6072/2021/1404
f 6036/2017/1576 6017/2022/1354 6025/2022/1354 6040/2017/1576
f 6013/2015/1203 6014/2014/1203 6022/2014/1203 6021/2015/1203
f 6045/2013/1670 6028/2014/1735 6032/2027/1735 6047/2028/1670
f 6042/2016/1354 6026/2023/1576 6031/2023/1576 6044/2016/1354
f 6043/2013/1380 6022/2014/1380 6028/2014/1380 6045/2013/1380
f 6052/2026/1352 6020/2024/1352 6030/2024/1568 6056/2026/1352
f 6062/2029/1175 6073/2030/1175 6033/2031/1175 6046/2032/1175
f 6056/2026/1672 6030/2024/1736 6034/2033/1736 6059/2034/1672
f 6044/2016/1737 6031/2023/1738 6035/2035/1738 6046/2032/1706
f 6055/2021/1677 6029/2019/1676 6033/2031/1676 6073/2030/1739
f 6029/2019/1737 6044/2016/1737 6046/2032/1706 6033/2031/1737
f 6060/2036/1175 6062/2029/1175 6046/2032/1175 6035/2035/1175
f 6020/2024/1439 6043/2013/1380 6045/2013/1380 6030/2024/1439
f 6023/2019/1354 6042/2016/1354 6044/2016/1354 6029/2019/1354
f 6030/2024/1724 6045/2013/1670 6047/2028/1670 6034/2033/1724
f 6016/2018/1382 6036/2017/1576 6040/2017/1576 6024/2018/1382
f 6019/2025/1351 6037/2012/1439 6041/2012/1439 6027/2025/1351
f 6026/2023/1740 6042/2016/1734 6040/2017/1734 6025/2022/1740
f 6027/2025/1662 6041/2012/1662 6043/2013/1662 6020/2024/1662
f 6051/2037/1236 6018/2023/1236 6038/2016/1236 6063/2020/1236
f 6018/2023/1236 6017/2022/1236 6036/2017/1236 6038/2016/1236
f 6019/2025/1236 6012/2024/1236 6039/2013/1236 6037/2012/1236
f 6012/2024/1236 6050/2026/1236 6064/2038/1236 6039/2013/1236
f 6061/2039/1175 6062/2029/1175 6060/2036/1175 6059/2034/1175
f 6034/2033/1175 6047/2028/1175 6061/2039/1175 6059/2034/1175
f 6028/2014/1741 6054/2040/1742 6058/2041/1682 6032/2027/1741
f 6056/2026/1672 6059/2034/1672 6060/2036/1672 6057/2037/1672
f 6031/2023/1683 6057/2037/1672 6060/2036/1672 6035/2035/1683
f 6047/2028/1175 6032/2027/1175 6058/2041/1175 6061/2039/1175
f 6052/2026/1352 6056/2026/1352 6057/2037/1352 6053/2037/1352
f 6026/2023/1352 6053/2037/1352 6057/2037/1352 6031/2023/1668
f 6048/2040/1404 6049/2021/1404 6072/2021/1404 6071/2040/1404
f 6014/2014/1404 6048/2040/1404 6071/2040/1404 6022/2014/1404
f 6050/2026/1352 6052/2026/1352 6053/2037/1352 6051/2037/1352
f 6018/2023/1352 6051/2037/1352 6053/2037/1352 6026/2023/1352
f 6022/2014/1404 6071/2040/1404 6054/2040/1404 6028/2014/1404
f 6063/2020/1236 6049/2021/1236 6048/2040/1236 6064/2038/1236
f 6039/2013/1236 6064/2038/1236 6048/2040/1236 6014/2014/1236
f 6050/2026/1236 6051/2037/1236 6063/2020/1236 6064/2038/1236
f 6067/2042/1743 6069/2043/1744 6070/2044/1745 6068/2045/1676
f 6068/2045/1690 6070/2044/1690 6066/2046/1691 6065/2047/1691
f 6074/2048/1746 6075/2049/1747 6069/2043/1693 6067/2042/1693
f 6075/2050/1747 6074/2051/1746 6071/2052/1404 6072/2053/1404
f 6065/2054/1691 6066/2055/1691 6062/2056/1175 6061/2057/1175
f 6067/2058/1743 6068/2059/1676 6058/2060/1682 6054/2052/1742
f 6070/2061/1745 6069/2062/1744 6055/2053/1677 6073/2063/1739
f 6068/2059/1748 6065/2054/1749 6061/2057/1750 6058/2060/1749
f 6066/2055/1696 6070/2061/1696 6073/2063/1696 6062/2056/1696
f 6074/2051/1751 6067/2058/1751 6054/2052/1751 6071/2052/1751
f 6069/2062/1733 6075/2050/1733 6072/2053/1733 6055/2053/1733
f 6101/2012/1236 6103/2013/1236 6078/2014/1236 6077/2015/1236
f 6102/2016/1236 6100/2017/1236 6080/2018/1236 6079/2019/1236
f 6127/2020/1236 6102/2016/1236 6079/2019/1236 6113/2021/1236
f 6105/2012/1663 6085/2015/1680 6086/2014/1680 6107/2013/1663
f 6106/2016/1664 6087/2019/1734 6088/2018/1734 6104/2017/1664
f 6136/2021/1752 6087/2019/1753 6093/2019/1753 6119/2021/1753
f 6101/2012/1380 6077/2015/1380 6085/2015/1380 6105/2012/1380
f 6081/2022/1168 6082/2023/1168 6090/2023/1168 6089/2022/1168
f 6079/2019/1172 6080/2018/1172 6088/2018/1172 6087/2019/1172
f 6076/2024/1174 6083/2025/1174 6091/2025/1174 6084/2024/1174
f 6114/2026/1584 6076/2024/1754 6084/2024/1754 6116/2026/1568
f 6113/2021/1353 6079/2019/1753 6087/2019/1753 6136/2021/1752
f 6100/2017/1354 6081/2022/1492 6089/2022/1492 6104/2017/1354
f 6077/2015/1203 6078/2014/1203 6086/2014/1203 6085/2015/1203
f 6109/2013/1703 6092/2014/1703 6096/2027/1703 6111/2028/1703
f 6106/2016/1354 6090/2023/1354 6095/2023/1354 6108/2016/1354
f 6107/2013/1380 6086/2014/1380 6092/2014/1380 6109/2013/1380
f 6116/2026/1568 6084/2024/1754 6094/2024/1722 6120/2026/1568
f 6126/2029/1175 6137/2030/1175 6097/2031/1175 6110/2032/1175
f 6120/2026/1672 6094/2024/1736 6098/2033/1736 6123/2034/1683
f 6108/2016/1755 6095/2023/1738 6099/2035/1738 6110/2032/1755
f 6119/2021/1756 6093/2019/1676 6097/2031/1676 6137/2030/1757
f 6093/2019/1758 6108/2016/1755 6110/2032/1755 6097/2031/1758
f 6124/2036/1175 6126/2029/1175 6110/2032/1175 6099/2035/1175
f 6084/2024/1380 6107/2013/1380 6109/2013/1380 6094/2024/1380
f 6087/2019/1354 6106/2016/1354 6108/2016/1354 6093/2019/1354
f 6094/2024/1703 6109/2013/1703 6111/2028/1703 6098/2033/1703
f 6080/2018/1382 6100/2017/1354 6104/2017/1354 6088/2018/1382
f 6083/2025/1380 6101/2012/1380 6105/2012/1380 6091/2025/1380
f 6090/2023/1665 6106/2016/1664 6104/2017/1664 6089/2022/1665
f 6091/2025/1662 6105/2012/1663 6107/2013/1663 6084/2024/1662
f 6115/2037/1236 6082/2023/1236 6102/2016/1236 6127/2020/1236
f 6082/2023/1236 6081/2022/1236 6100/2017/1236 6102/2016/1236
f 6083/2025/1236 6076/2024/1236 6103/2013/1236 6101/2012/1236
f 6076/2024/1236 6114/2026/1236 6128/2038/1236 6103/2013/1236
f 6125/2039/1175 6126/2029/1175 6124/2036/1175 6123/2034/1175
f 6098/2033/1175 6111/2028/1175 6125/2039/1175 6123/2034/1175
f 6092/2014/1759 6118/2040/1682 6122/2041/1688 6096/2027/1759
f 6120/2026/1672 6123/2034/1683 6124/2036/1760 6121/2037/1725
f 6095/2023/1761 6121/2037/1725 6124/2036/1760 6099/2035/1761
f 6111/2028/1175 6096/2027/1175 6122/2041/1175 6125/2039/1175
f 6116/2026/1568 6120/2026/1568 6121/2037/1352 6117/2037/1352
f 6090/2023/1754 6117/2037/1352 6121/2037/1352 6095/2023/1754
f 6112/2040/1353 6113/2021/1353 6136/2021/1752 6135/2040/1752
f 6078/2014/1753 6112/2040/1353 6135/2040/1752 6086/2014/1753
f 6114/2026/1584 6116/2026/1568 6117/2037/1352 6115/2037/1584
f 6082/2023/1754 6115/2037/1584 6117/2037/1352 6090/2023/1754
f 6086/2014/1753 6135/2040/1752 6118/2040/1753 6092/2014/1753
f 6127/2020/1236 6113/2021/1236 6112/2040/1236 6128/2038/1236
f 6103/2013/1236 6128/2038/1236 6112/2040/1236 6078/2014/1236
f 6114/2026/1236 6115/2037/1236 6127/2020/1236 6128/2038/1236
f 6131/2042/1762 6133/2043/1763 6134/2044/1764 6132/2045/1762
f 6132/2045/1690 6134/2044/1690 6130/2046/1691 6129/2047/1691
f 6138/2048/1765 6139/2049/1766 6133/2043/1715 6131/2042/1715
f 6139/2050/1766 6138/2051/1765 6135/2052/1752 6136/2053/1752
f 6129/2054/1691 6130/2055/1691 6126/2056/1175 6125/2057/1175
f 6131/2058/1762 6132/2059/1762 6122/2060/1688 6118/2052/1682
f 6134/2061/1764 6133/2062/1763 6119/2053/1756 6137/2063/1757
f 6132/2059/1694 6129/2054/1749 6125/2057/1694 6122/2060/1694
f 6130/2055/1696 6134/2061/1696 6137/2063/1696 6126/2056/1696
f 6138/2051/1719 6131/2058/1719 6118/2052/1719 6135/2052/1719
f 6133/2062/1720 6139/2050/1721 6136/2053/1720 6119/2053/1720
f 6165/2012/1236 6167/2013/1236 6142/2014/1236 6141/2015/1236
f 6166/2016/1236 6164/2017/1236 6144/2018/1236 6143/2019/1236
f 6191/2020/1236 6166/2016/1236 6143/2019/1236 6177/2021/1236
f 6169/2012/1663 6149/2015/1663 6150/2014/1663 6171/2013/1663
f 6170/2016/1734 6151/2019/1734 6152/2018/1734 6168/2017/1734
f 6200/2021/1404 6151/2019/1404 6157/2019/1404 6183/2021/1404
f 6165/2012/1439 6141/2015/1351 6149/2015/1351 6169/2012/1439
f 6145/2022/1168 6146/2023/1168 6154/2023/1168 6153/2022/1168
f 6143/2019/1172 6144/2018/1172 6152/2018/1172 6151/2019/1172
f 6140/2024/1174 6147/2025/1174 6155/2025/1174 6148/2024/1174
f 6178/2026/1352 6140/2024/1352 6148/2024/1352 6180/2026/1352
f 6177/2021/1404 6143/2019/1404 6151/2019/1404 6200/2021/1404
f 6164/2017/1576 6145/2022/1354 6153/2022/1354 6168/2017/1576
f 6141/2015/1203 6142/2014/1203 6150/2014/1203 6149/2015/1203
f 6173/2013/1767 6156/2014/1768 6160/2027/1768 6175/2028/1723
f 6170/2016/1354 6154/2023/1576 6159/2023/1576 6172/2016/1354
f 6171/2013/1380 6150/2014/1439 6156/2014/1439 6173/2013/1380
f 6180/2026/1352 6148/2024/1352 6158/2024/1568 6184/2026/1352
f 6190/2029/1175 6201/2030/1175 6161/2031/1175 6174/2032/1175
f 6184/2026/1769 6158/2024/1736 6162/2033/1736 6187/2034/1672
f 6172/2016/1704 6159/2023/1674 6163/2035/1674 6174/2032/1755
f 6183/2021/1712 6157/2019/1770 6161/2031/1770 6201/2030/1764
f 6157/2019/1771 6172/2016/1704 6174/2032/1755 6161/2031/1771
f 6188/2036/1175 6190/2029/1175 6174/2032/1175 6163/2035/1175
f 6148/2024/1380 6171/2013/1380 6173/2013/1380 6158/2024/1380
f 6151/2019/1354 6170/2016/1354 6172/2016/1354 6157/2019/1354
f 6158/2024/1772 6173/2013/1767 6175/2028/1723 6162/2033/1772
f 6144/2018/1382 6164/2017/1576 6168/2017/1576 6152/2018/1382
f 6147/2025/1380 6165/2012/1439 6169/2012/1439 6155/2025/1380
f 6154/2023/1740 6170/2016/1734 6168/2017/1734 6153/2022/1740
f 6155/2025/1663 6169/2012/1663 6171/2013/1663 6148/2024/1663
f 6179/2037/1236 6146/2023/1236 6166/2016/1236 6191/2020/1236
f 6146/2023/1236 6145/2022/1236 6164/2017/1236 6166/2016/1236
f 6147/2025/1236 6140/2024/1236 6167/2013/1236 6165/2012/1236
f 6140/2024/1236 6178/2026/1236 6192/2038/1236 6167/2013/1236
f 6189/2039/1175 6190/2029/1175 6188/2036/1175 6187/2034/1175
f 6162/2033/1175 6175/2028/1175 6189/2039/1175 6187/2034/1175
f 6156/2014/1675 6182/2040/1773 6186/2041/1774 6160/2027/1675
f 6184/2026/1769 6187/2034/1672 6188/2036/1769 6185/2037/1736
f 6159/2023/1775 6185/2037/1736 6188/2036/1769 6163/2035/1775
f 6175/2028/1175 6160/2027/1175 6186/2041/1175 6189/2039/1175
f 6180/2026/1352 6184/2026/1352 6185/2037/1352 6181/2037/1352
f 6154/2023/1668 6181/2037/1352 6185/2037/1352 6159/2023/1668
f 6176/2040/1404 6177/2021/1404 6200/2021/1404 6199/2040/1404
f 6142/2014/1404 6176/2040/1404 6199/2040/1404 6150/2014/1404
f 6178/2026/1352 6180/2026/1352 6181/2037/1352 6179/2037/1352
f 6146/2023/1352 6179/2037/1352 6181/2037/1352 6154/2023/1668
f 6150/2014/1404 6199/2040/1404 6182/2040/1404 6156/2014/1404
f 6191/2020/1236 6177/2021/1236 6176/2040/1236 6192/2038/1236
f 6167/2013/1236 6192/2038/1236 6176/2040/1236 6142/2014/1236
f 6178/2026/1236 6179/2037/1236 6191/2020/1236 6192/2038/1236
f 6195/2042/1776 6197/2043/1745 6198/2044/1745 6196/2045/1777
f 6196/2045/1690 6198/2044/1690 6194/2046/1691 6193/2047/1691
f 6202/2048/1778 6203/2049/1778 6197/2043/1779 6195/2042/1779
f 6203/2050/1778 6202/2051/1778 6199/2052/1404 6200/2053/1404
f 6193/2054/1691 6194/2055/1691 6190/2056/1175 6189/2057/1175
f 6195/2058/1776 6196/2059/1777 6186/2060/1774 6182/2052/1773
f 6198/2061/1745 6197/2062/1745 6183/2053/1712 6201/2063/1764
f 6196/2059/1694 6193/2054/1694 6189/2057/1694 6186/2060/1694
f 6194/2055/1696 6198/2061/1696 6201/2063/1697 6190/2056/1696
f 6202/2051/1780 6195/2058/1781 6182/2052/1780 6199/2052/1780
f 6197/2062/1733 6203/2050/1733 6200/2053/1733 6183/2053/1733
f 6229/2012/1236 6231/2013/1236 6206/2014/1236 6205/2015/1236
f 6230/2016/1236 6228/2017/1236 6208/2018/1236 6207/2019/1236
f 6255/2020/1236 6230/2016/1236 6207/2019/1236 6241/2021/1236
f 6233/2012/1663 6213/2015/1782 6214/2014/1782 6235/2013/1663
f 6234/2016/1783 6215/2019/1784 6216/2018/1784 6232/2017/1783
f 6264/2021/1404 6215/2019/1521 6221/2019/1353 6247/2021/1353
f 6229/2012/1439 6205/2015/1380 6213/2015/1380 6233/2012/1439
f 6209/2022/1168 6210/2023/1168 6218/2023/1168 6217/2022/1168
f 6207/2019/1172 6208/2018/1172 6216/2018/1172 6215/2019/1172
f 6204/2024/1174 6211/2025/1174 6219/2025/1174 6212/2024/1174
f 6242/2026/1458 6204/2024/1722 6212/2024/1785 6244/2026/1458
f 6241/2021/1404 6207/2019/1404 6215/2019/1521 6264/2021/1404
f 6228/2017/1354 6209/2022/1492 6217/2022/1492 6232/2017/1354
f 6205/2015/1203 6206/2014/1203 6214/2014/1203 6213/2015/1203
f 6237/2013/1703 6220/2014/1786 6224/2027/1786 6239/2028/1703
f 6234/2016/1354 6218/2023/1354 6223/2023/1354 6236/2016/1354
f 6235/2013/1380 6214/2014/1380 6220/2014/1380 6237/2013/1380
f 6244/2026/1458 6212/2024/1785 6222/2024/1787 6248/2026/1458
f 6254/2029/1175 6265/2030/1175 6225/2031/1175 6238/2032/1175
f 6248/2026/1788 6222/2024/1789 6226/2033/1789 6251/2034/1790
f 6236/2016/1791 6223/2023/1792 6227/2035/1792 6238/2032/1791
f 6247/2021/1793 6221/2019/1689 6225/2031/1689 6265/2030/1794
f 6221/2019/1704 6236/2016/1791 6238/2032/1791 6225/2031/1704
f 6252/2036/1175 6254/2029/1175 6238/2032/1175 6227/2035/1175
f 6212/2024/1380 6235/2013/1380 6237/2013/1380 6222/2024/1380
f 6215/2019/1354 6234/2016/1354 6236/2016/1354 6221/2019/1354
f 6222/2024/1724 6237/2013/1703 6239/2028/1703 6226/2033/1724
f 6208/2018/1354 6228/2017/1354 6232/2017/1354 6216/2018/1354
f 6211/2025/1351 6229/2012/1439 6233/2012/1439 6219/2025/1351
f 6218/2023/1783 6234/2016/1783 6232/2017/1783 6217/2022/1783
f 6219/2025/1663 6233/2012/1663 6235/2013/1663 6212/2024/1663
f 6243/2037/1236 6210/2023/1236 6230/2016/1236 6255/2020/1236
f 6210/2023/1236 6209/2022/1236 6228/2017/1236 6230/2016/1236
f 6211/2025/1236 6204/2024/1236 6231/2013/1236 6229/2012/1236
f 6204/2024/1236 6242/2026/1236 6256/2038/1236 6231/2013/1236
f 6253/2039/1175 6254/2029/1175 6252/2036/1175 6251/2034/1175
f 6226/2033/1175 6239/2028/1175 6253/2039/1175 6251/2034/1175
f 6220/2014/1795 6246/2040/1764 6250/2041/1729 6224/2027/1795
f 6248/2026/1788 6251/2034/1790 6252/2036/1796 6249/2037/1796
f 6223/2023/1797 6249/2037/1796 6252/2036/1796 6227/2035/1797
f 6239/2028/1175 6224/2027/1175 6250/2041/1175 6253/2039/1175
f 6244/2026/1458 6248/2026/1458 6249/2037/1352 6245/2037/1352
f 6218/2023/1352 6245/2037/1352 6249/2037/1352 6223/2023/1352
f 6240/2040/1353 6241/2021/1404 6264/2021/1404 6263/2040/1353
f 6206/2014/1798 6240/2040/1353 6263/2040/1353 6214/2014/1798
f 6242/2026/1458 6244/2026/1458 6245/2037/1352 6243/2037/1352
f 6210/2023/1352 6243/2037/1352 6245/2037/1352 6218/2023/1352
f 6214/2014/1798 6263/2040/1353 6246/2040/1798 6220/2014/1798
f 6255/2020/1236 6241/2021/1236 6240/2040/1236 6256/2038/1236
f 6231/2013/1236 6256/2038/1236 6240/2040/1236 6206/2014/1236
f 6242/2026/1236 6243/2037/1236 6255/2020/1236 6256/2038/1236
f 6259/2042/1799 6261/2043/1800 6262/2044/1688 6260/2045/1801
f 6260/2045/1802 6262/2044/1802 6258/2046/1803 6257/2047/1803
f 6266/2048/1804 6267/2049/1804 6261/2043/1805 6259/2042/1805
f 6267/2050/1804 6266/2051/1804 6263/2052/1353 6264/2053/1404
f 6257/2054/1803 6258/2055/1803 6254/2056/1175 6253/2057/1175
f 6259/2058/1799 6260/2059/1801 6250/2060/1729 6246/2052/1764
f 6262/2061/1688 6261/2062/1800 6247/2053/1793 6265/2063/1794
f 6260/2059/1806 6257/2054/1806 6253/2057/1806 6250/2060/1806
f 6258/2055/1697 6262/2061/1697 6265/2063/1697 6254/2056/1697
f 6266/2051/1807 6259/2058/1808 6246/2052/1807 6263/2052/1807
f 6261/2062/1809 6267/2050/1809 6264/2053/1809 6247/2053/1809
f 6293/2012/1236 6295/2013/1236 6270/2014/1236 6269/2015/1236
f 6294/2016/1236 6292/2017/1236 6272/2018/1236 6271/2019/1236
f 6319/2020/1236 6294/2016/1236 6271/2019/1236 6305/2021/1236
f 6297/2012/1810 6277/2015/1810 6278/2014/1810 6299/2013/1810
f 6298/2016/1811 6279/2019/1811 6280/2018/1811 6296/2017/1811
f 6328/2021/1382 6279/2019/1812 6285/2019/1812 6311/2021/1812
f 6293/2012/1404 6269/2015/1404 6277/2015/1404 6297/2012/1404
f 6273/2022/1174 6274/2023/1174 6282/2023/1174 6281/2022/1174
f 6271/2019/1168 6272/2018/1168 6280/2018/1168 6279/2019/1168
f 6268/2024/1203 6275/2025/1203 6283/2025/1203 6276/2024/1203
f 6306/2026/1380 6268/2024/1439 6276/2024/1351 6308/2026/1380
f 6305/2021/1354 6271/2019/1812 6279/2019/1812 6328/2021/1382
f 6292/2017/1352 6273/2022/1352 6281/2022/1352 6296/2017/1352
f 6269/2015/1172 6270/2014/1172 6278/2014/1172 6277/2015/1172
f 6301/2013/1813 6284/2014/1814 6288/2027/1814 6303/2028/1815
f 6298/2016/1352 6282/2023/1352 6287/2023/1352 6300/2016/1352
f 6299/2013/1404 6278/2014/1404 6284/2014/1404 6301/2013/1404
f 6308/2026/1380 6276/2024/1351 6286/2024/1351 6312/2026/1380
f 6318/2029/1175 6329/2030/1175 6289/2031/1175 6302/2032/1175
f 6312/2026/1816 6286/2024/1817 6290/2033/1817 6315/2034/1816
f 6300/2016/1818 6287/2023/1818 6291/2035/1818 6302/2032/1818
f 6311/2021/1819 6285/2019/1820 6289/2031/1821 6329/2030/1822
f 6285/2019/1823 6300/2016/1818 6302/2032/1818 6289/2031/1823
f 6316/2036/1175 6318/2029/1175 6302/2032/1175 6291/2035/1175
f 6276/2024/1404 6299/2013/1404 6301/2013/1404 6286/2024/1404
f 6279/2019/1352 6298/2016/1352 6300/2016/1352 6285/2019/1352
f 6286/2024/1824 6301/2013/1813 6303/2028/1815 6290/2033/1824
f 6272/2018/1352 6292/2017/1352 6296/2017/1352 6280/2018/1352
f 6275/2025/1404 6293/2012/1404 6297/2012/1404 6283/2025/1404
f 6282/2023/1811 6298/2016/1811 6296/2017/1811 6281/2022/1811
f 6283/2025/1810 6297/2012/1810 6299/2013/1810 6276/2024/1810
f 6307/2037/1236 6274/2023/1236 6294/2016/1236 6319/2020/1236
f 6274/2023/1236 6273/2022/1236 6292/2017/1236 6294/2016/1236
f 6275/2025/1236 6268/2024/1236 6295/2013/1236 6293/2012/1236
f 6268/2024/1236 6306/2026/1236 6320/2038/1236 6295/2013/1236
f 6317/2039/1175 6318/2029/1175 6316/2036/1175 6315/2034/1175
f 6290/2033/1175 6303/2028/1175 6317/2039/1175 6315/2034/1175
f 6284/2014/1820 6310/2040/1825 6314/2041/1826 6288/2027/1820
f 6312/2026/1816 6315/2034/1816 6316/2036/1827 6313/2037/1816
f 6287/2023/1828 6313/2037/1816 6316/2036/1827 6291/2035/1829
f 6303/2028/1175 6288/2027/1175 6314/2041/1175 6317/2039/1175
f 6308/2026/1380 6312/2026/1380 6313/2037/1380 6309/2037/1380
f 6282/2023/1380 6309/2037/1380 6313/2037/1380 6287/2023/1626
f 6304/2040/1354 6305/2021/1354 6328/2021/1382 6327/2040/1354
f 6270/2014/1576 6304/2040/1354 6327/2040/1354 6278/2014/1354
f 6306/2026/1380 6308/2026/1380 6309/2037/1380 6307/2037/1380
f 6274/2023/1380 6307/2037/1380 6309/2037/1380 6282/2023/1380
f 6278/2014/1354 6327/2040/1354 6310/2040/1354 6284/2014/1354
f 6319/2020/1236 6305/2021/1236 6304/2040/1236 6320/2038/1236
f 6295/2013/1236 6320/2038/1236 6304/2040/1236 6270/2014/1236
f 6306/2026/1236 6307/2037/1236 6319/2020/1236 6320/2038/1236
f 6323/2042/1830 6325/2043/1831 6326/2044/1832 6324/2045/1833
f 6324/2045/1834 6326/2044/1834 6322/2046/1835 6321/2047/1835
f 6330/2048/1836 6331/2049/1836 6325/2043/1837 6323/2042/1837
f 6331/2050/1836 6330/2051/1836 6327/2052/1354 6328/2053/1382
f 6321/2054/1835 6322/2055/1835 6318/2056/1175 6317/2057/1175
f 6323/2058/1830 6324/2059/1833 6314/2060/1826 6310/2052/1825
f 6326/2061/1832 6325/2062/1831 6311/2053/1819 6329/2063/1822
f 6324/2059/1838 6321/2054/1838 6317/2057/1838 6314/2060/1838
f 6322/2055/1839 6326/2061/1839 6329/2063/1839 6318/2056/1839
f 6330/2051/1840 6323/2058/1841 6310/2052/1841 6327/2052/1842
f 6325/2062/1843 6331/2050/1843 6328/2053/1843 6311/2053/1843
f 6357/2012/1236 6359/2013/1236 6334/2014/1236 6333/2015/1236
f 6358/2016/1236 6356/2017/1236 6336/2018/1236 6335/2019/1236
f 6383/2020/1236 6358/2016/1236 6335/2019/1236 6369/2021/1236
f 6361/2012/1844 6341/2015/1844 6342/2014/1844 6363/2013/1844
f 6362/2016/1782 6343/2019/1782 6344/2018/1782 6360/2017/1782
f 6392/2021/1568 6343/2019/1568 6349/2019/1845 6375/2021/1845
f 6357/2012/1354 6333/2015/1354 6341/2015/1354 6361/2012/1354
f 6337/2022/1203 6338/2023/1203 6346/2023/1203 6345/2022/1203
f 6335/2019/1174 6336/2018/1174 6344/2018/1174 6343/2019/1174
f 6332/2024/1172 6339/2025/1172 6347/2025/1172 6340/2024/1172
f 6370/2026/1521 6332/2024/1846 6340/2024/1353 6372/2026/1404
f 6369/2021/1352 6335/2019/1568 6343/2019/1568 6392/2021/1568
f 6356/2017/1351 6337/2022/1351 6345/2022/1351 6360/2017/1351
f 6333/2015/1168 6334/2014/1168 6342/2014/1168 6341/2015/1168
f 6365/2013/1704 6348/2014/1847 6352/2027/1847 6367/2028/1704
f 6362/2016/1380 6346/2023/1380 6351/2023/1380 6364/2016/1380
f 6363/2013/1354 6342/2014/1354 6348/2014/1354 6365/2013/1354
f 6372/2026/1404 6340/2024/1353 6350/2024/1521 6376/2026/1404
f 6382/2029/1175 6393/2030/1175 6353/2031/1175 6366/2032/1175
f 6376/2026/1729 6350/2024/1686 6354/2033/1686 6379/2034/1729
f 6364/2016/1848 6351/2023/1768 6355/2035/1768 6366/2032/1848
f 6375/2021/1849 6349/2019/1849 6353/2031/1849 6393/2030/1849
f 6349/2019/1724 6364/2016/1848 6366/2032/1848 6353/2031/1724
f 6380/2036/1175 6382/2029/1175 6366/2032/1175 6355/2035/1175
f 6340/2024/1354 6363/2013/1354 6365/2013/1354 6350/2024/1354
f 6343/2019/1380 6362/2016/1380 6364/2016/1380 6349/2019/1380
f 6350/2024/1678 6365/2013/1704 6367/2028/1704 6354/2033/1678
f 6336/2018/1380 6356/2017/1351 6360/2017/1351 6344/2018/1380
f 6339/2025/1382 6357/2012/1354 6361/2012/1354 6347/2025/1382
f 6346/2023/1782 6362/2016/1782 6360/2017/1782 6345/2022/1782
f 6347/2025/1844 6361/2012/1844 6363/2013/1844 6340/2024/1844
f 6371/2037/1236 6338/2023/1236 6358/2016/1236 6383/2020/1236
f 6338/2023/1236 6337/2022/1236 6356/2017/1236 6358/2016/1236
f 6339/2025/1236 6332/2024/1236 6359/2013/1236 6357/2012/1236
f 6332/2024/1236 6370/2026/1236 6384/2038/1236 6359/2013/1236
f 6381/2039/1175 6382/2029/1175 6380/2036/1175 6379/2034/1175
f 6354/2033/1175 6367/2028/1175 6381/2039/1175 6379/2034/1175
f 6348/2014/1850 6374/2040/1684 6378/2041/1684 6352/2027/1850
f 6376/2026/1729 6379/2034/1729 6380/2036/1688 6377/2037/1851
f 6351/2023/1712 6377/2037/1851 6380/2036/1688 6355/2035/1712
f 6367/2028/1175 6352/2027/1175 6378/2041/1175 6381/2039/1175
f 6372/2026/1404 6376/2026/1404 6377/2037/1353 6373/2037/1353
f 6346/2023/1753 6373/2037/1353 6377/2037/1353 6351/2023/1852
f 6368/2040/1458 6369/2021/1352 6392/2021/1568 6391/2040/1458
f 6334/2014/1458 6368/2040/1458 6391/2040/1458 6342/2014/1458
f 6370/2026/1521 6372/2026/1404 6373/2037/1353 6371/2037/1353
f 6338/2023/1753 6371/2037/1353 6373/2037/1353 6346/2023/1753
f 6342/2014/1458 6391/2040/1458 6374/2040/1853 6348/2014/1853
f 6383/2020/1236 6369/2021/1236 6368/2040/1236 6384/2038/1236
f 6359/2013/1236 6384/2038/1236 6368/2040/1236 6334/2014/1236
f 6370/2026/1236 6371/2037/1236 6383/2020/1236 6384/2038/1236
f 6387/2042/1683 6389/2043/1727 6390/2044/1760 6388/2045/1683
f 6388/2045/1854 6390/2044/1854 6386/2046/1855 6385/2047/1855
f 6394/2048/1856 6395/2049/1857 6389/2043/1858 6387/2042/1858
f 6395/2050/1857 6394/2051/1856 6391/2052/1458 6392/2053/1568
f 6385/2054/1855 6386/2055/1855 6382/2056/1175 6381/2057/1175
f 6387/2058/1683 6388/2059/1683 6378/2060/1684 6374/2052/1684
f 6390/2061/1760 6389/2062/1727 6375/2053/1849 6393/2063/1849
f 6388/2059/1859 6385/2054/1859 6381/2057/1859 6378/2060/1859
f 6386/2055/1860 6390/2061/1860 6393/2063/1860 6382/2056/1860
f 6394/2051/1861 6387/2058/1861 6374/2052/1861 6391/2052/1861
f 6389/2062/1862 6395/2050/1862 6392/2053/1862 6375/2053/1862
f 6421/2012/1236 6423/2013/1236 6398/2014/1236 6397/2015/1236
f 6422/2016/1236 6420/2017/1236 6400/2018/1236 6399/2019/1236
f 6447/2020/1236 6422/2016/1236 6399/2019/1236 6433/2021/1236
f 6425/2012/1597 6405/2015/1597 6406/2014/1597 6427/2013/1597
f 6426/2016/1598 6407/2019/1598 6408/2018/1598 6424/2017/1598
f 6456/2021/1174 6407/2019/1174 6413/2019/1174 6439/2021/1174
f 6421/2012/1168 6397/2015/1168 6405/2015/1168 6425/2012/1168
f 6401/2022/1404 6402/2023/1404 6410/2023/1404 6409/2022/1404
f 6399/2019/1380 6400/2018/1380 6408/2018/1380 6407/2019/1380
f 6396/2024/1354 6403/2025/1354 6411/2025/1354 6404/2024/1354
f 6434/2026/1172 6396/2024/1172 6404/2024/1172 6436/2026/1172
f 6433/2021/1174 6399/2019/1174 6407/2019/1174 6456/2021/1174
f 6420/2017/1203 6401/2022/1203 6409/2022/1203 6424/2017/1203
f 6397/2015/1352 6398/2014/1352 6406/2014/1352 6405/2015/1352
f 6429/2013/1863 6412/2014/1863 6416/2027/1863 6431/2028/1863
f 6426/2016/1203 6410/2023/1203 6415/2023/1203 6428/2016/1203
f 6427/2013/1168 6406/2014/1168 6412/2014/1168 6429/2013/1168
f 6436/2026/1172 6404/2024/1172 6414/2024/1172 6440/2026/1172
f 6446/2029/1175 6457/2030/1175 6417/2031/1175 6430/2032/1175
f 6440/2026/1864 6414/2024/1865 6418/2033/1865 6443/2034/1864
f 6428/2016/1866 6415/2023/1620 6419/2035/1620 6430/2032/1866
f 6439/2021/1867 6413/2019/1622 6417/2031/1622 6457/2030/1867
f 6413/2019/1866 6428/2016/1866 6430/2032/1866 6417/2031/1866
f 6444/2036/1175 6446/2029/1175 6430/2032/1175 6419/2035/1175
f 6404/2024/1168 6427/2013/1168 6429/2013/1168 6414/2024/1168
f 6407/2019/1203 6426/2016/1203 6428/2016/1203 6413/2019/1203
f 6414/2024/1618 6429/2013/1863 6431/2028/1863 6418/2033/1618
f 6400/2018/1203 6420/2017/1203 6424/2017/1203 6408/2018/1203
f 6403/2025/1168 6421/2012/1168 6425/2012/1168 6411/2025/1168
f 6410/2023/1598 6426/2016/1598 6424/2017/1598 6409/2022/1598
f 6411/2025/1597 6425/2012/1597 6427/2013/1597 6404/2024/1597
f 6435/2037/1236 6402/2023/1236 6422/2016/1236 6447/2020/1236
f 6402/2023/1236 6401/2022/1236 6420/2017/1236 6422/2016/1236
f 6403/2025/1236 6396/2024/1236 6423/2013/1236 6421/2012/1236
f 6396/2024/1236 6434/2026/1236 6448/2038/1236 6423/2013/1236
f 6445/2039/1175 6446/2029/1175 6444/2036/1175 6443/2034/1175
f 6418/2033/1175 6431/2028/1175 6445/2039/1175 6443/2034/1175
f 6412/2014/1607 6438/2040/1868 6442/2041/1868 6416/2027/1607
f 6440/2026/1864 6443/2034/1864 6444/2036/1869 6441/2037/1869
f 6415/2023/1869 6441/2037/1869 6444/2036/1869 6419/2035/1869
f 6431/2028/1175 6416/2027/1175 6442/2041/1175 6445/2039/1175
f 6436/2026/1172 6440/2026/1172 6441/2037/1172 6437/2037/1172
f 6410/2023/1172 6437/2037/1172 6441/2037/1172 6415/2023/1172
f 6432/2040/1174 6433/2021/1174 6456/2021/1174 6455/2040/1174
f 6398/2014/1174 6432/2040/1174 6455/2040/1174 6406/2014/1174
f 6434/2026/1172 6436/2026/1172 6437/2037/1172 6435/2037/1172
f 6402/2023/1172 6435/2037/1172 6437/2037/1172 6410/2023/1172
f 6406/2014/1174 6455/2040/1174 6438/2040/1174 6412/2014/1174
f 6447/2020/1236 6433/2021/1236 6432/2040/1236 6448/2038/1236
f 6423/2013/1236 6448/2038/1236 6432/2040/1236 6398/2014/1236
f 6434/2026/1236 6435/2037/1236 6447/2020/1236 6448/2038/1236
f 6451/2042/1870 6453/2043/1871 6454/2044/1871 6452/2045/1872
f 6452/2045/1873 6454/2044/1873 6450/2046/1611 6449/2047/1874
f 6458/2048/1612 6459/2049/1623 6453/2043/1613 6451/2042/1613
f 6459/2050/1623 6458/2051/1612 6455/2052/1174 6456/2053/1174
f 6449/2054/1874 6450/2055/1611 6446/2056/1175 6445/2057/1175
f 6451/2058/1870 6452/2059/1872 6442/2060/1868 6438/2052/1868
f 6454/2061/1871 6453/2062/1871 6439/2053/1867 6457/2063/1867
f 6452/2059/1875 6449/2054/1875 6445/2057/1875 6442/2060/1875
f 6450/2055/1876 6454/2061/1876 6457/2063/1876 6446/2056/1876
f 6458/2051/1877 6451/2058/1877 6438/2052/1877 6455/2052/1877
f 6453/2062/1878 6459/2050/1878 6456/2053/1878 6439/2053/1878
f 6485/2012/1236 6487/2013/1236 6462/2014/1236 6461/2015/1236
f 6486/2016/1236 6484/2017/1236 6464/2018/1236 6463/2019/1236
f 6511/2020/1236 6486/2016/1236 6463/2019/1236 6497/2021/1236
f 6489/2012/1350 6469/2015/1350 6470/2014/1350 6491/2013/1350
f 6490/2016/1348 6471/2019/1348 6472/2018/1348 6488/2017/1348
f 6520/2021/1203 6471/2019/1203 6477/2019/1203 6503/2021/1203
f 6485/2012/1174 6461/2015/1174 6469/2015/1174 6489/2012/1174
f 6465/2022/1354 6466/2023/1354 6474/2023/1354 6473/2022/1354
f 6463/2019/1404 6464/2018/1404 6472/2018/1404 6471/2019/1404
f 6460/2024/1352 6467/2025/1352 6475/2025/1352 6468/2024/1352
f 6498/2026/1168 6460/2024/1168 6468/2024/1168 6500/2026/1168
f 6497/2021/1203 6463/2019/1203 6471/2019/1203 6520/2021/1203
f 6484/2017/1172 6465/2022/1172 6473/2022/1172 6488/2017/1172
f 6461/2015/1380 6462/2014/1380 6470/2014/1380 6469/2015/1380
f 6493/2013/1570 6476/2014/1570 6480/2027/1570 6495/2028/1570
f 6490/2016/1172 6474/2023/1172 6479/2023/1172 6492/2016/1172
f 6491/2013/1174 6470/2014/1174 6476/2014/1174 6493/2013/1174
f 6500/2026/1168 6468/2024/1168 6478/2024/1168 6504/2026/1168
f 6510/2029/1175 6521/2030/1175 6481/2031/1175 6494/2032/1175
f 6504/2026/1879 6478/2024/1879 6482/2033/1386 6507/2034/1879
f 6492/2016/1498 6479/2023/1880 6483/2035/1880 6494/2032/1498
f 6503/2021/1427 6477/2019/1481 6481/2031/1481 6521/2030/1427
f 6477/2019/1498 6492/2016/1498 6494/2032/1498 6481/2031/1498
f 6508/2036/1175 6510/2029/1175 6494/2032/1175 6483/2035/1175
f 6468/2024/1174 6491/2013/1174 6493/2013/1174 6478/2024/1174
f 6471/2019/1172 6490/2016/1172 6492/2016/1172 6477/2019/1172
f 6478/2024/1570 6493/2013/1570 6495/2028/1570 6482/2033/1570
f 6464/2018/1172 6484/2017/1172 6488/2017/1172 6472/2018/1172
f 6467/2025/1174 6485/2012/1174 6489/2012/1174 6475/2025/1174
f 6474/2023/1348 6490/2016/1348 6488/2017/1348 6473/2022/1348
f 6475/2025/1350 6489/2012/1350 6491/2013/1350 6468/2024/1350
f 6499/2037/1236 6466/2023/1236 6486/2016/1236 6511/2020/1236
f 6466/2023/1236 6465/2022/1236 6484/2017/1236 6486/2016/1236
f 6467/2025/1236 6460/2024/1236 6487/2013/1236 6485/2012/1236
f 6460/2024/1236 6498/2026/1236 6512/2038/1236 6487/2013/1236
f 6509/2039/1175 6510/2029/1175 6508/2036/1175 6507/2034/1175
f 6482/2033/1175 6495/2028/1175 6509/2039/1175 6507/2034/1175
f 6476/2014/1481 6502/2040/1445 6506/2041/1445 6480/2027/1481
f 6504/2026/1879 6507/2034/1879 6508/2036/1471 6505/2037/1879
f 6479/2023/1462 6505/2037/1879 6508/2036/1471 6483/2035/1462
f 6495/2028/1175 6480/2027/1175 6506/2041/1175 6509/2039/1175
f 6500/2026/1168 6504/2026/1168 6505/2037/1168 6501/2037/1168
f 6474/2023/1168 6501/2037/1168 6505/2037/1168 6479/2023/1168
f 6496/2040/1203 6497/2021/1203 6520/2021/1203 6519/2040/1203
f 6462/2014/1203 6496/2040/1203 6519/2040/1203 6470/2014/1203
f 6498/2026/1168 6500/2026/1168 6501/2037/1168 6499/2037/1168
f 6466/2023/1168 6499/2037/1168 6501/2037/1168 6474/2023/1168
f 6470/2014/1203 6519/2040/1203 6502/2040/1203 6476/2014/1203
f 6511/2020/1236 6497/2021/1236 6496/2040/1236 6512/2038/1236
f 6487/2013/1236 6512/2038/1236 6496/2040/1236 6462/2014/1236
f 6498/2026/1236 6499/2037/1236 6511/2020/1236 6512/2038/1236
f 6515/2042/1421 6517/2043/1426 6518/2044/1446 6516/2045/1510
f 6516/2045/1572 6518/2044/1572 6514/2046/1431 6513/2047/1431
f 6522/2048/1466 6523/2049/1432 6517/2043/1433 6515/2042/1433
f 6523/2050/1432 6522/2051/1466 6519/2052/1203 6520/2053/1203
f 6513/2054/1431 6514/2055/1431 6510/2056/1175 6509/2057/1175
f 6515/2058/1421 6516/2059/1510 6506/2060/1445 6502/2052/1445
f 6518/2061/1446 6517/2062/1426 6503/2053/1427 6521/2063/1427
f 6516/2059/1573 6513/2054/1573 6509/2057/1573 6506/2060/1573
f 6514/2055/1574 6518/2061/1574 6521/2063/1574 6510/2056/1574
f 6522/2051/1524 6515/2058/1524 6502/2052/1524 6519/2052/1524
f 6517/2062/1529 6523/2050/1529 6520/2053/1529 6503/2053/1529
f 6549/2012/1236 6551/2013/1236 6526/2014/1236 6525/2015/1236
f 6550/2016/1236 6548/2017/1236 6528/2018/1236 6527/2019/1236
f 6575/2020/1236 6550/2016/1236 6527/2019/1236 6561/2021/1236
f 6553/2012/1350 6533/2015/1350 6534/2014/1350 6555/2013/1350
f 6554/2016/1348 6535/2019/1348 6536/2018/1348 6552/2017/1348
f 6584/2021/1203 6535/2019/1203 6541/2019/1203 6567/2021/1203
f 6549/2012/1174 6525/2015/1174 6533/2015/1174 6553/2012/1174
f 6529/2022/1354 6530/2023/1354 6538/2023/1354 6537/2022/1354
f 6527/2019/1404 6528/2018/1404 6536/2018/1404 6535/2019/1404
f 6524/2024/1352 6531/2025/1352 6539/2025/1352 6532/2024/1352
f 6562/2026/1168 6524/2024/1168 6532/2024/1168 6564/2026/1168
f 6561/2021/1203 6527/2019/1203 6535/2019/1203 6584/2021/1203
f 6548/2017/1172 6529/2022/1172 6537/2022/1172 6552/2017/1172
f 6525/2015/1380 6526/2014/1380 6534/2014/1380 6533/2015/1380
f 6557/2013/1570 6540/2014/1570 6544/2027/1570 6559/2028/1570
f 6554/2016/1172 6538/2023/1172 6543/2023/1172 6556/2016/1172
f 6555/2013/1174 6534/2014/1174 6540/2014/1174 6557/2013/1174
f 6564/2026/1168 6532/2024/1168 6542/2024/1168 6568/2026/1168
f 6574/2029/1175 6585/2030/1175 6545/2031/1175 6558/2032/1175
f 6568/2026/1879 6542/2024/1879 6546/2033/1879 6571/2034/1879
f 6556/2016/1498 6543/2023/1479 6547/2035/1479 6558/2032/1498
f 6567/2021/1427 6541/2019/1481 6545/2031/1481 6585/2030/1427
f 6541/2019/1498 6556/2016/1498 6558/2032/1498 6545/2031/1498
f 6572/2036/1175 6574/2029/1175 6558/2032/1175 6547/2035/1175
f 6532/2024/1174 6555/2013/1174 6557/2013/1174 6542/2024/1174
f 6535/2019/1172 6554/2016/1172 6556/2016/1172 6541/2019/1172
f 6542/2024/1570 6557/2013/1570 6559/2028/1570 6546/2033/1570
f 6528/2018/1172 6548/2017/1172 6552/2017/1172 6536/2018/1172
f 6531/2025/1174 6549/2012/1174 6553/2012/1174 6539/2025/1174
f 6538/2023/1348 6554/2016/1348 6552/2017/1348 6537/2022/1348
f 6539/2025/1350 6553/2012/1350 6555/2013/1350 6532/2024/1350
f 6563/2037/1236 6530/2023/1236 6550/2016/1236 6575/2020/1236
f 6530/2023/1236 6529/2022/1236 6548/2017/1236 6550/2016/1236
f 6531/2025/1236 6524/2024/1236 6551/2013/1236 6549/2012/1236
f 6524/2024/1236 6562/2026/1236 6576/2038/1236 6551/2013/1236
f 6573/2039/1175 6574/2029/1175 6572/2036/1175 6571/2034/1175
f 6546/2033/1175 6559/2028/1175 6573/2039/1175 6571/2034/1175
f 6540/2014/1508 6566/2040/1445 6570/2041/1881 6544/2027/1508
f 6568/2026/1879 6571/2034/1879 6572/2036/1471 6569/2037/1388
f 6543/2023/1879 6569/2037/1388 6572/2036/1471 6547/2035/1879
f 6559/2028/1175 6544/2027/1175 6570/2041/1175 6573/2039/1175
f 6564/2026/1168 6568/2026/1168 6569/2037/1168 6565/2037/1168
f 6538/2023/1168 6565/2037/1168 6569/2037/1168 6543/2023/1168
f 6560/2040/1203 6561/2021/1203 6584/2021/1203 6583/2040/1203
f 6526/2014/1203 6560/2040/1203 6583/2040/1203 6534/2014/1203
f 6562/2026/1168 6564/2026/1168 6565/2037/1168 6563/2037/1168
f 6530/2023/1168 6563/2037/1168 6565/2037/1168 6538/2023/1168
f 6534/2014/1203 6583/2040/1203 6566/2040/1203 6540/2014/1203
f 6575/2020/1236 6561/2021/1236 6560/2040/1236 6576/2038/1236
f 6551/2013/1236 6576/2038/1236 6560/2040/1236 6526/2014/1236
f 6562/2026/1236 6563/2037/1236 6575/2020/1236 6576/2038/1236
f 6579/2042/1421 6581/2043/1426 6582/2044/1882 6580/2045/1472
f 6580/2045/1572 6582/2044/1572 6578/2046/1431 6577/2047/1431
f 6586/2048/1466 6587/2049/1432 6581/2043/1433 6579/2042/1433
f 6587/2050/1432 6586/2051/1466 6583/2052/1203 6584/2053/1203
f 6577/2054/1431 6578/2055/1431 6574/2056/1175 6573/2057/1175
f 6579/2058/1421 6580/2059/1472 6570/2060/1881 6566/2052/1445
f 6582/2061/1882 6581/2062/1426 6567/2053/1427 6585/2063/1427
f 6580/2059/1573 6577/2054/1573 6573/2057/1573 6570/2060/1573
f 6578/2055/1574 6582/2061/1574 6585/2063/1574 6574/2056/1574
f 6586/2051/1524 6579/2058/1524 6566/2052/1524 6583/2052/1524
f 6581/2062/1529 6587/2050/1529 6584/2053/1529 6567/2053/1529
f 6613/2012/1236 6615/2013/1236 6590/2014/1236 6589/2015/1236
f 6614/2016/1236 6612/2017/1236 6592/2018/1236 6591/2019/1236
f 6639/2020/1236 6614/2016/1236 6591/2019/1236 6625/2021/1236
f 6617/2012/1350 6597/2015/1350 6598/2014/1350 6619/2013/1350
f 6618/2016/1348 6599/2019/1348 6600/2018/1348 6616/2017/1348
f 6648/2021/1203 6599/2019/1203 6605/2019/1203 6631/2021/1203
f 6613/2012/1174 6589/2015/1174 6597/2015/1174 6617/2012/1174
f 6593/2022/1492 6594/2023/1492 6602/2023/1492 6601/2022/1492
f 6591/2019/1404 6592/2018/1404 6600/2018/1404 6599/2019/1404
f 6588/2024/1458 6595/2025/1458 6603/2025/1458 6596/2024/1458
f 6626/2026/1168 6588/2024/1168 6596/2024/1168 6628/2026/1168
f 6625/2021/1203 6591/2019/1203 6599/2019/1203 6648/2021/1203
f 6612/2017/1172 6593/2022/1172 6601/2022/1172 6616/2017/1172
f 6589/2015/1380 6590/2014/1380 6598/2014/1380 6597/2015/1380
f 6621/2013/1570 6604/2014/1570 6608/2027/1570 6623/2028/1570
f 6618/2016/1172 6602/2023/1172 6607/2023/1172 6620/2016/1172
f 6619/2013/1174 6598/2014/1174 6604/2014/1174 6621/2013/1174
f 6628/2026/1168 6596/2024/1168 6606/2024/1168 6632/2026/1168
f 6638/2029/1175 6649/2030/1175 6609/2031/1175 6622/2032/1175
f 6632/2026/1386 6606/2024/1386 6610/2033/1386 6635/2034/1386
f 6620/2016/1498 6607/2023/1880 6611/2035/1880 6622/2032/1498
f 6631/2021/1442 6605/2019/1384 6609/2031/1384 6649/2030/1405
f 6605/2019/1479 6620/2016/1498 6622/2032/1498 6609/2031/1479
f 6636/2036/1175 6638/2029/1175 6622/2032/1175 6611/2035/1175
f 6596/2024/1174 6619/2013/1174 6621/2013/1174 6606/2024/1174
f 6599/2019/1172 6618/2016/1172 6620/2016/1172 6605/2019/1172
f 6606/2024/1570 6621/2013/1570 6623/2028/1570 6610/2033/1570
f 6592/2018/1172 6612/2017/1172 6616/2017/1172 6600/2018/1172
f 6595/2025/1174 6613/2012/1174 6617/2012/1174 6603/2025/1174
f 6602/2023/1348 6618/2016/1348 6616/2017/1348 6601/2022/1348
f 6603/2025/1350 6617/2012/1350 6619/2013/1350 6596/2024/1350
f 6627/2037/1236 6594/2023/1236 6614/2016/1236 6639/2020/1236
f 6594/2023/1236 6593/2022/1236 6612/2017/1236 6614/2016/1236
f 6595/2025/1236 6588/2024/1236 6615/2013/1236 6613/2012/1236
f 6588/2024/1236 6626/2026/1236 6640/2038/1236 6615/2013/1236
f 6637/2039/1175 6638/2029/1175 6636/2036/1175 6635/2034/1175
f 6610/2033/1175 6623/2028/1175 6637/2039/1175 6635/2034/1175
f 6604/2014/1384 6630/2040/1447 6634/2041/1405 6608/2027/1384
f 6632/2026/1386 6635/2034/1386 6636/2036/1386 6633/2037/1386
f 6607/2023/1386 6633/2037/1386 6636/2036/1386 6611/2035/1386
f 6623/2028/1175 6608/2027/1175 6634/2041/1175 6637/2039/1175
f 6628/2026/1168 6632/2026/1168 6633/2037/1168 6629/2037/1168
f 6602/2023/1168 6629/2037/1168 6633/2037/1168 6607/2023/1168
f 6624/2040/1203 6625/2021/1203 6648/2021/1203 6647/2040/1203
f 6590/2014/1203 6624/2040/1203 6647/2040/1203 6598/2014/1203
f 6626/2026/1168 6628/2026/1168 6629/2037/1168 6627/2037/1168
f 6594/2023/1168 6627/2037/1168 6629/2037/1168 6602/2023/1168
f 6598/2014/1203 6647/2040/1203 6630/2040/1203 6604/2014/1203
f 6639/2020/1236 6625/2021/1236 6624/2040/1236 6640/2038/1236
f 6615/2013/1236 6640/2038/1236 6624/2040/1236 6590/2014/1236
f 6626/2026/1236 6627/2037/1236 6639/2020/1236 6640/2038/1236
f 6643/2042/1481 6645/2043/1481 6646/2044/1508 6644/2045/1508
f 6644/2045/1572 6646/2044/1572 6642/2046/1451 6641/2047/1431
f 6650/2048/1466 6651/2049/1432 6645/2043/1433 6643/2042/1433
f 6651/2050/1432 6650/2051/1466 6647/2052/1203 6648/2053/1203
f 6641/2054/1431 6642/2055/1451 6638/2056/1175 6637/2057/1175
f 6643/2058/1481 6644/2059/1508 6634/2060/1405 6630/2052/1447
f 6646/2061/1508 6645/2062/1481 6631/2053/1442 6649/2063/1405
f 6644/2059/1573 6641/2054/1573 6637/2057/1573 6634/2060/1573
f 6642/2055/1574 6646/2061/1574 6649/2063/1574 6638/2056/1574
f 6650/2051/1436 6643/2058/1436 6630/2052/1436 6647/2052/1436
f 6645/2062/1529 6651/2050/1529 6648/2053/1883 6631/2053/1529
f 6677/2012/1236 6679/2013/1236 6654/2014/1236 6653/2015/1236
f 6678/2016/1236 6676/2017/1236 6656/2018/1236 6655/2019/1236
f 6703/2020/1236 6678/2016/1236 6655/2019/1236 6689/2021/1236
f 6681/2012/1350 6661/2015/1350 6662/2014/1350 6683/2013/1350
f 6682/2016/1347 6663/2019/1347 6664/2018/1347 6680/2017/1347
f 6712/2021/1203 6663/2019/1203 6669/2019/1203 6695/2021/1203
f 6677/2012/1174 6653/2015/1174 6661/2015/1174 6681/2012/1174
f 6657/2022/1354 6658/2023/1354 6666/2023/1354 6665/2022/1354
f 6655/2019/1521 6656/2018/1521 6664/2018/1521 6663/2019/1521
f 6652/2024/1568 6659/2025/1568 6667/2025/1568 6660/2024/1568
f 6690/2026/1168 6652/2024/1168 6660/2024/1168 6692/2026/1168
f 6689/2021/1203 6655/2019/1203 6663/2019/1203 6712/2021/1203
f 6676/2017/1172 6657/2022/1172 6665/2022/1172 6680/2017/1172
f 6653/2015/1380 6654/2014/1380 6662/2014/1380 6661/2015/1380
f 6685/2013/1459 6668/2014/1459 6672/2027/1459 6687/2028/1459
f 6682/2016/1172 6666/2023/1172 6671/2023/1172 6684/2016/1172
f 6683/2013/1174 6662/2014/1174 6668/2014/1174 6685/2013/1174
f 6692/2026/1168 6660/2024/1168 6670/2024/1168 6696/2026/1168
f 6702/2029/1175 6713/2030/1175 6673/2031/1175 6686/2032/1175
f 6696/2026/1462 6670/2024/1462 6674/2033/1462 6699/2034/1462
f 6684/2016/1495 6671/2023/1443 6675/2035/1443 6686/2032/1495
f 6695/2021/1421 6669/2019/1508 6673/2031/1383 6713/2030/1421
f 6669/2019/1571 6684/2016/1495 6686/2032/1495 6673/2031/1571
f 6700/2036/1175 6702/2029/1175 6686/2032/1175 6675/2035/1175
f 6660/2024/1174 6683/2013/1174 6685/2013/1174 6670/2024/1174
f 6663/2019/1172 6682/2016/1172 6684/2016/1172 6669/2019/1172
f 6670/2024/1459 6685/2013/1459 6687/2028/1459 6674/2033/1459
f 6656/2018/1172 6676/2017/1172 6680/2017/1172 6664/2018/1172
f 6659/2025/1174 6677/2012/1174 6681/2012/1174 6667/2025/1174
f 6666/2023/1347 6682/2016/1347 6680/2017/1347 6665/2022/1347
f 6667/2025/1350 6681/2012/1350 6683/2013/1350 6660/2024/1350
f 6691/2037/1236 6658/2023/1236 6678/2016/1236 6703/2020/1236
f 6658/2023/1236 6657/2022/1236 6676/2017/1236 6678/2016/1236
f 6659/2025/1236 6652/2024/1236 6679/2013/1236 6677/2012/1236
f 6652/2024/1236 6690/2026/1236 6704/2038/1236 6679/2013/1236
f 6701/2039/1175 6702/2029/1175 6700/2036/1175 6699/2034/1175
f 6674/2033/1175 6687/2028/1175 6701/2039/1175 6699/2034/1175
f 6668/2014/1525 6694/2040/1363 6698/2041/1426 6672/2027/1525
f 6696/2026/1462 6699/2034/1462 6700/2036/1462 6697/2037/1462
f 6671/2023/1462 6697/2037/1462 6700/2036/1462 6675/2035/1462
f 6687/2028/1175 6672/2027/1175 6698/2041/1175 6701/2039/1175
f 6692/2026/1168 6696/2026/1168 6697/2037/1168 6693/2037/1168
f 6666/2023/1168 6693/2037/1168 6697/2037/1168 6671/2023/1168
f 6688/2040/1203 6689/2021/1203 6712/2021/1203 6711/2040/1203
f 6654/2014/1203 6688/2040/1203 6711/2040/1203 6662/2014/1203
f 6690/2026/1168 6692/2026/1168 6693/2037/1168 6691/2037/1168
f 6658/2023/1168 6691/2037/1168 6693/2037/1168 6666/2023/1168
f 6662/2014/1203 6711/2040/1203 6694/2040/1203 6668/2014/1203
f 6703/2020/1236 6689/2021/1236 6688/2040/1236 6704/2038/1236
f 6679/2013/1236 6704/2038/1236 6688/2040/1236 6654/2014/1236
f 6690/2026/1236 6691/2037/1236 6703/2020/1236 6704/2038/1236
f 6707/2042/1483 6709/2043/1463 6710/2044/1884 6708/2045/1463
f 6708/2045/1450 6710/2044/1450 6706/2046/1451 6705/2047/1451
f 6714/2048/1432 6715/2049/1432 6709/2043/1433 6707/2042/1433
f 6715/2050/1432 6714/2051/1432 6711/2052/1203 6712/2053/1203
f 6705/2054/1451 6706/2055/1451 6702/2056/1175 6701/2057/1175
f 6707/2058/1483 6708/2059/1463 6698/2060/1426 6694/2052/1363
f 6710/2061/1884 6709/2062/1463 6695/2053/1421 6713/2063/1421
f 6708/2059/1468 6705/2054/1468 6701/2057/1468 6698/2060/1468
f 6706/2055/1454 6710/2061/1454 6713/2063/1454 6702/2056/1454
f 6714/2051/1535 6707/2058/1535 6694/2052/1535 6711/2052/1535
f 6709/2062/1885 6715/2050/1885 6712/2053/1885 6695/2053/1885
f 6716/1996/1174 6717/1997/1174 6724/1997/1174 6725/1996/1174
f 6718/1998/1546 6719/1999/1546 6728/2000/1546 6729/2001/1546
f 6726/2002/1172 6727/2003/1172 6721/2003/1172 6720/2002/1172
f 6720/2002/1236 6721/2003/1236 6717/1997/1236 6716/1996/1236
f 6725/1996/1168 6726/2002/1168 6720/2002/1168 6716/1996/1168
f 6727/2003/1203 6724/1997/1203 6717/1997/1203 6721/2003/1203
f 6719/2004/1334 6718/2005/1334 6725/1996/1334 6724/1997/1334
f 6718/2005/1335 6722/2006/1335 6726/2002/1335 6725/1996/1335
f 6723/2007/1336 6719/2004/1336 6724/1997/1336 6727/2003/1336
f 6722/2006/1337 6723/2007/1337 6727/2003/1337 6726/2002/1337
f 6731/2008/1537 6730/2009/1537 6734/2010/1537 6735/2011/1537
f 6723/2011/1339 6722/2010/1339 6730/2009/1339 6731/2008/1339
f 6722/2010/1340 6718/1998/1340 6729/2001/1340 6730/2009/1340
f 6719/1999/1542 6723/2011/1542 6731/2008/1542 6728/2000/1542
f 6733/1998/1175 6732/1999/1175 6735/2011/1175 6734/2010/1175
f 6730/2009/1536 6729/2001/1536 6733/1998/1536 6734/2010/1536
f 6728/2000/1343 6731/2008/1343 6735/2011/1343 6732/1999/1343
f 6729/2001/1545 6728/2000/1545 6732/1999/1545 6733/1998/1545
f 6736/1996/1174 6737/1997/1174 6744/1997/1174 6745/1996/1174
f 6738/1998/1546 6739/1999/1546 6748/2000/1546 6749/2001/1546
f 6746/2002/1172 6747/2003/1172 6741/2003/1172 6740/2002/1172
f 6740/2002/1236 6741/2003/1236 6737/1997/1236 6736/1996/1236
f 6745/1996/1168 6746/2002/1168 6740/2002/1168 6736/1996/1168
f 6747/2003/1203 6744/1997/1203 6737/1997/1203 6741/2003/1203
f 6739/2004/1334 6738/2005/1334 6745/1996/1334 6744/1997/1334
f 6738/2005/1335 6742/2006/1335 6746/2002/1335 6745/1996/1335
f 6743/2007/1336 6739/2004/1336 6744/1997/1336 6747/2003/1336
f 6742/2006/1337 6743/2007/1337 6747/2003/1337 6746/2002/1337
f 6751/2008/1886 6750/2009/1886 6754/2010/1886 6755/2011/1886
f 6743/2011/1339 6742/2010/1339 6750/2009/1339 6751/2008/1339
f 6742/2010/1340 6738/1998/1340 6749/2001/1340 6750/2009/1340
f 6739/1999/1542 6743/2011/1542 6751/2008/1542 6748/2000/1542
f 6753/1998/1175 6752/1999/1175 6755/2011/1175 6754/2010/1175
f 6750/2009/1342 6749/2001/1342 6753/1998/1342 6754/2010/1342
f 6748/2000/1346 6751/2008/1346 6755/2011/1346 6752/1999/1346
f 6749/2001/1545 6748/2000/1545 6752/1999/1545 6753/1998/1545
f 6756/1996/1174 6757/1997/1174 6764/1997/1174 6765/1996/1174
f 6758/1998/1546 6759/1999/1546 6768/2000/1546 6769/2001/1546
f 6766/2002/1172 6767/2003/1172 6761/2003/1172 6760/2002/1172
f 6760/2002/1236 6761/2003/1236 6757/1997/1236 6756/1996/1236
f 6765/1996/1168 6766/2002/1168 6760/2002/1168 6756/1996/1168
f 6767/2003/1203 6764/1997/1203 6757/1997/1203 6761/2003/1203
f 6759/2004/1334 6758/2005/1334 6765/1996/1334 6764/1997/1334
f 6758/2005/1335 6762/2006/1335 6766/2002/1335 6765/1996/1335
f 6763/2007/1336 6759/2004/1336 6764/1997/1336 6767/2003/1336
f 6762/2006/1337 6763/2007/1337 6767/2003/1337 6766/2002/1337
f 6771/2008/1537 6770/2009/1537 6774/2010/1537 6775/2011/1537
f 6763/2011/1339 6762/2010/1339 6770/2009/1339 6771/2008/1339
f 6762/2010/1340 6758/1998/1340 6769/2001/1340 6770/2009/1340
f 6759/1999/1542 6763/2011/1542 6771/2008/1542 6768/2000/1542
f 6773/1998/1175 6772/1999/1175 6775/2011/1175 6774/2010/1175
f 6770/2009/1536 6769/2001/1536 6773/1998/1536 6774/2010/1536
f 6768/2000/1343 6771/2008/1343 6775/2011/1343 6772/1999/1343
f 6769/2001/1545 6768/2000/1545 6772/1999/1545 6773/1998/1545
f 6776/1996/1174 6777/1997/1174 6784/1997/1174 6785/1996/1174
f 6778/1998/1546 6779/1999/1546 6788/2000/1546 6789/2001/1546
f 6786/2002/1172 6787/2003/1172 6781/2003/1172 6780/2002/1172
f 6780/2002/1236 6781/2003/1236 6777/1997/1236 6776/1996/1236
f 6785/1996/1168 6786/2002/1168 6780/2002/1168 6776/1996/1168
f 6787/2003/1203 6784/1997/1203 6777/1997/1203 6781/2003/1203
f 6779/2004/1334 6778/2005/1334 6785/1996/1334 6784/1997/1334
f 6778/2005/1335 6782/2006/1335 6786/2002/1335 6785/1996/1335
f 6783/2007/1336 6779/2004/1336 6784/1997/1336 6787/2003/1336
f 6782/2006/1337 6783/2007/1337 6787/2003/1337 6786/2002/1337
f 6791/2008/1537 6790/2009/1537 6794/2010/1537 6795/2011/1537
f 6783/2011/1339 6782/2010/1339 6790/2009/1339 6791/2008/1339
f 6782/2010/1340 6778/1998/1340 6789/2001/1340 6790/2009/1340
f 6779/1999/1542 6783/2011/1542 6791/2008/1542 6788/2000/1542
f 6793/1998/1175 6792/1999/1175 6795/2011/1175 6794/2010/1175
f 6790/2009/1342 6789/2001/1342 6793/1998/1342 6794/2010/1342
f 6788/2000/1343 6791/2008/1343 6795/2011/1343 6792/1999/1343
f 6789/2001/1344 6788/2000/1344 6792/1999/1344 6793/1998/1344
f 6796/1996/1172 6797/1997/1172 6804/1997/1172 6805/1996/1172
f 6798/1998/1339 6799/1999/1339 6808/2000/1339 6809/2001/1339
f 6806/2002/1174 6807/2003/1174 6801/2003/1174 6800/2002/1174
f 6800/2002/1236 6801/2003/1236 6797/1997/1236 6796/1996/1236
f 6805/1996/1203 6806/2002/1203 6800/2002/1203 6796/1996/1203
f 6807/2003/1168 6804/1997/1168 6797/1997/1168 6801/2003/1168
f 6799/2004/1337 6798/2005/1337 6805/1996/1337 6804/1997/1337
f 6798/2005/1336 6802/2006/1336 6806/2002/1336 6805/1996/1336
f 6803/2007/1335 6799/2004/1335 6804/1997/1335 6807/2003/1335
f 6802/2006/1334 6803/2007/1334 6807/2003/1334 6806/2002/1334
f 6811/2008/1545 6810/2009/1545 6814/2010/1545 6815/2011/1545
f 6803/2011/1333 6802/2010/1333 6810/2009/1333 6811/2008/1333
f 6802/2010/1341 6798/1998/1341 6809/2001/1341 6810/2009/1341
f 6799/1999/1340 6803/2011/1340 6811/2008/1340 6808/2000/1340
f 6813/1998/1175 6812/1999/1175 6815/2011/1175 6814/2010/1175
f 6810/2009/1346 6809/2001/1346 6813/1998/1346 6814/2010/1346
f 6808/2000/1342 6811/2008/1342 6815/2011/1342 6812/1999/1342
f 6809/2001/1537 6808/2000/1537 6812/1999/1537 6813/1998/1537
f 6816/1996/1172 6817/1997/1172 6824/1997/1172 6825/1996/1172
f 6818/1998/1339 6819/1999/1339 6828/2000/1339 6829/2001/1339
f 6826/2002/1174 6827/2003/1174 6821/2003/1174 6820/2002/1174
f 6820/2002/1236 6821/2003/1236 6817/1997/1236 6816/1996/1236
f 6825/1996/1203 6826/2002/1203 6820/2002/1203 6816/1996/1203
f 6827/2003/1168 6824/1997/1168 6817/1997/1168 6821/2003/1168
f 6819/2004/1337 6818/2005/1337 6825/1996/1337 6824/1997/1337
f 6818/2005/1336 6822/2006/1336 6826/2002/1336 6825/1996/1336
f 6823/2007/1335 6819/2004/1335 6824/1997/1335 6827/2003/1335
f 6822/2006/1334 6823/2007/1334 6827/2003/1334 6826/2002/1334
f 6831/2008/1545 6830/2009/1545 6834/2010/1545 6835/2011/1545
f 6823/2011/1546 6822/2010/1546 6830/2009/1546 6831/2008/1546
f 6822/2010/1341 6818/1998/1341 6829/2001/1341 6830/2009/1341
f 6819/1999/1340 6823/2011/1340 6831/2008/1340 6828/2000/1340
f 6833/1998/1175 6832/1999/1175 6835/2011/1175 6834/2010/1175
f 6830/2009/1346 6829/2001/1346 6833/1998/1346 6834/2010/1346
f 6828/2000/1342 6831/2008/1342 6835/2011/1342 6832/1999/1342
f 6829/2001/1537 6828/2000/1537 6832/1999/1537 6833/1998/1537
f 6836/1996/1172 6837/1997/1172 6844/1997/1172 6845/1996/1172
f 6838/1998/1544 6839/1999/1544 6848/2000/1544 6849/2001/1544
f 6846/2002/1174 6847/2003/1174 6841/2003/1174 6840/2002/1174
f 6840/2002/1236 6841/2003/1236 6837/1997/1236 6836/1996/1236
f 6845/1996/1203 6846/2002/1203 6840/2002/1203 6836/1996/1203
f 6847/2003/1168 6844/1997/1168 6837/1997/1168 6841/2003/1168
f 6839/2004/1337 6838/2005/1337 6845/1996/1337 6844/1997/1337
f 6838/2005/1336 6842/2006/1336 6846/2002/1336 6845/1996/1336
f 6843/2007/1335 6839/2004/1335 6844/1997/1335 6847/2003/1335
f 6842/2006/1334 6843/2007/1334 6847/2003/1334 6846/2002/1334
f 6851/2008/1344 6850/2009/1344 6854/2010/1344 6855/2011/1344
f 6843/2011/1546 6842/2010/1546 6850/2009/1546 6851/2008/1546
f 6842/2010/1341 6838/1998/1341 6849/2001/1341 6850/2009/1341
f 6839/1999/1340 6843/2011/1340 6851/2008/1340 6848/2000/1340
f 6853/1998/1175 6852/1999/1175 6855/2011/1175 6854/2010/1175
f 6850/2009/1346 6849/2001/1346 6853/1998/1346 6854/2010/1346
f 6848/2000/1342 6851/2008/1342 6855/2011/1342 6852/1999/1342
f 6849/2001/1547 6848/2000/1547 6852/1999/1547 6853/1998/1547
f 6856/1996/1172 6857/1997/1172 6864/1997/1172 6865/1996/1172
f 6858/1998/1544 6859/1999/1544 6868/2000/1544 6869/2001/1544
f 6866/2002/1174 6867/2003/1174 6861/2003/1174 6860/2002/1174
f 6860/2002/1236 6861/2003/1236 6857/1997/1236 6856/1996/1236
f 6865/1996/1203 6866/2002/1203 6860/2002/1203 6856/1996/1203
f 6867/2003/1168 6864/1997/1168 6857/1997/1168 6861/2003/1168
f 6859/2004/1337 6858/2005/1337 6865/1996/1337 6864/1997/1337
f 6858/2005/1336 6862/2006/1336 6866/2002/1336 6865/1996/1336
f 6863/2007/1335 6859/2004/1335 6864/1997/1335 6867/2003/1335
f 6862/2006/1334 6863/2007/1334 6867/2003/1334 6866/2002/1334
f 6871/2008/1545 6870/2009/1545 6874/2010/1545 6875/2011/1545
f 6863/2011/1546 6862/2010/1546 6870/2009/1546 6871/2008/1546
f 6862/2010/1341 6858/1998/1341 6869/2001/1341 6870/2009/1341
f 6859/1999/1540 6863/2011/1540 6871/2008/1540 6868/2000/1540
f 6873/1998/1175 6872/1999/1175 6875/2011/1175 6874/2010/1175
f 6870/2009/1346 6869/2001/1346 6873/1998/1346 6874/2010/1346
f 6868/2000/1887 6871/2008/1887 6875/2011/1887 6872/1999/1887
f 6869/2001/1547 6868/2000/1547 6872/1999/1547 6873/1998/1547
f 6876/1996/1172 6877/1997/1172 6884/1997/1172 6885/1996/1172
f 6878/1998/1339 6879/1999/1339 6888/2000/1339 6889/2001/1339
f 6886/2002/1174 6887/2003/1174 6881/2003/1174 6880/2002/1174
f 6880/2002/1236 6881/2003/1236 6877/1997/1236 6876/1996/1236
f 6885/1996/1203 6886/2002/1203 6880/2002/1203 6876/1996/1203
f 6887/2003/1168 6884/1997/1168 6877/1997/1168 6881/2003/1168
f 6879/2004/1337 6878/2005/1337 6885/1996/1337 6884/1997/1337
f 6878/2005/1336 6882/2006/1336 6886/2002/1336 6885/1996/1336
f 6883/2007/1335 6879/2004/1335 6884/1997/1335 6887/2003/1335
f 6882/2006/1334 6883/2007/1334 6887/2003/1334 6886/2002/1334
f 6891/2008/1538 6890/2009/1538 6894/2010/1538 6895/2011/1538
f 6883/2011/1333 6882/2010/1333 6890/2009/1333 6891/2008/1333
f 6882/2010/1341 6878/1998/1341 6889/2001/1341 6890/2009/1341
f 6879/1999/1340 6883/2011/1340 6891/2008/1340 6888/2000/1340
f 6893/1998/1175 6892/1999/1175 6895/2011/1175 6894/2010/1175
f 6890/2009/1346 6889/2001/1346 6893/1998/1346 6894/2010/1346
f 6888/2000/1342 6891/2008/1342 6895/2011/1342 6892/1999/1342
f 6889/2001/1886 6888/2000/1886 6892/1999/1886 6893/1998/1886
f 6896/1996/1172 6897/1997/1172 6904/1997/1172 6905/1996/1172
f 6898/1998/1544 6899/1999/1544 6908/2000/1544 6909/2001/1544
f 6906/2002/1174 6907/2003/1174 6901/2003/1174 6900/2002/1174
f 6900/2002/1236 6901/2003/1236 6897/1997/1236 6896/1996/1236
f 6905/1996/1203 6906/2002/1203 6900/2002/1203 6896/1996/1203
f 6907/2003/1168 6904/1997/1168 6897/1997/1168 6901/2003/1168
f 6899/2004/1337 6898/2005/1337 6905/1996/1337 6904/1997/1337
f 6898/2005/1336 6902/2006/1336 6906/2002/1336 6905/1996/1336
f 6903/2007/1335 6899/2004/1335 6904/1997/1335 6907/2003/1335
f 6902/2006/1334 6903/2007/1334 6907/2003/1334 6906/2002/1334
f 6911/2008/1344 6910/2009/1344 6914/2010/1344 6915/2011/1344
f 6903/2011/1546 6902/2010/1546 6910/2009/1546 6911/2008/1546
f 6902/2010/1341 6898/1998/1341 6909/2001/1341 6910/2009/1341
f 6899/1999/1340 6903/2011/1340 6911/2008/1340 6908/2000/1340
f 6913/1998/1175 6912/1999/1175 6915/2011/1175 6914/2010/1175
f 6910/2009/1346 6909/2001/1346 6913/1998/1346 6914/2010/1346
f 6908/2000/1342 6911/2008/1342 6915/2011/1342 6912/1999/1342
f 6909/2001/1338 6908/2000/1338 6912/1999/1338 6913/1998/1338
f 6916/1996/1172 6917/1997/1172 6924/1997/1172 6925/1996/1172
f 6918/1998/1339 6919/1999/1339 6928/2000/1339 6929/2001/1339
f 6926/2002/1174 6927/2003/1174 6921/2003/1174 6920/2002/1174
f 6920/2002/1236 6921/2003/1236 6917/1997/1236 6916/1996/1236
f 6925/1996/1203 6926/2002/1203 6920/2002/1203 6916/1996/1203
f 6927/2003/1168 6924/1997/1168 6917/1997/1168 6921/2003/1168
f 6919/2004/1337 6918/2005/1337 6925/1996/1337 6924/1997/1337
f 6918/2005/1336 6922/2006/1336 6926/2002/1336 6925/1996/1336
f 6923/2007/1335 6919/2004/1335 6924/1997/1335 6927/2003/1335
f 6922/2006/1334 6923/2007/1334 6927/2003/1334 6926/2002/1334
f 6931/2008/1538 6930/2009/1538 6934/2010/1538 6935/2011/1538
f 6923/2011/1333 6922/2010/1333 6930/2009/1333 6931/2008/1333
f 6922/2010/1341 6918/1998/1341 6929/2001/1341 6930/2009/1341
f 6919/1999/1540 6923/2011/1540 6931/2008/1540 6928/2000/1540
f 6933/1998/1175 6932/1999/1175 6935/2011/1175 6934/2010/1175
f 6930/2009/1346 6929/2001/1346 6933/1998/1346 6934/2010/1346
f 6928/2000/1887 6931/2008/1887 6935/2011/1887 6932/1999/1887
f 6929/2001/1537 6928/2000/1537 6932/1999/1537 6933/1998/1537
f 6936/1996/1172 6937/1997/1172 6944/1997/1172 6945/1996/1172
f 6938/1998/1339 6939/1999/1339 6948/2000/1339 6949/2001/1339
f 6946/2002/1174 6947/2003/1174 6941/2003/1174 6940/2002/1174
f 6940/2002/1236 6941/2003/1236 6937/1997/1236 6936/1996/1236
f 6945/1996/1203 6946/2002/1203 6940/2002/1203 6936/1996/1203
f 6947/2003/1168 6944/1997/1168 6937/1997/1168 6941/2003/1168
f 6939/2004/1337 6938/2005/1337 6945/1996/1337 6944/1997/1337
f 6938/2005/1336 6942/2006/1336 6946/2002/1336 6945/1996/1336
f 6943/2007/1335 6939/2004/1335 6944/1997/1335 6947/2003/1335
f 6942/2006/1334 6943/2007/1334 6947/2003/1334 6946/2002/1334
f 6951/2008/1538 6950/2009/1538 6954/2010/1538 6955/2011/1538
f 6943/2011/1333 6942/2010/1333 6950/2009/1333 6951/2008/1333
f 6942/2010/1542 6938/1998/1542 6949/2001/1542 6950/2009/1542
f 6939/1999/1340 6943/2011/1340 6951/2008/1340 6948/2000/1340
f 6953/1998/1175 6952/1999/1175 6955/2011/1175 6954/2010/1175
f 6950/2009/1343 6949/2001/1343 6953/1998/1343 6954/2010/1343
f 6948/2000/1342 6951/2008/1342 6955/2011/1342 6952/1999/1342
f 6949/2001/1537 6948/2000/1537 6952/1999/1537 6953/1998/1537
f 6956/2064/1174 6957/2065/1174 6959/2066/1174 6958/2066/1174
f 6958/2066/1168 6959/2066/1168 6963/2067/1168 6962/2067/1168
f 6962/2067/1172 6963/2067/1172 6961/2068/1172 6960/2069/1172
f 6960/2069/1474 6961/2068/1474 6957/2065/1474 6956/2064/1474
f 6958/2066/1236 6962/2067/1236 6960/2069/1236 6956/2064/1236
f 6963/2067/1475 6959/2066/1475 6957/2065/1475 6961/2068/1475
f 6964/2064/1203 6965/2065/1203 6967/2066/1203 6966/2066/1203
f 6966/2066/1174 6967/2066/1174 6971/2067/1174 6970/2067/1174
f 6970/2067/1168 6971/2067/1168 6969/2068/1168 6968/2069/1168
f 6968/2069/1888 6969/2068/1888 6965/2065/1888 6964/2064/1888
f 6966/2066/1236 6970/2067/1236 6968/2069/1236 6964/2064/1236
f 6971/2067/1477 6967/2066/1477 6965/2065/1477 6969/2068/1477
f 1668/2190/1239 1661/2191/1168 1665/2191/1168
f 1670/2192/1203 1675/2193/1203 1673/2192/1203
f 1668/2190/1889 1676/2194/1889 1670/2192/1889 1661/2191/1889
f 1666/2190/1890 1674/2194/1890 1675/2193/1890 1667/2195/1890
f 1664/2196/1891 1672/2197/1891 1673/2192/1891 1665/2191/1891
f 1662/2196/1892 1669/2197/1892 1671/2198/1892 1663/2199/1892
f 1667/2195/1893 1675/2193/1893 1676/2194/1893 1668/2190/1893
f 1665/2191/1894 1673/2192/1894 1674/2194/1894 1666/2190/1894
f 1663/2199/1895 1671/2198/1895 1672/2197/1895 1664/2196/1895
f 1661/2191/1896 1670/2192/1896 1669/2197/1896 1662/2196/1896
f 1684/2200/1239 1677/2201/1168 1681/2201/1168
f 1686/2202/1203 1691/2203/1203 1689/2202/1203
f 1684/2200/1897 1692/2204/1897 1686/2202/1897 1677/2201/1897
f 1682/2200/1890 1690/2204/1890 1691/2203/1890 1683/2205/1890
f 1680/2206/1898 1688/2207/1898 1689/2202/1898 1681/2201/1898
f 1678/2206/1892 1685/2207/1892 1687/2208/1892 1679/2209/1892
f 1683/2205/1893 1691/2203/1893 1692/2204/1893 1684/2200/1893
f 1681/2201/1899 1689/2202/1899 1690/2204/1899 1682/2200/1899
f 1679/2209/1895 1687/2208/1895 1688/2207/1895 1680/2206/1895
f 1677/2201/1900 1686/2202/1900 1685/2207/1900 1678/2206/1900
f 1700/2210/1239 1693/2211/1168 1697/2211/1168
f 1702/2212/1203 1707/2213/1203 1705/2212/1203
f 1700/2210/1897 1708/2214/1897 1702/2212/1897 1693/2211/1897
f 1698/2210/1890 1706/2214/1890 1707/2213/1890 1699/2215/1890
f 1696/2216/1898 1704/2217/1898 1705/2212/1898 1697/2211/1898
f 1694/2216/1892 1701/2217/1892 1703/2218/1892 1695/2219/1892
f 1699/2215/1893 1707/2213/1893 1708/2214/1893 1700/2210/1893
f 1697/2211/1899 1705/2212/1899 1706/2214/1899 1698/2210/1899
f 1695/2219/1895 1703/2218/1895 1704/2217/1895 1696/2216/1895
f 1693/2211/1900 1702/2212/1900 1701/2217/1900 1694/2216/1900
f 1716/2220/1239 1709/2221/1168 1713/2221/1168
f 1723/2222/1203 1721/2223/1203 1719/2224/1203
f 1716/2220/1897 1724/2225/1897 1718/2223/1897 1709/2221/1897
f 1714/2220/1890 1722/2225/1890 1723/2222/1890 1715/2226/1890
f 1712/2227/1891 1720/2228/1891 1721/2223/1891 1713/2221/1891
f 1710/2227/1892 1717/2228/1892 1719/2224/1892 1711/2229/1892
f 1715/2226/1893 1723/2222/1893 1724/2225/1893 1716/2220/1893
f 1713/2221/1899 1721/2223/1899 1722/2225/1899 1714/2220/1899
f 1711/2229/1895 1719/2224/1895 1720/2228/1895 1712/2227/1895
f 1709/2221/1896 1718/2223/1896 1717/2228/1896 1710/2227/1896
f 1732/2230/1239 1725/2231/1168 1729/2231/1168
f 1739/2232/1203 1737/2233/1203 1735/2234/1203
f 1732/2230/1897 1740/2235/1897 1734/2233/1897 1725/2231/1897
f 1730/2230/1890 1738/2235/1890 1739/2232/1890 1731/2236/1890
f 1728/2237/1891 1736/2238/1891 1737/2233/1891 1729/2231/1891
f 1726/2237/1892 1733/2238/1892 1735/2234/1892 1727/2239/1892
f 1731/2236/1893 1739/2232/1893 1740/2235/1893 1732/2230/1893
f 1729/2231/1899 1737/2233/1899 1738/2235/1899 1730/2230/1899
f 1727/2239/1895 1735/2234/1895 1736/2238/1895 1728/2237/1895
f 1725/2231/1896 1734/2233/1896 1733/2238/1896 1726/2237/1896
f 1748/2240/1239 1741/2241/1168 1745/2241/1168
f 1755/2242/1203 1753/2243/1203 1751/2244/1203
f 1748/2240/1897 1756/2245/1897 1750/2243/1897 1741/2241/1897
f 1746/2240/1890 1754/2245/1890 1755/2242/1890 1747/2246/1890
f 1744/2247/1891 1752/2248/1891 1753/2243/1891 1745/2241/1891
f 1742/2247/1892 1749/2248/1892 1751/2244/1892 1743/2249/1892
f 1747/2246/1893 1755/2242/1893 1756/2245/1893 1748/2240/1893
f 1745/2241/1899 1753/2243/1899 1754/2245/1899 1746/2240/1899
f 1743/2249/1895 1751/2244/1895 1752/2248/1895 1744/2247/1895
f 1741/2241/1896 1750/2243/1896 1749/2248/1896 1742/2247/1896
f 1757/2250/1174 1758/2250/1174 1760/2251/1174 1759/2251/1174
f 1759/2251/1168 1760/2251/1168 1764/2252/1168 1763/2252/1168
f 1763/2252/1172 1764/2252/1172 1762/2253/1172 1761/2253/1172
f 1761/2253/1203 1762/2253/1203 1758/2250/1203 1757/2250/1203
f 1759/2251/1236 1763/2252/1236 1761/2253/1236 1757/2250/1236
f 1764/2252/1175 1760/2251/1175 1758/2250/1175 1762/2253/1175
f 1765/2254/1174 1766/2254/1174 1768/2255/1174 1767/2255/1174
f 1767/2255/1168 1768/2255/1168 1772/2256/1168 1771/2256/1168
f 1771/2256/1172 1772/2256/1172 1770/2257/1172 1769/2257/1172
f 1769/2257/1203 1770/2257/1203 1766/2254/1203 1765/2254/1203
f 1767/2255/1236 1771/2256/1236 1769/2257/1236 1765/2254/1236
f 1772/2256/1175 1768/2255/1175 1766/2254/1175 1770/2257/1175
f 1773/2258/1174 1774/2258/1174 1776/2259/1174 1775/2259/1174
f 1775/2259/1168 1776/2259/1168 1780/2260/1168 1779/2260/1168
f 1779/2260/1172 1780/2260/1172 1778/2261/1172 1777/2261/1172
f 1777/2261/1203 1778/2261/1203 1774/2258/1203 1773/2258/1203
f 1775/2259/1236 1779/2260/1236 1777/2261/1236 1773/2258/1236
f 1780/2260/1175 1776/2259/1175 1774/2258/1175 1778/2261/1175
f 1781/2262/1174 1782/2262/1174 1784/2263/1174 1783/2263/1174
f 1783/2263/1168 1784/2263/1168 1788/2264/1168 1787/2264/1168
f 1787/2264/1172 1788/2264/1172 1786/2265/1172 1785/2265/1172
f 1785/2265/1203 1786/2265/1203 1782/2262/1203 1781/2262/1203
f 1783/2263/1236 1787/2264/1236 1785/2265/1236 1781/2262/1236
f 1788/2264/1175 1784/2263/1175 1782/2262/1175 1786/2265/1175
f 1789/2266/1174 1790/2266/1174 1792/2267/1174 1791/2267/1174
f 1791/2267/1168 1792/2267/1168 1796/2268/1168 1795/2268/1168
f 1795/2268/1172 1796/2268/1172 1794/2269/1172 1793/2269/1172
f 1793/2269/1203 1794/2269/1203 1790/2266/1203 1789/2266/1203
f 1791/2267/1236 1795/2268/1236 1793/2269/1236 1789/2266/1236
f 1796/2268/1175 1792/2267/1175 1790/2266/1175 1794/2269/1175
f 1797/2258/1174 1798/2258/1174 1800/2259/1174 1799/2259/1174
f 1799/2259/1168 1800/2259/1168 1804/2260/1168 1803/2260/1168
f 1803/2260/1172 1804/2260/1172 1802/2261/1172 1801/2261/1172
f 1801/2261/1203 1802/2261/1203 1798/2258/1203 1797/2258/1203
f 1799/2259/1236 1803/2260/1236 1801/2261/1236 1797/2258/1236
f 1804/2260/1175 1800/2259/1175 1798/2258/1175 1802/2261/1175
f 1805/2262/1174 1806/2262/1174 1808/2263/1174 1807/2263/1174
f 1807/2263/1168 1808/2263/1168 1812/2264/1168 1811/2264/1168
f 1811/2264/1172 1812/2264/1172 1810/2265/1172 1809/2265/1172
f 1809/2265/1203 1810/2265/1203 1806/2262/1203 1805/2262/1203
f 1807/2263/1236 1811/2264/1236 1809/2265/1236 1805/2262/1236
f 1812/2264/1175 1808/2263/1175 1806/2262/1175 1810/2265/1175
f 1813/2266/1174 1814/2266/1174 1816/2267/1174 1815/2267/1174
f 1815/2267/1168 1816/2267/1168 1820/2268/1168 1819/2268/1168
f 1819/2268/1172 1820/2268/1172 1818/2269/1172 1817/2269/1172
f 1817/2269/1203 1818/2269/1203 1814/2266/1203 1813/2266/1203
f 1815/2267/1236 1819/2268/1236 1817/2269/1236 1813/2266/1236
f 1820/2268/1175 1816/2267/1175 1814/2266/1175 1818/2269/1175
f 1821/2258/1174 1822/2258/1174 1824/2259/1174 1823/2259/1174
f 1823/2259/1168 1824/2259/1168 1828/2260/1168 1827/2260/1168
f 1827/2260/1172 1828/2260/1172 1826/2261/1172 1825/2261/1172
f 1825/2261/1203 1826/2261/1203 1822/2258/1203 1821/2258/1203
f 1823/2259/1236 1827/2260/1236 1825/2261/1236 1821/2258/1236
f 1828/2260/1175 1824/2259/1175 1822/2258/1175 1826/2261/1175
f 1829/2262/1174 1830/2262/1174 1832/2263/1174 1831/2263/1174
f 1831/2263/1168 1832/2263/1168 1836/2264/1168 1835/2264/1168
f 1835/2264/1172 1836/2264/1172 1834/2265/1172 1833/2265/1172
f 1833/2265/1203 1834/2265/1203 1830/2262/1203 1829/2262/1203
f 1831/2263/1236 1835/2264/1236 1833/2265/1236 1829/2262/1236
f 1836/2264/1175 1832/2263/1175 1830/2262/1175 1834/2265/1175
f 1837/2266/1174 1838/2266/1174 1840/2267/1174 1839/2267/1174
f 1839/2267/1168 1840/2267/1168 1844/2268/1168 1843/2268/1168
f 1843/2268/1172 1844/2268/1172 1842/2269/1172 1841/2269/1172
f 1841/2269/1203 1842/2269/1203 1838/2266/1203 1837/2266/1203
f 1839/2267/1236 1843/2268/1236 1841/2269/1236 1837/2266/1236
f 1844/2268/1175 1840/2267/1175 1838/2266/1175 1842/2269/1175
f 1847/2270/1168 1849/2271/1168 1851/2272/1168
f 1859/2273/1203 1857/2274/1203 1855/2275/1203
f 1852/2276/1897 1860/2277/1897 1854/2274/1897 1845/2271/1897
f 1850/2276/1890 1858/2277/1890 1859/2273/1890 1851/2272/1890
f 1848/2278/1891 1856/2279/1891 1857/2274/1891 1849/2271/1891
f 1846/2278/1892 1853/2279/1892 1855/2275/1892 1847/2270/1892
f 1851/2272/1893 1859/2273/1893 1860/2277/1893 1852/2276/1893
f 1849/2271/1899 1857/2274/1899 1858/2277/1899 1850/2276/1899
f 1847/2270/1895 1855/2275/1895 1856/2279/1895 1848/2278/1895
f 1845/2271/1896 1854/2274/1896 1853/2279/1896 1846/2278/1896
f 1861/2280/1174 1862/2280/1174 1864/2281/1174 1863/2281/1174
f 1863/2281/1168 1864/2281/1168 1868/2282/1168 1867/2282/1168
f 1867/2282/1172 1868/2282/1172 1866/2283/1172 1865/2283/1172
f 1865/2283/1203 1866/2283/1203 1862/2280/1203 1861/2280/1203
f 1863/2281/1236 1867/2282/1236 1865/2283/1236 1861/2280/1236
f 1868/2282/1175 1864/2281/1175 1862/2280/1175 1866/2283/1175
f 1869/2250/1174 1870/2250/1174 1872/2251/1174 1871/2251/1174
f 1871/2251/1168 1872/2251/1168 1876/2252/1168 1875/2252/1168
f 1875/2252/1172 1876/2252/1172 1874/2253/1172 1873/2253/1172
f 1873/2253/1203 1874/2253/1203 1870/2250/1203 1869/2250/1203
f 1871/2251/1236 1875/2252/1236 1873/2253/1236 1869/2250/1236
f 1876/2252/1175 1872/2251/1175 1870/2250/1175 1874/2253/1175
f 1879/2284/1168 1881/2285/1168 1883/2286/1168
f 1891/2287/1203 1889/2288/1203 1887/2289/1203
f 1884/2290/1897 1892/2291/1897 1886/2288/1897 1877/2285/1897
f 1882/2290/1901 1890/2291/1901 1891/2287/1901 1883/2286/1901
f 1880/2292/1891 1888/2293/1891 1889/2288/1891 1881/2285/1891
f 1878/2292/1902 1885/2293/1902 1887/2289/1902 1879/2284/1902
f 1883/2286/1903 1891/2287/1903 1892/2291/1903 1884/2290/1903
f 1881/2285/1899 1889/2288/1899 1890/2291/1899 1882/2290/1899
f 1879/2284/1904 1887/2289/1904 1888/2293/1904 1880/2292/1904
f 1877/2285/1896 1886/2288/1896 1885/2293/1896 1878/2292/1896
f 1900/2294/1905 1893/2295/1168 1897/2295/1906
f 1902/2296/1203 1907/2297/1203 1905/2296/1203
f 1900/2294/1897 1908/2298/1897 1902/2296/1897 1893/2295/1897
f 1898/2294/1890 1906/2298/1890 1907/2297/1890 1899/2299/1890
f 1896/2300/1891 1904/2301/1891 1905/2296/1891 1897/2295/1891
f 1894/2300/1892 1901/2301/1892 1903/2302/1892 1895/2303/1892
f 1899/2299/1893 1907/2297/1893 1908/2298/1893 1900/2294/1893
f 1897/2295/1899 1905/2296/1899 1906/2298/1899 1898/2294/1899
f 1895/2303/1895 1903/2302/1895 1904/2301/1895 1896/2300/1895
f 1893/2295/1896 1902/2296/1896 1901/2301/1896 1894/2300/1896
f 1909/2304/1174 1910/2304/1174 1912/2305/1174 1911/2305/1174
f 1911/2305/1168 1912/2305/1168 1916/2306/1168 1915/2306/1168
f 1915/2306/1172 1916/2306/1172 1914/2307/1172 1913/2307/1172
f 1913/2307/1203 1914/2307/1203 1910/2304/1203 1909/2304/1203
f 1911/2305/1236 1915/2306/1236 1913/2307/1236 1909/2304/1236
f 1916/2306/1175 1912/2305/1175 1910/2304/1175 1914/2307/1175
f 2779/2308/1174 2766/2308/1174 2768/2309/1174 2780/2309/1174
f 2787/2310/1172 2772/2310/1172 2770/2311/1172 2794/2311/1172
f 2833/2312/1203 2812/2312/1203 2766/2308/1203 2779/2308/1203
f 2801/2313/1236 2771/2310/1236 2769/2311/1236 2809/2314/1236
f 2804/2315/1175 2768/2309/1175 2766/2308/1175 2812/2312/1175
f 2807/2312/1203 2815/2312/1203 2773/2308/1203 2765/2308/1203
f 2815/2312/1203 2818/2312/1203 2774/2308/1203 2773/2308/1203
f 2818/2312/1203 2821/2312/1203 2775/2308/1203 2774/2308/1203
f 2821/2312/1203 2824/2312/1203 2776/2308/1203 2775/2308/1203
f 2824/2312/1203 2827/2312/1203 2777/2308/1203 2776/2308/1203
f 2827/2312/1203 2830/2312/1203 2778/2308/1203 2777/2308/1203
f 2830/2312/1203 2833/2312/1203 2779/2308/1203 2778/2308/1203
f 2771/2310/1172 2793/2310/1172 2800/2311/1172 2769/2311/1172
f 2793/2310/1172 2792/2310/1172 2799/2311/1172 2800/2311/1172
f 2792/2310/1172 2791/2310/1172 2798/2311/1172 2799/2311/1172
f 2791/2310/1172 2790/2310/1172 2797/2311/1172 2798/2311/1172
f 2790/2310/1172 2789/2310/1172 2796/2311/1172 2797/2311/1172
f 2789/2310/1172 2788/2310/1172 2795/2311/1172 2796/2311/1172
f 2788/2310/1172 2787/2310/1172 2794/2311/1172 2795/2311/1172
f 2765/2308/1174 2773/2308/1174 2786/2309/1174 2767/2309/1174
f 2773/2308/1174 2774/2308/1174 2785/2309/1174 2786/2309/1174
f 2774/2308/1174 2775/2308/1174 2784/2309/1174 2785/2309/1174
f 2775/2308/1174 2776/2308/1174 2783/2309/1174 2784/2309/1174
f 2776/2308/1174 2777/2308/1174 2782/2309/1174 2783/2309/1174
f 2777/2308/1174 2778/2308/1174 2781/2309/1174 2782/2309/1174
f 2778/2308/1174 2779/2308/1174 2780/2309/1174 2781/2309/1174
f 2795/2311/1203 2794/2311/1203 2831/2314/1203 2828/2314/1203
f 2828/2314/1203 2831/2314/1203 2832/2316/1203 2829/2316/1203
f 2829/2316/1203 2832/2316/1203 2833/2312/1203 2830/2312/1203
f 2796/2311/1203 2795/2311/1203 2828/2314/1203 2825/2314/1203
f 2825/2314/1203 2828/2314/1203 2829/2316/1203 2826/2316/1203
f 2826/2316/1203 2829/2316/1203 2830/2312/1203 2827/2312/1203
f 2797/2311/1203 2796/2311/1203 2825/2314/1203 2822/2314/1203
f 2822/2314/1203 2825/2314/1203 2826/2316/1203 2823/2316/1203
f 2823/2316/1203 2826/2316/1203 2827/2312/1203 2824/2312/1203
f 2798/2311/1203 2797/2311/1203 2822/2314/1203 2819/2314/1203
f 2819/2314/1203 2822/2314/1203 2823/2316/1203 2820/2316/1203
f 2820/2316/1203 2823/2316/1203 2824/2312/1203 2821/2312/1203
f 2799/2311/1203 2798/2311/1203 2819/2314/1203 2816/2314/1203
f 2816/2314/1203 2819/2314/1203 2820/2316/1203 2817/2316/1203
f 2817/2316/1203 2820/2316/1203 2821/2312/1203 2818/2312/1203
f 2800/2311/1203 2799/2311/1203 2816/2314/1203 2813/2314/1203
f 2813/2314/1203 2816/2314/1203 2817/2316/1203 2814/2316/1203
f 2814/2316/1203 2817/2316/1203 2818/2312/1203 2815/2312/1203
f 2769/2311/1203 2800/2311/1203 2813/2314/1203 2809/2314/1203
f 2809/2314/1203 2813/2314/1203 2814/2316/1203 2808/2316/1203
f 2808/2316/1203 2814/2316/1203 2815/2312/1203 2807/2312/1203
f 2772/2310/1175 2806/2313/1175 2810/2314/1175 2770/2311/1175
f 2806/2313/1175 2805/2317/1175 2811/2316/1175 2810/2314/1175
f 2805/2317/1175 2804/2315/1175 2812/2312/1175 2811/2316/1175
f 2767/2309/1236 2803/2315/1236 2807/2312/1236 2765/2308/1236
f 2803/2315/1236 2802/2317/1236 2808/2316/1236 2807/2312/1236
f 2802/2317/1236 2801/2313/1236 2809/2314/1236 2808/2316/1236
f 2794/2311/1203 2770/2311/1203 2810/2314/1203 2831/2314/1203
f 2831/2314/1203 2810/2314/1203 2811/2316/1203 2832/2316/1203
f 2832/2316/1203 2811/2316/1203 2812/2312/1203 2833/2312/1203
f 2842/2318/1203 2834/2319/1203 2841/2319/1203 2847/2318/1203
f 2850/2318/1203 2840/2319/1203 2839/2319/1203 2853/2318/1203
f 2856/2318/1203 2838/2319/1203 2837/2319/1203 2859/2318/1203
f 2862/2318/1203 2836/2319/1203 2835/2319/1203 2865/2318/1203
f 2860/2320/1203 2861/2321/1203 2864/2321/1203 2863/2320/1203
f 2854/2320/1203 2855/2321/1203 2858/2321/1203 2857/2320/1203
f 2848/2320/1203 2849/2321/1203 2852/2321/1203 2851/2320/1203
f 2844/2320/1203 2843/2321/1203 2846/2321/1203 2845/2320/1203
f 2881/2322/1168 2874/2322/1168 2866/2323/1168 2867/2323/1168
f 2875/2322/1168 2876/2322/1168 2872/2323/1168 2873/2323/1168
f 2877/2322/1168 2878/2322/1168 2870/2323/1168 2871/2323/1168
f 2879/2322/1168 2880/2322/1168 2868/2323/1168 2869/2323/1168
f 2894/2324/1168 2896/2324/1168 2897/2325/1168 2895/2325/1168
f 2890/2324/1168 2892/2324/1168 2893/2325/1168 2891/2325/1168
f 2886/2324/1168 2888/2324/1168 2889/2325/1168 2887/2325/1168
f 2883/2324/1168 2884/2324/1168 2885/2325/1168 2882/2325/1168
f 2850/2318/1907 2853/2318/1907 2876/2322/1907 2875/2322/1907
f 2851/2320/1908 2852/2321/1908 2889/2325/1908 2888/2324/1908
f 2837/2319/1909 2838/2319/1909 2871/2323/1909 2870/2323/1909
f 2844/2320/1910 2845/2320/1910 2884/2324/1910 2883/2324/1910
f 2855/2321/1911 2854/2320/1911 2890/2324/1911 2891/2325/1911
f 2839/2319/1909 2840/2319/1909 2873/2323/1909 2872/2323/1909
f 2846/2321/1909 2843/2321/1909 2882/2325/1909 2885/2325/1909
f 2857/2320/1908 2858/2321/1908 2893/2325/1908 2892/2324/1908
f 2847/2318/1908 2841/2319/1908 2866/2323/1908 2874/2322/1908
f 2842/2318/1912 2847/2318/1912 2874/2322/1912 2881/2322/1912
f 2861/2321/1911 2860/2320/1911 2894/2324/1911 2895/2325/1911
f 2840/2319/1911 2850/2318/1911 2875/2322/1911 2873/2323/1911
f 2863/2320/1908 2864/2321/1908 2897/2325/1908 2896/2324/1908
f 2853/2318/1908 2839/2319/1908 2872/2323/1908 2876/2322/1908
f 2860/2320/1910 2863/2320/1910 2896/2324/1910 2894/2324/1910
f 2838/2319/1911 2856/2318/1911 2877/2322/1911 2871/2323/1911
f 2864/2321/1909 2861/2321/1909 2895/2325/1909 2897/2325/1909
f 2859/2318/1908 2837/2319/1908 2870/2323/1908 2878/2322/1908
f 2862/2318/1912 2865/2318/1912 2880/2322/1912 2879/2322/1912
f 2836/2319/1911 2862/2318/1911 2879/2322/1911 2869/2323/1911
f 2854/2320/1910 2857/2320/1910 2892/2324/1910 2890/2324/1910
f 2865/2318/1908 2835/2319/1908 2868/2323/1908 2880/2322/1908
f 2858/2321/1909 2855/2321/1909 2891/2325/1909 2893/2325/1909
f 2834/2319/1911 2842/2318/1911 2881/2322/1911 2867/2323/1911
f 2856/2318/1907 2859/2318/1907 2878/2322/1907 2877/2322/1907
f 2843/2321/1911 2844/2320/1911 2883/2324/1911 2882/2325/1911
f 2848/2320/1910 2851/2320/1910 2888/2324/1910 2886/2324/1910
f 2845/2320/1908 2846/2321/1908 2885/2325/1908 2884/2324/1908
f 2841/2319/1909 2834/2319/1909 2867/2323/1909 2866/2323/1909
f 2852/2321/1909 2849/2321/1909 2887/2325/1909 2889/2325/1909
f 2849/2321/1911 2848/2320/1911 2886/2324/1911 2887/2325/1911
f 2835/2319/1909 2836/2319/1909 2869/2323/1909 2868/2323/1909
f 2929/2318/1203 2899/2319/1203 2898/2319/1203 2908/2318/1203
f 2911/2318/1203 2905/2319/1203 2904/2319/1203 2914/2318/1203
f 2917/2318/1203 2903/2319/1203 2902/2319/1203 2920/2318/1203
f 2923/2318/1203 2901/2319/1203 2900/2319/1203 2926/2318/1203
f 2921/2320/1203 2922/2321/1203 2925/2321/1203 2924/2320/1203
f 2915/2320/1203 2916/2321/1203 2919/2321/1203 2918/2320/1203
f 2909/2320/1203 2910/2321/1203 2913/2321/1203 2912/2320/1203
f 2927/2320/1203 2928/2321/1203 2907/2321/1203 2906/2320/1203
f 2945/2322/1168 2930/2322/1168 2931/2323/1168 2932/2323/1168
f 2939/2322/1168 2940/2322/1168 2937/2323/1168 2938/2323/1168
f 2941/2322/1168 2942/2322/1168 2935/2323/1168 2936/2323/1168
f 2943/2322/1168 2944/2322/1168 2933/2323/1168 2934/2323/1168
f 2956/2324/1168 2958/2324/1168 2959/2325/1168 2957/2325/1168
f 2952/2324/1168 2954/2324/1168 2955/2325/1168 2953/2325/1168
f 2948/2324/1168 2950/2324/1168 2951/2325/1168 2949/2325/1168
f 2960/2324/1168 2946/2324/1168 2947/2325/1168 2961/2325/1168
f 2913/2321/1913 2910/2321/1913 2949/2325/1913 2951/2325/1913
f 2912/2320/1914 2913/2321/1914 2951/2325/1914 2950/2324/1914
f 2898/2319/1913 2899/2319/1913 2932/2323/1913 2931/2323/1913
f 2911/2318/1915 2914/2318/1915 2940/2322/1915 2939/2322/1915
f 2916/2321/1916 2915/2320/1916 2952/2324/1916 2953/2325/1916
f 2900/2319/1913 2901/2319/1913 2934/2323/1913 2933/2323/1913
f 2927/2320/1917 2906/2320/1917 2946/2324/1917 2960/2324/1917
f 2918/2320/1918 2919/2321/1918 2955/2325/1918 2954/2324/1918
f 2902/2319/1913 2903/2319/1913 2936/2323/1913 2935/2323/1913
f 2907/2321/1913 2928/2321/1913 2961/2325/1913 2947/2325/1913
f 2922/2321/1916 2921/2320/1916 2956/2324/1916 2957/2325/1916
f 2904/2319/1913 2905/2319/1913 2938/2323/1913 2937/2323/1913
f 2929/2318/1915 2908/2318/1915 2930/2322/1915 2945/2322/1915
f 2924/2320/1919 2925/2321/1919 2959/2325/1919 2958/2324/1919
f 2905/2319/1920 2911/2318/1920 2939/2322/1920 2938/2323/1920
f 2928/2321/1916 2927/2320/1916 2960/2324/1916 2961/2325/1916
f 2914/2318/1921 2904/2319/1921 2937/2323/1921 2940/2322/1921
f 2921/2320/1917 2924/2320/1917 2958/2324/1917 2956/2324/1917
f 2903/2319/1916 2917/2318/1916 2941/2322/1916 2936/2323/1916
f 2925/2321/1913 2922/2321/1913 2957/2325/1913 2959/2325/1913
f 2920/2318/1921 2902/2319/1921 2935/2323/1921 2942/2322/1921
f 2923/2318/1915 2926/2318/1915 2944/2322/1915 2943/2322/1915
f 2901/2319/1922 2923/2318/1922 2943/2322/1922 2934/2323/1922
f 2915/2320/1917 2918/2320/1917 2954/2324/1917 2952/2324/1917
f 2926/2318/1914 2900/2319/1914 2933/2323/1914 2944/2322/1914
f 2919/2321/1913 2916/2321/1913 2953/2325/1913 2955/2325/1913
f 2899/2319/1916 2929/2318/1916 2945/2322/1916 2932/2323/1916
f 2917/2318/1915 2920/2318/1915 2942/2322/1915 2941/2322/1915
f 2906/2320/1918 2907/2321/1918 2947/2325/1918 2946/2324/1918
f 2909/2320/1917 2912/2320/1917 2950/2324/1917 2948/2324/1917
f 2910/2321/1920 2909/2320/1920 2948/2324/1920 2949/2325/1920
f 2908/2318/1921 2898/2319/1921 2931/2323/1921 2930/2322/1921
f 2965/2326/1203 2985/2320/1203 2988/2320/1203 2964/2326/1203
f 2986/2321/1203 2987/2318/1203 2990/2318/1203 2989/2321/1203
f 2967/2326/1203 2979/2320/1203 2982/2320/1203 2966/2326/1203
f 2980/2321/1203 2981/2318/1203 2984/2318/1203 2983/2321/1203
f 2969/2326/1203 2973/2320/1203 2976/2320/1203 2968/2326/1203
f 2974/2321/1203 2975/2318/1203 2978/2318/1203 2977/2321/1203
f 2963/2326/1203 2991/2320/1203 2970/2320/1203 2962/2326/1203
f 2992/2321/1203 2993/2318/1203 2972/2318/1203 2971/2321/1203
f 2997/2327/1168 2996/2327/1168 3020/2328/1168 3017/2328/1168
f 3018/2329/1168 3021/2329/1168 3022/2330/1168 3019/2330/1168
f 2999/2327/1168 2998/2327/1168 3014/2328/1168 3011/2328/1168
f 3012/2329/1168 3015/2329/1168 3016/2330/1168 3013/2330/1168
f 3001/2327/1168 3000/2327/1168 3008/2328/1168 3005/2328/1168
f 3006/2329/1168 3009/2329/1168 3010/2330/1168 3007/2330/1168
f 2995/2327/1168 2994/2327/1168 3002/2328/1168 3023/2328/1168
f 3024/2329/1168 3003/2329/1168 3004/2330/1168 3025/2330/1168
f 2970/2320/1923 2991/2320/1923 3023/2328/1923 3002/2328/1923
f 2964/2326/1914 2988/2320/1914 3020/2328/1914 2996/2327/1914
f 2969/2326/1917 2968/2326/1917 3000/2327/1917 3001/2327/1917
f 2992/2321/1915 2971/2321/1915 3003/2329/1915 3024/2329/1915
f 2989/2321/1914 2990/2318/1914 3022/2330/1914 3021/2329/1914
f 2962/2326/1921 2970/2320/1921 3002/2328/1921 2994/2327/1921
f 2972/2318/1913 2993/2318/1913 3025/2330/1913 3004/2330/1913
f 2991/2320/1916 2963/2326/1916 2995/2327/1916 3023/2328/1916
f 2971/2321/1921 2972/2318/1921 3004/2330/1921 3003/2329/1921
f 2993/2318/1916 2992/2321/1916 3024/2329/1916 3025/2330/1916
f 2973/2320/1920 2969/2326/1920 3001/2327/1920 3005/2328/1920
f 2988/2320/1923 2985/2320/1923 3017/2328/1923 3020/2328/1923
f 2975/2318/1920 2974/2321/1920 3006/2329/1920 3007/2330/1920
f 2986/2321/1915 2989/2321/1915 3021/2329/1915 3018/2329/1915
f 2968/2326/1914 2976/2320/1914 3008/2328/1914 3000/2327/1914
f 2990/2318/1913 2987/2318/1913 3019/2330/1913 3022/2330/1913
f 2977/2321/1921 2978/2318/1921 3010/2330/1921 3009/2329/1921
f 2982/2320/1923 2979/2320/1923 3011/2328/1923 3014/2328/1923
f 2979/2320/1916 2967/2326/1916 2999/2327/1916 3011/2328/1916
f 2980/2321/1915 2983/2321/1915 3015/2329/1915 3012/2329/1915
f 2981/2318/1916 2980/2321/1916 3012/2329/1916 3013/2330/1916
f 2984/2318/1913 2981/2318/1913 3013/2330/1913 3016/2330/1913
f 2966/2326/1921 2982/2320/1921 3014/2328/1921 2998/2327/1921
f 2976/2320/1923 2973/2320/1923 3005/2328/1923 3008/2328/1923
f 2983/2321/1921 2984/2318/1921 3016/2330/1921 3015/2329/1921
f 2963/2326/1917 2962/2326/1917 2994/2327/1917 2995/2327/1917
f 2974/2321/1915 2977/2321/1915 3009/2329/1915 3006/2329/1915
f 2985/2320/1924 2965/2326/1924 2997/2327/1924 3017/2328/1924
f 2965/2326/1917 2964/2326/1917 2996/2327/1917 2997/2327/1917
f 2978/2318/1913 2975/2318/1913 3007/2330/1913 3010/2330/1913
f 2987/2318/1922 2986/2321/1922 3018/2329/1922 3019/2330/1922
f 2967/2326/1917 2966/2326/1917 2998/2327/1917 2999/2327/1917
f 3028/2326/1203 3052/2320/1203 3055/2320/1203 3027/2326/1203
f 3053/2321/1203 3054/2318/1203 3057/2318/1203 3056/2321/1203
f 3030/2326/1203 3046/2320/1203 3049/2320/1203 3029/2326/1203
f 3047/2321/1203 3048/2318/1203 3051/2318/1203 3050/2321/1203
f 3032/2326/1203 3040/2320/1203 3043/2320/1203 3031/2326/1203
f 3041/2321/1203 3042/2318/1203 3045/2318/1203 3044/2321/1203
f 3026/2326/1203 3036/2320/1203 3037/2320/1203 3033/2326/1203
f 3035/2321/1203 3034/2318/1203 3039/2318/1203 3038/2321/1203
f 3062/2327/1168 3061/2327/1168 3087/2328/1168 3084/2328/1168
f 3085/2329/1168 3088/2329/1168 3089/2330/1168 3086/2330/1168
f 3064/2327/1168 3063/2327/1168 3081/2328/1168 3078/2328/1168
f 3079/2329/1168 3082/2329/1168 3083/2330/1168 3080/2330/1168
f 3066/2327/1168 3065/2327/1168 3075/2328/1168 3072/2328/1168
f 3073/2329/1168 3076/2329/1168 3077/2330/1168 3074/2330/1168
f 3059/2327/1168 3058/2327/1168 3069/2328/1168 3060/2328/1168
f 3068/2329/1168 3070/2329/1168 3071/2330/1168 3067/2330/1168
f 3034/2318/1911 3035/2321/1911 3068/2329/1911 3067/2330/1911
f 3056/2321/1908 3057/2318/1908 3089/2330/1908 3088/2329/1908
f 3033/2326/1908 3037/2320/1908 3069/2328/1908 3058/2327/1908
f 3055/2320/1925 3052/2320/1925 3084/2328/1925 3087/2328/1925
f 3038/2321/1908 3039/2318/1908 3071/2330/1908 3070/2329/1908
f 3053/2321/1912 3056/2321/1912 3088/2329/1912 3085/2329/1912
f 3040/2320/1911 3032/2326/1911 3066/2327/1911 3072/2328/1911
f 3057/2318/1909 3054/2318/1909 3086/2330/1909 3089/2330/1909
f 3042/2318/1911 3041/2321/1911 3073/2329/1911 3074/2330/1911
f 3049/2320/1926 3046/2320/1926 3078/2328/1926 3081/2328/1926
f 3031/2326/1908 3043/2320/1908 3075/2328/1908 3065/2327/1908
f 3047/2321/1907 3050/2321/1907 3082/2329/1907 3079/2329/1907
f 3044/2321/1908 3045/2318/1908 3077/2330/1908 3076/2329/1908
f 3051/2318/1909 3048/2318/1909 3080/2330/1909 3083/2330/1909
f 3046/2320/1911 3030/2326/1911 3064/2327/1911 3078/2328/1911
f 3043/2320/1926 3040/2320/1926 3072/2328/1926 3075/2328/1926
f 3048/2318/1911 3047/2321/1911 3079/2329/1911 3080/2330/1911
f 3026/2326/1910 3033/2326/1910 3058/2327/1910 3059/2327/1910
f 3041/2321/1907 3044/2321/1907 3076/2329/1907 3073/2329/1907
f 3029/2326/1908 3049/2320/1908 3081/2328/1908 3063/2327/1908
f 3036/2320/1911 3026/2326/1911 3059/2327/1911 3060/2328/1911
f 3045/2318/1909 3042/2318/1909 3074/2330/1909 3077/2330/1909
f 3050/2321/1908 3051/2318/1908 3083/2330/1908 3082/2329/1908
f 3028/2326/1910 3027/2326/1910 3061/2327/1910 3062/2327/1910
f 3037/2320/1925 3036/2320/1925 3060/2328/1925 3069/2328/1925
f 3052/2320/1911 3028/2326/1911 3062/2327/1911 3084/2328/1911
f 3030/2326/1910 3029/2326/1910 3063/2327/1910 3064/2327/1910
f 3035/2321/1912 3038/2321/1912 3070/2329/1912 3068/2329/1912
f 3054/2318/1911 3053/2321/1911 3085/2329/1911 3086/2330/1911
f 3032/2326/1910 3031/2326/1910 3065/2327/1910 3066/2327/1910
f 3039/2318/1909 3034/2318/1909 3067/2330/1909 3071/2330/1909
f 3027/2326/1908 3055/2320/1908 3087/2328/1908 3061/2327/1908
f 6972/1626/1174 6973/1626/1174 6976/1627/1174 6977/1627/1174
f 6993/1630/1168 6999/2331/1168 6997/1628/1168
f 6978/1631/1172 6979/1631/1172 6975/1632/1172 6974/1632/1172
f 6974/1632/1203 6975/1632/1203 6973/1626/1203 6972/1626/1203
f 6977/1627/1236 6978/1631/1236 6974/1632/1236 6972/1626/1236
f 6979/1631/1175 6976/1627/1175 6973/1626/1175 6975/1632/1175
f 6986/1633/1175 6981/1634/1175 6994/1635/1175 6997/1636/1175
f 6977/1627/1240 6976/1627/1303 6984/1637/1168
f 6979/1631/1304 6978/1631/1168 6987/1638/1168
f 6989/1638/1174 6987/1638/1174 6996/1639/1174 6999/1639/1174
f 6983/1634/1236 6990/1633/1236 6998/1636/1236 6993/1635/1236
f 6976/1627/1303 6979/1631/1304 6990/1633/1168
f 6978/1631/1168 6977/1627/1240 6981/1634/1168
f 6980/1637/1240 6981/1634/1168 6982/1640/1306
f 6983/1634/1168 6984/1637/1168 6985/1640/1305
f 6986/1633/1168 6987/1638/1168 6988/1641/1239
f 6989/1638/1168 6990/1633/1168 6991/1641/1307
f 6986/1633/1927 6997/1636/1927 6996/1639/1927 6987/1638/1927
f 6998/1636/1309 6990/1633/1309 6989/1638/1309 6999/1639/1309
f 6980/1637/1928 6995/1642/1928 6994/1635/1928 6981/1634/1928
f 6992/1642/1929 6984/1637/1929 6983/1634/1929 6993/1635/1929
f 6980/1637/1172 6984/1637/1172 6992/1642/1172 6995/1642/1172
f 2502/1628/1168 2499/1630/1168 2500/1629/1168
f 2500/1629/1168 2497/1629/1168 2498/1630/1168
f 2498/1630/1168 2503/1628/1168 2504/2331/1168
f 2504/2331/1168 2501/2331/1168 2498/1630/1168
f 2501/2331/1168 2502/1628/1168 2498/1630/1168
f 2481/1627/1303 2490/1640/1305 2489/1637/1168
f 2489/1637/1168 2485/1637/1240 2482/1627/1168
f 2485/1637/1240 2487/1640/1239 2482/1627/1168
f 2483/1631/1240 2493/1641/1306 2492/1638/1168
f 2492/1638/1168 2494/1638/1168 2484/1631/1304
f 2494/1638/1168 2496/1641/1307 2484/1631/1304
f 2484/1631/1304 2496/1641/1307 2495/1633/1168
f 2495/1633/1168 2488/1634/1168 2481/1627/1303
f 2488/1634/1168 2490/1640/1305 2481/1627/1303
f 2482/1627/1168 2487/1640/1239 2486/1634/1168
f 2486/1634/1168 2491/1633/1168 2483/1631/1240
f 2491/1633/1168 2493/1641/1306 2483/1631/1240
f 1661/2191/1168 1662/2196/1168 1665/2191/1168
f 1662/2196/1168 1663/2199/1239 1665/2191/1168
f 1663/2199/1239 1664/2196/1168 1665/2191/1168
f 1665/2191/1168 1666/2190/1168 1667/2195/1168
f 1667/2195/1168 1668/2190/1239 1665/2191/1168
f 1671/2198/1203 1669/2197/1203 1670/2192/1203
f 1670/2192/1203 1676/2194/1203 1675/2193/1203
f 1675/2193/1203 1674/2194/1203 1673/2192/1203
f 1673/2192/1203 1672/2197/1203 1671/2198/1203
f 1671/2198/1203 1670/2192/1203 1673/2192/1203
f 1677/2201/1168 1678/2206/1168 1681/2201/1168
f 1678/2206/1168 1679/2209/1239 1681/2201/1168
f 1679/2209/1239 1680/2206/1168 1681/2201/1168
f 1681/2201/1168 1682/2200/1168 1683/2205/1168
f 1683/2205/1168 1684/2200/1239 1681/2201/1168
f 1687/2208/1203 1685/2207/1203 1686/2202/1203
f 1686/2202/1203 1692/2204/1203 1691/2203/1203
f 1691/2203/1203 1690/2204/1203 1689/2202/1203
f 1689/2202/1203 1688/2207/1203 1687/2208/1203
f 1687/2208/1203 1686/2202/1203 1689/2202/1203
f 1693/2211/1168 1694/2216/1168 1697/2211/1168
f 1694/2216/1168 1695/2219/1239 1697/2211/1168
f 1695/2219/1239 1696/2216/1168 1697/2211/1168
f 1697/2211/1168 1698/2210/1168 1699/2215/1168
f 1699/2215/1168 1700/2210/1239 1697/2211/1168
f 1703/2218/1203 1701/2217/1203 1702/2212/1203
f 1702/2212/1203 1708/2214/1203 1707/2213/1203
f 1707/2213/1203 1706/2214/1203 1705/2212/1203
f 1705/2212/1203 1704/2217/1203 1703/2218/1203
f 1703/2218/1203 1702/2212/1203 1705/2212/1203
f 1709/2221/1168 1710/2227/1168 1713/2221/1168
f 1710/2227/1168 1711/2229/1239 1713/2221/1168
f 1711/2229/1239 1712/2227/1168 1713/2221/1168
f 1713/2221/1168 1714/2220/1168 1715/2226/1168
f 1715/2226/1168 1716/2220/1239 1713/2221/1168
f 1719/2224/1203 1717/2228/1203 1718/2223/1203
f 1718/2223/1203 1724/2225/1203 1719/2224/1203
f 1724/2225/1203 1723/2222/1203 1719/2224/1203
f 1723/2222/1203 1722/2225/1203 1721/2223/1203
f 1721/2223/1203 1720/2228/1203 1719/2224/1203
f 1725/2231/1168 1726/2237/1168 1729/2231/1168
f 1726/2237/1168 1727/2239/1239 1729/2231/1168
f 1727/2239/1239 1728/2237/1168 1729/2231/1168
f 1729/2231/1168 1730/2230/1168 1731/2236/1168
f 1731/2236/1168 1732/2230/1239 1729/2231/1168
f 1735/2234/1203 1733/2238/1203 1734/2233/1203
f 1734/2233/1203 1740/2235/1203 1735/2234/1203
f 1740/2235/1203 1739/2232/1203 1735/2234/1203
f 1739/2232/1203 1738/2235/1203 1737/2233/1203
f 1737/2233/1203 1736/2238/1203 1735/2234/1203
f 1741/2241/1168 1742/2247/1168 1745/2241/1168
f 1742/2247/1168 1743/2249/1239 1745/2241/1168
f 1743/2249/1239 1744/2247/1168 1745/2241/1168
f 1745/2241/1168 1746/2240/1168 1747/2246/1168
f 1747/2246/1168 1748/2240/1239 1745/2241/1168
f 1751/2244/1203 1749/2248/1203 1750/2243/1203
f 1750/2243/1203 1756/2245/1203 1751/2244/1203
f 1756/2245/1203 1755/2242/1203 1751/2244/1203
f 1755/2242/1203 1754/2245/1203 1753/2243/1203
f 1753/2243/1203 1752/2248/1203 1751/2244/1203
f 1845/2271/1168 1846/2278/1168 1847/2270/1168
f 1847/2270/1168 1848/2278/1240 1849/2271/1168
f 1849/2271/1168 1850/2276/1930 1851/2272/1168
f 1851/2272/1168 1852/2276/1239 1845/2271/1168
f 1845/2271/1168 1847/2270/1168 1851/2272/1168
f 1855/2275/1203 1853/2279/1203 1854/2274/1203
f 1854/2274/1203 1860/2277/1203 1859/2273/1203
f 1859/2273/1203 1858/2277/1931 1857/2274/1203
f 1857/2274/1203 1856/2279/1932 1855/2275/1203
f 1855/2275/1203 1854/2274/1203 1859/2273/1203
f 1877/2285/1168 1878/2292/1168 1879/2284/1168
f 1879/2284/1168 1880/2292/1168 1881/2285/1168
f 1881/2285/1168 1882/2290/1168 1883/2286/1168
f 1883/2286/1168 1884/2290/1240 1877/2285/1168
f 1877/2285/1168 1879/2284/1168 1883/2286/1168
f 1887/2289/1203 1885/2293/1203 1886/2288/1203
f 1886/2288/1203 1892/2291/1203 1891/2287/1203
f 1891/2287/1203 1890/2291/1932 1889/2288/1203
f 1889/2288/1203 1888/2293/1933 1887/2289/1203
f 1887/2289/1203 1886/2288/1203 1891/2287/1203
f 1893/2295/1168 1894/2300/1168 1897/2295/1906
f 1894/2300/1168 1895/2303/1905 1897/2295/1906
f 1895/2303/1905 1896/2300/1934 1897/2295/1906
f 1897/2295/1906 1898/2294/1168 1899/2299/1906
f 1899/2299/1906 1900/2294/1905 1897/2295/1906
f 1903/2302/1935 1901/2301/1935 1902/2296/1203
f 1902/2296/1203 1908/2298/1933 1907/2297/1203
f 1907/2297/1203 1906/2298/1203 1905/2296/1203
f 1905/2296/1203 1904/2301/1203 1903/2302/1935
f 1903/2302/1935 1902/2296/1203 1905/2296/1203
f 6997/1628/1168 6994/1630/1168 6993/1630/1168
f 6994/1630/1168 6995/1629/1168 6993/1630/1168
f 6995/1629/1168 6992/1629/1168 6993/1630/1168
f 6993/1630/1168 6998/1628/1168 6999/2331/1168
f 6999/2331/1168 6996/2331/1168 6997/1628/1168
f 6976/1627/1303 6985/1640/1305 6984/1637/1168
f 6984/1637/1168 6980/1637/1240 6977/1627/1240
f 6980/1637/1240 6982/1640/1306 6977/1627/1240
f 6978/1631/1168 6988/1641/1239 6987/1638/1168
f 6987/1638/1168 6989/1638/1168 6979/1631/1304
f 6989/1638/1168 6991/1641/1307 6979/1631/1304
f 6979/1631/1304 6991/1641/1307 6990/1633/1168
f 6990/1633/1168 6983/1634/1168 6976/1627/1303
f 6983/1634/1168 6985/1640/1305 6976/1627/1303
f 6977/1627/1240 6982/1640/1306 6981/1634/1168
f 6981/1634/1168 6986/1633/1168 6978/1631/1168
f 6986/1633/1168 6988/1641/1239 6978/1631/1168
usemtl マテリアル.003
f 7276/2332/1174 7274/2333/1174 7272/2334/1174
f 7282/2335/1172 7284/2336/1172 7279/2335/1172
f 7270/2333/1936 7271/2337/1936 7278/2338/1936 7279/2335/1936
f 7277/2339/1937 7270/2333/1937 7279/2335/1937 7285/2340/1937
f 7275/2339/1938 7276/2332/1938 7284/2336/1938 7283/2340/1938
f 7273/2337/1939 7274/2333/1939 7282/2335/1939 7281/2338/1939
f 7271/2337/1940 7272/2334/1940 7280/2341/1940 7278/2338/1940
f 7276/2332/1941 7277/2339/1941 7285/2340/1941 7284/2336/1941
f 7274/2333/1942 7275/2339/1942 7283/2340/1942 7282/2335/1942
f 7272/2334/1943 7273/2337/1943 7281/2338/1943 7280/2341/1943
f 7292/2332/1174 7290/2333/1174 7288/2334/1174
f 7301/2340/1172 7295/2335/1172 7298/2335/1172
f 7286/2333/1936 7287/2337/1936 7294/2338/1936 7295/2335/1936
f 7293/2339/1937 7286/2333/1937 7295/2335/1937 7301/2340/1937
f 7291/2339/1938 7292/2332/1938 7300/2336/1938 7299/2340/1938
f 7289/2337/1944 7290/2333/1944 7298/2335/1944 7297/2338/1944
f 7287/2337/1940 7288/2334/1940 7296/2341/1940 7294/2338/1940
f 7292/2332/1941 7293/2339/1941 7301/2340/1941 7300/2336/1941
f 7290/2333/1945 7291/2339/1945 7299/2340/1945 7298/2335/1945
f 7288/2334/1943 7289/2337/1943 7297/2338/1943 7296/2341/1943
f 7306/2342/1172 7308/2343/1172 7302/2342/1172
f 7316/2344/1174 7314/2345/1174 7312/2346/1174
f 7302/2342/1936 7311/2345/1936 7310/2347/1936 7303/2348/1936
f 7309/2349/1937 7317/2350/1937 7311/2345/1937 7302/2342/1937
f 7307/2349/1938 7315/2350/1938 7316/2344/1938 7308/2343/1938
f 7305/2348/1939 7313/2347/1939 7314/2345/1939 7306/2342/1939
f 7303/2348/1940 7310/2347/1940 7312/2346/1940 7304/2351/1940
f 7308/2343/1941 7316/2344/1941 7317/2350/1941 7309/2349/1941
f 7306/2342/1942 7314/2345/1942 7315/2350/1942 7307/2349/1942
f 7304/2351/1943 7312/2346/1943 7313/2347/1943 7305/2348/1943
f 7325/2349/1172 7318/2342/1172 7322/2342/1172
f 7332/2344/1174 7330/2345/1174 7328/2346/1174
f 7318/2342/1936 7327/2345/1936 7326/2347/1936 7319/2348/1936
f 7325/2349/1937 7333/2350/1937 7327/2345/1937 7318/2342/1937
f 7323/2349/1938 7331/2350/1938 7332/2344/1938 7324/2343/1938
f 7321/2348/1944 7329/2347/1944 7330/2345/1944 7322/2342/1944
f 7319/2348/1940 7326/2347/1940 7328/2346/1940 7320/2351/1940
f 7324/2343/1941 7332/2344/1941 7333/2350/1941 7325/2349/1941
f 7322/2342/1945 7330/2345/1945 7331/2350/1945 7323/2349/1945
f 7320/2351/1943 7328/2346/1943 7329/2347/1943 7321/2348/1943
f 7272/2334/1174 7271/2337/1174 7270/2333/1174
f 7270/2333/1174 7277/2339/1174 7276/2332/1174
f 7276/2332/1174 7275/2339/1174 7274/2333/1174
f 7274/2333/1174 7273/2337/1174 7272/2334/1174
f 7272/2334/1174 7270/2333/1174 7276/2332/1174
f 7279/2335/1172 7278/2338/1172 7280/2341/1172
f 7280/2341/1172 7281/2338/1172 7282/2335/1172
f 7282/2335/1172 7283/2340/1172 7284/2336/1172
f 7284/2336/1172 7285/2340/1172 7279/2335/1172
f 7279/2335/1172 7280/2341/1172 7282/2335/1172
f 7288/2334/1174 7287/2337/1174 7286/2333/1174
f 7286/2333/1174 7293/2339/1174 7288/2334/1174
f 7293/2339/1174 7292/2332/1174 7288/2334/1174
f 7292/2332/1174 7291/2339/1174 7290/2333/1174
f 7290/2333/1174 7289/2337/1174 7288/2334/1174
f 7295/2335/1172 7294/2338/1172 7298/2335/1172
f 7294/2338/1172 7296/2341/1172 7298/2335/1172
f 7296/2341/1172 7297/2338/1172 7298/2335/1172
f 7298/2335/1172 7299/2340/1172 7300/2336/1172
f 7300/2336/1172 7301/2340/1172 7298/2335/1172
f 7302/2342/1172 7303/2348/1172 7304/2351/1172
f 7304/2351/1172 7305/2348/1172 7306/2342/1172
f 7306/2342/1172 7307/2349/1172 7308/2343/1172
f 7308/2343/1172 7309/2349/1172 7302/2342/1172
f 7302/2342/1172 7304/2351/1172 7306/2342/1172
f 7312/2346/1174 7310/2347/1174 7311/2345/1174
f 7311/2345/1174 7317/2350/1174 7316/2344/1174
f 7316/2344/1174 7315/2350/1174 7314/2345/1174
f 7314/2345/1174 7313/2347/1174 7312/2346/1174
f 7312/2346/1174 7311/2345/1174 7316/2344/1174
f 7318/2342/1172 7319/2348/1172 7322/2342/1172
f 7319/2348/1172 7320/2351/1172 7322/2342/1172
f 7320/2351/1172 7321/2348/1172 7322/2342/1172
f 7322/2342/1172 7323/2349/1172 7324/2343/1172
f 7324/2343/1172 7325/2349/1172 7322/2342/1172
f 7328/2346/1174 7326/2347/1174 7327/2345/1174
f 7327/2345/1174 7333/2350/1174 7328/2346/1174
f 7333/2350/1174 7332/2344/1174 7328/2346/1174
f 7332/2344/1174 7331/2350/1174 7330/2345/1174
f 7330/2345/1174 7329/2347/1174 7328/2346/1174
o fgear1
v -0.018883 -1.080971 2.975315
v -0.018883 -1.046208 2.990072
v -0.018883 -1.001698 2.788559
v -0.018883 -0.966935 2.803316
v 0.018883 -1.080971 2.975315
v 0.018883 -1.046208 2.990072
v 0.018883 -1.001698 2.788559
v 0.018883 -0.966935 2.803316
v -0.041501 -1.009209 2.748366
v -0.041501 -0.932805 2.780798
v 0.041501 -1.009209 2.748366
v 0.041501 -0.932805 2.780798
v -0.041501 -0.567564 1.707928
v -0.041501 -0.491160 1.740360
v 0.041501 -0.567564 1.707928
v 0.041501 -0.491160 1.740360
vn -1.0000 -0.0000 -0.0000
vn -0.0000 0.5507 0.8347
vn 1.0000 -0.0000 -0.0000
vn -0.0000 -0.9205 -0.3907
vn -0.0000 0.9205 0.3907
vn -0.8331 -0.2161 0.5092
vn 0.8331 -0.2161 0.5092
vn -0.0000 -0.9830 0.1837
vn -0.0000 0.3907 -0.9205
vt 0.088368 0.978677
vt 0.088368 0.978668
vt 0.088368 0.978772
vt 0.088368 0.978781
vt 0.088389 0.978772
vt 0.088402 0.978785
vt 0.088356 0.978785
vt 0.088389 0.978781
vt 0.088389 0.978668
vt 0.088389 0.978677
vt 0.088402 0.979363
vt 0.088356 0.979363
vt 0.088356 0.978803
vt 0.088402 0.978803
vt 0.088356 0.979381
vt 0.088402 0.979381
s 1
usemtl マテリアル
f 7334/2352/1946 7335/2353/1946 7337/2354/1946 7336/2355/1946
f 7337/2354/1947 7341/2356/1947 7345/2357/1947 7343/2358/1947
f 7340/2359/1948 7341/2356/1948 7339/2360/1948 7338/2361/1948
f 7336/2355/1949 7340/2359/1949 7338/2361/1949 7334/2352/1949
f 7341/2356/1950 7337/2354/1950 7335/2353/1950 7339/2360/1950
f 7343/2358/1950 7345/2357/1950 7349/2362/1950 7347/2363/1950
f 7336/2355/1951 7337/2354/1951 7343/2358/1951 7342/2364/1951
f 7341/2356/1952 7340/2359/1952 7344/2365/1952 7345/2357/1952
f 7340/2359/1953 7336/2355/1953 7342/2364/1953 7344/2365/1953
f 7346/2366/1954 7347/2363/1954 7349/2362/1954 7348/2367/1954
f 7342/2364/1946 7343/2358/1946 7347/2363/1946 7346/2366/1946
f 7345/2357/1948 7344/2365/1948 7348/2367/1948 7349/2362/1948
f 7344/2365/1949 7342/2364/1949 7346/2366/1949 7348/2367/1949
o fgear2
v -0.035856 -1.170679 3.139572
v -0.035856 -1.194302 3.074669
v 0.035393 -1.170679 3.139572
v 0.035393 -1.194302 3.074669
v -0.035856 -0.628444 2.900267
v -0.035856 -0.652066 2.835364
v 0.035393 -0.628444 2.900267
v 0.035393 -0.652066 2.835364
v -0.035856 -0.977650 3.069315
v 0.035393 -0.977650 3.069315
v 0.035393 -1.001272 3.004411
v -0.035856 -1.001272 3.004411
v -0.130621 -1.552092 3.286225
v -0.130621 -1.473361 3.257569
v -0.130621 -1.580747 3.207494
v -0.130621 -1.502017 3.178838
v -0.092845 -1.552092 3.286225
v -0.092845 -1.473361 3.257569
v -0.092845 -1.580747 3.207494
v -0.092845 -1.502017 3.178838
v -0.212411 -1.552092 3.286225
v -0.212411 -1.473361 3.257569
v -0.212411 -1.580747 3.207494
v -0.212411 -1.502017 3.178838
v -0.133770 -1.370085 3.219979
v -0.133770 -1.398741 3.141249
v -0.209425 -1.334059 3.206867
v -0.209425 -1.362714 3.128136
v -0.049316 -1.243098 3.173760
v -0.049316 -1.271754 3.095029
v -0.076436 -1.168163 3.146486
v -0.076436 -1.196819 3.067755
v 0.041464 -1.243098 3.173760
v 0.041464 -1.271754 3.095029
v 0.041464 -1.168163 3.146486
v 0.041464 -1.196819 3.067755
v -0.173077 -1.256144 3.089348
v -0.107555 -1.311974 3.109668
v -0.107555 -1.283318 3.188399
v -0.173077 -1.227488 3.168078
v -0.034730 -0.968132 3.088909
v 0.034268 -0.968132 3.088909
v 0.034820 -1.010396 2.991922
v -0.035282 -1.010396 2.991922
v -0.041829 -1.048284 3.108566
v 0.041367 -1.048284 3.108566
v 0.034820 -1.075625 3.014312
v -0.035282 -1.075625 3.014312
v -0.050885 -0.962050 3.079141
v 0.050422 -0.962050 3.079141
v -0.050885 -1.056793 3.111663
v 0.050422 -1.056793 3.111663
v -0.034730 -0.947922 3.144436
v 0.034268 -0.947922 3.144436
v -0.041829 -1.023219 3.177433
v 0.041367 -1.023219 3.177433
v -0.041829 -0.970559 3.082239
v 0.041367 -0.970559 3.082239
v -0.041829 -0.945494 3.151106
v 0.041367 -0.945494 3.151106
v -0.034730 -0.614585 3.085685
v 0.034268 -0.614585 3.085685
v -0.034730 -0.614585 3.141212
v 0.034268 -0.614585 3.141212
v 0.050422 -0.995639 2.986856
v -0.050885 -0.995639 2.986856
v 0.050422 -1.090382 3.019378
v -0.050885 -1.090382 3.019378
v 0.034820 -1.191185 2.873328
v -0.035282 -1.191185 2.873328
v 0.034820 -1.192004 2.937635
v -0.035282 -1.192004 2.937635
v -0.035282 -1.223541 3.099311
v 0.034820 -1.223541 3.099311
v 0.034820 -1.240464 2.910167
v -0.035282 -1.240464 2.910167
v 0.034820 -1.254135 3.094937
v -0.035282 -1.254135 3.094937
v -0.018883 -0.918401 2.988954
v -0.018883 -0.890781 3.014710
v 0.018883 -0.918401 2.988954
v 0.018883 -0.890781 3.014710
v -0.018883 -0.687419 2.623945
v -0.018883 -0.659799 2.649701
v 0.018883 -0.687419 2.623945
v 0.018883 -0.659799 2.649701
vn -0.0000 -0.9397 0.3420
vn -0.0000 0.9397 -0.3420
vn -0.0000 0.4357 0.9001
vn 1.0000 -0.0000 -0.0000
vn -0.0000 -0.4357 -0.9001
vn -1.0000 -0.0000 -0.0000
vn -0.0000 -0.3420 -0.9397
vn -0.0000 0.3420 0.9397
vn 0.9996 0.0269 -0.0098
vn -0.9998 0.0189 -0.0069
vn 0.5922 -0.7572 0.2756
vn -0.5469 0.7867 -0.2863
vn -0.9523 0.2868 -0.1044
vn 0.9620 -0.2566 0.0934
vn -0.0000 0.3421 0.9397
vn 0.0001 0.3229 0.9464
vn -0.0001 0.3229 0.9464
vn -0.0000 0.3208 0.9471
vn -0.0000 1.0000 -0.0000
vn -0.0000 -0.0091 -1.0000
vn -0.0000 0.0097 1.0000
vn -0.0000 -0.3247 -0.9458
vn -0.0000 0.5485 -0.8362
vn -0.0000 -0.5502 0.8350
vn -0.0000 -0.1415 0.9899
vn -0.0000 -0.9973 -0.0738
vn -0.0000 -0.5987 -0.8009
vn -0.0000 0.9815 0.1915
vn -0.0000 -0.6820 0.7314
vn -0.0000 0.6820 -0.7314
vn -0.0000 -0.8450 -0.5347
vn -0.0000 0.8450 0.5347
vt 0.090617 0.973726
vt 0.090617 0.973762
vt 0.090657 0.973762
vt 0.090657 0.973726
vt 0.090617 0.973859
vt 0.090657 0.973859
vt 0.090657 0.973895
vt 0.090617 0.973895
vt 0.090657 0.973765
vt 0.090617 0.973765
vt 0.090657 0.973801
vt 0.090617 0.973801
vt 0.090564 0.973660
vt 0.090564 0.973704
vt 0.090563 0.973725
vt 0.090563 0.973681
vt 0.090564 0.973688
vt 0.090585 0.973704
vt 0.090585 0.973688
vt 0.090585 0.973660
vt 0.090585 0.973644
vt 0.090564 0.973644
vt 0.090519 0.973644
vt 0.090519 0.973660
vt 0.090519 0.973704
vt 0.090519 0.973688
vt 0.090521 0.973732
vt 0.090521 0.973688
vt 0.090595 0.973722
vt 0.090610 0.973707
vt 0.090660 0.973707
vt 0.090660 0.973722
vt 0.090577 0.973742
vt 0.090541 0.973754
vt 0.090595 0.973766
vt 0.090610 0.973750
vt 0.090577 0.973699
vt 0.090541 0.973710
vt 0.090660 0.973750
vt 0.090660 0.973766
vt 0.090609 0.973811
vt 0.090609 0.973759
vt 0.090665 0.973759
vt 0.090665 0.973811
vt 0.090609 0.973793
vt 0.090665 0.973793
vt 0.090665 0.973741
vt 0.090609 0.973741
vt 0.090660 0.973758
vt 0.090660 0.973719
vt 0.090660 0.973705
vt 0.090660 0.973743
vt 0.090656 0.973795
vt 0.090656 0.973838
vt 0.090656 0.973874
vt 0.090656 0.973808
vt 0.090614 0.973758
vt 0.090614 0.973743
vt 0.090614 0.973719
vt 0.090614 0.973705
vt 0.090656 0.973754
vt 0.090656 0.973756
vt 0.090656 0.973725
vt 0.090656 0.973723
vt 0.090618 0.973754
vt 0.090618 0.973723
vt 0.090618 0.973756
vt 0.090618 0.973725
vt 0.090617 0.973808
vt 0.090617 0.973795
vt 0.090617 0.973874
vt 0.090617 0.973853
vt 0.090617 0.973838
vt 0.090617 0.973748
vt 0.090617 0.973751
vt 0.090656 0.973751
vt 0.090656 0.973748
vt 0.090656 0.973853
vt 0.090648 0.973809
vt 0.090648 0.973795
vt 0.090627 0.973795
vt 0.090627 0.973809
vt 0.090648 0.974012
vt 0.090627 0.974012
vt 0.090627 0.973998
vt 0.090648 0.973998
s 1
usemtl マテリアル
f 7350/2368/1955 7351/2369/1955 7353/2370/1955 7352/2371/1955
f 7354/2372/1956 7356/2373/1956 7357/2374/1956 7355/2375/1956
f 7359/2376/1957 7356/2373/1957 7354/2372/1957 7358/2377/1957
f 7360/2378/1958 7357/2374/1958 7356/2373/1958 7359/2376/1958
f 7361/2379/1959 7355/2375/1959 7357/2374/1959 7360/2378/1959
f 7358/2377/1960 7354/2372/1960 7355/2375/1960 7361/2379/1960
f 7350/2368/1960 7358/2377/1960 7361/2379/1960 7351/2369/1960
f 7351/2369/1961 7361/2379/1961 7360/2378/1961 7353/2370/1961
f 7353/2370/1958 7360/2378/1958 7359/2376/1958 7352/2371/1958
f 7352/2371/1962 7359/2376/1962 7358/2377/1962 7350/2368/1962
f 7363/2380/1963 7365/2381/1963 7375/2382/1963 7374/2383/1963
f 7364/2384/1961 7365/2381/1961 7369/2385/1961 7368/2386/1961
f 7368/2386/1958 7369/2385/1958 7367/2387/1958 7366/2388/1958
f 7366/2388/1962 7367/2387/1962 7363/2380/1962 7362/2389/1962
f 7364/2384/1955 7368/2386/1955 7366/2388/1955 7362/2389/1955
f 7369/2385/1956 7365/2381/1956 7363/2380/1956 7367/2387/1956
f 7370/2390/1960 7371/2391/1960 7373/2392/1960 7372/2393/1960
f 7364/2384/1955 7362/2389/1955 7370/2390/1955 7372/2393/1955
f 7365/2381/1961 7364/2384/1961 7372/2393/1961 7373/2392/1961
f 7362/2389/1962 7363/2380/1962 7371/2391/1962 7370/2390/1962
f 7365/2381/1961 7373/2392/1961 7377/2394/1961 7375/2382/1961
f 7373/2392/1964 7371/2391/1964 7376/2395/1964 7377/2394/1964
f 7371/2391/1962 7363/2380/1962 7374/2383/1962 7376/2395/1962
f 7380/2396/1962 7378/2397/1962 7382/2398/1962 7384/2399/1962
f 7387/2400/1961 7386/2401/1961 7381/2402/1961 7379/2403/1961
f 7388/2404/1965 7387/2400/1965 7379/2403/1965 7378/2397/1965
f 7389/2405/1962 7388/2404/1962 7378/2397/1962 7380/2396/1962
f 7382/2398/1958 7383/2406/1958 7385/2407/1958 7384/2399/1958
f 7381/2402/1956 7380/2396/1956 7384/2399/1956 7385/2407/1956
f 7379/2403/1961 7381/2402/1961 7385/2407/1961 7383/2406/1961
f 7378/2397/1955 7379/2403/1955 7383/2406/1955 7382/2398/1955
f 7386/2401/1966 7389/2405/1966 7380/2396/1966 7381/2402/1966
f 7377/2394/1967 7376/2395/1967 7389/2405/1967 7386/2401/1967
f 7376/2395/1962 7374/2383/1962 7388/2404/1962 7389/2405/1962
f 7374/2383/1968 7375/2382/1968 7387/2400/1968 7388/2404/1968
f 7375/2382/1961 7377/2394/1961 7386/2401/1961 7387/2400/1961
f 7415/2408/1956 7398/2409/1956 7399/2410/1956 7414/2411/1956
f 7417/2412/1955 7416/2413/1955 7401/2414/1955 7400/2415/1955
f 7399/2410/1958 7401/2414/1958 7416/2413/1958 7414/2411/1958
f 7415/2408/1960 7417/2412/1960 7400/2415/1960 7398/2409/1960
f 7407/2416/1958 7409/2417/1958 7405/2418/1958 7395/2419/1958
f 7396/2420/1958 7420/2421/1958 7418/2422/1958 7392/2423/1958
f 7407/2416/1969 7399/2410/1969 7398/2409/1969 7406/2424/1969
f 7394/2425/1962 7400/2415/1962 7401/2414/1962 7395/2419/1962
f 7395/2419/1970 7401/2414/1970 7399/2410/1970 7407/2416/1970
f 7406/2424/1971 7398/2409/1971 7400/2415/1971 7394/2425/1971
f 7408/2426/1972 7404/2427/1972 7405/2418/1972 7409/2417/1972
f 7391/2428/1958 7411/2429/1958 7413/2430/1958 7403/2431/1958
f 7394/2425/1960 7404/2427/1960 7408/2426/1960 7406/2424/1960
f 7395/2419/1955 7405/2418/1955 7404/2427/1955 7394/2425/1955
f 7391/2428/1956 7407/2416/1956 7406/2424/1956 7390/2432/1956
f 7402/2433/1956 7408/2426/1956 7409/2417/1956 7403/2431/1956
f 7403/2431/1956 7409/2417/1956 7407/2416/1956 7391/2428/1956
f 7390/2432/1956 7406/2424/1956 7408/2426/1956 7402/2433/1956
f 7410/2434/1973 7412/2435/1973 7413/2430/1973 7411/2429/1973
f 7390/2432/1974 7410/2434/1974 7411/2429/1974 7391/2428/1974
f 7402/2433/1960 7412/2435/1960 7410/2434/1960 7390/2432/1960
f 7403/2431/1975 7413/2430/1975 7412/2435/1975 7402/2433/1975
f 7393/2436/1976 7415/2408/1976 7414/2411/1976 7392/2423/1976
f 7396/2420/1976 7416/2413/1976 7417/2412/1976 7397/2437/1976
f 7392/2423/1976 7414/2411/1976 7416/2413/1976 7396/2420/1976
f 7397/2437/1976 7417/2412/1976 7415/2408/1976 7393/2436/1976
f 7419/2438/1960 7425/2439/1960 7421/2440/1960
f 7392/2423/1977 7418/2422/1977 7419/2438/1977 7393/2436/1977
f 7393/2436/1960 7419/2438/1960 7421/2440/1960 7397/2437/1960
f 7397/2437/1978 7421/2440/1978 7420/2421/1978 7396/2420/1978
f 7422/2441/1979 7427/2442/1979 7426/2443/1979 7423/2444/1979
f 7424/2445/1980 7426/2443/1980 7427/2442/1980 7425/2439/1980
f 7420/2421/1958 7424/2445/1958 7418/2422/1958
f 7418/2422/1981 7424/2445/1981 7425/2439/1981 7419/2438/1981
f 7420/2421/1958 7423/2444/1958 7426/2443/1958 7424/2445/1958
f 7421/2440/1982 7422/2441/1982 7423/2444/1982 7420/2421/1982
f 7425/2439/1960 7427/2442/1960 7422/2441/1960 7421/2440/1960
f 7430/2446/1983 7431/2447/1983 7429/2448/1983 7428/2449/1983
f 7434/2450/1984 7432/2451/1984 7433/2452/1984 7435/2453/1984
f 7428/2449/1985 7432/2451/1985 7434/2450/1985 7430/2446/1985
f 7429/2448/1960 7433/2452/1960 7432/2451/1960 7428/2449/1960
f 7431/2447/1986 7435/2453/1986 7433/2452/1986 7429/2448/1986
f 7430/2446/1958 7434/2450/1958 7435/2453/1958 7431/2447/1958
o flap_l
v 1.506304 0.324711 -3.350522
v 4.473956 0.318341 -3.052232
v 1.506304 0.227757 -2.470809
v 4.473956 0.260180 -2.605757
v 1.506304 0.324711 -3.350522
v 4.473956 0.318341 -3.052232
v 1.508437 0.362600 -2.476814
v 4.474650 0.348608 -2.609169
vn 0.0076 -0.9932 -0.1162
vn 0.0049 0.9987 -0.0517
vn 0.0448 0.0415 0.9981
vn -0.9999 0.0159 0.0018
vn 1.0000 -0.0079 -0.0010
vt 0.375340 0.271169
vt 0.512834 0.284989
vt 0.512834 0.305674
vt 0.375340 0.311927
vt 0.779671 0.232152
vt 0.917098 0.238284
vt 0.917066 0.258811
vt 0.779572 0.272631
vt 0.010013 0.990971
vt 0.010013 0.990972
vt 0.009530 0.990950
vt 0.009530 0.990949
vt 0.009530 0.991092
vt 0.010013 0.991044
s 1
usemtl マテリアル
f 7436/2454/1987 7437/2455/1987 7439/2456/1987 7438/2457/1987
f 7442/2458/1988 7443/2459/1988 7441/2460/1988 7440/2461/1988
f 7439/2462/1989 7443/2463/1989 7442/2464/1989 7438/2465/1989
f 7436/2466/1990 7438/2465/1990 7442/2464/1990 7440/2466/1990
f 7439/2462/1991 7437/2467/1991 7441/2467/1991 7443/2463/1991
o flap_r
v -1.506304 0.324711 -3.350522
v -1.506304 0.227757 -2.470809
v -4.473956 0.318341 -3.052232
v -4.473956 0.260180 -2.605757
v -1.506304 0.324711 -3.350522
v -4.473956 0.318341 -3.052232
v -1.508437 0.362600 -2.476814
v -4.474650 0.348608 -2.609169
vn -0.0076 -0.9932 -0.1162
vn -0.0049 0.9987 -0.0517
vn -0.0448 0.0415 0.9981
vn 0.9999 0.0159 0.0018
vn -1.0000 -0.0079 -0.0010
vt 0.235529 0.271169
vt 0.235529 0.311927
vt 0.098035 0.305674
vt 0.098035 0.284989
vt 0.639897 0.232152
vt 0.639995 0.272631
vt 0.502501 0.258811
vt 0.502469 0.238284
vt 0.009040 0.990949
vt 0.009040 0.990950
vt 0.008557 0.990972
vt 0.008557 0.990971
vt 0.009040 0.991092
vt 0.008557 0.991044
s 1
usemtl マテリアル
f 7444/2468/1992 7445/2469/1992 7447/2470/1992 7446/2471/1992
f 7450/2472/1993 7448/2473/1993 7449/2474/1993 7451/2475/1993
f 7445/2476/1994 7450/2477/1994 7451/2478/1994 7447/2479/1994
f 7444/2480/1995 7448/2480/1995 7450/2477/1995 7445/2476/1995
f 7446/2481/1996 7447/2479/1996 7451/2478/1996 7449/2481/1996
o panel1
v -0.317799 -1.335686 3.146962
v -0.379043 -1.034333 2.366251
v -0.370760 -1.034333 3.146962
v -0.317799 -0.732980 3.146962
v -0.320348 -0.732980 2.366251
v -0.302059 -0.734064 3.284543
v -0.320348 -1.335686 2.366251
v -0.302059 -1.334602 3.284543
v -0.353113 -1.034333 3.284543
v -0.317799 -1.335686 3.146962
v -0.353745 -1.034333 1.621792
v -0.319468 -1.216257 1.621792
v -0.317799 -0.732980 3.146962
v -0.320348 -0.732980 2.366251
v -0.302059 -0.734064 3.284543
v -0.319468 -0.852409 1.621792
v -0.320348 -1.335686 2.366251
v -0.302059 -1.334602 3.284543
v -0.353113 -1.034333 3.284543
v -0.301353 -1.335686 1.761461
v -0.301353 -0.732980 1.761460
v -0.340821 -1.034333 3.145049
v -0.288328 -1.330408 3.145059
v -0.349045 -1.034333 2.366637
v -0.290870 -1.330129 2.366632
v -0.323761 -1.034333 1.622774
v -0.272709 -1.329528 3.280962
v -0.323334 -1.034333 3.280910
v -0.271905 -1.330040 1.762425
v -0.290020 -1.210611 1.622757
v -0.288328 -0.738257 3.145059
v -0.290870 -0.738537 2.366632
v -0.272709 -0.739138 3.280962
v -0.271905 -0.738626 1.762425
v -0.290020 -0.858055 1.622756
v -0.319468 -1.216257 1.621792
v -0.319468 -0.852409 1.621792
v -0.320348 -1.335686 2.366251
v -0.379043 -1.034333 2.366251
v -0.353745 -1.034333 1.621792
v -0.320348 -0.732980 2.366251
v -0.301353 -1.335686 1.761461
v -0.301353 -0.732980 1.761460
vn -0.9832 -0.1822 0.0068
vn -0.9783 -0.1691 0.1194
vn -0.9832 0.1822 0.0068
vn -0.9783 0.1691 0.1194
vn 0.9829 0.1838 -0.0068
vn 0.9810 0.1913 0.0316
vn 0.9816 0.1879 0.0334
vn 0.9815 0.1887 0.0330
vn 0.9781 0.1706 -0.1197
vn 0.9829 -0.1838 -0.0068
vn 0.9816 -0.1879 0.0334
vn 0.9816 -0.1879 0.0333
vn 0.9810 -0.1912 0.0316
vn 0.9780 -0.1706 -0.1197
vn 0.1808 -0.9835 -0.0008
vn 0.1837 -0.9830 0.0025
vn 0.0322 0.0062 -0.9995
vn 0.0322 -0.0000 -0.9995
vn 0.1722 -0.9850 -0.0127
vn 0.1193 0.0205 0.9926
vn 0.1866 -0.9824 0.0058
vn 0.1631 -0.7393 -0.6533
vn 0.1837 0.9830 0.0025
vn 0.1807 0.9835 -0.0008
vn 0.0321 -0.0062 -0.9995
vn 0.1722 0.9850 -0.0127
vn 0.1193 -0.0205 0.9926
vn 0.1866 0.9824 0.0058
vn 0.1631 0.7393 -0.6533
vn -0.9822 -0.1853 -0.0313
vn -0.9822 -0.1851 -0.0309
vn -0.9822 -0.1853 -0.0314
vn -0.9813 0.1901 -0.0314
vn -0.9819 0.1862 -0.0334
vn -0.9818 0.1870 -0.0330
vn 0.9807 0.1929 0.0308
vn 0.9816 0.1879 0.0333
vn 0.9807 -0.1929 0.0308
vn 0.9815 -0.1887 0.0330
vn -0.9811 -0.1911 -0.0308
vn -0.9819 -0.1862 -0.0334
vn -0.9811 0.1911 -0.0308
vn -0.9822 0.1851 -0.0309
vt 0.206368 0.673808
vt 0.206368 0.671354
vt 0.242539 0.670970
vt 0.242539 0.673690
vt 0.199994 0.674537
vt 0.199994 0.672172
vt 0.201009 0.557751
vt 0.164838 0.557633
vt 0.164838 0.554913
vt 0.201009 0.555297
vt 0.207384 0.558480
vt 0.207384 0.556115
vt 0.088765 0.993545
vt 0.088766 0.993184
vt 0.088793 0.993184
vt 0.088789 0.993545
vt 0.088757 0.992904
vt 0.088781 0.992840
vt 0.088758 0.993608
vt 0.088781 0.993608
vt 0.088766 0.992839
vt 0.088778 0.993546
vt 0.088780 0.993184
vt 0.088779 0.992839
vt 0.088795 0.992839
vt 0.088771 0.993609
vt 0.088795 0.993609
vt 0.088771 0.992904
vt 0.306782 0.501540
vt 0.315211 0.501540
vt 0.320744 0.508011
vt 0.292820 0.508011
vt 0.306782 0.536032
vt 0.320744 0.536032
vt 0.292820 0.536032
vt 0.298353 0.501540
s 1
usemtl マテリアル
f 7452/2482/1997 7454/2483/1997 7453/2484/1997 7458/2485/1997
f 7459/2486/1998 7460/2487/1998 7454/2483/1998 7452/2482/1998
f 7455/2488/1999 7456/2489/1999 7453/2490/1999 7454/2491/1999
f 7457/2492/2000 7455/2488/2000 7454/2491/2000 7460/2493/2000
f 7474/2494/2001 7476/2495/2001 7475/2496/2001 7473/2497/2001
f 7480/2498/2002 7477/2499/2003 7475/2496/2004
f 7478/2500/2005 7474/2494/2005 7473/2497/2005 7479/2501/2005
f 7482/2494/2006 7473/2497/2006 7475/2496/2006 7483/2495/2006
f 7477/2499/2007 7486/2502/2008 7485/2498/2009
f 7484/2500/2010 7479/2501/2010 7473/2497/2010 7482/2494/2010
f 7461/2503/2011 7468/2504/2012 7476/2495/2012 7474/2494/2011
f 7463/2505/2013 7462/2506/2014 7477/2499/2014 7481/2502/2013
f 7469/2507/2015 7461/2503/2015 7474/2494/2015 7478/2500/2015
f 7470/2508/2016 7469/2507/2016 7478/2500/2016 7479/2501/2016
f 7468/2504/2012 7471/2509/2017 7480/2498/2017 7476/2495/2012
f 7471/2509/2018 7463/2505/2018 7481/2502/2018 7480/2498/2018
f 7465/2504/2019 7464/2503/2020 7482/2494/2020 7483/2495/2019
f 7462/2506/2014 7467/2505/2021 7486/2502/2021 7477/2499/2014
f 7464/2503/2022 7466/2507/2022 7484/2500/2022 7482/2494/2022
f 7466/2507/2023 7470/2508/2023 7479/2501/2023 7484/2500/2023
f 7472/2509/2024 7465/2504/2019 7483/2495/2019 7485/2498/2024
f 7467/2505/2025 7472/2509/2025 7485/2498/2025 7486/2502/2025
f 7491/2510/2026 7487/2511/2027 7493/2512/2028
f 7494/2513/2029 7491/2510/2030 7490/2514/2031
f 7475/2496/2004 7476/2495/2032 7480/2498/2002
f 7480/2498/2002 7481/2502/2033 7477/2499/2003
f 7485/2498/2009 7483/2495/2034 7475/2496/2035
f 7475/2496/2035 7477/2499/2007 7485/2498/2009
f 7493/2512/2036 7489/2515/2036 7490/2514/2036
f 7490/2514/2037 7491/2510/2026 7493/2512/2028
f 7490/2514/2031 7492/2516/2038 7494/2513/2029
f 7494/2513/2039 7488/2517/2039 7491/2510/2039
o panel2l
v 1.015941 -0.430465 0.529686
v 1.158460 -0.782136 -1.098964
v 1.011098 -0.459526 -1.098964
v 1.156268 -0.782136 -1.229453
v 0.793923 -0.251034 0.529686
v 0.789080 -0.293826 -1.229454
v 1.182889 -0.911541 -1.098964
v 1.163304 -0.782136 0.529685
v 1.010315 -0.464222 -1.229454
v 0.789080 -0.289782 -1.098964
v 1.180698 -0.911541 -1.229453
v 1.185439 -0.911541 -0.241573
v 1.015941 -0.430465 0.529686
v 1.156268 -0.782136 -1.229453
v 0.793923 -0.251034 0.529686
v 0.789080 -0.293826 -1.229454
v 1.182889 -0.911541 -1.098964
v 1.163304 -0.782136 0.529686
v 1.010315 -0.464222 -1.229454
v 0.789080 -0.289782 -1.098964
v 1.180698 -0.911541 -1.229453
v 1.185439 -0.911541 -0.241573
v 1.135560 -0.793549 0.529865
v 0.992247 -0.448861 0.530066
v 1.129833 -0.791101 -1.098636
v 0.987521 -0.478068 -1.098418
v 0.986790 -0.482825 -1.228742
v 1.127688 -0.791240 -1.228934
v 0.775382 -0.274612 0.530232
v 0.770679 -0.313466 -1.098267
v 0.770824 -0.317616 -1.228602
v 1.153411 -0.917106 -1.098673
v 1.151222 -0.917105 -1.228958
v 1.155960 -0.917106 -0.241486
vn 0.9091 0.4163 -0.0179
vn 0.9163 0.4005 -0.0063
vn 0.6085 0.7930 -0.0284
vn 0.6180 0.7859 -0.0182
vn 0.9826 0.1855 -0.0029
vn 0.9826 0.1855 -0.0097
vn 0.9825 0.1855 -0.0165
vn -0.9098 -0.4146 0.0178
vn -0.9172 -0.3983 0.0062
vn -0.6058 -0.7951 0.0285
vn -0.6156 -0.7879 0.0182
vn -0.9831 -0.1828 0.0031
vn -0.9830 -0.1833 0.0098
vn -0.9828 -0.1838 0.0164
vn 0.0089 0.0034 1.0000
vn 0.0095 0.0077 0.9999
vn -0.0177 -0.0146 -0.9997
vn -0.0179 -0.0057 -0.9998
vn -0.7898 0.6131 -0.0160
vn -0.7917 0.6106 -0.0196
vn -0.7880 0.6156 -0.0124
vn 0.0100 0.0120 0.9999
vn -0.0163 -0.0208 -0.9997
vn -0.0167 -0.0030 -0.9999
vn 0.2813 -0.9457 0.1628
vn 0.1855 -0.9826 -0.0018
vn 0.1855 -0.9826 -0.0006
vn 0.1855 -0.9826 -0.0031
vt 0.335664 0.375485
vt 0.320717 0.375485
vt 0.320717 0.369440
vt 0.335446 0.369440
vt 0.337010 0.450942
vt 0.320717 0.450942
vt 0.343528 0.375485
vt 0.343341 0.369440
vt 0.345323 0.450942
vt 0.314721 0.415209
vt 0.314721 0.375485
vt 0.314721 0.369440
vt 0.088329 0.993176
vt 0.088329 0.993236
vt 0.088394 0.993236
vt 0.088395 0.993176
vt 0.088331 0.992421
vt 0.088398 0.992422
vt 0.088229 0.993176
vt 0.088229 0.993236
vt 0.088231 0.992421
vt 0.088407 0.992779
vt 0.088406 0.993176
vt 0.088405 0.993236
vt 0.088411 0.992422
vt 0.088342 0.992422
vt 0.088340 0.993237
vt 0.088407 0.993237
vt 0.088237 0.993176
vt 0.088237 0.993237
vt 0.088239 0.992422
vt 0.088419 0.993237
vt 0.088421 0.992779
vt 0.088420 0.993176
s 1
usemtl マテリアル
f 7497/2518/2040 7496/2519/2040 7498/2520/2040 7503/2521/2040
f 7495/2522/2041 7502/2523/2041 7496/2519/2041 7497/2518/2041
f 7504/2524/2042 7497/2518/2042 7503/2521/2042 7500/2525/2042
f 7499/2526/2043 7495/2522/2043 7497/2518/2043 7504/2524/2043
f 7506/2527/2044 7501/2528/2045 7496/2519/2045 7502/2523/2044
f 7501/2528/2045 7505/2529/2046 7498/2520/2046 7496/2519/2045
f 7520/2530/2047 7521/2531/2047 7522/2532/2047 7519/2533/2047
f 7518/2534/2048 7520/2530/2048 7519/2533/2048 7517/2535/2048
f 7524/2536/2049 7525/2537/2049 7521/2531/2049 7520/2530/2049
f 7523/2538/2050 7524/2536/2050 7520/2530/2050 7518/2534/2050
f 7528/2539/2051 7517/2535/2051 7519/2533/2052 7526/2540/2052
f 7526/2540/2052 7519/2533/2052 7522/2532/2053 7527/2541/2053
f 7512/2542/2054 7507/2543/2055 7518/2534/2055 7517/2535/2054
f 7513/2544/2056 7508/2545/2057 7522/2532/2057 7521/2531/2056
f 7514/2546/2058 7510/2547/2059 7525/2537/2059 7524/2536/2058
f 7509/2548/2060 7514/2546/2058 7524/2536/2058 7523/2538/2060
f 7507/2543/2055 7509/2548/2061 7523/2538/2061 7518/2534/2055
f 7510/2547/2062 7513/2544/2056 7521/2531/2056 7525/2537/2062
f 7508/2545/2057 7515/2549/2063 7527/2541/2063 7522/2532/2057
f 7516/2550/2064 7512/2542/2064 7517/2535/2064 7528/2539/2064
f 7511/2551/2065 7516/2550/2066 7528/2539/2066 7526/2540/2065
f 7515/2549/2067 7511/2551/2065 7526/2540/2065 7527/2541/2067
o panel2r
v -1.158460 -0.782136 -1.098964
v -1.011098 -0.459526 -1.098964
v -1.010315 -0.464222 -1.229454
v -1.182889 -0.911541 -1.098964
v -1.180698 -0.911541 -1.229453
v -1.163304 -0.782136 0.529685
v -1.015941 -0.430465 0.529686
v -1.156268 -0.782136 -1.229453
v -0.793923 -0.251034 0.529686
v -0.789080 -0.289782 -1.098964
v -0.789080 -0.293826 -1.229454
v -1.185439 -0.911541 -0.241573
v -1.010315 -0.464222 -1.229454
v -1.182889 -0.911541 -1.098964
v -1.180698 -0.911541 -1.229453
v -1.163304 -0.782136 0.529686
v -1.015941 -0.430465 0.529686
v -1.156268 -0.782136 -1.229453
v -0.793923 -0.251034 0.529686
v -0.789080 -0.289782 -1.098964
v -0.789080 -0.293826 -1.229454
v -1.185439 -0.911541 -0.241573
v -1.135560 -0.793549 0.529865
v -0.992247 -0.448861 0.530066
v -1.129833 -0.791101 -1.098636
v -0.987521 -0.478068 -1.098418
v -0.986790 -0.482825 -1.228742
v -1.127688 -0.791240 -1.228934
v -0.775382 -0.274612 0.530232
v -0.770679 -0.313466 -1.098267
v -0.770824 -0.317616 -1.228602
v -1.153411 -0.917106 -1.098673
v -1.151222 -0.917105 -1.228958
v -1.155960 -0.917106 -0.241486
vn -0.9091 0.4163 -0.0179
vn -0.9163 0.4005 -0.0063
vn -0.6085 0.7930 -0.0284
vn -0.6180 0.7859 -0.0182
vn -0.9826 0.1855 -0.0029
vn -0.9826 0.1855 -0.0097
vn -0.9825 0.1855 -0.0165
vn 0.9098 -0.4146 0.0178
vn 0.9172 -0.3983 0.0062
vn 0.6058 -0.7951 0.0285
vn 0.6156 -0.7879 0.0182
vn 0.9831 -0.1828 0.0031
vn 0.9830 -0.1833 0.0098
vn 0.9828 -0.1838 0.0164
vn -0.0095 0.0077 0.9999
vn -0.0089 0.0034 1.0000
vn 0.0179 -0.0057 -0.9998
vn 0.0177 -0.0146 -0.9997
vn 0.7917 0.6106 -0.0196
vn 0.7898 0.6131 -0.0160
vn 0.7880 0.6156 -0.0124
vn -0.0100 0.0120 0.9999
vn 0.0163 -0.0208 -0.9997
vn 0.0167 -0.0030 -0.9999
vn -0.2813 -0.9457 0.1628
vn -0.1855 -0.9826 -0.0006
vn -0.1855 -0.9826 -0.0018
vn -0.1855 -0.9826 -0.0031
vt 0.277900 0.375485
vt 0.278118 0.369440
vt 0.292847 0.369440
vt 0.292847 0.375485
vt 0.276554 0.450942
vt 0.292847 0.450942
vt 0.270036 0.375485
vt 0.270223 0.369440
vt 0.268241 0.450942
vt 0.298842 0.415209
vt 0.298842 0.375485
vt 0.298842 0.369440
vt 0.087414 0.993176
vt 0.087348 0.993176
vt 0.087349 0.993236
vt 0.087414 0.993236
vt 0.087412 0.992421
vt 0.087345 0.992422
vt 0.087515 0.993176
vt 0.087514 0.993236
vt 0.087512 0.992421
vt 0.087336 0.992779
vt 0.087337 0.993176
vt 0.087338 0.993236
vt 0.087401 0.992422
vt 0.087333 0.992422
vt 0.087336 0.993237
vt 0.087403 0.993237
vt 0.087506 0.993237
vt 0.087506 0.993176
vt 0.087504 0.992422
vt 0.087325 0.993237
vt 0.087322 0.992779
vt 0.087324 0.993176
s 1
usemtl マテリアル
f 7530/2552/2068 7531/2553/2068 7536/2554/2068 7529/2555/2068
f 7535/2556/2069 7530/2552/2069 7529/2555/2069 7534/2557/2069
f 7538/2558/2070 7539/2559/2070 7531/2553/2070 7530/2552/2070
f 7537/2560/2071 7538/2558/2071 7530/2552/2071 7535/2556/2071
f 7540/2561/2072 7534/2557/2072 7529/2555/2073 7532/2562/2073
f 7532/2562/2073 7529/2555/2073 7536/2554/2074 7533/2563/2074
f 7554/2564/2075 7553/2565/2075 7556/2566/2075 7555/2567/2075
f 7552/2568/2076 7551/2569/2076 7553/2565/2076 7554/2564/2076
f 7558/2570/2077 7554/2564/2077 7555/2567/2077 7559/2571/2077
f 7557/2572/2078 7552/2568/2078 7554/2564/2078 7558/2570/2078
f 7562/2573/2079 7560/2574/2080 7553/2565/2080 7551/2569/2079
f 7560/2574/2080 7561/2575/2081 7556/2566/2081 7553/2565/2080
f 7545/2576/2082 7544/2577/2083 7551/2569/2083 7552/2568/2082
f 7546/2578/2084 7541/2579/2085 7555/2567/2085 7556/2566/2084
f 7549/2580/2086 7548/2581/2087 7558/2570/2087 7559/2571/2086
f 7548/2581/2087 7547/2582/2088 7557/2572/2088 7558/2570/2087
f 7547/2582/2089 7545/2576/2082 7552/2568/2082 7557/2572/2089
f 7541/2579/2085 7549/2580/2090 7559/2571/2090 7555/2567/2085
f 7543/2583/2091 7546/2578/2084 7556/2566/2084 7561/2575/2091
f 7544/2577/2092 7550/2584/2092 7562/2573/2092 7551/2569/2092
f 7550/2584/2093 7542/2585/2094 7560/2574/2094 7562/2573/2093
f 7542/2585/2094 7543/2583/2095 7561/2575/2095 7560/2574/2094
o rgear1_l
v 0.657894 -0.835815 -0.694512
v 0.548824 -0.858999 -0.788077
v 0.614579 -0.950249 -0.615665
v 0.505510 -0.973432 -0.709230
v 0.126757 -0.299695 -0.208200
v 0.017688 -0.322878 -0.301765
v 0.083443 -0.414128 -0.129353
v -0.025627 -0.437312 -0.222917
v 0.703547 -0.923048 -0.758092
v 0.625279 -0.939684 -0.825233
v 0.672464 -1.005164 -0.701512
v 0.594197 -1.021800 -0.768653
v 1.145897 -1.369550 -1.163111
v 1.067630 -1.386186 -1.230252
v 1.114815 -1.451666 -1.106531
v 1.036548 -1.468302 -1.173673
v 1.000064 -1.190316 -1.012632
v 0.897821 -1.212049 -1.100341
v 0.959460 -1.297588 -0.938720
v 0.857217 -1.319320 -1.026429
v 0.964656 -1.154576 -0.980212
v 0.862413 -1.176308 -1.067921
v 0.924052 -1.261847 -0.906300
v 0.821809 -1.283580 -0.994009
v 0.865264 -1.060602 -0.892569
v 0.767775 -1.081324 -0.976201
v 0.826548 -1.162886 -0.822094
v 0.729058 -1.183608 -0.905725
v 0.832424 -1.027454 -0.862501
v 0.734934 -1.048176 -0.946132
v 0.793708 -1.129738 -0.792025
v 0.696218 -1.150460 -0.875656
v 0.529149 -0.651531 -0.547877
v 0.379412 -0.683358 -0.676329
v 0.319947 -0.840460 -0.568083
v 0.469684 -0.808632 -0.439631
v 1.120244 -1.283885 -1.307314
v 1.120244 -1.575048 -1.307314
v 1.120244 -1.283885 -1.016150
v 1.120244 -1.575048 -1.016150
v 1.188355 -1.533651 -1.057548
v 1.188355 -1.325282 -1.057548
v 1.188355 -1.533651 -1.265916
v 1.188355 -1.325282 -1.265916
v 1.017189 -1.330406 -1.260792
v 1.017189 -1.528527 -1.260792
v 1.017189 -1.330406 -1.062671
v 1.017189 -1.528527 -1.062671
vn 0.3982 0.6672 -0.6295
vn -0.5916 0.5972 0.5417
vn 0.2719 0.8110 -0.5179
vn -0.3227 -0.7598 0.5644
vn 0.7232 0.1847 0.6654
vn -0.7740 -0.1335 -0.6190
vn 0.7493 0.1593 0.6428
vn -0.1874 -0.8800 0.4365
vn 0.8427 0.0503 0.5360
vn -0.6319 -0.2631 -0.7290
vn 0.5916 -0.5972 -0.5417
vn -0.7493 -0.1593 -0.6428
vn 0.2976 0.7862 -0.5417
vn -0.2976 -0.7862 0.5417
vn -0.6853 -0.2191 -0.6945
vn 0.8055 0.0978 0.5844
vn -0.2359 -0.8428 0.4838
vn 0.3562 0.7214 -0.5939
vn -0.4114 -0.9114 -0.0000
vn 1.0000 -0.0000 -0.0000
vn 0.5194 -0.8545 -0.0000
vn 0.5194 0.8545 -0.0000
vn 0.5194 -0.0000 0.8545
vn 0.5194 -0.0000 -0.8545
vn -1.0000 -0.0000 -0.0000
vn -0.4114 -0.0000 0.9114
vn -0.4114 -0.0000 -0.9114
vn -0.4114 0.9114 -0.0000
vt 0.090525 0.970983
vt 0.090550 0.971018
vt 0.090507 0.971056
vt 0.090464 0.971035
vt 0.090169 0.970765
vt 0.090145 0.970721
vt 0.090206 0.970669
vt 0.090230 0.970713
vt 0.090370 0.970973
vt 0.090453 0.970901
vt 0.090420 0.970841
vt 0.090337 0.970913
vt 0.090533 0.970987
vt 0.090779 0.971212
vt 0.090796 0.971243
vt 0.090440 0.970991
vt 0.090490 0.971024
vt 0.090501 0.970939
vt 0.090753 0.971281
vt 0.090736 0.971249
vt 0.090658 0.971209
vt 0.090715 0.971160
vt 0.090693 0.971119
vt 0.090636 0.971167
vt 0.090639 0.971191
vt 0.090616 0.971149
vt 0.090673 0.971101
vt 0.090696 0.971142
vt 0.090586 0.971139
vt 0.090640 0.971093
vt 0.090619 0.971054
vt 0.090565 0.971100
vt 0.090568 0.971123
vt 0.090546 0.971084
vt 0.090601 0.971037
vt 0.090622 0.971076
vt 0.090782 0.971162
vt 0.090725 0.971188
vt 0.090725 0.971298
vt 0.090782 0.971324
vt 0.090820 0.971301
vt 0.090820 0.971185
s 1
usemtl マテリアル
f 7563/2586/2096 7571/2587/2096 7572/2588/2096 7564/2589/2096
f 7568/2590/2097 7570/2591/2097 7569/2592/2097 7567/2593/2097
f 7596/2594/2098 7568/2590/2098 7567/2593/2098 7595/2595/2098
f 7598/2596/2099 7569/2592/2099 7570/2591/2099 7597/2597/2099
f 7595/2595/2100 7567/2593/2100 7569/2592/2100 7598/2596/2100
f 7597/2597/2101 7570/2591/2101 7568/2590/2101 7596/2594/2101
f 7573/2598/2102 7577/2599/2102 7575/2600/2102 7571/2587/2102
f 7566/2601/2103 7574/2602/2103 7573/2598/2103 7565/2603/2103
f 7565/2603/2104 7573/2598/2104 7571/2587/2104 7563/2586/2104
f 7564/2589/2105 7572/2588/2105 7574/2602/2105 7566/2601/2105
f 7576/2604/2106 7575/2600/2106 7577/2599/2106 7578/2605/2106
f 7572/2588/2107 7576/2604/2107 7578/2605/2107 7574/2602/2107
f 7571/2587/2108 7575/2600/2108 7576/2604/2108 7572/2588/2108
f 7574/2602/2109 7578/2605/2109 7577/2599/2109 7573/2598/2109
f 7580/2606/2106 7579/2607/2106 7581/2608/2106 7582/2609/2106
f 7584/2610/2097 7586/2611/2097 7585/2612/2097 7583/2613/2097
f 7580/2606/2108 7584/2610/2108 7583/2613/2108 7579/2607/2108
f 7581/2608/2109 7585/2612/2109 7586/2611/2109 7582/2609/2109
f 7579/2607/2102 7583/2613/2102 7585/2612/2102 7581/2608/2102
f 7582/2609/2107 7586/2611/2107 7584/2610/2107 7580/2606/2107
f 7588/2614/2106 7587/2615/2106 7589/2616/2106 7590/2617/2106
f 7592/2618/2097 7594/2619/2097 7593/2620/2097 7591/2621/2097
f 7588/2614/2108 7592/2618/2108 7591/2621/2108 7587/2615/2108
f 7589/2616/2109 7593/2620/2109 7594/2619/2109 7590/2617/2109
f 7587/2615/2102 7591/2621/2102 7593/2620/2102 7589/2616/2102
f 7590/2617/2107 7594/2619/2107 7592/2618/2107 7588/2614/2107
f 7566/2601/2110 7597/2597/2110 7596/2594/2110 7564/2589/2110
f 7563/2586/2111 7595/2595/2111 7598/2596/2111 7565/2603/2111
f 7565/2603/2112 7598/2596/2112 7597/2597/2112 7566/2601/2112
f 7564/2589/2113 7596/2594/2113 7595/2595/2113 7563/2586/2113
f 7602/2622/2114 7610/2623/2114 7608/2624/2114 7600/2625/2114
f 7605/2626/2115 7606/2626/2115 7604/2627/2115 7603/2627/2115
f 7603/2627/2116 7602/2622/2116 7600/2625/2116 7605/2626/2116
f 7606/2626/2117 7599/2625/2117 7601/2622/2117 7604/2627/2117
f 7604/2627/2118 7601/2622/2118 7602/2622/2118 7603/2627/2118
f 7605/2626/2119 7600/2625/2119 7599/2625/2119 7606/2626/2119
f 7608/2624/2120 7610/2623/2120 7609/2623/2120 7607/2624/2120
f 7601/2622/2121 7609/2623/2121 7610/2623/2121 7602/2622/2121
f 7600/2625/2122 7608/2624/2122 7607/2624/2122 7599/2625/2122
f 7599/2625/2123 7607/2624/2123 7609/2623/2123 7601/2622/2123
o rgear1_r
v -0.657894 -0.835815 -0.694512
v -0.548824 -0.858999 -0.788077
v -0.614579 -0.950249 -0.615665
v -0.505510 -0.973432 -0.709230
v -0.126757 -0.299695 -0.208200
v -0.017688 -0.322878 -0.301765
v -0.083443 -0.414128 -0.129353
v 0.025627 -0.437312 -0.222917
v -0.703547 -0.923048 -0.758092
v -0.625279 -0.939684 -0.825233
v -0.672464 -1.005164 -0.701512
v -0.594197 -1.021800 -0.768653
v -1.145897 -1.369550 -1.163111
v -1.067630 -1.386186 -1.230252
v -1.114815 -1.451666 -1.106531
v -1.036548 -1.468302 -1.173673
v -1.000064 -1.190316 -1.012632
v -0.897821 -1.212049 -1.100341
v -0.959460 -1.297588 -0.938720
v -0.857217 -1.319320 -1.026429
v -0.964656 -1.154576 -0.980212
v -0.862413 -1.176308 -1.067921
v -0.924052 -1.261847 -0.906300
v -0.821809 -1.283580 -0.994009
v -0.865264 -1.060602 -0.892569
v -0.767775 -1.081324 -0.976201
v -0.826548 -1.162886 -0.822094
v -0.729058 -1.183608 -0.905725
v -0.832424 -1.027454 -0.862501
v -0.734934 -1.048176 -0.946132
v -0.793708 -1.129738 -0.792025
v -0.696218 -1.150460 -0.875656
v -0.529149 -0.651531 -0.547877
v -0.379412 -0.683358 -0.676329
v -0.319947 -0.840460 -0.568083
v -0.469684 -0.808632 -0.439631
v -1.120244 -1.283885 -1.307314
v -1.120244 -1.575048 -1.307314
v -1.120244 -1.283885 -1.016150
v -1.120244 -1.575048 -1.016150
v -1.188355 -1.533651 -1.057548
v -1.188355 -1.325282 -1.057548
v -1.188355 -1.533651 -1.265916
v -1.188355 -1.325282 -1.265916
v -1.017189 -1.330406 -1.260792
v -1.017189 -1.528527 -1.260792
v -1.017189 -1.330406 -1.062671
v -1.017189 -1.528527 -1.062671
vn -0.3982 0.6672 -0.6295
vn 0.5916 0.5972 0.5417
vn -0.2719 0.8110 -0.5179
vn 0.3227 -0.7598 0.5644
vn -0.7232 0.1847 0.6654
vn 0.7740 -0.1335 -0.6190
vn -0.7493 0.1593 0.6428
vn 0.1874 -0.8800 0.4365
vn -0.8427 0.0503 0.5360
vn 0.6319 -0.2631 -0.7290
vn -0.5916 -0.5972 -0.5417
vn 0.7493 -0.1593 -0.6428
vn -0.2976 0.7862 -0.5417
vn 0.2976 -0.7862 0.5417
vn 0.6853 -0.2191 -0.6945
vn -0.8055 0.0978 0.5844
vn 0.2359 -0.8428 0.4838
vn -0.3562 0.7214 -0.5939
vn 0.4114 -0.9114 -0.0000
vn -1.0000 -0.0000 -0.0000
vn -0.5194 -0.8545 -0.0000
vn -0.5194 0.8545 -0.0000
vn -0.5194 -0.0000 0.8545
vn -0.5194 -0.0000 -0.8545
vn 1.0000 -0.0000 -0.0000
vn 0.4114 -0.0000 0.9114
vn 0.4114 -0.0000 -0.9114
vn 0.4114 0.9114 -0.0000
vt 0.090525 0.970983
vt 0.090464 0.971035
vt 0.090507 0.971056
vt 0.090550 0.971018
vt 0.090169 0.970765
vt 0.090230 0.970713
vt 0.090206 0.970669
vt 0.090145 0.970721
vt 0.090370 0.970973
vt 0.090453 0.970901
vt 0.090420 0.970841
vt 0.090337 0.970913
vt 0.090533 0.970987
vt 0.090796 0.971243
vt 0.090779 0.971212
vt 0.090440 0.970991
vt 0.090501 0.970939
vt 0.090490 0.971024
vt 0.090753 0.971281
vt 0.090736 0.971249
vt 0.090658 0.971209
vt 0.090636 0.971167
vt 0.090693 0.971119
vt 0.090715 0.971160
vt 0.090639 0.971191
vt 0.090696 0.971142
vt 0.090673 0.971101
vt 0.090616 0.971149
vt 0.090586 0.971139
vt 0.090565 0.971100
vt 0.090619 0.971054
vt 0.090640 0.971093
vt 0.090568 0.971123
vt 0.090622 0.971076
vt 0.090601 0.971037
vt 0.090546 0.971084
vt 0.090782 0.971162
vt 0.090782 0.971324
vt 0.090725 0.971298
vt 0.090725 0.971188
vt 0.090820 0.971301
vt 0.090820 0.971185
s 1
usemtl マテリアル
f 7611/2628/2124 7612/2629/2124 7620/2630/2124 7619/2631/2124
f 7616/2632/2125 7615/2633/2125 7617/2634/2125 7618/2635/2125
f 7644/2636/2126 7643/2637/2126 7615/2633/2126 7616/2632/2126
f 7646/2638/2127 7645/2639/2127 7618/2635/2127 7617/2634/2127
f 7643/2637/2128 7646/2638/2128 7617/2634/2128 7615/2633/2128
f 7645/2639/2129 7644/2636/2129 7616/2632/2129 7618/2635/2129
f 7621/2640/2130 7619/2631/2130 7623/2641/2130 7625/2642/2130
f 7614/2643/2131 7613/2644/2131 7621/2640/2131 7622/2645/2131
f 7613/2644/2132 7611/2628/2132 7619/2631/2132 7621/2640/2132
f 7612/2629/2133 7614/2643/2133 7622/2645/2133 7620/2630/2133
f 7624/2646/2134 7626/2647/2134 7625/2642/2134 7623/2641/2134
f 7620/2630/2135 7622/2645/2135 7626/2647/2135 7624/2646/2135
f 7619/2631/2136 7620/2630/2136 7624/2646/2136 7623/2641/2136
f 7622/2645/2137 7621/2640/2137 7625/2642/2137 7626/2647/2137
f 7628/2648/2134 7630/2649/2134 7629/2650/2134 7627/2651/2134
f 7632/2652/2125 7631/2653/2125 7633/2654/2125 7634/2655/2125
f 7628/2648/2136 7627/2651/2136 7631/2653/2136 7632/2652/2136
f 7629/2650/2137 7630/2649/2137 7634/2655/2137 7633/2654/2137
f 7627/2651/2130 7629/2650/2130 7633/2654/2130 7631/2653/2130
f 7630/2649/2135 7628/2648/2135 7632/2652/2135 7634/2655/2135
f 7636/2656/2134 7638/2657/2134 7637/2658/2134 7635/2659/2134
f 7640/2660/2125 7639/2661/2125 7641/2662/2125 7642/2663/2125
f 7636/2656/2136 7635/2659/2136 7639/2661/2136 7640/2660/2136
f 7637/2658/2137 7638/2657/2137 7642/2663/2137 7641/2662/2137
f 7635/2659/2130 7637/2658/2130 7641/2662/2130 7639/2661/2130
f 7638/2657/2135 7636/2656/2135 7640/2660/2135 7642/2663/2135
f 7614/2643/2138 7612/2629/2138 7644/2636/2138 7645/2639/2138
f 7611/2628/2139 7613/2644/2139 7646/2638/2139 7643/2637/2139
f 7613/2644/2140 7614/2643/2140 7645/2639/2140 7646/2638/2140
f 7612/2629/2141 7611/2628/2141 7643/2637/2141 7644/2636/2141
f 7650/2664/2142 7648/2665/2142 7656/2666/2142 7658/2667/2142
f 7653/2668/2143 7651/2669/2143 7652/2669/2143 7654/2668/2143
f 7651/2669/2144 7653/2668/2144 7648/2665/2144 7650/2664/2144
f 7654/2668/2145 7652/2669/2145 7649/2664/2145 7647/2665/2145
f 7652/2669/2146 7651/2669/2146 7650/2664/2146 7649/2664/2146
f 7653/2668/2147 7654/2668/2147 7647/2665/2147 7648/2665/2147
f 7656/2666/2148 7655/2666/2148 7657/2667/2148 7658/2667/2148
f 7649/2664/2149 7650/2664/2149 7658/2667/2149 7657/2667/2149
f 7648/2665/2150 7647/2665/2150 7655/2666/2150 7656/2666/2150
f 7647/2665/2151 7649/2664/2151 7657/2667/2151 7655/2666/2151
o rgear2_l
v 0.278497 -0.133125 -1.069850
v 0.434381 -0.043124 -1.069850
v 0.278497 -0.133125 -1.249850
v 0.434381 -0.043124 -1.249850
v 0.858919 -0.778445 -1.249850
v 0.703034 -0.868445 -1.249850
v 0.703034 -0.868445 -1.069850
v 0.858919 -0.778445 -1.069850
v 1.029276 -1.364599 -1.104307
v 1.125479 -1.309056 -1.104307
v 1.029276 -1.364599 -1.215392
v 1.125479 -1.309056 -1.215392
v 0.728279 -0.843256 -1.215392
v 0.824481 -0.787713 -1.104307
v 0.728279 -0.843256 -1.104307
v 0.824481 -0.787713 -1.215392
v 0.894183 -1.165087 -1.232630
v 1.020243 -1.092306 -1.087069
v 0.894183 -1.165087 -1.087069
v 1.020243 -1.092306 -1.232630
v 0.846285 -1.082125 -1.232630
v 0.972345 -1.009344 -1.087069
v 0.846285 -1.082125 -1.087069
v 0.972345 -1.009344 -1.232630
v 0.938153 -0.950122 -1.087069
v 0.938153 -0.950122 -1.232630
v 0.812094 -1.022903 -1.087069
v 0.812094 -1.022903 -1.232630
v 0.914155 -0.908557 -1.087069
v 0.914155 -0.908557 -1.232630
v 0.788096 -0.981338 -1.087069
v 0.788096 -0.981338 -1.232630
vn -0.5000 0.8660 -0.0000
vn -0.0000 -0.0000 -1.0000
vn -0.8660 -0.5000 -0.0000
vn -0.0000 -0.0000 1.0000
vn 0.8660 0.5000 -0.0000
vn 0.5000 -0.8660 -0.0000
vt 0.090314 0.971192
vt 0.090401 0.971192
vt 0.090401 0.971292
vt 0.090314 0.971292
vt 0.090637 0.971292
vt 0.090550 0.971292
vt 0.090564 0.971211
vt 0.090564 0.971272
vt 0.090732 0.971272
vt 0.090732 0.971211
vt 0.090550 0.971192
vt 0.090637 0.971192
vt 0.090785 0.971272
vt 0.090785 0.971211
vt 0.090618 0.971272
vt 0.090618 0.971211
vt 0.090656 0.971201
vt 0.090656 0.971282
vt 0.090726 0.971282
vt 0.090726 0.971201
vt 0.090630 0.971201
vt 0.090700 0.971201
vt 0.090700 0.971282
vt 0.090630 0.971282
vt 0.090681 0.971282
vt 0.090681 0.971201
vt 0.090611 0.971201
vt 0.090611 0.971282
vt 0.090667 0.971282
vt 0.090597 0.971282
vt 0.090597 0.971201
vt 0.090667 0.971201
s 1
usemtl マテリアル
f 7659/2670/2152 7660/2671/2152 7662/2672/2152 7661/2673/2152
f 7661/2673/2153 7662/2672/2153 7663/2674/2153 7664/2675/2153
f 7673/2676/2154 7671/2677/2154 7669/2678/2154 7667/2679/2154
f 7665/2680/2155 7666/2681/2155 7660/2671/2155 7659/2670/2155
f 7661/2673/2154 7664/2675/2154 7665/2680/2154 7659/2670/2154
f 7663/2674/2156 7662/2672/2156 7660/2671/2156 7666/2681/2156
f 7664/2675/2157 7663/2674/2157 7666/2681/2157 7665/2680/2157
f 7669/2678/2157 7670/2682/2157 7668/2683/2157 7667/2679/2157
f 7674/2684/2156 7672/2685/2156 7668/2683/2156 7670/2682/2156
f 7671/2677/2153 7674/2684/2153 7670/2682/2153 7669/2678/2153
f 7672/2685/2155 7673/2676/2155 7667/2679/2155 7668/2683/2155
f 7673/2676/2152 7672/2685/2152 7674/2684/2152 7671/2677/2152
f 7677/2686/2157 7675/2687/2157 7678/2688/2157 7676/2689/2157
f 7681/2690/2152 7680/2691/2152 7682/2692/2152 7679/2693/2152
f 7678/2688/2156 7682/2692/2156 7680/2691/2156 7676/2689/2156
f 7676/2689/2155 7680/2691/2155 7681/2690/2155 7677/2686/2155
f 7677/2686/2154 7681/2690/2154 7679/2693/2154 7675/2687/2154
f 7675/2687/2153 7679/2693/2153 7682/2692/2153 7678/2688/2153
f 7684/2694/2157 7683/2695/2157 7685/2696/2157 7686/2697/2157
f 7688/2698/2152 7690/2699/2152 7689/2700/2152 7687/2701/2152
f 7683/2695/2155 7687/2701/2155 7689/2700/2155 7685/2696/2155
f 7686/2697/2153 7690/2699/2153 7688/2698/2153 7684/2694/2153
f 7684/2694/2156 7688/2698/2156 7687/2701/2156 7683/2695/2156
f 7685/2696/2154 7689/2700/2154 7690/2699/2154 7686/2697/2154
o rgear2_r
v -0.278497 -0.133125 -1.069850
v -0.434381 -0.043124 -1.069850
v -0.278497 -0.133125 -1.249850
v -0.434381 -0.043124 -1.249850
v -0.858919 -0.778445 -1.249850
v -0.703034 -0.868445 -1.249850
v -0.703034 -0.868445 -1.069850
v -0.858919 -0.778445 -1.069850
v -1.029276 -1.364599 -1.104307
v -1.125479 -1.309056 -1.104307
v -1.029276 -1.364599 -1.215392
v -1.125479 -1.309056 -1.215392
v -0.728279 -0.843256 -1.215392
v -0.824481 -0.787713 -1.104307
v -0.728279 -0.843256 -1.104307
v -0.824481 -0.787713 -1.215392
v -0.894183 -1.165087 -1.232630
v -1.020243 -1.092306 -1.087069
v -0.894183 -1.165087 -1.087069
v -1.020243 -1.092306 -1.232630
v -0.846285 -1.082125 -1.232630
v -0.972345 -1.009344 -1.087069
v -0.846285 -1.082125 -1.087069
v -0.972345 -1.009344 -1.232630
v -0.938153 -0.950122 -1.087069
v -0.938153 -0.950122 -1.232630
v -0.812094 -1.022903 -1.087069
v -0.812094 -1.022903 -1.232630
v -0.914155 -0.908557 -1.087069
v -0.914155 -0.908557 -1.232630
v -0.788096 -0.981338 -1.087069
v -0.788096 -0.981338 -1.232630
vn 0.5000 0.8660 -0.0000
vn -0.0000 -0.0000 -1.0000
vn 0.8660 -0.5000 -0.0000
vn -0.0000 -0.0000 1.0000
vn -0.8660 0.5000 -0.0000
vn -0.5000 -0.8660 -0.0000
vt 0.090314 0.971192
vt 0.090314 0.971292
vt 0.090401 0.971292
vt 0.090401 0.971192
vt 0.090550 0.971292
vt 0.090637 0.971292
vt 0.090564 0.971211
vt 0.090732 0.971211
vt 0.090732 0.971272
vt 0.090564 0.971272
vt 0.090550 0.971192
vt 0.090637 0.971192
vt 0.090785 0.971211
vt 0.090785 0.971272
vt 0.090618 0.971272
vt 0.090618 0.971211
vt 0.090656 0.971201
vt 0.090726 0.971201
vt 0.090726 0.971282
vt 0.090656 0.971282
vt 0.090630 0.971201
vt 0.090630 0.971282
vt 0.090700 0.971282
vt 0.090700 0.971201
vt 0.090681 0.971282
vt 0.090611 0.971282
vt 0.090611 0.971201
vt 0.090681 0.971201
vt 0.090667 0.971282
vt 0.090667 0.971201
vt 0.090597 0.971201
vt 0.090597 0.971282
s 1
usemtl マテリアル
f 7691/2702/2158 7693/2703/2158 7694/2704/2158 7692/2705/2158
f 7693/2703/2159 7696/2706/2159 7695/2707/2159 7694/2704/2159
f 7705/2708/2160 7699/2709/2160 7701/2710/2160 7703/2711/2160
f 7697/2712/2161 7691/2702/2161 7692/2705/2161 7698/2713/2161
f 7693/2703/2160 7691/2702/2160 7697/2712/2160 7696/2706/2160
f 7695/2707/2162 7698/2713/2162 7692/2705/2162 7694/2704/2162
f 7696/2706/2163 7697/2712/2163 7698/2713/2163 7695/2707/2163
f 7701/2710/2163 7699/2709/2163 7700/2714/2163 7702/2715/2163
f 7706/2716/2162 7702/2715/2162 7700/2714/2162 7704/2717/2162
f 7703/2711/2159 7701/2710/2159 7702/2715/2159 7706/2716/2159
f 7704/2717/2161 7700/2714/2161 7699/2709/2161 7705/2708/2161
f 7705/2708/2158 7703/2711/2158 7706/2716/2158 7704/2717/2158
f 7709/2718/2163 7708/2719/2163 7710/2720/2163 7707/2721/2163
f 7713/2722/2158 7711/2723/2158 7714/2724/2158 7712/2725/2158
f 7710/2720/2162 7708/2719/2162 7712/2725/2162 7714/2724/2162
f 7708/2719/2161 7709/2718/2161 7713/2722/2161 7712/2725/2161
f 7709/2718/2160 7707/2721/2160 7711/2723/2160 7713/2722/2160
f 7707/2721/2159 7710/2720/2159 7714/2724/2159 7711/2723/2159
f 7716/2726/2163 7718/2727/2163 7717/2728/2163 7715/2729/2163
f 7720/2730/2158 7719/2731/2158 7721/2732/2158 7722/2733/2158
f 7715/2729/2161 7717/2728/2161 7721/2732/2161 7719/2731/2161
f 7718/2727/2159 7716/2726/2159 7720/2730/2159 7722/2733/2159
f 7716/2726/2162 7715/2729/2162 7719/2731/2162 7720/2730/2162
f 7717/2728/2160 7718/2727/2160 7722/2733/2160 7721/2732/2160
o rudder
v -0.096910 1.547723 -5.853341
v -0.035425 3.614469 -7.130116
v 0.096910 1.547723 -5.853341
v 0.000000 1.547723 -6.593385
v 0.041680 3.614469 -7.130116
v 0.000000 3.614469 -7.588645
vn -0.9929 -0.0455 -0.1096
vn 0.9921 -0.0498 -0.1147
vn -0.0000 1.0000 -0.0000
vn -0.0000 -1.0000 -0.0000
vn -0.0000 0.5256 0.8508
vt 0.466237 0.610460
vt 0.500524 0.610460
vt 0.441370 0.706214
vt 0.420126 0.706214
vt 0.855022 0.514757
vt 0.889309 0.514757
vt 0.935420 0.610511
vt 0.914176 0.610511
vt 0.009680 0.992552
vt 0.004687 0.993617
vt 0.004885 0.993617
vt 0.009431 0.991594
vt 0.009088 0.991594
vt 0.005543 0.992551
s 1
usemtl マテリアル
f 7726/2734/2164 7723/2735/2164 7724/2736/2164 7728/2737/2164
f 7725/2738/2165 7726/2739/2165 7728/2740/2165 7727/2741/2165
f 7727/2742/2166 7728/2743/2166 7724/2744/2166
f 7726/2745/2167 7725/2746/2167 7723/2747/2167
f 7724/2744/2168 7723/2747/2168 7725/2746/2168 7727/2742/2168
o stick
v -0.379080 0.583711 5.134442
v -0.379080 0.609174 5.128515
v -0.379080 0.584417 5.118010
v -0.379080 0.603671 5.103052
v -0.361715 0.583711 5.134442
v -0.361715 0.609174 5.128515
v -0.361715 0.584417 5.118010
v -0.361715 0.603671 5.103052
v -0.379080 0.591927 5.127245
v -0.379080 0.588682 5.103617
v -0.361715 0.588682 5.103617
v -0.361715 0.591927 5.127245
v -0.361715 0.600339 5.126046
v -0.361715 0.597023 5.103052
v -0.379080 0.597023 5.103052
v -0.379080 0.600339 5.126046
v -0.359043 0.472199 5.043847
v -0.344043 0.472199 5.058846
v -0.344043 0.472199 5.080059
v -0.359043 0.472199 5.095058
v -0.380255 0.472199 5.095058
v -0.395255 0.472199 5.080059
v -0.395255 0.472199 5.058846
v -0.380255 0.472199 5.043847
v -0.357044 0.485123 5.039021
v -0.339217 0.485123 5.056847
v -0.339217 0.485123 5.082057
v -0.357044 0.485123 5.099884
v -0.382254 0.485123 5.099884
v -0.400081 0.485123 5.082057
v -0.400081 0.485123 5.056847
v -0.382254 0.485123 5.039021
v -0.360013 0.494477 5.046188
v -0.346384 0.494477 5.056402
v -0.346384 0.494477 5.082893
v -0.360013 0.494477 5.092717
v -0.379285 0.494477 5.092717
v -0.392914 0.494477 5.082990
v -0.392914 0.494477 5.056402
v -0.379285 0.494477 5.046188
v -0.353677 0.485337 5.108477
v -0.353677 0.494418 5.108477
v -0.327676 0.494418 5.082476
v -0.327676 0.485337 5.082476
v -0.327676 0.485337 5.045705
v -0.327676 0.494418 5.045705
v -0.353677 0.494418 5.019704
v -0.353677 0.485337 5.019704
v -0.390448 0.494418 5.019704
v -0.390448 0.485337 5.019704
v -0.416449 0.485337 5.045705
v -0.416449 0.494418 5.045705
v -0.416449 0.494418 5.082476
v -0.416449 0.485337 5.082476
v -0.390448 0.485337 5.108477
v -0.390448 0.494418 5.108477
v -0.348655 0.500681 5.056463
v -0.358847 0.500681 5.046334
v -0.348655 0.500681 5.082832
v -0.360953 0.500681 5.092571
v -0.378345 0.500681 5.092571
v -0.390643 0.500681 5.082930
v -0.390643 0.500681 5.056463
v -0.380451 0.500681 5.046334
v -0.350444 0.544897 5.056016
v -0.359009 0.547530 5.047325
v -0.350444 0.541173 5.085679
v -0.361694 0.538540 5.093980
v -0.377604 0.538540 5.093980
v -0.388854 0.541173 5.085776
v -0.388854 0.544897 5.056016
v -0.380289 0.547530 5.047325
v -0.339217 0.472199 5.056847
v -0.357044 0.472199 5.039021
v -0.339217 0.472199 5.082057
v -0.357044 0.472199 5.099884
v -0.382254 0.472199 5.099884
v -0.400081 0.472199 5.082057
v -0.400081 0.472199 5.056847
v -0.382254 0.472199 5.039021
v -0.360070 0.467729 5.046327
v -0.346524 0.467729 5.059874
v -0.346524 0.467729 5.079031
v -0.360070 0.467729 5.092578
v -0.379228 0.467729 5.092578
v -0.392774 0.467729 5.079031
v -0.392774 0.467729 5.059874
v -0.379228 0.467729 5.046327
v -0.360903 0.448798 5.048004
v -0.348535 0.448964 5.060371
v -0.348535 0.449200 5.077860
v -0.360903 0.449367 5.090228
v -0.378395 0.449367 5.090228
v -0.390763 0.449200 5.077860
v -0.390763 0.448964 5.060371
v -0.378395 0.448798 5.048004
v -0.350444 0.588720 5.066755
v -0.357678 0.593742 5.059820
v -0.350444 0.579627 5.088356
v -0.361694 0.576109 5.096534
v -0.377604 0.576109 5.096534
v -0.388854 0.579627 5.088356
v -0.388854 0.588720 5.066755
v -0.383083 0.593742 5.059820
v -0.350444 0.606377 5.077815
v -0.354121 0.612870 5.070168
v -0.350444 0.590558 5.099795
v -0.361694 0.584045 5.107695
v -0.377604 0.584045 5.107695
v -0.388854 0.590558 5.099795
v -0.388854 0.606377 5.077815
v -0.385361 0.612670 5.070445
v -0.331140 0.619321 5.083721
v -0.335097 0.624850 5.078670
v -0.331140 0.599526 5.107286
v -0.342390 0.593370 5.113958
v -0.386430 0.611159 5.152890
v -0.397680 0.616800 5.152289
v -0.395973 0.650071 5.105585
v -0.392479 0.653544 5.100261
v -0.391843 0.622509 5.078077
v -0.395343 0.616992 5.083111
v -0.395343 0.597197 5.106677
v -0.384093 0.591747 5.112642
v -0.329970 0.650535 5.104088
v -0.333919 0.653685 5.099211
v -0.329970 0.617265 5.150792
v -0.341220 0.611154 5.151393
v -0.393004 0.638951 5.089697
v -0.385261 0.608009 5.130572
v -0.396511 0.634019 5.094104
v -0.396511 0.612973 5.123874
v -0.341805 0.608113 5.130716
v -0.330555 0.614369 5.123431
v -0.330555 0.635416 5.093661
v -0.334498 0.640203 5.089454
v -0.393291 0.668846 5.119240
v -0.389799 0.672375 5.113840
v -0.329970 0.664394 5.115711
v -0.333947 0.668292 5.109800
v -0.383346 0.673052 5.125651
v -0.339431 0.668443 5.121950
v -0.329970 0.632139 5.161765
v -0.339583 0.635921 5.166572
v -0.394632 0.634112 5.165944
v -0.383545 0.638208 5.169353
v -0.374847 0.607511 5.170106
v -0.387317 0.612420 5.169504
v -0.339926 0.612885 5.168007
v -0.351176 0.607244 5.168609
v -0.374733 0.617899 5.182523
v -0.385983 0.623627 5.178739
v -0.339926 0.622141 5.176023
v -0.351176 0.618363 5.181026
v -0.374733 0.628397 5.182015
v -0.351176 0.626153 5.180472
v -0.337251 0.571570 5.091279
v -0.328332 0.564989 5.085362
v -0.328332 0.564989 5.071670
v -0.337251 0.571570 5.065753
v -0.355217 0.584888 5.065753
v -0.355217 0.584888 5.091279
v -0.365993 0.535468 5.091279
v -0.357073 0.528886 5.085362
v -0.357073 0.528886 5.071670
v -0.365993 0.535468 5.065753
v -0.383959 0.548785 5.065753
v -0.383959 0.548785 5.091279
v -0.371325 0.667833 5.112384
v -0.363384 0.661328 5.107829
v -0.363384 0.652128 5.101388
v -0.371325 0.645622 5.096832
v -0.382556 0.645622 5.096832
v -0.390498 0.652128 5.101388
v -0.390498 0.661328 5.107829
v -0.382556 0.667833 5.112384
v -0.365264 0.662499 5.104798
v -0.372104 0.668102 5.108722
v -0.365264 0.654575 5.099250
v -0.372104 0.648972 5.095327
v -0.381777 0.648972 5.095327
v -0.388617 0.654575 5.099250
v -0.388617 0.662499 5.104798
v -0.381777 0.668102 5.108722
v -0.363384 0.663137 5.105245
v -0.371325 0.669642 5.109800
v -0.363384 0.653937 5.098804
v -0.371325 0.647432 5.094248
v -0.382556 0.647432 5.094248
v -0.390498 0.653937 5.098804
v -0.390498 0.663137 5.105245
v -0.382556 0.669642 5.109800
v -0.373515 0.665150 5.095054
v -0.375522 0.666794 5.096204
v -0.373515 0.662826 5.093426
v -0.375522 0.661182 5.092275
v -0.378360 0.661182 5.092275
v -0.380366 0.662826 5.093426
v -0.380366 0.665150 5.095054
v -0.378360 0.666794 5.096204
v -0.371908 0.641556 5.092750
v -0.365633 0.636415 5.089150
v -0.365633 0.629145 5.084060
v -0.371908 0.624004 5.080460
v -0.380784 0.624004 5.080460
v -0.387060 0.629145 5.084060
v -0.387060 0.636415 5.089150
v -0.380784 0.641556 5.092750
v -0.368441 0.637153 5.086069
v -0.373072 0.640946 5.088725
v -0.368441 0.631788 5.082313
v -0.373072 0.627995 5.079657
v -0.379620 0.627995 5.079657
v -0.384251 0.631788 5.082313
v -0.384251 0.637153 5.086069
v -0.379620 0.640946 5.088725
v -0.365633 0.638106 5.086736
v -0.371908 0.643247 5.090335
v -0.365633 0.630835 5.081645
v -0.371908 0.625695 5.078045
v -0.380784 0.625695 5.078045
v -0.387060 0.630836 5.081645
v -0.387060 0.638106 5.086736
v -0.380784 0.643247 5.090335
v -0.372446 0.638411 5.081379
v -0.374731 0.640282 5.082689
v -0.372446 0.635765 5.079526
v -0.374731 0.633894 5.078216
v -0.377961 0.633894 5.078216
v -0.380246 0.635765 5.079526
v -0.380246 0.638411 5.081379
v -0.377961 0.640282 5.082689
v -0.368441 0.639023 5.083397
v -0.373072 0.642816 5.086053
v -0.368441 0.633659 5.079641
v -0.373072 0.629866 5.076985
v -0.379620 0.629866 5.076985
v -0.384251 0.633659 5.079641
v -0.384251 0.639023 5.083397
v -0.379620 0.642816 5.086053
v -0.367411 0.635636 5.076074
v -0.367411 0.641699 5.080320
v -0.380047 0.631348 5.073072
v -0.372645 0.631348 5.073072
v -0.385281 0.641699 5.080320
v -0.385281 0.635636 5.076074
v -0.372645 0.645987 5.083322
v -0.380047 0.645986 5.083322
v -0.369127 0.636218 5.076482
v -0.369127 0.641117 5.079912
v -0.379336 0.632754 5.074056
v -0.373356 0.632754 5.074056
v -0.383565 0.641117 5.079912
v -0.383565 0.636218 5.076482
v -0.373356 0.644581 5.082338
v -0.379336 0.644581 5.082338
v -0.369959 0.638508 5.083037
v -0.373700 0.641573 5.085183
v -0.369959 0.634174 5.080002
v -0.373700 0.631109 5.077856
v -0.378992 0.631109 5.077856
v -0.382733 0.634174 5.080002
v -0.382733 0.638508 5.083037
v -0.378992 0.641573 5.085183
v -0.348282 0.665236 5.109180
v -0.339775 0.662350 5.107160
v -0.336251 0.655381 5.102280
v -0.339775 0.648412 5.097400
v -0.348282 0.645525 5.095379
v -0.356790 0.648412 5.097400
v -0.360314 0.655381 5.102280
v -0.356790 0.662350 5.107160
v -0.348282 0.663662 5.104698
v -0.342505 0.661701 5.103326
v -0.340112 0.656969 5.100012
v -0.342505 0.652236 5.096698
v -0.348282 0.650276 5.095325
v -0.354060 0.652236 5.096698
v -0.356453 0.656969 5.100012
v -0.354060 0.661701 5.103326
v -0.339775 0.663938 5.104892
v -0.348282 0.666824 5.106913
v -0.336251 0.656969 5.100012
v -0.339775 0.650000 5.095132
v -0.348282 0.647113 5.093111
v -0.356790 0.650000 5.095132
v -0.360314 0.656969 5.100012
v -0.356790 0.663938 5.104892
v -0.348282 0.668342 5.095854
v -0.343381 0.666679 5.094690
v -0.341351 0.662664 5.091878
v -0.343381 0.658649 5.089067
v -0.348282 0.656986 5.087903
v -0.353184 0.658649 5.089067
v -0.355214 0.662664 5.091878
v -0.353184 0.666679 5.094690
v -0.342505 0.666867 5.095949
v -0.348282 0.668827 5.097322
v -0.340112 0.662134 5.092635
v -0.342505 0.657402 5.089321
v -0.348282 0.655441 5.087948
v -0.354060 0.657402 5.089321
v -0.356453 0.662134 5.092635
v -0.354060 0.666867 5.095949
v -0.341348 0.639419 5.085983
v -0.346319 0.643491 5.088834
v -0.341348 0.633661 5.081951
v -0.346319 0.629589 5.079100
v -0.353349 0.629589 5.079100
v -0.358319 0.633661 5.081951
v -0.358319 0.639419 5.085983
v -0.353349 0.643491 5.088834
v -0.339890 0.638022 5.089032
v -0.345715 0.642793 5.092372
v -0.339890 0.631274 5.084307
v -0.345715 0.626503 5.080966
v -0.353953 0.626503 5.080966
v -0.359778 0.631274 5.084307
v -0.359778 0.638022 5.089032
v -0.353953 0.642793 5.092372
v -0.339890 0.639914 5.086329
v -0.345715 0.644685 5.089670
v -0.339890 0.633166 5.081604
v -0.345715 0.628395 5.078263
v -0.353953 0.628395 5.078263
v -0.359778 0.633166 5.081604
v -0.359778 0.639914 5.086329
v -0.353953 0.644685 5.089670
v -0.343398 0.640639 5.082761
v -0.347168 0.643727 5.084923
v -0.343398 0.636272 5.079703
v -0.347168 0.633183 5.077540
v -0.352500 0.633183 5.077540
v -0.356270 0.636272 5.079703
v -0.356270 0.640639 5.082761
v -0.352500 0.643727 5.084923
v -0.340168 0.572929 5.068027
v -0.346119 0.577146 5.071048
v -0.348584 0.578893 5.078342
v -0.346119 0.577146 5.085636
v -0.340168 0.572929 5.088657
v -0.334216 0.568712 5.085636
v -0.331751 0.566965 5.078342
v -0.334216 0.568712 5.071048
v -0.337336 0.576925 5.071118
v -0.341504 0.579878 5.073235
v -0.343230 0.581102 5.078342
v -0.341504 0.579878 5.083450
v -0.337336 0.576925 5.085566
v -0.333168 0.573972 5.083450
v -0.331442 0.572749 5.078342
v -0.333168 0.573972 5.073235
v -0.337066 0.577306 5.068312
v -0.342854 0.581406 5.071249
v -0.345251 0.583105 5.078342
v -0.342854 0.581406 5.085435
v -0.337066 0.577306 5.088373
v -0.331279 0.573205 5.085435
v -0.328882 0.571507 5.078342
v -0.331279 0.573205 5.071249
v -0.333068 0.582950 5.068312
v -0.338855 0.587050 5.071249
v -0.341252 0.588749 5.078342
v -0.338855 0.587050 5.085435
v -0.333068 0.582950 5.088373
v -0.327280 0.578849 5.085435
v -0.324883 0.577150 5.078342
v -0.327280 0.578849 5.071249
v -0.373031 0.627746 5.169380
v -0.373031 0.627746 5.164419
v -0.373031 0.624238 5.160911
v -0.373031 0.619277 5.160911
v -0.373031 0.615769 5.164419
v -0.373031 0.615769 5.169380
v -0.373031 0.619277 5.172888
v -0.373031 0.624238 5.172888
v -0.401284 0.627746 5.169380
v -0.401284 0.627746 5.164419
v -0.401284 0.624238 5.160911
v -0.401284 0.619277 5.160911
v -0.401284 0.615769 5.164419
v -0.401284 0.615769 5.169380
v -0.401284 0.619277 5.172888
v -0.401284 0.624238 5.172888
v -0.402312 0.627060 5.164703
v -0.402312 0.627060 5.169096
v -0.402312 0.623954 5.161598
v -0.402312 0.619561 5.161598
v -0.402312 0.616455 5.164703
v -0.402312 0.616455 5.169096
v -0.402312 0.619561 5.172202
v -0.402312 0.623954 5.172202
vn -1.0000 -0.0000 -0.0000
vn -0.0000 -0.0000 -1.0000
vn -0.0000 -0.2691 0.9631
vn -0.0000 0.6589 0.7522
vn -0.0000 -0.0676 -0.9977
vn -0.0000 -0.9588 -0.2841
vn -0.0000 0.1411 0.9900
vn 1.0000 -0.0000 -0.0000
vn -0.0000 0.9774 -0.2112
vn -0.0000 -0.9991 -0.0429
vn -0.6183 -0.4852 -0.6183
vn 0.0029 1.0000 0.0027
vn 0.0032 1.0000 0.0003
vn 0.0014 1.0000 0.0034
vn -0.7071 -0.0000 -0.7071
vn -0.7071 -0.0000 0.7071
vn 0.7071 -0.0000 0.7071
vn 0.7071 -0.0000 -0.7071
vn -0.0000 -0.0000 1.0000
vn 0.5939 0.1668 0.7871
vn 0.0008 1.0000 -0.0021
vn 0.0009 1.0000 -0.0021
vn 0.0025 1.0000 -0.0010
vn 0.0024 1.0000 -0.0011
vn -0.0008 1.0000 -0.0020
vn -0.0023 1.0000 0.0022
vn -0.0025 1.0000 0.0003
vn -0.0020 1.0000 -0.0009
vn -0.0020 1.0000 0.0025
vn -0.0001 1.0000 0.0035
vn -0.0127 -0.9998 0.0127
vn -0.0129 -0.9999 0.0111
vn -0.0133 -0.9999 0.0011
vn -0.0083 -0.9999 -0.0076
vn -0.0128 -0.9999 -0.0007
vn -0.0039 -0.9999 -0.0094
vn 0.0105 -0.9999 -0.0089
vn 0.0175 -0.9998 -0.0014
vn 0.0185 -0.9998 -0.0000
vn -0.0000 -0.9997 0.0249
vn 0.0087 -0.9999 -0.0098
vn 0.0006 -0.9999 -0.0115
vn 0.0179 -0.9997 0.0179
vn -0.7095 0.0194 -0.7044
vn 0.6478 0.0703 -0.7585
vn -0.0000 0.0235 -0.9997
vn -0.0000 0.0223 -0.9998
vn -0.9391 0.3438 -0.0000
vn -0.0000 0.0236 0.9997
vn 0.9391 0.3438 -0.0000
vn -0.6478 0.0703 -0.7585
vn -0.5902 0.1659 0.7901
vn -0.0000 0.2610 -0.9653
vn -0.6055 -0.0236 0.7955
vn 0.6096 -0.0234 0.7923
vn 0.7095 0.0194 -0.7044
vn -0.0000 0.0212 -0.9998
vn -0.9991 0.0421 0.0028
vn -0.0000 -0.0372 0.9993
vn 0.9991 0.0421 0.0028
vn -0.0000 -1.0000 -0.0000
vn 0.9942 -0.1072 0.0007
vn -0.6183 -0.4852 0.6183
vn 0.6183 -0.4852 0.6183
vn 0.6183 -0.4852 -0.6183
vn -0.0000 -0.4851 -0.8744
vn -0.8744 -0.4853 -0.0000
vn -0.0000 -0.4851 0.8744
vn 0.8743 -0.4853 -0.0000
vn -0.0000 -0.9999 0.0135
vn -0.0000 -0.9999 0.0134
vn -0.7043 -0.0937 -0.7037
vn -0.7015 -0.1211 0.7023
vn 0.7015 -0.1211 0.7023
vn 0.7043 -0.0937 -0.7037
vn -0.0000 -0.0882 -0.9961
vn -0.9942 -0.1072 0.0007
vn -0.0000 -0.1269 0.9919
vn -0.6248 -0.5994 0.5004
vn -0.0000 -0.0678 0.9977
vn -0.7627 0.1393 -0.6316
vn -0.5974 -0.0540 0.8001
vn 0.5997 -0.0549 0.7983
vn 0.7322 0.1600 -0.6620
vn -0.0000 0.7716 0.6361
vn 0.6248 -0.5994 0.5004
vn 0.8534 0.1981 -0.4821
vn -0.0060 0.4828 -0.8757
vn -0.0000 -0.8150 0.5795
vn -0.8863 0.1941 -0.4205
vn 0.4497 -0.8897 -0.0791
vn 0.5513 -0.6572 -0.5139
vn 0.5456 -0.4197 -0.7254
vn -0.8781 0.2991 -0.3734
vn -0.9435 -0.3304 0.0239
vn -0.7284 -0.6814 0.0709
vn -0.9998 0.0054 -0.0185
vn -0.4508 -0.8869 0.1012
vn -0.7646 -0.6446 -0.0009
vn -0.2079 -0.6698 0.7129
vn -0.2858 -0.7687 0.5722
vn -0.7917 -0.6075 -0.0642
vn -0.8517 -0.4128 -0.3228
vn -0.8003 -0.1388 -0.5833
vn 0.5046 -0.8583 0.0938
vn 0.2003 -0.9790 0.0390
vn 0.2907 -0.9493 0.1196
vn 0.9995 -0.0246 -0.0181
vn 0.9995 -0.0261 -0.0185
vn 0.9996 -0.0234 -0.0177
vn 0.8338 0.2953 -0.4665
vn -0.8962 -0.3572 0.2630
vn -0.5828 -0.6193 0.5261
vn -0.8633 -0.4015 0.3060
vn -0.9985 -0.0429 -0.0328
vn -0.8836 0.2183 -0.4142
vn 0.8581 0.2596 -0.4430
vn 0.9996 -0.0230 -0.0176
vn 0.6353 -0.5853 0.5037
vn 0.3348 -0.7076 0.6223
vn 0.2936 -0.6934 0.6580
vn -0.0144 0.5998 -0.8000
vn -0.0156 0.5759 -0.8174
vn -0.0155 0.5758 -0.8175
vn -0.0157 0.5812 -0.8136
vn -0.0159 0.5866 -0.8097
vn -0.0158 0.5865 -0.8098
vn 0.8509 0.3237 -0.4137
vn -0.8711 0.3634 -0.3303
vn 0.0838 0.9958 -0.0378
vn 0.5009 0.8382 0.2157
vn -0.4988 0.8371 0.2246
vn 0.5572 0.6753 0.4833
vn -0.5123 0.6848 0.5183
vn -0.9917 0.1173 0.0530
vn 0.1065 0.7904 0.6033
vn 0.4646 -0.8838 0.0559
vn -0.1995 -0.9797 0.0216
vn -0.1364 -0.9810 -0.1378
vn -0.6280 -0.6668 0.4012
vn -0.7428 -0.6006 0.2957
vn 0.4271 -0.6403 0.6385
vn -0.1669 -0.7190 0.6747
vn -0.1917 -0.7124 0.6751
vn -0.6777 -0.4501 0.5815
vn 0.8604 -0.3151 0.4004
vn -0.8696 -0.2208 0.4416
vn 0.3871 0.0654 0.9197
vn -0.0866 0.0538 0.9948
vn -0.2087 0.2107 0.9550
vn -0.4041 0.4044 0.8205
vn -0.4305 0.5383 0.7245
vn 0.4994 0.4815 0.7202
vn 0.0917 0.7970 0.5970
vn 0.0665 0.0578 0.9961
vn 0.0446 -0.7553 0.6539
vn -0.0131 -0.9768 -0.2138
vn 0.0033 -0.9898 0.1426
vn 0.0037 -0.7455 0.6664
vn -0.0037 -0.5479 0.8365
vn 0.5937 0.8047 -0.0000
vn 0.5939 0.8045 -0.0005
vn 0.5939 0.8045 0.0005
vn 0.5955 0.8033 -0.0000
vn -0.5938 -0.8046 -0.0000
vn -0.5940 -0.8045 -0.0005
vn -0.5940 -0.8045 0.0005
vn -0.5955 -0.8034 -0.0000
vn 0.7824 -0.6228 -0.0000
vn -0.7824 0.6228 -0.0000
vn 0.3686 -0.2935 -0.8821
vn 0.3686 -0.2934 0.8820
vn -0.0000 -0.5736 0.8191
vn -0.0000 -0.5736 0.8192
vn -0.5340 -0.0613 -0.8433
vn -0.7074 -0.5789 -0.4056
vn 0.7071 -0.5792 -0.4056
vn 0.7072 0.5792 0.4055
vn -0.0000 0.8192 0.5735
vn -0.0000 -0.8190 -0.5737
vn -0.7071 0.5793 0.4055
vn -0.0000 0.5736 -0.8192
vn -0.0001 0.5735 -0.8192
vn 0.0002 0.5736 -0.8192
vn 0.0001 0.5737 -0.8190
vn -0.0000 0.5737 -0.8190
vn -0.0001 0.5736 -0.8192
vn 0.0001 0.5735 -0.8192
vn 0.0001 0.5736 -0.8191
vn -0.0000 0.5735 -0.8192
vn 0.5339 -0.0613 -0.8433
vn 0.5339 0.8134 -0.2308
vn -0.0000 0.9946 -0.1039
vn -0.7551 0.3761 -0.5371
vn -0.0000 -0.2425 -0.9702
vn 0.7551 0.3761 -0.5371
vn -0.5340 0.8134 -0.2308
vn -0.0000 0.8193 0.5734
vn -0.7071 0.5792 0.4056
vn -0.7071 -0.5793 -0.4056
vn 0.7071 -0.5793 -0.4055
vn 0.7072 0.5791 0.4056
vn -0.0000 -0.8192 -0.5735
vn 0.0002 0.5736 -0.8191
vn -0.0001 0.5733 -0.8193
vn -0.0003 0.5737 -0.8191
vn 0.0001 0.5739 -0.8189
vn 0.0004 0.5737 -0.8191
vn 0.0003 0.5735 -0.8192
vn 0.0001 0.5733 -0.8193
vn -0.0000 -0.8192 -0.5736
vn -0.7071 0.5794 0.4054
vn -0.7070 -0.5793 -0.4056
vn 0.7070 -0.5793 -0.4056
vn 0.7071 0.5794 0.4054
vn -0.0002 0.5734 -0.8193
vn -0.9239 -0.3135 -0.2196
vn -0.0002 0.5738 -0.8190
vn 0.9692 -0.1412 0.2016
vn 0.0002 0.5738 -0.8190
vn -0.0000 -0.6872 -0.7265
vn -0.0003 0.5734 -0.8193
vn 0.3827 0.7567 0.5300
vn -0.0000 0.5736 -0.8191
vn -0.0000 0.5739 -0.8190
vn -0.0001 0.5736 -0.8191
vn -0.3827 0.7567 0.5300
vn -0.9796 0.1153 -0.1646
vn 0.9239 -0.3134 -0.2195
vn -0.0000 -0.9352 -0.3542
vn -0.3827 -0.7568 -0.5299
vn -0.0000 0.9177 0.3973
vn 0.9238 0.3136 0.2196
vn -0.9692 -0.1412 0.2016
vn -0.9239 0.3134 0.2194
vn 0.9796 0.1153 -0.1646
vn 0.3827 -0.7568 -0.5299
vn -0.0001 0.6526 0.7577
vn 0.3281 0.7768 -0.5376
vn 0.4639 0.5082 -0.7257
vn 0.3279 0.2394 -0.9139
vn -0.0000 0.1282 -0.9917
vn -0.3279 0.2394 -0.9139
vn -0.4639 0.5082 -0.7257
vn -0.3281 0.7768 -0.5376
vn -0.0000 0.8881 -0.4597
vn 0.9239 0.3135 0.2195
vn -0.9239 -0.3135 -0.2195
vn -0.9239 0.3135 0.2195
vn 0.9239 -0.3135 -0.2195
vn 0.3826 0.7568 0.5300
vn -0.3830 0.7565 0.5301
vn 0.0001 0.5736 -0.8192
vn 0.3827 0.7568 0.5299
vn -0.3827 0.7568 0.5300
vn 0.2403 0.9217 -0.3046
vn 0.5805 0.6431 -0.4995
vn 0.5803 0.2494 -0.7753
vn 0.2403 -0.0285 -0.9703
vn -0.2404 -0.0285 -0.9703
vn -0.5800 0.2495 -0.7755
vn -0.5801 0.6433 -0.4997
vn -0.2403 0.9217 -0.3046
vn -0.0000 0.9982 0.0602
vn -0.0000 -0.5735 0.8192
vn -0.7071 0.5793 0.4056
vn -0.7071 -0.5793 -0.4055
vn 0.7071 0.5793 0.4056
vn -0.0000 0.8191 0.5736
vn -0.0000 -0.8193 -0.5734
vn -0.0001 0.5737 -0.8191
vn -0.0008 0.5735 -0.8192
vn -0.0003 0.5736 -0.8192
vn -0.0004 0.5737 -0.8190
vn -0.0013 0.5740 -0.8188
vn -0.0002 0.5740 -0.8188
vn -0.0004 0.5746 -0.8185
vn 0.0003 0.5740 -0.8188
vn 0.0005 0.5744 -0.8186
vn 0.0009 0.5739 -0.8189
vn 0.0009 0.5738 -0.8190
vn 0.0006 0.5733 -0.8193
vn 0.0001 0.5737 -0.8191
vn -0.8523 0.3007 -0.4281
vn -0.8524 0.2994 -0.4287
vn -0.8524 0.3004 -0.4279
vn -0.8523 0.2996 -0.4287
vn -0.0005 -0.3981 -0.9173
vn -0.0000 -0.3982 -0.9173
vn 0.0005 -0.3981 -0.9173
vn 0.8522 0.3001 -0.4286
vn -0.6026 0.7937 -0.0829
vn -0.6027 -0.1936 -0.7741
vn 0.6026 -0.1936 -0.7742
vn 0.6026 0.7937 -0.0829
vn -0.5781 -0.8159 -0.0000
vn -0.5782 -0.8159 -0.0000
vn -0.6243 -0.7638 -0.1636
vn 0.9424 -0.0503 -0.3306
vn 0.5609 0.2199 0.7982
vn -0.3599 0.8725 0.3306
vn 0.0216 0.6022 -0.7980
vn 0.5610 0.2199 -0.7981
vn 0.9425 -0.0504 0.3305
vn 0.0215 0.6022 0.7981
vn -0.3599 0.8725 -0.3306
vn 0.7538 -0.5342 -0.3827
vn -0.5138 -0.8422 -0.1636
vn -0.4358 -0.8975 0.0680
vn -0.6243 -0.7639 0.1636
vn -0.7024 -0.7086 -0.0676
vn -0.4356 -0.8976 -0.0677
vn -0.5137 -0.8422 0.1636
vn -0.7023 -0.7086 0.0676
vn 0.5781 0.8159 -0.0000
vn 0.3123 -0.2212 0.9239
vn -0.7539 0.5341 0.3827
vn -0.3121 0.2212 -0.9239
vn 0.3121 -0.2211 -0.9239
vn 0.7538 -0.5342 0.3827
vn -0.3120 0.2212 0.9240
vn -0.7538 0.5341 -0.3827
vn -0.5550 -0.0000 0.8319
vn -0.0000 -0.7071 0.7071
vn -0.0000 -0.7071 -0.7071
vn -0.0000 0.7071 -0.7071
vn -0.0000 1.0000 -0.0000
vn -0.0000 0.7071 0.7071
vn -0.5554 -0.8316 -0.0000
vn -0.5558 -0.0000 -0.8313
vn -0.5554 0.8316 -0.0000
vn -0.5553 0.5881 0.5880
vn -0.5553 -0.5881 0.5880
vn -0.5552 -0.5881 -0.5881
vn -0.5552 0.5881 -0.5881
vn -0.0001 -0.9999 0.0135
vn -0.0000 0.8116 0.5841
vn 0.0002 0.7609 0.6489
vn 0.0008 0.7625 0.6470
vn 0.0006 0.7620 0.6476
vn -0.0000 0.7605 0.6494
vn 0.0001 -0.5735 0.8192
vn -0.0000 0.5734 -0.8193
vn 0.0003 0.5733 -0.8193
vn -0.0003 0.5735 -0.8192
vn 0.0003 0.5736 -0.8191
vn 0.0001 0.5738 -0.8190
vn -0.0001 -0.5736 0.8191
vn 0.0001 -0.5736 0.8191
vn 0.0002 0.5737 -0.8191
vn -0.0002 0.5735 -0.8192
vn -0.0002 0.5737 -0.8191
vn -0.0001 -0.5735 0.8192
vn 0.0001 -0.5736 0.8192
vn 0.0002 -0.5736 0.8191
vn 0.0007 0.5739 -0.8189
vn -0.5783 -0.8159 0.0001
vn -0.5782 -0.8159 -0.0001
vn -0.5781 -0.8160 0.0001
vn 0.5781 0.8160 -0.0001
vn 0.5784 0.8158 -0.0001
vn 0.5780 0.8160 -0.0001
vn 0.5781 0.8160 0.0001
vt 0.039768 0.957970
vt 0.039768 0.957890
vt 0.039768 0.958719
vt 0.040334 0.958719
vt 0.040334 0.957970
vt 0.040334 0.957890
vt 0.039768 0.957931
vt 0.039768 0.958701
vt 0.040334 0.957697
vt 0.040334 0.957931
vt 0.039768 0.957697
vt 0.040334 0.958701
vt 0.039768 0.958232
vt 0.040334 0.958232
vt 0.174732 0.954136
vt 0.172865 0.959608
vt 0.075049 0.959608
vt 0.144574 0.959608
vt 0.143158 0.956841
vt 0.038575 0.956841
vt 0.038963 0.956841
vt 0.075669 0.956014
vt 0.073512 0.958687
vt 0.073512 0.958802
vt 0.072592 0.958411
vt 0.072558 0.958434
vt 0.073512 0.958526
vt 0.073512 0.958411
vt 0.072592 0.958526
vt 0.072592 0.958687
vt 0.072592 0.958802
vt 0.072558 0.958779
vt 0.072558 0.958678
vt 0.072558 0.958535
s 1
usemtl Material.001
f 7744/2748/2169 7730/2749/2169 7732/2750/2169 7743/2750/2169
f 7743/2750/2170 7732/2750/2170 7736/2751/2170 7742/2751/2170
f 7741/2752/2171 7734/2753/2171 7730/2749/2171 7744/2748/2171
f 7737/2754/2169 7744/2748/2169 7743/2750/2169 7738/2755/2169
f 7733/2756/2172 7740/2757/2172 7737/2754/2172 7729/2758/2172
f 7738/2755/2173 7743/2750/2173 7742/2751/2173 7739/2759/2173
f 7731/2760/2174 7738/2755/2174 7739/2759/2174 7735/2761/2174
f 7729/2758/2169 7737/2754/2169 7738/2755/2169 7731/2760/2169
f 7740/2757/2175 7741/2752/2175 7744/2748/2175 7737/2754/2175
f 7735/2761/2176 7739/2759/2176 7740/2757/2176 7733/2756/2176
f 7736/2751/2177 7732/2750/2177 7730/2749/2177 7734/2753/2177
f 7731/2760/2178 7735/2761/2178 7733/2756/2178 7729/2758/2178
f 7742/2751/2176 7736/2751/2176 7734/2753/2176 7741/2752/2176
f 7739/2759/2176 7742/2751/2176 7741/2752/2176 7740/2757/2176
f 7752/2762/2179 7816/2762/2179 7815/2762/2179 7751/2762/2179
f 7771/2762/2180 7763/2762/2181 7764/2762/2182 7770/2762/2182
f 7807/2762/2183 7759/2762/2183 7760/2762/2183 7808/2762/2183
f 7805/2762/2184 7757/2762/2184 7758/2762/2184 7806/2762/2184
f 7803/2762/2185 7755/2762/2185 7756/2762/2185 7804/2762/2185
f 7802/2762/2186 7753/2762/2186 7754/2762/2186 7801/2762/2186
f 7808/2762/2170 7760/2762/2170 7753/2762/2170 7802/2762/2170
f 7806/2762/2169 7758/2762/2169 7759/2762/2169 7807/2762/2169
f 7804/2762/2187 7756/2762/2187 7757/2762/2187 7805/2762/2187
f 7801/2762/2176 7754/2762/2176 7755/2762/2176 7803/2762/2176
f 7763/2762/2188 7787/2762/2188 7788/2762/2188 7764/2762/2188
f 7775/2762/2189 7761/2762/2190 7762/2762/2191 7774/2762/2192
f 7777/2762/2193 7768/2762/2193 7761/2762/2190 7775/2762/2189
f 7781/2762/2194 7766/2762/2195 7767/2762/2196 7780/2762/2196
f 7770/2762/2182 7764/2762/2182 7765/2762/2197 7784/2762/2198
f 7774/2762/2192 7762/2762/2191 7763/2762/2181 7771/2762/2180
f 7780/2762/2196 7767/2762/2196 7768/2762/2193 7777/2762/2193
f 7784/2762/2198 7765/2762/2197 7766/2762/2195 7781/2762/2194
f 7757/2762/2199 7783/2762/2199 7782/2762/2200 7758/2762/2201
f 7783/2762/2184 7784/2762/2184 7781/2762/2184 7782/2762/2184
f 7759/2762/2202 7779/2762/2203 7778/2762/2204 7760/2762/2204
f 7779/2762/2183 7780/2762/2183 7777/2762/2183 7778/2762/2183
f 7754/2762/2205 7773/2762/2206 7772/2762/2207 7755/2762/2207
f 7773/2762/2176 7774/2762/2176 7771/2762/2176 7772/2762/2176
f 7756/2762/2208 7769/2762/2208 7783/2762/2208 7757/2762/2208
f 7769/2762/2187 7770/2762/2187 7784/2762/2187 7783/2762/2187
f 7758/2762/2201 7782/2762/2200 7779/2762/2203 7759/2762/2202
f 7782/2762/2169 7781/2762/2169 7780/2762/2169 7779/2762/2169
f 7760/2762/2204 7778/2762/2204 7776/2762/2209 7753/2762/2210
f 7778/2762/2170 7777/2762/2170 7775/2762/2170 7776/2762/2170
f 7753/2762/2210 7776/2762/2209 7773/2762/2206 7754/2762/2205
f 7776/2762/2186 7775/2762/2186 7774/2762/2186 7773/2762/2186
f 7755/2762/2211 7772/2762/2211 7769/2762/2211 7756/2762/2211
f 7772/2762/2185 7771/2762/2185 7770/2762/2185 7769/2762/2185
f 7791/2762/2212 7799/2762/2212 7800/2762/2212 7792/2762/2212
f 7761/2762/2213 7786/2762/2213 7785/2762/2213 7762/2762/2213
f 7768/2762/2214 7792/2762/2215 7786/2762/2215 7761/2762/2214
f 7766/2762/2216 7790/2762/2216 7791/2762/2216 7767/2762/2216
f 7764/2762/2217 7788/2762/2217 7789/2762/2217 7765/2762/2217
f 7762/2762/2218 7785/2762/2218 7787/2762/2218 7763/2762/2218
f 7767/2762/2219 7791/2762/2219 7792/2762/2219 7768/2762/2219
f 7765/2762/2220 7789/2762/2220 7790/2762/2220 7766/2762/2220
f 7800/2762/2221 7832/2762/2221 7826/2762/2221 7794/2762/2221
f 7789/2762/2222 7797/2762/2222 7798/2762/2222 7790/2762/2222
f 7787/2762/2223 7795/2762/2223 7796/2762/2223 7788/2762/2223
f 7786/2762/2224 7794/2762/2224 7793/2762/2224 7785/2762/2224
f 7792/2762/2215 7800/2762/2225 7794/2762/2225 7786/2762/2215
f 7790/2762/2226 7798/2762/2226 7799/2762/2226 7791/2762/2226
f 7788/2762/2227 7796/2762/2227 7797/2762/2227 7789/2762/2227
f 7785/2762/2228 7793/2762/2228 7795/2762/2228 7787/2762/2228
f 7745/2762/2229 7802/2762/2229 7801/2762/2229 7746/2762/2229
f 7746/2762/2229 7801/2762/2229 7803/2762/2229 7747/2762/2229
f 7747/2762/2229 7803/2762/2229 7804/2762/2229 7748/2762/2229
f 7748/2762/2229 7804/2762/2229 7805/2762/2229 7749/2762/2229
f 7749/2762/2229 7805/2762/2229 7806/2762/2229 7750/2762/2229
f 7750/2762/2229 7806/2762/2229 7807/2762/2229 7751/2762/2229
f 7751/2762/2229 7807/2762/2229 7808/2762/2229 7752/2762/2229
f 7752/2762/2229 7808/2762/2229 7802/2762/2229 7745/2762/2229
f 7811/2762/2230 7819/2762/2230 7818/2762/2230 7810/2762/2230
f 7750/2762/2231 7814/2762/2231 7813/2762/2231 7749/2762/2231
f 7748/2762/2232 7812/2762/2232 7811/2762/2232 7747/2762/2232
f 7746/2762/2233 7810/2762/2233 7809/2762/2233 7745/2762/2233
f 7745/2762/2234 7809/2762/2234 7816/2762/2234 7752/2762/2234
f 7751/2762/2235 7815/2762/2235 7814/2762/2235 7750/2762/2235
f 7749/2762/2236 7813/2762/2236 7812/2762/2236 7748/2762/2236
f 7747/2762/2237 7811/2762/2237 7810/2762/2237 7746/2762/2237
f 7823/2762/2238 7824/2762/2239 7817/2762/2238
f 7816/2762/2240 7824/2762/2240 7823/2762/2240 7815/2762/2240
f 7814/2762/2241 7822/2762/2241 7821/2762/2241 7813/2762/2241
f 7812/2762/2242 7820/2762/2242 7819/2762/2242 7811/2762/2242
f 7810/2762/2243 7818/2762/2243 7817/2762/2243 7809/2762/2243
f 7809/2762/2244 7817/2762/2244 7824/2762/2244 7816/2762/2244
f 7815/2762/2245 7823/2762/2245 7822/2762/2245 7814/2762/2245
f 7813/2762/2246 7821/2762/2246 7820/2762/2246 7812/2762/2246
f 7829/2762/2247 7837/2762/2247 7838/2762/2247 7830/2762/2247
f 7798/2762/2169 7830/2762/2169 7831/2762/2169 7799/2762/2169
f 7796/2762/2248 7828/2762/2248 7829/2762/2248 7797/2762/2248
f 7793/2762/2176 7825/2762/2176 7827/2762/2176 7795/2762/2176
f 7799/2762/2249 7831/2762/2249 7832/2762/2249 7800/2762/2249
f 7797/2762/2250 7829/2762/2250 7830/2762/2250 7798/2762/2250
f 7795/2762/2251 7827/2762/2251 7828/2762/2251 7796/2762/2251
f 7794/2762/2252 7826/2762/2252 7825/2762/2252 7793/2762/2252
f 7837/2762/2253 7836/2762/2253 7835/2762/2253
f 7827/2762/2254 7835/2762/2254 7836/2762/2254 7828/2762/2254
f 7826/2762/2255 7834/2762/2255 7833/2762/2255 7825/2762/2255
f 7832/2762/2256 7840/2762/2256 7834/2762/2256 7826/2762/2256
f 7830/2762/2169 7838/2762/2169 7839/2762/2169 7831/2762/2169
f 7828/2762/2257 7836/2762/2257 7837/2762/2257 7829/2762/2257
f 7825/2762/2176 7833/2762/2176 7835/2762/2176 7827/2762/2176
f 7831/2762/2258 7839/2762/2258 7840/2762/2258 7832/2762/2258
f 7835/2762/2259 7843/2762/2259 7844/2762/2259 7836/2762/2259
f 7833/2762/2260 7841/2762/2260 7843/2762/2260 7835/2762/2260
f 7834/2762/2261 7842/2762/2261 7841/2762/2261 7833/2762/2261
f 7859/2762/2262 7847/2762/2262 7848/2762/2262 7857/2762/2262
f 7860/2762/2263 7846/2762/2264 7847/2762/2265 7859/2762/2265
f 7860/2762/2263 7858/2762/2266 7845/2762/2266 7846/2762/2264
f 7838/2762/2267 7837/2762/2268 7852/2762/2269 7851/2762/2270
f 7838/2762/2267 7851/2762/2270 7850/2762/2271 7839/2762/2271
f 7839/2762/2272 7850/2762/2272 7849/2762/2272 7840/2762/2272
f 7862/2762/2273 7855/2762/2273 7856/2762/2274 7861/2762/2275
f 7863/2762/2276 7853/2762/2277 7855/2762/2277 7862/2762/2278
f 7864/2762/2279 7854/2762/2279 7853/2762/2279 7863/2762/2279
f 7851/2762/2280 7852/2762/2281 7858/2762/2281 7860/2762/2282
f 7851/2762/2280 7860/2762/2282 7859/2762/2283 7850/2762/2283
f 7850/2762/2284 7859/2762/2284 7857/2762/2284 7849/2762/2284
f 7842/2762/2285 7864/2762/2285 7863/2762/2285 7841/2762/2285
f 7841/2762/2286 7863/2762/2276 7862/2762/2278 7843/2762/2286
f 7843/2762/2287 7862/2762/2287 7861/2762/2288 7844/2762/2289
f 7842/2762/2290 7834/2762/2290 7840/2762/2290 7849/2762/2290
f 7864/2762/2291 7842/2762/2292 7849/2762/2292 7857/2762/2293
f 7857/2762/2293 7848/2762/2294 7854/2762/2294 7864/2762/2291
f 7854/2762/2294 7848/2762/2294 7866/2762/2295 7868/2762/2295
f 7853/2762/2296 7854/2762/2296 7868/2762/2296 7867/2762/2296
f 7848/2762/2297 7847/2762/2297 7865/2762/2297 7866/2762/2297
f 7868/2762/2298 7866/2762/2298 7869/2762/2298 7870/2762/2298
f 7867/2762/2299 7868/2762/2299 7870/2762/2299
f 7866/2762/2300 7865/2762/2300 7869/2762/2300
f 7867/2762/2301 7870/2762/2301 7872/2762/2301 7871/2762/2301
f 7853/2762/2176 7867/2762/2176 7871/2762/2176 7855/2762/2176
f 7869/2762/2302 7865/2762/2302 7873/2762/2302 7874/2762/2302
f 7865/2762/2303 7847/2762/2303 7846/2762/2303 7873/2762/2303
f 7869/2762/2304 7874/2762/2304 7872/2762/2304 7870/2762/2304
f 7856/2762/2305 7855/2762/2305 7877/2762/2305 7878/2762/2305
f 7845/2762/2306 7875/2762/2307 7876/2762/2308 7846/2762/2309
f 7878/2762/2310 7877/2762/2310 7881/2762/2310 7882/2762/2310
f 7875/2762/2311 7879/2762/2312 7880/2762/2313 7876/2762/2308
f 7871/2762/2314 7881/2762/2314 7877/2762/2314 7855/2762/2314
f 7873/2762/2315 7846/2762/2309 7876/2762/2308 7880/2762/2313
f 7882/2762/2316 7881/2762/2316 7884/2762/2316
f 7879/2762/2317 7883/2762/2318 7880/2762/2319
f 7874/2762/2320 7873/2762/2320 7880/2762/2319 7883/2762/2318
f 7871/2762/2321 7872/2762/2321 7884/2762/2321 7881/2762/2321
f 7872/2762/2322 7874/2762/2322 7883/2762/2322 7884/2762/2322
f 7882/2762/2323 7884/2762/2323 7883/2762/2318 7879/2762/2317
f 7878/2762/2324 7882/2762/2324 7879/2762/2312 7875/2762/2311
f 7856/2762/2274 7878/2762/2325 7875/2762/2307 7845/2762/2306
f 7845/2762/2306 7858/2762/2326 7861/2762/2275 7856/2762/2274
f 7858/2762/2327 7852/2762/2269 7844/2762/2289 7861/2762/2288
f 7852/2762/2269 7837/2762/2268 7836/2762/2328 7844/2762/2289
f 7886/2762/2329 7887/2762/2329 7888/2762/2330 7885/2762/2331
f 7889/2762/2332 7890/2762/2332 7885/2762/2331 7888/2762/2330
f 7892/2762/2333 7891/2762/2334 7894/2762/2335 7893/2762/2333
f 7895/2762/2336 7894/2762/2335 7891/2762/2334 7896/2762/2336
f 7886/2762/2337 7892/2762/2337 7893/2762/2337 7887/2762/2337
f 7889/2762/2338 7895/2762/2338 7896/2762/2338 7890/2762/2338
f 7890/2762/2187 7896/2762/2187 7891/2762/2187 7885/2762/2187
f 7887/2762/2339 7893/2762/2339 7894/2762/2339 7888/2762/2339
f 7885/2762/2340 7891/2762/2340 7892/2762/2340 7886/2762/2340
f 7888/2762/2170 7894/2762/2170 7895/2762/2170 7889/2762/2170
f 7900/2763/2341 7899/2763/2342 7903/2763/2342
f 7909/2764/2343 7910/2764/2343 7926/2764/2343 7925/2764/2343
f 7901/2763/2344 7902/2763/2344 7918/2763/2344 7917/2763/2344
f 7899/2763/2345 7900/2763/2345 7916/2763/2345 7915/2763/2345
f 7897/2763/2346 7898/2763/2346 7913/2763/2346 7914/2763/2346
f 7904/2763/2347 7897/2763/2347 7914/2763/2347 7920/2763/2347
f 7902/2763/2169 7903/2763/2169 7919/2763/2169 7918/2763/2169
f 7900/2763/2348 7901/2763/2348 7917/2763/2348 7916/2763/2348
f 7898/2763/2176 7899/2763/2176 7915/2763/2176 7913/2763/2176
f 7903/2763/2349 7904/2763/2349 7920/2763/2349 7919/2763/2349
f 7905/2763/2350 7906/2763/2351 7914/2763/2351 7913/2763/2350
f 7907/2763/2352 7905/2763/2350 7913/2763/2350 7915/2763/2352
f 7908/2763/2353 7907/2763/2352 7915/2763/2352 7916/2763/2353
f 7909/2763/2354 7908/2763/2353 7916/2763/2353 7917/2763/2354
f 7910/2763/2355 7909/2763/2354 7917/2763/2354 7918/2763/2355
f 7911/2763/2350 7910/2763/2355 7918/2763/2355 7919/2763/2350
f 7912/2763/2356 7911/2763/2350 7919/2763/2350 7920/2763/2356
f 7906/2763/2351 7912/2763/2356 7920/2763/2356 7914/2763/2351
f 7923/2764/2350 7925/2764/2357 7927/2764/2358
f 7907/2764/2359 7908/2764/2359 7924/2764/2359 7923/2764/2359
f 7906/2764/2360 7905/2764/2360 7921/2764/2360 7922/2764/2360
f 7912/2764/2361 7906/2764/2361 7922/2764/2361 7928/2764/2361
f 7910/2764/2362 7911/2764/2362 7927/2764/2362 7926/2764/2362
f 7908/2764/2363 7909/2764/2363 7925/2764/2363 7924/2764/2363
f 7905/2764/2364 7907/2764/2364 7923/2764/2364 7921/2764/2364
f 7911/2764/2365 7912/2764/2365 7928/2764/2365 7927/2764/2365
f 7933/2765/2341 7932/2765/2341 7931/2765/2342
f 7944/2765/2366 7938/2765/2366 7962/2765/2366 7968/2765/2366
f 7930/2765/2176 7931/2765/2176 7947/2765/2176 7945/2765/2176
f 7935/2765/2367 7936/2765/2367 7952/2765/2367 7951/2765/2367
f 7933/2765/2368 7934/2765/2368 7950/2765/2368 7949/2765/2368
f 7931/2765/2369 7932/2765/2369 7948/2765/2369 7947/2765/2369
f 7929/2765/2370 7930/2765/2370 7945/2765/2370 7946/2765/2370
f 7936/2765/2347 7929/2765/2347 7946/2765/2347 7952/2765/2347
f 7934/2765/2169 7935/2765/2169 7951/2765/2169 7950/2765/2169
f 7932/2765/2371 7933/2765/2371 7949/2765/2371 7948/2765/2371
f 7937/2765/2372 7938/2765/2373 7946/2765/2373 7945/2765/2372
f 7939/2765/2374 7937/2765/2372 7945/2765/2372 7947/2765/2374
f 7940/2765/2358 7939/2765/2374 7947/2765/2374 7948/2765/2358
f 7941/2765/2358 7940/2765/2358 7948/2765/2358 7949/2765/2375
f 7942/2765/2358 7941/2765/2358 7949/2765/2375 7950/2765/2376
f 7943/2765/2377 7942/2765/2358 7950/2765/2376 7951/2765/2377
f 7944/2765/2378 7943/2765/2377 7951/2765/2377 7952/2765/2378
f 7938/2765/2373 7944/2765/2378 7952/2765/2378 7946/2765/2373
f 7955/2765/2350 7957/2765/2350 7959/2765/2350
f 7942/2765/2169 7943/2765/2169 7967/2765/2169 7966/2765/2169
f 7940/2765/2379 7941/2765/2379 7965/2765/2379 7964/2765/2379
f 7937/2765/2176 7939/2765/2176 7963/2765/2176 7961/2765/2176
f 7943/2765/2380 7944/2765/2380 7968/2765/2380 7967/2765/2380
f 7941/2765/2381 7942/2765/2381 7966/2765/2381 7965/2765/2381
f 7939/2765/2382 7940/2765/2382 7964/2765/2382 7963/2765/2382
f 7938/2765/2383 7937/2765/2383 7961/2765/2383 7962/2765/2383
f 7985/2765/2384 7986/2765/2384 7962/2765/2384 7961/2765/2384
f 7992/2765/2385 7968/2765/2385 7976/2765/2385 7984/2765/2385
f 7988/2765/2386 7987/2765/2386 7963/2765/2386 7964/2765/2386
f 7961/2765/2387 7963/2765/2387 7969/2765/2387 7970/2765/2387
f 7990/2765/2388 7989/2765/2388 7965/2765/2388 7966/2765/2388
f 7986/2765/2389 7992/2765/2389 7984/2765/2389 7983/2765/2389
f 7992/2765/2390 7991/2765/2390 7967/2765/2390 7968/2765/2390
f 7967/2765/2391 7991/2765/2391 7981/2765/2391 7973/2765/2391
f 7977/2765/2392 7978/2765/2392 7970/2765/2392 7969/2765/2392
f 7979/2765/2393 7980/2765/2393 7972/2765/2393 7971/2765/2393
f 7981/2765/2392 7982/2765/2392 7974/2765/2392 7973/2765/2392
f 7983/2765/2394 7984/2765/2394 7976/2765/2394 7975/2765/2394
f 7985/2765/2395 7961/2765/2395 7970/2765/2395 7978/2765/2395
f 7987/2765/2396 7985/2765/2396 7978/2765/2396 7977/2765/2396
f 7962/2765/2397 7986/2765/2397 7983/2765/2397 7975/2765/2397
f 7964/2765/2398 7965/2765/2398 7971/2765/2398 7972/2765/2398
f 7963/2765/2399 7987/2765/2399 7977/2765/2399 7969/2765/2399
f 7989/2765/2400 7988/2765/2400 7980/2765/2400 7979/2765/2400
f 7988/2765/2401 7964/2765/2401 7972/2765/2401 7980/2765/2401
f 7966/2765/2402 7967/2765/2402 7973/2765/2402 7974/2765/2402
f 7965/2765/2403 7989/2765/2403 7979/2765/2403 7971/2765/2403
f 7991/2765/2404 7990/2765/2404 7982/2765/2404 7981/2765/2404
f 7990/2765/2405 7966/2765/2405 7974/2765/2405 7982/2765/2405
f 7968/2765/2406 7962/2765/2406 7975/2765/2406 7976/2765/2406
f 7953/2765/2407 7954/2765/2407 7986/2765/2407 7985/2765/2407
f 7955/2765/2408 7953/2765/2408 7985/2765/2408 7987/2765/2408
f 7956/2765/2409 7955/2765/2409 7987/2765/2409 7988/2765/2409
f 7957/2765/2410 7956/2765/2410 7988/2765/2410 7989/2765/2410
f 7958/2765/2411 7957/2765/2411 7989/2765/2411 7990/2765/2411
f 7959/2765/2412 7958/2765/2412 7990/2765/2412 7991/2765/2412
f 7960/2765/2413 7959/2765/2413 7991/2765/2413 7992/2765/2413
f 7954/2765/2414 7960/2765/2414 7992/2765/2414 7986/2765/2414
f 7999/2766/2341 7997/2766/2341 7995/2766/2341
f 8002/2767/2415 8003/2767/2415 8027/2768/2415 8025/2768/2415
f 7998/2766/2416 7999/2766/2416 8015/2766/2416 8014/2766/2416
f 7996/2766/2405 7997/2766/2405 8013/2766/2405 8012/2766/2405
f 7994/2766/2415 7995/2766/2415 8011/2766/2415 8009/2766/2415
f 7999/2766/2417 8000/2766/2417 8016/2766/2417 8015/2766/2417
f 7997/2766/2399 7998/2766/2399 8014/2766/2399 8013/2766/2399
f 7995/2766/2418 7996/2766/2418 8012/2766/2418 8011/2766/2418
f 7993/2766/2419 7994/2766/2419 8009/2766/2419 8010/2766/2419
f 8000/2766/2420 7993/2766/2420 8010/2766/2420 8016/2766/2420
f 8002/2766/2392 8001/2766/2392 8010/2766/2392 8009/2766/2392
f 8003/2766/2394 8002/2766/2392 8009/2766/2392 8011/2766/2394
f 8004/2766/2355 8003/2766/2394 8011/2766/2394 8012/2766/2355
f 8005/2766/2358 8004/2766/2355 8012/2766/2355 8013/2766/2358
f 8006/2766/2421 8005/2766/2358 8013/2766/2358 8014/2766/2421
f 8007/2766/2357 8006/2766/2421 8014/2766/2421 8015/2766/2357
f 8008/2766/2392 8007/2766/2357 8015/2766/2357 8016/2766/2392
f 8001/2766/2392 8008/2766/2392 8016/2766/2392 8010/2766/2392
f 8019/2768/2350 8021/2768/2358 8023/2768/2350
f 8007/2767/2417 8008/2767/2417 8032/2768/2417 8031/2768/2417
f 8005/2767/2399 8006/2767/2399 8030/2768/2399 8029/2768/2399
f 8003/2767/2418 8004/2767/2418 8028/2768/2418 8027/2768/2418
f 8001/2767/2422 8002/2767/2422 8025/2768/2422 8026/2768/2422
f 8008/2767/2423 8001/2767/2423 8026/2768/2423 8032/2768/2423
f 8006/2767/2416 8007/2767/2416 8031/2768/2416 8030/2768/2416
f 8004/2767/2405 8005/2767/2405 8029/2768/2405 8028/2768/2405
f 8018/2768/2424 8017/2768/2424 8026/2768/2424 8025/2768/2424
f 8019/2768/2425 8018/2768/2425 8025/2768/2425 8027/2768/2425
f 8020/2768/2426 8019/2768/2426 8027/2768/2426 8028/2768/2426
f 8021/2768/2427 8020/2768/2427 8028/2768/2427 8029/2768/2427
f 8022/2768/2428 8021/2768/2428 8029/2768/2428 8030/2768/2428
f 8023/2768/2429 8022/2768/2429 8030/2768/2429 8031/2768/2429
f 8024/2768/2430 8023/2768/2430 8031/2768/2430 8032/2768/2430
f 8017/2768/2431 8024/2768/2431 8032/2768/2431 8026/2768/2431
f 8034/2765/2432 8058/2765/2432 8064/2765/2432 8040/2765/2432
f 8048/2765/2342 8045/2765/2342 8042/2765/2433
f 8055/2765/2434 8047/2765/2434 8048/2765/2434 8056/2765/2434
f 8053/2765/2435 8045/2765/2435 8046/2765/2435 8054/2765/2435
f 8051/2765/2369 8043/2765/2369 8044/2765/2369 8052/2765/2369
f 8050/2765/2436 8042/2765/2436 8041/2765/2436 8049/2765/2436
f 8056/2765/2437 8048/2765/2437 8042/2765/2437 8050/2765/2437
f 8054/2765/2169 8046/2765/2169 8047/2765/2169 8055/2765/2169
f 8052/2765/2438 8044/2765/2438 8045/2765/2438 8053/2765/2438
f 8049/2765/2176 8041/2765/2176 8043/2765/2176 8051/2765/2176
f 8034/2765/2439 8050/2765/2439 8049/2765/2440 8033/2765/2441
f 8033/2765/2441 8049/2765/2440 8051/2765/2442 8035/2765/2443
f 8035/2765/2443 8051/2765/2442 8052/2765/2444 8036/2765/2445
f 8036/2765/2445 8052/2765/2444 8053/2765/2446 8037/2765/2447
f 8037/2765/2447 8053/2765/2446 8054/2765/2448 8038/2765/2449
f 8038/2765/2449 8054/2765/2448 8055/2765/2372 8039/2765/2450
f 8039/2765/2450 8055/2765/2372 8056/2765/2451 8040/2765/2451
f 8040/2765/2451 8056/2765/2451 8050/2765/2439 8034/2765/2439
f 8061/2765/2350 8059/2765/2350 8060/2765/2350
f 8039/2765/2452 8063/2765/2453 8062/2765/2454 8038/2765/2455
f 8037/2765/2456 8061/2765/2457 8060/2765/2457 8036/2765/2458
f 8035/2765/2459 8059/2765/2459 8057/2765/2459 8033/2765/2459
f 8040/2765/2460 8064/2765/2460 8063/2765/2460 8039/2765/2460
f 8038/2765/2461 8062/2765/2461 8061/2765/2461 8037/2765/2461
f 8036/2765/2462 8060/2765/2462 8059/2765/2462 8035/2765/2462
f 8033/2765/2463 8057/2765/2463 8058/2765/2463 8034/2765/2463
f 8071/2769/2464 8069/2769/2465 8067/2769/2465
f 8073/2769/2466 8074/2769/2466 8082/2769/2466 8081/2769/2466
f 8071/2769/2467 8072/2769/2467 8080/2769/2467 8079/2769/2467
f 8069/2769/2468 8070/2769/2468 8078/2769/2468 8077/2769/2468
f 8067/2769/2469 8068/2769/2469 8076/2769/2469 8075/2769/2469
f 8065/2769/2470 8066/2769/2470 8074/2769/2470 8073/2769/2470
f 8072/2769/2471 8065/2769/2471 8073/2769/2471 8080/2769/2471
f 8070/2769/2472 8071/2769/2472 8079/2769/2472 8078/2769/2472
f 8068/2769/2473 8069/2769/2473 8077/2769/2473 8076/2769/2473
f 8066/2769/2474 8067/2769/2474 8075/2769/2474 8074/2769/2474
f 8087/2769/2475 8088/2769/2475 8096/2769/2475 8095/2769/2475
f 8080/2769/2476 8073/2769/2476 8081/2769/2476 8088/2769/2476
f 8078/2769/2477 8079/2769/2477 8087/2769/2477 8086/2769/2477
f 8076/2769/2478 8077/2769/2478 8085/2769/2478 8084/2769/2478
f 8074/2769/2479 8075/2769/2479 8083/2769/2479 8082/2769/2479
f 8079/2769/2480 8080/2769/2480 8088/2769/2480 8087/2769/2480
f 8077/2769/2481 8078/2769/2481 8086/2769/2481 8085/2769/2481
f 8075/2769/2482 8076/2769/2482 8084/2769/2482 8083/2769/2482
f 8093/2769/2483 8095/2769/2483 8089/2769/2483
f 8085/2769/2484 8086/2769/2484 8094/2769/2484 8093/2769/2484
f 8083/2769/2485 8084/2769/2485 8092/2769/2485 8091/2769/2485
f 8081/2769/2486 8082/2769/2486 8090/2769/2486 8089/2769/2486
f 8088/2769/2487 8081/2769/2487 8089/2769/2487 8096/2769/2487
f 8086/2769/2488 8087/2769/2488 8095/2769/2488 8094/2769/2488
f 8084/2769/2489 8085/2769/2489 8093/2769/2489 8092/2769/2489
f 8082/2769/2490 8083/2769/2490 8091/2769/2490 8090/2769/2490
f 8101/2770/2176 8100/2771/2176 8099/2771/2176
f 8111/2772/2491 8112/2772/2491 8120/2773/2491 8119/2773/2491
f 8102/2774/2492 8103/2775/2492 8111/2772/2492 8110/2776/2492
f 8100/2771/2493 8101/2770/2493 8109/2777/2493 8108/2778/2493
f 8098/2770/2494 8099/2771/2494 8107/2778/2494 8106/2777/2494
f 8103/2775/2187 8104/2775/2187 8112/2772/2187 8111/2772/2187
f 8101/2770/2229 8102/2774/2229 8110/2776/2229 8109/2777/2229
f 8099/2771/2170 8100/2771/2170 8108/2778/2170 8107/2778/2170
f 8097/2774/2495 8098/2770/2495 8106/2777/2495 8105/2776/2495
f 8104/2775/2496 8097/2774/2496 8105/2776/2496 8112/2772/2496
f 8115/2779/2169 8117/2780/2169 8119/2773/2169
f 8109/2777/2497 8110/2776/2497 8118/2781/2497 8117/2780/2497
f 8107/2778/2498 8108/2778/2498 8116/2779/2498 8115/2779/2498
f 8105/2776/2499 8106/2777/2499 8113/2780/2499 8114/2781/2499
f 8112/2772/2500 8105/2776/2500 8114/2781/2500 8120/2773/2500
f 8110/2776/2501 8111/2772/2501 8119/2773/2501 8118/2781/2501
f 8108/2778/2502 8109/2777/2502 8117/2780/2502 8116/2779/2502
f 8106/2777/2503 8107/2778/2503 8115/2779/2503 8113/2780/2503
f 7817/2762/2238 7818/2762/2504 7819/2762/2238
f 7819/2762/2238 7820/2762/2238 7817/2762/2238
f 7820/2762/2238 7821/2762/2238 7817/2762/2238
f 7821/2762/2238 7822/2762/2238 7817/2762/2238
f 7822/2762/2238 7823/2762/2238 7817/2762/2238
f 7835/2762/2505 7833/2762/2505 7839/2762/2505
f 7833/2762/2506 7834/2762/2507 7840/2762/2508
f 7839/2762/2509 7833/2762/2506 7840/2762/2508
f 7839/2762/2505 7838/2762/2505 7835/2762/2505
f 7838/2762/2253 7837/2762/2253 7835/2762/2253
f 7899/2763/2342 7898/2763/2433 7903/2763/2342
f 7898/2763/2433 7897/2763/2342 7903/2763/2342
f 7897/2763/2342 7904/2763/2342 7903/2763/2342
f 7903/2763/2342 7902/2763/2510 7901/2763/2342
f 7901/2763/2342 7900/2763/2341 7903/2763/2342
f 7922/2764/2511 7921/2764/2512 7923/2764/2350
f 7923/2764/2350 7924/2764/2350 7925/2764/2357
f 7925/2764/2357 7926/2764/2513 7927/2764/2358
f 7927/2764/2358 7928/2764/2392 7922/2764/2511
f 7922/2764/2511 7923/2764/2350 7927/2764/2358
f 7931/2765/2342 7930/2765/2433 7929/2765/2342
f 7929/2765/2342 7936/2765/2342 7931/2765/2342
f 7936/2765/2342 7935/2765/2342 7931/2765/2342
f 7935/2765/2342 7934/2765/2342 7931/2765/2342
f 7934/2765/2342 7933/2765/2341 7931/2765/2342
f 7954/2765/2350 7953/2765/2514 7955/2765/2350
f 7955/2765/2350 7956/2765/2358 7957/2765/2350
f 7957/2765/2350 7958/2765/2515 7959/2765/2350
f 7959/2765/2350 7960/2765/2358 7954/2765/2350
f 7954/2765/2350 7955/2765/2350 7959/2765/2350
f 7995/2766/2341 7994/2766/2516 7993/2766/2433
f 7993/2766/2433 8000/2766/2342 7995/2766/2341
f 8000/2766/2342 7999/2766/2341 7995/2766/2341
f 7999/2766/2341 7998/2766/2517 7997/2766/2341
f 7997/2766/2341 7996/2766/2516 7995/2766/2341
f 8017/2768/2392 8018/2768/2518 8019/2768/2350
f 8019/2768/2350 8020/2768/2519 8021/2768/2358
f 8021/2768/2358 8022/2768/2352 8023/2768/2350
f 8023/2768/2350 8024/2768/2520 8017/2768/2392
f 8017/2768/2392 8019/2768/2350 8023/2768/2350
f 8042/2765/2433 8045/2765/2342 8041/2765/2521
f 8041/2765/2521 8045/2765/2342 8043/2765/2516
f 8043/2765/2516 8045/2765/2342 8044/2765/2341
f 8045/2765/2342 8047/2765/2522 8046/2765/2523
f 8047/2765/2522 8045/2765/2342 8048/2765/2342
f 8059/2765/2350 8058/2765/2421 8057/2765/2524
f 8058/2765/2421 8059/2765/2350 8064/2765/2355
f 8064/2765/2355 8059/2765/2350 8063/2765/2355
f 8063/2765/2355 8059/2765/2350 8062/2765/2392
f 8062/2765/2392 8059/2765/2350 8061/2765/2350
f 8067/2769/2465 8066/2769/2525 8065/2769/2465
f 8065/2769/2465 8072/2769/2526 8071/2769/2464
f 8071/2769/2464 8070/2769/2527 8069/2769/2465
f 8069/2769/2465 8068/2769/2526 8067/2769/2465
f 8067/2769/2465 8065/2769/2465 8071/2769/2464
f 8089/2769/2483 8090/2769/2528 8091/2769/2483
f 8091/2769/2483 8092/2769/2529 8093/2769/2483
f 8093/2769/2483 8094/2769/2530 8095/2769/2483
f 8095/2769/2483 8096/2769/2531 8089/2769/2483
f 8089/2769/2483 8091/2769/2483 8093/2769/2483
f 8099/2771/2176 8098/2770/2176 8103/2775/2176
f 8098/2770/2176 8097/2774/2176 8103/2775/2176
f 8097/2774/2176 8104/2775/2176 8103/2775/2176
f 8103/2775/2176 8102/2774/2176 8099/2771/2176
f 8102/2774/2176 8101/2770/2176 8099/2771/2176
f 8114/2781/2169 8113/2780/2169 8115/2779/2169
f 8115/2779/2169 8116/2779/2169 8117/2780/2169
f 8117/2780/2169 8118/2781/2169 8119/2773/2169
f 8119/2773/2169 8120/2773/2169 8114/2781/2169
f 8114/2781/2169 8115/2779/2169 8119/2773/2169
o tail_l
v 1.158554 0.254651 -4.847763
v 1.158554 0.186994 -6.280551
v 1.158554 0.212544 -7.707683
v 1.158554 0.196659 -5.069961
v 3.022468 0.253690 -6.138641
v 3.022468 0.223173 -6.919998
v 2.744398 0.234698 -7.723827
v 3.022468 0.227544 -6.238818
v 3.336459 0.248893 -6.398445
v 3.336459 0.232838 -7.026703
v 3.336459 0.238899 -7.083157
v 3.336459 0.235144 -6.498621
v 1.158554 0.254651 -4.847763
v 1.158554 0.186994 -6.280551
v 1.158554 0.302768 -5.224710
v 1.158554 0.212544 -7.707683
v 1.158554 0.196659 -5.069961
v 1.158554 0.275383 -6.308041
v 3.022468 0.253690 -6.138641
v 3.022468 0.275383 -6.308585
v 2.744398 0.234698 -7.723827
v 3.022468 0.263022 -6.932391
v 3.336459 0.248893 -6.398445
v 3.336459 0.232838 -7.026703
v 3.336459 0.260300 -6.568388
v 3.336459 0.238899 -7.083157
v 3.336459 0.235144 -6.498621
v 3.336459 0.253794 -7.039096
vn 0.0134 -0.9997 -0.0183
vn 0.0216 -0.9997 0.0074
vn 0.0224 -0.9997 0.0072
vn 0.0292 -0.9996 0.0058
vn 0.1718 -0.9532 0.2488
vn 0.0307 -0.9995 0.0055
vn 0.1637 -0.9675 0.1927
vn 0.0338 -0.9989 -0.0313
vn -1.0000 -0.0000 -0.0000
vn 0.0447 0.9968 -0.0664
vn 0.0879 0.9881 0.1261
vn -0.0103 0.9991 -0.0403
vn -0.0000 0.9997 -0.0233
vn 1.0000 -0.0000 -0.0000
vn 0.0286 0.9994 -0.0172
vn 0.1110 0.9891 0.0963
vt 0.622878 0.795099
vt 0.696352 0.794351
vt 0.709235 0.831593
vt 0.622878 0.861219
vt 0.709235 0.863153
vt 0.622878 0.917307
vt 0.709235 0.867794
vt 0.622878 0.927601
vt 0.723782 0.826649
vt 0.723782 0.851116
vt 0.723782 0.855757
vt 0.723782 0.824034
vt 0.861098 0.915128
vt 0.861098 0.859040
vt 0.861098 0.866210
vt 0.947455 0.945328
vt 0.962002 0.950272
vt 0.962002 0.952313
vt 0.934571 0.981996
vt 0.861098 0.848745
vt 0.947455 0.908553
vt 0.947455 0.916426
vt 0.861098 0.916401
vt 0.861098 0.981248
vt 0.962002 0.949697
vt 0.962002 0.928463
vt 0.962002 0.920590
vt 0.962002 0.925231
s 1
usemtl マテリアル
f 8123/2782/2532 8127/2783/2532 8126/2784/2532 8122/2785/2532
f 8122/2785/2533 8126/2784/2534 8128/2786/2535 8124/2787/2533
f 8124/2787/2536 8128/2786/2536 8125/2788/2536 8121/2789/2536
f 8126/2784/2534 8130/2790/2537 8132/2791/2537 8128/2786/2535
f 8128/2786/2538 8132/2791/2538 8129/2792/2538 8125/2788/2538
f 8127/2783/2539 8131/2793/2539 8130/2790/2539 8126/2784/2539
f 8134/2794/2540 8137/2795/2540 8135/2796/2540
f 8142/2797/2541 8148/2798/2541 8146/2799/2541 8141/2800/2541
f 8133/2801/2542 8139/2802/2542 8140/2803/2542 8135/2796/2542
f 8138/2804/2543 8142/2797/2543 8141/2800/2543 8136/2805/2543
f 8135/2796/2544 8140/2803/2544 8142/2797/2544 8138/2804/2544
f 8144/2806/2545 8146/2799/2545 8148/2798/2545
f 8140/2803/2546 8145/2807/2546 8148/2798/2546 8142/2797/2546
f 8139/2802/2547 8143/2808/2547 8145/2807/2547 8140/2803/2547
f 8133/2801/2540 8135/2796/2540 8137/2795/2540
f 8135/2796/2540 8138/2804/2540 8134/2794/2540
f 8138/2804/2540 8136/2805/2540 8134/2794/2540
f 8148/2798/2545 8145/2807/2545 8144/2806/2545
f 8145/2807/2545 8143/2808/2545 8147/2809/2545
f 8144/2806/2545 8145/2807/2545 8147/2809/2545
o tail_r
v -1.158554 0.254651 -4.847763
v -1.158554 0.186994 -6.280551
v -1.158554 0.212544 -7.707683
v -1.158554 0.196659 -5.069961
v -3.022468 0.253690 -6.138641
v -3.022468 0.223173 -6.919998
v -2.744398 0.234698 -7.723827
v -3.022468 0.227544 -6.238818
v -3.336459 0.248893 -6.398445
v -3.336459 0.232838 -7.026703
v -3.336459 0.238899 -7.083157
v -3.336459 0.235144 -6.498621
v -1.158554 0.254651 -4.847763
v -1.158554 0.186994 -6.280551
v -1.158554 0.302768 -5.224710
v -1.158554 0.212544 -7.707683
v -1.158554 0.196659 -5.069961
v -1.158554 0.275383 -6.308041
v -3.022468 0.253690 -6.138641
v -3.022468 0.275383 -6.308585
v -2.744398 0.234698 -7.723827
v -3.022468 0.263022 -6.932391
v -3.336459 0.248893 -6.398445
v -3.336459 0.232838 -7.026703
v -3.336459 0.260300 -6.568388
v -3.336459 0.238899 -7.083157
v -3.336459 0.235144 -6.498621
v -3.336459 0.253794 -7.039096
vn -0.0134 -0.9997 -0.0183
vn -0.0216 -0.9997 0.0074
vn -0.0292 -0.9996 0.0058
vn -0.0224 -0.9997 0.0072
vn -0.1718 -0.9532 0.2488
vn -0.0307 -0.9995 0.0055
vn -0.1637 -0.9675 0.1927
vn -0.0338 -0.9989 -0.0313
vn 1.0000 -0.0000 -0.0000
vn -0.0447 0.9968 -0.0664
vn -0.0879 0.9881 0.1261
vn 0.0103 0.9991 -0.0403
vn -0.0000 0.9997 -0.0233
vn -1.0000 -0.0000 -0.0000
vn -0.0286 0.9994 -0.0172
vn -0.1110 0.9891 0.0963
vt 0.553667 0.795099
vt 0.553667 0.861219
vt 0.467310 0.831593
vt 0.480193 0.794351
vt 0.553667 0.917307
vt 0.467310 0.863153
vt 0.553667 0.927601
vt 0.467310 0.867794
vt 0.452762 0.851116
vt 0.452762 0.826649
vt 0.452762 0.855757
vt 0.452762 0.824034
vt 0.789877 0.915128
vt 0.789877 0.981248
vt 0.789877 0.916401
vt 0.703520 0.945328
vt 0.716404 0.981996
vt 0.688973 0.952313
vt 0.688973 0.950272
vt 0.789877 0.848745
vt 0.789877 0.866210
vt 0.703520 0.916426
vt 0.703520 0.908553
vt 0.688973 0.949697
vt 0.688973 0.925231
vt 0.688973 0.928463
vt 0.688973 0.920590
vt 0.789877 0.859040
s 1
usemtl マテリアル
f 8151/2810/2548 8150/2811/2548 8154/2812/2548 8155/2813/2548
f 8150/2811/2549 8152/2814/2549 8156/2815/2550 8154/2812/2551
f 8152/2814/2552 8149/2816/2552 8153/2817/2552 8156/2815/2552
f 8154/2812/2551 8156/2815/2550 8160/2818/2553 8158/2819/2553
f 8156/2815/2554 8153/2817/2554 8157/2820/2554 8160/2818/2554
f 8155/2813/2555 8154/2812/2555 8158/2819/2555 8159/2821/2555
f 8162/2822/2556 8164/2823/2556 8166/2824/2556
f 8170/2825/2557 8169/2826/2557 8174/2827/2557 8176/2828/2557
f 8161/2829/2558 8163/2830/2558 8168/2831/2558 8167/2832/2558
f 8166/2824/2559 8164/2823/2559 8169/2826/2559 8170/2825/2559
f 8163/2830/2560 8166/2824/2560 8170/2825/2560 8168/2831/2560
f 8172/2833/2561 8175/2834/2561 8173/2835/2561
f 8168/2831/2562 8170/2825/2562 8176/2828/2562 8173/2835/2562
f 8167/2832/2563 8168/2831/2563 8173/2835/2563 8171/2836/2563
f 8166/2824/2556 8163/2830/2556 8162/2822/2556
f 8163/2830/2556 8161/2829/2556 8165/2837/2556
f 8162/2822/2556 8163/2830/2556 8165/2837/2556
f 8171/2836/2561 8173/2835/2561 8175/2834/2561
f 8173/2835/2561 8176/2828/2561 8172/2833/2561
f 8176/2828/2561 8174/2827/2561 8172/2833/2561
o translucent
v 0.000000 0.891212 5.776260
v 0.278854 0.842186 5.616625
v 0.162693 0.858391 5.729288
v 0.385684 0.846044 5.137031
v 0.413655 0.886008 4.799246
v 0.000000 1.363485 4.954808
v 0.166105 1.332020 4.945989
v 0.303990 1.194026 4.901191
v 0.000000 1.136167 5.375823
v 0.164399 1.104024 5.347927
v 0.291422 1.021633 5.290361
v 0.077556 1.204813 2.101712
v 0.191698 1.189503 2.396270
v 0.000000 1.215321 2.009965
v 0.301413 1.126589 3.034294
v 0.337833 1.078726 3.338502
v 0.300459 1.228547 3.273814
v 0.170642 1.416364 3.193109
v 0.000000 1.459569 3.168348
v 0.000000 1.399911 2.825370
v 0.262016 1.227407 2.963635
v 0.141773 1.363414 2.854623
v -0.077556 1.204813 2.101712
v -0.191698 1.189503 2.396270
v -0.301413 1.126589 3.034294
v -0.337833 1.078726 3.338502
v -0.300459 1.228547 3.273814
v -0.170642 1.416364 3.193109
v -0.262016 1.227407 2.963635
v -0.141773 1.363414 2.854623
v -0.278854 0.842186 5.616625
v -0.162693 0.858391 5.729288
v -0.385684 0.846044 5.137031
v -0.413655 0.886008 4.799246
v -0.166105 1.332020 4.945989
v -0.303990 1.194026 4.901191
v -0.164399 1.104024 5.347927
v -0.291422 1.021633 5.290361
v -0.077556 1.204813 2.101712
v -0.191698 1.189503 2.396270
v -0.301413 1.126589 3.034294
v -0.337833 1.078726 3.338502
v -0.300459 1.228547 3.273814
v -0.170642 1.416364 3.193109
v -0.262016 1.227407 2.963635
v -0.141773 1.363414 2.854623
v 0.077556 1.204813 2.101712
v 0.191698 1.189503 2.396270
v 0.301413 1.126589 3.034294
v 0.337833 1.078726 3.338502
v 0.300459 1.228547 3.273814
v 0.170642 1.416364 3.193109
v 0.262016 1.227407 2.963635
v 0.141773 1.363414 2.854623
vn 0.2169 0.8540 0.4729
vn 0.6755 0.6529 0.3426
vn 0.5804 0.6928 0.4279
vn 0.2785 0.8133 0.5109
vn 0.9259 0.3148 0.2088
vn 0.9368 0.3184 0.1452
vn 0.3167 0.9238 -0.2151
vn 0.7269 0.6646 -0.1730
vn 0.9514 0.2762 -0.1364
vn 0.8204 0.5565 -0.1315
vn 0.9652 0.2421 -0.0992
vn 0.2709 0.9478 -0.1681
vn -0.3167 0.9238 -0.2151
vn -0.7269 0.6646 -0.1730
vn -0.9514 0.2762 -0.1364
vn -0.8204 0.5565 -0.1315
vn -0.9652 0.2421 -0.0992
vn -0.2709 0.9478 -0.1681
vn -0.2169 0.8540 0.4729
vn -0.6755 0.6529 0.3426
vn -0.5804 0.6928 0.4279
vn -0.2785 0.8133 0.5109
vn -0.9259 0.3148 0.2088
vn -0.9368 0.3184 0.1452
vt 0.007912 0.972619
vt 0.007914 0.973024
vt 0.007747 0.973015
vt 0.007747 0.972591
vt 0.008040 0.972677
vt 0.008053 0.973069
vt 0.008028 0.972349
vt 0.007911 0.972235
vt 0.007747 0.972188
vt 0.008135 0.972832
vt 0.008163 0.973172
vt 0.008120 0.978149
vt 0.008120 0.974371
vt 0.008777 0.974235
vt 0.008479 0.977724
vt 0.009334 0.973730
vt 0.009008 0.976359
vt 0.009516 0.973403
vt 0.008910 0.972667
vt 0.009512 0.972293
vt 0.009685 0.971994
vt 0.008120 0.972782
s 1
usemtl マテリアル
f 8186/2838/2564 8183/2839/2564 8182/2840/2564 8185/2841/2564
f 8187/2842/2565 8184/2843/2565 8183/2839/2565 8186/2838/2565
f 8178/2844/2566 8187/2842/2566 8186/2838/2566 8179/2845/2566
f 8179/2845/2567 8186/2838/2567 8185/2841/2567 8177/2846/2567
f 8180/2847/2568 8187/2842/2568 8178/2844/2568
f 8181/2848/2569 8184/2843/2569 8187/2842/2569 8180/2847/2569
f 8190/2849/2570 8196/2850/2570 8198/2851/2570 8188/2852/2570
f 8188/2852/2571 8198/2851/2571 8197/2853/2571 8189/2854/2571
f 8189/2854/2572 8197/2853/2572 8191/2855/2572
f 8197/2853/2573 8198/2851/2573 8194/2856/2573 8193/2857/2573
f 8191/2855/2574 8197/2853/2574 8193/2857/2574 8192/2858/2574
f 8198/2851/2575 8196/2850/2575 8195/2859/2575 8194/2856/2575
f 8190/2849/2576 8199/2852/2576 8206/2851/2576 8196/2850/2576
f 8199/2852/2577 8200/2854/2577 8205/2853/2577 8206/2851/2577
f 8200/2854/2578 8201/2855/2578 8205/2853/2578
f 8205/2853/2579 8203/2857/2579 8204/2856/2579 8206/2851/2579
f 8201/2855/2580 8202/2858/2580 8203/2857/2580 8205/2853/2580
f 8206/2851/2581 8204/2856/2581 8195/2859/2581 8196/2850/2581
f 8213/2838/2582 8185/2841/2582 8182/2840/2582 8211/2839/2582
f 8214/2842/2583 8213/2838/2583 8211/2839/2583 8212/2843/2583
f 8207/2844/2584 8208/2845/2584 8213/2838/2584 8214/2842/2584
f 8208/2845/2585 8177/2846/2585 8185/2841/2585 8213/2838/2585
f 8209/2847/2586 8207/2844/2586 8214/2842/2586
f 8210/2848/2587 8209/2847/2587 8214/2842/2587 8212/2843/2587
f 8190/2849/2576 8215/2852/2576 8222/2851/2576 8196/2850/2576
f 8215/2852/2577 8216/2854/2577 8221/2853/2577 8222/2851/2577
f 8216/2854/2578 8217/2855/2578 8221/2853/2578
f 8221/2853/2579 8219/2857/2579 8220/2856/2579 8222/2851/2579
f 8217/2855/2580 8218/2858/2580 8219/2857/2580 8221/2853/2580
f 8222/2851/2581 8220/2856/2581 8195/2859/2581 8196/2850/2581
f 8190/2849/2570 8196/2850/2570 8230/2851/2570 8223/2852/2570
f 8223/2852/2571 8230/2851/2571 8229/2853/2571 8224/2854/2571
f 8224/2854/2572 8229/2853/2572 8225/2855/2572
f 8229/2853/2573 8230/2851/2573 8228/2856/2573 8227/2857/2573
f 8225/2855/2574 8229/2853/2574 8227/2857/2574 8226/2858/2574
f 8230/2851/2575 8196/2850/2575 8195/2859/2575 8228/2856/2575
o translucent_canopy
v 0.442352 0.951880 3.981846
v 0.000000 1.490700 3.362729
v 0.341186 1.276675 3.457460
v 0.188450 1.435925 3.386490
v 0.357181 1.101779 3.531441
v 0.457804 0.846344 4.656074
v 0.000000 1.415650 4.836737
v 0.311048 1.221499 4.776064
v 0.169634 1.371839 4.824390
v 0.000000 1.551017 4.295986
v 0.000000 1.514320 4.563821
v 0.182178 1.499897 4.307711
v 0.175906 1.466855 4.563511
v 0.331140 1.343617 4.338916
v 0.321094 1.313545 4.554950
v 0.000000 1.544477 3.829357
v 0.185314 1.491529 3.847101
v 0.336163 1.333765 3.898188
v -0.442352 0.951880 3.981846
v -0.341186 1.276675 3.457460
v -0.188450 1.435925 3.386490
v -0.357181 1.101779 3.531441
v -0.457804 0.846344 4.656074
v -0.311048 1.221499 4.776064
v -0.169634 1.371839 4.824390
v -0.182178 1.499897 4.307711
v -0.175906 1.466855 4.563511
v -0.331140 1.343617 4.338916
v -0.321094 1.313545 4.554950
v -0.185314 1.491529 3.847101
v -0.336163 1.333765 3.898188
vn 0.2522 0.9087 0.3327
vn 0.7249 0.6335 0.2704
vn 0.7243 0.6895 -0.0074
vn 0.7157 0.6886 0.1169
vn 0.2735 0.9618 -0.0145
vn 0.2593 0.9569 0.1306
vn 0.2866 0.9516 -0.1113
vn 0.7348 0.6738 -0.0776
vn 0.9348 0.3107 0.1718
vn 0.9511 0.2968 0.0855
vn 0.9632 0.2689 0.0050
vn 0.9661 0.2577 0.0182
vn 0.9784 0.1956 -0.0676
vn -0.2522 0.9087 0.3327
vn -0.7249 0.6335 0.2704
vn -0.7243 0.6895 -0.0074
vn -0.7157 0.6886 0.1169
vn -0.2735 0.9618 -0.0145
vn -0.2593 0.9569 0.1306
vn -0.2866 0.9516 -0.1113
vn -0.7348 0.6738 -0.0776
vn -0.9348 0.3107 0.1718
vn -0.9511 0.2968 0.0855
vn -0.9632 0.2689 0.0050
vn -0.9661 0.2577 0.0182
vn -0.9784 0.1956 -0.0676
vt 0.008813 0.979900
vt 0.008813 0.979626
vt 0.008983 0.979638
vt 0.008990 0.979901
vt 0.009126 0.979687
vt 0.009136 0.979909
vt 0.008999 0.980622
vt 0.008996 0.980158
vt 0.009146 0.980127
vt 0.009151 0.980571
vt 0.008813 0.980640
vt 0.008813 0.980170
vt 0.008813 0.981110
vt 0.009002 0.981086
vt 0.009156 0.981015
vt 0.009274 0.979807
vt 0.009258 0.980487
vt 0.009172 0.980940
s 1
usemtl マテリアル
f 8241/2860/2588 8237/2861/2588 8239/2862/2588 8243/2863/2588
f 8243/2863/2589 8239/2862/2589 8238/2864/2589 8245/2865/2589
f 8247/2866/2590 8242/2867/2590 8244/2868/2590 8248/2869/2590
f 8242/2867/2591 8243/2863/2591 8245/2865/2591 8244/2868/2591
f 8246/2870/2592 8240/2871/2592 8242/2867/2592 8247/2866/2592
f 8240/2871/2593 8241/2860/2593 8243/2863/2593 8242/2867/2593
f 8232/2872/2594 8246/2870/2594 8247/2866/2594 8234/2873/2594
f 8234/2873/2595 8247/2866/2595 8248/2869/2595 8233/2874/2595
f 8238/2864/2596 8236/2875/2596 8245/2865/2596
f 8245/2865/2597 8236/2875/2597 8244/2868/2597
f 8248/2869/2598 8244/2868/2598 8231/2876/2598
f 8231/2876/2599 8244/2868/2599 8236/2875/2599
f 8235/2877/2600 8233/2874/2600 8248/2869/2600 8231/2876/2600
f 8241/2860/2601 8257/2863/2601 8255/2862/2601 8237/2861/2601
f 8257/2863/2602 8259/2865/2602 8254/2864/2602 8255/2862/2602
f 8260/2866/2603 8261/2869/2603 8258/2868/2603 8256/2867/2603
f 8256/2867/2604 8258/2868/2604 8259/2865/2604 8257/2863/2604
f 8246/2870/2605 8260/2866/2605 8256/2867/2605 8240/2871/2605
f 8240/2871/2606 8256/2867/2606 8257/2863/2606 8241/2860/2606
f 8232/2872/2607 8251/2873/2607 8260/2866/2607 8246/2870/2607
f 8251/2873/2608 8250/2874/2608 8261/2869/2608 8260/2866/2608
f 8254/2864/2609 8259/2865/2609 8253/2875/2609
f 8259/2865/2610 8258/2868/2610 8253/2875/2610
f 8261/2869/2611 8249/2876/2611 8258/2868/2611
f 8249/2876/2612 8253/2875/2612 8258/2868/2612
f 8252/2877/2613 8249/2876/2613 8261/2869/2613 8250/2874/2613
o translucent_flame
v -0.000001 0.742517 -7.152700
v 0.193652 0.703997 -7.152700
v 0.357822 0.594302 -7.152700
v 0.467517 0.430132 -7.152700
v 0.506037 0.236481 -7.152700
v 0.467517 0.042829 -7.152700
v 0.357822 -0.121341 -7.152700
v 0.193652 -0.231036 -7.152700
v -0.000001 -0.269556 -7.152700
v -0.193653 0.703997 -7.152700
v -0.357823 0.594302 -7.152700
v -0.467518 0.430132 -7.152700
v -0.506038 0.236481 -7.152700
v -0.467518 0.042829 -7.152700
v -0.357823 -0.121341 -7.152700
v -0.193653 -0.231036 -7.152700
v -0.000001 0.522322 -11.591018
v 0.109386 0.500563 -11.591018
v 0.202119 0.438601 -11.591018
v 0.264082 0.345867 -11.591018
v 0.285840 0.236481 -11.591018
v 0.264082 0.127094 -11.591018
v 0.202119 0.034361 -11.591018
v 0.109386 -0.027602 -11.591018
v -0.000001 -0.049360 -11.591018
v -0.109388 0.500563 -11.591018
v -0.202122 0.438601 -11.591018
v -0.264084 0.345867 -11.591018
v -0.285843 0.236481 -11.591018
v -0.264084 0.127094 -11.591018
v -0.202122 0.034361 -11.591018
v -0.109388 -0.027602 -11.591018
vn -0.5549 -0.8305 -0.0486
vn -0.9796 0.1949 -0.0486
vn 0.1949 -0.9796 -0.0486
vn 0.9796 0.1949 -0.0486
vn 0.1949 0.9796 -0.0486
vn 0.9796 -0.1949 -0.0486
vn -0.1949 0.9796 -0.0486
vn -0.9796 -0.1949 -0.0486
vn 0.5549 0.8305 -0.0486
vn -0.1949 -0.9796 -0.0486
vn 0.8305 -0.5549 -0.0486
vn -0.5549 0.8305 -0.0486
vn -0.8305 -0.5549 -0.0486
vn 0.8305 0.5549 -0.0486
vn 0.5549 -0.8305 -0.0486
vn -0.8305 0.5549 -0.0486
vt 0.003750 0.824717
vt 0.131544 0.827988
vt 0.131544 0.826687
vt 0.003750 0.822413
vt 0.003750 0.836303
vt 0.131544 0.834533
vt 0.131544 0.832235
vt 0.003750 0.832235
vt 0.003750 0.821603
vt 0.131544 0.826230
vt 0.003750 0.842057
vt 0.131544 0.837783
vt 0.131544 0.838240
vt 0.003750 0.842866
vt 0.003750 0.828166
vt 0.131544 0.829937
vt 0.003750 0.839752
vt 0.131544 0.836481
s 1
usemtl マテリアル.002
f 8276/2878/2614 8292/2879/2614 8293/2880/2614 8277/2881/2614
f 8273/2882/2615 8289/2883/2615 8290/2884/2615 8274/2885/2615
f 8270/2886/2616 8286/2887/2616 8285/2880/2616 8269/2881/2616
f 8266/2885/2617 8282/2884/2617 8281/2883/2617 8265/2882/2617
f 8263/2888/2618 8279/2889/2618 8278/2890/2618 8262/2891/2618
f 8267/2892/2619 8283/2893/2619 8282/2884/2619 8266/2885/2619
f 8262/2891/2620 8278/2890/2620 8287/2889/2620 8271/2888/2620
f 8274/2885/2621 8290/2884/2621 8291/2893/2621 8275/2892/2621
f 8264/2894/2622 8280/2895/2622 8279/2889/2622 8263/2888/2622
f 8277/2881/2623 8293/2880/2623 8286/2887/2623 8270/2886/2623
f 8268/2878/2624 8284/2879/2624 8283/2893/2624 8267/2892/2624
f 8271/2888/2625 8287/2889/2625 8288/2895/2625 8272/2894/2625
f 8275/2892/2626 8291/2893/2626 8292/2879/2626 8276/2878/2626
f 8265/2882/2627 8281/2883/2627 8280/2895/2627 8264/2894/2627
f 8269/2881/2628 8285/2880/2628 8284/2879/2628 8268/2878/2628
f 8272/2894/2629 8288/2895/2629 8289/2883/2629 8273/2882/2629
