# Blender 4.3.2
# www.blender.org
mtllib f4b.mtl
o $lwingl
v 5.490163 0.405268 -2.801969
v 5.490163 0.469150 -2.801969
v 5.490163 0.405268 -2.921622
v 5.490163 0.469150 -2.921622
v 5.609817 0.405268 -2.801969
v 5.609817 0.469150 -2.801969
v 5.609817 0.405268 -2.921622
v 5.609817 0.469150 -2.921622
vn -1.0000 -0.0000 -0.0000
vn -0.0000 -0.0000 -1.0000
vn 1.0000 -0.0000 -0.0000
vn -0.0000 -0.0000 1.0000
vn -0.0000 -1.0000 -0.0000
vn -0.0000 1.0000 -0.0000
vt 0.192761 0.998156
vt 0.190261 0.998156
vt 0.190261 0.995656
vt 0.192761 0.995656
vt 0.190261 0.993156
vt 0.192761 0.993156
vt 0.190261 0.990656
vt 0.192761 0.990656
vt 0.190261 0.988156
vt 0.192761 0.988156
vt 0.195261 0.993156
vt 0.195261 0.990656
vt 0.187761 0.993156
vt 0.187761 0.990656
s 1
usemtl マテリアル
f 1/1/1 2/2/1 4/3/1 3/4/1
f 3/4/2 4/3/2 8/5/2 7/6/2
f 7/6/3 8/5/3 6/7/3 5/8/3
f 5/8/4 6/7/4 2/9/4 1/10/4
f 3/11/5 7/6/5 5/8/5 1/12/5
f 8/5/6 4/13/6 2/14/6 6/7/6
o $rearwingl1
v 0.000000 2.507785 -5.199147
v 0.000000 2.393373 -4.969251
v 0.033450 2.507785 -5.322205
v 0.034673 2.393373 -5.092309
v 0.000000 2.507785 -5.199147
v 0.000000 2.393373 -4.969251
v -0.033450 2.507785 -5.322205
v -0.034673 2.393373 -5.092309
vn 0.8476 0.4759 0.2346
vn -0.8476 0.4759 0.2346
vt 0.189936 0.990507
vt 0.189983 0.990507
vt 0.190072 0.990552
vt 0.190024 0.990552
vt 0.190739 0.988896
vt 0.190650 0.988940
vt 0.190603 0.988940
vt 0.190692 0.988896
s 1
usemtl マテリアル
f 10/15/7 12/16/7 11/17/7 9/18/7
f 14/19/8 13/20/8 15/21/8 16/22/8
o $rearwingl2
v 0.000000 3.251966 -8.407051
v -0.053344 3.274062 -8.407051
v -0.075440 3.327406 -8.407051
v -0.053344 3.380750 -8.407051
v 0.000000 3.402846 -8.407051
v 0.053344 3.380750 -8.407051
v 0.075440 3.327406 -8.407051
v 0.053344 3.274062 -8.407051
v 0.000000 3.285614 -8.484310
v -0.029552 3.297855 -8.484310
v -0.041792 3.327406 -8.484310
v -0.029552 3.356958 -8.484310
v 0.000000 3.369198 -8.484310
v 0.029551 3.356958 -8.484310
v 0.041792 3.327406 -8.484310
v 0.029551 3.297855 -8.484310
v -0.049950 3.377356 -8.445681
v -0.070640 3.327406 -8.445681
v -0.049950 3.277456 -8.445681
v 0.000000 3.256766 -8.445681
v 0.049950 3.277456 -8.445681
v 0.070640 3.327406 -8.445681
v 0.049950 3.377356 -8.445681
v 0.000000 3.398046 -8.445681
vn -0.0000 -0.0000 -1.0000
vn -0.7605 0.3150 -0.5679
vn -0.3150 -0.7604 -0.5679
vn 0.3150 -0.7604 -0.5679
vn 0.7605 0.3150 -0.5679
vn -0.3150 0.7605 -0.5679
vn -0.7605 -0.3150 -0.5679
vn 0.7604 -0.3150 -0.5679
vn 0.3150 0.7605 -0.5679
vn 0.3802 0.9178 -0.1140
vn 0.9179 -0.3802 -0.1140
vn -0.9179 -0.3802 -0.1140
vn -0.3802 0.9179 -0.1140
vn 0.9179 0.3802 -0.1140
vn 0.3802 -0.9179 -0.1141
vn -0.3802 -0.9178 -0.1141
vn -0.9179 0.3802 -0.1140
vt 0.059624 0.992822
s 1
usemtl マテリアル
f 26/23/9 27/23/9 28/23/9 29/23/9 30/23/9 31/23/9 32/23/9 25/23/9
f 34/23/10 33/23/10 28/23/10 27/23/10
f 36/23/11 35/23/11 26/23/11 25/23/11
f 37/23/12 36/23/12 25/23/12 32/23/12
f 39/23/13 38/23/13 31/23/13 30/23/13
f 33/23/14 40/23/14 29/23/14 28/23/14
f 35/23/15 34/23/15 27/23/15 26/23/15
f 38/23/16 37/23/16 32/23/16 31/23/16
f 40/23/17 39/23/17 30/23/17 29/23/17
f 21/23/18 22/23/18 39/23/18 40/23/18
f 23/23/19 24/23/19 37/23/19 38/23/19
f 18/23/20 19/23/20 34/23/20 35/23/20
f 20/23/21 21/23/21 40/23/21 33/23/21
f 22/23/22 23/23/22 38/23/22 39/23/22
f 24/23/23 17/23/23 36/23/23 37/23/23
f 17/23/24 18/23/24 35/23/24 36/23/24
f 19/23/25 20/23/25 33/23/25 34/23/25
o $rwingl
v -5.490163 0.405268 -2.801969
v -5.490163 0.469150 -2.801969
v -5.490163 0.405268 -2.921622
v -5.490163 0.469150 -2.921622
v -5.609817 0.405268 -2.801969
v -5.609817 0.469150 -2.801969
v -5.609817 0.405268 -2.921622
v -5.609817 0.469150 -2.921622
vn 1.0000 -0.0000 -0.0000
vn -0.0000 -0.0000 -1.0000
vn -1.0000 -0.0000 -0.0000
vn -0.0000 -0.0000 1.0000
vn -0.0000 -1.0000 -0.0000
vn -0.0000 1.0000 -0.0000
vt 0.192761 0.979941
vt 0.192761 0.977441
vt 0.190261 0.977441
vt 0.190261 0.979941
vt 0.192761 0.974941
vt 0.190261 0.974941
vt 0.192761 0.972441
vt 0.190261 0.972441
vt 0.192761 0.969941
vt 0.190261 0.969941
vt 0.195261 0.974941
vt 0.195261 0.972441
vt 0.187761 0.972441
vt 0.187761 0.974941
s 1
usemtl マテリアル
f 41/24/26 43/25/26 44/26/26 42/27/26
f 43/25/27 47/28/27 48/29/27 44/26/27
f 47/28/28 45/30/28 46/31/28 48/29/28
f 45/30/29 41/32/29 42/33/29 46/31/29
f 43/34/30 41/35/30 45/30/30 47/28/30
f 48/29/31 46/31/31 42/36/31 44/37/31
o body
v -1.030380 0.258702 2.112514
v -1.030380 0.289765 -2.025147
v -2.670434 0.281365 0.255267
v -2.670434 0.285713 -2.501513
v -1.030380 0.160458 2.743069
v -1.030380 0.136901 -2.025147
v -2.670434 0.127871 0.807139
v -1.030380 0.339284 0.475098
v -2.670434 0.332848 -0.835686
v -1.030380 0.160458 0.856121
v -1.030380 0.289765 -2.936839
v -1.030380 0.136901 -3.063322
v -4.011187 0.236568 -2.901221
v -4.011187 0.105104 -0.835756
v -4.011187 0.265178 -1.957673
v -4.011187 0.210792 -3.641341
v -4.011187 0.095968 -3.767824
v -5.606881 0.486584 -3.747061
v -5.606881 0.445670 -3.747061
v -5.606881 0.453583 -3.078518
v -5.606881 0.464256 -4.028197
v -5.606881 0.445670 -4.154681
v -4.011187 0.105104 -0.606265
v -5.606881 0.484298 -3.202067
v -4.011187 0.233929 -1.057962
v -5.606881 0.453583 -2.849027
v -1.255312 0.346563 -2.090480
v -1.255312 0.340094 1.857795
v -1.255312 0.155989 2.477558
v -1.255312 0.416685 0.295326
v -1.255312 0.283385 -2.989433
v -1.255312 0.133598 -3.115916
v 1.030380 0.258702 2.112514
v 1.030380 0.289765 -2.025147
v 2.670434 0.281365 0.255267
v 2.670434 0.285713 -2.501513
v 1.030380 0.160458 2.743069
v 1.030380 0.136901 -2.025147
v 2.670434 0.127871 0.807139
v 1.030380 0.339284 0.475098
v 2.670434 0.332848 -0.835686
v 1.030380 0.160458 0.856121
v 1.030380 0.289765 -2.936839
v 1.030380 0.136901 -3.063322
v 4.011187 0.236568 -2.901221
v 4.011187 0.105104 -0.835756
v 4.011187 0.265178 -1.957673
v 4.011187 0.210792 -3.641341
v 4.011187 0.095968 -3.767824
v 5.606881 0.486584 -3.747061
v 5.606881 0.445670 -3.747061
v 5.606881 0.453583 -3.078518
v 5.606881 0.464256 -4.028197
v 5.606881 0.445670 -4.154681
v 4.011187 0.105104 -0.606265
v 5.606881 0.484298 -3.202067
v 4.011187 0.233929 -1.057962
v 5.606881 0.453583 -2.849027
v 1.255312 0.346563 -2.090480
v 1.255312 0.340094 1.857795
v 1.255312 0.155989 2.477558
v 1.255312 0.416685 0.295326
v 1.255312 0.283385 -2.989433
v 1.255312 0.133598 -3.115916
v 1.030380 0.062214 2.112514
v 1.030380 0.008294 -2.025147
v 2.670434 0.065104 0.255267
v 2.670434 0.030655 -2.501513
v 1.030380 0.160458 2.743069
v 1.030380 0.136901 -2.025147
v 2.670434 0.127871 0.807139
v 1.030380 -0.018368 0.475099
v 2.670434 0.013621 -0.835686
v 1.030380 0.160458 0.856121
v 1.030380 0.074764 -2.936839
v 1.030380 0.136901 -3.063322
v 4.011187 0.046096 -2.901221
v 4.011187 0.105104 -0.835756
v 4.011187 0.035757 -1.957673
v 4.011187 0.071872 -3.641341
v 4.011187 0.095968 -3.767824
v 5.606881 0.402469 -3.747061
v 5.606881 0.445670 -3.747061
v 5.606881 0.453583 -3.078518
v 5.606881 0.424797 -4.028197
v 5.606881 0.445670 -4.154681
v 4.011187 0.105104 -0.606265
v 4.011187 0.067006 -1.057962
v 4.011187 0.233929 -1.057962
v 5.606881 0.453583 -2.849027
v 5.606881 0.420582 -3.202067
v 2.670434 0.016032 -1.071484
v 2.670434 0.021647 -1.620668
v 1.268785 -0.006836 -0.360818
v 1.814599 -0.000842 -0.360818
v 2.015667 0.003292 -0.541383
v 2.528635 0.012557 -0.881993
v 2.610710 0.014926 -1.025625
v 1.515010 0.004226 -1.144633
v 1.293407 0.000480 -1.021521
v 2.840520 0.018808 -1.202085
v 2.345916 0.016755 -1.486967
v 1.255312 0.011360 -2.090480
v 1.255312 0.062610 1.857795
v 1.255312 0.155989 2.477558
v 1.255312 -0.013981 0.295326
v 1.255312 0.074538 -2.989433
v 1.255312 0.133598 -3.115916
v -1.030380 0.062214 2.112514
v -1.030380 0.008294 -2.025147
v -2.670434 0.065104 0.255267
v -2.670434 0.030655 -2.501513
v -1.030380 0.160458 2.743069
v -1.030380 0.136901 -2.025147
v -2.670434 0.127871 0.807139
v -1.030380 -0.018368 0.475099
v -2.670434 0.013621 -0.835686
v -1.030380 0.160458 0.856121
v -1.030380 0.074764 -2.936839
v -1.030380 0.136901 -3.063322
v -4.011187 0.046096 -2.901221
v -4.011187 0.105104 -0.835756
v -4.011187 0.035757 -1.957673
v -4.011187 0.071872 -3.641341
v -4.011187 0.095968 -3.767824
v -5.606881 0.402469 -3.747061
v -5.606881 0.445670 -3.747061
v -5.606881 0.453583 -3.078518
v -5.606881 0.424797 -4.028197
v -5.606881 0.445670 -4.154681
v -4.011187 0.105104 -0.606265
v -4.011187 0.067006 -1.057962
v -4.011187 0.233929 -1.057962
v -5.606881 0.453583 -2.849027
v -5.606881 0.420582 -3.202067
v -2.670434 0.016032 -1.071484
v -2.670434 0.021647 -1.620668
v -1.268785 -0.006836 -0.360818
v -1.814599 -0.000842 -0.360818
v -2.015667 0.003292 -0.541383
v -2.528635 0.012557 -0.881993
v -2.610710 0.014926 -1.025625
v -1.515010 0.004226 -1.144633
v -1.293407 0.000480 -1.021521
v -2.840520 0.018808 -1.202085
v -2.345916 0.016755 -1.486967
v -1.255312 0.011360 -2.090480
v -1.255312 0.062610 1.857795
v -1.255312 0.155989 2.477558
v -1.255312 -0.013981 0.295326
v -1.255312 0.074538 -2.989433
v -1.255312 0.133598 -3.115916
v 0.000000 -0.071092 2.826361
v 0.000000 -0.070031 1.661486
v 0.000000 -0.075271 -0.262801
v 0.000000 -0.088711 -1.576285
v 0.000000 -0.072668 0.699343
v 0.000000 -0.152592 -4.261301
v 0.000000 -0.113378 -2.581912
v 1.194060 -0.011475 3.607678
v 1.201734 -0.021923 2.906993
v 0.906010 -0.061272 1.661486
v 0.938825 -0.045886 2.887368
v 1.168919 -0.021923 1.661486
v 0.698698 -0.074951 1.661486
v 0.931151 -0.035438 3.588054
v 0.723839 -0.013651 3.527047
v 0.535287 -0.071092 2.826361
v 0.731513 -0.075302 2.826361
v 0.334795 -0.070031 1.661486
v 0.761311 -0.119685 -0.262801
v 1.024220 -0.081069 -0.262801
v 0.521607 -0.121422 -0.262801
v 0.205058 -0.075271 -0.262801
v 0.732080 -0.207493 -1.576285
v 1.013831 -0.155135 -1.576285
v 0.513732 -0.209289 -1.576285
v 0.150366 -0.088711 -1.576285
v 0.574182 -0.105723 0.699343
v 0.808340 -0.092043 0.699343
v 1.071249 -0.021923 0.699343
v 0.256357 -0.072668 0.699343
v 0.688209 -0.348796 -4.230868
v 0.914310 -0.297190 -4.238873
v 0.462107 -0.297190 -4.238873
v 0.493860 -0.264809 -2.581912
v 0.716329 -0.263072 -2.581912
v 1.026491 -0.209247 -2.581912
v 0.119228 -0.113378 -2.581912
v 0.280787 -0.152592 -4.261301
v 0.000000 -0.152592 -4.675246
v 0.107018 -0.152592 -4.675246
v -1.194060 -0.011475 3.607678
v -1.201734 -0.021923 2.906993
v -0.906010 -0.061272 1.661486
v -0.938825 -0.045886 2.887368
v -1.168919 -0.021923 1.661486
v -0.698698 -0.074951 1.661486
v -0.931151 -0.035438 3.588054
v -0.723839 -0.013651 3.527047
v -0.535287 -0.071092 2.826361
v -0.731513 -0.075302 2.826361
v -0.334795 -0.070031 1.661486
v -0.761311 -0.119685 -0.262801
v -1.024220 -0.081069 -0.262801
v -0.521607 -0.121422 -0.262801
v -0.205058 -0.075271 -0.262801
v -0.732080 -0.207493 -1.576285
v -1.013831 -0.155135 -1.576285
v -0.513732 -0.209289 -1.576285
v -0.150366 -0.088711 -1.576285
v -0.574182 -0.105723 0.699343
v -0.808340 -0.092043 0.699343
v -1.071249 -0.021923 0.699343
v -0.256357 -0.072668 0.699343
v -0.688209 -0.348796 -4.230868
v -0.914310 -0.297190 -4.238873
v -0.462107 -0.297190 -4.238873
v -0.493860 -0.264809 -2.581912
v -0.716329 -0.263072 -2.581912
v -1.026491 -0.209247 -2.581912
v -0.119228 -0.113378 -2.581912
v -0.280787 -0.152592 -4.261301
v -0.107018 -0.152592 -4.675246
v 0.535287 -0.071092 2.826361
v 0.578926 0.351783 2.802185
v 0.672979 0.846638 2.802186
v 0.591835 1.185520 2.802185
v 0.549808 0.382167 1.661486
v 0.662091 0.974252 1.661486
v 0.327278 1.714304 1.661486
v 0.000000 1.783428 1.661486
v 0.608447 1.334707 1.661486
v 0.327497 -0.011775 1.661486
v 0.327278 1.714304 -1.576286
v 0.000000 1.783428 -1.576286
v 0.608447 1.334707 -1.576285
v 0.327278 1.714304 -2.581912
v 0.000000 1.783428 -2.581912
v 0.608447 1.334707 -2.581912
v 0.327278 1.714304 -4.384521
v 0.000000 1.783428 -4.384521
v 0.608447 1.334707 -4.384521
v 0.243087 1.714303 -6.275955
v 0.000000 1.783427 -6.275955
v 0.376170 1.334707 -6.275955
v 0.191460 1.614026 -7.401700
v 0.000000 1.683150 -7.401700
v 0.272463 1.334698 -7.401700
v 0.120425 1.492821 -8.235754
v 0.000000 1.526494 -8.235754
v 0.164430 1.356749 -8.235754
v 0.067982 1.446321 -8.372484
v 0.000000 1.470110 -8.372484
v 0.090574 1.350190 -8.372484
v 0.026740 1.391001 -8.432646
v 0.000000 1.403031 -8.432646
v 0.038165 1.342387 -8.432646
v 0.744128 1.157640 2.855530
v 0.731820 1.145327 3.655532
v 1.026360 1.109088 3.755391
v 0.744128 1.223933 3.189208
v 1.026360 1.192917 3.183317
v 0.729622 1.110617 3.706552
v 1.026360 1.071397 3.802016
v 1.193718 1.058077 3.808508
v 1.202713 1.141907 3.181046
v 1.179792 1.020386 3.855133
v 1.277223 0.910751 3.872648
v 1.300709 0.933654 3.826023
v 1.323789 1.006600 3.161058
v 1.375412 0.257107 3.695230
v 1.411451 0.257107 2.979524
v 1.353279 0.257107 3.741854
v 1.306155 0.063254 3.645409
v 1.313829 0.052807 2.935566
v 1.301442 0.100717 3.699360
v 1.194060 -0.011475 3.607678
v 1.201734 -0.021923 2.906993
v 1.189347 0.025988 3.661628
v 1.340313 0.720089 3.852475
v 1.360480 0.736488 3.805851
v 1.390039 0.772961 3.105810
v 0.744128 1.274943 2.391191
v 1.169898 1.191282 1.661486
v 1.001141 1.259143 1.661486
v 0.718909 1.299390 1.661486
v 1.290973 1.044580 1.661486
v 1.378636 0.257107 1.661486
v 1.281013 0.052807 1.661486
v 1.168919 -0.021923 1.661486
v 1.357224 0.795749 1.661486
v 0.535287 1.274943 2.391191
v 0.535287 1.299390 1.661486
v 0.946627 1.118898 3.728359
v 0.931222 1.084139 3.771000
v 0.931151 -0.035438 3.588054
v 0.908057 0.005688 3.642004
v 1.025199 1.172819 -0.262801
v 0.856443 1.251230 -0.262801
v 0.718909 1.299390 -0.262801
v 1.146275 1.044580 -0.262801
v 1.233937 0.224292 -0.262801
v 1.136315 0.011918 -0.262801
v 1.024220 -0.081069 -0.262801
v 1.212525 0.795749 -0.262801
v 0.602817 1.312678 -0.262801
v 0.997828 1.063034 -1.576285
v 0.824919 1.181536 -1.576285
v 1.135886 0.925007 -1.576285
v 1.223548 0.180538 -1.576285
v 1.125926 -0.054298 -1.576285
v 1.013831 -0.155135 -1.576285
v 1.202136 0.667628 -1.576285
v 0.608447 1.334707 -1.576285
v 1.072228 1.191282 0.699343
v 0.903472 1.259143 0.699343
v 1.183344 0.052807 0.699343
v 1.280966 0.257107 0.699343
v 1.071249 -0.021923 0.699343
v 0.718909 1.299390 0.699343
v 0.602817 1.312678 0.699343
v 1.259554 0.795749 0.699343
v 1.193304 1.044580 0.699343
v 0.914310 0.641821 -4.384521
v 0.845303 0.860635 -4.384521
v 1.095630 0.497224 -4.362092
v 1.196255 0.056358 -4.293711
v 1.095630 -0.152592 -4.261301
v 0.914310 -0.297190 -4.238873
v 1.196255 0.288274 -4.329683
v 0.608447 1.334707 -4.384521
v 0.801318 1.105898 -2.581912
v 1.026491 -0.209247 -2.581912
v 1.138586 -0.108410 -2.581912
v 1.109871 0.790864 -2.581912
v 0.974922 0.947312 -2.581912
v 1.236208 0.130062 -2.581912
v 1.175914 0.547181 -2.581912
v 0.608447 1.334707 -2.581912
v 0.415860 0.957865 -6.275955
v 0.376170 1.334707 -6.275955
v 0.107018 0.894502 -7.401700
v 0.279763 1.033290 -7.401700
v 0.272463 1.334698 -7.401700
v 0.000000 0.894502 -7.401700
v 0.216302 0.928863 -7.401700
v 0.074553 1.142312 -8.235754
v 0.168396 1.209921 -8.235754
v 0.164430 1.356749 -8.235754
v 0.000000 1.142312 -8.235754
v 0.133921 1.159050 -8.235754
v 0.044430 1.198696 -8.372484
v 0.092610 1.246460 -8.372484
v 0.090574 1.350190 -8.372484
v 0.000000 1.198696 -8.372484
v 0.074910 1.210521 -8.372484
v 0.014830 1.265775 -8.432646
v 0.039195 1.289929 -8.432646
v 0.038165 1.342386 -8.432646
v 0.000000 1.265775 -8.432646
v 0.030244 1.271755 -8.432646
v -0.044430 1.198696 -8.372484
v -0.014830 1.265775 -8.432646
v 0.000000 1.783428 1.661486
v 0.000000 1.783428 -1.576286
v 0.000000 1.783428 -2.581912
v 0.000000 1.783428 -4.384521
v 0.000000 1.783427 -6.275955
v 0.000000 1.683150 -7.401700
v 0.000000 1.526494 -8.235754
v 0.000000 1.470110 -8.372484
v 0.000000 1.403031 -8.432646
v -0.535287 -0.071092 2.826361
v -0.578926 0.351783 2.802185
v -0.672979 0.846638 2.802186
v -0.591835 1.185520 2.802185
v -0.549808 0.382167 1.661486
v -0.662091 0.974252 1.661486
v -0.327278 1.714304 1.661486
v -0.608447 1.334707 1.661486
v -0.327497 -0.011775 1.661486
v -0.327278 1.714304 -1.576286
v -0.608447 1.334707 -1.576285
v -0.327278 1.714304 -2.581912
v -0.608447 1.334707 -2.581912
v -0.327278 1.714304 -4.384521
v -0.608447 1.334707 -4.384521
v -0.243087 1.714303 -6.275955
v -0.376170 1.334707 -6.275955
v -0.191460 1.614026 -7.401700
v -0.272463 1.334698 -7.401700
v -0.120425 1.492821 -8.235754
v -0.164430 1.356749 -8.235754
v -0.067982 1.446321 -8.372484
v -0.090574 1.350190 -8.372484
v -0.026740 1.391001 -8.432646
v -0.038165 1.342387 -8.432646
v 0.000000 0.894502 -7.401700
v 0.000000 1.142312 -8.235754
v 0.000000 1.198696 -8.372484
v -0.744128 1.157640 2.855530
v -0.731820 1.145327 3.655532
v -1.026360 1.109088 3.755391
v -0.744128 1.223933 3.189208
v -1.026360 1.192917 3.183317
v -0.729622 1.110617 3.706552
v -1.026360 1.071397 3.802016
v -1.193718 1.058077 3.808508
v -1.202713 1.141907 3.181046
v -1.179792 1.020386 3.855133
v -1.277223 0.910751 3.872648
v -1.300709 0.933654 3.826023
v -1.323789 1.006600 3.161058
v -1.375412 0.257107 3.695230
v -1.411451 0.257107 2.979524
v -1.353279 0.257107 3.741854
v -1.306155 0.063254 3.645409
v -1.313829 0.052807 2.935566
v -1.301442 0.100717 3.699360
v -1.194060 -0.011475 3.607678
v -1.201734 -0.021923 2.906993
v -1.189347 0.025988 3.661628
v -1.340313 0.720089 3.852475
v -1.360480 0.736488 3.805851
v -1.390039 0.772961 3.105810
v -0.744128 1.274943 2.391191
v -1.169898 1.191282 1.661486
v -1.001141 1.259143 1.661486
v -0.718909 1.299390 1.661486
v -1.290973 1.044580 1.661486
v -1.378636 0.257107 1.661486
v -1.281013 0.052807 1.661486
v -1.168919 -0.021923 1.661486
v -1.357224 0.795749 1.661486
v -0.535287 1.274943 2.391191
v -0.535287 1.299390 1.661486
v -0.946627 1.118898 3.728359
v -0.931222 1.084139 3.771000
v -0.931151 -0.035438 3.588054
v -0.908057 0.005688 3.642004
v -1.025199 1.172819 -0.262801
v -0.856443 1.251230 -0.262801
v -0.718909 1.299390 -0.262801
v -1.146275 1.044580 -0.262801
v -1.233937 0.224292 -0.262801
v -1.136315 0.011918 -0.262801
v -1.024220 -0.081069 -0.262801
v -1.212525 0.795749 -0.262801
v -0.602817 1.312678 -0.262801
v -0.997828 1.063034 -1.576285
v -0.824919 1.181536 -1.576285
v -1.135886 0.925007 -1.576285
v -1.223548 0.180538 -1.576285
v -1.125926 -0.054298 -1.576285
v -1.013831 -0.155135 -1.576285
v -1.202136 0.667628 -1.576285
v -0.608447 1.334707 -1.576285
v -1.072228 1.191282 0.699343
v -0.903472 1.259143 0.699343
v -1.183344 0.052807 0.699343
v -1.280966 0.257107 0.699343
v -1.071249 -0.021923 0.699343
v -0.718909 1.299390 0.699343
v -0.602817 1.312678 0.699343
v -1.259554 0.795749 0.699343
v -1.193304 1.044580 0.699343
v -0.914310 0.641821 -4.384521
v -0.845303 0.860635 -4.384521
v -1.095630 0.497224 -4.362092
v -1.196255 0.056358 -4.293711
v -1.095630 -0.152592 -4.261301
v -0.914310 -0.297190 -4.238873
v -1.196255 0.288274 -4.329683
v -0.608447 1.334707 -4.384521
v -0.801318 1.105898 -2.581912
v -1.026491 -0.209247 -2.581912
v -1.138586 -0.108410 -2.581912
v -1.109871 0.790864 -2.581912
v -0.974922 0.947312 -2.581912
v -1.236208 0.130062 -2.581912
v -1.175914 0.547181 -2.581912
v -0.608447 1.334707 -2.581912
v -0.415860 0.957865 -6.275955
v -0.376170 1.334707 -6.275955
v -0.107018 0.894502 -7.401700
v -0.279763 1.033290 -7.401700
v -0.272463 1.334698 -7.401700
v -0.216302 0.928863 -7.401700
v -0.074553 1.142312 -8.235754
v -0.168396 1.209921 -8.235754
v -0.164430 1.356749 -8.235754
v -0.133921 1.159050 -8.235754
v -0.044430 1.198696 -8.372484
v -0.092610 1.246460 -8.372484
v -0.090574 1.350190 -8.372484
v -0.074910 1.210521 -8.372484
v -0.014830 1.265775 -8.432646
v -0.039195 1.289929 -8.432646
v -0.038165 1.342386 -8.432646
v -0.030244 1.271755 -8.432646
v -0.015335 1.764320 0.376971
v -0.015335 2.022168 0.213671
v -0.015335 1.764320 0.251493
v -0.015335 2.022168 0.139973
v 0.015335 1.764320 0.376971
v 0.015335 2.022168 0.213671
v 0.015335 1.764320 0.251493
v 0.015335 2.022168 0.139973
v 0.535287 1.157640 2.855530
v 0.744128 1.157640 2.855530
v 0.535287 0.519854 4.357451
v 0.725929 0.519854 4.357451
v 0.744128 1.274943 2.391191
v 0.535287 1.274943 2.391191
v 0.535287 0.463074 4.357451
v 0.725929 0.463074 4.357451
v 0.535287 -0.071092 2.826361
v 0.731513 -0.075302 2.826361
v 0.729622 1.110617 3.706552
v 0.931222 1.084139 3.771000
v 0.729622 1.200681 3.706552
v 0.931222 1.200681 3.771000
v 0.717411 1.117160 4.137483
v 0.683553 1.117160 4.694001
v 0.729622 -0.056620 3.915931
v 0.683553 -0.056620 4.472449
v 0.729622 -0.101555 3.520301
v 0.925727 -0.101555 3.582576
v 0.931151 -0.035438 3.588054
v 0.723839 -0.013651 3.527047
v 0.744128 1.157640 2.855530
v 0.731820 1.145327 3.655532
v 0.744128 1.223933 3.189208
v 0.729622 1.110617 3.706552
v 0.723839 -0.013651 3.527047
v 0.731513 -0.075302 2.826361
v -0.535287 1.157640 2.855530
v -0.744128 1.157640 2.855530
v -0.535287 0.519854 4.357451
v -0.725929 0.519854 4.357451
v -0.744128 1.274943 2.391191
v -0.535287 1.274943 2.391191
v -0.535287 0.463074 4.357451
v -0.725929 0.463074 4.357451
v -0.535287 -0.071092 2.826361
v -0.731513 -0.075302 2.826361
v -0.729622 1.110617 3.706552
v -0.931222 1.084139 3.771000
v -0.729622 1.200681 3.706552
v -0.931222 1.200681 3.771000
v -0.717411 1.117160 4.137483
v -0.683553 1.117160 4.694001
v -0.729622 -0.056620 3.915931
v -0.683553 -0.056620 4.472449
v -0.729622 -0.101555 3.520301
v -0.925727 -0.101555 3.582576
v -0.931151 -0.035438 3.588054
v -0.723839 -0.013651 3.527047
v -0.744128 1.157640 2.855530
v -0.731820 1.145327 3.655532
v -0.744128 1.223933 3.189208
v -0.729622 1.110617 3.706552
v -0.723839 -0.013651 3.527047
v -0.731513 -0.075302 2.826361
v 0.931222 1.084139 3.771000
v 0.729622 1.200681 3.706552
v 0.931222 1.200681 3.771000
v 0.717411 1.117160 4.137483
v 0.831093 1.117160 4.137483
v 0.683553 1.117160 4.694001
v 0.718109 1.117160 4.694001
v 0.729622 -0.056620 3.915931
v 0.843304 -0.051735 3.915931
v 0.683553 -0.056620 4.472449
v 0.718109 -0.056620 4.472449
v 0.729622 -0.101555 3.520301
v 0.925727 -0.101555 3.582576
v 0.931151 -0.035438 3.588054
v 1.038113 1.018282 3.241318
v 1.175980 0.972446 3.289047
v 1.261119 0.874937 3.304785
v 1.331869 0.286595 3.187259
v 1.285290 0.146069 3.149076
v 1.184566 0.078920 3.115172
v 1.320218 0.702612 3.286659
v 0.952625 1.029732 3.213448
v 0.952561 0.065858 3.049061
v -1.038113 1.018282 3.241318
v -1.175980 0.972446 3.289047
v -1.261119 0.874937 3.304785
v -1.331869 0.286595 3.187259
v -1.285290 0.146069 3.149076
v -1.184566 0.078920 3.115172
v -1.320218 0.702612 3.286659
v -0.952625 1.029732 3.213448
v -0.952561 0.065858 3.049061
v 1.026360 1.071397 3.802016
v 1.179792 1.020386 3.855133
v 1.277223 0.910751 3.872648
v 1.353279 0.257107 3.741854
v 1.301442 0.100717 3.699360
v 1.189347 0.025988 3.661628
v 1.340313 0.720089 3.852475
v 0.931222 1.084139 3.771000
v 0.931151 -0.035438 3.588054
v 1.038113 1.018282 3.241318
v 1.175980 0.972446 3.289047
v 1.261119 0.874937 3.304785
v 1.331869 0.286595 3.187259
v 1.285290 0.146069 3.149076
v 1.184566 0.078920 3.115172
v 1.320218 0.702612 3.286659
v 0.952625 1.029732 3.213448
v 0.952561 0.065858 3.049061
v 0.908057 0.005688 3.642004
v -1.026360 1.071397 3.802016
v -1.179792 1.020386 3.855133
v -1.277223 0.910751 3.872648
v -1.353279 0.257107 3.741854
v -1.301442 0.100717 3.699360
v -1.189347 0.025988 3.661628
v -1.340313 0.720089 3.852475
v -0.931222 1.084139 3.771000
v -0.931151 -0.035438 3.588054
v -1.038113 1.018282 3.241318
v -1.175980 0.972446 3.289047
v -1.261119 0.874937 3.304785
v -1.331869 0.286595 3.187259
v -1.285290 0.146069 3.149076
v -1.184566 0.078920 3.115172
v -1.320218 0.702612 3.286659
v -0.952625 1.029732 3.213448
v -0.952561 0.065858 3.049061
v -0.908057 0.005688 3.642004
v 0.079711 1.708565 -3.827273
v 0.079711 1.908565 -4.241211
v 0.039845 3.529629 -8.177815
v 0.079711 1.908556 -7.392832
v 0.079711 1.638925 -7.267499
v 0.000000 1.708565 -3.581159
v 0.000000 1.908565 -3.995097
v 0.039845 3.482424 -7.481803
v 0.000000 3.482424 -7.235693
v 0.051658 3.220805 -8.023674
v 0.051658 3.220814 -6.877995
v 0.000000 3.220814 -6.631877
v 0.039845 3.499396 -8.328955
v 0.079711 1.426740 -8.269247
v 0.051658 3.220805 -8.318518
v 0.000000 3.529629 -8.177815
v 0.000000 3.482424 -7.481803
v 0.000000 3.480406 -8.411245
v 0.000000 1.407749 -8.351538
v 0.000000 3.220805 -8.400808
v 0.079711 1.674264 -8.272488
v 0.000000 1.672413 -8.355003
v 0.079711 1.696206 -7.294126
v 0.000000 1.708565 -3.581159
v 0.000000 1.908565 -3.995097
v 0.000000 3.482424 -7.235693
v 0.000000 3.220814 -6.631877
v 0.000000 3.529629 -8.177815
v 0.000000 3.482424 -7.481803
v 0.000000 3.480406 -8.411245
v 0.000000 1.407749 -8.351538
v 0.000000 3.220805 -8.400808
v 0.000000 1.672413 -8.355003
v -0.079711 1.708565 -3.827273
v -0.079711 1.908565 -4.241211
v -0.039845 3.529629 -8.177815
v -0.079711 1.908556 -7.392832
v -0.079711 1.638925 -7.267499
v -0.039845 3.482424 -7.481803
v -0.051658 3.220805 -8.023674
v -0.051658 3.220814 -6.877995
v -0.039845 3.499396 -8.328955
v -0.079711 1.426740 -8.269247
v -0.051658 3.220805 -8.318518
v -0.079711 1.674264 -8.272488
v -0.079711 1.696206 -7.294126
v -0.030152 2.653958 -5.490446
v -0.030152 2.714262 -5.490446
v 0.030152 2.653958 -5.858890
v 0.030152 2.714262 -5.858890
v 0.030152 2.714262 -5.490446
v 0.030152 2.653958 -5.490446
v -0.030152 2.714262 -5.858890
v -0.030152 2.653958 -5.858890
v 0.019811 2.664299 -5.478183
v 0.019811 2.703922 -5.478183
v -0.019811 2.703922 -5.478183
v -0.019811 2.664299 -5.478183
v -0.019811 2.664299 -5.431355
v -0.019811 2.703922 -5.431355
v 0.019811 2.703922 -5.431355
v 0.019811 2.664299 -5.431355
v -0.012430 2.671679 -5.421989
v -0.012430 2.696540 -5.421989
v 0.012430 2.696540 -5.421989
v 0.012430 2.671679 -5.421989
v -0.012430 2.671679 -5.340376
v -0.012430 2.696540 -5.340376
v 0.012430 2.696540 -5.340376
v 0.012430 2.671679 -5.340376
v 0.688209 -0.348796 -4.230868
v 0.914310 0.641821 -4.384521
v 1.095630 0.497224 -4.362092
v 1.196255 0.056358 -4.293711
v 1.095630 -0.152592 -4.261301
v 0.914310 -0.297190 -4.238873
v 0.462107 -0.297190 -4.238873
v 1.196255 0.288274 -4.329683
v 0.688209 0.693428 -4.392525
v 0.280787 -0.152592 -4.261301
v 0.180162 0.056358 -4.293711
v 0.180162 0.288274 -4.329682
v 0.280787 0.497224 -4.362092
v 0.462107 0.641821 -4.384521
v 0.688208 -0.325021 -4.674945
v 0.874529 0.492762 -4.801788
v 1.024089 0.373492 -4.783290
v 1.107185 0.009326 -4.726804
v 1.024089 -0.163225 -4.700041
v 0.874529 -0.282494 -4.681541
v 0.501888 -0.282495 -4.681541
v 1.107185 0.200941 -4.756526
v 0.688208 0.535288 -4.808385
v 0.352328 -0.163225 -4.700041
v 0.269232 0.009326 -4.726804
v 0.269232 0.200941 -4.756526
v 0.352328 0.373492 -4.783289
v 0.501888 0.492762 -4.801788
v 1.073017 0.440267 -4.618128
v 1.168057 0.242914 -4.587518
v 0.208360 0.242914 -4.587517
v 0.303400 0.440267 -4.618128
v 0.901761 0.576839 -4.639311
v 0.474656 0.576839 -4.639311
v 1.168057 0.023870 -4.553541
v 1.073017 -0.173483 -4.522931
v 0.688208 0.625581 -4.646872
v 0.901761 -0.310055 -4.501747
v 0.474656 -0.310055 -4.501747
v 0.303400 -0.173483 -4.522931
v 0.688208 -0.358797 -4.494186
v 0.208360 0.023870 -4.553541
v 0.688208 -0.355870 -4.639200
v 0.890265 -0.309751 -4.646354
v 1.142225 0.213449 -4.727507
v 1.052301 0.400177 -4.756469
v 0.890265 0.529397 -4.776511
v 1.052301 -0.180532 -4.666396
v 1.142225 0.006196 -4.695359
v 0.486152 -0.309751 -4.646354
v 0.234192 0.006196 -4.695359
v 0.324116 -0.180532 -4.666396
v 0.234192 0.213449 -4.727506
v 0.324116 0.400177 -4.756469
v 0.486152 0.529397 -4.776511
v 0.688208 0.575515 -4.783665
v 0.688209 -0.233005 -4.273891
v 0.861920 -0.193356 -4.280041
v 1.078831 0.257363 -4.349951
v 1.001358 0.418237 -4.374903
v 0.861920 0.529435 -4.392150
v 1.001358 -0.082158 -4.297288
v 1.078831 0.078716 -4.322240
v 0.514497 -0.193356 -4.280041
v 0.297586 0.078716 -4.322240
v 0.375059 -0.082158 -4.297288
v 0.297586 0.257363 -4.349951
v 0.375059 0.418237 -4.374903
v 0.514497 0.529435 -4.392150
v 0.688209 0.569084 -4.398300
v -0.688209 -0.348796 -4.230868
v -0.914310 0.641821 -4.384521
v -1.095630 0.497224 -4.362092
v -1.196255 0.056358 -4.293711
v -1.095630 -0.152592 -4.261301
v -0.914310 -0.297190 -4.238873
v -0.462107 -0.297190 -4.238873
v -1.196255 0.288274 -4.329683
v -0.688209 0.693428 -4.392525
v -0.280787 -0.152592 -4.261301
v -0.180162 0.056358 -4.293711
v -0.180162 0.288274 -4.329682
v -0.280787 0.497224 -4.362092
v -0.462107 0.641821 -4.384521
v -0.688208 -0.325021 -4.674945
v -0.874529 0.492762 -4.801788
v -1.024089 0.373492 -4.783290
v -1.107185 0.009326 -4.726804
v -1.024089 -0.163225 -4.700041
v -0.874529 -0.282494 -4.681541
v -0.501888 -0.282495 -4.681541
v -1.107185 0.200941 -4.756526
v -0.688208 0.535288 -4.808385
v -0.352328 -0.163225 -4.700041
v -0.269232 0.009326 -4.726804
v -0.269232 0.200941 -4.756526
v -0.352328 0.373492 -4.783289
v -0.501888 0.492762 -4.801788
v -1.073017 0.440267 -4.618128
v -1.168057 0.242914 -4.587518
v -0.208360 0.242914 -4.587517
v -0.303400 0.440267 -4.618128
v -0.901761 0.576839 -4.639311
v -0.474656 0.576839 -4.639311
v -1.168057 0.023870 -4.553541
v -1.073017 -0.173483 -4.522931
v -0.688208 0.625581 -4.646872
v -0.901761 -0.310055 -4.501747
v -0.474656 -0.310055 -4.501747
v -0.303400 -0.173483 -4.522931
v -0.688208 -0.358797 -4.494186
v -0.208360 0.023870 -4.553541
v -0.688208 -0.355870 -4.639200
v -0.890265 -0.309751 -4.646354
v -1.142225 0.213449 -4.727507
v -1.052301 0.400177 -4.756469
v -0.890265 0.529397 -4.776511
v -1.052301 -0.180532 -4.666396
v -1.142225 0.006196 -4.695359
v -0.486152 -0.309751 -4.646354
v -0.234192 0.006196 -4.695359
v -0.324116 -0.180532 -4.666396
v -0.234192 0.213449 -4.727506
v -0.324116 0.400177 -4.756469
v -0.486152 0.529397 -4.776511
v -0.688208 0.575515 -4.783665
v -0.688209 -0.233388 -4.276361
v -0.861920 -0.193739 -4.282510
v -1.078831 0.256980 -4.352420
v -1.001358 0.417854 -4.377372
v -0.861920 0.529052 -4.394619
v -1.001358 -0.082541 -4.299757
v -1.078831 0.078333 -4.324709
v -0.514497 -0.193739 -4.282510
v -0.297586 0.078333 -4.324709
v -0.375059 -0.082541 -4.299757
v -0.297586 0.256980 -4.352420
v -0.375059 0.417854 -4.377372
v -0.514497 0.529052 -4.394619
v -0.688209 0.568701 -4.400769
v -0.914310 0.641821 -4.384521
v -0.845303 0.860635 -4.384521
v -0.415860 0.957865 -6.275955
v 0.914310 0.641821 -4.384521
v 0.845303 0.860635 -4.384521
v 0.415860 0.957865 -6.275955
v 0.000000 0.105802 -4.939130
v 0.104099 0.105802 -4.939130
v 0.000000 0.773845 -6.786013
v 0.100919 0.773845 -6.786013
v 0.042859 0.297337 -5.476132
v 0.000000 0.297337 -5.476132
v 0.000000 -0.167753 -5.036700
v 0.104099 -0.167753 -5.036700
v 0.000000 0.679480 -6.819670
v 0.100919 0.679480 -6.819670
v 0.042859 0.119215 -5.530865
v 0.000000 0.119215 -5.530865
v 0.000000 0.253603 -5.353517
v 0.062650 0.253603 -5.353517
v 0.000000 -0.000003 -5.422588
v 0.062650 -0.000003 -5.422588
v 0.000000 -0.001752 -4.637583
v 0.104099 -0.001752 -4.637583
v 0.000000 -0.144090 -4.675245
v 0.104099 -0.144090 -4.675245
v 0.100919 0.746155 -6.709870
v 0.000000 0.746155 -6.709870
v 0.100919 0.646912 -6.744754
v 0.000000 0.646912 -6.744754
v 0.100919 0.565118 -6.780312
v 0.000000 0.565118 -6.780312
v 0.000000 0.718225 -6.633098
v 0.000000 0.614082 -6.669215
v 0.042859 0.718225 -6.633098
v 0.042859 0.614082 -6.669215
v -0.104099 0.105802 -4.939130
v -0.100919 0.773845 -6.786013
v -0.042859 0.297337 -5.476132
v -0.104099 -0.167753 -5.036700
v -0.100919 0.679480 -6.819670
v -0.042859 0.119215 -5.530865
v -0.062650 0.253603 -5.353517
v -0.062650 -0.000003 -5.422588
v -0.104099 -0.001752 -4.637583
v -0.104099 -0.144090 -4.675245
v -0.100919 0.746155 -6.709870
v -0.100919 0.646912 -6.744754
v -0.100919 0.565118 -6.780312
v -0.042859 0.718225 -6.633098
v -0.042859 0.614082 -6.669215
v 0.914310 0.641821 -4.384521
v 0.107018 0.555129 -6.275955
v 0.415860 0.957865 -6.275955
v 0.000000 0.555129 -6.275955
v 0.315454 0.773363 -6.275955
v 0.688209 0.693428 -4.392525
v 0.462107 0.641821 -4.384521
v 0.280787 0.497224 -4.362092
v 0.180162 0.288274 -4.329682
v 0.280787 -0.152592 -4.261301
v 0.180162 0.056358 -4.293711
v 0.107018 0.894502 -7.401700
v 0.279763 1.033290 -7.401700
v 0.000000 0.894502 -7.401700
v 0.216302 0.928863 -7.401700
v 0.000000 -0.152592 -4.675246
v 0.107018 -0.152592 -4.675246
v 0.000000 -0.007179 -4.675245
v 0.107018 -0.007179 -4.675246
v 0.000000 0.555129 -6.275955
v 0.000000 0.894502 -7.401700
v 0.000000 -0.152592 -4.675246
v 0.000000 -0.007179 -4.675245
v -0.914310 0.641821 -4.384521
v -0.107018 0.555129 -6.275955
v -0.415860 0.957865 -6.275955
v -0.315454 0.773363 -6.275955
v -0.688209 0.693428 -4.392525
v -0.462107 0.641821 -4.384521
v -0.280787 0.497224 -4.362092
v -0.180162 0.288274 -4.329682
v -0.280787 -0.152592 -4.261301
v -0.180162 0.056358 -4.293711
v -0.107018 0.894502 -7.401700
v -0.279763 1.033290 -7.401700
v -0.216302 0.928863 -7.401700
v -0.107018 -0.152592 -4.675246
v -0.107018 -0.007179 -4.675246
v -0.931222 1.084139 3.771000
v -0.729622 1.200681 3.706552
v -0.931222 1.200681 3.771000
v -0.717411 1.117160 4.137483
v -0.831093 1.117160 4.137483
v -0.683553 1.117160 4.694001
v -0.718109 1.117160 4.694001
v -0.729622 -0.056620 3.915931
v -0.843304 -0.051735 3.915931
v -0.683553 -0.056620 4.472449
v -0.718109 -0.056620 4.472449
v -0.729622 -0.101555 3.520301
v -0.925727 -0.101555 3.582576
v -0.931151 -0.035438 3.588054
v 0.354803 1.143523 5.210600
v 0.347716 1.174613 5.163560
v 0.355676 1.154844 5.154624
v 0.000000 1.783428 1.661486
v 0.000000 1.863850 2.197271
v 0.000000 1.836123 1.951542
v 0.000000 1.883843 2.555031
v -0.327278 1.714304 1.661486
v -0.413841 1.626949 2.241596
v -0.257034 1.696073 2.241596
v -0.128552 1.829415 2.205696
v -0.170644 1.739750 1.951541
v -0.095991 1.817096 1.951541
v -0.158234 1.849408 2.563457
v -0.286716 1.716066 2.599357
v -0.430435 1.552961 2.646065
v -0.304301 1.630092 2.623977
v -0.299776 1.652213 2.617642
v 0.079711 1.908556 -7.392832
v 0.051658 3.220805 -8.023674
v 0.051658 3.220805 -8.318518
v 0.000000 3.220805 -8.400808
v 0.079711 1.674264 -8.272488
v 0.000000 1.672413 -8.355003
v 0.079711 1.696206 -7.294126
v -0.079711 1.908556 -7.392832
v -0.051658 3.220805 -8.023674
v -0.051658 3.220805 -8.318518
v -0.079711 1.674264 -8.272488
v -0.079711 1.696206 -7.294126
v 2.670434 0.016032 -1.071484
v 2.670434 0.021647 -1.620668
v 1.268785 -0.006836 -0.360818
v 1.814599 -0.000842 -0.360818
v 2.015667 0.003292 -0.541383
v 2.528635 0.012557 -0.881993
v 2.610710 0.014926 -1.025625
v 1.515010 0.004226 -1.144633
v 1.293407 0.000480 -1.021521
v 2.840520 0.018808 -1.202085
v 2.345916 0.016755 -1.486967
v 2.669733 0.204100 -1.071484
v 2.669733 0.204100 -1.620668
v 1.269679 0.270945 -0.360818
v 1.814872 0.244915 -0.360818
v 2.015711 0.235326 -0.541383
v 2.528096 0.210862 -0.881993
v 2.610077 0.206948 -1.025625
v 1.515624 0.259202 -1.144633
v 1.294273 0.269771 -1.021521
v 2.839626 0.195988 -1.202085
v 2.345584 0.219576 -1.486967
v -2.670434 0.016032 -1.071484
v -2.670434 0.021647 -1.620668
v -1.268785 -0.006836 -0.360818
v -1.814599 -0.000842 -0.360818
v -2.015667 0.003292 -0.541383
v -2.528635 0.012557 -0.881993
v -2.610710 0.014926 -1.025625
v -1.515010 0.004226 -1.144633
v -1.293407 0.000480 -1.021521
v -2.840520 0.018808 -1.202085
v -2.345916 0.016755 -1.486967
v -2.669733 0.204100 -1.071484
v -2.669733 0.204100 -1.620668
v -1.269679 0.270945 -0.360818
v -1.814872 0.244915 -0.360818
v -2.015711 0.235326 -0.541383
v -2.528096 0.210862 -0.881993
v -2.610077 0.206948 -1.025625
v -1.515624 0.259202 -1.144633
v -1.294273 0.269771 -1.021521
v -2.839626 0.195988 -1.202085
v -2.345584 0.219576 -1.486967
v 0.014830 1.265775 -8.432646
v 0.039195 1.289929 -8.432646
v 0.038165 1.342386 -8.432646
v 0.000000 1.265775 -8.432646
v 0.030244 1.271755 -8.432646
v 0.026740 1.391001 -8.432646
v 0.000000 1.403031 -8.432646
v -0.014830 1.265775 -8.432646
v -0.039195 1.289929 -8.432646
v -0.038165 1.342386 -8.432646
v -0.030244 1.271755 -8.432646
v -0.026740 1.391001 -8.432646
v 0.000000 -0.014945 7.195993
v -0.053852 -0.179399 7.867534
v -0.076159 -0.125547 7.867534
v -0.053852 -0.071695 7.867534
v -0.035624 -0.161171 8.052935
v -0.050380 -0.125547 8.052935
v -0.072374 -0.197921 7.536901
v -0.102352 -0.125547 7.536901
v -0.072374 -0.053173 7.536901
v -0.059376 -0.184922 6.960314
v -0.083970 -0.125547 6.960314
v -0.059376 -0.066172 6.960314
v -0.038300 -0.163846 6.786386
v -0.054164 -0.125556 6.786386
v -0.038300 -0.087248 6.786386
v -0.040660 -0.166207 8.052935
v -0.057502 -0.125547 8.052935
v -0.040660 -0.084887 8.052935
v -0.110603 -0.125547 7.195993
v -0.078208 -0.047340 7.195993
v -0.078208 -0.203754 7.195993
v 0.490249 0.098059 6.663456
v 0.490249 0.682543 6.702945
v 0.283045 0.874745 6.717399
v 0.349314 -0.034563 5.872512
v 0.537647 0.172136 5.872512
v 0.616591 0.481817 5.872512
v 0.470654 0.857426 5.872512
v 0.000000 0.976508 6.469422
v 0.299616 0.929692 6.357375
v 0.474721 0.802166 6.163361
v 0.400214 -0.037095 5.014157
v 0.565253 0.242400 5.014157
v 0.659306 0.595968 5.014157
v 0.461148 1.086870 5.014157
v 0.578926 0.351783 2.802185
v 0.672979 0.846638 2.802186
v 0.436841 1.524403 2.802185
v 0.672979 0.679094 4.333943
v 0.474821 1.231962 4.333943
v 0.578926 0.278673 4.333943
v 0.594263 0.669621 5.872512
v 0.597152 0.841419 5.014157
v 0.591835 1.185520 2.802185
v 0.610825 0.955528 4.333943
v 0.549808 0.382167 1.661486
v 0.662091 0.974252 1.661486
v 0.327278 1.714304 1.661486
v 0.608447 1.334707 1.661486
v 0.413841 1.626949 2.241596
v 0.467054 1.271061 4.118575
v 0.458655 1.341483 3.759433
v 0.430435 1.552961 2.646065
v 0.283045 -0.108649 6.649002
v 0.535287 -0.071092 2.826361
v 0.436639 -0.043425 4.333943
v 0.327497 -0.011775 1.661486
v 0.242304 -0.063011 4.333943
v 0.242304 -0.056956 5.014157
v 0.242304 -0.057740 5.872512
v 0.242304 -0.063011 3.791035
v 0.566091 0.380406 6.683200
v 0.278548 -0.114797 6.848724
v 0.482459 0.088617 6.862948
v 0.557096 0.366480 6.882380
v 0.482459 0.644356 6.901810
v 0.278548 0.847771 6.916034
v -0.012724 0.190068 8.491853
v 0.012726 0.234041 8.494927
v 0.000000 -0.017438 7.936739
v 0.391107 0.540265 7.435135
v 0.243922 0.404017 7.966210
v 0.281656 0.263532 7.956387
v 0.451611 0.315009 7.419383
v 0.225806 -0.075144 7.392101
v 0.140828 0.020205 7.939371
v 0.225806 0.727951 7.446666
v 0.140828 0.506859 7.973402
v 0.391107 0.089754 7.403631
v 0.243922 0.123047 7.946563
v 0.022040 0.224749 8.494278
v 0.025449 0.212055 8.493390
v 0.022040 0.199361 8.492502
v 0.012724 0.190068 8.491853
v -0.022041 0.199361 8.492502
v -0.025451 0.212055 8.493390
v -0.012726 0.234041 8.494927
v 0.000000 -0.087432 2.802186
v 0.000000 -0.070031 1.661486
v 0.000000 -0.087432 3.791036
v 0.000000 -0.110220 5.872512
v -0.283045 -0.108649 6.649002
v -0.566091 0.380406 6.683200
v -0.349314 -0.034563 5.872512
v -0.537647 0.172136 5.872512
v -0.616591 0.481817 5.872512
v -0.470654 0.857426 5.872512
v -0.299616 0.929692 6.357375
v -0.474721 0.802166 6.163361
v -0.565253 0.242400 5.014157
v -0.659306 0.595968 5.014157
v -0.461148 1.086870 5.014157
v -0.535287 -0.071092 2.826361
v -0.578926 0.351783 2.802185
v -0.672979 0.846638 2.802186
v -0.436841 1.524403 2.802185
v -0.672979 0.679094 4.333943
v -0.474821 1.231962 4.333943
v -0.436639 -0.043425 4.333943
v -0.578926 0.278673 4.333943
v -0.594263 0.669621 5.872512
v -0.597152 0.841419 5.014157
v -0.591835 1.185520 2.802185
v -0.610825 0.955528 4.333943
v -0.549808 0.382167 1.661486
v -0.662091 0.974252 1.661486
v -0.327278 1.714304 1.661486
v -0.608447 1.334707 1.661486
v -0.413841 1.626949 2.241596
v -0.467054 1.271061 4.118575
v -0.458655 1.341483 3.759433
v -0.430435 1.552961 2.646065
v -0.400214 -0.037095 5.014157
v -0.327497 -0.011775 1.661486
v -0.242304 -0.056956 5.014157
v -0.242304 -0.063011 4.333943
v -0.242304 -0.063011 3.791035
v -0.242304 -0.057740 5.872512
v 0.000000 0.950401 6.722689
v 0.000000 -0.184299 6.643711
v 0.000000 0.922225 6.921241
v 0.000000 -0.189252 6.843518
v 0.000000 0.237443 8.495165
v 0.000000 0.186667 8.491615
v 0.000000 -0.135501 7.387880
v 0.000000 0.544502 7.976034
v 0.000000 0.788308 7.450886
v -0.490249 0.098059 6.663456
v -0.490249 0.682543 6.702945
v -0.283045 0.874745 6.717399
v -0.278548 -0.114797 6.848724
v -0.482459 0.088617 6.862948
v -0.557096 0.366480 6.882380
v -0.482459 0.644356 6.901810
v -0.278548 0.847771 6.916034
v -0.022041 0.224749 8.494278
v -0.391107 0.540265 7.435135
v -0.243922 0.404017 7.966210
v -0.281656 0.263532 7.956387
v -0.451611 0.315009 7.419383
v -0.225806 -0.075144 7.392101
v -0.140828 0.020205 7.939371
v -0.225806 0.727951 7.446666
v -0.140828 0.506859 7.973402
v -0.391107 0.089754 7.403631
v -0.243922 0.123047 7.946563
v -0.035624 -0.089924 8.052935
v 0.000000 -0.049389 7.867534
v 0.000000 -0.201706 7.867534
v 0.053852 -0.179399 7.867534
v 0.076159 -0.125547 7.867534
v 0.053852 -0.071695 7.867534
v 0.000000 -0.075168 8.052935
v 0.000000 -0.175927 8.052935
v 0.035624 -0.161171 8.052935
v 0.050380 -0.125547 8.052935
v 0.035624 -0.089924 8.052935
v 0.000000 -0.023195 7.536901
v 0.000000 -0.227900 7.536901
v 0.072374 -0.197921 7.536901
v 0.102352 -0.125547 7.536901
v 0.072374 -0.053173 7.536901
v 0.000000 -0.041578 6.960314
v 0.000000 -0.209516 6.960314
v 0.059376 -0.184922 6.960314
v 0.083970 -0.125547 6.960314
v 0.059376 -0.066172 6.960314
v 0.000000 -0.071384 6.786386
v 0.000000 -0.179710 6.786386
v 0.038300 -0.163846 6.786386
v 0.054164 -0.125556 6.786386
v 0.038300 -0.087248 6.786386
v 0.000000 -0.068045 8.052935
v 0.000000 -0.183049 8.052935
v 0.040660 -0.166207 8.052935
v 0.057502 -0.125547 8.052935
v 0.040660 -0.084887 8.052935
v 0.000000 -0.236149 7.195993
v 0.110603 -0.125547 7.195993
v 0.078208 -0.047340 7.195993
v 0.078208 -0.203754 7.195993
v -0.035624 -0.161171 8.052935
v -0.050380 -0.125547 8.052935
v 0.000000 -0.081920 8.121017
v 0.000000 -0.169175 8.121017
v -0.035624 -0.089924 8.052935
v -0.030850 -0.156397 8.121017
v -0.043628 -0.125547 8.121017
v -0.030850 -0.094698 8.121017
v 0.000000 -0.075168 8.052935
v 0.000000 -0.175927 8.052935
v 0.035624 -0.161171 8.052935
v 0.050380 -0.125547 8.052935
v 0.035624 -0.089924 8.052935
v 0.030850 -0.156397 8.121017
v 0.043628 -0.125547 8.121017
v 0.030850 -0.094698 8.121017
v 0.413841 1.626949 2.241596
v 0.000000 1.783428 1.661486
v 0.158234 1.849408 2.563457
v 0.299776 1.652213 2.617642
v 0.000000 1.883843 2.555031
v -0.327278 1.714304 1.661486
v -0.158234 1.849408 2.563457
v 0.327278 1.714304 1.661486
v 0.286716 1.716066 2.599357
v 0.430435 1.552961 2.646065
v 0.304301 1.630092 2.623977
v -0.413841 1.626949 2.241596
v -0.286716 1.716066 2.599357
v -0.430435 1.552961 2.646065
v -0.304301 1.630092 2.623977
v -0.299776 1.652213 2.617642
v 0.319637 1.685322 1.660201
v 0.000000 1.753531 1.663978
v 0.401008 1.600004 2.238551
v 0.239294 1.671880 2.241669
v 0.000000 1.833948 2.199702
v 0.113388 1.803698 2.208636
v 0.155924 1.713681 1.953460
v 0.000000 1.806405 1.955641
v 0.081217 1.791570 1.957029
v 0.142324 1.824108 2.566053
v 0.000000 1.853908 2.557007
v 0.259465 1.703871 2.602299
v 0.416986 1.526392 2.642430
v 0.282799 1.609221 2.622531
v 0.270363 1.646980 2.620375
v -0.319637 1.685322 1.660201
v -0.401008 1.600004 2.238551
v -0.239294 1.671880 2.241669
v -0.113388 1.803698 2.208636
v -0.155924 1.713681 1.953460
v -0.081217 1.791570 1.957029
v -0.142324 1.824108 2.566053
v -0.259465 1.703871 2.602299
v -0.416986 1.526392 2.642430
v -0.282799 1.609221 2.622531
v -0.270363 1.646980 2.620375
v 0.467054 1.271061 4.118575
v 0.363389 1.364846 4.103311
v 0.292590 1.709986 3.832449
v 0.169154 1.842475 3.857414
v 0.465496 1.284122 4.051970
v 0.296710 1.679204 4.005557
v 0.354035 1.412630 4.037567
v 0.460192 1.328599 3.825139
v 0.293515 1.703072 3.871330
v 0.349438 1.443956 3.837863
v 0.239515 1.762396 3.878094
v 0.238639 1.747977 3.997653
v 0.297648 1.672196 4.044970
v 0.171683 1.824493 4.018314
v 0.355385 1.403431 4.096208
v 0.458655 1.341483 3.759433
v 0.355803 1.414103 3.772427
v 0.348107 1.453030 3.780014
v -0.467054 1.271061 4.118575
v 0.000000 1.864891 4.009253
v 0.000000 1.879744 3.867906
v -0.171683 1.824493 4.018314
v -0.355385 1.403431 4.096209
v -0.355803 1.414103 3.772428
v -0.292590 1.709986 3.832449
v -0.460192 1.328599 3.825140
v -0.293515 1.703072 3.871330
v -0.349438 1.443955 3.837863
v -0.465496 1.284122 4.051970
v -0.296710 1.679204 4.005557
v -0.354035 1.412630 4.037567
v -0.239515 1.762396 3.878094
v -0.238639 1.747977 3.997653
v -0.363389 1.364846 4.103312
v -0.297648 1.672196 4.044970
v -0.458655 1.341483 3.759434
v -0.169154 1.842475 3.857414
v -0.348107 1.453030 3.780014
v 0.447524 1.248552 4.115123
v 0.338543 1.348186 4.101048
v 0.265882 1.696427 3.830764
v 0.153866 1.816803 3.854727
v 0.446337 1.261306 4.048456
v 0.336288 1.358625 4.039941
v 0.000000 1.837815 3.979854
v 0.270504 1.664729 4.003634
v 0.155817 1.802224 3.985768
v 0.324672 1.406487 4.037277
v 0.441982 1.305042 3.821475
v 0.331746 1.389338 3.830883
v 0.266677 1.689773 3.869638
v 0.154395 1.813476 3.884141
v 0.320048 1.437946 3.837597
v 0.217254 1.742440 3.875607
v 0.215932 1.728518 3.995268
v 0.270160 1.660260 4.043587
v 0.155347 1.799465 4.015722
v 0.326035 1.397228 4.095907
v 0.440946 1.317558 3.755693
v 0.330571 1.398018 3.770283
v 0.318722 1.446992 3.779732
v -0.447524 1.248552 4.115124
v 0.000000 1.835060 4.006069
v 0.000000 1.849914 3.864722
v -0.155347 1.799465 4.015722
v -0.326035 1.397228 4.095908
v -0.330571 1.398018 3.770283
v -0.265882 1.696427 3.830764
v 0.000000 1.847197 3.890583
v -0.441982 1.305042 3.821476
v -0.331746 1.389338 3.830884
v -0.266677 1.689773 3.869638
v -0.154395 1.813476 3.884141
v -0.320048 1.437944 3.837598
v -0.446337 1.261306 4.048457
v -0.336288 1.358625 4.039941
v -0.270504 1.664729 4.003634
v -0.155817 1.802224 3.985768
v -0.324672 1.406487 4.037278
v -0.217254 1.742440 3.875607
v -0.215932 1.728518 3.995268
v -0.338543 1.348186 4.101049
v -0.270160 1.660260 4.043587
v -0.440946 1.317558 3.755694
v -0.153866 1.816803 3.854727
v -0.318722 1.446992 3.779733
v 0.000000 0.976509 6.469422
v -0.470654 0.857426 5.872512
v -0.474721 0.802166 6.163362
v 0.470654 0.857426 5.872512
v 0.474721 0.802166 6.163362
v 0.354803 1.143523 5.210600
v 0.141895 0.988940 6.299438
v 0.149039 1.440613 5.339546
v 0.000000 1.435977 5.431372
v 0.066665 1.415576 5.455740
v 0.095008 1.054495 6.176588
v 0.129217 1.164753 5.949461
v 0.188449 1.285038 5.679308
v 0.187441 1.347153 5.561852
v 0.133467 1.333925 5.618310
v 0.000000 1.059371 6.176588
v 0.149279 1.461829 5.293395
v 0.000000 1.490141 5.306193
v 0.050472 1.483175 5.303044
v 0.355676 1.154844 5.154624
v -0.299616 0.929693 6.357375
v -0.247131 0.996989 6.166967
v -0.149039 1.440613 5.339546
v -0.086202 1.450422 5.354342
v -0.188449 1.285038 5.679308
v -0.187441 1.347153 5.561852
v -0.133467 1.333925 5.618310
v -0.050472 1.483175 5.303044
v -0.269972 1.354417 5.244841
v -0.140915 1.028885 6.136168
v 0.299616 0.929693 6.357375
v 0.461148 1.086869 5.014157
v 0.326962 1.010972 5.860423
v 0.247131 0.996989 6.166967
v 0.269505 1.337309 5.287894
v 0.086202 1.450422 5.354342
v 0.168625 1.406723 5.444396
v 0.123860 1.375934 5.531787
v 0.147964 1.055005 6.149132
v 0.136714 1.278382 5.723606
v 0.181562 1.165898 5.914220
v 0.347716 1.174613 5.163560
v 0.269972 1.354417 5.244841
v -0.461148 1.086869 5.014157
v -0.354803 1.143523 5.210600
v -0.326962 1.010972 5.860423
v -0.141895 0.988940 6.299438
v -0.269505 1.337309 5.287894
v -0.066665 1.415576 5.455740
v -0.168625 1.406723 5.444396
v -0.123860 1.375934 5.531787
v -0.147964 1.055005 6.149132
v -0.095008 1.054495 6.176588
v -0.136714 1.278382 5.723606
v -0.129217 1.164753 5.949461
v -0.181562 1.165898 5.914220
v -0.149279 1.461829 5.293395
v -0.347716 1.174613 5.163560
v -0.355676 1.154844 5.154624
v 0.449597 0.836573 5.867846
v 0.000000 0.947263 6.462737
v 0.286698 0.903260 6.351509
v 0.453751 0.781141 6.159098
v 0.440173 1.066036 5.009056
v 0.330883 1.126005 5.206023
v 0.000000 0.960788 6.322418
v 0.306569 0.989527 5.855496
v 0.135484 0.961091 6.290317
v 0.238411 0.969007 6.160571
v 0.000000 1.445259 5.327562
v 0.135009 1.416433 5.328660
v 0.244692 1.321682 5.281558
v 0.080779 1.423354 5.342596
v 0.000000 1.408014 5.420504
v 0.062562 1.387897 5.444921
v 0.164406 1.379228 5.433161
v 0.118409 1.348969 5.519821
v 0.140915 1.028885 6.136168
v 0.090579 1.027869 6.163498
v 0.128605 1.252728 5.710338
v 0.121442 1.139045 5.936097
v 0.173559 1.140217 5.900938
v 0.180441 1.259391 5.665964
v 0.180790 1.320781 5.549191
v 0.126000 1.308003 5.605184
v 0.000000 1.032346 6.163566
v 0.134858 1.437836 5.282606
v 0.319760 1.164189 5.160427
v 0.000000 1.463522 5.292357
v 0.045177 1.456759 5.289845
v 0.244983 1.339023 5.238631
v 0.331918 1.136966 5.150639
v -0.449597 0.836573 5.867846
v -0.286698 0.903260 6.351509
v -0.453751 0.781141 6.159098
v -0.440173 1.066036 5.009056
v -0.330883 1.126005 5.206023
v -0.306569 0.989527 5.855496
v -0.135484 0.961091 6.290317
v -0.238411 0.969007 6.160571
v -0.135009 1.416433 5.328660
v -0.244692 1.321682 5.281558
v -0.080779 1.423354 5.342596
v -0.062562 1.387897 5.444921
v -0.164406 1.379228 5.433161
v -0.118409 1.348969 5.519821
v -0.090579 1.027869 6.163498
v -0.128605 1.252728 5.710338
v -0.121442 1.139045 5.936097
v -0.173559 1.140217 5.900938
v -0.180441 1.259391 5.665964
v -0.180790 1.320781 5.549191
v -0.126000 1.308003 5.605184
v -0.134858 1.437836 5.282606
v -0.319760 1.164189 5.160427
v -0.045177 1.456759 5.289845
v -0.244983 1.339023 5.238631
v -0.331918 1.136966 5.150639
v 0.000000 -0.110220 5.872512
v 0.000000 -0.087432 3.791036
v 0.242304 -0.063011 4.333943
v 0.242304 -0.056956 5.014157
v 0.242304 -0.057740 5.872512
v 0.242304 -0.063011 3.791035
v 0.000000 0.007995 5.953688
v 0.000000 0.007995 3.709860
v 0.340702 0.007995 4.295114
v 0.340702 0.007995 5.028382
v 0.340702 0.007995 5.953688
v 0.340702 0.007995 3.709860
v 0.340702 0.212428 5.953688
v 0.000000 0.212428 5.953688
v 0.340702 0.212428 5.028382
v 0.340702 0.212428 4.295114
v 0.340702 0.212428 3.709860
v 0.000000 0.212428 3.709860
v -0.242304 -0.063011 4.333943
v -0.242304 -0.056956 5.014157
v -0.242304 -0.057740 5.872512
v -0.242304 -0.063011 3.791035
v -0.340702 0.007995 4.295114
v -0.340702 0.007995 5.028382
v -0.340702 0.007995 5.953688
v -0.340702 0.007995 3.709860
v -0.340702 0.212428 5.953688
v -0.340702 0.212428 5.028382
v -0.340702 0.212428 4.295114
v -0.340702 0.212428 3.709860
v 0.000000 3.251966 -8.407050
v -0.053344 3.274062 -8.407050
v -0.075440 3.327406 -8.407050
v -0.053344 3.380750 -8.407050
v 0.000000 3.402846 -8.407050
v 0.000001 3.306574 -7.928056
v -0.014730 3.312675 -7.928056
v -0.020832 3.327406 -7.928056
v -0.014730 3.342137 -7.928056
v 0.000001 3.348238 -7.928056
v 0.000001 3.261755 -8.100943
v -0.046422 3.373828 -8.100943
v 0.000001 3.393057 -8.100943
v -0.046422 3.280984 -8.100943
v -0.065650 3.327406 -8.100943
v 0.000000 3.251966 -8.407050
v 0.000000 3.402846 -8.407050
v 0.053344 3.380750 -8.407050
v 0.075440 3.327406 -8.407050
v 0.053344 3.274062 -8.407050
v 0.000001 3.306574 -7.928056
v 0.000001 3.348238 -7.928056
v 0.014732 3.342137 -7.928056
v 0.020833 3.327406 -7.928056
v 0.014732 3.312675 -7.928056
v 0.046423 3.280984 -8.100943
v 0.000001 3.261755 -8.100943
v 0.046423 3.373828 -8.100943
v 0.065651 3.327406 -8.100943
v 0.000001 3.393057 -8.100943
v 0.000000 2.393389 -4.969282
v 0.069347 2.393389 -5.215397
v 0.069347 2.393384 -7.625903
v 0.000000 2.507812 -5.199202
v 0.066900 2.507812 -5.445316
v 0.066900 2.507811 -7.680911
v 0.019918 3.482424 -7.358718
v 0.039846 1.708565 -3.704188
v 0.039846 1.908565 -4.118125
v 0.025823 3.220814 -6.754910
v 0.034665 2.393389 -5.092311
v 0.033442 2.507812 -5.322230
v 0.000000 2.507785 -5.199147
v -0.066901 2.507785 -5.445261
v -0.066901 2.507782 -7.680897
v 0.000000 2.393975 -4.970465
v -0.069334 2.393975 -5.216579
v -0.069334 2.393975 -7.626186
v -0.039856 1.708565 -3.704217
v -0.039856 1.908565 -4.118155
v -0.019923 3.482424 -7.358748
v -0.025829 3.220814 -6.754941
v -0.033451 2.507785 -5.322205
v -0.034667 2.393975 -5.093523
v -2.670434 0.285713 -2.501513
v -4.011187 0.236568 -2.901221
v -4.011187 0.210792 -3.641341
v -1.255312 0.346563 -2.090480
v -1.255312 0.283385 -2.989433
v -1.255312 0.133598 -3.115916
v -2.670434 0.030655 -2.501513
v -4.011187 0.046096 -2.901221
v -4.011187 0.071872 -3.641341
v -4.011187 0.095968 -3.767824
v -1.255312 0.011360 -2.090480
v -1.255312 0.074538 -2.989433
v -1.255312 0.133598 -3.115916
v 2.670434 0.285713 -2.501513
v 4.011187 0.236568 -2.901221
v 4.011187 0.210792 -3.641341
v 1.255312 0.346563 -2.090480
v 1.255312 0.283385 -2.989433
v 1.255312 0.133598 -3.115916
v 2.670434 0.030655 -2.501513
v 4.011187 0.046096 -2.901221
v 4.011187 0.071872 -3.641341
v 4.011187 0.095968 -3.767824
v 1.255312 0.011360 -2.090480
v 1.255312 0.074538 -2.989433
v 1.255312 0.133598 -3.115916
v 0.000000 0.976509 6.469422
v -0.470654 0.857426 5.872512
v -0.474721 0.802166 6.163362
v 0.000000 0.989329 6.331656
v 0.000000 1.472483 5.340167
v 0.000000 1.435977 5.431372
v 0.000000 1.059371 6.176588
v 0.000000 1.490141 5.306193
v 0.000000 1.783428 1.661486
v 0.000000 1.863850 2.197271
v 0.000000 1.836123 1.951542
v 0.000000 1.883843 2.555031
v -0.299616 0.929693 6.357375
v -0.247131 0.996989 6.166967
v -0.327278 1.714304 1.661486
v -0.257034 1.696073 2.241596
v -0.149039 1.440613 5.339546
v -0.086202 1.450422 5.354342
v -0.188449 1.285038 5.679308
v -0.187441 1.347153 5.561852
v -0.133467 1.333925 5.618310
v -0.128552 1.829415 2.205696
v -0.170644 1.739750 1.951541
v -0.095991 1.817096 1.951541
v -0.158234 1.849408 2.563457
v -0.050472 1.483175 5.303044
v -0.269972 1.354417 5.244841
v -0.140915 1.028885 6.136168
v -0.461148 1.086869 5.014157
v -0.354803 1.143523 5.210600
v -0.326962 1.010972 5.860423
v -0.141895 0.988940 6.299438
v -0.413841 1.626949 2.241596
v -0.269505 1.337309 5.287894
v -0.066665 1.415576 5.455740
v -0.168625 1.406723 5.444396
v -0.123860 1.375934 5.531787
v -0.147964 1.055005 6.149132
v -0.095008 1.054495 6.176588
v -0.136714 1.278382 5.723606
v -0.129217 1.164753 5.949461
v -0.181562 1.165898 5.914220
v -0.286716 1.716066 2.599357
v -0.430435 1.552961 2.646065
v -0.304301 1.630092 2.623977
v -0.299776 1.652213 2.617642
v -0.149279 1.461829 5.293395
v -0.347716 1.174613 5.163560
v -0.355676 1.154844 5.154624
v -0.173559 1.140217 5.900938
v 0.000000 1.867645 3.983039
v -0.467054 1.271061 4.118575
v 0.000000 1.864890 4.009254
v 0.000000 1.879744 3.867907
v -0.171683 1.824493 4.018315
v -0.355385 1.403431 4.096209
v -0.355803 1.414103 3.772428
v -0.292590 1.709986 3.832449
v 0.000000 1.877027 3.893767
v -0.460192 1.328599 3.825140
v -0.357191 1.405092 3.832965
v -0.293515 1.703072 3.871330
v -0.169616 1.839185 3.886851
v -0.349438 1.443955 3.837863
v -0.465496 1.284122 4.051970
v -0.361982 1.373981 4.041946
v -0.296710 1.679204 4.005557
v -0.171214 1.827828 3.988476
v -0.354035 1.412629 4.037567
v -0.239515 1.762396 3.878094
v -0.238639 1.747977 3.997653
v -0.363389 1.364846 4.103312
v -0.297648 1.672196 4.044971
v -0.458655 1.341483 3.759433
v -0.169154 1.842475 3.857414
v -0.348107 1.453030 3.780014
v 0.413841 1.626949 2.241596
v 0.000000 0.976509 6.469422
v 0.470654 0.857426 5.872512
v 0.474721 0.802166 6.163362
v 0.354803 1.143523 5.210600
v 0.000000 0.989329 6.331656
v 0.141895 0.988940 6.299438
v 0.000000 1.472483 5.340167
v 0.149039 1.440613 5.339546
v 0.000000 1.435977 5.431372
v 0.066665 1.415576 5.455740
v 0.095008 1.054495 6.176588
v 0.129217 1.164753 5.949461
v 0.188449 1.285038 5.679308
v 0.187441 1.347153 5.561852
v 0.133467 1.333925 5.618310
v 0.000000 1.059371 6.176588
v 0.149279 1.461829 5.293395
v 0.000000 1.490141 5.306193
v 0.050472 1.483175 5.303044
v 0.000000 1.783428 1.661486
v 0.257034 1.696073 2.241596
v 0.000000 1.863850 2.197271
v 0.128552 1.829415 2.205696
v 0.170644 1.739750 1.951541
v 0.095991 1.817096 1.951541
v 0.158234 1.849408 2.563457
v 0.299776 1.652213 2.617642
v 0.355676 1.154844 5.154624
v 0.000000 1.836123 1.951542
v 0.000000 1.883843 2.555031
v 0.299616 0.929693 6.357375
v 0.461148 1.086869 5.014157
v 0.326962 1.010972 5.860423
v 0.247131 0.996989 6.166967
v 0.327278 1.714304 1.661486
v 0.269505 1.337309 5.287894
v 0.086202 1.450422 5.354342
v 0.168625 1.406723 5.444396
v 0.123860 1.375934 5.531787
v 0.147964 1.055005 6.149132
v 0.136714 1.278382 5.723606
v 0.181562 1.165898 5.914220
v 0.286716 1.716066 2.599357
v 0.430435 1.552961 2.646065
v 0.304301 1.630092 2.623977
v 0.347716 1.174613 5.163560
v 0.269972 1.354417 5.244841
v 0.467054 1.271061 4.118575
v 0.363389 1.364846 4.103312
v 0.292590 1.709986 3.832449
v 0.169154 1.842475 3.857414
v 0.465496 1.284122 4.051970
v 0.361982 1.373981 4.041946
v 0.000000 1.867645 3.983039
v 0.296710 1.679204 4.005557
v 0.171214 1.827828 3.988476
v 0.354035 1.412629 4.037567
v 0.460192 1.328599 3.825139
v 0.357191 1.405092 3.832964
v 0.293515 1.703072 3.871330
v 0.169616 1.839185 3.886851
v 0.349438 1.443956 3.837863
v 0.239515 1.762396 3.878094
v 0.238639 1.747977 3.997653
v 0.297648 1.672196 4.044971
v 0.171683 1.824493 4.018315
v 0.355385 1.403431 4.096209
v 0.458655 1.341483 3.759433
v 0.355803 1.414103 3.772428
v 0.348107 1.453030 3.780014
v 0.000000 1.864890 4.009254
v 0.000000 1.879744 3.867907
v 0.000000 1.877027 3.893767
vn 1.0000 -0.0000 -0.0000
vn -0.0876 0.9717 0.2194
vn 0.2920 0.9552 0.0472
vn 0.2919 0.9553 0.0469
vn -0.3732 0.8716 0.3179
vn 0.2975 0.9544 -0.0234
vn -0.0803 0.9959 0.0414
vn 0.1095 0.9934 0.0345
vn 0.1566 0.9875 -0.0175
vn -0.0340 0.9991 -0.0265
vn -0.0271 0.9992 -0.0290
vn -0.0285 0.9991 -0.0311
vn -1.0000 -0.0000 -0.0000
vn 0.2699 0.8517 -0.4492
vn 0.1731 0.9838 -0.0463
vn -0.0830 0.9775 0.1938
vn 0.1634 0.6327 -0.7570
vn -0.0353 0.9990 -0.0289
vn -0.0964 0.9942 0.0480
vn -0.0969 0.9941 0.0482
vn -0.3301 0.9071 0.2614
vn 0.1203 0.9921 -0.0346
vn 0.0876 0.9717 0.2194
vn -0.2920 0.9552 0.0472
vn -0.2919 0.9553 0.0469
vn -0.2923 0.9552 0.0467
vn 0.3732 0.8716 0.3179
vn -0.2975 0.9544 -0.0234
vn 0.0803 0.9959 0.0414
vn -0.1095 0.9934 0.0345
vn -0.1566 0.9875 -0.0175
vn 0.0339 0.9991 -0.0264
vn 0.0285 0.9991 -0.0311
vn 0.0271 0.9992 -0.0290
vn -0.2699 0.8517 -0.4492
vn -0.1731 0.9838 -0.0463
vn 0.0830 0.9775 0.1938
vn -0.1634 0.6327 -0.7570
vn 0.0353 0.9990 -0.0289
vn 0.0964 0.9942 0.0480
vn 0.0969 0.9941 0.0482
vn 0.3301 0.9071 0.2614
vn -0.1203 0.9921 -0.0346
vn 0.0573 -0.9972 0.0484
vn 0.0554 -0.9972 0.0503
vn 0.0484 -0.9980 0.0394
vn 0.0573 -0.9972 0.0479
vn 0.1640 -0.9751 0.1494
vn 0.0466 -0.9981 0.0415
vn 0.0119 -0.9999 -0.0097
vn 0.0120 -0.9999 -0.0108
vn 0.0127 -0.9999 -0.0107
vn 0.0103 -0.9999 -0.0094
vn 0.0082 -0.9999 -0.0110
vn 0.0081 -0.9999 -0.0106
vn -0.0124 -0.9974 -0.0714
vn 0.1997 -0.9788 -0.0461
vn 0.1717 -0.9699 -0.1724
vn 0.2294 -0.9733 0.0051
vn 0.1349 -0.9828 0.1260
vn 0.1408 -0.9811 0.1328
vn 0.1335 -0.9827 0.1281
vn 0.2589 -0.9653 0.0335
vn 0.3220 -0.9431 0.0833
vn -0.1075 -0.8966 -0.4296
vn 0.0108 -0.9999 -0.0106
vn 0.1423 -0.9811 0.1308
vn 0.0579 -0.9971 0.0490
vn -0.0573 -0.9972 0.0484
vn -0.0573 -0.9972 0.0480
vn -0.0484 -0.9980 0.0394
vn -0.0554 -0.9972 0.0503
vn -0.1640 -0.9751 0.1494
vn -0.0466 -0.9981 0.0415
vn -0.0124 -0.9999 -0.0099
vn -0.0127 -0.9999 -0.0107
vn -0.0123 -0.9999 -0.0106
vn -0.0086 -0.9999 -0.0112
vn -0.0078 -0.9999 -0.0104
vn -0.0081 -0.9999 -0.0106
vn 0.0124 -0.9974 -0.0714
vn -0.1997 -0.9788 -0.0461
vn -0.1717 -0.9699 -0.1724
vn -0.2294 -0.9733 0.0051
vn -0.1349 -0.9828 0.1260
vn -0.1335 -0.9827 0.1281
vn -0.1408 -0.9811 0.1328
vn -0.2589 -0.9653 0.0335
vn -0.3220 -0.9431 0.0833
vn 0.1075 -0.8966 -0.4296
vn -0.0108 -0.9999 -0.0106
vn -0.1423 -0.9811 0.1308
vn -0.0579 -0.9971 0.0490
vn 0.0896 -0.9959 0.0158
vn 0.1194 -0.9928 0.0030
vn 0.1029 -0.9947 0.0034
vn 0.0032 -0.9987 0.0514
vn -0.0163 -0.9999 0.0010
vn -0.0012 -1.0000 0.0021
vn -0.0000 -1.0000 -0.0009
vn -0.0000 -1.0000 0.0009
vn 0.0325 -0.9993 0.0208
vn 0.2024 -0.9787 0.0342
vn -0.0000 -1.0000 0.0027
vn -0.0000 -1.0000 0.0065
vn -0.0000 -1.0000 0.0064
vn -0.1239 -0.9922 0.0161
vn 0.0077 -0.9977 0.0666
vn 0.0079 -0.9981 0.0608
vn 0.0078 -0.9981 0.0609
vn -0.3143 -0.9471 0.0652
vn -0.0000 -0.9999 0.0102
vn 0.1645 -0.9847 0.0582
vn 0.1587 -0.9858 0.0556
vn -0.0556 -0.9982 0.0232
vn 0.2038 -0.9790 -0.0050
vn 0.0618 -0.9978 0.0248
vn -0.1111 -0.9931 0.0375
vn -0.4700 -0.8827 0.0007
vn 0.1934 -0.9802 0.0433
vn -0.0000 -0.9997 0.0239
vn -0.0000 -0.9997 0.0233
vn -0.0000 -0.9997 0.0245
vn 0.1763 -0.9829 0.0533
vn 0.1737 -0.9830 0.0592
vn -0.3455 -0.9373 0.0461
vn 0.0080 -0.9985 0.0550
vn -0.1443 -0.9894 0.0161
vn -0.0000 -1.0000 -0.0000
vn -0.0896 -0.9959 0.0158
vn -0.1194 -0.9928 0.0030
vn -0.1029 -0.9947 0.0034
vn -0.0032 -0.9987 0.0514
vn 0.0163 -0.9999 0.0010
vn 0.0012 -1.0000 0.0021
vn -0.0325 -0.9993 0.0208
vn -0.2024 -0.9787 0.0342
vn 0.1239 -0.9922 0.0161
vn -0.0077 -0.9977 0.0666
vn -0.0078 -0.9981 0.0609
vn -0.0079 -0.9981 0.0608
vn 0.3143 -0.9471 0.0652
vn -0.1645 -0.9847 0.0582
vn -0.1587 -0.9858 0.0556
vn 0.0556 -0.9982 0.0232
vn -0.2038 -0.9790 -0.0050
vn -0.0618 -0.9978 0.0248
vn 0.1111 -0.9931 0.0375
vn 0.4700 -0.8827 0.0007
vn -0.1934 -0.9802 0.0433
vn -0.1763 -0.9829 0.0533
vn -0.1737 -0.9830 0.0592
vn 0.3455 -0.9373 0.0461
vn -0.0080 -0.9985 0.0550
vn 0.1443 -0.9894 0.0161
vn 0.9816 0.1892 0.0254
vn 0.9820 -0.1864 -0.0301
vn 0.9442 -0.3107 -0.1091
vn 0.2066 0.9784 -0.0000
vn 0.9891 0.1472 -0.0000
vn 0.8036 0.5952 -0.0000
vn 0.9429 0.3306 -0.0420
vn 0.2356 0.9718 -0.0052
vn 0.9481 0.3080 -0.0791
vn 0.3019 0.9489 -0.0915
vn 0.9508 0.2861 -0.1191
vn 0.3085 0.9361 -0.1691
vn 0.8606 0.2468 -0.4454
vn 0.2694 0.8832 -0.3839
vn 0.7316 0.1719 -0.6597
vn 0.2412 0.6378 -0.7315
vn 0.7997 0.5923 -0.0982
vn 0.0925 0.9833 0.1568
vn -0.1037 0.7809 0.6159
vn 0.0371 0.7744 0.6316
vn 0.2635 0.9551 0.1355
vn 0.9130 -0.0674 0.4023
vn 0.7483 0.6561 0.0982
vn 0.5572 0.5762 0.5979
vn 0.8435 -0.3892 0.3701
vn 0.9192 -0.3926 0.0311
vn 0.3215 -0.7644 0.5589
vn 0.5508 -0.8344 0.0184
vn 0.9608 0.2708 0.0588
vn 0.8457 0.2172 0.4874
vn 0.1515 0.9873 0.0482
vn 0.9980 0.0385 -0.0494
vn 0.9030 -0.4290 -0.0229
vn 0.3257 0.9450 0.0297
vn 0.9637 0.2665 -0.0160
vn 0.5559 -0.8311 -0.0145
vn 0.7588 0.6514 0.0024
vn 0.1411 0.9896 0.0283
vn -0.0000 0.9994 0.0335
vn 0.0724 0.9868 0.1446
vn -0.0894 0.8079 0.5825
vn 0.9988 0.0434 -0.0234
vn 0.0228 -0.8053 0.5924
vn 0.3974 0.9171 -0.0320
vn 0.9052 -0.4241 -0.0280
vn 0.1137 0.9935 -0.0000
vn 0.5990 -0.8007 0.0123
vn 0.9991 0.0404 -0.0105
vn 0.9653 0.2570 -0.0472
vn 0.2647 0.9643 -0.0104
vn 0.7497 0.6603 -0.0430
vn 0.9669 0.2531 -0.0315
vn 0.4940 0.8686 -0.0381
vn 0.7148 0.6957 -0.0710
vn 0.4981 0.8643 -0.0702
vn 0.9164 -0.4001 0.0095
vn 0.6536 -0.7560 0.0352
vn 0.9941 0.0395 -0.1009
vn 0.1137 0.9934 0.0171
vn 0.7689 0.6346 -0.0781
vn 0.1699 0.9854 -0.0086
vn 0.9617 0.2561 -0.0976
vn 0.5538 -0.8307 -0.0562
vn 0.0443 0.9990 0.0085
vn 0.8985 -0.4293 -0.0912
vn 0.3728 0.9271 -0.0378
vn 0.9986 0.0253 0.0469
vn 0.7646 0.6445 -0.0000
vn 0.6416 -0.7670 0.0005
vn 0.6882 0.7131 -0.1336
vn 0.9958 0.0908 -0.0144
vn 0.9958 0.0909 -0.0144
vn 0.9957 0.0917 -0.0145
vn 0.6721 0.7357 -0.0837
vn 0.9383 0.3418 -0.0519
vn 0.9140 -0.4056 -0.0082
vn 0.9240 -0.3811 0.0315
vn 0.9653 0.2549 -0.0573
vn 0.6221 0.7779 -0.0884
vn 0.9958 0.0900 -0.0144
vn 0.7295 0.6763 -0.1018
vn 0.6680 -0.7426 0.0484
vn 0.6818 0.7307 -0.0355
vn 0.8939 0.4466 -0.0390
vn 0.8892 0.4443 -0.1092
vn 0.9712 0.1023 -0.2152
vn 0.9923 0.0687 -0.1034
vn -0.0000 -0.9586 -0.2848
vn 0.9915 0.0249 -0.1274
vn 0.2782 -0.9181 -0.2822
vn 0.8246 -0.5200 -0.2226
vn -0.0000 -0.9245 -0.3812
vn 0.8780 0.0210 -0.4782
vn 0.2737 -0.8610 -0.4288
vn 0.7388 -0.4440 -0.5071
vn 0.5987 -0.2949 -0.7447
vn -0.0000 -0.6677 -0.7444
vn 0.7530 0.0148 -0.6579
vn 0.2296 -0.5917 -0.7727
vn 0.9504 0.2997 -0.0828
vn -0.9816 0.1892 0.0254
vn -0.9820 -0.1864 -0.0301
vn -0.9442 -0.3107 -0.1091
vn -0.2066 0.9784 -0.0000
vn -0.9891 0.1472 -0.0000
vn -0.8036 0.5952 -0.0000
vn -0.9429 0.3306 -0.0420
vn -0.2356 0.9718 -0.0052
vn -0.9481 0.3080 -0.0791
vn -0.3019 0.9489 -0.0915
vn -0.9508 0.2861 -0.1191
vn -0.3085 0.9361 -0.1691
vn -0.8606 0.2468 -0.4454
vn -0.2694 0.8832 -0.3839
vn -0.7316 0.1719 -0.6597
vn -0.2412 0.6378 -0.7315
vn -0.7997 0.5923 -0.0982
vn -0.0925 0.9833 0.1568
vn 0.1037 0.7809 0.6159
vn -0.0371 0.7744 0.6316
vn -0.2635 0.9551 0.1355
vn -0.9130 -0.0674 0.4023
vn -0.7483 0.6561 0.0982
vn -0.5572 0.5762 0.5979
vn -0.8435 -0.3892 0.3701
vn -0.9192 -0.3926 0.0311
vn -0.3215 -0.7644 0.5589
vn -0.5508 -0.8344 0.0184
vn -0.9608 0.2708 0.0588
vn -0.8457 0.2172 0.4875
vn -0.1515 0.9873 0.0482
vn -0.9980 0.0385 -0.0494
vn -0.9030 -0.4290 -0.0229
vn -0.3257 0.9450 0.0297
vn -0.9637 0.2665 -0.0160
vn -0.5559 -0.8311 -0.0145
vn -0.7588 0.6514 0.0024
vn -0.1411 0.9896 0.0283
vn -0.0724 0.9868 0.1446
vn 0.0894 0.8079 0.5825
vn -0.9988 0.0434 -0.0234
vn -0.0228 -0.8053 0.5924
vn -0.3974 0.9171 -0.0320
vn -0.9052 -0.4241 -0.0280
vn -0.1137 0.9935 -0.0000
vn -0.5990 -0.8007 0.0123
vn -0.9991 0.0404 -0.0105
vn -0.9653 0.2570 -0.0472
vn -0.2647 0.9643 -0.0104
vn -0.7497 0.6603 -0.0430
vn -0.9669 0.2531 -0.0315
vn -0.4940 0.8686 -0.0381
vn -0.7148 0.6957 -0.0710
vn -0.4981 0.8643 -0.0702
vn -0.9164 -0.4001 0.0095
vn -0.6536 -0.7560 0.0352
vn -0.9941 0.0395 -0.1009
vn -0.1137 0.9934 0.0171
vn -0.7689 0.6346 -0.0781
vn -0.1699 0.9854 -0.0086
vn -0.9617 0.2561 -0.0976
vn -0.5538 -0.8307 -0.0562
vn -0.0443 0.9990 0.0085
vn -0.8985 -0.4293 -0.0912
vn -0.3728 0.9271 -0.0378
vn -0.9986 0.0253 0.0469
vn -0.7646 0.6445 -0.0000
vn -0.6416 -0.7670 0.0005
vn -0.6882 0.7131 -0.1336
vn -0.9958 0.0908 -0.0144
vn -0.9957 0.0917 -0.0145
vn -0.9958 0.0909 -0.0144
vn -0.6721 0.7357 -0.0837
vn -0.9383 0.3418 -0.0519
vn -0.9140 -0.4056 -0.0082
vn -0.9240 -0.3811 0.0315
vn -0.9653 0.2549 -0.0573
vn -0.6221 0.7779 -0.0884
vn -0.9958 0.0900 -0.0144
vn -0.7295 0.6763 -0.1018
vn -0.6680 -0.7426 0.0484
vn -0.6818 0.7307 -0.0355
vn -0.8939 0.4466 -0.0390
vn -0.8892 0.4443 -0.1092
vn -0.9712 0.1023 -0.2152
vn -0.9923 0.0687 -0.1034
vn -0.9915 0.0249 -0.1274
vn -0.2782 -0.9181 -0.2822
vn -0.8246 -0.5200 -0.2226
vn -0.8780 0.0210 -0.4782
vn -0.2737 -0.8610 -0.4288
vn -0.7388 -0.4440 -0.5071
vn -0.5987 -0.2949 -0.7447
vn -0.7530 0.0148 -0.6579
vn -0.2296 -0.5918 -0.7727
vn -0.9504 0.2997 -0.0828
vn -0.0000 -0.3970 -0.9178
vn -0.0000 0.5350 0.8448
vn -0.0000 1.0000 -0.0000
vn -0.0000 0.9695 0.2449
vn -0.0000 0.9204 0.3909
vn -0.0000 -0.0000 1.0000
vn -0.0103 -0.9437 0.3305
vn 0.3045 -0.0000 -0.9525
vn -0.9974 0.0083 -0.0716
vn 0.2952 0.0763 -0.9524
vn -0.9978 -0.0662 0.0075
vn -0.9996 -0.0000 -0.0283
vn -1.0000 -0.0014 -0.0079
vn -0.9996 0.0093 -0.0260
vn -0.9999 0.0105 -0.0119
vn 0.0103 -0.9437 0.3305
vn -0.3045 -0.0000 -0.9525
vn 0.9974 0.0083 -0.0716
vn -0.2952 0.0763 -0.9524
vn 0.9978 -0.0662 0.0075
vn 0.9996 -0.0000 -0.0283
vn 1.0000 -0.0014 -0.0079
vn 0.9999 0.0163 -0.0011
vn 0.9999 0.0092 -0.0133
vn 0.9999 0.0155 -0.0031
vn 0.9999 0.0105 -0.0119
vn -0.0408 0.9791 0.1994
vn 0.9773 -0.0344 0.2090
vn 0.0329 -0.9995 0.0007
vn -0.0000 -0.1855 0.9826
vn -0.0100 -0.9918 0.1278
vn 0.9646 -0.0000 0.2636
vn 0.9623 -0.0999 0.2529
vn 0.9642 -0.0412 0.2620
vn -0.3748 -0.1805 0.9094
vn 0.2637 -0.1441 0.9538
vn -0.9987 -0.0367 0.0366
vn -0.7537 -0.6544 0.0616
vn -0.5722 0.8158 0.0840
vn -0.1609 -0.9829 0.0897
vn 0.9992 -0.0065 0.0387
vn -0.9453 -0.3230 0.0454
vn -0.9521 0.3012 0.0528
vn -0.3398 -0.9370 0.0816
vn -0.0805 0.9922 0.0957
vn 0.9987 -0.0367 0.0366
vn 0.7537 -0.6544 0.0616
vn 0.5722 0.8158 0.0840
vn 0.1609 -0.9829 0.0897
vn -0.9992 -0.0065 0.0387
vn 0.9453 -0.3230 0.0454
vn 0.9521 0.3012 0.0528
vn 0.3398 -0.9370 0.0816
vn 0.0805 0.9922 0.0957
vn 0.9998 0.0214 -0.0000
vn 0.8021 0.5377 0.2598
vn 0.8948 0.4142 0.1663
vn 0.8744 0.4372 0.2106
vn 0.9991 0.0428 0.0011
vn 0.9992 0.0392 -0.0037
vn 0.9991 0.0429 0.0024
vn 0.9992 0.0394 -0.0027
vn -0.0244 0.9790 -0.2023
vn -0.0000 0.9977 0.0677
vn 0.8740 0.0003 -0.4860
vn 0.7193 -0.0091 -0.6946
vn -0.9998 0.0214 -0.0000
vn -0.8021 0.5377 0.2598
vn -0.8948 0.4142 0.1663
vn -0.8752 0.4354 0.2108
vn -0.8771 0.4314 0.2113
vn -0.8744 0.4372 0.2106
vn -0.9991 0.0428 0.0011
vn -0.9992 0.0394 -0.0027
vn 0.0244 0.9790 -0.2023
vn -0.8740 0.0003 -0.4860
vn -0.7193 -0.0091 -0.6946
vn -0.0000 -0.7645 0.6446
vn -0.0000 -0.0000 -1.0000
vn -0.7645 -0.0000 0.6447
vn -0.0000 0.7854 0.6190
vn -0.0000 0.7645 0.6446
vn 0.7645 -0.0000 0.6446
vn 0.7854 -0.0000 0.6190
vn -0.0000 -0.7855 0.6189
vn -0.7854 -0.0000 0.6190
vn -0.0000 0.1533 0.9882
vn 0.9008 0.4130 -0.1340
vn 0.8877 0.3894 -0.2458
vn -0.8877 0.3894 -0.2458
vn 0.6168 0.7265 -0.3029
vn -0.6168 0.7265 -0.3029
vn 0.8893 -0.4448 -0.1066
vn -0.2209 0.9159 -0.3352
vn 0.6188 -0.7839 -0.0508
vn -0.6188 -0.7839 -0.0508
vn 0.9840 -0.0273 -0.1758
vn 0.2209 0.9159 -0.3352
vn -0.2218 -0.9749 -0.0197
vn -0.8893 -0.4448 -0.1066
vn 0.2218 -0.9749 -0.0197
vn -0.9840 -0.0273 -0.1758
vn -0.9942 -0.0164 -0.1058
vn 0.2236 -0.9740 0.0370
vn -0.8976 -0.4388 -0.0425
vn -0.2236 -0.9740 0.0370
vn 0.2238 0.9417 -0.2512
vn 0.9942 -0.0164 -0.1058
vn -0.6241 -0.7813 0.0084
vn 0.6241 -0.7813 0.0084
vn -0.2238 0.9417 -0.2512
vn 0.8976 -0.4388 -0.0425
vn -0.6246 0.7488 -0.2217
vn 0.6246 0.7488 -0.2217
vn -0.8979 0.4061 -0.1696
vn 0.8979 0.4061 -0.1696
vn 0.1480 -0.7487 -0.6462
vn 0.5939 0.1638 -0.7877
vn 0.4130 0.3903 -0.8228
vn 0.5939 -0.3947 -0.7011
vn 0.4130 -0.6212 -0.6659
vn 0.6577 -0.1155 -0.7444
vn -0.1480 -0.7487 -0.6462
vn -0.5939 -0.3947 -0.7011
vn -0.6577 -0.1155 -0.7444
vn -0.5939 0.1638 -0.7877
vn -0.4130 0.3903 -0.8228
vn -0.1480 0.5178 -0.8426
vn -0.4131 -0.6212 -0.6659
vn 0.1480 0.5178 -0.8426
vn -0.0000 -0.1533 -0.9882
vn -0.2245 0.9498 -0.2179
vn 0.9976 -0.0106 -0.0681
vn -0.9008 -0.4342 -0.0026
vn 0.9008 -0.4342 -0.0026
vn -0.6265 -0.7778 0.0503
vn 0.6265 -0.7778 0.0503
vn -0.9008 0.4130 -0.1340
vn 0.2245 -0.9712 0.0800
vn -0.6265 0.7565 -0.1876
vn 0.6265 0.7565 -0.1876
vn -0.9976 -0.0106 -0.0681
vn -0.2245 -0.9712 0.0800
vn 0.2245 0.9498 -0.2179
vn -0.9008 0.4130 -0.1344
vn -0.4130 -0.6212 -0.6659
vn 0.4131 -0.6212 -0.6659
vn 0.2245 0.9497 -0.2183
vn -0.9976 -0.0106 -0.0685
vn 0.9008 -0.4343 -0.0030
vn -0.9008 -0.4343 -0.0030
vn 0.6265 -0.7778 0.0499
vn -0.6265 -0.7778 0.0499
vn 0.9008 0.4130 -0.1344
vn -0.2245 -0.9712 0.0796
vn 0.6265 0.7564 -0.1880
vn -0.6265 0.7564 -0.1880
vn 0.9976 -0.0106 -0.0685
vn 0.2245 -0.9712 0.0796
vn -0.2245 0.9497 -0.2183
vn -0.9350 0.2949 -0.1971
vn 0.9350 0.2949 -0.1971
vn -0.0000 0.9398 0.3418
vn -0.0000 0.9419 0.3359
vn -0.0021 0.9401 0.3409
vn -0.0000 0.9408 0.3389
vn -0.0000 -0.3987 0.9171
vn -0.0000 -0.6723 -0.7403
vn -0.0000 0.3359 -0.9419
vn 0.9892 0.0404 -0.1410
vn 0.9954 0.0290 -0.0917
vn -0.0000 -0.9171 -0.3987
vn -0.0000 -0.2558 0.9667
vn -0.0000 -0.9979 0.0653
vn 0.8158 -0.1906 0.5460
vn -0.0000 -0.9171 -0.3986
vn -0.0000 0.9397 0.3419
vn -0.0000 -0.3254 -0.9456
vn 0.0021 0.9401 0.3409
vn -0.9892 0.0404 -0.1410
vn -0.9954 0.0290 -0.0917
vn -0.8158 -0.1906 0.5460
vn 0.8387 -0.4564 -0.2973
vn 0.6155 -0.7841 -0.0796
vn 0.8912 -0.4438 -0.0943
vn 0.9992 -0.0060 -0.0384
vn 0.9309 -0.3446 -0.1211
vn 0.8608 0.3585 -0.3613
vn 0.8613 -0.4885 -0.1401
vn -0.0000 -0.9574 -0.2886
vn 0.6103 -0.7676 -0.1956
vn -0.2226 -0.9749 0.0027
vn 0.7193 -0.6870 -0.1035
vn 0.2189 -0.9721 -0.0846
vn -0.0000 -0.9435 -0.3314
vn 0.9821 -0.0000 -0.1883
vn -0.8387 -0.4564 -0.2973
vn -0.6155 -0.7841 -0.0796
vn -0.8912 -0.4438 -0.0943
vn -0.9992 -0.0060 -0.0384
vn -0.9309 -0.3446 -0.1211
vn -0.8608 0.3585 -0.3613
vn -0.8613 -0.4885 -0.1401
vn -0.6103 -0.7676 -0.1956
vn 0.2226 -0.9749 0.0027
vn -0.7193 -0.6870 -0.1035
vn -0.2189 -0.9721 -0.0846
vn -0.9821 -0.0000 -0.1883
vn 0.0408 0.9791 0.1994
vn -0.9773 -0.0344 0.2090
vn -0.0329 -0.9995 0.0007
vn 0.0100 -0.9918 0.1278
vn -0.9646 -0.0000 0.2636
vn -0.9623 -0.0999 0.2529
vn -0.9642 -0.0412 0.2620
vn 0.9369 0.3396 0.0833
vn -0.2730 0.9599 0.0632
vn -0.4022 0.9123 0.0774
vn -0.7297 0.6766 -0.0984
vn -0.2366 0.9695 -0.0640
vn -0.7248 0.6785 -0.1193
vn -0.2339 0.9678 -0.0928
vn -0.6855 0.6617 -0.3037
vn -0.1914 0.9657 -0.1754
vn -0.2066 0.9781 0.0258
vn -0.9804 0.1744 -0.0911
vn -0.9804 0.1745 -0.0911
vn -0.4483 0.8856 0.1212
vn -0.0000 -0.4333 -0.9013
vn -0.0000 -0.4274 -0.9041
vn -0.0000 -0.4215 -0.9068
vn -0.0000 0.9997 -0.0224
vn -0.8684 -0.0026 -0.4959
vn 0.3811 0.0010 0.9245
vn 0.3811 0.0004 0.9245
vn 0.9993 -0.0032 0.0372
vn -0.6093 -0.0021 -0.7930
vn -0.6093 -0.0024 -0.7930
vn -0.6684 0.0004 -0.7438
vn -0.6093 -0.0027 -0.7930
vn 0.3811 -0.0002 0.9245
vn -0.5534 -0.0006 -0.8329
vn -0.9265 -0.0041 0.3762
vn 0.4858 -0.0014 0.8740
vn -0.0477 -0.9989 -0.0000
vn 0.8684 -0.0026 -0.4959
vn -0.3811 0.0010 0.9245
vn -0.3811 0.0004 0.9245
vn -0.9993 -0.0032 0.0372
vn 0.6093 -0.0021 -0.7930
vn 0.6093 -0.0024 -0.7930
vn 0.6684 0.0004 -0.7438
vn 0.6093 -0.0027 -0.7930
vn -0.3811 -0.0002 0.9245
vn 0.5534 -0.0006 -0.8329
vn 0.9265 -0.0041 0.3762
vn -0.4858 -0.0014 0.8740
vn 0.0477 -0.9989 -0.0000
vn 0.0107 -0.9999 -0.0103
vn 0.0087 -0.9999 -0.0112
vn 0.0107 -0.9999 -0.0102
vn 0.0100 -0.9999 -0.0100
vn 0.0101 -0.9999 -0.0104
vn 0.0110 -0.9999 -0.0107
vn 0.0109 -0.9999 -0.0105
vn 0.0119 -0.9999 -0.0106
vn 0.0078 -0.9999 -0.0104
vn -0.0101 -0.9999 -0.0104
vn -0.0096 -0.9999 -0.0099
vn -0.0107 -0.9999 -0.0102
vn -0.0109 -0.9999 -0.0105
vn -0.0110 -0.9999 -0.0107
vn -0.0103 -0.9999 -0.0094
vn -0.0107 -0.9999 -0.0103
vn -0.0106 -0.9999 -0.0103
vn -0.0108 -0.9999 -0.0105
vn -0.0115 -0.9999 -0.0106
vn -0.0082 -0.9999 -0.0110
vn -0.9993 0.0326 -0.0209
vn -0.9999 0.0155 -0.0031
vn 0.9993 0.0326 -0.0209
vn 0.9996 0.0093 -0.0260
vn -0.3250 -0.1565 0.9327
vn -0.3243 -0.1565 0.9329
vn -0.3242 -0.1564 0.9330
vn -0.3269 -0.1589 0.9316
vn -0.2637 -0.1441 0.9538
vn -0.1918 -0.1976 0.9613
vn -0.2105 -0.2328 0.9495
vn -0.4006 -0.2307 0.8867
vn 0.3269 -0.1589 0.9316
vn 0.3243 -0.1564 0.9329
vn 0.3242 -0.1564 0.9330
vn 0.3250 -0.1565 0.9327
vn 0.3748 -0.1805 0.9094
vn 0.4006 -0.2307 0.8867
vn 0.2105 -0.2328 0.9495
vn 0.1918 -0.1976 0.9613
vn -0.3817 0.9214 0.0730
vn -0.3810 0.9199 0.0926
vn -0.9199 -0.3810 0.0926
vn -0.9199 0.3810 0.0926
vn -0.3810 -0.9199 0.0926
vn -0.9214 -0.3817 0.0730
vn -0.9214 0.3817 0.0730
vn -0.3817 -0.9214 0.0730
vn -0.3780 0.9125 -0.1564
vn -0.9189 0.3806 -0.1038
vn -0.3806 -0.9189 -0.1038
vn -0.3806 0.9189 -0.1038
vn -0.9189 -0.3806 -0.1038
vn -0.9125 -0.3780 -0.1564
vn -0.9125 0.3779 -0.1564
vn -0.3780 -0.9125 -0.1564
vn -0.9236 -0.3826 0.0224
vn -0.3826 0.9236 0.0224
vn -0.3826 -0.9236 0.0224
vn -0.9236 0.3826 0.0224
vn 0.6791 0.7204 0.1406
vn 0.7227 -0.6910 -0.0129
vn 0.2296 0.9641 0.1336
vn 0.9659 -0.2573 0.0284
vn 0.9659 -0.2574 0.0283
vn 0.9668 -0.2538 0.0313
vn 0.8088 -0.5879 0.0138
vn 0.9676 -0.2524 0.0125
vn 0.9799 0.1911 0.0579
vn 0.9947 -0.1029 -0.0049
vn 0.9785 -0.2056 -0.0162
vn 0.9703 -0.2421 -0.0017
vn 0.8903 -0.4548 0.0228
vn 0.9714 0.2314 0.0531
vn 0.8818 0.4596 0.1053
vn 0.8317 0.5474 0.0924
vn 0.9737 0.2268 0.0234
vn 0.8520 0.5105 0.1160
vn 0.9650 0.2346 0.1172
vn 0.8349 0.5420 0.0961
vn 0.9901 0.1177 0.0764
vn 0.9087 0.4156 0.0387
vn 0.9127 -0.4032 0.0671
vn 0.8032 0.5949 -0.0303
vn 0.8963 0.4410 0.0477
vn 0.8896 0.4516 0.0677
vn 0.9026 0.4269 0.0560
vn 0.8948 0.4419 0.0638
vn 0.2326 -0.9690 -0.0828
vn 0.1604 -0.9870 0.0058
vn 0.0533 -0.9985 0.0135
vn 0.1113 -0.9937 0.0120
vn 0.0872 -0.9953 -0.0410
vn 0.7064 -0.7077 -0.0059
vn 0.2582 0.9565 0.1357
vn 0.9650 -0.2610 0.0253
vn 0.9666 0.2458 0.0729
vn 0.2586 -0.9657 -0.0239
vn 0.6918 0.7089 0.1376
vn -0.0000 -0.0697 0.9976
vn 0.8757 0.2046 0.4374
vn 0.2374 -0.9117 0.3354
vn 0.6382 0.6066 0.4741
vn 0.6471 -0.6736 0.3571
vn 0.2330 0.8370 0.4951
vn 0.8801 -0.2640 0.3946
vn 0.9503 -0.2665 0.1611
vn 0.9258 -0.2674 0.2674
vn 0.2550 0.9374 0.2370
vn 0.2428 0.8799 0.4085
vn 0.6970 -0.7071 0.1193
vn 0.6798 -0.6974 0.2271
vn 0.7144 0.6589 0.2354
vn 0.6962 0.6198 0.3622
vn 0.2554 -0.9622 0.0950
vn 0.2493 -0.9468 0.2037
vn 0.9480 0.2400 0.2092
vn 0.9223 0.2258 0.3136
vn -0.6791 0.7204 0.1406
vn -0.7227 -0.6910 -0.0129
vn -0.2296 0.9641 0.1336
vn -0.9659 -0.2573 0.0284
vn -0.9668 -0.2538 0.0313
vn -0.9659 -0.2574 0.0283
vn -0.8088 -0.5879 0.0138
vn -0.9676 -0.2524 0.0125
vn -0.9799 0.1911 0.0579
vn -0.9947 -0.1029 -0.0049
vn -0.9785 -0.2056 -0.0162
vn -0.9703 -0.2421 -0.0017
vn -0.8903 -0.4548 0.0228
vn -0.9714 0.2314 0.0531
vn -0.8818 0.4596 0.1053
vn -0.8311 0.5484 0.0919
vn -0.8317 0.5474 0.0924
vn -0.8354 0.5411 0.0970
vn -0.9737 0.2268 0.0234
vn -0.8520 0.5105 0.1160
vn -0.9650 0.2346 0.1172
vn -0.8349 0.5420 0.0961
vn -0.9901 0.1177 0.0764
vn -0.9087 0.4156 0.0387
vn -0.9127 -0.4032 0.0671
vn -0.8032 0.5949 -0.0303
vn -0.8963 0.4410 0.0477
vn -0.8896 0.4516 0.0677
vn -0.9026 0.4269 0.0560
vn -0.8948 0.4419 0.0638
vn -0.2326 -0.9690 -0.0828
vn -0.1604 -0.9870 0.0058
vn -0.0533 -0.9985 0.0135
vn -0.1113 -0.9937 0.0120
vn -0.0872 -0.9953 -0.0410
vn -0.7064 -0.7077 -0.0059
vn -0.2582 0.9565 0.1357
vn -0.9650 -0.2610 0.0253
vn -0.9666 0.2458 0.0729
vn -0.2586 -0.9657 -0.0239
vn -0.6918 0.7089 0.1376
vn -0.8757 0.2046 0.4374
vn -0.2374 -0.9117 0.3354
vn -0.6382 0.6066 0.4741
vn -0.6471 -0.6736 0.3571
vn -0.2330 0.8370 0.4951
vn -0.8801 -0.2640 0.3946
vn -0.9503 -0.2665 0.1611
vn -0.9258 -0.2674 0.2674
vn -0.2550 0.9374 0.2370
vn -0.2428 0.8799 0.4085
vn -0.6970 -0.7071 0.1193
vn -0.6798 -0.6974 0.2271
vn -0.7144 0.6589 0.2354
vn -0.6962 0.6198 0.3622
vn -0.2554 -0.9622 0.0950
vn -0.2493 -0.9468 0.2037
vn -0.9480 0.2400 0.2092
vn -0.9223 0.2258 0.3136
vn 0.3817 0.9214 0.0730
vn 0.3810 0.9199 0.0926
vn 0.9199 -0.3810 0.0926
vn 0.9199 0.3810 0.0926
vn 0.3810 -0.9199 0.0926
vn 0.9214 -0.3817 0.0730
vn 0.9214 0.3817 0.0730
vn 0.3817 -0.9214 0.0730
vn 0.3780 0.9125 -0.1564
vn 0.9189 0.3806 -0.1038
vn 0.3806 -0.9189 -0.1038
vn 0.3806 0.9189 -0.1038
vn 0.9189 -0.3806 -0.1038
vn 0.9125 -0.3780 -0.1564
vn 0.9125 0.3779 -0.1564
vn 0.3780 -0.9125 -0.1564
vn 0.9236 -0.3826 0.0224
vn 0.3826 0.9236 0.0224
vn 0.3826 -0.9236 0.0224
vn 0.9236 0.3826 0.0224
vn -0.3811 -0.9200 0.0912
vn -0.3811 0.9200 0.0912
vn -0.9200 -0.3811 0.0912
vn -0.9200 0.3811 0.0912
vn 0.3811 -0.9200 0.0912
vn 0.3811 0.9200 0.0912
vn 0.9200 -0.3811 0.0912
vn 0.9200 0.3811 0.0912
vn 0.0001 -0.0000 1.0000
vn -0.2738 -0.9599 -0.0600
vn -0.4062 -0.9105 -0.0772
vn -0.7298 -0.6764 0.0993
vn -0.2324 -0.9705 0.0642
vn -0.7258 -0.6777 0.1181
vn -0.2294 -0.9689 0.0924
vn -0.6870 -0.6716 0.2776
vn -0.1798 -0.9679 0.1755
vn -0.2089 -0.9777 -0.0221
vn -0.9836 -0.1663 0.0698
vn -0.9492 -0.3093 0.0575
vn -0.4547 -0.8827 -0.1188
vn 0.2738 -0.9599 -0.0600
vn 0.4062 -0.9105 -0.0772
vn 0.7298 -0.6764 0.0993
vn 0.2324 -0.9705 0.0642
vn 0.7258 -0.6777 0.1181
vn 0.2294 -0.9689 0.0924
vn 0.6870 -0.6716 0.2776
vn 0.1798 -0.9679 0.1755
vn 0.2089 -0.9777 -0.0221
vn 0.9836 -0.1663 0.0698
vn 0.9492 -0.3093 0.0575
vn 0.4547 -0.8827 -0.1188
vn -0.0099 -0.0192 -0.9998
vn 0.9277 -0.3254 -0.1830
vn 0.8973 -0.4265 -0.1140
vn -0.0379 0.0933 0.9949
vn -0.0629 0.2163 0.9743
vn 0.0068 0.2896 0.9571
vn -0.0410 0.1289 0.9908
vn -0.1545 0.0080 0.9880
vn 0.0099 -0.0192 -0.9998
vn -0.9277 -0.3254 -0.1830
vn -0.8973 -0.4265 -0.1140
vn 0.0379 0.0933 0.9949
vn 0.0629 0.2163 0.9743
vn -0.0068 0.2896 0.9571
vn 0.0410 0.1289 0.9908
vn 0.1544 0.0080 0.9880
vn -0.9723 -0.2333 -0.0140
vn -0.9725 -0.2323 -0.0142
vn -0.7511 -0.6574 -0.0608
vn -0.9786 -0.2054 -0.0119
vn -0.2165 -0.9708 -0.1037
vn -0.2166 -0.9707 -0.1037
vn -0.2160 -0.9708 -0.1041
vn -0.6024 -0.7889 -0.1218
vn -0.6573 -0.7444 -0.1174
vn -0.2173 -0.9712 -0.0972
vn -0.2145 -0.9720 -0.0960
vn -0.2204 -0.9698 -0.1041
vn -0.9776 -0.2095 -0.0191
vn -0.7735 -0.6300 -0.0689
vn -0.7685 -0.6359 -0.0706
vn -0.7720 -0.6312 -0.0742
vn -0.9701 -0.2424 -0.0106
vn -0.9696 -0.2444 -0.0107
vn -0.9725 -0.2323 -0.0136
vn -0.6320 -0.7660 -0.1179
vn -0.7649 -0.6399 -0.0740
vn -0.7624 -0.6436 -0.0674
vn -0.7598 -0.6460 -0.0731
vn -0.7312 -0.6747 -0.1005
vn -0.7386 -0.6633 -0.1203
vn -0.7661 -0.6411 -0.0458
vn -0.7523 -0.6540 -0.0796
vn 0.9723 -0.2333 -0.0140
vn 0.9725 -0.2323 -0.0142
vn 0.7386 -0.6633 -0.1203
vn 0.9786 -0.2054 -0.0119
vn 0.2165 -0.9708 -0.1037
vn 0.2160 -0.9708 -0.1041
vn 0.2165 -0.9707 -0.1037
vn 0.6024 -0.7889 -0.1218
vn 0.6320 -0.7660 -0.1179
vn 0.2204 -0.9699 -0.1040
vn 0.2145 -0.9720 -0.0960
vn 0.9726 -0.2323 -0.0137
vn 0.9696 -0.2443 -0.0108
vn 0.9701 -0.2424 -0.0106
vn 0.7685 -0.6359 -0.0706
vn 0.7736 -0.6299 -0.0689
vn 0.7720 -0.6312 -0.0742
vn 0.9776 -0.2095 -0.0191
vn 0.2173 -0.9712 -0.0972
vn 0.6573 -0.7444 -0.1174
vn 0.7598 -0.6460 -0.0731
vn 0.7624 -0.6436 -0.0674
vn 0.7649 -0.6399 -0.0741
vn 0.7312 -0.6747 -0.1005
vn 0.7511 -0.6574 -0.0608
vn 0.7523 -0.6540 -0.0796
vn 0.7661 -0.6411 -0.0458
vn -0.1321 0.0051 0.9912
vn 0.7637 -0.6307 -0.1379
vn 0.6619 -0.7450 -0.0822
vn -0.0133 0.1594 -0.9871
vn -0.2015 0.9669 0.1566
vn -0.0319 0.1884 -0.9816
vn -0.0307 0.1836 -0.9825
vn -0.0319 0.1885 -0.9816
vn -0.0405 0.1534 -0.9873
vn 0.7816 -0.6090 -0.1350
vn 0.0085 -0.1254 0.9921
vn -0.1446 0.0652 0.9873
vn -0.0843 0.1731 0.9813
vn -0.0049 -0.1175 0.9931
vn 0.0792 -0.1072 -0.9911
vn 0.1083 -0.0299 -0.9937
vn -0.0331 0.1933 -0.9806
vn -0.0956 0.1158 0.9887
vn 0.8004 -0.5854 -0.1288
vn -0.7816 -0.6090 -0.1350
vn -0.0792 -0.1072 -0.9911
vn -0.1083 -0.0299 -0.9937
vn -0.0085 -0.1254 0.9921
vn 0.0050 -0.1175 0.9931
vn -0.6619 -0.7450 -0.0822
vn 0.2015 0.9669 0.1566
vn 0.0307 0.1836 -0.9825
vn 0.0319 0.1884 -0.9816
vn 0.0320 0.1885 -0.9816
vn 0.0405 0.1534 -0.9873
vn 0.0332 0.1933 -0.9806
vn 0.0759 -0.0820 0.9937
vn -0.7637 -0.6307 -0.1379
vn 0.1321 0.0051 0.9912
vn 0.0378 0.1154 -0.9926
vn 0.0956 0.1158 0.9887
vn 0.0843 0.1731 0.9813
vn 0.1446 0.0652 0.9873
vn -0.8004 -0.5854 -0.1288
vn 0.0132 0.1594 -0.9871
vn -0.0378 0.1154 -0.9926
vn -0.0759 -0.0820 0.9937
vn -0.7013 -0.6990 -0.1398
vn -0.2483 -0.9338 -0.2577
vn -0.2526 -0.9327 -0.2573
vn -0.2490 -0.9298 -0.2712
vn -0.7062 -0.6864 -0.1735
vn -0.6754 -0.7209 -0.1553
vn -0.2194 -0.8847 -0.4113
vn -0.9275 -0.3571 -0.1105
vn -0.6973 -0.6568 -0.2871
vn -0.1707 -0.9181 -0.3577
vn -0.1548 -0.8779 -0.4531
vn -0.1205 -0.9242 -0.3623
vn -0.2545 -0.8574 -0.4473
vn -0.2646 -0.8547 -0.4466
vn -0.2738 -0.8555 -0.4395
vn -0.2635 -0.8545 -0.4477
vn -0.2726 -0.8553 -0.4406
vn -0.2062 -0.8870 -0.4133
vn -0.1993 -0.8944 -0.4004
vn -0.0443 -0.8903 -0.4531
vn -0.0948 -0.9077 -0.4089
vn -0.9211 -0.3783 -0.0921
vn 0.7013 -0.6990 -0.1398
vn 0.2490 -0.9298 -0.2711
vn 0.2526 -0.9327 -0.2573
vn 0.2483 -0.9338 -0.2577
vn 0.7062 -0.6864 -0.1735
vn 0.6754 -0.7209 -0.1553
vn 0.2194 -0.8847 -0.4113
vn 0.9275 -0.3571 -0.1105
vn 0.6973 -0.6568 -0.2871
vn 0.1707 -0.9181 -0.3577
vn 0.1548 -0.8779 -0.4531
vn 0.1205 -0.9242 -0.3623
vn 0.2545 -0.8574 -0.4473
vn 0.2646 -0.8547 -0.4466
vn 0.2635 -0.8545 -0.4477
vn 0.2737 -0.8555 -0.4395
vn 0.2726 -0.8553 -0.4406
vn 0.2062 -0.8870 -0.4133
vn 0.1993 -0.8944 -0.4004
vn 0.0443 -0.8903 -0.4531
vn 0.0948 -0.9077 -0.4089
vn 0.9211 -0.3783 -0.0921
vn 0.7137 -0.6862 -0.1406
vn 0.3044 -0.2761 0.9116
vn 0.4694 -0.4917 0.7334
vn 0.7133 -0.6751 -0.1883
vn -0.8312 0.5289 -0.1713
vn -0.6701 0.7317 0.1246
vn -0.7416 0.3586 -0.5669
vn 0.0309 -0.3533 0.9350
vn 0.1524 -0.4471 0.8814
vn 0.0280 -0.4198 0.9072
vn -0.4183 -0.3029 0.8563
vn -0.8195 -0.0925 0.5656
vn 0.7610 0.1330 -0.6350
vn -0.9710 0.2381 -0.0230
vn 0.9737 -0.1073 -0.2010
vn -0.9654 0.2188 0.1421
vn -0.9639 0.2492 0.0942
vn 0.9599 -0.2803 0.0027
vn 0.9634 -0.2495 -0.0983
vn 0.9696 -0.2152 -0.1162
vn -0.9726 0.1557 0.1725
vn 0.0216 0.4361 -0.8996
vn 0.9740 -0.2186 -0.0593
vn -0.0324 0.3983 -0.9167
vn -0.0074 0.4025 -0.9154
vn 0.0123 0.4531 -0.8914
vn 0.0101 0.4265 -0.9045
vn -0.4255 0.6415 -0.6383
vn -0.0610 0.3468 -0.9359
vn -0.7137 -0.6862 -0.1406
vn -0.3044 -0.2761 0.9116
vn -0.4694 -0.4917 0.7334
vn -0.7133 -0.6751 -0.1883
vn 0.8312 0.5289 -0.1713
vn 0.6701 0.7317 0.1246
vn 0.7416 0.3586 -0.5669
vn -0.0309 -0.3533 0.9350
vn -0.1524 -0.4471 0.8814
vn -0.0280 -0.4198 0.9072
vn 0.4183 -0.3029 0.8563
vn 0.8195 -0.0925 0.5656
vn -0.7610 0.1330 -0.6350
vn 0.9710 0.2381 -0.0230
vn -0.9737 -0.1073 -0.2010
vn 0.9654 0.2188 0.1421
vn 0.9639 0.2492 0.0942
vn -0.9634 -0.2495 -0.0983
vn -0.9696 -0.2152 -0.1162
vn 0.9726 0.1557 0.1725
vn -0.0216 0.4361 -0.8996
vn -0.9740 -0.2186 -0.0593
vn 0.0324 0.3983 -0.9167
vn 0.0074 0.4025 -0.9154
vn -0.0123 0.4531 -0.8914
vn -0.0101 0.4265 -0.9045
vn 0.4255 0.6415 -0.6383
vn 0.0610 0.3468 -0.9359
vn -0.2472 -0.9309 -0.2689
vn -0.0205 -0.9952 -0.0959
vn -0.4957 -0.8521 -0.1681
vn 0.0205 -0.9952 -0.0959
vn 0.2472 -0.9309 -0.2689
vn 0.4957 -0.8521 -0.1681
vn 0.0296 -0.7069 -0.7067
vn 0.5687 -0.8225 0.0035
vn 0.5533 -0.8330 -0.0004
vn 0.5852 -0.8109 -0.0000
vn -0.0611 0.6787 -0.7319
vn -0.0296 -0.7069 -0.7067
vn -0.5687 -0.8225 0.0035
vn -0.5533 -0.8330 -0.0004
vn -0.5852 -0.8109 -0.0000
vn 0.0611 0.6787 -0.7319
vn -0.3721 0.8985 0.2329
vn -0.8985 -0.3722 0.2329
vn -0.8985 0.3722 0.2329
vn -0.3721 -0.8985 0.2329
vn -0.3825 -0.9235 0.0295
vn -0.9235 0.3825 0.0295
vn -0.9235 -0.3825 0.0295
vn -0.3825 0.9235 0.0295
vn 0.3721 -0.8985 0.2329
vn 0.8985 0.3721 0.2329
vn 0.8985 -0.3721 0.2329
vn 0.3721 0.8985 0.2329
vn 0.3825 0.9235 0.0295
vn 0.9235 -0.3825 0.0295
vn 0.9235 0.3825 0.0295
vn 0.3825 -0.9235 0.0295
vn 0.8224 0.5116 0.2491
vn 0.8215 0.5131 0.2488
vn 0.8244 0.5080 0.2497
vn 0.8439 0.4829 0.2336
vn 0.8252 0.5065 0.2499
vn 0.8779 0.4296 0.2115
vn 0.9022 0.3973 0.1677
vn -0.8440 0.4829 0.2336
vn -0.8215 0.5130 0.2488
vn -0.8252 0.5065 0.2499
vn -0.8779 0.4296 0.2115
vn -0.9022 0.3973 0.1677
vn 0.2857 -0.0000 -0.9583
vn 0.2844 -0.0028 -0.9587
vn 0.2842 0.0023 -0.9588
vn 0.2789 -0.0000 -0.9603
vn -0.2857 -0.0000 -0.9583
vn -0.2842 0.0023 -0.9588
vn -0.2844 -0.0028 -0.9587
vn -0.2789 -0.0000 -0.9603
vn -0.6990 0.7008 0.1421
vn -0.2548 0.9316 0.2590
vn -0.7055 0.6871 0.1735
vn -0.6739 0.7221 0.1566
vn -0.2317 0.8843 0.4053
vn -0.9276 0.3535 0.1209
vn -0.6952 0.6585 0.2884
vn -0.1653 0.9193 0.3573
vn -0.1495 0.8773 0.4560
vn -0.1206 0.9242 0.3624
vn -0.2531 0.8577 0.4476
vn -0.2647 0.8548 0.4464
vn -0.2704 0.8566 0.4395
vn -0.2667 0.8536 0.4476
vn -0.2726 0.8553 0.4406
vn -0.2062 0.8871 0.4130
vn -0.1993 0.8941 0.4010
vn -0.0456 0.8885 0.4567
vn -0.0955 0.9072 0.4098
vn -0.9369 0.3396 0.0833
vn -0.9599 -0.2803 0.0027
vn -0.2480 0.9289 0.2749
vn -0.0238 0.9954 0.0926
vn -0.4910 0.8550 0.1669
vn -0.9806 0.1961 0.0074
vn -0.9806 0.1959 0.0074
vn -0.9810 0.1937 0.0071
vn -0.7370 0.6702 0.0875
vn -0.9778 0.2092 0.0118
vn -0.2209 0.9698 0.1035
vn -0.2204 0.9699 0.1035
vn -0.5903 0.7975 0.1246
vn -0.6220 0.7738 0.1198
vn -0.2219 0.9696 0.1035
vn -0.9801 0.1985 0.0078
vn -0.9806 0.1960 0.0074
vn -0.9805 0.1962 0.0074
vn -0.9790 0.2035 0.0086
vn -0.7592 0.6480 0.0605
vn -0.9772 0.2119 0.0122
vn -0.2224 0.9694 0.1035
vn -0.6510 0.7503 0.1151
vn -0.7498 0.6575 0.0742
vn -0.7414 0.6635 0.1003
vn -0.7416 0.6679 0.0630
vn -0.7549 0.6486 0.0974
vn -0.7609 0.6437 0.0820
vn 0.6990 0.7008 0.1421
vn 0.2548 0.9316 0.2590
vn 0.7055 0.6871 0.1735
vn 0.6739 0.7221 0.1566
vn 0.2317 0.8843 0.4053
vn 0.9276 0.3535 0.1209
vn 0.6952 0.6585 0.2884
vn 0.1653 0.9193 0.3573
vn 0.1495 0.8773 0.4560
vn 0.1206 0.9242 0.3624
vn 0.2531 0.8577 0.4476
vn 0.2647 0.8548 0.4464
vn 0.2667 0.8536 0.4476
vn 0.2704 0.8566 0.4395
vn 0.2726 0.8553 0.4406
vn 0.2062 0.8871 0.4130
vn 0.1993 0.8941 0.4010
vn 0.0456 0.8885 0.4567
vn 0.0955 0.9072 0.4098
vn 0.2730 0.9599 0.0632
vn 0.4022 0.9123 0.0774
vn 0.7297 0.6766 -0.0984
vn 0.2366 0.9695 -0.0640
vn 0.7248 0.6785 -0.1193
vn 0.2339 0.9678 -0.0928
vn 0.6855 0.6617 -0.3037
vn 0.1914 0.9657 -0.1754
vn 0.2066 0.9781 0.0258
vn 0.9804 0.1744 -0.0911
vn 0.9804 0.1745 -0.0911
vn 0.4483 0.8856 0.1212
vn 0.0238 0.9954 0.0926
vn 0.2480 0.9289 0.2749
vn 0.4910 0.8550 0.1669
vn 0.9806 0.1961 0.0074
vn 0.9810 0.1937 0.0071
vn 0.9806 0.1960 0.0074
vn 0.7416 0.6679 0.0630
vn 0.9778 0.2092 0.0118
vn 0.2209 0.9698 0.1035
vn 0.2204 0.9699 0.1035
vn 0.5903 0.7975 0.1246
vn 0.6510 0.7503 0.1151
vn 0.2224 0.9694 0.1035
vn 0.2219 0.9696 0.1035
vn 0.9772 0.2119 0.0122
vn 0.7592 0.6480 0.0605
vn 0.9790 0.2035 0.0086
vn 0.6220 0.7738 0.1198
vn 0.9801 0.1985 0.0078
vn 0.7498 0.6575 0.0742
vn 0.7414 0.6635 0.1003
vn 0.7370 0.6702 0.0875
vn 0.7609 0.6437 0.0820
vn 0.7549 0.6486 0.0974
vt 0.223873 0.547533
vt 0.223873 0.658776
vt 0.223873 0.562244
vt 0.215188 0.484931
vt 0.223873 0.474680
vt 0.223873 0.499025
vt 0.215188 0.508860
vt 0.215188 0.569185
vt 0.223873 0.698859
vt 0.223873 0.693976
vt 0.160552 0.570732
vt 0.108787 0.621434
vt 0.108787 0.612855
vt 0.160552 0.549424
vt 0.215188 0.661299
vt 0.160552 0.612852
vt 0.108787 0.656171
vt 0.047178 0.704216
vt 0.108787 0.692601
vt 0.047178 0.725258
vt 0.160552 0.677168
vt 0.047178 0.699446
vt 0.047178 0.736112
vt 0.047178 0.740996
vt 0.108787 0.726059
vt 0.108787 0.721176
vt 0.047178 0.690586
vt 0.108787 0.603995
vt 0.215188 0.700890
vt 0.215188 0.696006
vt 0.303437 0.547533
vt 0.303437 0.562244
vt 0.303437 0.658776
vt 0.312121 0.484931
vt 0.312121 0.508860
vt 0.303437 0.499025
vt 0.303437 0.474680
vt 0.312121 0.569185
vt 0.303437 0.693976
vt 0.303437 0.698859
vt 0.366758 0.570732
vt 0.366758 0.549424
vt 0.418523 0.612855
vt 0.418523 0.621434
vt 0.312121 0.661299
vt 0.366758 0.612852
vt 0.418523 0.656171
vt 0.480131 0.704216
vt 0.418523 0.692601
vt 0.480131 0.725258
vt 0.366758 0.677168
vt 0.480131 0.699446
vt 0.480131 0.740996
vt 0.480131 0.736112
vt 0.418523 0.726059
vt 0.418523 0.721176
vt 0.480131 0.690586
vt 0.418523 0.603995
vt 0.312121 0.696006
vt 0.312121 0.700890
vt 0.770608 0.636935
vt 0.825245 0.593268
vt 0.825245 0.635389
vt 0.770608 0.697261
vt 0.770608 0.721189
vt 0.761924 0.731440
vt 0.761924 0.707095
vt 0.877010 0.549949
vt 0.877010 0.584686
vt 0.761924 0.643876
vt 0.761924 0.658587
vt 0.761924 0.547344
vt 0.770608 0.544822
vt 0.771128 0.611602
vt 0.761924 0.507261
vt 0.761924 0.512145
vt 0.825245 0.528952
vt 0.877010 0.513520
vt 0.770608 0.510114
vt 0.877010 0.484944
vt 0.938618 0.470008
vt 0.938618 0.480863
vt 0.877010 0.480061
vt 0.938618 0.465125
vt 0.938618 0.501904
vt 0.938618 0.506674
vt 0.938618 0.515535
vt 0.825245 0.656696
vt 0.877010 0.593265
vt 0.877010 0.602126
vt 0.770608 0.505231
vt 0.673675 0.636935
vt 0.673675 0.697261
vt 0.619039 0.635389
vt 0.619039 0.593268
vt 0.682360 0.707095
vt 0.682360 0.731440
vt 0.673675 0.721189
vt 0.567274 0.584686
vt 0.567274 0.549949
vt 0.682360 0.643876
vt 0.682360 0.547344
vt 0.682360 0.658587
vt 0.673675 0.544822
vt 0.673155 0.611602
vt 0.682360 0.512145
vt 0.682360 0.507261
vt 0.619039 0.562961
vt 0.612472 0.579122
vt 0.673675 0.510114
vt 0.567274 0.513520
vt 0.505665 0.480863
vt 0.505665 0.470008
vt 0.567274 0.484944
vt 0.505665 0.465125
vt 0.567274 0.480061
vt 0.505665 0.501904
vt 0.505665 0.515535
vt 0.505665 0.506674
vt 0.619039 0.656696
vt 0.567274 0.593265
vt 0.567274 0.602126
vt 0.673675 0.505231
vt 0.768540 0.737769
vt 0.768243 0.764822
vt 0.758093 0.764065
vt 0.758389 0.737012
vt 0.767273 0.689682
vt 0.757122 0.689682
vt 0.750385 0.734656
vt 0.749118 0.689682
vt 0.750089 0.761709
vt 0.742809 0.734656
vt 0.735068 0.689682
vt 0.722142 0.734656
vt 0.722142 0.689682
vt 0.753351 0.652534
vt 0.744310 0.652534
vt 0.742281 0.615387
vt 0.751535 0.615387
vt 0.763502 0.652534
vt 0.761686 0.615387
vt 0.732040 0.652534
vt 0.722142 0.652534
vt 0.722142 0.615387
vt 0.730059 0.615387
vt 0.741977 0.564674
vt 0.750407 0.564674
vt 0.727947 0.564674
vt 0.722142 0.564674
vt 0.761285 0.564674
vt 0.749799 0.525848
vt 0.741209 0.525848
vt 0.739983 0.461874
vt 0.748713 0.462183
vt 0.726745 0.525848
vt 0.732983 0.461008
vt 0.761774 0.525848
vt 0.757443 0.461874
vt 0.722142 0.525848
vt 0.722142 0.461008
vt 0.722142 0.445026
vt 0.726274 0.445026
vt 0.675744 0.737769
vt 0.685895 0.737012
vt 0.686191 0.764065
vt 0.676040 0.764822
vt 0.677011 0.689682
vt 0.687162 0.689682
vt 0.695166 0.689682
vt 0.693899 0.734656
vt 0.694195 0.761709
vt 0.709216 0.689682
vt 0.701475 0.734656
vt 0.690933 0.652534
vt 0.692748 0.615387
vt 0.702003 0.615387
vt 0.699973 0.652534
vt 0.680782 0.652534
vt 0.682598 0.615387
vt 0.712244 0.652534
vt 0.714225 0.615387
vt 0.693877 0.564674
vt 0.702307 0.564674
vt 0.716336 0.564674
vt 0.682999 0.564674
vt 0.694485 0.525848
vt 0.695571 0.462183
vt 0.704300 0.461874
vt 0.703074 0.525848
vt 0.711301 0.461008
vt 0.717539 0.525848
vt 0.682510 0.525848
vt 0.686841 0.461874
vt 0.718010 0.445026
vt 0.274830 0.312889
vt 0.274830 0.299805
vt 0.318871 0.304732
vt 0.318871 0.318649
vt 0.274830 0.280699
vt 0.318871 0.281872
vt 0.273896 0.264372
vt 0.318871 0.266662
vt 0.318871 0.335973
vt 0.318871 0.333305
vt 0.443879 0.333305
vt 0.443879 0.335973
vt 0.443879 0.318649
vt 0.482705 0.333305
vt 0.482705 0.335973
vt 0.482705 0.318649
vt 0.552302 0.333305
vt 0.552302 0.335973
vt 0.552302 0.318649
vt 0.625328 0.318649
vt 0.625328 0.333305
vt 0.625328 0.335973
vt 0.668792 0.318649
vt 0.668792 0.329433
vt 0.668792 0.332102
vt 0.700994 0.319500
vt 0.700994 0.324754
vt 0.700994 0.326054
vt 0.706273 0.319247
vt 0.706273 0.322958
vt 0.706273 0.323877
vt 0.708596 0.318946
vt 0.708596 0.320823
vt 0.708596 0.321287
vt 0.241883 0.311337
vt 0.239071 0.310317
vt 0.260115 0.313174
vt 0.259887 0.314372
vt 0.238028 0.309938
vt 0.237425 0.308975
vt 0.236227 0.308483
vt 0.234177 0.306513
vt 0.235977 0.307968
vt 0.260202 0.311205
vt 0.234279 0.294919
vt 0.238550 0.277044
vt 0.240350 0.277044
vt 0.236079 0.295552
vt 0.235301 0.303164
vt 0.260974 0.305981
vt 0.233500 0.302280
vt 0.240191 0.271006
vt 0.242274 0.269559
vt 0.267983 0.277044
vt 0.269680 0.269156
vt 0.241648 0.268120
vt 0.243731 0.266674
vt 0.270783 0.266271
vt 0.263107 0.296960
vt 0.318871 0.315731
vt 0.290698 0.316341
vt 0.356019 0.277044
vt 0.393166 0.275777
vt 0.393166 0.297840
vt 0.356019 0.297840
vt 0.318871 0.269156
vt 0.318871 0.277044
vt 0.318871 0.313111
vt 0.318871 0.297840
vt 0.318871 0.307447
vt 0.318871 0.266271
vt 0.318871 0.317285
vt 0.239913 0.309997
vt 0.272770 0.311812
vt 0.242405 0.267337
vt 0.244488 0.265749
vt 0.356019 0.315731
vt 0.356019 0.313111
vt 0.393166 0.312398
vt 0.393166 0.315426
vt 0.356019 0.269156
vt 0.393166 0.267577
vt 0.356019 0.317798
vt 0.356019 0.317285
vt 0.393166 0.317285
vt 0.393166 0.317798
vt 0.356019 0.266271
vt 0.393166 0.263987
vt 0.443879 0.274087
vt 0.443879 0.292893
vt 0.356019 0.307447
vt 0.393166 0.307447
vt 0.443879 0.302831
vt 0.443879 0.312735
vt 0.443879 0.308160
vt 0.443879 0.265021
vt 0.443879 0.261127
vt 0.482705 0.309815
vt 0.482705 0.262931
vt 0.482705 0.259038
vt 0.546679 0.255643
vt 0.547544 0.261226
vt 0.482705 0.303692
vt 0.482705 0.297651
vt 0.551436 0.286314
vt 0.552302 0.291897
vt 0.482705 0.288243
vt 0.482705 0.272139
vt 0.548796 0.269293
vt 0.550185 0.278247
vt 0.552302 0.300345
vt 0.625328 0.304099
vt 0.668792 0.307012
vt 0.668792 0.301653
vt 0.700994 0.311221
vt 0.700994 0.313831
vt 0.668792 0.302980
vt 0.700994 0.311867
vt 0.706273 0.313398
vt 0.706273 0.315242
vt 0.706273 0.313854
vt 0.708596 0.316219
vt 0.708596 0.316920
vt 0.708596 0.315988
vt 0.471384 0.133554
vt 0.427343 0.139314
vt 0.427343 0.125397
vt 0.471384 0.120470
vt 0.427343 0.102537
vt 0.471384 0.101364
vt 0.427343 0.087327
vt 0.472317 0.085037
vt 0.427343 0.156639
vt 0.302335 0.156639
vt 0.302335 0.153970
vt 0.427343 0.153970
vt 0.302335 0.139314
vt 0.263509 0.156639
vt 0.263509 0.153970
vt 0.263509 0.139314
vt 0.193912 0.156639
vt 0.193912 0.153970
vt 0.193912 0.139314
vt 0.120885 0.153970
vt 0.120885 0.139314
vt 0.120885 0.156639
vt 0.077421 0.150099
vt 0.077421 0.139314
vt 0.077421 0.152767
vt 0.045219 0.145419
vt 0.045219 0.140165
vt 0.045219 0.146719
vt 0.039940 0.143624
vt 0.039940 0.139912
vt 0.039940 0.144542
vt 0.037618 0.141488
vt 0.037618 0.139611
vt 0.037618 0.141952
vt 0.504331 0.132002
vt 0.486326 0.135037
vt 0.486099 0.133840
vt 0.507143 0.130982
vt 0.508186 0.130603
vt 0.509987 0.129148
vt 0.508789 0.129640
vt 0.510237 0.128633
vt 0.512037 0.127178
vt 0.486011 0.131870
vt 0.511935 0.115584
vt 0.510135 0.116217
vt 0.505864 0.097709
vt 0.507664 0.097709
vt 0.485240 0.126646
vt 0.510913 0.123830
vt 0.512713 0.122945
vt 0.503940 0.090224
vt 0.506023 0.091671
vt 0.478231 0.097709
vt 0.476534 0.089821
vt 0.502483 0.087339
vt 0.504566 0.088785
vt 0.475430 0.086936
vt 0.483107 0.117625
vt 0.455516 0.137006
vt 0.427343 0.136396
vt 0.390195 0.097709
vt 0.390195 0.118505
vt 0.353048 0.118505
vt 0.353048 0.096442
vt 0.427343 0.097709
vt 0.427343 0.089821
vt 0.427343 0.133776
vt 0.427343 0.128112
vt 0.427343 0.118505
vt 0.427343 0.086936
vt 0.427343 0.137950
vt 0.506301 0.130662
vt 0.473444 0.132478
vt 0.501726 0.086414
vt 0.503809 0.088002
vt 0.390195 0.136396
vt 0.353048 0.136091
vt 0.353048 0.133063
vt 0.390195 0.133776
vt 0.353048 0.088242
vt 0.390195 0.089821
vt 0.390195 0.138463
vt 0.353048 0.138463
vt 0.353048 0.137950
vt 0.390195 0.137950
vt 0.353048 0.084652
vt 0.390195 0.086936
vt 0.302335 0.113559
vt 0.302335 0.094752
vt 0.390195 0.128112
vt 0.353048 0.128112
vt 0.302335 0.123496
vt 0.302335 0.133400
vt 0.302335 0.128825
vt 0.302335 0.085686
vt 0.302335 0.081793
vt 0.263509 0.130480
vt 0.263509 0.083596
vt 0.198669 0.081891
vt 0.199535 0.076308
vt 0.263509 0.079703
vt 0.263509 0.124357
vt 0.193912 0.112562
vt 0.194778 0.106979
vt 0.263509 0.118317
vt 0.263509 0.108908
vt 0.196029 0.098912
vt 0.197418 0.089958
vt 0.263509 0.092804
vt 0.193912 0.121010
vt 0.120885 0.124764
vt 0.077421 0.127677
vt 0.077421 0.122318
vt 0.045219 0.131886
vt 0.045219 0.134496
vt 0.077421 0.123645
vt 0.045219 0.132532
vt 0.039940 0.134063
vt 0.039940 0.135907
vt 0.039940 0.134520
vt 0.037618 0.137585
vt 0.037618 0.136884
vt 0.037618 0.136653
vt 0.009621 0.994180
vt 0.009621 0.994590
vt 0.009621 0.994774
vt 0.009621 0.994495
vt 0.009698 0.994774
vt 0.009698 0.994495
vt 0.009698 0.994590
vt 0.009698 0.994180
vt 0.022496 0.993485
vt 0.022675 0.993440
vt 0.023255 0.993194
vt 0.023255 0.993172
vt 0.022664 0.992966
vt 0.022664 0.992964
vt 0.023029 0.993412
vt 0.023004 0.993422
vt 0.023004 0.993457
vt 0.023029 0.993457
vt 0.023170 0.993424
vt 0.023085 0.992971
vt 0.023300 0.992971
vt 0.023385 0.993424
vt 0.022956 0.992954
vt 0.022932 0.992954
vt 0.022935 0.992988
vt 0.022958 0.992979
vt 0.022804 0.993466
vt 0.078252 0.438166
vt 0.080740 0.438166
vt 0.064102 0.434941
vt 0.042616 0.434941
vt 0.051170 0.389622
vt 0.072656 0.389811
vt 0.072656 0.389622
vt 0.087931 0.387887
vt 0.085527 0.387887
vt 0.078252 0.433666
vt 0.085315 0.390440
vt 0.024915 0.976421
vt 0.024384 0.977029
vt 0.023524 0.977314
vt 0.024437 0.971457
vt 0.022991 0.971375
vt 0.025356 0.972752
vt 0.010814 0.992866
vt 0.010689 0.992757
vt 0.010761 0.990162
vt 0.010895 0.989979
vt 0.010420 0.994054
vt 0.009813 0.994738
vt 0.009789 0.994439
vt 0.010320 0.993831
vt 0.009873 0.988537
vt 0.010571 0.989003
vt 0.010471 0.989286
vt 0.009843 0.988867
vt 0.008856 0.995056
vt 0.008263 0.995136
vt 0.008396 0.994796
vt 0.008929 0.994725
vt 0.008263 0.988154
vt 0.008396 0.988786
vt 0.008119 0.988411
vt 0.757016 0.252744
vt 0.874886 0.244546
vt 0.878697 0.252744
vt 0.794629 0.271463
vt 0.887696 0.271462
vt 0.736282 0.245022
vt 0.752264 0.252744
vt 0.747514 0.252744
vt 0.731532 0.245022
vt 0.854068 0.303409
vt 0.858820 0.303409
vt 0.882132 0.313509
vt 0.877380 0.313509
vt 0.798753 0.275880
vt 0.803505 0.275880
vt 0.903054 0.303409
vt 0.909005 0.315332
vt 0.914437 0.303409
vt 0.914840 0.314165
vt 0.918017 0.313432
vt 0.872630 0.313509
vt 0.917614 0.303409
vt 0.912660 0.243698
vt 0.873858 0.242334
vt 0.912535 0.234142
vt 0.741034 0.245022
vt 0.915846 0.243627
vt 0.915712 0.233409
vt 0.893583 0.091576
vt 0.771902 0.091576
vt 0.775713 0.083378
vt 0.855925 0.110317
vt 0.762892 0.110317
vt 0.914316 0.083854
vt 0.919067 0.083854
vt 0.903085 0.091576
vt 0.898334 0.091576
vt 0.796530 0.142241
vt 0.773218 0.152342
vt 0.768467 0.152342
vt 0.791779 0.142241
vt 0.851847 0.114711
vt 0.847096 0.114711
vt 0.741594 0.154164
vt 0.747546 0.142241
vt 0.735759 0.152997
vt 0.736162 0.142241
vt 0.732582 0.152264
vt 0.777969 0.152342
vt 0.732985 0.142241
vt 0.737939 0.082530
vt 0.738064 0.072974
vt 0.776741 0.081166
vt 0.909565 0.083854
vt 0.734753 0.082459
vt 0.734887 0.072241
vt 0.008935 0.992394
vt 0.008935 0.992481
vt 0.009469 0.992481
vt 0.009469 0.992394
vt 0.008917 0.992409
vt 0.008849 0.992466
vt 0.008849 0.992409
vt 0.008917 0.992466
vt 0.008835 0.992456
vt 0.008835 0.992420
vt 0.008717 0.992420
vt 0.008717 0.992456
vt 0.123902 0.975022
vt 0.124048 0.974975
vt 0.125376 0.975022
vt 0.124032 0.975650
vt 0.124073 0.975312
vt 0.124185 0.975276
vt 0.124152 0.975611
vt 0.090179 0.990585
vt 0.090142 0.990788
vt 0.090011 0.990830
vt 0.090041 0.990629
vt 0.124081 0.975492
vt 0.124111 0.975693
vt 0.123981 0.975651
vt 0.123943 0.975448
vt 0.125197 0.975492
vt 0.125167 0.975693
vt 0.124932 0.975722
vt 0.124949 0.975523
vt 0.089174 0.990660
vt 0.089190 0.990859
vt 0.088955 0.990830
vt 0.088925 0.990629
vt 0.090041 0.990491
vt 0.090011 0.990699
vt 0.090142 0.990741
vt 0.090179 0.990536
vt 0.124639 0.975534
vt 0.124639 0.975732
vt 0.124346 0.975722
vt 0.124330 0.975523
vt 0.124949 0.975324
vt 0.124932 0.975533
vt 0.125167 0.975562
vt 0.125197 0.975354
vt 0.088925 0.990491
vt 0.088955 0.990699
vt 0.089190 0.990670
vt 0.089174 0.990461
vt 0.125335 0.975399
vt 0.125298 0.975604
vt 0.125298 0.975651
vt 0.125335 0.975448
vt 0.089793 0.990660
vt 0.089776 0.990859
vt 0.089483 0.990869
vt 0.089483 0.990671
vt 0.124330 0.975324
vt 0.124346 0.975533
vt 0.124639 0.975523
vt 0.124639 0.975313
vt 0.123943 0.975399
vt 0.123981 0.975604
vt 0.124111 0.975562
vt 0.124081 0.975354
vt 0.089483 0.990450
vt 0.089483 0.990660
vt 0.089776 0.990670
vt 0.089793 0.990461
vt 0.088787 0.990585
vt 0.088825 0.990788
vt 0.088825 0.990741
vt 0.088787 0.990536
vt 0.088746 0.990211
vt 0.088746 0.990159
vt 0.089483 0.990068
vt 0.089811 0.990079
vt 0.124311 0.974942
vt 0.124639 0.974931
vt 0.089811 0.990291
vt 0.089483 0.990302
vt 0.125376 0.975074
vt 0.088892 0.990112
vt 0.089155 0.990079
vt 0.124967 0.974942
vt 0.125230 0.974975
vt 0.124639 0.975165
vt 0.124311 0.975154
vt 0.090074 0.990112
vt 0.090220 0.990159
vt 0.089155 0.990291
vt 0.088892 0.990258
vt 0.125230 0.975121
vt 0.124967 0.975154
vt 0.124048 0.975121
vt 0.123902 0.975074
vt 0.090220 0.990211
vt 0.090074 0.990258
vt 0.089753 0.990721
vt 0.089483 0.990712
vt 0.089970 0.990869
vt 0.090091 0.990830
vt 0.124909 0.975759
vt 0.125126 0.975732
vt 0.090091 0.990787
vt 0.089970 0.990748
vt 0.125126 0.975611
vt 0.124909 0.975584
vt 0.125247 0.975693
vt 0.125247 0.975650
vt 0.124639 0.975575
vt 0.124369 0.975584
vt 0.088876 0.990787
vt 0.088876 0.990830
vt 0.124032 0.975693
vt 0.124152 0.975732
vt 0.088996 0.990869
vt 0.089213 0.990896
vt 0.124369 0.975759
vt 0.124639 0.975768
vt 0.089213 0.990721
vt 0.088996 0.990748
vt 0.089483 0.990905
vt 0.089753 0.990896
vt 0.026085 0.978730
vt 0.025972 0.978694
vt 0.024952 0.978730
vt 0.124639 0.975242
vt 0.124891 0.975251
vt 0.124073 0.975353
vt 0.125206 0.975353
vt 0.125093 0.975389
vt 0.124185 0.975389
vt 0.124891 0.975414
vt 0.124387 0.975414
vt 0.125093 0.975276
vt 0.125206 0.975312
vt 0.124639 0.975423
vt 0.124387 0.975251
vt 0.025064 0.978694
vt 0.123717 0.976120
vt 0.123863 0.976120
vt 0.123863 0.976230
vt 0.123717 0.976230
vt 0.123717 0.974153
vt 0.123807 0.974153
vt 0.123779 0.974331
vt 0.123717 0.974331
vt 0.123717 0.976170
vt 0.123717 0.976222
vt 0.123863 0.976222
vt 0.123863 0.976170
vt 0.123717 0.974253
vt 0.123717 0.974410
vt 0.123779 0.974410
vt 0.123807 0.974253
vt 0.123863 0.976279
vt 0.123717 0.976279
vt 0.123867 0.973552
vt 0.123867 0.973115
vt 0.123867 0.973169
vt 0.123867 0.973693
vt 0.123717 0.973693
vt 0.123717 0.973552
vt 0.123717 0.973115
vt 0.123717 0.973169
vt 0.123779 0.976008
vt 0.123779 0.976061
vt 0.123717 0.976061
vt 0.123717 0.976008
vt 0.625328 0.296976
vt 0.625328 0.288550
vt 0.563527 0.266840
vt 0.563527 0.261226
vt 0.552611 0.293890
vt 0.120885 0.117641
vt 0.120885 0.109215
vt 0.182687 0.087505
vt 0.182687 0.081891
vt 0.193603 0.114555
vt 0.159051 0.438166
vt 0.173201 0.434941
vt 0.156563 0.438166
vt 0.194688 0.434941
vt 0.164647 0.389811
vt 0.186134 0.389622
vt 0.164647 0.389622
vt 0.151776 0.387887
vt 0.149372 0.387887
vt 0.159051 0.433666
vt 0.151988 0.390440
vt 0.184004 0.311704
vt 0.183659 0.312468
vt 0.181843 0.311267
vt 0.449740 0.153266
vt 0.438541 0.154952
vt 0.449740 0.150597
vt 0.463553 0.154038
vt 0.462167 0.159186
vt 0.448354 0.158414
vt 0.461842 0.160515
vt 0.448029 0.159744
vt 0.438541 0.157938
vt 0.438541 0.158673
vt 0.464259 0.151572
vt 0.464504 0.150718
vt 0.465356 0.147740
vt 0.006911 0.992282
vt 0.006920 0.992069
vt 0.006866 0.992069
vt 0.006876 0.992282
vt 0.006876 0.992381
vt 0.006893 0.992409
vt 0.006911 0.992381
vt 0.006920 0.992036
vt 0.006866 0.992036
vt 0.006920 0.992366
vt 0.006866 0.992366
vt 0.040829 0.993631
vt 0.040857 0.993679
vt 0.040877 0.993880
vt 0.040767 0.993835
vt 0.040768 0.993835
vt 0.040404 0.993455
vt 0.040405 0.993455
vt 0.040588 0.993455
vt 0.040413 0.993678
vt 0.040877 0.993694
vt 0.040656 0.993516
vt 0.040934 0.993739
vt 0.040488 0.993719
vt 0.040487 0.993719
vt 0.812716 0.568123
vt 0.825245 0.562961
vt 0.822939 0.585935
vt 0.825245 0.584164
vt 0.792202 0.611602
vt 0.799965 0.604631
vt 0.819770 0.591480
vt 0.780635 0.581340
vt 0.772079 0.586093
vt 0.831812 0.579122
vt 0.619039 0.584164
vt 0.621345 0.585935
vt 0.624514 0.591480
vt 0.644319 0.604631
vt 0.652082 0.611602
vt 0.619039 0.528952
vt 0.631568 0.568123
vt 0.663649 0.581340
vt 0.672205 0.586093
vt 0.022984 0.993435
vt 0.022991 0.977386
vt 0.025283 0.975346
vt 0.025065 0.971876
vt 0.025770 0.978669
vt 0.025518 0.978660
vt 0.025266 0.978669
vt 0.024952 0.978771
vt 0.026085 0.978771
vt 0.025064 0.978807
vt 0.025972 0.978807
vt 0.025266 0.978832
vt 0.025518 0.978841
vt 0.025770 0.978832
vt 0.006893 0.992394
vt 0.708596 0.316218
vt 0.175637 0.976238
vt 0.175637 0.976717
vt 0.175532 0.976717
vt 0.175559 0.976238
vt 0.175578 0.975969
vt 0.175637 0.975969
vt 0.175554 0.975969
vt 0.175527 0.976238
vt 0.175489 0.976717
vt 0.175637 0.977554
vt 0.175637 0.977806
vt 0.175582 0.977806
vt 0.175551 0.977554
vt 0.175524 0.977212
vt 0.175516 0.977554
vt 0.175477 0.977212
vt 0.175637 0.977212
vt 0.175559 0.977806
vt 0.175586 0.975969
vt 0.175564 0.975969
vt 0.123667 0.300890
vt 0.124225 0.293469
vt 0.145058 0.298088
vt 0.137567 0.303011
vt 0.125750 0.270903
vt 0.126308 0.262922
vt 0.156287 0.265783
vt 0.156287 0.273763
vt 0.123463 0.303811
vt 0.133241 0.304819
vt 0.124988 0.281804
vt 0.156287 0.285719
vt 0.189428 0.265685
vt 0.189428 0.276476
vt 0.189428 0.290127
vt 0.156287 0.292970
vt 0.189428 0.299603
vt 0.215690 0.277876
vt 0.215690 0.293336
vt 0.215690 0.265440
vt 0.215690 0.304009
vt 0.189428 0.309080
vt 0.215690 0.314682
vt 0.156287 0.300221
vt 0.274830 0.325973
vt 0.280858 0.327075
vt 0.296474 0.329932
vt 0.224005 0.316191
vt 0.237871 0.318910
vt 0.126512 0.260001
vt 0.156287 0.262861
vt 0.156287 0.264888
vt 0.189428 0.264918
vt 0.215690 0.264684
vt 0.236651 0.264684
vt 0.236651 0.263741
vt 0.274830 0.263741
vt 0.318871 0.264413
vt 0.118048 0.270538
vt 0.118597 0.262684
vt 0.115797 0.302723
vt 0.115998 0.299848
vt 0.117297 0.281266
vt 0.116547 0.291995
vt 0.118798 0.259810
vt 0.055038 0.276153
vt 0.055064 0.275794
vt 0.055098 0.275304
vt 0.055132 0.274814
vt 0.055157 0.274455
vt 0.055166 0.274324
vt 0.055029 0.276284
vt 0.075831 0.277291
vt 0.075452 0.282715
vt 0.076590 0.266443
vt 0.076488 0.267897
vt 0.075174 0.286686
vt 0.076210 0.271867
vt 0.075072 0.288139
vt 0.096564 0.279279
vt 0.097172 0.270582
vt 0.095348 0.297552
vt 0.095511 0.295222
vt 0.097618 0.264215
vt 0.095956 0.287976
vt 0.097781 0.261885
vt 0.622547 0.121555
vt 0.608647 0.123677
vt 0.601156 0.118753
vt 0.621989 0.114134
vt 0.620464 0.091568
vt 0.589926 0.094428
vt 0.589926 0.086448
vt 0.619906 0.083587
vt 0.622751 0.124476
vt 0.612972 0.125484
vt 0.621226 0.102469
vt 0.589926 0.106385
vt 0.556786 0.097141
vt 0.556786 0.086350
vt 0.556786 0.110792
vt 0.589926 0.113636
vt 0.556786 0.120269
vt 0.530524 0.098541
vt 0.530524 0.114001
vt 0.530524 0.086105
vt 0.530524 0.124674
vt 0.556786 0.129745
vt 0.530524 0.135347
vt 0.589926 0.120887
vt 0.471384 0.146638
vt 0.522209 0.136857
vt 0.508342 0.139575
vt 0.589926 0.085553
vt 0.589926 0.083527
vt 0.619702 0.080666
vt 0.556786 0.085583
vt 0.471384 0.084406
vt 0.509562 0.084406
vt 0.509562 0.085349
vt 0.530524 0.085349
vt 0.427343 0.085078
vt 0.627617 0.083350
vt 0.628166 0.091203
vt 0.630216 0.120513
vt 0.630417 0.123388
vt 0.628916 0.101931
vt 0.629667 0.112660
vt 0.627416 0.080475
vt 0.670383 0.097956
vt 0.691116 0.095969
vt 0.691150 0.096459
vt 0.670762 0.103380
vt 0.669624 0.087108
vt 0.691048 0.094989
vt 0.691057 0.095120
vt 0.669726 0.088562
vt 0.691175 0.096818
vt 0.671040 0.107351
vt 0.691082 0.095479
vt 0.670004 0.092533
vt 0.691185 0.096949
vt 0.671142 0.108804
vt 0.649042 0.091247
vt 0.649650 0.099944
vt 0.650703 0.115887
vt 0.650866 0.118218
vt 0.648596 0.084880
vt 0.650258 0.108641
vt 0.648433 0.082550
vt 0.174419 0.973726
vt 0.174497 0.973726
vt 0.174523 0.974205
vt 0.174419 0.974205
vt 0.174419 0.973457
vt 0.174478 0.973457
vt 0.174529 0.973726
vt 0.174502 0.973457
vt 0.174567 0.974205
vt 0.174419 0.975041
vt 0.174505 0.975041
vt 0.174474 0.975293
vt 0.174419 0.975293
vt 0.174532 0.974699
vt 0.174579 0.974699
vt 0.174540 0.975041
vt 0.174419 0.974699
vt 0.174497 0.975293
vt 0.174470 0.973457
vt 0.174492 0.973457
vt 0.172801 0.977001
vt 0.172801 0.976978
vt 0.172790 0.976978
vt 0.172789 0.977001
vt 0.172786 0.976978
vt 0.172784 0.977001
vt 0.075116 0.972366
vt 0.751237 0.145788
vt 0.751237 0.145552
vt 0.751237 0.147161
vt 0.751237 0.146925
vt 0.751237 0.146356
vt 0.744562 0.148891
vt 0.744562 0.148149
vt 0.744562 0.146356
vt 0.744562 0.144564
vt 0.744562 0.143822
vt 0.732744 0.144297
vt 0.732744 0.143444
vt 0.732744 0.148416
vt 0.732744 0.146356
vt 0.732744 0.149269
vt 0.906037 0.304990
vt 0.906037 0.305732
vt 0.899362 0.306956
vt 0.899362 0.306720
vt 0.906037 0.307524
vt 0.906037 0.309317
vt 0.899362 0.308093
vt 0.899362 0.307524
vt 0.906037 0.310059
vt 0.899362 0.308329
vt 0.917855 0.309584
vt 0.917855 0.310437
vt 0.917855 0.305465
vt 0.917855 0.307524
vt 0.917855 0.304612
vt 0.789876 0.271463
vt 0.889820 0.275880
vt 0.903053 0.303409
vt 0.785127 0.271463
vt 0.794003 0.275880
vt 0.849318 0.303409
vt 0.860676 0.110317
vt 0.760780 0.114711
vt 0.865427 0.110317
vt 0.856598 0.114711
vt 0.801282 0.142241
vt 0.108787 0.692600
vt 0.215189 0.661298
vt 0.215189 0.696006
vt 0.215189 0.700890
vt 0.418523 0.692600
vt 0.312121 0.661298
vt 0.589460 0.126815
vt 0.589927 0.120887
vt 0.606410 0.125964
vt 0.601295 0.126275
vt 0.564371 0.131932
vt 0.562210 0.132370
vt 0.438542 0.154952
vt 0.569349 0.143403
vt 0.569920 0.143782
vt 0.567940 0.145046
vt 0.567567 0.144222
vt 0.567355 0.139414
vt 0.565693 0.140075
vt 0.562555 0.133133
vt 0.573835 0.142436
vt 0.572895 0.143224
vt 0.569373 0.144633
vt 0.568061 0.145315
vt 0.573397 0.142094
vt 0.576771 0.140906
vt 0.591537 0.132796
vt 0.600607 0.128515
vt 0.601667 0.128495
vt 0.592897 0.132752
vt 0.577932 0.139794
vt 0.582467 0.137396
vt 0.584177 0.137139
vt 0.580112 0.139284
vt 0.601667 0.128683
vt 0.607654 0.125979
vt 0.461842 0.160516
vt 0.438542 0.157938
vt 0.438542 0.158673
vt 0.464259 0.151573
vt 0.591024 0.131805
vt 0.600106 0.127506
vt 0.612973 0.125484
vt 0.511182 0.142031
vt 0.511371 0.143532
vt 0.509137 0.143882
vt 0.508844 0.142379
vt 0.512924 0.155827
vt 0.512125 0.158918
vt 0.511162 0.153803
vt 0.512663 0.153536
vt 0.513262 0.158791
vt 0.513529 0.160252
vt 0.512531 0.160357
vt 0.510879 0.139078
vt 0.508343 0.139575
vt 0.519637 0.137361
vt 0.519250 0.140830
vt 0.517186 0.158353
vt 0.516976 0.159890
vt 0.519081 0.142322
vt 0.521619 0.140478
vt 0.521345 0.141967
vt 0.518338 0.158224
vt 0.517540 0.155270
vt 0.519367 0.152344
vt 0.517845 0.152615
vt 0.517988 0.159784
vt 0.137567 0.303012
vt 0.156287 0.300222
vt 0.156754 0.306150
vt 0.144919 0.305610
vt 0.139804 0.305299
vt 0.184004 0.311705
vt 0.176865 0.322738
vt 0.178647 0.323557
vt 0.178274 0.324381
vt 0.176294 0.323117
vt 0.180521 0.319410
vt 0.178859 0.318749
vt 0.176841 0.323968
vt 0.173319 0.322559
vt 0.172379 0.321771
vt 0.178153 0.324650
vt 0.169443 0.320241
vt 0.172817 0.321429
vt 0.154677 0.312131
vt 0.153317 0.312087
vt 0.144547 0.307830
vt 0.145607 0.307850
vt 0.168282 0.319129
vt 0.166102 0.318619
vt 0.162037 0.316474
vt 0.163747 0.316731
vt 0.144547 0.308018
vt 0.138560 0.305314
vt 0.307673 0.334287
vt 0.296474 0.332601
vt 0.282661 0.333373
vt 0.297860 0.337749
vt 0.284047 0.338521
vt 0.298185 0.339079
vt 0.284372 0.339851
vt 0.307673 0.337273
vt 0.307673 0.338008
vt 0.318871 0.335974
vt 0.281955 0.330908
vt 0.281710 0.330053
vt 0.280858 0.327076
vt 0.235033 0.321366
vt 0.237370 0.321714
vt 0.237077 0.323217
vt 0.234843 0.322867
vt 0.234088 0.338253
vt 0.232952 0.338126
vt 0.233290 0.335162
vt 0.235052 0.333138
vt 0.233551 0.332871
vt 0.233683 0.339692
vt 0.232685 0.339587
vt 0.235335 0.318413
vt 0.237871 0.318911
vt 0.224005 0.316192
vt 0.226577 0.316696
vt 0.226964 0.320165
vt 0.224595 0.319813
vt 0.227876 0.337559
vt 0.229028 0.337688
vt 0.229238 0.339225
vt 0.228226 0.339119
vt 0.224869 0.321302
vt 0.227133 0.321657
vt 0.228369 0.331950
vt 0.226847 0.331679
vt 0.228674 0.334605
s 1
usemtl マテリアル
f 58/38/32 54/39/32 50/39/32 56/40/32
f 77/41/33 53/42/33 49/43/33 76/44/33
f 78/45/34 76/44/35 49/43/35 56/40/35
f 54/39/32 60/46/32 59/47/32 50/39/32
f 51/48/36 73/49/36 62/50/36 55/51/36
f 75/52/37 78/45/37 56/40/37 50/39/37
f 57/53/38 63/54/38 73/49/38 51/48/38
f 53/42/32 58/38/32 56/40/32 49/43/32
f 63/54/39 72/55/39 73/49/39
f 61/56/40 66/57/40 72/55/40 63/54/40
f 52/58/41 61/56/42 63/54/42 57/53/43
f 67/57/44 68/59/44 72/55/44
f 67/57/44 72/55/44 66/57/44
f 66/57/44 69/60/44 70/61/44 67/57/44
f 65/62/45 70/61/45 69/60/45 64/63/45
f 68/59/44 74/64/44 72/55/44
f 64/63/46 69/60/46 66/57/46 61/56/46
f 73/49/47 72/55/47 74/64/47 71/65/47
f 60/46/48 80/66/48 79/67/48 59/47/48
f 52/58/41 57/53/43 78/45/49 75/52/49
f 57/53/50 51/48/50 76/44/50 78/45/51
f 55/51/52 77/41/52 76/44/52 51/48/52
f 50/39/53 59/47/53 79/67/53 75/52/53
f 90/68/44 88/69/44 82/70/44 86/70/44
f 109/71/54 108/72/54 81/73/54 85/74/54
f 110/75/55 88/69/56 81/73/56 108/72/57
f 86/70/44 82/70/44 91/76/44 92/77/44
f 83/78/58 87/79/58 94/80/58 105/81/58
f 107/82/59 82/70/59 88/69/59 110/75/59
f 89/83/60 83/78/60 105/81/60 95/84/60
f 85/74/44 81/73/44 88/69/44 90/68/44
f 95/84/61 105/81/61 104/85/61
f 93/86/62 95/84/62 104/85/62 98/87/62
f 84/88/63 89/83/64 95/84/65 93/86/65
f 99/87/32 104/85/32 100/89/32
f 99/87/32 98/87/32 104/85/32
f 98/87/32 99/87/32 102/90/32 101/91/32
f 97/92/66 96/93/66 101/91/66 102/90/66
f 100/89/32 104/85/32 106/94/32
f 96/93/67 93/86/67 98/87/67 101/91/67
f 105/81/68 103/95/68 106/94/68 104/85/68
f 92/77/69 91/76/69 111/96/69 112/97/69
f 84/88/63 107/82/70 110/75/70 89/83/64
f 89/83/71 110/75/72 108/72/71 83/78/71
f 87/79/73 83/78/73 108/72/73 109/71/73
f 82/70/74 107/82/74 111/96/74 91/76/74
f 154/98/75 121/99/76 115/100/77 152/101/78
f 152/101/79 153/102/79 117/103/79 113/104/79
f 115/100/77 121/99/76 127/105/80 136/106/80
f 120/107/44 122/108/44 118/109/44 114/109/44
f 113/104/44 117/103/44 122/108/44 120/107/44
f 151/110/81 142/111/82 154/98/83
f 114/109/44 118/109/44 124/112/44 123/113/44
f 116/114/84 125/115/85 127/105/86
f 151/110/87 114/109/87 123/113/87 155/116/87
f 125/115/88 128/117/88 133/118/88 130/119/88
f 128/117/89 129/120/89 134/121/89 133/118/89
f 139/122/32 132/123/32 138/124/32
f 127/105/90 125/115/90 130/119/90 139/122/90
f 119/125/91 115/100/92 136/106/93 126/126/93
f 139/122/32 131/119/32 132/123/32
f 130/119/32 131/119/32 139/122/32
f 131/119/32 130/119/32 133/118/32 134/121/32
f 136/106/94 127/105/94 139/122/94
f 135/127/95 136/106/95 139/122/95 138/124/95
f 137/106/44 126/126/44 135/127/44
f 126/126/44 136/106/44 135/127/44
f 123/113/96 124/112/96 156/128/96 155/116/96
f 114/109/97 151/110/81 154/98/83 120/107/97
f 115/100/92 119/125/91 153/102/98 152/101/98
f 120/107/99 154/98/75 152/101/78 113/104/99
f 198/129/100 196/130/101 159/131/102 165/132/103
f 196/130/104 157/133/104 161/134/104 197/135/104
f 159/131/102 180/136/105 171/137/105 165/132/103
f 164/138/32 158/139/32 162/139/32 166/140/32
f 157/133/32 164/138/32 166/140/32 161/134/32
f 195/141/106 198/129/107 186/142/108
f 158/139/32 167/143/32 168/144/32 162/139/32
f 185/145/109 193/146/110 171/137/111
f 195/141/112 199/147/112 167/143/112 158/139/112
f 169/148/113 174/149/113 177/150/113 172/151/113
f 172/151/114 177/150/114 178/152/114 173/153/114
f 183/154/44 182/155/44 176/156/44
f 171/137/115 183/154/115 174/149/115 169/148/115
f 163/157/116 170/158/117 180/136/117 159/131/118
f 183/154/44 176/156/44 175/149/44
f 174/149/44 183/154/44 175/149/44
f 175/149/44 178/152/44 177/150/44 174/149/44
f 180/136/119 183/154/119 171/137/119
f 179/159/120 182/155/120 183/154/120 180/136/120
f 181/136/32 179/159/32 170/158/32
f 170/158/32 179/159/32 180/136/32
f 167/143/121 199/147/121 200/160/121 168/144/121
f 158/139/122 164/138/122 198/129/107 195/141/106
f 159/131/118 196/130/123 197/135/123 163/157/116
f 164/138/124 157/133/124 196/130/101 198/129/100
f 209/161/125 208/162/125 214/163/125 211/164/125
f 212/165/126 209/161/126 211/164/126 210/166/126
f 210/166/127 211/164/127 217/167/127 213/168/127
f 211/164/128 214/163/128 215/169/128 217/167/128
f 213/168/129 217/167/129 216/170/129 218/171/129
f 218/171/130 216/170/131 201/172/131 202/173/132
f 228/174/133 227/175/133 221/176/133 219/177/133
f 229/178/134 228/174/134 219/177/134 220/179/134
f 230/180/135 205/181/135 203/182/136 222/183/137
f 227/175/138 230/180/138 222/183/138 221/176/138
f 219/177/139 221/176/139 225/184/140 223/185/141
f 221/176/142 226/186/142 225/184/142
f 222/183/137 203/182/136 204/187/143 226/186/143
f 220/179/144 219/177/144 223/185/145 224/188/144
f 213/168/146 218/171/146 230/180/146 227/175/146
f 218/171/130 202/173/132 205/181/135 230/180/135
f 212/165/147 210/166/147 228/174/147 229/178/147
f 210/166/148 213/168/148 227/175/148 228/174/148
f 235/189/149 234/190/149 233/191/149 231/192/149
f 234/190/150 237/193/150 238/194/150 233/191/150
f 236/195/151 235/189/151 231/192/151 232/196/151
f 237/193/152 207/197/152 206/198/153 238/194/153
f 226/186/154 204/187/154 207/197/152 237/193/152
f 224/188/155 223/185/156 235/189/155 236/195/155
f 225/184/157 226/186/157 237/193/157 234/190/157
f 223/185/141 225/184/140 234/190/158 235/189/158
f 221/176/159 222/183/159 226/186/159
f 239/199/160 240/200/160 238/194/160 206/198/160
f 242/201/161 244/202/161 247/203/161 241/204/161
f 245/205/162 243/206/162 244/202/162 242/201/162
f 243/206/163 246/207/163 250/208/163 244/202/163
f 244/202/164 250/208/164 248/209/164 247/203/164
f 246/207/165 251/210/165 249/211/165 250/208/165
f 251/210/166 202/173/132 201/172/131 249/211/131
f 261/212/167 252/213/167 254/214/167 260/215/167
f 262/216/168 253/217/168 252/213/168 261/212/168
f 263/218/135 255/219/137 203/182/136 205/181/135
f 260/215/169 254/214/169 255/219/169 263/218/169
f 252/213/170 256/220/171 258/221/172 254/214/170
f 254/214/173 258/221/173 259/222/173
f 255/219/137 259/222/143 204/187/143 203/182/136
f 253/217/174 257/223/174 256/220/175 252/213/174
f 246/207/176 260/215/176 263/218/176 251/210/176
f 251/210/166 263/218/135 205/181/135 202/173/132
f 245/205/177 262/216/177 261/212/177 243/206/177
f 243/206/178 261/212/178 260/215/178 246/207/178
f 268/224/179 264/225/179 266/226/179 267/227/179
f 267/227/180 266/226/180 271/228/180 270/229/180
f 269/230/181 265/231/181 264/225/181 268/224/181
f 270/229/152 271/228/153 206/198/153 207/197/152
f 259/222/154 270/229/152 207/197/152 204/187/154
f 257/223/182 269/230/182 268/224/182 256/220/183
f 258/221/184 267/227/184 270/229/184 259/222/184
f 256/220/171 268/224/185 267/227/185 258/221/172
f 254/214/186 259/222/186 255/219/186
f 239/199/160 206/198/160 271/228/160 272/232/160
f 276/233/187 275/234/187 278/235/187 281/236/187
f 275/234/188 274/237/188 277/238/188 278/235/188
f 274/237/189 273/239/189 282/240/189 277/238/189
f 280/241/190 279/242/190 283/243/190 284/244/190
f 281/236/191 278/235/191 285/245/191
f 279/242/192 281/236/192 285/245/192 283/243/192
f 284/244/190 283/243/190 286/246/190 287/247/190
f 283/243/192 285/245/192 288/248/192 286/246/192
f 287/247/190 286/246/190 289/249/190 290/250/190
f 286/246/192 288/248/192 291/251/192 289/249/192
f 289/249/193 294/252/193 292/253/193
f 290/250/194 289/249/194 292/253/194 293/254/194
f 292/253/195 294/252/195 297/255/195 295/256/195
f 293/254/196 292/253/196 295/256/196 296/257/196
f 295/256/197 297/255/197 300/258/197 298/259/197
f 296/257/198 295/256/198 298/259/198 299/260/198
f 298/259/199 300/258/199 303/261/199 301/262/199
f 299/260/200 298/259/200 301/262/200 302/263/200
f 301/262/201 303/261/201 306/264/201 304/265/201
f 302/263/202 301/262/202 304/265/202 305/266/202
f 289/249/203 291/251/203 294/252/203
f 308/267/204 343/268/204 311/269/204 310/270/204
f 309/271/205 343/268/205 344/272/205 313/273/205
f 309/271/206 313/273/206 316/274/206 314/275/206
f 311/269/207 309/271/207 314/275/207 315/276/207
f 329/277/208 322/278/208 320/279/208 330/280/208
f 315/276/209 314/275/209 318/281/209 319/282/209
f 314/275/210 316/274/210 317/283/210 318/281/210
f 320/279/211 322/278/211 325/284/211 323/285/211
f 321/286/212 320/279/212 323/285/212 324/287/212
f 323/285/213 325/284/213 328/288/213 326/289/213
f 324/287/214 323/285/214 326/289/214 327/290/214
f 319/282/215 318/281/215 330/280/215 331/291/215
f 318/281/216 317/283/216 329/277/216 330/280/216
f 311/269/217 334/292/217 332/293/217 310/270/217
f 367/294/218 351/295/218 354/296/218 371/297/218
f 324/287/219 338/298/219 337/299/219 321/286/219
f 315/276/220 333/300/220 334/292/220 311/269/220
f 331/291/221 340/301/221 336/302/221 319/282/221
f 327/290/222 339/303/222 338/298/222 324/287/222
f 319/282/223 336/302/223 333/300/223 315/276/223
f 334/292/224 335/304/224 332/293/224
f 332/293/225 335/304/225 342/304/225 341/293/225
f 311/269/226 343/268/226 309/271/226
f 344/272/227 343/268/227 308/267/227 312/305/227
f 332/293/44 307/306/44 310/270/44
f 321/286/228 337/299/228 340/301/228 331/291/228
f 326/289/229 328/288/229 346/307/229 345/308/229
f 365/309/230 364/310/230 347/311/230 348/312/230
f 367/294/231 366/313/231 352/314/231 351/295/231
f 370/315/232 369/316/232 349/317/232 355/318/232
f 366/313/233 368/319/233 353/320/233 352/314/233
f 351/295/234 359/321/234 362/322/234 354/296/234
f 372/323/235 371/297/235 354/296/235 350/324/235
f 369/316/236 365/309/236 348/312/236 349/317/236
f 364/310/237 372/323/237 350/324/237 347/311/237
f 350/324/238 354/296/238 362/322/238 358/325/238
f 349/317/239 348/312/239 357/326/239 363/245/239
f 347/311/240 350/324/240 358/325/240 356/327/240
f 348/312/241 347/311/241 356/327/241 357/326/241
f 351/295/242 352/314/242 360/328/242 359/321/242
f 352/314/243 353/320/243 361/329/243 360/328/243
f 340/301/244 337/299/244 367/294/244 371/297/244
f 355/318/245 349/317/245 363/245/245
f 333/300/246 336/302/246 372/323/246 364/310/246
f 335/304/247 334/292/247 365/309/247 369/316/247
f 336/302/248 340/301/248 371/297/248 372/323/248
f 338/298/249 339/303/249 368/319/249 366/313/249
f 342/304/250 335/304/250 369/316/250 370/315/250
f 337/299/251 338/298/251 366/313/251 367/294/251
f 334/292/252 333/300/252 364/310/252 365/309/252
f 320/279/253 321/286/253 331/291/253 330/280/253
f 381/330/254 380/251/254 388/248/254
f 383/331/255 382/332/255 378/333/255 377/334/255
f 385/335/256 384/336/256 375/337/256 373/338/256
f 387/339/257 386/340/258 376/341/259 379/342/259
f 381/330/260 385/335/260 374/343/260
f 384/336/261 387/339/261 379/342/261 375/337/261
f 386/340/262 383/331/262 377/334/262 376/341/262
f 359/321/263 360/328/263 383/331/263 386/340/263
f 358/325/264 362/322/264 387/339/264 384/336/264
f 357/326/265 356/327/265 385/335/265 381/330/265
f 362/322/266 359/321/266 386/340/258 387/339/257
f 356/327/267 358/325/267 384/336/267 385/335/267
f 360/328/268 361/329/268 382/332/268 383/331/268
f 363/245/269 357/326/269 381/330/269 388/248/269
f 381/330/270 374/343/270 380/251/270
f 390/252/271 380/251/271 374/343/271
f 374/343/272 389/344/272 390/252/272
f 390/252/273 389/344/273 392/345/273 393/255/273
f 394/346/274 399/347/274 396/347/274 391/346/274
f 393/255/275 392/345/275 397/348/275 398/258/275
f 395/349/276 391/346/276 396/347/276 400/350/276
f 392/345/277 395/349/277 400/350/277 397/348/277
f 399/347/278 404/351/278 401/351/278 396/347/278
f 398/258/279 397/348/279 402/352/279 403/261/279
f 400/350/280 396/347/280 401/351/280 405/353/280
f 397/348/281 400/350/281 405/353/281 402/352/281
f 402/352/282 405/353/282 410/354/282 407/355/282
f 404/351/283 409/356/283 406/356/283 401/351/283
f 403/261/284 402/352/284 407/355/284 408/264/284
f 405/353/285 401/351/285 406/356/285 410/354/285
f 374/343/286 385/335/286 373/338/286
f 404/351/283 411/351/283 412/356/283 409/356/283
f 425/357/287 429/358/287 427/359/287 424/360/287
f 424/360/288 427/359/288 426/361/288 423/362/288
f 423/362/289 426/361/289 430/363/289 422/364/289
f 413/365/290 414/366/290 431/367/290 428/368/290
f 429/358/291 432/369/291 427/359/291
f 428/368/292 431/367/292 432/369/292 429/358/292
f 414/366/290 415/370/290 433/371/290 431/367/290
f 431/367/292 433/371/292 434/372/292 432/369/292
f 415/370/290 416/373/290 435/374/290 433/371/290
f 433/371/292 435/374/292 436/375/292 434/372/292
f 435/374/293 437/376/293 438/377/293
f 416/373/294 417/378/294 437/376/294 435/374/294
f 437/376/295 439/379/295 440/380/295 438/377/295
f 417/378/296 418/381/296 439/379/296 437/376/296
f 439/379/297 441/382/297 442/383/297 440/380/297
f 418/381/298 419/384/298 441/382/298 439/379/298
f 441/382/299 443/385/299 444/386/299 442/383/299
f 419/384/300 420/387/300 443/385/300 441/382/300
f 443/385/301 445/388/301 446/389/301 444/386/301
f 420/387/302 421/390/302 445/388/302 443/385/302
f 435/374/303 438/377/303 436/375/303
f 451/391/304 453/392/304 454/393/304 486/394/304
f 452/395/305 456/396/305 487/397/305 486/394/305
f 452/395/306 457/398/306 459/399/306 456/396/306
f 454/393/307 458/400/307 457/398/307 452/395/307
f 472/401/308 473/402/308 463/403/308 465/404/308
f 458/400/309 462/405/309 461/406/309 457/398/309
f 457/398/310 461/406/310 460/407/310 459/399/310
f 463/403/311 466/408/311 468/409/311 465/404/311
f 464/410/312 467/411/312 466/408/312 463/403/312
f 466/408/313 469/412/313 471/413/313 468/409/313
f 467/411/314 470/414/314 469/412/314 466/408/314
f 462/405/315 474/415/315 473/402/315 461/406/315
f 461/406/316 473/402/316 472/401/316 460/407/316
f 454/393/317 453/392/317 475/416/317 477/417/317
f 510/418/318 514/419/318 497/420/318 494/421/318
f 467/411/319 464/410/319 480/422/319 481/423/319
f 458/400/320 454/393/320 477/417/320 476/424/320
f 474/415/321 462/405/321 479/425/321 483/426/321
f 470/414/322 467/411/322 481/423/322 482/427/322
f 462/405/323 458/400/323 476/424/323 479/425/323
f 477/417/324 475/416/324 478/428/324
f 475/416/225 484/416/225 485/428/225 478/428/225
f 454/393/325 452/395/325 486/394/325
f 487/397/326 455/429/326 451/391/326 486/394/326
f 475/416/32 453/392/32 450/430/32
f 464/410/327 474/415/327 483/426/327 480/422/327
f 469/412/328 488/431/328 489/432/328 471/413/328
f 508/433/329 491/434/329 490/435/329 507/436/329
f 510/418/330 494/421/330 495/437/330 509/438/330
f 513/439/331 498/440/331 492/441/331 512/442/331
f 509/438/332 495/437/332 496/443/332 511/444/332
f 494/421/333 497/420/333 505/445/333 502/446/333
f 515/447/334 493/448/334 497/420/334 514/419/334
f 512/442/335 492/441/335 491/434/335 508/433/335
f 507/436/336 490/435/336 493/448/336 515/447/336
f 493/448/337 501/449/337 505/445/337 497/420/337
f 492/441/338 506/369/338 500/450/338 491/434/338
f 490/435/339 499/451/339 501/449/339 493/448/339
f 491/434/340 500/450/340 499/451/340 490/435/340
f 494/421/341 502/446/341 503/452/341 495/437/341
f 495/437/342 503/452/342 504/453/342 496/443/342
f 483/426/343 514/419/343 510/418/343 480/422/343
f 498/440/344 506/369/344 492/441/344
f 476/424/345 507/436/345 515/447/345 479/425/345
f 478/428/346 512/442/346 508/433/346 477/417/346
f 479/425/347 515/447/347 514/419/347 483/426/347
f 481/423/348 509/438/348 511/444/348 482/427/348
f 485/428/349 513/439/349 512/442/349 478/428/349
f 480/422/350 510/418/350 509/438/350 481/423/350
f 477/417/351 508/433/351 507/436/351 476/424/351
f 463/403/352 473/402/352 474/415/352 464/410/352
f 524/454/353 531/372/353 523/375/353
f 526/455/354 520/456/354 521/457/354 525/458/354
f 528/459/355 516/460/355 518/461/355 527/462/355
f 530/463/356 522/464/357 519/465/357 529/466/358
f 524/454/359 517/467/359 528/459/359
f 527/462/360 518/461/360 522/464/360 530/463/360
f 529/466/361 519/465/361 520/456/361 526/455/361
f 502/446/362 529/466/362 526/455/362 503/452/362
f 501/449/363 527/462/363 530/463/363 505/445/363
f 500/450/364 524/454/364 528/459/364 499/451/364
f 505/445/365 530/463/356 529/466/358 502/446/365
f 499/451/366 528/459/366 527/462/366 501/449/366
f 503/452/367 526/455/367 525/458/367 504/453/367
f 506/369/368 531/372/368 524/454/368 500/450/368
f 524/454/369 523/375/369 517/467/369
f 533/377/370 517/467/370 523/375/370
f 517/467/371 533/377/371 532/468/371
f 533/377/372 536/380/372 535/469/372 532/468/372
f 447/470/274 534/470/274 538/471/274 448/471/274
f 536/380/373 540/383/373 539/472/373 535/469/373
f 537/473/374 541/474/374 538/471/374 534/470/374
f 535/469/375 539/472/375 541/474/375 537/473/375
f 448/471/278 538/471/278 542/475/278 449/475/278
f 540/383/376 544/386/376 543/476/376 539/472/376
f 541/474/377 545/477/377 542/475/377 538/471/377
f 539/472/378 543/476/378 545/477/378 541/474/378
f 543/476/379 547/478/379 549/479/379 545/477/379
f 544/386/380 548/389/380 547/478/380 543/476/380
f 545/477/381 549/479/381 546/480/381 542/475/381
f 517/467/382 516/460/382 528/459/382
f 550/481/44 551/482/44 553/483/44 552/484/44
f 552/484/383 553/483/383 557/485/383 556/486/383
f 556/486/32 557/485/32 555/487/32 554/488/32
f 554/488/384 555/487/384 551/482/384 550/481/384
f 552/484/160 556/486/160 554/488/160 550/481/160
f 557/485/385 553/483/385 551/482/385 555/487/385
f 562/489/386 563/489/386 558/490/386 559/490/386
f 559/490/387 558/490/387 560/491/387 561/491/387
f 561/491/388 560/491/388 564/492/388 565/492/388
f 565/492/389 564/492/389 566/493/389 567/494/389
f 569/495/390 568/496/390 570/497/390 571/498/390
f 572/499/391 574/500/391 575/501/391 573/502/391
f 577/503/392 576/504/392 579/505/392 578/506/392
f 576/504/393 574/500/393 579/505/393
f 570/497/394 568/496/394 572/499/394
f 579/505/395 574/500/395 572/499/395 568/496/395
f 582/507/396 584/505/396 583/496/396
f 585/494/397 584/505/397 580/490/397
f 590/489/386 587/490/386 586/490/386 591/489/386
f 587/490/387 589/491/387 588/491/387 586/490/387
f 589/491/388 593/492/388 592/492/388 588/491/388
f 593/492/398 595/494/398 594/493/398 592/492/398
f 597/495/399 599/498/399 598/497/399 596/496/399
f 600/499/400 601/502/400 603/501/400 602/500/400
f 605/503/401 606/506/401 607/505/401 604/504/401
f 604/504/402 607/505/402 602/500/402
f 598/497/403 600/499/403 596/496/403
f 607/505/404 596/496/404 600/499/404 602/500/404
f 612/505/405 608/490/406 610/507/407
f 613/494/408 608/490/406 612/505/405
f 616/508/409 615/509/409 617/510/409 618/510/409
f 620/511/410 624/512/410 622/513/410 618/510/410
f 622/513/411 624/512/411 623/512/411 621/514/411
f 619/511/412 623/512/412 624/512/412 620/511/412
f 622/513/413 621/514/413 625/515/413 626/516/413
f 616/508/414 618/510/414 614/517/414
f 619/511/385 620/511/385 618/510/385 617/510/385
f 626/516/415 627/518/415 622/513/415
f 614/517/416 618/510/416 622/513/416 627/518/416
f 630/519/417 629/520/417 628/521/417
f 642/522/418 645/523/418 640/524/418
f 652/525/419 661/526/419 658/527/419 649/528/419
f 648/529/420 647/530/420 656/531/420 657/532/420
f 651/533/421 650/534/421 659/535/421 660/536/421
f 646/537/422 653/538/422 662/539/422 655/540/422
f 653/538/423 654/541/423 663/542/423 662/539/423
f 652/525/424 648/529/424 657/532/424 661/526/424
f 650/534/425 649/528/425 658/527/425 659/535/425
f 647/530/426 646/537/426 655/540/426 656/531/426
f 651/533/427 660/536/427 663/542/427 664/543/427
f 671/525/428 668/528/428 677/527/428 680/526/428
f 667/529/429 676/532/429 675/531/429 666/530/429
f 670/533/430 679/536/430 678/535/430 669/534/430
f 665/537/431 674/540/431 681/539/431 672/538/431
f 672/538/432 681/539/432 682/542/432 673/541/432
f 671/525/433 680/526/433 676/532/433 667/529/433
f 669/534/434 678/535/434 677/527/434 668/528/434
f 666/530/435 675/531/435 674/540/435 665/537/435
f 670/533/436 683/543/436 682/542/436 679/536/436
f 685/544/32 706/545/32 687/546/32
f 1597/547/437 685/544/437 687/546/437 1598/548/437
f 1603/549/438 1604/550/438 690/551/438 689/552/438
f 1605/553/439 694/554/439 691/555/439 1602/556/439
f 1607/557/440 1600/558/440 694/554/440 1605/553/440
f 691/555/441 694/554/441 693/559/442 686/560/443
f 686/560/443 693/559/442 698/561/444 696/562/444
f 686/560/445 696/562/445 701/563/445 699/560/445
f 692/564/385 1602/556/385 691/555/385 700/555/385
f 691/555/446 686/560/446 699/560/446 700/555/446
f 696/562/447 698/561/447 703/565/447 701/563/447
f 704/566/32 706/545/32 688/567/32 697/568/32
f 706/545/32 685/544/32 684/569/32 688/567/32
f 705/570/448 704/566/448 697/568/448 702/571/448
f 718/572/44 720/573/44 729/574/44
f 1612/575/449 1613/576/449 720/573/449 718/572/449
f 1614/577/450 707/578/450 708/579/450 1615/580/450
f 1617/581/451 1616/582/451 722/583/451 724/584/451
f 1618/585/452 1617/581/453 724/584/454 1609/586/454
f 722/583/455 719/587/455 723/588/455 724/584/455
f 719/587/456 725/589/456 727/590/456 723/588/456
f 719/587/457 711/587/457 713/591/457 725/589/457
f 709/592/385 712/583/385 722/583/385 1616/582/385
f 722/583/446 712/583/446 711/587/446 719/587/446
f 725/589/458 713/591/458 715/593/458 727/590/458
f 728/594/44 726/595/44 721/596/44 729/574/44
f 729/574/44 721/596/44 717/597/44 718/572/44
f 716/598/459 714/599/459 726/595/459 728/594/459
f 730/600/44 731/601/44 736/602/44 737/603/44
f 734/601/32 735/600/32 732/603/32 733/602/32
f 738/604/460 741/604/460 730/600/460 735/600/460
f 744/605/32 745/606/32 738/604/32 739/607/32
f 731/601/385 734/601/385 733/602/385 736/602/385
f 737/603/461 736/602/461 733/602/461 732/603/461
f 741/604/462 740/607/462 731/601/462 730/600/462
f 745/606/160 742/606/160 741/604/160 738/604/160
f 735/600/160 730/600/160 737/603/160 732/603/160
f 742/606/44 743/605/44 740/607/44 741/604/44
f 744/605/463 743/605/463 747/608/463 748/608/463
f 740/607/464 739/607/464 734/601/464 731/601/464
f 743/605/385 744/605/385 739/607/385 740/607/385
f 739/607/465 738/604/465 735/600/465 734/601/465
f 746/609/160 749/609/160 753/610/160 750/610/160
f 745/606/466 744/605/466 748/608/466 749/609/466
f 742/606/467 745/606/467 749/609/467 746/609/467
f 743/605/468 742/606/468 746/609/468 747/608/468
f 753/610/388 752/611/388 751/611/388 750/610/388
f 747/608/44 746/609/44 750/610/44 751/611/44
f 748/608/385 747/608/385 751/611/385 752/611/385
f 749/609/32 748/608/32 752/611/32 753/610/32
f 764/612/469 763/613/469 757/614/469
f 778/615/470 818/616/470 819/617/470 777/618/470
f 783/619/471 798/620/471 799/621/471 782/622/471
f 785/623/472 807/624/472 806/625/472 784/626/472
f 782/627/473 799/628/473 800/629/473 786/630/473
f 787/631/474 808/632/474 807/633/474 785/634/474
f 789/635/475 801/636/475 802/637/475 788/638/475
f 790/639/476 809/640/476 808/641/476 787/642/476
f 791/643/477 797/644/477 801/645/477 789/646/477
f 793/647/478 805/648/478 803/649/478 792/650/478
f 788/651/479 802/652/479 798/653/479 783/654/479
f 786/655/480 800/656/480 809/657/480 790/658/480
f 792/659/481 803/660/481 796/661/481 794/662/481
f 795/663/482 804/664/482 805/665/482 793/666/482
f 794/667/483 796/668/483 797/669/483 791/670/483
f 784/671/484 806/672/484 804/673/484 795/674/484
f 765/675/485 784/671/485 795/674/485 764/676/485
f 754/677/486 794/667/486 791/670/486 759/678/486
f 764/612/487 795/663/487 793/666/487 763/613/487
f 760/679/488 792/659/488 794/662/488 754/680/488
f 755/681/489 786/655/489 790/658/489 762/682/489
f 757/614/490 788/651/490 783/654/490 761/683/490
f 763/684/491 793/647/491 792/650/491 760/685/491
f 759/686/492 791/643/492 789/646/492 758/687/492
f 762/688/493 790/639/493 787/642/493 767/689/493
f 758/690/494 789/635/494 788/638/494 757/691/494
f 767/692/495 787/631/495 785/634/495 766/693/495
f 756/694/496 782/627/496 786/630/496 755/695/496
f 766/696/497 785/623/497 784/626/497 765/697/497
f 761/698/498 783/619/498 782/622/498 756/699/498
f 773/700/499 797/669/499 796/668/499 768/701/499
f 770/702/500 799/621/500 798/620/500 775/703/500
f 769/704/501 800/629/501 799/628/501 770/705/501
f 771/706/502 802/637/502 801/636/502 772/707/502
f 772/708/503 801/645/503 797/644/503 773/709/503
f 775/710/504 798/653/504 802/652/504 771/711/504
f 768/712/505 796/661/505 803/660/505 774/713/505
f 777/618/506 805/665/506 804/664/506 778/615/506
f 778/714/507 804/673/507 806/672/507 779/715/507
f 779/716/508 806/625/508 807/624/508 780/717/508
f 780/718/509 807/633/509 808/632/509 781/719/509
f 781/720/510 808/641/510 809/640/510 776/721/510
f 774/722/511 803/649/511 805/648/511 777/723/511
f 776/724/512 809/657/512 800/656/512 769/725/512
f 816/726/513 815/727/513 818/728/513
f 768/712/514 810/729/514 811/730/514 773/709/514
f 779/716/515 820/731/515 818/616/515 778/615/515
f 775/710/516 812/732/516 813/733/516 770/705/516
f 780/717/517 821/734/517 820/731/517 779/716/517
f 770/705/518 813/733/518 814/735/518 769/704/518
f 781/720/519 822/736/519 821/734/519 780/717/519
f 772/708/520 815/737/520 816/738/520 771/711/520
f 776/721/521 823/739/521 822/736/521 781/720/521
f 773/709/522 811/730/522 815/737/522 772/708/522
f 777/618/523 819/617/523 817/740/523 774/713/523
f 771/711/524 816/738/524 812/732/524 775/710/524
f 769/704/525 814/735/525 823/739/525 776/721/525
f 774/713/526 817/740/526 810/729/526 768/712/526
f 827/614/469 828/687/469 834/612/469
f 848/615/527 847/618/527 889/617/527 888/616/527
f 853/619/472 852/622/472 869/621/472 868/620/472
f 855/623/471 854/626/471 876/625/471 877/624/471
f 852/627/474 856/630/474 870/629/474 869/628/474
f 857/631/473 855/634/473 877/633/473 878/632/473
f 859/635/482 858/638/482 872/637/482 871/636/482
f 860/639/480 857/642/480 878/641/480 879/640/480
f 861/643/478 859/646/478 871/645/478 867/644/478
f 863/647/477 862/650/477 873/649/477 875/648/477
f 858/651/484 853/654/484 868/653/484 872/652/484
f 856/655/476 860/658/476 879/657/476 870/656/476
f 862/659/483 864/662/483 866/661/483 873/660/483
f 865/663/475 863/666/475 875/665/475 874/664/475
f 864/667/481 861/670/481 867/669/481 866/668/481
f 854/671/479 865/674/479 874/673/479 876/672/479
f 835/675/490 834/676/490 865/674/490 854/671/490
f 824/677/488 829/678/488 861/670/488 864/667/488
f 834/612/494 833/613/494 863/666/494 865/663/494
f 830/679/486 824/680/486 864/662/486 862/659/486
f 825/681/493 832/682/493 860/658/493 856/655/493
f 827/614/485 831/683/485 853/654/485 858/651/485
f 833/684/492 830/685/492 862/650/492 863/647/492
f 829/686/491 828/687/491 859/646/491 861/643/491
f 832/688/489 837/689/489 857/642/489 860/639/489
f 828/690/487 827/691/487 858/638/487 859/635/487
f 837/692/496 836/693/496 855/634/496 857/631/496
f 826/694/495 825/695/495 856/630/495 852/627/495
f 836/696/498 835/697/498 854/626/498 855/623/498
f 831/698/497 826/699/497 852/622/497 853/619/497
f 843/700/505 838/701/505 866/668/505 867/669/505
f 840/702/508 845/703/508 868/620/508 869/621/508
f 839/704/509 840/705/509 869/628/509 870/629/509
f 841/706/506 842/707/506 871/636/506 872/637/506
f 842/708/528 843/709/528 867/644/528 871/645/528
f 845/710/507 841/711/507 872/652/507 868/653/507
f 838/712/499 844/713/499 873/660/499 866/661/499
f 847/618/502 848/615/502 874/664/502 875/665/502
f 848/714/504 849/715/504 876/672/504 874/673/504
f 849/716/500 850/717/500 877/624/500 876/625/500
f 850/718/501 851/719/501 878/632/501 877/633/501
f 851/720/512 846/721/512 879/640/512 878/641/512
f 844/722/529 847/723/529 875/648/529 873/649/529
f 846/724/510 839/725/510 870/656/510 879/657/510
f 888/728/513 889/741/513 886/726/513
f 838/712/530 843/709/530 881/730/530 880/729/530
f 849/716/531 848/615/531 888/616/531 890/731/531
f 845/710/532 840/705/532 883/733/532 882/732/532
f 850/717/533 849/716/533 890/731/533 891/734/533
f 840/705/534 839/704/534 884/735/534 883/733/534
f 851/720/535 850/717/535 891/734/535 892/736/535
f 842/708/536 841/711/536 886/738/536 885/737/536
f 846/721/537 851/720/537 892/736/537 893/739/537
f 843/709/538 842/708/538 885/737/538 881/730/538
f 847/618/539 844/713/539 887/740/539 889/617/539
f 841/711/540 845/710/540 882/732/540 886/738/540
f 839/704/541 846/721/541 893/739/541 884/735/541
f 844/713/542 838/712/542 880/729/542 887/740/542
f 896/468/543 894/460/543 895/467/543
f 899/344/544 898/343/544 897/338/544
f 921/742/545 920/743/545 903/744/545 902/745/545
f 912/746/546 913/747/546 904/748/547 905/749/548
f 923/750/549 925/751/549 924/752/549 922/753/549
f 914/754/550 911/755/550 910/756/550 915/757/550
f 903/744/551 909/758/551 908/759/551 902/745/551
f 913/747/552 915/757/552 910/756/552 904/748/552
f 920/743/32 922/753/32 909/758/32 903/744/32
f 901/760/32 917/761/32 919/762/32 907/763/32
f 901/760/553 907/763/553 915/757/553 913/747/553
f 906/764/554 914/754/554 915/757/554 907/763/554
f 900/765/546 901/760/546 913/747/546 912/746/546
f 916/766/555 918/767/555 919/762/555 917/761/555
f 900/765/546 916/766/546 917/761/546 901/760/546
f 907/763/556 919/762/556 918/767/556 906/764/556
f 928/768/557 929/769/557 922/753/557 920/743/557
f 927/770/558 923/750/558 922/753/558 929/769/558
f 926/771/559 928/768/559 920/743/545 921/742/545
f 925/751/560 908/759/560 909/758/560 924/752/560
f 922/753/32 924/752/32 909/758/32
f 905/749/548 904/748/547 928/768/559 926/771/559
f 911/755/554 927/770/558 929/769/558 910/756/554
f 904/748/32 910/756/32 929/769/32 928/768/32
f 921/742/545 902/745/545 931/744/545 940/743/545
f 912/746/546 905/749/548 932/748/561 936/747/546
f 923/750/549 941/753/549 942/752/549 925/751/549
f 914/754/550 937/757/550 935/756/550 911/755/550
f 931/744/551 902/745/551 908/759/551 934/758/551
f 936/747/562 932/748/562 935/756/562 937/757/562
f 940/743/44 931/744/44 934/758/44 941/753/44
f 930/760/44 933/763/44 939/762/44 938/761/44
f 930/760/563 936/747/563 937/757/563 933/763/563
f 906/764/554 933/763/554 937/757/554 914/754/554
f 900/765/546 912/746/546 936/747/546 930/760/546
f 916/766/555 938/761/555 939/762/555 918/767/555
f 900/765/546 930/760/546 938/761/546 916/766/546
f 933/763/556 906/764/556 918/767/556 939/762/556
f 943/768/564 940/743/564 941/753/564 944/769/564
f 927/770/558 944/769/558 941/753/558 923/750/558
f 926/771/559 921/742/545 940/743/545 943/768/559
f 925/751/560 942/752/560 934/758/560 908/759/560
f 941/753/44 934/758/44 942/752/44
f 905/749/548 926/771/559 943/768/559 932/748/561
f 911/755/554 935/756/554 944/769/558 927/770/558
f 932/748/44 943/768/44 944/769/44 935/756/44
f 945/338/565 949/772/565 947/344/565
f 952/337/566 946/773/566 951/338/566
f 953/342/567 946/773/567 952/337/567
f 955/341/568 946/773/568 953/342/568
f 955/341/569 963/774/569 946/773/569
f 961/775/570 955/341/570 954/334/570
f 947/344/571 949/772/571 959/349/571 957/345/571
f 948/773/572 958/346/572 956/346/572 946/773/572
f 949/772/573 946/773/573 956/346/573 959/349/573
f 945/338/574 950/776/574 949/772/574
f 946/773/575 949/772/575 951/338/575
f 950/776/576 951/338/576 949/772/576
f 948/773/577 946/773/577 963/774/577 962/774/577
f 963/774/461 961/775/461 960/775/461 962/774/461
f 961/775/578 963/774/578 955/341/578
f 968/460/579 970/468/579 971/777/579
f 974/461/580 973/460/580 969/778/580
f 975/464/581 974/461/581 969/778/581
f 977/465/582 975/464/582 969/778/582
f 977/465/583 969/778/583 982/779/583
f 981/780/584 976/456/584 977/465/584
f 970/468/585 979/469/585 980/473/585 971/777/585
f 964/778/572 969/778/572 978/470/572 965/470/572
f 971/777/586 980/473/586 978/470/586 969/778/586
f 968/460/587 971/777/587 972/781/587
f 969/778/588 973/460/588 971/777/588
f 972/781/589 971/777/589 973/460/589
f 964/778/577 967/779/577 982/779/577 969/778/577
f 982/779/461 967/779/461 966/780/461 981/780/461
f 981/780/590 977/465/590 982/779/590
f 985/782/591 987/783/591 986/783/591 984/784/591
f 989/785/592 987/783/592 991/786/592 993/787/592
f 991/786/593 990/788/593 992/787/593 993/787/593
f 988/785/412 989/785/412 993/787/412 992/787/412
f 991/786/594 995/789/594 994/790/594 990/788/594
f 985/782/595 983/791/595 987/783/595
f 988/785/385 986/783/385 987/783/385 989/785/385
f 995/789/596 991/786/596 996/792/596
f 983/791/597 996/792/597 991/786/597 987/783/597
f 999/793/598 998/794/598 997/795/598
f 1004/368/599 1006/796/599 1008/797/599
f 1006/796/600 1004/368/600 1005/798/600
f 1011/799/601 1010/800/601 1007/801/601 1006/796/601
f 1010/800/602 1003/802/602 1001/803/602 1007/801/602
f 1006/796/603 1007/801/603 1009/804/603 1008/797/603
f 1007/801/604 1001/803/604 1002/805/604 1009/804/604
f 1009/804/605 1000/365/605 1008/797/605
f 1009/804/606 1002/805/606 1000/365/606
f 1004/368/607 1008/797/607 1000/365/607
f 1011/799/608 1006/796/609 1014/806/609
f 1014/806/609 1006/796/609 1013/807/609
f 1013/807/610 1006/796/610 1005/798/610 1012/808/610
f 1016/809/611 1015/810/612 1022/811/612 1023/812/611
f 1024/813/160 1018/814/160 1017/815/160
f 1021/816/613 1026/817/613 1022/811/612 1015/810/612
f 1019/818/614 1025/819/614 1026/817/614
f 1032/820/615 1043/820/615 1044/821/615 1033/821/615
f 1028/822/616 1039/822/616 1048/823/617 1037/824/617
f 1029/825/461 1040/826/461 1041/827/461 1030/827/461
f 1035/828/618 1046/828/618 1040/826/618 1029/825/618
f 1033/821/619 1044/821/619 1038/829/620 1027/829/620
f 1030/827/621 1041/827/621 1042/830/621 1031/830/621
f 1027/829/620 1038/829/620 1047/831/622 1036/831/622
f 1037/824/617 1048/823/617 1045/832/623 1034/833/623
f 1031/830/624 1042/830/624 1043/820/624 1032/820/624
f 1036/831/625 1047/831/625 1039/822/625 1028/822/625
f 1034/833/626 1045/832/626 1046/828/626 1035/828/626
f 1048/823/627 1038/829/627 1044/821/627
f 1054/820/628 1055/821/628 1066/821/628 1065/820/628
f 1050/822/629 1059/824/630 1070/823/630 1061/822/629
f 1051/825/461 1052/827/461 1063/827/461 1062/826/461
f 1057/828/631 1051/825/631 1062/826/631 1068/828/631
f 1055/821/632 1049/829/633 1060/829/633 1066/821/632
f 1052/827/634 1053/830/634 1064/830/634 1063/827/634
f 1049/829/633 1058/831/635 1069/831/635 1060/829/633
f 1059/824/630 1056/833/636 1067/832/636 1070/823/630
f 1053/830/637 1054/820/637 1065/820/637 1064/830/637
f 1058/831/638 1050/822/638 1061/822/638 1069/831/638
f 1056/833/639 1057/828/639 1068/828/639 1067/832/639
f 1066/821/640 1060/829/640 1070/823/640
f 1073/264/461 1072/355/461 1074/356/461
f 1074/480/461 1078/480/461 1079/478/461
f 151/110/81 116/114/84 150/834/641
f 116/114/84 141/835/642 150/834/641
f 146/836/643 140/837/644 121/99/645
f 143/838/646 144/839/646 121/99/645
f 144/839/646 145/840/647 121/99/645
f 145/840/647 146/836/643 121/99/645
f 151/110/81 150/834/641 147/841/647
f 151/110/81 147/841/647 148/842/648
f 121/99/645 154/98/83 143/838/646
f 151/110/81 148/842/648 142/111/82
f 142/111/82 143/838/646 154/98/83
f 127/105/86 121/99/645 149/843/649
f 121/99/645 140/837/644 149/843/649
f 149/843/649 141/835/642 127/105/86
f 141/835/642 116/114/84 127/105/86
f 165/132/650 184/844/651 190/845/652
f 189/846/653 188/847/654 165/132/650
f 188/847/654 187/848/654 165/132/650
f 165/132/650 190/845/652 189/846/653
f 185/145/109 160/849/655 194/850/656
f 160/849/655 195/141/657 194/850/656
f 191/851/653 194/850/658 195/141/106
f 198/129/107 165/132/650 187/848/654
f 192/852/659 191/851/653 195/141/106
f 198/129/107 187/848/654 186/142/108
f 186/142/108 192/852/659 195/141/106
f 184/844/651 165/132/650 193/146/110
f 165/132/650 171/137/111 193/146/110
f 171/137/111 169/148/660 160/849/655
f 160/849/655 185/145/109 171/137/111
f 583/496/661 581/853/661 582/507/661
f 582/507/662 580/490/662 584/505/662
f 610/507/663 609/853/663 611/496/663
f 611/496/664 612/505/664 610/507/664
f 628/521/665 635/854/666 634/855/667
f 635/854/666 636/523/668 634/855/667
f 636/523/669 633/522/669 631/524/669
f 633/522/670 632/856/670 631/524/670
f 631/524/671 634/855/671 636/523/671
f 634/855/672 630/519/672 628/521/672
f 645/523/673 644/854/674 643/855/675
f 644/854/674 637/521/676 643/855/675
f 637/521/677 638/520/677 639/519/677
f 639/519/678 643/855/678 637/521/678
f 643/855/679 640/524/679 645/523/679
f 640/524/680 641/856/680 642/522/680
f 760/679/469 754/680/469 759/686/469
f 759/686/469 758/687/469 760/679/469
f 758/687/469 757/614/469 763/613/469
f 760/679/469 758/687/469 763/613/469
f 757/614/469 761/683/469 765/697/469
f 761/683/469 756/694/469 766/696/469
f 756/694/469 755/695/469 766/696/469
f 755/695/469 762/688/469 767/689/469
f 766/696/469 755/695/469 767/689/469
f 766/696/469 765/697/469 761/683/469
f 765/697/469 764/612/469 757/614/469
f 811/857/513 810/858/513 817/859/513
f 817/859/513 819/741/513 811/857/513
f 819/741/513 818/728/513 815/727/513
f 811/857/513 819/741/513 815/727/513
f 818/728/513 820/860/513 812/861/513
f 820/860/513 821/862/513 813/863/513
f 821/862/513 822/864/513 813/863/513
f 822/864/513 823/865/513 814/866/513
f 813/863/513 822/864/513 814/866/513
f 813/863/513 812/861/513 820/860/513
f 812/861/513 816/726/513 818/728/513
f 829/686/469 824/680/469 830/679/469
f 830/679/469 833/613/469 829/686/469
f 833/613/469 834/612/469 828/687/469
f 829/686/469 833/613/469 828/687/469
f 834/612/469 835/697/469 827/614/469
f 835/697/469 836/696/469 831/683/469
f 827/614/469 835/697/469 831/683/469
f 836/696/469 837/689/469 825/695/469
f 837/689/469 832/688/469 825/695/469
f 825/695/469 826/694/469 836/696/469
f 826/694/469 831/683/469 836/696/469
f 887/859/513 880/858/513 881/857/513
f 881/857/513 885/727/513 887/859/513
f 885/727/513 886/726/513 889/741/513
f 887/859/513 885/727/513 889/741/513
f 886/726/513 882/861/513 888/728/513
f 882/861/513 883/863/513 890/860/513
f 888/728/513 882/861/513 890/860/513
f 883/863/513 884/866/513 891/862/513
f 884/866/513 893/865/513 892/864/513
f 891/862/513 884/866/513 892/864/513
f 891/862/513 890/860/513 883/863/513
f 1017/815/160 1016/809/160 1023/812/160
f 1023/812/160 1024/813/160 1017/815/160
f 1026/817/614 1021/816/614 1019/818/614
f 1019/818/614 1020/867/614 1025/819/614
f 1041/827/627 1040/826/627 1046/828/627
f 1046/828/627 1045/832/627 1041/827/627
f 1045/832/627 1048/823/627 1042/830/627
f 1041/827/627 1045/832/627 1042/830/627
f 1048/823/627 1039/822/627 1038/829/627
f 1039/822/627 1047/831/627 1038/829/627
f 1044/821/627 1043/820/627 1048/823/627
f 1043/820/627 1042/830/627 1048/823/627
f 1068/828/640 1062/826/640 1063/827/640
f 1064/830/640 1065/820/640 1070/823/640
f 1065/820/640 1066/821/640 1070/823/640
f 1068/828/640 1063/827/640 1067/832/640
f 1063/827/640 1064/830/640 1067/832/640
f 1070/823/640 1067/832/640 1064/830/640
f 1069/831/640 1061/822/640 1060/829/640
f 1061/822/640 1070/823/640 1060/829/640
f 1072/355/461 1075/868/461 1071/356/461
f 1071/356/461 1074/356/461 1072/355/461
f 1074/356/461 1077/266/461 1073/264/461
f 1077/266/461 1076/265/461 1073/264/461
f 1078/480/461 1081/479/461 1079/478/461
f 1079/478/461 1080/389/461 1074/480/461
f 1080/389/461 1082/388/461 1077/390/461
f 1074/480/461 1080/389/461 1077/390/461
f 1240/869/681 1250/870/681 1091/871/681 1086/872/681
f 1086/872/682 1100/873/682 1265/874/682 1240/869/682
f 1084/872/683 1098/873/683 1099/875/683 1085/876/683
f 1085/876/684 1099/875/684 1100/873/684 1086/872/684
f 1241/869/685 1266/874/685 1098/873/685 1084/872/685
f 1085/876/686 1090/877/686 1089/871/686 1084/872/686
f 1086/872/687 1091/871/687 1090/877/687 1085/876/687
f 1084/872/688 1089/871/688 1251/870/688 1241/869/688
f 1255/878/689 1260/879/689 1097/880/689 1094/881/689
f 1102/882/690 1094/881/690 1093/883/690 1101/884/690
f 1103/882/691 1092/881/691 1256/878/691 1270/885/691
f 1083/885/692 1255/878/692 1094/881/692 1102/882/692
f 1101/884/693 1093/883/693 1092/881/693 1103/882/693
f 1095/880/461 1096/886/461 1097/880/461 1260/879/461 1261/879/461
f 1093/883/694 1096/886/694 1095/880/694 1092/881/694
f 1094/881/695 1097/880/695 1096/886/695 1093/883/695
f 1092/881/696 1095/880/696 1261/879/696 1256/878/696
f 1087/887/388 1098/873/388 1266/874/388 1246/874/388
f 1088/888/388 1099/875/388 1098/873/388 1087/887/388
f 1239/887/388 1100/873/388 1099/875/388 1088/888/388
f 1245/874/388 1265/874/388 1100/873/388 1239/887/388
f 1090/877/697 1101/884/697 1103/882/697 1089/871/697
f 1250/870/698 1083/885/698 1102/882/698 1091/871/698
f 1089/871/699 1103/882/699 1270/885/699 1251/870/699
f 1091/871/700 1102/882/700 1101/884/700 1090/877/700
f 1106/889/701 1105/890/701 1113/891/701 1112/892/701
f 1104/893/702 1136/894/702 1107/895/702 1108/896/702
f 1211/897/703 1106/889/703 1112/892/703 1111/898/703
f 1144/899/704 1104/893/705 1108/896/706 1109/900/706
f 1108/896/707 1107/895/707 1114/901/707 1115/902/707
f 1109/900/708 1108/896/708 1115/902/708 1116/903/708
f 1124/904/709 1109/900/709 1116/903/709 1125/905/709
f 1123/906/710 1137/239/710 1118/237/710
f 1121/907/711 1123/906/711 1118/237/711 1119/234/711
f 1116/903/712 1115/902/712 1123/906/712 1121/907/712
f 1115/902/713 1114/901/713 1138/908/713 1123/906/713
f 1125/905/714 1116/903/714 1121/907/714 1127/909/714
f 1117/910/715 1125/905/715 1127/909/715 1122/911/715
f 1113/891/716 1124/904/716 1110/912/716
f 1121/907/717 1119/234/717 1126/233/717 1127/909/717
f 1110/912/718 1124/904/718 1125/905/718 1117/910/718
f 1144/899/719 1124/904/719 1105/890/719
f 1105/890/720 1124/904/720 1113/891/720
f 1144/899/721 1109/900/721 1124/904/721
f 1126/233/187 1119/234/187 1129/235/187 1131/236/187
f 1119/234/188 1118/237/188 1128/238/188 1129/235/188
f 1120/913/722 1126/233/722 1135/914/722
f 1118/237/189 1137/239/189 1139/240/189 1128/238/189
f 1123/906/723 1138/908/723 1137/239/723
f 1131/236/724 1130/242/724 1132/915/724
f 1127/909/725 1133/916/725 1122/911/725
f 1133/916/726 1127/909/726 1134/917/726
f 1134/917/727 1127/909/727 1126/233/727 1120/913/727
f 1135/914/728 1126/233/728 1131/236/728 1132/915/728
f 1136/894/729 1212/918/729 1173/919/729 1142/920/729 1107/895/729
f 1107/895/730 1142/920/730 1141/921/730 1114/901/730
f 1138/908/731 1140/922/731 1143/923/731 1172/924/731 1170/925/731 1137/239/731
f 1114/901/732 1141/921/732 1140/922/732 1138/908/732
f 1137/239/733 1170/925/733 1171/926/733 1139/240/733
f 1136/894/734 1104/893/734 1146/927/734 1145/928/734
f 1106/889/735 1211/897/735 1213/929/735 1149/930/735
f 1104/893/705 1144/899/704 1147/931/736 1146/927/736
f 1144/899/737 1105/890/737 1148/932/737 1147/931/737
f 1212/918/738 1136/894/738 1145/928/738 1214/933/738
f 1105/890/739 1106/889/739 1149/930/739 1148/932/739
f 1169/934/740 1228/935/740 1168/936/740 1167/937/740 1150/938/740 1216/939/740 1166/938/740 1165/937/740 1164/936/740 1163/935/740 1151/934/740 1215/940/740
f 1155/941/741 1154/942/741 1163/935/741 1164/936/741
f 1152/943/742 1158/944/742 1166/938/742 1216/939/742
f 1154/942/743 1160/945/743 1151/934/743 1163/935/743
f 1158/944/744 1162/946/744 1165/937/744 1166/938/744
f 1160/945/745 1218/947/745 1215/940/745 1151/934/745
f 1162/946/746 1155/941/746 1164/936/746 1165/937/746
f 1146/927/747 1147/931/747 1156/948/747 1161/949/747
f 1161/949/748 1156/948/748 1155/941/748 1162/946/748
f 1149/930/749 1213/929/749 1219/950/749 1159/951/749
f 1159/951/750 1219/950/750 1218/947/750 1160/945/750
f 1145/928/751 1146/927/751 1161/949/751 1157/952/751
f 1157/952/752 1161/949/752 1162/946/752 1158/944/752
f 1148/932/753 1149/930/753 1159/951/753 1153/953/753
f 1153/953/754 1159/951/754 1160/945/754 1154/942/754
f 1214/933/755 1145/928/755 1157/952/755 1217/954/755
f 1217/954/756 1157/952/756 1158/944/756 1152/943/756
f 1147/931/757 1148/932/757 1153/953/757 1156/948/757
f 1156/948/758 1153/953/758 1154/942/758 1155/941/758
f 1222/955/759 1180/956/759 1181/957/759 1221/958/759
f 1220/959/760 1177/960/760 1176/961/760 1174/962/760
f 1211/963/761 1111/964/761 1180/956/761 1222/955/761
f 1175/965/762 1178/966/763 1177/960/763 1220/959/764
f 1177/960/765 1182/967/765 1205/968/765 1176/961/765
f 1178/966/766 1183/969/766 1182/967/766 1177/960/766
f 1193/970/767 1194/971/767 1183/969/767 1178/966/767
f 1192/972/768 1186/362/768 1185/364/768
f 1189/973/769 1187/360/769 1186/362/769 1192/972/769
f 1183/969/770 1189/973/770 1192/972/770 1182/967/770
f 1182/967/771 1192/972/771 1191/974/771 1205/968/771
f 1194/971/772 1196/975/772 1189/973/772 1183/969/772
f 1184/976/773 1190/977/773 1196/975/773 1194/971/773
f 1181/957/774 1179/978/775 1193/970/776
f 1189/973/777 1196/975/777 1195/357/777 1187/360/777
f 1179/978/778 1184/976/778 1194/971/778 1193/970/778
f 1175/965/779 1221/958/779 1193/970/779
f 1221/958/780 1181/957/774 1193/970/776
f 1175/965/781 1193/970/781 1178/966/781
f 1195/357/287 1200/358/287 1198/359/287 1187/360/287
f 1187/360/288 1198/359/288 1197/361/288 1186/362/288
f 1188/979/782 1204/808/782 1195/357/782
f 1186/362/289 1197/361/289 1206/363/289 1185/364/289
f 1192/972/783 1185/364/783 1191/974/783
f 1200/358/784 1201/798/784 1199/368/784
f 1196/975/785 1190/977/785 1202/980/785
f 1202/980/786 1203/981/786 1196/975/786
f 1203/981/787 1188/979/787 1195/357/787 1196/975/787
f 1204/808/788 1201/798/788 1200/358/788 1195/357/788
f 1174/962/789 1176/961/789 1210/982/789 1173/983/789 1212/984/789
f 1176/961/790 1205/968/790 1207/985/790 1210/982/790
f 1191/974/791 1185/364/791 1170/986/791 1172/987/791 1209/988/791 1208/989/791
f 1205/968/792 1191/974/792 1208/989/792 1207/985/792
f 1185/364/793 1206/363/793 1171/990/793 1170/986/793
f 1174/962/794 1223/991/794 1224/992/794 1220/959/794
f 1222/955/795 1227/993/795 1213/994/795 1211/963/795
f 1220/959/764 1224/992/796 1225/995/796 1175/965/762
f 1175/965/797 1225/995/797 1226/996/797 1221/958/797
f 1212/984/798 1214/997/798 1223/991/798 1174/962/798
f 1221/958/799 1226/996/799 1227/993/799 1222/955/799
f 1231/998/800 1168/999/800 1228/1000/800 1230/1001/800
f 1152/1002/801 1216/1003/801 1150/1004/801 1234/1005/801
f 1230/1001/802 1228/1000/802 1169/1006/802 1236/1007/802
f 1234/1005/803 1150/1004/803 1167/1008/803 1238/1009/803
f 1236/1007/804 1169/1006/804 1215/1010/804 1218/1011/804
f 1238/1009/805 1167/1008/805 1168/999/805 1231/998/805
f 1224/992/806 1237/1012/806 1232/1013/806 1225/995/806
f 1237/1012/807 1238/1009/807 1231/998/807 1232/1013/807
f 1227/993/808 1235/1014/808 1219/1015/808 1213/994/808
f 1235/1014/809 1236/1007/809 1218/1011/809 1219/1015/809
f 1223/991/810 1233/1016/810 1237/1012/810 1224/992/810
f 1233/1016/811 1234/1005/811 1238/1009/811 1237/1012/811
f 1226/996/812 1229/1017/812 1235/1014/812 1227/993/812
f 1229/1017/813 1230/1001/813 1236/1007/813 1235/1014/813
f 1214/997/814 1217/1018/814 1233/1016/814 1223/991/814
f 1217/1018/815 1152/1002/815 1234/1005/815 1233/1016/815
f 1225/995/816 1232/1013/816 1229/1017/816 1226/996/816
f 1232/1013/817 1231/998/817 1230/1001/817 1229/1017/817
f 1240/1019/818 1244/1020/818 1254/1021/818 1250/1022/818
f 1244/1020/819 1240/1019/819 1265/1023/819 1269/1024/819
f 1242/1020/820 1243/1025/820 1268/1026/820 1267/1024/820
f 1243/1025/821 1244/1020/821 1269/1024/821 1268/1026/821
f 1241/1019/822 1242/1020/822 1267/1024/822 1266/1023/822
f 1243/1025/823 1242/1020/823 1252/1021/823 1253/1027/823
f 1244/1020/824 1243/1025/824 1253/1027/824 1254/1021/824
f 1242/1020/825 1241/1019/825 1251/1022/825 1252/1021/825
f 1255/1028/826 1259/1029/826 1264/1030/826 1260/1031/826
f 1272/1032/827 1271/1033/827 1258/1034/827 1259/1029/827
f 1273/1032/828 1270/1035/828 1256/1028/828 1257/1029/828
f 1083/1035/829 1272/1032/829 1259/1029/829 1255/1028/829
f 1271/1033/830 1273/1032/830 1257/1029/830 1258/1034/830
f 1262/1030/461 1261/1031/461 1260/1031/461 1264/1030/461 1263/1036/461
f 1258/1034/831 1257/1029/831 1262/1030/831 1263/1036/831
f 1259/1029/832 1258/1034/832 1263/1036/832 1264/1030/832
f 1257/1029/833 1256/1028/833 1261/1031/833 1262/1030/833
f 1247/1037/388 1246/1023/388 1266/1023/388 1267/1024/388
f 1248/1038/388 1247/1037/388 1267/1024/388 1268/1026/388
f 1249/1037/388 1248/1038/388 1268/1026/388 1269/1024/388
f 1245/1023/388 1249/1037/388 1269/1024/388 1265/1023/388
f 1253/1027/834 1252/1021/834 1273/1032/834 1271/1033/834
f 1250/1022/835 1254/1021/835 1272/1032/835 1083/1035/835
f 1252/1021/836 1251/1022/836 1270/1035/836 1273/1032/836
f 1254/1021/837 1253/1027/837 1271/1033/837 1272/1032/837
f 1283/1039/838 1277/1040/838 1279/1041/838 1274/1042/838
f 1277/1040/388 1276/1040/388 1281/1041/388
f 1278/1042/839 1281/1041/839 1276/1040/839 1282/1039/839
f 1274/1042/840 1279/1041/840 1280/1043/840 1275/1044/840
f 1275/1044/841 1280/1043/841 1281/1041/841 1278/1042/841
f 1283/1039/842 1284/1042/842 1287/1041/842 1277/1040/842
f 1288/1043/388 1289/1041/388 1276/1040/388
f 1286/1042/843 1282/1039/843 1276/1040/843 1289/1041/843
f 1284/1042/844 1285/1044/844 1288/1043/844 1287/1041/844
f 1285/1044/845 1286/1042/845 1289/1041/845 1288/1043/845
f 1280/1043/388 1279/1041/846 1281/1041/388
f 1279/1041/846 1277/1040/388 1281/1041/388
f 1277/1040/388 1287/1041/388 1276/1040/388
f 1287/1041/388 1288/1043/388 1276/1040/388
f 1306/1045/847 1309/1045/847 1312/1045/847
f 1309/1045/848 1306/1045/848 1308/1045/848
f 1317/1045/849 1315/1045/849 1311/1045/849 1309/1045/849
f 1315/1045/850 1316/1045/850 1310/1045/850 1311/1045/850
f 1309/1045/851 1311/1045/851 1314/1045/851 1312/1045/851
f 1311/1045/852 1310/1045/852 1313/1045/852 1314/1045/852
f 1314/1045/853 1307/1045/853 1312/1045/853
f 1314/1045/854 1313/1045/854 1307/1045/854
f 1306/1045/855 1312/1045/855 1307/1045/855
f 1317/1045/856 1309/1045/856 1320/1045/856
f 1320/1045/857 1309/1045/857 1319/1045/857
f 1319/1045/858 1309/1045/858 1308/1045/858 1318/1045/858
f 1321/1045/859 1325/1045/859 1323/1045/859
f 1323/1045/860 1322/1045/860 1321/1045/860
f 1328/1045/861 1323/1045/861 1324/1045/861 1327/1045/861
f 1327/1045/862 1324/1045/862 1310/1045/862 1316/1045/862
f 1323/1045/863 1325/1045/863 1326/1045/863 1324/1045/863
f 1324/1045/864 1326/1045/864 1313/1045/864 1310/1045/864
f 1326/1045/865 1325/1045/865 1307/1045/865
f 1326/1045/866 1307/1045/866 1313/1045/866
f 1321/1045/867 1307/1045/867 1325/1045/867
f 1328/1045/868 1331/1045/868 1323/1045/868
f 1331/1045/869 1330/1045/869 1323/1045/869
f 1330/1045/870 1329/1045/870 1322/1045/870 1323/1045/870
f 1291/1045/871 1297/1045/871 1306/1045/871 1307/1045/871
f 1297/1045/872 1290/1045/872 1308/1045/872 1306/1045/872
f 1290/1045/873 1299/1045/873 1318/1045/873 1308/1045/873
f 1292/1045/874 1294/1045/874 1316/1045/874 1315/1045/874
f 1298/1045/875 1292/1045/875 1315/1045/875 1317/1045/875
f 1293/1045/876 1298/1045/876 1317/1045/876 1320/1045/876
f 1300/1045/877 1293/1045/877 1320/1045/877 1319/1045/877
f 1299/1045/878 1300/1045/878 1319/1045/878 1318/1045/878
f 1295/1045/879 1291/1045/879 1307/1045/879 1321/1045/879
f 1301/1045/880 1295/1045/880 1321/1045/880 1322/1045/880
f 1303/1045/881 1301/1045/881 1322/1045/881 1329/1045/881
f 1294/1045/882 1296/1045/882 1327/1045/882 1316/1045/882
f 1296/1045/883 1302/1045/883 1328/1045/883 1327/1045/883
f 1302/1045/884 1305/1045/884 1331/1045/884 1328/1045/884
f 1305/1045/885 1304/1045/885 1330/1045/885 1331/1045/885
f 1304/1045/886 1303/1045/886 1329/1045/886 1330/1045/886
f 1381/1045/887 1384/1045/887 1392/1045/888 1391/1045/888
f 1373/1045/889 1385/1045/889 1383/1045/889
f 1384/1045/890 1382/1045/890 1372/1045/890 1392/1045/890
f 1383/1045/891 1400/1045/892 1395/1045/893 1373/1045/893
f 1380/1045/894 1381/1045/894 1391/1045/894 1390/1045/894
f 1370/1045/895 1371/1045/895 1375/1045/895 1374/1045/895
f 1388/1045/896 1394/1045/896 1376/1045/897 1378/1045/898
f 1389/1045/899 1387/1045/899 1377/1045/899 1379/1045/899
f 1386/1045/900 1388/1045/901 1378/1045/902
f 1371/1045/903 1389/1045/903 1379/1045/904 1375/1045/905
f 1374/1045/906 1375/1045/906 1381/1045/906 1380/1045/906
f 1378/1045/898 1376/1045/897 1400/1045/892 1383/1045/891
f 1375/1045/905 1379/1045/904 1384/1045/887 1381/1045/887
f 1386/1045/907 1378/1045/908 1383/1045/909 1385/1045/909
f 1385/1045/910 1372/1045/910 1382/1045/910
f 1372/1045/911 1385/1045/911 1373/1045/911
f 1388/1045/912 1386/1045/912 1387/1045/912
f 1387/1045/913 1386/1045/913 1377/1045/913
f 1402/1045/914 1398/1045/915 1417/1045/915 1405/1045/914
f 1411/1045/916 1399/1045/916 1416/1045/916
f 1405/1045/917 1417/1045/917 1399/1045/917 1403/1045/917
f 1404/1045/918 1416/1045/919 1395/1045/919 1400/1045/920
f 1401/1045/921 1415/1045/921 1398/1045/921 1402/1045/921
f 1406/1045/922 1401/1045/922 1402/1045/922 1407/1045/922
f 1409/1045/923 1404/1045/918 1400/1045/920 1376/1045/924
f 1407/1045/925 1402/1045/914 1405/1045/914 1410/1045/926
f 1413/1045/927 1407/1045/925 1410/1045/926 1397/1045/927
f 1396/1045/928 1412/1045/929 1409/1045/930
f 1397/1045/931 1410/1045/931 1408/1045/931 1414/1045/931
f 1396/1045/932 1409/1045/923 1376/1045/924 1394/1045/932
f 1393/1045/933 1406/1045/933 1407/1045/933 1413/1045/933
f 1411/1045/934 1404/1045/934 1409/1045/935 1412/1045/936
f 1399/1045/937 1411/1045/937 1403/1045/937
f 1411/1045/938 1416/1045/938 1404/1045/938
f 1408/1045/939 1412/1045/939 1414/1045/939
f 1414/1045/940 1412/1045/940 1396/1045/940
f 1332/1045/941 1333/1045/941 1371/1045/941 1370/1045/941
f 1336/1045/942 1332/1045/942 1370/1045/942 1374/1045/942
f 1342/1045/943 1343/1045/943 1386/1045/943 1385/1045/943
f 1348/1045/944 1347/1045/944 1390/1045/944 1391/1045/944
f 1338/1045/945 1341/1045/945 1384/1045/945 1379/1045/945
f 1349/1045/946 1348/1045/947 1391/1045/947 1392/1045/948
f 1335/1045/949 1334/1045/949 1372/1045/949 1373/1045/949
f 1339/1045/950 1336/1045/950 1374/1045/950 1380/1045/950
f 1341/1045/951 1340/1045/951 1382/1045/951 1384/1045/951
f 1344/1045/952 1345/1045/952 1388/1045/952 1387/1045/952
f 1346/1045/953 1344/1045/953 1387/1045/953 1389/1045/953
f 1340/1045/954 1342/1045/954 1385/1045/954 1382/1045/954
f 1337/1045/955 1338/1045/955 1379/1045/955 1377/1045/955
f 1343/1045/956 1337/1045/956 1377/1045/956 1386/1045/956
f 1334/1045/957 1349/1045/946 1392/1045/948 1372/1045/957
f 1333/1045/958 1346/1045/958 1389/1045/958 1371/1045/958
f 1347/1045/959 1339/1045/959 1380/1045/959 1390/1045/959
f 1360/1045/960 1357/1045/960 1401/1045/960 1406/1045/960
f 1362/1045/961 1361/1045/961 1408/1045/961 1410/1045/961
f 1361/1045/962 1364/1045/962 1412/1045/962 1408/1045/962
f 1358/1045/963 1359/1045/963 1405/1045/963 1403/1045/963
f 1363/1045/964 1358/1045/964 1403/1045/964 1411/1045/964
f 1364/1045/965 1363/1045/965 1411/1045/965 1412/1045/965
f 1359/1045/966 1362/1045/966 1410/1045/966 1405/1045/966
f 1355/1045/967 1369/1045/968 1417/1045/969 1398/1045/967
f 1356/1045/970 1368/1045/970 1416/1045/970 1399/1045/970
f 1369/1045/968 1356/1045/971 1399/1045/971 1417/1045/969
f 1351/1045/972 1353/1045/972 1396/1045/972 1394/1045/972
f 1350/1045/973 1360/1045/973 1406/1045/973 1393/1045/973
f 1365/1045/974 1350/1045/974 1393/1045/974 1413/1045/974
f 1368/1045/975 1352/1045/975 1395/1045/975 1416/1045/975
f 1354/1045/976 1365/1045/976 1413/1045/976 1397/1045/976
f 1366/1045/977 1354/1045/977 1397/1045/977 1414/1045/977
f 1353/1045/978 1366/1045/978 1414/1045/978 1396/1045/978
f 1357/1045/979 1367/1045/979 1415/1045/979 1401/1045/979
f 1367/1045/980 1355/1045/980 1398/1045/980 1415/1045/980
f 1352/1045/981 1335/1045/981 1373/1045/981 1395/1045/981
f 1345/1045/982 1351/1045/982 1394/1045/982 1388/1045/982
f 1479/1045/983 1484/1045/983 1477/1045/983 1480/1045/983
f 1485/1045/984 1486/1045/985 1479/1045/986
f 1484/1045/987 1482/1045/987 1481/1045/987 1477/1045/987
f 1482/1045/988 1509/1045/988 1481/1045/988
f 1488/1045/989 1490/1045/989 1507/1045/989 1504/1045/989
f 1482/1045/990 1489/1045/990 1508/1045/990 1505/1045/990
f 1489/1045/991 1488/1045/991 1504/1045/991 1508/1045/991
f 1490/1045/992 1492/1045/992 1491/1045/992 1487/1045/992
f 1490/1045/993 1487/1045/993 1506/1045/993 1507/1045/993
f 1490/1045/994 1493/1045/994 1494/1045/994 1492/1045/994
f 1499/1045/995 1495/1045/995 1496/1045/995 1498/1045/995
f 1501/1045/996 1500/1045/997 1497/1045/998 1502/1045/996
f 1500/1045/997 1499/1045/999 1498/1045/999 1497/1045/998
f 1493/1045/1000 1501/1045/1000 1502/1045/1000 1494/1045/1000
f 1485/1045/1001 1496/1045/1001 1495/1045/1001
f 1496/1045/1002 1485/1045/1002 1503/1045/1002
f 1485/1045/1003 1483/1045/1003 1503/1045/1003
f 1509/1045/1004 1482/1045/1004 1505/1045/1004
f 1511/1045/1005 1512/1045/1005 1510/1045/1005 1515/1045/1005
f 1511/1045/1006 1517/1045/1007 1516/1045/1008
f 1515/1045/1009 1510/1045/1009 1513/1045/1009 1514/1045/1009
f 1514/1045/1010 1513/1045/1010 1535/1045/1010
f 1518/1045/1011 1531/1045/1011 1533/1045/1011 1520/1045/1011
f 1514/1045/1012 1532/1045/1012 1534/1045/1012 1519/1045/1012
f 1519/1045/1013 1534/1045/1013 1531/1045/1013 1518/1045/1013
f 1520/1045/1014 1487/1045/1014 1491/1045/1014 1521/1045/1014
f 1520/1045/1015 1533/1045/1015 1506/1045/1015 1487/1045/1015
f 1520/1045/1016 1521/1045/1016 1523/1045/1016 1522/1045/1016
f 1527/1045/1017 1526/1045/1017 1524/1045/1017 1447/1045/1017
f 1529/1045/1018 1530/1045/1018 1525/1045/1019 1528/1045/1020
f 1528/1045/1020 1525/1045/1019 1526/1045/1021 1527/1045/1021
f 1522/1045/1022 1523/1045/1022 1530/1045/1022 1529/1045/1022
f 1516/1045/1023 1447/1045/1023 1524/1045/1023
f 1524/1045/1024 1503/1045/1024 1516/1045/1024
f 1516/1045/1025 1503/1045/1025 1483/1045/1025
f 1535/1045/1026 1532/1045/1026 1514/1045/1026
f 1421/1045/1027 1422/1045/1027 1480/1045/1027 1477/1045/1027
f 1448/1045/1028 1418/1045/1028 1478/1045/1028 1479/1045/1028
f 1422/1045/1029 1448/1045/1029 1479/1045/1029 1480/1045/1029
f 1449/1045/1030 1421/1045/1030 1477/1045/1030 1481/1045/1030
f 1451/1045/1031 1450/1045/1031 1484/1045/1031 1486/1045/1031
f 1450/1045/1032 1423/1045/1032 1482/1045/1032 1484/1045/1032
f 1424/1045/1033 1451/1045/1033 1486/1045/1033 1485/1045/1033
f 1423/1045/1034 1452/1045/1034 1489/1045/1034 1482/1045/1034
f 1425/1045/1035 1453/1045/1035 1490/1045/1035 1488/1045/1035
f 1452/1045/1036 1425/1045/1036 1488/1045/1036 1489/1045/1036
f 1427/1045/1037 1426/1045/1037 1491/1045/1037 1492/1045/1037
f 1455/1045/1038 1427/1045/1038 1492/1045/1038 1494/1045/1038
f 1453/1045/1039 1454/1045/1039 1493/1045/1039 1490/1045/1039
f 1428/1045/1040 1429/1045/1040 1498/1045/1040 1496/1045/1040
f 1454/1045/1041 1431/1045/1041 1501/1045/1041 1493/1045/1041
f 1457/1045/1042 1432/1045/1042 1502/1045/1042 1497/1045/1042
f 1429/1045/1043 1457/1045/1043 1497/1045/1043 1498/1045/1043
f 1458/1045/1044 1456/1045/1044 1495/1045/1044 1499/1045/1044
f 1430/1045/1045 1458/1045/1045 1499/1045/1045 1500/1045/1045
f 1431/1045/1046 1430/1045/1046 1500/1045/1046 1501/1045/1046
f 1432/1045/1047 1455/1045/1047 1494/1045/1047 1502/1045/1047
f 1433/1045/1048 1428/1045/1048 1496/1045/1048 1503/1045/1048
f 1456/1045/1049 1424/1045/1049 1485/1045/1049 1495/1045/1049
f 1460/1045/1050 1459/1045/1050 1505/1045/1050 1508/1045/1050
f 1434/1045/1051 1460/1045/1051 1508/1045/1051 1504/1045/1051
f 1435/1045/1052 1436/1045/1052 1507/1045/1052 1506/1045/1052
f 1436/1045/1053 1434/1045/1053 1504/1045/1053 1507/1045/1053
f 1437/1045/1054 1449/1045/1054 1481/1045/1054 1509/1045/1054
f 1459/1045/1055 1437/1045/1055 1509/1045/1055 1505/1045/1055
f 1420/1045/1056 1419/1045/1056 1510/1045/1056 1512/1045/1056
f 1418/1045/1057 1438/1045/1057 1511/1045/1057 1478/1045/1057
f 1438/1045/1058 1420/1045/1058 1512/1045/1058 1511/1045/1058
f 1419/1045/1059 1461/1045/1059 1513/1045/1059 1510/1045/1059
f 1463/1045/1060 1439/1045/1060 1517/1045/1060 1515/1045/1060
f 1462/1045/1061 1463/1045/1061 1515/1045/1061 1514/1045/1061
f 1439/1045/1062 1464/1045/1062 1516/1045/1062 1517/1045/1062
f 1465/1045/1063 1462/1045/1063 1514/1045/1063 1519/1045/1063
f 1441/1045/1064 1440/1045/1064 1518/1045/1064 1520/1045/1064
f 1440/1045/1065 1465/1045/1065 1519/1045/1065 1518/1045/1065
f 1426/1045/1066 1466/1045/1066 1521/1045/1066 1491/1045/1066
f 1466/1045/1067 1468/1045/1067 1523/1045/1067 1521/1045/1067
f 1467/1045/1068 1441/1045/1068 1520/1045/1068 1522/1045/1068
f 1472/1045/1069 1470/1045/1069 1524/1045/1069 1526/1045/1069
f 1443/1045/1070 1467/1045/1070 1522/1045/1070 1529/1045/1070
f 1444/1045/1071 1471/1045/1071 1525/1045/1071 1530/1045/1071
f 1471/1045/1072 1472/1045/1072 1526/1045/1072 1525/1045/1072
f 1473/1045/1073 1442/1045/1073 1528/1045/1073 1527/1045/1073
f 1442/1045/1074 1443/1045/1074 1529/1045/1074 1528/1045/1074
f 1468/1045/1075 1444/1045/1075 1530/1045/1075 1523/1045/1075
f 1470/1045/1076 1433/1045/1076 1503/1045/1076 1524/1045/1076
f 1464/1045/1077 1469/1045/1077 1447/1045/1077 1516/1045/1077
f 1475/1045/1078 1446/1045/1078 1534/1045/1078 1532/1045/1078
f 1446/1045/1079 1474/1045/1079 1531/1045/1079 1534/1045/1079
f 1445/1045/1080 1435/1045/1080 1506/1045/1080 1533/1045/1080
f 1474/1045/1081 1445/1045/1081 1533/1045/1081 1531/1045/1081
f 1461/1045/1082 1476/1045/1082 1535/1045/1082 1513/1045/1082
f 1476/1045/1083 1475/1045/1083 1532/1045/1083 1535/1045/1083
f 1479/1045/986 1478/1045/1084 1485/1045/984
f 1478/1045/1085 1483/1045/1085 1485/1045/1085
f 1486/1045/1086 1484/1045/1086 1479/1045/1086
f 1483/1045/1087 1478/1045/1087 1516/1045/1087
f 1478/1045/1088 1511/1045/1006 1516/1045/1008
f 1511/1045/1089 1515/1045/1089 1517/1045/1089
f 1541/1045/1090 1537/1045/1090 1543/1045/1090 1547/1045/1090
f 1539/1045/1091 1538/1045/1091 1544/1045/1091 1545/1045/1091
f 1540/1045/1092 1539/1045/1092 1545/1045/1092 1546/1045/1092
f 1538/1045/1093 1541/1045/1093 1547/1045/1093 1544/1045/1093
f 1540/1045/1094 1536/1045/1094 1542/1045/1094 1546/1045/1094
f 1545/1045/44 1546/1045/44 1548/1045/44 1550/1045/44
f 1549/1045/160 1553/1045/160 1552/1045/160 1551/1045/160 1550/1045/160 1548/1045/160
f 1547/1045/44 1544/1045/44 1551/1045/44 1552/1045/44
f 1546/1045/461 1542/1045/461 1549/1045/461 1548/1045/461
f 1543/1045/388 1547/1045/388 1552/1045/388 1553/1045/388
f 1544/1045/44 1545/1045/44 1550/1045/44 1551/1045/44
f 1557/1045/1095 1561/1045/1095 1543/1045/1095 1537/1045/1095
f 1555/1045/1096 1559/1045/1096 1558/1045/1096 1554/1045/1096
f 1556/1045/1097 1560/1045/1097 1559/1045/1097 1555/1045/1097
f 1554/1045/1098 1558/1045/1098 1561/1045/1098 1557/1045/1098
f 1556/1045/1099 1560/1045/1099 1542/1045/1099 1536/1045/1099
f 1559/1045/32 1563/1045/32 1562/1045/32 1560/1045/32
f 1549/1045/160 1562/1045/160 1563/1045/160 1564/1045/160 1565/1045/160 1553/1045/160
f 1561/1045/32 1565/1045/32 1564/1045/32 1558/1045/32
f 1560/1045/461 1562/1045/461 1549/1045/461 1542/1045/461
f 1543/1045/388 1553/1045/388 1565/1045/388 1561/1045/388
f 1558/1045/32 1564/1045/32 1563/1045/32 1559/1045/32
f 1572/1046/388 1571/1047/388 1575/1048/388 1574/1049/388 1573/1050/388
f 1578/1051/1100 1577/1052/1100 1574/1049/1100 1575/1048/1100
f 1580/1053/1101 1579/1054/1101 1572/1046/1101 1573/1050/1101
f 1577/1052/1102 1580/1053/1102 1573/1050/1102 1574/1049/1102
f 1579/1054/1103 1576/1055/1103 1571/1047/1103 1572/1046/1103
f 1567/1056/1104 1566/1057/1104 1576/1055/1104 1579/1054/1104
f 1569/1058/1105 1568/1059/1105 1580/1053/1105 1577/1052/1105
f 1568/1059/1106 1567/1056/1106 1579/1054/1106 1580/1053/1106
f 1570/1060/1107 1569/1058/1107 1577/1052/1107 1578/1051/1107
f 1592/1061/1108 1591/1062/1108 1590/1063/1108 1586/1064/1108
f 1594/1065/1109 1593/1066/1109 1588/1067/1109 1589/1068/1109
f 1591/1062/1110 1594/1065/1110 1589/1068/1110 1590/1063/1110
f 1593/1066/1111 1595/1069/1111 1587/1070/1111 1588/1067/1111
f 1583/1071/1112 1582/1072/1112 1595/1069/1112 1593/1066/1112
f 1585/1073/1113 1584/1074/1113 1594/1065/1113 1591/1062/1113
f 1584/1074/1114 1583/1071/1114 1593/1066/1114 1594/1065/1114
f 1581/1075/1115 1585/1073/1115 1591/1062/1115 1592/1061/1115
f 1587/1070/388 1586/1064/388 1590/1063/388 1589/1068/388 1588/1067/388
f 1604/550/1116 685/544/1117 1597/547/1117 1606/1076/1118
f 1600/558/437 1597/547/437 1598/548/437 1601/1077/437
f 694/554/437 1600/558/437 1601/1077/437 693/1078/437
f 1606/1076/1119 1597/547/1119 1600/558/1119 1607/557/1119
f 690/551/1120 1604/550/1116 1606/1076/1118 1596/1079/1120
f 1599/1080/1121 1607/557/1121 1605/553/1121 695/1081/1121
f 695/1081/1122 1605/553/1122 1602/556/1122 692/564/1122
f 684/569/438 685/544/438 1604/550/438 1603/549/438
f 1619/1082/1123 1618/585/1123 1609/586/1123 1612/575/1123
f 724/584/449 723/588/449 1610/1083/449 1609/586/449
f 1615/580/1124 1619/1082/1124 1612/575/1124 718/572/1124
f 1609/586/449 1610/1083/449 1613/576/449 1612/575/449
f 708/579/1125 1611/1084/1125 1619/1082/1125 1615/580/1125
f 1608/1085/1126 710/1086/1126 1617/581/453 1618/585/452
f 710/1086/1127 709/592/1127 1616/582/1127 1617/581/1127
f 717/597/450 1614/577/450 1615/580/450 718/572/450
f 1622/63/32 1628/63/32 1629/62/32
f 1628/63/32 1622/63/32 1621/1087/32 1627/1087/32
f 1621/1087/1128 1620/58/1129 1626/58/1130 1627/1087/1128
f 1623/1088/1131 1630/1088/1131 1626/58/1130 1620/58/1129
f 1624/1089/44 1631/1089/44 1630/1088/44 1623/1088/44
f 1625/1090/44 1632/1090/44 1631/1089/44 1624/1089/44
f 1635/93/44 1642/92/44 1641/93/44
f 1641/93/44 1640/1091/44 1634/1091/44 1635/93/44
f 1634/1091/1132 1640/1091/1132 1639/88/1133 1633/88/1134
f 1636/1092/1135 1633/88/1134 1639/88/1133 1643/1092/1135
f 1637/96/32 1636/1092/32 1643/1092/32 1644/96/32
f 1638/97/32 1637/96/32 1644/96/32 1645/97/32
f 1658/956/1136 1676/1093/1136 1647/1094/1136 1648/957/1136
f 1677/1095/1137 1659/1096/1137 1658/956/1137
f 1676/1093/1138 1675/1097/1138 1674/976/1138 1647/1094/1138
f 1675/1097/1139 1694/1098/1139 1674/976/1139
f 1660/368/599 1661/796/599 1668/1099/599
f 1662/1100/1140 1663/1101/1140 1671/1102/1140 1692/1103/1140
f 1675/1097/1141 1679/1104/1141 1672/1105/1141 1693/1106/1141
f 1679/1104/1142 1662/1100/1142 1692/1103/1142 1672/1105/1142
f 1663/1101/1143 1680/1107/1143 1651/1108/1143 1650/1109/1143
f 1663/1101/1144 1650/1109/1144 1653/1110/1144 1671/1102/1144
f 1663/1101/1145 1681/1111/1145 1682/1112/1145 1680/1107/1145
f 1687/1113/1146 1683/1114/1146 1684/1115/1146 1686/1116/1146
f 1665/1117/1147 1664/1118/1148 1685/1119/1149 1666/1120/1147
f 1664/1118/1148 1687/1113/1150 1686/1116/1150 1685/1119/1149
f 1681/1111/1151 1665/1117/1151 1666/1120/1151 1682/1112/1151
f 1677/1095/1152 1684/1115/1152 1683/1114/1152
f 1684/1115/1153 1677/1095/1153 1652/1121/1153
f 1677/1095/1154 1649/1122/1154 1652/1121/1154
f 1661/796/600 1660/368/600 1678/798/600
f 1688/799/601 1670/800/601 1667/801/601 1661/796/601
f 1670/800/602 1657/1123/602 1655/803/602 1667/801/602
f 1661/796/603 1667/801/603 1669/1124/603 1668/1099/603
f 1667/801/604 1655/803/604 1656/1125/604 1669/1124/604
f 1669/1124/605 1654/365/605 1668/1099/605
f 1669/1124/606 1656/1125/606 1654/365/606
f 1660/368/607 1668/1099/607 1654/365/607
f 1688/799/608 1661/796/609 1691/1126/609
f 1691/1126/609 1661/796/609 1690/807/609
f 1690/807/610 1661/796/610 1678/798/610 1689/808/610
f 1694/1098/1155 1675/1097/1155 1693/1106/1155
f 1683/1114/1156 1687/1113/1156 1695/1127/1156 1673/1128/1156
f 1658/956/1157 1646/1129/1157 1677/1095/1157
f 1646/1129/1158 1649/1122/1158 1677/1095/1158
f 1659/1096/1159 1676/1093/1159 1658/956/1159
f 1706/1130/1160 1709/1131/1161 1721/1132/1162 1702/1133/1162
f 1715/1134/1163 1720/1135/1163 1703/1136/1163
f 1709/1131/1164 1707/1137/1164 1703/1136/1164 1721/1132/1164
f 1708/1138/1165 1704/1139/1165 1699/1140/1166 1720/1135/1166
f 1705/1141/1167 1706/1130/1167 1702/1133/1167 1719/1142/1167
f 1710/1143/1168 1711/1144/1168 1706/1130/1168 1705/1141/1168
f 1713/1145/1169 1696/1146/1169 1704/1139/1165 1708/1138/1165
f 1711/1144/1170 1714/1147/1170 1709/1131/1171 1706/1130/1172
f 1717/1148/1173 1701/1149/1173 1714/1147/1173 1711/1144/1173
f 1700/1150/1174 1713/1145/1174 1716/1151/1174
f 1701/1149/1175 1718/1152/1175 1712/1153/1175 1714/1147/1175
f 1700/1150/1176 1698/1154/1176 1696/1146/1169 1713/1145/1169
f 1697/980/1177 1717/1148/1177 1711/1144/1177 1710/1143/1177
f 1715/1134/1178 1716/1151/1178 1713/1145/1178 1708/1138/1178
f 1703/1136/1179 1707/1137/1179 1715/1134/1179
f 1715/1134/1180 1708/1138/1180 1720/1135/1180
f 1712/1153/1181 1718/1152/1181 1716/1151/1181
f 1718/1152/1182 1700/1150/1182 1716/1151/1182
f 1753/1155/1183 1725/891/1183 1724/1156/1183 1755/1157/1183
f 1753/1155/1184 1756/1158/1184 1728/1159/1184
f 1755/1157/1185 1724/1156/1185 1754/910/1185 1726/795/1185
f 1726/795/1186 1754/910/1186 1750/1160/1186
f 1730/1161/1187 1739/1162/1187 1741/1163/1187 1759/1164/1187
f 1726/795/1188 1768/794/1188 1769/1165/1188 1758/1166/1188
f 1758/1166/1189 1769/1165/1189 1739/1162/1189 1730/1161/1189
f 1759/1164/1190 1729/1167/1190 1731/1168/1190 1732/1169/1190
f 1759/1164/1191 1741/1163/1191 1740/1170/1191 1729/1167/1191
f 1759/1164/1192 1732/1169/1192 1761/1171/1192 1760/1172/1192
f 1764/1173/1193 1734/1174/1193 1733/1175/1193 1762/1176/1193
f 1736/1177/1194 1737/1178/1194 1763/1179/1195 1735/1180/1196
f 1735/1180/1196 1763/1179/1195 1734/1174/1197 1764/1173/1197
f 1760/1172/1198 1761/1171/1198 1737/1178/1198 1736/1177/1198
f 1728/1159/1199 1762/1176/1199 1733/1175/1199
f 1733/1175/1200 1738/1181/1200 1728/1159/1200
f 1728/1159/1201 1738/1181/1201 1727/1182/1201
f 1757/242/1202 1746/1183/1202 1743/1184/1202
f 1743/1184/1203 1722/915/1203 1757/242/1203
f 1765/1185/1204 1743/1184/1204 1745/1186/1204 1748/1187/1204
f 1748/1187/1205 1745/1186/1205 1744/1188/1205 1752/1189/1205
f 1743/1184/1206 1746/1183/1206 1747/1190/1206 1745/1186/1206
f 1745/1186/1207 1747/1190/1207 1751/1191/1207 1744/1188/1207
f 1747/1190/1208 1746/1183/1208 1742/1192/1208
f 1747/1190/1209 1742/1192/1209 1751/1191/1209
f 1757/242/1210 1742/1192/1210 1746/1183/1210
f 1765/1185/1211 1749/1193/1212 1743/1184/1212
f 1749/1193/1212 1767/1194/1212 1743/1184/1212
f 1767/1194/1213 1766/1195/1213 1722/915/1213 1743/1184/1213
f 1750/1160/598 1768/794/598 1726/795/598
f 1727/1182/1214 1723/898/1214 1728/1159/1214
f 1723/898/1215 1753/1155/1215 1728/1159/1215
f 1753/1155/1216 1755/1157/1216 1756/1158/1216
f 1781/1196/1217 1791/1197/1218 1792/1198/1218 1784/1199/1219
f 1773/1200/1220 1783/1201/1220 1785/1202/1220
f 1784/1199/1221 1792/1198/1221 1772/1203/1221 1782/1204/1221
f 1783/1201/1222 1773/1200/1223 1794/1205/1223 1795/1206/1222
f 1780/1207/1224 1790/1208/1224 1791/1197/1224 1781/1196/1224
f 1770/1209/1225 1774/1210/1225 1775/1211/1225 1771/1212/1225
f 1788/1213/1226 1778/1214/1227 1776/1215/1227 1793/1216/1226
f 1789/1217/1228 1779/1218/1228 1777/1219/1228 1787/1220/1228
f 1786/1221/1229 1778/1214/1229 1788/1213/1229
f 1771/1212/1230 1775/1211/1230 1779/1218/1230 1789/1217/1230
f 1774/1210/1231 1780/1207/1231 1781/1196/1231 1775/1211/1231
f 1778/1214/1227 1783/1201/1222 1795/1206/1222 1776/1215/1227
f 1775/1211/1232 1781/1196/1217 1784/1199/1219 1779/1218/1232
f 1786/1221/1233 1785/1202/1233 1783/1201/1233 1778/1214/1233
f 1785/1202/1234 1782/1204/1234 1772/1203/1234
f 1772/1203/1235 1773/1200/1235 1785/1202/1235
f 1788/1213/1236 1787/1220/1236 1786/1221/1236
f 1787/1220/1237 1777/1219/1237 1786/1221/1237
o canopy_f
v 0.461148 1.086869 5.014157
v 0.474821 1.231962 4.333943
v 0.368476 1.331818 4.296578
v 0.356822 1.169710 5.081123
v 0.000000 1.529441 5.230583
v 0.270851 1.386574 5.163912
v 0.149712 1.500135 5.210070
v 0.000000 1.854929 4.105356
v 0.173378 1.812436 4.125138
v 0.301039 1.646857 4.177889
v 0.338023 1.217132 5.099227
v 0.360265 1.370174 4.282127
v 0.467054 1.271061 4.118575
v 0.363389 1.364846 4.103311
v 0.000000 1.864890 4.009253
v 0.297648 1.672196 4.044970
v 0.171683 1.824493 4.018315
v 0.355385 1.403431 4.096208
v 0.149279 1.461829 5.293395
v 0.347716 1.174613 5.163560
v 0.050472 1.483175 5.303044
v 0.269972 1.354417 5.244840
v 0.355676 1.154844 5.154624
v 0.461148 1.086869 5.014157
v 0.474821 1.231962 4.333943
v 0.000000 1.529441 5.230583
v 0.270851 1.386574 5.163912
v 0.149712 1.500135 5.210070
v 0.000000 1.854929 4.105356
v 0.173378 1.812436 4.125138
v 0.301039 1.646857 4.177889
v 0.338023 1.217132 5.099227
v 0.360265 1.370174 4.282127
v 0.467054 1.271061 4.118575
v 0.363389 1.364846 4.103311
v 0.000000 1.864890 4.009253
v 0.297648 1.672196 4.044970
v 0.171683 1.824493 4.018315
v 0.355385 1.403431 4.096208
v 0.149279 1.461829 5.293395
v 0.347716 1.174613 5.163560
v 0.000000 1.490141 5.306193
v 0.050472 1.483175 5.303044
v 0.269972 1.354417 5.244840
v 0.355676 1.154844 5.154624
v -0.461148 1.086869 5.014157
v -0.474821 1.231962 4.333943
v -0.270851 1.386574 5.163912
v -0.149712 1.500135 5.210070
v -0.173378 1.812436 4.125138
v -0.301039 1.646857 4.177889
v -0.338023 1.217132 5.099227
v -0.360265 1.370174 4.282127
v -0.467054 1.271061 4.118575
v -0.363389 1.364846 4.103311
v -0.297648 1.672196 4.044970
v -0.171683 1.824493 4.018315
v -0.355385 1.403431 4.096208
v -0.149279 1.461829 5.293395
v -0.347716 1.174613 5.163560
v -0.050472 1.483175 5.303044
v -0.269972 1.354417 5.244840
v -0.355676 1.154844 5.154624
v 0.441295 1.064921 5.009243
v 0.455043 1.209827 4.329600
v 0.343115 1.316062 4.293647
v 0.331825 1.153548 5.077394
v 0.000000 1.502391 5.217610
v 0.245704 1.371419 5.157752
v 0.135101 1.476243 5.199313
v 0.000000 1.825098 4.102178
v 0.156393 1.787877 4.122248
v 0.273220 1.635689 4.176711
v 0.309807 1.207353 5.096362
v 0.331098 1.363208 4.281273
v 0.447296 1.248732 4.115255
v 0.336654 1.351335 4.101679
v 0.000000 1.835058 4.006073
v 0.271431 1.657713 4.043251
v 0.156897 1.798560 4.015340
v 0.326068 1.397078 4.095826
v 0.134716 1.437913 5.282627
v 0.319648 1.164439 5.160613
v 0.000000 1.463522 5.292357
v 0.044361 1.456686 5.290356
v 0.244926 1.339125 5.238606
v 0.329454 1.140644 5.151343
v -0.441295 1.064921 5.009243
v -0.455043 1.209827 4.329600
v -0.343115 1.316062 4.293647
v -0.331825 1.153548 5.077394
v -0.245704 1.371419 5.157752
v -0.135101 1.476243 5.199313
v -0.156393 1.787877 4.122248
v -0.273220 1.635689 4.176711
v -0.309807 1.207353 5.096362
v -0.331098 1.363208 4.281273
v -0.447296 1.248732 4.115255
v -0.336654 1.351335 4.101679
v -0.271431 1.657713 4.043251
v -0.156897 1.798560 4.015340
v -0.326068 1.397078 4.095826
v -0.134716 1.437913 5.282627
v -0.319648 1.164439 5.160613
v -0.044361 1.456686 5.290356
v -0.244926 1.339125 5.238606
v -0.329454 1.140644 5.151343
v 0.000000 1.529441 5.230583
v 0.000000 1.854929 4.105356
v 0.000000 1.864890 4.009253
v 0.000000 1.490141 5.306193
v 0.050472 1.483175 5.303044
v -0.461148 1.086869 5.014157
v -0.474821 1.231962 4.333943
v -0.368476 1.331818 4.296578
v -0.356822 1.169710 5.081123
v -0.270851 1.386574 5.163912
v -0.149712 1.500135 5.210070
v -0.173378 1.812436 4.125138
v -0.301039 1.646857 4.177889
v -0.338023 1.217132 5.099227
v -0.360265 1.370174 4.282127
v -0.467054 1.271061 4.118575
v -0.363389 1.364846 4.103311
v -0.297648 1.672196 4.044970
v -0.171683 1.824493 4.018315
v -0.355385 1.403431 4.096208
v -0.149279 1.461829 5.293395
v -0.347716 1.174613 5.163560
v -0.050472 1.483175 5.303044
v -0.269972 1.354417 5.244840
v -0.355676 1.154844 5.154624
vn 0.6593 0.7335 0.1652
vn 0.9369 0.3396 0.0833
vn 0.9518 0.2964 0.0785
vn 0.9778 0.2091 0.0109
vn 0.7688 0.6341 0.0826
vn 0.9769 0.2134 0.0139
vn 0.2242 0.9691 0.1033
vn 0.6586 0.7443 0.1107
vn 0.9337 0.3384 0.1173
vn 0.7050 0.6497 0.2843
vn 0.2296 0.8844 0.4064
vn 0.6739 0.7221 0.1565
vn -0.6651 -0.7285 -0.1644
vn -0.9326 -0.3494 -0.0907
vn -0.9460 -0.3136 -0.0817
vn -0.9709 -0.2390 -0.0142
vn -0.7709 -0.6317 -0.0818
vn -0.9774 -0.2110 -0.0161
vn -0.2191 -0.9706 -0.0992
vn -0.6667 -0.7370 -0.1112
vn -0.9349 -0.3356 -0.1155
vn -0.7072 -0.6477 -0.2836
vn -0.1556 -0.8764 -0.4557
vn -0.2236 -0.8831 -0.4125
vn -0.6762 -0.7218 -0.1476
vn 0.6651 -0.7285 -0.1644
vn 0.9326 -0.3494 -0.0907
vn 0.9460 -0.3136 -0.0817
vn 0.9709 -0.2390 -0.0142
vn 0.7709 -0.6317 -0.0818
vn 0.9774 -0.2110 -0.0161
vn 0.2191 -0.9706 -0.0992
vn 0.6667 -0.7370 -0.1112
vn 0.9349 -0.3356 -0.1155
vn 0.7072 -0.6477 -0.2836
vn 0.1556 -0.8764 -0.4557
vn 0.2236 -0.8831 -0.4125
vn 0.6762 -0.7218 -0.1476
vn 0.7507 -0.6490 -0.1233
vn 0.7517 -0.6436 -0.1440
vn -0.0389 0.4311 -0.9015
vn -0.0059 0.3516 -0.9362
vn 0.0140 0.3855 -0.9226
vn -0.1358 -0.0678 0.9884
vn -0.2148 0.1598 0.9635
vn -0.1372 0.3263 0.9352
vn -0.2862 0.9428 0.1708
vn 0.0828 -0.1335 -0.9876
vn 0.1623 -0.0502 -0.9855
vn 0.1011 -0.1707 -0.9801
vn 0.0763 0.0894 -0.9931
vn 0.1185 -0.0165 -0.9928
vn 0.0324 -0.3980 0.9168
vn 0.0066 -0.4034 0.9150
vn -0.0162 -0.4453 0.8953
vn -0.0057 -0.4200 0.9075
vn 0.4000 -0.6552 0.6409
vn 0.0573 -0.3650 0.9292
vn -0.7507 -0.6490 -0.1233
vn -0.7517 -0.6436 -0.1440
vn 0.0389 0.4311 -0.9015
vn 0.0059 0.3515 -0.9362
vn -0.0140 0.3855 -0.9226
vn 0.1358 -0.0678 0.9884
vn 0.2148 0.1598 0.9635
vn 0.1372 0.3263 0.9352
vn 0.2862 0.9428 0.1708
vn -0.0828 -0.1335 -0.9876
vn -0.1623 -0.0502 -0.9855
vn -0.1011 -0.1707 -0.9801
vn -0.0763 0.0894 -0.9931
vn -0.1185 -0.0165 -0.9928
vn -0.0324 -0.3980 0.9168
vn -0.0066 -0.4034 0.9150
vn 0.0162 -0.4453 0.8953
vn 0.0057 -0.4200 0.9075
vn -0.4000 -0.6552 0.6409
vn -0.0573 -0.3650 0.9292
vn 0.1495 0.8773 0.4560
vn -0.6593 0.7335 0.1652
vn -0.9369 0.3396 0.0833
vn -0.9518 0.2964 0.0785
vn -0.9778 0.2091 0.0109
vn -0.9770 0.2127 0.0135
vn -0.9777 0.2095 0.0113
vn -0.7688 0.6341 0.0826
vn -0.9769 0.2134 0.0139
vn -0.2242 0.9691 0.1033
vn -0.6586 0.7443 0.1107
vn -0.9337 0.3384 0.1173
vn -0.7050 0.6497 0.2843
vn -0.1495 0.8773 0.4560
vn -0.2296 0.8844 0.4064
vn -0.6739 0.7221 0.1565
vt 0.186842 0.312278
vt 0.189428 0.309080
vt 0.215690 0.314682
vt 0.217133 0.318537
vt 0.186143 0.314109
vt 0.183659 0.312468
vt 0.184004 0.311704
vt 0.217691 0.320018
vt 0.224595 0.319812
vt 0.224869 0.321302
vt 0.221715 0.330701
vt 0.226847 0.331679
vt 0.227876 0.337559
vt 0.223752 0.337093
vt 0.228226 0.339119
vt 0.224516 0.338734
vt 0.224005 0.316191
vt 0.180521 0.319410
vt 0.183646 0.320651
vt 0.178647 0.323557
vt 0.181864 0.325036
vt 0.178274 0.324381
vt 0.181072 0.326167
vt 0.073878 0.971490
vt 0.073899 0.972949
vt 0.074108 0.972882
vt 0.074082 0.971617
vt 0.073837 0.971455
vt 0.073874 0.971352
vt 0.073855 0.971335
vt 0.073877 0.972972
vt 0.073867 0.973317
vt 0.073887 0.973307
vt 0.073769 0.973167
vt 0.073552 0.973268
vt 0.073552 0.973467
vt 0.073766 0.973415
vt 0.073260 0.973306
vt 0.073260 0.973485
vt 0.074093 0.973281
vt 0.073716 0.971190
vt 0.073718 0.971340
vt 0.073511 0.971108
vt 0.073512 0.971263
vt 0.073260 0.971090
vt 0.073260 0.971229
vt 0.073343 0.971093
vt 0.072642 0.971490
vt 0.072439 0.971617
vt 0.072413 0.972882
vt 0.072621 0.972949
vt 0.072683 0.971455
vt 0.072665 0.971335
vt 0.072647 0.971352
vt 0.072644 0.972972
vt 0.072633 0.973307
vt 0.072653 0.973317
vt 0.072752 0.973167
vt 0.072755 0.973415
vt 0.072968 0.973467
vt 0.072969 0.973268
vt 0.072427 0.973281
vt 0.072804 0.971190
vt 0.072803 0.971340
vt 0.073009 0.971108
vt 0.073009 0.971263
vt 0.073178 0.971093
vt 0.074144 0.972874
vt 0.074119 0.971608
vt 0.074130 0.973275
vt 0.073260 0.971205
vt 0.073539 0.971243
vt 0.073765 0.971329
vt 0.073890 0.971449
vt 0.073583 0.973263
vt 0.073260 0.973300
vt 0.073821 0.973165
vt 0.073931 0.972971
vt 0.073922 0.973317
vt 0.073937 0.973303
vt 0.073580 0.973462
vt 0.073815 0.973412
vt 0.073260 0.973479
vt 0.073908 0.971329
vt 0.073763 0.971178
vt 0.073538 0.971088
vt 0.073354 0.971070
vt 0.073260 0.971064
vt 0.073923 0.971346
vt 0.072402 0.971608
vt 0.072376 0.972874
vt 0.072391 0.973275
vt 0.072982 0.971243
vt 0.072631 0.971449
vt 0.072756 0.971329
vt 0.072937 0.973263
vt 0.072700 0.973165
vt 0.072590 0.972971
vt 0.072584 0.973303
vt 0.072599 0.973317
vt 0.072706 0.973412
vt 0.072941 0.973462
vt 0.072758 0.971178
vt 0.072613 0.971329
vt 0.072982 0.971088
vt 0.073166 0.971070
vt 0.072598 0.971346
vt 0.568061 0.145315
vt 0.567940 0.145046
vt 0.565142 0.146832
vt 0.559372 0.132944
vt 0.529081 0.139202
vt 0.530524 0.135347
vt 0.556786 0.129745
vt 0.560071 0.134774
vt 0.562209 0.132370
vt 0.562554 0.133133
vt 0.528523 0.140683
vt 0.521345 0.141967
vt 0.521619 0.140478
vt 0.524499 0.151366
vt 0.522462 0.157759
vt 0.518338 0.158224
vt 0.519367 0.152344
vt 0.521698 0.159399
vt 0.517988 0.159784
vt 0.522209 0.136857
vt 0.565693 0.140075
vt 0.562568 0.141316
vt 0.567567 0.144222
vt 0.564350 0.145701
s 1
usemtl マテリアル
f 1799/1222/1238 1796/1223/1238 1797/1224/1238 1798/1225/1238
f 1806/1226/1239 1815/1227/1239 1818/1228/1239 1799/1222/1239
f 1799/1222/1240 1798/1225/1240 1807/1229/1240 1806/1226/1240
f 1798/1225/1241 1809/1230/1241 1813/1231/1241 1807/1229/1241
f 1805/1232/1242 1811/1233/1242 1812/1234/1242 1804/1235/1242
f 1807/1229/1243 1813/1231/1243 1811/1233/1243 1805/1232/1243
f 1804/1235/1244 1812/1234/1244 1810/1236/1244 1803/1237/1244
f 1797/1224/1245 1808/1238/1245 1809/1230/1245 1798/1225/1245
f 1817/1239/1246 1815/1227/1246 1806/1226/1246 1801/1240/1246
f 1814/1241/1247 1817/1239/1247 1801/1240/1247 1802/1242/1247
f 1816/1243/1248 1814/1241/1248 1802/1242/1248 1800/1244/1248
f 1818/1228/1249 1796/1223/1249 1799/1222/1249
f 1862/1245/1250 1861/1246/1250 1860/1247/1250 1859/1248/1250
f 1869/1249/1251 1862/1245/1251 1882/1250/1251 1878/1251/1251
f 1862/1245/1252 1869/1249/1252 1870/1252/1252 1861/1246/1252
f 1861/1246/1253 1870/1252/1253 1876/1253/1253 1872/1254/1253
f 1868/1255/1254 1867/1256/1254 1875/1257/1254 1874/1258/1254
f 1870/1252/1255 1868/1255/1255 1874/1258/1255 1876/1253/1255
f 1867/1256/1256 1866/1259/1256 1873/1260/1256 1875/1257/1256
f 1860/1247/1257 1861/1246/1257 1872/1254/1257 1871/1261/1257
f 1881/1262/1258 1864/1263/1258 1869/1249/1258 1878/1251/1258
f 1877/1264/1259 1865/1265/1259 1864/1263/1259 1881/1262/1259
f 1879/1266/1260 1863/1267/1260 1880/1268/1260
f 1880/1268/1261 1863/1267/1261 1865/1265/1261 1877/1264/1261
f 1882/1250/1262 1862/1245/1262 1859/1248/1262
f 1886/1269/1263 1883/1270/1263 1884/1271/1263 1885/1272/1263
f 1891/1273/1264 1899/1274/1264 1902/1275/1264 1886/1269/1264
f 1886/1269/1265 1885/1272/1265 1892/1276/1265 1891/1273/1265
f 1885/1272/1266 1894/1277/1266 1897/1278/1266 1892/1276/1266
f 1890/1279/1267 1895/1280/1267 1896/1281/1267 1889/1282/1267
f 1892/1276/1268 1897/1278/1268 1895/1280/1268 1890/1279/1268
f 1889/1282/1269 1896/1281/1269 1873/1260/1269 1866/1259/1269
f 1884/1271/1270 1893/1283/1270 1894/1277/1270 1885/1272/1270
f 1901/1284/1271 1899/1274/1271 1891/1273/1271 1887/1285/1271
f 1898/1286/1272 1901/1284/1272 1887/1285/1272 1888/1287/1272
f 1879/1266/1273 1900/1288/1273 1863/1267/1273
f 1900/1288/1274 1898/1286/1274 1888/1287/1274 1863/1267/1274
f 1902/1275/1275 1883/1270/1275 1886/1269/1275
f 1820/1289/1276 1819/1290/1276 1859/1248/1276 1860/1247/1276
f 1829/1291/1277 1820/1289/1277 1860/1247/1277 1871/1261/1277
f 1821/1292/1278 1823/1293/1278 1865/1265/1278 1863/1267/1278
f 1822/1294/1279 1827/1295/1279 1869/1249/1279 1864/1263/1279
f 1823/1293/1280 1822/1294/1280 1864/1263/1280 1865/1265/1280
f 1825/1296/1281 1824/1297/1281 1866/1259/1281 1867/1256/1281
f 1826/1298/1282 1825/1296/1282 1867/1256/1282 1868/1255/1282
f 1828/1299/1283 1826/1298/1283 1868/1255/1283 1870/1252/1283
f 1827/1295/1284 1828/1299/1284 1870/1252/1284 1869/1249/1284
f 1834/1300/1285 1830/1301/1285 1872/1254/1285 1876/1253/1285
f 1833/1302/1286 1832/1303/1286 1874/1258/1286 1875/1257/1286
f 1832/1303/1287 1834/1300/1287 1876/1253/1287 1874/1258/1287
f 1831/1304/1288 1833/1302/1288 1875/1257/1288 1873/1260/1288
f 1830/1301/1289 1829/1291/1289 1871/1261/1289 1872/1254/1289
f 1836/1305/1290 1839/1306/1290 1881/1262/1290 1878/1251/1290
f 1839/1306/1291 1835/1307/1291 1877/1264/1291 1881/1262/1291
f 1838/1308/1292 1837/1309/1292 1879/1266/1292 1880/1268/1292
f 1835/1307/1293 1838/1308/1293 1880/1268/1293 1877/1264/1293
f 1819/1290/1294 1840/1310/1294 1882/1250/1294 1859/1248/1294
f 1840/1310/1295 1836/1305/1295 1878/1251/1295 1882/1250/1295
f 1841/1311/1296 1842/1312/1296 1884/1271/1296 1883/1270/1296
f 1842/1312/1297 1849/1313/1297 1893/1283/1297 1884/1271/1297
f 1844/1314/1298 1821/1292/1298 1863/1267/1298 1888/1287/1298
f 1847/1315/1299 1843/1316/1299 1887/1285/1299 1891/1273/1299
f 1843/1316/1300 1844/1314/1300 1888/1287/1300 1887/1285/1300
f 1824/1297/1301 1845/1317/1301 1889/1282/1301 1866/1259/1301
f 1845/1317/1302 1846/1318/1302 1890/1279/1302 1889/1282/1302
f 1846/1318/1303 1848/1319/1303 1892/1276/1303 1890/1279/1303
f 1848/1319/1304 1847/1315/1304 1891/1273/1304 1892/1276/1304
f 1850/1320/1305 1853/1321/1305 1897/1278/1305 1894/1277/1305
f 1851/1322/1306 1852/1323/1306 1896/1281/1306 1895/1280/1306
f 1853/1321/1307 1851/1322/1307 1895/1280/1307 1897/1278/1307
f 1852/1323/1308 1831/1304/1308 1873/1260/1308 1896/1281/1308
f 1849/1313/1309 1850/1320/1309 1894/1277/1309 1893/1283/1309
f 1857/1324/1310 1855/1325/1310 1899/1274/1310 1901/1284/1310
f 1854/1326/1311 1857/1324/1311 1901/1284/1311 1898/1286/1311
f 1837/1309/1312 1856/1327/1312 1900/1288/1312 1879/1266/1312
f 1856/1327/1313 1854/1326/1313 1898/1286/1313 1900/1288/1313
f 1858/1328/1314 1841/1311/1314 1883/1270/1314 1902/1275/1314
f 1855/1325/1315 1858/1328/1315 1902/1275/1315 1899/1274/1315
f 1906/1329/1316 1907/1330/1316 1903/1331/1316
f 1911/1332/1317 1910/1333/1317 1909/1334/1317 1908/1335/1317
f 1916/1336/1318 1911/1332/1318 1927/1337/1318 1924/1338/1318
f 1911/1332/1319 1916/1336/1319 1917/1339/1319 1910/1333/1319
f 1910/1333/1320 1917/1339/1321 1922/1340/1322 1919/1341/1320
f 1915/1342/1323 1914/1343/1323 1921/1344/1323 1920/1345/1323
f 1917/1339/1321 1915/1342/1324 1920/1345/1324 1922/1340/1322
f 1914/1343/1325 1904/1346/1325 1905/1347/1325 1921/1344/1325
f 1909/1334/1326 1910/1333/1326 1919/1341/1326 1918/1348/1326
f 1926/1349/1327 1912/1350/1327 1916/1336/1327 1924/1338/1327
f 1923/1351/1328 1913/1352/1328 1912/1350/1328 1926/1349/1328
f 1906/1329/1329 1903/1331/1329 1925/1330/1329
f 1925/1330/1330 1903/1331/1330 1913/1352/1330 1923/1351/1330
f 1927/1337/1331 1911/1332/1331 1908/1335/1331
o canopy_r
v 0.436841 1.524402 2.802185
v 0.330496 1.593526 2.835887
v 0.352481 1.435668 3.688880
v 0.000000 1.886248 3.803173
v 0.290376 1.726530 3.759947
v 0.168047 1.850348 3.789253
v 0.344920 1.474744 3.697532
v 0.000000 1.894645 2.748335
v 0.302754 1.726869 2.792661
v 0.174272 1.860211 2.756761
v 0.323310 1.628064 2.824691
v 0.458655 1.341483 3.759433
v 0.355803 1.414103 3.772428
v 0.000000 1.879744 3.867907
v 0.292590 1.709986 3.832449
v 0.169154 1.842475 3.857414
v 0.348107 1.453030 3.780014
v 0.158234 1.849408 2.563457
v 0.000000 1.883843 2.555031
v 0.286716 1.716066 2.599357
v 0.430435 1.552961 2.646065
v 0.304301 1.630092 2.623977
v 0.299776 1.652213 2.617642
v 0.436841 1.524402 2.802185
v 0.000000 1.886248 3.803173
v 0.290376 1.726530 3.759947
v 0.168047 1.850348 3.789253
v 0.344920 1.474744 3.697532
v 0.000000 1.894645 2.748335
v 0.302754 1.726869 2.792661
v 0.174272 1.860211 2.756761
v 0.323310 1.628064 2.824691
v 0.458655 1.341483 3.759433
v 0.355803 1.414103 3.772428
v 0.000000 1.879744 3.867907
v 0.292590 1.709986 3.832449
v 0.169154 1.842475 3.857414
v 0.348107 1.453030 3.780014
v 0.158234 1.849408 2.563457
v 0.000000 1.883843 2.555031
v 0.286716 1.716066 2.599357
v 0.430435 1.552961 2.646065
v 0.304301 1.630092 2.623977
v 0.299776 1.652213 2.617642
v -0.436841 1.524402 2.802185
v -0.290376 1.726530 3.759947
v -0.168047 1.850348 3.789253
v -0.344920 1.474744 3.697532
v -0.302754 1.726869 2.792661
v -0.174272 1.860211 2.756761
v -0.323310 1.628064 2.824691
v -0.458655 1.341483 3.759433
v -0.355803 1.414103 3.772428
v -0.292590 1.709986 3.832449
v -0.169154 1.842475 3.857414
v -0.348107 1.453030 3.780014
v -0.158234 1.849408 2.563457
v -0.286716 1.716066 2.599357
v -0.430435 1.552961 2.646065
v -0.304301 1.630092 2.623977
v -0.299776 1.652213 2.617642
v 0.420283 1.499634 2.798670
v 0.305588 1.576879 2.834306
v 0.326930 1.420128 3.686508
v 0.000000 1.856416 3.800002
v 0.263798 1.712738 3.758115
v 0.152901 1.824650 3.786061
v 0.315518 1.468797 3.697142
v 0.000000 1.864708 2.750270
v 0.275470 1.714746 2.795602
v 0.158732 1.834681 2.759356
v 0.293867 1.622653 2.826640
v 0.440549 1.317933 3.755244
v 0.330607 1.398014 3.769915
v 0.000000 1.849912 3.864736
v 0.265913 1.696380 3.830649
v 0.154452 1.816521 3.854218
v 0.318706 1.447079 3.779595
v 0.144412 1.822898 2.565937
v 0.000000 1.853905 2.556966
v 0.260568 1.701663 2.602331
v 0.414434 1.527767 2.643024
v 0.277731 1.616176 2.624584
v 0.270363 1.646980 2.620375
v -0.420283 1.499634 2.798670
v -0.305588 1.576879 2.834306
v -0.326930 1.420128 3.686508
v -0.263798 1.712738 3.758115
v -0.152901 1.824650 3.786061
v -0.315518 1.468797 3.697142
v -0.275470 1.714746 2.795602
v -0.158732 1.834681 2.759356
v -0.293867 1.622653 2.826640
v -0.440549 1.317933 3.755244
v -0.330607 1.398014 3.769915
v -0.265913 1.696380 3.830649
v -0.154452 1.816521 3.854218
v -0.318706 1.447079 3.779595
v -0.144412 1.822898 2.565937
v -0.260568 1.701663 2.602331
v -0.414434 1.527767 2.643024
v -0.277731 1.616176 2.624584
v -0.270363 1.646980 2.620375
v 0.000000 1.886248 3.803173
v 0.000000 1.894645 2.748335
v 0.000000 1.879744 3.867907
v 0.000000 1.883843 2.555031
v -0.436841 1.524402 2.802185
v -0.330496 1.593526 2.835887
v -0.352481 1.435668 3.688880
v -0.290376 1.726530 3.759947
v -0.168047 1.850348 3.789253
v -0.344920 1.474744 3.697532
v -0.302754 1.726869 2.792661
v -0.174272 1.860211 2.756761
v -0.323310 1.628064 2.824691
v -0.458655 1.341483 3.759433
v -0.355803 1.414103 3.772428
v -0.292590 1.709986 3.832449
v -0.169154 1.842475 3.857414
v -0.348107 1.453030 3.780014
v -0.158234 1.849408 2.563457
v -0.286716 1.716066 2.599357
v -0.430435 1.552961 2.646065
v -0.304301 1.630092 2.623977
v -0.299776 1.652213 2.617642
vn 0.6036 0.7850 0.1397
vn 0.5334 0.8398 0.1014
vn 0.2181 0.9705 0.1032
vn 0.5698 0.8106 0.1353
vn 0.9780 0.2077 0.0172
vn 0.7287 0.6775 0.1004
vn 0.9818 0.1897 0.0110
vn 0.9811 0.1932 0.0108
vn 0.9811 0.1933 0.0108
vn 0.9804 0.1745 -0.0911
vn 0.9804 0.1968 0.0107
vn 0.9804 0.1744 -0.0911
vn 0.2055 0.9766 -0.0631
vn 0.7297 0.6766 -0.0984
vn -0.6149 -0.7764 -0.1380
vn -0.5522 -0.8275 -0.1018
vn -0.2142 -0.9712 -0.1044
vn -0.5817 -0.8024 -0.1330
vn -0.9789 -0.2037 -0.0165
vn -0.7294 -0.6770 -0.0988
vn -0.9734 -0.2280 -0.0200
vn -0.9724 -0.2327 -0.0193
vn -0.9724 -0.2326 -0.0193
vn -0.9698 -0.2286 0.0848
vn -0.9713 -0.2373 -0.0185
vn -0.9832 -0.1587 0.0900
vn -0.2007 -0.9775 0.0645
vn -0.7305 -0.6757 0.0987
vn 0.6149 -0.7764 -0.1380
vn 0.5522 -0.8275 -0.1018
vn 0.2142 -0.9712 -0.1044
vn 0.5817 -0.8024 -0.1330
vn 0.9789 -0.2037 -0.0165
vn 0.7294 -0.6770 -0.0988
vn 0.9734 -0.2280 -0.0200
vn 0.9724 -0.2326 -0.0193
vn 0.9724 -0.2327 -0.0193
vn 0.9698 -0.2286 0.0848
vn 0.9713 -0.2373 -0.0185
vn 0.9832 -0.1587 0.0900
vn 0.2007 -0.9775 0.0645
vn 0.7305 -0.6757 0.0987
vn -0.0586 0.1294 -0.9899
vn -0.0434 0.2325 -0.9716
vn -0.0555 0.1835 -0.9815
vn -0.0347 0.0910 0.9952
vn -0.0142 0.3110 0.9503
vn -0.0638 0.2158 0.9744
vn -0.1821 0.9676 0.1750
vn 0.8155 -0.5650 -0.1256
vn 0.0230 -0.1876 0.9820
vn 0.0260 -0.1909 0.9813
vn 0.0260 -0.1910 0.9813
vn 0.0329 -0.1590 0.9867
vn 0.0289 -0.1942 0.9805
vn 0.0375 -0.1231 0.9917
vn 0.0048 -0.1718 0.9851
vn 0.0384 -0.0872 -0.9954
vn 0.0759 -0.2042 -0.9760
vn 0.8384 -0.5294 -0.1292
vn 0.0050 -0.2921 -0.9564
vn 0.0077 -0.1937 -0.9810
vn 0.1138 -0.0621 -0.9916
vn 0.0586 0.1294 -0.9899
vn 0.0434 0.2325 -0.9716
vn 0.0555 0.1835 -0.9815
vn 0.0347 0.0910 0.9952
vn 0.0142 0.3110 0.9503
vn 0.0638 0.2158 0.9744
vn 0.1821 0.9676 0.1750
vn -0.8155 -0.5650 -0.1256
vn -0.0260 -0.1909 0.9813
vn -0.0230 -0.1876 0.9820
vn -0.0260 -0.1910 0.9813
vn -0.0329 -0.1590 0.9867
vn -0.0289 -0.1942 0.9805
vn -0.0375 -0.1231 0.9917
vn -0.0048 -0.1718 0.9851
vn -0.0384 -0.0872 -0.9954
vn -0.0759 -0.2042 -0.9760
vn -0.8384 -0.5294 -0.1292
vn -0.0050 -0.2921 -0.9564
vn -0.0077 -0.1937 -0.9810
vn -0.1138 -0.0621 -0.9916
vn -0.6036 0.7850 0.1397
vn -0.5334 0.8398 0.1014
vn -0.2180 0.9705 0.1032
vn -0.5698 0.8106 0.1353
vn -0.9780 0.2077 0.0172
vn -0.7287 0.6775 0.1004
vn -0.9818 0.1897 0.0110
vn -0.9811 0.1933 0.0108
vn -0.9811 0.1932 0.0108
vn -0.9804 0.1745 -0.0911
vn -0.9804 0.1968 0.0107
vn -0.9804 0.1744 -0.0911
vn -0.2055 0.9766 -0.0631
vn -0.7297 0.6766 -0.0984
vt 0.237871 0.318910
vt 0.274830 0.325973
vt 0.240595 0.322547
vt 0.237370 0.321714
vt 0.273529 0.328642
vt 0.280858 0.327075
vt 0.281710 0.330053
vt 0.234089 0.338253
vt 0.236720 0.338557
vt 0.236183 0.339943
vt 0.233683 0.339692
vt 0.237077 0.323217
vt 0.240261 0.324055
vt 0.237852 0.333777
vt 0.235052 0.333138
vt 0.281955 0.330907
vt 0.273961 0.329975
vt 0.282661 0.333373
vt 0.275198 0.333790
vt 0.276584 0.338938
vt 0.284047 0.338521
vt 0.284372 0.339850
vt 0.276909 0.340267
vt 0.074081 0.973952
vt 0.073876 0.973924
vt 0.073869 0.974080
vt 0.074043 0.975733
vt 0.073829 0.975666
vt 0.073777 0.976057
vt 0.074032 0.976022
vt 0.073548 0.973767
vt 0.073260 0.973748
vt 0.073260 0.973868
vt 0.073545 0.973894
vt 0.073854 0.973906
vt 0.073755 0.973811
vt 0.073751 0.973946
vt 0.073848 0.974060
vt 0.073807 0.975681
vt 0.073764 0.976065
vt 0.073773 0.975738
vt 0.073745 0.976098
vt 0.073556 0.975806
vt 0.073260 0.975823
vt 0.073260 0.976183
vt 0.073529 0.976166
vt 0.072440 0.973952
vt 0.072478 0.975733
vt 0.072652 0.974080
vt 0.072645 0.973924
vt 0.072691 0.975666
vt 0.072489 0.976022
vt 0.072743 0.976057
vt 0.072973 0.973767
vt 0.072976 0.973894
vt 0.072667 0.973906
vt 0.072673 0.974060
vt 0.072769 0.973946
vt 0.072765 0.973811
vt 0.072757 0.976065
vt 0.072713 0.975681
vt 0.072775 0.976098
vt 0.072747 0.975738
vt 0.072965 0.975806
vt 0.072991 0.976166
vt 0.073260 0.973862
vt 0.073573 0.973888
vt 0.073801 0.973943
vt 0.073903 0.974059
vt 0.073585 0.975811
vt 0.073260 0.975826
vt 0.073862 0.975684
vt 0.073824 0.975744
vt 0.074074 0.975726
vt 0.074114 0.973944
vt 0.073923 0.973920
vt 0.073908 0.973905
vt 0.073805 0.973808
vt 0.073575 0.973761
vt 0.073260 0.973742
vt 0.073260 0.976186
vt 0.073555 0.976171
vt 0.073794 0.976104
vt 0.074062 0.976017
vt 0.073818 0.976070
vt 0.073827 0.976058
vt 0.072947 0.973888
vt 0.072618 0.974059
vt 0.072720 0.973943
vt 0.072936 0.975811
vt 0.072697 0.975744
vt 0.072658 0.975684
vt 0.072406 0.973944
vt 0.072447 0.975726
vt 0.072612 0.973905
vt 0.072598 0.973920
vt 0.072945 0.973761
vt 0.072716 0.973808
vt 0.072966 0.976171
vt 0.072726 0.976104
vt 0.072459 0.976017
vt 0.072702 0.976070
vt 0.072694 0.976058
vt 0.508342 0.139575
vt 0.508844 0.142379
vt 0.505618 0.143212
vt 0.471384 0.146638
vt 0.472685 0.149307
vt 0.464504 0.150718
vt 0.465356 0.147740
vt 0.512125 0.158918
vt 0.512531 0.160357
vt 0.510031 0.160608
vt 0.509494 0.159222
vt 0.509137 0.143882
vt 0.511162 0.153803
vt 0.508362 0.154442
vt 0.505953 0.144721
vt 0.472253 0.150640
vt 0.464259 0.151572
vt 0.471016 0.154455
vt 0.463553 0.154038
vt 0.469630 0.159603
vt 0.469305 0.160933
vt 0.461842 0.160515
vt 0.462167 0.159186
s 1
usemtl マテリアル
f 1939/1353/1332 1928/1354/1332 1930/1355/1332 1940/1356/1332
f 1929/1357/1333 1928/1354/1333 1948/1358/1333 1949/1359/1333
f 1943/1360/1334 1933/1361/1334 1931/1362/1334 1941/1363/1334
f 1930/1355/1335 1928/1354/1335 1929/1357/1335
f 1944/1364/1336 1934/1365/1336 1932/1366/1336 1942/1367/1336
f 1942/1367/1337 1932/1366/1337 1933/1361/1337 1943/1360/1337
f 1940/1356/1338 1930/1355/1339 1934/1365/1340 1944/1364/1338
f 1929/1357/1341 1949/1359/1341 1950/1368/1341 1938/1369/1341
f 1929/1357/1342 1938/1369/1342 1934/1365/1340 1930/1355/1340
f 1938/1369/1343 1950/1368/1343 1947/1370/1343 1936/1371/1343
f 1937/1372/1344 1945/1373/1344 1946/1374/1344 1935/1375/1344
f 1936/1371/1345 1947/1370/1345 1945/1373/1345 1937/1372/1345
f 2000/1376/1346 2001/1377/1346 1991/1378/1346 1989/1379/1346
f 1990/1380/1347 2010/1381/1347 2009/1382/1347 1989/1379/1347
f 2004/1383/1348 2002/1384/1348 1992/1385/1348 1994/1386/1348
f 1991/1378/1349 1990/1380/1349 1989/1379/1349
f 2005/1387/1350 2003/1388/1350 1993/1389/1350 1995/1390/1350
f 2003/1388/1351 2004/1383/1351 1994/1386/1351 1993/1389/1351
f 2001/1377/1352 2005/1387/1352 1995/1390/1353 1991/1378/1354
f 1990/1380/1355 1999/1391/1355 2011/1392/1355 2010/1381/1355
f 1990/1380/1356 1991/1378/1354 1995/1390/1353 1999/1391/1356
f 1999/1391/1357 1997/1393/1357 2008/1394/1357 2011/1392/1357
f 1998/1395/1358 1996/1396/1358 2007/1397/1358 2006/1398/1358
f 1997/1393/1359 1998/1395/1359 2006/1398/1359 2008/1394/1359
f 2021/1399/1360 2012/1400/1360 2014/1401/1360 2022/1402/1360
f 2013/1403/1361 2012/1400/1361 2028/1404/1361 2029/1405/1361
f 2024/1406/1362 2016/1407/1362 1992/1385/1362 2002/1384/1362
f 2014/1401/1363 2012/1400/1363 2013/1403/1363
f 2025/1408/1364 2017/1409/1364 2015/1410/1364 2023/1411/1364
f 2023/1411/1365 2015/1410/1365 2016/1407/1365 2024/1406/1365
f 2022/1402/1366 2014/1401/1367 2017/1409/1368 2025/1408/1366
f 2013/1403/1369 2029/1405/1369 2030/1412/1369 2020/1413/1369
f 2013/1403/1370 2020/1413/1370 2017/1409/1368 2014/1401/1367
f 2020/1413/1371 2030/1412/1371 2027/1414/1371 2018/1415/1371
f 2019/1416/1372 2026/1417/1372 2007/1397/1372 1996/1396/1372
f 2018/1415/1373 2027/1414/1373 2026/1417/1373 2019/1416/1373
f 1952/1418/1374 1954/1419/1374 1994/1386/1374 1992/1385/1374
f 1953/1420/1375 1955/1421/1375 1995/1390/1375 1993/1389/1375
f 1954/1419/1376 1953/1420/1376 1993/1389/1376 1994/1386/1376
f 1958/1422/1377 1956/1423/1377 1996/1396/1377 1998/1395/1377
f 1959/1424/1378 1957/1425/1378 1997/1393/1378 1999/1391/1378
f 1957/1425/1379 1958/1422/1379 1998/1395/1379 1997/1393/1379
f 1955/1421/1380 1959/1424/1380 1999/1391/1380 1995/1390/1380
f 1951/1426/1381 1960/1427/1381 2000/1376/1381 1989/1379/1381
f 1961/1428/1382 1965/1429/1383 2005/1387/1384 2001/1377/1382
f 1963/1430/1385 1964/1431/1385 2004/1383/1385 2003/1388/1385
f 1965/1429/1383 1963/1430/1386 2003/1388/1386 2005/1387/1384
f 1964/1431/1387 1962/1432/1387 2002/1384/1387 2004/1383/1387
f 1960/1427/1388 1961/1428/1388 2001/1377/1388 2000/1376/1388
f 1967/1433/1389 1966/1434/1389 2006/1398/1389 2007/1397/1389
f 1966/1434/1390 1968/1435/1390 2008/1394/1390 2006/1398/1390
f 1969/1436/1391 1951/1426/1391 1989/1379/1391 2009/1382/1391
f 1968/1435/1392 1971/1437/1392 2011/1392/1392 2008/1394/1392
f 1971/1437/1393 1970/1438/1393 2010/1381/1393 2011/1392/1393
f 1970/1438/1394 1969/1436/1394 2009/1382/1394 2010/1381/1394
f 1974/1439/1395 1952/1418/1395 1992/1385/1395 2016/1407/1395
f 1975/1440/1396 1973/1441/1396 2015/1410/1396 2017/1409/1396
f 1973/1441/1397 1974/1439/1397 2016/1407/1397 2015/1410/1397
f 1956/1423/1398 1977/1442/1398 2019/1416/1398 1996/1396/1398
f 1976/1443/1399 1978/1444/1399 2020/1413/1399 2018/1415/1399
f 1977/1442/1400 1976/1443/1400 2018/1415/1400 2019/1416/1400
f 1978/1444/1401 1975/1440/1401 2017/1409/1401 2020/1413/1401
f 1979/1445/1402 1972/1446/1402 2012/1400/1402 2021/1399/1402
f 1983/1447/1403 1980/1448/1404 2022/1402/1404 2025/1408/1405
f 1982/1449/1406 1981/1450/1406 2023/1411/1406 2024/1406/1406
f 1981/1450/1407 1983/1447/1403 2025/1408/1405 2023/1411/1407
f 1962/1432/1408 1982/1449/1408 2024/1406/1408 2002/1384/1408
f 1980/1448/1409 1979/1445/1409 2021/1399/1409 2022/1402/1409
f 1984/1451/1410 1967/1433/1410 2007/1397/1410 2026/1417/1410
f 1985/1452/1411 1984/1451/1411 2026/1417/1411 2027/1414/1411
f 1972/1446/1412 1986/1453/1412 2028/1404/1412 2012/1400/1412
f 1988/1454/1413 1985/1452/1413 2027/1414/1413 2030/1412/1413
f 1987/1455/1414 1988/1454/1414 2030/1412/1414 2029/1405/1414
f 1986/1453/1415 1987/1455/1415 2029/1405/1415 2028/1404/1415
f 2044/1456/1416 2045/1457/1416 2037/1458/1416 2035/1459/1416
f 2036/1460/1417 2052/1461/1417 2051/1462/1417 2035/1459/1417
f 2047/1463/1418 2033/1464/1418 2031/1465/1418 2039/1466/1418
f 2037/1458/1419 2036/1460/1419 2035/1459/1419
f 2048/1467/1420 2046/1468/1420 2038/1469/1420 2040/1470/1420
f 2046/1468/1421 2047/1463/1421 2039/1466/1421 2038/1469/1421
f 2045/1457/1422 2048/1467/1422 2040/1470/1423 2037/1458/1424
f 2036/1460/1425 2043/1471/1425 2053/1472/1425 2052/1461/1425
f 2036/1460/1426 2037/1458/1424 2040/1470/1423 2043/1471/1426
f 2043/1471/1425 2041/1473/1427 2050/1474/1427 2053/1472/1425
f 2042/1475/1428 2032/1476/1428 2034/1477/1428 2049/1478/1428
f 2041/1473/1429 2042/1475/1429 2049/1478/1429 2050/1474/1429
o cockpit
v 0.153957 0.704391 5.431540
v 0.165461 0.699626 5.431540
v 0.170226 0.688123 5.431540
v 0.165461 0.676619 5.431540
v 0.153957 0.671854 5.431540
v 0.142454 0.676619 5.431540
v 0.137689 0.688123 5.431540
v 0.142454 0.699626 5.431540
v 0.162997 0.697163 5.426807
v 0.153957 0.700907 5.426807
v 0.166742 0.688123 5.426807
v 0.162997 0.679082 5.426807
v 0.153957 0.675338 5.426807
v 0.144917 0.679082 5.426807
v 0.141173 0.688123 5.426807
v 0.144917 0.697163 5.426807
v 0.165461 0.699626 5.426807
v 0.153957 0.704391 5.426807
v 0.170226 0.688123 5.426807
v 0.165461 0.676619 5.426807
v 0.153957 0.671854 5.426807
v 0.142454 0.676619 5.426807
v 0.137689 0.688123 5.426807
v 0.142454 0.699626 5.426807
v 0.162997 0.697163 5.423000
v 0.153957 0.700907 5.423000
v 0.166742 0.688123 5.423000
v 0.162997 0.679082 5.423000
v 0.153957 0.675338 5.423000
v 0.144917 0.679082 5.423000
v 0.141173 0.688123 5.423000
v 0.144917 0.697163 5.423000
v 0.353252 0.664575 5.430799
v 0.362886 0.660584 5.430799
v 0.366876 0.650951 5.430799
v 0.362886 0.641318 5.430799
v 0.353252 0.637328 5.430799
v 0.343619 0.641318 5.430799
v 0.339629 0.650951 5.430799
v 0.343619 0.660584 5.430799
v 0.360823 0.658522 5.426837
v 0.353252 0.661658 5.426837
v 0.363959 0.650951 5.426837
v 0.360823 0.643381 5.426837
v 0.353252 0.640245 5.426837
v 0.345682 0.643381 5.426837
v 0.342546 0.650951 5.426837
v 0.345682 0.658522 5.426837
v 0.362886 0.660584 5.426837
v 0.353252 0.664575 5.426837
v 0.366876 0.650951 5.426837
v 0.362886 0.641318 5.426837
v 0.353252 0.637328 5.426837
v 0.343619 0.641318 5.426837
v 0.339629 0.650951 5.426837
v 0.343619 0.660584 5.426837
v 0.360823 0.658522 5.423648
v 0.353252 0.661658 5.423648
v 0.363959 0.650951 5.423648
v 0.360823 0.643381 5.423648
v 0.353252 0.640245 5.423648
v 0.345682 0.643381 5.423648
v 0.342546 0.650951 5.423648
v 0.345682 0.658522 5.423648
v 0.353252 0.716599 5.430799
v 0.362886 0.712608 5.430799
v 0.366876 0.702975 5.430799
v 0.362886 0.693342 5.430799
v 0.353252 0.689352 5.430799
v 0.343619 0.693342 5.430799
v 0.339629 0.702975 5.430799
v 0.343619 0.712608 5.430799
v 0.360823 0.710546 5.426837
v 0.353252 0.713681 5.426837
v 0.363959 0.702975 5.426837
v 0.360823 0.695405 5.426837
v 0.353252 0.692269 5.426837
v 0.345682 0.695405 5.426837
v 0.342546 0.702975 5.426837
v 0.345682 0.710546 5.426837
v 0.362886 0.712608 5.426837
v 0.353252 0.716599 5.426837
v 0.366876 0.702975 5.426837
v 0.362886 0.693342 5.426837
v 0.353252 0.689352 5.426837
v 0.343619 0.693342 5.426837
v 0.339629 0.702975 5.426837
v 0.343619 0.712608 5.426837
v 0.360823 0.710546 5.423648
v 0.353252 0.713681 5.423648
v 0.363959 0.702975 5.423648
v 0.360823 0.695405 5.423648
v 0.353252 0.692269 5.423648
v 0.345682 0.695405 5.423648
v 0.342546 0.702975 5.423648
v 0.345682 0.710546 5.423648
v 0.271962 0.634901 5.461209
v 0.271962 0.718985 5.461209
v 0.271962 0.634901 5.429239
v 0.271962 0.718985 5.429239
v 0.440819 0.634901 5.429239
v 0.440819 0.718985 5.429239
v 0.440819 0.634901 5.461209
v 0.440819 0.718985 5.461209
v 0.397714 0.727543 5.429239
v 0.295700 0.727543 5.429239
v 0.295700 0.912092 5.429239
v 0.397715 0.912092 5.429239
v 0.295700 0.727543 5.461209
v 0.397715 0.727543 5.461209
v 0.397714 0.912092 5.461209
v 0.295700 0.912092 5.461209
v 0.470654 0.857426 5.872512
v 0.474721 0.802165 6.163361
v 0.461148 1.086870 5.014157
v 0.436841 1.524402 2.802185
v 0.474821 1.231962 4.333943
v 0.467054 1.271061 4.118575
v 0.458655 1.341483 3.759433
v 0.430435 1.552961 2.646065
v 0.450801 0.835478 5.867598
v 0.453751 0.781141 6.159097
v 0.441295 1.064922 5.009243
v 0.416988 1.502454 2.797271
v 0.454968 1.210014 4.329029
v 0.447201 1.249113 4.113661
v 0.438803 1.319535 3.754519
v 0.410583 1.531013 2.641151
v 0.450801 0.289435 5.867598
v 0.454868 0.289435 6.158446
v 0.441295 0.289435 5.009243
v 0.416988 0.525101 2.797271
v 0.454968 0.289435 4.159651
v 0.447201 0.525101 4.113661
v 0.438803 0.525101 3.754519
v 0.410583 0.525101 2.641151
v 0.000000 0.289435 5.867598
v 0.000000 0.289435 6.158446
v 0.000000 0.289435 5.009243
v 0.000000 0.289435 4.159651
v 0.000000 0.525101 4.113661
v 0.000000 0.525101 2.641151
v 0.286698 0.903259 6.351509
v 0.000000 0.947263 6.462737
v 0.000000 0.781141 6.159096
v 0.000000 1.531013 2.641151
v 0.282799 1.609221 2.622531
v 0.270363 1.646980 2.620375
v 0.259465 1.703871 2.602299
v 0.142324 1.824108 2.566053
v 0.000000 1.853908 2.557007
v 0.438803 0.525101 3.754519
v 0.447201 0.525101 4.113661
v 0.416988 0.525101 2.797271
v 0.410583 0.525101 2.641151
v 0.000000 0.525101 3.754519
v 0.000000 0.525101 4.113661
v 0.000000 0.525101 2.797271
v 0.000000 0.525101 2.641151
v -0.470654 0.857426 5.872511
v -0.474721 0.802165 6.163360
v -0.461148 1.086870 5.014157
v -0.436841 1.524402 2.802185
v -0.474821 1.231962 4.333943
v -0.467054 1.271061 4.118575
v -0.458655 1.341483 3.759433
v -0.430435 1.552961 2.646065
v -0.450801 0.835478 5.867598
v -0.453751 0.781141 6.159096
v -0.441295 1.064922 5.009243
v -0.416988 1.502454 2.797271
v -0.454968 1.210014 4.329029
v -0.447201 1.249113 4.113661
v -0.438803 1.319535 3.754519
v -0.410583 1.531013 2.641151
v -0.450801 0.289435 5.867598
v -0.454868 0.289435 6.158446
v -0.441295 0.289435 5.009243
v -0.416988 0.525101 2.797271
v -0.454968 0.289435 4.159652
v -0.447201 0.525101 4.113661
v -0.438803 0.525101 3.754519
v -0.410583 0.525101 2.641151
v -0.286698 0.903259 6.351509
v -0.282799 1.609221 2.622531
v -0.270363 1.646980 2.620375
v -0.259465 1.703871 2.602299
v -0.142324 1.824108 2.566053
v -0.438803 0.525101 3.754519
v -0.447201 0.525101 4.113661
v -0.416988 0.525101 2.797271
v -0.410583 0.525101 2.641151
v 0.450801 0.835478 5.867598
v 0.379101 0.780059 6.159097
v 0.239346 0.883479 6.355013
v 0.000000 0.781141 6.159096
v 0.314538 1.006397 5.865019
v 0.346356 1.060754 5.434543
v 0.000000 1.060754 5.434543
v 0.000000 0.884560 6.355013
v 0.259608 1.162277 5.434543
v 0.000000 1.162277 5.434543
v 0.102717 1.260140 5.434543
v 0.116645 1.119998 5.865019
v 0.000000 1.260140 5.434543
v 0.000000 1.119998 5.865019
v 0.379101 0.630925 6.159096
v 0.450801 0.630925 5.867598
v 0.270363 0.630926 5.434542
v 0.000000 0.630925 6.159096
v 0.000000 0.630926 5.434542
v 0.189550 0.780600 6.159097
v 0.119673 0.884019 6.355013
v 0.160683 0.630925 6.159096
v 0.106534 0.630925 5.867598
v 0.106534 0.630926 5.434542
v 0.450801 0.953282 5.434543
v 0.450801 0.630926 5.434542
v 0.270363 0.630925 5.867598
v 0.000000 0.630925 5.867598
v 0.106534 0.283657 5.434542
v 0.000000 0.283657 5.434542
v 0.270363 0.283657 5.867598
v 0.106534 0.283657 5.867598
v 0.270363 0.283657 5.434542
v 0.450801 0.283657 5.434542
v 0.450801 0.283657 5.867598
v 0.000000 0.283657 5.867598
v 0.270363 0.630925 4.090198
v 0.450801 0.630925 4.090198
v 0.270363 0.283657 4.090198
v 0.450801 0.283657 4.090198
v 0.346356 1.060754 5.434543
v 0.259608 1.162277 5.434543
v 0.102717 1.260140 5.434543
v 0.000000 1.260140 5.434543
v 0.346356 1.097638 5.299896
v 0.259608 1.199160 5.299896
v 0.102717 1.297024 5.299896
v 0.000000 1.297024 5.299896
v 0.331386 1.047963 5.431039
v 0.246570 1.147649 5.430535
v 0.097139 1.241616 5.429468
v 0.000000 1.240851 5.429258
v 0.331386 1.084846 5.296392
v 0.247084 1.184120 5.295776
v 0.097618 1.278372 5.294786
v 0.000000 1.277734 5.294612
v 0.000000 0.419185 5.434542
v 0.106534 0.419185 5.434542
v 0.106534 0.283657 5.145718
v 0.000000 0.283657 5.145718
v 0.000000 0.419186 5.145718
v 0.106534 0.419186 5.145718
v -0.450801 0.835478 5.867598
v -0.379101 0.780059 6.159096
v -0.239346 0.883479 6.355013
v -0.314538 1.006397 5.865019
v -0.346356 1.060754 5.434543
v -0.259608 1.162277 5.434543
v -0.102717 1.260140 5.434543
v -0.116645 1.119998 5.865019
v -0.379101 0.630925 6.159096
v -0.450801 0.630925 5.867598
v -0.270363 0.630926 5.434542
v -0.189550 0.780600 6.159096
v -0.119673 0.884019 6.355013
v -0.160683 0.630925 6.159096
v -0.106534 0.630925 5.867598
v -0.106534 0.630926 5.434542
v -0.450801 0.953282 5.434543
v -0.450801 0.630926 5.434542
v -0.270363 0.630925 5.867598
v -0.106534 0.283657 5.434542
v -0.270363 0.283657 5.867598
v -0.106534 0.283657 5.867598
v -0.270363 0.283657 5.434542
v -0.450801 0.283657 5.434543
v -0.450801 0.283657 5.867598
v -0.270363 0.630925 4.090198
v -0.450801 0.630925 4.090198
v -0.270363 0.283657 4.090198
v -0.450801 0.283657 4.090198
v -0.346356 1.060754 5.434543
v -0.259608 1.162277 5.434543
v -0.102717 1.260140 5.434543
v -0.346356 1.097638 5.299896
v -0.259608 1.199160 5.299896
v -0.102717 1.297024 5.299896
v -0.331386 1.047963 5.431039
v -0.246570 1.147649 5.430535
v -0.097139 1.241616 5.429468
v -0.331386 1.084846 5.296392
v -0.247084 1.184120 5.295776
v -0.097618 1.278372 5.294786
v -0.106534 0.419185 5.434542
v -0.106534 0.283657 5.145718
v -0.106534 0.419186 5.145718
v -0.405024 0.871605 3.072203
v -0.394453 0.871605 3.072203
v -0.405024 0.871605 3.043959
v -0.394453 0.871605 3.043959
v -0.407657 0.868348 3.074836
v -0.391820 0.868348 3.074836
v -0.407657 0.868348 3.041326
v -0.391820 0.868348 3.041326
v -0.407657 0.871605 3.074836
v -0.391820 0.871605 3.074836
v -0.407657 0.871605 3.041326
v -0.391820 0.871605 3.041326
v -0.405024 0.873653 3.072203
v -0.394453 0.873653 3.072203
v -0.405024 0.873653 3.043959
v -0.394453 0.873653 3.043959
v -0.386020 0.871605 3.072203
v -0.375448 0.871605 3.072203
v -0.386020 0.871605 3.043959
v -0.375448 0.871605 3.043959
v -0.388652 0.868348 3.074836
v -0.372816 0.868348 3.074836
v -0.388652 0.868348 3.041326
v -0.372816 0.868348 3.041326
v -0.388652 0.871605 3.074836
v -0.372816 0.871605 3.074836
v -0.388652 0.871605 3.041326
v -0.372816 0.871605 3.041326
v -0.386020 0.873653 3.072203
v -0.375448 0.873653 3.072203
v -0.386020 0.873653 3.043959
v -0.375448 0.873653 3.043959
v -0.367016 0.871605 3.072203
v -0.356444 0.871605 3.072203
v -0.367016 0.871605 3.043959
v -0.356444 0.871605 3.043959
v -0.369648 0.868348 3.074836
v -0.353811 0.868348 3.074836
v -0.369648 0.868348 3.041326
v -0.353811 0.868348 3.041326
v -0.369648 0.871605 3.074836
v -0.353811 0.871605 3.074836
v -0.369648 0.871605 3.041326
v -0.353811 0.871605 3.041326
v -0.367016 0.873653 3.072203
v -0.356444 0.873653 3.072203
v -0.367016 0.873653 3.043959
v -0.356444 0.873653 3.043959
v -0.405024 0.871605 3.116403
v -0.394453 0.871605 3.116403
v -0.405024 0.871605 3.088158
v -0.394453 0.871605 3.088158
v -0.407657 0.868348 3.119035
v -0.391820 0.868348 3.119035
v -0.407657 0.868348 3.085526
v -0.391820 0.868348 3.085526
v -0.407657 0.871605 3.119035
v -0.391820 0.871605 3.119035
v -0.407657 0.871605 3.085526
v -0.391820 0.871605 3.085526
v -0.405024 0.873653 3.116403
v -0.394453 0.873653 3.116403
v -0.405024 0.873653 3.088158
v -0.394453 0.873653 3.088158
v -0.386020 0.871605 3.116403
v -0.375448 0.871605 3.116403
v -0.386020 0.871605 3.088158
v -0.375448 0.871605 3.088158
v -0.388652 0.868348 3.119035
v -0.372816 0.868348 3.119035
v -0.388652 0.868348 3.085526
v -0.372816 0.868348 3.085526
v -0.388652 0.871605 3.119035
v -0.372816 0.871605 3.119035
v -0.388652 0.871605 3.085526
v -0.372816 0.871605 3.085526
v -0.386020 0.873653 3.116403
v -0.375448 0.873653 3.116403
v -0.386020 0.873653 3.088158
v -0.375448 0.873653 3.088158
v -0.367016 0.871605 3.116403
v -0.356444 0.871605 3.116403
v -0.367016 0.871605 3.088158
v -0.356444 0.871605 3.088158
v -0.369648 0.868348 3.119035
v -0.353811 0.868348 3.119035
v -0.369648 0.868348 3.085526
v -0.353811 0.868348 3.085526
v -0.369648 0.871605 3.119035
v -0.353811 0.871605 3.119035
v -0.369648 0.871605 3.085526
v -0.353811 0.871605 3.085526
v -0.367016 0.873653 3.116403
v -0.356444 0.873653 3.116403
v -0.367016 0.873653 3.088158
v -0.356444 0.873653 3.088158
v -0.339082 0.855432 3.372889
v -0.331048 0.875432 3.364855
v -0.339082 0.855432 3.352889
v -0.331048 0.875432 3.360923
v -0.319082 0.855432 3.372889
v -0.327116 0.875432 3.364855
v -0.319082 0.855432 3.352889
v -0.327116 0.875432 3.360923
v -0.339082 0.875432 3.372889
v -0.339082 0.875432 3.352889
v -0.319082 0.875432 3.352889
v -0.319082 0.875432 3.372889
v -0.333299 0.903672 3.367106
v -0.333299 0.903672 3.358672
v -0.324865 0.903672 3.358672
v -0.324865 0.903672 3.367106
v -0.339082 0.855432 3.299203
v -0.331048 0.875432 3.291169
v -0.339082 0.855432 3.279203
v -0.331048 0.875432 3.287237
v -0.319082 0.855432 3.299203
v -0.327116 0.875432 3.291169
v -0.319082 0.855432 3.279203
v -0.327116 0.875432 3.287237
v -0.339082 0.875432 3.299203
v -0.339082 0.875432 3.279203
v -0.319082 0.875432 3.279203
v -0.319082 0.875432 3.299203
v -0.333299 0.903672 3.293420
v -0.333299 0.903672 3.284986
v -0.324865 0.903672 3.284986
v -0.324865 0.903672 3.293420
v -0.422870 0.855432 3.599051
v -0.414836 0.875432 3.591017
v -0.422870 0.855432 3.579051
v -0.414836 0.875432 3.587085
v -0.402870 0.855432 3.599051
v -0.410904 0.875432 3.591017
v -0.402870 0.855432 3.579051
v -0.410904 0.875432 3.587085
v -0.422870 0.875432 3.599051
v -0.422870 0.875432 3.579051
v -0.402870 0.875432 3.579051
v -0.402870 0.875432 3.599051
v -0.417087 0.903672 3.593268
v -0.417087 0.903672 3.584834
v -0.408653 0.903672 3.584834
v -0.408653 0.903672 3.593268
v -0.384870 0.855432 3.599051
v -0.376836 0.875432 3.591017
v -0.384870 0.855432 3.579051
v -0.376836 0.875432 3.587085
v -0.364870 0.855432 3.599051
v -0.372904 0.875432 3.591017
v -0.364870 0.855432 3.579051
v -0.372904 0.875432 3.587085
v -0.384870 0.875432 3.599051
v -0.384870 0.875432 3.579051
v -0.364870 0.875432 3.579051
v -0.364870 0.875432 3.599051
v -0.379087 0.903672 3.593268
v -0.379087 0.903672 3.584834
v -0.370653 0.903672 3.584834
v -0.370653 0.903672 3.593268
v -0.346870 0.855432 3.599051
v -0.338836 0.875432 3.591017
v -0.346870 0.855432 3.579051
v -0.338836 0.875432 3.587085
v -0.326870 0.855432 3.599051
v -0.334904 0.875432 3.591017
v -0.326870 0.855432 3.579051
v -0.334904 0.875432 3.587085
v -0.346870 0.875432 3.599051
v -0.346870 0.875432 3.579051
v -0.326870 0.875432 3.579051
v -0.326870 0.875432 3.599051
v -0.341087 0.903672 3.593268
v -0.341087 0.903672 3.584834
v -0.332653 0.903672 3.584834
v -0.332653 0.903672 3.593268
v -0.308870 0.855432 3.599051
v -0.300836 0.875432 3.591017
v -0.308870 0.855432 3.579051
v -0.300836 0.875432 3.587085
v -0.288870 0.855432 3.599051
v -0.296904 0.875432 3.591017
v -0.288870 0.855432 3.579051
v -0.296904 0.875432 3.587085
v -0.308870 0.875432 3.599051
v -0.308870 0.875432 3.579051
v -0.288870 0.875432 3.579051
v -0.288870 0.875432 3.599051
v -0.303087 0.903672 3.593268
v -0.303087 0.903672 3.584834
v -0.294653 0.903672 3.584834
v -0.294653 0.903672 3.593268
v -0.422870 0.855432 3.526263
v -0.414836 0.875432 3.518229
v -0.422870 0.855432 3.506263
v -0.414836 0.875432 3.514297
v -0.402870 0.855432 3.526263
v -0.410904 0.875432 3.518229
v -0.402870 0.855432 3.506263
v -0.410904 0.875432 3.514297
v -0.422870 0.875432 3.526263
v -0.422870 0.875432 3.506263
v -0.402870 0.875432 3.506263
v -0.402870 0.875432 3.526263
v -0.417087 0.903672 3.520480
v -0.417087 0.903672 3.512046
v -0.408653 0.903672 3.512046
v -0.408653 0.903672 3.520480
v -0.384870 0.855432 3.526263
v -0.376836 0.875432 3.518229
v -0.384870 0.855432 3.506263
v -0.376836 0.875432 3.514297
v -0.364870 0.855432 3.526263
v -0.372904 0.875432 3.518229
v -0.364870 0.855432 3.506263
v -0.372904 0.875432 3.514297
v -0.384870 0.875432 3.526263
v -0.384870 0.875432 3.506263
v -0.364870 0.875432 3.506263
v -0.364870 0.875432 3.526263
v -0.379087 0.903672 3.520480
v -0.379087 0.903672 3.512046
v -0.370653 0.903672 3.512046
v -0.370653 0.903672 3.520480
v -0.346870 0.855432 3.526263
v -0.338836 0.875432 3.518229
v -0.346870 0.855432 3.506263
v -0.338836 0.875432 3.514297
v -0.326870 0.855432 3.526263
v -0.334904 0.875432 3.518229
v -0.326870 0.855432 3.506263
v -0.334904 0.875432 3.514297
v -0.346870 0.875432 3.526263
v -0.346870 0.875432 3.506263
v -0.326870 0.875432 3.506263
v -0.326870 0.875432 3.526263
v -0.341087 0.903672 3.520480
v -0.341087 0.903672 3.512046
v -0.332653 0.903672 3.512046
v -0.332653 0.903672 3.520480
v -0.308870 0.855432 3.526263
v -0.300836 0.875432 3.518229
v -0.308870 0.855432 3.506263
v -0.300836 0.875432 3.514297
v -0.288870 0.855432 3.526263
v -0.296904 0.875432 3.518229
v -0.288870 0.855432 3.506263
v -0.296904 0.875432 3.514297
v -0.308870 0.875432 3.526263
v -0.308870 0.875432 3.506263
v -0.288870 0.875432 3.506263
v -0.288870 0.875432 3.526263
v -0.303087 0.903672 3.520480
v -0.303087 0.903672 3.512046
v -0.294653 0.903672 3.512046
v -0.294653 0.903672 3.520480
v 0.282306 0.855432 3.639051
v 0.290340 0.875432 3.631017
v 0.282306 0.855432 3.619051
v 0.290340 0.875432 3.627085
v 0.302306 0.855432 3.639051
v 0.294272 0.875432 3.631017
v 0.302306 0.855432 3.619051
v 0.294272 0.875432 3.627085
v 0.282306 0.875432 3.639051
v 0.282306 0.875432 3.619051
v 0.302306 0.875432 3.619051
v 0.302306 0.875432 3.639051
v 0.288089 0.903672 3.633268
v 0.288089 0.903672 3.624834
v 0.296523 0.903672 3.624834
v 0.296523 0.903672 3.633268
v 0.330306 0.855432 3.639051
v 0.338340 0.875432 3.631017
v 0.330306 0.855432 3.619051
v 0.338340 0.875432 3.627085
v 0.350306 0.855432 3.639051
v 0.342272 0.875432 3.631017
v 0.350306 0.855432 3.619051
v 0.342272 0.875432 3.627085
v 0.330306 0.875432 3.639051
v 0.330306 0.875432 3.619051
v 0.350306 0.875432 3.619051
v 0.350306 0.875432 3.639051
v 0.336089 0.903672 3.633268
v 0.336089 0.903672 3.624834
v 0.344523 0.903672 3.624834
v 0.344523 0.903672 3.633268
v 0.378306 0.855432 3.639051
v 0.386340 0.875432 3.631017
v 0.378306 0.855432 3.619051
v 0.386340 0.875432 3.627085
v 0.398306 0.855432 3.639051
v 0.390272 0.875432 3.631017
v 0.398306 0.855432 3.619051
v 0.390272 0.875432 3.627085
v 0.378306 0.875432 3.639051
v 0.378306 0.875432 3.619051
v 0.398306 0.875432 3.619051
v 0.398306 0.875432 3.639051
v 0.384089 0.903672 3.633268
v 0.384089 0.903672 3.624834
v 0.392523 0.903672 3.624834
v 0.392523 0.903672 3.633268
v 0.282306 0.855432 3.292419
v 0.290340 0.875432 3.284385
v 0.282306 0.855432 3.272419
v 0.290340 0.875432 3.280453
v 0.302306 0.855432 3.292419
v 0.294272 0.875432 3.284385
v 0.302306 0.855432 3.272419
v 0.294272 0.875432 3.280453
v 0.282306 0.875432 3.292419
v 0.282306 0.875432 3.272419
v 0.302306 0.875432 3.272419
v 0.302306 0.875432 3.292419
v 0.288089 0.903672 3.286636
v 0.288089 0.903672 3.278202
v 0.296523 0.903672 3.278202
v 0.296523 0.903672 3.286636
v 0.330306 0.855432 3.292419
v 0.338340 0.875432 3.284385
v 0.330306 0.855432 3.272419
v 0.338340 0.875432 3.280453
v 0.350306 0.855432 3.292419
v 0.342272 0.875432 3.284385
v 0.350306 0.855432 3.272419
v 0.342272 0.875432 3.280453
v 0.330306 0.875432 3.292419
v 0.330306 0.875432 3.272419
v 0.350306 0.875432 3.272419
v 0.350306 0.875432 3.292419
v 0.336089 0.903672 3.286636
v 0.336089 0.903672 3.278202
v 0.344523 0.903672 3.278202
v 0.344523 0.903672 3.286636
v 0.282306 0.855432 3.356655
v 0.290340 0.875432 3.348620
v 0.282306 0.855432 3.336655
v 0.290340 0.875432 3.344689
v 0.302306 0.855432 3.356655
v 0.294272 0.875432 3.348620
v 0.302306 0.855432 3.336655
v 0.294272 0.875432 3.344689
v 0.282306 0.875432 3.356655
v 0.282306 0.875432 3.336655
v 0.302306 0.875432 3.336655
v 0.302306 0.875432 3.356655
v 0.288089 0.903672 3.350872
v 0.288089 0.903672 3.342438
v 0.296523 0.903672 3.342438
v 0.296523 0.903672 3.350872
v 0.330306 0.855432 3.356655
v 0.338340 0.875432 3.348620
v 0.330306 0.855432 3.336655
v 0.338340 0.875432 3.344689
v 0.350306 0.855432 3.356655
v 0.342272 0.875432 3.348620
v 0.350306 0.855432 3.336655
v 0.342272 0.875432 3.344689
v 0.330306 0.875432 3.356655
v 0.330306 0.875432 3.336655
v 0.350306 0.875432 3.336655
v 0.350306 0.875432 3.356655
v 0.336089 0.903672 3.350872
v 0.336089 0.903672 3.342438
v 0.344523 0.903672 3.342438
v 0.344523 0.903672 3.350872
v -0.433667 0.639267 4.731493
v -0.423096 0.639267 4.731493
v -0.433667 0.639267 4.703248
v -0.423096 0.639267 4.703248
v -0.436300 0.636011 4.734125
v -0.420463 0.636011 4.734125
v -0.436300 0.636011 4.700616
v -0.420463 0.636011 4.700616
v -0.436300 0.639267 4.734125
v -0.420463 0.639267 4.734125
v -0.436300 0.639267 4.700616
v -0.420463 0.639267 4.700616
v -0.433667 0.641316 4.731493
v -0.423096 0.641316 4.731493
v -0.433667 0.641316 4.703248
v -0.423096 0.641316 4.703248
v -0.414663 0.639267 4.731493
v -0.404091 0.639267 4.731493
v -0.414663 0.639267 4.703248
v -0.404091 0.639267 4.703248
v -0.417295 0.636011 4.734125
v -0.401459 0.636011 4.734125
v -0.417295 0.636011 4.700616
v -0.401459 0.636011 4.700616
v -0.417295 0.639267 4.734125
v -0.401459 0.639267 4.734125
v -0.417295 0.639267 4.700616
v -0.401459 0.639267 4.700616
v -0.414663 0.641316 4.731493
v -0.404091 0.641316 4.731493
v -0.414663 0.641316 4.703248
v -0.404091 0.641316 4.703248
v -0.395659 0.639267 4.731493
v -0.385087 0.639267 4.731493
v -0.395659 0.639267 4.703248
v -0.385087 0.639267 4.703248
v -0.398291 0.636011 4.734125
v -0.382454 0.636011 4.734125
v -0.398291 0.636011 4.700616
v -0.382454 0.636011 4.700616
v -0.398291 0.639267 4.734125
v -0.382454 0.639267 4.734125
v -0.398291 0.639267 4.700616
v -0.382454 0.639267 4.700616
v -0.395659 0.641316 4.731493
v -0.385087 0.641316 4.731493
v -0.395659 0.641316 4.703248
v -0.385087 0.641316 4.703248
v -0.376654 0.639267 4.731493
v -0.366083 0.639267 4.731493
v -0.376654 0.639267 4.703248
v -0.366083 0.639267 4.703248
v -0.379287 0.636011 4.734125
v -0.363450 0.636011 4.734125
v -0.379287 0.636011 4.700616
v -0.363450 0.636011 4.700616
v -0.379287 0.639267 4.734125
v -0.363450 0.639267 4.734125
v -0.379287 0.639267 4.700616
v -0.363450 0.639267 4.700616
v -0.376654 0.641316 4.731493
v -0.366083 0.641316 4.731493
v -0.376654 0.641316 4.703248
v -0.366083 0.641316 4.703248
v -0.322273 1.097365 3.812804
v -0.322273 1.076556 3.812804
v -0.301465 1.076556 3.812804
v -0.301465 1.097365 3.812804
v -0.325226 1.100318 3.820136
v -0.325226 1.073604 3.820136
v -0.298512 1.073604 3.820136
v -0.298512 1.100318 3.820136
v -0.325226 1.100318 3.812804
v -0.325226 1.073604 3.812804
v -0.298512 1.073604 3.812804
v -0.298512 1.100318 3.812804
v -0.322273 1.097365 3.809599
v -0.322273 1.076556 3.809599
v -0.301465 1.076556 3.809599
v -0.301465 1.097365 3.809599
v -0.367688 1.097365 3.812804
v -0.367688 1.076556 3.812804
v -0.346879 1.076556 3.812804
v -0.346879 1.097365 3.812804
v -0.370640 1.100318 3.820136
v -0.370640 1.073604 3.820136
v -0.343926 1.073604 3.820136
v -0.343926 1.100318 3.820136
v -0.370640 1.100318 3.812804
v -0.370640 1.073604 3.812804
v -0.343926 1.073604 3.812804
v -0.343926 1.100318 3.812804
v -0.367688 1.097365 3.809599
v -0.367688 1.076556 3.809599
v -0.346879 1.076556 3.809599
v -0.346879 1.097365 3.809599
v -0.413102 1.097365 3.812804
v -0.413102 1.076556 3.812804
v -0.392293 1.076556 3.812804
v -0.392293 1.097365 3.812804
v -0.416054 1.100318 3.820136
v -0.416054 1.073604 3.820136
v -0.389340 1.073604 3.820136
v -0.389340 1.100318 3.820136
v -0.416054 1.100318 3.812804
v -0.416054 1.073604 3.812804
v -0.389340 1.073604 3.812804
v -0.389340 1.100318 3.812804
v -0.413102 1.097365 3.809599
v -0.413102 1.076556 3.809599
v -0.392293 1.076556 3.809599
v -0.392293 1.097365 3.809599
v -0.322273 1.059965 3.812804
v -0.322273 1.039156 3.812804
v -0.301465 1.039156 3.812804
v -0.301465 1.059965 3.812804
v -0.325226 1.062918 3.820136
v -0.325226 1.036204 3.820136
v -0.298512 1.036204 3.820136
v -0.298512 1.062918 3.820136
v -0.325226 1.062918 3.812804
v -0.325226 1.036204 3.812804
v -0.298512 1.036204 3.812804
v -0.298512 1.062918 3.812804
v -0.322273 1.059965 3.809599
v -0.322273 1.039156 3.809599
v -0.301465 1.039156 3.809599
v -0.301465 1.059965 3.809599
v -0.367688 1.059965 3.812804
v -0.367688 1.039156 3.812804
v -0.346879 1.039156 3.812804
v -0.346879 1.059965 3.812804
v -0.370640 1.062918 3.820136
v -0.370640 1.036204 3.820136
v -0.343926 1.036204 3.820136
v -0.343926 1.062918 3.820136
v -0.370640 1.062918 3.812804
v -0.370640 1.036204 3.812804
v -0.343926 1.036204 3.812804
v -0.343926 1.062918 3.812804
v -0.367688 1.059965 3.809599
v -0.367688 1.039156 3.809599
v -0.346879 1.039156 3.809599
v -0.346879 1.059965 3.809599
v -0.413102 1.059965 3.812804
v -0.413102 1.039156 3.812804
v -0.392293 1.039156 3.812804
v -0.392293 1.059965 3.812804
v -0.416054 1.062918 3.820136
v -0.416054 1.036204 3.820136
v -0.389340 1.036204 3.820136
v -0.389340 1.062918 3.820136
v -0.416054 1.062918 3.812804
v -0.416054 1.036204 3.812804
v -0.389340 1.036204 3.812804
v -0.389340 1.062918 3.812804
v -0.413102 1.059965 3.809599
v -0.413102 1.039156 3.809599
v -0.392293 1.039156 3.809599
v -0.392293 1.059965 3.809599
v -0.164370 1.054819 3.812804
v -0.164370 1.034010 3.812804
v -0.143562 1.034010 3.812804
v -0.143562 1.054819 3.812804
v -0.167323 1.057771 3.820136
v -0.167323 1.031057 3.820136
v -0.140609 1.031057 3.820136
v -0.140609 1.057771 3.820136
v -0.167323 1.057771 3.812804
v -0.167323 1.031057 3.812804
v -0.140609 1.031057 3.812804
v -0.140609 1.057771 3.812804
v -0.164370 1.054819 3.809599
v -0.164370 1.034010 3.809599
v -0.143562 1.034010 3.809599
v -0.143562 1.054819 3.809599
v -0.254715 1.097365 3.812804
v -0.254715 1.076556 3.812804
v -0.233906 1.076556 3.812804
v -0.233906 1.097365 3.812804
v -0.257667 1.100318 3.820136
v -0.257667 1.073604 3.820136
v -0.230953 1.073604 3.820136
v -0.230953 1.100318 3.820136
v -0.257667 1.100318 3.812804
v -0.257667 1.073604 3.812804
v -0.230953 1.073604 3.812804
v -0.230953 1.100318 3.812804
v -0.254715 1.097365 3.809599
v -0.254715 1.076556 3.809599
v -0.233906 1.076556 3.809599
v -0.233906 1.097365 3.809599
v -0.164370 1.097365 3.812804
v -0.164370 1.076556 3.812804
v -0.143562 1.076556 3.812804
v -0.143562 1.097365 3.812804
v -0.167323 1.100318 3.820136
v -0.167323 1.073604 3.820136
v -0.140609 1.073604 3.820136
v -0.140609 1.100318 3.820136
v -0.167323 1.100318 3.812804
v -0.167323 1.073604 3.812804
v -0.140609 1.073604 3.812804
v -0.140609 1.100318 3.812804
v -0.164370 1.097365 3.809599
v -0.164370 1.076556 3.809599
v -0.143562 1.076556 3.809599
v -0.143562 1.097365 3.809599
v 0.134913 0.995567 3.812804
v 0.134913 0.974758 3.812804
v 0.155721 0.974758 3.812804
v 0.155721 0.995567 3.812804
v 0.175231 0.995567 3.812804
v 0.175231 0.974758 3.812804
v 0.196040 0.974758 3.812804
v 0.196040 0.995567 3.812804
v 0.214957 0.995567 3.812804
v 0.214957 0.974758 3.812804
v 0.235765 0.974758 3.812804
v 0.235765 0.995567 3.812804
v 0.151383 0.961391 3.812804
v 0.151383 0.940583 3.812804
v 0.172191 0.940583 3.812804
v 0.172191 0.961391 3.812804
v 0.134913 0.927216 3.812804
v 0.134913 0.906408 3.812804
v 0.155721 0.906408 3.812804
v 0.155721 0.927216 3.812804
v 0.175231 0.927216 3.812804
v 0.175231 0.906408 3.812804
v 0.196040 0.906408 3.812804
v 0.196040 0.927216 3.812804
v 0.214957 0.927216 3.812804
v 0.214957 0.906408 3.812804
v 0.235765 0.906408 3.812804
v 0.235765 0.927216 3.812804
v 0.197251 0.961391 3.812804
v 0.197251 0.940583 3.812804
v 0.218060 0.940583 3.812804
v 0.218060 0.961391 3.812804
v 0.131960 0.998519 3.820136
v 0.131960 0.971805 3.820136
v 0.158674 0.971805 3.820136
v 0.158674 0.998519 3.820136
v 0.172278 0.998519 3.820136
v 0.172278 0.971805 3.820136
v 0.198993 0.971805 3.820136
v 0.198993 0.998519 3.820136
v 0.212004 0.998519 3.820136
v 0.212004 0.971805 3.820136
v 0.238718 0.971805 3.820136
v 0.238718 0.998519 3.820136
v 0.148430 0.964344 3.820136
v 0.148430 0.937630 3.820136
v 0.175144 0.937630 3.820136
v 0.175144 0.964344 3.820136
v 0.131960 0.930169 3.820136
v 0.131960 0.903455 3.820136
v 0.158674 0.903455 3.820136
v 0.158674 0.930169 3.820136
v 0.172278 0.930169 3.820136
v 0.172278 0.903455 3.820136
v 0.198993 0.903455 3.820136
v 0.198993 0.930169 3.820136
v 0.212004 0.930169 3.820136
v 0.212004 0.903455 3.820136
v 0.238718 0.903455 3.820136
v 0.238718 0.930169 3.820136
v 0.194299 0.964344 3.820136
v 0.194299 0.937630 3.820136
v 0.221013 0.937630 3.820136
v 0.221013 0.964344 3.820136
v 0.131960 0.998519 3.812804
v 0.131960 0.971805 3.812804
v 0.158674 0.971805 3.812804
v 0.158674 0.998519 3.812804
v 0.172278 0.998519 3.812804
v 0.172278 0.971805 3.812804
v 0.198993 0.971805 3.812804
v 0.198993 0.998519 3.812804
v 0.212004 0.998519 3.812804
v 0.212004 0.971805 3.812804
v 0.238718 0.971805 3.812804
v 0.238718 0.998519 3.812804
v 0.148430 0.964344 3.812804
v 0.148430 0.937630 3.812804
v 0.175144 0.937630 3.812804
v 0.175144 0.964344 3.812804
v 0.131960 0.930169 3.812804
v 0.131960 0.903455 3.812804
v 0.158674 0.903455 3.812804
v 0.158674 0.930169 3.812804
v 0.172278 0.930169 3.812804
v 0.172278 0.903455 3.812804
v 0.198993 0.903455 3.812804
v 0.198993 0.930169 3.812804
v 0.212004 0.930169 3.812804
v 0.212004 0.903455 3.812804
v 0.238718 0.903455 3.812804
v 0.238718 0.930169 3.812804
v 0.194299 0.964344 3.812804
v 0.194299 0.937630 3.812804
v 0.221013 0.937630 3.812804
v 0.221013 0.964344 3.812804
v 0.134913 0.995567 3.809599
v 0.134913 0.974758 3.809599
v 0.155721 0.974758 3.809599
v 0.155721 0.995567 3.809599
v 0.175231 0.995567 3.809599
v 0.175231 0.974758 3.809599
v 0.196040 0.974758 3.809599
v 0.196040 0.995567 3.809599
v 0.214957 0.995567 3.809599
v 0.214957 0.974758 3.809599
v 0.235765 0.974758 3.809599
v 0.235765 0.995567 3.809599
v 0.151383 0.961391 3.809599
v 0.151383 0.940583 3.809599
v 0.172191 0.940583 3.809599
v 0.172191 0.961391 3.809599
v 0.134913 0.927216 3.809599
v 0.134913 0.906408 3.809599
v 0.155721 0.906408 3.809599
v 0.155721 0.927216 3.809599
v 0.175231 0.927216 3.809599
v 0.175231 0.906408 3.809599
v 0.196040 0.906408 3.809599
v 0.196040 0.927216 3.809599
v 0.214957 0.927216 3.809599
v 0.214957 0.906408 3.809599
v 0.235765 0.906408 3.809599
v 0.235765 0.927216 3.809599
v 0.197251 0.961391 3.809599
v 0.197251 0.940583 3.809599
v 0.218060 0.940583 3.809599
v 0.218060 0.961391 3.809599
v 0.244414 1.117214 3.830940
v 0.252448 1.109180 3.810940
v 0.244414 1.097214 3.830940
v 0.252448 1.105248 3.810940
v 0.264414 1.117214 3.830940
v 0.256380 1.109180 3.810940
v 0.264414 1.097214 3.830940
v 0.256380 1.105248 3.810940
v 0.244414 1.117214 3.810940
v 0.244414 1.097214 3.810940
v 0.264414 1.097214 3.810940
v 0.264414 1.117214 3.810940
v 0.250197 1.099577 3.788226
v 0.250197 1.092595 3.792958
v 0.258631 1.092595 3.792958
v 0.258631 1.099577 3.788226
v 0.137770 1.157824 3.830940
v 0.145804 1.149790 3.810940
v 0.137770 1.137824 3.830940
v 0.145804 1.145858 3.810940
v 0.157770 1.157824 3.830940
v 0.149736 1.149790 3.810940
v 0.157770 1.137824 3.830940
v 0.149736 1.145858 3.810940
v 0.137770 1.157824 3.810940
v 0.137770 1.137824 3.810940
v 0.157770 1.137824 3.810940
v 0.157770 1.157824 3.810940
v 0.143553 1.140187 3.788226
v 0.143553 1.133205 3.792958
v 0.151987 1.133205 3.792958
v 0.151987 1.140187 3.788226
v 0.185770 1.157824 3.830940
v 0.193804 1.149790 3.810940
v 0.185770 1.137824 3.830940
v 0.193804 1.145858 3.810940
v 0.205770 1.157824 3.830940
v 0.197736 1.149790 3.810940
v 0.205770 1.137824 3.830940
v 0.197736 1.145858 3.810940
v 0.185770 1.157824 3.810940
v 0.185770 1.137824 3.810940
v 0.205770 1.137824 3.810940
v 0.205770 1.157824 3.810940
v 0.191553 1.140187 3.788226
v 0.191553 1.133205 3.792958
v 0.199987 1.133205 3.792958
v 0.199987 1.140187 3.788226
v 0.130822 1.118789 3.830940
v 0.138856 1.110755 3.810940
v 0.130822 1.098789 3.830940
v 0.138856 1.106823 3.810940
v 0.150821 1.118789 3.830940
v 0.142787 1.110755 3.810940
v 0.150821 1.098789 3.830940
v 0.142787 1.106823 3.810940
v 0.130822 1.118789 3.810940
v 0.130822 1.098789 3.810940
v 0.150821 1.098789 3.810940
v 0.150821 1.118789 3.810940
v 0.136605 1.101152 3.788226
v 0.136605 1.094170 3.792958
v 0.145038 1.094170 3.792958
v 0.145038 1.101152 3.788226
v 0.154821 1.118789 3.830940
v 0.162856 1.110755 3.810940
v 0.154821 1.098789 3.830940
v 0.162856 1.106823 3.810940
v 0.174821 1.118789 3.830940
v 0.166787 1.110755 3.810940
v 0.174821 1.098789 3.830940
v 0.166787 1.106823 3.810940
v 0.154821 1.118789 3.810940
v 0.154821 1.098789 3.810940
v 0.174821 1.098789 3.810940
v 0.174821 1.118789 3.810940
v 0.160604 1.101152 3.788226
v 0.160604 1.094170 3.792958
v 0.169038 1.094170 3.792958
v 0.169038 1.101152 3.788226
v 0.178821 1.118789 3.830940
v 0.186856 1.110755 3.810940
v 0.178821 1.098789 3.830940
v 0.186856 1.106823 3.810940
v 0.198821 1.118789 3.830940
v 0.190787 1.110755 3.810940
v 0.198821 1.098789 3.830940
v 0.190787 1.106823 3.810940
v 0.178821 1.118789 3.810940
v 0.178821 1.098789 3.810940
v 0.198821 1.098789 3.810940
v 0.198821 1.118789 3.810940
v 0.184604 1.101152 3.788226
v 0.184604 1.094170 3.792958
v 0.193038 1.094170 3.792958
v 0.193038 1.101152 3.788226
v 0.202821 1.118789 3.830940
v 0.210856 1.110755 3.810940
v 0.202821 1.098789 3.830940
v 0.210856 1.106823 3.810940
v 0.222821 1.118789 3.830940
v 0.214787 1.110755 3.810940
v 0.222821 1.098789 3.830940
v 0.214787 1.106823 3.810940
v 0.202821 1.118789 3.810940
v 0.202821 1.098789 3.810940
v 0.222821 1.098789 3.810940
v 0.222821 1.118789 3.810940
v 0.208604 1.101152 3.788226
v 0.208604 1.094170 3.792958
v 0.217038 1.094170 3.792958
v 0.217038 1.101152 3.788226
v -0.429360 0.992069 3.830940
v -0.421326 0.984035 3.810940
v -0.429360 0.972069 3.830940
v -0.421326 0.980103 3.810940
v -0.409360 0.992069 3.830940
v -0.417394 0.984035 3.810940
v -0.409360 0.972069 3.830940
v -0.417394 0.980103 3.810940
v -0.429360 0.992069 3.810940
v -0.429360 0.972069 3.810940
v -0.409360 0.972069 3.810940
v -0.409360 0.992069 3.810940
v -0.423577 0.974432 3.788226
v -0.423577 0.967450 3.792958
v -0.415143 0.967450 3.792958
v -0.415143 0.974432 3.788226
v -0.381360 0.992069 3.830940
v -0.373326 0.984035 3.810940
v -0.381360 0.972069 3.830940
v -0.373326 0.980103 3.810940
v -0.361360 0.992069 3.830940
v -0.369394 0.984035 3.810940
v -0.361360 0.972069 3.830940
v -0.369394 0.980103 3.810940
v -0.381360 0.992069 3.810940
v -0.381360 0.972069 3.810940
v -0.361360 0.972069 3.810940
v -0.361360 0.992069 3.810940
v -0.375577 0.974432 3.788226
v -0.375577 0.967450 3.792958
v -0.367143 0.967450 3.792958
v -0.367143 0.974432 3.788226
v -0.333360 0.992069 3.830940
v -0.325326 0.984035 3.810940
v -0.333360 0.972069 3.830940
v -0.325326 0.980103 3.810940
v -0.313360 0.992069 3.830940
v -0.321394 0.984035 3.810940
v -0.313360 0.972069 3.830940
v -0.321394 0.980103 3.810940
v -0.333360 0.992069 3.810940
v -0.333360 0.972069 3.810940
v -0.313360 0.972069 3.810940
v -0.313360 0.992069 3.810940
v -0.327577 0.974432 3.788226
v -0.327577 0.967450 3.792958
v -0.319143 0.967450 3.792958
v -0.319143 0.974432 3.788226
v -0.404628 1.025730 3.830940
v -0.396594 1.017696 3.810940
v -0.404628 1.005730 3.830940
v -0.396594 1.013764 3.810940
v -0.384628 1.025730 3.830940
v -0.392662 1.017696 3.810940
v -0.384628 1.005730 3.830940
v -0.392662 1.013764 3.810940
v -0.404628 1.025730 3.810940
v -0.404628 1.005730 3.810940
v -0.384628 1.005730 3.810940
v -0.384628 1.025730 3.810940
v -0.398845 1.008093 3.788226
v -0.398845 1.001111 3.792958
v -0.390411 1.001111 3.792958
v -0.390411 1.008093 3.788226
v -0.356628 1.025730 3.830940
v -0.348594 1.017696 3.810940
v -0.356628 1.005730 3.830940
v -0.348594 1.013764 3.810940
v -0.336628 1.025730 3.830940
v -0.344662 1.017696 3.810940
v -0.336628 1.005730 3.830940
v -0.344662 1.013764 3.810940
v -0.356628 1.025730 3.810940
v -0.356628 1.005730 3.810940
v -0.336628 1.005730 3.810940
v -0.336628 1.025730 3.810940
v -0.350845 1.008093 3.788226
v -0.350845 1.001111 3.792958
v -0.342411 1.001111 3.792958
v -0.342411 1.008093 3.788226
v -0.308628 1.025730 3.830940
v -0.300594 1.017696 3.810940
v -0.308628 1.005730 3.830940
v -0.300594 1.013764 3.810940
v -0.288628 1.025730 3.830940
v -0.296663 1.017696 3.810940
v -0.288628 1.005730 3.830940
v -0.296663 1.013764 3.810940
v -0.308628 1.025730 3.810940
v -0.308628 1.005730 3.810940
v -0.288628 1.005730 3.810940
v -0.288628 1.025730 3.810940
v -0.302845 1.008093 3.788226
v -0.302845 1.001111 3.792958
v -0.294412 1.001111 3.792958
v -0.294412 1.008093 3.788226
v -0.351147 0.621270 4.559566
v -0.343112 0.641270 4.551532
v -0.351147 0.621270 4.539566
v -0.343112 0.641270 4.547600
v -0.331147 0.621270 4.559566
v -0.339181 0.641270 4.551532
v -0.331147 0.621270 4.539566
v -0.339181 0.641270 4.547600
v -0.351147 0.641270 4.559566
v -0.351147 0.641270 4.539566
v -0.331147 0.641270 4.539566
v -0.331147 0.641270 4.559566
v -0.345364 0.669510 4.553782
v -0.345364 0.669510 4.545349
v -0.336930 0.669510 4.545349
v -0.336930 0.669510 4.553782
v -0.351147 0.621270 4.587358
v -0.343112 0.641270 4.579325
v -0.351147 0.621270 4.567359
v -0.343112 0.641270 4.575393
v -0.331147 0.621270 4.587358
v -0.339181 0.641270 4.579325
v -0.331147 0.621270 4.567359
v -0.339181 0.641270 4.575393
v -0.351147 0.641270 4.587358
v -0.351147 0.641270 4.567359
v -0.331147 0.641270 4.567359
v -0.331147 0.641270 4.587358
v -0.345364 0.669510 4.581575
v -0.345364 0.669510 4.573142
v -0.336930 0.669510 4.573142
v -0.336930 0.669510 4.581575
v -0.368303 0.621270 4.615495
v -0.360269 0.641270 4.607461
v -0.368303 0.621270 4.595495
v -0.360269 0.641270 4.603529
v -0.348303 0.621270 4.615495
v -0.356337 0.641270 4.607461
v -0.348303 0.621270 4.595495
v -0.356337 0.641270 4.603529
v -0.368303 0.641270 4.615495
v -0.368303 0.641270 4.595495
v -0.348303 0.641270 4.595495
v -0.348303 0.641270 4.615495
v -0.362520 0.669510 4.609712
v -0.362520 0.669510 4.601278
v -0.354086 0.669510 4.601278
v -0.354086 0.669510 4.609712
v -0.399756 0.621270 4.679259
v -0.391722 0.641270 4.671225
v -0.399756 0.621270 4.659259
v -0.391722 0.641270 4.667293
v -0.379756 0.621270 4.679259
v -0.387790 0.641270 4.671225
v -0.379756 0.621270 4.659259
v -0.387790 0.641270 4.667293
v -0.399756 0.641270 4.679259
v -0.399756 0.641270 4.659259
v -0.379756 0.641270 4.659259
v -0.379756 0.641270 4.679259
v -0.393973 0.669510 4.673476
v -0.393973 0.669510 4.665042
v -0.385539 0.669510 4.665042
v -0.385539 0.669510 4.673476
v -0.321638 0.621270 4.615495
v -0.313604 0.641270 4.607461
v -0.321638 0.621270 4.595495
v -0.313604 0.641270 4.603529
v -0.301638 0.621270 4.615495
v -0.309672 0.641270 4.607461
v -0.301638 0.621270 4.595495
v -0.309672 0.641270 4.603529
v -0.321638 0.641270 4.615495
v -0.321638 0.641270 4.595495
v -0.301638 0.641270 4.595495
v -0.301638 0.641270 4.615495
v -0.315855 0.669510 4.609712
v -0.315855 0.669510 4.601278
v -0.307421 0.669510 4.601278
v -0.307421 0.669510 4.609712
v -0.326842 0.621270 4.679259
v -0.318808 0.641270 4.671225
v -0.326842 0.621270 4.659259
v -0.318808 0.641270 4.667293
v -0.306842 0.621270 4.679259
v -0.314876 0.641270 4.671225
v -0.306842 0.621270 4.659259
v -0.314876 0.641270 4.667293
v -0.326842 0.641270 4.679259
v -0.326842 0.641270 4.659259
v -0.306842 0.641270 4.659259
v -0.306842 0.641270 4.679259
v -0.321059 0.669510 4.673476
v -0.321059 0.669510 4.665042
v -0.312625 0.669510 4.665042
v -0.312625 0.669510 4.673476
v -0.416683 0.621270 4.615495
v -0.408649 0.641270 4.607461
v -0.416683 0.621270 4.595495
v -0.408649 0.641270 4.603529
v -0.396683 0.621270 4.615495
v -0.404717 0.641270 4.607461
v -0.396683 0.621270 4.595495
v -0.404717 0.641270 4.603529
v -0.416683 0.641270 4.615495
v -0.416683 0.641270 4.595495
v -0.396683 0.641270 4.595495
v -0.396683 0.641270 4.615495
v -0.410900 0.669510 4.609712
v -0.410900 0.669510 4.601278
v -0.402466 0.669510 4.601278
v -0.402466 0.669510 4.609712
v -0.416683 0.621270 4.652209
v -0.408649 0.641270 4.644176
v -0.416683 0.621270 4.632210
v -0.408649 0.641270 4.640244
v -0.396683 0.621270 4.652209
v -0.404717 0.641270 4.644176
v -0.396683 0.621270 4.632210
v -0.404717 0.641270 4.640244
v -0.416683 0.641270 4.652209
v -0.416683 0.641270 4.632210
v -0.396683 0.641270 4.632210
v -0.396683 0.641270 4.652209
v -0.410900 0.669510 4.646426
v -0.410900 0.669510 4.637993
v -0.402466 0.669510 4.637993
v -0.402466 0.669510 4.646426
v -0.308256 0.621270 4.647406
v -0.300222 0.641270 4.639372
v -0.308256 0.621270 4.627405
v -0.300222 0.641270 4.635440
v -0.288256 0.621270 4.647406
v -0.296290 0.641270 4.639372
v -0.288256 0.621270 4.627405
v -0.296290 0.641270 4.635440
v -0.308256 0.641270 4.647406
v -0.308256 0.641270 4.627405
v -0.288256 0.641270 4.627405
v -0.288256 0.641270 4.647406
v -0.302473 0.669510 4.641623
v -0.302473 0.669510 4.633188
v -0.294039 0.669510 4.633188
v -0.294039 0.669510 4.641623
v -0.434027 0.627790 4.838126
v -0.428164 0.642384 4.832264
v -0.434027 0.627790 4.823533
v -0.428164 0.642384 4.829395
v -0.419433 0.627790 4.838126
v -0.425295 0.642384 4.832264
v -0.419433 0.627790 4.823533
v -0.425295 0.642384 4.829395
v -0.434027 0.642384 4.838126
v -0.434027 0.642384 4.823533
v -0.419433 0.642384 4.823533
v -0.419433 0.642384 4.838126
v -0.429807 0.662990 4.833906
v -0.429807 0.662990 4.827753
v -0.423653 0.662990 4.827753
v -0.423653 0.662990 4.833906
v -0.407758 0.627790 4.838126
v -0.401896 0.642384 4.832264
v -0.407758 0.627790 4.823533
v -0.401896 0.642384 4.829395
v -0.393165 0.627790 4.838126
v -0.399027 0.642384 4.832264
v -0.393165 0.627790 4.823533
v -0.399027 0.642384 4.829395
v -0.407758 0.642384 4.838126
v -0.407758 0.642384 4.823533
v -0.393165 0.642384 4.823533
v -0.393165 0.642384 4.838126
v -0.403538 0.662990 4.833906
v -0.403538 0.662990 4.827753
v -0.397384 0.662990 4.827753
v -0.397384 0.662990 4.833906
v -0.381490 0.627790 4.838126
v -0.375627 0.642384 4.832264
v -0.381490 0.627790 4.823533
v -0.375627 0.642384 4.829395
v -0.366896 0.627790 4.838126
v -0.372758 0.642384 4.832264
v -0.366896 0.627790 4.823533
v -0.372758 0.642384 4.829395
v -0.381490 0.642384 4.838126
v -0.381490 0.642384 4.823533
v -0.366896 0.642384 4.823533
v -0.366896 0.642384 4.838126
v -0.377270 0.662990 4.833906
v -0.377270 0.662990 4.827753
v -0.371116 0.662990 4.827753
v -0.371116 0.662990 4.833906
v -0.355221 0.627790 4.838126
v -0.349359 0.642384 4.832264
v -0.355221 0.627790 4.823533
v -0.349359 0.642384 4.829395
v -0.340628 0.627790 4.838126
v -0.346490 0.642384 4.832264
v -0.340628 0.627790 4.823533
v -0.346490 0.642384 4.829395
v -0.355221 0.642384 4.838126
v -0.355221 0.642384 4.823533
v -0.340628 0.642384 4.823533
v -0.340628 0.642384 4.838126
v -0.351001 0.662990 4.833906
v -0.351001 0.662990 4.827753
v -0.344847 0.662990 4.827753
v -0.344847 0.662990 4.833906
v -0.328953 0.627790 4.838126
v -0.323090 0.642384 4.832264
v -0.328953 0.627790 4.823533
v -0.323090 0.642384 4.829395
v -0.314359 0.627790 4.838126
v -0.320221 0.642384 4.832264
v -0.314359 0.627790 4.823533
v -0.320221 0.642384 4.829395
v -0.328953 0.642384 4.838126
v -0.328953 0.642384 4.823533
v -0.314359 0.642384 4.823533
v -0.314359 0.642384 4.838126
v -0.324733 0.662990 4.833906
v -0.324733 0.662990 4.827753
v -0.318579 0.662990 4.827753
v -0.318579 0.662990 4.833906
v -0.302684 0.627790 4.838126
v -0.296822 0.642384 4.832264
v -0.302684 0.627790 4.823533
v -0.296822 0.642384 4.829395
v -0.288091 0.627790 4.838126
v -0.293953 0.642384 4.832264
v -0.288091 0.627790 4.823533
v -0.293953 0.642384 4.829395
v -0.302684 0.642384 4.838126
v -0.302684 0.642384 4.823533
v -0.288091 0.642384 4.823533
v -0.288091 0.642384 4.838126
v -0.298464 0.662990 4.833906
v -0.298464 0.662990 4.827753
v -0.292310 0.662990 4.827753
v -0.292310 0.662990 4.833906
v -0.433667 0.871605 3.648382
v -0.423096 0.871605 3.648382
v -0.433667 0.871605 3.620138
v -0.423096 0.871605 3.620138
v -0.436300 0.868348 3.651015
v -0.420463 0.868348 3.651015
v -0.436300 0.868348 3.617506
v -0.420463 0.868348 3.617506
v -0.436300 0.871605 3.651015
v -0.420463 0.871605 3.651015
v -0.436300 0.871605 3.617506
v -0.420463 0.871605 3.617506
v -0.433667 0.873653 3.648382
v -0.423096 0.873653 3.648382
v -0.433667 0.873653 3.620138
v -0.423096 0.873653 3.620138
v -0.414663 0.871605 3.648382
v -0.404091 0.871605 3.648382
v -0.414663 0.871605 3.620138
v -0.404091 0.871605 3.620138
v -0.417295 0.868348 3.651015
v -0.401459 0.868348 3.651015
v -0.417295 0.868348 3.617506
v -0.401459 0.868348 3.617506
v -0.417295 0.871605 3.651015
v -0.401459 0.871605 3.651015
v -0.417295 0.871605 3.617506
v -0.401459 0.871605 3.617506
v -0.414663 0.873653 3.648382
v -0.404091 0.873653 3.648382
v -0.414663 0.873653 3.620138
v -0.404091 0.873653 3.620138
v -0.395659 0.871605 3.648382
v -0.385087 0.871605 3.648382
v -0.395659 0.871605 3.620138
v -0.385087 0.871605 3.620138
v -0.398291 0.868348 3.651015
v -0.382454 0.868348 3.651015
v -0.398291 0.868348 3.617506
v -0.382454 0.868348 3.617506
v -0.398291 0.871605 3.651015
v -0.382454 0.871605 3.651015
v -0.398291 0.871605 3.617506
v -0.382454 0.871605 3.617506
v -0.395659 0.873653 3.648382
v -0.385087 0.873653 3.648382
v -0.395659 0.873653 3.620138
v -0.385087 0.873653 3.620138
v -0.376654 0.871605 3.648382
v -0.366083 0.871605 3.648382
v -0.376654 0.871605 3.620138
v -0.366083 0.871605 3.620138
v -0.379287 0.868348 3.651015
v -0.363450 0.868348 3.651015
v -0.379287 0.868348 3.617506
v -0.363450 0.868348 3.617506
v -0.379287 0.871605 3.651015
v -0.363450 0.871605 3.651015
v -0.379287 0.871605 3.617506
v -0.363450 0.871605 3.617506
v -0.376654 0.873653 3.648382
v -0.366083 0.873653 3.648382
v -0.376654 0.873653 3.620138
v -0.366083 0.873653 3.620138
v -0.357650 0.871605 3.648382
v -0.347079 0.871605 3.648382
v -0.357650 0.871605 3.620138
v -0.347079 0.871605 3.620138
v -0.360283 0.868348 3.651015
v -0.344446 0.868348 3.651015
v -0.360283 0.868348 3.617506
v -0.344446 0.868348 3.617506
v -0.360283 0.871605 3.651015
v -0.344446 0.871605 3.651015
v -0.360283 0.871605 3.617506
v -0.344446 0.871605 3.617506
v -0.357650 0.873653 3.648382
v -0.347079 0.873653 3.648382
v -0.357650 0.873653 3.620138
v -0.347079 0.873653 3.620138
v -0.338646 0.871605 3.648382
v -0.328074 0.871605 3.648382
v -0.338646 0.871605 3.620138
v -0.328074 0.871605 3.620138
v -0.341279 0.868348 3.651015
v -0.325442 0.868348 3.651015
v -0.341279 0.868348 3.617506
v -0.325442 0.868348 3.617506
v -0.341279 0.871605 3.651015
v -0.325442 0.871605 3.651015
v -0.341279 0.871605 3.617506
v -0.325442 0.871605 3.617506
v -0.338646 0.873653 3.648382
v -0.328074 0.873653 3.648382
v -0.338646 0.873653 3.620138
v -0.328074 0.873653 3.620138
v -0.435982 0.639426 5.125344
v -0.422631 0.639426 5.125344
v -0.435982 0.639426 5.089675
v -0.422631 0.639426 5.089675
v -0.439306 0.635314 5.128669
v -0.419306 0.635314 5.128669
v -0.439306 0.635314 5.086350
v -0.419306 0.635314 5.086350
v -0.439306 0.639426 5.128669
v -0.419306 0.639426 5.128669
v -0.439306 0.639426 5.086350
v -0.419306 0.639426 5.086350
v -0.435982 0.642013 5.125344
v -0.422631 0.642013 5.125344
v -0.435982 0.642013 5.089675
v -0.422631 0.642013 5.089675
v -0.411982 0.639426 5.125344
v -0.398631 0.639426 5.125344
v -0.411982 0.639426 5.089675
v -0.398631 0.639426 5.089675
v -0.415306 0.635314 5.128669
v -0.395306 0.635314 5.128669
v -0.415306 0.635314 5.086350
v -0.395306 0.635314 5.086350
v -0.415306 0.639426 5.128669
v -0.395306 0.639426 5.128669
v -0.415306 0.639426 5.086350
v -0.395306 0.639426 5.086350
v -0.411982 0.642013 5.125344
v -0.398631 0.642013 5.125344
v -0.411982 0.642013 5.089675
v -0.398631 0.642013 5.089675
v -0.387982 0.639426 5.125344
v -0.374631 0.639426 5.125344
v -0.387982 0.639426 5.089675
v -0.374631 0.639426 5.089675
v -0.391306 0.635314 5.128669
v -0.371307 0.635314 5.128669
v -0.391306 0.635314 5.086350
v -0.371307 0.635314 5.086350
v -0.391306 0.639426 5.128669
v -0.371307 0.639426 5.128669
v -0.391306 0.639426 5.086350
v -0.371307 0.639426 5.086350
v -0.387982 0.642013 5.125344
v -0.374631 0.642013 5.125344
v -0.387982 0.642013 5.089675
v -0.374631 0.642013 5.089675
v -0.363982 0.639426 5.125344
v -0.350631 0.639426 5.125344
v -0.363982 0.639426 5.089675
v -0.350631 0.639426 5.089675
v -0.367307 0.635314 5.128669
v -0.347307 0.635314 5.128669
v -0.367307 0.635314 5.086350
v -0.347307 0.635314 5.086350
v -0.367307 0.639426 5.128669
v -0.347307 0.639426 5.128669
v -0.367307 0.639426 5.086350
v -0.347307 0.639426 5.086350
v -0.363982 0.642013 5.125344
v -0.350631 0.642013 5.125344
v -0.363982 0.642013 5.089675
v -0.350631 0.642013 5.089675
v -0.335286 0.617312 4.908002
v -0.323620 0.640594 4.896336
v -0.335286 0.617312 4.878961
v -0.323620 0.640594 4.890627
v -0.306244 0.617312 4.908002
v -0.317910 0.640594 4.896336
v -0.306244 0.617312 4.878961
v -0.317910 0.640594 4.890627
v -0.335286 0.640594 4.908002
v -0.335286 0.640594 4.878961
v -0.306244 0.640594 4.878961
v -0.306244 0.640594 4.908002
v -0.326888 0.673467 4.899605
v -0.326888 0.673467 4.887359
v -0.314642 0.673467 4.887359
v -0.314642 0.673467 4.899605
v -0.381813 0.617312 4.908002
v -0.370147 0.640594 4.896336
v -0.381813 0.617312 4.878961
v -0.370147 0.640594 4.890627
v -0.352772 0.617312 4.908002
v -0.364438 0.640594 4.896336
v -0.352772 0.617312 4.878961
v -0.364438 0.640594 4.890627
v -0.381813 0.640594 4.908002
v -0.381813 0.640594 4.878961
v -0.352772 0.640594 4.878961
v -0.352772 0.640594 4.908002
v -0.373416 0.673467 4.899605
v -0.373416 0.673467 4.887359
v -0.361169 0.673467 4.887359
v -0.361169 0.673467 4.899605
v -0.414956 0.634724 4.915971
v -0.399376 0.634724 4.909516
v -0.392922 0.634724 4.893936
v -0.399376 0.634724 4.878356
v -0.414956 0.634724 4.871902
v -0.430537 0.634724 4.878356
v -0.436990 0.634724 4.893936
v -0.430537 0.634724 4.909516
v -0.399376 0.641517 4.909516
v -0.414956 0.641517 4.915971
v -0.392922 0.641517 4.893936
v -0.399376 0.641517 4.878356
v -0.414956 0.641517 4.871902
v -0.430537 0.641517 4.878356
v -0.436990 0.641517 4.893936
v -0.430537 0.641517 4.909516
v -0.414956 0.650674 4.871902
v -0.399376 0.650674 4.878356
v -0.414956 0.650674 4.915971
v -0.430537 0.650674 4.909516
v -0.305416 0.634699 4.954141
v -0.316275 0.634699 4.958639
v -0.320773 0.634699 4.969498
v -0.316275 0.634699 4.980357
v -0.305416 0.634699 4.984856
v -0.294556 0.634699 4.980357
v -0.290058 0.634699 4.969498
v -0.294556 0.634699 4.958639
v -0.316275 0.639910 4.958639
v -0.305416 0.639910 4.954141
v -0.320773 0.639910 4.969498
v -0.316275 0.639910 4.980357
v -0.305416 0.639910 4.984856
v -0.294556 0.639910 4.980357
v -0.290058 0.639910 4.969498
v -0.294556 0.639910 4.958639
v -0.305416 0.646937 4.984856
v -0.316275 0.646937 4.980357
v -0.305416 0.646937 4.954141
v -0.294556 0.646937 4.958639
v -0.360659 0.634699 4.917427
v -0.371518 0.634699 4.921925
v -0.376016 0.634699 4.932784
v -0.371518 0.634699 4.943643
v -0.360659 0.634699 4.948141
v -0.349799 0.634699 4.943643
v -0.345301 0.634699 4.932784
v -0.349799 0.634699 4.921925
v -0.371518 0.639910 4.921925
v -0.360659 0.639910 4.917427
v -0.376016 0.639910 4.932784
v -0.371518 0.639910 4.943643
v -0.360659 0.639910 4.948141
v -0.349799 0.639910 4.943643
v -0.345301 0.639910 4.932784
v -0.349799 0.639910 4.921925
v -0.360659 0.646937 4.948141
v -0.371518 0.646937 4.943643
v -0.360659 0.646937 4.917427
v -0.349799 0.646937 4.921925
v -0.320856 0.634699 4.984335
v -0.331715 0.634699 4.988833
v -0.336213 0.634699 4.999692
v -0.331715 0.634699 5.010552
v -0.320856 0.634699 5.015050
v -0.309997 0.634699 5.010552
v -0.305499 0.634699 4.999692
v -0.309997 0.634699 4.988833
v -0.331715 0.639910 4.988833
v -0.320856 0.639910 4.984335
v -0.336213 0.639910 4.999692
v -0.331715 0.639910 5.010552
v -0.320856 0.639910 5.015050
v -0.309997 0.639910 5.010552
v -0.305499 0.639910 4.999692
v -0.309997 0.639910 4.988833
v -0.320856 0.646937 5.015050
v -0.331715 0.646937 5.010552
v -0.320856 0.646937 4.984335
v -0.309997 0.646937 4.988833
v -0.404366 0.627790 4.797981
v -0.398503 0.642384 4.792119
v -0.404366 0.627790 4.783387
v -0.398503 0.642384 4.789250
v -0.389772 0.627790 4.797981
v -0.395634 0.642384 4.792119
v -0.389772 0.627790 4.783387
v -0.395634 0.642384 4.789250
v -0.404366 0.642384 4.797981
v -0.404366 0.642384 4.783387
v -0.389772 0.642384 4.783387
v -0.389772 0.642384 4.797981
v -0.400146 0.662990 4.793761
v -0.400146 0.662990 4.787607
v -0.393992 0.662990 4.787607
v -0.393992 0.662990 4.793761
v -0.378097 0.627790 4.797981
v -0.372235 0.642384 4.792119
v -0.378097 0.627790 4.783387
v -0.372235 0.642384 4.789250
v -0.363503 0.627790 4.797981
v -0.369366 0.642384 4.792119
v -0.363503 0.627790 4.783387
v -0.369366 0.642384 4.789250
v -0.378097 0.642384 4.797981
v -0.378097 0.642384 4.783387
v -0.363503 0.642384 4.783387
v -0.363503 0.642384 4.797981
v -0.373877 0.662990 4.793761
v -0.373877 0.662990 4.787607
v -0.367723 0.662990 4.787607
v -0.367723 0.662990 4.793761
v -0.351829 0.627790 4.797981
v -0.345966 0.642384 4.792119
v -0.351829 0.627790 4.783387
v -0.345966 0.642384 4.789250
v -0.337235 0.627790 4.797981
v -0.343097 0.642384 4.792119
v -0.337235 0.627790 4.783387
v -0.343097 0.642384 4.789250
v -0.351829 0.642384 4.797981
v -0.351829 0.642384 4.783387
v -0.337235 0.642384 4.783387
v -0.337235 0.642384 4.797981
v -0.347609 0.662990 4.793761
v -0.347609 0.662990 4.787607
v -0.341455 0.662990 4.787607
v -0.341455 0.662990 4.793761
v -0.334333 0.621270 5.203854
v -0.326299 0.641270 5.195820
v -0.334333 0.621270 5.183854
v -0.326299 0.641270 5.191888
v -0.314334 0.621270 5.203854
v -0.322368 0.641270 5.195820
v -0.314334 0.621270 5.183854
v -0.322368 0.641270 5.191888
v -0.334333 0.641270 5.203854
v -0.334333 0.641270 5.183854
v -0.314334 0.641270 5.183854
v -0.314334 0.641270 5.203854
v -0.328550 0.669510 5.198071
v -0.328550 0.669510 5.189637
v -0.320117 0.669510 5.189637
v -0.320117 0.669510 5.198071
v -0.310334 0.621270 5.203854
v -0.302299 0.641270 5.195820
v -0.310334 0.621270 5.183854
v -0.302299 0.641270 5.191888
v -0.290334 0.621270 5.203854
v -0.298368 0.641270 5.195820
v -0.290334 0.621270 5.183854
v -0.298368 0.641270 5.191888
v -0.310334 0.641270 5.203854
v -0.310334 0.641270 5.183854
v -0.290334 0.641270 5.183854
v -0.290334 0.641270 5.203854
v -0.304551 0.669510 5.198071
v -0.304551 0.669510 5.189637
v -0.296117 0.669510 5.189637
v -0.296117 0.669510 5.198071
v -0.364528 0.621270 5.063173
v -0.356494 0.641270 5.055140
v -0.364528 0.621270 5.043174
v -0.356494 0.641270 5.051208
v -0.344528 0.621270 5.063173
v -0.352562 0.641270 5.055140
v -0.344528 0.621270 5.043174
v -0.352562 0.641270 5.051208
v -0.364528 0.641270 5.063173
v -0.364528 0.641270 5.043174
v -0.344528 0.641270 5.043174
v -0.344528 0.641270 5.063173
v -0.358745 0.669510 5.057390
v -0.358745 0.669510 5.048957
v -0.350311 0.669510 5.048957
v -0.350311 0.669510 5.057390
v -0.438643 0.621270 5.063173
v -0.430609 0.641270 5.055140
v -0.438643 0.621270 5.043174
v -0.430609 0.641270 5.051208
v -0.418643 0.621270 5.063173
v -0.426677 0.641270 5.055140
v -0.418643 0.621270 5.043174
v -0.426677 0.641270 5.051208
v -0.438643 0.641270 5.063173
v -0.438643 0.641270 5.043174
v -0.418643 0.641270 5.043174
v -0.418643 0.641270 5.063173
v -0.432860 0.669510 5.057390
v -0.432860 0.669510 5.048957
v -0.424426 0.669510 5.048957
v -0.424426 0.669510 5.057390
v -0.414643 0.621270 5.063173
v -0.406609 0.641270 5.055140
v -0.414643 0.621270 5.043174
v -0.406609 0.641270 5.051208
v -0.394643 0.621270 5.063173
v -0.402677 0.641270 5.055140
v -0.394643 0.621270 5.043174
v -0.402677 0.641270 5.051208
v -0.414643 0.641270 5.063173
v -0.414643 0.641270 5.043174
v -0.394643 0.641270 5.043174
v -0.394643 0.641270 5.063173
v -0.408860 0.669510 5.057390
v -0.408860 0.669510 5.048957
v -0.400426 0.669510 5.048957
v -0.400426 0.669510 5.057390
v -0.301710 0.632681 5.033813
v -0.312569 0.632681 5.038312
v -0.317067 0.632681 5.049170
v -0.312569 0.632681 5.060030
v -0.301710 0.632681 5.064528
v -0.290851 0.632681 5.060030
v -0.286353 0.632681 5.049170
v -0.290851 0.632681 5.038312
v -0.312569 0.639611 5.038312
v -0.301710 0.639611 5.033813
v -0.317067 0.639611 5.049170
v -0.312569 0.639611 5.060030
v -0.301710 0.639611 5.064528
v -0.290851 0.639611 5.060030
v -0.286353 0.639611 5.049170
v -0.290851 0.639611 5.038312
v -0.301710 0.648955 5.064528
v -0.312569 0.648955 5.060030
v -0.301710 0.648955 5.033813
v -0.290851 0.648955 5.038312
v -0.301710 0.632681 5.093106
v -0.312569 0.632681 5.097604
v -0.317067 0.632681 5.108463
v -0.312569 0.632681 5.119322
v -0.301710 0.632681 5.123820
v -0.290851 0.632681 5.119322
v -0.286353 0.632681 5.108463
v -0.290851 0.632681 5.097604
v -0.312569 0.639611 5.097604
v -0.301710 0.639611 5.093106
v -0.317067 0.639611 5.108463
v -0.312569 0.639611 5.119322
v -0.301710 0.639611 5.123820
v -0.290851 0.639611 5.119322
v -0.286353 0.639611 5.108463
v -0.290851 0.639611 5.097604
v -0.301710 0.648955 5.123820
v -0.312569 0.648955 5.119322
v -0.301710 0.648955 5.093106
v -0.290851 0.648955 5.097604
v -0.307046 0.632681 5.142318
v -0.317905 0.632681 5.146815
v -0.322403 0.632681 5.157675
v -0.317905 0.632681 5.168534
v -0.307046 0.632681 5.173033
v -0.296187 0.632681 5.168534
v -0.291689 0.632681 5.157675
v -0.296187 0.632681 5.146815
v -0.317905 0.639611 5.146815
v -0.307046 0.639611 5.142318
v -0.322403 0.639611 5.157675
v -0.317905 0.639611 5.168534
v -0.307046 0.639611 5.173033
v -0.296187 0.639611 5.168534
v -0.291689 0.639611 5.157675
v -0.296187 0.639611 5.146815
v -0.307046 0.648955 5.173033
v -0.317905 0.648955 5.168534
v -0.307046 0.648955 5.142318
v -0.296187 0.648955 5.146815
v -0.429213 0.641270 5.161680
v -0.368010 0.641270 5.161680
v -0.429213 0.641270 5.145299
v -0.368010 0.641270 5.145299
v -0.436104 0.636453 5.164044
v -0.361119 0.636453 5.164044
v -0.436104 0.636453 5.142934
v -0.361119 0.636453 5.142934
v -0.337592 0.639267 4.731493
v -0.327021 0.639267 4.731493
v -0.337592 0.639267 4.703248
v -0.327021 0.639267 4.703248
v -0.340225 0.636011 4.734125
v -0.324388 0.636011 4.734125
v -0.340225 0.636011 4.700616
v -0.324388 0.636011 4.700616
v -0.340225 0.639267 4.734125
v -0.324388 0.639267 4.734125
v -0.340225 0.639267 4.700616
v -0.324388 0.639267 4.700616
v -0.337592 0.641316 4.731493
v -0.327021 0.641316 4.731493
v -0.337592 0.641316 4.703248
v -0.327021 0.641316 4.703248
v -0.318588 0.639267 4.731493
v -0.308017 0.639267 4.731493
v -0.318588 0.639267 4.703248
v -0.308017 0.639267 4.703248
v -0.321221 0.636011 4.734125
v -0.305384 0.636011 4.734125
v -0.321221 0.636011 4.700616
v -0.305384 0.636011 4.700616
v -0.321221 0.639267 4.734125
v -0.305384 0.639267 4.734125
v -0.321221 0.639267 4.700616
v -0.305384 0.639267 4.700616
v -0.318588 0.641316 4.731493
v -0.308017 0.641316 4.731493
v -0.318588 0.641316 4.703248
v -0.308017 0.641316 4.703248
v -0.439306 0.621270 5.203854
v -0.431272 0.641270 5.195820
v -0.439306 0.621270 5.183854
v -0.431272 0.641270 5.191888
v -0.419306 0.621270 5.203854
v -0.427341 0.641270 5.195820
v -0.419306 0.621270 5.183854
v -0.427341 0.641270 5.191888
v -0.439306 0.641270 5.203854
v -0.439306 0.641270 5.183854
v -0.419306 0.641270 5.183854
v -0.419306 0.641270 5.203854
v -0.433523 0.669510 5.198071
v -0.433523 0.669510 5.189637
v -0.425090 0.669510 5.189637
v -0.425090 0.669510 5.198071
v -0.415306 0.621270 5.203854
v -0.407272 0.641270 5.195820
v -0.415306 0.621270 5.183854
v -0.407272 0.641270 5.191888
v -0.395306 0.621270 5.203854
v -0.403341 0.641270 5.195820
v -0.395306 0.621270 5.183854
v -0.403341 0.641270 5.191888
v -0.415306 0.641270 5.203854
v -0.415306 0.641270 5.183854
v -0.395306 0.641270 5.183854
v -0.395306 0.641270 5.203854
v -0.409523 0.669510 5.198071
v -0.409523 0.669510 5.189637
v -0.401090 0.669510 5.189637
v -0.401090 0.669510 5.198071
v -0.391306 0.621270 5.203854
v -0.383272 0.641270 5.195820
v -0.391306 0.621270 5.183854
v -0.383272 0.641270 5.191888
v -0.371307 0.621270 5.203854
v -0.379341 0.641270 5.195820
v -0.371307 0.621270 5.183854
v -0.379341 0.641270 5.191888
v -0.391306 0.641270 5.203854
v -0.391306 0.641270 5.183854
v -0.371307 0.641270 5.183854
v -0.371307 0.641270 5.203854
v -0.385523 0.669510 5.198071
v -0.385523 0.669510 5.189637
v -0.377090 0.669510 5.189637
v -0.377090 0.669510 5.198071
v -0.367307 0.621270 5.203854
v -0.359272 0.641270 5.195820
v -0.367307 0.621270 5.183854
v -0.359272 0.641270 5.191888
v -0.347307 0.621270 5.203854
v -0.355341 0.641270 5.195820
v -0.347307 0.621270 5.183854
v -0.355341 0.641270 5.191888
v -0.367307 0.641270 5.203854
v -0.367307 0.641270 5.183854
v -0.347307 0.641270 5.183854
v -0.347307 0.641270 5.203854
v -0.361524 0.669510 5.198071
v -0.361524 0.669510 5.189637
v -0.353090 0.669510 5.189637
v -0.353090 0.669510 5.198071
v 0.288924 0.621270 4.838099
v 0.296958 0.641270 4.830066
v 0.288924 0.621270 4.818099
v 0.296958 0.641270 4.826134
v 0.308924 0.621270 4.838099
v 0.300890 0.641270 4.830066
v 0.308924 0.621270 4.818099
v 0.300890 0.641270 4.826134
v 0.288924 0.641270 4.838099
v 0.288924 0.641270 4.818099
v 0.308924 0.641270 4.818099
v 0.308924 0.641270 4.838099
v 0.294707 0.669510 4.832316
v 0.294707 0.669510 4.823882
v 0.303141 0.669510 4.823882
v 0.303141 0.669510 4.832316
v 0.348924 0.621270 4.838099
v 0.356958 0.641270 4.830066
v 0.348924 0.621270 4.818099
v 0.356958 0.641270 4.826134
v 0.368924 0.621270 4.838099
v 0.360890 0.641270 4.830066
v 0.368924 0.621270 4.818099
v 0.360890 0.641270 4.826134
v 0.348924 0.641270 4.838099
v 0.348924 0.641270 4.818099
v 0.368924 0.641270 4.818099
v 0.368924 0.641270 4.838099
v 0.354707 0.669510 4.832316
v 0.354707 0.669510 4.823882
v 0.363141 0.669510 4.823882
v 0.363141 0.669510 4.832316
v 0.321520 0.621270 4.927311
v 0.329554 0.641270 4.919277
v 0.321520 0.621270 4.907311
v 0.329554 0.641270 4.915345
v 0.341520 0.621270 4.927311
v 0.333486 0.641270 4.919277
v 0.341520 0.621270 4.907311
v 0.333486 0.641270 4.915345
v 0.321520 0.641270 4.927311
v 0.321520 0.641270 4.907311
v 0.341520 0.641270 4.907311
v 0.341520 0.641270 4.927311
v 0.327303 0.669510 4.921528
v 0.327303 0.669510 4.913095
v 0.335737 0.669510 4.913095
v 0.335737 0.669510 4.921528
v 0.369520 0.621270 4.927311
v 0.377554 0.641270 4.919277
v 0.369520 0.621270 4.907311
v 0.377554 0.641270 4.915345
v 0.389520 0.621270 4.927311
v 0.381486 0.641270 4.919277
v 0.389520 0.621270 4.907311
v 0.381486 0.641270 4.915345
v 0.369520 0.641270 4.927311
v 0.369520 0.641270 4.907311
v 0.389520 0.641270 4.907311
v 0.389520 0.641270 4.927311
v 0.375303 0.669510 4.921528
v 0.375303 0.669510 4.913095
v 0.383737 0.669510 4.913095
v 0.383737 0.669510 4.921528
v 0.417520 0.621270 4.927311
v 0.425554 0.641270 4.919277
v 0.417520 0.621270 4.907311
v 0.425554 0.641270 4.915345
v 0.437520 0.621270 4.927311
v 0.429486 0.641270 4.919277
v 0.437520 0.621270 4.907311
v 0.429486 0.641270 4.915345
v 0.417520 0.641270 4.927311
v 0.417520 0.641270 4.907311
v 0.437520 0.641270 4.907311
v 0.437520 0.641270 4.927311
v 0.423303 0.669510 4.921528
v 0.423303 0.669510 4.913095
v 0.431737 0.669510 4.913095
v 0.431737 0.669510 4.921528
v 0.419163 0.621270 4.677616
v 0.427197 0.641270 4.669582
v 0.419163 0.621270 4.657616
v 0.427197 0.641270 4.665650
v 0.439163 0.621270 4.677616
v 0.431129 0.641270 4.669582
v 0.439163 0.621270 4.657616
v 0.431129 0.641270 4.665650
v 0.419163 0.641270 4.677616
v 0.419163 0.641270 4.657616
v 0.439163 0.641270 4.657616
v 0.439163 0.641270 4.677616
v 0.424946 0.669510 4.671833
v 0.424946 0.669510 4.663399
v 0.433380 0.669510 4.663399
v 0.433380 0.669510 4.671833
v 0.318570 0.621270 4.787702
v 0.326604 0.641270 4.779668
v 0.318570 0.621270 4.767701
v 0.326604 0.641270 4.775736
v 0.338570 0.621270 4.787702
v 0.330535 0.641270 4.779668
v 0.338570 0.621270 4.767701
v 0.330535 0.641270 4.775736
v 0.318570 0.641270 4.787702
v 0.318570 0.641270 4.767701
v 0.338570 0.641270 4.767701
v 0.338570 0.641270 4.787702
v 0.324353 0.669510 4.781919
v 0.324353 0.669510 4.773484
v 0.332786 0.669510 4.773484
v 0.332786 0.669510 4.781919
v 0.390569 0.621270 4.787702
v 0.398604 0.641270 4.779668
v 0.390569 0.621270 4.767701
v 0.398604 0.641270 4.775736
v 0.410569 0.621270 4.787702
v 0.402535 0.641270 4.779668
v 0.410569 0.621270 4.767701
v 0.402535 0.641270 4.775736
v 0.390569 0.641270 4.787702
v 0.390569 0.641270 4.767701
v 0.410569 0.641270 4.767701
v 0.410569 0.641270 4.787702
v 0.396352 0.669510 4.781919
v 0.396352 0.669510 4.773484
v 0.404786 0.669510 4.773484
v 0.404786 0.669510 4.781919
v 0.286831 0.621270 4.659030
v 0.294865 0.641270 4.650996
v 0.286831 0.621270 4.639030
v 0.294865 0.641270 4.647064
v 0.306831 0.621270 4.659030
v 0.298797 0.641270 4.650996
v 0.306831 0.621270 4.639030
v 0.298797 0.641270 4.647064
v 0.286831 0.641270 4.659030
v 0.286831 0.641270 4.639030
v 0.306831 0.641270 4.639030
v 0.306831 0.641270 4.659030
v 0.292614 0.669510 4.653247
v 0.292614 0.669510 4.644814
v 0.301048 0.669510 4.644814
v 0.301048 0.669510 4.653247
v 0.341675 0.621270 4.564164
v 0.349710 0.641270 4.556129
v 0.341675 0.621270 4.544164
v 0.349710 0.641270 4.552197
v 0.361675 0.621270 4.564164
v 0.353641 0.641270 4.556129
v 0.361675 0.621270 4.544164
v 0.353641 0.641270 4.552197
v 0.341675 0.641270 4.564164
v 0.341675 0.641270 4.544164
v 0.361675 0.641270 4.544164
v 0.361675 0.641270 4.564164
v 0.347458 0.669510 4.558381
v 0.347458 0.669510 4.549947
v 0.355892 0.669510 4.549947
v 0.355892 0.669510 4.558381
v 0.385564 0.621270 4.538280
v 0.393599 0.641270 4.530247
v 0.385564 0.621270 4.518281
v 0.393599 0.641270 4.526315
v 0.405564 0.621270 4.538280
v 0.397530 0.641270 4.530247
v 0.405564 0.621270 4.518281
v 0.397530 0.641270 4.526315
v 0.385564 0.641270 4.538280
v 0.385564 0.641270 4.518281
v 0.405564 0.641270 4.518281
v 0.405564 0.641270 4.538280
v 0.391347 0.669510 4.532497
v 0.391347 0.669510 4.524064
v 0.399781 0.669510 4.524064
v 0.399781 0.669510 4.532497
v -0.268535 1.065843 3.830940
v -0.260501 1.057809 3.810940
v -0.268535 1.045843 3.830940
v -0.260501 1.053877 3.810940
v -0.248535 1.065843 3.830940
v -0.256569 1.057809 3.810940
v -0.248535 1.045843 3.830940
v -0.256569 1.053877 3.810940
v -0.268535 1.065843 3.810940
v -0.268535 1.045843 3.810940
v -0.248535 1.045843 3.810940
v -0.248535 1.065843 3.810940
v -0.262752 1.048205 3.788226
v -0.262752 1.041224 3.792958
v -0.254318 1.041224 3.792958
v -0.254318 1.048205 3.788226
v -0.244535 1.065843 3.830940
v -0.236501 1.057809 3.810940
v -0.244535 1.045843 3.830940
v -0.236501 1.053877 3.810940
v -0.224535 1.065843 3.830940
v -0.232569 1.057809 3.810940
v -0.224535 1.045843 3.830940
v -0.232569 1.053877 3.810940
v -0.244535 1.065843 3.810940
v -0.244535 1.045843 3.810940
v -0.224535 1.045843 3.810940
v -0.224535 1.065843 3.810940
v -0.238752 1.048205 3.788226
v -0.238752 1.041224 3.792958
v -0.230318 1.041224 3.792958
v -0.230318 1.048205 3.788226
v -0.220535 1.065843 3.830940
v -0.212501 1.057809 3.810940
v -0.220535 1.045843 3.830940
v -0.212501 1.053877 3.810940
v -0.200535 1.065843 3.830940
v -0.208569 1.057809 3.810940
v -0.200535 1.045843 3.830940
v -0.208569 1.053877 3.810940
v -0.220535 1.065843 3.810940
v -0.220535 1.045843 3.810940
v -0.200535 1.045843 3.810940
v -0.200535 1.065843 3.810940
v -0.214752 1.048205 3.788226
v -0.214752 1.041224 3.792958
v -0.206318 1.041224 3.792958
v -0.206318 1.048205 3.788226
v -0.196535 1.065843 3.830940
v -0.188501 1.057809 3.810940
v -0.196535 1.045843 3.830940
v -0.188501 1.053877 3.810940
v -0.176535 1.065843 3.830940
v -0.184569 1.057809 3.810940
v -0.176535 1.045843 3.830940
v -0.184569 1.053877 3.810940
v -0.196535 1.065843 3.810940
v -0.196535 1.045843 3.810940
v -0.176535 1.045843 3.810940
v -0.176535 1.065843 3.810940
v -0.190752 1.048205 3.788226
v -0.190752 1.041224 3.792958
v -0.182318 1.041224 3.792958
v -0.182318 1.048205 3.788226
v -0.254216 0.998939 3.830940
v -0.246182 0.990904 3.810940
v -0.254216 0.978939 3.830940
v -0.246182 0.986973 3.810940
v -0.234216 0.998939 3.830940
v -0.242250 0.990904 3.810940
v -0.234216 0.978939 3.830940
v -0.242250 0.986973 3.810940
v -0.254216 0.998939 3.810940
v -0.254216 0.978939 3.810940
v -0.234216 0.978939 3.810940
v -0.234216 0.998939 3.810940
v -0.248433 0.981301 3.788226
v -0.248433 0.974319 3.792958
v -0.239999 0.974319 3.792958
v -0.239999 0.981301 3.788226
v -0.206216 0.998939 3.830940
v -0.198182 0.990904 3.810940
v -0.206216 0.978939 3.830940
v -0.198182 0.986973 3.810940
v -0.186216 0.998939 3.830940
v -0.194250 0.990904 3.810940
v -0.186216 0.978939 3.830940
v -0.194250 0.986973 3.810940
v -0.206216 0.998939 3.810940
v -0.206216 0.978939 3.810940
v -0.186216 0.978939 3.810940
v -0.186216 0.998939 3.810940
v -0.200433 0.981301 3.788226
v -0.200433 0.974319 3.792958
v -0.191999 0.974319 3.792958
v -0.191999 0.981301 3.788226
v -0.158216 0.998939 3.830940
v -0.150182 0.990904 3.810940
v -0.158216 0.978939 3.830940
v -0.150182 0.986973 3.810940
v -0.138216 0.998939 3.830940
v -0.146250 0.990904 3.810940
v -0.138216 0.978939 3.830940
v -0.146250 0.986973 3.810940
v -0.158216 0.998939 3.810940
v -0.158216 0.978939 3.810940
v -0.138216 0.978939 3.810940
v -0.138216 0.998939 3.810940
v -0.152433 0.981301 3.788226
v -0.152433 0.974319 3.792958
v -0.143999 0.974319 3.792958
v -0.143999 0.981301 3.788226
v 0.285537 0.855432 3.125639
v 0.293571 0.875432 3.117605
v 0.285537 0.855432 3.105639
v 0.293571 0.875432 3.113673
v 0.305537 0.855432 3.125639
v 0.297503 0.875432 3.117605
v 0.305537 0.855432 3.105639
v 0.297503 0.875432 3.113673
v 0.285537 0.875432 3.125639
v 0.285537 0.875432 3.105639
v 0.305537 0.875432 3.105639
v 0.305537 0.875432 3.125639
v 0.291320 0.903672 3.119856
v 0.291320 0.903672 3.111422
v 0.299754 0.903672 3.111422
v 0.299754 0.903672 3.119856
v 0.333537 0.855432 3.125639
v 0.341571 0.875432 3.117605
v 0.333537 0.855432 3.105639
v 0.341571 0.875432 3.113673
v 0.353537 0.855432 3.125639
v 0.345503 0.875432 3.117605
v 0.353537 0.855432 3.105639
v 0.345503 0.875432 3.113673
v 0.333537 0.875432 3.125639
v 0.333537 0.875432 3.105639
v 0.353537 0.875432 3.105639
v 0.353537 0.875432 3.125639
v 0.339320 0.903672 3.119856
v 0.339320 0.903672 3.111422
v 0.347754 0.903672 3.111422
v 0.347754 0.903672 3.119856
v 0.381537 0.855432 3.125639
v 0.389571 0.875432 3.117605
v 0.381537 0.855432 3.105639
v 0.389571 0.875432 3.113673
v 0.401537 0.855432 3.125639
v 0.393503 0.875432 3.117605
v 0.401537 0.855432 3.105639
v 0.393503 0.875432 3.113673
v 0.381537 0.875432 3.125639
v 0.381537 0.875432 3.105639
v 0.401537 0.875432 3.105639
v 0.401537 0.875432 3.125639
v 0.387320 0.903672 3.119856
v 0.387320 0.903672 3.111422
v 0.395754 0.903672 3.111422
v 0.395754 0.903672 3.119856
v 0.303054 0.855432 3.220010
v 0.311088 0.875432 3.211976
v 0.303054 0.855432 3.200010
v 0.311088 0.875432 3.208044
v 0.323054 0.855432 3.220010
v 0.315020 0.875432 3.211976
v 0.323054 0.855432 3.200010
v 0.315020 0.875432 3.208044
v 0.303054 0.875432 3.220010
v 0.303054 0.875432 3.200010
v 0.323054 0.875432 3.200010
v 0.323054 0.875432 3.220010
v 0.308837 0.903672 3.214227
v 0.308837 0.903672 3.205793
v 0.317271 0.903672 3.205793
v 0.317271 0.903672 3.214227
v 0.351054 0.855432 3.220010
v 0.359088 0.875432 3.211976
v 0.351054 0.855432 3.200010
v 0.359088 0.875432 3.208044
v 0.371054 0.855432 3.220010
v 0.363020 0.875432 3.211976
v 0.371054 0.855432 3.200010
v 0.363020 0.875432 3.208044
v 0.351054 0.875432 3.220010
v 0.351054 0.875432 3.200010
v 0.371054 0.875432 3.200010
v 0.371054 0.875432 3.220010
v 0.356837 0.903672 3.214227
v 0.356837 0.903672 3.205793
v 0.365271 0.903672 3.205793
v 0.365271 0.903672 3.214227
v 0.101205 0.638459 5.461209
v 0.101205 0.714637 5.461209
v 0.101205 0.638459 5.429239
v 0.101205 0.714637 5.429239
v 0.266109 0.638459 5.429239
v 0.266109 0.714637 5.429239
v 0.266109 0.638459 5.461209
v 0.266109 0.714637 5.461209
v 0.237672 0.645316 5.430847
v 0.237672 0.710075 5.430847
v 0.237672 0.659043 5.416853
v 0.237672 0.710075 5.423957
v 0.260630 0.645316 5.430847
v 0.260630 0.710075 5.430847
v 0.260630 0.659043 5.416853
v 0.260630 0.710075 5.423957
v 0.171726 0.644744 5.431013
v 0.171726 0.662964 5.431013
v 0.177813 0.650831 5.425987
v 0.177813 0.656877 5.425987
v 0.189946 0.644744 5.431013
v 0.189946 0.662964 5.431013
v 0.183859 0.650831 5.425987
v 0.183859 0.656877 5.425987
v 0.171726 0.662964 5.425987
v 0.171726 0.644744 5.425987
v 0.189946 0.644744 5.425987
v 0.189946 0.662964 5.425987
v 0.176713 0.652497 5.409370
v 0.176713 0.644251 5.409370
v 0.184959 0.644251 5.409370
v 0.184959 0.652497 5.409370
v 0.178326 0.650354 5.407426
v 0.178326 0.645334 5.407426
v 0.183346 0.645334 5.407426
v 0.183346 0.650354 5.407426
v 0.192694 0.685013 5.431013
v 0.192694 0.703233 5.431013
v 0.198781 0.691100 5.425987
v 0.198781 0.697146 5.425987
v 0.210914 0.685013 5.431013
v 0.210914 0.703233 5.431013
v 0.204827 0.691100 5.425987
v 0.204827 0.697146 5.425987
v 0.192694 0.703233 5.425987
v 0.192694 0.685013 5.425987
v 0.210914 0.685013 5.425987
v 0.210914 0.703233 5.425987
v 0.197681 0.692766 5.409370
v 0.197681 0.684520 5.409370
v 0.205927 0.684520 5.409370
v 0.205927 0.692766 5.409370
v 0.199294 0.690623 5.407426
v 0.199294 0.685603 5.407426
v 0.204314 0.685603 5.407426
v 0.204314 0.690623 5.407426
v 0.281095 0.679770 5.431013
v 0.281095 0.697991 5.431013
v 0.287182 0.685858 5.425987
v 0.287182 0.691904 5.425987
v 0.299315 0.679770 5.431013
v 0.299315 0.697991 5.431013
v 0.293228 0.685858 5.425987
v 0.293228 0.691904 5.425987
v 0.281095 0.697991 5.425987
v 0.281095 0.679770 5.425987
v 0.299315 0.679770 5.425987
v 0.299315 0.697991 5.425987
v 0.286082 0.687524 5.409370
v 0.286082 0.679278 5.409370
v 0.294328 0.679278 5.409370
v 0.294328 0.687524 5.409370
v 0.287695 0.685381 5.407426
v 0.287695 0.680360 5.407426
v 0.292715 0.680360 5.407426
v 0.292715 0.685381 5.407426
v 0.314548 0.678341 5.431013
v 0.314548 0.696561 5.431013
v 0.320635 0.684428 5.425987
v 0.320635 0.690474 5.425987
v 0.332768 0.678341 5.431013
v 0.332768 0.696561 5.431013
v 0.326681 0.684428 5.425987
v 0.326681 0.690474 5.425987
v 0.314548 0.696561 5.425987
v 0.314548 0.678341 5.425987
v 0.332768 0.678341 5.425987
v 0.332768 0.696561 5.425987
v 0.319535 0.686094 5.409370
v 0.319535 0.677848 5.409370
v 0.327781 0.677848 5.409370
v 0.327781 0.686094 5.409370
v 0.321148 0.683951 5.407426
v 0.321148 0.678931 5.407426
v 0.326168 0.678931 5.407426
v 0.326168 0.683951 5.407426
v 0.416863 0.679056 5.431013
v 0.416863 0.697276 5.431013
v 0.422950 0.685143 5.425987
v 0.422950 0.691189 5.425987
v 0.435083 0.679056 5.431013
v 0.435083 0.697276 5.431013
v 0.428996 0.685143 5.425987
v 0.428996 0.691189 5.425987
v 0.416863 0.697276 5.425987
v 0.416863 0.679056 5.425987
v 0.435083 0.679056 5.425987
v 0.435083 0.697276 5.425987
v 0.421850 0.686809 5.409370
v 0.421850 0.678563 5.409370
v 0.430096 0.678563 5.409370
v 0.430096 0.686809 5.409370
v 0.423463 0.684666 5.407426
v 0.423463 0.679646 5.407426
v 0.428483 0.679646 5.407426
v 0.428483 0.684666 5.407426
v 0.373591 0.677149 5.431013
v 0.373591 0.695370 5.431013
v 0.379678 0.683236 5.425987
v 0.379678 0.689283 5.425987
v 0.391811 0.677149 5.431013
v 0.391811 0.695370 5.431013
v 0.385724 0.683236 5.425987
v 0.385724 0.689283 5.425987
v 0.373591 0.695370 5.425987
v 0.373591 0.677149 5.425987
v 0.391811 0.677149 5.425987
v 0.391811 0.695370 5.425987
v 0.378578 0.684902 5.409370
v 0.378578 0.676657 5.409370
v 0.386824 0.676657 5.409370
v 0.386824 0.684902 5.409370
v 0.380191 0.682760 5.407426
v 0.380191 0.677739 5.407426
v 0.385211 0.677739 5.407426
v 0.385211 0.682760 5.407426
v 0.248905 0.727543 5.461209
v 0.248905 0.912092 5.461209
v 0.248905 0.727543 5.429239
v 0.248905 0.912092 5.429239
v 0.290945 0.727543 5.429239
v 0.290945 0.912092 5.429239
v 0.290945 0.727543 5.461209
v 0.290945 0.912092 5.461209
v -0.228216 0.634938 5.461209
v -0.228216 0.711115 5.461209
v -0.228216 0.634938 5.429239
v -0.228216 0.711115 5.429239
v -0.106002 0.634938 5.429239
v -0.106002 0.711115 5.429239
v -0.106002 0.634938 5.461209
v -0.106002 0.711115 5.461209
v 0.444510 0.727543 5.461209
v 0.444510 0.912092 5.461209
v 0.444510 0.727543 5.429239
v 0.444510 0.912092 5.429239
v 0.402469 0.727543 5.429239
v 0.402470 0.912092 5.429239
v 0.402470 0.727543 5.461209
v 0.402469 0.912092 5.461209
v -0.003825 1.501100 3.754517
v -0.003825 1.474523 3.754517
v -0.030180 1.501100 3.754517
v -0.030180 1.474523 3.754517
v -0.003825 1.501100 3.750831
v -0.003825 1.474523 3.750831
v -0.030180 1.501100 3.750831
v -0.030180 1.474523 3.750831
v -0.038086 1.501100 3.754517
v -0.038086 1.474523 3.754517
v -0.064440 1.501100 3.754517
v -0.064440 1.474523 3.754517
v -0.038086 1.501100 3.750831
v -0.038086 1.474523 3.750831
v -0.064440 1.501100 3.750831
v -0.064440 1.474523 3.750831
v -0.072347 1.501100 3.754517
v -0.072347 1.474523 3.754517
v -0.098701 1.501100 3.754517
v -0.098701 1.474523 3.754517
v -0.072347 1.501100 3.750831
v -0.072347 1.474523 3.750831
v -0.098701 1.501100 3.750831
v -0.098701 1.474523 3.750831
v -0.106608 1.501100 3.754517
v -0.106608 1.474523 3.754517
v -0.132962 1.501100 3.754517
v -0.132962 1.474523 3.754517
v -0.106608 1.501100 3.750831
v -0.106608 1.474523 3.750831
v -0.132962 1.501100 3.750831
v -0.132962 1.474523 3.750831
v -0.140868 1.501100 3.754517
v -0.140868 1.474523 3.754517
v -0.167223 1.501100 3.754517
v -0.167223 1.474523 3.754517
v -0.140868 1.501100 3.750831
v -0.140868 1.474523 3.750831
v -0.167223 1.501100 3.750831
v -0.167223 1.474523 3.750831
v -0.003825 1.469207 3.754517
v -0.003825 1.442630 3.754517
v -0.030180 1.469207 3.754517
v -0.030180 1.442630 3.754517
v -0.003825 1.469207 3.750831
v -0.003825 1.442630 3.750831
v -0.030180 1.469207 3.750831
v -0.030180 1.442630 3.750831
v -0.038086 1.469207 3.754517
v -0.038086 1.442630 3.754517
v -0.064440 1.469207 3.754517
v -0.064440 1.442630 3.754517
v -0.038086 1.469207 3.750831
v -0.038086 1.442630 3.750831
v -0.064440 1.469207 3.750831
v -0.064440 1.442630 3.750831
v -0.072347 1.469207 3.754517
v -0.072347 1.442630 3.754517
v -0.098701 1.469207 3.754517
v -0.098701 1.442630 3.754517
v -0.072347 1.469207 3.750831
v -0.072347 1.442630 3.750831
v -0.098701 1.469207 3.750831
v -0.098701 1.442630 3.750831
v -0.106608 1.469207 3.754517
v -0.106608 1.442630 3.754517
v -0.132962 1.469207 3.754517
v -0.132962 1.442630 3.754517
v -0.106608 1.469207 3.750831
v -0.106608 1.442630 3.750831
v -0.132962 1.469207 3.750831
v -0.132962 1.442630 3.750831
v -0.140868 1.469207 3.754517
v -0.140868 1.442630 3.754517
v -0.167223 1.469207 3.754517
v -0.167223 1.442630 3.754517
v -0.140868 1.469207 3.750831
v -0.140868 1.442630 3.750831
v -0.167223 1.469207 3.750831
v -0.167223 1.442630 3.750831
v -0.013802 1.553437 3.757100
v -0.002943 1.548938 3.757100
v 0.001555 1.538080 3.757101
v -0.002943 1.527220 3.757101
v -0.013802 1.522722 3.757101
v -0.024661 1.527220 3.757101
v -0.029159 1.538080 3.757101
v -0.024661 1.548938 3.757100
v -0.002943 1.548938 3.750170
v -0.013802 1.553437 3.750170
v 0.001555 1.538080 3.750170
v -0.002943 1.527220 3.750170
v -0.013802 1.522722 3.750170
v -0.024661 1.527220 3.750170
v -0.029159 1.538080 3.750170
v -0.024661 1.548938 3.750170
v -0.013802 1.522722 3.740826
v -0.002943 1.527220 3.740826
v -0.013802 1.553437 3.740825
v -0.024661 1.548938 3.740825
v -0.084445 1.553437 3.757100
v -0.073586 1.548938 3.757100
v -0.069088 1.538080 3.757101
v -0.073586 1.527220 3.757101
v -0.084445 1.522722 3.757101
v -0.095304 1.527220 3.757101
v -0.099802 1.538080 3.757101
v -0.095304 1.548938 3.757100
v -0.073586 1.548938 3.750170
v -0.084445 1.553437 3.750170
v -0.069088 1.538080 3.750170
v -0.073586 1.527220 3.750170
v -0.084445 1.522722 3.750170
v -0.095304 1.527220 3.750170
v -0.099802 1.538080 3.750170
v -0.095304 1.548938 3.750170
v -0.084445 1.522722 3.740826
v -0.073586 1.527220 3.740826
v -0.084445 1.553437 3.740825
v -0.095304 1.548938 3.740825
v -0.155087 1.553437 3.757100
v -0.144228 1.548938 3.757100
v -0.139730 1.538080 3.757101
v -0.144228 1.527220 3.757101
v -0.155087 1.522722 3.757101
v -0.165947 1.527220 3.757101
v -0.170445 1.538080 3.757101
v -0.165947 1.548938 3.757100
v -0.144228 1.548938 3.750170
v -0.155087 1.553437 3.750170
v -0.139730 1.538080 3.750170
v -0.144228 1.527220 3.750170
v -0.155087 1.522722 3.750170
v -0.165947 1.527220 3.750170
v -0.170445 1.538080 3.750170
v -0.165947 1.548938 3.750170
v -0.155087 1.522722 3.740826
v -0.144228 1.527220 3.740826
v -0.155087 1.553437 3.740825
v -0.165947 1.548938 3.740825
v -0.013802 1.587588 3.757100
v -0.002943 1.583090 3.757100
v 0.001555 1.572232 3.757101
v -0.002943 1.561372 3.757101
v -0.013802 1.556874 3.757101
v -0.024661 1.561372 3.757101
v -0.029159 1.572232 3.757101
v -0.024661 1.583090 3.757100
v -0.002943 1.583090 3.750170
v -0.013802 1.587588 3.750170
v 0.001555 1.572232 3.750170
v -0.002943 1.561372 3.750170
v -0.013802 1.556874 3.750170
v -0.024661 1.561372 3.750170
v -0.029159 1.572232 3.750170
v -0.024661 1.583090 3.750170
v -0.013802 1.556874 3.740826
v -0.002943 1.561372 3.740826
v -0.013802 1.587588 3.740825
v -0.024661 1.583090 3.740825
v -0.084445 1.587588 3.757100
v -0.073586 1.583090 3.757100
v -0.069088 1.572232 3.757101
v -0.073586 1.561372 3.757101
v -0.084445 1.556874 3.757101
v -0.095304 1.561372 3.757101
v -0.099802 1.572232 3.757101
v -0.095304 1.583090 3.757100
v -0.073586 1.583090 3.750170
v -0.084445 1.587588 3.750170
v -0.069088 1.572232 3.750170
v -0.073586 1.561372 3.750170
v -0.084445 1.556874 3.750170
v -0.095304 1.561372 3.750170
v -0.099802 1.572232 3.750170
v -0.095304 1.583090 3.750170
v -0.084445 1.556874 3.740826
v -0.073586 1.561372 3.740826
v -0.084445 1.587588 3.740825
v -0.095304 1.583090 3.740825
v -0.155087 1.587588 3.757100
v -0.144228 1.583090 3.757100
v -0.139730 1.572232 3.757101
v -0.144228 1.561372 3.757101
v -0.155087 1.556874 3.757101
v -0.165947 1.561372 3.757101
v -0.170445 1.572232 3.757101
v -0.165947 1.583090 3.757100
v -0.144228 1.583090 3.750170
v -0.155087 1.587588 3.750170
v -0.139730 1.572232 3.750170
v -0.144228 1.561372 3.750170
v -0.155087 1.556874 3.750170
v -0.165947 1.561372 3.750170
v -0.170445 1.572232 3.750170
v -0.165947 1.583090 3.750170
v -0.155087 1.556874 3.740826
v -0.144228 1.561372 3.740826
v -0.155087 1.587588 3.740825
v -0.165947 1.583090 3.740825
v 0.021087 1.578525 3.778818
v 0.040237 1.563351 3.754517
v 0.188519 1.578525 3.778818
v 0.188519 1.578525 3.754517
v 0.021087 1.451984 3.778818
v 0.040237 1.467159 3.754517
v 0.188519 1.451984 3.778818
v 0.188519 1.451984 3.754517
v 0.075007 1.563351 3.754517
v 0.099077 1.578525 3.754517
v 0.094157 1.578525 3.778818
v 0.099077 1.578525 3.778818
v 0.075007 1.467159 3.754517
v 0.099077 1.451984 3.754517
v 0.094157 1.451984 3.778818
v 0.099077 1.451984 3.778818
v 0.021087 1.451984 3.754517
v 0.021087 1.578525 3.754517
v 0.094157 1.578525 3.754517
v 0.094157 1.451984 3.754517
v 0.040237 1.467159 3.761213
v 0.040237 1.563351 3.761213
v 0.075007 1.563351 3.761213
v 0.075007 1.467159 3.761213
v -0.182673 1.514349 3.778818
v -0.182673 1.514349 3.754517
v 0.011161 1.514349 3.778818
v 0.011161 1.514349 3.754517
v -0.182673 1.430639 3.778818
v -0.182673 1.430639 3.754517
v 0.011161 1.430639 3.778818
v 0.011161 1.430639 3.754517
v -0.182673 1.590289 3.778818
v -0.182673 1.590289 3.754517
v 0.011161 1.590289 3.778818
v 0.011161 1.590289 3.754517
v -0.182673 1.519594 3.778818
v -0.182673 1.519594 3.754517
v 0.011161 1.519594 3.778818
v 0.011161 1.519594 3.754517
v 0.093630 1.188985 5.610727
v 0.093630 1.249335 5.413013
v 0.093630 1.389771 5.405250
v 0.093630 1.389771 5.387751
v 0.080911 1.188985 5.610727
v 0.080911 1.249335 5.413013
v 0.080911 1.389771 5.405250
v 0.080911 1.389771 5.387751
v 0.093630 1.292967 5.505539
v 0.093630 1.321708 5.413013
v 0.080911 1.292967 5.505539
v 0.080911 1.321708 5.413013
v 0.093630 1.253557 5.545325
v 0.093630 1.299093 5.413013
v 0.000000 1.253557 5.545325
v 0.000000 1.188985 5.610727
v 0.000000 1.249335 5.413013
v 0.000000 1.299093 5.413013
v 0.080911 1.253557 5.545325
v 0.080911 1.299093 5.413013
v 0.052802 1.284863 5.428689
v 0.052802 1.253557 5.529650
v 0.000000 1.284863 5.428689
v 0.000000 1.253557 5.529650
v 0.045365 1.275649 5.435799
v 0.045365 1.244343 5.522540
v 0.000000 1.275649 5.435799
v 0.000000 1.244343 5.522540
v -0.093630 1.188985 5.610727
v -0.093630 1.249335 5.413013
v -0.093630 1.389771 5.405250
v -0.093630 1.389771 5.387751
v -0.080911 1.188985 5.610727
v -0.080911 1.249335 5.413013
v -0.080911 1.389771 5.405250
v -0.080911 1.389771 5.387751
v -0.093630 1.292967 5.505539
v -0.093630 1.321708 5.413013
v -0.080911 1.292967 5.505539
v -0.080911 1.321708 5.413013
v -0.093630 1.253557 5.545325
v -0.080911 1.253557 5.545325
v -0.093630 1.299093 5.413013
v -0.080911 1.299093 5.413013
v -0.052802 1.284863 5.428689
v -0.052802 1.253557 5.529650
v -0.045365 1.275649 5.435799
v -0.045365 1.244343 5.522540
v -0.358645 0.867087 3.185617
v -0.351391 0.867087 3.203131
v -0.333877 0.867087 3.210386
v -0.316362 0.867087 3.203131
v -0.309108 0.867087 3.185617
v -0.316362 0.867087 3.168103
v -0.333877 0.867087 3.160848
v -0.351391 0.867087 3.168103
v -0.351391 0.873810 3.203131
v -0.358645 0.873810 3.185617
v -0.333877 0.873810 3.210386
v -0.316362 0.873810 3.203131
v -0.309108 0.873810 3.185617
v -0.316362 0.873810 3.168103
v -0.333877 0.873810 3.160848
v -0.351391 0.873810 3.168103
v -0.309108 0.882873 3.185617
v -0.316362 0.882873 3.203131
v -0.358645 0.882873 3.185617
v -0.351391 0.882873 3.168103
v -0.314619 0.867087 3.054998
v -0.332134 0.867087 3.062253
v -0.339388 0.867087 3.079766
v -0.332134 0.867087 3.097281
v -0.314619 0.867087 3.104536
v -0.297105 0.867087 3.097281
v -0.289851 0.867087 3.079766
v -0.297105 0.867087 3.062253
v -0.332134 0.873810 3.062253
v -0.314619 0.873810 3.054998
v -0.339388 0.873810 3.079766
v -0.332134 0.873810 3.097281
v -0.314619 0.873810 3.104536
v -0.297105 0.873810 3.097281
v -0.289851 0.873810 3.079766
v -0.297105 0.873810 3.062253
v -0.314619 0.882873 3.104536
v -0.332134 0.882873 3.097281
v -0.314619 0.882873 3.054998
v -0.297105 0.882873 3.062253
v -0.335205 0.866843 3.538312
v -0.346064 0.866843 3.542810
v -0.350562 0.866843 3.553669
v -0.346064 0.866843 3.564528
v -0.335205 0.866843 3.569026
v -0.324346 0.866843 3.564528
v -0.319848 0.866843 3.553669
v -0.324346 0.866843 3.542810
v -0.346064 0.873773 3.542810
v -0.335205 0.873773 3.538312
v -0.350562 0.873773 3.553669
v -0.346064 0.873773 3.564528
v -0.335205 0.873773 3.569026
v -0.324346 0.873773 3.564528
v -0.319848 0.873773 3.553669
v -0.324346 0.873773 3.542810
v -0.335205 0.883117 3.569026
v -0.346064 0.883117 3.564528
v -0.335205 0.883117 3.538312
v -0.324346 0.883117 3.542810
v -0.389398 0.866843 3.538312
v -0.400257 0.866843 3.542810
v -0.404755 0.866843 3.553669
v -0.400257 0.866843 3.564528
v -0.389398 0.866843 3.569026
v -0.378539 0.866843 3.564528
v -0.374041 0.866843 3.553669
v -0.378539 0.866843 3.542810
v -0.400257 0.873773 3.542810
v -0.389398 0.873773 3.538312
v -0.404755 0.873773 3.553669
v -0.400257 0.873773 3.564528
v -0.389398 0.873773 3.569026
v -0.378539 0.873773 3.564528
v -0.374041 0.873773 3.553669
v -0.378539 0.873773 3.542810
v -0.389398 0.883117 3.569026
v -0.400257 0.883117 3.564528
v -0.389398 0.883117 3.538312
v -0.378539 0.883117 3.542810
v -0.335205 0.866843 3.464597
v -0.346064 0.866843 3.469095
v -0.350562 0.866843 3.479954
v -0.346064 0.866843 3.490814
v -0.335205 0.866843 3.495312
v -0.324346 0.866843 3.490814
v -0.319848 0.866843 3.479954
v -0.324346 0.866843 3.469095
v -0.346064 0.873773 3.469095
v -0.335205 0.873773 3.464597
v -0.350562 0.873773 3.479954
v -0.346064 0.873773 3.490814
v -0.335205 0.873773 3.495312
v -0.324346 0.873773 3.490814
v -0.319848 0.873773 3.479954
v -0.324346 0.873773 3.469095
v -0.335205 0.883117 3.495312
v -0.346064 0.883117 3.490814
v -0.335205 0.883117 3.464597
v -0.324346 0.883117 3.469095
v -0.389398 0.866843 3.464597
v -0.400257 0.866843 3.469095
v -0.404755 0.866843 3.479954
v -0.400257 0.866843 3.490814
v -0.389398 0.866843 3.495312
v -0.378539 0.866843 3.490814
v -0.374041 0.866843 3.479954
v -0.378539 0.866843 3.469095
v -0.400257 0.873773 3.469095
v -0.389398 0.873773 3.464597
v -0.404755 0.873773 3.479954
v -0.400257 0.873773 3.490814
v -0.389398 0.873773 3.495312
v -0.378539 0.873773 3.490814
v -0.374041 0.873773 3.479954
v -0.378539 0.873773 3.469095
v -0.389398 0.883117 3.495312
v -0.400257 0.883117 3.490814
v -0.389398 0.883117 3.464597
v -0.378539 0.883117 3.469095
v 0.335808 0.866843 3.150358
v 0.324949 0.866843 3.154856
v 0.320451 0.866843 3.165715
v 0.324949 0.866843 3.176575
v 0.335808 0.866843 3.181073
v 0.346667 0.866843 3.176575
v 0.351165 0.866843 3.165715
v 0.346667 0.866843 3.154856
v 0.324949 0.873773 3.154856
v 0.335808 0.873773 3.150358
v 0.320451 0.873773 3.165715
v 0.324949 0.873773 3.176575
v 0.335808 0.873773 3.181073
v 0.346667 0.873773 3.176575
v 0.351165 0.873773 3.165715
v 0.346667 0.873773 3.154856
v 0.335808 0.883117 3.181073
v 0.324949 0.883117 3.176575
v 0.335808 0.883117 3.150358
v 0.346667 0.883117 3.154856
v 0.389294 0.866843 3.555707
v 0.378435 0.866843 3.560205
v 0.373937 0.866843 3.571064
v 0.378435 0.866843 3.581923
v 0.389294 0.866843 3.586421
v 0.400153 0.866843 3.581923
v 0.404651 0.866843 3.571064
v 0.400153 0.866843 3.560205
v 0.378435 0.873773 3.560205
v 0.389294 0.873773 3.555707
v 0.373937 0.873773 3.571064
v 0.378435 0.873773 3.581923
v 0.389294 0.873773 3.586421
v 0.400153 0.873773 3.581923
v 0.404651 0.873773 3.571064
v 0.400153 0.873773 3.560205
v 0.389294 0.883117 3.586421
v 0.378435 0.883117 3.581923
v 0.389294 0.883117 3.555707
v 0.400153 0.883117 3.560205
v 0.335101 0.866843 3.555707
v 0.324241 0.866843 3.560205
v 0.319743 0.866843 3.571064
v 0.324241 0.866843 3.581923
v 0.335101 0.866843 3.586421
v 0.345960 0.866843 3.581923
v 0.350458 0.866843 3.571064
v 0.345960 0.866843 3.560205
v 0.324241 0.873773 3.560205
v 0.335101 0.873773 3.555707
v 0.319743 0.873773 3.571064
v 0.324241 0.873773 3.581923
v 0.335101 0.873773 3.586421
v 0.345960 0.873773 3.581923
v 0.350458 0.873773 3.571064
v 0.345960 0.873773 3.560205
v 0.335101 0.883117 3.586421
v 0.324241 0.883117 3.581923
v 0.335101 0.883117 3.555707
v 0.345960 0.883117 3.560205
v 0.389294 0.866843 3.500421
v 0.378435 0.866843 3.504919
v 0.373937 0.866843 3.515778
v 0.378435 0.866843 3.526637
v 0.389294 0.866843 3.531135
v 0.400153 0.866843 3.526637
v 0.404651 0.866843 3.515778
v 0.400153 0.866843 3.504919
v 0.378435 0.873773 3.504919
v 0.389294 0.873773 3.500421
v 0.373937 0.873773 3.515778
v 0.378435 0.873773 3.526637
v 0.389294 0.873773 3.531135
v 0.400153 0.873773 3.526637
v 0.404651 0.873773 3.515778
v 0.400153 0.873773 3.504919
v 0.389294 0.883117 3.531135
v 0.378435 0.883117 3.526637
v 0.389294 0.883117 3.500421
v 0.400153 0.883117 3.504919
v 0.335101 0.866843 3.500421
v 0.324241 0.866843 3.504919
v 0.319743 0.866843 3.515778
v 0.324241 0.866843 3.526637
v 0.335101 0.866843 3.531135
v 0.345960 0.866843 3.526637
v 0.350458 0.866843 3.515778
v 0.345960 0.866843 3.504919
v 0.324241 0.873773 3.504919
v 0.335101 0.873773 3.500421
v 0.319743 0.873773 3.515778
v 0.324241 0.873773 3.526637
v 0.335101 0.873773 3.531135
v 0.345960 0.873773 3.526637
v 0.350458 0.873773 3.515778
v 0.345960 0.873773 3.504919
v 0.335101 0.883117 3.531135
v 0.324241 0.883117 3.526637
v 0.335101 0.883117 3.500421
v 0.345960 0.883117 3.504919
v 0.389294 0.866843 3.445134
v 0.378435 0.866843 3.449632
v 0.373937 0.866843 3.460491
v 0.378435 0.866843 3.471351
v 0.389294 0.866843 3.475849
v 0.400153 0.866843 3.471351
v 0.404651 0.866843 3.460491
v 0.400153 0.866843 3.449632
v 0.378435 0.873773 3.449632
v 0.389294 0.873773 3.445134
v 0.373937 0.873773 3.460491
v 0.378435 0.873773 3.471351
v 0.389294 0.873773 3.475849
v 0.400153 0.873773 3.471351
v 0.404651 0.873773 3.460491
v 0.400153 0.873773 3.449632
v 0.389294 0.883117 3.475849
v 0.378435 0.883117 3.471351
v 0.389294 0.883117 3.445134
v 0.400153 0.883117 3.449632
v 0.335101 0.866843 3.445134
v 0.324241 0.866843 3.449632
v 0.319743 0.866843 3.460491
v 0.324241 0.866843 3.471351
v 0.335101 0.866843 3.475849
v 0.345960 0.866843 3.471351
v 0.350458 0.866843 3.460491
v 0.345960 0.866843 3.449632
v 0.324241 0.873773 3.449632
v 0.335101 0.873773 3.445134
v 0.319743 0.873773 3.460491
v 0.324241 0.873773 3.471351
v 0.335101 0.873773 3.475849
v 0.345960 0.873773 3.471351
v 0.350458 0.873773 3.460491
v 0.345960 0.873773 3.449632
v 0.335101 0.883117 3.475849
v 0.324241 0.883117 3.471351
v 0.335101 0.883117 3.445134
v 0.345960 0.883117 3.449632
v 0.389294 0.866843 3.389848
v 0.378435 0.866843 3.394346
v 0.373937 0.866843 3.405205
v 0.378435 0.866843 3.416065
v 0.389294 0.866843 3.420563
v 0.400153 0.866843 3.416065
v 0.404651 0.866843 3.405205
v 0.400153 0.866843 3.394346
v 0.378435 0.873773 3.394346
v 0.389294 0.873773 3.389848
v 0.373937 0.873773 3.405205
v 0.378435 0.873773 3.416065
v 0.389294 0.873773 3.420563
v 0.400153 0.873773 3.416065
v 0.404651 0.873773 3.405205
v 0.400153 0.873773 3.394346
v 0.389294 0.883117 3.420563
v 0.378435 0.883117 3.416065
v 0.389294 0.883117 3.389848
v 0.400153 0.883117 3.394346
v 0.335101 0.866843 3.389848
v 0.324241 0.866843 3.394346
v 0.319743 0.866843 3.405205
v 0.324241 0.866843 3.416065
v 0.335101 0.866843 3.420563
v 0.345960 0.866843 3.416065
v 0.350458 0.866843 3.405205
v 0.345960 0.866843 3.394346
v 0.324241 0.873773 3.394346
v 0.335101 0.873773 3.389848
v 0.319743 0.873773 3.405205
v 0.324241 0.873773 3.416065
v 0.335101 0.873773 3.420563
v 0.345960 0.873773 3.416065
v 0.350458 0.873773 3.405205
v 0.345960 0.873773 3.394346
v 0.335101 0.883117 3.420563
v 0.324241 0.883117 3.416065
v 0.335101 0.883117 3.389848
v 0.345960 0.883117 3.394346
v 0.409797 0.866843 3.297255
v 0.398938 0.866843 3.301753
v 0.394440 0.866843 3.312612
v 0.398938 0.866843 3.323472
v 0.409797 0.866843 3.327970
v 0.420656 0.866843 3.323472
v 0.425154 0.866843 3.312612
v 0.420656 0.866843 3.301753
v 0.398938 0.873773 3.301753
v 0.409797 0.873773 3.297255
v 0.394440 0.873773 3.312612
v 0.398938 0.873773 3.323472
v 0.409797 0.873773 3.327970
v 0.420656 0.873773 3.323472
v 0.425154 0.873773 3.312612
v 0.420656 0.873773 3.301753
v 0.409797 0.883117 3.327970
v 0.398938 0.883117 3.323472
v 0.409797 0.883117 3.297255
v 0.420656 0.883117 3.301753
v 0.370176 0.866843 3.297255
v 0.359317 0.866843 3.301753
v 0.354819 0.866843 3.312612
v 0.359317 0.866843 3.323472
v 0.370176 0.866843 3.327970
v 0.381036 0.866843 3.323472
v 0.385533 0.866843 3.312612
v 0.381036 0.866843 3.301753
v 0.359317 0.873773 3.301753
v 0.370176 0.873773 3.297255
v 0.354819 0.873773 3.312612
v 0.359317 0.873773 3.323472
v 0.370176 0.873773 3.327970
v 0.381036 0.873773 3.323472
v 0.385533 0.873773 3.312612
v 0.381036 0.873773 3.301753
v 0.370176 0.883117 3.327970
v 0.359317 0.883117 3.323472
v 0.370176 0.883117 3.297255
v 0.381036 0.883117 3.301753
v 0.405626 0.867087 3.038012
v 0.388112 0.867087 3.045266
v 0.380857 0.867087 3.062780
v 0.388112 0.867087 3.080295
v 0.405626 0.867087 3.087549
v 0.423140 0.867087 3.080295
v 0.430395 0.867087 3.062780
v 0.423140 0.867087 3.045266
v 0.388112 0.873810 3.045266
v 0.405626 0.873810 3.038012
v 0.380857 0.873810 3.062780
v 0.388112 0.873810 3.080295
v 0.405626 0.873810 3.087549
v 0.423140 0.873810 3.080295
v 0.430395 0.873810 3.062780
v 0.423140 0.873810 3.045266
v 0.405626 0.882873 3.087549
v 0.388112 0.882873 3.080295
v 0.405626 0.882873 3.038012
v 0.423140 0.882873 3.045266
v 0.307986 0.867087 3.038012
v 0.290472 0.867087 3.045266
v 0.283217 0.867087 3.062780
v 0.290472 0.867087 3.080295
v 0.307986 0.867087 3.087549
v 0.325500 0.867087 3.080295
v 0.332755 0.867087 3.062780
v 0.325500 0.867087 3.045266
v 0.290472 0.873810 3.045266
v 0.307986 0.873810 3.038012
v 0.283217 0.873810 3.062780
v 0.290472 0.873810 3.080295
v 0.307986 0.873810 3.087549
v 0.325500 0.873810 3.080295
v 0.332755 0.873810 3.062780
v 0.325500 0.873810 3.045266
v 0.307986 0.882873 3.087549
v 0.290472 0.882873 3.080295
v 0.307986 0.882873 3.038012
v 0.325500 0.882873 3.045266
v -0.302764 0.866843 3.383456
v -0.313624 0.866843 3.387954
v -0.318122 0.866843 3.398813
v -0.313624 0.866843 3.409673
v -0.302764 0.866843 3.414171
v -0.291905 0.866843 3.409673
v -0.287407 0.866843 3.398813
v -0.291905 0.866843 3.387954
v -0.313624 0.873773 3.387954
v -0.302764 0.873773 3.383456
v -0.318122 0.873773 3.398813
v -0.313624 0.873773 3.409673
v -0.302764 0.873773 3.414171
v -0.291905 0.873773 3.409673
v -0.287407 0.873773 3.398813
v -0.291905 0.873773 3.387954
v -0.302764 0.883117 3.414171
v -0.313624 0.883117 3.409673
v -0.302764 0.883117 3.383456
v -0.291905 0.883117 3.387954
v -0.356958 0.866843 3.383456
v -0.367817 0.866843 3.387954
v -0.372315 0.866843 3.398813
v -0.367817 0.866843 3.409673
v -0.356958 0.866843 3.414171
v -0.346098 0.866843 3.409673
v -0.341601 0.866843 3.398813
v -0.346098 0.866843 3.387954
v -0.367817 0.873773 3.387954
v -0.356958 0.873773 3.383456
v -0.372315 0.873773 3.398813
v -0.367817 0.873773 3.409673
v -0.356958 0.873773 3.414171
v -0.346098 0.873773 3.409673
v -0.341601 0.873773 3.398813
v -0.346098 0.873773 3.387954
v -0.356958 0.883117 3.414171
v -0.367817 0.883117 3.409673
v -0.356958 0.883117 3.383456
v -0.346098 0.883117 3.387954
v -0.302764 0.866843 3.309741
v -0.313624 0.866843 3.314240
v -0.318122 0.866843 3.325099
v -0.313624 0.866843 3.335958
v -0.302764 0.866843 3.340456
v -0.291905 0.866843 3.335958
v -0.287407 0.866843 3.325099
v -0.291905 0.866843 3.314240
v -0.313624 0.873773 3.314240
v -0.302764 0.873773 3.309741
v -0.318122 0.873773 3.325099
v -0.313624 0.873773 3.335958
v -0.302764 0.873773 3.340456
v -0.291905 0.873773 3.335958
v -0.287407 0.873773 3.325099
v -0.291905 0.873773 3.314240
v -0.302764 0.883117 3.340456
v -0.313624 0.883117 3.335958
v -0.302764 0.883117 3.309741
v -0.291905 0.883117 3.314240
v -0.356958 0.866843 3.309741
v -0.367817 0.866843 3.314240
v -0.372315 0.866843 3.325099
v -0.367817 0.866843 3.335958
v -0.356958 0.866843 3.340456
v -0.346098 0.866843 3.335958
v -0.341601 0.866843 3.325099
v -0.346098 0.866843 3.314240
v -0.367817 0.873773 3.314240
v -0.356958 0.873773 3.309741
v -0.372315 0.873773 3.325099
v -0.367817 0.873773 3.335958
v -0.356958 0.873773 3.340456
v -0.346098 0.873773 3.335958
v -0.341601 0.873773 3.325099
v -0.346098 0.873773 3.314240
v -0.356958 0.883117 3.340456
v -0.367817 0.883117 3.335958
v -0.356958 0.883117 3.309741
v -0.346098 0.883117 3.314240
v -0.302764 0.866843 3.236027
v -0.313624 0.866843 3.240525
v -0.318122 0.866843 3.251384
v -0.313624 0.866843 3.262243
v -0.302764 0.866843 3.266741
v -0.291905 0.866843 3.262243
v -0.287407 0.866843 3.251384
v -0.291905 0.866843 3.240525
v -0.313624 0.873773 3.240525
v -0.302764 0.873773 3.236027
v -0.318122 0.873773 3.251384
v -0.313624 0.873773 3.262243
v -0.302764 0.873773 3.266741
v -0.291905 0.873773 3.262243
v -0.287407 0.873773 3.251384
v -0.291905 0.873773 3.240525
v -0.302764 0.883117 3.266741
v -0.313624 0.883117 3.262243
v -0.302764 0.883117 3.236027
v -0.291905 0.883117 3.240525
v -0.356958 0.866843 3.236027
v -0.367817 0.866843 3.240525
v -0.372315 0.866843 3.251384
v -0.367817 0.866843 3.262243
v -0.356958 0.866843 3.266741
v -0.346098 0.866843 3.262243
v -0.341601 0.866843 3.251384
v -0.346098 0.866843 3.240525
v -0.367817 0.873773 3.240525
v -0.356958 0.873773 3.236027
v -0.372315 0.873773 3.251384
v -0.367817 0.873773 3.262243
v -0.356958 0.873773 3.266741
v -0.346098 0.873773 3.262243
v -0.341601 0.873773 3.251384
v -0.346098 0.873773 3.240525
v -0.356958 0.883117 3.266741
v -0.367817 0.883117 3.262243
v -0.356958 0.883117 3.236027
v -0.346098 0.883117 3.240525
v -0.440445 0.855603 3.429101
v -0.273098 0.855603 3.429101
v -0.440445 0.855602 3.144893
v -0.273098 0.855602 3.144893
v -0.440445 0.869215 3.429101
v -0.273098 0.869215 3.429101
v -0.440445 0.869215 3.144893
v -0.273098 0.869215 3.144893
v -0.440445 0.855602 3.135669
v -0.273098 0.855602 3.135669
v -0.440445 0.855602 3.022618
v -0.273098 0.855602 3.022618
v -0.440445 0.869215 3.135669
v -0.273098 0.869215 3.135669
v -0.440445 0.869215 3.022618
v -0.273098 0.869215 3.022618
v -0.440445 0.855602 3.660060
v -0.273098 0.855602 3.660061
v -0.440445 0.855603 3.442230
v -0.273098 0.855603 3.442230
v -0.440445 0.869215 3.660060
v -0.273098 0.869215 3.660061
v -0.440445 0.869215 3.442230
v -0.273098 0.869215 3.442230
v 0.272685 0.855602 3.660061
v 0.440032 0.855602 3.660061
v 0.272685 0.855602 3.248267
v 0.440032 0.855602 3.248267
v 0.272685 0.869215 3.660061
v 0.440032 0.869215 3.660061
v 0.272685 0.869215 3.248267
v 0.440032 0.869215 3.248267
v 0.276909 0.623355 4.708063
v 0.444255 0.623355 4.708063
v 0.276909 0.623355 4.504536
v 0.444255 0.623355 4.504536
v 0.276909 0.636968 4.708063
v 0.444255 0.636968 4.708063
v 0.276909 0.636968 4.504536
v 0.444255 0.636968 4.504536
v 0.403295 1.130693 3.819517
v 0.417065 1.124989 3.819517
v 0.422769 1.111218 3.819518
v 0.417065 1.097447 3.819518
v 0.403295 1.091743 3.819518
v 0.389524 1.097447 3.819518
v 0.383820 1.111218 3.819518
v 0.389524 1.124989 3.819517
v 0.417065 1.124989 3.810728
v 0.403295 1.130693 3.810728
v 0.422769 1.111218 3.810728
v 0.417065 1.097447 3.810729
v 0.403295 1.091743 3.810729
v 0.389524 1.097447 3.810729
v 0.383820 1.111218 3.810728
v 0.389524 1.124989 3.810728
v 0.403295 1.091743 3.798880
v 0.417065 1.097447 3.798880
v 0.403295 1.130693 3.798879
v 0.389524 1.124989 3.798879
v 0.313711 1.130693 3.819517
v 0.327482 1.124989 3.819517
v 0.333186 1.111218 3.819518
v 0.327482 1.097447 3.819518
v 0.313711 1.091743 3.819518
v 0.299940 1.097447 3.819518
v 0.294236 1.111218 3.819518
v 0.299940 1.124989 3.819517
v 0.327482 1.124989 3.810728
v 0.313711 1.130693 3.810728
v 0.333186 1.111218 3.810728
v 0.327482 1.097447 3.810729
v 0.313711 1.091743 3.810729
v 0.299940 1.097447 3.810729
v 0.294236 1.111218 3.810728
v 0.299940 1.124989 3.810728
v 0.313711 1.091743 3.798880
v 0.327482 1.097447 3.798880
v 0.313711 1.130693 3.798879
v 0.299940 1.124989 3.798879
v 0.403295 1.076163 3.819517
v 0.417065 1.070459 3.819517
v 0.422769 1.056689 3.819518
v 0.417065 1.042917 3.819518
v 0.403295 1.037213 3.819518
v 0.389524 1.042917 3.819518
v 0.383820 1.056689 3.819518
v 0.389524 1.070459 3.819517
v 0.417065 1.070459 3.810728
v 0.403295 1.076163 3.810728
v 0.422769 1.056689 3.810728
v 0.417065 1.042917 3.810729
v 0.403295 1.037213 3.810729
v 0.389524 1.042917 3.810729
v 0.383820 1.056689 3.810728
v 0.389524 1.070459 3.810728
v 0.403295 1.037213 3.798880
v 0.417065 1.042917 3.798880
v 0.403295 1.076163 3.798879
v 0.389524 1.070459 3.798879
v 0.313711 1.076163 3.819517
v 0.327482 1.070459 3.819517
v 0.333186 1.056689 3.819518
v 0.327482 1.042917 3.819518
v 0.313711 1.037213 3.819518
v 0.299940 1.042917 3.819518
v 0.294236 1.056689 3.819518
v 0.299940 1.070459 3.819517
v 0.327482 1.070459 3.810728
v 0.313711 1.076163 3.810728
v 0.333186 1.056689 3.810728
v 0.327482 1.042917 3.810729
v 0.313711 1.037213 3.810729
v 0.299940 1.042917 3.810729
v 0.294236 1.056689 3.810728
v 0.299940 1.070459 3.810728
v 0.313711 1.037213 3.798880
v 0.327482 1.042917 3.798880
v 0.313711 1.076163 3.798879
v 0.299940 1.070459 3.798879
v 0.403295 1.021633 3.819517
v 0.417065 1.015929 3.819517
v 0.422769 1.002159 3.819518
v 0.417065 0.988388 3.819518
v 0.403295 0.982683 3.819518
v 0.389524 0.988388 3.819518
v 0.383820 1.002159 3.819518
v 0.389524 1.015929 3.819517
v 0.417065 1.015929 3.810728
v 0.403295 1.021633 3.810728
v 0.422769 1.002159 3.810728
v 0.417065 0.988388 3.810729
v 0.403295 0.982683 3.810729
v 0.389524 0.988388 3.810729
v 0.383820 1.002159 3.810728
v 0.389524 1.015929 3.810728
v 0.403295 0.982683 3.798880
v 0.417065 0.988388 3.798880
v 0.403295 1.021633 3.798879
v 0.389524 1.015929 3.798879
v 0.313711 1.021633 3.819517
v 0.327482 1.015929 3.819517
v 0.333186 1.002159 3.819518
v 0.327482 0.988388 3.819518
v 0.313711 0.982683 3.819518
v 0.299940 0.988388 3.819518
v 0.294236 1.002159 3.819518
v 0.299940 1.015929 3.819517
v 0.327482 1.015929 3.810728
v 0.313711 1.021633 3.810728
v 0.333186 1.002159 3.810728
v 0.327482 0.988388 3.810729
v 0.313711 0.982683 3.810729
v 0.299940 0.988388 3.810729
v 0.294236 1.002159 3.810728
v 0.299940 1.015929 3.810728
v 0.313711 0.982683 3.798880
v 0.327482 0.988388 3.798880
v 0.313711 1.021633 3.798879
v 0.299940 1.015929 3.798879
v 0.403295 0.967103 3.819517
v 0.417065 0.961399 3.819517
v 0.422769 0.947628 3.819518
v 0.417065 0.933857 3.819518
v 0.403295 0.928154 3.819518
v 0.389524 0.933857 3.819518
v 0.383820 0.947628 3.819518
v 0.389524 0.961399 3.819517
v 0.417065 0.961399 3.810728
v 0.403295 0.967103 3.810728
v 0.422769 0.947628 3.810728
v 0.417065 0.933857 3.810729
v 0.403295 0.928154 3.810729
v 0.389524 0.933857 3.810729
v 0.383820 0.947628 3.810728
v 0.389524 0.961399 3.810728
v 0.403295 0.928154 3.798880
v 0.417065 0.933857 3.798880
v 0.403295 0.967103 3.798879
v 0.389524 0.961399 3.798879
v 0.313711 0.967103 3.819517
v 0.327482 0.961399 3.819517
v 0.333186 0.947628 3.819518
v 0.327482 0.933857 3.819518
v 0.313711 0.928154 3.819518
v 0.299940 0.933857 3.819518
v 0.294236 0.947628 3.819518
v 0.299940 0.961399 3.819517
v 0.327482 0.961399 3.810728
v 0.313711 0.967103 3.810728
v 0.333186 0.947628 3.810728
v 0.327482 0.933857 3.810729
v 0.313711 0.928154 3.810729
v 0.299940 0.933857 3.810729
v 0.294236 0.947628 3.810728
v 0.299940 0.961399 3.810728
v 0.313711 0.928154 3.798880
v 0.327482 0.933857 3.798880
v 0.313711 0.967103 3.798879
v 0.299940 0.961399 3.798879
v -0.313221 1.157657 3.819517
v -0.299451 1.151953 3.819517
v -0.293747 1.138182 3.819518
v -0.299451 1.124411 3.819518
v -0.313221 1.118707 3.819518
v -0.326992 1.124411 3.819518
v -0.332696 1.138182 3.819518
v -0.326992 1.151953 3.819517
v -0.299451 1.151953 3.810728
v -0.313221 1.157657 3.810728
v -0.293747 1.138182 3.810728
v -0.299451 1.124411 3.810729
v -0.313221 1.118707 3.810729
v -0.326992 1.124411 3.810729
v -0.332696 1.138182 3.810728
v -0.326992 1.151953 3.810728
v -0.313221 1.118707 3.798880
v -0.299451 1.124411 3.798880
v -0.313221 1.157657 3.798879
v -0.326992 1.151953 3.798879
v -0.402805 1.157657 3.819517
v -0.389034 1.151953 3.819517
v -0.383330 1.138182 3.819518
v -0.389034 1.124411 3.819518
v -0.402805 1.118707 3.819518
v -0.416576 1.124411 3.819518
v -0.422280 1.138182 3.819518
v -0.416576 1.151953 3.819517
v -0.389034 1.151953 3.810728
v -0.402805 1.157657 3.810728
v -0.383330 1.138182 3.810728
v -0.389034 1.124411 3.810729
v -0.402805 1.118707 3.810729
v -0.416576 1.124411 3.810729
v -0.422280 1.138182 3.810728
v -0.416576 1.151953 3.810728
v -0.402805 1.118707 3.798880
v -0.389034 1.124411 3.798880
v -0.402805 1.157657 3.798879
v -0.416576 1.151953 3.798879
v -0.145574 1.160438 3.819517
v -0.131803 1.154733 3.819517
v -0.126100 1.140963 3.819518
v -0.131803 1.127192 3.819518
v -0.145574 1.121488 3.819518
v -0.159345 1.127192 3.819518
v -0.165049 1.140963 3.819518
v -0.159345 1.154733 3.819517
v -0.131803 1.154733 3.810728
v -0.145574 1.160438 3.810728
v -0.126100 1.140963 3.810728
v -0.131803 1.127192 3.810729
v -0.145574 1.121488 3.810729
v -0.159345 1.127192 3.810729
v -0.165049 1.140963 3.810728
v -0.159345 1.154733 3.810728
v -0.145574 1.121488 3.798880
v -0.131803 1.127192 3.798880
v -0.145574 1.160438 3.798879
v -0.159345 1.154733 3.798879
v -0.246843 1.160438 3.819517
v -0.233072 1.154733 3.819517
v -0.227368 1.140963 3.819518
v -0.233072 1.127192 3.819518
v -0.246843 1.121488 3.819518
v -0.260613 1.127192 3.819518
v -0.266317 1.140963 3.819518
v -0.260613 1.154733 3.819517
v -0.233072 1.154733 3.810728
v -0.246843 1.160438 3.810728
v -0.227368 1.140963 3.810728
v -0.233072 1.127192 3.810729
v -0.246843 1.121488 3.810729
v -0.260613 1.127192 3.810729
v -0.266317 1.140963 3.810728
v -0.260613 1.154733 3.810728
v -0.246843 1.121488 3.798880
v -0.233072 1.127192 3.798880
v -0.246843 1.160438 3.798879
v -0.260613 1.154733 3.798879
v -0.145574 0.956823 3.819517
v -0.131803 0.951118 3.819517
v -0.126100 0.937348 3.819518
v -0.131803 0.923577 3.819518
v -0.145574 0.917873 3.819518
v -0.159345 0.923577 3.819518
v -0.165049 0.937348 3.819518
v -0.159345 0.951118 3.819517
v -0.131803 0.951118 3.810728
v -0.145574 0.956823 3.810728
v -0.126100 0.937348 3.810728
v -0.131803 0.923577 3.810729
v -0.145574 0.917873 3.810729
v -0.159345 0.923577 3.810729
v -0.165049 0.937348 3.810728
v -0.159345 0.951118 3.810728
v -0.145574 0.917873 3.798880
v -0.131803 0.923577 3.798880
v -0.145574 0.956823 3.798879
v -0.159345 0.951118 3.798879
v -0.196208 0.956823 3.819517
v -0.182438 0.951118 3.819517
v -0.176734 0.937348 3.819518
v -0.182438 0.923577 3.819518
v -0.196208 0.917873 3.819518
v -0.209979 0.923577 3.819518
v -0.215683 0.937348 3.819518
v -0.209979 0.951118 3.819517
v -0.182438 0.951118 3.810728
v -0.196208 0.956823 3.810728
v -0.176734 0.937348 3.810728
v -0.182438 0.923577 3.810729
v -0.196208 0.917873 3.810729
v -0.209979 0.923577 3.810729
v -0.215683 0.937348 3.810728
v -0.209979 0.951118 3.810728
v -0.196208 0.917873 3.798880
v -0.182438 0.923577 3.798880
v -0.196208 0.956823 3.798879
v -0.209979 0.951118 3.798879
v -0.246843 0.956823 3.819517
v -0.233072 0.951118 3.819517
v -0.227368 0.937348 3.819518
v -0.233072 0.923577 3.819518
v -0.246843 0.917873 3.819518
v -0.260613 0.923577 3.819518
v -0.266317 0.937348 3.819518
v -0.260613 0.951118 3.819517
v -0.233072 0.951118 3.810728
v -0.246843 0.956823 3.810728
v -0.227368 0.937348 3.810728
v -0.233072 0.923577 3.810729
v -0.246843 0.917873 3.810729
v -0.260613 0.923577 3.810729
v -0.266317 0.937348 3.810728
v -0.260613 0.951118 3.810728
v -0.246843 0.917873 3.798880
v -0.233072 0.923577 3.798880
v -0.246843 0.956823 3.798879
v -0.260613 0.951118 3.798879
v 0.274790 0.887414 3.829529
v 0.120718 0.887414 3.829529
v 0.120718 1.169342 3.829529
v 0.274790 1.169342 3.829529
v 0.436029 0.916278 3.829529
v 0.281958 0.916278 3.829529
v 0.281958 1.169342 3.829529
v 0.436029 1.169342 3.829529
v 0.274790 0.887414 3.815735
v 0.120718 0.887414 3.815735
v 0.120718 1.169342 3.815735
v 0.274790 1.169342 3.815735
v 0.436029 0.916278 3.815735
v 0.281958 0.916278 3.815735
v 0.281958 1.169342 3.815735
v 0.436029 1.169342 3.815735
v -0.120214 0.887414 3.829529
v -0.274285 0.887414 3.829529
v -0.274285 1.169342 3.829529
v -0.120214 1.169342 3.829529
v -0.281728 0.916278 3.829529
v -0.435800 0.916278 3.829529
v -0.435800 1.169342 3.829529
v -0.281728 1.169342 3.829529
v -0.120214 0.887414 3.815735
v -0.274285 0.887414 3.815735
v -0.274285 1.169342 3.815735
v -0.120214 1.169342 3.815735
v -0.281728 0.916278 3.815735
v -0.435800 0.916278 3.815735
v -0.435800 1.169342 3.815735
v -0.281728 1.169342 3.815735
v 0.174221 1.548270 3.755491
v 0.186018 1.541459 3.755491
v 0.186018 1.527836 3.755491
v 0.174221 1.521025 3.755491
v 0.162423 1.527836 3.755491
v 0.162423 1.541459 3.755491
v 0.182474 1.539413 3.750893
v 0.174221 1.544178 3.750893
v 0.182474 1.529882 3.750893
v 0.174221 1.525117 3.750893
v 0.165967 1.529882 3.750893
v 0.165967 1.539413 3.750893
v 0.186018 1.541459 3.750893
v 0.174221 1.548270 3.750893
v 0.186018 1.527836 3.750893
v 0.174221 1.521025 3.750893
v 0.162423 1.527836 3.750893
v 0.162423 1.541459 3.750893
v 0.182474 1.539413 3.747922
v 0.174221 1.544178 3.747922
v 0.182474 1.529882 3.747922
v 0.174221 1.525117 3.747922
v 0.165967 1.529882 3.747922
v 0.165967 1.539413 3.747922
v 0.143911 1.574862 3.755491
v 0.155709 1.568051 3.755491
v 0.155709 1.554428 3.755491
v 0.143911 1.547617 3.755491
v 0.132114 1.554428 3.755491
v 0.132114 1.568051 3.755491
v 0.152165 1.566005 3.750893
v 0.143911 1.570770 3.750893
v 0.152165 1.556474 3.750893
v 0.143911 1.551709 3.750893
v 0.135658 1.556474 3.750893
v 0.135658 1.566005 3.750893
v 0.155709 1.568051 3.750893
v 0.143911 1.574862 3.750893
v 0.155709 1.554428 3.750893
v 0.143911 1.547617 3.750893
v 0.132114 1.554428 3.750893
v 0.132114 1.568051 3.750893
v 0.152165 1.566005 3.747922
v 0.143911 1.570770 3.747922
v 0.152165 1.556474 3.747922
v 0.143911 1.551709 3.747922
v 0.135658 1.556474 3.747922
v 0.135658 1.566005 3.747922
v 0.115032 1.548270 3.755491
v 0.126829 1.541459 3.755491
v 0.126829 1.527836 3.755491
v 0.115032 1.521025 3.755491
v 0.103234 1.527836 3.755491
v 0.103234 1.541459 3.755491
v 0.123285 1.539413 3.750893
v 0.115032 1.544178 3.750893
v 0.123285 1.529882 3.750893
v 0.115032 1.525117 3.750893
v 0.106778 1.529882 3.750893
v 0.106778 1.539413 3.750893
v 0.126829 1.541459 3.750893
v 0.115032 1.548270 3.750893
v 0.126829 1.527836 3.750893
v 0.115032 1.521025 3.750893
v 0.103234 1.527836 3.750893
v 0.103234 1.541459 3.750893
v 0.123285 1.539413 3.747922
v 0.115032 1.544178 3.747922
v 0.123285 1.529882 3.747922
v 0.115032 1.525117 3.747922
v 0.106778 1.529882 3.747922
v 0.106778 1.539413 3.747922
v -0.356717 0.634698 4.623815
v -0.367576 0.634698 4.628312
v -0.372074 0.634698 4.639172
v -0.367576 0.634698 4.650031
v -0.356717 0.634698 4.654529
v -0.345858 0.634698 4.650031
v -0.341360 0.634698 4.639172
v -0.345858 0.634698 4.628312
v -0.367576 0.639910 4.628312
v -0.356717 0.639910 4.623815
v -0.372074 0.639910 4.639172
v -0.367576 0.639910 4.650031
v -0.356717 0.639910 4.654529
v -0.345858 0.639910 4.650031
v -0.341360 0.639910 4.639172
v -0.345858 0.639910 4.628312
v -0.356717 0.646937 4.654529
v -0.367576 0.646937 4.650031
v -0.356717 0.646937 4.623815
v -0.345858 0.646937 4.628312
v -0.437528 0.632362 4.814968
v -0.285622 0.632362 4.814968
v -0.437528 0.632362 4.852368
v -0.285622 0.632362 4.852368
v -0.437528 0.639608 4.814968
v -0.285622 0.639608 4.814968
v -0.437528 0.639608 4.852368
v -0.285622 0.639608 4.852368
v -0.406855 0.632362 4.772421
v -0.316295 0.632362 4.772421
v -0.406855 0.632362 4.809821
v -0.316295 0.632362 4.809821
v -0.406855 0.639608 4.772421
v -0.316295 0.639608 4.772421
v -0.406855 0.639608 4.809821
v -0.316295 0.639608 4.809821
v -0.339795 0.632362 4.772421
v -0.339795 0.632362 4.809821
v -0.339795 0.639608 4.772421
v -0.339795 0.639608 4.809821
v -0.316295 0.632362 4.748974
v -0.316295 0.639607 4.748974
v -0.339795 0.632362 4.748974
v -0.339795 0.639607 4.748974
v -0.316295 0.632362 4.800187
v -0.406855 0.632362 4.800187
v -0.316295 0.639608 4.800187
v -0.406855 0.639608 4.800187
v -0.339795 0.639608 4.800187
v -0.339795 0.632362 4.800187
v -0.282269 0.632362 4.772421
v -0.282269 0.639608 4.772421
v -0.282269 0.632362 4.748974
v -0.282269 0.639607 4.748974
v -0.282269 0.632362 4.800187
v -0.282269 0.639608 4.800187
v -0.405715 0.635185 4.531553
v -0.420671 0.635185 4.537748
v -0.426866 0.635185 4.552704
v -0.420671 0.635185 4.567660
v -0.405715 0.635185 4.573855
v -0.390759 0.635185 4.567660
v -0.384564 0.635185 4.552704
v -0.390759 0.635185 4.537748
v -0.420671 0.641900 4.537748
v -0.405715 0.641900 4.531553
v -0.426866 0.641900 4.552704
v -0.420671 0.641900 4.567660
v -0.405715 0.641900 4.573855
v -0.390759 0.641900 4.567660
v -0.384564 0.641900 4.552704
v -0.390759 0.641900 4.537748
v -0.405715 0.650952 4.573855
v -0.420671 0.650952 4.567660
v -0.405715 0.650952 4.531553
v -0.390759 0.650952 4.537748
v 0.328018 0.632647 4.620592
v 0.347656 0.632647 4.612458
v 0.355790 0.632647 4.592820
v 0.347656 0.632647 4.573182
v 0.328018 0.632647 4.565048
v 0.308381 0.632647 4.573182
v 0.300247 0.632647 4.592820
v 0.308381 0.632647 4.612458
v 0.347656 0.641209 4.612458
v 0.328018 0.641209 4.620592
v 0.355790 0.641209 4.592820
v 0.347656 0.641209 4.573182
v 0.328018 0.641209 4.565048
v 0.308381 0.641209 4.573182
v 0.300247 0.641209 4.592820
v 0.308381 0.641209 4.612458
v 0.328018 0.652751 4.565048
v 0.347656 0.652751 4.573182
v 0.328018 0.652751 4.620592
v 0.308381 0.652751 4.612458
v 0.362605 0.634183 4.741940
v 0.348678 0.634183 4.747709
v 0.342909 0.634183 4.761637
v 0.348678 0.634183 4.775564
v 0.362605 0.634183 4.781333
v 0.376533 0.634183 4.775564
v 0.382301 0.634183 4.761637
v 0.376533 0.634183 4.747709
v 0.348678 0.641436 4.747709
v 0.362605 0.641436 4.741940
v 0.342909 0.641436 4.761637
v 0.348678 0.641436 4.775564
v 0.362605 0.641436 4.781333
v 0.376533 0.641436 4.775564
v 0.382301 0.641436 4.761637
v 0.376533 0.641436 4.747709
v 0.362605 0.651215 4.781333
v 0.348678 0.651215 4.775564
v 0.362605 0.651215 4.741940
v 0.376533 0.651215 4.747709
v 0.296678 0.632680 4.738743
v 0.285819 0.632680 4.743240
v 0.281321 0.632680 4.754100
v 0.285819 0.632680 4.764959
v 0.296678 0.632680 4.769457
v 0.307538 0.632680 4.764959
v 0.312036 0.632680 4.754100
v 0.307538 0.632680 4.743240
v 0.285819 0.639611 4.743240
v 0.296678 0.639611 4.738743
v 0.281321 0.639611 4.754100
v 0.285819 0.639611 4.764959
v 0.296678 0.639611 4.769457
v 0.307538 0.639611 4.764959
v 0.312036 0.639611 4.754100
v 0.307538 0.639611 4.743240
v 0.296678 0.648955 4.769457
v 0.285819 0.648955 4.764959
v 0.296678 0.648955 4.738743
v 0.307538 0.648955 4.743240
v 0.393024 0.632680 4.816030
v 0.382165 0.632680 4.820527
v 0.377667 0.632680 4.831387
v 0.382165 0.632680 4.842246
v 0.393024 0.632680 4.846744
v 0.403883 0.632680 4.842246
v 0.408381 0.632680 4.831387
v 0.403883 0.632680 4.820527
v 0.382165 0.639611 4.820527
v 0.393024 0.639611 4.816030
v 0.377667 0.639611 4.831387
v 0.382165 0.639611 4.842246
v 0.393024 0.639611 4.846744
v 0.403883 0.639611 4.842246
v 0.408381 0.639611 4.831387
v 0.403883 0.639611 4.820527
v 0.393024 0.648955 4.846744
v 0.382165 0.648955 4.842246
v 0.393024 0.648955 4.816030
v 0.403883 0.648955 4.820527
v 0.351578 0.632680 4.873361
v 0.340719 0.632680 4.877859
v 0.336221 0.632680 4.888718
v 0.340719 0.632680 4.899577
v 0.351578 0.632680 4.904076
v 0.362437 0.632680 4.899577
v 0.366935 0.632680 4.888718
v 0.362437 0.632680 4.877859
v 0.340719 0.639611 4.877859
v 0.351578 0.639611 4.873361
v 0.336221 0.639611 4.888718
v 0.340719 0.639611 4.899577
v 0.351578 0.639611 4.904076
v 0.362437 0.639611 4.899577
v 0.366935 0.639611 4.888718
v 0.362437 0.639611 4.877859
v 0.351578 0.648955 4.904076
v 0.340719 0.648955 4.899577
v 0.351578 0.648955 4.873361
v 0.362437 0.648955 4.877859
v 0.426241 0.632680 4.734453
v 0.415382 0.632680 4.738952
v 0.410884 0.632680 4.749810
v 0.415382 0.632680 4.760670
v 0.426241 0.632680 4.765168
v 0.437101 0.632680 4.760670
v 0.441599 0.632680 4.749810
v 0.437101 0.632680 4.738952
v 0.415382 0.639611 4.738952
v 0.426241 0.639611 4.734453
v 0.410884 0.639611 4.749810
v 0.415382 0.639611 4.760670
v 0.426241 0.639611 4.765168
v 0.437101 0.639611 4.760670
v 0.441599 0.639611 4.749810
v 0.437101 0.639611 4.738952
v 0.426241 0.648955 4.765168
v 0.415382 0.648955 4.760670
v 0.426241 0.648955 4.734453
v 0.437101 0.648955 4.738952
v 0.406135 0.632680 4.873361
v 0.395275 0.632680 4.877859
v 0.390777 0.632680 4.888718
v 0.395275 0.632680 4.899577
v 0.406135 0.632680 4.904076
v 0.416994 0.632680 4.899577
v 0.421492 0.632680 4.888718
v 0.416994 0.632680 4.877859
v 0.395275 0.639611 4.877859
v 0.406135 0.639611 4.873361
v 0.390777 0.639611 4.888718
v 0.395275 0.639611 4.899577
v 0.406135 0.639611 4.904076
v 0.416994 0.639611 4.899577
v 0.421492 0.639611 4.888718
v 0.416994 0.639611 4.877859
v 0.406135 0.648955 4.904076
v 0.395275 0.648955 4.899577
v 0.406135 0.648955 4.873361
v 0.416994 0.648955 4.877859
v 0.362605 0.634183 4.644151
v 0.348678 0.634183 4.649920
v 0.342909 0.634183 4.663847
v 0.348678 0.634183 4.677774
v 0.362605 0.634183 4.683543
v 0.376533 0.634183 4.677774
v 0.382301 0.634183 4.663847
v 0.376533 0.634183 4.649920
v 0.348678 0.641436 4.649920
v 0.362605 0.641436 4.644151
v 0.342909 0.641436 4.663847
v 0.348678 0.641436 4.677774
v 0.362605 0.641436 4.683543
v 0.376533 0.641436 4.677774
v 0.382301 0.641436 4.663847
v 0.376533 0.641436 4.649920
v 0.362605 0.651215 4.683543
v 0.348678 0.651215 4.677774
v 0.362605 0.651215 4.644151
v 0.376533 0.651215 4.649920
v 0.298394 0.632680 4.851401
v 0.287535 0.632680 4.855899
v 0.283037 0.632680 4.866758
v 0.287535 0.632680 4.877618
v 0.298394 0.632680 4.882115
v 0.309253 0.632680 4.877618
v 0.313751 0.632680 4.866758
v 0.309253 0.632680 4.855899
v 0.287535 0.639611 4.855899
v 0.298394 0.639611 4.851401
v 0.283037 0.639611 4.866758
v 0.287535 0.639611 4.877618
v 0.298394 0.639611 4.882115
v 0.309253 0.639611 4.877618
v 0.313751 0.639611 4.866758
v 0.309253 0.639611 4.855899
v 0.298394 0.648955 4.882115
v 0.287535 0.648955 4.877618
v 0.298394 0.648955 4.851401
v 0.309253 0.648955 4.855899
v -0.425577 0.634549 4.752499
v -0.436437 0.634549 4.756996
v -0.440935 0.634549 4.767856
v -0.436437 0.634549 4.778715
v -0.425577 0.634549 4.783213
v -0.414718 0.634549 4.778715
v -0.410220 0.634549 4.767856
v -0.414718 0.634549 4.756996
v -0.436437 0.639761 4.756996
v -0.425577 0.639761 4.752499
v -0.440935 0.639761 4.767856
v -0.436437 0.639761 4.778715
v -0.425577 0.639761 4.783213
v -0.414718 0.639761 4.778715
v -0.410220 0.639761 4.767856
v -0.414718 0.639761 4.756996
v -0.425577 0.646788 4.783213
v -0.436437 0.646788 4.778715
v -0.425577 0.646788 4.752499
v -0.414718 0.646788 4.756996
v -0.313719 0.637319 4.757988
v -0.324578 0.637319 4.762486
v -0.329076 0.637319 4.773345
v -0.324578 0.637319 4.784204
v -0.313719 0.637319 4.788703
v -0.302860 0.637319 4.784204
v -0.298362 0.637319 4.773345
v -0.302860 0.637319 4.762486
v -0.324578 0.642531 4.762486
v -0.313719 0.642531 4.757988
v -0.329076 0.642531 4.773345
v -0.324578 0.642531 4.784204
v -0.313719 0.642531 4.788703
v -0.302860 0.642531 4.784204
v -0.298362 0.642531 4.773345
v -0.302860 0.642531 4.762486
v -0.313719 0.649558 4.788703
v -0.324578 0.649558 4.784204
v -0.313719 0.649558 4.757988
v -0.302860 0.649558 4.762486
v 0.327560 0.632680 4.813658
v 0.316700 0.632680 4.818155
v 0.312202 0.632680 4.829015
v 0.316700 0.632680 4.839874
v 0.327560 0.632680 4.844372
v 0.338419 0.632680 4.839874
v 0.342917 0.632680 4.829015
v 0.338419 0.632680 4.818155
v 0.316700 0.639611 4.818155
v 0.327560 0.639611 4.813658
v 0.312202 0.639611 4.829015
v 0.316700 0.639611 4.839874
v 0.327560 0.639611 4.844372
v 0.338419 0.639611 4.839874
v 0.342917 0.639611 4.829015
v 0.338419 0.639611 4.818155
v 0.327560 0.648955 4.844372
v 0.316700 0.648955 4.839874
v 0.327560 0.648955 4.813658
v 0.338419 0.648955 4.818155
v -0.444734 0.623355 5.022608
v -0.277387 0.623355 5.022608
v -0.444734 0.623355 4.863273
v -0.277387 0.623355 4.863273
v -0.444734 0.636968 5.022608
v -0.277387 0.636968 5.022608
v -0.444734 0.636968 4.863273
v -0.277387 0.636968 4.863273
v -0.444734 0.623355 4.856829
v -0.277387 0.623355 4.856829
v -0.444734 0.623355 4.688956
v -0.277387 0.623355 4.688956
v -0.444734 0.636968 4.856829
v -0.277387 0.636968 4.856829
v -0.444734 0.636968 4.688956
v -0.277387 0.636968 4.688956
v -0.444734 0.623355 4.684704
v -0.277387 0.623355 4.684704
v -0.444734 0.623355 4.516830
v -0.277387 0.623355 4.516830
v -0.444734 0.636968 4.684704
v -0.277387 0.636968 4.684704
v -0.444734 0.636968 4.516830
v -0.277387 0.636968 4.516830
v 0.272685 0.855602 3.238146
v 0.440032 0.855602 3.238146
v 0.272685 0.855602 3.008920
v 0.440032 0.855602 3.008920
v 0.272685 0.869215 3.238146
v 0.440032 0.869215 3.238146
v 0.272685 0.869215 3.008920
v 0.440032 0.869215 3.008920
v 0.276909 0.623355 4.945230
v 0.444255 0.623355 4.945230
v 0.276909 0.623355 4.796843
v 0.444255 0.623355 4.796843
v 0.276909 0.636968 4.945230
v 0.444255 0.636968 4.945230
v 0.276909 0.636968 4.796843
v 0.444255 0.636968 4.796843
v 0.276909 0.623355 4.791664
v 0.444255 0.623355 4.791664
v 0.276909 0.623355 4.715613
v 0.444255 0.623355 4.715613
v 0.276909 0.636968 4.791664
v 0.444255 0.636968 4.791664
v 0.276909 0.636968 4.715613
v 0.444255 0.636968 4.715613
v 0.276909 0.623355 5.253621
v 0.444255 0.623355 5.253621
v 0.276909 0.623355 4.953600
v 0.444255 0.623355 4.953600
v 0.276909 0.636968 5.253621
v 0.444255 0.636968 5.253621
v 0.276909 0.636968 4.953600
v 0.444255 0.636968 4.953600
v -0.444734 0.623355 5.240326
v -0.277387 0.623355 5.240326
v -0.444734 0.623355 5.025495
v -0.277387 0.623355 5.025495
v -0.444734 0.636968 5.240326
v -0.277387 0.636968 5.240326
v -0.444734 0.636968 5.025495
v -0.277387 0.636968 5.025495
v 0.346299 0.769885 5.432618
v 0.362619 0.760463 5.432618
v 0.362619 0.741617 5.432618
v 0.346299 0.732195 5.432618
v 0.329979 0.741617 5.432618
v 0.329979 0.760463 5.432618
v 0.358541 0.758107 5.427482
v 0.346299 0.765175 5.427482
v 0.358541 0.743973 5.427482
v 0.346299 0.736905 5.427482
v 0.334058 0.743973 5.427482
v 0.334058 0.758107 5.427482
v 0.362619 0.760463 5.427482
v 0.346299 0.769885 5.427482
v 0.362619 0.741617 5.427482
v 0.346299 0.732195 5.427482
v 0.329979 0.741617 5.427482
v 0.329979 0.760463 5.427482
v 0.358541 0.758107 5.423347
v 0.346299 0.765175 5.423347
v 0.358541 0.743973 5.423347
v 0.346299 0.736905 5.423347
v 0.334058 0.743973 5.423347
v 0.334058 0.758107 5.423347
v 0.319618 0.907242 5.432618
v 0.335939 0.897820 5.432618
v 0.335939 0.878974 5.432618
v 0.319618 0.869552 5.432618
v 0.303298 0.878974 5.432618
v 0.303298 0.897820 5.432618
v 0.331860 0.895464 5.427482
v 0.319618 0.902532 5.427482
v 0.331860 0.881330 5.427482
v 0.319618 0.874262 5.427482
v 0.307377 0.881330 5.427482
v 0.307377 0.895464 5.427482
v 0.335939 0.897820 5.427482
v 0.319618 0.907242 5.427482
v 0.335939 0.878974 5.427482
v 0.319618 0.869552 5.427482
v 0.303298 0.878974 5.427482
v 0.303298 0.897820 5.427482
v 0.331860 0.895464 5.423347
v 0.319618 0.902532 5.423347
v 0.331860 0.881330 5.423347
v 0.319618 0.874262 5.423347
v 0.307377 0.881330 5.423347
v 0.307377 0.895464 5.423347
v 0.374956 0.907242 5.432618
v 0.391277 0.897820 5.432618
v 0.391277 0.878974 5.432618
v 0.374956 0.869552 5.432618
v 0.358636 0.878974 5.432618
v 0.358636 0.897820 5.432618
v 0.387198 0.895464 5.427482
v 0.374956 0.902532 5.427482
v 0.387198 0.881330 5.427482
v 0.374956 0.874262 5.427482
v 0.362715 0.881330 5.427482
v 0.362715 0.895464 5.427482
v 0.391277 0.897820 5.427482
v 0.374956 0.907242 5.427482
v 0.391277 0.878974 5.427482
v 0.374956 0.869552 5.427482
v 0.358636 0.878974 5.427482
v 0.358636 0.897820 5.427482
v 0.387198 0.895464 5.423347
v 0.374956 0.902532 5.423347
v 0.387198 0.881330 5.423347
v 0.374956 0.874262 5.423347
v 0.362715 0.881330 5.423347
v 0.362715 0.895464 5.423347
v -0.189839 0.696400 5.431781
v -0.171390 0.688758 5.431781
v -0.163748 0.670309 5.431781
v -0.171390 0.651859 5.431781
v -0.189839 0.644217 5.431781
v -0.208288 0.651859 5.431781
v -0.215930 0.670309 5.431781
v -0.208288 0.688758 5.431781
v -0.175340 0.684807 5.424191
v -0.189839 0.690813 5.424191
v -0.169335 0.670309 5.424191
v -0.175340 0.655809 5.424191
v -0.189839 0.649804 5.424191
v -0.204337 0.655809 5.424191
v -0.210343 0.670309 5.424191
v -0.204337 0.684807 5.424191
v -0.171390 0.688758 5.424191
v -0.189839 0.696400 5.424191
v -0.163748 0.670309 5.424191
v -0.171390 0.651859 5.424191
v -0.189839 0.644217 5.424191
v -0.208288 0.651859 5.424191
v -0.215930 0.670309 5.424191
v -0.208288 0.688758 5.424191
v -0.175340 0.684807 5.418085
v -0.189839 0.690813 5.418085
v -0.169335 0.670309 5.418085
v -0.175340 0.655809 5.418085
v -0.189839 0.649804 5.418085
v -0.204337 0.655809 5.418085
v -0.210343 0.670309 5.418085
v -0.204337 0.684807 5.418085
v -0.124250 1.118414 5.399813
v -0.105678 1.107692 5.399813
v -0.105678 1.086247 5.399813
v -0.124250 1.075525 5.399813
v -0.142821 1.086247 5.399813
v -0.142821 1.107692 5.399813
v -0.110320 1.105012 5.393968
v -0.124250 1.113055 5.393968
v -0.110320 1.088927 5.393968
v -0.124250 1.080885 5.393968
v -0.138180 1.088927 5.393968
v -0.138180 1.105012 5.393968
v -0.105678 1.107692 5.393968
v -0.124250 1.118414 5.393968
v -0.105678 1.086247 5.393968
v -0.124250 1.075525 5.393968
v -0.142821 1.086247 5.393968
v -0.142821 1.107692 5.393968
v -0.110320 1.105012 5.389263
v -0.124250 1.113055 5.389263
v -0.110320 1.088927 5.389263
v -0.124250 1.080885 5.389263
v -0.138180 1.088927 5.389263
v -0.138180 1.105012 5.389263
v 0.124251 1.118414 5.399813
v 0.105679 1.107692 5.399813
v 0.105679 1.086247 5.399813
v 0.124251 1.075525 5.399813
v 0.142822 1.086247 5.399813
v 0.142822 1.107692 5.399813
v 0.110321 1.105012 5.393968
v 0.124251 1.113055 5.393968
v 0.110321 1.088927 5.393968
v 0.124251 1.080885 5.393968
v 0.138181 1.088927 5.393968
v 0.138181 1.105012 5.393968
v 0.105679 1.107692 5.393968
v 0.124251 1.118414 5.393968
v 0.105679 1.086247 5.393968
v 0.124251 1.075525 5.393968
v 0.142822 1.086247 5.393968
v 0.142822 1.107692 5.393968
v 0.110321 1.105012 5.389263
v 0.124251 1.113055 5.389263
v 0.110321 1.088927 5.389263
v 0.124251 1.080885 5.389263
v 0.138181 1.088927 5.389263
v 0.138181 1.105012 5.389263
v 0.346299 0.859132 5.431048
v 0.373971 0.847669 5.431048
v 0.385434 0.819997 5.431048
v 0.373971 0.792325 5.431048
v 0.346299 0.780863 5.431048
v 0.318627 0.792325 5.431048
v 0.307165 0.819997 5.431048
v 0.318627 0.847669 5.431048
v 0.346299 0.849609 5.424376
v 0.367238 0.840936 5.424376
v 0.375911 0.819997 5.424376
v 0.367238 0.799058 5.424376
v 0.346299 0.790385 5.424376
v 0.325361 0.799058 5.424376
v 0.316687 0.819997 5.424376
v 0.325361 0.840936 5.424376
v 0.373971 0.847669 5.424376
v 0.346299 0.859132 5.424376
v 0.385434 0.819997 5.424376
v 0.373971 0.792325 5.424376
v 0.346299 0.780863 5.424376
v 0.318627 0.792325 5.424376
v 0.307165 0.819997 5.424376
v 0.318627 0.847669 5.424376
v 0.364086 0.837783 5.416372
v 0.346299 0.845151 5.416372
v 0.371453 0.819997 5.416372
v 0.364086 0.802211 5.416372
v 0.346299 0.794843 5.416372
v 0.328513 0.802211 5.416372
v 0.321146 0.819997 5.416372
v 0.328513 0.837783 5.416372
v 0.246570 1.147649 5.436940
v 0.097139 1.251282 5.429468
v -0.246570 1.147649 5.436940
v -0.097139 1.251282 5.429468
v 0.246570 1.064047 5.436940
v -0.246570 1.064047 5.436940
v 0.246570 1.147649 5.398689
v 0.097139 1.251282 5.397622
v -0.246570 1.147649 5.398689
v -0.097139 1.251282 5.397622
v 0.246570 1.064047 5.398689
v -0.246570 1.064047 5.398689
v 0.447201 0.525101 4.113661
v 0.000000 0.525101 4.113661
v 0.000000 1.254276 4.113661
v 0.447201 0.525101 3.824937
v 0.000000 0.525101 3.824937
v 0.000000 1.254276 3.824938
v 0.000000 1.254276 3.969299
v 0.447201 1.254276 3.969299
v 0.447201 0.525101 3.969299
v 0.447201 0.525101 4.113661
v 0.447201 1.254276 4.113661
v 0.447201 0.525101 3.824937
v 0.447201 1.254276 3.824938
v 0.447201 0.525101 3.969299
v 0.000000 1.436204 3.969299
v 0.297769 1.436204 3.824938
v 0.297769 1.436204 3.969299
v 0.264097 0.525101 4.113661
v 0.198440 1.254276 4.113661
v 0.264097 0.525101 3.824937
v 0.198440 1.254276 3.824938
v 0.198440 1.254276 3.969299
v 0.198440 1.436204 3.969299
v 0.000000 1.598170 3.824938
v 0.198440 1.598170 3.824938
v 0.198440 1.254276 3.762705
v 0.447201 1.254276 3.762705
v 0.198440 1.436204 3.762705
v 0.297769 1.436204 3.762705
v 0.000000 1.436204 3.762705
v 0.000000 1.254276 3.762705
v 0.000000 1.598170 3.762705
v 0.198440 1.598170 3.762705
v 0.000000 0.862863 4.113661
v 0.447201 0.862863 3.824938
v 0.447201 0.862863 3.969299
v 0.447201 0.862863 4.113661
v 0.264097 0.862863 4.113661
v 0.264097 0.862863 3.824938
v 0.264097 0.525101 2.607878
v 0.447201 0.525101 2.607878
v 0.447201 0.862863 2.607877
v 0.264097 0.862863 2.607877
v 0.106534 0.525101 4.113661
v 0.080048 1.254276 4.113661
v 0.106534 0.525101 3.824937
v 0.080048 1.254276 3.824938
v 0.080048 1.254276 3.969299
v 0.080048 1.598170 3.824938
v 0.080048 1.254276 3.762705
v 0.080048 1.436204 3.762705
v 0.080048 1.598170 3.762705
v 0.106534 0.862863 3.824938
v 0.106534 0.862863 4.113661
v 0.080048 1.436204 3.969299
v 0.106534 0.525101 4.069356
v 0.264097 0.525101 4.069356
v 0.264097 0.862863 4.069356
v 0.106534 0.862863 4.069356
v 0.106534 1.117001 3.824938
v 0.000000 1.117001 3.824938
v 0.000000 0.862863 3.676316
v 0.000000 0.525101 3.676316
v 0.106534 0.862863 3.676316
v 0.106534 0.525101 3.676316
v 0.198440 1.195228 3.824938
v 0.447201 1.195228 3.824938
v 0.080048 1.195228 3.824938
v 0.198440 1.195228 3.762705
v 0.447201 1.195228 3.762705
v 0.080048 1.195228 3.762705
v 0.000000 1.195228 3.762705
v 0.000000 1.195228 3.824938
v -0.447201 0.525101 4.113661
v -0.447201 0.525101 3.824937
v -0.447201 1.254276 3.969299
v -0.447201 0.525101 3.969299
v -0.447201 0.525101 4.113661
v -0.447201 1.254276 4.113661
v -0.447201 0.525101 3.824937
v -0.447201 1.254276 3.824938
v -0.447201 0.525101 3.969299
v -0.297769 1.436204 3.824938
v -0.297769 1.436204 3.969299
v -0.264097 0.525101 4.113661
v -0.198440 1.254276 4.113661
v -0.264097 0.525101 3.824937
v -0.198440 1.254276 3.824938
v -0.198440 1.254276 3.969299
v -0.198440 1.436204 3.969299
v -0.198440 1.598170 3.824938
v -0.198440 1.254276 3.762705
v -0.447201 1.254276 3.762705
v -0.198440 1.436204 3.762705
v -0.297769 1.436204 3.762705
v -0.198440 1.598170 3.762705
v -0.447201 0.862863 3.824937
v -0.447201 0.862863 3.969299
v -0.447201 0.862863 4.113661
v -0.264097 0.862863 4.113661
v -0.264097 0.862863 3.824938
v -0.264097 0.525101 2.607878
v -0.447201 0.525101 2.607877
v -0.447201 0.862863 2.607878
v -0.264097 0.862863 2.607878
v -0.106534 0.525101 4.113661
v -0.080048 1.254276 4.113661
v -0.106534 0.525101 3.824937
v -0.080048 1.254276 3.824938
v -0.080048 1.254276 3.969299
v -0.080048 1.598170 3.824938
v -0.080048 1.254276 3.762705
v -0.080048 1.436204 3.762705
v -0.080048 1.598170 3.762705
v -0.106534 0.862863 3.824938
v -0.106534 0.862863 4.113661
v -0.080048 1.436204 3.969299
v -0.106534 0.525101 4.069356
v -0.264097 0.525101 4.069356
v -0.264097 0.862863 4.069356
v -0.106534 0.862863 4.069356
v -0.106534 1.117001 3.824938
v -0.106534 0.862863 3.676316
v -0.106534 0.525101 3.676316
v -0.198440 1.195228 3.824938
v -0.447201 1.195228 3.824938
v -0.080048 1.195228 3.824938
v -0.198440 1.195228 3.762705
v -0.447201 1.195228 3.762705
v -0.080048 1.195228 3.762705
v -0.141823 1.201505 5.398689
v -0.141823 1.129761 5.398689
v -0.091921 1.201505 5.398689
v -0.091921 1.129761 5.398689
v -0.141823 1.201505 5.393202
v -0.141823 1.129761 5.393202
v -0.091921 1.201505 5.393202
v -0.091921 1.129761 5.393202
v -0.141823 1.147697 5.398689
v -0.141823 1.165633 5.398689
v -0.141823 1.183569 5.398689
v -0.091921 1.147697 5.398689
v -0.091921 1.165633 5.398689
v -0.091921 1.183569 5.398689
v -0.141823 1.147697 5.393202
v -0.141823 1.165633 5.393202
v -0.141823 1.183569 5.393202
v -0.091921 1.147697 5.393202
v -0.091921 1.165633 5.393202
v -0.091921 1.183569 5.393202
v -0.138073 1.199842 5.393202
v -0.095671 1.199842 5.393202
v -0.138073 1.149359 5.393202
v -0.138073 1.163970 5.393202
v -0.138073 1.185231 5.393202
v -0.095671 1.149359 5.393202
v -0.095671 1.163970 5.393202
v -0.095671 1.185231 5.393202
v -0.138073 1.131423 5.393202
v -0.095671 1.131423 5.393202
v -0.138073 1.146034 5.393202
v -0.138073 1.167295 5.393202
v -0.138073 1.181906 5.393202
v -0.095671 1.146034 5.393202
v -0.095671 1.167295 5.393202
v -0.095671 1.181906 5.393202
v -0.138073 1.185231 5.391344
v -0.138073 1.199842 5.391344
v -0.095671 1.185231 5.391344
v -0.095671 1.199842 5.391344
v -0.138073 1.149359 5.391344
v -0.138073 1.163970 5.391344
v -0.095671 1.149359 5.391344
v -0.095671 1.163970 5.391344
v -0.095671 1.131423 5.391344
v -0.138073 1.131423 5.391344
v -0.138073 1.146034 5.391344
v -0.138073 1.167295 5.391344
v -0.138073 1.181906 5.391344
v -0.095671 1.146034 5.391344
v -0.095671 1.167295 5.391344
v -0.095671 1.181906 5.391344
v 0.141823 1.201505 5.398689
v 0.141823 1.129761 5.398689
v 0.091921 1.201505 5.398689
v 0.091921 1.129761 5.398689
v 0.141823 1.201505 5.393202
v 0.141823 1.129761 5.393202
v 0.091921 1.201505 5.393202
v 0.091921 1.129761 5.393202
v 0.141823 1.147697 5.398689
v 0.141823 1.165633 5.398689
v 0.141823 1.183569 5.398689
v 0.091921 1.147697 5.398689
v 0.091921 1.165633 5.398689
v 0.091921 1.183569 5.398689
v 0.141823 1.147697 5.393202
v 0.141823 1.165633 5.393202
v 0.141823 1.183569 5.393202
v 0.091921 1.147697 5.393202
v 0.091921 1.165633 5.393202
v 0.091921 1.183569 5.393202
v 0.138073 1.199842 5.393202
v 0.095671 1.199842 5.393202
v 0.138073 1.149359 5.393202
v 0.138073 1.163970 5.393202
v 0.138073 1.185231 5.393202
v 0.095671 1.149359 5.393202
v 0.095671 1.163970 5.393202
v 0.095671 1.185231 5.393202
v 0.138073 1.131423 5.393202
v 0.095671 1.131423 5.393202
v 0.138073 1.146034 5.393202
v 0.138073 1.167295 5.393202
v 0.138073 1.181906 5.393202
v 0.095671 1.146034 5.393202
v 0.095671 1.167295 5.393202
v 0.095671 1.181906 5.393202
v 0.138073 1.185231 5.391344
v 0.138073 1.199842 5.391344
v 0.095671 1.185231 5.391344
v 0.095671 1.199842 5.391344
v 0.138073 1.149359 5.391344
v 0.138073 1.163970 5.391344
v 0.095671 1.149359 5.391344
v 0.095671 1.163970 5.391344
v 0.095671 1.131423 5.391344
v 0.138073 1.131423 5.391344
v 0.138073 1.146034 5.391344
v 0.138073 1.167295 5.391344
v 0.138073 1.181906 5.391344
v 0.095671 1.146034 5.391344
v 0.095671 1.167295 5.391344
v 0.095671 1.181906 5.391344
v 0.239428 0.932940 5.429404
v 0.239428 1.045630 5.429404
v 0.352118 0.932940 5.429404
v 0.352118 1.045630 5.429404
v 0.239428 0.932940 5.440132
v 0.239428 1.045630 5.440132
v 0.352118 0.932940 5.440132
v 0.352118 1.045630 5.440132
v -0.094014 0.860075 5.429375
v -0.094014 1.048104 5.429375
v 0.094014 0.860075 5.429375
v 0.094014 1.048104 5.429375
v -0.094014 0.659770 5.429375
v -0.094014 0.847799 5.429375
v 0.094014 0.659770 5.429375
v 0.094014 0.847799 5.429375
v -0.094014 0.860075 5.442164
v -0.094014 1.048104 5.442164
v 0.094014 0.860075 5.442164
v 0.094014 1.048104 5.442164
v -0.094014 0.659770 5.442164
v -0.094014 0.847799 5.442164
v 0.094014 0.659770 5.442164
v 0.094014 0.847799 5.442164
v 0.237290 0.717984 5.430607
v 0.237290 0.817621 5.430607
v 0.137653 0.717984 5.430607
v 0.137653 0.817621 5.430607
v 0.245828 0.819442 5.430607
v 0.245828 0.919079 5.430607
v 0.146191 0.819442 5.430607
v 0.146191 0.919079 5.430607
v 0.237290 0.717984 5.444566
v 0.237290 0.817621 5.444566
v 0.137653 0.717984 5.444566
v 0.137653 0.817621 5.444566
v 0.245828 0.819442 5.444566
v 0.245828 0.919079 5.444566
v 0.146191 0.819442 5.444566
v 0.146191 0.919079 5.444566
v -0.229736 0.925156 5.430202
v -0.229736 1.054085 5.430202
v -0.100807 0.925156 5.430202
v -0.100807 1.054085 5.430202
v -0.229736 0.925156 5.438265
v -0.229736 1.054085 5.438265
v -0.100807 0.925156 5.438265
v -0.100807 1.054085 5.438265
v 0.229737 0.925156 5.430202
v 0.229737 1.054085 5.430202
v 0.100808 0.925156 5.430202
v 0.100808 1.054085 5.430202
v 0.229737 0.925156 5.438265
v 0.229737 1.054085 5.438265
v 0.100808 0.925156 5.438265
v 0.100808 1.054085 5.438265
v -0.249355 1.064342 5.430546
v -0.249355 0.989621 5.430546
v -0.324076 0.989622 5.430546
v -0.324076 1.064342 5.430546
v -0.249355 1.064342 5.438107
v -0.249355 0.989621 5.438107
v -0.324076 0.989622 5.438107
v -0.324076 1.064342 5.438107
v -0.249355 0.981706 5.430546
v -0.249355 0.906985 5.430546
v -0.324076 0.906986 5.430546
v -0.324076 0.981706 5.430546
v -0.350347 0.981706 5.430546
v -0.350347 0.906985 5.430546
v -0.425067 0.906986 5.430546
v -0.425068 0.981706 5.430546
v -0.249355 0.981706 5.438107
v -0.249355 0.906985 5.438107
v -0.324076 0.906986 5.438107
v -0.324076 0.981706 5.438107
v -0.350347 0.981706 5.438107
v -0.350347 0.906985 5.438107
v -0.425067 0.906986 5.438107
v -0.425068 0.981706 5.438107
v -0.249355 0.897272 5.430546
v -0.249355 0.822551 5.430546
v -0.324076 0.822551 5.430546
v -0.324076 0.897271 5.430546
v -0.350347 0.897272 5.430546
v -0.350347 0.822551 5.430546
v -0.425067 0.822551 5.430546
v -0.425068 0.897271 5.430546
v -0.249355 0.897272 5.438107
v -0.249355 0.822551 5.438107
v -0.324076 0.822551 5.438107
v -0.324076 0.897271 5.438107
v -0.350347 0.897272 5.438107
v -0.350347 0.822551 5.438107
v -0.425067 0.822551 5.438107
v -0.425068 0.897271 5.438107
v -0.249355 0.812837 5.430546
v -0.249355 0.738116 5.430546
v -0.324076 0.738116 5.430546
v -0.324076 0.812837 5.430546
v -0.350347 0.812837 5.430546
v -0.350347 0.738116 5.430546
v -0.425067 0.738116 5.430546
v -0.425068 0.812837 5.430546
v -0.249355 0.812837 5.438107
v -0.249355 0.738116 5.438107
v -0.324076 0.738116 5.438107
v -0.324076 0.812837 5.438107
v -0.350347 0.812837 5.438107
v -0.350347 0.738116 5.438107
v -0.425067 0.738116 5.438107
v -0.425068 0.812837 5.438107
v -0.249355 0.728402 5.430546
v -0.249355 0.653681 5.430546
v -0.324076 0.653682 5.430546
v -0.324076 0.728402 5.430546
v -0.350347 0.728402 5.430546
v -0.350347 0.653681 5.430546
v -0.425067 0.653682 5.430546
v -0.425068 0.728402 5.430546
v -0.249355 0.728402 5.438107
v -0.249355 0.653681 5.438107
v -0.324076 0.653682 5.438107
v -0.324076 0.728402 5.438107
v -0.350347 0.728402 5.438107
v -0.350347 0.653681 5.438107
v -0.425067 0.653682 5.438107
v -0.425068 0.728402 5.438107
v 0.127591 1.271844 3.755299
v 0.127591 1.376899 3.755299
v 0.232646 1.271844 3.755299
v 0.232646 1.376899 3.755299
v 0.127591 1.271844 3.769300
v 0.232646 1.271844 3.769300
v 0.127591 1.376899 3.769300
v 0.232646 1.376899 3.769300
v 0.012030 1.271844 3.755299
v 0.012030 1.376899 3.755299
v 0.117085 1.271844 3.755299
v 0.117085 1.376899 3.755299
v 0.012030 1.271844 3.769300
v 0.117085 1.271844 3.769300
v 0.012030 1.376899 3.769300
v 0.117085 1.376899 3.769300
v -0.103531 1.271844 3.755299
v -0.103531 1.376899 3.755299
v 0.001524 1.271844 3.755299
v 0.001524 1.376899 3.755299
v -0.103531 1.271844 3.769300
v 0.001524 1.271844 3.769300
v -0.103531 1.376899 3.769300
v 0.001524 1.376899 3.769300
v -0.219092 1.271844 3.755299
v -0.219092 1.376899 3.755299
v -0.114036 1.271844 3.755299
v -0.114036 1.376899 3.755299
v -0.219092 1.271844 3.769300
v -0.114036 1.271844 3.769300
v -0.219092 1.376899 3.769300
v -0.114036 1.376899 3.769300
v -0.334652 1.271844 3.755299
v -0.334652 1.376899 3.755299
v -0.229597 1.271844 3.755299
v -0.229597 1.376899 3.755299
v -0.334652 1.271844 3.769300
v -0.229597 1.271844 3.769300
v -0.334652 1.376899 3.769300
v -0.229597 1.376899 3.769300
v 0.097122 1.105775 3.820230
v 0.000000 1.105775 3.820230
v 0.000000 0.874089 3.684738
v 0.000000 0.954694 3.731876
v 0.097122 0.954694 3.731876
v 0.053950 1.105775 3.820230
v 0.053950 0.874089 3.684738
v 0.053950 0.954694 3.731876
v -0.097122 1.105775 3.820230
v -0.097122 0.954694 3.731876
v -0.053950 1.105775 3.820230
v -0.053950 0.874089 3.684738
v -0.053950 0.954694 3.731876
v 0.075917 1.099442 3.789054
v 0.000000 1.117746 3.799759
v 0.000000 0.886060 3.664268
v 0.000000 0.979459 3.718888
v 0.075917 0.984970 3.722110
v 0.053950 1.104952 3.792277
v 0.053950 0.886060 3.664268
v 0.053950 0.979459 3.718888
v -0.075917 1.099442 3.789054
v -0.075917 0.984970 3.722110
v -0.053950 1.104952 3.792277
v -0.053950 0.886060 3.664268
v -0.053950 0.979459 3.718888
v 0.034042 1.111917 3.799970
v 0.082184 1.070437 3.775535
v 0.082184 1.011774 3.740980
v 0.034042 0.970293 3.716546
v -0.034042 0.970293 3.716546
v -0.082184 1.011774 3.740980
v -0.082184 1.070436 3.775535
v -0.034041 1.111917 3.799970
v 0.053950 1.117746 3.799759
v 0.097122 1.117746 3.799759
v 0.097122 0.966665 3.711406
v 0.053950 0.966665 3.711406
v 0.000000 0.966665 3.711406
v 0.000000 1.104952 3.792277
v -0.053950 1.117746 3.799759
v -0.097122 1.117746 3.799759
v -0.097122 0.966665 3.711406
v -0.053950 0.966665 3.711406
v 0.053950 1.099442 3.789054
v 0.082301 1.104952 3.792277
v 0.082301 0.979459 3.718888
v 0.053950 0.984970 3.722110
v 0.000000 0.984970 3.722110
v 0.000000 1.099442 3.789054
v -0.053950 1.099442 3.789054
v -0.082301 1.104952 3.792277
v -0.082301 0.979459 3.718888
v -0.053950 0.984970 3.722110
v 0.053950 1.117166 3.771391
v 0.082301 1.117166 3.771391
v 0.082301 0.991673 3.698002
v 0.053950 0.991673 3.698002
v 0.000000 0.991673 3.698002
v 0.000000 1.117166 3.771391
v -0.053950 1.117166 3.771391
v -0.082301 1.117166 3.771391
v -0.082301 0.991673 3.698002
v -0.053950 0.991673 3.698002
v 0.053950 1.111655 3.768169
v 0.075917 1.111655 3.768169
v 0.075917 0.997183 3.701225
v 0.053950 0.997183 3.701225
v 0.000000 0.997183 3.701225
v 0.000000 1.111655 3.768169
v -0.053950 1.111655 3.768169
v -0.075917 1.111655 3.768169
v -0.075917 0.997183 3.701225
v -0.053950 0.997183 3.701225
v 0.330426 1.368905 3.758698
v 0.330426 1.284507 3.758698
v 0.246028 1.284507 3.758698
v 0.246027 1.368905 3.758698
v 0.330426 1.368905 3.765927
v 0.330426 1.284507 3.765927
v 0.246028 1.284507 3.765927
v 0.246027 1.368905 3.765927
v 0.000000 1.239507 5.402277
v 0.041890 1.228283 5.402277
v 0.072556 1.197618 5.402277
v 0.083780 1.155728 5.402277
v 0.072556 1.113838 5.402277
v 0.041890 1.083172 5.402277
v 0.000000 1.071948 5.402277
v -0.041890 1.083172 5.402277
v -0.072555 1.113838 5.402277
v -0.083780 1.155728 5.402277
v -0.072555 1.197618 5.402277
v -0.041890 1.228283 5.402277
v 0.000000 1.233888 5.393593
v 0.039080 1.223417 5.393593
v 0.067689 1.194808 5.393593
v 0.078161 1.155728 5.393593
v 0.067689 1.116647 5.393593
v 0.039080 1.088039 5.393593
v 0.000000 1.077567 5.393593
v -0.039080 1.088039 5.393593
v -0.067689 1.116647 5.393593
v -0.078160 1.155728 5.393593
v -0.067689 1.194808 5.393593
v -0.039080 1.223417 5.393593
v 0.041890 1.228283 5.393593
v 0.000000 1.239507 5.393593
v 0.072556 1.197618 5.393593
v 0.083780 1.155728 5.393593
v 0.072556 1.113838 5.393593
v 0.041890 1.083172 5.393593
v 0.000000 1.071948 5.393593
v -0.041890 1.083172 5.393593
v -0.072555 1.113838 5.393593
v -0.083780 1.155728 5.393593
v -0.072555 1.197618 5.393593
v -0.041890 1.228283 5.393593
v 0.000000 1.233888 5.397824
v 0.039080 1.223417 5.397824
v 0.067689 1.194808 5.397824
v 0.078161 1.155728 5.397824
v 0.067689 1.116647 5.397824
v 0.039080 1.088039 5.397824
v 0.000000 1.077567 5.397824
v -0.039080 1.088039 5.397824
v -0.067689 1.116647 5.397824
v -0.078160 1.155728 5.397824
v -0.067689 1.194808 5.397824
v -0.039080 1.223417 5.397824
v 0.027652 0.560186 5.432237
v 0.027652 0.506791 5.432237
v -0.025744 0.506791 5.432237
v -0.025744 0.560185 5.432237
v 0.095599 0.560186 5.432237
v 0.095599 0.506791 5.432237
v 0.042204 0.506791 5.432237
v 0.042203 0.560185 5.432237
v 0.042203 0.560185 5.438367
v 0.095599 0.560186 5.438367
v 0.095599 0.506791 5.438367
v 0.042204 0.506791 5.438367
v -0.025744 0.560185 5.438367
v 0.027652 0.560186 5.438367
v 0.027652 0.506791 5.438367
v -0.025744 0.506791 5.438367
v -0.066443 0.628371 5.432237
v -0.066443 0.574975 5.432237
v -0.013047 0.574975 5.432237
v -0.013047 0.628370 5.432237
v -0.066443 0.574975 5.438367
v -0.066443 0.628371 5.438367
v -0.013047 0.628370 5.438367
v -0.013047 0.574975 5.438367
v -0.095597 0.560186 5.432237
v -0.095597 0.506791 5.432237
v -0.042202 0.506791 5.432237
v -0.042202 0.560185 5.432237
v -0.042202 0.560185 5.438367
v -0.095597 0.560186 5.438367
v -0.095597 0.506791 5.438367
v -0.042202 0.506791 5.438367
v 0.066444 0.628371 5.432237
v 0.066444 0.574975 5.432237
v 0.013049 0.574975 5.432237
v 0.013049 0.628370 5.432237
v 0.066444 0.574975 5.438367
v 0.066444 0.628371 5.438367
v 0.013049 0.628370 5.438367
v 0.013049 0.574975 5.438367
vn -0.0000 -0.0000 1.0000
vn -0.9239 -0.3826 -0.0000
vn 0.3827 -0.9239 -0.0000
vn 0.9239 0.3827 -0.0000
vn -0.9239 0.3827 -0.0000
vn -0.3827 -0.9239 -0.0000
vn 0.9239 -0.3827 -0.0000
vn 0.3827 0.9239 -0.0000
vn -0.3827 0.9239 -0.0000
vn -0.9239 -0.3827 -0.0000
vn -0.0000 -0.0000 -1.0000
vn -0.0001 -0.0000 -1.0000
vn 0.3826 -0.9239 -0.0000
vn -0.9239 0.3826 -0.0000
vn -0.3826 -0.9239 -0.0000
vn 0.3826 0.9239 -0.0000
vn -0.3826 0.9239 -0.0000
vn -0.3828 -0.9238 -0.0000
vn -0.3828 0.9238 -0.0000
vn 0.3825 0.9239 -0.0000
vn -1.0000 -0.0000 -0.0000
vn -0.0000 1.0000 -0.0000
vn -0.0000 -1.0000 -0.0000
vn 1.0000 -0.0000 -0.0000
vn -0.7497 0.6459 0.1442
vn -0.7497 0.6458 0.1443
vn -0.7492 0.6377 0.1788
vn -0.7501 0.6445 0.1485
vn -0.7497 0.6448 0.1487
vn -0.7502 0.6460 0.1407
vn -0.7497 0.6462 0.1425
vn -0.7497 0.6463 0.1424
vn -0.7495 0.6503 0.1236
vn -0.7326 0.6673 0.1344
vn -0.9992 -0.0000 0.0410
vn -0.9997 -0.0000 0.0230
vn -0.9997 -0.0000 0.0231
vn -0.9997 -0.0000 0.0234
vn -0.9998 0.0018 -0.0177
vn -0.9999 -0.0011 0.0119
vn -0.9999 -0.0005 0.0115
vn -0.9997 -0.0000 0.0228
vn -0.9985 -0.0055 0.0536
vn -0.9999 -0.0000 0.0111
vn -0.0000 0.1915 0.9815
vn 0.7151 -0.0000 0.6990
vn 0.7153 -0.0000 -0.6989
vn -0.0000 0.0013 -1.0000
vn -0.0000 0.8443 -0.5359
vn -0.0515 0.8761 -0.4793
vn -0.0087 0.2522 0.9676
vn -0.0299 0.2617 0.9647
vn -0.0524 0.2933 0.9546
vn 0.0457 0.0719 0.9964
vn -0.0000 0.2316 0.9728
vn -0.7215 -0.0000 -0.6924
vn 0.7215 -0.0000 0.6925
vn 0.7153 -0.0000 0.6988
vn 0.7153 -0.0000 -0.6988
vn 0.7497 0.6459 0.1442
vn 0.7497 0.6458 0.1443
vn 0.7492 0.6377 0.1788
vn 0.7501 0.6445 0.1484
vn 0.7502 0.6460 0.1409
vn 0.7497 0.6448 0.1487
vn 0.7497 0.6462 0.1425
vn 0.7497 0.6463 0.1424
vn 0.7495 0.6503 0.1236
vn 0.7326 0.6673 0.1344
vn 0.9992 -0.0000 0.0410
vn 0.9997 -0.0000 0.0230
vn 0.9997 -0.0000 0.0234
vn 0.9997 -0.0000 0.0231
vn 0.9998 0.0018 -0.0177
vn 0.9999 -0.0011 0.0119
vn 0.9999 -0.0005 0.0115
vn 0.9997 -0.0000 0.0228
vn 0.9985 -0.0055 0.0536
vn 0.9999 -0.0000 0.0111
vn -0.7151 -0.0000 0.6990
vn -0.7153 -0.0000 -0.6989
vn 0.0515 0.8761 -0.4793
vn 0.0087 0.2522 0.9676
vn 0.0299 0.2617 0.9647
vn 0.0524 0.2933 0.9546
vn -0.0457 0.0719 0.9964
vn 0.7215 -0.0000 -0.6924
vn -0.7215 -0.0000 0.6925
vn -0.7153 -0.0000 0.6988
vn -0.7153 -0.0000 -0.6988
vn 0.9711 -0.0000 0.2389
vn 0.4962 0.8325 0.2465
vn -0.0031 -0.8848 0.4659
vn -0.0031 -0.8850 0.4655
vn -0.0031 -0.8848 0.4660
vn 0.7679 0.5779 0.2762
vn 0.7660 0.6283 0.1360
vn -0.0000 0.9509 0.3096
vn 0.0031 0.9011 0.4337
vn 0.0037 0.9010 0.4338
vn -0.0000 0.9012 0.4335
vn 0.4776 0.8321 0.2820
vn 0.0041 0.9010 0.4339
vn -0.0000 -0.8846 0.4664
vn 0.7046 0.6847 0.1863
vn 0.5155 0.8264 0.2264
vn -0.0000 0.9645 0.2642
vn 0.7485 0.6396 0.1752
vn -0.5179 -0.8250 -0.2261
vn 0.0075 -0.9646 -0.2637
vn -0.7497 -0.6382 -0.1752
vn -0.1449 -0.1211 0.9820
vn -0.1260 -0.1957 0.9725
vn -0.0000 -0.2642 0.9645
vn 0.1477 0.1229 -0.9814
vn 0.1281 0.1992 -0.9716
vn -0.0000 0.2642 -0.9645
vn 0.6631 -0.7219 -0.1977
vn -0.9711 -0.0000 0.2389
vn -0.4962 0.8325 0.2465
vn 0.0031 -0.8848 0.4659
vn 0.0031 -0.8848 0.4660
vn 0.0031 -0.8850 0.4655
vn -0.7679 0.5779 0.2762
vn -0.7660 0.6283 0.1360
vn -0.0031 0.9011 0.4337
vn -0.0037 0.9010 0.4338
vn -0.4776 0.8321 0.2820
vn -0.0041 0.9010 0.4339
vn -0.7046 0.6847 0.1863
vn -0.5155 0.8264 0.2264
vn -0.7485 0.6396 0.1752
vn 0.5179 -0.8250 -0.2261
vn -0.0075 -0.9646 -0.2637
vn 0.7497 -0.6382 -0.1752
vn 0.1449 -0.1211 0.9820
vn 0.1260 -0.1957 0.9725
vn -0.1477 0.1229 -0.9814
vn -0.1281 0.1992 -0.9716
vn -0.6631 -0.7219 -0.1977
vn 0.9968 -0.0795 -0.0000
vn -0.9968 -0.0795 -0.0000
vn -0.0000 -0.0795 0.9968
vn -0.0000 -0.0795 -0.9968
vn 0.9953 0.0386 0.0890
vn -0.0000 -0.5610 -0.8278
vn -0.9953 0.0386 0.0890
vn -0.0000 0.9211 -0.3894
vn -0.0000 -0.8178 0.5755
vn -0.0000 -0.0794 0.9968
vn -0.0000 -0.0794 -0.9968
vn 0.9968 -0.0794 -0.0000
vn -0.9968 -0.0794 -0.0000
vn 0.9951 -0.0989 -0.0000
vn -0.9951 -0.0989 -0.0000
vn -0.0000 -0.0989 0.9951
vn -0.0000 -0.0989 -0.9951
vn 0.9951 -0.0990 -0.0000
vn -0.9951 -0.0990 -0.0000
vn -0.9239 -0.0000 -0.3827
vn -0.9239 -0.0000 0.3827
vn -0.3827 -0.0000 -0.9239
vn 0.9239 -0.0000 -0.3827
vn 0.3827 -0.0000 0.9239
vn -0.3827 -0.0000 0.9239
vn 0.3827 -0.0000 -0.9239
vn 0.9239 -0.0000 0.3827
vn 0.9239 -0.0000 0.3826
vn 0.3828 -0.0000 0.9238
vn -0.3826 -0.0000 -0.9239
vn 0.3826 -0.0000 -0.9239
vn -0.3828 -0.0000 0.9238
vn -0.5729 0.8196 -0.0000
vn -0.0000 0.4407 -0.8976
vn 0.5729 0.8196 -0.0000
vn -0.0000 0.4405 0.8977
vn -0.0000 -0.5611 -0.8278
vn -0.0000 0.1379 -0.9904
vn -0.0000 -0.7139 -0.7003
vn 0.9978 -0.0000 0.0661
vn -0.0000 -0.8736 -0.4867
vn -0.0000 -0.9298 0.3682
vn -0.0000 0.9670 -0.2549
vn -0.9978 -0.0000 0.0661
vn -0.0000 0.6719 -0.7406
vn -0.7697 -0.0000 -0.6384
vn 0.7696 -0.0000 -0.6385
vn -0.0000 -0.8739 -0.4861
vn -0.0000 -0.8736 -0.4866
vn -0.0000 0.6719 -0.7407
vn -0.0000 -0.8738 -0.4863
vn -0.0000 -0.9298 0.3681
vn -0.0000 0.6721 -0.7405
vn -0.7696 -0.0000 -0.6385
vn -0.3828 0.9239 -0.0000
vn 0.0001 -0.0000 1.0000
vn -0.0000 0.7110 0.7032
vn -0.0000 0.7112 0.7030
vn -0.0000 0.7116 0.7026
vn -0.0000 -0.9564 -0.2919
vn -0.0000 -0.3480 -0.9375
vn -0.0000 0.7195 0.6945
vn -0.0000 0.7150 0.6991
vn -0.0000 0.6109 0.7917
vn -0.2337 0.9235 0.3042
vn -0.0000 0.7404 0.6721
vn -0.0000 0.9406 0.3395
vn -0.0000 0.6109 -0.7917
vn -0.7616 0.6147 0.2051
vn 0.2337 0.9235 0.3042
vn 0.7616 0.6147 0.2051
vn -0.9239 -0.0000 0.3826
vn -0.3826 -0.0000 0.9239
vn 0.9239 -0.0000 -0.3826
vn 0.3826 -0.0000 0.9239
vn 0.3828 -0.0000 -0.9238
vn -0.3828 -0.0000 -0.9238
vn 0.3828 -0.9239 -0.0000
vn 0.3828 -0.9238 -0.0000
vn 0.9239 -0.3826 -0.0000
vn 0.9239 0.3826 -0.0000
vn 0.3828 0.9238 -0.0000
vn 0.5000 -0.8660 -0.0000
vn 0.5000 0.8660 -0.0000
vn -0.5000 0.8660 -0.0000
vn -0.5000 -0.8660 -0.0000
vn 0.0001 -0.0000 -1.0000
vn -0.5001 -0.8660 -0.0000
vn 0.4999 -0.8661 -0.0000
vn -0.4999 -0.8661 -0.0000
vn -0.8215 0.3403 -0.4576
vn -0.3403 -0.8215 -0.4576
vn 0.8215 -0.3403 -0.4575
vn 0.3403 0.8215 -0.4576
vn -0.3403 0.8215 -0.4576
vn -0.8215 -0.3403 -0.4576
vn 0.3403 -0.8215 -0.4576
vn 0.8215 0.3403 -0.4575
vn -0.0000 0.0719 0.9974
vn -0.0000 -0.0085 -1.0000
vn -0.0000 -0.0103 -0.9999
vn 0.5699 0.8217 -0.0000
vn -0.5699 0.8217 -0.0000
vn 0.7727 0.6347 -0.0000
vn -0.0000 -0.0000 -0.0000
vn -0.0000 0.6654 0.7465
vn 1.0000 0.0001 -0.0000
vn -1.0000 -0.0001 -0.0000
vn -0.0001 1.0000 -0.0000
vn -0.0000 0.5048 -0.8632
vn -0.7727 0.6347 -0.0000
vn -0.0001 -0.0000 1.0000
vn -0.0000 -0.5048 0.8632
vn -0.0000 0.8632 0.5048
vn -0.0000 -0.8632 -0.5048
vn -0.0000 0.5075 -0.8616
vn -0.0000 0.5047 -0.8633
vn -0.0001 0.5048 -0.8633
vn -0.0001 0.5049 -0.8632
vn -0.0000 0.5049 -0.8632
vn 0.0001 0.5048 -0.8633
vn 0.0001 0.5049 -0.8632
vn -0.2588 0.9659 -0.0000
vn 0.2588 0.9659 -0.0000
vn -0.7071 -0.7071 -0.0000
vn 0.7071 -0.7071 -0.0000
vn 0.7071 0.7071 -0.0000
vn -0.9659 -0.2588 -0.0000
vn 0.2588 -0.9659 -0.0000
vn 0.9659 0.2588 -0.0000
vn -0.9659 0.2588 -0.0000
vn -0.2588 -0.9659 -0.0000
vn 0.9659 -0.2588 -0.0000
vn -0.7071 0.7071 -0.0000
vt 0.055599 0.992309
vt 0.055619 0.992309
vt 0.055638 0.992309
vt 0.076115 0.974737
vt 0.076111 0.974737
vt 0.076111 0.974741
vt 0.076115 0.974741
vt 0.055632 0.992309
vt 0.055619 0.992315
vt 0.055632 0.992315
vt 0.055638 0.992315
vt 0.055605 0.992309
vt 0.055605 0.992315
vt 0.055599 0.992315
vt 0.055629 0.992315
vt 0.055634 0.992315
vt 0.055608 0.992315
vt 0.055603 0.992315
vt 0.076126 0.974741
vt 0.076137 0.974737
vt 0.076126 0.974737
vt 0.076137 0.974741
vt 0.076142 0.974737
vt 0.076142 0.974741
vt 0.055843 0.992310
vt 0.055859 0.992310
vt 0.055876 0.992310
vt 0.076358 0.974737
vt 0.076354 0.974737
vt 0.076354 0.974741
vt 0.076358 0.974741
vt 0.055871 0.992310
vt 0.055859 0.992315
vt 0.055871 0.992315
vt 0.055876 0.992315
vt 0.055848 0.992310
vt 0.055848 0.992315
vt 0.055843 0.992315
vt 0.055869 0.992315
vt 0.055872 0.992315
vt 0.055850 0.992315
vt 0.055846 0.992315
vt 0.076367 0.974741
vt 0.076376 0.974737
vt 0.076367 0.974737
vt 0.076376 0.974741
vt 0.076380 0.974737
vt 0.076380 0.974741
vt 0.072503 0.973741
vt 0.072503 0.973787
vt 0.072748 0.973741
vt 0.072748 0.973787
vt 0.072745 0.972012
vt 0.072597 0.972012
vt 0.072597 0.971965
vt 0.072745 0.971965
vt 0.070939 0.977738
vt 0.070918 0.977744
vt 0.070926 0.977512
vt 0.070947 0.977506
vt 0.070933 0.976773
vt 0.070911 0.976779
vt 0.070921 0.975854
vt 0.070943 0.975848
vt 0.070906 0.979157
vt 0.070900 0.979325
vt 0.070878 0.979330
vt 0.070885 0.979162
vt 0.070930 0.978125
vt 0.070909 0.978131
vt 0.070947 0.975535
vt 0.070925 0.975540
vt 0.070926 0.977694
vt 0.070926 0.975540
vt 0.070436 0.979330
vt 0.070436 0.977744
vt 0.070436 0.977694
vt 0.070436 0.976779
vt 0.070436 0.975854
vt 0.070436 0.975540
vt 0.070745 0.975332
vt 0.070436 0.975212
vt 0.070589 0.979411
vt 0.070436 0.979421
vt 0.070715 0.979372
vt 0.070727 0.979353
vt 0.070740 0.979350
vt 0.070436 0.979162
vt 0.070436 0.978131
vt 0.057098 0.988830
vt 0.056750 0.988830
vt 0.056595 0.988830
vt 0.074339 0.972821
vt 0.074235 0.972398
vt 0.074062 0.973449
vt 0.073834 0.973449
vt 0.073854 0.972825
vt 0.074141 0.972825
vt 0.073960 0.972398
vt 0.074032 0.972114
vt 0.073859 0.972114
vt 0.074187 0.973449
vt 0.073685 0.973449
vt 0.073685 0.972825
vt 0.073685 0.972114
vt 0.073685 0.972398
vt 0.073918 0.972398
vt 0.074077 0.973449
vt 0.074077 0.972821
vt 0.073840 0.972821
vt 0.073840 0.973449
vt 0.056972 0.988830
vt 0.056987 0.988830
vt 0.057249 0.988830
vt 0.074339 0.973449
vt 0.073840 0.973868
vt 0.073685 0.973868
vt 0.073685 0.972821
vt 0.074077 0.975399
vt 0.074339 0.975399
vt 0.057868 0.991470
vt 0.057868 0.993420
vt 0.057606 0.993420
vt 0.057606 0.991470
vt 0.074062 0.973644
vt 0.073834 0.973644
vt 0.073685 0.973644
vt 0.074187 0.973644
vt 0.073826 0.973456
vt 0.073827 0.973652
vt 0.074043 0.973650
vt 0.074043 0.973455
vt 0.073685 0.973457
vt 0.073685 0.973652
vt 0.074166 0.973454
vt 0.074166 0.973649
vt 0.076296 0.973037
vt 0.076296 0.973017
vt 0.057215 0.994547
vt 0.057215 0.994570
vt 0.057227 0.994570
vt 0.057227 0.994547
vt 0.057217 0.994549
vt 0.057225 0.994549
vt 0.057225 0.994569
vt 0.057217 0.994569
vt 0.076288 0.973017
vt 0.076288 0.973037
vt 0.076309 0.973037
vt 0.076309 0.973017
vt 0.057229 0.994547
vt 0.057229 0.994570
vt 0.057240 0.994570
vt 0.057240 0.994547
vt 0.057231 0.994549
vt 0.057238 0.994549
vt 0.057238 0.994569
vt 0.057231 0.994569
vt 0.076302 0.973017
vt 0.076302 0.973037
vt 0.076322 0.973037
vt 0.076322 0.973017
vt 0.057242 0.994547
vt 0.057242 0.994570
vt 0.057253 0.994570
vt 0.057253 0.994547
vt 0.057244 0.994549
vt 0.057251 0.994549
vt 0.057251 0.994569
vt 0.057244 0.994569
vt 0.076315 0.973017
vt 0.076315 0.973037
vt 0.076296 0.973006
vt 0.076296 0.972986
vt 0.057215 0.994516
vt 0.057215 0.994539
vt 0.057227 0.994539
vt 0.057227 0.994516
vt 0.057217 0.994518
vt 0.057225 0.994518
vt 0.057225 0.994538
vt 0.057217 0.994538
vt 0.076288 0.972986
vt 0.076288 0.973006
vt 0.076309 0.973006
vt 0.076309 0.972986
vt 0.057229 0.994516
vt 0.057229 0.994539
vt 0.057240 0.994539
vt 0.057240 0.994516
vt 0.057231 0.994518
vt 0.057238 0.994518
vt 0.057238 0.994538
vt 0.057231 0.994538
vt 0.076302 0.972986
vt 0.076302 0.973006
vt 0.076322 0.973006
vt 0.076322 0.972986
vt 0.057242 0.994516
vt 0.057242 0.994539
vt 0.057253 0.994539
vt 0.057253 0.994516
vt 0.057244 0.994518
vt 0.057251 0.994518
vt 0.057251 0.994538
vt 0.057244 0.994538
vt 0.076315 0.972986
vt 0.076315 0.973006
vt 0.057648 0.993619
vt 0.057648 0.993633
vt 0.057662 0.993633
vt 0.057662 0.993619
vt 0.057656 0.993624
vt 0.057656 0.993627
vt 0.057658 0.993629
vt 0.057658 0.993623
vt 0.057653 0.993624
vt 0.057653 0.993627
vt 0.057652 0.993629
vt 0.057652 0.993623
vt 0.057648 0.993670
vt 0.057648 0.993684
vt 0.057662 0.993684
vt 0.057662 0.993670
vt 0.057656 0.993676
vt 0.057656 0.993679
vt 0.057658 0.993680
vt 0.057658 0.993674
vt 0.057653 0.993676
vt 0.057653 0.993679
vt 0.057652 0.993680
vt 0.057652 0.993674
vt 0.060415 0.990801
vt 0.060415 0.990822
vt 0.060435 0.990822
vt 0.060435 0.990801
vt 0.060427 0.990810
vt 0.060427 0.990813
vt 0.060429 0.990816
vt 0.060429 0.990807
vt 0.060423 0.990810
vt 0.060423 0.990813
vt 0.060421 0.990816
vt 0.060421 0.990807
vt 0.060453 0.990801
vt 0.060453 0.990822
vt 0.060474 0.990822
vt 0.060474 0.990801
vt 0.060465 0.990810
vt 0.060465 0.990813
vt 0.060468 0.990816
vt 0.060468 0.990807
vt 0.060461 0.990810
vt 0.060461 0.990813
vt 0.060459 0.990816
vt 0.060459 0.990807
vt 0.060492 0.990801
vt 0.060492 0.990822
vt 0.060512 0.990822
vt 0.060512 0.990801
vt 0.060504 0.990810
vt 0.060504 0.990813
vt 0.060506 0.990816
vt 0.060506 0.990807
vt 0.060500 0.990810
vt 0.060500 0.990813
vt 0.060497 0.990816
vt 0.060497 0.990807
vt 0.060530 0.990801
vt 0.060530 0.990822
vt 0.060550 0.990822
vt 0.060550 0.990801
vt 0.060542 0.990810
vt 0.060542 0.990813
vt 0.060544 0.990816
vt 0.060544 0.990807
vt 0.060538 0.990810
vt 0.060538 0.990813
vt 0.060536 0.990816
vt 0.060536 0.990807
vt 0.060415 0.990875
vt 0.060415 0.990895
vt 0.060435 0.990895
vt 0.060435 0.990875
vt 0.060427 0.990883
vt 0.060427 0.990887
vt 0.060429 0.990889
vt 0.060429 0.990881
vt 0.060423 0.990883
vt 0.060423 0.990887
vt 0.060421 0.990889
vt 0.060421 0.990881
vt 0.060453 0.990875
vt 0.060453 0.990895
vt 0.060474 0.990895
vt 0.060474 0.990875
vt 0.060465 0.990883
vt 0.060465 0.990887
vt 0.060468 0.990889
vt 0.060468 0.990881
vt 0.060461 0.990883
vt 0.060461 0.990887
vt 0.060459 0.990889
vt 0.060459 0.990881
vt 0.060492 0.990875
vt 0.060492 0.990895
vt 0.060512 0.990895
vt 0.060512 0.990875
vt 0.060504 0.990883
vt 0.060504 0.990887
vt 0.060506 0.990889
vt 0.060506 0.990881
vt 0.060500 0.990883
vt 0.060500 0.990887
vt 0.060497 0.990889
vt 0.060497 0.990881
vt 0.060530 0.990875
vt 0.060530 0.990895
vt 0.060550 0.990895
vt 0.060550 0.990875
vt 0.060542 0.990883
vt 0.060542 0.990887
vt 0.060544 0.990889
vt 0.060544 0.990881
vt 0.060538 0.990883
vt 0.060538 0.990887
vt 0.060536 0.990889
vt 0.060536 0.990881
vt 0.059335 0.992957
vt 0.059335 0.992977
vt 0.059355 0.992977
vt 0.059355 0.992957
vt 0.059347 0.992965
vt 0.059347 0.992969
vt 0.059350 0.992971
vt 0.059350 0.992963
vt 0.059343 0.992965
vt 0.059343 0.992969
vt 0.059341 0.992971
vt 0.059341 0.992963
vt 0.059384 0.992957
vt 0.059384 0.992977
vt 0.059404 0.992977
vt 0.059404 0.992957
vt 0.059396 0.992965
vt 0.059396 0.992969
vt 0.059398 0.992971
vt 0.059398 0.992963
vt 0.059392 0.992965
vt 0.059392 0.992969
vt 0.059389 0.992971
vt 0.059389 0.992963
vt 0.059432 0.992957
vt 0.059432 0.992977
vt 0.059452 0.992977
vt 0.059452 0.992957
vt 0.059444 0.992965
vt 0.059444 0.992969
vt 0.059446 0.992971
vt 0.059446 0.992963
vt 0.059440 0.992965
vt 0.059440 0.992969
vt 0.059438 0.992971
vt 0.059438 0.992963
vt 0.059335 0.993306
vt 0.059335 0.993326
vt 0.059355 0.993326
vt 0.059355 0.993306
vt 0.059347 0.993314
vt 0.059347 0.993318
vt 0.059350 0.993320
vt 0.059350 0.993312
vt 0.059343 0.993314
vt 0.059343 0.993318
vt 0.059341 0.993320
vt 0.059341 0.993312
vt 0.059384 0.993306
vt 0.059384 0.993326
vt 0.059404 0.993326
vt 0.059404 0.993306
vt 0.059396 0.993314
vt 0.059396 0.993318
vt 0.059398 0.993320
vt 0.059398 0.993312
vt 0.059392 0.993314
vt 0.059392 0.993318
vt 0.059389 0.993320
vt 0.059389 0.993312
vt 0.059335 0.993241
vt 0.059335 0.993262
vt 0.059355 0.993262
vt 0.059355 0.993241
vt 0.059347 0.993250
vt 0.059347 0.993254
vt 0.059350 0.993256
vt 0.059350 0.993247
vt 0.059343 0.993250
vt 0.059343 0.993254
vt 0.059341 0.993256
vt 0.059341 0.993247
vt 0.059384 0.993241
vt 0.059384 0.993262
vt 0.059404 0.993262
vt 0.059404 0.993241
vt 0.059396 0.993250
vt 0.059396 0.993254
vt 0.059398 0.993256
vt 0.059398 0.993247
vt 0.059392 0.993250
vt 0.059392 0.993254
vt 0.059389 0.993256
vt 0.059389 0.993247
vt 0.076206 0.974839
vt 0.076206 0.974798
vt 0.057398 0.992666
vt 0.057398 0.992715
vt 0.057421 0.992715
vt 0.057421 0.992666
vt 0.057402 0.992670
vt 0.057417 0.992670
vt 0.057417 0.992711
vt 0.057402 0.992711
vt 0.076190 0.974798
vt 0.076190 0.974839
vt 0.076233 0.974839
vt 0.076233 0.974798
vt 0.057426 0.992666
vt 0.057426 0.992715
vt 0.057449 0.992715
vt 0.057449 0.992666
vt 0.057429 0.992670
vt 0.057445 0.992670
vt 0.057445 0.992711
vt 0.057429 0.992711
vt 0.076218 0.974798
vt 0.076218 0.974839
vt 0.076261 0.974839
vt 0.076261 0.974798
vt 0.057453 0.992666
vt 0.057453 0.992715
vt 0.057476 0.992715
vt 0.057476 0.992666
vt 0.057457 0.992670
vt 0.057472 0.992670
vt 0.057472 0.992711
vt 0.057457 0.992711
vt 0.076245 0.974798
vt 0.076245 0.974839
vt 0.076288 0.974839
vt 0.076288 0.974798
vt 0.057481 0.992666
vt 0.057481 0.992715
vt 0.057504 0.992715
vt 0.057504 0.992666
vt 0.057485 0.992670
vt 0.057500 0.992670
vt 0.057500 0.992711
vt 0.057485 0.992711
vt 0.076273 0.974798
vt 0.076273 0.974839
vt 0.059119 0.990950
vt 0.059137 0.990950
vt 0.059119 0.990955
vt 0.059137 0.990955
vt 0.059121 0.990955
vt 0.059135 0.990955
vt 0.072655 0.976192
vt 0.072670 0.976192
vt 0.072655 0.976190
vt 0.072670 0.976190
vt 0.056768 0.990950
vt 0.056787 0.990950
vt 0.056787 0.990955
vt 0.056768 0.990955
vt 0.056770 0.990955
vt 0.056785 0.990955
vt 0.076372 0.978586
vt 0.076387 0.978586
vt 0.076372 0.978584
vt 0.076387 0.978584
vt 0.056705 0.990950
vt 0.056724 0.990950
vt 0.056705 0.990955
vt 0.056724 0.990955
vt 0.056707 0.990955
vt 0.056722 0.990955
vt 0.076309 0.978586
vt 0.076324 0.978586
vt 0.076309 0.978584
vt 0.076324 0.978584
vt 0.072203 0.971642
vt 0.072203 0.971644
vt 0.072218 0.971644
vt 0.072218 0.971642
vt 0.072261 0.971642
vt 0.072261 0.971644
vt 0.072247 0.971642
vt 0.072247 0.971644
vt 0.072229 0.971642
vt 0.072229 0.971644
vt 0.072215 0.971644
vt 0.072215 0.971642
vt 0.057437 0.991323
vt 0.057455 0.991323
vt 0.057465 0.991323
vt 0.057483 0.991323
vt 0.057492 0.991323
vt 0.057511 0.991323
vt 0.057448 0.991323
vt 0.057467 0.991323
vt 0.057480 0.991323
vt 0.057499 0.991323
vt 0.057448 0.991329
vt 0.057511 0.991329
vt 0.057467 0.991329
vt 0.057437 0.991329
vt 0.057492 0.991329
vt 0.057455 0.991329
vt 0.057480 0.991329
vt 0.057499 0.991329
vt 0.057465 0.991329
vt 0.057483 0.991329
vt 0.057439 0.991329
vt 0.057453 0.991329
vt 0.057481 0.991329
vt 0.057495 0.991329
vt 0.057509 0.991329
vt 0.057450 0.991329
vt 0.057482 0.991329
vt 0.057497 0.991329
vt 0.072232 0.971644
vt 0.072246 0.971644
vt 0.072259 0.971644
vt 0.072274 0.971644
vt 0.072232 0.971642
vt 0.072246 0.971642
vt 0.072259 0.971642
vt 0.072274 0.971642
vt 0.058755 0.994655
vt 0.058755 0.994669
vt 0.058769 0.994669
vt 0.058769 0.994655
vt 0.058764 0.994669
vt 0.058765 0.994682
vt 0.058765 0.994685
vt 0.058761 0.994669
vt 0.058759 0.994682
vt 0.058759 0.994685
vt 0.058681 0.994655
vt 0.058681 0.994669
vt 0.058695 0.994669
vt 0.058695 0.994655
vt 0.058689 0.994669
vt 0.058691 0.994682
vt 0.058691 0.994685
vt 0.058686 0.994669
vt 0.058685 0.994682
vt 0.058685 0.994685
vt 0.058714 0.994655
vt 0.058714 0.994669
vt 0.058728 0.994669
vt 0.058728 0.994655
vt 0.058723 0.994669
vt 0.058724 0.994682
vt 0.058724 0.994685
vt 0.058720 0.994669
vt 0.058718 0.994682
vt 0.058718 0.994685
vt 0.058676 0.994655
vt 0.058676 0.994669
vt 0.058690 0.994669
vt 0.058690 0.994655
vt 0.058684 0.994669
vt 0.058686 0.994682
vt 0.058686 0.994685
vt 0.058680 0.994682
vt 0.058680 0.994685
vt 0.058693 0.994655
vt 0.058693 0.994669
vt 0.058707 0.994669
vt 0.058707 0.994655
vt 0.058701 0.994669
vt 0.058703 0.994682
vt 0.058703 0.994685
vt 0.058698 0.994669
vt 0.058697 0.994682
vt 0.058697 0.994685
vt 0.058709 0.994655
vt 0.058709 0.994669
vt 0.058723 0.994655
vt 0.058718 0.994669
vt 0.058719 0.994682
vt 0.058719 0.994685
vt 0.058715 0.994669
vt 0.058713 0.994682
vt 0.058713 0.994685
vt 0.058726 0.994655
vt 0.058726 0.994669
vt 0.058740 0.994669
vt 0.058740 0.994655
vt 0.058735 0.994669
vt 0.058736 0.994682
vt 0.058736 0.994685
vt 0.058732 0.994669
vt 0.058730 0.994682
vt 0.058730 0.994685
vt 0.059135 0.993298
vt 0.059135 0.993312
vt 0.059149 0.993312
vt 0.059149 0.993298
vt 0.059143 0.993312
vt 0.059145 0.993325
vt 0.059145 0.993328
vt 0.059140 0.993312
vt 0.059139 0.993325
vt 0.059139 0.993328
vt 0.059168 0.993298
vt 0.059168 0.993312
vt 0.059182 0.993312
vt 0.059182 0.993298
vt 0.059177 0.993312
vt 0.059178 0.993325
vt 0.059178 0.993328
vt 0.059174 0.993312
vt 0.059172 0.993325
vt 0.059172 0.993328
vt 0.059202 0.993298
vt 0.059202 0.993312
vt 0.059216 0.993312
vt 0.059216 0.993298
vt 0.059210 0.993312
vt 0.059212 0.993325
vt 0.059212 0.993328
vt 0.059208 0.993312
vt 0.059206 0.993325
vt 0.059206 0.993328
vt 0.059152 0.993298
vt 0.059152 0.993312
vt 0.059166 0.993312
vt 0.059166 0.993298
vt 0.059161 0.993312
vt 0.059162 0.993325
vt 0.059162 0.993328
vt 0.059158 0.993312
vt 0.059156 0.993325
vt 0.059156 0.993328
vt 0.059186 0.993298
vt 0.059186 0.993312
vt 0.059200 0.993312
vt 0.059200 0.993298
vt 0.059194 0.993312
vt 0.059196 0.993325
vt 0.059196 0.993328
vt 0.059191 0.993312
vt 0.059190 0.993325
vt 0.059190 0.993328
vt 0.059219 0.993298
vt 0.059219 0.993312
vt 0.059233 0.993312
vt 0.059233 0.993298
vt 0.059228 0.993312
vt 0.059229 0.993325
vt 0.059229 0.993328
vt 0.059225 0.993312
vt 0.059223 0.993325
vt 0.059223 0.993328
vt 0.092077 0.993174
vt 0.092077 0.993203
vt 0.092106 0.993203
vt 0.092106 0.993174
vt 0.092095 0.993186
vt 0.092095 0.993191
vt 0.092098 0.993195
vt 0.092098 0.993182
vt 0.092089 0.993186
vt 0.092089 0.993191
vt 0.092086 0.993195
vt 0.092086 0.993182
vt 0.092077 0.993134
vt 0.092077 0.993163
vt 0.092106 0.993163
vt 0.092106 0.993134
vt 0.092095 0.993145
vt 0.092095 0.993151
vt 0.092098 0.993154
vt 0.092098 0.993142
vt 0.092089 0.993145
vt 0.092089 0.993151
vt 0.092086 0.993154
vt 0.092086 0.993142
vt 0.092053 0.993093
vt 0.092053 0.993122
vt 0.092082 0.993122
vt 0.092082 0.993093
vt 0.092070 0.993104
vt 0.092070 0.993110
vt 0.092073 0.993113
vt 0.092073 0.993101
vt 0.092064 0.993104
vt 0.092064 0.993110
vt 0.092061 0.993113
vt 0.092061 0.993101
vt 0.092007 0.993000
vt 0.092007 0.993029
vt 0.092036 0.993029
vt 0.092036 0.993000
vt 0.092024 0.993012
vt 0.092024 0.993018
vt 0.092028 0.993021
vt 0.092028 0.993009
vt 0.092019 0.993012
vt 0.092019 0.993018
vt 0.092015 0.993021
vt 0.092015 0.993009
vt 0.092120 0.993093
vt 0.092120 0.993122
vt 0.092149 0.993122
vt 0.092149 0.993093
vt 0.092138 0.993104
vt 0.092138 0.993110
vt 0.092141 0.993113
vt 0.092141 0.993101
vt 0.092132 0.993104
vt 0.092132 0.993110
vt 0.092129 0.993113
vt 0.092129 0.993101
vt 0.092113 0.993000
vt 0.092113 0.993029
vt 0.092142 0.993029
vt 0.092142 0.993000
vt 0.092130 0.993012
vt 0.092130 0.993018
vt 0.092133 0.993021
vt 0.092133 0.993009
vt 0.092124 0.993012
vt 0.092124 0.993018
vt 0.092121 0.993021
vt 0.092121 0.993009
vt 0.091982 0.993093
vt 0.091982 0.993122
vt 0.092011 0.993122
vt 0.092011 0.993093
vt 0.092000 0.993104
vt 0.092000 0.993110
vt 0.092003 0.993113
vt 0.092003 0.993101
vt 0.091994 0.993104
vt 0.091994 0.993110
vt 0.091991 0.993113
vt 0.091991 0.993101
vt 0.091982 0.993040
vt 0.091982 0.993069
vt 0.092011 0.993069
vt 0.092011 0.993040
vt 0.092000 0.993051
vt 0.092000 0.993057
vt 0.092003 0.993060
vt 0.092003 0.993048
vt 0.091994 0.993051
vt 0.091994 0.993057
vt 0.091991 0.993060
vt 0.091991 0.993048
vt 0.092140 0.993047
vt 0.092140 0.993075
vt 0.092169 0.993075
vt 0.092169 0.993047
vt 0.092157 0.993058
vt 0.092157 0.993064
vt 0.092160 0.993067
vt 0.092160 0.993055
vt 0.092151 0.993058
vt 0.092151 0.993064
vt 0.092148 0.993067
vt 0.092148 0.993055
vt 0.058969 0.993368
vt 0.058969 0.993389
vt 0.058990 0.993389
vt 0.058990 0.993368
vt 0.058982 0.993377
vt 0.058982 0.993381
vt 0.058984 0.993383
vt 0.058984 0.993374
vt 0.058977 0.993377
vt 0.058977 0.993381
vt 0.058975 0.993383
vt 0.058975 0.993374
vt 0.059007 0.993368
vt 0.059007 0.993389
vt 0.059028 0.993389
vt 0.059028 0.993368
vt 0.059020 0.993377
vt 0.059020 0.993381
vt 0.059022 0.993383
vt 0.059022 0.993374
vt 0.059016 0.993377
vt 0.059016 0.993381
vt 0.059013 0.993383
vt 0.059013 0.993374
vt 0.059045 0.993368
vt 0.059045 0.993389
vt 0.059066 0.993389
vt 0.059066 0.993368
vt 0.059058 0.993377
vt 0.059058 0.993381
vt 0.059060 0.993383
vt 0.059060 0.993374
vt 0.059054 0.993377
vt 0.059054 0.993381
vt 0.059051 0.993383
vt 0.059051 0.993374
vt 0.059083 0.993368
vt 0.059083 0.993389
vt 0.059104 0.993389
vt 0.059104 0.993368
vt 0.059096 0.993377
vt 0.059096 0.993381
vt 0.059098 0.993383
vt 0.059098 0.993374
vt 0.059092 0.993377
vt 0.059092 0.993381
vt 0.059089 0.993383
vt 0.059089 0.993374
vt 0.059121 0.993368
vt 0.059121 0.993389
vt 0.059143 0.993389
vt 0.059143 0.993368
vt 0.059134 0.993377
vt 0.059134 0.993381
vt 0.059136 0.993383
vt 0.059136 0.993374
vt 0.059130 0.993377
vt 0.059130 0.993381
vt 0.059127 0.993383
vt 0.059127 0.993374
vt 0.059159 0.993368
vt 0.059159 0.993389
vt 0.059181 0.993389
vt 0.059181 0.993368
vt 0.059172 0.993377
vt 0.059172 0.993381
vt 0.059175 0.993383
vt 0.059175 0.993374
vt 0.059168 0.993377
vt 0.059168 0.993381
vt 0.059166 0.993383
vt 0.059166 0.993374
vt 0.075602 0.979547
vt 0.075602 0.979518
vt 0.057748 0.995511
vt 0.057748 0.995544
vt 0.057764 0.995544
vt 0.057764 0.995511
vt 0.057750 0.995513
vt 0.057761 0.995513
vt 0.057761 0.995542
vt 0.057750 0.995542
vt 0.075591 0.979518
vt 0.075591 0.979547
vt 0.075621 0.979547
vt 0.075621 0.979518
vt 0.057767 0.995511
vt 0.057767 0.995544
vt 0.057783 0.995544
vt 0.057783 0.995511
vt 0.057769 0.995513
vt 0.057780 0.995513
vt 0.057780 0.995542
vt 0.057769 0.995542
vt 0.075610 0.979518
vt 0.075610 0.979547
vt 0.075640 0.979547
vt 0.075640 0.979518
vt 0.057786 0.995511
vt 0.057786 0.995544
vt 0.057802 0.995544
vt 0.057802 0.995511
vt 0.057788 0.995513
vt 0.057799 0.995513
vt 0.057799 0.995542
vt 0.057788 0.995542
vt 0.075629 0.979518
vt 0.075629 0.979547
vt 0.075659 0.979547
vt 0.075659 0.979518
vt 0.057805 0.995511
vt 0.057805 0.995544
vt 0.057821 0.995544
vt 0.057821 0.995511
vt 0.057808 0.995513
vt 0.057818 0.995513
vt 0.057818 0.995542
vt 0.057808 0.995542
vt 0.075648 0.979518
vt 0.075648 0.979547
vt 0.075678 0.979547
vt 0.075678 0.979518
vt 0.057824 0.995511
vt 0.057824 0.995544
vt 0.057840 0.995544
vt 0.057840 0.995511
vt 0.057827 0.995513
vt 0.057837 0.995513
vt 0.057837 0.995542
vt 0.057827 0.995542
vt 0.075667 0.979518
vt 0.075667 0.979547
vt 0.075697 0.979547
vt 0.075697 0.979518
vt 0.057843 0.995511
vt 0.057843 0.995544
vt 0.057859 0.995544
vt 0.057859 0.995511
vt 0.057846 0.995513
vt 0.057857 0.995513
vt 0.057857 0.995542
vt 0.057846 0.995542
vt 0.075687 0.979518
vt 0.075687 0.979547
vt 0.092201 0.992119
vt 0.092201 0.992068
vt 0.055265 0.993293
vt 0.055265 0.993355
vt 0.055294 0.993355
vt 0.055294 0.993293
vt 0.055270 0.993298
vt 0.055290 0.993298
vt 0.055290 0.993350
vt 0.055270 0.993350
vt 0.092182 0.992068
vt 0.092182 0.992119
vt 0.056576 0.993730
vt 0.056576 0.993773
vt 0.056618 0.993773
vt 0.056618 0.993730
vt 0.056601 0.993747
vt 0.056601 0.993756
vt 0.056606 0.993760
vt 0.056606 0.993743
vt 0.056593 0.993747
vt 0.056593 0.993756
vt 0.056588 0.993760
vt 0.056588 0.993743
vt 0.056508 0.993730
vt 0.056508 0.993773
vt 0.056550 0.993773
vt 0.056550 0.993730
vt 0.056534 0.993747
vt 0.056534 0.993756
vt 0.056538 0.993760
vt 0.056538 0.993743
vt 0.056525 0.993747
vt 0.056525 0.993756
vt 0.056521 0.993760
vt 0.056521 0.993743
vt 0.094010 0.993728
vt 0.093987 0.993719
vt 0.094010 0.993774
vt 0.094019 0.993751
vt 0.093965 0.993728
vt 0.093987 0.993783
vt 0.093955 0.993751
vt 0.093965 0.993774
vt 0.094130 0.993657
vt 0.094146 0.993664
vt 0.094130 0.993626
vt 0.094124 0.993641
vt 0.094162 0.993657
vt 0.094146 0.993619
vt 0.094168 0.993641
vt 0.094162 0.993626
vt 0.094050 0.993710
vt 0.094066 0.993717
vt 0.094050 0.993679
vt 0.094044 0.993695
vt 0.094082 0.993710
vt 0.094066 0.993672
vt 0.094088 0.993695
vt 0.094082 0.993679
vt 0.094108 0.993613
vt 0.094124 0.993620
vt 0.094108 0.993582
vt 0.094101 0.993598
vt 0.094139 0.993613
vt 0.094124 0.993575
vt 0.094146 0.993598
vt 0.094139 0.993582
vt 0.059012 0.993426
vt 0.059012 0.993447
vt 0.059033 0.993447
vt 0.059033 0.993426
vt 0.059025 0.993435
vt 0.059025 0.993439
vt 0.059027 0.993441
vt 0.059027 0.993432
vt 0.059021 0.993435
vt 0.059021 0.993439
vt 0.059018 0.993441
vt 0.059018 0.993432
vt 0.059050 0.993426
vt 0.059050 0.993447
vt 0.059071 0.993447
vt 0.059071 0.993426
vt 0.059063 0.993435
vt 0.059063 0.993439
vt 0.059065 0.993441
vt 0.059065 0.993432
vt 0.059059 0.993435
vt 0.059059 0.993439
vt 0.059056 0.993441
vt 0.059056 0.993432
vt 0.059088 0.993426
vt 0.059088 0.993447
vt 0.059109 0.993447
vt 0.059109 0.993426
vt 0.059101 0.993435
vt 0.059101 0.993439
vt 0.059103 0.993441
vt 0.059103 0.993432
vt 0.059097 0.993435
vt 0.059097 0.993439
vt 0.059094 0.993441
vt 0.059094 0.993432
vt 0.093042 0.991927
vt 0.093042 0.991956
vt 0.093071 0.991956
vt 0.093071 0.991927
vt 0.093060 0.991939
vt 0.093060 0.991944
vt 0.093063 0.991948
vt 0.093063 0.991935
vt 0.093054 0.991939
vt 0.093054 0.991944
vt 0.093051 0.991948
vt 0.093051 0.991935
vt 0.093077 0.991927
vt 0.093077 0.991956
vt 0.093106 0.991956
vt 0.093106 0.991927
vt 0.093094 0.991939
vt 0.093094 0.991944
vt 0.093098 0.991948
vt 0.093098 0.991935
vt 0.093089 0.991939
vt 0.093089 0.991944
vt 0.093085 0.991948
vt 0.093085 0.991935
vt 0.092998 0.992131
vt 0.092998 0.992160
vt 0.093027 0.992160
vt 0.093027 0.992131
vt 0.093016 0.992143
vt 0.093016 0.992148
vt 0.093019 0.992152
vt 0.093019 0.992139
vt 0.093010 0.992143
vt 0.093010 0.992148
vt 0.093007 0.992152
vt 0.093007 0.992139
vt 0.092891 0.992131
vt 0.092891 0.992160
vt 0.092920 0.992160
vt 0.092920 0.992131
vt 0.092908 0.992143
vt 0.092908 0.992148
vt 0.092912 0.992152
vt 0.092912 0.992139
vt 0.092903 0.992143
vt 0.092903 0.992148
vt 0.092899 0.992152
vt 0.092899 0.992139
vt 0.092926 0.992131
vt 0.092926 0.992160
vt 0.092955 0.992160
vt 0.092955 0.992131
vt 0.092943 0.992143
vt 0.092943 0.992148
vt 0.092946 0.992152
vt 0.092946 0.992139
vt 0.092937 0.992143
vt 0.092937 0.992148
vt 0.092934 0.992152
vt 0.092934 0.992139
vt 0.093074 0.992167
vt 0.093089 0.992174
vt 0.093074 0.992136
vt 0.093067 0.992151
vt 0.093105 0.992167
vt 0.093089 0.992129
vt 0.093112 0.992151
vt 0.093105 0.992136
vt 0.093074 0.992081
vt 0.093089 0.992088
vt 0.093074 0.992050
vt 0.093067 0.992065
vt 0.093105 0.992081
vt 0.093089 0.992043
vt 0.093112 0.992065
vt 0.093105 0.992050
vt 0.093066 0.992010
vt 0.093082 0.992016
vt 0.093066 0.991978
vt 0.093060 0.991994
vt 0.093098 0.992010
vt 0.093082 0.991972
vt 0.093104 0.991994
vt 0.093098 0.991978
vt 0.059586 0.993245
vt 0.059675 0.993245
vt 0.059675 0.993269
vt 0.059586 0.993269
vt 0.059576 0.993242
vt 0.059576 0.993272
vt 0.059685 0.993272
vt 0.059685 0.993242
vt 0.076345 0.974839
vt 0.076345 0.974798
vt 0.056922 0.993897
vt 0.056922 0.993945
vt 0.056945 0.993945
vt 0.056945 0.993897
vt 0.056926 0.993901
vt 0.056941 0.993901
vt 0.056941 0.993942
vt 0.056926 0.993942
vt 0.076330 0.974798
vt 0.076330 0.974839
vt 0.076373 0.974839
vt 0.076373 0.974798
vt 0.056950 0.993897
vt 0.056950 0.993945
vt 0.056973 0.993945
vt 0.056973 0.993897
vt 0.056954 0.993901
vt 0.056969 0.993901
vt 0.056969 0.993942
vt 0.056954 0.993942
vt 0.076357 0.974798
vt 0.076357 0.974839
vt 0.092890 0.991927
vt 0.092890 0.991956
vt 0.092919 0.991956
vt 0.092919 0.991927
vt 0.092907 0.991939
vt 0.092907 0.991944
vt 0.092911 0.991948
vt 0.092911 0.991935
vt 0.092902 0.991939
vt 0.092902 0.991944
vt 0.092898 0.991948
vt 0.092898 0.991935
vt 0.057330 0.993192
vt 0.057330 0.993221
vt 0.057359 0.993221
vt 0.057359 0.993192
vt 0.057347 0.993204
vt 0.057347 0.993210
vt 0.057350 0.993213
vt 0.057350 0.993201
vt 0.057341 0.993204
vt 0.057341 0.993210
vt 0.057338 0.993213
vt 0.057338 0.993201
vt 0.057417 0.993192
vt 0.057417 0.993221
vt 0.057446 0.993221
vt 0.057446 0.993192
vt 0.057434 0.993204
vt 0.057434 0.993210
vt 0.057437 0.993213
vt 0.057437 0.993201
vt 0.057428 0.993204
vt 0.057428 0.993210
vt 0.057425 0.993213
vt 0.057425 0.993201
vt 0.057377 0.993063
vt 0.057377 0.993092
vt 0.057406 0.993092
vt 0.057406 0.993063
vt 0.057394 0.993075
vt 0.057394 0.993080
vt 0.057398 0.993084
vt 0.057398 0.993071
vt 0.057389 0.993075
vt 0.057389 0.993080
vt 0.057385 0.993084
vt 0.057385 0.993071
vt 0.057447 0.993063
vt 0.057447 0.993092
vt 0.057476 0.993092
vt 0.057476 0.993063
vt 0.057464 0.993075
vt 0.057464 0.993080
vt 0.057467 0.993084
vt 0.057467 0.993071
vt 0.057458 0.993075
vt 0.057458 0.993080
vt 0.057455 0.993084
vt 0.057455 0.993071
vt 0.057516 0.993063
vt 0.057516 0.993092
vt 0.057545 0.993092
vt 0.057545 0.993063
vt 0.057533 0.993075
vt 0.057533 0.993080
vt 0.057537 0.993084
vt 0.057537 0.993071
vt 0.057528 0.993075
vt 0.057528 0.993080
vt 0.057525 0.993084
vt 0.057525 0.993071
vt 0.090710 0.993690
vt 0.090710 0.993719
vt 0.090739 0.993719
vt 0.090739 0.993690
vt 0.090727 0.993701
vt 0.090727 0.993707
vt 0.090731 0.993710
vt 0.090731 0.993698
vt 0.090722 0.993701
vt 0.090722 0.993707
vt 0.090718 0.993710
vt 0.090718 0.993698
vt 0.054910 0.991980
vt 0.054910 0.992009
vt 0.054939 0.992009
vt 0.054939 0.991980
vt 0.054927 0.991992
vt 0.054927 0.991997
vt 0.054930 0.992001
vt 0.054930 0.991988
vt 0.054921 0.991992
vt 0.054921 0.991997
vt 0.054918 0.992001
vt 0.054918 0.991988
vt 0.055014 0.991980
vt 0.055014 0.992009
vt 0.055043 0.992009
vt 0.055043 0.991980
vt 0.055031 0.991992
vt 0.055031 0.991997
vt 0.055035 0.992001
vt 0.055035 0.991988
vt 0.055026 0.991992
vt 0.055026 0.991997
vt 0.055022 0.992001
vt 0.055022 0.991988
vt 0.090518 0.993717
vt 0.090518 0.993746
vt 0.090547 0.993746
vt 0.090547 0.993717
vt 0.090535 0.993728
vt 0.090535 0.993734
vt 0.090539 0.993737
vt 0.090539 0.993725
vt 0.090530 0.993728
vt 0.090530 0.993734
vt 0.090526 0.993737
vt 0.090526 0.993725
vt 0.090598 0.993854
vt 0.090598 0.993883
vt 0.090627 0.993883
vt 0.090627 0.993854
vt 0.090615 0.993866
vt 0.090615 0.993872
vt 0.090618 0.993875
vt 0.090618 0.993863
vt 0.090609 0.993866
vt 0.090609 0.993872
vt 0.090606 0.993875
vt 0.090606 0.993863
vt 0.090661 0.993892
vt 0.090661 0.993921
vt 0.090690 0.993921
vt 0.090690 0.993892
vt 0.090679 0.993904
vt 0.090679 0.993909
vt 0.090682 0.993912
vt 0.090682 0.993900
vt 0.090673 0.993904
vt 0.090673 0.993909
vt 0.090670 0.993912
vt 0.090670 0.993900
vt 0.057036 0.990419
vt 0.057036 0.990433
vt 0.057050 0.990433
vt 0.057050 0.990419
vt 0.057044 0.990433
vt 0.057046 0.990446
vt 0.057046 0.990449
vt 0.057041 0.990433
vt 0.057040 0.990446
vt 0.057040 0.990449
vt 0.057052 0.990419
vt 0.057052 0.990433
vt 0.057066 0.990433
vt 0.057066 0.990419
vt 0.057061 0.990433
vt 0.057062 0.990446
vt 0.057062 0.990449
vt 0.057058 0.990433
vt 0.057057 0.990446
vt 0.057057 0.990449
vt 0.057069 0.990419
vt 0.057069 0.990433
vt 0.057083 0.990433
vt 0.057083 0.990419
vt 0.057078 0.990433
vt 0.057079 0.990446
vt 0.057079 0.990449
vt 0.057075 0.990433
vt 0.057073 0.990446
vt 0.057073 0.990449
vt 0.057086 0.990419
vt 0.057086 0.990433
vt 0.057100 0.990433
vt 0.057100 0.990419
vt 0.057094 0.990433
vt 0.057096 0.990446
vt 0.057096 0.990449
vt 0.057092 0.990433
vt 0.057090 0.990446
vt 0.057090 0.990449
vt 0.057046 0.990419
vt 0.057046 0.990433
vt 0.057060 0.990433
vt 0.057060 0.990419
vt 0.057054 0.990433
vt 0.057056 0.990446
vt 0.057056 0.990449
vt 0.057051 0.990433
vt 0.057050 0.990446
vt 0.057050 0.990449
vt 0.057079 0.990419
vt 0.057079 0.990433
vt 0.057093 0.990433
vt 0.057093 0.990419
vt 0.057088 0.990433
vt 0.057089 0.990446
vt 0.057089 0.990449
vt 0.057085 0.990433
vt 0.057083 0.990446
vt 0.057083 0.990449
vt 0.057113 0.990419
vt 0.057113 0.990433
vt 0.057127 0.990433
vt 0.057127 0.990419
vt 0.057121 0.990433
vt 0.057123 0.990446
vt 0.057123 0.990449
vt 0.057118 0.990433
vt 0.057117 0.990446
vt 0.057117 0.990449
vt 0.057959 0.991720
vt 0.057959 0.991740
vt 0.057980 0.991740
vt 0.057980 0.991720
vt 0.057971 0.991728
vt 0.057971 0.991732
vt 0.057974 0.991734
vt 0.057974 0.991726
vt 0.057968 0.991728
vt 0.057968 0.991732
vt 0.057965 0.991734
vt 0.057965 0.991726
vt 0.058008 0.991720
vt 0.058008 0.991740
vt 0.058028 0.991740
vt 0.058028 0.991720
vt 0.058020 0.991728
vt 0.058020 0.991732
vt 0.058022 0.991734
vt 0.058022 0.991726
vt 0.058016 0.991728
vt 0.058016 0.991732
vt 0.058014 0.991734
vt 0.058014 0.991726
vt 0.058056 0.991720
vt 0.058056 0.991740
vt 0.058076 0.991740
vt 0.058076 0.991720
vt 0.058068 0.991728
vt 0.058068 0.991732
vt 0.058070 0.991734
vt 0.058070 0.991726
vt 0.058064 0.991728
vt 0.058064 0.991732
vt 0.058062 0.991734
vt 0.058062 0.991726
vt 0.057977 0.991625
vt 0.057977 0.991645
vt 0.057997 0.991645
vt 0.057997 0.991625
vt 0.057989 0.991633
vt 0.057989 0.991637
vt 0.057991 0.991639
vt 0.057991 0.991631
vt 0.057985 0.991633
vt 0.057985 0.991637
vt 0.057983 0.991639
vt 0.057983 0.991631
vt 0.058025 0.991625
vt 0.058025 0.991645
vt 0.058046 0.991645
vt 0.058046 0.991625
vt 0.058037 0.991633
vt 0.058037 0.991637
vt 0.058040 0.991639
vt 0.058040 0.991631
vt 0.058033 0.991633
vt 0.058033 0.991637
vt 0.058031 0.991639
vt 0.058031 0.991631
vt 0.072255 0.973741
vt 0.072255 0.973787
vt 0.072495 0.973741
vt 0.072495 0.973787
vt 0.139024 0.992734
vt 0.139024 0.992741
vt 0.139024 0.992748
vt 0.139047 0.992741
vt 0.139047 0.992748
vt 0.139047 0.992734
vt 0.057021 0.991816
vt 0.057021 0.991822
vt 0.057035 0.991822
vt 0.057037 0.991842
vt 0.057043 0.991822
vt 0.057043 0.991816
vt 0.057028 0.991822
vt 0.057027 0.991842
vt 0.057029 0.991844
vt 0.057035 0.991844
vt 0.057046 0.991816
vt 0.057046 0.991822
vt 0.057061 0.991822
vt 0.057062 0.991842
vt 0.057068 0.991822
vt 0.057068 0.991816
vt 0.057053 0.991822
vt 0.057052 0.991842
vt 0.057054 0.991844
vt 0.057060 0.991844
vt 0.056559 0.994720
vt 0.056559 0.994726
vt 0.056574 0.994726
vt 0.056575 0.994746
vt 0.056581 0.994726
vt 0.056581 0.994720
vt 0.056566 0.994726
vt 0.056565 0.994746
vt 0.056567 0.994749
vt 0.056573 0.994749
vt 0.056599 0.994720
vt 0.056599 0.994726
vt 0.056614 0.994726
vt 0.056615 0.994746
vt 0.056621 0.994726
vt 0.056621 0.994720
vt 0.056607 0.994726
vt 0.056605 0.994746
vt 0.056607 0.994749
vt 0.056613 0.994749
vt 0.056723 0.994720
vt 0.056723 0.994726
vt 0.056738 0.994726
vt 0.056739 0.994746
vt 0.056745 0.994726
vt 0.056745 0.994720
vt 0.056730 0.994726
vt 0.056729 0.994746
vt 0.056731 0.994749
vt 0.056737 0.994749
vt 0.056671 0.994720
vt 0.056671 0.994726
vt 0.056685 0.994726
vt 0.056687 0.994746
vt 0.056693 0.994726
vt 0.056693 0.994720
vt 0.056678 0.994726
vt 0.056677 0.994746
vt 0.056679 0.994749
vt 0.056685 0.994749
vt 0.072529 0.971965
vt 0.072529 0.972012
vt 0.072590 0.971965
vt 0.072590 0.972012
vt 0.071778 0.973741
vt 0.071778 0.973787
vt 0.071955 0.973741
vt 0.071955 0.973787
vt 0.072752 0.972012
vt 0.072813 0.972012
vt 0.072813 0.971965
vt 0.072752 0.971965
vt 0.088753 0.993330
vt 0.088743 0.993330
vt 0.088753 0.993332
vt 0.088743 0.993332
vt 0.088740 0.993330
vt 0.088729 0.993330
vt 0.088740 0.993332
vt 0.088729 0.993332
vt 0.088726 0.993330
vt 0.088715 0.993330
vt 0.088726 0.993332
vt 0.088715 0.993332
vt 0.088712 0.993330
vt 0.088701 0.993330
vt 0.088712 0.993332
vt 0.088701 0.993332
vt 0.088698 0.993330
vt 0.088687 0.993330
vt 0.088698 0.993332
vt 0.088687 0.993332
vt 0.088754 0.993329
vt 0.088749 0.993329
vt 0.088756 0.993329
vt 0.088754 0.993332
vt 0.088756 0.993332
vt 0.088749 0.993332
vt 0.088745 0.993329
vt 0.088743 0.993329
vt 0.088745 0.993332
vt 0.088745 0.993336
vt 0.088749 0.993336
vt 0.088754 0.993336
vt 0.088725 0.993329
vt 0.088721 0.993329
vt 0.088727 0.993329
vt 0.088725 0.993332
vt 0.088727 0.993332
vt 0.088721 0.993332
vt 0.088716 0.993329
vt 0.088715 0.993329
vt 0.088716 0.993332
vt 0.088716 0.993336
vt 0.088721 0.993336
vt 0.088725 0.993336
vt 0.088697 0.993329
vt 0.088692 0.993329
vt 0.088698 0.993329
vt 0.088697 0.993332
vt 0.088692 0.993332
vt 0.088688 0.993329
vt 0.088686 0.993329
vt 0.088688 0.993332
vt 0.088688 0.993336
vt 0.088692 0.993336
vt 0.088686 0.993332
vt 0.088697 0.993336
vt 0.073461 0.973636
vt 0.073418 0.973636
vt 0.073418 0.973622
vt 0.073461 0.973622
vt 0.073464 0.973622
vt 0.073516 0.973622
vt 0.073516 0.973636
vt 0.073430 0.973636
vt 0.073430 0.973632
vt 0.073450 0.973632
vt 0.073450 0.973636
vt 0.073464 0.973636
vt 0.020743 0.977508
vt 0.020723 0.977508
vt 0.073413 0.973636
vt 0.073300 0.973636
vt 0.073300 0.973622
vt 0.073413 0.973622
vt 0.090561 0.994394
vt 0.090561 0.994528
vt 0.090561 0.994564
vt 0.090561 0.994539
vt 0.090543 0.994394
vt 0.090543 0.994539
vt 0.090543 0.994564
vt 0.090543 0.994528
vt 0.090561 0.994336
vt 0.090543 0.994336
vt 0.090543 0.994241
vt 0.090561 0.994241
vt 0.090426 0.994528
vt 0.090426 0.994336
vt 0.090426 0.994241
vt 0.090426 0.994505
vt 0.090426 0.994495
vt 0.090491 0.994495
vt 0.090502 0.994505
vt 0.090502 0.994359
vt 0.090426 0.994359
vt 0.025550 0.976547
vt 0.025550 0.976672
vt 0.025484 0.976672
vt 0.025484 0.976547
vt 0.090491 0.994369
vt 0.090426 0.994369
vt 0.090290 0.994394
vt 0.090290 0.994539
vt 0.090290 0.994564
vt 0.090290 0.994528
vt 0.090308 0.994394
vt 0.090308 0.994528
vt 0.090308 0.994564
vt 0.090308 0.994539
vt 0.090290 0.994336
vt 0.090290 0.994241
vt 0.090308 0.994241
vt 0.090308 0.994336
vt 0.090349 0.994505
vt 0.090360 0.994495
vt 0.090349 0.994359
vt 0.025418 0.976547
vt 0.025418 0.976672
vt 0.090360 0.994369
vt 0.091368 0.993491
vt 0.091363 0.993504
vt 0.091393 0.993491
vt 0.091380 0.993486
vt 0.091368 0.993516
vt 0.091398 0.993504
vt 0.091380 0.993521
vt 0.091393 0.993516
vt 0.091382 0.993590
vt 0.091394 0.993595
vt 0.091382 0.993565
vt 0.091377 0.993578
vt 0.091406 0.993590
vt 0.091394 0.993560
vt 0.091411 0.993578
vt 0.091406 0.993565
vt 0.092905 0.991313
vt 0.092916 0.991318
vt 0.092905 0.991291
vt 0.092900 0.991302
vt 0.092926 0.991313
vt 0.092916 0.991287
vt 0.092931 0.991302
vt 0.092926 0.991291
vt 0.092850 0.991313
vt 0.092861 0.991318
vt 0.092850 0.991291
vt 0.092845 0.991302
vt 0.092872 0.991313
vt 0.092861 0.991287
vt 0.092876 0.991302
vt 0.092872 0.991291
vt 0.092905 0.991387
vt 0.092916 0.991392
vt 0.092905 0.991366
vt 0.092900 0.991376
vt 0.092926 0.991387
vt 0.092916 0.991361
vt 0.092931 0.991376
vt 0.092926 0.991366
vt 0.092850 0.991387
vt 0.092861 0.991392
vt 0.092850 0.991366
vt 0.092845 0.991376
vt 0.092872 0.991387
vt 0.092861 0.991361
vt 0.092876 0.991376
vt 0.092872 0.991366
vt 0.092708 0.993445
vt 0.092718 0.993449
vt 0.092708 0.993423
vt 0.092703 0.993434
vt 0.092729 0.993445
vt 0.092718 0.993418
vt 0.092734 0.993434
vt 0.092729 0.993423
vt 0.060235 0.975039
vt 0.060246 0.975043
vt 0.060235 0.975017
vt 0.060230 0.975028
vt 0.060257 0.975039
vt 0.060246 0.975012
vt 0.060261 0.975028
vt 0.060257 0.975017
vt 0.060180 0.975039
vt 0.060191 0.975043
vt 0.060180 0.975017
vt 0.060176 0.975028
vt 0.060202 0.975039
vt 0.060191 0.975012
vt 0.060207 0.975028
vt 0.060202 0.975017
vt 0.060235 0.975094
vt 0.060246 0.975099
vt 0.060235 0.975073
vt 0.060230 0.975083
vt 0.060257 0.975094
vt 0.060246 0.975068
vt 0.060261 0.975083
vt 0.060257 0.975073
vt 0.060180 0.975094
vt 0.060191 0.975099
vt 0.060180 0.975073
vt 0.060176 0.975083
vt 0.060202 0.975094
vt 0.060191 0.975068
vt 0.060207 0.975083
vt 0.060202 0.975073
vt 0.060235 0.975150
vt 0.060246 0.975155
vt 0.060235 0.975128
vt 0.060230 0.975139
vt 0.060257 0.975150
vt 0.060246 0.975124
vt 0.060261 0.975139
vt 0.060257 0.975128
vt 0.060180 0.975150
vt 0.060191 0.975155
vt 0.060180 0.975128
vt 0.060176 0.975139
vt 0.060202 0.975150
vt 0.060191 0.975124
vt 0.060207 0.975139
vt 0.060202 0.975128
vt 0.060235 0.975206
vt 0.060246 0.975210
vt 0.060235 0.975184
vt 0.060230 0.975195
vt 0.060257 0.975206
vt 0.060246 0.975179
vt 0.060261 0.975195
vt 0.060257 0.975184
vt 0.060180 0.975206
vt 0.060191 0.975210
vt 0.060180 0.975184
vt 0.060176 0.975195
vt 0.060202 0.975206
vt 0.060191 0.975179
vt 0.060207 0.975195
vt 0.060202 0.975184
vt 0.087384 0.990801
vt 0.087395 0.990805
vt 0.087384 0.990779
vt 0.087379 0.990790
vt 0.087406 0.990801
vt 0.087395 0.990775
vt 0.087410 0.990790
vt 0.087406 0.990779
vt 0.087344 0.990801
vt 0.087355 0.990805
vt 0.087344 0.990779
vt 0.087339 0.990790
vt 0.087366 0.990801
vt 0.087355 0.990775
vt 0.087370 0.990790
vt 0.087366 0.990779
vt 0.092771 0.993555
vt 0.092789 0.993562
vt 0.092771 0.993520
vt 0.092764 0.993537
vt 0.092806 0.993555
vt 0.092789 0.993513
vt 0.092814 0.993537
vt 0.092806 0.993520
vt 0.092673 0.993555
vt 0.092690 0.993562
vt 0.092673 0.993520
vt 0.092665 0.993537
vt 0.092708 0.993555
vt 0.092690 0.993513
vt 0.092715 0.993537
vt 0.092708 0.993520
vt 0.090448 0.990309
vt 0.090459 0.990314
vt 0.090448 0.990288
vt 0.090444 0.990299
vt 0.090470 0.990309
vt 0.090459 0.990283
vt 0.090475 0.990299
vt 0.090470 0.990288
vt 0.090394 0.990309
vt 0.090405 0.990314
vt 0.090394 0.990288
vt 0.090389 0.990299
vt 0.090416 0.990309
vt 0.090405 0.990283
vt 0.090420 0.990299
vt 0.090416 0.990288
vt 0.075441 0.976580
vt 0.075441 0.976992
vt 0.075684 0.976992
vt 0.075684 0.976580
vt 0.075441 0.977006
vt 0.075441 0.977170
vt 0.075684 0.977170
vt 0.075684 0.977006
vt 0.075441 0.976245
vt 0.075441 0.976561
vt 0.075684 0.976561
vt 0.075684 0.976245
vt 0.076476 0.976245
vt 0.076476 0.976842
vt 0.076718 0.976842
vt 0.076718 0.976245
vt 0.074689 0.974961
vt 0.074689 0.975207
vt 0.074891 0.975207
vt 0.074891 0.974961
vt 0.088240 0.992970
vt 0.088232 0.992970
vt 0.088243 0.992970
vt 0.088240 0.992975
vt 0.088243 0.992975
vt 0.088232 0.992975
vt 0.088224 0.992970
vt 0.088220 0.992970
vt 0.088224 0.992975
vt 0.088224 0.992982
vt 0.088232 0.992982
vt 0.088220 0.992975
vt 0.088240 0.992982
vt 0.088188 0.992970
vt 0.088180 0.992970
vt 0.088191 0.992970
vt 0.088188 0.992975
vt 0.088191 0.992975
vt 0.088180 0.992975
vt 0.088172 0.992970
vt 0.088168 0.992970
vt 0.088172 0.992975
vt 0.088172 0.992982
vt 0.088180 0.992982
vt 0.088168 0.992975
vt 0.088188 0.992982
vt 0.088054 0.992967
vt 0.088045 0.992967
vt 0.088058 0.992967
vt 0.088054 0.992973
vt 0.088058 0.992973
vt 0.088045 0.992973
vt 0.088035 0.992967
vt 0.088031 0.992967
vt 0.088035 0.992973
vt 0.088035 0.992982
vt 0.088045 0.992982
vt 0.088031 0.992973
vt 0.088054 0.992982
vt 0.087992 0.992967
vt 0.087982 0.992967
vt 0.087996 0.992967
vt 0.087992 0.992973
vt 0.087996 0.992973
vt 0.087982 0.992973
vt 0.087972 0.992967
vt 0.087968 0.992967
vt 0.087972 0.992973
vt 0.087972 0.992982
vt 0.087982 0.992982
vt 0.087968 0.992973
vt 0.087992 0.992982
vt 0.088172 0.992967
vt 0.088162 0.992967
vt 0.088176 0.992967
vt 0.088172 0.992973
vt 0.088176 0.992973
vt 0.088162 0.992973
vt 0.088152 0.992967
vt 0.088148 0.992967
vt 0.088152 0.992973
vt 0.088152 0.992982
vt 0.088162 0.992982
vt 0.088148 0.992973
vt 0.088101 0.992967
vt 0.088091 0.992967
vt 0.088105 0.992967
vt 0.088101 0.992973
vt 0.088105 0.992973
vt 0.088091 0.992973
vt 0.088081 0.992967
vt 0.088078 0.992967
vt 0.088081 0.992973
vt 0.088081 0.992982
vt 0.088091 0.992982
vt 0.088078 0.992973
vt 0.088101 0.992982
vt 0.088136 0.992967
vt 0.088127 0.992967
vt 0.088140 0.992967
vt 0.088136 0.992973
vt 0.088140 0.992973
vt 0.088127 0.992973
vt 0.088117 0.992967
vt 0.088113 0.992967
vt 0.088117 0.992973
vt 0.088117 0.992982
vt 0.088127 0.992982
vt 0.088113 0.992973
vt 0.088136 0.992982
vt 0.075706 0.977268
vt 0.075483 0.977268
vt 0.075940 0.977268
vt 0.075717 0.977268
vt 0.075706 0.977288
vt 0.075483 0.977288
vt 0.075940 0.977288
vt 0.075717 0.977288
vt 0.075134 0.977268
vt 0.074910 0.977268
vt 0.074899 0.977268
vt 0.074676 0.977268
vt 0.075134 0.977288
vt 0.074910 0.977288
vt 0.074899 0.977288
vt 0.074676 0.977288
vt 0.059501 0.992280
vt 0.059506 0.992280
vt 0.059497 0.992282
vt 0.059497 0.992284
vt 0.059495 0.992280
vt 0.059495 0.992282
vt 0.059501 0.992282
vt 0.059506 0.992282
vt 0.059505 0.992282
vt 0.059501 0.992284
vt 0.059505 0.992284
vt 0.059486 0.992280
vt 0.059492 0.992280
vt 0.059482 0.992282
vt 0.059482 0.992284
vt 0.059480 0.992280
vt 0.059480 0.992282
vt 0.059486 0.992282
vt 0.059492 0.992282
vt 0.059490 0.992282
vt 0.059486 0.992284
vt 0.059490 0.992284
vt 0.059472 0.992280
vt 0.059478 0.992280
vt 0.059468 0.992282
vt 0.059468 0.992284
vt 0.059466 0.992280
vt 0.059466 0.992282
vt 0.059472 0.992282
vt 0.059478 0.992282
vt 0.059476 0.992282
vt 0.059472 0.992284
vt 0.059476 0.992284
vt 0.094127 0.988482
vt 0.094143 0.988489
vt 0.094127 0.988451
vt 0.094120 0.988466
vt 0.094158 0.988482
vt 0.094143 0.988444
vt 0.094165 0.988466
vt 0.094158 0.988451
vt 0.090949 0.989442
vt 0.091170 0.989442
vt 0.091170 0.989387
vt 0.090949 0.989387
vt 0.091091 0.989463
vt 0.091125 0.989463
vt 0.091125 0.989449
vt 0.091091 0.989449
vt 0.091125 0.989503
vt 0.091125 0.989537
vt 0.091091 0.989537
vt 0.091091 0.989503
vt 0.090994 0.989463
vt 0.090994 0.989503
vt 0.090994 0.989449
vt 0.091175 0.989537
vt 0.091175 0.989503
vt 0.091175 0.989463
vt 0.094050 0.988613
vt 0.094072 0.988622
vt 0.094050 0.988570
vt 0.094041 0.988592
vt 0.094093 0.988613
vt 0.094072 0.988561
vt 0.094102 0.988592
vt 0.094093 0.988570
vt 0.092782 0.993451
vt 0.092753 0.993439
vt 0.092782 0.993508
vt 0.092794 0.993479
vt 0.092725 0.993451
vt 0.092753 0.993520
vt 0.092713 0.993479
vt 0.092725 0.993508
vt 0.092783 0.993255
vt 0.092803 0.993263
vt 0.092783 0.993214
vt 0.092775 0.993235
vt 0.092824 0.993255
vt 0.092803 0.993206
vt 0.092832 0.993235
vt 0.092824 0.993214
vt 0.092692 0.993261
vt 0.092708 0.993268
vt 0.092692 0.993230
vt 0.092686 0.993245
vt 0.092724 0.993261
vt 0.092708 0.993223
vt 0.092730 0.993245
vt 0.092724 0.993230
vt 0.092832 0.993149
vt 0.092848 0.993156
vt 0.092832 0.993118
vt 0.092825 0.993133
vt 0.092863 0.993149
vt 0.092848 0.993111
vt 0.092870 0.993133
vt 0.092863 0.993118
vt 0.092772 0.993066
vt 0.092787 0.993073
vt 0.092772 0.993034
vt 0.092765 0.993050
vt 0.092803 0.993066
vt 0.092787 0.993028
vt 0.092810 0.993050
vt 0.092803 0.993034
vt 0.092880 0.993267
vt 0.092896 0.993274
vt 0.092880 0.993236
vt 0.092873 0.993252
vt 0.092912 0.993267
vt 0.092896 0.993229
vt 0.092918 0.993252
vt 0.092912 0.993236
vt 0.092851 0.993066
vt 0.092867 0.993073
vt 0.092851 0.993034
vt 0.092844 0.993050
vt 0.092882 0.993066
vt 0.092867 0.993028
vt 0.092889 0.993050
vt 0.092882 0.993034
vt 0.092783 0.993397
vt 0.092803 0.993405
vt 0.092783 0.993356
vt 0.092775 0.993376
vt 0.092824 0.993397
vt 0.092803 0.993348
vt 0.092832 0.993376
vt 0.092824 0.993356
vt 0.092695 0.993098
vt 0.092710 0.993104
vt 0.092695 0.993066
vt 0.092688 0.993082
vt 0.092726 0.993098
vt 0.092710 0.993060
vt 0.092733 0.993082
vt 0.092726 0.993066
vt 0.095092 0.992731
vt 0.095107 0.992737
vt 0.095092 0.992699
vt 0.095085 0.992715
vt 0.095123 0.992731
vt 0.095107 0.992693
vt 0.095130 0.992715
vt 0.095123 0.992699
vt 0.125399 0.974267
vt 0.125414 0.974273
vt 0.125399 0.974235
vt 0.125392 0.974251
vt 0.125430 0.974267
vt 0.125414 0.974229
vt 0.125437 0.974251
vt 0.125430 0.974235
vt 0.091328 0.990070
vt 0.091344 0.990076
vt 0.091328 0.990038
vt 0.091321 0.990054
vt 0.091359 0.990070
vt 0.091344 0.990032
vt 0.091366 0.990054
vt 0.091359 0.990038
vt 0.073817 0.974581
vt 0.073817 0.974773
vt 0.074019 0.974773
vt 0.074019 0.974581
vt 0.072261 0.975550
vt 0.072261 0.975753
vt 0.072463 0.975753
vt 0.072463 0.975550
vt 0.072261 0.975758
vt 0.072261 0.975961
vt 0.072463 0.975961
vt 0.072463 0.975758
vt 0.076476 0.976857
vt 0.076476 0.977189
vt 0.076718 0.977189
vt 0.076718 0.976857
vt 0.074689 0.974674
vt 0.074689 0.974854
vt 0.074891 0.974854
vt 0.074891 0.974674
vt 0.074689 0.974860
vt 0.074689 0.974952
vt 0.074891 0.974952
vt 0.074891 0.974860
vt 0.074689 0.974302
vt 0.074689 0.974664
vt 0.074891 0.974664
vt 0.074891 0.974302
vt 0.073817 0.974318
vt 0.073817 0.974577
vt 0.074019 0.974577
vt 0.074019 0.974318
vt 0.087907 0.993214
vt 0.087930 0.993214
vt 0.124185 0.975996
vt 0.124185 0.976002
vt 0.087883 0.993214
vt 0.087883 0.993221
vt 0.087907 0.993221
vt 0.087930 0.993221
vt 0.087924 0.993221
vt 0.087889 0.993221
vt 0.124203 0.976002
vt 0.124221 0.975996
vt 0.124203 0.975996
vt 0.124221 0.976002
vt 0.087868 0.993214
vt 0.087892 0.993214
vt 0.124147 0.975996
vt 0.124147 0.976002
vt 0.087844 0.993214
vt 0.087844 0.993221
vt 0.087868 0.993221
vt 0.087892 0.993221
vt 0.087886 0.993221
vt 0.087850 0.993221
vt 0.124164 0.976002
vt 0.124182 0.975996
vt 0.124164 0.975996
vt 0.124182 0.976002
vt 0.087948 0.993214
vt 0.087972 0.993214
vt 0.124227 0.975996
vt 0.124227 0.976002
vt 0.087925 0.993214
vt 0.087925 0.993221
vt 0.087948 0.993221
vt 0.087972 0.993221
vt 0.087966 0.993221
vt 0.124245 0.976002
vt 0.124262 0.975996
vt 0.124245 0.975996
vt 0.124262 0.976002
vt 0.092144 0.994328
vt 0.092153 0.994328
vt 0.092162 0.994328
vt 0.092148 0.994330
vt 0.092146 0.994330
vt 0.092146 0.994332
vt 0.092148 0.994332
vt 0.092159 0.994328
vt 0.092153 0.994330
vt 0.092159 0.994330
vt 0.092162 0.994330
vt 0.092147 0.994328
vt 0.092147 0.994330
vt 0.092144 0.994330
vt 0.092158 0.994330
vt 0.092160 0.994330
vt 0.092160 0.994332
vt 0.092153 0.994332
vt 0.092158 0.994332
vt 0.089729 0.994370
vt 0.089756 0.994370
vt 0.089783 0.994370
vt 0.121902 0.974613
vt 0.121902 0.974620
vt 0.089729 0.994378
vt 0.089756 0.994378
vt 0.089783 0.994378
vt 0.089776 0.994378
vt 0.089736 0.994378
vt 0.121922 0.974620
vt 0.121943 0.974613
vt 0.121922 0.974613
vt 0.121943 0.974620
vt 0.057580 0.992232
vt 0.057596 0.992232
vt 0.057483 0.992232
vt 0.057496 0.978483
vt 0.057509 0.978483
vt 0.057514 0.978495
vt 0.057503 0.978495
vt 0.057499 0.992232
vt 0.057499 0.992241
vt 0.057483 0.992241
vt 0.057539 0.992232
vt 0.057539 0.992241
vt 0.057580 0.992241
vt 0.057596 0.992241
vt 0.057570 0.992241
vt 0.057582 0.992241
vt 0.057509 0.992241
vt 0.057496 0.992241
vt 0.057576 0.978495
vt 0.057539 0.978495
vt 0.057539 0.978483
vt 0.057582 0.978483
vt 0.057570 0.978483
vt 0.057565 0.978495
vt 0.071698 0.975476
vt 0.071518 0.975485
vt 0.071283 0.975485
vt 0.071102 0.975476
vt 0.071698 0.975523
vt 0.071102 0.975523
vt 0.071283 0.975524
vt 0.071518 0.975524
vt 0.074206 0.976037
vt 0.073989 0.976037
vt 0.073989 0.975828
vt 0.074206 0.975828
vt 0.074206 0.975619
vt 0.073674 0.975619
vt 0.073674 0.975828
vt 0.073558 0.975828
vt 0.073558 0.975619
vt 0.056715 0.989264
vt 0.056620 0.989264
vt 0.056981 0.989264
vt 0.073941 0.975619
vt 0.073845 0.975619
vt 0.073674 0.976037
vt 0.073558 0.976037
vt 0.073674 0.976128
vt 0.073558 0.976128
vt 0.074206 0.976128
vt 0.073989 0.976128
vt 0.073845 0.975828
vt 0.073712 0.975619
vt 0.056487 0.989264
vt 0.073845 0.976128
vt 0.073845 0.976037
vt 0.056620 0.989354
vt 0.056764 0.989354
vt 0.056981 0.989354
vt 0.056448 0.989354
vt 0.056141 0.992123
vt 0.056312 0.992123
vt 0.073941 0.976037
vt 0.073941 0.975683
vt 0.073712 0.975683
vt 0.073712 0.976037
vt 0.073941 0.977802
vt 0.074206 0.977802
vt 0.056628 0.990442
vt 0.056628 0.992207
vt 0.056362 0.992207
vt 0.056362 0.990442
vt 0.073712 0.976253
vt 0.056332 0.989354
vt 0.056024 0.992123
vt 0.056332 0.989264
vt 0.056448 0.989264
vt 0.073558 0.976253
vt 0.056332 0.989479
vt 0.056487 0.989479
vt 0.089156 0.994339
vt 0.089228 0.994339
vt 0.089156 0.994346
vt 0.089228 0.994346
vt 0.073048 0.972862
vt 0.073109 0.972862
vt 0.073048 0.972865
vt 0.073109 0.972865
vt 0.074689 0.976613
vt 0.074282 0.976613
vt 0.074689 0.976574
vt 0.074282 0.976574
vt 0.073757 0.976613
vt 0.073079 0.976613
vt 0.073757 0.976567
vt 0.073079 0.976567
vt 0.073915 0.976609
vt 0.074274 0.976609
vt 0.073945 0.976609
vt 0.074305 0.976609
vt 0.073915 0.976558
vt 0.074274 0.976558
vt 0.073945 0.976558
vt 0.074305 0.976558
vt 0.073054 0.976610
vt 0.072589 0.976610
vt 0.073054 0.976581
vt 0.072589 0.976581
vt 0.073782 0.976610
vt 0.074247 0.976610
vt 0.073782 0.976581
vt 0.074247 0.976581
vt 0.072518 0.976609
vt 0.072248 0.976609
vt 0.072518 0.976582
vt 0.072248 0.976582
vt 0.072154 0.976609
vt 0.071884 0.976609
vt 0.072154 0.976582
vt 0.071884 0.976582
vt 0.072456 0.973524
vt 0.077414 0.979140
vt 0.024320 0.979140
vt 0.075110 0.978841
vt 0.023352 0.978841
vt 0.000000 0.000000
s 1
usemtl マテリアル.003
f 2060/1479/1430 2058/1480/1430 2056/1481/1430
f 2067/1482/1431 2068/1483/1431 2084/1484/1431 2083/1485/1431
f 2057/1486/1432 2058/1480/1432 2074/1487/1432 2073/1488/1432
f 2055/1486/1433 2056/1481/1433 2072/1489/1433 2070/1488/1433
f 2060/1479/1434 2061/1490/1434 2077/1491/1434 2076/1492/1434
f 2058/1480/1435 2059/1490/1435 2075/1491/1435 2074/1487/1435
f 2056/1481/1436 2057/1486/1436 2073/1488/1436 2072/1489/1436
f 2054/1480/1437 2055/1486/1437 2070/1488/1437 2071/1487/1437
f 2061/1490/1438 2054/1480/1438 2071/1487/1438 2077/1491/1438
f 2059/1490/1439 2060/1479/1439 2076/1492/1439 2075/1491/1439
f 2062/1493/1440 2063/1487/1440 2071/1487/1440 2070/1488/1440
f 2064/1494/1440 2062/1493/1440 2070/1488/1440 2072/1489/1440
f 2065/1493/1440 2064/1494/1440 2072/1489/1440 2073/1488/1440
f 2066/1487/1441 2065/1493/1440 2073/1488/1440 2074/1487/1441
f 2067/1495/1440 2066/1487/1441 2074/1487/1441 2075/1491/1440
f 2068/1496/1440 2067/1495/1440 2075/1491/1440 2076/1492/1440
f 2069/1495/1440 2068/1496/1440 2076/1492/1440 2077/1491/1440
f 2063/1487/1440 2069/1495/1440 2077/1491/1440 2071/1487/1440
f 2085/1485/1440 2079/1497/1440 2082/1497/1440
f 2065/1498/1442 2066/1499/1442 2082/1497/1442 2081/1500/1442
f 2062/1498/1433 2064/1501/1433 2080/1502/1433 2078/1500/1433
f 2068/1483/1443 2069/1482/1443 2085/1485/1443 2084/1484/1443
f 2066/1499/1444 2067/1482/1444 2083/1485/1444 2082/1497/1444
f 2064/1501/1436 2065/1498/1436 2081/1500/1436 2080/1502/1436
f 2063/1499/1445 2062/1498/1445 2078/1500/1445 2079/1497/1445
f 2069/1482/1446 2063/1499/1446 2079/1497/1446 2085/1485/1446
f 2092/1503/1430 2090/1504/1430 2088/1505/1430
f 2099/1506/1439 2100/1507/1439 2116/1508/1439 2115/1509/1439
f 2089/1510/1442 2090/1504/1442 2106/1511/1442 2105/1512/1442
f 2087/1510/1433 2088/1505/1433 2104/1513/1433 2102/1512/1433
f 2092/1503/1434 2093/1514/1434 2109/1515/1434 2108/1516/1434
f 2090/1504/1435 2091/1514/1435 2107/1515/1435 2106/1511/1435
f 2088/1505/1436 2089/1510/1436 2105/1512/1436 2104/1513/1436
f 2086/1504/1437 2087/1510/1437 2102/1512/1437 2103/1511/1437
f 2093/1514/1438 2086/1504/1438 2103/1511/1438 2109/1515/1438
f 2091/1514/1439 2092/1503/1439 2108/1516/1439 2107/1515/1439
f 2094/1517/1440 2095/1511/1440 2103/1511/1440 2102/1512/1440
f 2096/1518/1440 2094/1517/1440 2102/1512/1440 2104/1513/1440
f 2097/1517/1440 2096/1518/1440 2104/1513/1440 2105/1512/1440
f 2098/1511/1440 2097/1517/1440 2105/1512/1440 2106/1511/1440
f 2099/1519/1440 2098/1511/1440 2106/1511/1440 2107/1515/1440
f 2100/1520/1440 2099/1519/1440 2107/1515/1440 2108/1516/1440
f 2101/1519/1440 2100/1520/1440 2108/1516/1440 2109/1515/1440
f 2095/1511/1440 2101/1519/1440 2109/1515/1440 2103/1511/1440
f 2117/1509/1440 2111/1521/1440 2114/1521/1440
f 2097/1522/1432 2098/1523/1432 2114/1521/1432 2113/1524/1432
f 2094/1522/1433 2096/1525/1433 2112/1526/1433 2110/1524/1433
f 2100/1507/1434 2101/1506/1434 2117/1509/1434 2116/1508/1434
f 2098/1523/1447 2099/1506/1447 2115/1509/1447 2114/1521/1447
f 2096/1525/1436 2097/1522/1436 2113/1524/1436 2112/1526/1436
f 2095/1523/1437 2094/1522/1437 2110/1524/1437 2111/1521/1437
f 2101/1506/1448 2095/1523/1448 2111/1521/1448 2117/1509/1448
f 2124/1503/1430 2122/1504/1430 2120/1505/1430
f 2131/1506/1439 2132/1507/1439 2148/1508/1439 2147/1509/1439
f 2121/1510/1442 2122/1504/1442 2138/1511/1442 2137/1512/1442
f 2119/1510/1433 2120/1505/1433 2136/1513/1433 2134/1512/1433
f 2124/1503/1434 2125/1514/1434 2141/1515/1434 2140/1516/1434
f 2122/1504/1435 2123/1514/1435 2139/1515/1435 2138/1511/1435
f 2120/1505/1436 2121/1510/1436 2137/1512/1436 2136/1513/1436
f 2118/1504/1437 2119/1510/1437 2134/1512/1437 2135/1511/1437
f 2125/1514/1438 2118/1504/1438 2135/1511/1438 2141/1515/1438
f 2123/1514/1439 2124/1503/1439 2140/1516/1439 2139/1515/1439
f 2126/1517/1440 2127/1511/1440 2135/1511/1440 2134/1512/1440
f 2128/1518/1440 2126/1517/1440 2134/1512/1440 2136/1513/1440
f 2129/1517/1440 2128/1518/1440 2136/1513/1440 2137/1512/1440
f 2130/1511/1440 2129/1517/1440 2137/1512/1440 2138/1511/1440
f 2131/1519/1440 2130/1511/1440 2138/1511/1440 2139/1515/1440
f 2132/1520/1440 2131/1519/1440 2139/1515/1440 2140/1516/1440
f 2133/1519/1440 2132/1520/1440 2140/1516/1440 2141/1515/1440
f 2127/1511/1440 2133/1519/1440 2141/1515/1440 2135/1511/1440
f 2149/1509/1440 2143/1521/1440 2146/1521/1440
f 2129/1522/1432 2130/1523/1432 2146/1521/1432 2145/1524/1432
f 2126/1522/1433 2128/1525/1433 2144/1526/1433 2142/1524/1433
f 2132/1507/1434 2133/1506/1434 2149/1509/1434 2148/1508/1434
f 2130/1523/1447 2131/1506/1447 2147/1509/1447 2146/1521/1447
f 2128/1525/1436 2129/1522/1436 2145/1524/1436 2144/1526/1436
f 2127/1523/1449 2126/1522/1449 2142/1524/1449 2143/1521/1449
f 2133/1506/1446 2127/1523/1446 2143/1521/1446 2149/1509/1446
f 2150/1527/1450 2151/1527/1450 2153/1528/1450 2152/1528/1450
f 2156/1529/1430 2157/1529/1430 2151/1527/1430 2150/1527/1430
f 2155/1530/1451 2153/1528/1451 2151/1527/1451 2157/1529/1451
f 2152/1528/1452 2154/1530/1452 2156/1529/1452 2150/1527/1452
f 2152/1528/1440 2153/1528/1440 2155/1530/1440 2154/1530/1440
f 2157/1529/1453 2156/1529/1453 2154/1530/1453 2155/1530/1453
f 2161/1531/1451 2160/1532/1451 2165/1533/1451 2164/1534/1451
f 2159/1532/1452 2158/1531/1452 2163/1534/1452 2162/1533/1452
f 2163/1534/1430 2164/1534/1430 2165/1533/1430 2162/1533/1430
f 2159/1532/1440 2160/1532/1440 2161/1531/1440 2158/1531/1440
f 2165/1533/1450 2160/1532/1450 2159/1532/1450 2162/1533/1450
f 2164/1534/1453 2163/1534/1453 2158/1531/1453 2161/1531/1453
f 2171/1535/1454 2179/1536/1454 2178/1537/1455 2170/1538/1455
f 2168/1539/1456 2176/1540/1456 2174/1541/1456 2166/1542/1456
f 2169/1543/1457 2173/1544/1458 2181/1545/1458 2177/1546/1459
f 2172/1547/1460 2180/1548/1461 2179/1536/1454 2171/1535/1454
f 2170/1538/1462 2178/1537/1462 2176/1540/1462 2168/1539/1462
f 2167/1549/1463 2166/1542/1463 2174/1541/1463 2175/1550/1463
f 2169/1543/1457 2177/1546/1459 2180/1548/1461 2172/1547/1460
f 2177/1546/1464 2181/1545/1464 2189/1545/1464 2185/1546/1464
f 2180/1548/1465 2188/1548/1466 2187/1536/1467 2179/1536/1467
f 2178/1537/1468 2186/1551/1468 2184/1540/1468 2176/1540/1468
f 2175/1550/1469 2174/1541/1470 2182/1541/1470 2183/1552/1469
f 2177/1546/1471 2185/1546/1471 2188/1548/1466 2180/1548/1465
f 2179/1536/1472 2187/1536/1472 2186/1551/1472 2178/1537/1472
f 2176/1540/1473 2184/1540/1473 2182/1541/1470 2174/1541/1470
s 0
f 2189/1545/1453 2195/1553/1430 2212/1553/1450 2208/1545/1430
s 1
f 2187/1536/1474 2194/1554/1474 2193/1555/1474 2186/1551/1474
f 2184/1540/1451 2192/1556/1451 2190/1557/1451 2182/1541/1451
s 0
f 2187/1536/1430 2206/1536/1453 2210/1554/1430 2194/1554/1450
f 2185/1546/1430 2207/1546/1475 2205/1548/1430 2188/1548/1476
s 1
f 2186/1551/1451 2193/1555/1451 2192/1556/1451 2184/1540/1451
f 2183/1552/1451 2182/1541/1451 2190/1557/1451 2191/1558/1451
f 2175/1550/1477 2183/1552/1477 2191/1558/1477
f 2196/1559/1478 2175/1550/1478 2198/1558/1478
f 2198/1558/1477 2175/1550/1477 2191/1558/1477
f 2198/1558/1479 2197/1560/1479 2196/1559/1479
f 2189/1545/1430 2181/1545/1430 2199/1553/1430 2195/1553/1430
f 2203/1561/1480 2204/1562/1480 2199/1553/1480
f 2203/1561/1481 2199/1553/1481 2202/1563/1481
f 2202/1563/1482 2199/1553/1482 2201/1564/1482
f 2201/1564/1483 2199/1553/1483 2200/1565/1483
f 2199/1553/1484 2181/1545/1484 2200/1565/1484
f 2207/1546/1451 2211/1566/1451 2209/1567/1451 2205/1548/1451
f 2207/1546/1451 2208/1545/1451 2212/1553/1451 2211/1566/1451
f 2205/1548/1451 2209/1567/1451 2210/1554/1451 2206/1536/1451
s 0
f 2185/1546/1485 2189/1545/1430 2208/1545/1486 2207/1546/1430
f 2188/1548/1430 2205/1548/1487 2206/1536/1430 2187/1536/1488
s 1
f 2218/1535/1489 2217/1538/1490 2225/1537/1490 2226/1536/1489
f 2215/1539/1491 2213/1542/1491 2221/1541/1491 2223/1540/1491
f 2216/1543/1492 2224/1546/1493 2228/1545/1494 2220/1544/1494
f 2219/1547/1495 2218/1535/1489 2226/1536/1489 2227/1548/1496
f 2217/1538/1497 2215/1539/1497 2223/1540/1497 2225/1537/1497
f 2214/1549/1498 2222/1550/1498 2221/1541/1498 2213/1542/1498
f 2216/1543/1492 2219/1547/1495 2227/1548/1496 2224/1546/1493
f 2224/1546/1499 2232/1546/1499 2236/1545/1499 2228/1545/1499
f 2227/1548/1500 2226/1536/1501 2234/1536/1501 2235/1548/1502
f 2225/1537/1503 2223/1540/1503 2231/1540/1503 2233/1551/1503
f 2222/1550/1504 2230/1552/1504 2229/1541/1505 2221/1541/1505
f 2224/1546/1506 2227/1548/1500 2235/1548/1502 2232/1546/1506
f 2226/1536/1507 2225/1537/1507 2233/1551/1507 2234/1536/1507
f 2223/1540/1508 2221/1541/1505 2229/1541/1505 2231/1540/1508
s 0
f 2236/1545/1430 2245/1545/1450 2212/1553/1430 2195/1553/1453
s 1
f 2234/1536/1474 2233/1551/1474 2193/1555/1474 2194/1554/1474
f 2231/1540/1451 2229/1541/1451 2190/1557/1451 2192/1556/1451
s 0
f 2234/1536/1450 2194/1554/1430 2210/1554/1453 2243/1536/1430
f 2232/1546/1509 2235/1548/1430 2242/1548/1510 2244/1546/1430
s 1
f 2233/1551/1451 2231/1540/1451 2192/1556/1451 2193/1555/1451
f 2230/1552/1451 2191/1558/1451 2190/1557/1451 2229/1541/1451
f 2222/1550/1477 2191/1558/1477 2230/1552/1477
f 2237/1559/1478 2198/1558/1478 2222/1550/1478
f 2198/1558/1477 2191/1558/1477 2222/1550/1477
f 2198/1558/1511 2237/1559/1511 2197/1560/1511
f 2236/1545/1430 2195/1553/1430 2199/1553/1430 2228/1545/1430
f 2241/1561/1512 2199/1553/1512 2204/1562/1512
f 2241/1561/1513 2240/1563/1513 2199/1553/1513
f 2240/1563/1514 2239/1564/1514 2199/1553/1514
f 2239/1564/1515 2238/1565/1515 2199/1553/1515
f 2199/1553/1484 2238/1565/1484 2228/1545/1484
f 2244/1546/1451 2242/1548/1451 2209/1567/1451 2211/1566/1451
f 2244/1546/1451 2211/1566/1451 2212/1553/1451 2245/1545/1451
f 2242/1548/1451 2243/1536/1451 2210/1554/1451 2209/1567/1451
s 0
f 2232/1546/1430 2244/1546/1516 2245/1545/1430 2236/1545/1517
f 2235/1548/1518 2234/1536/1430 2243/1536/1519 2242/1548/1430
s 1
f 2251/1568/1440 2269/1569/1440 2264/1570/1440 2252/1570/1440
f 2246/1571/1520 2247/1572/1520 2260/1572/1520 2261/1571/1520
f 2254/1573/1521 2256/1574/1521 2257/1575/1521 2250/1576/1521
f 2265/1577/1522 2247/1572/1523 2248/1578/1523 2266/1579/1524
f 2247/1572/1525 2246/1571/1525 2250/1576/1525 2248/1578/1525
f 2251/1580/1526 2254/1573/1526 2250/1576/1526 2246/1571/1526
f 2256/1574/1527 2258/1581/1527 2259/1582/1527 2257/1575/1527
f 2266/1579/1528 2257/1575/1529 2259/1582/1530 2253/1583/1530
f 2248/1578/1531 2250/1576/1531 2257/1575/1531
f 2265/1577/1430 2249/1584/1430 2263/1584/1430 2267/1585/1430
f 2247/1572/1430 2265/1577/1430 2267/1585/1430 2260/1572/1430
f 2262/1586/1452 2272/1587/1452 2268/1588/1452 2269/1589/1452
f 2255/1581/1440 2258/1581/1440 2256/1574/1440 2254/1573/1440
f 2248/1578/1532 2257/1575/1529 2266/1579/1528
f 2252/1570/1440 2255/1570/1440 2254/1590/1440 2251/1568/1440
f 2249/1584/1533 2265/1577/1522 2266/1579/1524 2253/1583/1533
f 2251/1568/1440 2262/1591/1440 2269/1569/1440
f 2251/1568/1440 2270/1592/1440 2271/1592/1440 2262/1591/1440
f 2246/1571/1453 2261/1571/1453 2271/1593/1453 2270/1593/1453
f 2246/1571/1534 2270/1593/1534 2251/1580/1534
f 2272/1587/1440 2276/1587/1440 2277/1588/1440 2268/1588/1440
f 2303/1589/1451 2307/1594/1451 2306/1595/1451 2302/1581/1451
f 2278/1586/1452 2279/1593/1452 2280/1571/1452 2276/1587/1452
f 2274/1589/1452 2277/1588/1452 2281/1596/1452 2275/1581/1452
f 2262/1586/1450 2282/1597/1450 2284/1597/1450 2278/1586/1450
f 2277/1588/1453 2274/1589/1453 2303/1589/1453
f 2272/1587/1430 2276/1587/1430 2280/1571/1430 2261/1571/1430
f 2262/1586/1450 2278/1586/1450 2276/1587/1450 2272/1587/1450
f 2273/1596/1430 2281/1596/1430 2277/1588/1430 2268/1588/1430
f 2261/1571/1453 2280/1571/1453 2279/1593/1453 2271/1593/1453
f 2283/1598/1440 2285/1598/1440 2284/1597/1440 2282/1597/1440
f 2271/1599/1451 2283/1600/1451 2282/1601/1451 2262/1602/1451
f 2278/1586/1452 2284/1597/1452 2285/1598/1452 2279/1593/1452
f 2279/1593/1453 2285/1598/1453 2283/1598/1453 2271/1593/1453
f 2288/1574/1535 2287/1573/1535 2291/1603/1535 2292/1604/1535
f 2288/1574/1536 2292/1604/1536 2293/1605/1536 2289/1581/1536
f 2286/1580/1537 2290/1606/1537 2291/1603/1537 2287/1573/1537
f 2296/1607/1538 2300/1608/1538 2299/1609/1538 2295/1610/1538
f 2296/1607/1539 2297/1611/1539 2301/1612/1539 2300/1608/1539
f 2294/1613/1540 2295/1610/1540 2299/1609/1540 2298/1614/1540
f 2286/1580/1541 2287/1573/1541 2295/1610/1541 2294/1613/1541
f 2287/1573/1542 2288/1574/1542 2296/1607/1542 2295/1610/1542
f 2288/1574/1543 2289/1581/1543 2297/1611/1543 2296/1607/1543
f 2291/1603/1544 2290/1606/1544 2298/1614/1544 2299/1609/1544
f 2292/1604/1545 2291/1603/1545 2299/1609/1545 2300/1608/1545
f 2293/1605/1546 2292/1604/1546 2300/1608/1546 2301/1612/1546
f 2290/1606/1547 2286/1580/1547 2294/1613/1547 2298/1614/1547
f 2269/1569/1440 2303/1569/1440 2302/1570/1440 2264/1570/1440
f 2307/1594/1440 2304/1594/1440 2305/1595/1440 2306/1595/1440
f 2275/1581/1452 2305/1595/1452 2304/1594/1452 2274/1589/1452
f 2274/1589/1453 2304/1594/1453 2307/1594/1453 2303/1589/1453
f 2312/1568/1440 2252/1570/1440 2264/1570/1440 2323/1569/1440
f 2308/1571/1548 2317/1571/1548 2316/1572/1548 2309/1572/1548
f 2313/1573/1549 2311/1576/1549 2315/1575/1549 2314/1574/1549
f 2319/1577/1550 2320/1579/1551 2310/1578/1552 2309/1572/1552
f 2309/1572/1553 2310/1578/1553 2311/1576/1553 2308/1571/1553
f 2312/1580/1554 2308/1571/1554 2311/1576/1554 2313/1573/1554
f 2314/1574/1527 2315/1575/1527 2259/1582/1527 2258/1581/1527
f 2320/1579/1555 2253/1583/1530 2259/1582/1530 2315/1575/1556
f 2310/1578/1557 2315/1575/1557 2311/1576/1557
f 2319/1577/1430 2321/1585/1430 2263/1584/1430 2249/1584/1430
f 2309/1572/1430 2316/1572/1430 2321/1585/1430 2319/1577/1430
f 2318/1586/1452 2323/1589/1452 2322/1588/1452 2326/1587/1452
f 2255/1581/1440 2313/1573/1440 2314/1574/1440 2258/1581/1440
f 2310/1578/1558 2320/1579/1555 2315/1575/1556
f 2252/1570/1440 2312/1568/1440 2313/1590/1440 2255/1570/1440
f 2249/1584/1533 2253/1583/1533 2320/1579/1551 2319/1577/1550
f 2312/1568/1440 2323/1569/1440 2318/1591/1440
f 2312/1568/1440 2318/1591/1440 2325/1592/1440 2324/1592/1440
f 2308/1571/1450 2324/1593/1450 2325/1593/1450 2317/1571/1450
f 2308/1571/1559 2312/1580/1559 2324/1593/1559
f 2326/1587/1440 2322/1588/1440 2329/1588/1440 2328/1587/1440
f 2349/1589/1451 2302/1581/1451 2306/1595/1451 2351/1594/1451
f 2330/1586/1452 2328/1587/1452 2332/1571/1452 2331/1593/1452
f 2327/1589/1452 2275/1581/1452 2281/1596/1452 2329/1588/1452
f 2318/1586/1453 2330/1586/1453 2335/1597/1453 2333/1597/1453
f 2349/1589/1450 2327/1589/1450 2329/1588/1450
f 2326/1587/1430 2317/1571/1430 2332/1571/1430 2328/1587/1430
f 2318/1586/1453 2326/1587/1453 2328/1587/1453 2330/1586/1453
f 2273/1596/1430 2322/1588/1430 2329/1588/1430 2281/1596/1430
f 2317/1571/1450 2325/1593/1450 2331/1593/1450 2332/1571/1450
f 2334/1598/1440 2333/1597/1440 2335/1597/1440 2336/1598/1440
f 2325/1599/1451 2318/1602/1451 2333/1601/1451 2334/1600/1451
f 2330/1586/1452 2331/1593/1452 2336/1598/1452 2335/1597/1452
f 2331/1593/1450 2325/1593/1450 2334/1598/1450 2336/1598/1450
f 2339/1574/1560 2342/1604/1560 2341/1603/1560 2338/1573/1560
f 2339/1574/1536 2289/1581/1536 2293/1605/1536 2342/1604/1536
f 2337/1580/1561 2338/1573/1561 2341/1603/1561 2340/1606/1561
f 2345/1607/1562 2344/1610/1562 2347/1609/1562 2348/1608/1562
f 2345/1607/1563 2348/1608/1563 2301/1612/1563 2297/1611/1563
f 2343/1613/1564 2346/1614/1564 2347/1609/1564 2344/1610/1564
f 2337/1580/1565 2343/1613/1565 2344/1610/1565 2338/1573/1565
f 2338/1573/1566 2344/1610/1566 2345/1607/1566 2339/1574/1566
f 2339/1574/1543 2345/1607/1543 2297/1611/1543 2289/1581/1543
f 2341/1603/1567 2347/1609/1567 2346/1614/1567 2340/1606/1567
f 2342/1604/1568 2348/1608/1568 2347/1609/1568 2341/1603/1568
f 2293/1605/1546 2301/1612/1546 2348/1608/1546 2342/1604/1546
f 2340/1606/1569 2346/1614/1569 2343/1613/1569 2337/1580/1569
f 2323/1569/1440 2264/1570/1440 2302/1570/1440 2349/1569/1440
f 2351/1594/1440 2306/1595/1440 2305/1595/1440 2350/1594/1440
f 2275/1581/1452 2327/1589/1452 2350/1594/1452 2305/1595/1452
f 2327/1589/1450 2349/1589/1450 2351/1594/1450 2350/1594/1450
f 2355/1615/1453 2367/1615/1453 2365/1616/1453 2353/1616/1453
f 2356/1617/1452 2358/1618/1452 2359/1619/1452 2357/1620/1452
f 2361/1620/1453 2357/1620/1453 2359/1619/1453 2363/1619/1453
f 2360/1617/1430 2356/1617/1430 2357/1620/1430 2361/1620/1430
f 2362/1618/1450 2358/1618/1450 2356/1617/1450 2360/1617/1450
f 2363/1619/1440 2359/1619/1440 2358/1618/1440 2362/1618/1440
f 2352/1621/1451 2360/1617/1451 2361/1620/1451 2353/1622/1451
f 2355/1623/1451 2363/1619/1451 2362/1618/1451 2354/1624/1451
f 2353/1622/1451 2361/1620/1451 2363/1619/1451 2355/1623/1451
f 2354/1624/1451 2362/1618/1451 2360/1617/1451 2352/1621/1451
f 2364/1625/1451 2365/1616/1451 2367/1615/1451 2366/1626/1451
f 2353/1616/1430 2365/1616/1430 2364/1625/1430 2352/1625/1430
f 2352/1625/1450 2364/1625/1450 2366/1626/1450 2354/1626/1450
f 2354/1626/1440 2366/1626/1440 2367/1615/1440 2355/1615/1440
f 2371/1627/1453 2383/1627/1453 2381/1628/1453 2369/1628/1453
f 2372/1629/1452 2374/1630/1452 2375/1631/1452 2373/1632/1452
f 2377/1632/1453 2373/1632/1453 2375/1631/1453 2379/1631/1453
f 2376/1629/1430 2372/1629/1430 2373/1632/1430 2377/1632/1430
f 2378/1630/1450 2374/1630/1450 2372/1629/1450 2376/1629/1450
f 2379/1631/1440 2375/1631/1440 2374/1630/1440 2378/1630/1440
f 2368/1633/1451 2376/1629/1451 2377/1632/1451 2369/1634/1451
f 2371/1635/1451 2379/1631/1451 2378/1630/1451 2370/1636/1451
f 2369/1634/1451 2377/1632/1451 2379/1631/1451 2371/1635/1451
f 2370/1636/1451 2378/1630/1451 2376/1629/1451 2368/1633/1451
f 2380/1637/1451 2381/1628/1451 2383/1627/1451 2382/1638/1451
f 2369/1628/1430 2381/1628/1430 2380/1637/1430 2368/1637/1430
f 2368/1637/1450 2380/1637/1450 2382/1638/1450 2370/1638/1450
f 2370/1638/1440 2382/1638/1440 2383/1627/1440 2371/1627/1440
f 2387/1639/1453 2399/1639/1453 2397/1640/1453 2385/1640/1453
f 2388/1641/1452 2390/1642/1452 2391/1643/1452 2389/1644/1452
f 2393/1644/1453 2389/1644/1453 2391/1643/1453 2395/1643/1453
f 2392/1641/1430 2388/1641/1430 2389/1644/1430 2393/1644/1430
f 2394/1642/1450 2390/1642/1450 2388/1641/1450 2392/1641/1450
f 2395/1643/1440 2391/1643/1440 2390/1642/1440 2394/1642/1440
f 2384/1645/1451 2392/1641/1451 2393/1644/1451 2385/1646/1451
f 2387/1647/1451 2395/1643/1451 2394/1642/1451 2386/1648/1451
f 2385/1646/1451 2393/1644/1451 2395/1643/1451 2387/1647/1451
f 2386/1648/1451 2394/1642/1451 2392/1641/1451 2384/1645/1451
f 2396/1649/1451 2397/1640/1451 2399/1639/1451 2398/1650/1451
f 2385/1640/1430 2397/1640/1430 2396/1649/1430 2384/1649/1430
f 2384/1649/1450 2396/1649/1450 2398/1650/1450 2386/1650/1450
f 2386/1650/1440 2398/1650/1440 2399/1639/1440 2387/1639/1440
f 2403/1651/1453 2415/1651/1453 2413/1652/1453 2401/1652/1453
f 2404/1653/1452 2406/1654/1452 2407/1655/1452 2405/1656/1452
f 2409/1656/1453 2405/1656/1453 2407/1655/1453 2411/1655/1453
f 2408/1653/1430 2404/1653/1430 2405/1656/1430 2409/1656/1430
f 2410/1654/1450 2406/1654/1450 2404/1653/1450 2408/1653/1450
f 2411/1655/1440 2407/1655/1440 2406/1654/1440 2410/1654/1440
f 2400/1657/1451 2408/1653/1451 2409/1656/1451 2401/1658/1451
f 2403/1659/1451 2411/1655/1451 2410/1654/1451 2402/1660/1451
f 2401/1658/1451 2409/1656/1451 2411/1655/1451 2403/1659/1451
f 2402/1660/1451 2410/1654/1451 2408/1653/1451 2400/1657/1451
f 2412/1661/1451 2413/1652/1451 2415/1651/1451 2414/1662/1451
f 2401/1652/1430 2413/1652/1430 2412/1661/1430 2400/1661/1430
f 2400/1661/1450 2412/1661/1450 2414/1662/1450 2402/1662/1450
f 2402/1662/1440 2414/1662/1440 2415/1651/1440 2403/1651/1440
f 2419/1663/1453 2431/1663/1453 2429/1664/1453 2417/1664/1453
f 2420/1665/1452 2422/1666/1452 2423/1667/1452 2421/1668/1452
f 2425/1668/1453 2421/1668/1453 2423/1667/1453 2427/1667/1453
f 2424/1665/1430 2420/1665/1430 2421/1668/1430 2425/1668/1430
f 2426/1666/1450 2422/1666/1450 2420/1665/1450 2424/1665/1450
f 2427/1667/1440 2423/1667/1440 2422/1666/1440 2426/1666/1440
f 2416/1669/1451 2424/1665/1451 2425/1668/1451 2417/1670/1451
f 2419/1671/1451 2427/1667/1451 2426/1666/1451 2418/1672/1451
f 2417/1670/1451 2425/1668/1451 2427/1667/1451 2419/1671/1451
f 2418/1672/1451 2426/1666/1451 2424/1665/1451 2416/1669/1451
f 2428/1673/1451 2429/1664/1451 2431/1663/1451 2430/1674/1451
f 2417/1664/1430 2429/1664/1430 2428/1673/1430 2416/1673/1430
f 2416/1673/1450 2428/1673/1450 2430/1674/1450 2418/1674/1450
f 2418/1674/1440 2430/1674/1440 2431/1663/1440 2419/1663/1440
f 2435/1675/1453 2447/1675/1453 2445/1676/1453 2433/1676/1453
f 2436/1677/1452 2438/1678/1452 2439/1679/1452 2437/1680/1452
f 2441/1680/1453 2437/1680/1453 2439/1679/1453 2443/1679/1453
f 2440/1677/1430 2436/1677/1430 2437/1680/1430 2441/1680/1430
f 2442/1678/1450 2438/1678/1450 2436/1677/1450 2440/1677/1450
f 2443/1679/1440 2439/1679/1440 2438/1678/1440 2442/1678/1440
f 2432/1681/1451 2440/1677/1451 2441/1680/1451 2433/1682/1451
f 2435/1683/1451 2443/1679/1451 2442/1678/1451 2434/1684/1451
f 2433/1682/1451 2441/1680/1451 2443/1679/1451 2435/1683/1451
f 2434/1684/1451 2442/1678/1451 2440/1677/1451 2432/1681/1451
f 2444/1685/1451 2445/1676/1451 2447/1675/1451 2446/1686/1451
f 2433/1676/1430 2445/1676/1430 2444/1685/1430 2432/1685/1430
f 2432/1685/1450 2444/1685/1450 2446/1686/1450 2434/1686/1450
f 2434/1686/1440 2446/1686/1440 2447/1675/1440 2435/1675/1440
f 2448/1687/1450 2456/1687/1450 2457/1688/1450 2450/1688/1450
f 2450/1688/1440 2457/1688/1440 2458/1689/1440 2454/1689/1440
f 2454/1689/1453 2458/1689/1453 2459/1690/1453 2452/1690/1453
f 2452/1690/1430 2459/1690/1430 2456/1687/1430 2448/1687/1430
f 2450/1688/1452 2454/1689/1452 2452/1690/1452 2448/1687/1452
f 2453/1691/1570 2455/1692/1570 2462/1693/1570 2463/1694/1570
f 2449/1695/1451 2451/1696/1451 2457/1688/1451 2456/1687/1451
f 2451/1696/1451 2455/1692/1451 2458/1689/1451 2457/1688/1451
f 2455/1692/1451 2453/1691/1451 2459/1690/1451 2458/1689/1451
f 2453/1691/1451 2449/1695/1451 2456/1687/1451 2459/1690/1451
f 2462/1693/1451 2461/1697/1451 2460/1698/1451 2463/1694/1451
f 2451/1696/1571 2449/1695/1571 2460/1698/1571 2461/1697/1571
f 2449/1695/1572 2453/1691/1572 2463/1694/1572 2460/1698/1572
f 2455/1692/1573 2451/1696/1573 2461/1697/1573 2462/1693/1573
f 2464/1699/1450 2472/1699/1450 2473/1700/1450 2466/1700/1450
f 2466/1700/1440 2473/1700/1440 2474/1701/1440 2470/1701/1440
f 2470/1701/1453 2474/1701/1453 2475/1702/1453 2468/1702/1453
f 2468/1702/1430 2475/1702/1430 2472/1699/1430 2464/1699/1430
f 2466/1700/1452 2470/1701/1452 2468/1702/1452 2464/1699/1452
f 2469/1703/1570 2471/1704/1570 2478/1705/1570 2479/1706/1570
f 2465/1707/1451 2467/1708/1451 2473/1700/1451 2472/1699/1451
f 2467/1708/1451 2471/1704/1451 2474/1701/1451 2473/1700/1451
f 2471/1704/1451 2469/1703/1451 2475/1702/1451 2474/1701/1451
f 2469/1703/1451 2465/1707/1451 2472/1699/1451 2475/1702/1451
f 2478/1705/1451 2477/1709/1451 2476/1710/1451 2479/1706/1451
f 2467/1708/1571 2465/1707/1571 2476/1710/1571 2477/1709/1571
f 2465/1707/1572 2469/1703/1572 2479/1706/1572 2476/1710/1572
f 2471/1704/1573 2467/1708/1573 2477/1709/1573 2478/1705/1573
f 2480/1711/1450 2488/1711/1450 2489/1712/1450 2482/1712/1450
f 2482/1712/1440 2489/1712/1440 2490/1713/1440 2486/1713/1440
f 2486/1713/1453 2490/1713/1453 2491/1714/1453 2484/1714/1453
f 2484/1714/1430 2491/1714/1430 2488/1711/1430 2480/1711/1430
f 2482/1712/1452 2486/1713/1452 2484/1714/1452 2480/1711/1452
f 2485/1715/1570 2487/1716/1570 2494/1717/1570 2495/1718/1570
f 2481/1719/1451 2483/1720/1451 2489/1712/1451 2488/1711/1451
f 2483/1720/1451 2487/1716/1451 2490/1713/1451 2489/1712/1451
f 2487/1716/1451 2485/1715/1451 2491/1714/1451 2490/1713/1451
f 2485/1715/1451 2481/1719/1451 2488/1711/1451 2491/1714/1451
f 2494/1717/1451 2493/1721/1451 2492/1722/1451 2495/1718/1451
f 2483/1720/1571 2481/1719/1571 2492/1722/1571 2493/1721/1571
f 2481/1719/1572 2485/1715/1572 2495/1718/1572 2492/1722/1572
f 2487/1716/1573 2483/1720/1573 2493/1721/1573 2494/1717/1573
f 2496/1723/1450 2504/1723/1450 2505/1724/1450 2498/1724/1450
f 2498/1724/1440 2505/1724/1440 2506/1725/1440 2502/1725/1440
f 2502/1725/1453 2506/1725/1453 2507/1726/1453 2500/1726/1453
f 2500/1726/1430 2507/1726/1430 2504/1723/1430 2496/1723/1430
f 2498/1724/1452 2502/1725/1452 2500/1726/1452 2496/1723/1452
f 2501/1727/1570 2503/1728/1570 2510/1729/1570 2511/1730/1570
f 2497/1731/1451 2499/1732/1451 2505/1724/1451 2504/1723/1451
f 2499/1732/1451 2503/1728/1451 2506/1725/1451 2505/1724/1451
f 2503/1728/1451 2501/1727/1451 2507/1726/1451 2506/1725/1451
f 2501/1727/1451 2497/1731/1451 2504/1723/1451 2507/1726/1451
f 2510/1729/1451 2509/1733/1451 2508/1734/1451 2511/1730/1451
f 2499/1732/1571 2497/1731/1571 2508/1734/1571 2509/1733/1571
f 2497/1731/1572 2501/1727/1572 2511/1730/1572 2508/1734/1572
f 2503/1728/1573 2499/1732/1573 2509/1733/1573 2510/1729/1573
f 2512/1735/1450 2520/1735/1450 2521/1736/1450 2514/1736/1450
f 2514/1736/1440 2521/1736/1440 2522/1737/1440 2518/1737/1440
f 2518/1737/1453 2522/1737/1453 2523/1738/1453 2516/1738/1453
f 2516/1738/1430 2523/1738/1430 2520/1735/1430 2512/1735/1430
f 2514/1736/1452 2518/1737/1452 2516/1738/1452 2512/1735/1452
f 2517/1739/1570 2519/1740/1570 2526/1741/1570 2527/1742/1570
f 2513/1743/1451 2515/1744/1451 2521/1736/1451 2520/1735/1451
f 2515/1744/1451 2519/1740/1451 2522/1737/1451 2521/1736/1451
f 2519/1740/1451 2517/1739/1451 2523/1738/1451 2522/1737/1451
f 2517/1739/1451 2513/1743/1451 2520/1735/1451 2523/1738/1451
f 2526/1741/1451 2525/1745/1451 2524/1746/1451 2527/1742/1451
f 2515/1744/1571 2513/1743/1571 2524/1746/1571 2525/1745/1571
f 2513/1743/1572 2517/1739/1572 2527/1742/1572 2524/1746/1572
f 2519/1740/1573 2515/1744/1573 2525/1745/1573 2526/1741/1573
f 2528/1747/1450 2536/1747/1450 2537/1748/1450 2530/1748/1450
f 2530/1748/1440 2537/1748/1440 2538/1749/1440 2534/1749/1440
f 2534/1749/1453 2538/1749/1453 2539/1750/1453 2532/1750/1453
f 2532/1750/1430 2539/1750/1430 2536/1747/1430 2528/1747/1430
f 2530/1748/1452 2534/1749/1452 2532/1750/1452 2528/1747/1452
f 2533/1751/1570 2535/1752/1570 2542/1753/1570 2543/1754/1570
f 2529/1755/1451 2531/1756/1451 2537/1748/1451 2536/1747/1451
f 2531/1756/1451 2535/1752/1451 2538/1749/1451 2537/1748/1451
f 2535/1752/1451 2533/1751/1451 2539/1750/1451 2538/1749/1451
f 2533/1751/1451 2529/1755/1451 2536/1747/1451 2539/1750/1451
f 2542/1753/1451 2541/1757/1451 2540/1758/1451 2543/1754/1451
f 2531/1756/1571 2529/1755/1571 2540/1758/1571 2541/1757/1571
f 2529/1755/1572 2533/1751/1572 2543/1754/1572 2540/1758/1572
f 2535/1752/1573 2531/1756/1573 2541/1757/1573 2542/1753/1573
f 2544/1759/1450 2552/1759/1450 2553/1760/1450 2546/1760/1450
f 2546/1760/1440 2553/1760/1440 2554/1761/1440 2550/1761/1440
f 2550/1761/1453 2554/1761/1453 2555/1762/1453 2548/1762/1453
f 2548/1762/1430 2555/1762/1430 2552/1759/1430 2544/1759/1430
f 2546/1760/1452 2550/1761/1452 2548/1762/1452 2544/1759/1452
f 2549/1763/1570 2551/1764/1570 2558/1765/1570 2559/1766/1570
f 2545/1767/1451 2547/1768/1451 2553/1760/1451 2552/1759/1451
f 2547/1768/1451 2551/1764/1451 2554/1761/1451 2553/1760/1451
f 2551/1764/1451 2549/1763/1451 2555/1762/1451 2554/1761/1451
f 2549/1763/1451 2545/1767/1451 2552/1759/1451 2555/1762/1451
f 2558/1765/1451 2557/1769/1451 2556/1770/1451 2559/1766/1451
f 2547/1768/1571 2545/1767/1571 2556/1770/1571 2557/1769/1571
f 2545/1767/1572 2549/1763/1572 2559/1766/1572 2556/1770/1572
f 2551/1764/1573 2547/1768/1573 2557/1769/1573 2558/1765/1573
f 2560/1771/1450 2568/1771/1450 2569/1772/1450 2562/1772/1450
f 2562/1772/1440 2569/1772/1440 2570/1773/1440 2566/1773/1440
f 2566/1773/1453 2570/1773/1453 2571/1774/1453 2564/1774/1453
f 2564/1774/1430 2571/1774/1430 2568/1771/1430 2560/1771/1430
f 2562/1772/1452 2566/1773/1452 2564/1774/1452 2560/1771/1452
f 2565/1775/1570 2567/1776/1570 2574/1777/1570 2575/1778/1570
f 2561/1779/1451 2563/1780/1451 2569/1772/1451 2568/1771/1451
f 2563/1780/1451 2567/1776/1451 2570/1773/1451 2569/1772/1451
f 2567/1776/1451 2565/1775/1451 2571/1774/1451 2570/1773/1451
f 2565/1775/1451 2561/1779/1451 2568/1771/1451 2571/1774/1451
f 2574/1777/1451 2573/1781/1451 2572/1782/1451 2575/1778/1451
f 2563/1780/1571 2561/1779/1571 2572/1782/1571 2573/1781/1571
f 2561/1779/1572 2565/1775/1572 2575/1778/1572 2572/1782/1572
f 2567/1776/1573 2563/1780/1573 2573/1781/1573 2574/1777/1573
f 2576/1783/1450 2584/1783/1450 2585/1784/1450 2578/1784/1450
f 2578/1784/1440 2585/1784/1440 2586/1785/1440 2582/1785/1440
f 2582/1785/1453 2586/1785/1453 2587/1786/1453 2580/1786/1453
f 2580/1786/1430 2587/1786/1430 2584/1783/1430 2576/1783/1430
f 2578/1784/1452 2582/1785/1452 2580/1786/1452 2576/1783/1452
f 2581/1787/1570 2583/1788/1570 2590/1789/1570 2591/1790/1570
f 2577/1791/1451 2579/1792/1451 2585/1784/1451 2584/1783/1451
f 2579/1792/1451 2583/1788/1451 2586/1785/1451 2585/1784/1451
f 2583/1788/1451 2581/1787/1451 2587/1786/1451 2586/1785/1451
f 2581/1787/1451 2577/1791/1451 2584/1783/1451 2587/1786/1451
f 2590/1789/1451 2589/1793/1451 2588/1794/1451 2591/1790/1451
f 2579/1792/1571 2577/1791/1571 2588/1794/1571 2589/1793/1571
f 2577/1791/1572 2581/1787/1572 2591/1790/1572 2588/1794/1572
f 2583/1788/1573 2579/1792/1573 2589/1793/1573 2590/1789/1573
f 2592/1795/1450 2600/1795/1450 2601/1796/1450 2594/1796/1450
f 2594/1796/1440 2601/1796/1440 2602/1797/1440 2598/1797/1440
f 2598/1797/1453 2602/1797/1453 2603/1798/1453 2596/1798/1453
f 2596/1798/1430 2603/1798/1430 2600/1795/1430 2592/1795/1430
f 2594/1796/1452 2598/1797/1452 2596/1798/1452 2592/1795/1452
f 2597/1799/1570 2599/1800/1570 2606/1801/1570 2607/1802/1570
f 2593/1803/1451 2595/1804/1451 2601/1796/1451 2600/1795/1451
f 2595/1804/1451 2599/1800/1451 2602/1797/1451 2601/1796/1451
f 2599/1800/1451 2597/1799/1451 2603/1798/1451 2602/1797/1451
f 2597/1799/1451 2593/1803/1451 2600/1795/1451 2603/1798/1451
f 2606/1801/1451 2605/1805/1451 2604/1806/1451 2607/1802/1451
f 2595/1804/1571 2593/1803/1571 2604/1806/1571 2605/1805/1571
f 2593/1803/1572 2597/1799/1572 2607/1802/1572 2604/1806/1572
f 2599/1800/1573 2595/1804/1573 2605/1805/1573 2606/1801/1573
f 2608/1807/1450 2616/1807/1450 2617/1808/1450 2610/1808/1450
f 2610/1808/1440 2617/1808/1440 2618/1809/1440 2614/1809/1440
f 2614/1809/1453 2618/1809/1453 2619/1810/1453 2612/1810/1453
f 2612/1810/1430 2619/1810/1430 2616/1807/1430 2608/1807/1430
f 2610/1808/1452 2614/1809/1452 2612/1810/1452 2608/1807/1452
f 2613/1811/1570 2615/1812/1570 2622/1813/1570 2623/1814/1570
f 2609/1815/1451 2611/1816/1451 2617/1808/1451 2616/1807/1451
f 2611/1816/1451 2615/1812/1451 2618/1809/1451 2617/1808/1451
f 2615/1812/1451 2613/1811/1451 2619/1810/1451 2618/1809/1451
f 2613/1811/1451 2609/1815/1451 2616/1807/1451 2619/1810/1451
f 2622/1813/1451 2621/1817/1451 2620/1818/1451 2623/1814/1451
f 2611/1816/1571 2609/1815/1571 2620/1818/1571 2621/1817/1571
f 2609/1815/1572 2613/1811/1572 2623/1814/1572 2620/1818/1572
f 2615/1812/1573 2611/1816/1573 2621/1817/1573 2622/1813/1573
f 2624/1819/1450 2632/1819/1450 2633/1820/1450 2626/1820/1450
f 2626/1820/1440 2633/1820/1440 2634/1821/1440 2630/1821/1440
f 2630/1821/1453 2634/1821/1453 2635/1822/1453 2628/1822/1453
f 2628/1822/1430 2635/1822/1430 2632/1819/1430 2624/1819/1430
f 2626/1820/1452 2630/1821/1452 2628/1822/1452 2624/1819/1452
f 2629/1823/1570 2631/1824/1570 2638/1825/1570 2639/1826/1570
f 2625/1827/1451 2627/1828/1451 2633/1820/1451 2632/1819/1451
f 2627/1828/1451 2631/1824/1451 2634/1821/1451 2633/1820/1451
f 2631/1824/1451 2629/1823/1451 2635/1822/1451 2634/1821/1451
f 2629/1823/1451 2625/1827/1451 2632/1819/1451 2635/1822/1451
f 2638/1825/1451 2637/1829/1451 2636/1830/1451 2639/1826/1451
f 2627/1828/1571 2625/1827/1571 2636/1830/1571 2637/1829/1571
f 2625/1827/1572 2629/1823/1572 2639/1826/1572 2636/1830/1572
f 2631/1824/1573 2627/1828/1573 2637/1829/1573 2638/1825/1573
f 2640/1831/1450 2648/1831/1450 2649/1832/1450 2642/1832/1450
f 2642/1832/1440 2649/1832/1440 2650/1833/1440 2646/1833/1440
f 2646/1833/1453 2650/1833/1453 2651/1834/1453 2644/1834/1453
f 2644/1834/1430 2651/1834/1430 2648/1831/1430 2640/1831/1430
f 2642/1832/1452 2646/1833/1452 2644/1834/1452 2640/1831/1452
f 2645/1835/1570 2647/1836/1570 2654/1837/1570 2655/1838/1570
f 2641/1839/1451 2643/1840/1451 2649/1832/1451 2648/1831/1451
f 2643/1840/1451 2647/1836/1451 2650/1833/1451 2649/1832/1451
f 2647/1836/1451 2645/1835/1451 2651/1834/1451 2650/1833/1451
f 2645/1835/1451 2641/1839/1451 2648/1831/1451 2651/1834/1451
f 2654/1837/1451 2653/1841/1451 2652/1842/1451 2655/1838/1451
f 2643/1840/1571 2641/1839/1571 2652/1842/1571 2653/1841/1571
f 2641/1839/1572 2645/1835/1572 2655/1838/1572 2652/1842/1572
f 2647/1836/1573 2643/1840/1573 2653/1841/1573 2654/1837/1573
f 2656/1843/1450 2664/1843/1450 2665/1844/1450 2658/1844/1450
f 2658/1844/1440 2665/1844/1440 2666/1845/1440 2662/1845/1440
f 2662/1845/1453 2666/1845/1453 2667/1846/1453 2660/1846/1453
f 2660/1846/1430 2667/1846/1430 2664/1843/1430 2656/1843/1430
f 2658/1844/1452 2662/1845/1452 2660/1846/1452 2656/1843/1452
f 2661/1847/1570 2663/1848/1570 2670/1849/1570 2671/1850/1570
f 2657/1851/1451 2659/1852/1451 2665/1844/1451 2664/1843/1451
f 2659/1852/1451 2663/1848/1451 2666/1845/1451 2665/1844/1451
f 2663/1848/1451 2661/1847/1451 2667/1846/1451 2666/1845/1451
f 2661/1847/1451 2657/1851/1451 2664/1843/1451 2667/1846/1451
f 2670/1849/1451 2669/1853/1451 2668/1854/1451 2671/1850/1451
f 2659/1852/1571 2657/1851/1571 2668/1854/1571 2669/1853/1571
f 2657/1851/1572 2661/1847/1572 2671/1850/1572 2668/1854/1572
f 2663/1848/1573 2659/1852/1573 2669/1853/1573 2670/1849/1573
f 2672/1855/1450 2680/1855/1450 2681/1856/1450 2674/1856/1450
f 2674/1856/1440 2681/1856/1440 2682/1857/1440 2678/1857/1440
f 2678/1857/1453 2682/1857/1453 2683/1858/1453 2676/1858/1453
f 2676/1858/1430 2683/1858/1430 2680/1855/1430 2672/1855/1430
f 2674/1856/1452 2678/1857/1452 2676/1858/1452 2672/1855/1452
f 2677/1859/1570 2679/1860/1570 2686/1861/1570 2687/1862/1570
f 2673/1863/1451 2675/1864/1451 2681/1856/1451 2680/1855/1451
f 2675/1864/1451 2679/1860/1451 2682/1857/1451 2681/1856/1451
f 2679/1860/1451 2677/1859/1451 2683/1858/1451 2682/1857/1451
f 2677/1859/1451 2673/1863/1451 2680/1855/1451 2683/1858/1451
f 2686/1861/1451 2685/1865/1451 2684/1866/1451 2687/1862/1451
f 2675/1864/1571 2673/1863/1571 2684/1866/1571 2685/1865/1571
f 2673/1863/1572 2677/1859/1572 2687/1862/1572 2684/1866/1572
f 2679/1860/1573 2675/1864/1573 2685/1865/1573 2686/1861/1573
f 2688/1867/1450 2696/1867/1450 2697/1868/1450 2690/1868/1450
f 2690/1868/1440 2697/1868/1440 2698/1869/1440 2694/1869/1440
f 2694/1869/1453 2698/1869/1453 2699/1870/1453 2692/1870/1453
f 2692/1870/1430 2699/1870/1430 2696/1867/1430 2688/1867/1430
f 2690/1868/1452 2694/1869/1452 2692/1870/1452 2688/1867/1452
f 2693/1871/1570 2695/1872/1570 2702/1873/1570 2703/1874/1570
f 2689/1875/1451 2691/1876/1451 2697/1868/1451 2696/1867/1451
f 2691/1876/1451 2695/1872/1451 2698/1869/1451 2697/1868/1451
f 2695/1872/1451 2693/1871/1451 2699/1870/1451 2698/1869/1451
f 2693/1871/1451 2689/1875/1451 2696/1867/1451 2699/1870/1451
f 2702/1873/1451 2701/1877/1451 2700/1878/1451 2703/1874/1451
f 2691/1876/1571 2689/1875/1571 2700/1878/1571 2701/1877/1571
f 2689/1875/1572 2693/1871/1572 2703/1874/1572 2700/1878/1572
f 2695/1872/1573 2691/1876/1573 2701/1877/1573 2702/1873/1573
f 2704/1879/1450 2712/1879/1450 2713/1880/1450 2706/1880/1450
f 2706/1880/1440 2713/1880/1440 2714/1881/1440 2710/1881/1440
f 2710/1881/1453 2714/1881/1453 2715/1882/1453 2708/1882/1453
f 2708/1882/1430 2715/1882/1430 2712/1879/1430 2704/1879/1430
f 2706/1880/1452 2710/1881/1452 2708/1882/1452 2704/1879/1452
f 2709/1883/1570 2711/1884/1570 2718/1885/1570 2719/1886/1570
f 2705/1887/1451 2707/1888/1451 2713/1880/1451 2712/1879/1451
f 2707/1888/1451 2711/1884/1451 2714/1881/1451 2713/1880/1451
f 2711/1884/1451 2709/1883/1451 2715/1882/1451 2714/1881/1451
f 2709/1883/1451 2705/1887/1451 2712/1879/1451 2715/1882/1451
f 2718/1885/1451 2717/1889/1451 2716/1890/1451 2719/1886/1451
f 2707/1888/1571 2705/1887/1571 2716/1890/1571 2717/1889/1571
f 2705/1887/1572 2709/1883/1572 2719/1886/1572 2716/1890/1572
f 2711/1884/1573 2707/1888/1573 2717/1889/1573 2718/1885/1573
f 2723/1891/1453 2735/1891/1453 2733/1892/1453 2721/1892/1453
f 2724/1893/1452 2726/1894/1452 2727/1895/1452 2725/1896/1452
f 2729/1896/1453 2725/1896/1453 2727/1895/1453 2731/1895/1453
f 2728/1893/1430 2724/1893/1430 2725/1896/1430 2729/1896/1430
f 2730/1894/1450 2726/1894/1450 2724/1893/1450 2728/1893/1450
f 2731/1895/1440 2727/1895/1440 2726/1894/1440 2730/1894/1440
f 2720/1897/1451 2728/1893/1451 2729/1896/1451 2721/1898/1451
f 2723/1899/1451 2731/1895/1451 2730/1894/1451 2722/1900/1451
f 2721/1898/1451 2729/1896/1451 2731/1895/1451 2723/1899/1451
f 2722/1900/1451 2730/1894/1451 2728/1893/1451 2720/1897/1451
f 2732/1901/1451 2733/1892/1451 2735/1891/1451 2734/1902/1451
f 2721/1892/1430 2733/1892/1430 2732/1901/1430 2720/1901/1430
f 2720/1901/1450 2732/1901/1450 2734/1902/1450 2722/1902/1450
f 2722/1902/1440 2734/1902/1440 2735/1891/1440 2723/1891/1440
f 2739/1903/1453 2751/1903/1453 2749/1904/1453 2737/1904/1453
f 2740/1905/1452 2742/1906/1452 2743/1907/1452 2741/1908/1452
f 2745/1908/1453 2741/1908/1453 2743/1907/1453 2747/1907/1453
f 2744/1905/1430 2740/1905/1430 2741/1908/1430 2745/1908/1430
f 2746/1906/1450 2742/1906/1450 2740/1905/1450 2744/1905/1450
f 2747/1907/1440 2743/1907/1440 2742/1906/1440 2746/1906/1440
f 2736/1909/1451 2744/1905/1451 2745/1908/1451 2737/1910/1451
f 2739/1911/1451 2747/1907/1451 2746/1906/1451 2738/1912/1451
f 2737/1910/1451 2745/1908/1451 2747/1907/1451 2739/1911/1451
f 2738/1912/1451 2746/1906/1451 2744/1905/1451 2736/1909/1451
f 2748/1913/1451 2749/1904/1451 2751/1903/1451 2750/1914/1451
f 2737/1904/1430 2749/1904/1430 2748/1913/1430 2736/1913/1430
f 2736/1913/1450 2748/1913/1450 2750/1914/1450 2738/1914/1450
f 2738/1914/1440 2750/1914/1440 2751/1903/1440 2739/1903/1440
f 2755/1915/1453 2767/1915/1453 2765/1916/1453 2753/1916/1453
f 2756/1917/1452 2758/1918/1452 2759/1919/1452 2757/1920/1452
f 2761/1920/1453 2757/1920/1453 2759/1919/1453 2763/1919/1453
f 2760/1917/1430 2756/1917/1430 2757/1920/1430 2761/1920/1430
f 2762/1918/1450 2758/1918/1450 2756/1917/1450 2760/1917/1450
f 2763/1919/1440 2759/1919/1440 2758/1918/1440 2762/1918/1440
f 2752/1921/1451 2760/1917/1451 2761/1920/1451 2753/1922/1451
f 2755/1923/1451 2763/1919/1451 2762/1918/1451 2754/1924/1451
f 2753/1922/1451 2761/1920/1451 2763/1919/1451 2755/1923/1451
f 2754/1924/1451 2762/1918/1451 2760/1917/1451 2752/1921/1451
f 2764/1925/1451 2765/1916/1451 2767/1915/1451 2766/1926/1451
f 2753/1916/1430 2765/1916/1430 2764/1925/1430 2752/1925/1430
f 2752/1925/1450 2764/1925/1450 2766/1926/1450 2754/1926/1450
f 2754/1926/1440 2766/1926/1440 2767/1915/1440 2755/1915/1440
f 2771/1927/1453 2783/1927/1453 2781/1928/1453 2769/1928/1453
f 2772/1929/1452 2774/1930/1452 2775/1931/1452 2773/1932/1452
f 2777/1932/1453 2773/1932/1453 2775/1931/1453 2779/1931/1453
f 2776/1929/1430 2772/1929/1430 2773/1932/1430 2777/1932/1430
f 2778/1930/1450 2774/1930/1450 2772/1929/1450 2776/1929/1450
f 2779/1931/1440 2775/1931/1440 2774/1930/1440 2778/1930/1440
f 2768/1933/1451 2776/1929/1451 2777/1932/1451 2769/1934/1451
f 2771/1935/1451 2779/1931/1451 2778/1930/1451 2770/1936/1451
f 2769/1934/1451 2777/1932/1451 2779/1931/1451 2771/1935/1451
f 2770/1936/1451 2778/1930/1451 2776/1929/1451 2768/1933/1451
f 2780/1937/1451 2781/1928/1451 2783/1927/1451 2782/1938/1451
f 2769/1928/1430 2781/1928/1430 2780/1937/1430 2768/1937/1430
f 2768/1937/1450 2780/1937/1450 2782/1938/1450 2770/1938/1450
f 2770/1938/1440 2782/1938/1440 2783/1927/1440 2771/1927/1440
f 2788/1939/1430 2789/1939/1430 2790/1940/1430 2791/1940/1430
f 2793/1941/1450 2789/1939/1450 2788/1939/1450 2792/1941/1450
f 2794/1942/1452 2790/1940/1452 2789/1939/1452 2793/1941/1452
f 2795/1942/1453 2791/1940/1453 2790/1940/1453 2794/1942/1453
f 2792/1941/1451 2788/1939/1451 2791/1940/1451 2795/1942/1451
f 2785/1943/1440 2793/1941/1440 2792/1941/1440 2784/1943/1440
f 2786/1944/1440 2794/1942/1440 2793/1941/1440 2785/1943/1440
f 2787/1944/1440 2795/1942/1440 2794/1942/1440 2786/1944/1440
f 2784/1943/1440 2792/1941/1440 2795/1942/1440 2787/1944/1440
f 2796/1945/1440 2799/1946/1440 2798/1946/1440 2797/1945/1440
f 2784/1947/1450 2796/1945/1450 2797/1945/1450 2785/1947/1450
f 2785/1947/1452 2797/1945/1452 2798/1946/1452 2786/1948/1452
f 2786/1948/1453 2798/1946/1453 2799/1946/1453 2787/1948/1453
f 2787/1948/1451 2799/1946/1451 2796/1945/1451 2784/1947/1451
f 2804/1939/1430 2805/1939/1430 2806/1940/1430 2807/1940/1430
f 2809/1941/1450 2805/1939/1450 2804/1939/1450 2808/1941/1450
f 2810/1942/1452 2806/1940/1452 2805/1939/1452 2809/1941/1452
f 2811/1942/1453 2807/1940/1453 2806/1940/1453 2810/1942/1453
f 2808/1941/1451 2804/1939/1451 2807/1940/1451 2811/1942/1451
f 2801/1943/1440 2809/1941/1440 2808/1941/1440 2800/1943/1440
f 2802/1944/1440 2810/1942/1440 2809/1941/1440 2801/1943/1440
f 2803/1944/1440 2811/1942/1440 2810/1942/1440 2802/1944/1440
f 2800/1943/1440 2808/1941/1440 2811/1942/1440 2803/1944/1440
f 2812/1945/1440 2815/1946/1440 2814/1946/1440 2813/1945/1440
f 2800/1947/1450 2812/1945/1450 2813/1945/1450 2801/1947/1450
f 2801/1947/1452 2813/1945/1452 2814/1946/1452 2802/1948/1452
f 2802/1948/1453 2814/1946/1453 2815/1946/1453 2803/1948/1453
f 2803/1948/1451 2815/1946/1451 2812/1945/1451 2800/1947/1451
f 2820/1939/1430 2821/1939/1430 2822/1940/1430 2823/1940/1430
f 2825/1941/1450 2821/1939/1450 2820/1939/1450 2824/1941/1450
f 2826/1942/1452 2822/1940/1452 2821/1939/1452 2825/1941/1452
f 2827/1942/1453 2823/1940/1453 2822/1940/1453 2826/1942/1453
f 2824/1941/1451 2820/1939/1451 2823/1940/1451 2827/1942/1451
f 2817/1943/1440 2825/1941/1440 2824/1941/1440 2816/1943/1440
f 2818/1944/1440 2826/1942/1440 2825/1941/1440 2817/1943/1440
f 2819/1944/1440 2827/1942/1440 2826/1942/1440 2818/1944/1440
f 2816/1943/1440 2824/1941/1440 2827/1942/1440 2819/1944/1440
f 2828/1945/1440 2831/1946/1440 2830/1946/1440 2829/1945/1440
f 2816/1947/1450 2828/1945/1450 2829/1945/1450 2817/1947/1450
f 2817/1947/1452 2829/1945/1452 2830/1946/1452 2818/1948/1452
f 2818/1948/1453 2830/1946/1453 2831/1946/1453 2819/1948/1453
f 2819/1948/1451 2831/1946/1451 2828/1945/1451 2816/1947/1451
f 2836/1939/1430 2837/1939/1430 2838/1940/1430 2839/1940/1430
f 2841/1941/1450 2837/1939/1450 2836/1939/1450 2840/1941/1450
f 2842/1942/1452 2838/1940/1452 2837/1939/1452 2841/1941/1452
f 2843/1942/1453 2839/1940/1453 2838/1940/1453 2842/1942/1453
f 2840/1941/1451 2836/1939/1451 2839/1940/1451 2843/1942/1451
f 2833/1943/1440 2841/1941/1440 2840/1941/1440 2832/1943/1440
f 2834/1944/1440 2842/1942/1440 2841/1941/1440 2833/1943/1440
f 2835/1944/1440 2843/1942/1440 2842/1942/1440 2834/1944/1440
f 2832/1943/1440 2840/1941/1440 2843/1942/1440 2835/1944/1440
f 2844/1945/1440 2847/1946/1440 2846/1946/1440 2845/1945/1440
f 2832/1947/1450 2844/1945/1450 2845/1945/1450 2833/1947/1450
f 2833/1947/1452 2845/1945/1452 2846/1946/1452 2834/1948/1452
f 2834/1948/1453 2846/1946/1453 2847/1946/1453 2835/1948/1453
f 2835/1948/1451 2847/1946/1451 2844/1945/1451 2832/1947/1451
f 2852/1939/1430 2853/1939/1430 2854/1940/1430 2855/1940/1430
f 2857/1941/1450 2853/1939/1450 2852/1939/1450 2856/1941/1450
f 2858/1942/1452 2854/1940/1452 2853/1939/1452 2857/1941/1452
f 2859/1942/1453 2855/1940/1453 2854/1940/1453 2858/1942/1453
f 2856/1941/1451 2852/1939/1451 2855/1940/1451 2859/1942/1451
f 2849/1943/1440 2857/1941/1440 2856/1941/1440 2848/1943/1440
f 2850/1944/1440 2858/1942/1440 2857/1941/1440 2849/1943/1440
f 2851/1944/1440 2859/1942/1440 2858/1942/1440 2850/1944/1440
f 2848/1943/1440 2856/1941/1440 2859/1942/1440 2851/1944/1440
f 2860/1945/1440 2863/1946/1440 2862/1946/1440 2861/1945/1440
f 2848/1947/1450 2860/1945/1450 2861/1945/1450 2849/1947/1450
f 2849/1947/1452 2861/1945/1452 2862/1946/1452 2850/1948/1452
f 2850/1948/1453 2862/1946/1453 2863/1946/1453 2851/1948/1453
f 2851/1948/1451 2863/1946/1451 2860/1945/1451 2848/1947/1451
f 2868/1939/1430 2869/1939/1430 2870/1940/1430 2871/1940/1430
f 2873/1941/1450 2869/1939/1450 2868/1939/1450 2872/1941/1450
f 2874/1942/1452 2870/1940/1452 2869/1939/1452 2873/1941/1452
f 2875/1942/1453 2871/1940/1453 2870/1940/1453 2874/1942/1453
f 2872/1941/1451 2868/1939/1451 2871/1940/1451 2875/1942/1451
f 2865/1943/1440 2873/1941/1440 2872/1941/1440 2864/1943/1440
f 2866/1944/1440 2874/1942/1440 2873/1941/1440 2865/1943/1440
f 2867/1944/1440 2875/1942/1440 2874/1942/1440 2866/1944/1440
f 2864/1943/1440 2872/1941/1440 2875/1942/1440 2867/1944/1440
f 2876/1945/1440 2879/1946/1440 2878/1946/1440 2877/1945/1440
f 2864/1947/1450 2876/1945/1450 2877/1945/1450 2865/1947/1450
f 2865/1947/1452 2877/1945/1452 2878/1946/1452 2866/1948/1452
f 2866/1948/1453 2878/1946/1453 2879/1946/1453 2867/1948/1453
f 2867/1948/1451 2879/1946/1451 2876/1945/1451 2864/1947/1451
f 2884/1949/1430 2885/1949/1430 2886/1950/1430 2887/1950/1430
f 2891/1951/1453 2887/1950/1453 2886/1950/1453 2890/1951/1453
f 2888/1952/1451 2884/1949/1451 2887/1950/1451 2891/1951/1451
f 2889/1952/1450 2885/1949/1450 2884/1949/1450 2888/1952/1450
f 2890/1951/1452 2886/1950/1452 2885/1949/1452 2889/1952/1452
f 2881/1953/1440 2889/1952/1440 2888/1952/1440 2880/1953/1440
f 2882/1954/1440 2890/1951/1440 2889/1952/1440 2881/1953/1440
f 2883/1954/1440 2891/1951/1440 2890/1951/1440 2882/1954/1440
f 2880/1953/1440 2888/1952/1440 2891/1951/1440 2883/1954/1440
f 2892/1955/1440 2895/1956/1440 2894/1956/1440 2893/1955/1440
f 2880/1957/1450 2892/1955/1450 2893/1955/1450 2881/1957/1450
f 2881/1957/1452 2893/1955/1452 2894/1956/1452 2882/1958/1452
f 2882/1958/1453 2894/1956/1453 2895/1956/1453 2883/1958/1453
f 2883/1958/1451 2895/1956/1451 2892/1955/1451 2880/1957/1451
f 2900/1959/1430 2901/1959/1430 2902/1960/1430 2903/1960/1430
f 2905/1961/1450 2901/1959/1450 2900/1959/1450 2904/1961/1450
f 2906/1962/1452 2902/1960/1452 2901/1959/1452 2905/1961/1452
f 2907/1962/1453 2903/1960/1453 2902/1960/1453 2906/1962/1453
f 2904/1961/1451 2900/1959/1451 2903/1960/1451 2907/1962/1451
f 2897/1963/1440 2905/1961/1440 2904/1961/1440 2896/1963/1440
f 2898/1964/1440 2906/1962/1440 2905/1961/1440 2897/1963/1440
f 2899/1964/1440 2907/1962/1440 2906/1962/1440 2898/1964/1440
f 2896/1963/1440 2904/1961/1440 2907/1962/1440 2899/1964/1440
f 2908/1965/1440 2911/1966/1440 2910/1966/1440 2909/1965/1440
f 2896/1967/1450 2908/1965/1450 2909/1965/1450 2897/1967/1450
f 2897/1967/1452 2909/1965/1452 2910/1966/1452 2898/1968/1452
f 2898/1968/1453 2910/1966/1453 2911/1966/1453 2899/1968/1453
f 2899/1968/1451 2911/1966/1451 2908/1965/1451 2896/1967/1451
f 2916/1949/1430 2917/1949/1430 2918/1950/1430 2919/1950/1430
f 2921/1952/1450 2917/1949/1450 2916/1949/1450 2920/1952/1450
f 2922/1951/1452 2918/1950/1452 2917/1949/1452 2921/1952/1452
f 2923/1951/1453 2919/1950/1453 2918/1950/1453 2922/1951/1453
f 2920/1952/1451 2916/1949/1451 2919/1950/1451 2923/1951/1451
f 2913/1953/1440 2921/1952/1440 2920/1952/1440 2912/1953/1440
f 2914/1954/1440 2922/1951/1440 2921/1952/1440 2913/1953/1440
f 2915/1954/1440 2923/1951/1440 2922/1951/1440 2914/1954/1440
f 2912/1953/1440 2920/1952/1440 2923/1951/1440 2915/1954/1440
f 2924/1955/1440 2927/1956/1440 2926/1956/1440 2925/1955/1440
f 2912/1957/1450 2924/1955/1450 2925/1955/1450 2913/1957/1450
f 2913/1957/1452 2925/1955/1452 2926/1956/1452 2914/1958/1452
f 2914/1958/1453 2926/1956/1453 2927/1956/1453 2915/1958/1453
f 2915/1958/1451 2927/1956/1451 2924/1955/1451 2912/1957/1451
f 2945/1969/1452 3041/1970/1452 3042/1971/1452 2946/1972/1452
f 2958/1973/1453 3054/1974/1453 3055/1974/1453 2959/1973/1453
f 2931/1972/1451 3027/1971/1451 3024/1970/1451 2928/1969/1451
f 2944/1969/1450 3040/1970/1450 3041/1970/1450 2945/1969/1450
f 2957/1975/1452 3053/1976/1452 3054/1974/1452 2958/1973/1452
f 2930/1972/1453 3026/1971/1453 3027/1971/1453 2931/1972/1453
f 2943/1977/1451 3039/1978/1451 3036/1979/1451 2940/1980/1451
f 2956/1975/1450 3052/1976/1450 3053/1976/1450 2957/1975/1450
f 2960/1981/1430 2961/1981/1430 2962/1982/1430 2963/1982/1430
f 2964/1983/1430 2965/1983/1430 2966/1984/1430 2967/1984/1430
f 2968/1985/1430 2969/1985/1430 2970/1986/1430 2971/1986/1430
f 2972/1987/1430 2973/1987/1430 2974/1988/1430 2975/1988/1430
f 2976/1981/1430 2977/1981/1430 2978/1982/1430 2979/1982/1430
f 2980/1983/1430 2981/1983/1430 2982/1984/1430 2983/1984/1430
f 2984/1985/1430 2985/1985/1430 2986/1986/1430 2987/1986/1430
f 2988/1989/1430 2989/1989/1430 2990/1990/1430 2991/1990/1430
f 3005/1991/1450 2973/1987/1450 2972/1987/1450 3004/1991/1450
f 3019/1992/1453 2987/1986/1453 2986/1986/1453 3018/1992/1453
f 3006/1993/1452 2974/1988/1452 2973/1987/1452 3005/1991/1452
f 2993/1994/1450 2961/1981/1450 2960/1981/1450 2992/1994/1450
f 3016/1995/1451 2984/1985/1451 2987/1986/1451 3019/1992/1451
f 3007/1993/1453 2975/1988/1453 2974/1988/1453 3006/1993/1453
f 2994/1996/1452 2962/1982/1452 2961/1981/1452 2993/1994/1452
f 3021/1997/1450 2989/1989/1450 2988/1989/1450 3020/1997/1450
f 3004/1991/1451 2972/1987/1451 2975/1988/1451 3007/1993/1451
f 2995/1996/1453 2963/1982/1453 2962/1982/1453 2994/1996/1453
f 3022/1998/1452 2990/1990/1452 2989/1989/1452 3021/1997/1452
f 3009/1994/1450 2977/1981/1450 2976/1981/1450 3008/1994/1450
f 2992/1994/1451 2960/1981/1451 2963/1982/1451 2995/1996/1451
f 3023/1998/1453 2991/1990/1453 2990/1990/1453 3022/1998/1453
f 3010/1996/1452 2978/1982/1452 2977/1981/1452 3009/1994/1452
f 2997/1999/1450 2965/1983/1450 2964/1983/1450 2996/1999/1450
f 3020/1997/1451 2988/1989/1451 2991/1990/1451 3023/1998/1451
f 3011/1996/1453 2979/1982/1453 2978/1982/1453 3010/1996/1453
f 2998/2000/1452 2966/1984/1452 2965/1983/1452 2997/1999/1452
f 3008/1994/1451 2976/1981/1451 2979/1982/1451 3011/1996/1451
f 2999/2000/1453 2967/1984/1453 2966/1984/1453 2998/2000/1453
f 3013/1999/1450 2981/1983/1450 2980/1983/1450 3012/1999/1450
f 2996/1999/1451 2964/1983/1451 2967/1984/1451 2999/2000/1451
f 3014/2000/1452 2982/1984/1452 2981/1983/1452 3013/1999/1452
f 3001/1995/1450 2969/1985/1450 2968/1985/1450 3000/1995/1450
f 3015/2000/1453 2983/1984/1453 2982/1984/1453 3014/2000/1453
f 3002/1992/1452 2970/1986/1452 2969/1985/1452 3001/1995/1452
f 3012/1999/1451 2980/1983/1451 2983/1984/1451 3015/2000/1451
f 3003/1992/1453 2971/1986/1453 2970/1986/1453 3002/1992/1453
f 3017/1995/1450 2985/1985/1450 2984/1985/1450 3016/1995/1450
f 3000/1995/1451 2968/1985/1451 2971/1986/1451 3003/1992/1451
f 3018/1992/1452 2986/1986/1452 2985/1985/1452 3017/1995/1452
f 2929/2001/1440 2993/1994/1440 2992/1994/1440 2928/2001/1440
f 2930/2002/1441 2994/1996/1441 2993/1994/1440 2929/2001/1440
f 2931/2002/1441 2995/1996/1441 2994/1996/1441 2930/2002/1441
f 2928/2001/1440 2992/1994/1440 2995/1996/1441 2931/2002/1441
f 2933/1993/1440 2997/1999/1440 2996/1999/1440 2932/1993/1440
f 2934/2003/1441 2998/2000/1441 2997/1999/1440 2933/1993/1440
f 2935/2003/1441 2999/2000/1441 2998/2000/1441 2934/2003/1441
f 2932/1993/1440 2996/1999/1440 2999/2000/1441 2935/2003/1441
f 2937/2004/1440 3001/1995/1440 3000/1995/1440 2936/2004/1440
f 2938/2005/1441 3002/1992/1441 3001/1995/1440 2937/2004/1440
f 2939/2005/1441 3003/1992/1441 3002/1992/1441 2938/2005/1441
f 2936/2004/1440 3000/1995/1440 3003/1992/1441 2939/2005/1441
f 2941/2006/1440 3005/1991/1440 3004/1991/1440 2940/2006/1440
f 2942/1999/1441 3006/1993/1441 3005/1991/1440 2941/2006/1440
f 2943/1999/1441 3007/1993/1441 3006/1993/1441 2942/1999/1441
f 2940/2006/1440 3004/1991/1440 3007/1993/1441 2943/1999/1441
f 2945/2001/1440 3009/1994/1440 3008/1994/1440 2944/2001/1440
f 2946/2002/1440 3010/1996/1440 3009/1994/1440 2945/2001/1440
f 2947/2002/1440 3011/1996/1440 3010/1996/1440 2946/2002/1440
f 2944/2001/1440 3008/1994/1440 3011/1996/1440 2947/2002/1440
f 2949/1993/1440 3013/1999/1440 3012/1999/1440 2948/1993/1440
f 2950/2003/1440 3014/2000/1440 3013/1999/1440 2949/1993/1440
f 2951/2003/1440 3015/2000/1440 3014/2000/1440 2950/2003/1440
f 2948/1993/1440 3012/1999/1440 3015/2000/1440 2951/2003/1440
f 2953/2004/1440 3017/1995/1440 3016/1995/1440 2952/2004/1440
f 2954/2005/1440 3018/1992/1440 3017/1995/1440 2953/2004/1440
f 2955/2005/1440 3019/1992/1440 3018/1992/1440 2954/2005/1440
f 2952/2004/1440 3016/1995/1440 3019/1992/1440 2955/2005/1440
f 2957/2007/1440 3021/1997/1440 3020/1997/1440 2956/2007/1440
f 2958/2008/1441 3022/1998/1441 3021/1997/1440 2957/2007/1440
f 2959/2008/1441 3023/1998/1441 3022/1998/1441 2958/2008/1441
f 2956/2007/1440 3020/1997/1440 3023/1998/1441 2959/2008/1441
f 3024/1970/1440 3027/1971/1440 3026/1971/1440 3025/1970/1440
f 3028/2009/1440 3031/2010/1440 3030/2010/1440 3029/2009/1440
f 3032/2011/1440 3035/2012/1440 3034/2012/1440 3033/2011/1440
f 3036/1979/1440 3039/1978/1440 3038/1978/1440 3037/1979/1440
f 3040/1970/1440 3043/1971/1440 3042/1971/1440 3041/1970/1440
f 3044/2009/1440 3047/2010/1440 3046/2010/1440 3045/2009/1440
f 3048/2011/1440 3051/2012/1440 3050/2012/1440 3049/2011/1440
f 3052/1976/1440 3055/1974/1440 3054/1974/1440 3053/1976/1440
f 2932/2013/1450 3028/2009/1450 3029/2009/1450 2933/2013/1450
f 2959/1973/1451 3055/1974/1451 3052/1976/1451 2956/1975/1451
f 2946/1972/1453 3042/1971/1453 3043/1971/1453 2947/1972/1453
f 2933/2013/1452 3029/2009/1452 3030/2010/1452 2934/2014/1452
f 2947/1972/1451 3043/1971/1451 3040/1970/1451 2944/1969/1451
f 2934/2014/1453 3030/2010/1453 3031/2010/1453 2935/2014/1453
f 2948/2013/1450 3044/2009/1450 3045/2009/1450 2949/2013/1450
f 2935/2014/1451 3031/2010/1451 3028/2009/1451 2932/2013/1451
f 2949/2013/1452 3045/2009/1452 3046/2010/1452 2950/2014/1452
f 2936/2015/1450 3032/2011/1450 3033/2011/1450 2937/2015/1450
f 2950/2014/1453 3046/2010/1453 3047/2010/1453 2951/2014/1453
f 2937/2015/1452 3033/2011/1452 3034/2012/1452 2938/2016/1452
f 2951/2014/1451 3047/2010/1451 3044/2009/1451 2948/2013/1451
f 2938/2016/1453 3034/2012/1453 3035/2012/1453 2939/2016/1453
f 2952/2015/1450 3048/2011/1450 3049/2011/1450 2953/2015/1450
f 2939/2016/1451 3035/2012/1451 3032/2011/1451 2936/2015/1451
f 2953/2015/1452 3049/2011/1452 3050/2012/1452 2954/2016/1452
f 2940/1980/1450 3036/1979/1450 3037/1979/1450 2941/1980/1450
f 2954/2016/1453 3050/2012/1453 3051/2012/1453 2955/2016/1453
f 2941/1980/1452 3037/1979/1452 3038/1978/1452 2942/1977/1452
f 2928/1969/1450 3024/1970/1450 3025/1970/1450 2929/1969/1450
f 2955/2016/1451 3051/2012/1451 3048/2011/1451 2952/2015/1451
f 2942/1977/1453 3038/1978/1453 3039/1978/1453 2943/1977/1453
f 2929/1969/1452 3025/1970/1452 3026/1971/1452 2930/1972/1452
f 3056/2017/1450 3064/2018/1450 3065/2018/1450 3058/2017/1450
f 3058/2017/1452 3065/2018/1452 3066/2019/1452 3062/2020/1452
f 3062/2020/1453 3066/2019/1453 3067/2019/1453 3060/2020/1453
f 3060/2020/1451 3067/2019/1451 3064/2018/1451 3056/2017/1451
f 3058/2017/1430 3062/2020/1430 3060/2020/1430 3056/2017/1430
f 3061/2021/1574 3063/2021/1574 3070/2022/1574 3071/2023/1574
f 3057/2024/1440 3059/2024/1440 3065/2018/1440 3064/2018/1440
f 3059/2024/1440 3063/2021/1440 3066/2019/1440 3065/2018/1440
f 3063/2021/1440 3061/2021/1440 3067/2019/1440 3066/2019/1440
f 3061/2021/1440 3057/2024/1440 3064/2018/1440 3067/2019/1440
f 3070/2022/1575 3069/2025/1575 3068/2026/1575 3071/2023/1575
f 3059/2024/1576 3057/2024/1576 3068/2026/1576 3069/2025/1576
f 3057/2024/1577 3061/2021/1577 3071/2023/1577 3068/2026/1577
f 3063/2021/1578 3059/2024/1578 3069/2025/1578 3070/2022/1578
f 3072/2027/1450 3080/2028/1450 3081/2028/1450 3074/2027/1450
f 3074/2027/1452 3081/2028/1452 3082/2029/1452 3078/2030/1452
f 3078/2030/1453 3082/2029/1453 3083/2029/1453 3076/2030/1453
f 3076/2030/1451 3083/2029/1451 3080/2028/1451 3072/2027/1451
f 3074/2027/1430 3078/2030/1430 3076/2030/1430 3072/2027/1430
f 3077/2031/1574 3079/2031/1574 3086/2032/1574 3087/2033/1574
f 3073/2034/1440 3075/2034/1440 3081/2028/1440 3080/2028/1440
f 3075/2034/1440 3079/2031/1440 3082/2029/1440 3081/2028/1440
f 3079/2031/1440 3077/2031/1440 3083/2029/1440 3082/2029/1440
f 3077/2031/1440 3073/2034/1440 3080/2028/1440 3083/2029/1440
f 3086/2032/1575 3085/2035/1575 3084/2036/1575 3087/2033/1575
f 3075/2034/1576 3073/2034/1576 3084/2036/1576 3085/2035/1576
f 3073/2034/1577 3077/2031/1577 3087/2033/1577 3084/2036/1577
f 3079/2031/1578 3075/2034/1578 3085/2035/1578 3086/2032/1578
f 3088/2037/1450 3096/2038/1450 3097/2038/1450 3090/2037/1450
f 3090/2037/1452 3097/2038/1452 3098/2039/1452 3094/2040/1452
f 3094/2040/1453 3098/2039/1453 3099/2039/1453 3092/2040/1453
f 3092/2040/1451 3099/2039/1451 3096/2038/1451 3088/2037/1451
f 3090/2037/1430 3094/2040/1430 3092/2040/1430 3088/2037/1430
f 3093/2041/1574 3095/2041/1574 3102/2042/1574 3103/2043/1574
f 3089/2044/1440 3091/2044/1440 3097/2038/1440 3096/2038/1440
f 3091/2044/1440 3095/2041/1440 3098/2039/1440 3097/2038/1440
f 3095/2041/1440 3093/2041/1440 3099/2039/1440 3098/2039/1440
f 3093/2041/1440 3089/2044/1440 3096/2038/1440 3099/2039/1440
f 3102/2042/1575 3101/2045/1575 3100/2046/1575 3103/2043/1575
f 3091/2044/1576 3089/2044/1576 3100/2046/1576 3101/2045/1576
f 3089/2044/1577 3093/2041/1577 3103/2043/1577 3100/2046/1577
f 3095/2041/1578 3091/2044/1578 3101/2045/1578 3102/2042/1578
f 3104/2047/1450 3112/2048/1450 3113/2048/1450 3106/2047/1450
f 3106/2047/1452 3113/2048/1452 3114/2049/1452 3110/2050/1452
f 3110/2050/1453 3114/2049/1453 3115/2049/1453 3108/2050/1453
f 3108/2050/1451 3115/2049/1451 3112/2048/1451 3104/2047/1451
f 3106/2047/1430 3110/2050/1430 3108/2050/1430 3104/2047/1430
f 3109/2051/1574 3111/2051/1574 3118/2052/1574 3119/2053/1574
f 3105/2028/1440 3107/2028/1440 3113/2048/1440 3112/2048/1440
f 3107/2028/1440 3111/2051/1440 3114/2049/1440 3113/2048/1440
f 3111/2051/1440 3109/2051/1440 3115/2049/1440 3114/2049/1440
f 3109/2051/1440 3105/2028/1440 3112/2048/1440 3115/2049/1440
f 3118/2052/1575 3117/2054/1575 3116/2055/1575 3119/2053/1575
f 3107/2028/1576 3105/2028/1576 3116/2055/1576 3117/2054/1576
f 3105/2028/1577 3109/2051/1577 3119/2053/1577 3116/2055/1577
f 3111/2051/1578 3107/2028/1578 3117/2054/1578 3118/2052/1578
f 3120/2056/1450 3128/2057/1450 3129/2057/1450 3122/2056/1450
f 3122/2056/1452 3129/2057/1452 3130/2058/1452 3126/2059/1452
f 3126/2059/1453 3130/2058/1453 3131/2058/1453 3124/2059/1453
f 3124/2059/1451 3131/2058/1451 3128/2057/1451 3120/2056/1451
f 3122/2056/1430 3126/2059/1430 3124/2059/1430 3120/2056/1430
f 3125/2060/1574 3127/2060/1574 3134/2061/1574 3135/2062/1574
f 3121/2063/1440 3123/2063/1440 3129/2057/1440 3128/2057/1440
f 3123/2063/1440 3127/2060/1440 3130/2058/1440 3129/2057/1440
f 3127/2060/1440 3125/2060/1440 3131/2058/1440 3130/2058/1440
f 3125/2060/1440 3121/2063/1440 3128/2057/1440 3131/2058/1440
f 3134/2061/1575 3133/2064/1575 3132/2065/1575 3135/2062/1575
f 3123/2063/1576 3121/2063/1576 3132/2065/1576 3133/2064/1576
f 3121/2063/1577 3125/2060/1577 3135/2062/1577 3132/2065/1577
f 3127/2060/1578 3123/2063/1578 3133/2064/1578 3134/2061/1578
f 3136/2066/1450 3144/2067/1450 3145/2067/1450 3138/2066/1450
f 3138/2066/1452 3145/2067/1452 3146/2041/1452 3142/2068/1452
f 3142/2068/1453 3146/2041/1453 3147/2041/1453 3140/2068/1453
f 3140/2068/1451 3147/2041/1451 3144/2067/1451 3136/2066/1451
f 3138/2066/1430 3142/2068/1430 3140/2068/1430 3136/2066/1430
f 3141/2069/1574 3143/2069/1574 3150/2070/1574 3151/2071/1574
f 3137/2072/1440 3139/2072/1440 3145/2067/1440 3144/2067/1440
f 3139/2072/1440 3143/2069/1440 3146/2041/1440 3145/2067/1440
f 3143/2069/1440 3141/2069/1440 3147/2041/1440 3146/2041/1440
f 3141/2069/1440 3137/2072/1440 3144/2067/1440 3147/2041/1440
f 3150/2070/1575 3149/2073/1575 3148/2074/1575 3151/2071/1575
f 3139/2072/1576 3137/2072/1576 3148/2074/1576 3149/2073/1576
f 3137/2072/1577 3141/2069/1577 3151/2071/1577 3148/2074/1577
f 3143/2069/1578 3139/2072/1578 3149/2073/1578 3150/2070/1578
f 3152/2075/1450 3160/2076/1450 3161/2076/1450 3154/2075/1450
f 3154/2075/1452 3161/2076/1452 3162/2077/1452 3158/2078/1452
f 3158/2078/1453 3162/2077/1453 3163/2077/1453 3156/2078/1453
f 3156/2078/1451 3163/2077/1451 3160/2076/1451 3152/2075/1451
f 3154/2075/1430 3158/2078/1430 3156/2078/1430 3152/2075/1430
f 3157/2079/1574 3159/2079/1574 3166/2080/1574 3167/2081/1574
f 3153/2082/1440 3155/2082/1440 3161/2076/1440 3160/2076/1440
f 3155/2082/1440 3159/2079/1440 3162/2077/1440 3161/2076/1440
f 3159/2079/1440 3157/2079/1440 3163/2077/1440 3162/2077/1440
f 3157/2079/1440 3153/2082/1440 3160/2076/1440 3163/2077/1440
f 3166/2080/1575 3165/2083/1575 3164/2084/1575 3167/2081/1575
f 3155/2082/1576 3153/2082/1576 3164/2084/1576 3165/2083/1576
f 3153/2082/1577 3157/2079/1577 3167/2081/1577 3164/2084/1577
f 3159/2079/1578 3155/2082/1578 3165/2083/1578 3166/2080/1578
f 3168/2085/1450 3176/2086/1450 3177/2086/1450 3170/2085/1450
f 3170/2085/1452 3177/2086/1452 3178/2087/1452 3174/2088/1452
f 3174/2088/1453 3178/2087/1453 3179/2087/1453 3172/2088/1453
f 3172/2088/1451 3179/2087/1451 3176/2086/1451 3168/2085/1451
f 3170/2085/1430 3174/2088/1430 3172/2088/1430 3168/2085/1430
f 3173/2089/1574 3175/2089/1574 3182/2090/1574 3183/2091/1574
f 3169/2092/1440 3171/2092/1440 3177/2086/1440 3176/2086/1440
f 3171/2092/1440 3175/2089/1440 3178/2087/1440 3177/2086/1440
f 3175/2089/1440 3173/2089/1440 3179/2087/1440 3178/2087/1440
f 3173/2089/1440 3169/2092/1440 3176/2086/1440 3179/2087/1440
f 3182/2090/1575 3181/2093/1575 3180/2094/1575 3183/2091/1575
f 3171/2092/1576 3169/2092/1576 3180/2094/1576 3181/2093/1576
f 3169/2092/1577 3173/2089/1577 3183/2091/1577 3180/2094/1577
f 3175/2089/1578 3171/2092/1578 3181/2093/1578 3182/2090/1578
f 3184/2095/1450 3192/2096/1450 3193/2096/1450 3186/2095/1450
f 3186/2095/1452 3193/2096/1452 3194/2097/1452 3190/2098/1452
f 3190/2098/1453 3194/2097/1453 3195/2097/1453 3188/2098/1453
f 3188/2098/1451 3195/2097/1451 3192/2096/1451 3184/2095/1451
f 3186/2095/1430 3190/2098/1430 3188/2098/1430 3184/2095/1430
f 3189/2099/1574 3191/2099/1574 3198/2100/1574 3199/2101/1574
f 3185/2102/1440 3187/2102/1440 3193/2096/1440 3192/2096/1440
f 3187/2102/1440 3191/2099/1440 3194/2097/1440 3193/2096/1440
f 3191/2099/1440 3189/2099/1440 3195/2097/1440 3194/2097/1440
f 3189/2099/1440 3185/2102/1440 3192/2096/1440 3195/2097/1440
f 3198/2100/1575 3197/2103/1575 3196/2104/1575 3199/2101/1575
f 3187/2102/1576 3185/2102/1576 3196/2104/1576 3197/2103/1576
f 3185/2102/1577 3189/2099/1577 3199/2101/1577 3196/2104/1577
f 3191/2099/1578 3187/2102/1578 3197/2103/1578 3198/2100/1578
f 3200/2105/1450 3208/2106/1450 3209/2106/1450 3202/2105/1450
f 3202/2105/1452 3209/2106/1452 3210/2107/1452 3206/2108/1452
f 3206/2108/1453 3210/2107/1453 3211/2107/1453 3204/2108/1453
f 3204/2108/1451 3211/2107/1451 3208/2106/1451 3200/2105/1451
f 3202/2105/1430 3206/2108/1430 3204/2108/1430 3200/2105/1430
f 3205/2109/1574 3207/2109/1574 3214/2110/1574 3215/2111/1574
f 3201/2112/1440 3203/2112/1440 3209/2106/1440 3208/2106/1440
f 3203/2112/1440 3207/2109/1440 3210/2107/1440 3209/2106/1440
f 3207/2109/1440 3205/2109/1440 3211/2107/1440 3210/2107/1440
f 3205/2109/1440 3201/2112/1440 3208/2106/1440 3211/2107/1440
f 3214/2110/1575 3213/2113/1575 3212/2114/1575 3215/2111/1575
f 3203/2112/1576 3201/2112/1576 3212/2114/1576 3213/2113/1576
f 3201/2112/1577 3205/2109/1577 3215/2111/1577 3212/2114/1577
f 3207/2109/1578 3203/2112/1578 3213/2113/1578 3214/2110/1578
f 3216/2115/1450 3224/2116/1450 3225/2116/1450 3218/2115/1450
f 3218/2115/1452 3225/2116/1452 3226/2117/1452 3222/2118/1452
f 3222/2118/1453 3226/2117/1453 3227/2117/1453 3220/2118/1453
f 3220/2118/1451 3227/2117/1451 3224/2116/1451 3216/2115/1451
f 3218/2115/1430 3222/2118/1430 3220/2118/1430 3216/2115/1430
f 3221/2119/1574 3223/2119/1574 3230/2120/1574 3231/2121/1574
f 3217/2122/1440 3219/2122/1440 3225/2116/1440 3224/2116/1440
f 3219/2122/1440 3223/2119/1440 3226/2117/1440 3225/2116/1440
f 3223/2119/1440 3221/2119/1440 3227/2117/1440 3226/2117/1440
f 3221/2119/1440 3217/2122/1440 3224/2116/1440 3227/2117/1440
f 3230/2120/1575 3229/2123/1575 3228/2124/1575 3231/2121/1575
f 3219/2122/1576 3217/2122/1576 3228/2124/1576 3229/2123/1576
f 3217/2122/1577 3221/2119/1577 3231/2121/1577 3228/2124/1577
f 3223/2119/1578 3219/2122/1578 3229/2123/1578 3230/2120/1578
f 3232/2125/1450 3240/2126/1450 3241/2126/1450 3234/2125/1450
f 3234/2125/1452 3241/2126/1452 3242/2127/1452 3238/2128/1452
f 3238/2128/1453 3242/2127/1453 3243/2127/1453 3236/2128/1453
f 3236/2128/1451 3243/2127/1451 3240/2126/1451 3232/2125/1451
f 3234/2125/1430 3238/2128/1430 3236/2128/1430 3232/2125/1430
f 3237/2129/1574 3239/2129/1574 3246/2130/1574 3247/2131/1574
f 3233/2132/1440 3235/2132/1440 3241/2126/1440 3240/2126/1440
f 3235/2132/1440 3239/2129/1440 3242/2127/1440 3241/2126/1440
f 3239/2129/1440 3237/2129/1440 3243/2127/1440 3242/2127/1440
f 3237/2129/1440 3233/2132/1440 3240/2126/1440 3243/2127/1440
f 3246/2130/1575 3245/2133/1575 3244/2134/1575 3247/2131/1575
f 3235/2132/1576 3233/2132/1576 3244/2134/1576 3245/2133/1576
f 3233/2132/1577 3237/2129/1577 3247/2131/1577 3244/2134/1577
f 3239/2129/1578 3235/2132/1578 3245/2133/1578 3246/2130/1578
f 3248/2135/1450 3256/2136/1450 3257/2136/1450 3250/2135/1450
f 3250/2135/1452 3257/2136/1452 3258/2137/1452 3254/2138/1452
f 3254/2138/1453 3258/2137/1453 3259/2137/1453 3252/2138/1453
f 3252/2138/1451 3259/2137/1451 3256/2136/1451 3248/2135/1451
f 3250/2135/1430 3254/2138/1430 3252/2138/1430 3248/2135/1430
f 3253/2139/1574 3255/2139/1574 3262/2140/1574 3263/2141/1574
f 3249/2142/1440 3251/2142/1440 3257/2136/1440 3256/2136/1440
f 3251/2142/1440 3255/2139/1440 3258/2137/1440 3257/2136/1440
f 3255/2139/1440 3253/2139/1440 3259/2137/1440 3258/2137/1440
f 3253/2139/1440 3249/2142/1440 3256/2136/1440 3259/2137/1440
f 3262/2140/1575 3261/2143/1575 3260/2144/1575 3263/2141/1575
f 3251/2142/1576 3249/2142/1576 3260/2144/1576 3261/2143/1576
f 3249/2142/1577 3253/2139/1577 3263/2141/1577 3260/2144/1577
f 3255/2139/1578 3251/2142/1578 3261/2143/1578 3262/2140/1578
f 3264/2145/1450 3272/2145/1450 3273/2146/1450 3266/2146/1450
f 3266/2146/1440 3273/2146/1440 3274/2147/1440 3270/2147/1440
f 3270/2147/1453 3274/2147/1453 3275/2148/1453 3268/2148/1453
f 3268/2148/1430 3275/2148/1430 3272/2145/1430 3264/2145/1430
f 3266/2146/1452 3270/2147/1452 3268/2148/1452 3264/2145/1452
f 3269/2149/1570 3271/2150/1570 3278/2151/1570 3279/2152/1570
f 3265/2153/1451 3267/2154/1451 3273/2146/1451 3272/2145/1451
f 3267/2154/1451 3271/2150/1451 3274/2147/1451 3273/2146/1451
f 3271/2150/1451 3269/2149/1451 3275/2148/1451 3274/2147/1451
f 3269/2149/1451 3265/2153/1451 3272/2145/1451 3275/2148/1451
f 3278/2151/1451 3277/2155/1451 3276/2156/1451 3279/2152/1451
f 3267/2154/1571 3265/2153/1571 3276/2156/1571 3277/2155/1571
f 3265/2153/1579 3269/2149/1579 3279/2152/1579 3276/2156/1579
f 3271/2150/1580 3267/2154/1580 3277/2155/1580 3278/2151/1580
f 3280/2157/1450 3288/2157/1450 3289/2158/1450 3282/2158/1450
f 3282/2158/1440 3289/2158/1440 3290/2159/1440 3286/2159/1440
f 3286/2159/1453 3290/2159/1453 3291/2160/1453 3284/2160/1453
f 3284/2160/1430 3291/2160/1430 3288/2157/1430 3280/2157/1430
f 3282/2158/1452 3286/2159/1452 3284/2160/1452 3280/2157/1452
f 3285/2161/1570 3287/2162/1570 3294/2163/1570 3295/2164/1570
f 3281/2165/1451 3283/2166/1451 3289/2158/1451 3288/2157/1451
f 3283/2166/1451 3287/2162/1451 3290/2159/1451 3289/2158/1451
f 3287/2162/1451 3285/2161/1451 3291/2160/1451 3290/2159/1451
f 3285/2161/1451 3281/2165/1451 3288/2157/1451 3291/2160/1451
f 3294/2163/1451 3293/2167/1451 3292/2168/1451 3295/2164/1451
f 3283/2166/1571 3281/2165/1571 3292/2168/1571 3293/2167/1571
f 3281/2165/1579 3285/2161/1579 3295/2164/1579 3292/2168/1579
f 3287/2162/1573 3283/2166/1573 3293/2167/1573 3294/2163/1573
f 3296/2169/1450 3304/2169/1450 3305/2170/1450 3298/2170/1450
f 3298/2170/1440 3305/2170/1440 3306/2171/1440 3302/2171/1440
f 3302/2171/1453 3306/2171/1453 3307/2172/1453 3300/2172/1453
f 3300/2172/1430 3307/2172/1430 3304/2169/1430 3296/2169/1430
f 3298/2170/1452 3302/2171/1452 3300/2172/1452 3296/2169/1452
f 3301/2173/1570 3303/2174/1570 3310/2175/1570 3311/2176/1570
f 3297/2177/1451 3299/2178/1451 3305/2170/1451 3304/2169/1451
f 3299/2178/1451 3303/2174/1451 3306/2171/1451 3305/2170/1451
f 3303/2174/1451 3301/2173/1451 3307/2172/1451 3306/2171/1451
f 3301/2173/1451 3297/2177/1451 3304/2169/1451 3307/2172/1451
f 3310/2175/1451 3309/2179/1451 3308/2180/1451 3311/2176/1451
f 3299/2178/1571 3297/2177/1571 3308/2180/1571 3309/2179/1571
f 3297/2177/1572 3301/2173/1572 3311/2176/1572 3308/2180/1572
f 3303/2174/1573 3299/2178/1573 3309/2179/1573 3310/2175/1573
f 3312/2181/1450 3320/2181/1450 3321/2182/1450 3314/2182/1450
f 3314/2182/1440 3321/2182/1440 3322/2183/1440 3318/2183/1440
f 3318/2183/1453 3322/2183/1453 3323/2184/1453 3316/2184/1453
f 3316/2184/1430 3323/2184/1430 3320/2181/1430 3312/2181/1430
f 3314/2182/1452 3318/2183/1452 3316/2184/1452 3312/2181/1452
f 3317/2185/1570 3319/2186/1570 3326/2187/1570 3327/2188/1570
f 3313/2189/1451 3315/2190/1451 3321/2182/1451 3320/2181/1451
f 3315/2190/1451 3319/2186/1451 3322/2183/1451 3321/2182/1451
f 3319/2186/1451 3317/2185/1451 3323/2184/1451 3322/2183/1451
f 3317/2185/1451 3313/2189/1451 3320/2181/1451 3323/2184/1451
f 3326/2187/1451 3325/2191/1451 3324/2192/1451 3327/2188/1451
f 3315/2190/1571 3313/2189/1571 3324/2192/1571 3325/2191/1571
f 3313/2189/1572 3317/2185/1572 3327/2188/1572 3324/2192/1572
f 3319/2186/1573 3315/2190/1573 3325/2191/1573 3326/2187/1573
f 3328/2193/1450 3336/2193/1450 3337/2194/1450 3330/2194/1450
f 3330/2194/1440 3337/2194/1440 3338/2195/1440 3334/2195/1440
f 3334/2195/1453 3338/2195/1453 3339/2196/1453 3332/2196/1453
f 3332/2196/1430 3339/2196/1430 3336/2193/1430 3328/2193/1430
f 3330/2194/1452 3334/2195/1452 3332/2196/1452 3328/2193/1452
f 3333/2197/1570 3335/2198/1570 3342/2199/1570 3343/2200/1570
f 3329/2201/1451 3331/2202/1451 3337/2194/1451 3336/2193/1451
f 3331/2202/1451 3335/2198/1451 3338/2195/1451 3337/2194/1451
f 3335/2198/1451 3333/2197/1451 3339/2196/1451 3338/2195/1451
f 3333/2197/1451 3329/2201/1451 3336/2193/1451 3339/2196/1451
f 3342/2199/1451 3341/2203/1451 3340/2204/1451 3343/2200/1451
f 3331/2202/1571 3329/2201/1571 3340/2204/1571 3341/2203/1571
f 3329/2201/1572 3333/2197/1572 3343/2200/1572 3340/2204/1572
f 3335/2198/1573 3331/2202/1573 3341/2203/1573 3342/2199/1573
f 3344/2205/1450 3352/2205/1450 3353/2206/1450 3346/2206/1450
f 3346/2206/1440 3353/2206/1440 3354/2207/1440 3350/2207/1440
f 3350/2207/1453 3354/2207/1453 3355/2208/1453 3348/2208/1453
f 3348/2208/1430 3355/2208/1430 3352/2205/1430 3344/2205/1430
f 3346/2206/1452 3350/2207/1452 3348/2208/1452 3344/2205/1452
f 3349/2209/1570 3351/2210/1570 3358/2211/1570 3359/2212/1570
f 3345/2213/1451 3347/2214/1451 3353/2206/1451 3352/2205/1451
f 3347/2214/1451 3351/2210/1451 3354/2207/1451 3353/2206/1451
f 3351/2210/1451 3349/2209/1451 3355/2208/1451 3354/2207/1451
f 3349/2209/1451 3345/2213/1451 3352/2205/1451 3355/2208/1451
f 3358/2211/1451 3357/2215/1451 3356/2216/1451 3359/2212/1451
f 3347/2214/1571 3345/2213/1571 3356/2216/1571 3357/2215/1571
f 3345/2213/1572 3349/2209/1572 3359/2212/1572 3356/2216/1572
f 3351/2210/1573 3347/2214/1573 3357/2215/1573 3358/2211/1573
f 3360/2217/1450 3368/2217/1450 3369/2218/1450 3362/2218/1450
f 3362/2218/1440 3369/2218/1440 3370/2219/1440 3366/2219/1440
f 3366/2219/1453 3370/2219/1453 3371/2220/1453 3364/2220/1453
f 3364/2220/1430 3371/2220/1430 3368/2217/1430 3360/2217/1430
f 3362/2218/1452 3366/2219/1452 3364/2220/1452 3360/2217/1452
f 3365/2221/1570 3367/2222/1570 3374/2223/1570 3375/2224/1570
f 3361/2225/1451 3363/2226/1451 3369/2218/1451 3368/2217/1451
f 3363/2226/1451 3367/2222/1451 3370/2219/1451 3369/2218/1451
f 3367/2222/1451 3365/2221/1451 3371/2220/1451 3370/2219/1451
f 3365/2221/1451 3361/2225/1451 3368/2217/1451 3371/2220/1451
f 3374/2223/1451 3373/2227/1451 3372/2228/1451 3375/2224/1451
f 3363/2226/1571 3361/2225/1571 3372/2228/1571 3373/2227/1571
f 3361/2225/1572 3365/2221/1572 3375/2224/1572 3372/2228/1572
f 3367/2222/1573 3363/2226/1573 3373/2227/1573 3374/2223/1573
f 3376/2229/1450 3384/2229/1450 3385/2230/1450 3378/2230/1450
f 3378/2230/1440 3385/2230/1440 3386/2231/1440 3382/2231/1440
f 3382/2231/1453 3386/2231/1453 3387/2232/1453 3380/2232/1453
f 3380/2232/1430 3387/2232/1430 3384/2229/1430 3376/2229/1430
f 3378/2230/1452 3382/2231/1452 3380/2232/1452 3376/2229/1452
f 3381/2233/1570 3383/2234/1570 3390/2235/1570 3391/2236/1570
f 3377/2237/1451 3379/2238/1451 3385/2230/1451 3384/2229/1451
f 3379/2238/1451 3383/2234/1451 3386/2231/1451 3385/2230/1451
f 3383/2234/1451 3381/2233/1451 3387/2232/1451 3386/2231/1451
f 3381/2233/1451 3377/2237/1451 3384/2229/1451 3387/2232/1451
f 3390/2235/1451 3389/2239/1451 3388/2240/1451 3391/2236/1451
f 3379/2238/1571 3377/2237/1571 3388/2240/1571 3389/2239/1571
f 3377/2237/1579 3381/2233/1579 3391/2236/1579 3388/2240/1579
f 3383/2234/1573 3379/2238/1573 3389/2239/1573 3390/2235/1573
f 3392/2241/1450 3400/2241/1450 3401/2242/1450 3394/2242/1450
f 3394/2242/1440 3401/2242/1440 3402/2243/1440 3398/2243/1440
f 3398/2243/1453 3402/2243/1453 3403/2244/1453 3396/2244/1453
f 3396/2244/1430 3403/2244/1430 3400/2241/1430 3392/2241/1430
f 3394/2242/1452 3398/2243/1452 3396/2244/1452 3392/2241/1452
f 3397/2245/1570 3399/2246/1570 3406/2247/1570 3407/2248/1570
f 3393/2249/1451 3395/2250/1451 3401/2242/1451 3400/2241/1451
f 3395/2250/1451 3399/2246/1451 3402/2243/1451 3401/2242/1451
f 3399/2246/1451 3397/2245/1451 3403/2244/1451 3402/2243/1451
f 3397/2245/1451 3393/2249/1451 3400/2241/1451 3403/2244/1451
f 3406/2247/1451 3405/2251/1451 3404/2252/1451 3407/2248/1451
f 3395/2250/1571 3393/2249/1571 3404/2252/1571 3405/2251/1571
f 3393/2249/1572 3397/2245/1572 3407/2248/1572 3404/2252/1572
f 3399/2246/1573 3395/2250/1573 3405/2251/1573 3406/2247/1573
f 3408/2253/1450 3416/2253/1450 3417/2254/1450 3410/2254/1450
f 3410/2254/1440 3417/2254/1440 3418/2255/1440 3414/2255/1440
f 3414/2255/1453 3418/2255/1453 3419/2256/1453 3412/2256/1453
f 3412/2256/1430 3419/2256/1430 3416/2253/1430 3408/2253/1430
f 3410/2254/1452 3414/2255/1452 3412/2256/1452 3408/2253/1452
f 3413/2257/1581 3415/2258/1581 3422/2259/1581 3423/2260/1581
f 3409/2261/1451 3411/2262/1451 3417/2254/1451 3416/2253/1451
f 3411/2262/1451 3415/2258/1451 3418/2255/1451 3417/2254/1451
f 3415/2258/1451 3413/2257/1451 3419/2256/1451 3418/2255/1451
f 3413/2257/1451 3409/2261/1451 3416/2253/1451 3419/2256/1451
f 3422/2259/1451 3421/2263/1451 3420/2264/1451 3423/2260/1451
f 3411/2262/1571 3409/2261/1571 3420/2264/1571 3421/2263/1571
f 3409/2261/1579 3413/2257/1579 3423/2260/1579 3420/2264/1579
f 3415/2258/1580 3411/2262/1580 3421/2263/1580 3422/2259/1580
f 3424/2265/1450 3432/2265/1450 3433/2266/1450 3426/2266/1450
f 3426/2266/1440 3433/2266/1440 3434/2267/1440 3430/2267/1440
f 3430/2267/1453 3434/2267/1453 3435/2268/1453 3428/2268/1453
f 3428/2268/1430 3435/2268/1430 3432/2265/1430 3424/2265/1430
f 3426/2266/1452 3430/2267/1452 3428/2268/1452 3424/2265/1452
f 3429/2269/1570 3431/2270/1570 3438/2271/1570 3439/2272/1570
f 3425/2273/1451 3427/2274/1451 3433/2266/1451 3432/2265/1451
f 3427/2274/1451 3431/2270/1451 3434/2267/1451 3433/2266/1451
f 3431/2270/1451 3429/2269/1451 3435/2268/1451 3434/2267/1451
f 3429/2269/1451 3425/2273/1451 3432/2265/1451 3435/2268/1451
f 3438/2271/1451 3437/2275/1451 3436/2276/1451 3439/2272/1451
f 3427/2274/1582 3425/2273/1582 3436/2276/1582 3437/2275/1582
f 3425/2273/1579 3429/2269/1579 3439/2272/1579 3436/2276/1579
f 3431/2270/1580 3427/2274/1580 3437/2275/1580 3438/2271/1580
f 3440/2277/1450 3448/2277/1450 3449/2278/1450 3442/2278/1450
f 3442/2278/1440 3449/2278/1440 3450/2279/1440 3446/2279/1440
f 3446/2279/1453 3450/2279/1453 3451/2280/1453 3444/2280/1453
f 3444/2280/1430 3451/2280/1430 3448/2277/1430 3440/2277/1430
f 3442/2278/1452 3446/2279/1452 3444/2280/1452 3440/2277/1452
f 3445/2281/1581 3447/2282/1581 3454/2283/1581 3455/2284/1581
f 3441/2285/1451 3443/2286/1451 3449/2278/1451 3448/2277/1451
f 3443/2286/1451 3447/2282/1451 3450/2279/1451 3449/2278/1451
f 3447/2282/1451 3445/2281/1451 3451/2280/1451 3450/2279/1451
f 3445/2281/1451 3441/2285/1451 3448/2277/1451 3451/2280/1451
f 3454/2283/1451 3453/2287/1451 3452/2288/1451 3455/2284/1451
f 3443/2286/1571 3441/2285/1571 3452/2288/1571 3453/2287/1571
f 3441/2285/1579 3445/2281/1579 3455/2284/1579 3452/2288/1579
f 3447/2282/1580 3443/2286/1580 3453/2287/1580 3454/2283/1580
f 3456/2289/1450 3464/2289/1450 3465/2290/1450 3458/2290/1450
f 3458/2290/1440 3465/2290/1440 3466/2291/1440 3462/2291/1440
f 3462/2291/1453 3466/2291/1453 3467/2292/1453 3460/2292/1453
f 3460/2292/1430 3467/2292/1430 3464/2289/1430 3456/2289/1430
f 3458/2290/1452 3462/2291/1452 3460/2292/1452 3456/2289/1452
f 3461/2293/1570 3463/2294/1570 3470/2295/1570 3471/2296/1570
f 3457/2297/1451 3459/2298/1451 3465/2290/1451 3464/2289/1451
f 3459/2298/1451 3463/2294/1451 3466/2291/1451 3465/2290/1451
f 3463/2294/1451 3461/2293/1451 3467/2292/1451 3466/2291/1451
f 3461/2293/1451 3457/2297/1451 3464/2289/1451 3467/2292/1451
f 3470/2295/1451 3469/2299/1451 3468/2300/1451 3471/2296/1451
f 3459/2298/1582 3457/2297/1582 3468/2300/1582 3469/2299/1582
f 3457/2297/1579 3461/2293/1579 3471/2296/1579 3468/2300/1579
f 3463/2294/1580 3459/2298/1580 3469/2299/1580 3470/2295/1580
f 3472/2301/1450 3480/2301/1450 3481/2302/1450 3474/2302/1450
f 3474/2302/1440 3481/2302/1440 3482/2303/1440 3478/2303/1440
f 3478/2303/1453 3482/2303/1453 3483/2304/1453 3476/2304/1453
f 3476/2304/1430 3483/2304/1430 3480/2301/1430 3472/2301/1430
f 3474/2302/1452 3478/2303/1452 3476/2304/1452 3472/2301/1452
f 3477/2305/1581 3479/2306/1581 3486/2307/1581 3487/2308/1581
f 3473/2309/1451 3475/2310/1451 3481/2302/1451 3480/2301/1451
f 3475/2310/1451 3479/2306/1451 3482/2303/1451 3481/2302/1451
f 3479/2306/1451 3477/2305/1451 3483/2304/1451 3482/2303/1451
f 3477/2305/1451 3473/2309/1451 3480/2301/1451 3483/2304/1451
f 3486/2307/1451 3485/2311/1451 3484/2312/1451 3487/2308/1451
f 3475/2310/1571 3473/2309/1571 3484/2312/1571 3485/2311/1571
f 3473/2309/1579 3477/2305/1579 3487/2308/1579 3484/2312/1579
f 3479/2306/1580 3475/2310/1580 3485/2311/1580 3486/2307/1580
f 3488/2313/1450 3496/2313/1450 3497/2314/1450 3490/2314/1450
f 3490/2314/1440 3497/2314/1440 3498/2315/1440 3494/2315/1440
f 3494/2315/1453 3498/2315/1453 3499/2316/1453 3492/2316/1453
f 3492/2316/1430 3499/2316/1430 3496/2313/1430 3488/2313/1430
f 3490/2314/1452 3494/2315/1452 3492/2316/1452 3488/2313/1452
f 3493/2317/1570 3495/2318/1570 3502/2319/1570 3503/2320/1570
f 3489/2321/1451 3491/2322/1451 3497/2314/1451 3496/2313/1451
f 3491/2322/1451 3495/2318/1451 3498/2315/1451 3497/2314/1451
f 3495/2318/1451 3493/2317/1451 3499/2316/1451 3498/2315/1451
f 3493/2317/1451 3489/2321/1451 3496/2313/1451 3499/2316/1451
f 3502/2319/1451 3501/2323/1451 3500/2324/1451 3503/2320/1451
f 3491/2322/1582 3489/2321/1582 3500/2324/1582 3501/2323/1582
f 3489/2321/1579 3493/2317/1579 3503/2320/1579 3500/2324/1579
f 3495/2318/1580 3491/2322/1580 3501/2323/1580 3502/2319/1580
f 3507/2325/1453 3519/2325/1453 3517/2326/1453 3505/2326/1453
f 3508/2327/1452 3510/2328/1452 3511/2329/1452 3509/2330/1452
f 3513/2330/1453 3509/2330/1453 3511/2329/1453 3515/2329/1453
f 3512/2327/1430 3508/2327/1430 3509/2330/1430 3513/2330/1430
f 3514/2328/1450 3510/2328/1450 3508/2327/1450 3512/2327/1450
f 3515/2329/1440 3511/2329/1440 3510/2328/1440 3514/2328/1440
f 3504/2331/1451 3512/2327/1451 3513/2330/1451 3505/2332/1451
f 3507/2333/1451 3515/2329/1451 3514/2328/1451 3506/2334/1451
f 3505/2332/1451 3513/2330/1451 3515/2329/1451 3507/2333/1451
f 3506/2334/1451 3514/2328/1451 3512/2327/1451 3504/2331/1451
f 3516/2335/1451 3517/2326/1451 3519/2325/1451 3518/2336/1451
f 3505/2326/1430 3517/2326/1430 3516/2335/1430 3504/2335/1430
f 3504/2335/1450 3516/2335/1450 3518/2336/1450 3506/2336/1450
f 3506/2336/1440 3518/2336/1440 3519/2325/1440 3507/2325/1440
f 3523/2337/1453 3535/2337/1453 3533/2338/1453 3521/2338/1453
f 3524/2339/1452 3526/2340/1452 3527/2341/1452 3525/2342/1452
f 3529/2342/1453 3525/2342/1453 3527/2341/1453 3531/2341/1453
f 3528/2339/1430 3524/2339/1430 3525/2342/1430 3529/2342/1430
f 3530/2340/1450 3526/2340/1450 3524/2339/1450 3528/2339/1450
f 3531/2341/1440 3527/2341/1440 3526/2340/1440 3530/2340/1440
f 3520/2343/1451 3528/2339/1451 3529/2342/1451 3521/2344/1451
f 3523/2345/1451 3531/2341/1451 3530/2340/1451 3522/2346/1451
f 3521/2344/1451 3529/2342/1451 3531/2341/1451 3523/2345/1451
f 3522/2346/1451 3530/2340/1451 3528/2339/1451 3520/2343/1451
f 3532/2347/1451 3533/2338/1451 3535/2337/1451 3534/2348/1451
f 3521/2338/1430 3533/2338/1430 3532/2347/1430 3520/2347/1430
f 3520/2347/1450 3532/2347/1450 3534/2348/1450 3522/2348/1450
f 3522/2348/1440 3534/2348/1440 3535/2337/1440 3523/2337/1440
f 3539/2349/1453 3551/2349/1453 3549/2350/1453 3537/2350/1453
f 3540/2351/1452 3542/2352/1452 3543/2353/1452 3541/2354/1452
f 3545/2354/1453 3541/2354/1453 3543/2353/1453 3547/2353/1453
f 3544/2351/1430 3540/2351/1430 3541/2354/1430 3545/2354/1430
f 3546/2352/1450 3542/2352/1450 3540/2351/1450 3544/2351/1450
f 3547/2353/1440 3543/2353/1440 3542/2352/1440 3546/2352/1440
f 3536/2355/1451 3544/2351/1451 3545/2354/1451 3537/2356/1451
f 3539/2357/1451 3547/2353/1451 3546/2352/1451 3538/2358/1451
f 3537/2356/1451 3545/2354/1451 3547/2353/1451 3539/2357/1451
f 3538/2358/1451 3546/2352/1451 3544/2351/1451 3536/2355/1451
f 3548/2359/1451 3549/2350/1451 3551/2349/1451 3550/2360/1451
f 3537/2350/1430 3549/2350/1430 3548/2359/1430 3536/2359/1430
f 3536/2359/1450 3548/2359/1450 3550/2360/1450 3538/2360/1450
f 3538/2360/1440 3550/2360/1440 3551/2349/1440 3539/2349/1440
f 3555/2361/1453 3567/2361/1453 3565/2362/1453 3553/2362/1453
f 3556/2363/1452 3558/2364/1452 3559/2365/1452 3557/2366/1452
f 3561/2366/1453 3557/2366/1453 3559/2365/1453 3563/2365/1453
f 3560/2363/1430 3556/2363/1430 3557/2366/1430 3561/2366/1430
f 3562/2364/1450 3558/2364/1450 3556/2363/1450 3560/2363/1450
f 3563/2365/1440 3559/2365/1440 3558/2364/1440 3562/2364/1440
f 3552/2367/1451 3560/2363/1451 3561/2366/1451 3553/2368/1451
f 3555/2369/1451 3563/2365/1451 3562/2364/1451 3554/2370/1451
f 3553/2368/1451 3561/2366/1451 3563/2365/1451 3555/2369/1451
f 3554/2370/1451 3562/2364/1451 3560/2363/1451 3552/2367/1451
f 3564/2371/1451 3565/2362/1451 3567/2361/1451 3566/2372/1451
f 3553/2362/1430 3565/2362/1430 3564/2371/1430 3552/2371/1430
f 3552/2371/1450 3564/2371/1450 3566/2372/1450 3554/2372/1450
f 3554/2372/1440 3566/2372/1440 3567/2361/1440 3555/2361/1440
f 3571/2373/1453 3583/2373/1453 3581/2374/1453 3569/2374/1453
f 3572/2375/1452 3574/2376/1452 3575/2377/1452 3573/2378/1452
f 3577/2378/1453 3573/2378/1453 3575/2377/1453 3579/2377/1453
f 3576/2375/1430 3572/2375/1430 3573/2378/1430 3577/2378/1430
f 3578/2376/1450 3574/2376/1450 3572/2375/1450 3576/2375/1450
f 3579/2377/1440 3575/2377/1440 3574/2376/1440 3578/2376/1440
f 3568/2379/1451 3576/2375/1451 3577/2378/1451 3569/2380/1451
f 3571/2381/1451 3579/2377/1451 3578/2376/1451 3570/2382/1451
f 3569/2380/1451 3577/2378/1451 3579/2377/1451 3571/2381/1451
f 3570/2382/1451 3578/2376/1451 3576/2375/1451 3568/2379/1451
f 3580/2383/1451 3581/2374/1451 3583/2373/1451 3582/2384/1451
f 3569/2374/1430 3581/2374/1430 3580/2383/1430 3568/2383/1430
f 3568/2383/1450 3580/2383/1450 3582/2384/1450 3570/2384/1450
f 3570/2384/1440 3582/2384/1440 3583/2373/1440 3571/2373/1440
f 3587/2385/1453 3599/2385/1453 3597/2386/1453 3585/2386/1453
f 3588/2387/1452 3590/2388/1452 3591/2389/1452 3589/2390/1452
f 3593/2390/1453 3589/2390/1453 3591/2389/1453 3595/2389/1453
f 3592/2387/1430 3588/2387/1430 3589/2390/1430 3593/2390/1430
f 3594/2388/1450 3590/2388/1450 3588/2387/1450 3592/2387/1450
f 3595/2389/1440 3591/2389/1440 3590/2388/1440 3594/2388/1440
f 3584/2391/1451 3592/2387/1451 3593/2390/1451 3585/2392/1451
f 3587/2393/1451 3595/2389/1451 3594/2388/1451 3586/2394/1451
f 3585/2392/1451 3593/2390/1451 3595/2389/1451 3587/2393/1451
f 3586/2394/1451 3594/2388/1451 3592/2387/1451 3584/2391/1451
f 3596/2395/1451 3597/2386/1451 3599/2385/1451 3598/2396/1451
f 3585/2386/1430 3597/2386/1430 3596/2395/1430 3584/2395/1430
f 3584/2395/1450 3596/2395/1450 3598/2396/1450 3586/2396/1450
f 3586/2396/1440 3598/2396/1440 3599/2385/1440 3587/2385/1440
f 3603/2397/1453 3615/2397/1453 3613/2398/1453 3601/2398/1453
f 3604/2399/1452 3606/2400/1452 3607/2401/1452 3605/2402/1452
f 3609/2402/1453 3605/2402/1453 3607/2401/1453 3611/2401/1453
f 3608/2399/1430 3604/2399/1430 3605/2402/1430 3609/2402/1430
f 3610/2400/1450 3606/2400/1450 3604/2399/1450 3608/2399/1450
f 3611/2401/1440 3607/2401/1440 3606/2400/1440 3610/2400/1440
f 3600/2403/1451 3608/2399/1451 3609/2402/1451 3601/2404/1451
f 3603/2405/1451 3611/2401/1451 3610/2400/1451 3602/2406/1451
f 3601/2404/1451 3609/2402/1451 3611/2401/1451 3603/2405/1451
f 3602/2406/1451 3610/2400/1451 3608/2399/1451 3600/2403/1451
f 3612/2407/1451 3613/2398/1451 3615/2397/1451 3614/2408/1451
f 3601/2398/1430 3613/2398/1430 3612/2407/1430 3600/2407/1430
f 3600/2407/1450 3612/2407/1450 3614/2408/1450 3602/2408/1450
f 3602/2408/1440 3614/2408/1440 3615/2397/1440 3603/2397/1440
f 3619/2397/1453 3631/2397/1453 3629/2398/1453 3617/2398/1453
f 3620/2399/1452 3622/2400/1452 3623/2401/1452 3621/2402/1452
f 3625/2402/1453 3621/2402/1453 3623/2401/1453 3627/2401/1453
f 3624/2399/1430 3620/2399/1430 3621/2402/1430 3625/2402/1430
f 3626/2400/1450 3622/2400/1450 3620/2399/1450 3624/2399/1450
f 3627/2401/1440 3623/2401/1440 3622/2400/1440 3626/2400/1440
f 3616/2403/1451 3624/2399/1451 3625/2402/1451 3617/2404/1451
f 3619/2405/1451 3627/2401/1451 3626/2400/1451 3618/2406/1451
f 3617/2404/1451 3625/2402/1451 3627/2401/1451 3619/2405/1451
f 3618/2406/1451 3626/2400/1451 3624/2399/1451 3616/2403/1451
f 3628/2407/1451 3629/2398/1451 3631/2397/1451 3630/2408/1451
f 3617/2398/1430 3629/2398/1430 3628/2407/1430 3616/2407/1430
f 3616/2407/1450 3628/2407/1450 3630/2408/1450 3618/2408/1450
f 3618/2408/1440 3630/2408/1440 3631/2397/1440 3619/2397/1440
f 3635/2397/1453 3647/2397/1453 3645/2398/1453 3633/2398/1453
f 3636/2399/1452 3638/2400/1452 3639/2401/1452 3637/2402/1452
f 3641/2402/1453 3637/2402/1453 3639/2401/1453 3643/2401/1453
f 3640/2399/1430 3636/2399/1430 3637/2402/1430 3641/2402/1430
f 3642/2400/1450 3638/2400/1450 3636/2399/1450 3640/2399/1450
f 3643/2401/1440 3639/2401/1440 3638/2400/1440 3642/2400/1440
f 3632/2403/1451 3640/2399/1451 3641/2402/1451 3633/2404/1451
f 3635/2405/1451 3643/2401/1451 3642/2400/1451 3634/2406/1451
f 3633/2404/1451 3641/2402/1451 3643/2401/1451 3635/2405/1451
f 3634/2406/1451 3642/2400/1451 3640/2399/1451 3632/2403/1451
f 3644/2407/1451 3645/2398/1451 3647/2397/1451 3646/2408/1451
f 3633/2398/1430 3645/2398/1430 3644/2407/1430 3632/2407/1430
f 3632/2407/1450 3644/2407/1450 3646/2408/1450 3634/2408/1450
f 3634/2408/1440 3646/2408/1440 3647/2397/1440 3635/2397/1440
f 3651/2397/1453 3663/2397/1453 3661/2398/1453 3649/2398/1453
f 3652/2399/1452 3654/2400/1452 3655/2401/1452 3653/2402/1452
f 3657/2402/1453 3653/2402/1453 3655/2401/1453 3659/2401/1453
f 3656/2399/1430 3652/2399/1430 3653/2402/1430 3657/2402/1430
f 3658/2400/1450 3654/2400/1450 3652/2399/1450 3656/2399/1450
f 3659/2401/1440 3655/2401/1440 3654/2400/1440 3658/2400/1440
f 3648/2403/1451 3656/2399/1451 3657/2402/1451 3649/2404/1451
f 3651/2405/1451 3659/2401/1451 3658/2400/1451 3650/2406/1451
f 3649/2404/1451 3657/2402/1451 3659/2401/1451 3651/2405/1451
f 3650/2406/1451 3658/2400/1451 3656/2399/1451 3648/2403/1451
f 3660/2407/1451 3661/2398/1451 3663/2397/1451 3662/2408/1451
f 3649/2398/1430 3661/2398/1430 3660/2407/1430 3648/2407/1430
f 3648/2407/1450 3660/2407/1450 3662/2408/1450 3650/2408/1450
f 3650/2408/1440 3662/2408/1440 3663/2397/1440 3651/2397/1440
f 3664/2409/1450 3672/2409/1450 3673/2410/1450 3666/2410/1450
f 3666/2410/1440 3673/2410/1440 3674/2411/1440 3670/2411/1440
f 3670/2411/1453 3674/2411/1453 3675/2412/1453 3668/2412/1453
f 3668/2412/1430 3675/2412/1430 3672/2409/1430 3664/2409/1430
f 3666/2410/1452 3670/2411/1452 3668/2412/1452 3664/2409/1452
f 3669/2413/1583 3671/2414/1583 3678/2415/1583 3679/2416/1583
f 3665/2417/1451 3667/2418/1451 3673/2410/1451 3672/2409/1451
f 3667/2418/1451 3671/2414/1451 3674/2411/1451 3673/2410/1451
f 3671/2414/1451 3669/2413/1451 3675/2412/1451 3674/2411/1451
f 3669/2413/1451 3665/2417/1451 3672/2409/1451 3675/2412/1451
f 3678/2415/1451 3677/2419/1451 3676/2420/1451 3679/2416/1451
f 3667/2418/1584 3665/2417/1584 3676/2420/1584 3677/2419/1584
f 3665/2417/1585 3669/2413/1585 3679/2416/1585 3676/2420/1585
f 3671/2414/1586 3667/2418/1586 3677/2419/1586 3678/2415/1586
f 3680/2421/1450 3688/2421/1450 3689/2422/1450 3682/2422/1450
f 3682/2422/1440 3689/2422/1440 3690/2423/1440 3686/2423/1440
f 3686/2423/1453 3690/2423/1453 3691/2424/1453 3684/2424/1453
f 3684/2424/1430 3691/2424/1430 3688/2421/1430 3680/2421/1430
f 3682/2422/1452 3686/2423/1452 3684/2424/1452 3680/2421/1452
f 3685/2425/1587 3687/2426/1587 3694/2427/1587 3695/2428/1587
f 3681/2429/1451 3683/2430/1451 3689/2422/1451 3688/2421/1451
f 3683/2430/1451 3687/2426/1451 3690/2423/1451 3689/2422/1451
f 3687/2426/1451 3685/2425/1451 3691/2424/1451 3690/2423/1451
f 3685/2425/1451 3681/2429/1451 3688/2421/1451 3691/2424/1451
f 3694/2427/1451 3693/2431/1451 3692/2432/1451 3695/2428/1451
f 3683/2430/1588 3681/2429/1588 3692/2432/1588 3693/2431/1588
f 3681/2429/1585 3685/2425/1585 3695/2428/1585 3692/2432/1585
f 3687/2426/1586 3683/2430/1586 3693/2431/1586 3694/2427/1586
f 3697/2433/1452 3696/2434/1452 3699/2435/1452 3698/2436/1452
f 3704/2433/1451 3706/2436/1451 3707/2435/1451 3705/2434/1451
f 3696/2434/1452 3703/2437/1452 3700/2438/1452 3699/2435/1452
f 3703/2437/1452 3702/2439/1452 3701/2440/1452 3700/2438/1452
f 3708/2438/1589 3711/2437/1589 3715/2437/1589 3712/2438/1589
f 3711/2437/1451 3708/2438/1451 3709/2440/1451 3710/2439/1451
f 3702/2439/1590 3703/2437/1590 3711/2437/1590 3710/2439/1590
f 3700/2438/1591 3701/2440/1591 3709/2440/1591 3708/2438/1591
f 3698/2436/1592 3699/2435/1592 3707/2435/1592 3706/2436/1592
f 3696/2434/1593 3697/2433/1593 3704/2433/1593 3705/2434/1593
f 3703/2437/1594 3696/2434/1594 3705/2434/1594 3711/2437/1594
f 3701/2440/1589 3702/2439/1589 3710/2439/1589 3709/2440/1589
f 3699/2435/1595 3700/2438/1595 3708/2438/1595 3707/2435/1595
f 3697/2433/1596 3698/2436/1596 3706/2436/1596 3704/2433/1596
f 3714/2434/1451 3713/2435/1451 3712/2438/1451 3715/2437/1451
f 3711/2437/1594 3705/2434/1594 3714/2434/1594 3715/2437/1594
f 3707/2435/1595 3708/2438/1595 3712/2438/1595 3713/2435/1595
f 3705/2434/1596 3707/2435/1596 3713/2435/1596 3714/2434/1596
f 3717/2441/1452 3716/2442/1452 3719/2443/1452 3718/2444/1452
f 3724/2441/1451 3726/2444/1451 3727/2443/1451 3725/2442/1451
f 3716/2442/1452 3723/2445/1452 3720/2446/1452 3719/2443/1452
f 3723/2445/1452 3722/2447/1452 3721/2448/1452 3720/2446/1452
f 3728/2446/1596 3731/2445/1596 3735/2445/1596 3732/2446/1596
f 3731/2445/1451 3728/2446/1451 3729/2448/1451 3730/2447/1451
f 3722/2447/1592 3723/2445/1592 3731/2445/1592 3730/2447/1592
f 3720/2446/1593 3721/2448/1593 3729/2448/1593 3728/2446/1593
f 3718/2444/1590 3719/2443/1590 3727/2443/1590 3726/2444/1590
f 3716/2442/1591 3717/2441/1591 3724/2441/1591 3725/2442/1591
f 3723/2445/1595 3716/2442/1595 3725/2442/1595 3731/2445/1595
f 3721/2448/1596 3722/2447/1596 3730/2447/1596 3729/2448/1596
f 3719/2443/1594 3720/2446/1594 3728/2446/1594 3727/2443/1594
f 3717/2441/1589 3718/2444/1589 3726/2444/1589 3724/2441/1589
f 3734/2442/1451 3733/2443/1451 3732/2446/1451 3735/2445/1451
f 3731/2445/1595 3725/2442/1595 3734/2442/1595 3735/2445/1595
f 3727/2443/1594 3728/2446/1594 3732/2446/1594 3733/2443/1594
f 3725/2442/1589 3727/2443/1589 3733/2443/1589 3734/2442/1589
f 3737/2449/1452 3736/2450/1452 3739/2451/1452 3738/2452/1452
f 3744/2449/1451 3746/2452/1451 3747/2451/1451 3745/2450/1451
f 3736/2450/1452 3743/2453/1452 3740/2454/1452 3739/2451/1452
f 3743/2453/1452 3742/2455/1452 3741/2456/1452 3740/2454/1452
f 3748/2454/1596 3751/2453/1596 3755/2453/1596 3752/2454/1596
f 3751/2453/1451 3748/2454/1451 3749/2456/1451 3750/2455/1451
f 3742/2455/1592 3743/2453/1592 3751/2453/1592 3750/2455/1592
f 3740/2454/1593 3741/2456/1593 3749/2456/1593 3748/2454/1593
f 3738/2452/1590 3739/2451/1590 3747/2451/1590 3746/2452/1590
f 3736/2450/1591 3737/2449/1591 3744/2449/1591 3745/2450/1591
f 3743/2453/1595 3736/2450/1595 3745/2450/1595 3751/2453/1595
f 3741/2456/1596 3742/2455/1596 3750/2455/1596 3749/2456/1596
f 3739/2451/1594 3740/2454/1594 3748/2454/1594 3747/2451/1594
f 3737/2449/1589 3738/2452/1589 3746/2452/1589 3744/2449/1589
f 3754/2450/1451 3753/2451/1451 3752/2454/1451 3755/2453/1451
f 3751/2453/1595 3745/2450/1595 3754/2450/1595 3755/2453/1595
f 3747/2451/1594 3748/2454/1594 3752/2454/1594 3753/2451/1594
f 3745/2450/1589 3747/2451/1589 3753/2451/1589 3754/2450/1589
f 3757/2457/1452 3756/2458/1452 3759/2459/1452 3758/2460/1452
f 3764/2457/1451 3766/2460/1451 3767/2459/1451 3765/2458/1451
f 3756/2458/1452 3763/2461/1452 3760/2462/1452 3759/2459/1452
f 3763/2461/1452 3762/2463/1452 3761/2464/1452 3760/2462/1452
f 3768/2462/1596 3771/2461/1596 3775/2461/1596 3772/2462/1596
f 3771/2461/1451 3768/2462/1451 3769/2464/1451 3770/2463/1451
f 3762/2463/1592 3763/2461/1592 3771/2461/1592 3770/2463/1592
f 3760/2462/1593 3761/2464/1593 3769/2464/1593 3768/2462/1593
f 3758/2460/1590 3759/2459/1590 3767/2459/1590 3766/2460/1590
f 3756/2458/1591 3757/2457/1591 3764/2457/1591 3765/2458/1591
f 3763/2461/1595 3756/2458/1595 3765/2458/1595 3771/2461/1595
f 3761/2464/1596 3762/2463/1596 3770/2463/1596 3769/2464/1596
f 3759/2459/1594 3760/2462/1594 3768/2462/1594 3767/2459/1594
f 3757/2457/1589 3758/2460/1589 3766/2460/1589 3764/2457/1589
f 3774/2458/1451 3773/2459/1451 3772/2462/1451 3775/2461/1451
f 3771/2461/1595 3765/2458/1595 3774/2458/1595 3775/2461/1595
f 3767/2459/1594 3768/2462/1594 3772/2462/1594 3773/2459/1594
f 3765/2458/1589 3767/2459/1589 3773/2459/1589 3774/2458/1589
f 3776/2465/1450 3784/2465/1450 3785/2466/1450 3778/2466/1450
f 3778/2466/1440 3785/2466/1440 3786/2467/1440 3782/2467/1440
f 3782/2467/1453 3786/2467/1453 3787/2468/1453 3780/2468/1453
f 3780/2468/1430 3787/2468/1430 3784/2465/1430 3776/2465/1430
f 3778/2466/1452 3782/2467/1452 3780/2468/1452 3776/2465/1452
f 3781/2469/1581 3783/2470/1581 3790/2471/1581 3791/2472/1581
f 3777/2473/1451 3779/2474/1451 3785/2466/1451 3784/2465/1451
f 3779/2474/1451 3783/2470/1451 3786/2467/1451 3785/2466/1451
f 3783/2470/1451 3781/2469/1451 3787/2468/1451 3786/2467/1451
f 3781/2469/1451 3777/2473/1451 3784/2465/1451 3787/2468/1451
f 3790/2471/1451 3789/2475/1451 3788/2476/1451 3791/2472/1451
f 3779/2474/1571 3777/2473/1571 3788/2476/1571 3789/2475/1571
f 3777/2473/1579 3781/2469/1579 3791/2472/1579 3788/2476/1579
f 3783/2470/1573 3779/2474/1573 3789/2475/1573 3790/2471/1573
f 3792/2477/1450 3800/2477/1450 3801/2478/1450 3794/2478/1450
f 3794/2478/1440 3801/2478/1440 3802/2479/1440 3798/2479/1440
f 3798/2479/1453 3802/2479/1453 3803/2480/1453 3796/2480/1453
f 3796/2480/1430 3803/2480/1430 3800/2477/1430 3792/2477/1430
f 3794/2478/1452 3798/2479/1452 3796/2480/1452 3792/2477/1452
f 3797/2481/1570 3799/2482/1570 3806/2483/1570 3807/2484/1570
f 3793/2485/1451 3795/2486/1451 3801/2478/1451 3800/2477/1451
f 3795/2486/1451 3799/2482/1451 3802/2479/1451 3801/2478/1451
f 3799/2482/1451 3797/2481/1451 3803/2480/1451 3802/2479/1451
f 3797/2481/1451 3793/2485/1451 3800/2477/1451 3803/2480/1451
f 3806/2483/1451 3805/2487/1451 3804/2488/1451 3807/2484/1451
f 3795/2486/1582 3793/2485/1582 3804/2488/1582 3805/2487/1582
f 3793/2485/1579 3797/2481/1579 3807/2484/1579 3804/2488/1579
f 3799/2482/1573 3795/2486/1573 3805/2487/1573 3806/2483/1573
f 3808/2489/1450 3816/2489/1450 3817/2490/1450 3810/2490/1450
f 3810/2490/1440 3817/2490/1440 3818/2491/1440 3814/2491/1440
f 3814/2491/1453 3818/2491/1453 3819/2492/1453 3812/2492/1453
f 3812/2492/1430 3819/2492/1430 3816/2489/1430 3808/2489/1430
f 3810/2490/1452 3814/2491/1452 3812/2492/1452 3808/2489/1452
f 3813/2493/1581 3815/2494/1581 3822/2495/1581 3823/2496/1581
f 3809/2497/1451 3811/2498/1451 3817/2490/1451 3816/2489/1451
f 3811/2498/1451 3815/2494/1451 3818/2491/1451 3817/2490/1451
f 3815/2494/1451 3813/2493/1451 3819/2492/1451 3818/2491/1451
f 3813/2493/1451 3809/2497/1451 3816/2489/1451 3819/2492/1451
f 3822/2495/1451 3821/2499/1451 3820/2500/1451 3823/2496/1451
f 3811/2498/1571 3809/2497/1571 3820/2500/1571 3821/2499/1571
f 3809/2497/1579 3813/2493/1579 3823/2496/1579 3820/2500/1579
f 3815/2494/1573 3811/2498/1573 3821/2499/1573 3822/2495/1573
f 3824/2501/1450 3832/2501/1450 3833/2502/1450 3826/2502/1450
f 3826/2502/1440 3833/2502/1440 3834/2503/1440 3830/2503/1440
f 3830/2503/1453 3834/2503/1453 3835/2504/1453 3828/2504/1453
f 3828/2504/1430 3835/2504/1430 3832/2501/1430 3824/2501/1430
f 3826/2502/1452 3830/2503/1452 3828/2504/1452 3824/2501/1452
f 3829/2505/1570 3831/2506/1570 3838/2507/1570 3839/2508/1570
f 3825/2509/1451 3827/2510/1451 3833/2502/1451 3832/2501/1451
f 3827/2510/1451 3831/2506/1451 3834/2503/1451 3833/2502/1451
f 3831/2506/1451 3829/2505/1451 3835/2504/1451 3834/2503/1451
f 3829/2505/1451 3825/2509/1451 3832/2501/1451 3835/2504/1451
f 3838/2507/1451 3837/2511/1451 3836/2512/1451 3839/2508/1451
f 3827/2510/1571 3825/2509/1571 3836/2512/1571 3837/2511/1571
f 3825/2509/1572 3829/2505/1572 3839/2508/1572 3836/2512/1572
f 3831/2506/1580 3827/2510/1580 3837/2511/1580 3838/2507/1580
f 3840/2513/1450 3848/2513/1450 3849/2514/1450 3842/2514/1450
f 3842/2514/1440 3849/2514/1440 3850/2515/1440 3846/2515/1440
f 3846/2515/1453 3850/2515/1453 3851/2516/1453 3844/2516/1453
f 3844/2516/1430 3851/2516/1430 3848/2513/1430 3840/2513/1430
f 3842/2514/1452 3846/2515/1452 3844/2516/1452 3840/2513/1452
f 3845/2517/1570 3847/2518/1570 3854/2519/1570 3855/2520/1570
f 3841/2521/1451 3843/2522/1451 3849/2514/1451 3848/2513/1451
f 3843/2522/1451 3847/2518/1451 3850/2515/1451 3849/2514/1451
f 3847/2518/1451 3845/2517/1451 3851/2516/1451 3850/2515/1451
f 3845/2517/1451 3841/2521/1451 3848/2513/1451 3851/2516/1451
f 3854/2519/1451 3853/2523/1451 3852/2524/1451 3855/2520/1451
f 3843/2522/1571 3841/2521/1571 3852/2524/1571 3853/2523/1571
f 3841/2521/1572 3845/2517/1572 3855/2520/1572 3852/2524/1572
f 3847/2518/1580 3843/2522/1580 3853/2523/1580 3854/2519/1580
f 3856/2525/1450 3864/2525/1450 3865/2526/1450 3858/2526/1450
f 3858/2526/1440 3865/2526/1440 3866/2527/1440 3862/2527/1440
f 3862/2527/1453 3866/2527/1453 3867/2528/1453 3860/2528/1453
f 3860/2528/1430 3867/2528/1430 3864/2525/1430 3856/2525/1430
f 3858/2526/1452 3862/2527/1452 3860/2528/1452 3856/2525/1452
f 3861/2529/1570 3863/2530/1570 3870/2531/1570 3871/2532/1570
f 3857/2533/1451 3859/2534/1451 3865/2526/1451 3864/2525/1451
f 3859/2534/1451 3863/2530/1451 3866/2527/1451 3865/2526/1451
f 3863/2530/1451 3861/2529/1451 3867/2528/1451 3866/2527/1451
f 3861/2529/1451 3857/2533/1451 3864/2525/1451 3867/2528/1451
f 3870/2531/1451 3869/2535/1451 3868/2536/1451 3871/2532/1451
f 3859/2534/1571 3857/2533/1571 3868/2536/1571 3869/2535/1571
f 3857/2533/1579 3861/2529/1579 3871/2532/1579 3868/2536/1579
f 3863/2530/1573 3859/2534/1573 3869/2535/1573 3870/2531/1573
f 3872/2537/1450 3880/2537/1450 3881/2538/1450 3874/2538/1450
f 3874/2538/1440 3881/2538/1440 3882/2539/1440 3878/2539/1440
f 3878/2539/1453 3882/2539/1453 3883/2540/1453 3876/2540/1453
f 3876/2540/1430 3883/2540/1430 3880/2537/1430 3872/2537/1430
f 3874/2538/1452 3878/2539/1452 3876/2540/1452 3872/2537/1452
f 3877/2541/1570 3879/2542/1570 3886/2543/1570 3887/2544/1570
f 3873/2545/1451 3875/2546/1451 3881/2538/1451 3880/2537/1451
f 3875/2546/1451 3879/2542/1451 3882/2539/1451 3881/2538/1451
f 3879/2542/1451 3877/2541/1451 3883/2540/1451 3882/2539/1451
f 3877/2541/1451 3873/2545/1451 3880/2537/1451 3883/2540/1451
f 3886/2543/1451 3885/2547/1451 3884/2548/1451 3887/2544/1451
f 3875/2546/1571 3873/2545/1571 3884/2548/1571 3885/2547/1571
f 3873/2545/1579 3877/2541/1579 3887/2544/1579 3884/2548/1579
f 3879/2542/1573 3875/2546/1573 3885/2547/1573 3886/2543/1573
f 3888/2549/1450 3896/2549/1450 3897/2550/1450 3890/2550/1450
f 3890/2550/1440 3897/2550/1440 3898/2551/1440 3894/2551/1440
f 3894/2551/1453 3898/2551/1453 3899/2552/1453 3892/2552/1453
f 3892/2552/1430 3899/2552/1430 3896/2549/1430 3888/2549/1430
f 3890/2550/1452 3894/2551/1452 3892/2552/1452 3888/2549/1452
f 3893/2553/1570 3895/2554/1570 3902/2555/1570 3903/2556/1570
f 3889/2557/1451 3891/2558/1451 3897/2550/1451 3896/2549/1451
f 3891/2558/1451 3895/2554/1451 3898/2551/1451 3897/2550/1451
f 3895/2554/1451 3893/2553/1451 3899/2552/1451 3898/2551/1451
f 3893/2553/1451 3889/2557/1451 3896/2549/1451 3899/2552/1451
f 3902/2555/1451 3901/2559/1451 3900/2560/1451 3903/2556/1451
f 3891/2558/1571 3889/2557/1571 3900/2560/1571 3901/2559/1571
f 3889/2557/1579 3893/2553/1579 3903/2556/1579 3900/2560/1579
f 3895/2554/1573 3891/2558/1573 3901/2559/1573 3902/2555/1573
f 3905/2561/1452 3904/2562/1452 3907/2563/1452 3906/2564/1452
f 3912/2561/1451 3914/2564/1451 3915/2563/1451 3913/2562/1451
f 3904/2562/1452 3911/2565/1452 3908/2566/1452 3907/2563/1452
f 3911/2565/1452 3910/2567/1452 3909/2568/1452 3908/2566/1452
f 3916/2566/1596 3919/2565/1596 3923/2565/1596 3920/2566/1596
f 3919/2565/1451 3916/2566/1451 3917/2568/1451 3918/2567/1451
f 3910/2567/1592 3911/2565/1592 3919/2565/1592 3918/2567/1592
f 3908/2566/1593 3909/2568/1593 3917/2568/1593 3916/2566/1593
f 3906/2564/1590 3907/2563/1590 3915/2563/1590 3914/2564/1590
f 3904/2562/1591 3905/2561/1591 3912/2561/1591 3913/2562/1591
f 3911/2565/1595 3904/2562/1595 3913/2562/1595 3919/2565/1595
f 3909/2568/1596 3910/2567/1596 3918/2567/1596 3917/2568/1596
f 3907/2563/1594 3908/2566/1594 3916/2566/1594 3915/2563/1594
f 3905/2561/1589 3906/2564/1589 3914/2564/1589 3912/2561/1589
f 3922/2562/1451 3921/2563/1451 3920/2566/1451 3923/2565/1451
f 3919/2565/1595 3913/2562/1595 3922/2562/1595 3923/2565/1595
f 3915/2563/1594 3916/2566/1594 3920/2566/1594 3921/2563/1594
f 3913/2562/1589 3915/2563/1589 3921/2563/1589 3922/2562/1589
f 3925/2569/1452 3924/2570/1452 3927/2571/1452 3926/2572/1452
f 3932/2569/1451 3934/2572/1451 3935/2571/1451 3933/2570/1451
f 3924/2570/1452 3931/2573/1452 3928/2574/1452 3927/2571/1452
f 3931/2573/1452 3930/2575/1452 3929/2576/1452 3928/2574/1452
f 3936/2574/1596 3939/2573/1596 3943/2573/1596 3940/2574/1596
f 3939/2573/1451 3936/2574/1451 3937/2576/1451 3938/2575/1451
f 3930/2575/1592 3931/2573/1592 3939/2573/1592 3938/2575/1592
f 3928/2574/1593 3929/2576/1593 3937/2576/1593 3936/2574/1593
f 3926/2572/1590 3927/2571/1590 3935/2571/1590 3934/2572/1590
f 3924/2570/1591 3925/2569/1591 3932/2569/1591 3933/2570/1591
f 3931/2573/1595 3924/2570/1595 3933/2570/1595 3939/2573/1595
f 3929/2576/1596 3930/2575/1596 3938/2575/1596 3937/2576/1596
f 3927/2571/1594 3928/2574/1594 3936/2574/1594 3935/2571/1594
f 3925/2569/1589 3926/2572/1589 3934/2572/1589 3932/2569/1589
f 3942/2570/1451 3941/2571/1451 3940/2574/1451 3943/2573/1451
f 3939/2573/1595 3933/2570/1595 3942/2570/1595 3943/2573/1595
f 3935/2571/1594 3936/2574/1594 3940/2574/1594 3941/2571/1594
f 3933/2570/1589 3935/2571/1589 3941/2571/1589 3942/2570/1589
f 3945/2577/1452 3944/2578/1452 3947/2579/1452 3946/2580/1452
f 3952/2577/1451 3954/2580/1451 3955/2579/1451 3953/2578/1451
f 3944/2578/1452 3951/2581/1452 3948/2582/1452 3947/2579/1452
f 3951/2581/1452 3950/2583/1452 3949/2584/1452 3948/2582/1452
f 3956/2582/1597 3959/2581/1597 3963/2581/1597 3960/2582/1597
f 3959/2581/1451 3956/2582/1451 3957/2584/1451 3958/2583/1451
f 3950/2583/1592 3951/2581/1592 3959/2581/1592 3958/2583/1592
f 3948/2582/1598 3949/2584/1598 3957/2584/1598 3956/2582/1598
f 3946/2580/1590 3947/2579/1590 3955/2579/1590 3954/2580/1590
f 3944/2578/1599 3945/2577/1599 3952/2577/1599 3953/2578/1599
f 3951/2581/1600 3944/2578/1600 3953/2578/1600 3959/2581/1600
f 3949/2584/1596 3950/2583/1596 3958/2583/1596 3957/2584/1596
f 3947/2579/1601 3948/2582/1601 3956/2582/1601 3955/2579/1601
f 3945/2577/1589 3946/2580/1589 3954/2580/1589 3952/2577/1589
f 3962/2578/1451 3961/2579/1451 3960/2582/1451 3963/2581/1451
f 3959/2581/1600 3953/2578/1600 3962/2578/1600 3963/2581/1600
f 3955/2579/1601 3956/2582/1601 3960/2582/1601 3961/2579/1601
f 3953/2578/1589 3955/2579/1589 3961/2579/1589 3962/2578/1589
f 3964/2585/1451 3965/2586/1451 3967/2587/1451 3966/2588/1451
f 3968/2589/1452 3970/2590/1452 3971/2591/1452 3969/2592/1452
f 3966/2588/1602 3970/2590/1602 3968/2589/1602 3964/2585/1602
f 3967/2587/1603 3971/2591/1603 3970/2590/1603 3966/2588/1603
f 3965/2586/1604 3969/2592/1604 3971/2591/1604 3967/2587/1604
f 3964/2585/1605 3968/2589/1605 3969/2592/1605 3965/2586/1605
f 3975/2593/1453 3987/2593/1453 3985/2594/1453 3973/2594/1453
f 3976/2595/1452 3978/2596/1452 3979/2597/1452 3977/2598/1452
f 3981/2598/1453 3977/2598/1453 3979/2597/1453 3983/2597/1453
f 3980/2595/1430 3976/2595/1430 3977/2598/1430 3981/2598/1430
f 3982/2596/1450 3978/2596/1450 3976/2595/1450 3980/2595/1450
f 3983/2597/1440 3979/2597/1440 3978/2596/1440 3982/2596/1440
f 3972/2599/1451 3980/2595/1451 3981/2598/1451 3973/2600/1451
f 3975/2601/1451 3983/2597/1451 3982/2596/1451 3974/2602/1451
f 3973/2600/1451 3981/2598/1451 3983/2597/1451 3975/2601/1451
f 3974/2602/1451 3982/2596/1451 3980/2595/1451 3972/2599/1451
f 3984/2603/1451 3985/2594/1451 3987/2593/1451 3986/2604/1451
f 3973/2594/1430 3985/2594/1430 3984/2603/1430 3972/2603/1430
f 3972/2603/1450 3984/2603/1450 3986/2604/1450 3974/2604/1450
f 3974/2604/1440 3986/2604/1440 3987/2593/1440 3975/2593/1440
f 3991/2605/1453 4003/2605/1453 4001/2606/1453 3989/2606/1453
f 3992/2607/1452 3994/2608/1452 3995/2609/1452 3993/2610/1452
f 3997/2610/1453 3993/2610/1453 3995/2609/1453 3999/2609/1453
f 3996/2607/1430 3992/2607/1430 3993/2610/1430 3997/2610/1430
f 3998/2608/1450 3994/2608/1450 3992/2607/1450 3996/2607/1450
f 3999/2609/1440 3995/2609/1440 3994/2608/1440 3998/2608/1440
f 3988/2611/1451 3996/2607/1451 3997/2610/1451 3989/2612/1451
f 3991/2613/1451 3999/2609/1451 3998/2608/1451 3990/2614/1451
f 3989/2612/1451 3997/2610/1451 3999/2609/1451 3991/2613/1451
f 3990/2614/1451 3998/2608/1451 3996/2607/1451 3988/2611/1451
f 4000/2615/1451 4001/2606/1451 4003/2605/1451 4002/2616/1451
f 3989/2606/1430 4001/2606/1430 4000/2615/1430 3988/2615/1430
f 3988/2615/1450 4000/2615/1450 4002/2616/1450 3990/2616/1450
f 3990/2616/1440 4002/2616/1440 4003/2605/1440 3991/2605/1440
f 4004/2617/1450 4012/2617/1450 4013/2618/1450 4006/2618/1450
f 4006/2618/1440 4013/2618/1440 4014/2619/1440 4010/2619/1440
f 4010/2619/1453 4014/2619/1453 4015/2620/1453 4008/2620/1453
f 4008/2620/1430 4015/2620/1430 4012/2617/1430 4004/2617/1430
f 4006/2618/1452 4010/2619/1452 4008/2620/1452 4004/2617/1452
f 4009/2621/1570 4011/2622/1570 4018/2623/1570 4019/2624/1570
f 4005/2625/1451 4007/2626/1451 4013/2618/1451 4012/2617/1451
f 4007/2626/1451 4011/2622/1451 4014/2619/1451 4013/2618/1451
f 4011/2622/1451 4009/2621/1451 4015/2620/1451 4014/2619/1451
f 4009/2621/1451 4005/2625/1451 4012/2617/1451 4015/2620/1451
f 4018/2623/1451 4017/2627/1451 4016/2628/1451 4019/2624/1451
f 4007/2626/1571 4005/2625/1571 4016/2628/1571 4017/2627/1571
f 4005/2625/1572 4009/2621/1572 4019/2624/1572 4016/2628/1572
f 4011/2622/1580 4007/2626/1580 4017/2627/1580 4018/2623/1580
f 4020/2617/1450 4028/2617/1450 4029/2618/1450 4022/2618/1450
f 4022/2618/1440 4029/2618/1440 4030/2619/1440 4026/2619/1440
f 4026/2619/1453 4030/2619/1453 4031/2620/1453 4024/2620/1453
f 4024/2620/1430 4031/2620/1430 4028/2617/1430 4020/2617/1430
f 4022/2618/1452 4026/2619/1452 4024/2620/1452 4020/2617/1452
f 4025/2621/1570 4027/2622/1570 4034/2623/1570 4035/2624/1570
f 4021/2625/1451 4023/2626/1451 4029/2618/1451 4028/2617/1451
f 4023/2626/1451 4027/2622/1451 4030/2619/1451 4029/2618/1451
f 4027/2622/1451 4025/2621/1451 4031/2620/1451 4030/2619/1451
f 4025/2621/1451 4021/2625/1451 4028/2617/1451 4031/2620/1451
f 4034/2623/1451 4033/2627/1451 4032/2628/1451 4035/2624/1451
f 4023/2626/1571 4021/2625/1571 4032/2628/1571 4033/2627/1571
f 4021/2625/1572 4025/2621/1572 4035/2624/1572 4032/2628/1572
f 4027/2622/1580 4023/2626/1580 4033/2627/1580 4034/2623/1580
f 4036/2617/1450 4044/2617/1450 4045/2618/1450 4038/2618/1450
f 4038/2618/1440 4045/2618/1440 4046/2619/1440 4042/2619/1440
f 4042/2619/1453 4046/2619/1453 4047/2620/1453 4040/2620/1453
f 4040/2620/1430 4047/2620/1430 4044/2617/1430 4036/2617/1430
f 4038/2618/1452 4042/2619/1452 4040/2620/1452 4036/2617/1452
f 4041/2621/1570 4043/2622/1570 4050/2623/1570 4051/2624/1570
f 4037/2625/1451 4039/2626/1451 4045/2618/1451 4044/2617/1451
f 4039/2626/1451 4043/2622/1451 4046/2619/1451 4045/2618/1451
f 4043/2622/1451 4041/2621/1451 4047/2620/1451 4046/2619/1451
f 4041/2621/1451 4037/2625/1451 4044/2617/1451 4047/2620/1451
f 4050/2623/1451 4049/2627/1451 4048/2628/1451 4051/2624/1451
f 4039/2626/1571 4037/2625/1571 4048/2628/1571 4049/2627/1571
f 4037/2625/1572 4041/2621/1572 4051/2624/1572 4048/2628/1572
f 4043/2622/1580 4039/2626/1580 4049/2627/1580 4050/2623/1580
f 4052/2617/1450 4060/2617/1450 4061/2618/1450 4054/2618/1450
f 4054/2618/1440 4061/2618/1440 4062/2619/1440 4058/2619/1440
f 4058/2619/1453 4062/2619/1453 4063/2620/1453 4056/2620/1453
f 4056/2620/1430 4063/2620/1430 4060/2617/1430 4052/2617/1430
f 4054/2618/1452 4058/2619/1452 4056/2620/1452 4052/2617/1452
f 4057/2621/1570 4059/2622/1570 4066/2623/1570 4067/2624/1570
f 4053/2625/1451 4055/2626/1451 4061/2618/1451 4060/2617/1451
f 4055/2626/1451 4059/2622/1451 4062/2619/1451 4061/2618/1451
f 4059/2622/1451 4057/2621/1451 4063/2620/1451 4062/2619/1451
f 4057/2621/1451 4053/2625/1451 4060/2617/1451 4063/2620/1451
f 4066/2623/1451 4065/2627/1451 4064/2628/1451 4067/2624/1451
f 4055/2626/1571 4053/2625/1571 4064/2628/1571 4065/2627/1571
f 4053/2625/1572 4057/2621/1572 4067/2624/1572 4064/2628/1572
f 4059/2622/1580 4055/2626/1580 4065/2627/1580 4066/2623/1580
f 4068/2629/1450 4076/2629/1450 4077/2630/1450 4070/2630/1450
f 4070/2630/1440 4077/2630/1440 4078/2631/1440 4074/2631/1440
f 4074/2631/1453 4078/2631/1453 4079/2632/1453 4072/2632/1453
f 4072/2632/1430 4079/2632/1430 4076/2629/1430 4068/2629/1430
f 4070/2630/1452 4074/2631/1452 4072/2632/1452 4068/2629/1452
f 4073/2633/1570 4075/2634/1570 4082/2635/1570 4083/2636/1570
f 4069/2637/1451 4071/2638/1451 4077/2630/1451 4076/2629/1451
f 4071/2638/1451 4075/2634/1451 4078/2631/1451 4077/2630/1451
f 4075/2634/1451 4073/2633/1451 4079/2632/1451 4078/2631/1451
f 4073/2633/1451 4069/2637/1451 4076/2629/1451 4079/2632/1451
f 4082/2635/1451 4081/2639/1451 4080/2640/1451 4083/2636/1451
f 4071/2638/1571 4069/2637/1571 4080/2640/1571 4081/2639/1571
f 4069/2637/1579 4073/2633/1579 4083/2636/1579 4080/2640/1579
f 4075/2634/1573 4071/2638/1573 4081/2639/1573 4082/2635/1573
f 4084/2641/1450 4092/2641/1450 4093/2642/1450 4086/2642/1450
f 4086/2642/1440 4093/2642/1440 4094/2643/1440 4090/2643/1440
f 4090/2643/1453 4094/2643/1453 4095/2644/1453 4088/2644/1453
f 4088/2644/1430 4095/2644/1430 4092/2641/1430 4084/2641/1430
f 4086/2642/1452 4090/2643/1452 4088/2644/1452 4084/2641/1452
f 4089/2645/1570 4091/2646/1570 4098/2647/1570 4099/2648/1570
f 4085/2649/1451 4087/2650/1451 4093/2642/1451 4092/2641/1451
f 4087/2650/1451 4091/2646/1451 4094/2643/1451 4093/2642/1451
f 4091/2646/1451 4089/2645/1451 4095/2644/1451 4094/2643/1451
f 4089/2645/1451 4085/2649/1451 4092/2641/1451 4095/2644/1451
f 4098/2647/1451 4097/2651/1451 4096/2652/1451 4099/2648/1451
f 4087/2650/1571 4085/2649/1571 4096/2652/1571 4097/2651/1571
f 4085/2649/1579 4089/2645/1579 4099/2648/1579 4096/2652/1579
f 4091/2646/1573 4087/2650/1573 4097/2651/1573 4098/2647/1573
f 4100/2653/1450 4108/2653/1450 4109/2654/1450 4102/2654/1450
f 4102/2654/1440 4109/2654/1440 4110/2655/1440 4106/2655/1440
f 4106/2655/1453 4110/2655/1453 4111/2656/1453 4104/2656/1453
f 4104/2656/1430 4111/2656/1430 4108/2653/1430 4100/2653/1430
f 4102/2654/1452 4106/2655/1452 4104/2656/1452 4100/2653/1452
f 4105/2657/1570 4107/2658/1570 4114/2659/1570 4115/2660/1570
f 4101/2661/1451 4103/2662/1451 4109/2654/1451 4108/2653/1451
f 4103/2662/1451 4107/2658/1451 4110/2655/1451 4109/2654/1451
f 4107/2658/1451 4105/2657/1451 4111/2656/1451 4110/2655/1451
f 4105/2657/1451 4101/2661/1451 4108/2653/1451 4111/2656/1451
f 4114/2659/1451 4113/2663/1451 4112/2664/1451 4115/2660/1451
f 4103/2662/1571 4101/2661/1571 4112/2664/1571 4113/2663/1571
f 4101/2661/1579 4105/2657/1579 4115/2660/1579 4112/2664/1579
f 4107/2658/1580 4103/2662/1580 4113/2663/1580 4114/2659/1580
f 4116/2665/1450 4124/2665/1450 4125/2666/1450 4118/2666/1450
f 4118/2666/1440 4125/2666/1440 4126/2667/1440 4122/2667/1440
f 4122/2667/1453 4126/2667/1453 4127/2668/1453 4120/2668/1453
f 4120/2668/1430 4127/2668/1430 4124/2665/1430 4116/2665/1430
f 4118/2666/1452 4122/2667/1452 4120/2668/1452 4116/2665/1452
f 4121/2669/1570 4123/2670/1570 4130/2671/1570 4131/2672/1570
f 4117/2673/1451 4119/2674/1451 4125/2666/1451 4124/2665/1451
f 4119/2674/1451 4123/2670/1451 4126/2667/1451 4125/2666/1451
f 4123/2670/1451 4121/2669/1451 4127/2668/1451 4126/2667/1451
f 4121/2669/1451 4117/2673/1451 4124/2665/1451 4127/2668/1451
f 4130/2671/1451 4129/2675/1451 4128/2676/1451 4131/2672/1451
f 4119/2674/1571 4117/2673/1571 4128/2676/1571 4129/2675/1571
f 4117/2673/1579 4121/2669/1579 4131/2672/1579 4128/2676/1579
f 4123/2670/1580 4119/2674/1580 4129/2675/1580 4130/2671/1580
f 4132/2677/1450 4140/2677/1450 4141/2678/1450 4134/2678/1450
f 4134/2678/1440 4141/2678/1440 4142/2679/1440 4138/2679/1440
f 4138/2679/1453 4142/2679/1453 4143/2680/1453 4136/2680/1453
f 4136/2680/1430 4143/2680/1430 4140/2677/1430 4132/2677/1430
f 4134/2678/1452 4138/2679/1452 4136/2680/1452 4132/2677/1452
f 4137/2681/1570 4139/2682/1570 4146/2683/1570 4147/2684/1570
f 4133/2685/1451 4135/2686/1451 4141/2678/1451 4140/2677/1451
f 4135/2686/1451 4139/2682/1451 4142/2679/1451 4141/2678/1451
f 4139/2682/1451 4137/2681/1451 4143/2680/1451 4142/2679/1451
f 4137/2681/1451 4133/2685/1451 4140/2677/1451 4143/2680/1451
f 4146/2683/1451 4145/2687/1451 4144/2688/1451 4147/2684/1451
f 4135/2686/1571 4133/2685/1571 4144/2688/1571 4145/2687/1571
f 4133/2685/1579 4137/2681/1579 4147/2684/1579 4144/2688/1579
f 4139/2682/1580 4135/2686/1580 4145/2687/1580 4146/2683/1580
f 4148/2689/1450 4156/2689/1450 4157/2690/1450 4150/2690/1450
f 4150/2690/1440 4157/2690/1440 4158/2691/1440 4154/2691/1440
f 4154/2691/1453 4158/2691/1453 4159/2692/1453 4152/2692/1453
f 4152/2692/1430 4159/2692/1430 4156/2689/1430 4148/2689/1430
f 4150/2690/1452 4154/2691/1452 4152/2692/1452 4148/2689/1452
f 4153/2693/1570 4155/2694/1570 4162/2695/1570 4163/2696/1570
f 4149/2697/1451 4151/2698/1451 4157/2690/1451 4156/2689/1451
f 4151/2698/1451 4155/2694/1451 4158/2691/1451 4157/2690/1451
f 4155/2694/1451 4153/2693/1451 4159/2692/1451 4158/2691/1451
f 4153/2693/1451 4149/2697/1451 4156/2689/1451 4159/2692/1451
f 4162/2695/1451 4161/2699/1451 4160/2700/1451 4163/2696/1451
f 4151/2698/1571 4149/2697/1571 4160/2700/1571 4161/2699/1571
f 4149/2697/1572 4153/2693/1572 4163/2696/1572 4160/2700/1572
f 4155/2694/1580 4151/2698/1580 4161/2699/1580 4162/2695/1580
f 4164/2701/1450 4172/2701/1450 4173/2702/1450 4166/2702/1450
f 4166/2702/1440 4173/2702/1440 4174/2703/1440 4170/2703/1440
f 4170/2703/1453 4174/2703/1453 4175/2704/1453 4168/2704/1453
f 4168/2704/1430 4175/2704/1430 4172/2701/1430 4164/2701/1430
f 4166/2702/1452 4170/2703/1452 4168/2704/1452 4164/2701/1452
f 4169/2705/1570 4171/2706/1570 4178/2707/1570 4179/2708/1570
f 4165/2709/1451 4167/2710/1451 4173/2702/1451 4172/2701/1451
f 4167/2710/1451 4171/2706/1451 4174/2703/1451 4173/2702/1451
f 4171/2706/1451 4169/2705/1451 4175/2704/1451 4174/2703/1451
f 4169/2705/1451 4165/2709/1451 4172/2701/1451 4175/2704/1451
f 4178/2707/1451 4177/2711/1451 4176/2712/1451 4179/2708/1451
f 4167/2710/1571 4165/2709/1571 4176/2712/1571 4177/2711/1571
f 4165/2709/1572 4169/2705/1572 4179/2708/1572 4176/2712/1572
f 4171/2706/1573 4167/2710/1573 4177/2711/1573 4178/2707/1573
f 4180/2713/1450 4188/2713/1450 4189/2714/1450 4182/2714/1450
f 4182/2714/1440 4189/2714/1440 4190/2715/1440 4186/2715/1440
f 4186/2715/1453 4190/2715/1453 4191/2716/1453 4184/2716/1453
f 4184/2716/1430 4191/2716/1430 4188/2713/1430 4180/2713/1430
f 4182/2714/1452 4186/2715/1452 4184/2716/1452 4180/2713/1452
f 4185/2717/1570 4187/2718/1570 4194/2719/1570 4195/2720/1570
f 4181/2721/1451 4183/2722/1451 4189/2714/1451 4188/2713/1451
f 4183/2722/1451 4187/2718/1451 4190/2715/1451 4189/2714/1451
f 4187/2718/1451 4185/2717/1451 4191/2716/1451 4190/2715/1451
f 4185/2717/1451 4181/2721/1451 4188/2713/1451 4191/2716/1451
f 4194/2719/1451 4193/2723/1451 4192/2724/1451 4195/2720/1451
f 4183/2722/1571 4181/2721/1571 4192/2724/1571 4193/2723/1571
f 4181/2721/1572 4185/2717/1572 4195/2720/1572 4192/2724/1572
f 4187/2718/1573 4183/2722/1573 4193/2723/1573 4194/2719/1573
f 4196/2725/1450 4204/2725/1450 4205/2726/1450 4198/2726/1450
f 4198/2726/1440 4205/2726/1440 4206/2727/1440 4202/2727/1440
f 4202/2727/1453 4206/2727/1453 4207/2728/1453 4200/2728/1453
f 4200/2728/1430 4207/2728/1430 4204/2725/1430 4196/2725/1430
f 4198/2726/1452 4202/2727/1452 4200/2728/1452 4196/2725/1452
f 4201/2729/1570 4203/2730/1570 4210/2731/1570 4211/2732/1570
f 4197/2733/1451 4199/2734/1451 4205/2726/1451 4204/2725/1451
f 4199/2734/1451 4203/2730/1451 4206/2727/1451 4205/2726/1451
f 4203/2730/1451 4201/2729/1451 4207/2728/1451 4206/2727/1451
f 4201/2729/1451 4197/2733/1451 4204/2725/1451 4207/2728/1451
f 4210/2731/1451 4209/2735/1451 4208/2736/1451 4211/2732/1451
f 4199/2734/1571 4197/2733/1571 4208/2736/1571 4209/2735/1571
f 4197/2733/1579 4201/2729/1579 4211/2732/1579 4208/2736/1579
f 4203/2730/1580 4199/2734/1580 4209/2735/1580 4210/2731/1580
f 4212/2737/1450 4220/2737/1450 4221/2738/1450 4214/2738/1450
f 4214/2738/1440 4221/2738/1440 4222/2739/1440 4218/2739/1440
f 4218/2739/1453 4222/2739/1453 4223/2740/1453 4216/2740/1453
f 4216/2740/1430 4223/2740/1430 4220/2737/1430 4212/2737/1430
f 4214/2738/1452 4218/2739/1452 4216/2740/1452 4212/2737/1452
f 4217/2741/1570 4219/2742/1570 4226/2743/1570 4227/2744/1570
f 4213/2745/1451 4215/2746/1451 4221/2738/1451 4220/2737/1451
f 4215/2746/1451 4219/2742/1451 4222/2739/1451 4221/2738/1451
f 4219/2742/1451 4217/2741/1451 4223/2740/1451 4222/2739/1451
f 4217/2741/1451 4213/2745/1451 4220/2737/1451 4223/2740/1451
f 4226/2743/1451 4225/2747/1451 4224/2748/1451 4227/2744/1451
f 4215/2746/1571 4213/2745/1571 4224/2748/1571 4225/2747/1571
f 4213/2745/1572 4217/2741/1572 4227/2744/1572 4224/2748/1572
f 4219/2742/1580 4215/2746/1580 4225/2747/1580 4226/2743/1580
f 4228/2749/1450 4236/2749/1450 4237/2750/1450 4230/2750/1450
f 4230/2750/1440 4237/2750/1440 4238/2751/1440 4234/2751/1440
f 4234/2751/1453 4238/2751/1453 4239/2752/1453 4232/2752/1453
f 4232/2752/1430 4239/2752/1430 4236/2749/1430 4228/2749/1430
f 4230/2750/1452 4234/2751/1452 4232/2752/1452 4228/2749/1452
f 4233/2753/1570 4235/2754/1570 4242/2755/1570 4243/2756/1570
f 4229/2757/1451 4231/2758/1451 4237/2750/1451 4236/2749/1451
f 4231/2758/1451 4235/2754/1451 4238/2751/1451 4237/2750/1451
f 4235/2754/1451 4233/2753/1451 4239/2752/1451 4238/2751/1451
f 4233/2753/1451 4229/2757/1451 4236/2749/1451 4239/2752/1451
f 4242/2755/1451 4241/2759/1451 4240/2760/1451 4243/2756/1451
f 4231/2758/1571 4229/2757/1571 4240/2760/1571 4241/2759/1571
f 4229/2757/1579 4233/2753/1579 4243/2756/1579 4240/2760/1579
f 4235/2754/1573 4231/2758/1573 4241/2759/1573 4242/2755/1573
f 4244/2761/1450 4252/2762/1450 4253/2762/1450 4246/2761/1450
f 4246/2761/1452 4253/2762/1452 4254/2763/1452 4250/2764/1452
f 4250/2764/1453 4254/2763/1453 4255/2763/1453 4248/2764/1453
f 4248/2764/1451 4255/2763/1451 4252/2762/1451 4244/2761/1451
f 4246/2761/1430 4250/2764/1430 4248/2764/1430 4244/2761/1430
f 4249/2765/1574 4251/2765/1574 4258/2766/1574 4259/2767/1574
f 4245/2768/1440 4247/2768/1440 4253/2762/1440 4252/2762/1440
f 4247/2768/1440 4251/2765/1440 4254/2763/1440 4253/2762/1440
f 4251/2765/1440 4249/2765/1440 4255/2763/1440 4254/2763/1440
f 4249/2765/1440 4245/2768/1440 4252/2762/1440 4255/2763/1440
f 4258/2766/1606 4257/2769/1606 4256/2770/1606 4259/2767/1606
f 4247/2768/1576 4245/2768/1576 4256/2770/1576 4257/2769/1576
f 4245/2768/1577 4249/2765/1577 4259/2767/1577 4256/2770/1577
f 4251/2765/1578 4247/2768/1578 4257/2769/1578 4258/2766/1578
f 4260/2771/1450 4268/2772/1450 4269/2772/1450 4262/2771/1450
f 4262/2771/1452 4269/2772/1452 4270/2773/1452 4266/2774/1452
f 4266/2774/1453 4270/2773/1453 4271/2773/1453 4264/2774/1453
f 4264/2774/1451 4271/2773/1451 4268/2772/1451 4260/2771/1451
f 4262/2771/1430 4266/2774/1430 4264/2774/1430 4260/2771/1430
f 4265/2775/1574 4267/2775/1574 4274/2776/1574 4275/2777/1574
f 4261/2778/1440 4263/2778/1440 4269/2772/1440 4268/2772/1440
f 4263/2778/1440 4267/2775/1440 4270/2773/1440 4269/2772/1440
f 4267/2775/1440 4265/2775/1440 4271/2773/1440 4270/2773/1440
f 4265/2775/1440 4261/2778/1440 4268/2772/1440 4271/2773/1440
f 4274/2776/1606 4273/2779/1606 4272/2780/1606 4275/2777/1606
f 4263/2778/1576 4261/2778/1576 4272/2780/1576 4273/2779/1576
f 4261/2778/1577 4265/2775/1577 4275/2777/1577 4272/2780/1577
f 4267/2775/1578 4263/2778/1578 4273/2779/1578 4274/2776/1578
f 4276/2781/1450 4284/2782/1450 4285/2782/1450 4278/2781/1450
f 4278/2781/1452 4285/2782/1452 4286/2783/1452 4282/2784/1452
f 4282/2784/1453 4286/2783/1453 4287/2783/1453 4280/2784/1453
f 4280/2784/1451 4287/2783/1451 4284/2782/1451 4276/2781/1451
f 4278/2781/1430 4282/2784/1430 4280/2784/1430 4276/2781/1430
f 4281/2785/1574 4283/2785/1574 4290/2786/1574 4291/2787/1574
f 4277/2788/1440 4279/2788/1440 4285/2782/1440 4284/2782/1440
f 4279/2788/1440 4283/2785/1440 4286/2783/1440 4285/2782/1440
f 4283/2785/1440 4281/2785/1440 4287/2783/1440 4286/2783/1440
f 4281/2785/1440 4277/2788/1440 4284/2782/1440 4287/2783/1440
f 4290/2786/1606 4289/2789/1606 4288/2790/1606 4291/2787/1606
f 4279/2788/1576 4277/2788/1576 4288/2790/1576 4289/2789/1576
f 4277/2788/1577 4281/2785/1577 4291/2787/1577 4288/2790/1577
f 4283/2785/1578 4279/2788/1578 4289/2789/1578 4290/2786/1578
f 4292/2791/1450 4300/2792/1450 4301/2792/1450 4294/2791/1450
f 4294/2791/1452 4301/2792/1452 4302/2793/1452 4298/2794/1452
f 4298/2794/1453 4302/2793/1453 4303/2793/1453 4296/2794/1453
f 4296/2794/1451 4303/2793/1451 4300/2792/1451 4292/2791/1451
f 4294/2791/1430 4298/2794/1430 4296/2794/1430 4292/2791/1430
f 4297/2795/1574 4299/2795/1574 4306/2796/1574 4307/2797/1574
f 4293/2798/1440 4295/2798/1440 4301/2792/1440 4300/2792/1440
f 4295/2798/1440 4299/2795/1440 4302/2793/1440 4301/2792/1440
f 4299/2795/1440 4297/2795/1440 4303/2793/1440 4302/2793/1440
f 4297/2795/1440 4293/2798/1440 4300/2792/1440 4303/2793/1440
f 4306/2796/1606 4305/2799/1606 4304/2800/1606 4307/2797/1606
f 4295/2798/1576 4293/2798/1576 4304/2800/1576 4305/2799/1576
f 4293/2798/1577 4297/2795/1577 4307/2797/1577 4304/2800/1577
f 4299/2795/1578 4295/2798/1578 4305/2799/1578 4306/2796/1578
f 4308/2801/1450 4316/2802/1450 4317/2802/1450 4310/2801/1450
f 4310/2801/1452 4317/2802/1452 4318/2803/1452 4314/2804/1452
f 4314/2804/1453 4318/2803/1453 4319/2803/1453 4312/2804/1453
f 4312/2804/1451 4319/2803/1451 4316/2802/1451 4308/2801/1451
f 4310/2801/1430 4314/2804/1430 4312/2804/1430 4308/2801/1430
f 4313/2805/1574 4315/2805/1574 4322/2806/1574 4323/2807/1574
f 4309/2808/1440 4311/2808/1440 4317/2802/1440 4316/2802/1440
f 4311/2808/1440 4315/2805/1440 4318/2803/1440 4317/2802/1440
f 4315/2805/1440 4313/2805/1440 4319/2803/1440 4318/2803/1440
f 4313/2805/1440 4309/2808/1440 4316/2802/1440 4319/2803/1440
f 4322/2806/1575 4321/2809/1575 4320/2810/1575 4323/2807/1575
f 4311/2808/1576 4309/2808/1576 4320/2810/1576 4321/2809/1576
f 4309/2808/1577 4313/2805/1577 4323/2807/1577 4320/2810/1577
f 4315/2805/1578 4311/2808/1578 4321/2809/1578 4322/2806/1578
f 4324/2811/1450 4332/2812/1450 4333/2812/1450 4326/2811/1450
f 4326/2811/1452 4333/2812/1452 4334/2813/1452 4330/2814/1452
f 4330/2814/1453 4334/2813/1453 4335/2813/1453 4328/2814/1453
f 4328/2814/1451 4335/2813/1451 4332/2812/1451 4324/2811/1451
f 4326/2811/1430 4330/2814/1430 4328/2814/1430 4324/2811/1430
f 4329/2815/1574 4331/2815/1574 4338/2816/1574 4339/2817/1574
f 4325/2818/1440 4327/2818/1440 4333/2812/1440 4332/2812/1440
f 4327/2818/1440 4331/2815/1440 4334/2813/1440 4333/2812/1440
f 4331/2815/1440 4329/2815/1440 4335/2813/1440 4334/2813/1440
f 4329/2815/1440 4325/2818/1440 4332/2812/1440 4335/2813/1440
f 4338/2816/1575 4337/2819/1575 4336/2820/1575 4339/2817/1575
f 4327/2818/1576 4325/2818/1576 4336/2820/1576 4337/2819/1576
f 4325/2818/1577 4329/2815/1577 4339/2817/1577 4336/2820/1577
f 4331/2815/1578 4327/2818/1578 4337/2819/1578 4338/2816/1578
f 4340/2821/1450 4348/2822/1450 4349/2822/1450 4342/2821/1450
f 4342/2821/1452 4349/2822/1452 4350/2823/1452 4346/2824/1452
f 4346/2824/1453 4350/2823/1453 4351/2823/1453 4344/2824/1453
f 4344/2824/1451 4351/2823/1451 4348/2822/1451 4340/2821/1451
f 4342/2821/1430 4346/2824/1430 4344/2824/1430 4340/2821/1430
f 4345/2825/1574 4347/2825/1574 4354/2826/1574 4355/2827/1574
f 4341/2828/1440 4343/2828/1440 4349/2822/1440 4348/2822/1440
f 4343/2828/1440 4347/2825/1440 4350/2823/1440 4349/2822/1440
f 4347/2825/1440 4345/2825/1440 4351/2823/1440 4350/2823/1440
f 4345/2825/1440 4341/2828/1440 4348/2822/1440 4351/2823/1440
f 4354/2826/1575 4353/2829/1575 4352/2830/1575 4355/2827/1575
f 4343/2828/1576 4341/2828/1576 4352/2830/1576 4353/2829/1576
f 4341/2828/1577 4345/2825/1577 4355/2827/1577 4352/2830/1577
f 4347/2825/1578 4343/2828/1578 4353/2829/1578 4354/2826/1578
f 4356/2831/1450 4364/2831/1450 4365/2832/1450 4358/2832/1450
f 4358/2832/1440 4365/2832/1440 4366/2833/1440 4362/2833/1440
f 4362/2833/1453 4366/2833/1453 4367/2834/1453 4360/2834/1453
f 4360/2834/1430 4367/2834/1430 4364/2831/1430 4356/2831/1430
f 4358/2832/1452 4362/2833/1452 4360/2834/1452 4356/2831/1452
f 4361/2835/1570 4363/2836/1570 4370/2837/1570 4371/2838/1570
f 4357/2839/1451 4359/2840/1451 4365/2832/1451 4364/2831/1451
f 4359/2840/1451 4363/2836/1451 4366/2833/1451 4365/2832/1451
f 4363/2836/1451 4361/2835/1451 4367/2834/1451 4366/2833/1451
f 4361/2835/1451 4357/2839/1451 4364/2831/1451 4367/2834/1451
f 4370/2837/1451 4369/2841/1451 4368/2842/1451 4371/2838/1451
f 4359/2840/1571 4357/2839/1571 4368/2842/1571 4369/2841/1571
f 4357/2839/1572 4361/2835/1572 4371/2838/1572 4368/2842/1572
f 4363/2836/1573 4359/2840/1573 4369/2841/1573 4370/2837/1573
f 4372/2843/1450 4380/2843/1450 4381/2844/1450 4374/2844/1450
f 4374/2844/1440 4381/2844/1440 4382/2845/1440 4378/2845/1440
f 4378/2845/1453 4382/2845/1453 4383/2846/1453 4376/2846/1453
f 4376/2846/1430 4383/2846/1430 4380/2843/1430 4372/2843/1430
f 4374/2844/1452 4378/2845/1452 4376/2846/1452 4372/2843/1452
f 4377/2847/1570 4379/2848/1570 4386/2849/1570 4387/2850/1570
f 4373/2851/1451 4375/2852/1451 4381/2844/1451 4380/2843/1451
f 4375/2852/1451 4379/2848/1451 4382/2845/1451 4381/2844/1451
f 4379/2848/1451 4377/2847/1451 4383/2846/1451 4382/2845/1451
f 4377/2847/1451 4373/2851/1451 4380/2843/1451 4383/2846/1451
f 4386/2849/1451 4385/2853/1451 4384/2854/1451 4387/2850/1451
f 4375/2852/1571 4373/2851/1571 4384/2854/1571 4385/2853/1571
f 4373/2851/1572 4377/2847/1572 4387/2850/1572 4384/2854/1572
f 4379/2848/1573 4375/2852/1573 4385/2853/1573 4386/2849/1573
f 4388/2855/1450 4396/2855/1450 4397/2856/1450 4390/2856/1450
f 4390/2856/1440 4397/2856/1440 4398/2857/1440 4394/2857/1440
f 4394/2857/1453 4398/2857/1453 4399/2858/1453 4392/2858/1453
f 4392/2858/1430 4399/2858/1430 4396/2855/1430 4388/2855/1430
f 4390/2856/1452 4394/2857/1452 4392/2858/1452 4388/2855/1452
f 4393/2859/1570 4395/2860/1570 4402/2861/1570 4403/2862/1570
f 4389/2863/1451 4391/2864/1451 4397/2856/1451 4396/2855/1451
f 4391/2864/1451 4395/2860/1451 4398/2857/1451 4397/2856/1451
f 4395/2860/1451 4393/2859/1451 4399/2858/1451 4398/2857/1451
f 4393/2859/1451 4389/2863/1451 4396/2855/1451 4399/2858/1451
f 4402/2861/1451 4401/2865/1451 4400/2866/1451 4403/2862/1451
f 4391/2864/1571 4389/2863/1571 4400/2866/1571 4401/2865/1571
f 4389/2863/1572 4393/2859/1572 4403/2862/1572 4400/2866/1572
f 4395/2860/1573 4391/2864/1573 4401/2865/1573 4402/2861/1573
f 4404/2867/1450 4412/2867/1450 4413/2868/1450 4406/2868/1450
f 4406/2868/1440 4413/2868/1440 4414/2869/1440 4410/2869/1440
f 4410/2869/1453 4414/2869/1453 4415/2870/1453 4408/2870/1453
f 4408/2870/1430 4415/2870/1430 4412/2867/1430 4404/2867/1430
f 4406/2868/1452 4410/2869/1452 4408/2870/1452 4404/2867/1452
f 4409/2871/1570 4411/2872/1570 4418/2873/1570 4419/2874/1570
f 4405/2875/1451 4407/2876/1451 4413/2868/1451 4412/2867/1451
f 4407/2876/1451 4411/2872/1451 4414/2869/1451 4413/2868/1451
f 4411/2872/1451 4409/2871/1451 4415/2870/1451 4414/2869/1451
f 4409/2871/1451 4405/2875/1451 4412/2867/1451 4415/2870/1451
f 4418/2873/1451 4417/2877/1451 4416/2878/1451 4419/2874/1451
f 4407/2876/1571 4405/2875/1571 4416/2878/1571 4417/2877/1571
f 4405/2875/1572 4409/2871/1572 4419/2874/1572 4416/2878/1572
f 4411/2872/1573 4407/2876/1573 4417/2877/1573 4418/2873/1573
f 4420/2879/1450 4428/2879/1450 4429/2880/1450 4422/2880/1450
f 4422/2880/1440 4429/2880/1440 4430/2881/1440 4426/2881/1440
f 4426/2881/1453 4430/2881/1453 4431/2882/1453 4424/2882/1453
f 4424/2882/1430 4431/2882/1430 4428/2879/1430 4420/2879/1430
f 4422/2880/1452 4426/2881/1452 4424/2882/1452 4420/2879/1452
f 4425/2883/1570 4427/2884/1570 4434/2885/1570 4435/2886/1570
f 4421/2887/1451 4423/2888/1451 4429/2880/1451 4428/2879/1451
f 4423/2888/1451 4427/2884/1451 4430/2881/1451 4429/2880/1451
f 4427/2884/1451 4425/2883/1451 4431/2882/1451 4430/2881/1451
f 4425/2883/1451 4421/2887/1451 4428/2879/1451 4431/2882/1451
f 4434/2885/1451 4433/2889/1451 4432/2890/1451 4435/2886/1451
f 4423/2888/1571 4421/2887/1571 4432/2890/1571 4433/2889/1571
f 4421/2887/1572 4425/2883/1572 4435/2886/1572 4432/2890/1572
f 4427/2884/1573 4423/2888/1573 4433/2889/1573 4434/2885/1573
f 4436/2891/1450 4437/2891/1450 4439/2892/1450 4438/2892/1450
f 4442/2893/1430 4443/2893/1430 4437/2891/1430 4436/2891/1430
f 4441/2894/1451 4439/2892/1451 4437/2891/1451 4443/2893/1451
f 4438/2892/1452 4440/2894/1452 4442/2893/1452 4436/2891/1452
f 4438/2892/1440 4439/2892/1440 4441/2894/1440 4440/2894/1440
f 4443/2893/1453 4442/2893/1453 4440/2894/1453 4441/2894/1453
f 4444/2895/1450 4445/2895/1450 4447/2896/1450 4446/2897/1450
f 4446/2897/1607 4447/2896/1607 4451/2898/1607 4450/2899/1607
f 4450/2899/1453 4451/2898/1453 4449/2900/1453 4448/2900/1453
f 4448/2900/1430 4449/2900/1430 4445/2895/1430 4444/2895/1430
f 4446/2897/1608 4450/2899/1608 4448/2900/1608 4444/2895/1608
f 4451/2898/1451 4447/2896/1451 4445/2895/1451 4449/2900/1451
f 4452/2901/1450 4453/2901/1450 4460/2902/1450 4461/2902/1450
f 4459/2903/1609 4458/2903/1609 4466/2904/1609 4467/2904/1609
f 4462/2905/1453 4463/2905/1453 4457/2906/1453 4456/2906/1453
f 4456/2906/1430 4457/2906/1430 4453/2901/1430 4452/2901/1430
f 4461/2902/1452 4462/2905/1452 4456/2906/1452 4452/2901/1452
f 4463/2905/1451 4460/2902/1451 4453/2901/1451 4457/2906/1451
f 4455/2907/1440 4454/2907/1440 4461/2902/1440 4460/2902/1440
f 4454/2907/1440 4458/2903/1440 4462/2905/1440 4461/2902/1440
f 4459/2903/1440 4455/2907/1440 4460/2902/1440 4463/2905/1440
f 4458/2903/1440 4459/2903/1440 4463/2905/1440 4462/2905/1440
f 4466/2904/1610 4465/2908/1610 4469/2909/1610 4470/2910/1610
f 4458/2903/1611 4454/2907/1611 4465/2908/1611 4466/2904/1611
f 4455/2907/1612 4459/2903/1612 4467/2904/1612 4464/2908/1612
f 4454/2907/1613 4455/2907/1613 4464/2908/1613 4465/2908/1613
f 4469/2909/1440 4468/2909/1440 4471/2910/1440 4470/2910/1440
f 4464/2908/1614 4467/2904/1614 4471/2910/1614 4468/2909/1614
f 4465/2908/1615 4464/2908/1615 4468/2909/1615 4469/2909/1615
f 4467/2904/1616 4466/2904/1616 4470/2910/1616 4471/2910/1616
f 4472/2911/1450 4473/2911/1450 4480/2912/1450 4481/2912/1450
f 4479/2913/1609 4478/2913/1609 4486/2914/1609 4487/2914/1609
f 4482/2915/1453 4483/2915/1453 4477/2916/1453 4476/2916/1453
f 4476/2916/1430 4477/2916/1430 4473/2911/1430 4472/2911/1430
f 4481/2912/1452 4482/2915/1452 4476/2916/1452 4472/2911/1452
f 4483/2915/1451 4480/2912/1451 4473/2911/1451 4477/2916/1451
f 4475/2917/1440 4474/2917/1440 4481/2912/1440 4480/2912/1440
f 4474/2917/1440 4478/2913/1440 4482/2915/1440 4481/2912/1440
f 4479/2913/1440 4475/2917/1440 4480/2912/1440 4483/2915/1440
f 4478/2913/1440 4479/2913/1440 4483/2915/1440 4482/2915/1440
f 4486/2914/1617 4485/2918/1617 4489/2919/1617 4490/2920/1618
f 4478/2913/1611 4474/2917/1611 4485/2918/1611 4486/2914/1611
f 4475/2917/1612 4479/2913/1612 4487/2914/1612 4484/2918/1612
f 4474/2917/1613 4475/2917/1613 4484/2918/1613 4485/2918/1613
f 4489/2919/1440 4488/2919/1440 4491/2920/1440 4490/2920/1440
f 4484/2918/1619 4487/2914/1619 4491/2920/1619 4488/2919/1619
f 4485/2918/1615 4484/2918/1615 4488/2919/1615 4489/2919/1615
f 4487/2914/1616 4486/2914/1616 4490/2920/1616 4491/2920/1616
f 4492/2921/1450 4493/2921/1450 4500/2922/1450 4501/2922/1450
f 4499/2923/1609 4498/2923/1609 4506/2924/1609 4507/2924/1609
f 4502/2925/1453 4503/2925/1453 4497/2926/1453 4496/2926/1453
f 4496/2926/1430 4497/2926/1430 4493/2921/1430 4492/2921/1430
f 4501/2922/1452 4502/2925/1452 4496/2926/1452 4492/2921/1452
f 4503/2925/1451 4500/2922/1451 4493/2921/1451 4497/2926/1451
f 4495/2927/1440 4494/2927/1440 4501/2922/1440 4500/2922/1440
f 4494/2927/1440 4498/2923/1440 4502/2925/1440 4501/2922/1440
f 4499/2923/1440 4495/2927/1440 4500/2922/1440 4503/2925/1440
f 4498/2923/1440 4499/2923/1440 4503/2925/1440 4502/2925/1440
f 4506/2924/1620 4505/2928/1620 4509/2929/1620 4510/2930/1620
f 4498/2923/1611 4494/2927/1611 4505/2928/1611 4506/2924/1611
f 4495/2927/1612 4499/2923/1612 4507/2924/1612 4504/2928/1612
f 4494/2927/1613 4495/2927/1613 4504/2928/1613 4505/2928/1613
f 4509/2929/1440 4508/2929/1440 4511/2930/1440 4510/2930/1440
f 4504/2928/1619 4507/2924/1619 4511/2930/1619 4508/2929/1619
f 4505/2928/1615 4504/2928/1615 4508/2929/1615 4509/2929/1615
f 4507/2924/1616 4506/2924/1616 4510/2930/1616 4511/2930/1616
f 4512/2931/1450 4513/2931/1450 4520/2932/1450 4521/2932/1450
f 4519/2933/1609 4518/2933/1609 4526/2934/1609 4527/2934/1609
f 4522/2935/1453 4523/2935/1453 4517/2936/1453 4516/2936/1453
f 4516/2936/1430 4517/2936/1430 4513/2931/1430 4512/2931/1430
f 4521/2932/1452 4522/2935/1452 4516/2936/1452 4512/2931/1452
f 4523/2935/1451 4520/2932/1451 4513/2931/1451 4517/2936/1451
f 4515/2937/1440 4514/2937/1440 4521/2932/1440 4520/2932/1440
f 4514/2937/1440 4518/2933/1440 4522/2935/1440 4521/2932/1440
f 4519/2933/1440 4515/2937/1440 4520/2932/1440 4523/2935/1440
f 4518/2933/1440 4519/2933/1440 4523/2935/1440 4522/2935/1440
f 4526/2934/1618 4525/2938/1618 4529/2939/1618 4530/2940/1618
f 4518/2933/1611 4514/2937/1611 4525/2938/1611 4526/2934/1611
f 4515/2937/1612 4519/2933/1612 4527/2934/1612 4524/2938/1612
f 4514/2937/1613 4515/2937/1613 4524/2938/1613 4525/2938/1613
f 4529/2939/1440 4528/2939/1440 4531/2940/1440 4530/2940/1440
f 4524/2938/1614 4527/2934/1614 4531/2940/1614 4528/2939/1614
f 4525/2938/1615 4524/2938/1615 4528/2939/1615 4529/2939/1615
f 4527/2934/1616 4526/2934/1616 4530/2940/1616 4531/2940/1616
f 4532/2941/1450 4533/2941/1450 4540/2942/1450 4541/2942/1450
f 4539/2943/1609 4538/2943/1609 4546/2944/1609 4547/2944/1609
f 4542/2945/1453 4543/2945/1453 4537/2946/1453 4536/2946/1453
f 4536/2946/1430 4537/2946/1430 4533/2941/1430 4532/2941/1430
f 4541/2942/1452 4542/2945/1452 4536/2946/1452 4532/2941/1452
f 4543/2945/1451 4540/2942/1451 4533/2941/1451 4537/2946/1451
f 4535/2947/1440 4534/2947/1440 4541/2942/1440 4540/2942/1440
f 4534/2947/1440 4538/2943/1440 4542/2945/1440 4541/2942/1440
f 4539/2943/1440 4535/2947/1440 4540/2942/1440 4543/2945/1440
f 4538/2943/1440 4539/2943/1440 4543/2945/1440 4542/2945/1440
f 4546/2944/1610 4545/2948/1610 4549/2949/1610 4550/2950/1610
f 4538/2943/1611 4534/2947/1611 4545/2948/1611 4546/2944/1611
f 4535/2947/1612 4539/2943/1612 4547/2944/1612 4544/2948/1612
f 4534/2947/1613 4535/2947/1613 4544/2948/1613 4545/2948/1613
f 4549/2949/1440 4548/2949/1440 4551/2950/1440 4550/2950/1440
f 4544/2948/1619 4547/2944/1619 4551/2950/1619 4548/2949/1619
f 4545/2948/1615 4544/2948/1615 4548/2949/1615 4549/2949/1615
f 4547/2944/1616 4546/2944/1616 4550/2950/1616 4551/2950/1616
f 4552/2951/1450 4553/2951/1450 4560/2952/1450 4561/2952/1450
f 4559/2953/1609 4558/2953/1609 4566/2954/1609 4567/2954/1609
f 4562/2955/1453 4563/2955/1453 4557/2956/1453 4556/2956/1453
f 4556/2956/1430 4557/2956/1430 4553/2951/1430 4552/2951/1430
f 4561/2952/1452 4562/2955/1452 4556/2956/1452 4552/2951/1452
f 4563/2955/1451 4560/2952/1451 4553/2951/1451 4557/2956/1451
f 4555/2957/1440 4554/2957/1440 4561/2952/1440 4560/2952/1440
f 4554/2957/1440 4558/2953/1440 4562/2955/1440 4561/2952/1440
f 4559/2953/1440 4555/2957/1440 4560/2952/1440 4563/2955/1440
f 4558/2953/1440 4559/2953/1440 4563/2955/1440 4562/2955/1440
f 4566/2954/1620 4565/2958/1620 4569/2959/1620 4570/2960/1620
f 4558/2953/1621 4554/2957/1621 4565/2958/1621 4566/2954/1621
f 4555/2957/1612 4559/2953/1612 4567/2954/1612 4564/2958/1612
f 4554/2957/1613 4555/2957/1613 4564/2958/1613 4565/2958/1613
f 4569/2959/1440 4568/2959/1440 4571/2960/1440 4570/2960/1440
f 4564/2958/1622 4567/2954/1622 4571/2960/1622 4568/2959/1622
f 4565/2958/1623 4564/2958/1623 4568/2959/1623 4569/2959/1623
f 4567/2954/1616 4566/2954/1616 4570/2960/1616 4571/2960/1616
f 4572/2961/1450 4573/2961/1450 4575/2962/1450 4574/2962/1450
f 4578/2963/1430 4579/2963/1430 4573/2961/1430 4572/2961/1430
f 4577/2964/1451 4575/2962/1451 4573/2961/1451 4579/2963/1451
f 4574/2962/1452 4576/2964/1452 4578/2963/1452 4572/2961/1452
f 4574/2962/1440 4575/2962/1440 4577/2964/1440 4576/2964/1440
f 4579/2963/1453 4578/2963/1453 4576/2964/1453 4577/2964/1453
f 4580/2965/1450 4581/2965/1450 4583/2966/1450 4582/2966/1450
f 4586/2967/1430 4587/2967/1430 4581/2965/1430 4580/2965/1430
f 4585/2968/1451 4583/2966/1451 4581/2965/1451 4587/2967/1451
f 4582/2966/1452 4584/2968/1452 4586/2967/1452 4580/2965/1452
f 4582/2966/1440 4583/2966/1440 4585/2968/1440 4584/2968/1440
f 4587/2967/1453 4586/2967/1453 4584/2968/1453 4585/2968/1453
f 4592/2969/1440 4593/2969/1440 4591/2970/1440 4590/2970/1440
f 4590/2970/1453 4591/2970/1453 4589/2971/1453 4588/2971/1453
f 4592/2969/1452 4590/2970/1452 4588/2971/1452 4594/2972/1452
f 4591/2970/1451 4593/2969/1451 4595/2972/1451 4589/2971/1451
f 4588/2971/1430 4589/2971/1430 4595/2972/1430 4594/2972/1430
f 4595/2972/1450 4593/2969/1450 4592/2969/1450 4594/2972/1450
f 4596/2973/1430 4598/2974/1430 4599/2974/1430 4597/2973/1430
f 4600/2975/1440 4601/2975/1440 4603/2976/1440 4602/2976/1440
f 4597/2973/1452 4599/2974/1452 4603/2976/1452 4601/2975/1452
f 4596/2973/1453 4597/2973/1453 4601/2975/1453 4600/2975/1453
f 4598/2974/1451 4596/2973/1451 4600/2975/1451 4602/2976/1451
f 4599/2974/1450 4598/2974/1450 4602/2976/1450 4603/2976/1450
f 4604/2977/1430 4606/2978/1430 4607/2978/1430 4605/2977/1430
f 4608/2979/1440 4609/2979/1440 4611/2980/1440 4610/2980/1440
f 4605/2977/1452 4607/2978/1452 4611/2980/1452 4609/2979/1452
f 4604/2977/1453 4605/2977/1453 4609/2979/1453 4608/2979/1453
f 4606/2978/1451 4604/2977/1451 4608/2979/1451 4610/2980/1451
f 4607/2978/1450 4606/2978/1450 4610/2980/1450 4611/2980/1450
f 4612/2981/1430 4614/2982/1430 4615/2982/1430 4613/2981/1430
f 4616/2983/1440 4617/2983/1440 4619/2984/1440 4618/2984/1440
f 4613/2981/1452 4615/2982/1452 4619/2984/1452 4617/2983/1452
f 4612/2981/1453 4613/2981/1453 4617/2983/1453 4616/2983/1453
f 4614/2982/1451 4612/2981/1451 4616/2983/1451 4618/2984/1451
f 4615/2982/1450 4614/2982/1450 4618/2984/1450 4619/2984/1450
f 4620/2985/1430 4622/2986/1430 4623/2986/1430 4621/2985/1430
f 4624/2987/1440 4625/2987/1440 4627/2988/1440 4626/2988/1440
f 4621/2985/1452 4623/2986/1452 4627/2988/1452 4625/2987/1452
f 4620/2985/1453 4621/2985/1453 4625/2987/1453 4624/2987/1453
f 4622/2986/1451 4620/2985/1451 4624/2987/1451 4626/2988/1451
f 4623/2986/1450 4622/2986/1450 4626/2988/1450 4627/2988/1450
f 4628/2989/1430 4630/2990/1430 4631/2990/1430 4629/2989/1430
f 4632/2991/1440 4633/2991/1440 4635/2992/1440 4634/2992/1440
f 4629/2989/1452 4631/2990/1452 4635/2992/1452 4633/2991/1452
f 4628/2989/1453 4629/2989/1453 4633/2991/1453 4632/2991/1453
f 4630/2990/1451 4628/2989/1451 4632/2991/1451 4634/2992/1451
f 4631/2990/1450 4630/2990/1450 4634/2992/1450 4635/2992/1450
f 4636/2973/1430 4638/2974/1430 4639/2974/1430 4637/2973/1430
f 4640/2975/1440 4641/2975/1440 4643/2976/1440 4642/2976/1440
f 4637/2973/1452 4639/2974/1452 4643/2976/1452 4641/2975/1452
f 4636/2973/1453 4637/2973/1453 4641/2975/1453 4640/2975/1453
f 4638/2974/1451 4636/2973/1451 4640/2975/1451 4642/2976/1451
f 4639/2974/1450 4638/2974/1450 4642/2976/1450 4643/2976/1450
f 4644/2977/1430 4646/2978/1430 4647/2978/1430 4645/2977/1430
f 4648/2979/1440 4649/2979/1440 4651/2980/1440 4650/2980/1440
f 4645/2977/1452 4647/2978/1452 4651/2980/1452 4649/2979/1452
f 4644/2977/1453 4645/2977/1453 4649/2979/1453 4648/2979/1453
f 4646/2978/1451 4644/2977/1451 4648/2979/1451 4650/2980/1451
f 4647/2978/1450 4646/2978/1450 4650/2980/1450 4651/2980/1450
f 4652/2981/1430 4654/2982/1430 4655/2982/1430 4653/2981/1430
f 4656/2983/1440 4657/2983/1440 4659/2984/1440 4658/2984/1440
f 4653/2981/1452 4655/2982/1452 4659/2984/1452 4657/2983/1452
f 4652/2981/1453 4653/2981/1453 4657/2983/1453 4656/2983/1453
f 4654/2982/1451 4652/2981/1451 4656/2983/1451 4658/2984/1451
f 4655/2982/1450 4654/2982/1450 4658/2984/1450 4659/2984/1450
f 4660/2985/1430 4662/2986/1430 4663/2986/1430 4661/2985/1430
f 4664/2987/1440 4665/2987/1440 4667/2988/1440 4666/2988/1440
f 4661/2985/1452 4663/2986/1452 4667/2988/1452 4665/2987/1452
f 4660/2985/1453 4661/2985/1453 4665/2987/1453 4664/2987/1453
f 4662/2986/1451 4660/2985/1451 4664/2987/1451 4666/2988/1451
f 4663/2986/1450 4662/2986/1450 4666/2988/1450 4667/2988/1450
f 4668/2989/1430 4670/2990/1430 4671/2990/1430 4669/2989/1430
f 4672/2991/1440 4673/2991/1440 4675/2992/1440 4674/2992/1440
f 4669/2989/1452 4671/2990/1452 4675/2992/1452 4673/2991/1452
f 4668/2989/1453 4669/2989/1453 4673/2991/1453 4672/2991/1453
f 4670/2990/1451 4668/2989/1451 4672/2991/1451 4674/2992/1451
f 4671/2990/1450 4670/2990/1450 4674/2992/1450 4675/2992/1450
f 4677/2993/1430 4676/2994/1430 4679/2993/1430 4678/2995/1430
f 4684/2996/1440 4686/2997/1440 4687/2996/1440 4685/2998/1440
f 4676/2994/1430 4683/2999/1430 4680/2994/1430 4679/2993/1430
f 4683/2999/1430 4682/3000/1430 4681/2999/1430 4680/2994/1430
f 4688/2998/1439 4691/3001/1439 4695/3002/1439 4692/3003/1439
f 4691/3001/1440 4688/2998/1440 4689/3001/1440 4690/2976/1440
f 4682/3000/1434 4683/2999/1434 4691/3001/1434 4690/2976/1434
f 4680/2994/1435 4681/2999/1435 4689/3001/1435 4688/2998/1435
f 4678/2995/1436 4679/2993/1436 4687/2996/1436 4686/2997/1436
f 4676/2994/1437 4677/2993/1437 4684/2996/1437 4685/2998/1437
f 4683/2999/1438 4676/2994/1438 4685/2998/1624 4691/3001/1624
f 4681/2999/1439 4682/3000/1439 4690/2976/1439 4689/3001/1439
f 4679/2993/1432 4680/2994/1432 4688/2998/1432 4687/2996/1432
f 4677/2993/1433 4678/2995/1433 4686/2997/1433 4684/2996/1433
f 4694/3003/1440 4693/3004/1440 4692/3003/1440 4695/3002/1440
f 4691/3001/1624 4685/2998/1624 4694/3003/1448 4695/3002/1448
f 4687/2996/1432 4688/2998/1432 4692/3003/1432 4693/3004/1432
f 4685/2998/1433 4687/2996/1433 4693/3004/1433 4694/3003/1433
f 4697/3005/1430 4696/3006/1430 4699/3005/1430 4698/3007/1430
f 4704/3008/1440 4706/3009/1440 4707/3008/1440 4705/3010/1440
f 4696/3006/1430 4703/3011/1430 4700/3006/1430 4699/3005/1430
f 4703/3011/1430 4702/3012/1430 4701/3011/1430 4700/3006/1430
f 4708/3010/1439 4711/3013/1439 4715/3014/1439 4712/3015/1439
f 4711/3013/1440 4708/3010/1440 4709/3013/1440 4710/2984/1440
f 4702/3012/1434 4703/3011/1434 4711/3013/1434 4710/2984/1434
f 4700/3006/1435 4701/3011/1435 4709/3013/1435 4708/3010/1435
f 4698/3007/1436 4699/3005/1436 4707/3008/1436 4706/3009/1436
f 4696/3006/1437 4697/3005/1437 4704/3008/1437 4705/3010/1437
f 4703/3011/1438 4696/3006/1438 4705/3010/1624 4711/3013/1624
f 4701/3011/1439 4702/3012/1439 4710/2984/1439 4709/3013/1439
f 4699/3005/1432 4700/3006/1432 4708/3010/1432 4707/3008/1432
f 4697/3005/1433 4698/3007/1433 4706/3009/1433 4704/3008/1433
f 4714/3015/1440 4713/3016/1440 4712/3015/1440 4715/3014/1440
f 4711/3013/1624 4705/3010/1624 4714/3015/1448 4715/3014/1448
f 4707/3008/1432 4708/3010/1432 4712/3015/1432 4713/3016/1432
f 4705/3010/1433 4707/3008/1433 4713/3016/1433 4714/3015/1433
f 4717/3017/1430 4716/3018/1430 4719/3017/1430 4718/3019/1430
f 4724/3020/1440 4726/2991/1440 4727/3020/1440 4725/3021/1440
f 4716/3018/1430 4723/3022/1430 4720/3018/1430 4719/3017/1430
f 4723/3022/1430 4722/3023/1430 4721/3022/1430 4720/3018/1430
f 4728/3021/1439 4731/3024/1439 4735/3025/1439 4732/3026/1439
f 4731/3024/1440 4728/3021/1440 4729/3024/1440 4730/3027/1440
f 4722/3023/1434 4723/3022/1434 4731/3024/1434 4730/3027/1434
f 4720/3018/1444 4721/3022/1444 4729/3024/1444 4728/3021/1444
f 4718/3019/1436 4719/3017/1436 4727/3020/1436 4726/2991/1436
f 4716/3018/1437 4717/3017/1437 4724/3020/1437 4725/3021/1437
f 4723/3022/1438 4716/3018/1438 4725/3021/1438 4731/3024/1438
f 4721/3022/1439 4722/3023/1439 4730/3027/1439 4729/3024/1439
f 4719/3017/1432 4720/3018/1432 4728/3021/1432 4727/3020/1432
f 4717/3017/1433 4718/3019/1433 4726/2991/1433 4724/3020/1433
f 4734/3026/1440 4733/3028/1440 4732/3026/1440 4735/3025/1440
f 4731/3024/1438 4725/3021/1438 4734/3026/1438 4735/3025/1438
f 4727/3020/1432 4728/3021/1432 4732/3026/1432 4733/3028/1432
f 4725/3021/1433 4727/3020/1433 4733/3028/1433 4734/3026/1433
f 4737/2993/1430 4736/2994/1430 4739/2993/1430 4738/2995/1430
f 4744/2996/1440 4746/2997/1440 4747/2996/1440 4745/2998/1440
f 4736/2994/1430 4743/2999/1430 4740/2994/1430 4739/2993/1430
f 4743/2999/1430 4742/3000/1625 4741/2999/1625 4740/2994/1430
f 4748/2998/1439 4751/3001/1439 4755/3002/1439 4752/3003/1439
f 4751/3001/1440 4748/2998/1440 4749/3001/1440 4750/2976/1440
f 4742/3000/1434 4743/2999/1434 4751/3001/1434 4750/2976/1434
f 4740/2994/1435 4741/2999/1435 4749/3001/1435 4748/2998/1435
f 4738/2995/1436 4739/2993/1436 4747/2996/1436 4746/2997/1436
f 4736/2994/1437 4737/2993/1437 4744/2996/1437 4745/2998/1437
f 4743/2999/1438 4736/2994/1438 4745/2998/1438 4751/3001/1438
f 4741/2999/1439 4742/3000/1439 4750/2976/1439 4749/3001/1439
f 4739/2993/1432 4740/2994/1432 4748/2998/1432 4747/2996/1432
f 4737/2993/1433 4738/2995/1433 4746/2997/1433 4744/2996/1433
f 4754/3003/1440 4753/3004/1440 4752/3003/1440 4755/3002/1440
f 4751/3001/1438 4745/2998/1438 4754/3003/1438 4755/3002/1438
f 4747/2996/1432 4748/2998/1432 4752/3003/1432 4753/3004/1432
f 4745/2998/1433 4747/2996/1433 4753/3004/1433 4754/3003/1433
f 4757/3005/1430 4756/3006/1430 4759/3005/1430 4758/3007/1430
f 4764/3008/1440 4766/3009/1440 4767/3008/1440 4765/3010/1440
f 4756/3006/1430 4763/3011/1430 4760/3006/1430 4759/3005/1430
f 4763/3011/1430 4762/3012/1625 4761/3011/1625 4760/3006/1430
f 4768/3010/1439 4771/3013/1439 4775/3014/1439 4772/3015/1439
f 4771/3013/1440 4768/3010/1440 4769/3013/1440 4770/2984/1440
f 4762/3012/1434 4763/3011/1434 4771/3013/1434 4770/2984/1434
f 4760/3006/1435 4761/3011/1435 4769/3013/1435 4768/3010/1435
f 4758/3007/1436 4759/3005/1436 4767/3008/1436 4766/3009/1436
f 4756/3006/1437 4757/3005/1437 4764/3008/1437 4765/3010/1437
f 4763/3011/1438 4756/3006/1438 4765/3010/1438 4771/3013/1438
f 4761/3011/1439 4762/3012/1439 4770/2984/1439 4769/3013/1439
f 4759/3005/1432 4760/3006/1432 4768/3010/1432 4767/3008/1432
f 4757/3005/1433 4758/3007/1433 4766/3009/1433 4764/3008/1433
f 4774/3015/1440 4773/3016/1440 4772/3015/1440 4775/3014/1440
f 4771/3013/1438 4765/3010/1438 4774/3015/1438 4775/3014/1438
f 4767/3008/1432 4768/3010/1432 4772/3015/1432 4773/3016/1432
f 4765/3010/1433 4767/3008/1433 4773/3016/1433 4774/3015/1433
f 4777/3017/1430 4776/3018/1430 4779/3017/1430 4778/3019/1430
f 4784/3020/1440 4786/2991/1440 4787/3020/1440 4785/3021/1440
f 4776/3018/1430 4783/3022/1430 4780/3018/1430 4779/3017/1430
f 4783/3022/1430 4782/3023/1625 4781/3022/1625 4780/3018/1430
f 4788/3021/1439 4791/3024/1439 4795/3025/1439 4792/3026/1439
f 4791/3024/1440 4788/3021/1440 4789/3024/1440 4790/3027/1440
f 4782/3023/1434 4783/3022/1434 4791/3024/1434 4790/3027/1434
f 4780/3018/1444 4781/3022/1444 4789/3024/1444 4788/3021/1444
f 4778/3019/1436 4779/3017/1436 4787/3020/1436 4786/2991/1436
f 4776/3018/1437 4777/3017/1437 4784/3020/1437 4785/3021/1437
f 4783/3022/1438 4776/3018/1438 4785/3021/1438 4791/3024/1438
f 4781/3022/1439 4782/3023/1439 4790/3027/1439 4789/3024/1439
f 4779/3017/1432 4780/3018/1432 4788/3021/1432 4787/3020/1432
f 4777/3017/1433 4778/3019/1433 4786/2991/1433 4784/3020/1433
f 4794/3026/1440 4793/3028/1440 4792/3026/1440 4795/3025/1440
f 4791/3024/1438 4785/3021/1438 4794/3026/1438 4795/3025/1438
f 4787/3020/1432 4788/3021/1432 4792/3026/1432 4793/3028/1432
f 4785/3021/1433 4787/3020/1433 4793/3028/1433 4794/3026/1433
f 4814/3029/1451 4813/3030/1451 4796/3031/1451 4806/3032/1451
f 4815/3029/1452 4810/3032/1452 4800/3031/1452 4812/3030/1452
f 4807/3033/1430 4811/3033/1430 4802/3034/1430 4798/3034/1430
f 4813/3030/1450 4812/3030/1450 4800/3031/1450 4796/3031/1450
f 4798/3034/1453 4802/3034/1453 4803/3035/1453 4799/3035/1453
f 4801/3036/1451 4816/3037/1451 4819/3038/1451 4808/3039/1451
f 4799/3035/1440 4803/3035/1440 4809/3040/1440 4805/3040/1440
f 4796/3031/1430 4800/3031/1430 4810/3032/1430 4806/3032/1430
f 4803/3035/1452 4802/3034/1452 4811/3033/1452 4809/3040/1452
f 4809/3040/1450 4811/3033/1450 4807/3033/1450 4805/3040/1450
f 4799/3035/1451 4805/3040/1451 4807/3033/1451 4798/3034/1451
f 4815/3029/1453 4814/3029/1453 4806/3032/1453 4810/3032/1453
f 4801/3036/1440 4812/3030/1440 4813/3030/1440 4797/3036/1440
f 4797/3036/1440 4813/3030/1440 4814/3029/1440 4804/3039/1440
f 4808/3039/1440 4815/3029/1440 4812/3030/1440 4801/3036/1440
f 4804/3039/1440 4814/3029/1440 4815/3029/1440 4808/3039/1440
f 4818/3041/1440 4819/3041/1440 4816/3042/1440 4817/3042/1440
f 4797/3036/1453 4817/3037/1453 4816/3037/1453 4801/3036/1453
f 4808/3039/1450 4819/3038/1450 4818/3038/1450 4804/3039/1450
f 4804/3039/1452 4818/3038/1452 4817/3037/1452 4797/3036/1452
f 4823/3043/1451 4821/3044/1451 4820/3045/1451 4822/3046/1451
f 4827/3043/1452 4826/3046/1452 4824/3045/1452 4825/3044/1452
f 4820/3045/1430 4824/3045/1430 4826/3046/1430 4822/3046/1430
f 4821/3044/1450 4825/3044/1450 4824/3045/1450 4820/3045/1450
f 4822/3046/1453 4826/3046/1453 4827/3043/1453 4823/3043/1453
f 4823/3043/1440 4827/3043/1440 4825/3044/1440 4821/3044/1440
f 4831/3043/1451 4829/3044/1451 4828/3045/1451 4830/3046/1451
f 4835/3043/1452 4834/3046/1452 4832/3045/1452 4833/3044/1452
f 4828/3045/1430 4832/3045/1430 4834/3046/1430 4830/3046/1430
f 4829/3044/1450 4833/3044/1450 4832/3045/1450 4828/3045/1450
f 4830/3046/1453 4834/3046/1453 4835/3043/1453 4831/3043/1453
f 4831/3043/1440 4835/3043/1440 4833/3044/1440 4829/3044/1440
f 4844/3047/1453 4845/3048/1453 4839/3049/1453 4838/3050/1453
f 4846/3051/1450 4842/3052/1450 4843/3053/1450 4847/3054/1450
f 4848/3055/1626 4854/3056/1627 4840/3057/1628 4836/3058/1628
f 4839/3049/1451 4843/3053/1451 4842/3052/1451 4838/3050/1451
f 4836/3058/1629 4840/3057/1629 4841/3054/1629 4837/3048/1629
f 4845/3048/1630 4847/3054/1630 4843/3053/1630 4839/3049/1630
f 4849/3048/1440 4855/3054/1440 4847/3054/1440 4845/3048/1440
f 4838/3050/1631 4842/3052/1631 4846/3051/1632 4844/3047/1632
f 4854/3056/1450 4846/3051/1450 4847/3054/1450 4855/3054/1450
f 4848/3055/1453 4849/3048/1453 4845/3048/1453 4844/3047/1453
f 4836/3058/1453 4837/3048/1453 4849/3048/1453 4848/3055/1453
f 4841/3054/1440 4852/3059/1440 4853/3059/1440 4855/3054/1440
f 4837/3048/1440 4841/3054/1440 4855/3054/1440 4849/3048/1440
f 4844/3047/1632 4846/3051/1632 4854/3056/1627 4848/3055/1626
f 4854/3056/1627 4850/3060/1628 4851/3061/1628 4840/3057/1628
f 4840/3057/1629 4851/3061/1629 4852/3059/1629 4841/3054/1629
f 4858/3062/1633 4862/3063/1633 4860/3064/1633 4856/3065/1633
f 4857/3066/1634 4854/3056/1634 4855/3054/1634 4856/3065/1634
f 4856/3065/1635 4855/3054/1635 4853/3059/1635 4858/3062/1635
f 4859/3067/1451 4850/3060/1451 4854/3056/1451 4857/3066/1451
f 4861/3068/1636 4860/3069/1636 4862/3070/1636 4863/3071/1636
f 4857/3066/1637 4861/3072/1637 4863/3073/1637 4859/3067/1637
f 4856/3065/1638 4860/3064/1638 4861/3072/1638 4857/3066/1638
f 4872/3074/1450 4866/3075/1450 4867/3076/1450 4873/3077/1450
f 4874/3078/1453 4875/3079/1453 4871/3080/1453 4870/3081/1453
f 4876/3082/1626 4864/3083/1628 4868/3084/1628 4877/3085/1627
f 4867/3076/1451 4866/3075/1451 4870/3081/1451 4871/3080/1451
f 4864/3083/1629 4865/3077/1629 4869/3079/1629 4868/3084/1629
f 4873/3077/1630 4867/3076/1630 4871/3080/1630 4875/3079/1630
f 4878/3077/1440 4873/3077/1440 4875/3079/1440 4879/3079/1440
f 4866/3075/1631 4872/3074/1632 4874/3078/1632 4870/3081/1631
f 4877/3085/1453 4879/3079/1453 4875/3079/1453 4874/3078/1453
f 4876/3082/1450 4872/3074/1450 4873/3077/1450 4878/3077/1450
f 4864/3083/1450 4876/3082/1450 4878/3077/1450 4865/3077/1450
f 4869/3079/1440 4879/3079/1440 4853/3059/1440 4852/3059/1440
f 4865/3077/1440 4878/3077/1440 4879/3079/1440 4869/3079/1440
f 4872/3074/1632 4876/3082/1626 4877/3085/1627 4874/3078/1632
f 4877/3085/1627 4868/3084/1628 4851/3061/1628 4850/3060/1628
f 4868/3084/1629 4869/3079/1629 4852/3059/1629 4851/3061/1629
f 4858/3062/1633 4880/3086/1633 4882/3087/1633 4862/3063/1633
f 4881/3088/1639 4880/3086/1639 4879/3079/1639 4877/3085/1639
f 4880/3086/1635 4858/3062/1635 4853/3059/1635 4879/3079/1635
f 4859/3067/1451 4881/3088/1451 4877/3085/1451 4850/3060/1451
f 4883/3089/1636 4863/3071/1636 4862/3070/1636 4882/3090/1636
f 4881/3088/1637 4859/3067/1637 4863/3073/1637 4883/3091/1637
f 4880/3086/1640 4881/3088/1640 4883/3091/1640 4882/3087/1640
f 4885/3092/1452 4884/3093/1452 4887/3094/1452 4886/3095/1452
f 4892/3092/1451 4894/3095/1451 4895/3094/1451 4893/3093/1451
f 4884/3093/1452 4891/3096/1452 4888/3097/1452 4887/3094/1452
f 4891/3096/1452 4890/3098/1452 4889/3099/1452 4888/3097/1452
f 4896/3097/1595 4899/3096/1595 4903/3096/1595 4900/3097/1595
f 4899/3096/1451 4896/3097/1451 4897/3099/1451 4898/3098/1451
f 4890/3098/1591 4891/3096/1591 4899/3096/1591 4898/3098/1591
f 4888/3097/1592 4889/3099/1592 4897/3099/1592 4896/3097/1592
f 4886/3095/1593 4887/3094/1593 4895/3094/1593 4894/3095/1593
f 4884/3093/1590 4885/3092/1590 4892/3092/1590 4893/3093/1590
f 4891/3096/1589 4884/3093/1589 4893/3093/1589 4899/3096/1589
f 4889/3099/1595 4890/3098/1595 4898/3098/1595 4897/3099/1595
f 4887/3094/1596 4888/3097/1596 4896/3097/1596 4895/3094/1596
f 4885/3092/1594 4886/3095/1594 4894/3095/1594 4892/3092/1594
f 4902/3093/1451 4901/3094/1451 4900/3097/1451 4903/3096/1451
f 4899/3096/1589 4893/3093/1589 4902/3093/1589 4903/3096/1589
f 4895/3094/1596 4896/3097/1596 4900/3097/1596 4901/3094/1596
f 4893/3093/1594 4895/3094/1594 4901/3094/1594 4902/3093/1594
f 4905/3100/1452 4904/3101/1452 4907/3102/1452 4906/3103/1452
f 4912/3100/1451 4914/3103/1451 4915/3102/1451 4913/3101/1451
f 4904/3101/1452 4911/3104/1452 4908/3105/1452 4907/3102/1452
f 4911/3104/1452 4910/3106/1452 4909/3107/1452 4908/3105/1452
f 4916/3105/1596 4919/3104/1596 4923/3104/1596 4920/3105/1596
f 4919/3104/1451 4916/3105/1451 4917/3107/1451 4918/3106/1451
f 4910/3106/1592 4911/3104/1592 4919/3104/1592 4918/3106/1592
f 4908/3105/1593 4909/3107/1593 4917/3107/1593 4916/3105/1593
f 4906/3103/1641 4907/3102/1641 4915/3102/1641 4914/3103/1641
f 4904/3101/1591 4905/3100/1591 4912/3100/1591 4913/3101/1591
f 4911/3104/1595 4904/3101/1595 4913/3101/1595 4919/3104/1595
f 4909/3107/1597 4910/3106/1597 4918/3106/1597 4917/3107/1597
f 4907/3102/1594 4908/3105/1594 4916/3105/1594 4915/3102/1594
f 4905/3100/1589 4906/3103/1589 4914/3103/1589 4912/3100/1589
f 4922/3101/1451 4921/3102/1451 4920/3105/1451 4923/3104/1451
f 4919/3104/1595 4913/3101/1595 4922/3101/1595 4923/3104/1595
f 4915/3102/1594 4916/3105/1594 4920/3105/1594 4921/3102/1594
f 4913/3101/1589 4915/3102/1589 4921/3102/1589 4922/3101/1589
f 4925/3108/1452 4924/3109/1452 4927/3110/1452 4926/3111/1452
f 4932/3108/1451 4934/3111/1451 4935/3110/1451 4933/3109/1451
f 4924/3109/1452 4931/3112/1452 4928/3113/1452 4927/3110/1452
f 4931/3112/1452 4930/3114/1452 4929/3115/1452 4928/3113/1452
f 4936/3113/1596 4939/3112/1596 4943/3112/1596 4940/3113/1596
f 4939/3112/1451 4936/3113/1451 4937/3115/1451 4938/3114/1451
f 4930/3114/1592 4931/3112/1592 4939/3112/1592 4938/3114/1592
f 4928/3113/1593 4929/3115/1593 4937/3115/1593 4936/3113/1593
f 4926/3111/1590 4927/3110/1590 4935/3110/1590 4934/3111/1590
f 4924/3109/1591 4925/3108/1591 4932/3108/1591 4933/3109/1591
f 4931/3112/1595 4924/3109/1595 4933/3109/1595 4939/3112/1595
f 4929/3115/1596 4930/3114/1596 4938/3114/1596 4937/3115/1596
f 4927/3110/1594 4928/3113/1594 4936/3113/1594 4935/3110/1594
f 4925/3108/1589 4926/3111/1589 4934/3111/1589 4932/3108/1589
f 4942/3109/1451 4941/3110/1451 4940/3113/1451 4943/3112/1451
f 4939/3112/1595 4933/3109/1595 4942/3109/1595 4943/3112/1595
f 4935/3110/1594 4936/3113/1594 4940/3113/1594 4941/3110/1594
f 4933/3109/1589 4935/3110/1589 4941/3110/1589 4942/3109/1589
f 4945/3116/1452 4944/3117/1452 4947/3118/1452 4946/3119/1452
f 4952/3116/1451 4954/3119/1451 4955/3118/1451 4953/3117/1451
f 4944/3117/1452 4951/3120/1452 4948/3121/1452 4947/3118/1452
f 4951/3120/1452 4950/3122/1452 4949/3123/1452 4948/3121/1452
f 4956/3121/1596 4959/3120/1596 4963/3120/1596 4960/3121/1596
f 4959/3120/1451 4956/3121/1451 4957/3123/1451 4958/3122/1451
f 4950/3122/1592 4951/3120/1592 4959/3120/1592 4958/3122/1592
f 4948/3121/1593 4949/3123/1593 4957/3123/1593 4956/3121/1593
f 4946/3119/1590 4947/3118/1590 4955/3118/1590 4954/3119/1590
f 4944/3117/1591 4945/3116/1591 4952/3116/1591 4953/3117/1591
f 4951/3120/1595 4944/3117/1595 4953/3117/1595 4959/3120/1595
f 4949/3123/1596 4950/3122/1596 4958/3122/1596 4957/3123/1596
f 4947/3118/1594 4948/3121/1594 4956/3121/1594 4955/3118/1594
f 4945/3116/1589 4946/3119/1589 4954/3119/1589 4952/3116/1589
f 4962/3117/1451 4961/3118/1451 4960/3121/1451 4963/3120/1451
f 4959/3120/1595 4953/3117/1595 4962/3117/1595 4963/3120/1595
f 4955/3118/1594 4956/3121/1594 4960/3121/1594 4961/3118/1594
f 4953/3117/1589 4955/3118/1589 4961/3118/1589 4962/3117/1589
f 4965/3124/1452 4964/3125/1452 4967/3126/1452 4966/3127/1452
f 4972/3124/1451 4974/3127/1451 4975/3126/1451 4973/3125/1451
f 4964/3125/1452 4971/3128/1452 4968/3129/1452 4967/3126/1452
f 4971/3128/1452 4970/3130/1452 4969/3131/1452 4968/3129/1452
f 4976/3129/1596 4979/3128/1596 4983/3128/1596 4980/3129/1596
f 4979/3128/1451 4976/3129/1451 4977/3131/1451 4978/3130/1451
f 4970/3130/1592 4971/3128/1592 4979/3128/1592 4978/3130/1592
f 4968/3129/1593 4969/3131/1593 4977/3131/1593 4976/3129/1593
f 4966/3127/1590 4967/3126/1590 4975/3126/1590 4974/3127/1590
f 4964/3125/1591 4965/3124/1591 4972/3124/1591 4973/3125/1591
f 4971/3128/1595 4964/3125/1595 4973/3125/1595 4979/3128/1595
f 4969/3131/1596 4970/3130/1596 4978/3130/1596 4977/3131/1596
f 4967/3126/1594 4968/3129/1594 4976/3129/1594 4975/3126/1594
f 4965/3124/1589 4966/3127/1589 4974/3127/1589 4972/3124/1589
f 4982/3125/1451 4981/3126/1451 4980/3129/1451 4983/3128/1451
f 4979/3128/1595 4973/3125/1595 4982/3125/1595 4983/3128/1595
f 4975/3126/1594 4976/3129/1594 4980/3129/1594 4981/3126/1594
f 4973/3125/1589 4975/3126/1589 4981/3126/1589 4982/3125/1589
f 4985/3132/1452 4984/3133/1452 4987/3134/1452 4986/3135/1452
f 4992/3132/1451 4994/3135/1451 4995/3134/1451 4993/3133/1451
f 4984/3133/1452 4991/3136/1452 4988/3137/1452 4987/3134/1452
f 4991/3136/1452 4990/3138/1452 4989/3139/1452 4988/3137/1452
f 4996/3137/1596 4999/3136/1596 5003/3136/1596 5000/3137/1596
f 4999/3136/1451 4996/3137/1451 4997/3139/1451 4998/3138/1451
f 4990/3138/1592 4991/3136/1592 4999/3136/1592 4998/3138/1592
f 4988/3137/1593 4989/3139/1593 4997/3139/1593 4996/3137/1593
f 4986/3135/1590 4987/3134/1590 4995/3134/1590 4994/3135/1590
f 4984/3133/1591 4985/3132/1591 4992/3132/1591 4993/3133/1591
f 4991/3136/1595 4984/3133/1595 4993/3133/1595 4999/3136/1595
f 4989/3139/1596 4990/3138/1596 4998/3138/1596 4997/3139/1596
f 4987/3134/1594 4988/3137/1594 4996/3137/1594 4995/3134/1594
f 4985/3132/1589 4986/3135/1589 4994/3135/1589 4992/3132/1589
f 5002/3133/1451 5001/3134/1451 5000/3137/1451 5003/3136/1451
f 4999/3136/1595 4993/3133/1595 5002/3133/1595 5003/3136/1595
f 4995/3134/1594 4996/3137/1594 5000/3137/1594 5001/3134/1594
f 4993/3133/1589 4995/3134/1589 5001/3134/1589 5002/3133/1589
f 5005/3140/1452 5004/3141/1452 5007/3142/1452 5006/3143/1452
f 5012/3140/1451 5014/3143/1451 5015/3142/1451 5013/3141/1451
f 5004/3141/1452 5011/3144/1452 5008/3145/1452 5007/3142/1452
f 5011/3144/1452 5010/3146/1452 5009/3147/1452 5008/3145/1452
f 5016/3145/1596 5019/3144/1596 5023/3144/1596 5020/3145/1596
f 5019/3144/1451 5016/3145/1451 5017/3147/1451 5018/3146/1451
f 5010/3146/1592 5011/3144/1592 5019/3144/1592 5018/3146/1592
f 5008/3145/1593 5009/3147/1593 5017/3147/1593 5016/3145/1593
f 5006/3143/1590 5007/3142/1590 5015/3142/1590 5014/3143/1590
f 5004/3141/1591 5005/3140/1591 5012/3140/1591 5013/3141/1591
f 5011/3144/1595 5004/3141/1595 5013/3141/1595 5019/3144/1595
f 5009/3147/1596 5010/3146/1596 5018/3146/1596 5017/3147/1596
f 5007/3142/1594 5008/3145/1594 5016/3145/1594 5015/3142/1594
f 5005/3140/1589 5006/3143/1589 5014/3143/1589 5012/3140/1589
f 5022/3141/1451 5021/3142/1451 5020/3145/1451 5023/3144/1451
f 5019/3144/1595 5013/3141/1595 5022/3141/1595 5023/3144/1595
f 5015/3142/1594 5016/3145/1594 5020/3145/1594 5021/3142/1594
f 5013/3141/1589 5015/3142/1589 5021/3142/1589 5022/3141/1589
f 5025/3148/1452 5024/3149/1452 5027/3150/1452 5026/3151/1452
f 5032/3148/1451 5034/3151/1451 5035/3150/1451 5033/3149/1451
f 5024/3149/1452 5031/3152/1452 5028/3153/1452 5027/3150/1452
f 5031/3152/1452 5030/3154/1452 5029/3155/1452 5028/3153/1452
f 5036/3153/1596 5039/3152/1596 5043/3152/1596 5040/3153/1596
f 5039/3152/1451 5036/3153/1451 5037/3155/1451 5038/3154/1451
f 5030/3154/1592 5031/3152/1592 5039/3152/1592 5038/3154/1592
f 5028/3153/1593 5029/3155/1593 5037/3155/1593 5036/3153/1593
f 5026/3151/1590 5027/3150/1590 5035/3150/1590 5034/3151/1590
f 5024/3149/1591 5025/3148/1591 5032/3148/1591 5033/3149/1591
f 5031/3152/1595 5024/3149/1595 5033/3149/1595 5039/3152/1595
f 5029/3155/1596 5030/3154/1596 5038/3154/1596 5037/3155/1596
f 5027/3150/1594 5028/3153/1594 5036/3153/1594 5035/3150/1594
f 5025/3148/1589 5026/3151/1589 5034/3151/1589 5032/3148/1589
f 5042/3149/1451 5041/3150/1451 5040/3153/1451 5043/3152/1451
f 5039/3152/1595 5033/3149/1595 5042/3149/1595 5043/3152/1595
f 5035/3150/1594 5036/3153/1594 5040/3153/1594 5041/3150/1594
f 5033/3149/1589 5035/3150/1589 5041/3150/1589 5042/3149/1589
f 5045/3156/1452 5044/3157/1452 5047/3158/1452 5046/3159/1452
f 5052/3156/1451 5054/3159/1451 5055/3158/1451 5053/3157/1451
f 5044/3157/1452 5051/3160/1452 5048/3161/1452 5047/3158/1452
f 5051/3160/1452 5050/3162/1452 5049/3163/1452 5048/3161/1452
f 5056/3161/1596 5059/3160/1596 5063/3160/1596 5060/3161/1596
f 5059/3160/1451 5056/3161/1451 5057/3163/1451 5058/3162/1451
f 5050/3162/1592 5051/3160/1592 5059/3160/1592 5058/3162/1592
f 5048/3161/1593 5049/3163/1593 5057/3163/1593 5056/3161/1593
f 5046/3159/1590 5047/3158/1590 5055/3158/1590 5054/3159/1590
f 5044/3157/1591 5045/3156/1591 5052/3156/1591 5053/3157/1591
f 5051/3160/1595 5044/3157/1595 5053/3157/1595 5059/3160/1595
f 5049/3163/1596 5050/3162/1596 5058/3162/1596 5057/3163/1596
f 5047/3158/1642 5048/3161/1642 5056/3161/1642 5055/3158/1642
f 5045/3156/1589 5046/3159/1589 5054/3159/1589 5052/3156/1589
f 5062/3157/1451 5061/3158/1451 5060/3161/1451 5063/3160/1451
f 5059/3160/1595 5053/3157/1595 5062/3157/1595 5063/3160/1595
f 5055/3158/1642 5056/3161/1642 5060/3161/1594 5061/3158/1594
f 5053/3157/1589 5055/3158/1589 5061/3158/1589 5062/3157/1589
f 5065/3164/1452 5064/3165/1452 5067/3166/1452 5066/3167/1452
f 5072/3164/1451 5074/3167/1451 5075/3166/1451 5073/3165/1451
f 5064/3165/1452 5071/3168/1452 5068/3169/1452 5067/3166/1452
f 5071/3168/1452 5070/3170/1452 5069/3171/1452 5068/3169/1452
f 5076/3169/1596 5079/3168/1596 5083/3168/1596 5080/3169/1596
f 5079/3168/1451 5076/3169/1451 5077/3171/1451 5078/3170/1451
f 5070/3170/1592 5071/3168/1592 5079/3168/1592 5078/3170/1592
f 5068/3169/1593 5069/3171/1593 5077/3171/1593 5076/3169/1593
f 5066/3167/1590 5067/3166/1590 5075/3166/1590 5074/3167/1590
f 5064/3165/1591 5065/3164/1591 5072/3164/1591 5073/3165/1591
f 5071/3168/1595 5064/3165/1595 5073/3165/1595 5079/3168/1595
f 5069/3171/1596 5070/3170/1596 5078/3170/1596 5077/3171/1596
f 5067/3166/1594 5068/3169/1594 5076/3169/1594 5075/3166/1594
f 5065/3164/1589 5066/3167/1589 5074/3167/1589 5072/3164/1589
f 5082/3165/1451 5081/3166/1451 5080/3169/1451 5083/3168/1451
f 5079/3168/1595 5073/3165/1595 5082/3165/1595 5083/3168/1595
f 5075/3166/1594 5076/3169/1594 5080/3169/1594 5081/3166/1594
f 5073/3165/1589 5075/3166/1589 5081/3166/1589 5082/3165/1589
f 5085/3172/1452 5084/3173/1452 5087/3174/1452 5086/3175/1452
f 5092/3172/1451 5094/3175/1451 5095/3174/1451 5093/3173/1451
f 5084/3173/1452 5091/3176/1452 5088/3177/1452 5087/3174/1452
f 5091/3176/1452 5090/3178/1452 5089/3179/1452 5088/3177/1452
f 5096/3177/1596 5099/3176/1596 5103/3176/1596 5100/3177/1596
f 5099/3176/1451 5096/3177/1451 5097/3179/1451 5098/3178/1451
f 5090/3178/1592 5091/3176/1592 5099/3176/1592 5098/3178/1592
f 5088/3177/1593 5089/3179/1593 5097/3179/1593 5096/3177/1593
f 5086/3175/1590 5087/3174/1590 5095/3174/1590 5094/3175/1590
f 5084/3173/1599 5085/3172/1599 5092/3172/1599 5093/3173/1599
f 5091/3176/1595 5084/3173/1595 5093/3173/1595 5099/3176/1595
f 5089/3179/1596 5090/3178/1596 5098/3178/1596 5097/3179/1596
f 5087/3174/1642 5088/3177/1642 5096/3177/1642 5095/3174/1642
f 5085/3172/1589 5086/3175/1589 5094/3175/1589 5092/3172/1589
f 5102/3173/1451 5101/3174/1451 5100/3177/1451 5103/3176/1451
f 5099/3176/1595 5093/3173/1595 5102/3173/1595 5103/3176/1595
f 5095/3174/1642 5096/3177/1642 5100/3177/1594 5101/3174/1594
f 5093/3173/1589 5095/3174/1589 5101/3174/1589 5102/3173/1589
f 5105/3180/1452 5104/3181/1452 5107/3182/1452 5106/3183/1452
f 5112/3180/1451 5114/3183/1451 5115/3182/1451 5113/3181/1451
f 5104/3181/1452 5111/3184/1452 5108/3185/1452 5107/3182/1452
f 5111/3184/1452 5110/3186/1452 5109/3187/1452 5108/3185/1452
f 5116/3185/1596 5119/3184/1596 5123/3184/1596 5120/3185/1596
f 5119/3184/1451 5116/3185/1451 5117/3187/1451 5118/3186/1451
f 5110/3186/1592 5111/3184/1592 5119/3184/1592 5118/3186/1592
f 5108/3185/1593 5109/3187/1593 5117/3187/1593 5116/3185/1593
f 5106/3183/1590 5107/3182/1590 5115/3182/1590 5114/3183/1590
f 5104/3181/1591 5105/3180/1591 5112/3180/1591 5113/3181/1591
f 5111/3184/1595 5104/3181/1595 5113/3181/1595 5119/3184/1595
f 5109/3187/1596 5110/3186/1596 5118/3186/1596 5117/3187/1596
f 5107/3182/1594 5108/3185/1594 5116/3185/1594 5115/3182/1594
f 5105/3180/1589 5106/3183/1589 5114/3183/1589 5112/3180/1589
f 5122/3181/1451 5121/3182/1451 5120/3185/1451 5123/3184/1451
f 5119/3184/1595 5113/3181/1595 5122/3181/1595 5123/3184/1595
f 5115/3182/1594 5116/3185/1594 5120/3185/1594 5121/3182/1594
f 5113/3181/1589 5115/3182/1589 5121/3182/1589 5122/3181/1589
f 5125/3188/1452 5124/3189/1452 5127/3190/1452 5126/3191/1452
f 5132/3188/1451 5134/3191/1451 5135/3190/1451 5133/3189/1451
f 5124/3189/1452 5131/3192/1452 5128/3193/1452 5127/3190/1452
f 5131/3192/1452 5130/3194/1452 5129/3195/1452 5128/3193/1452
f 5136/3193/1596 5139/3192/1596 5143/3192/1596 5140/3193/1596
f 5139/3192/1451 5136/3193/1451 5137/3195/1451 5138/3194/1451
f 5130/3194/1592 5131/3192/1592 5139/3192/1592 5138/3194/1592
f 5128/3193/1593 5129/3195/1593 5137/3195/1593 5136/3193/1593
f 5126/3191/1590 5127/3190/1590 5135/3190/1590 5134/3191/1590
f 5124/3189/1591 5125/3188/1591 5132/3188/1591 5133/3189/1591
f 5131/3192/1595 5124/3189/1595 5133/3189/1595 5139/3192/1595
f 5129/3195/1596 5130/3194/1596 5138/3194/1596 5137/3195/1596
f 5127/3190/1594 5128/3193/1594 5136/3193/1594 5135/3190/1594
f 5125/3188/1589 5126/3191/1589 5134/3191/1589 5132/3188/1589
f 5142/3189/1451 5141/3190/1451 5140/3193/1451 5143/3192/1451
f 5139/3192/1595 5133/3189/1595 5142/3189/1595 5143/3192/1595
f 5135/3190/1594 5136/3193/1594 5140/3193/1594 5141/3190/1594
f 5133/3189/1589 5135/3190/1589 5141/3190/1589 5142/3189/1589
f 5145/3196/1452 5144/3197/1452 5147/3198/1452 5146/3199/1452
f 5152/3196/1451 5154/3199/1451 5155/3198/1451 5153/3197/1451
f 5144/3197/1452 5151/3200/1452 5148/3201/1452 5147/3198/1452
f 5151/3200/1452 5150/3202/1452 5149/3203/1452 5148/3201/1452
f 5156/3201/1596 5159/3200/1596 5163/3200/1596 5160/3201/1596
f 5159/3200/1451 5156/3201/1451 5157/3203/1451 5158/3202/1451
f 5150/3202/1592 5151/3200/1592 5159/3200/1592 5158/3202/1592
f 5148/3201/1593 5149/3203/1593 5157/3203/1593 5156/3201/1593
f 5146/3199/1590 5147/3198/1590 5155/3198/1590 5154/3199/1590
f 5144/3197/1591 5145/3196/1591 5152/3196/1591 5153/3197/1591
f 5151/3200/1595 5144/3197/1595 5153/3197/1595 5159/3200/1595
f 5149/3203/1596 5150/3202/1596 5158/3202/1596 5157/3203/1596
f 5147/3198/1594 5148/3201/1594 5156/3201/1594 5155/3198/1594
f 5145/3196/1589 5146/3199/1589 5154/3199/1589 5152/3196/1589
f 5162/3197/1451 5161/3198/1451 5160/3201/1451 5163/3200/1451
f 5159/3200/1595 5153/3197/1595 5162/3197/1595 5163/3200/1595
f 5155/3198/1594 5156/3201/1594 5160/3201/1594 5161/3198/1594
f 5153/3197/1589 5155/3198/1589 5161/3198/1589 5162/3197/1589
f 5165/3204/1452 5164/3205/1452 5167/3206/1452 5166/3207/1452
f 5172/3204/1451 5174/3207/1451 5175/3206/1451 5173/3205/1451
f 5164/3205/1452 5171/3208/1452 5168/3209/1452 5167/3206/1452
f 5171/3208/1452 5170/3210/1452 5169/3211/1452 5168/3209/1452
f 5176/3209/1596 5179/3208/1596 5183/3208/1596 5180/3209/1596
f 5179/3208/1451 5176/3209/1451 5177/3211/1451 5178/3210/1451
f 5170/3210/1592 5171/3208/1592 5179/3208/1592 5178/3210/1592
f 5168/3209/1593 5169/3211/1593 5177/3211/1593 5176/3209/1593
f 5166/3207/1590 5167/3206/1590 5175/3206/1590 5174/3207/1590
f 5164/3205/1591 5165/3204/1591 5172/3204/1591 5173/3205/1591
f 5171/3208/1595 5164/3205/1595 5173/3205/1595 5179/3208/1595
f 5169/3211/1596 5170/3210/1596 5178/3210/1596 5177/3211/1596
f 5167/3206/1594 5168/3209/1594 5176/3209/1594 5175/3206/1594
f 5165/3204/1589 5166/3207/1589 5174/3207/1589 5172/3204/1589
f 5182/3205/1451 5181/3206/1451 5180/3209/1451 5183/3208/1451
f 5179/3208/1595 5173/3205/1595 5182/3205/1595 5183/3208/1595
f 5175/3206/1594 5176/3209/1594 5180/3209/1594 5181/3206/1594
f 5173/3205/1589 5175/3206/1589 5181/3206/1589 5182/3205/1589
f 5185/3212/1452 5184/3213/1452 5187/3214/1452 5186/3215/1452
f 5192/3212/1451 5194/3215/1451 5195/3214/1451 5193/3213/1451
f 5184/3213/1452 5191/3216/1452 5188/3217/1452 5187/3214/1452
f 5191/3216/1452 5190/3218/1452 5189/3219/1452 5188/3217/1452
f 5196/3217/1596 5199/3216/1596 5203/3216/1596 5200/3217/1596
f 5199/3216/1451 5196/3217/1451 5197/3219/1451 5198/3218/1451
f 5190/3218/1592 5191/3216/1592 5199/3216/1592 5198/3218/1592
f 5188/3217/1593 5189/3219/1593 5197/3219/1593 5196/3217/1593
f 5186/3215/1590 5187/3214/1590 5195/3214/1590 5194/3215/1590
f 5184/3213/1591 5185/3212/1591 5192/3212/1591 5193/3213/1591
f 5191/3216/1595 5184/3213/1595 5193/3213/1595 5199/3216/1595
f 5189/3219/1596 5190/3218/1596 5198/3218/1596 5197/3219/1596
f 5187/3214/1594 5188/3217/1594 5196/3217/1594 5195/3214/1594
f 5185/3212/1589 5186/3215/1589 5194/3215/1589 5192/3212/1589
f 5202/3213/1451 5201/3214/1451 5200/3217/1451 5203/3216/1451
f 5199/3216/1595 5193/3213/1595 5202/3213/1595 5203/3216/1595
f 5195/3214/1594 5196/3217/1594 5200/3217/1594 5201/3214/1594
f 5193/3213/1589 5195/3214/1589 5201/3214/1589 5202/3213/1589
f 5205/3220/1452 5204/3221/1452 5207/3222/1452 5206/3223/1452
f 5212/3220/1451 5214/3223/1451 5215/3222/1451 5213/3221/1451
f 5204/3221/1452 5211/3224/1452 5208/3225/1452 5207/3222/1452
f 5211/3224/1452 5210/3226/1452 5209/3227/1452 5208/3225/1452
f 5216/3225/1596 5219/3224/1596 5223/3224/1596 5220/3225/1596
f 5219/3224/1451 5216/3225/1451 5217/3227/1451 5218/3226/1451
f 5210/3226/1643 5211/3224/1643 5219/3224/1643 5218/3226/1643
f 5208/3225/1644 5209/3227/1644 5217/3227/1644 5216/3225/1644
f 5206/3223/1590 5207/3222/1590 5215/3222/1590 5214/3223/1590
f 5204/3221/1591 5205/3220/1591 5212/3220/1591 5213/3221/1591
f 5211/3224/1595 5204/3221/1595 5213/3221/1595 5219/3224/1595
f 5209/3227/1597 5210/3226/1597 5218/3226/1597 5217/3227/1597
f 5207/3222/1594 5208/3225/1594 5216/3225/1594 5215/3222/1594
f 5205/3220/1589 5206/3223/1589 5214/3223/1589 5212/3220/1589
f 5222/3221/1451 5221/3222/1451 5220/3225/1451 5223/3224/1451
f 5219/3224/1595 5213/3221/1595 5222/3221/1595 5223/3224/1595
f 5215/3222/1594 5216/3225/1594 5220/3225/1594 5221/3222/1594
f 5213/3221/1589 5215/3222/1589 5221/3222/1589 5222/3221/1589
f 5225/3228/1452 5224/3229/1452 5227/3230/1452 5226/3231/1452
f 5232/3228/1451 5234/3231/1451 5235/3230/1451 5233/3229/1451
f 5224/3229/1452 5231/3232/1452 5228/3233/1452 5227/3230/1452
f 5231/3232/1452 5230/3234/1452 5229/3235/1452 5228/3233/1452
f 5236/3233/1596 5239/3232/1596 5243/3232/1596 5240/3233/1596
f 5239/3232/1451 5236/3233/1451 5237/3235/1451 5238/3234/1451
f 5230/3234/1592 5231/3232/1592 5239/3232/1592 5238/3234/1592
f 5228/3233/1593 5229/3235/1593 5237/3235/1593 5236/3233/1593
f 5226/3231/1590 5227/3230/1590 5235/3230/1590 5234/3231/1590
f 5224/3229/1591 5225/3228/1591 5232/3228/1591 5233/3229/1591
f 5231/3232/1595 5224/3229/1595 5233/3229/1595 5239/3232/1595
f 5229/3235/1596 5230/3234/1596 5238/3234/1596 5237/3235/1596
f 5227/3230/1594 5228/3233/1594 5236/3233/1594 5235/3230/1594
f 5225/3228/1589 5226/3231/1589 5234/3231/1589 5232/3228/1589
f 5242/3229/1451 5241/3230/1451 5240/3233/1451 5243/3232/1451
f 5239/3232/1595 5233/3229/1595 5242/3229/1595 5243/3232/1595
f 5235/3230/1594 5236/3233/1594 5240/3233/1594 5241/3230/1594
f 5233/3229/1589 5235/3230/1589 5241/3230/1589 5242/3229/1589
f 5245/3236/1452 5244/3237/1452 5247/3238/1452 5246/3239/1452
f 5252/3236/1451 5254/3239/1451 5255/3238/1451 5253/3237/1451
f 5244/3237/1452 5251/3240/1452 5248/3241/1452 5247/3238/1452
f 5251/3240/1452 5250/3242/1452 5249/3243/1452 5248/3241/1452
f 5256/3241/1596 5259/3240/1596 5263/3240/1596 5260/3241/1596
f 5259/3240/1451 5256/3241/1451 5257/3243/1451 5258/3242/1451
f 5250/3242/1592 5251/3240/1592 5259/3240/1592 5258/3242/1592
f 5248/3241/1593 5249/3243/1593 5257/3243/1593 5256/3241/1593
f 5246/3239/1590 5247/3238/1590 5255/3238/1590 5254/3239/1590
f 5244/3237/1591 5245/3236/1591 5252/3236/1591 5253/3237/1591
f 5251/3240/1595 5244/3237/1595 5253/3237/1595 5259/3240/1595
f 5249/3243/1596 5250/3242/1596 5258/3242/1596 5257/3243/1596
f 5247/3238/1594 5248/3241/1594 5256/3241/1594 5255/3238/1594
f 5245/3236/1589 5246/3239/1589 5254/3239/1589 5252/3236/1589
f 5262/3237/1451 5261/3238/1451 5260/3241/1451 5263/3240/1451
f 5259/3240/1595 5253/3237/1595 5262/3237/1595 5263/3240/1595
f 5255/3238/1594 5256/3241/1594 5260/3241/1594 5261/3238/1594
f 5253/3237/1589 5255/3238/1589 5261/3238/1589 5262/3237/1589
f 5265/3244/1452 5264/3245/1452 5267/3246/1452 5266/3247/1452
f 5272/3244/1451 5274/3247/1451 5275/3246/1451 5273/3245/1451
f 5264/3245/1452 5271/3248/1452 5268/3249/1452 5267/3246/1452
f 5271/3248/1452 5270/3250/1452 5269/3251/1452 5268/3249/1452
f 5276/3249/1596 5279/3248/1596 5283/3248/1596 5280/3249/1596
f 5279/3248/1451 5276/3249/1451 5277/3251/1451 5278/3250/1451
f 5270/3250/1592 5271/3248/1592 5279/3248/1592 5278/3250/1592
f 5268/3249/1593 5269/3251/1593 5277/3251/1593 5276/3249/1593
f 5266/3247/1590 5267/3246/1590 5275/3246/1590 5274/3247/1590
f 5264/3245/1591 5265/3244/1591 5272/3244/1591 5273/3245/1591
f 5271/3248/1595 5264/3245/1595 5273/3245/1595 5279/3248/1595
f 5269/3251/1596 5270/3250/1596 5278/3250/1596 5277/3251/1596
f 5267/3246/1594 5268/3249/1594 5276/3249/1594 5275/3246/1594
f 5265/3244/1589 5266/3247/1589 5274/3247/1589 5272/3244/1589
f 5282/3245/1451 5281/3246/1451 5280/3249/1451 5283/3248/1451
f 5279/3248/1595 5273/3245/1595 5282/3245/1595 5283/3248/1595
f 5275/3246/1594 5276/3249/1594 5280/3249/1594 5281/3246/1594
f 5273/3245/1589 5275/3246/1589 5281/3246/1589 5282/3245/1589
f 5285/3252/1452 5284/3253/1452 5287/3254/1452 5286/3255/1452
f 5292/3252/1451 5294/3255/1451 5295/3254/1451 5293/3253/1451
f 5284/3253/1452 5291/3256/1452 5288/3257/1452 5287/3254/1452
f 5291/3256/1452 5290/3258/1452 5289/3259/1452 5288/3257/1452
f 5296/3257/1596 5299/3256/1596 5303/3256/1596 5300/3257/1596
f 5299/3256/1451 5296/3257/1451 5297/3259/1451 5298/3258/1451
f 5290/3258/1643 5291/3256/1643 5299/3256/1643 5298/3258/1643
f 5288/3257/1593 5289/3259/1593 5297/3259/1593 5296/3257/1593
f 5286/3255/1590 5287/3254/1590 5295/3254/1590 5294/3255/1590
f 5284/3253/1591 5285/3252/1591 5292/3252/1591 5293/3253/1591
f 5291/3256/1595 5284/3253/1595 5293/3253/1595 5299/3256/1595
f 5289/3259/1597 5290/3258/1597 5298/3258/1597 5297/3259/1597
f 5287/3254/1594 5288/3257/1594 5296/3257/1594 5295/3254/1594
f 5285/3252/1589 5286/3255/1589 5294/3255/1589 5292/3252/1589
f 5302/3253/1451 5301/3254/1451 5300/3257/1451 5303/3256/1451
f 5299/3256/1595 5293/3253/1595 5302/3253/1595 5303/3256/1595
f 5295/3254/1594 5296/3257/1594 5300/3257/1594 5301/3254/1594
f 5293/3253/1589 5295/3254/1589 5301/3254/1589 5302/3253/1589
f 5305/3244/1452 5304/3245/1452 5307/3246/1452 5306/3247/1452
f 5312/3244/1451 5314/3247/1451 5315/3246/1451 5313/3245/1451
f 5304/3245/1452 5311/3248/1452 5308/3249/1452 5307/3246/1452
f 5311/3248/1452 5310/3250/1452 5309/3251/1452 5308/3249/1452
f 5316/3249/1596 5319/3248/1596 5323/3248/1596 5320/3249/1596
f 5319/3248/1451 5316/3249/1451 5317/3251/1451 5318/3250/1451
f 5310/3250/1592 5311/3248/1592 5319/3248/1592 5318/3250/1592
f 5308/3249/1593 5309/3251/1593 5317/3251/1593 5316/3249/1593
f 5306/3247/1590 5307/3246/1590 5315/3246/1590 5314/3247/1590
f 5304/3245/1591 5305/3244/1591 5312/3244/1591 5313/3245/1591
f 5311/3248/1645 5304/3245/1645 5313/3245/1645 5319/3248/1645
f 5309/3251/1596 5310/3250/1596 5318/3250/1596 5317/3251/1596
f 5307/3246/1594 5308/3249/1594 5316/3249/1594 5315/3246/1594
f 5305/3244/1589 5306/3247/1589 5314/3247/1589 5312/3244/1589
f 5322/3245/1451 5321/3246/1451 5320/3249/1451 5323/3248/1451
f 5319/3248/1645 5313/3245/1645 5322/3245/1645 5323/3248/1645
f 5315/3246/1594 5316/3249/1594 5320/3249/1594 5321/3246/1594
f 5313/3245/1589 5315/3246/1589 5321/3246/1589 5322/3245/1589
f 5325/3252/1452 5324/3253/1452 5327/3254/1452 5326/3255/1452
f 5332/3252/1451 5334/3255/1451 5335/3254/1451 5333/3253/1451
f 5324/3253/1452 5331/3256/1452 5328/3257/1452 5327/3254/1452
f 5331/3256/1452 5330/3258/1452 5329/3259/1452 5328/3257/1452
f 5336/3257/1596 5339/3256/1596 5343/3256/1596 5340/3257/1596
f 5339/3256/1451 5336/3257/1451 5337/3259/1451 5338/3258/1451
f 5330/3258/1643 5331/3256/1643 5339/3256/1643 5338/3258/1643
f 5328/3257/1593 5329/3259/1593 5337/3259/1593 5336/3257/1593
f 5326/3255/1590 5327/3254/1590 5335/3254/1590 5334/3255/1590
f 5324/3253/1646 5325/3252/1646 5332/3252/1646 5333/3253/1646
f 5331/3256/1595 5324/3253/1595 5333/3253/1595 5339/3256/1595
f 5329/3259/1597 5330/3258/1597 5338/3258/1597 5337/3259/1597
f 5327/3254/1594 5328/3257/1594 5336/3257/1594 5335/3254/1594
f 5325/3252/1589 5326/3255/1589 5334/3255/1589 5332/3252/1589
f 5342/3253/1451 5341/3254/1451 5340/3257/1451 5343/3256/1451
f 5339/3256/1595 5333/3253/1595 5342/3253/1595 5343/3256/1595
f 5335/3254/1594 5336/3257/1594 5340/3257/1594 5341/3254/1594
f 5333/3253/1589 5335/3254/1589 5341/3254/1589 5342/3253/1589
f 5345/3244/1452 5344/3245/1452 5347/3246/1452 5346/3247/1452
f 5352/3244/1451 5354/3247/1451 5355/3246/1451 5353/3245/1451
f 5344/3245/1452 5351/3248/1452 5348/3249/1452 5347/3246/1452
f 5351/3248/1452 5350/3250/1452 5349/3251/1452 5348/3249/1452
f 5356/3249/1596 5359/3248/1596 5363/3248/1596 5360/3249/1596
f 5359/3248/1451 5356/3249/1451 5357/3251/1451 5358/3250/1451
f 5350/3250/1592 5351/3248/1592 5359/3248/1592 5358/3250/1592
f 5348/3249/1593 5349/3251/1593 5357/3251/1593 5356/3249/1593
f 5346/3247/1590 5347/3246/1590 5355/3246/1590 5354/3247/1590
f 5344/3245/1591 5345/3244/1591 5352/3244/1591 5353/3245/1591
f 5351/3248/1595 5344/3245/1595 5353/3245/1595 5359/3248/1595
f 5349/3251/1596 5350/3250/1596 5358/3250/1596 5357/3251/1596
f 5347/3246/1594 5348/3249/1594 5356/3249/1594 5355/3246/1594
f 5345/3244/1589 5346/3247/1589 5354/3247/1589 5352/3244/1589
f 5362/3245/1451 5361/3246/1451 5360/3249/1451 5363/3248/1451
f 5359/3248/1595 5353/3245/1595 5362/3245/1595 5363/3248/1595
f 5355/3246/1594 5356/3249/1594 5360/3249/1594 5361/3246/1594
f 5353/3245/1589 5355/3246/1589 5361/3246/1589 5362/3245/1589
f 5365/3252/1452 5364/3253/1452 5367/3254/1452 5366/3255/1452
f 5372/3252/1451 5374/3255/1451 5375/3254/1451 5373/3253/1451
f 5364/3253/1452 5371/3256/1452 5368/3257/1452 5367/3254/1452
f 5371/3256/1452 5370/3258/1452 5369/3259/1452 5368/3257/1452
f 5376/3257/1596 5379/3256/1596 5383/3256/1596 5380/3257/1596
f 5379/3256/1451 5376/3257/1451 5377/3259/1451 5378/3258/1451
f 5370/3258/1643 5371/3256/1643 5379/3256/1643 5378/3258/1643
f 5368/3257/1593 5369/3259/1593 5377/3259/1593 5376/3257/1593
f 5366/3255/1590 5367/3254/1590 5375/3254/1590 5374/3255/1590
f 5364/3253/1591 5365/3252/1591 5372/3252/1591 5373/3253/1591
f 5371/3256/1595 5364/3253/1595 5373/3253/1595 5379/3256/1595
f 5369/3259/1597 5370/3258/1597 5378/3258/1597 5377/3259/1597
f 5367/3254/1594 5368/3257/1594 5376/3257/1594 5375/3254/1594
f 5365/3252/1589 5366/3255/1589 5374/3255/1589 5372/3252/1589
f 5382/3253/1451 5381/3254/1451 5380/3257/1451 5383/3256/1451
f 5379/3256/1595 5373/3253/1595 5382/3253/1595 5383/3256/1595
f 5375/3254/1594 5376/3257/1594 5380/3257/1594 5381/3254/1594
f 5373/3253/1589 5375/3254/1589 5381/3254/1589 5382/3253/1589
f 5384/3260/1452 5386/3261/1452 5387/3262/1452 5385/3263/1452
f 5388/3260/1451 5389/3263/1451 5391/3262/1451 5390/3261/1451
f 5384/3260/1430 5385/3263/1430 5389/3263/1430 5388/3260/1430
f 5386/3261/1450 5384/3260/1450 5388/3260/1450 5390/3261/1450
f 5387/3262/1440 5386/3261/1440 5390/3261/1440 5391/3262/1440
f 5385/3263/1453 5387/3262/1453 5391/3262/1453 5389/3263/1453
f 5392/3264/1452 5394/3265/1452 5395/3266/1452 5393/3267/1452
f 5396/3264/1451 5397/3267/1451 5399/3266/1451 5398/3265/1451
f 5392/3264/1430 5393/3267/1430 5397/3267/1430 5396/3264/1430
f 5394/3265/1450 5392/3264/1450 5396/3264/1450 5398/3265/1450
f 5395/3266/1440 5394/3265/1440 5398/3265/1440 5399/3266/1440
f 5393/3267/1453 5395/3266/1453 5399/3266/1453 5397/3267/1453
f 5400/3268/1452 5402/3269/1452 5403/3270/1452 5401/3271/1452
f 5404/3268/1451 5405/3271/1451 5407/3270/1451 5406/3269/1451
f 5400/3268/1430 5401/3271/1430 5405/3271/1430 5404/3268/1430
f 5402/3269/1450 5400/3268/1450 5404/3268/1450 5406/3269/1450
f 5403/3270/1440 5402/3269/1440 5406/3269/1440 5407/3270/1440
f 5401/3271/1453 5403/3270/1453 5407/3270/1453 5405/3271/1453
f 5408/3272/1452 5410/3273/1452 5411/3274/1452 5409/3275/1452
f 5412/3272/1451 5413/3275/1451 5415/3274/1451 5414/3273/1451
f 5408/3272/1430 5409/3275/1430 5413/3275/1430 5412/3272/1430
f 5410/3273/1450 5408/3272/1450 5412/3272/1450 5414/3273/1450
f 5411/3274/1440 5410/3273/1440 5414/3273/1440 5415/3274/1440
f 5409/3275/1453 5411/3274/1453 5415/3274/1453 5413/3275/1453
f 5416/3276/1452 5418/3277/1452 5419/3278/1452 5417/3279/1452
f 5420/3276/1451 5421/3279/1451 5423/3278/1451 5422/3277/1451
f 5416/3276/1430 5417/3279/1430 5421/3279/1430 5420/3276/1430
f 5418/3277/1450 5416/3276/1450 5420/3276/1450 5422/3277/1450
f 5419/3278/1440 5418/3277/1440 5422/3277/1440 5423/3278/1440
f 5417/3279/1453 5419/3278/1453 5423/3278/1453 5421/3279/1453
f 5425/3280/1430 5424/3281/1430 5427/3280/1430 5426/3282/1430
f 5432/3283/1441 5434/3284/1441 5435/3283/1441 5433/3285/1441
f 5424/3281/1430 5431/3286/1430 5428/3281/1430 5427/3280/1430
f 5431/3286/1430 5430/3287/1430 5429/3286/1430 5428/3281/1430
f 5436/3285/1439 5439/3288/1439 5443/3289/1439 5440/3290/1439
f 5439/3288/1440 5436/3285/1440 5437/3288/1440 5438/3291/1440
f 5430/3287/1434 5431/3286/1434 5439/3288/1434 5438/3291/1434
f 5428/3281/1435 5429/3286/1435 5437/3288/1435 5436/3285/1435
f 5426/3282/1436 5427/3280/1436 5435/3283/1436 5434/3284/1436
f 5424/3281/1437 5425/3280/1437 5432/3283/1437 5433/3285/1437
f 5431/3286/1438 5424/3281/1438 5433/3285/1438 5439/3288/1438
f 5429/3286/1439 5430/3287/1439 5438/3291/1439 5437/3288/1439
f 5427/3280/1432 5428/3281/1432 5436/3285/1432 5435/3283/1432
f 5425/3280/1433 5426/3282/1433 5434/3284/1433 5432/3283/1433
f 5442/3290/1440 5441/3292/1440 5440/3290/1440 5443/3289/1440
f 5439/3288/1438 5433/3285/1438 5442/3290/1438 5443/3289/1438
f 5435/3283/1432 5436/3285/1432 5440/3290/1432 5441/3292/1432
f 5433/3285/1433 5435/3283/1433 5441/3292/1433 5442/3290/1433
f 5445/3293/1430 5444/3294/1430 5447/3293/1430 5446/3295/1430
f 5452/3296/1441 5454/3297/1441 5455/3296/1441 5453/3298/1441
f 5444/3294/1430 5451/3299/1430 5448/3294/1430 5447/3293/1430
f 5451/3299/1430 5450/3300/1430 5449/3299/1430 5448/3294/1430
f 5456/3298/1439 5459/3301/1439 5463/3302/1439 5460/3303/1439
f 5459/3301/1440 5456/3298/1440 5457/3301/1440 5458/3304/1440
f 5450/3300/1434 5451/3299/1434 5459/3301/1434 5458/3304/1434
f 5448/3294/1435 5449/3299/1435 5457/3301/1435 5456/3298/1435
f 5446/3295/1436 5447/3293/1436 5455/3296/1436 5454/3297/1436
f 5444/3294/1437 5445/3293/1437 5452/3296/1437 5453/3298/1437
f 5451/3299/1438 5444/3294/1438 5453/3298/1438 5459/3301/1438
f 5449/3299/1439 5450/3300/1439 5458/3304/1439 5457/3301/1439
f 5447/3293/1432 5448/3294/1432 5456/3298/1432 5455/3296/1432
f 5445/3293/1433 5446/3295/1433 5454/3297/1433 5452/3296/1433
f 5462/3303/1440 5461/3305/1440 5460/3303/1440 5463/3302/1440
f 5459/3301/1438 5453/3298/1438 5462/3303/1438 5463/3302/1438
f 5455/3296/1432 5456/3298/1432 5460/3303/1432 5461/3305/1432
f 5453/3298/1433 5455/3296/1433 5461/3305/1433 5462/3303/1433
f 5465/3280/1430 5464/3281/1430 5467/3280/1430 5466/3282/1430
f 5472/3283/1441 5474/3284/1441 5475/3283/1441 5473/3285/1441
f 5464/3281/1430 5471/3286/1430 5468/3281/1430 5467/3280/1430
f 5471/3286/1430 5470/3287/1430 5469/3286/1430 5468/3281/1430
f 5476/3285/1439 5479/3288/1439 5483/3289/1439 5480/3290/1439
f 5479/3288/1440 5476/3285/1440 5477/3288/1440 5478/3291/1440
f 5470/3287/1434 5471/3286/1434 5479/3288/1434 5478/3291/1434
f 5468/3281/1435 5469/3286/1435 5477/3288/1435 5476/3285/1435
f 5466/3282/1436 5467/3280/1436 5475/3283/1436 5474/3284/1436
f 5464/3281/1437 5465/3280/1437 5472/3283/1437 5473/3285/1437
f 5471/3286/1438 5464/3281/1438 5473/3285/1438 5479/3288/1438
f 5469/3286/1439 5470/3287/1439 5478/3291/1439 5477/3288/1439
f 5467/3280/1432 5468/3281/1432 5476/3285/1432 5475/3283/1432
f 5465/3280/1433 5466/3282/1433 5474/3284/1433 5472/3283/1433
f 5482/3290/1440 5481/3292/1440 5480/3290/1440 5483/3289/1440
f 5479/3288/1438 5473/3285/1438 5482/3290/1438 5483/3289/1438
f 5475/3283/1432 5476/3285/1432 5480/3290/1432 5481/3292/1432
f 5473/3285/1433 5475/3283/1433 5481/3292/1433 5482/3290/1433
f 5485/3293/1430 5484/3294/1430 5487/3293/1430 5486/3295/1430
f 5492/3296/1441 5494/3297/1441 5495/3296/1441 5493/3298/1441
f 5484/3294/1430 5491/3299/1430 5488/3294/1430 5487/3293/1430
f 5491/3299/1430 5490/3300/1430 5489/3299/1430 5488/3294/1430
f 5496/3298/1439 5499/3301/1439 5503/3302/1439 5500/3303/1439
f 5499/3301/1440 5496/3298/1440 5497/3301/1440 5498/3304/1440
f 5490/3300/1434 5491/3299/1434 5499/3301/1434 5498/3304/1434
f 5488/3294/1435 5489/3299/1435 5497/3301/1435 5496/3298/1435
f 5486/3295/1436 5487/3293/1436 5495/3296/1436 5494/3297/1436
f 5484/3294/1437 5485/3293/1437 5492/3296/1437 5493/3298/1437
f 5491/3299/1438 5484/3294/1438 5493/3298/1438 5499/3301/1438
f 5489/3299/1439 5490/3300/1439 5498/3304/1439 5497/3301/1439
f 5487/3293/1432 5488/3294/1432 5496/3298/1432 5495/3296/1432
f 5485/3293/1433 5486/3295/1433 5494/3297/1433 5492/3296/1433
f 5502/3303/1440 5501/3305/1440 5500/3303/1440 5503/3302/1440
f 5499/3301/1438 5493/3298/1438 5502/3303/1438 5503/3302/1438
f 5495/3296/1432 5496/3298/1432 5500/3303/1432 5501/3305/1432
f 5493/3298/1433 5495/3296/1433 5501/3305/1433 5502/3303/1433
f 5505/3280/1430 5504/3281/1430 5507/3280/1430 5506/3282/1430
f 5512/3283/1441 5514/3284/1441 5515/3283/1441 5513/3285/1441
f 5504/3281/1430 5511/3286/1430 5508/3281/1430 5507/3280/1430
f 5511/3286/1430 5510/3287/1430 5509/3286/1430 5508/3281/1430
f 5516/3285/1439 5519/3288/1439 5523/3289/1439 5520/3290/1439
f 5519/3288/1440 5516/3285/1440 5517/3288/1440 5518/3291/1440
f 5510/3287/1434 5511/3286/1434 5519/3288/1434 5518/3291/1434
f 5508/3281/1435 5509/3286/1435 5517/3288/1435 5516/3285/1435
f 5506/3282/1436 5507/3280/1436 5515/3283/1436 5514/3284/1436
f 5504/3281/1437 5505/3280/1437 5512/3283/1437 5513/3285/1437
f 5511/3286/1438 5504/3281/1438 5513/3285/1438 5519/3288/1438
f 5509/3286/1439 5510/3287/1439 5518/3291/1439 5517/3288/1439
f 5507/3280/1647 5508/3281/1647 5516/3285/1648 5515/3283/1648
f 5505/3280/1433 5506/3282/1433 5514/3284/1433 5512/3283/1433
f 5522/3290/1440 5521/3292/1440 5520/3290/1440 5523/3289/1440
f 5519/3288/1438 5513/3285/1438 5522/3290/1438 5523/3289/1438
f 5515/3283/1648 5516/3285/1648 5520/3290/1648 5521/3292/1648
f 5513/3285/1433 5515/3283/1433 5521/3292/1433 5522/3290/1433
f 5525/3293/1430 5524/3294/1430 5527/3293/1430 5526/3295/1430
f 5532/3296/1441 5534/3297/1441 5535/3296/1441 5533/3298/1441
f 5524/3294/1430 5531/3299/1430 5528/3294/1430 5527/3293/1430
f 5531/3299/1430 5530/3300/1430 5529/3299/1430 5528/3294/1430
f 5536/3298/1439 5539/3301/1439 5543/3302/1439 5540/3303/1439
f 5539/3301/1440 5536/3298/1440 5537/3301/1440 5538/3304/1440
f 5530/3300/1434 5531/3299/1434 5539/3301/1434 5538/3304/1434
f 5528/3294/1435 5529/3299/1435 5537/3301/1435 5536/3298/1435
f 5526/3295/1436 5527/3293/1436 5535/3296/1436 5534/3297/1436
f 5524/3294/1437 5525/3293/1437 5532/3296/1437 5533/3298/1437
f 5531/3299/1438 5524/3294/1438 5533/3298/1438 5539/3301/1438
f 5529/3299/1439 5530/3300/1439 5538/3304/1439 5537/3301/1439
f 5527/3293/1432 5528/3294/1432 5536/3298/1432 5535/3296/1432
f 5525/3293/1433 5526/3295/1433 5534/3297/1433 5532/3296/1433
f 5542/3303/1440 5541/3305/1440 5540/3303/1440 5543/3302/1440
f 5539/3301/1438 5533/3298/1438 5542/3303/1438 5543/3302/1438
f 5535/3296/1432 5536/3298/1432 5540/3303/1432 5541/3305/1432
f 5533/3298/1433 5535/3296/1433 5541/3305/1433 5542/3303/1433
f 5545/3280/1430 5544/3281/1430 5547/3280/1430 5546/3282/1430
f 5552/3283/1440 5554/3284/1440 5555/3283/1440 5553/3285/1440
f 5544/3281/1430 5551/3286/1430 5548/3281/1430 5547/3280/1430
f 5551/3286/1430 5550/3287/1430 5549/3286/1430 5548/3281/1430
f 5556/3285/1439 5559/3288/1439 5563/3289/1439 5560/3290/1439
f 5559/3288/1440 5556/3285/1440 5557/3288/1440 5558/3291/1440
f 5550/3287/1434 5551/3286/1434 5559/3288/1434 5558/3291/1434
f 5548/3281/1444 5549/3286/1444 5557/3288/1444 5556/3285/1444
f 5546/3282/1436 5547/3280/1436 5555/3283/1436 5554/3284/1436
f 5544/3281/1437 5545/3280/1437 5552/3283/1437 5553/3285/1437
f 5551/3286/1438 5544/3281/1438 5553/3285/1438 5559/3288/1438
f 5549/3286/1439 5550/3287/1439 5558/3291/1439 5557/3288/1439
f 5547/3280/1442 5548/3281/1442 5556/3285/1442 5555/3283/1442
f 5545/3280/1433 5546/3282/1433 5554/3284/1433 5552/3283/1433
f 5562/3290/1440 5561/3292/1440 5560/3290/1440 5563/3289/1440
f 5559/3288/1438 5553/3285/1438 5562/3290/1438 5563/3289/1438
f 5555/3283/1442 5556/3285/1442 5560/3290/1442 5561/3292/1442
f 5553/3285/1433 5555/3283/1433 5561/3292/1433 5562/3290/1433
f 5565/3293/1430 5564/3294/1430 5567/3293/1430 5566/3295/1430
f 5572/3296/1440 5574/3297/1440 5575/3296/1440 5573/3298/1440
f 5564/3294/1430 5571/3299/1430 5568/3294/1430 5567/3293/1430
f 5571/3299/1430 5570/3300/1430 5569/3299/1430 5568/3294/1430
f 5576/3298/1439 5579/3301/1439 5583/3302/1439 5580/3303/1439
f 5579/3301/1440 5576/3298/1440 5577/3301/1440 5578/3304/1440
f 5570/3300/1434 5571/3299/1434 5579/3301/1434 5578/3304/1434
f 5568/3294/1444 5569/3299/1444 5577/3301/1444 5576/3298/1444
f 5566/3295/1436 5567/3293/1436 5575/3296/1436 5574/3297/1436
f 5564/3294/1437 5565/3293/1437 5572/3296/1437 5573/3298/1437
f 5571/3299/1438 5564/3294/1438 5573/3298/1438 5579/3301/1438
f 5569/3299/1439 5570/3300/1439 5578/3304/1439 5577/3301/1439
f 5567/3293/1442 5568/3294/1442 5576/3298/1442 5575/3296/1442
f 5565/3293/1433 5566/3295/1433 5574/3297/1433 5572/3296/1433
f 5582/3303/1440 5581/3305/1440 5580/3303/1440 5583/3302/1440
f 5579/3301/1438 5573/3298/1438 5582/3303/1438 5583/3302/1438
f 5575/3296/1442 5576/3298/1442 5580/3303/1442 5581/3305/1442
f 5573/3298/1433 5575/3296/1433 5581/3305/1433 5582/3303/1433
f 5585/3306/1430 5584/3307/1430 5587/3306/1430 5586/3308/1430
f 5592/3309/1441 5594/3310/1441 5595/3309/1441 5593/3311/1441
f 5584/3307/1430 5591/3312/1430 5588/3307/1430 5587/3306/1430
f 5591/3312/1430 5590/3313/1430 5589/3312/1430 5588/3307/1430
f 5596/3311/1439 5599/3314/1439 5603/3315/1439 5600/3316/1439
f 5599/3314/1440 5596/3311/1440 5597/3314/1440 5598/3317/1440
f 5590/3313/1434 5591/3312/1434 5599/3314/1434 5598/3317/1434
f 5588/3307/1435 5589/3312/1435 5597/3314/1435 5596/3311/1435
f 5586/3308/1436 5587/3306/1436 5595/3309/1436 5594/3310/1436
f 5584/3307/1437 5585/3306/1437 5592/3309/1437 5593/3311/1437
f 5591/3312/1438 5584/3307/1438 5593/3311/1438 5599/3314/1438
f 5589/3312/1439 5590/3313/1439 5598/3317/1439 5597/3314/1439
f 5587/3306/1432 5588/3307/1432 5596/3311/1432 5595/3309/1432
f 5585/3306/1433 5586/3308/1433 5594/3310/1433 5592/3309/1433
f 5602/3316/1440 5601/3318/1440 5600/3316/1440 5603/3315/1440
f 5599/3314/1438 5593/3311/1438 5602/3316/1438 5603/3315/1438
f 5595/3309/1432 5596/3311/1432 5600/3316/1432 5601/3318/1432
f 5593/3311/1433 5595/3309/1433 5601/3318/1433 5602/3316/1433
f 5605/3319/1430 5604/3320/1430 5607/3319/1430 5606/3321/1430
f 5612/3322/1441 5614/3323/1441 5615/3322/1441 5613/3324/1441
f 5604/3320/1430 5611/3325/1430 5608/3320/1430 5607/3319/1430
f 5611/3325/1430 5610/3326/1430 5609/3325/1430 5608/3320/1430
f 5616/3324/1439 5619/3327/1439 5623/3328/1439 5620/3329/1439
f 5619/3327/1440 5616/3324/1440 5617/3327/1440 5618/3330/1440
f 5610/3326/1434 5611/3325/1434 5619/3327/1434 5618/3330/1434
f 5608/3320/1435 5609/3325/1435 5617/3327/1435 5616/3324/1435
f 5606/3321/1436 5607/3319/1436 5615/3322/1436 5614/3323/1436
f 5604/3320/1437 5605/3319/1437 5612/3322/1437 5613/3324/1437
f 5611/3325/1438 5604/3320/1438 5613/3324/1438 5619/3327/1438
f 5609/3325/1439 5610/3326/1439 5618/3330/1439 5617/3327/1439
f 5607/3319/1432 5608/3320/1432 5616/3324/1432 5615/3322/1432
f 5605/3319/1433 5606/3321/1433 5614/3323/1433 5612/3322/1433
f 5622/3329/1440 5621/3331/1440 5620/3329/1440 5623/3328/1440
f 5619/3327/1438 5613/3324/1438 5622/3329/1438 5623/3328/1438
f 5615/3322/1432 5616/3324/1432 5620/3329/1432 5621/3331/1432
f 5613/3324/1433 5615/3322/1433 5621/3331/1433 5622/3329/1433
f 5625/3332/1430 5624/3333/1430 5627/3332/1430 5626/3334/1430
f 5632/3335/1441 5634/3336/1441 5635/3335/1441 5633/3337/1441
f 5624/3333/1430 5631/3338/1430 5628/3333/1430 5627/3332/1430
f 5631/3338/1430 5630/3339/1430 5629/3338/1430 5628/3333/1430
f 5636/3337/1439 5639/3340/1439 5643/3341/1439 5640/3342/1439
f 5639/3340/1440 5636/3337/1440 5637/3340/1440 5638/3343/1440
f 5630/3339/1434 5631/3338/1434 5639/3340/1434 5638/3343/1434
f 5628/3333/1435 5629/3338/1435 5637/3340/1435 5636/3337/1435
f 5626/3334/1649 5627/3332/1649 5635/3335/1649 5634/3336/1649
f 5624/3333/1437 5625/3332/1437 5632/3335/1437 5633/3337/1437
f 5631/3338/1438 5624/3333/1438 5633/3337/1438 5639/3340/1438
f 5629/3338/1439 5630/3339/1439 5638/3343/1439 5637/3340/1439
f 5627/3332/1432 5628/3333/1432 5636/3337/1432 5635/3335/1432
f 5625/3332/1650 5626/3334/1650 5634/3336/1650 5632/3335/1650
f 5642/3342/1440 5641/3302/1440 5640/3342/1440 5643/3341/1440
f 5639/3340/1438 5633/3337/1438 5642/3342/1438 5643/3341/1438
f 5635/3335/1432 5636/3337/1432 5640/3342/1432 5641/3302/1432
f 5633/3337/1433 5635/3335/1433 5641/3302/1433 5642/3342/1433
f 5645/3344/1430 5644/3345/1430 5647/3344/1430 5646/3346/1430
f 5652/3347/1441 5654/3348/1441 5655/3347/1441 5653/3349/1441
f 5644/3345/1430 5651/3350/1430 5648/3345/1430 5647/3344/1430
f 5651/3350/1430 5650/3351/1430 5649/3350/1430 5648/3345/1430
f 5656/3349/1439 5659/3352/1439 5663/3353/1439 5660/3354/1439
f 5659/3352/1440 5656/3349/1440 5657/3352/1440 5658/3355/1440
f 5650/3351/1434 5651/3350/1434 5659/3352/1434 5658/3355/1434
f 5648/3345/1435 5649/3350/1435 5657/3352/1435 5656/3349/1435
f 5646/3346/1436 5647/3344/1436 5655/3347/1436 5654/3348/1436
f 5644/3345/1437 5645/3344/1437 5652/3347/1437 5653/3349/1437
f 5651/3350/1448 5644/3345/1448 5653/3349/1448 5659/3352/1448
f 5649/3350/1439 5650/3351/1439 5658/3355/1439 5657/3352/1439
f 5647/3344/1432 5648/3345/1432 5656/3349/1432 5655/3347/1432
f 5645/3344/1433 5646/3346/1433 5654/3348/1433 5652/3347/1433
f 5662/3354/1440 5661/3356/1440 5660/3354/1440 5663/3353/1440
f 5659/3352/1448 5653/3349/1448 5662/3354/1448 5663/3353/1448
f 5655/3347/1432 5656/3349/1432 5660/3354/1432 5661/3356/1432
f 5653/3349/1433 5655/3347/1433 5661/3356/1433 5662/3354/1433
f 5665/3332/1430 5664/3333/1430 5667/3332/1430 5666/3334/1430
f 5672/3335/1440 5674/3336/1440 5675/3335/1440 5673/3337/1440
f 5664/3333/1430 5671/3338/1430 5668/3333/1430 5667/3332/1430
f 5671/3338/1430 5670/3339/1430 5669/3338/1430 5668/3333/1430
f 5676/3337/1439 5679/3340/1439 5683/3341/1439 5680/3342/1439
f 5679/3340/1440 5676/3337/1440 5677/3340/1440 5678/3343/1440
f 5670/3339/1434 5671/3338/1434 5679/3340/1434 5678/3343/1434
f 5668/3333/1435 5669/3338/1435 5677/3340/1435 5676/3337/1435
f 5666/3334/1649 5667/3332/1649 5675/3335/1649 5674/3336/1649
f 5664/3333/1437 5665/3332/1437 5672/3335/1437 5673/3337/1437
f 5671/3338/1438 5664/3333/1438 5673/3337/1438 5679/3340/1438
f 5669/3338/1439 5670/3339/1439 5678/3343/1439 5677/3340/1439
f 5667/3332/1432 5668/3333/1432 5676/3337/1432 5675/3335/1432
f 5665/3332/1650 5666/3334/1650 5674/3336/1650 5672/3335/1650
f 5682/3342/1440 5681/3302/1440 5680/3342/1440 5683/3341/1440
f 5679/3340/1438 5673/3337/1438 5682/3342/1438 5683/3341/1438
f 5675/3335/1432 5676/3337/1432 5680/3342/1432 5681/3302/1432
f 5673/3337/1433 5675/3335/1433 5681/3302/1433 5682/3342/1433
f 5685/3357/1430 5684/3358/1430 5687/3357/1430 5686/3359/1430
f 5692/3360/1440 5694/3361/1440 5695/3360/1440 5693/3362/1440
f 5684/3358/1430 5691/3363/1430 5688/3358/1430 5687/3357/1430
f 5691/3363/1430 5690/3364/1430 5689/3363/1430 5688/3358/1430
f 5696/3362/1439 5699/3365/1439 5703/3366/1439 5700/3367/1439
f 5699/3365/1440 5696/3362/1440 5697/3365/1440 5698/3368/1440
f 5690/3364/1434 5691/3363/1434 5699/3365/1434 5698/3368/1434
f 5688/3358/1435 5689/3363/1435 5697/3365/1435 5696/3362/1435
f 5686/3359/1436 5687/3357/1436 5695/3360/1436 5694/3361/1436
f 5684/3358/1651 5685/3357/1651 5692/3360/1651 5693/3362/1651
f 5691/3363/1438 5684/3358/1438 5693/3362/1438 5699/3365/1438
f 5689/3363/1439 5690/3364/1439 5698/3368/1439 5697/3365/1439
f 5687/3357/1432 5688/3358/1432 5696/3362/1432 5695/3360/1432
f 5685/3357/1433 5686/3359/1433 5694/3361/1433 5692/3360/1433
f 5702/3367/1440 5701/3369/1440 5700/3367/1440 5703/3366/1440
f 5699/3365/1438 5693/3362/1438 5702/3367/1438 5703/3366/1438
f 5695/3360/1432 5696/3362/1432 5700/3367/1432 5701/3369/1432
f 5693/3362/1433 5695/3360/1433 5701/3369/1433 5702/3367/1433
f 5705/3344/1430 5704/3345/1430 5707/3344/1430 5706/3346/1430
f 5712/3347/1440 5714/3348/1440 5715/3347/1440 5713/3349/1440
f 5704/3345/1430 5711/3350/1430 5708/3345/1430 5707/3344/1430
f 5711/3350/1430 5710/3351/1430 5709/3350/1430 5708/3345/1430
f 5716/3349/1439 5719/3352/1439 5723/3353/1439 5720/3354/1439
f 5719/3352/1440 5716/3349/1440 5717/3352/1440 5718/3355/1440
f 5710/3351/1434 5711/3350/1434 5719/3352/1434 5718/3355/1434
f 5708/3345/1435 5709/3350/1435 5717/3352/1435 5716/3349/1435
f 5706/3346/1436 5707/3344/1436 5715/3347/1436 5714/3348/1436
f 5704/3345/1437 5705/3344/1437 5712/3347/1437 5713/3349/1437
f 5711/3350/1448 5704/3345/1448 5713/3349/1448 5719/3352/1448
f 5709/3350/1439 5710/3351/1439 5718/3355/1439 5717/3352/1439
f 5707/3344/1432 5708/3345/1432 5716/3349/1432 5715/3347/1432
f 5705/3344/1433 5706/3346/1433 5714/3348/1433 5712/3347/1433
f 5722/3354/1440 5721/3356/1440 5720/3354/1440 5723/3353/1440
f 5719/3352/1448 5713/3349/1448 5722/3354/1448 5723/3353/1448
f 5715/3347/1432 5716/3349/1432 5720/3354/1432 5721/3356/1432
f 5713/3349/1433 5715/3347/1433 5721/3356/1433 5722/3354/1433
f 5724/3370/1430 5727/3370/1430 5726/3371/1430 5725/3371/1430
f 5728/3372/1430 5731/3372/1430 5730/3373/1430 5729/3373/1430
f 5732/3374/1440 5733/3375/1440 5734/3375/1440 5735/3374/1440
f 5736/3376/1440 5737/3377/1440 5738/3377/1440 5739/3376/1440
f 5729/3373/1452 5737/3377/1452 5736/3376/1452 5728/3372/1452
f 5728/3372/1453 5736/3376/1453 5739/3376/1453 5731/3372/1453
f 5725/3371/1452 5733/3375/1452 5732/3374/1452 5724/3370/1452
f 5724/3370/1453 5732/3374/1453 5735/3374/1453 5727/3370/1453
f 5731/3372/1451 5739/3376/1451 5738/3377/1451 5730/3373/1451
f 5730/3373/1450 5738/3377/1450 5737/3377/1450 5729/3373/1450
f 5727/3370/1451 5735/3374/1451 5734/3375/1451 5726/3371/1451
f 5726/3371/1450 5734/3375/1450 5733/3375/1450 5725/3371/1450
f 5740/3378/1430 5743/3378/1430 5742/3379/1430 5741/3379/1430
f 5744/3380/1430 5747/3380/1430 5746/3381/1430 5745/3381/1430
f 5748/3382/1440 5749/3383/1440 5750/3383/1440 5751/3382/1440
f 5752/3384/1440 5753/3385/1440 5754/3385/1440 5755/3384/1440
f 5745/3381/1452 5753/3385/1452 5752/3384/1452 5744/3380/1452
f 5744/3380/1453 5752/3384/1453 5755/3384/1453 5747/3380/1453
f 5741/3379/1452 5749/3383/1452 5748/3382/1452 5740/3378/1452
f 5740/3378/1453 5748/3382/1453 5751/3382/1453 5743/3378/1453
f 5747/3380/1451 5755/3384/1451 5754/3385/1451 5746/3381/1451
f 5746/3381/1450 5754/3385/1450 5753/3385/1450 5745/3381/1450
f 5743/3378/1451 5751/3382/1451 5750/3383/1451 5742/3379/1451
f 5742/3379/1450 5750/3383/1450 5749/3383/1450 5741/3379/1450
f 5759/3386/1430 5758/3387/1430 5756/3386/1430
f 5766/3388/1450 5767/3388/1450 5779/3389/1450 5778/3389/1450
f 5760/3390/1450 5761/3390/1450 5773/3391/1450 5772/3391/1450
f 5758/3387/1652 5759/3386/1652 5771/3392/1652 5770/3393/1652
f 5756/3386/1653 5757/3387/1653 5768/3393/1653 5769/3392/1653
f 5761/3390/1654 5756/3386/1654 5769/3392/1654 5773/3391/1654
f 5759/3386/1655 5760/3390/1655 5772/3391/1655 5771/3392/1655
f 5757/3387/1453 5758/3387/1453 5770/3393/1453 5768/3393/1453
f 5762/3394/1440 5763/3392/1440 5769/3392/1440 5768/3393/1440
f 5764/3394/1440 5762/3394/1440 5768/3393/1440 5770/3393/1440
f 5765/3392/1440 5764/3394/1440 5770/3393/1440 5771/3392/1440
f 5766/3388/1440 5765/3392/1440 5771/3392/1440 5772/3391/1440
f 5767/3388/1440 5766/3388/1440 5772/3391/1440 5773/3391/1440
f 5763/3392/1440 5767/3388/1440 5773/3391/1440 5769/3392/1440
f 5778/3389/1440 5779/3389/1440 5775/3395/1440
f 5764/3394/1652 5765/3392/1652 5777/3395/1652 5776/3396/1652
f 5763/3392/1653 5762/3394/1653 5774/3396/1653 5775/3395/1653
f 5767/3388/1654 5763/3392/1654 5775/3395/1654 5779/3389/1654
f 5765/3392/1655 5766/3388/1655 5778/3389/1655 5777/3395/1655
f 5762/3394/1453 5764/3394/1453 5776/3396/1453 5774/3396/1453
f 5783/3397/1430 5782/3398/1430 5780/3397/1430
f 5790/3399/1450 5791/3399/1450 5803/3400/1450 5802/3400/1450
f 5784/3401/1450 5785/3401/1450 5797/3402/1450 5796/3402/1450
f 5782/3398/1652 5783/3397/1652 5795/3403/1652 5794/3404/1652
f 5780/3397/1653 5781/3398/1653 5792/3404/1653 5793/3403/1653
f 5785/3401/1654 5780/3397/1654 5793/3403/1654 5797/3402/1654
f 5783/3397/1655 5784/3401/1655 5796/3402/1655 5795/3403/1655
f 5781/3398/1453 5782/3398/1453 5794/3404/1453 5792/3404/1453
f 5786/3405/1440 5787/3403/1440 5793/3403/1440 5792/3404/1440
f 5788/3405/1440 5786/3405/1440 5792/3404/1440 5794/3404/1440
f 5789/3403/1440 5788/3405/1440 5794/3404/1440 5795/3403/1440
f 5790/3399/1440 5789/3403/1440 5795/3403/1440 5796/3402/1440
f 5791/3399/1440 5790/3399/1440 5796/3402/1440 5797/3402/1440
f 5787/3403/1440 5791/3399/1440 5797/3402/1440 5793/3403/1440
f 5802/3400/1440 5803/3400/1440 5799/3406/1440
f 5788/3405/1652 5789/3403/1652 5801/3406/1652 5800/3407/1652
f 5787/3403/1653 5786/3405/1653 5798/3407/1653 5799/3406/1653
f 5791/3399/1654 5787/3403/1654 5799/3406/1654 5803/3400/1654
f 5789/3403/1655 5790/3399/1655 5802/3400/1655 5801/3406/1655
f 5786/3405/1453 5788/3405/1453 5800/3407/1453 5798/3407/1453
f 5807/3408/1430 5806/3409/1430 5804/3408/1430
f 5814/3410/1450 5815/3410/1450 5827/3411/1450 5826/3411/1450
f 5808/3412/1450 5809/3412/1450 5821/3413/1450 5820/3413/1450
f 5806/3409/1652 5807/3408/1652 5819/3414/1652 5818/3415/1652
f 5804/3408/1653 5805/3409/1653 5816/3415/1653 5817/3414/1653
f 5809/3412/1654 5804/3408/1654 5817/3414/1654 5821/3413/1654
f 5807/3408/1655 5808/3412/1655 5820/3413/1655 5819/3414/1655
f 5805/3409/1453 5806/3409/1453 5818/3415/1453 5816/3415/1453
f 5810/3416/1440 5811/3414/1440 5817/3414/1440 5816/3415/1440
f 5812/3416/1440 5810/3416/1440 5816/3415/1440 5818/3415/1440
f 5813/3414/1440 5812/3416/1440 5818/3415/1440 5819/3414/1440
f 5814/3410/1440 5813/3414/1440 5819/3414/1440 5820/3413/1440
f 5815/3410/1440 5814/3410/1440 5820/3413/1440 5821/3413/1440
f 5811/3414/1440 5815/3410/1440 5821/3413/1440 5817/3414/1440
f 5826/3411/1440 5827/3411/1440 5823/3417/1440
f 5812/3416/1652 5813/3414/1652 5825/3417/1652 5824/3418/1652
f 5811/3414/1653 5810/3416/1653 5822/3418/1653 5823/3417/1653
f 5815/3410/1654 5811/3414/1654 5823/3417/1654 5827/3411/1654
f 5813/3414/1655 5814/3410/1655 5826/3411/1655 5825/3417/1655
f 5810/3416/1453 5812/3416/1453 5824/3418/1453 5822/3418/1453
f 5829/3419/1452 5828/3420/1452 5831/3421/1452 5830/3422/1452
f 5836/3419/1451 5838/3422/1451 5839/3421/1451 5837/3420/1451
f 5828/3420/1452 5835/3423/1452 5832/3424/1452 5831/3421/1452
f 5835/3423/1452 5834/3425/1452 5833/3426/1452 5832/3424/1452
f 5840/3424/1596 5843/3423/1596 5847/3423/1596 5844/3424/1596
f 5843/3423/1451 5840/3424/1451 5841/3426/1451 5842/3425/1451
f 5834/3425/1592 5835/3423/1592 5843/3423/1592 5842/3425/1592
f 5832/3424/1593 5833/3426/1593 5841/3426/1593 5840/3424/1593
f 5830/3422/1590 5831/3421/1590 5839/3421/1590 5838/3422/1590
f 5828/3420/1599 5829/3419/1599 5836/3419/1599 5837/3420/1599
f 5835/3423/1600 5828/3420/1600 5837/3420/1600 5843/3423/1600
f 5833/3426/1596 5834/3425/1596 5842/3425/1596 5841/3426/1596
f 5831/3421/1594 5832/3424/1594 5840/3424/1594 5839/3421/1594
f 5829/3419/1589 5830/3422/1589 5838/3422/1589 5836/3419/1589
f 5846/3420/1451 5845/3421/1451 5844/3424/1451 5847/3423/1451
f 5843/3423/1600 5837/3420/1600 5846/3420/1600 5847/3423/1600
f 5839/3421/1594 5840/3424/1594 5844/3424/1594 5845/3421/1594
f 5837/3420/1589 5839/3421/1589 5845/3421/1589 5846/3420/1589
f 5848/3427/1452 5849/3428/1452 5851/3429/1452 5850/3430/1452
f 5852/3427/1451 5854/3430/1451 5855/3429/1451 5853/3428/1451
f 5849/3428/1453 5853/3428/1453 5855/3429/1453 5851/3429/1453
f 5848/3427/1440 5852/3427/1440 5853/3428/1440 5849/3428/1440
f 5850/3430/1450 5854/3430/1450 5852/3427/1450 5848/3427/1450
f 5851/3429/1430 5855/3429/1430 5854/3430/1430 5850/3430/1430
f 5877/3431/1452 5872/3432/1452 5859/3433/1452 5865/3434/1452
f 5876/3431/1451 5867/3434/1451 5863/3433/1451 5874/3432/1451
f 5872/3432/1453 5874/3432/1453 5863/3433/1453 5859/3433/1453
f 5861/3435/1451 5869/3436/1451 5871/3437/1451 5866/3438/1451
f 5873/3439/1450 5875/3439/1450 5860/3440/1450 5856/3440/1450
f 5865/3434/1430 5867/3434/1430 5862/3441/1430 5858/3441/1430
f 5859/3433/1430 5863/3433/1430 5867/3434/1430 5865/3434/1430
f 5856/3440/1440 5860/3440/1440 5866/3438/1440 5864/3438/1440
f 5875/3439/1451 5862/3441/1451 5867/3434/1451 5876/3431/1451
f 5873/3439/1452 5877/3431/1452 5865/3434/1452 5858/3441/1452
f 5870/3437/1440 5871/3437/1440 5869/3436/1440 5868/3436/1440
f 5864/3438/1452 5870/3437/1452 5868/3436/1452 5857/3435/1452
f 5868/3436/1452 5880/3442/1452 5878/3443/1452 5857/3435/1452
f 5866/3438/1450 5871/3437/1450 5870/3437/1450 5864/3438/1450
f 5856/3440/1452 5864/3438/1452 5877/3431/1452 5873/3439/1452
f 5860/3440/1451 5875/3439/1451 5876/3431/1451 5866/3438/1451
f 5858/3441/1450 5862/3441/1450 5875/3439/1450 5873/3439/1450
f 5872/3432/1430 5882/3444/1430 5883/3444/1430 5874/3432/1430
f 5866/3438/1451 5876/3431/1451 5874/3432/1451 5861/3435/1451
f 5864/3438/1452 5857/3435/1452 5872/3432/1452 5877/3431/1452
f 5878/3443/1453 5880/3442/1453 5881/3442/1453 5879/3443/1453
f 5878/3443/1453 5879/3443/1453 5883/3444/1453 5882/3444/1453
f 5869/3436/1440 5881/3442/1440 5880/3442/1440 5868/3436/1440
f 5861/3435/1451 5879/3443/1451 5881/3442/1451 5869/3436/1451
f 5874/3432/1451 5883/3444/1451 5879/3443/1451 5861/3435/1451
f 5857/3435/1452 5878/3443/1452 5882/3444/1452 5872/3432/1452
f 5885/3445/1452 5884/3446/1452 5887/3447/1452 5886/3448/1452
f 5892/3445/1451 5894/3448/1451 5895/3447/1451 5893/3446/1451
f 5884/3446/1452 5891/3449/1452 5888/3450/1452 5887/3447/1452
f 5891/3449/1452 5890/3451/1452 5889/3452/1452 5888/3450/1452
f 5896/3450/1596 5899/3449/1596 5903/3449/1596 5900/3450/1596
f 5899/3449/1451 5896/3450/1451 5897/3452/1451 5898/3451/1451
f 5890/3451/1592 5891/3449/1592 5899/3449/1592 5898/3451/1592
f 5888/3450/1593 5889/3452/1593 5897/3452/1593 5896/3450/1593
f 5886/3448/1590 5887/3447/1590 5895/3447/1590 5894/3448/1590
f 5884/3446/1591 5885/3445/1591 5892/3445/1591 5893/3446/1591
f 5891/3449/1595 5884/3446/1595 5893/3446/1595 5899/3449/1595
f 5889/3452/1596 5890/3451/1596 5898/3451/1596 5897/3452/1596
f 5887/3447/1594 5888/3450/1594 5896/3450/1594 5895/3447/1594
f 5885/3445/1589 5886/3448/1589 5894/3448/1589 5892/3445/1589
f 5902/3446/1451 5901/3447/1451 5900/3450/1451 5903/3449/1451
f 5899/3449/1595 5893/3446/1595 5902/3446/1595 5903/3449/1595
f 5895/3447/1594 5896/3450/1594 5900/3450/1594 5901/3447/1594
f 5893/3446/1589 5895/3447/1589 5901/3447/1589 5902/3446/1589
f 5905/3453/1452 5904/3454/1452 5907/3455/1452 5906/3456/1452
f 5912/3453/1451 5914/3456/1451 5915/3455/1451 5913/3454/1451
f 5904/3454/1452 5911/3457/1452 5908/3458/1452 5907/3455/1452
f 5911/3457/1452 5910/3459/1452 5909/3460/1452 5908/3458/1452
f 5916/3458/1589 5919/3457/1589 5923/3457/1589 5920/3458/1589
f 5919/3457/1451 5916/3458/1451 5917/3460/1451 5918/3459/1451
f 5910/3459/1590 5911/3457/1590 5919/3457/1590 5918/3459/1590
f 5908/3458/1591 5909/3460/1591 5917/3460/1591 5916/3458/1591
f 5906/3456/1592 5907/3455/1592 5915/3455/1592 5914/3456/1592
f 5904/3454/1593 5905/3453/1593 5912/3453/1593 5913/3454/1593
f 5911/3457/1594 5904/3454/1594 5913/3454/1594 5919/3457/1594
f 5909/3460/1589 5910/3459/1589 5918/3459/1589 5917/3460/1589
f 5907/3455/1595 5908/3458/1595 5916/3458/1595 5915/3455/1595
f 5905/3453/1596 5906/3456/1596 5914/3456/1596 5912/3453/1596
f 5922/3454/1451 5921/3455/1451 5920/3458/1451 5923/3457/1451
f 5919/3457/1594 5913/3454/1594 5922/3454/1594 5923/3457/1594
f 5915/3455/1595 5916/3458/1595 5920/3458/1595 5921/3455/1595
f 5913/3454/1596 5915/3455/1596 5921/3455/1596 5922/3454/1596
f 5925/3461/1452 5924/3462/1452 5927/3463/1452 5926/3464/1452
f 5932/3461/1451 5934/3464/1451 5935/3463/1451 5933/3462/1451
f 5924/3462/1452 5931/3465/1452 5928/3466/1452 5927/3463/1452
f 5931/3465/1452 5930/3467/1452 5929/3468/1452 5928/3466/1452
f 5936/3466/1596 5939/3465/1596 5943/3465/1596 5940/3466/1596
f 5939/3465/1451 5936/3466/1451 5937/3468/1451 5938/3467/1451
f 5930/3467/1643 5931/3465/1643 5939/3465/1643 5938/3467/1643
f 5928/3466/1593 5929/3468/1593 5937/3468/1593 5936/3466/1593
f 5926/3464/1590 5927/3463/1590 5935/3463/1590 5934/3464/1590
f 5924/3462/1591 5925/3461/1591 5932/3461/1591 5933/3462/1591
f 5931/3465/1600 5924/3462/1600 5933/3462/1595 5939/3465/1595
f 5929/3468/1597 5930/3467/1597 5938/3467/1597 5937/3468/1597
f 5927/3463/1594 5928/3466/1594 5936/3466/1594 5935/3463/1594
f 5925/3461/1589 5926/3464/1589 5934/3464/1589 5932/3461/1589
f 5942/3462/1451 5941/3463/1451 5940/3466/1451 5943/3465/1451
f 5939/3465/1595 5933/3462/1595 5942/3462/1595 5943/3465/1595
f 5935/3463/1594 5936/3466/1594 5940/3466/1594 5941/3463/1594
f 5933/3462/1589 5935/3463/1589 5941/3463/1589 5942/3462/1589
f 5945/3469/1452 5944/3470/1452 5947/3471/1452 5946/3472/1452
f 5952/3469/1451 5954/3472/1451 5955/3471/1451 5953/3470/1451
f 5944/3470/1452 5951/3473/1452 5948/3474/1452 5947/3471/1452
f 5951/3473/1452 5950/3475/1452 5949/3476/1452 5948/3474/1452
f 5956/3474/1596 5959/3473/1596 5963/3473/1596 5960/3474/1596
f 5959/3473/1451 5956/3474/1451 5957/3476/1451 5958/3475/1451
f 5950/3475/1592 5951/3473/1592 5959/3473/1592 5958/3475/1592
f 5948/3474/1593 5949/3476/1593 5957/3476/1593 5956/3474/1593
f 5946/3472/1590 5947/3471/1590 5955/3471/1590 5954/3472/1590
f 5944/3470/1599 5945/3469/1599 5952/3469/1599 5953/3470/1599
f 5951/3473/1600 5944/3470/1600 5953/3470/1600 5959/3473/1600
f 5949/3476/1596 5950/3475/1596 5958/3475/1596 5957/3476/1596
f 5947/3471/1594 5948/3474/1594 5956/3474/1594 5955/3471/1594
f 5945/3469/1589 5946/3472/1589 5954/3472/1589 5952/3469/1589
f 5962/3470/1451 5961/3471/1451 5960/3474/1451 5963/3473/1451
f 5959/3473/1600 5953/3470/1600 5962/3470/1600 5963/3473/1600
f 5955/3471/1594 5956/3474/1594 5960/3474/1594 5961/3471/1594
f 5953/3470/1589 5955/3471/1589 5961/3471/1589 5962/3470/1589
f 5965/3477/1452 5964/3478/1452 5967/3479/1452 5966/3480/1452
f 5972/3477/1451 5974/3480/1451 5975/3479/1451 5973/3478/1451
f 5964/3478/1452 5971/3481/1452 5968/3482/1452 5967/3479/1452
f 5971/3481/1452 5970/3483/1452 5969/3484/1452 5968/3482/1452
f 5976/3482/1596 5979/3481/1596 5983/3481/1596 5980/3482/1596
f 5979/3481/1451 5976/3482/1451 5977/3484/1451 5978/3483/1451
f 5970/3483/1592 5971/3481/1592 5979/3481/1592 5978/3483/1592
f 5968/3482/1593 5969/3484/1593 5977/3484/1593 5976/3482/1593
f 5966/3480/1590 5967/3479/1590 5975/3479/1590 5974/3480/1590
f 5964/3478/1599 5965/3477/1599 5972/3477/1599 5973/3478/1599
f 5971/3481/1600 5964/3478/1600 5973/3478/1600 5979/3481/1600
f 5969/3484/1596 5970/3483/1596 5978/3483/1596 5977/3484/1596
f 5967/3479/1594 5968/3482/1594 5976/3482/1594 5975/3479/1594
f 5965/3477/1589 5966/3480/1589 5974/3480/1589 5972/3477/1589
f 5982/3478/1451 5981/3479/1451 5980/3482/1451 5983/3481/1451
f 5979/3481/1600 5973/3478/1600 5982/3478/1600 5983/3481/1600
f 5975/3479/1594 5976/3482/1594 5980/3482/1594 5981/3479/1594
f 5973/3478/1589 5975/3479/1589 5981/3479/1589 5982/3478/1589
f 5985/3485/1452 5984/3486/1452 5987/3487/1452 5986/3488/1452
f 5992/3485/1451 5994/3488/1451 5995/3487/1451 5993/3486/1451
f 5984/3486/1452 5991/3489/1452 5988/3490/1452 5987/3487/1452
f 5991/3489/1452 5990/3491/1452 5989/3492/1452 5988/3490/1452
f 5996/3490/1596 5999/3489/1596 6003/3489/1596 6000/3490/1596
f 5999/3489/1451 5996/3490/1451 5997/3492/1451 5998/3491/1451
f 5990/3491/1592 5991/3489/1592 5999/3489/1592 5998/3491/1592
f 5988/3490/1598 5989/3492/1598 5997/3492/1598 5996/3490/1598
f 5986/3488/1590 5987/3487/1590 5995/3487/1590 5994/3488/1590
f 5984/3486/1591 5985/3485/1591 5992/3485/1591 5993/3486/1591
f 5991/3489/1595 5984/3486/1595 5993/3486/1595 5999/3489/1595
f 5989/3492/1596 5990/3491/1596 5998/3491/1596 5997/3492/1596
f 5987/3487/1601 5988/3490/1601 5996/3490/1601 5995/3487/1601
f 5985/3485/1589 5986/3488/1589 5994/3488/1589 5992/3485/1589
f 6002/3486/1451 6001/3487/1451 6000/3490/1451 6003/3489/1451
f 5999/3489/1595 5993/3486/1595 6002/3486/1595 6003/3489/1595
f 5995/3487/1601 5996/3490/1601 6000/3490/1594 6001/3487/1594
f 5993/3486/1589 5995/3487/1589 6001/3487/1589 6002/3486/1589
f 6005/3493/1452 6004/3494/1452 6007/3495/1452 6006/3496/1452
f 6012/3493/1451 6014/3496/1451 6015/3495/1451 6013/3494/1451
f 6004/3494/1452 6011/3497/1452 6008/3498/1452 6007/3495/1452
f 6011/3497/1452 6010/3499/1452 6009/3500/1452 6008/3498/1452
f 6016/3498/1596 6019/3497/1596 6023/3497/1596 6020/3498/1596
f 6019/3497/1451 6016/3498/1451 6017/3500/1451 6018/3499/1451
f 6010/3499/1592 6011/3497/1592 6019/3497/1592 6018/3499/1592
f 6008/3498/1593 6009/3500/1593 6017/3500/1593 6016/3498/1593
f 6006/3496/1590 6007/3495/1590 6015/3495/1590 6014/3496/1590
f 6004/3494/1591 6005/3493/1591 6012/3493/1591 6013/3494/1591
f 6011/3497/1595 6004/3494/1595 6013/3494/1595 6019/3497/1595
f 6009/3500/1596 6010/3499/1596 6018/3499/1596 6017/3500/1596
f 6007/3495/1594 6008/3498/1594 6016/3498/1594 6015/3495/1594
f 6005/3493/1589 6006/3496/1589 6014/3496/1589 6012/3493/1589
f 6022/3494/1451 6021/3495/1451 6020/3498/1451 6023/3497/1451
f 6019/3497/1595 6013/3494/1595 6022/3494/1595 6023/3497/1595
f 6015/3495/1594 6016/3498/1594 6020/3498/1594 6021/3495/1594
f 6013/3494/1589 6015/3495/1589 6021/3495/1589 6022/3494/1589
f 6025/3501/1452 6024/3502/1452 6027/3503/1452 6026/3504/1452
f 6032/3501/1451 6034/3504/1451 6035/3503/1451 6033/3502/1451
f 6024/3502/1452 6031/3505/1452 6028/3506/1452 6027/3503/1452
f 6031/3505/1452 6030/3507/1452 6029/3508/1452 6028/3506/1452
f 6036/3506/1596 6039/3505/1596 6043/3505/1596 6040/3506/1596
f 6039/3505/1451 6036/3506/1451 6037/3508/1451 6038/3507/1451
f 6030/3507/1592 6031/3505/1592 6039/3505/1592 6038/3507/1592
f 6028/3506/1598 6029/3508/1598 6037/3508/1598 6036/3506/1598
f 6026/3504/1590 6027/3503/1590 6035/3503/1590 6034/3504/1590
f 6024/3502/1599 6025/3501/1599 6032/3501/1599 6033/3502/1599
f 6031/3505/1595 6024/3502/1595 6033/3502/1595 6039/3505/1595
f 6029/3508/1596 6030/3507/1596 6038/3507/1596 6037/3508/1596
f 6027/3503/1594 6028/3506/1594 6036/3506/1594 6035/3503/1594
f 6025/3501/1589 6026/3504/1589 6034/3504/1589 6032/3501/1589
f 6042/3502/1451 6041/3503/1451 6040/3506/1451 6043/3505/1451
f 6039/3505/1595 6033/3502/1595 6042/3502/1595 6043/3505/1595
f 6035/3503/1594 6036/3506/1594 6040/3506/1594 6041/3503/1594
f 6033/3502/1589 6035/3503/1589 6041/3503/1589 6042/3502/1589
f 6045/3509/1452 6044/3510/1452 6047/3511/1452 6046/3512/1452
f 6052/3509/1451 6054/3512/1451 6055/3511/1451 6053/3510/1451
f 6044/3510/1452 6051/3513/1452 6048/3514/1452 6047/3511/1452
f 6051/3513/1452 6050/3515/1452 6049/3516/1452 6048/3514/1452
f 6056/3514/1596 6059/3513/1596 6063/3513/1596 6060/3514/1596
f 6059/3513/1451 6056/3514/1451 6057/3516/1451 6058/3515/1451
f 6050/3515/1643 6051/3513/1643 6059/3513/1643 6058/3515/1643
f 6048/3514/1593 6049/3516/1593 6057/3516/1593 6056/3514/1593
f 6046/3512/1590 6047/3511/1590 6055/3511/1590 6054/3512/1590
f 6044/3510/1591 6045/3509/1591 6052/3509/1591 6053/3510/1591
f 6051/3513/1600 6044/3510/1600 6053/3510/1595 6059/3513/1595
f 6049/3516/1597 6050/3515/1597 6058/3515/1597 6057/3516/1597
f 6047/3511/1594 6048/3514/1594 6056/3514/1594 6055/3511/1594
f 6045/3509/1589 6046/3512/1589 6054/3512/1589 6052/3509/1589
f 6062/3510/1451 6061/3511/1451 6060/3514/1451 6063/3513/1451
f 6059/3513/1595 6053/3510/1595 6062/3510/1595 6063/3513/1595
f 6055/3511/1594 6056/3514/1594 6060/3514/1594 6061/3511/1594
f 6053/3510/1589 6055/3511/1589 6061/3511/1589 6062/3510/1589
f 6065/3517/1452 6064/3518/1452 6067/3519/1452 6066/3520/1452
f 6072/3517/1451 6074/3520/1451 6075/3519/1451 6073/3518/1451
f 6064/3518/1452 6071/3521/1452 6068/3522/1452 6067/3519/1452
f 6071/3521/1452 6070/3523/1452 6069/3524/1452 6068/3522/1452
f 6076/3522/1596 6079/3521/1596 6083/3521/1596 6080/3522/1596
f 6079/3521/1451 6076/3522/1451 6077/3524/1451 6078/3523/1451
f 6070/3523/1592 6071/3521/1592 6079/3521/1592 6078/3523/1592
f 6068/3522/1644 6069/3524/1644 6077/3524/1644 6076/3522/1644
f 6066/3520/1641 6067/3519/1641 6075/3519/1641 6074/3520/1641
f 6064/3518/1591 6065/3517/1591 6072/3517/1591 6073/3518/1591
f 6071/3521/1595 6064/3518/1595 6073/3518/1595 6079/3521/1595
f 6069/3524/1597 6070/3523/1597 6078/3523/1597 6077/3524/1597
f 6067/3519/1642 6068/3522/1642 6076/3522/1642 6075/3519/1642
f 6065/3517/1589 6066/3520/1589 6074/3520/1589 6072/3517/1589
f 6082/3518/1451 6081/3519/1451 6080/3522/1451 6083/3521/1451
f 6079/3521/1595 6073/3518/1595 6082/3518/1595 6083/3521/1595
f 6075/3519/1642 6076/3522/1642 6080/3522/1642 6081/3519/1642
f 6073/3518/1589 6075/3519/1589 6081/3519/1589 6082/3518/1589
f 6085/3525/1452 6084/3526/1452 6087/3527/1452 6086/3528/1452
f 6092/3525/1451 6094/3528/1451 6095/3527/1451 6093/3526/1451
f 6084/3526/1452 6091/3529/1452 6088/3530/1452 6087/3527/1452
f 6091/3529/1452 6090/3531/1452 6089/3532/1452 6088/3530/1452
f 6096/3530/1596 6099/3529/1596 6103/3529/1596 6100/3530/1596
f 6099/3529/1451 6096/3530/1451 6097/3532/1451 6098/3531/1451
f 6090/3531/1592 6091/3529/1592 6099/3529/1592 6098/3531/1592
f 6088/3530/1593 6089/3532/1593 6097/3532/1593 6096/3530/1593
f 6086/3528/1590 6087/3527/1590 6095/3527/1590 6094/3528/1590
f 6084/3526/1599 6085/3525/1599 6092/3525/1599 6093/3526/1599
f 6091/3529/1600 6084/3526/1600 6093/3526/1600 6099/3529/1600
f 6089/3532/1596 6090/3531/1596 6098/3531/1596 6097/3532/1596
f 6087/3527/1594 6088/3530/1594 6096/3530/1594 6095/3527/1594
f 6085/3525/1589 6086/3528/1589 6094/3528/1589 6092/3525/1589
f 6102/3526/1451 6101/3527/1451 6100/3530/1451 6103/3529/1451
f 6099/3529/1600 6093/3526/1600 6102/3526/1600 6103/3529/1600
f 6095/3527/1594 6096/3530/1594 6100/3530/1594 6101/3527/1594
f 6093/3526/1589 6095/3527/1589 6101/3527/1589 6102/3526/1589
f 6105/3533/1452 6104/3534/1452 6107/3535/1452 6106/3536/1452
f 6112/3533/1451 6114/3536/1451 6115/3535/1451 6113/3534/1451
f 6104/3534/1452 6111/3537/1452 6108/3538/1452 6107/3535/1452
f 6111/3537/1452 6110/3539/1452 6109/3540/1452 6108/3538/1452
f 6116/3538/1596 6119/3537/1596 6123/3537/1596 6120/3538/1596
f 6119/3537/1451 6116/3538/1451 6117/3540/1451 6118/3539/1451
f 6110/3539/1592 6111/3537/1592 6119/3537/1592 6118/3539/1592
f 6108/3538/1593 6109/3540/1593 6117/3540/1593 6116/3538/1593
f 6106/3536/1590 6107/3535/1590 6115/3535/1590 6114/3536/1590
f 6104/3534/1591 6105/3533/1591 6112/3533/1591 6113/3534/1591
f 6111/3537/1595 6104/3534/1595 6113/3534/1595 6119/3537/1595
f 6109/3540/1596 6110/3539/1596 6118/3539/1596 6117/3540/1596
f 6107/3535/1594 6108/3538/1594 6116/3538/1601 6115/3535/1601
f 6105/3533/1589 6106/3536/1589 6114/3536/1589 6112/3533/1589
f 6122/3534/1451 6121/3535/1451 6120/3538/1451 6123/3537/1451
f 6119/3537/1595 6113/3534/1595 6122/3534/1595 6123/3537/1595
f 6115/3535/1601 6116/3538/1601 6120/3538/1601 6121/3535/1601
f 6113/3534/1589 6115/3535/1589 6121/3535/1589 6122/3534/1589
f 6125/3541/1452 6124/3542/1452 6127/3543/1452 6126/3544/1452
f 6132/3541/1451 6134/3544/1451 6135/3543/1451 6133/3542/1451
f 6124/3542/1452 6131/3545/1452 6128/3546/1452 6127/3543/1452
f 6131/3545/1452 6130/3547/1452 6129/3548/1452 6128/3546/1452
f 6136/3546/1596 6139/3545/1596 6143/3545/1596 6140/3546/1596
f 6139/3545/1451 6136/3546/1451 6137/3548/1451 6138/3547/1451
f 6130/3547/1592 6131/3545/1592 6139/3545/1592 6138/3547/1592
f 6128/3546/1593 6129/3548/1593 6137/3548/1593 6136/3546/1593
f 6126/3544/1590 6127/3543/1590 6135/3543/1590 6134/3544/1590
f 6124/3542/1599 6125/3541/1599 6132/3541/1599 6133/3542/1599
f 6131/3545/1600 6124/3542/1600 6133/3542/1600 6139/3545/1600
f 6129/3548/1596 6130/3547/1596 6138/3547/1596 6137/3548/1596
f 6127/3543/1642 6128/3546/1642 6136/3546/1594 6135/3543/1594
f 6125/3541/1589 6126/3544/1589 6134/3544/1589 6132/3541/1589
f 6142/3542/1451 6141/3543/1451 6140/3546/1451 6143/3545/1451
f 6139/3545/1600 6133/3542/1600 6142/3542/1600 6143/3545/1600
f 6135/3543/1594 6136/3546/1594 6140/3546/1594 6141/3543/1594
f 6133/3542/1589 6135/3543/1589 6141/3543/1589 6142/3542/1589
f 6144/3549/1452 6146/3550/1452 6147/3551/1452 6145/3552/1452
f 6148/3549/1451 6149/3552/1451 6151/3551/1451 6150/3550/1451
f 6144/3549/1430 6145/3552/1430 6149/3552/1430 6148/3549/1430
f 6146/3550/1450 6144/3549/1450 6148/3549/1450 6150/3550/1450
f 6147/3551/1440 6146/3550/1440 6150/3550/1440 6151/3551/1440
f 6145/3552/1453 6147/3551/1453 6151/3551/1453 6149/3552/1453
f 6152/3553/1452 6154/3554/1452 6155/3555/1452 6153/3556/1452
f 6156/3553/1451 6157/3556/1451 6159/3555/1451 6158/3554/1451
f 6152/3553/1430 6153/3556/1430 6157/3556/1430 6156/3553/1430
f 6154/3554/1450 6152/3553/1450 6156/3553/1450 6158/3554/1450
f 6155/3555/1440 6154/3554/1440 6158/3554/1440 6159/3555/1440
f 6153/3556/1453 6155/3555/1453 6159/3555/1453 6157/3556/1453
f 6160/3557/1452 6162/3558/1452 6163/3559/1452 6161/3560/1452
f 6164/3557/1451 6165/3560/1451 6167/3559/1451 6166/3558/1451
f 6160/3557/1430 6161/3560/1430 6165/3560/1430 6164/3557/1430
f 6162/3558/1450 6160/3557/1450 6164/3557/1450 6166/3558/1450
f 6163/3559/1440 6162/3558/1440 6166/3558/1440 6167/3559/1440
f 6161/3560/1453 6163/3559/1453 6167/3559/1453 6165/3560/1453
f 6168/3561/1452 6170/3562/1452 6171/3563/1452 6169/3564/1452
f 6172/3561/1451 6173/3564/1451 6175/3563/1451 6174/3562/1451
f 6168/3561/1430 6169/3564/1430 6173/3564/1430 6172/3561/1430
f 6170/3562/1450 6168/3561/1450 6172/3561/1450 6174/3562/1450
f 6171/3563/1440 6170/3562/1440 6174/3562/1440 6175/3563/1440
f 6169/3564/1453 6171/3563/1453 6175/3563/1453 6173/3564/1453
f 6176/3565/1452 6178/3566/1452 6179/3567/1452 6177/3568/1452
f 6180/3565/1451 6181/3568/1451 6183/3567/1451 6182/3566/1451
f 6176/3565/1430 6177/3568/1430 6181/3568/1430 6180/3565/1430
f 6178/3566/1450 6176/3565/1450 6180/3565/1450 6182/3566/1450
f 6179/3567/1440 6178/3566/1440 6182/3566/1440 6183/3567/1440
f 6177/3568/1453 6179/3567/1453 6183/3567/1453 6181/3568/1453
f 6184/3569/1452 6186/3570/1452 6187/3571/1452 6185/3572/1452
f 6188/3569/1451 6189/3572/1451 6191/3571/1451 6190/3570/1451
f 6184/3569/1430 6185/3572/1430 6189/3572/1430 6188/3569/1430
f 6186/3570/1450 6184/3569/1450 6188/3569/1450 6190/3570/1450
f 6187/3571/1440 6186/3570/1440 6190/3570/1440 6191/3571/1440
f 6185/3572/1453 6187/3571/1453 6191/3571/1453 6189/3572/1453
f 6192/3573/1452 6194/3574/1452 6195/3575/1452 6193/3576/1452
f 6196/3573/1451 6197/3576/1451 6199/3575/1451 6198/3574/1451
f 6192/3573/1430 6193/3576/1430 6197/3576/1430 6196/3573/1430
f 6194/3574/1450 6192/3573/1450 6196/3573/1450 6198/3574/1450
f 6195/3575/1440 6194/3574/1440 6198/3574/1440 6199/3575/1440
f 6193/3576/1453 6195/3575/1453 6199/3575/1453 6197/3576/1453
f 6200/3577/1452 6202/3578/1452 6203/3579/1452 6201/3580/1452
f 6204/3577/1451 6205/3580/1451 6207/3579/1451 6206/3578/1451
f 6200/3577/1430 6201/3580/1430 6205/3580/1430 6204/3577/1430
f 6202/3578/1450 6200/3577/1450 6204/3577/1450 6206/3578/1450
f 6203/3579/1440 6202/3578/1440 6206/3578/1440 6207/3579/1440
f 6201/3580/1453 6203/3579/1453 6207/3579/1453 6205/3580/1453
f 6211/3581/1430 6210/3582/1430 6208/3581/1430
f 6218/3583/1450 6219/3583/1450 6231/3584/1450 6230/3584/1450
f 6211/3581/1655 6212/3585/1655 6224/3586/1655 6223/3587/1655
f 6209/3582/1453 6210/3582/1453 6222/3588/1453 6220/3588/1453
f 6212/3585/1450 6213/3585/1450 6225/3586/1450 6224/3586/1450
f 6210/3582/1652 6211/3581/1652 6223/3587/1652 6222/3588/1652
f 6208/3581/1653 6209/3582/1653 6220/3588/1653 6221/3587/1653
f 6213/3585/1654 6208/3581/1654 6221/3587/1654 6225/3586/1654
f 6214/3589/1440 6215/3587/1441 6221/3587/1441 6220/3588/1440
f 6216/3589/1656 6214/3589/1440 6220/3588/1440 6222/3588/1656
f 6217/3587/1656 6216/3589/1656 6222/3588/1656 6223/3587/1656
f 6218/3590/1440 6217/3587/1656 6223/3587/1656 6224/3586/1440
f 6219/3590/1441 6218/3590/1440 6224/3586/1440 6225/3586/1441
f 6215/3587/1441 6219/3590/1441 6225/3586/1441 6221/3587/1441
f 6230/3584/1440 6231/3584/1440 6227/3591/1440
f 6216/3592/1652 6217/3593/1652 6229/3591/1652 6228/3594/1652
f 6215/3593/1653 6214/3592/1653 6226/3594/1653 6227/3591/1653
f 6219/3583/1654 6215/3593/1654 6227/3591/1654 6231/3584/1654
f 6217/3593/1657 6218/3583/1657 6230/3584/1657 6229/3591/1657
f 6214/3592/1453 6216/3592/1453 6228/3594/1453 6226/3594/1453
f 6235/3595/1430 6234/3596/1430 6232/3595/1430
f 6242/3597/1450 6243/3597/1450 6255/3598/1450 6254/3598/1450
f 6235/3595/1655 6236/3599/1655 6248/3600/1655 6247/3601/1655
f 6233/3596/1453 6234/3596/1453 6246/3602/1453 6244/3602/1453
f 6236/3599/1450 6237/3599/1450 6249/3600/1450 6248/3600/1450
f 6234/3596/1652 6235/3595/1652 6247/3601/1652 6246/3602/1652
f 6232/3595/1653 6233/3596/1653 6244/3602/1653 6245/3601/1653
f 6237/3599/1654 6232/3595/1654 6245/3601/1654 6249/3600/1654
f 6238/3603/1440 6239/3601/1441 6245/3601/1441 6244/3602/1440
f 6240/3603/1656 6238/3603/1440 6244/3602/1440 6246/3602/1656
f 6241/3601/1656 6240/3603/1656 6246/3602/1656 6247/3601/1656
f 6242/3604/1440 6241/3601/1656 6247/3601/1656 6248/3600/1440
f 6243/3604/1441 6242/3604/1440 6248/3600/1440 6249/3600/1441
f 6239/3601/1441 6243/3604/1441 6249/3600/1441 6245/3601/1441
f 6254/3598/1440 6255/3598/1440 6251/3605/1440
f 6240/3606/1652 6241/3607/1652 6253/3605/1652 6252/3608/1652
f 6239/3607/1653 6238/3606/1653 6250/3608/1653 6251/3605/1653
f 6243/3597/1654 6239/3607/1654 6251/3605/1654 6255/3598/1654
f 6241/3607/1657 6242/3597/1657 6254/3598/1657 6253/3605/1657
f 6238/3606/1453 6240/3606/1453 6252/3608/1453 6250/3608/1453
f 6259/3609/1430 6258/3610/1430 6256/3609/1430
f 6266/3611/1450 6267/3611/1450 6279/3612/1450 6278/3612/1450
f 6259/3609/1655 6260/3613/1655 6272/3614/1655 6271/3615/1655
f 6257/3610/1453 6258/3610/1453 6270/3616/1453 6268/3616/1453
f 6260/3613/1450 6261/3613/1450 6273/3614/1450 6272/3614/1450
f 6258/3610/1652 6259/3609/1652 6271/3615/1652 6270/3616/1652
f 6256/3609/1653 6257/3610/1653 6268/3616/1653 6269/3615/1653
f 6261/3613/1654 6256/3609/1654 6269/3615/1654 6273/3614/1654
f 6262/3617/1440 6263/3615/1441 6269/3615/1441 6268/3616/1440
f 6264/3617/1656 6262/3617/1440 6268/3616/1440 6270/3616/1656
f 6265/3615/1656 6264/3617/1656 6270/3616/1656 6271/3615/1656
f 6266/3588/1440 6265/3615/1656 6271/3615/1656 6272/3614/1440
f 6267/3588/1441 6266/3588/1440 6272/3614/1440 6273/3614/1441
f 6263/3615/1441 6267/3588/1441 6273/3614/1441 6269/3615/1441
f 6278/3612/1440 6279/3612/1440 6275/3618/1440
f 6264/3619/1652 6265/3620/1652 6277/3618/1652 6276/3621/1652
f 6263/3620/1653 6262/3619/1653 6274/3621/1653 6275/3618/1653
f 6267/3611/1654 6263/3620/1654 6275/3618/1654 6279/3612/1654
f 6265/3620/1657 6266/3611/1657 6278/3612/1657 6277/3618/1657
f 6262/3619/1453 6264/3619/1453 6276/3621/1453 6274/3621/1453
f 6286/3622/1430 6284/3623/1430 6282/3624/1430
f 6293/3625/1439 6294/3626/1439 6310/3627/1439 6309/3628/1439
f 6283/3629/1432 6284/3623/1432 6300/3630/1432 6299/3631/1432
f 6281/3629/1433 6282/3624/1433 6298/3632/1433 6296/3631/1433
f 6286/3622/1434 6287/3633/1434 6303/3634/1434 6302/3635/1434
f 6284/3623/1435 6285/3633/1435 6301/3634/1435 6300/3630/1435
f 6282/3624/1436 6283/3629/1436 6299/3631/1436 6298/3632/1436
f 6280/3623/1437 6281/3629/1437 6296/3631/1437 6297/3630/1437
f 6287/3633/1438 6280/3623/1438 6297/3630/1438 6303/3634/1438
f 6285/3633/1439 6286/3622/1439 6302/3635/1439 6301/3634/1439
f 6288/3636/1440 6289/3630/1440 6297/3630/1440 6296/3631/1440
f 6290/3637/1440 6288/3636/1440 6296/3631/1440 6298/3632/1440
f 6291/3636/1440 6290/3637/1440 6298/3632/1440 6299/3631/1440
f 6292/3630/1440 6291/3636/1440 6299/3631/1440 6300/3630/1440
f 6293/3625/1440 6292/3630/1440 6300/3630/1440 6301/3634/1440
f 6294/3626/1440 6293/3625/1440 6301/3634/1440 6302/3635/1440
f 6295/3625/1440 6294/3626/1440 6302/3635/1440 6303/3634/1440
f 6289/3630/1440 6295/3625/1440 6303/3634/1440 6297/3630/1440
f 6306/3638/1440 6308/3639/1440 6310/3627/1440
f 6291/3636/1432 6292/3630/1432 6308/3639/1432 6307/3640/1432
f 6288/3636/1433 6290/3637/1433 6306/3638/1433 6304/3640/1433
f 6294/3626/1434 6295/3625/1434 6311/3628/1434 6310/3627/1434
f 6292/3630/1435 6293/3625/1435 6309/3628/1435 6308/3639/1435
f 6290/3637/1649 6291/3636/1649 6307/3640/1649 6306/3638/1649
f 6289/3630/1437 6288/3636/1437 6304/3640/1437 6305/3639/1437
f 6295/3625/1438 6289/3630/1438 6305/3639/1438 6311/3628/1438
f 6316/3641/1430 6315/3642/1430 6314/3643/1430
f 6322/3644/1450 6323/3644/1450 6335/3645/1450 6334/3645/1450
f 6315/3642/1655 6316/3641/1655 6328/3646/1655 6327/3647/1655
f 6313/3643/1453 6314/3643/1453 6326/3648/1453 6324/3648/1453
f 6316/3641/1450 6317/3641/1450 6329/3646/1450 6328/3646/1450
f 6314/3643/1652 6315/3642/1652 6327/3647/1652 6326/3648/1652
f 6312/3642/1653 6313/3643/1653 6324/3648/1653 6325/3647/1653
f 6317/3641/1654 6312/3642/1654 6325/3647/1654 6329/3646/1654
f 6318/3649/1440 6319/3647/1440 6325/3647/1440 6324/3648/1440
f 6320/3649/1440 6318/3649/1440 6324/3648/1440 6326/3648/1440
f 6321/3647/1440 6320/3649/1440 6326/3648/1440 6327/3647/1440
f 6322/3650/1440 6321/3647/1440 6327/3647/1440 6328/3646/1440
f 6323/3650/1440 6322/3650/1440 6328/3646/1440 6329/3646/1440
f 6319/3647/1440 6323/3650/1440 6329/3646/1440 6325/3647/1440
f 6334/3645/1440 6335/3645/1440 6331/3651/1440
f 6320/3652/1658 6321/3653/1658 6333/3651/1658 6332/3654/1658
f 6319/3653/1653 6318/3652/1653 6330/3654/1653 6331/3651/1653
f 6323/3644/1654 6319/3653/1654 6331/3651/1654 6335/3645/1654
f 6321/3653/1659 6322/3644/1659 6334/3645/1659 6333/3651/1659
f 6318/3652/1453 6320/3652/1453 6332/3654/1453 6330/3654/1453
f 6340/3641/1430 6341/3641/1430 6336/3642/1430
f 6346/3644/1453 6358/3645/1453 6359/3645/1453 6347/3644/1453
f 6339/3642/1652 6351/3647/1652 6352/3646/1652 6340/3641/1652
f 6337/3643/1450 6348/3648/1450 6350/3648/1450 6338/3643/1450
f 6340/3641/1453 6352/3646/1453 6353/3646/1453 6341/3641/1453
f 6338/3643/1655 6350/3648/1655 6351/3647/1655 6339/3642/1655
f 6336/3642/1654 6349/3647/1654 6348/3648/1654 6337/3643/1654
f 6341/3641/1653 6353/3646/1653 6349/3647/1653 6336/3642/1653
f 6342/3649/1440 6348/3648/1440 6349/3647/1440 6343/3647/1440
f 6344/3649/1440 6350/3648/1440 6348/3648/1440 6342/3649/1440
f 6345/3647/1440 6351/3647/1440 6350/3648/1440 6344/3649/1440
f 6346/3650/1440 6352/3646/1440 6351/3647/1440 6345/3647/1440
f 6347/3650/1440 6353/3646/1440 6352/3646/1440 6346/3650/1440
f 6343/3647/1440 6349/3647/1440 6353/3646/1440 6347/3650/1440
f 6358/3645/1440 6357/3651/1440 6356/3654/1440
f 6344/3652/1659 6356/3654/1659 6357/3651/1659 6345/3653/1659
f 6343/3653/1654 6355/3651/1654 6354/3654/1654 6342/3652/1654
f 6347/3644/1653 6359/3645/1653 6355/3651/1653 6343/3653/1653
f 6345/3653/1658 6357/3651/1658 6358/3645/1658 6346/3644/1658
f 6342/3652/1450 6354/3654/1450 6356/3654/1450 6344/3652/1450
f 6363/3655/1430 6362/3656/1430 6366/3657/1430
f 6374/3658/1660 6375/3659/1660 6391/3660/1660 6390/3661/1660
f 6366/3657/1434 6367/3662/1434 6383/3663/1434 6382/3664/1434
f 6364/3665/1435 6365/3662/1435 6381/3663/1435 6380/3666/1435
f 6362/3656/1436 6363/3655/1436 6379/3667/1436 6378/3668/1436
f 6360/3665/1437 6361/3655/1437 6376/3667/1437 6377/3666/1437
f 6367/3662/1438 6360/3665/1438 6377/3666/1438 6383/3663/1438
f 6365/3662/1439 6366/3657/1439 6382/3664/1439 6381/3663/1439
f 6363/3655/1432 6364/3665/1432 6380/3666/1432 6379/3667/1432
f 6361/3655/1433 6362/3656/1433 6378/3668/1433 6376/3667/1433
f 6369/3669/1440 6368/3666/1440 6377/3666/1440 6376/3667/1440
f 6370/3670/1440 6369/3669/1440 6376/3667/1440 6378/3668/1440
f 6371/3669/1440 6370/3670/1440 6378/3668/1440 6379/3667/1440
f 6372/3666/1440 6371/3669/1440 6379/3667/1440 6380/3666/1440
f 6373/3671/1440 6372/3666/1440 6380/3666/1440 6381/3663/1440
f 6374/3672/1440 6373/3671/1440 6381/3663/1440 6382/3664/1440
f 6375/3671/1440 6374/3672/1440 6382/3664/1440 6383/3663/1440
f 6368/3666/1440 6375/3671/1440 6383/3663/1440 6377/3666/1440
f 6386/3673/1440 6388/3674/1440 6390/3661/1440
f 6372/3675/1661 6373/3659/1661 6389/3660/1661 6388/3674/1661
f 6370/3676/1662 6371/3677/1662 6387/3678/1662 6386/3673/1662
f 6368/3675/1663 6369/3677/1663 6384/3678/1663 6385/3674/1663
f 6375/3659/1664 6368/3675/1664 6385/3674/1664 6391/3660/1664
f 6373/3659/1665 6374/3658/1665 6390/3661/1665 6389/3660/1665
f 6371/3677/1666 6372/3675/1666 6388/3674/1666 6387/3678/1666
f 6369/3677/1667 6370/3676/1667 6386/3673/1667 6384/3678/1667
f 6392/3679/1668 6393/3680/1668 6395/3681/1668 6394/3682/1668
f 6394/3682/1430 6397/3682/1430 6396/3679/1430 6392/3679/1430
f 6398/3683/1669 6400/3684/1669 6401/3685/1670 6399/3686/1670
f 6400/3684/1669 6398/3683/1669 6402/3683/1440 6403/3684/1440
f 6393/3680/1671 6392/3679/1671 6398/3683/1671 6399/3686/1671
f 6392/3679/1453 6396/3679/1453 6402/3683/1453 6398/3683/1453
f 6394/3682/1672 6395/3681/1672 6401/3685/1672 6400/3684/1672
f 6397/3682/1450 6394/3682/1450 6400/3684/1450 6403/3684/1450
f 6396/3679/1452 6397/3682/1452 6403/3684/1452 6402/3683/1452
f 6395/3681/1451 6393/3680/1451 6399/3686/1451 6401/3685/1451
f 6416/3687/1673 6419/3688/1673 6420/3689/1673 6411/3690/1673
f 6439/3690/1453 6438/3687/1453 6416/3687/1453 6411/3690/1453
s 0
f 6417/3690/1674 6415/3687/1674 6407/3687/1674 6412/3690/1674
f 6413/3691/1674 6417/3690/1674 6412/3690/1674 6404/3691/1674
s 1
f 6440/3691/1453 6439/3690/1453 6411/3690/1453 6414/3691/1453
f 6448/3692/1451 6451/3693/1451 6410/3694/1451 6406/3695/1451
f 6442/3696/1440 6424/3697/1440 6416/3698/1440 6438/3698/1440
f 6441/3699/1430 6440/3691/1430 6414/3691/1430 6422/3700/1430
f 6452/3701/1675 6427/3702/1675 6418/3694/1675 6458/3693/1675
f 6451/3693/1430 6458/3693/1430 6418/3694/1430 6410/3694/1430
f 6452/3701/1451 6455/3703/1451 6435/3704/1451 6427/3702/1451
f 6416/3687/1673 6430/3705/1673 6432/3706/1673 6419/3688/1673
f 6411/3690/1430 6420/3689/1430 6426/3707/1430 6425/3707/1430
f 6420/3689/1451 6419/3688/1451 6426/3707/1451
f 6457/3708/1430 6441/3699/1430 6422/3700/1430 6448/3692/1430
f 6456/3709/1440 6463/3709/1440 6424/3697/1440 6442/3696/1440
f 6414/3691/1451 6411/3690/1451 6425/3707/1451 6422/3700/1451
s 0
f 6426/3707/1676 6418/3694/1677 6458/3693/1450
s 1
f 6426/3707/1453 6431/3710/1453 6436/3710/1453 6428/3711/1453
f 6429/3712/1440 6431/3712/1440 6432/3713/1440 6430/3714/1440
f 6453/3715/1440 6454/3715/1440 6431/3712/1440 6429/3712/1440
f 6454/3716/1440 6455/3716/1440 6436/3717/1440 6431/3717/1440
f 6424/3711/1430 6469/3711/1430 6470/3687/1430 6416/3687/1430
f 6429/3712/1440 6472/3712/1440 6474/3715/1440 6453/3715/1440
f 6419/3688/1451 6432/3706/1451 6431/3710/1451 6426/3707/1451
f 6442/3718/1452 6461/3719/1452 6462/3720/1452 6456/3721/1452
f 6447/3708/1430 6421/3699/1430 6441/3699/1430 6457/3708/1430
f 6421/3699/1430 6413/3691/1430 6440/3691/1430 6441/3699/1430
f 6442/3718/1450 6446/3722/1450 6443/3722/1450 6423/3718/1450
f 6404/3691/1453 6412/3690/1453 6439/3690/1453 6440/3691/1453
f 6412/3690/1453 6407/3687/1453 6438/3687/1453 6439/3690/1453
s 0
f 6415/3687/1452 6438/3687/1678 6407/3687/1430
f 6413/3691/1430 6404/3691/1452 6440/3691/1678
s 1
f 6443/3722/1440 6446/3722/1440 6445/3723/1440 6444/3723/1440
f 6415/3687/1453 6444/3723/1453 6445/3723/1453 6438/3687/1453
f 6438/3724/1451 6445/3725/1451 6446/3726/1451 6442/3727/1451
f 6405/3695/1430 6447/3708/1430 6457/3708/1430 6437/3695/1430
f 6456/3721/1453 6467/3728/1453 6463/3721/1453
f 6453/3715/1440 6474/3715/1440 6475/3729/1440 6434/3729/1440
f 6433/3730/1440 6435/3730/1440 6455/3716/1440 6454/3716/1440
f 6434/3729/1440 6433/3729/1440 6454/3715/1440 6453/3715/1440
f 6437/3695/1430 6457/3708/1430 6448/3692/1430 6406/3695/1430
f 6428/3711/1451 6436/3710/1451 6455/3703/1451 6452/3701/1451
f 6425/3707/1430 6426/3707/1430 6458/3693/1430 6451/3693/1430
f 6428/3711/1675 6452/3701/1675 6458/3693/1675 6426/3707/1675
f 6422/3700/1451 6425/3707/1451 6451/3693/1451 6448/3692/1451
f 6459/3720/1440 6462/3720/1440 6461/3719/1440 6460/3719/1440
f 6423/3718/1450 6460/3719/1450 6461/3719/1450 6442/3718/1450
f 6456/3721/1453 6462/3720/1453 6459/3720/1453 6449/3721/1453
f 6464/3731/1440 6409/3731/1440 6450/3732/1440 6463/3709/1440
f 6466/3733/1440 6465/3733/1440 6467/3728/1440 6468/3728/1440
f 6463/3709/1440 6450/3732/1440 6424/3697/1440
f 6465/3734/1679 6464/3731/1679 6463/3709/1679 6467/3735/1679
f 6408/3702/1452 6466/3733/1452 6468/3728/1452 6449/3721/1452
f 6449/3721/1453 6468/3728/1453 6467/3728/1453 6456/3721/1453
f 6469/3697/1452 6472/3712/1452 6473/3714/1452 6470/3698/1452
f 6471/3732/1452 6474/3715/1452 6472/3712/1452 6469/3697/1452
f 6476/3731/1452 6475/3729/1452 6474/3715/1452 6471/3732/1452
f 6430/3714/1440 6473/3714/1440 6472/3712/1440 6429/3712/1440
f 6409/3702/1430 6476/3702/1430 6471/3701/1430 6450/3701/1430
f 6450/3701/1430 6471/3701/1430 6469/3711/1430 6424/3711/1430
f 6416/3687/1453 6470/3687/1453 6473/3705/1453 6430/3705/1453
f 6484/3687/1680 6479/3690/1680 6487/3689/1680 6486/3688/1680
f 6501/3690/1450 6479/3690/1450 6484/3687/1450 6500/3687/1450
s 0
f 6485/3690/1674 6480/3690/1674 6478/3687/1674 6483/3687/1674
f 6481/3691/1674 6477/3691/1674 6480/3690/1674 6485/3690/1674
s 1
f 6502/3691/1450 6482/3691/1450 6479/3690/1450 6501/3690/1450
f 6510/3692/1451 6406/3695/1451 6410/3694/1451 6513/3693/1451
f 6504/3696/1440 6500/3698/1440 6484/3698/1440 6491/3697/1440
f 6503/3699/1430 6489/3700/1430 6482/3691/1430 6502/3691/1430
f 6514/3701/1675 6520/3693/1675 6418/3694/1675 6427/3702/1675
f 6513/3693/1430 6410/3694/1430 6418/3694/1430 6520/3693/1430
f 6514/3701/1451 6427/3702/1451 6435/3704/1451 6517/3703/1451
f 6484/3687/1680 6486/3688/1680 6498/3706/1680 6496/3705/1680
f 6479/3690/1430 6492/3707/1430 6493/3707/1430 6487/3689/1430
f 6487/3689/1451 6493/3707/1451 6486/3688/1451
f 6519/3708/1430 6510/3692/1430 6489/3700/1430 6503/3699/1430
f 6518/3709/1440 6504/3696/1440 6491/3697/1440 6525/3709/1440
f 6482/3691/1451 6489/3700/1451 6492/3707/1451 6479/3690/1451
s 0
f 6493/3707/1677 6520/3693/1450 6418/3694/1676
s 1
f 6493/3707/1450 6494/3711/1450 6499/3710/1450 6497/3710/1450
f 6495/3712/1440 6496/3714/1440 6498/3713/1440 6497/3712/1440
f 6515/3715/1440 6495/3712/1440 6497/3712/1440 6516/3715/1440
f 6516/3716/1440 6497/3717/1440 6499/3717/1440 6517/3716/1440
f 6491/3711/1430 6484/3687/1430 6529/3687/1430 6528/3711/1430
f 6495/3712/1440 6515/3715/1440 6533/3715/1440 6531/3712/1440
f 6486/3688/1451 6493/3707/1451 6497/3710/1451 6498/3706/1451
f 6504/3718/1452 6518/3721/1452 6524/3720/1452 6523/3719/1452
f 6509/3708/1430 6519/3708/1430 6503/3699/1430 6488/3699/1430
f 6488/3699/1430 6503/3699/1430 6502/3691/1430 6481/3691/1430
f 6504/3718/1453 6490/3718/1453 6505/3722/1453 6508/3722/1453
f 6477/3691/1450 6502/3691/1450 6501/3690/1450 6480/3690/1450
f 6480/3690/1450 6501/3690/1450 6500/3687/1450 6478/3687/1450
s 0
f 6483/3687/1430 6478/3687/1452 6500/3687/1678
f 6481/3691/1452 6502/3691/1678 6477/3691/1430
s 1
f 6505/3722/1440 6506/3723/1440 6507/3723/1440 6508/3722/1440
f 6483/3687/1450 6500/3687/1450 6507/3723/1450 6506/3723/1450
f 6500/3724/1451 6504/3727/1451 6508/3726/1451 6507/3725/1451
f 6405/3695/1430 6437/3695/1430 6519/3708/1430 6509/3708/1430
f 6518/3721/1450 6525/3721/1450 6526/3728/1450
f 6515/3715/1440 6434/3729/1440 6475/3729/1440 6533/3715/1440
f 6433/3730/1440 6516/3716/1440 6517/3716/1440 6435/3730/1440
f 6434/3729/1440 6515/3715/1440 6516/3715/1440 6433/3729/1440
f 6437/3695/1430 6406/3695/1430 6510/3692/1430 6519/3708/1430
f 6494/3711/1451 6514/3701/1451 6517/3703/1451 6499/3710/1451
f 6492/3707/1430 6513/3693/1430 6520/3693/1430 6493/3707/1430
f 6494/3711/1675 6493/3707/1675 6520/3693/1675 6514/3701/1675
f 6489/3700/1451 6510/3692/1451 6513/3693/1451 6492/3707/1451
f 6521/3720/1440 6522/3719/1440 6523/3719/1440 6524/3720/1440
f 6490/3718/1453 6504/3718/1453 6523/3719/1453 6522/3719/1453
f 6518/3721/1450 6511/3721/1450 6521/3720/1450 6524/3720/1450
f 6464/3731/1440 6525/3709/1440 6512/3732/1440 6409/3731/1440
f 6466/3733/1440 6527/3728/1440 6526/3728/1440 6465/3733/1440
f 6525/3709/1440 6491/3697/1440 6512/3732/1440
f 6465/3734/1679 6526/3735/1679 6525/3709/1679 6464/3731/1679
f 6408/3702/1452 6511/3721/1452 6527/3728/1452 6466/3733/1452
f 6511/3721/1450 6518/3721/1450 6526/3728/1450 6527/3728/1450
f 6528/3697/1452 6529/3698/1452 6532/3714/1452 6531/3712/1452
f 6530/3732/1452 6528/3697/1452 6531/3712/1452 6533/3715/1452
f 6476/3731/1452 6530/3732/1452 6533/3715/1452 6475/3729/1452
f 6496/3714/1440 6495/3712/1440 6531/3712/1440 6532/3714/1440
f 6409/3702/1430 6512/3701/1430 6530/3701/1430 6476/3702/1430
f 6512/3701/1430 6491/3711/1430 6528/3711/1430 6530/3701/1430
f 6484/3687/1450 6496/3705/1450 6532/3705/1450 6529/3687/1450
f 6544/3736/1430 6547/3737/1430 6536/3737/1430 6534/3736/1430
f 6550/3738/1440 6538/3738/1440 6540/3739/1440 6553/3739/1440
f 6534/3736/1451 6536/3737/1451 6540/3739/1451 6538/3738/1451
f 6544/3736/1450 6534/3736/1450 6538/3738/1450 6550/3738/1450
f 6537/3737/1452 6535/3736/1452 6539/3738/1452 6541/3739/1452
f 6545/3737/1453 6537/3737/1453 6541/3739/1453 6551/3739/1453
f 6536/3737/1453 6547/3737/1453 6553/3739/1453 6540/3739/1453
f 6547/3737/1453 6546/3737/1453 6552/3739/1453 6553/3739/1453
f 6546/3737/1453 6545/3737/1453 6551/3739/1453 6552/3739/1453
f 6535/3736/1450 6542/3736/1450 6548/3738/1450 6539/3738/1450
f 6542/3736/1450 6543/3736/1450 6549/3738/1450 6548/3738/1450
f 6543/3736/1450 6544/3736/1450 6550/3738/1450 6549/3738/1450
f 6539/3738/1440 6548/3738/1440 6551/3739/1440 6541/3739/1440
f 6548/3738/1440 6549/3738/1440 6552/3739/1440 6551/3739/1440
f 6549/3738/1440 6550/3738/1440 6553/3739/1440 6552/3739/1440
f 6535/3736/1430 6537/3737/1430 6545/3737/1430 6542/3736/1430
f 6542/3736/1430 6545/3737/1430 6546/3737/1430 6543/3736/1430
f 6543/3736/1430 6546/3737/1430 6547/3737/1430 6544/3736/1430
f 6558/3740/1430 6561/3741/1430 6555/3741/1430 6554/3740/1430
f 6556/3740/1430 6559/3741/1430 6560/3741/1430 6557/3740/1430
f 6562/3740/1430 6563/3741/1430 6567/3741/1430 6564/3740/1430
f 6565/3740/1430 6568/3741/1430 6569/3741/1430 6566/3740/1430
f 6570/3742/1440 6571/3742/1440 6573/3743/1440 6572/3743/1440
f 6574/3742/1440 6575/3742/1440 6577/3743/1440 6576/3743/1440
f 6579/3742/1440 6580/3742/1440 6583/3743/1440 6578/3743/1440
f 6581/3742/1440 6582/3742/1440 6585/3743/1440 6584/3743/1440
f 6567/3741/1453 6563/3741/1453 6578/3743/1453 6583/3743/1453
f 6560/3741/1453 6559/3741/1453 6576/3743/1453 6577/3743/1453
f 6569/3741/1453 6568/3741/1453 6584/3743/1453 6585/3743/1453
f 6559/3741/1452 6556/3740/1452 6574/3742/1452 6576/3743/1452
f 6564/3740/1451 6567/3741/1451 6583/3743/1451 6580/3742/1451
f 6557/3740/1451 6560/3741/1451 6577/3743/1451 6575/3742/1451
f 6568/3741/1452 6565/3740/1452 6581/3742/1452 6584/3743/1452
f 6561/3741/1452 6558/3740/1452 6570/3742/1452 6572/3743/1452
f 6558/3740/1450 6554/3740/1450 6571/3742/1450 6570/3742/1450
f 6566/3740/1451 6569/3741/1451 6585/3743/1451 6582/3742/1451
f 6563/3741/1452 6562/3740/1452 6579/3742/1452 6578/3743/1452
f 6555/3741/1453 6561/3741/1453 6572/3743/1453 6573/3743/1453
f 6562/3740/1450 6564/3740/1450 6580/3742/1450 6579/3742/1450
f 6554/3740/1451 6555/3741/1451 6573/3743/1451 6571/3742/1451
f 6565/3740/1450 6566/3740/1450 6582/3742/1450 6581/3742/1450
f 6556/3740/1450 6557/3740/1450 6575/3742/1450 6574/3742/1450
f 6596/3736/1430 6586/3736/1430 6588/3737/1430 6599/3737/1430
f 6602/3738/1440 6605/3739/1440 6592/3739/1440 6590/3738/1440
f 6586/3736/1451 6590/3738/1451 6592/3739/1451 6588/3737/1451
f 6596/3736/1453 6602/3738/1453 6590/3738/1453 6586/3736/1453
f 6589/3737/1452 6593/3739/1452 6591/3738/1452 6587/3736/1452
f 6597/3737/1450 6603/3739/1450 6593/3739/1450 6589/3737/1450
f 6588/3737/1450 6592/3739/1450 6605/3739/1450 6599/3737/1450
f 6599/3737/1450 6605/3739/1450 6604/3739/1450 6598/3737/1450
f 6598/3737/1450 6604/3739/1450 6603/3739/1450 6597/3737/1450
f 6587/3736/1453 6591/3738/1453 6600/3738/1453 6594/3736/1453
f 6594/3736/1453 6600/3738/1453 6601/3738/1453 6595/3736/1453
f 6595/3736/1453 6601/3738/1453 6602/3738/1453 6596/3736/1453
f 6591/3738/1440 6593/3739/1440 6603/3739/1440 6600/3738/1440
f 6600/3738/1440 6603/3739/1440 6604/3739/1440 6601/3738/1440
f 6601/3738/1440 6604/3739/1440 6605/3739/1440 6602/3738/1440
f 6587/3736/1430 6594/3736/1430 6597/3737/1430 6589/3737/1430
f 6594/3736/1430 6595/3736/1430 6598/3737/1430 6597/3737/1430
f 6595/3736/1430 6596/3736/1430 6599/3737/1430 6598/3737/1430
f 6610/3740/1430 6606/3740/1430 6607/3741/1430 6613/3741/1430
f 6608/3740/1430 6609/3740/1430 6612/3741/1430 6611/3741/1430
f 6614/3740/1430 6616/3740/1430 6619/3741/1430 6615/3741/1430
f 6617/3740/1430 6618/3740/1430 6621/3741/1430 6620/3741/1430
f 6622/3742/1440 6624/3743/1440 6625/3743/1440 6623/3742/1440
f 6626/3742/1440 6628/3743/1440 6629/3743/1440 6627/3742/1440
f 6631/3742/1440 6630/3743/1440 6635/3743/1440 6632/3742/1440
f 6633/3742/1440 6636/3743/1440 6637/3743/1440 6634/3742/1440
f 6619/3741/1450 6635/3743/1450 6630/3743/1450 6615/3741/1450
f 6612/3741/1450 6629/3743/1450 6628/3743/1450 6611/3741/1450
f 6621/3741/1450 6637/3743/1450 6636/3743/1450 6620/3741/1450
f 6611/3741/1452 6628/3743/1452 6626/3742/1452 6608/3740/1452
f 6616/3740/1451 6632/3742/1451 6635/3743/1451 6619/3741/1451
f 6609/3740/1451 6627/3742/1451 6629/3743/1451 6612/3741/1451
f 6620/3741/1452 6636/3743/1452 6633/3742/1452 6617/3740/1452
f 6613/3741/1452 6624/3743/1452 6622/3742/1452 6610/3740/1452
f 6610/3740/1453 6622/3742/1453 6623/3742/1453 6606/3740/1453
f 6618/3740/1451 6634/3742/1451 6637/3743/1451 6621/3741/1451
f 6615/3741/1452 6630/3743/1452 6631/3742/1452 6614/3740/1452
f 6607/3741/1450 6625/3743/1450 6624/3743/1450 6613/3741/1450
f 6614/3740/1453 6631/3742/1453 6632/3742/1453 6616/3740/1453
f 6606/3740/1451 6623/3742/1451 6625/3743/1451 6607/3741/1451
f 6617/3740/1453 6633/3742/1453 6634/3742/1453 6618/3740/1453
f 6608/3740/1453 6626/3742/1453 6627/3742/1453 6609/3740/1453
f 2056/1481/1430 2055/1486/1430 2054/1480/1430
f 2054/1480/1430 2061/1490/1430 2056/1481/1430
f 2061/1490/1430 2060/1479/1430 2056/1481/1430
f 2060/1479/1430 2059/1490/1430 2058/1480/1430
f 2058/1480/1430 2057/1486/1430 2056/1481/1430
f 2079/1497/1440 2078/1500/1440 2082/1497/1440
f 2078/1500/1440 2080/1502/1440 2082/1497/1440
f 2080/1502/1440 2081/1500/1441 2082/1497/1440
f 2082/1497/1440 2083/1485/1656 2084/1484/1441
f 2084/1484/1441 2085/1485/1440 2082/1497/1440
f 2088/1505/1430 2087/1510/1625 2086/1504/1430
f 2086/1504/1430 2093/1514/1430 2088/1505/1430
f 2093/1514/1430 2092/1503/1430 2088/1505/1430
f 2092/1503/1430 2091/1514/1681 2090/1504/1430
f 2090/1504/1430 2089/1510/1625 2088/1505/1430
f 2111/1521/1440 2110/1524/1440 2114/1521/1440
f 2110/1524/1440 2112/1526/1440 2114/1521/1440
f 2112/1526/1440 2113/1524/1440 2114/1521/1440
f 2114/1521/1440 2115/1509/1440 2116/1508/1440
f 2116/1508/1440 2117/1509/1440 2114/1521/1440
f 2120/1505/1430 2119/1510/1430 2118/1504/1430
f 2118/1504/1430 2125/1514/1430 2120/1505/1430
f 2125/1514/1430 2124/1503/1430 2120/1505/1430
f 2124/1503/1430 2123/1514/1681 2122/1504/1430
f 2122/1504/1430 2121/1510/1625 2120/1505/1430
f 2143/1521/1440 2142/1524/1656 2146/1521/1440
f 2142/1524/1656 2144/1526/1440 2146/1521/1440
f 2144/1526/1440 2145/1524/1440 2146/1521/1440
f 2146/1521/1440 2147/1509/1440 2148/1508/1440
f 2148/1508/1440 2149/1509/1440 2146/1521/1440
f 2269/1589/1453 2268/1588/1453 2303/1589/1453
f 2268/1588/1453 2277/1588/1453 2303/1589/1453
f 2329/1588/1450 2322/1588/1450 2349/1589/1450
f 2322/1588/1450 2323/1589/1450 2349/1589/1450
f 5758/3387/1430 5757/3387/1430 5756/3386/1430
f 5756/3386/1430 5761/3390/1430 5760/3390/1430
f 5760/3390/1430 5759/3386/1430 5756/3386/1430
f 5775/3395/1440 5774/3396/1440 5776/3396/1440
f 5776/3396/1440 5777/3395/1440 5775/3395/1440
f 5777/3395/1440 5778/3389/1440 5775/3395/1440
f 5782/3398/1430 5781/3398/1430 5780/3397/1430
f 5780/3397/1430 5785/3401/1430 5784/3401/1430
f 5784/3401/1430 5783/3397/1430 5780/3397/1430
f 5799/3406/1440 5798/3407/1440 5800/3407/1440
f 5800/3407/1440 5801/3406/1440 5799/3406/1440
f 5801/3406/1440 5802/3400/1440 5799/3406/1440
f 5806/3409/1430 5805/3409/1430 5804/3408/1430
f 5804/3408/1430 5809/3412/1430 5808/3412/1430
f 5808/3412/1430 5807/3408/1430 5804/3408/1430
f 5823/3417/1440 5822/3418/1440 5824/3418/1440
f 5824/3418/1440 5825/3417/1440 5823/3417/1440
f 5825/3417/1440 5826/3411/1440 5823/3417/1440
f 6210/3582/1430 6209/3582/1430 6208/3581/1430
f 6208/3581/1430 6213/3585/1430 6212/3585/1430
f 6212/3585/1430 6211/3581/1430 6208/3581/1430
f 6227/3591/1440 6226/3594/1440 6230/3584/1440
f 6226/3594/1440 6228/3594/1440 6230/3584/1440
f 6228/3594/1440 6229/3591/1440 6230/3584/1440
f 6234/3596/1430 6233/3596/1430 6232/3595/1430
f 6232/3595/1430 6237/3599/1430 6236/3599/1430
f 6236/3599/1430 6235/3595/1430 6232/3595/1430
f 6251/3605/1440 6250/3608/1440 6254/3598/1440
f 6250/3608/1440 6252/3608/1440 6254/3598/1440
f 6252/3608/1440 6253/3605/1440 6254/3598/1440
f 6258/3610/1430 6257/3610/1430 6256/3609/1430
f 6256/3609/1430 6261/3613/1430 6260/3613/1430
f 6260/3613/1430 6259/3609/1430 6256/3609/1430
f 6275/3618/1440 6274/3621/1440 6278/3612/1440
f 6274/3621/1440 6276/3621/1440 6278/3612/1440
f 6276/3621/1440 6277/3618/1440 6278/3612/1440
f 6282/3624/1430 6281/3629/1430 6280/3623/1430
f 6280/3623/1430 6287/3633/1430 6282/3624/1430
f 6287/3633/1430 6286/3622/1430 6282/3624/1430
f 6286/3622/1430 6285/3633/1430 6284/3623/1430
f 6284/3623/1430 6283/3629/1625 6282/3624/1430
f 6305/3639/1440 6304/3640/1656 6306/3638/1440
f 6306/3638/1440 6307/3640/1440 6308/3639/1440
f 6308/3639/1440 6309/3628/1440 6310/3627/1440
f 6310/3627/1440 6311/3628/1440 6305/3639/1440
f 6305/3639/1440 6306/3638/1440 6310/3627/1440
f 6314/3643/1430 6313/3643/1430 6316/3641/1430
f 6313/3643/1430 6312/3642/1430 6316/3641/1430
f 6312/3642/1430 6317/3641/1430 6316/3641/1430
f 6331/3651/1440 6330/3654/1440 6334/3645/1440
f 6330/3654/1440 6332/3654/1440 6334/3645/1440
f 6332/3654/1440 6333/3651/1440 6334/3645/1440
f 6336/3642/1430 6337/3643/1430 6340/3641/1430
f 6337/3643/1430 6338/3643/1430 6340/3641/1430
f 6338/3643/1430 6339/3642/1430 6340/3641/1430
f 6356/3654/1440 6354/3654/1440 6358/3645/1440
f 6354/3654/1440 6355/3651/1440 6358/3645/1440
f 6355/3651/1440 6359/3645/1440 6358/3645/1440
f 6362/3656/1430 6361/3655/1430 6360/3665/1430
f 6360/3665/1430 6367/3662/1430 6362/3656/1430
f 6367/3662/1430 6366/3657/1430 6362/3656/1430
f 6366/3657/1430 6365/3662/1430 6364/3665/1430
f 6364/3665/1430 6363/3655/1430 6366/3657/1430
f 6385/3674/1440 6384/3678/1441 6386/3673/1440
f 6386/3673/1440 6387/3678/1440 6388/3674/1440
f 6388/3674/1440 6389/3660/1440 6390/3661/1440
f 6390/3661/1440 6391/3660/1440 6385/3674/1440
f 6385/3674/1440 6386/3673/1440 6390/3661/1440
f 6640/3744/1440 6638/3745/1440 6639/3745/1440 6641/3744/1440
f 6644/3746/1430 6645/3746/1430 6643/3747/1430 6642/3747/1430
f 6638/3745/1450 6642/3747/1450 6643/3747/1450 6639/3745/1450
f 6640/3744/1452 6644/3746/1452 6642/3747/1452 6638/3745/1452
f 6641/3744/1453 6645/3746/1453 6644/3746/1453 6640/3744/1453
f 6639/3745/1451 6643/3747/1451 6645/3746/1451 6641/3744/1451
f 6648/3748/1440 6646/3749/1440 6647/3749/1440 6649/3748/1440
f 6650/3749/1440 6651/3749/1440 6653/3748/1440 6652/3748/1440
f 6656/3750/1430 6657/3750/1430 6655/3751/1430 6654/3751/1430
f 6658/3751/1430 6660/3750/1430 6661/3750/1430 6659/3751/1430
f 6651/3749/1451 6659/3751/1451 6661/3750/1451 6653/3748/1451
f 6648/3748/1453 6649/3748/1453 6657/3750/1453 6656/3750/1453
f 6649/3748/1451 6647/3749/1451 6655/3751/1451 6657/3750/1451
f 6650/3749/1450 6658/3751/1450 6659/3751/1450 6651/3749/1450
f 6652/3748/1452 6660/3750/1452 6658/3751/1452 6650/3749/1452
f 6647/3749/1450 6646/3749/1450 6654/3751/1450 6655/3751/1450
f 6646/3749/1452 6648/3748/1452 6656/3750/1452 6654/3751/1452
f 6653/3748/1453 6661/3750/1453 6660/3750/1453 6652/3748/1453
f 6664/3752/1440 6665/3752/1440 6663/3753/1440 6662/3753/1440
f 6668/3754/1440 6669/3754/1440 6667/3755/1440 6666/3755/1440
f 6672/3756/1430 6670/3757/1430 6671/3757/1430 6673/3756/1430
f 6676/3758/1430 6674/3759/1430 6675/3759/1430 6677/3758/1430
f 6663/3753/1453 6671/3757/1453 6670/3757/1453 6662/3753/1453
f 6662/3753/1452 6670/3757/1452 6672/3756/1452 6664/3752/1452
f 6668/3754/1450 6676/3758/1450 6677/3758/1450 6669/3754/1450
f 6669/3754/1451 6677/3758/1451 6675/3759/1451 6667/3755/1451
f 6664/3752/1450 6672/3756/1450 6673/3756/1450 6665/3752/1450
f 6665/3752/1451 6673/3756/1451 6671/3757/1451 6663/3753/1451
f 6667/3755/1453 6675/3759/1453 6674/3759/1453 6666/3755/1453
f 6666/3755/1452 6674/3759/1452 6676/3758/1452 6668/3754/1452
f 6680/3760/1440 6678/3761/1440 6679/3761/1440 6681/3760/1440
f 6684/3762/1430 6685/3762/1430 6683/3763/1430 6682/3763/1430
f 6679/3761/1450 6678/3761/1450 6682/3763/1450 6683/3763/1450
f 6678/3761/1452 6680/3760/1452 6684/3762/1452 6682/3763/1452
f 6680/3760/1453 6681/3760/1453 6685/3762/1453 6684/3762/1453
f 6681/3760/1451 6679/3761/1451 6683/3763/1451 6685/3762/1451
f 6688/3764/1440 6689/3764/1440 6687/3765/1440 6686/3765/1440
f 6692/3766/1430 6690/3767/1430 6691/3767/1430 6693/3766/1430
f 6687/3765/1453 6691/3767/1453 6690/3767/1453 6686/3765/1453
f 6686/3765/1452 6690/3767/1452 6692/3766/1452 6688/3764/1452
f 6688/3764/1450 6692/3766/1450 6693/3766/1450 6689/3764/1450
f 6689/3764/1451 6693/3766/1451 6691/3767/1451 6687/3765/1451
f 6694/3768/1440 6695/3768/1440 6696/3769/1440 6697/3769/1440
f 6698/3770/1430 6701/3771/1430 6700/3771/1430 6699/3770/1430
f 6697/3769/1451 6701/3771/1451 6698/3770/1451 6694/3768/1451
f 6695/3768/1452 6699/3770/1452 6700/3771/1452 6696/3769/1452
f 6696/3769/1450 6700/3771/1450 6701/3771/1450 6697/3769/1450
f 6694/3768/1453 6698/3770/1453 6699/3770/1453 6695/3768/1453
f 6702/3768/1440 6703/3768/1440 6704/3769/1440 6705/3769/1440
f 6706/3772/1440 6707/3772/1440 6708/3773/1440 6709/3773/1440
f 6710/3770/1430 6713/3771/1430 6712/3771/1430 6711/3770/1430
f 6714/3774/1430 6717/3775/1430 6716/3775/1430 6715/3774/1430
f 6709/3773/1451 6717/3775/1451 6714/3774/1451 6706/3772/1451
f 6707/3772/1452 6715/3774/1452 6716/3775/1452 6708/3773/1452
f 6705/3769/1451 6713/3771/1451 6710/3770/1451 6702/3768/1451
f 6703/3768/1452 6711/3770/1452 6712/3771/1452 6704/3769/1452
f 6708/3773/1450 6716/3775/1450 6717/3775/1450 6709/3773/1450
f 6706/3772/1453 6714/3774/1453 6715/3774/1453 6707/3772/1453
f 6704/3769/1450 6712/3771/1450 6713/3771/1450 6705/3769/1450
f 6702/3768/1453 6710/3770/1453 6711/3770/1453 6703/3768/1453
f 6718/3768/1440 6719/3768/1440 6720/3769/1440 6721/3769/1440
f 6722/3772/1440 6723/3772/1440 6724/3773/1440 6725/3773/1440
f 6726/3770/1430 6729/3771/1430 6728/3771/1430 6727/3770/1430
f 6730/3774/1430 6733/3775/1430 6732/3775/1430 6731/3774/1430
f 6725/3773/1451 6733/3775/1451 6730/3774/1451 6722/3772/1451
f 6723/3772/1452 6731/3774/1452 6732/3775/1452 6724/3773/1452
f 6721/3769/1451 6729/3771/1451 6726/3770/1451 6718/3768/1451
f 6719/3768/1452 6727/3770/1452 6728/3771/1452 6720/3769/1452
f 6724/3773/1450 6732/3775/1450 6733/3775/1450 6725/3773/1450
f 6722/3772/1453 6730/3774/1453 6731/3774/1453 6723/3772/1453
f 6720/3769/1450 6728/3771/1450 6729/3771/1450 6721/3769/1450
f 6718/3768/1453 6726/3770/1453 6727/3770/1453 6719/3768/1453
f 6734/3768/1440 6735/3768/1440 6736/3769/1440 6737/3769/1440
f 6738/3772/1440 6739/3772/1440 6740/3773/1440 6741/3773/1440
f 6742/3770/1430 6745/3771/1430 6744/3771/1430 6743/3770/1430
f 6746/3774/1430 6749/3775/1430 6748/3775/1430 6747/3774/1430
f 6741/3773/1451 6749/3775/1451 6746/3774/1451 6738/3772/1451
f 6739/3772/1452 6747/3774/1452 6748/3775/1452 6740/3773/1452
f 6737/3769/1451 6745/3771/1451 6742/3770/1451 6734/3768/1451
f 6735/3768/1452 6743/3770/1452 6744/3771/1452 6736/3769/1452
f 6740/3773/1450 6748/3775/1450 6749/3775/1450 6741/3773/1450
f 6738/3772/1453 6746/3774/1453 6747/3774/1453 6739/3772/1453
f 6736/3769/1450 6744/3771/1450 6745/3771/1450 6737/3769/1450
f 6734/3768/1453 6742/3770/1453 6743/3770/1453 6735/3768/1453
f 6750/3768/1440 6751/3768/1440 6752/3769/1440 6753/3769/1440
f 6754/3772/1440 6755/3772/1440 6756/3773/1440 6757/3773/1440
f 6758/3770/1430 6761/3771/1430 6760/3771/1430 6759/3770/1430
f 6762/3774/1430 6765/3775/1430 6764/3775/1430 6763/3774/1430
f 6757/3773/1451 6765/3775/1451 6762/3774/1451 6754/3772/1451
f 6755/3772/1452 6763/3774/1452 6764/3775/1452 6756/3773/1452
f 6753/3769/1451 6761/3771/1451 6758/3770/1451 6750/3768/1451
f 6751/3768/1452 6759/3770/1452 6760/3771/1452 6752/3769/1452
f 6756/3773/1450 6764/3775/1450 6765/3775/1450 6757/3773/1450
f 6754/3772/1453 6762/3774/1453 6763/3774/1453 6755/3772/1453
f 6752/3769/1450 6760/3771/1450 6761/3771/1450 6753/3769/1450
f 6750/3768/1453 6758/3770/1453 6759/3770/1453 6751/3768/1453
f 6766/3776/1440 6767/3776/1440 6769/3776/1440 6768/3776/1440
f 6770/3776/1430 6771/3776/1430 6773/3776/1430 6772/3776/1430
f 6768/3776/1452 6771/3776/1452 6770/3776/1452 6766/3776/1452
f 6769/3776/1453 6773/3776/1453 6771/3776/1453 6768/3776/1453
f 6767/3776/1451 6772/3776/1451 6773/3776/1451 6769/3776/1451
f 6766/3776/1450 6770/3776/1450 6772/3776/1450 6767/3776/1450
f 6774/3776/1440 6775/3776/1440 6777/3776/1440 6776/3776/1440
f 6778/3776/1430 6779/3776/1430 6781/3776/1430 6780/3776/1430
f 6776/3776/1452 6779/3776/1452 6778/3776/1452 6774/3776/1452
f 6777/3776/1453 6781/3776/1453 6779/3776/1453 6776/3776/1453
f 6775/3776/1451 6780/3776/1451 6781/3776/1451 6777/3776/1451
f 6774/3776/1450 6778/3776/1450 6780/3776/1450 6775/3776/1450
f 6782/3776/1440 6783/3776/1440 6785/3776/1440 6784/3776/1440
f 6786/3776/1430 6787/3776/1430 6789/3776/1430 6788/3776/1430
f 6784/3776/1452 6787/3776/1452 6786/3776/1452 6782/3776/1452
f 6785/3776/1453 6789/3776/1453 6787/3776/1453 6784/3776/1453
f 6783/3776/1451 6788/3776/1451 6789/3776/1451 6785/3776/1451
f 6782/3776/1450 6786/3776/1450 6788/3776/1450 6783/3776/1450
f 6790/3776/1440 6791/3776/1440 6793/3776/1440 6792/3776/1440
f 6794/3776/1430 6795/3776/1430 6797/3776/1430 6796/3776/1430
f 6792/3776/1452 6795/3776/1452 6794/3776/1452 6790/3776/1452
f 6793/3776/1453 6797/3776/1453 6795/3776/1453 6792/3776/1453
f 6791/3776/1451 6796/3776/1451 6797/3776/1451 6793/3776/1451
f 6790/3776/1450 6794/3776/1450 6796/3776/1450 6791/3776/1450
f 6798/3776/1440 6799/3776/1440 6801/3776/1440 6800/3776/1440
f 6802/3776/1430 6803/3776/1430 6805/3776/1430 6804/3776/1430
f 6800/3776/1452 6803/3776/1452 6802/3776/1452 6798/3776/1452
f 6801/3776/1453 6805/3776/1453 6803/3776/1453 6800/3776/1453
f 6799/3776/1451 6804/3776/1451 6805/3776/1451 6801/3776/1451
f 6798/3776/1450 6802/3776/1450 6804/3776/1450 6799/3776/1450
f 6813/3777/1682 6810/3777/1682 6806/3777/1682 6811/3777/1682
f 6808/3777/1682 6812/3777/1682 6813/3777/1682 6809/3777/1682
f 6809/3777/1682 6813/3777/1682 6811/3777/1682 6807/3777/1682
f 6818/3777/1682 6816/3777/1682 6814/3777/1682 6815/3777/1682
f 6808/3777/1682 6809/3777/1682 6818/3777/1682 6817/3777/1682
f 6809/3777/1682 6807/3777/1682 6816/3777/1682 6818/3777/1682
f 6853/3778/1679 6850/3778/1679 6819/3778/1679 6823/3778/1679
f 6821/3777/1679 6844/3777/1679 6843/3777/1679 6825/3777/1679
f 6854/3778/1679 6855/3778/1679 6850/3778/1679 6853/3778/1679
f 6859/3778/1679 6828/3778/1679 6827/3778/1679 6856/3778/1679
f 6821/3777/1679 6830/3777/1679 6849/3777/1679 6844/3777/1679
f 6854/3778/1679 6859/3778/1679 6856/3778/1679 6855/3778/1679
f 6806/3777/1683 6841/3777/1683 6840/3777/1683 6811/3777/1683
f 6813/3777/1684 6843/3777/1684 6842/3777/1684 6810/3777/1684
f 6807/3777/1683 6820/3777/1683 6846/3777/1683 6816/3777/1683
f 6817/3777/1684 6830/3777/1684 6821/3777/1684 6808/3777/1684
f 6808/3777/1684 6821/3777/1684 6825/3777/1684 6812/3777/1684
f 6812/3777/1453 6825/3777/1453 6843/3777/1453 6813/3777/1453
f 6815/3777/1684 6848/3777/1684 6849/3777/1684 6818/3777/1684
f 6814/3777/1450 6847/3777/1450 6848/3777/1450 6815/3777/1450
f 6818/3777/1450 6849/3777/1450 6830/3777/1450 6817/3777/1450
f 6811/3777/1683 6840/3777/1683 6820/3777/1683 6807/3777/1683
f 6810/3777/1453 6842/3777/1453 6841/3777/1453 6806/3777/1453
f 6816/3777/1683 6846/3777/1683 6847/3777/1683 6814/3777/1683
f 6833/3777/1685 6834/3777/1685 6835/3777/1685 6836/3777/1685 6837/3777/1685 6838/3777/1685 6839/3777/1685 6832/3777/1685
f 6824/3777/1679 6840/3777/1679 6841/3777/1679 6851/3777/1679
f 6851/3777/1679 6841/3777/1679 6842/3777/1679 6852/3777/1679
f 6826/3777/1679 6843/3777/1679 6844/3777/1679 6822/3777/1679
f 6845/3777/1679 6820/3777/1679 6840/3777/1679 6824/3777/1679
f 6852/3777/1679 6842/3777/1679 6843/3777/1679 6826/3777/1679
f 6857/3777/1679 6847/3777/1679 6846/3777/1679 6829/3777/1679
f 6858/3777/1679 6848/3777/1679 6847/3777/1679 6857/3777/1679
f 6822/3777/1679 6844/3777/1679 6849/3777/1679 6831/3777/1679
f 6829/3777/1679 6846/3777/1679 6820/3777/1679 6845/3777/1679
f 6831/3777/1679 6849/3777/1679 6848/3777/1679 6858/3777/1679
f 6850/3777/1684 6870/3777/1684 6871/3777/1684 6819/3777/1684
f 6829/3777/1683 6866/3777/1683 6867/3777/1683 6857/3777/1683
f 6854/3777/1683 6874/3777/1683 6879/3777/1683 6859/3777/1683
f 6826/3777/1684 6863/3777/1684 6862/3777/1684 6852/3777/1684
f 6828/3777/1453 6878/3777/1453 6877/3777/1453 6827/3777/1453
f 6824/3777/1683 6860/3777/1683 6865/3777/1683 6845/3777/1683
f 6827/3777/1684 6877/3777/1684 6876/3777/1684 6856/3777/1684
f 6822/3777/1684 6864/3777/1684 6863/3777/1684 6826/3777/1684
f 6823/3777/1683 6872/3777/1683 6873/3777/1683 6853/3777/1683
f 6858/3777/1684 6868/3777/1684 6869/3777/1684 6831/3777/1684
f 6870/3777/1686 6860/3777/1686 6861/3777/1687 6871/3777/1687
f 6871/3777/1687 6861/3777/1687 6862/3777/1688 6872/3777/1688
f 6873/3777/1689 6863/3777/1689 6864/3777/1689 6874/3777/1689
f 6875/3777/1686 6865/3777/1686 6860/3777/1686 6870/3777/1686
f 6872/3777/1688 6862/3777/1688 6863/3777/1689 6873/3777/1689
f 6877/3777/1690 6867/3777/1690 6866/3777/1686 6876/3777/1686
f 6878/3777/1691 6868/3777/1691 6867/3777/1690 6877/3777/1690
f 6874/3777/1689 6864/3777/1689 6869/3777/1689 6879/3777/1689
f 6876/3777/1686 6866/3777/1686 6865/3777/1686 6875/3777/1686
f 6879/3777/1689 6869/3777/1689 6868/3777/1691 6878/3777/1691
f 6856/3777/1684 6876/3777/1684 6875/3777/1684 6855/3777/1684
f 6857/3777/1450 6867/3777/1450 6868/3777/1450 6858/3777/1450
f 6819/3777/1450 6871/3777/1450 6872/3777/1450 6823/3777/1450
f 6859/3777/1683 6879/3777/1683 6878/3777/1683 6828/3777/1683
f 6831/3777/1684 6869/3777/1684 6864/3777/1684 6822/3777/1684
f 6853/3777/1683 6873/3777/1683 6874/3777/1683 6854/3777/1683
f 6851/3777/1683 6861/3777/1683 6860/3777/1683 6824/3777/1683
f 6845/3777/1683 6865/3777/1683 6866/3777/1683 6829/3777/1683
f 6855/3777/1684 6875/3777/1684 6870/3777/1684 6850/3777/1684
f 6852/3777/1453 6862/3777/1453 6861/3777/1453 6851/3777/1453
f 6882/3776/1440 6883/3776/1440 6880/3776/1440 6881/3776/1440
f 6886/3776/1430 6885/3776/1430 6884/3776/1430 6887/3776/1430
f 6882/3776/1452 6881/3776/1452 6885/3776/1452 6886/3776/1452
f 6883/3776/1450 6882/3776/1450 6886/3776/1450 6887/3776/1450
f 6881/3776/1453 6880/3776/1453 6884/3776/1453 6885/3776/1453
f 6880/3776/1451 6883/3776/1451 6887/3776/1451 6884/3776/1451
f 6889/3779/1430 6888/3779/1430 6899/3779/1430 6898/3779/1430 6897/3779/1430 6896/3779/1430 6895/3779/1430 6894/3779/1430 6893/3779/1430 6892/3779/1430 6891/3779/1430 6890/3779/1430
f 6905/3779/1692 6906/3779/1692 6930/3779/1692 6929/3779/1692
f 6888/3779/1693 6889/3779/1693 6912/3779/1693 6913/3779/1693
f 6895/3779/1694 6896/3779/1694 6920/3779/1694 6919/3779/1694
f 6892/3779/1695 6893/3779/1695 6917/3779/1695 6916/3779/1695
f 6899/3779/1692 6888/3779/1692 6913/3779/1692 6923/3779/1692
f 6889/3779/1696 6890/3779/1696 6914/3779/1696 6912/3779/1696
f 6896/3779/1697 6897/3779/1697 6921/3779/1697 6920/3779/1697
f 6893/3779/1698 6894/3779/1698 6918/3779/1698 6917/3779/1698
f 6890/3779/1699 6891/3779/1699 6915/3779/1699 6914/3779/1699
f 6897/3779/1700 6898/3779/1700 6922/3779/1700 6921/3779/1700
f 6894/3779/1701 6895/3779/1701 6919/3779/1701 6918/3779/1701
f 6891/3779/1702 6892/3779/1702 6916/3779/1702 6915/3779/1702
f 6898/3779/1703 6899/3779/1703 6923/3779/1703 6922/3779/1703
f 6901/3779/1440 6900/3779/1440 6913/3779/1440 6912/3779/1440
f 6902/3779/1440 6901/3779/1440 6912/3779/1440 6914/3779/1440
f 6903/3779/1440 6902/3779/1440 6914/3779/1440 6915/3779/1440
f 6904/3779/1440 6903/3779/1440 6915/3779/1440 6916/3779/1440
f 6905/3779/1440 6904/3779/1440 6916/3779/1440 6917/3779/1440
f 6906/3779/1440 6905/3779/1440 6917/3779/1440 6918/3779/1440
f 6907/3779/1440 6906/3779/1440 6918/3779/1440 6919/3779/1440
f 6908/3779/1440 6907/3779/1440 6919/3779/1440 6920/3779/1440
f 6909/3779/1440 6908/3779/1440 6920/3779/1440 6921/3779/1440
f 6910/3779/1440 6909/3779/1440 6921/3779/1440 6922/3779/1440
f 6911/3779/1440 6910/3779/1440 6922/3779/1440 6923/3779/1440
f 6900/3779/1440 6911/3779/1440 6923/3779/1440 6913/3779/1440
f 6925/3780/1440 6926/3780/1440 6927/3780/1440 6928/3780/1440 6929/3780/1440 6930/3780/1440 6931/3780/1440 6932/3780/1440 6933/3780/1440 6934/3780/1440 6935/3780/1440 6924/3780/1440
f 6902/3779/1697 6903/3779/1697 6927/3779/1697 6926/3779/1697
f 6909/3779/1702 6910/3779/1702 6934/3779/1702 6933/3779/1702
f 6906/3779/1693 6907/3779/1693 6931/3779/1693 6930/3779/1693
f 6903/3779/1700 6904/3779/1700 6928/3779/1700 6927/3779/1700
f 6910/3779/1695 6911/3779/1695 6935/3779/1695 6934/3779/1695
f 6900/3779/1701 6901/3779/1701 6925/3779/1701 6924/3779/1701
f 6907/3779/1696 6908/3779/1696 6932/3779/1696 6931/3779/1696
f 6904/3779/1703 6905/3779/1703 6929/3779/1703 6928/3779/1703
f 6911/3779/1698 6900/3779/1698 6924/3779/1698 6935/3779/1698
f 6901/3779/1694 6902/3779/1694 6926/3779/1694 6925/3779/1694
f 6908/3779/1699 6909/3779/1699 6933/3779/1699 6932/3779/1699
f 6943/3781/1440 6940/3781/1440 6941/3781/1440 6942/3781/1440
f 6939/3781/1440 6936/3781/1440 6937/3781/1440 6938/3781/1440
f 6944/3781/1430 6947/3781/1430 6946/3781/1430 6945/3781/1430
f 6948/3781/1430 6951/3781/1430 6950/3781/1430 6949/3781/1430
f 6936/3781/1453 6949/3781/1453 6950/3781/1453 6937/3781/1453
f 6941/3781/1452 6946/3781/1452 6947/3781/1452 6942/3781/1452
f 6937/3781/1452 6950/3781/1452 6951/3781/1452 6938/3781/1452
f 6942/3781/1450 6947/3781/1450 6944/3781/1450 6943/3781/1450
f 6943/3781/1451 6944/3781/1451 6945/3781/1451 6940/3781/1451
f 6938/3781/1450 6951/3781/1450 6948/3781/1450 6939/3781/1450
f 6939/3781/1451 6948/3781/1451 6949/3781/1451 6936/3781/1451
f 6940/3781/1453 6945/3781/1453 6946/3781/1453 6941/3781/1453
f 6953/3781/1440 6952/3781/1440 6955/3781/1440 6954/3781/1440
f 6956/3781/1430 6959/3781/1430 6958/3781/1430 6957/3781/1430
f 6953/3781/1450 6956/3781/1450 6957/3781/1450 6952/3781/1450
f 6954/3781/1452 6959/3781/1452 6956/3781/1452 6953/3781/1452
f 6952/3781/1451 6957/3781/1451 6958/3781/1451 6955/3781/1451
f 6955/3781/1453 6958/3781/1453 6959/3781/1453 6954/3781/1453
f 6963/3781/1440 6962/3781/1440 6961/3781/1440 6960/3781/1440
f 6964/3781/1430 6965/3781/1430 6966/3781/1430 6967/3781/1430
f 6960/3781/1450 6961/3781/1450 6966/3781/1450 6965/3781/1450
f 6961/3781/1452 6962/3781/1452 6967/3781/1452 6966/3781/1452
f 6962/3781/1453 6963/3781/1453 6964/3781/1453 6967/3781/1453
f 6963/3781/1451 6960/3781/1451 6965/3781/1451 6964/3781/1451
f 6969/3781/1440 6970/3781/1440 6971/3781/1440 6968/3781/1440
f 6972/3781/1430 6973/3781/1430 6974/3781/1430 6975/3781/1430
f 6970/3781/1452 6969/3781/1452 6972/3781/1452 6975/3781/1452
f 6968/3781/1451 6971/3781/1451 6974/3781/1451 6973/3781/1451
f 6971/3781/1450 6970/3781/1450 6975/3781/1450 6974/3781/1450
f 6969/3781/1453 6968/3781/1453 6973/3781/1453 6972/3781/1453
o cockpit.002
v 0.293416 0.566663 5.199532
v 0.293416 0.655010 5.199532
v 0.293416 0.566663 4.996358
v 0.293416 0.655010 4.996358
v 0.414933 0.566663 5.199532
v 0.414933 0.655010 5.199532
v 0.414933 0.566663 4.996358
v 0.414933 0.655010 4.996358
v 0.390630 0.566663 4.996358
v 0.377094 0.566663 4.996358
v 0.331255 0.566663 4.996358
v 0.317719 0.566663 4.996358
v 0.317719 0.655010 4.996358
v 0.331255 0.655010 4.996358
v 0.377094 0.655010 4.996358
v 0.390630 0.655010 4.996358
v 0.317719 0.566663 5.199532
v 0.331255 0.566663 5.199532
v 0.377094 0.566663 5.199532
v 0.390630 0.566663 5.199532
v 0.390630 0.655010 5.199532
v 0.377094 0.655010 5.199532
v 0.331255 0.655010 5.199532
v 0.317719 0.655010 5.199532
v 0.293416 0.566663 5.011289
v 0.293416 0.566663 5.184601
v 0.293416 0.655010 5.184601
v 0.293416 0.655010 5.011289
v 0.414933 0.566663 5.184601
v 0.414933 0.566663 5.011289
v 0.414933 0.655010 5.011289
v 0.414933 0.655010 5.184601
v 0.390630 0.655010 5.011289
v 0.390630 0.655010 5.184601
v 0.373927 0.655010 5.014455
v 0.373927 0.655010 5.181435
v 0.334421 0.655010 5.014455
v 0.334421 0.655010 5.181435
v 0.317719 0.655010 5.011289
v 0.317719 0.655010 5.184601
v 0.317719 0.566663 5.011289
v 0.317719 0.566663 5.184601
v 0.331255 0.566663 5.011289
v 0.331255 0.566663 5.184601
v 0.377094 0.566663 5.011289
v 0.377094 0.566663 5.184601
v 0.390630 0.566663 5.011289
v 0.390630 0.566663 5.184601
v 0.390630 0.647319 5.011289
v 0.390630 0.647319 5.184601
v 0.377094 0.647319 5.011289
v 0.377094 0.647319 5.184601
v 0.331255 0.647319 5.011289
v 0.331255 0.647319 5.184601
v 0.317719 0.647319 5.011289
v 0.317719 0.647319 5.184601
v 0.377094 0.655010 5.011289
v 0.377094 0.655010 5.184601
v 0.331255 0.655010 5.011289
v 0.331255 0.655010 5.184601
vn -1.0000 -0.0000 -0.0000
vn -0.0000 -0.0000 -1.0000
vn 1.0000 -0.0000 -0.0000
vn -0.0000 -0.0000 1.0000
vn -0.0000 -1.0000 -0.0000
vn -0.0000 1.0000 -0.0000
vt 0.078715 0.974760
vt 0.078715 0.978171
vt 0.074962 0.974760
vt 0.074962 0.978171
vt 0.074023 0.978171
vt 0.074023 0.974760
vt 0.077777 0.974760
vt 0.077777 0.978171
vt 0.075900 0.978171
vt 0.076838 0.978171
vt 0.076838 0.974760
vt 0.075900 0.974760
vt 0.077777 0.977874
vt 0.076838 0.977874
vt 0.075900 0.977874
vt 0.074962 0.977874
vt 0.024547 0.975721
vt 0.025485 0.975721
vt 0.022670 0.975721
vt 0.023608 0.975721
vt 0.075965 0.978171
vt 0.076773 0.978171
s 1
usemtl マテリアル.002
f 7000/3782/1704 7003/3783/1704 6979/3783/1704 6978/3782/1704
f 6984/3784/1705 6991/3785/1705 6983/3786/1705 6982/3787/1705
f 7004/3787/1706 7007/3786/1706 6981/3786/1706 6980/3787/1706
f 6992/3788/1707 6999/3789/1707 6977/3783/1707 6976/3782/1707
f 7023/3784/1708 7004/3787/1708 6980/3787/1708 6995/3784/1708
f 7015/3789/1709 7002/3783/1709 6977/3783/1709 6999/3789/1709
f 7007/3786/1709 7009/3785/1709 6996/3785/1709 6981/3786/1709
f 7009/3785/1709 7033/3790/1709 6997/3790/1709 6996/3785/1709
f 7033/3790/1709 7035/3791/1709 6998/3791/1709 6997/3790/1709
f 7035/3791/1709 7015/3789/1709 6999/3789/1709 6998/3791/1709
f 7001/3782/1708 7017/3788/1708 6992/3788/1708 6976/3782/1708
f 7017/3788/1708 7019/3792/1708 6993/3792/1708 6992/3788/1708
f 7019/3792/1708 7021/3793/1708 6994/3793/1708 6993/3792/1708
f 7021/3793/1708 7023/3784/1708 6995/3784/1708 6994/3793/1708
f 6980/3787/1707 6981/3786/1707 6996/3785/1707 6995/3784/1707
f 6995/3784/1707 6996/3785/1707 6997/3790/1707 6994/3793/1707
f 6994/3793/1707 6997/3790/1707 6998/3791/1707 6993/3792/1707
f 6993/3792/1707 6998/3791/1707 6999/3789/1707 6992/3788/1707
f 6978/3782/1705 6979/3783/1705 6988/3789/1705 6987/3788/1705
f 6987/3788/1705 6988/3789/1705 6989/3791/1705 6986/3792/1705
f 6986/3792/1705 6989/3791/1705 6990/3790/1705 6985/3793/1705
f 6985/3793/1705 6990/3790/1705 6991/3785/1705 6984/3784/1705
f 6985/3793/1708 6984/3784/1708 7022/3784/1708 7020/3793/1708
f 7020/3793/1708 7022/3784/1708 7023/3784/1708 7021/3793/1708
f 6986/3792/1708 6985/3793/1708 7020/3793/1708 7018/3792/1708
f 7018/3792/1708 7020/3793/1708 7021/3793/1708 7019/3792/1708
f 6987/3788/1708 6986/3792/1708 7018/3792/1708 7016/3788/1708
f 7016/3788/1708 7018/3792/1708 7019/3792/1708 7017/3788/1708
f 6978/3782/1708 6987/3788/1708 7016/3788/1708 7000/3782/1708
f 7000/3782/1708 7016/3788/1708 7017/3788/1708 7001/3782/1708
f 6989/3791/1709 6988/3789/1709 7014/3789/1709 7034/3791/1709
f 7034/3791/1707 7014/3789/1707 7030/3794/1707 7028/3795/1707
f 6990/3790/1709 6989/3791/1709 7034/3791/1709 7032/3790/1709
f 6991/3785/1709 6990/3790/1709 7032/3790/1709 7008/3785/1709
f 7008/3785/1707 7032/3790/1707 7026/3796/1707 7024/3797/1707
f 6983/3786/1709 6991/3785/1709 7008/3785/1709 7006/3786/1709
f 7006/3786/1709 7008/3785/1709 7009/3785/1709 7007/3786/1709
f 6988/3789/1709 6979/3783/1709 7003/3783/1709 7014/3789/1709
f 7014/3789/1709 7003/3783/1709 7002/3783/1709 7015/3789/1709
f 6984/3784/1708 6982/3787/1708 7005/3787/1708 7022/3784/1708
f 7022/3784/1708 7005/3787/1708 7004/3787/1708 7023/3784/1708
f 6982/3787/1706 6983/3786/1706 7006/3786/1706 7005/3787/1706
f 7005/3787/1706 7006/3786/1706 7007/3786/1706 7004/3787/1706
f 6976/3782/1704 6977/3783/1704 7002/3783/1704 7001/3782/1704
f 7001/3782/1704 7002/3783/1704 7003/3783/1704 7000/3782/1704
f 7028/3798/1709 7030/3799/1709 7031/3799/1709 7029/3798/1709
f 7024/3800/1709 7026/3801/1709 7027/3801/1709 7025/3800/1709
f 7033/3790/1705 7009/3785/1705 7025/3797/1705 7027/3796/1705
f 7014/3789/1706 7015/3789/1706 7031/3794/1706 7030/3794/1706
f 7035/3791/1704 7034/3791/1704 7028/3795/1704 7029/3795/1704
f 7015/3789/1705 7035/3791/1705 7029/3795/1705 7031/3794/1705
f 7032/3790/1706 7033/3790/1706 7027/3796/1706 7026/3796/1706
f 7009/3785/1704 7008/3785/1704 7024/3797/1704 7025/3797/1704
f 7010/3802/1709 7011/3802/1709 7033/3790/1709 7032/3790/1709
f 7013/3803/1709 7012/3803/1709 7034/3791/1709 7035/3791/1709
f 7012/3803/1709 7010/3802/1709 7032/3790/1709 7034/3791/1709
f 7011/3802/1709 7013/3803/1709 7035/3791/1709 7033/3790/1709
f 7012/3803/1709 7013/3803/1709 7011/3802/1709 7010/3802/1709
o cockpit.004
v -0.039701 0.450015 5.293036
v -0.039701 0.450015 5.213633
v 0.039701 0.450015 5.293036
v 0.039701 0.450015 5.213633
v -0.050431 0.414955 5.303764
v -0.050431 0.414955 5.202903
v 0.050431 0.414955 5.303764
v 0.050431 0.414955 5.202903
v -0.034960 0.418526 5.288294
v -0.034960 0.418526 5.218374
v 0.034960 0.418526 5.288294
v 0.034960 0.418526 5.218374
v -0.034960 0.652096 5.288294
v -0.034960 0.652096 5.218374
v 0.034960 0.652096 5.218374
v 0.034960 0.652096 5.288294
vn -0.0000 1.0000 -0.0000
vn -0.0000 -1.0000 -0.0000
vn 0.9562 0.2926 -0.0000
vn -0.9562 0.2926 -0.0000
vn -0.0000 0.2926 0.9562
vn -0.0000 0.2927 -0.9562
vn -0.0000 -0.0000 1.0000
vn 1.0000 -0.0000 -0.0000
vn -0.0000 -0.0000 -1.0000
vn -1.0000 -0.0000 -0.0000
vt 0.092691 0.993724
vt 0.092691 0.993667
vt 0.092747 0.993667
vt 0.092747 0.993724
vt 0.092658 0.993756
vt 0.092780 0.993756
vt 0.092780 0.993635
vt 0.092658 0.993635
vt 0.092697 0.993674
vt 0.092740 0.993674
vt 0.092740 0.993717
vt 0.092697 0.993717
s 1
usemtl マテリアル.002
f 7037/3804/1710 7036/3805/1710 7038/3806/1710 7039/3807/1710
f 7041/3808/1711 7043/3809/1711 7042/3810/1711 7040/3811/1711
f 7039/3807/1712 7038/3806/1712 7042/3810/1712 7043/3809/1712
f 7036/3805/1713 7037/3804/1713 7041/3808/1713 7040/3811/1713
f 7038/3806/1714 7036/3805/1714 7040/3811/1714 7042/3810/1714
f 7037/3804/1715 7039/3807/1715 7043/3809/1715 7041/3808/1715
f 7048/3812/1710 7051/3813/1710 7050/3814/1710 7049/3815/1710
f 7046/3813/1716 7051/3813/1716 7048/3812/1716 7044/3812/1716
f 7047/3814/1717 7050/3814/1717 7051/3813/1717 7046/3813/1717
f 7045/3815/1718 7049/3815/1718 7050/3814/1718 7047/3814/1718
f 7044/3812/1719 7048/3812/1719 7049/3815/1719 7045/3815/1719
o fgear_1
v -0.045309 -1.153463 5.769753
v -0.045309 -0.951960 5.776953
v -0.045309 -1.105770 5.666499
v -0.045309 -0.951960 5.673699
v 0.045309 -1.153463 5.769753
v 0.045309 -0.951960 5.776953
v 0.045309 -1.105770 5.666499
v 0.045309 -0.951960 5.673699
v -0.045309 -1.287107 5.601213
v -0.045309 -1.186808 5.546851
v 0.045309 -1.287107 5.601213
v 0.045309 -1.186808 5.546851
v -0.045309 -1.284327 5.571577
v -0.045309 -1.213158 5.533003
v 0.045309 -1.284327 5.571577
v 0.045309 -1.213158 5.533003
v 0.052976 -1.172541 5.655828
v 0.052976 -1.234805 5.655828
v 0.052976 -1.234805 5.593563
v 0.052976 -1.172541 5.593563
v 0.000000 -1.172541 5.655828
v 0.000000 -1.234805 5.655828
v 0.000000 -1.234805 5.593563
v 0.000000 -1.172541 5.593563
v -0.052976 -1.172541 5.655828
v -0.052976 -1.234805 5.655828
v -0.052976 -1.234805 5.593563
v -0.052976 -1.172541 5.593563
v -0.050672 -0.898327 5.778280
v -0.050672 -0.891468 5.680189
v 0.050672 -0.891468 5.680189
v 0.050672 -0.898327 5.778280
v -0.092337 -0.763910 5.828203
v -0.092337 -0.751411 5.649457
v 0.092337 -0.751411 5.649457
v 0.092337 -0.763910 5.828203
v -0.092337 0.028978 5.883648
v -0.092337 0.041478 5.704901
v 0.092337 0.041478 5.704901
v 0.092337 0.028978 5.883648
v -0.035748 -0.975151 5.766990
v -0.035748 -0.969115 5.680677
v 0.035748 -0.969115 5.680677
v 0.035748 -0.975151 5.766990
v -0.076713 -0.864780 5.806478
v -0.076713 -0.854396 5.657976
v 0.076713 -0.854396 5.657976
v 0.076713 -0.864780 5.806478
v -0.076713 -0.918838 5.802698
v -0.076713 -0.908454 5.654197
v 0.076713 -0.908454 5.654197
v 0.076713 -0.918838 5.802698
v -0.025571 -0.854396 5.657976
v 0.025571 -0.854396 5.657976
v 0.025571 -0.864780 5.806478
v -0.025571 -0.864780 5.806478
v -0.025571 -0.908454 5.654197
v 0.025571 -0.908454 5.654197
v 0.025571 -0.918838 5.802698
v -0.025571 -0.918838 5.802698
v 0.025571 -0.921556 5.915299
v -0.025571 -0.921556 5.915299
v 0.025571 -0.947227 5.856635
v -0.025571 -0.947227 5.856635
v 0.025571 -0.951206 5.929967
v -0.025571 -0.951206 5.929967
v 0.025571 -0.983185 5.873669
v -0.025571 -0.983185 5.873669
v 0.025571 -1.009848 5.724436
v -0.025571 -1.009848 5.724436
v 0.025571 -1.045806 5.741468
v -0.025571 -1.045806 5.741468
v -0.077328 -0.628084 5.658081
v 0.077328 -0.628084 5.658081
v -0.077328 0.053197 5.705721
v 0.077328 0.053197 5.705721
v -0.077328 -0.625216 5.617075
v 0.077328 -0.625216 5.617075
v -0.077328 0.056064 5.664715
v 0.077328 0.056064 5.664715
vn -1.0000 -0.0000 -0.0000
vn -0.0000 0.0468 -0.9989
vn 1.0000 -0.0000 -0.0000
vn -0.0000 -0.0357 0.9994
vn -0.0000 -0.7836 0.6213
vn -0.0000 1.0000 -0.0000
vn -0.0000 0.4652 -0.8852
vn -0.0000 0.8280 -0.5608
vn -0.0000 -0.4765 -0.8792
vn -0.0000 -0.9956 -0.0934
vn -0.0000 -0.0000 -1.0000
vn -0.0000 -0.0000 1.0000
vn -0.0000 -1.0000 -0.0000
vn -0.0000 -0.3482 0.9374
vn -0.0000 -0.0698 0.9976
vn -0.0000 -0.2143 -0.9768
vn 0.9571 -0.2892 -0.0202
vn -0.9571 -0.2892 -0.0202
vn -0.0000 0.9976 0.0698
vn -0.0000 0.0698 -0.9976
vn 0.9819 -0.1888 -0.0132
vn -0.0000 -0.9976 -0.0698
vn -0.9819 -0.1888 -0.0132
vn -0.0000 -0.1454 0.9894
vn -0.0000 -0.0063 -1.0000
vn -0.0000 0.0697 -0.9976
vn -0.0000 -0.8849 -0.4658
vn -0.0000 0.8866 0.4626
vn -0.0000 -0.8695 0.4939
vn -0.0000 0.4434 0.8963
vn -0.0000 -0.4281 -0.9037
vn -0.0000 -0.9037 0.4281
vn -0.0000 0.9037 -0.4281
vn -0.0000 0.9976 0.0697
vt 0.093472 0.978063
vt 0.093472 0.978060
vt 0.093472 0.978095
vt 0.093472 0.978098
vt 0.093502 0.978095
vt 0.093502 0.978098
vt 0.093502 0.978060
vt 0.093502 0.978063
vt 0.093472 0.978120
vt 0.093502 0.978120
vt 0.093472 0.978138
vt 0.093502 0.978138
vt 0.093502 0.978143
vt 0.093472 0.978143
vt 0.093502 0.978130
vt 0.093472 0.978130
vt 0.092208 0.973159
vt 0.092208 0.973180
vt 0.092191 0.973180
vt 0.092191 0.973159
vt 0.089679 0.975127
vt 0.089825 0.975127
vt 0.089886 0.975054
vt 0.089618 0.975054
vt 0.089886 0.974974
vt 0.089618 0.974974
vt 0.089825 0.975269
vt 0.089679 0.975269
vt 0.089618 0.975313
vt 0.089886 0.975313
vt 0.089886 0.975233
vt 0.089618 0.975233
vt 0.089804 0.975143
vt 0.089804 0.975268
vt 0.089700 0.975143
vt 0.089700 0.975268
vt 0.089789 0.975086
vt 0.089863 0.975086
vt 0.089863 0.975301
vt 0.089789 0.975301
vt 0.089789 0.975091
vt 0.089789 0.975306
vt 0.089863 0.975306
vt 0.089863 0.975091
vt 0.089715 0.975086
vt 0.089641 0.975086
vt 0.089641 0.975091
vt 0.089715 0.975091
vt 0.089641 0.975301
vt 0.089641 0.975306
vt 0.089715 0.975301
vt 0.089715 0.975306
vt 0.089715 0.975013
vt 0.089715 0.974928
vt 0.089789 0.975013
vt 0.089789 0.974928
vt 0.089789 0.974907
vt 0.089789 0.974988
vt 0.089715 0.974907
vt 0.089715 0.974988
vt 0.089715 0.975205
vt 0.089715 0.975180
vt 0.089789 0.975205
vt 0.089789 0.975180
vt 0.089864 0.975301
vt 0.089864 0.975232
vt 0.089640 0.975232
vt 0.089640 0.975301
vt 0.089864 0.975360
vt 0.089640 0.975360
vt 0.089640 0.975291
vt 0.089864 0.975291
s 1
usemtl マテリアル
f 7052/3816/1720 7053/3817/1720 7055/3818/1720 7054/3819/1720
f 7054/3819/1721 7055/3818/1721 7059/3820/1721 7058/3821/1721
f 7058/3821/1722 7059/3820/1722 7057/3822/1722 7056/3823/1722
f 7056/3823/1723 7057/3822/1723 7053/3817/1723 7052/3816/1723
f 7056/3823/1724 7052/3816/1724 7060/3824/1724 7062/3825/1724
f 7059/3820/1725 7055/3818/1725 7053/3817/1725 7057/3822/1725
f 7061/3826/1726 7063/3827/1726 7067/3828/1726 7065/3829/1726
f 7054/3819/1727 7058/3821/1727 7063/3827/1727 7061/3826/1727
f 7052/3816/1720 7054/3819/1720 7061/3826/1720 7060/3824/1720
f 7058/3821/1722 7056/3823/1722 7062/3825/1722 7063/3827/1722
f 7065/3829/1728 7067/3828/1728 7066/3830/1728 7064/3831/1728
f 7063/3827/1722 7062/3825/1722 7066/3830/1722 7067/3828/1722
f 7060/3824/1720 7061/3826/1720 7065/3829/1720 7064/3831/1720
f 7062/3825/1729 7060/3824/1729 7064/3831/1729 7066/3830/1729
f 7068/3832/1722 7069/3832/1722 7070/3833/1722 7071/3833/1722
f 7070/3833/1730 7074/3834/1730 7075/3834/1730 7071/3833/1730
f 7068/3832/1731 7072/3835/1731 7073/3835/1731 7069/3832/1731
f 7071/3833/1725 7075/3834/1725 7072/3835/1725 7068/3832/1725
f 7069/3832/1732 7073/3835/1732 7074/3834/1732 7070/3833/1732
f 7076/3832/1720 7079/3833/1720 7078/3833/1720 7077/3832/1720
f 7078/3833/1730 7079/3833/1730 7075/3834/1730 7074/3834/1730
f 7076/3832/1731 7077/3832/1731 7073/3835/1731 7072/3835/1731
f 7079/3833/1725 7076/3832/1725 7072/3835/1725 7075/3834/1725
f 7077/3832/1732 7078/3833/1732 7074/3834/1732 7073/3835/1732
f 7080/3836/1733 7083/3837/1733 7087/3838/1733 7084/3839/1733
f 7084/3839/1734 7087/3838/1734 7091/3840/1734 7088/3841/1734
f 7082/3842/1735 7081/3843/1735 7085/3844/1735 7086/3845/1735
f 7083/3837/1736 7082/3842/1736 7086/3845/1736 7087/3838/1736
f 7081/3843/1737 7080/3836/1737 7084/3839/1737 7085/3844/1737
f 7090/3846/1738 7089/3847/1738 7088/3841/1738 7091/3840/1738
f 7086/3845/1739 7085/3844/1739 7089/3847/1739 7090/3846/1739
f 7087/3838/1722 7086/3845/1722 7090/3846/1722 7091/3840/1722
f 7085/3844/1720 7084/3839/1720 7088/3841/1720 7089/3847/1720
f 7082/3842/1740 7083/3837/1740 7095/3848/1740 7094/3849/1740
f 7092/3850/1741 7093/3851/1741 7094/3849/1741 7095/3848/1741
f 7080/3836/1742 7081/3843/1742 7093/3851/1742 7092/3850/1742
f 7083/3837/1743 7080/3836/1743 7092/3850/1743 7095/3848/1743
f 7081/3843/1744 7082/3842/1744 7094/3849/1744 7093/3851/1744
f 7106/3852/1738 7099/3853/1738 7098/3854/1738 7105/3855/1738
f 7110/3856/1741 7109/3857/1741 7102/3858/1741 7103/3859/1741
f 7107/3860/1734 7096/3861/1734 7100/3862/1734 7111/3863/1734
f 7105/3855/1745 7098/3854/1745 7102/3858/1745 7109/3857/1745
f 7098/3854/1722 7099/3853/1722 7103/3859/1722 7102/3858/1722
f 7096/3861/1720 7097/3864/1720 7101/3865/1720 7100/3862/1720
f 7097/3864/1745 7104/3866/1745 7108/3867/1745 7101/3865/1745
f 7104/3866/1745 7105/3855/1745 7109/3857/1745 7108/3867/1745
f 7099/3853/1734 7106/3852/1734 7110/3856/1734 7103/3859/1734
f 7107/3860/1720 7111/3863/1720 7115/3868/1720 7113/3869/1720
f 7100/3862/1741 7101/3865/1741 7108/3867/1741 7111/3863/1741
f 7111/3863/1741 7108/3867/1741 7109/3857/1741 7110/3856/1741
f 7096/3861/1738 7107/3860/1738 7104/3866/1738 7097/3864/1738
f 7107/3860/1738 7106/3852/1738 7105/3855/1738 7104/3866/1738
f 7114/3870/1722 7112/3871/1722 7116/3872/1722 7118/3873/1722
f 7111/3863/1746 7110/3856/1746 7114/3870/1746 7115/3868/1746
f 7106/3852/1747 7107/3860/1747 7113/3869/1747 7112/3871/1747
f 7110/3856/1722 7106/3852/1722 7112/3871/1722 7114/3870/1722
f 7116/3872/1748 7117/3874/1748 7119/3875/1748 7118/3873/1748
f 7112/3871/1749 7113/3869/1749 7117/3874/1749 7116/3872/1749
f 7113/3869/1720 7115/3868/1720 7119/3875/1720 7117/3874/1720
f 7119/3875/1720 7115/3868/1720 7121/3876/1720 7123/3877/1720
f 7121/3876/1750 7120/3878/1750 7122/3879/1750 7123/3877/1750
f 7114/3870/1722 7118/3873/1722 7122/3879/1722 7120/3878/1722
f 7118/3873/1751 7119/3875/1751 7123/3877/1751 7122/3879/1751
f 7115/3868/1752 7114/3870/1752 7120/3878/1752 7121/3876/1752
f 7125/3880/1734 7127/3881/1734 7126/3882/1734 7124/3883/1734
f 7129/3884/1739 7128/3885/1739 7130/3886/1739 7131/3887/1739
f 7124/3883/1720 7126/3882/1720 7130/3886/1720 7128/3885/1720
f 7125/3880/1741 7124/3883/1741 7128/3885/1741 7129/3884/1741
f 7127/3881/1722 7125/3880/1722 7129/3884/1722 7131/3887/1722
f 7126/3882/1753 7127/3881/1753 7131/3887/1753 7130/3886/1753
o fgear_2
v -0.060269 -0.319356 5.638463
v 0.060269 -0.319356 5.638463
v -0.060269 -0.193258 5.647282
v 0.060269 -0.193258 5.647282
v -0.060269 -0.004220 5.033283
v 0.060269 -0.004220 5.033283
v -0.060269 -0.004220 5.233195
v 0.060269 -0.004220 5.233195
vn -0.0000 -0.0698 0.9976
vn -0.0000 1.0000 -0.0000
vn 1.0000 -0.0000 -0.0000
vn -0.0000 0.9097 0.4153
vn -1.0000 -0.0000 -0.0000
vn -0.0000 -0.8870 -0.4619
vt 0.089839 0.975329
vt 0.089839 0.975316
vt 0.089665 0.975316
vt 0.089665 0.975329
vt 0.089839 0.976207
vt 0.089665 0.976207
vt 0.089665 0.975917
vt 0.089839 0.975917
s 1
usemtl マテリアル
f 7133/3888/1754 7135/3889/1754 7134/3890/1754 7132/3891/1754
f 7137/3892/1755 7136/3893/1755 7138/3894/1755 7139/3895/1755
f 7135/3889/1756 7133/3888/1756 7137/3892/1756 7139/3895/1756
f 7134/3890/1757 7135/3889/1757 7139/3895/1757 7138/3894/1757
f 7132/3891/1758 7134/3890/1758 7138/3894/1758 7136/3893/1758
f 7133/3888/1759 7132/3891/1759 7136/3893/1759 7137/3892/1759
o fgear_3
v -0.027093 -0.690619 6.031997
v -0.027093 -0.643692 6.059091
v -0.027093 -0.563928 5.812563
v -0.027093 -0.517002 5.839656
v 0.027093 -0.690619 6.031997
v 0.027093 -0.643692 6.059091
v 0.027093 -0.563928 5.812563
v 0.027093 -0.517002 5.839656
vn -1.0000 -0.0000 -0.0000
vn -0.0000 0.5000 -0.8660
vn 1.0000 -0.0000 -0.0000
vn -0.0000 -0.5000 0.8660
vn -0.0000 -0.8660 -0.5000
vn -0.0000 0.8660 0.5000
vt 0.094913 0.972494
vt 0.095959 0.974306
vt 0.087486 0.979197
vt 0.086440 0.977385
s 1
usemtl マテリアル
f 7140/3896/1760 7141/3897/1760 7143/3898/1760 7142/3899/1760
f 7142/3899/1761 7143/3898/1761 7147/3898/1761 7146/3899/1761
f 7146/3899/1762 7147/3898/1762 7145/3897/1762 7144/3896/1762
f 7144/3896/1763 7145/3897/1763 7141/3897/1763 7140/3896/1763
f 7142/3899/1764 7146/3899/1764 7144/3896/1764 7140/3896/1764
f 7147/3898/1765 7143/3898/1765 7141/3897/1765 7145/3897/1765
o flap_l
v 2.670434 0.030655 -2.501513
v 2.670434 0.073121 -3.320315
v 2.670434 0.112820 -3.446798
v 1.255312 0.011360 -2.090480
v 1.255312 0.074538 -2.989433
v 1.255312 0.133598 -3.115916
v 2.670434 0.030655 -2.501513
v 2.670434 0.285713 -2.501513
v 2.670434 0.073121 -3.320315
v 2.670434 0.243246 -3.320315
v 2.670434 0.112820 -3.446798
v 4.011187 0.046096 -2.901221
v 4.011187 0.236568 -2.901221
v 4.011187 0.210792 -3.641341
v 4.011187 0.095968 -3.767824
v 2.670434 0.030655 -2.501513
v 2.670434 0.285713 -2.501513
v 2.670434 0.073121 -3.320315
v 2.670434 0.243246 -3.320315
v 2.670434 0.112820 -3.446798
v 1.255312 0.011360 -2.090480
v 1.255312 0.346563 -2.090480
v 1.255312 0.074538 -2.989433
v 1.255312 0.283385 -2.989433
v 1.255312 0.133598 -3.115916
v 2.670434 0.030655 -2.501513
v 2.670434 0.073121 -3.320315
v 2.670434 0.112820 -3.446798
v 4.011187 0.046096 -2.901221
v 4.011187 0.071872 -3.641341
v 4.011187 0.095968 -3.767824
vn -0.0919 -0.9276 -0.3621
vn -0.0098 -0.9981 -0.0614
vn 0.0186 0.9989 -0.0437
vn -0.1517 0.7097 -0.6880
vn -1.0000 -0.0000 -0.0000
vn 0.2857 -0.0000 0.9583
vn 0.0195 0.9979 -0.0614
vn -0.1572 0.6618 -0.7330
vn 1.0000 -0.0000 -0.0000
vn 0.2789 -0.0000 0.9603
vn -0.0065 -0.9990 -0.0437
vn -0.0650 -0.9676 -0.2440
vt 0.770608 0.510114
vt 0.770608 0.505231
vt 0.825245 0.492455
vt 0.825245 0.497339
vt 0.825245 0.528952
vt 0.770608 0.544822
vt 0.366758 0.708781
vt 0.366758 0.677168
vt 0.418523 0.692601
vt 0.418523 0.721176
vt 0.366758 0.713665
vt 0.418523 0.726059
vt 0.312121 0.661299
vt 0.312121 0.696006
vt 0.312121 0.700890
vt 0.877010 0.484944
vt 0.877010 0.513520
vt 0.877010 0.480061
s 1
usemtl マテリアル
f 7152/3900/1766 7153/3901/1766 7150/3902/1766 7149/3903/1766
f 7148/3904/1767 7151/3905/1767 7152/3900/1767 7149/3903/1767
f 7157/3906/1768 7155/3907/1768 7160/3908/1768 7161/3909/1768
f 7158/3910/1769 7157/3906/1769 7161/3909/1769 7162/3911/1769
f 7154/3907/1770 7155/3907/1770 7157/3906/1770
f 7154/3907/1771 7159/3908/1771 7160/3908/1771 7155/3907/1771
f 7169/3912/1772 7164/3907/1772 7166/3906/1772 7171/3913/1772
f 7172/3914/1773 7171/3913/1773 7166/3906/1773 7167/3910/1773
f 7164/3907/1774 7165/3906/1774 7166/3906/1774
f 7169/3912/1775 7168/3912/1775 7163/3907/1775 7164/3907/1775
f 7168/3912/1770 7169/3912/1770 7171/3913/1770
f 7173/3904/1776 7174/3903/1776 7177/3915/1776 7176/3916/1776
f 7174/3903/1777 7175/3902/1777 7178/3917/1777 7177/3915/1777
f 7161/3909/1774 7160/3908/1774 7176/3908/1774 7177/3909/1774
f 7161/3909/1774 7177/3909/1774 7162/3909/1774
f 7158/3910/1770 7156/3906/1770 7157/3906/1770
f 7156/3906/1770 7154/3907/1770 7157/3906/1770
f 7163/3907/1774 7165/3906/1774 7164/3907/1774
f 7165/3906/1774 7167/3910/1774 7166/3906/1774
f 7172/3914/1770 7170/3913/1770 7171/3913/1770
f 7170/3913/1770 7168/3912/1770 7171/3913/1770
o flap_r
v -2.670434 0.030655 -2.501513
v -2.670434 0.285713 -2.501513
v -2.670434 0.073121 -3.320315
v -2.670434 0.243246 -3.320315
v -2.670434 0.112820 -3.446798
v -1.255312 0.011360 -2.090480
v -1.255312 0.346563 -2.090480
v -1.255312 0.074538 -2.989433
v -1.255312 0.283385 -2.989433
v -1.255312 0.133598 -3.115916
v -2.670434 0.030655 -2.501513
v -2.670434 0.285713 -2.501513
v -2.670434 0.073121 -3.320315
v -2.670434 0.243246 -3.320315
v -2.670434 0.112820 -3.446798
v -4.011187 0.046096 -2.901221
v -4.011187 0.236568 -2.901221
v -4.011187 0.210792 -3.641341
v -4.011187 0.095968 -3.767824
v -2.670434 0.030655 -2.501513
v -2.670434 0.073121 -3.320315
v -2.670434 0.112820 -3.446798
v -4.011187 0.046096 -2.901221
v -4.011187 0.071872 -3.641341
v -4.011187 0.095968 -3.767824
v -2.670434 0.030655 -2.501513
v -2.670434 0.073121 -3.320315
v -2.670434 0.112820 -3.446798
v -1.255312 0.011360 -2.090480
v -1.255312 0.074538 -2.989433
v -1.255312 0.133598 -3.115916
vn -0.0195 0.9979 -0.0614
vn 0.1572 0.6618 -0.7330
vn -1.0000 -0.0000 -0.0000
vn -0.2789 -0.0000 0.9603
vn 1.0000 -0.0000 -0.0000
vn -0.0186 0.9989 -0.0437
vn 0.1517 0.7097 -0.6880
vn -0.2857 -0.0000 0.9583
vn 0.0065 -0.9990 -0.0437
vn 0.0650 -0.9676 -0.2440
vn 0.0919 -0.9276 -0.3621
vn 0.0098 -0.9981 -0.0614
vt 0.215188 0.661299
vt 0.215188 0.696006
vt 0.160552 0.708781
vt 0.160552 0.677168
vt 0.215188 0.700890
vt 0.160552 0.713665
vt 0.108787 0.721176
vt 0.108787 0.692601
vt 0.108787 0.726059
vt 0.619039 0.528952
vt 0.567274 0.513520
vt 0.567274 0.484944
vt 0.619039 0.497339
vt 0.567274 0.480061
vt 0.619039 0.492455
vt 0.673675 0.510114
vt 0.673675 0.505231
vt 0.673675 0.544822
s 1
usemtl マテリアル
f 7185/3918/1778 7187/3919/1778 7182/3920/1778 7180/3921/1778
f 7188/3922/1779 7183/3923/1779 7182/3920/1779 7187/3919/1779
f 7179/3921/1780 7180/3921/1780 7182/3920/1780
f 7185/3918/1781 7180/3921/1781 7179/3921/1781 7184/3918/1781
f 7185/3918/1782 7186/3919/1782 7187/3919/1782
f 7192/3920/1783 7196/3924/1783 7195/3925/1783 7190/3921/1783
f 7193/3923/1784 7197/3926/1784 7196/3924/1784 7192/3920/1784
f 7190/3921/1782 7191/3920/1782 7192/3920/1782
f 7189/3921/1785 7190/3921/1785 7195/3925/1785 7194/3925/1785
f 7198/3927/1786 7201/3928/1786 7202/3929/1786 7199/3930/1786
f 7199/3930/1787 7202/3929/1787 7203/3931/1787 7200/3932/1787
f 7208/3933/1788 7205/3930/1788 7206/3932/1788 7209/3934/1788
f 7204/3927/1789 7205/3930/1789 7208/3933/1789 7207/3935/1789
f 7195/3925/1780 7196/3924/1780 7202/3924/1780 7194/3925/1780
f 7202/3924/1780 7196/3924/1780 7203/3924/1780
f 7183/3923/1780 7181/3920/1780 7182/3920/1780
f 7181/3920/1780 7179/3921/1780 7182/3920/1780
f 7184/3918/1782 7186/3919/1782 7185/3918/1782
f 7186/3919/1782 7188/3922/1782 7187/3919/1782
f 7189/3921/1782 7191/3920/1782 7190/3921/1782
f 7191/3920/1782 7193/3923/1782 7192/3920/1782
o panel1
v 0.000000 -0.044157 5.923203
v 0.000000 -0.879162 6.123350
v 0.242304 -0.887049 6.093913
v 0.242304 -0.057740 5.872511
v 0.000000 -0.215160 5.964192
v 0.000000 -0.424460 6.014360
v 0.029163 -0.345973 5.991777
v 0.029163 -0.278931 5.975707
v 0.000000 -0.215821 6.177130
v 0.000000 -0.327336 6.203859
v 0.025618 -0.285917 6.190161
v 0.025618 -0.250198 6.181599
v 0.000000 -0.044157 5.923203
v 0.000000 -0.879162 6.123350
v 0.000000 -0.215160 5.964192
v 0.000000 -0.424460 6.014360
v 0.000000 -0.215821 6.177130
v 0.000000 -0.327336 6.203859
v -0.242304 -0.887049 6.093913
v -0.242304 -0.057740 5.872511
v -0.029162 -0.345973 5.991777
v -0.029162 -0.278931 5.975707
v -0.025618 -0.285917 6.190161
v -0.025618 -0.250198 6.181599
v 0.000000 -0.044157 5.923203
v 0.000000 -0.879162 6.123350
v 0.242304 -0.887049 6.093913
v 0.242304 -0.057740 5.872511
v -0.242304 -0.887049 6.093913
v -0.242304 -0.057740 5.872511
v 0.000000 -0.053989 5.884430
v 0.000000 -0.888994 6.084577
v 0.235520 -0.896739 6.055702
v 0.235520 -0.067429 5.834300
v 0.000000 -0.233696 5.928746
v 0.000000 -0.426713 5.974424
v -0.001176 -0.346848 5.965723
v -0.000785 -0.291849 5.952549
v 0.000000 -0.250095 6.156507
v 0.000000 -0.305673 6.170233
v -0.005542 -0.286049 6.165081
v -0.005529 -0.262545 6.159750
v -0.235520 -0.896739 6.055702
v -0.235520 -0.067429 5.834300
v 0.001176 -0.346848 5.965723
v 0.000785 -0.291849 5.952549
v 0.005542 -0.286049 6.165081
v 0.005529 -0.262545 6.159750
vn 0.1696 0.2422 0.9553
vn 0.1417 0.2307 0.9626
vn 0.8747 0.4841 -0.0250
vn 0.9153 -0.3703 0.1584
vn 0.9999 0.0040 0.0167
vn -0.1696 0.2422 0.9553
vn -0.1417 0.2307 0.9626
vn -0.8747 0.4841 -0.0250
vn -0.9153 -0.3702 0.1584
vn -0.9999 0.0040 0.0167
vn -0.1790 -0.2415 -0.9537
vn -0.0159 0.2342 0.9720
vn -0.9964 0.0840 -0.0134
vn -0.9977 -0.0648 0.0188
vn -0.9997 -0.0001 -0.0224
vn 0.1790 -0.2415 -0.9537
vn 0.0159 0.2342 0.9720
vn 0.9964 0.0840 -0.0134
vn 0.9977 -0.0648 0.0188
vn 0.9997 -0.0001 -0.0224
vn -0.0000 0.9693 -0.2460
vn 0.0029 0.9693 -0.2460
vn -0.0017 -0.9693 0.2459
vn -0.0000 -0.9693 0.2459
vn 0.9855 -0.0437 -0.1639
vn -0.0029 0.9693 -0.2460
vn 0.0017 -0.9693 0.2459
vn -0.9855 -0.0437 -0.1639
vt 0.189428 0.264918
vt 0.156287 0.264888
vt 0.156287 0.262861
vt 0.163074 0.263042
vt 0.165568 0.263249
vt 0.168228 0.263320
vt 0.171381 0.263262
vt 0.189428 0.263741
vt 0.169653 0.255225
vt 0.167971 0.255322
vt 0.166554 0.255284
vt 0.165227 0.255107
vt 0.556786 0.085583
vt 0.556786 0.084406
vt 0.574833 0.083927
vt 0.577985 0.083985
vt 0.580646 0.083915
vt 0.583139 0.083707
vt 0.589926 0.083527
vt 0.589926 0.085553
vt 0.576561 0.075890
vt 0.580987 0.075772
vt 0.579660 0.075949
vt 0.578243 0.075987
vt 0.075617 0.976536
s 1
usemtl マテリアル
f 7212/3936/1790 7213/3937/1790 7210/3938/1790 7214/3939/1790 7217/3940/1790 7216/3941/1790 7215/3942/1790 7211/3943/1790
f 7219/3944/1791 7220/3945/1791 7221/3946/1791 7218/3947/1791
f 7217/3940/1792 7214/3939/1792 7218/3947/1792 7221/3946/1792
f 7215/3942/1793 7216/3941/1793 7220/3945/1793 7219/3944/1793
f 7216/3941/1794 7217/3940/1794 7221/3946/1794 7220/3945/1794
f 7228/3948/1795 7223/3949/1795 7225/3950/1795 7230/3951/1795 7231/3952/1795 7224/3953/1795 7222/3954/1795 7229/3955/1795
f 7227/3956/1796 7226/3957/1796 7233/3958/1796 7232/3959/1796
f 7231/3952/1797 7233/3958/1797 7226/3957/1797 7224/3953/1797
f 7225/3950/1798 7227/3956/1798 7232/3959/1798 7230/3951/1798
f 7230/3951/1799 7232/3959/1799 7233/3958/1799 7231/3952/1799
f 7242/3960/1800 7241/3960/1800 7245/3960/1800 7246/3960/1800 7247/3960/1800 7244/3960/1800 7240/3960/1800 7243/3960/1800
f 7249/3960/1801 7248/3960/1801 7251/3960/1801 7250/3960/1801
f 7247/3960/1802 7251/3960/1802 7248/3960/1802 7244/3960/1802
f 7245/3960/1803 7249/3960/1803 7250/3960/1803 7246/3960/1803
f 7246/3960/1804 7250/3960/1804 7251/3960/1804 7247/3960/1804
f 7252/3960/1805 7253/3960/1805 7240/3960/1805 7244/3960/1805 7255/3960/1805 7254/3960/1805 7245/3960/1805 7241/3960/1805
f 7249/3960/1806 7256/3960/1806 7257/3960/1806 7248/3960/1806
f 7255/3960/1807 7244/3960/1807 7248/3960/1807 7257/3960/1807
f 7245/3960/1808 7254/3960/1808 7256/3960/1808 7249/3960/1808
f 7254/3960/1809 7255/3960/1809 7257/3960/1809 7256/3960/1809
f 7234/3960/1810 7237/3960/1811 7243/3960/1811 7240/3960/1810
f 7236/3960/1812 7235/3960/1813 7241/3960/1813 7242/3960/1812
f 7237/3960/1814 7236/3960/1814 7242/3960/1814 7243/3960/1814
f 7239/3960/1815 7234/3960/1810 7240/3960/1810 7253/3960/1815
f 7235/3960/1813 7238/3960/1816 7252/3960/1816 7241/3960/1813
f 7238/3960/1817 7239/3960/1817 7253/3960/1817 7252/3960/1817
o panel1_l
v 2.797197 -1.173294 -0.779717
v 2.780323 -0.113557 -1.118034
v 2.777547 0.093068 -1.175410
v 2.740327 -0.114086 -1.117807
v 2.734712 0.091637 -1.627003
v 2.741433 -0.186666 -1.097670
v 2.737551 0.092601 -1.175158
v 2.739605 -0.259357 -1.624613
v 2.781429 -0.186111 -1.097887
v 2.737204 -1.174136 -0.779381
v 2.733070 -0.920069 -0.871477
v 2.723804 -0.316858 -0.995124
v 2.721436 -0.186954 -1.097551
v 2.732136 -1.158288 -1.618350
v 2.719607 -0.259645 -1.624493
v 2.774708 0.092171 -1.627228
v 2.793063 -0.919226 -0.871812
v 2.783798 -0.316015 -0.995460
v 2.792129 -1.157446 -1.618686
v 2.779600 -0.258802 -1.624829
v 2.738562 0.017306 -1.154265
v 2.778559 0.017796 -1.154508
vn -0.9999 -0.0121 0.0062
vn -0.9999 -0.0133 0.0056
vn -0.9999 -0.0139 0.0054
vn -0.9999 -0.0117 0.0063
vn 0.0017 0.2675 0.9636
vn 0.0019 0.2675 0.9636
vn 0.0018 0.2674 0.9636
vn 0.0028 0.2675 0.9635
vn 0.0025 0.2675 0.9636
vn 0.0026 0.2675 0.9635
vn -0.0125 0.9999 -0.0020
vn -0.0054 -0.0069 -1.0000
vn 0.0145 -0.9905 0.1366
vn -0.9999 -0.0140 0.0057
vn -0.9999 -0.0142 0.0058
vn -0.9999 -0.0141 0.0057
vn 0.0005 0.3408 0.9401
vn 0.0027 0.2008 0.9796
vn -0.0043 0.6191 0.7853
vn -0.0055 -0.0069 -1.0000
vn 0.0139 -0.9997 -0.0190
vn -0.0147 0.9905 -0.1366
vn 0.9999 0.0124 -0.0060
vn 0.9999 0.0139 -0.0054
vn 0.9999 0.0133 -0.0056
vn 0.9999 0.0117 -0.0063
vn 0.9999 0.0141 -0.0057
vn 0.9999 0.0142 -0.0058
vn 0.9999 0.0140 -0.0057
vn 0.0029 0.2676 0.9635
vn -0.9999 -0.0140 0.0054
vn -0.9999 -0.0140 0.0055
vn -0.9999 -0.0142 0.0054
vn 0.9999 0.0140 -0.0055
vn 0.9999 0.0140 -0.0054
vn 0.9999 0.0142 -0.0054
vt 0.045616 0.991994
vt 0.045616 0.992179
vt 0.045506 0.992134
vt 0.045595 0.991978
vt 0.045652 0.992022
vt 0.045673 0.992038
vt 0.045596 0.991979
vt 0.045226 0.992018
vt 0.045327 0.991754
vt 0.045395 0.991815
vt 0.045568 0.991930
vt 0.045226 0.992019
vt 0.825245 0.584164
vt 0.822939 0.585935
vt 0.812716 0.568123
vt 0.825245 0.562961
vt 0.831812 0.579122
vt 0.829419 0.580959
vt 0.799965 0.604631
vt 0.792202 0.611602
vt 0.780635 0.581340
vt 0.819770 0.591480
s 1
usemtl マテリアル
f 7261/3961/1818 7262/3962/1819 7265/3963/1820 7263/3964/1820
f 7262/3962/1819 7261/3961/1818 7278/3965/1821 7264/3966/1821
f 7266/3967/1822 7259/3961/1823 7261/3961/1824 7263/3964/1822
f 7264/3966/1825 7278/3965/1826 7279/3965/1827
f 7260/3966/1828 7273/3962/1828 7262/3962/1828 7264/3966/1828
f 7273/3962/1829 7277/3963/1829 7265/3963/1829 7262/3962/1829
f 7277/3963/1830 7266/3967/1830 7263/3964/1830 7265/3963/1830
f 7271/3968/1831 7267/3969/1832 7268/3970/1833
f 7258/3969/1834 7274/3970/1834 7268/3970/1834 7267/3969/1834
f 7274/3970/1835 7275/3971/1835 7269/3971/1835 7268/3970/1835
f 7275/3971/1836 7266/3967/1836 7270/3964/1836 7269/3971/1836
f 7277/3963/1837 7276/3972/1837 7271/3968/1837 7272/3963/1837
f 7276/3972/1838 7258/3969/1838 7267/3969/1838 7271/3968/1838
f 7266/3967/1839 7277/3963/1839 7272/3963/1839 7270/3964/1839
f 7259/3973/1840 7266/3974/1841 7277/3975/1841 7273/3976/1842
f 7273/3976/1842 7260/3977/1843 7279/3978/1843 7259/3973/1840
f 7274/3979/1844 7258/3980/1845 7276/3981/1846
f 7261/3961/1824 7259/3961/1823 7278/3965/1826
f 7259/3961/1823 7279/3965/1827 7278/3965/1826
f 7279/3965/1827 7260/3966/1847 7264/3966/1825
f 7270/3964/1848 7272/3963/1849 7269/3971/1850
f 7272/3963/1849 7271/3968/1831 7268/3970/1833
f 7269/3971/1850 7272/3963/1849 7268/3970/1833
f 7276/3981/1846 7277/3975/1851 7274/3979/1844
f 7277/3975/1851 7266/3974/1852 7275/3982/1853
f 7275/3982/1853 7274/3979/1844 7277/3975/1851
o panel1_r
v -2.792130 -1.157447 -1.618686
v -2.780324 -0.113558 -1.118034
v -2.781430 -0.186112 -1.097887
v -2.777549 0.093067 -1.175411
v -2.740329 -0.114087 -1.117808
v -2.734713 0.091636 -1.627004
v -2.741435 -0.186667 -1.097671
v -2.737552 0.092600 -1.175158
v -2.739606 -0.259358 -1.624614
v -2.783799 -0.316016 -0.995460
v -2.737205 -1.174138 -0.779382
v -2.733071 -0.920070 -0.871477
v -2.723806 -0.316859 -0.995125
v -2.721437 -0.186956 -1.097551
v -2.732137 -1.158290 -1.618351
v -2.719608 -0.259646 -1.624494
v -2.774709 0.092170 -1.627229
v -2.779602 -0.258803 -1.624830
v -2.797198 -1.173295 -0.779717
v -2.793065 -0.919227 -0.871813
vn 0.9999 -0.0121 0.0062
vn 0.9999 -0.0139 0.0054
vn 0.9999 -0.0121 0.0061
vn 0.9999 -0.0117 0.0063
vn -0.0021 0.2675 0.9636
vn -0.0017 0.2675 0.9636
vn -0.0024 0.2675 0.9636
vn 0.0125 0.9999 -0.0020
vn 0.0054 -0.0069 -1.0000
vn -0.0145 -0.9905 0.1366
vn 0.9999 -0.0141 0.0057
vn 0.9999 -0.0142 0.0058
vn 0.9999 -0.0140 0.0057
vn -0.0005 0.3408 0.9401
vn -0.0027 0.2008 0.9796
vn 0.0043 0.6191 0.7853
vn 0.0055 -0.0069 -1.0000
vn 0.0147 0.9905 -0.1366
vn -0.9999 0.0124 -0.0060
vn -0.9999 0.0125 -0.0060
vn -0.9999 0.0139 -0.0054
vn -0.9999 0.0117 -0.0063
vn -0.9999 0.0140 -0.0057
vn -0.9999 0.0142 -0.0058
vn -0.9999 0.0141 -0.0057
vn -0.0139 -0.9997 -0.0190
vn 0.9999 -0.0140 0.0055
vn 0.9999 -0.0140 0.0054
vn 0.9999 -0.0142 0.0054
vn -0.9999 0.0140 -0.0054
vn -0.9999 0.0140 -0.0055
vn -0.9999 0.0142 -0.0054
vt 0.043815 0.991994
vt 0.043835 0.991978
vt 0.043924 0.992134
vt 0.043815 0.992179
vt 0.043757 0.992038
vt 0.043814 0.991994
vt 0.043835 0.991979
vt 0.043814 0.992179
vt 0.044035 0.991815
vt 0.044103 0.991754
vt 0.044204 0.992018
vt 0.043862 0.991930
vt 0.044204 0.992019
vt 0.619039 0.584164
vt 0.619039 0.562961
vt 0.631568 0.568123
vt 0.621345 0.585935
vt 0.612472 0.579122
vt 0.663649 0.581340
vt 0.652082 0.611602
vt 0.644319 0.604631
vt 0.624514 0.591480
s 1
usemtl マテリアル
f 7284/3983/1854 7286/3984/1855 7288/3985/1855 7285/3986/1856
f 7285/3986/1856 7287/3987/1857 7284/3983/1854
f 7281/3988/1858 7282/3989/1859 7286/3984/1859 7284/3983/1858
f 7283/3987/1860 7281/3988/1858 7284/3983/1858 7287/3987/1860
f 7296/3990/1861 7283/3987/1861 7287/3987/1861 7285/3986/1861
f 7297/3985/1862 7296/3990/1862 7285/3986/1862 7288/3985/1862
f 7282/3989/1863 7297/3985/1863 7288/3985/1863 7286/3984/1863
f 7291/3991/1864 7290/3992/1865 7294/3993/1866
f 7299/3991/1867 7298/3992/1867 7290/3992/1867 7291/3991/1867
f 7289/3994/1868 7299/3991/1868 7291/3991/1868 7292/3994/1868
f 7282/3989/1869 7289/3994/1869 7292/3994/1869 7293/3984/1869
f 7280/3995/1870 7297/3985/1870 7295/3985/1870 7294/3993/1870
f 7297/3985/1871 7282/3989/1871 7293/3984/1871 7295/3985/1871
f 7281/3996/1872 7296/3997/1873 7297/3998/1874 7282/3999/1874
f 7296/3997/1873 7281/3996/1872 7283/4000/1875
f 7280/4001/1876 7298/4002/1877 7299/4003/1878
f 7294/3993/1879 7290/3992/1879 7298/3992/1879 7280/3993/1879
f 7294/3993/1866 7295/3985/1880 7291/3991/1864
f 7295/3985/1880 7293/3984/1881 7292/3994/1882
f 7292/3994/1882 7291/3991/1864 7295/3985/1880
f 7282/3999/1883 7297/3998/1884 7289/4004/1885
f 7297/3998/1884 7280/4001/1876 7299/4003/1878
f 7289/4004/1885 7297/3998/1884 7299/4003/1878
o panel2
v -0.245331 -0.059984 4.333942
v -0.239276 -0.059984 5.014156
v -0.245331 -0.059984 3.791035
v -0.233697 -0.302287 5.014030
v -0.239752 -0.302287 4.333810
v -0.215483 -0.062992 4.333810
v -0.209426 -0.062979 5.014030
v -0.215482 -0.062992 3.791035
v -0.263697 -0.302287 5.014030
v -0.269752 -0.302287 4.333810
v -0.245331 -0.544591 4.333942
v -0.269752 -0.302287 3.791036
v -0.239276 -0.544591 5.014156
v -0.245331 -0.544591 3.791035
v -0.239752 -0.302287 3.791036
v -0.215483 -0.541583 4.333810
v -0.209426 -0.541595 5.014030
v -0.215482 -0.541583 3.791035
v -0.242304 -0.059984 4.674049
v -0.209426 -0.062979 5.014030
v -0.233697 -0.302287 5.014030
v -0.209426 -0.541595 5.014030
vn -0.7037 0.0696 0.7071
vn -0.9949 0.1003 0.0089
vn -0.7288 -0.0000 0.6847
vn -0.9950 0.1003 -0.0000
vn 0.9949 -0.1005 -0.0042
vn 0.9949 -0.1009 -0.0044
vn 0.9949 -0.1009 -0.0000
vn 0.1001 0.9950 -0.0009
vn 0.0996 0.9950 -0.0009
vn 0.1002 0.9950 -0.0008
vn 0.1003 0.9950 -0.0000
vn 0.1003 0.9950 -0.0004
vn -0.0000 -0.0000 -1.0000
vn -0.0000 -1.0000 -0.0000
vn -0.7037 -0.0696 0.7071
vn -0.9949 -0.1003 0.0044
vn -0.9950 -0.1003 -0.0000
vn 0.9949 0.1005 -0.0043
vn 0.9949 0.1009 -0.0044
vn 0.9949 0.1005 -0.0042
vn 0.9949 0.1009 -0.0000
vn 0.1001 -0.9950 -0.0009
vn 0.1002 -0.9950 -0.0004
vn 0.1003 -0.9950 -0.0000
vn 0.0998 0.9950 -0.0009
vn -0.0026 0.0004 1.0000
vn 0.0067 -0.0000 1.0000
vn -0.0026 -0.0004 1.0000
vt 0.556786 0.085583
vt 0.530523 0.085349
vt 0.530523 0.084406
vt 0.556786 0.084640
vt 0.509562 0.085349
vt 0.509562 0.084406
vt 0.073324 0.973803
vt 0.073824 0.973803
vt 0.073824 0.975223
vt 0.073324 0.975223
vt 0.073824 0.976357
vt 0.073324 0.976357
vt 0.073318 0.974513
vt 0.073318 0.976357
vt 0.073318 0.975223
vt 0.189428 0.264918
vt 0.189428 0.263975
vt 0.215690 0.263741
vt 0.215690 0.264684
vt 0.236651 0.263741
vt 0.236651 0.264684
vt 0.074323 0.973803
vt 0.074323 0.975223
vt 0.074323 0.976357
vt 0.074330 0.973802
vt 0.074330 0.975223
vt 0.074330 0.976357
vt 0.073318 0.973802
s 1
usemtl マテリアル.001
f 7301/4005/1886 7300/4006/1887 7309/4007/1887 7308/4008/1888
f 7300/4006/1889 7302/4009/1889 7311/4010/1889 7309/4007/1889
f 7306/4011/1890 7303/4012/1890 7304/4013/1891 7305/4014/1891
f 7305/4014/1891 7304/4013/1891 7314/4015/1892 7307/4016/1892
f 7318/4017/1893 7306/4011/1894 7305/4014/1895
f 7302/4018/1896 7300/4019/1897 7305/4014/1895 7307/4016/1896
f 7311/4015/1898 7302/4018/1898 7307/4016/1898 7314/4015/1898
f 7314/4015/1899 7304/4013/1899 7309/4013/1899 7311/4015/1899
f 7304/4013/1899 7303/4012/1899 7308/4012/1899 7309/4013/1899
f 7312/4020/1900 7308/4021/1888 7309/4022/1901 7310/4023/1901
f 7310/4023/1901 7309/4022/1901 7311/4024/1902 7313/4025/1902
f 7316/4026/1903 7315/4027/1904 7304/4013/1904 7303/4012/1905
f 7315/4027/1904 7317/4028/1906 7314/4015/1906 7304/4013/1904
f 7312/4029/1907 7310/4030/1908 7315/4027/1908 7316/4026/1907
f 7310/4030/1908 7313/4031/1909 7317/4028/1909 7315/4027/1908
f 7313/4031/1898 7311/4015/1898 7314/4015/1898 7317/4028/1898
f 7305/4014/1895 7300/4019/1897 7318/4017/1893
f 7318/4017/1910 7301/4032/1910 7306/4011/1910
f 7308/4021/1888 7312/4020/1900 7321/4020/1911 7320/4021/1912
f 7301/4005/1886 7308/4008/1888 7320/4008/1912 7319/4005/1913
o panel2_l
v 1.297154 -0.221122 -1.144633
v 1.293407 0.000480 -1.021521
v 1.326087 0.025542 -0.360391
v 1.332081 -0.520272 -0.360391
v 1.337149 -0.220683 -1.144207
v 1.333403 0.000919 -1.021094
v 1.286091 0.025102 -0.360818
v 1.292086 -0.520711 -0.360818
vn 0.9999 0.0110 0.0107
vn -0.0107 -0.0001 0.9999
vn 0.0040 0.4857 -0.8741
vn -0.0106 0.9992 -0.0374
vn -0.9999 -0.0110 -0.0107
vn 0.0141 -0.9340 -0.3569
vt 0.045226 0.992019
vt 0.045151 0.991977
vt 0.045143 0.991754
vt 0.045327 0.991754
vt 0.780635 0.581340
vt 0.792202 0.611602
vt 0.771128 0.611602
vt 0.772079 0.586093
s 1
usemtl マテリアル
f 7326/4033/1914 7327/4034/1914 7324/4035/1914 7325/4036/1914
f 7328/4035/1915 7329/4036/1915 7325/4036/1915 7324/4035/1915
f 7322/4033/1916 7323/4034/1916 7327/4034/1916 7326/4033/1916
f 7323/4034/1917 7328/4035/1917 7324/4035/1917 7327/4034/1917
f 7322/4037/1918 7329/4038/1918 7328/4039/1918 7323/4040/1918
f 7326/4033/1919 7325/4036/1919 7329/4036/1919 7322/4033/1919
o panel2_r
v -1.286091 0.025102 -0.360818
v -1.326087 0.025542 -0.360391
v -1.332081 -0.520272 -0.360391
v -1.337149 -0.220683 -1.144207
v -1.333403 0.000919 -1.021094
v -1.292086 -0.520712 -0.360818
v -1.297154 -0.221122 -1.144633
v -1.293407 0.000480 -1.021521
vn -0.9999 0.0110 0.0107
vn 0.0107 -0.0001 0.9999
vn -0.0040 0.4857 -0.8741
vn 0.0106 0.9992 -0.0374
vn -0.0141 -0.9340 -0.3569
vn 0.9999 -0.0110 -0.0107
vt 0.044204 0.992019
vt 0.044103 0.991754
vt 0.044287 0.991754
vt 0.044279 0.991977
vt 0.663649 0.581340
vt 0.672205 0.586093
vt 0.673155 0.611602
vt 0.652082 0.611602
s 1
usemtl マテリアル
f 7333/4041/1920 7332/4042/1920 7331/4043/1920 7334/4044/1920
f 7335/4042/1921 7330/4043/1921 7331/4043/1921 7332/4042/1921
f 7337/4044/1922 7336/4041/1922 7333/4041/1922 7334/4044/1922
f 7330/4043/1923 7337/4044/1923 7334/4044/1923 7331/4043/1923
f 7336/4041/1924 7335/4042/1924 7332/4042/1924 7333/4041/1924
f 7336/4045/1925 7337/4046/1925 7330/4047/1925 7335/4048/1925
o rgear_l1
v 2.642542 -0.582740 -1.052214
v 2.642542 -0.582740 -1.201368
v 2.498025 -0.582740 -1.052214
v 2.498025 -0.582740 -1.201368
v 2.629662 -0.542178 -1.188489
v 2.629662 -0.542178 -1.065094
v 2.510905 -0.542178 -1.188489
v 2.510905 -0.542178 -1.065094
v 2.642542 -0.542178 -1.201368
v 2.642542 -0.542178 -1.052214
v 2.498025 -0.542178 -1.201368
v 2.498025 -0.542178 -1.052214
v 2.629662 -0.496049 -1.188489
v 2.629662 -0.496049 -1.065094
v 2.510905 -0.496049 -1.188489
v 2.510905 -0.496049 -1.065094
v 2.645262 -0.980589 -1.027712
v 2.645262 -1.178746 -1.027713
v 2.645262 -1.178746 -1.225870
v 2.645262 -0.980589 -1.225870
v 2.740091 -0.980589 -1.027712
v 2.740091 -1.178746 -1.027713
v 2.740091 -1.178746 -1.225870
v 2.740091 -0.980589 -1.225870
v 2.692676 -0.980589 -1.225870
v 2.692676 -1.178746 -1.225870
v 2.692676 -0.980589 -1.027712
v 2.692676 -1.178746 -1.027713
v 2.740091 -0.747852 -1.027712
v 2.740091 -0.747852 -1.225870
v 2.692676 -0.747852 -1.225870
v 2.692676 -0.747852 -1.027712
v 2.730547 -0.668637 -1.027712
v 2.730547 -0.668637 -1.225870
v 2.661181 -0.700132 -1.225870
v 2.661181 -0.700132 -1.027712
v 2.696188 -0.606600 -1.027712
v 2.696188 -0.606601 -1.225870
v 2.606780 -0.674363 -1.225870
v 2.606780 -0.674363 -1.027712
v 2.495943 -0.606600 -1.027712
v 2.495943 -0.606601 -1.225870
v 2.495943 -0.674363 -1.225870
v 2.495943 -0.674363 -1.027712
v 2.666602 -0.582740 -1.027712
v 2.666602 -0.582740 -1.225870
v 2.495943 -0.582740 -1.027712
v 2.495943 -0.582740 -1.225870
v 2.637656 -0.499834 -1.196326
v 2.637656 -0.499834 -1.057256
v 2.502910 -0.499834 -1.196326
v 2.502910 -0.499834 -1.057256
v 2.642542 0.077389 -1.201368
v 2.642542 0.077390 -1.052214
v 2.498025 0.077389 -1.201368
v 2.498025 0.077390 -1.052214
v 2.498025 -0.211222 -1.201368
v 2.498025 -0.211222 -1.052214
v 2.642542 -0.211222 -1.201368
v 2.642542 -0.211222 -1.052214
vn -0.0000 -1.0000 -0.0000
vn -1.0000 -0.0000 -0.0000
vn -0.0000 -0.0000 1.0000
vn -0.0000 -0.0000 -1.0000
vn 1.0000 -0.0000 -0.0000
vn -0.0000 1.0000 -0.0000
vn -0.8346 -0.5508 -0.0000
vn 0.9928 0.1196 -0.0000
vn 0.8748 0.4845 -0.0000
vn -0.4281 -0.9037 -0.0000
vn 0.6278 0.7784 -0.0000
vn -0.0000 -0.0175 0.9998
vn 0.9999 -0.0169 -0.0000
vn -0.0000 -0.0175 -0.9998
vn -0.9999 -0.0169 -0.0000
vt 0.088899 0.974243
vt 0.088690 0.974243
vt 0.088690 0.974459
vt 0.088899 0.974459
vt 0.088708 0.974440
vt 0.088708 0.974262
vt 0.088881 0.974440
vt 0.088881 0.974262
vt 0.088903 0.974207
vt 0.088903 0.974495
vt 0.089041 0.974207
vt 0.089041 0.974495
vt 0.088972 0.974495
vt 0.088972 0.974207
vt 0.088926 0.974207
vt 0.088926 0.974495
vt 0.089027 0.974207
vt 0.088977 0.974207
vt 0.088847 0.974207
vt 0.089027 0.974495
vt 0.088847 0.974495
vt 0.088655 0.974207
vt 0.088655 0.974495
vt 0.088977 0.974495
vt 0.088934 0.974495
vt 0.088934 0.974207
vt 0.088892 0.974452
vt 0.088892 0.974250
vt 0.088697 0.974250
vt 0.088697 0.974452
s 1
usemtl マテリアル
f 7338/4049/1926 7340/4050/1926 7341/4051/1926 7339/4052/1926
f 7344/4053/1927 7345/4054/1927 7353/4054/1927 7352/4053/1927
f 7340/4050/1928 7338/4049/1928 7347/4049/1928 7349/4050/1928
f 7341/4051/1927 7340/4050/1927 7349/4050/1927 7348/4051/1927
f 7339/4052/1929 7341/4051/1929 7348/4051/1929 7346/4052/1929
f 7338/4049/1930 7339/4052/1930 7346/4052/1930 7347/4049/1930
f 7342/4055/1931 7343/4056/1931 7347/4049/1931 7346/4052/1931
f 7345/4054/1931 7344/4053/1931 7348/4051/1931 7349/4050/1931
f 7344/4053/1931 7342/4055/1931 7346/4052/1931 7348/4051/1931
f 7343/4056/1931 7345/4054/1931 7349/4050/1931 7347/4049/1931
f 7351/4056/1931 7350/4055/1931 7352/4053/1931 7353/4054/1931
f 7342/4055/1929 7344/4053/1929 7352/4053/1929 7350/4055/1929
f 7343/4056/1930 7342/4055/1930 7350/4055/1930 7351/4056/1930
f 7345/4054/1928 7343/4056/1928 7351/4056/1928 7353/4054/1928
f 7355/4057/1927 7354/4057/1927 7357/4058/1927 7356/4058/1927
f 7359/4059/1930 7360/4060/1930 7361/4060/1930 7358/4059/1930
f 7363/4061/1929 7362/4061/1929 7361/4060/1929 7360/4060/1929
f 7364/4062/1928 7358/4059/1928 7366/4059/1928 7369/4062/1928
f 7365/4062/1926 7363/4061/1926 7360/4060/1926 7359/4059/1926
f 7364/4062/1928 7365/4062/1928 7359/4059/1928 7358/4059/1928
f 7354/4057/1928 7355/4057/1928 7365/4062/1928 7364/4062/1928
f 7355/4057/1926 7356/4058/1926 7363/4061/1926 7365/4062/1926
f 7357/4058/1931 7354/4057/1931 7364/4062/1931 7362/4061/1931
f 7356/4058/1929 7357/4058/1929 7362/4061/1929 7363/4061/1929
f 7368/4061/1932 7369/4062/1932 7373/4063/1932 7372/4064/1932
f 7361/4060/1929 7362/4061/1929 7368/4061/1929 7367/4060/1929
f 7358/4059/1930 7361/4060/1930 7367/4060/1930 7366/4059/1930
f 7362/4061/1927 7364/4062/1927 7369/4062/1927 7368/4061/1927
f 7373/4063/1928 7370/4065/1928 7374/4066/1928 7377/4067/1928
f 7367/4060/1929 7368/4061/1929 7372/4064/1929 7371/4068/1929
f 7369/4062/1928 7366/4059/1928 7370/4065/1928 7373/4063/1928
f 7366/4059/1933 7367/4060/1933 7371/4068/1933 7370/4065/1933
f 7376/4069/1926 7377/4067/1926 7381/4070/1926 7380/4071/1926
f 7370/4065/1934 7371/4068/1934 7375/4072/1934 7374/4066/1934
f 7372/4064/1935 7373/4063/1935 7377/4067/1935 7376/4069/1935
f 7371/4068/1929 7372/4064/1929 7376/4069/1929 7375/4072/1929
f 7380/4071/1927 7381/4070/1927 7378/4070/1927 7379/4071/1927
f 7375/4072/1929 7376/4069/1929 7380/4071/1929 7379/4071/1929
f 7377/4067/1928 7374/4066/1928 7378/4070/1928 7381/4070/1928
f 7375/4072/1929 7379/4071/1929 7385/4071/1929 7383/4073/1929
f 7382/4074/1931 7383/4073/1931 7385/4071/1931 7384/4070/1931
f 7379/4071/1927 7378/4070/1927 7384/4070/1927 7385/4071/1927
f 7378/4070/1928 7374/4066/1928 7382/4074/1928 7384/4070/1928
f 7374/4066/1936 7375/4072/1936 7383/4073/1936 7382/4074/1936
f 7386/4075/1926 7387/4076/1926 7389/4077/1926 7388/4078/1926
f 7390/4052/1931 7392/4051/1931 7393/4050/1931 7391/4049/1931
f 7395/4050/1927 7393/4050/1927 7392/4051/1927 7394/4051/1927
f 7394/4051/1929 7392/4051/1929 7390/4052/1929 7396/4052/1929
f 7396/4052/1930 7390/4052/1930 7391/4049/1930 7397/4049/1930
f 7397/4049/1928 7391/4049/1928 7393/4050/1928 7395/4050/1928
f 7387/4076/1937 7397/4049/1937 7395/4050/1937 7389/4077/1937
f 7386/4075/1938 7396/4052/1938 7397/4049/1938 7387/4076/1938
f 7388/4078/1939 7394/4051/1939 7396/4052/1939 7386/4075/1939
f 7389/4077/1940 7395/4050/1940 7394/4051/1940 7388/4078/1940
o rgear_l2
v 2.517694 -0.121642 -1.118538
v 2.552785 -0.121642 -1.083447
v 2.306507 -0.012937 -0.907350
v 2.341598 -0.012937 -0.872259
v 2.528841 -0.078329 -1.129685
v 2.563933 -0.078329 -1.094594
v 2.317654 0.030376 -0.918498
v 2.352745 0.030376 -0.883406
v 2.278091 -0.030594 -0.912695
v 2.346942 -0.030594 -0.843844
v 2.299963 0.054389 -0.934566
v 2.368814 0.054389 -0.865715
v 2.037602 0.093193 -0.672206
v 2.106453 0.093193 -0.603355
v 2.059474 0.178176 -0.694078
v 2.128325 0.178176 -0.625226
vn -0.2418 -0.9397 0.2418
vn 0.2418 0.9397 -0.2418
vn 0.7071 -0.0000 0.7071
vn 0.5194 -0.6786 -0.5194
vn -0.7071 -0.0000 -0.7071
vn 0.6645 -0.3420 -0.6645
vn 0.3627 -0.3187 -0.8757
vn 0.8757 -0.3187 -0.3628
vn 0.7063 0.0477 -0.7063
vn -0.6645 0.3420 0.6645
vt 0.091101 0.974642
vt 0.091113 0.974630
vt 0.091042 0.974559
vt 0.091030 0.974570
vt 0.091105 0.974645
vt 0.091034 0.974574
vt 0.091046 0.974562
vt 0.091117 0.974634
vt 0.091044 0.974549
vt 0.091020 0.974572
vt 0.090939 0.974491
vt 0.090947 0.974499
vt 0.091028 0.974580
vt 0.091051 0.974556
vt 0.090962 0.974468
vt 0.090970 0.974475
s 1
usemtl マテリアル
f 7398/4079/1941 7399/4080/1941 7401/4081/1941 7400/4082/1941
f 7402/4083/1942 7404/4084/1942 7405/4085/1942 7403/4086/1942
f 7399/4080/1943 7403/4086/1943 7405/4085/1943 7401/4081/1943
f 7401/4081/1944 7407/4087/1944 7406/4088/1944 7400/4082/1944
f 7400/4082/1945 7404/4084/1945 7402/4083/1945 7398/4079/1945
f 7398/4079/1946 7402/4083/1946 7403/4086/1946 7399/4080/1946
f 7406/4088/1945 7410/4089/1945 7412/4090/1945 7408/4091/1945
f 7400/4082/1947 7406/4088/1947 7408/4091/1947 7404/4084/1947
f 7405/4085/1948 7409/4092/1948 7407/4087/1948 7401/4081/1948
f 7404/4084/1949 7408/4091/1949 7409/4092/1949 7405/4085/1949
f 7411/4093/1950 7413/4094/1950 7412/4090/1950 7410/4089/1950
f 7408/4091/1942 7412/4090/1942 7413/4094/1942 7409/4092/1942
f 7409/4092/1943 7413/4094/1943 7411/4093/1943 7407/4087/1943
f 7407/4087/1941 7411/4093/1941 7410/4089/1941 7406/4088/1941
o rgear_r1
v -2.642542 -0.582740 -1.052214
v -2.642542 -0.582740 -1.201368
v -2.498025 -0.582740 -1.052214
v -2.498025 -0.582740 -1.201368
v -2.629662 -0.542178 -1.188489
v -2.629662 -0.542178 -1.065094
v -2.510905 -0.542178 -1.188489
v -2.510905 -0.542178 -1.065094
v -2.642542 -0.542178 -1.201368
v -2.642542 -0.542178 -1.052214
v -2.498025 -0.542178 -1.201368
v -2.498025 -0.542178 -1.052214
v -2.629662 -0.496049 -1.188489
v -2.629662 -0.496049 -1.065094
v -2.510905 -0.496049 -1.188489
v -2.510905 -0.496049 -1.065094
v -2.645262 -0.980589 -1.027712
v -2.645262 -1.178746 -1.027713
v -2.645262 -1.178746 -1.225870
v -2.645262 -0.980589 -1.225870
v -2.740091 -0.980589 -1.027712
v -2.740091 -1.178746 -1.027713
v -2.740091 -1.178746 -1.225870
v -2.740091 -0.980589 -1.225870
v -2.692676 -0.980589 -1.225870
v -2.692676 -1.178746 -1.225870
v -2.692676 -0.980589 -1.027712
v -2.692676 -1.178746 -1.027713
v -2.740091 -0.747852 -1.027712
v -2.740091 -0.747852 -1.225870
v -2.692676 -0.747852 -1.225870
v -2.692676 -0.747852 -1.027712
v -2.730547 -0.668637 -1.027712
v -2.730547 -0.668637 -1.225870
v -2.661181 -0.700132 -1.225870
v -2.661181 -0.700132 -1.027712
v -2.696188 -0.606600 -1.027712
v -2.696188 -0.606601 -1.225870
v -2.606780 -0.674363 -1.225870
v -2.606780 -0.674363 -1.027712
v -2.496329 -0.606600 -1.027712
v -2.496329 -0.606601 -1.225870
v -2.496329 -0.674363 -1.225870
v -2.496329 -0.674363 -1.027712
v -2.666602 -0.582740 -1.027712
v -2.666602 -0.582740 -1.225870
v -2.496329 -0.582740 -1.027712
v -2.496329 -0.582740 -1.225870
v -2.637656 -0.499834 -1.196326
v -2.637656 -0.499834 -1.057256
v -2.502910 -0.499834 -1.196326
v -2.502910 -0.499834 -1.057256
v -2.642542 0.077389 -1.201368
v -2.642542 0.077390 -1.052214
v -2.498025 0.077389 -1.201368
v -2.498025 0.077390 -1.052214
v -2.498025 -0.211222 -1.201368
v -2.498025 -0.211222 -1.052214
v -2.642542 -0.211222 -1.201368
v -2.642542 -0.211222 -1.052214
vn -0.0000 -1.0000 -0.0000
vn 1.0000 -0.0000 -0.0000
vn -0.0000 -0.0000 1.0000
vn -0.0000 -0.0000 -1.0000
vn -1.0000 -0.0000 -0.0000
vn -0.0000 1.0000 -0.0000
vn 0.8346 -0.5508 -0.0000
vn -0.9928 0.1196 -0.0000
vn -0.8748 0.4845 -0.0000
vn 0.4281 -0.9037 -0.0000
vn -0.6278 0.7784 -0.0000
vn -0.0000 -0.0175 0.9998
vn -0.9999 -0.0169 -0.0000
vn -0.0000 -0.0175 -0.9998
vn 0.9999 -0.0169 -0.0000
vt 0.088899 0.974243
vt 0.088899 0.974459
vt 0.088690 0.974459
vt 0.088690 0.974243
vt 0.088708 0.974440
vt 0.088708 0.974262
vt 0.088881 0.974440
vt 0.088881 0.974262
vt 0.088903 0.974207
vt 0.088903 0.974495
vt 0.089041 0.974207
vt 0.089041 0.974495
vt 0.088972 0.974495
vt 0.088972 0.974207
vt 0.088926 0.974495
vt 0.088926 0.974207
vt 0.088847 0.974207
vt 0.088977 0.974207
vt 0.089027 0.974207
vt 0.089027 0.974495
vt 0.088847 0.974495
vt 0.088655 0.974495
vt 0.088655 0.974207
vt 0.088977 0.974495
vt 0.088934 0.974495
vt 0.088934 0.974207
vt 0.088892 0.974452
vt 0.088697 0.974452
vt 0.088697 0.974250
vt 0.088892 0.974250
s 1
usemtl マテリアル
f 7414/4095/1951 7415/4096/1951 7417/4097/1951 7416/4098/1951
f 7420/4099/1952 7428/4099/1952 7429/4100/1952 7421/4100/1952
f 7416/4098/1953 7425/4098/1953 7423/4095/1953 7414/4095/1953
f 7417/4097/1952 7424/4097/1952 7425/4098/1952 7416/4098/1952
f 7415/4096/1954 7422/4096/1954 7424/4097/1954 7417/4097/1954
f 7414/4095/1955 7423/4095/1955 7422/4096/1955 7415/4096/1955
f 7418/4101/1956 7422/4096/1956 7423/4095/1956 7419/4102/1956
f 7421/4100/1956 7425/4098/1956 7424/4097/1956 7420/4099/1956
f 7420/4099/1956 7424/4097/1956 7422/4096/1956 7418/4101/1956
f 7419/4102/1956 7423/4095/1956 7425/4098/1956 7421/4100/1956
f 7427/4102/1956 7429/4100/1956 7428/4099/1956 7426/4101/1956
f 7418/4101/1954 7426/4101/1954 7428/4099/1954 7420/4099/1954
f 7419/4102/1955 7427/4102/1955 7426/4101/1955 7418/4101/1955
f 7421/4100/1953 7429/4100/1953 7427/4102/1953 7419/4102/1953
f 7431/4103/1952 7432/4104/1952 7433/4104/1952 7430/4103/1952
f 7435/4105/1955 7434/4105/1955 7437/4106/1955 7436/4106/1955
f 7439/4107/1954 7436/4106/1954 7437/4106/1954 7438/4107/1954
f 7440/4108/1953 7445/4108/1953 7442/4105/1953 7434/4105/1953
f 7441/4108/1951 7435/4105/1951 7436/4106/1951 7439/4107/1951
f 7440/4108/1953 7434/4105/1953 7435/4105/1953 7441/4108/1953
f 7430/4103/1953 7440/4108/1953 7441/4108/1953 7431/4103/1953
f 7431/4103/1951 7441/4108/1951 7439/4107/1951 7432/4104/1951
f 7433/4104/1956 7438/4107/1956 7440/4108/1956 7430/4103/1956
f 7432/4104/1954 7439/4107/1954 7438/4107/1954 7433/4104/1954
f 7444/4107/1957 7448/4109/1957 7449/4110/1957 7445/4108/1957
f 7437/4106/1954 7443/4106/1954 7444/4107/1954 7438/4107/1954
f 7434/4105/1955 7442/4105/1955 7443/4106/1955 7437/4106/1955
f 7438/4107/1952 7444/4107/1952 7445/4108/1952 7440/4108/1952
f 7449/4110/1953 7453/4111/1953 7450/4112/1953 7446/4113/1953
f 7443/4106/1954 7447/4114/1954 7448/4109/1954 7444/4107/1954
f 7445/4108/1953 7449/4110/1953 7446/4113/1953 7442/4105/1953
f 7442/4105/1958 7446/4113/1958 7447/4114/1958 7443/4106/1958
f 7452/4115/1951 7456/4116/1951 7457/4117/1951 7453/4111/1951
f 7446/4113/1959 7450/4112/1959 7451/4118/1959 7447/4114/1959
f 7448/4109/1960 7452/4115/1960 7453/4111/1960 7449/4110/1960
f 7447/4114/1954 7451/4118/1954 7452/4115/1954 7448/4109/1954
f 7456/4116/1952 7455/4116/1952 7454/4117/1952 7457/4117/1952
f 7451/4118/1954 7455/4116/1954 7456/4116/1954 7452/4115/1954
f 7453/4111/1953 7457/4117/1953 7454/4117/1953 7450/4112/1953
f 7451/4118/1954 7459/4119/1954 7461/4116/1954 7455/4116/1954
f 7458/4120/1956 7460/4117/1956 7461/4116/1956 7459/4119/1956
f 7455/4116/1952 7461/4116/1952 7460/4117/1952 7454/4117/1952
f 7454/4117/1953 7460/4117/1953 7458/4120/1953 7450/4112/1953
f 7450/4112/1961 7458/4120/1961 7459/4119/1961 7451/4118/1961
f 7462/4121/1951 7464/4122/1951 7465/4123/1951 7463/4124/1951
f 7466/4096/1956 7467/4095/1956 7469/4098/1956 7468/4097/1956
f 7471/4098/1952 7470/4097/1952 7468/4097/1952 7469/4098/1952
f 7470/4097/1954 7472/4096/1954 7466/4096/1954 7468/4097/1954
f 7472/4096/1955 7473/4095/1955 7467/4095/1955 7466/4096/1955
f 7473/4095/1953 7471/4098/1953 7469/4098/1953 7467/4095/1953
f 7463/4124/1962 7465/4123/1962 7471/4098/1962 7473/4095/1962
f 7462/4121/1963 7463/4124/1963 7473/4095/1963 7472/4096/1963
f 7464/4122/1964 7462/4121/1964 7472/4096/1964 7470/4097/1964
f 7465/4123/1965 7464/4122/1965 7470/4097/1965 7471/4098/1965
o rgear_r2
v -2.517694 -0.121642 -1.118538
v -2.552785 -0.121642 -1.083447
v -2.306507 -0.012937 -0.907350
v -2.341598 -0.012937 -0.872259
v -2.528841 -0.078329 -1.129685
v -2.563933 -0.078329 -1.094594
v -2.317654 0.030376 -0.918498
v -2.352745 0.030376 -0.883406
v -2.278091 -0.030594 -0.912695
v -2.346942 -0.030594 -0.843844
v -2.299963 0.054389 -0.934566
v -2.368814 0.054389 -0.865715
v -2.037602 0.093193 -0.672206
v -2.106453 0.093193 -0.603355
v -2.059474 0.178176 -0.694078
v -2.128325 0.178176 -0.625226
vn 0.2418 -0.9397 0.2418
vn -0.2418 0.9397 -0.2418
vn -0.7071 -0.0000 0.7071
vn -0.5194 -0.6786 -0.5194
vn 0.7071 -0.0000 -0.7071
vn -0.6645 -0.3420 -0.6645
vn -0.3627 -0.3187 -0.8757
vn -0.8757 -0.3187 -0.3628
vn -0.7063 0.0477 -0.7063
vn 0.6645 0.3420 0.6645
vt 0.091101 0.974642
vt 0.091030 0.974570
vt 0.091042 0.974559
vt 0.091113 0.974630
vt 0.091105 0.974645
vt 0.091117 0.974634
vt 0.091046 0.974562
vt 0.091034 0.974574
vt 0.091020 0.974572
vt 0.091044 0.974549
vt 0.091028 0.974580
vt 0.090947 0.974499
vt 0.090939 0.974491
vt 0.091051 0.974556
vt 0.090962 0.974468
vt 0.090970 0.974475
s 1
usemtl マテリアル
f 7474/4125/1966 7476/4126/1966 7477/4127/1966 7475/4128/1966
f 7478/4129/1967 7479/4130/1967 7481/4131/1967 7480/4132/1967
f 7475/4128/1968 7477/4127/1968 7481/4131/1968 7479/4130/1968
f 7477/4127/1969 7476/4126/1969 7482/4133/1969 7483/4134/1969
f 7476/4126/1970 7474/4125/1970 7478/4129/1970 7480/4132/1970
f 7474/4125/1971 7475/4128/1971 7479/4130/1971 7478/4129/1971
f 7482/4133/1970 7484/4135/1970 7488/4136/1970 7486/4137/1970
f 7476/4126/1972 7480/4132/1972 7484/4135/1972 7482/4133/1972
f 7481/4131/1973 7477/4127/1973 7483/4134/1973 7485/4138/1973
f 7480/4132/1974 7481/4131/1974 7485/4138/1974 7484/4135/1974
f 7487/4139/1975 7486/4137/1975 7488/4136/1975 7489/4140/1975
f 7484/4135/1967 7485/4138/1967 7489/4140/1967 7488/4136/1967
f 7485/4138/1968 7483/4134/1968 7487/4139/1968 7489/4140/1968
f 7483/4134/1966 7482/4133/1966 7486/4137/1966 7487/4139/1966
o rudder
v 0.000000 1.908555 -8.358095
v 0.000000 3.220804 -8.400808
v 0.000000 1.672412 -8.355003
v -0.079711 1.908555 -7.392832
v -0.051658 3.220804 -8.023674
v -0.079711 1.927545 -8.275805
v -0.051658 3.220804 -8.318518
v -0.079711 1.674263 -8.272488
v -0.079711 1.696205 -7.294126
v 0.079711 1.908555 -7.392832
v 0.051658 3.220804 -8.023674
v 0.079711 1.927545 -8.275805
v 0.051658 3.220804 -8.318518
v 0.000000 1.908555 -8.358095
v 0.000000 3.220804 -8.400808
v 0.079711 1.674263 -8.272488
v 0.000000 1.672412 -8.355003
v 0.079711 1.696205 -7.294126
v 0.079711 1.908555 -7.392832
v 0.051658 3.220804 -8.023674
v 0.051658 3.220804 -8.318518
v 0.000000 3.220804 -8.400808
v 0.079711 1.674263 -8.272488
v 0.000000 1.672412 -8.355003
v 0.079711 1.696205 -7.294126
v -0.079711 1.908555 -7.392832
v -0.051658 3.220804 -8.023674
v -0.051658 3.220804 -8.318518
v -0.079711 1.674263 -8.272488
v -0.079711 1.696205 -7.294126
vn -0.9998 0.0216 0.0003
vn -1.0000 -0.0000 -0.0000
vn -0.7822 -0.0120 -0.6229
vn -0.7193 -0.0091 -0.6947
vn 0.9998 0.0216 0.0003
vn 1.0000 -0.0000 -0.0000
vn 0.7822 -0.0120 -0.6229
vn 0.7193 -0.0091 -0.6947
vn -0.0000 0.4333 0.9013
vn -0.0000 0.4274 0.9041
vn -0.0000 1.0000 -0.0000
vn -0.0000 0.4215 0.9068
vn -0.0000 -0.9997 0.0224
vt 0.747546 0.142241
vt 0.736162 0.142241
vt 0.737811 0.092309
vt 0.771902 0.091576
vt 0.737939 0.082530
vt 0.775713 0.083378
vt 0.732985 0.142241
vt 0.734634 0.091576
vt 0.734753 0.082459
vt 0.903054 0.303409
vt 0.878697 0.252744
vt 0.912788 0.253477
vt 0.914437 0.303409
vt 0.874886 0.244546
vt 0.912660 0.243698
vt 0.915965 0.252744
vt 0.917614 0.303409
vt 0.915846 0.243627
vt 0.006911 0.992282
vt 0.006876 0.992282
vt 0.006866 0.992069
vt 0.006920 0.992069
vt 0.006911 0.992381
vt 0.006876 0.992381
vt 0.006920 0.992036
vt 0.006866 0.992036
vt 0.006866 0.992366
vt 0.006893 0.992394
vt 0.006920 0.992366
vt 0.006893 0.992409
s 1
usemtl マテリアル
f 7494/4141/1976 7496/4142/1976 7495/4143/1976 7493/4144/1976
f 7493/4144/1977 7495/4143/1977 7497/4145/1977 7498/4146/1977
f 7496/4142/1978 7491/4147/1978 7490/4148/1978 7495/4143/1978
f 7495/4143/1979 7490/4148/1979 7492/4149/1979 7497/4145/1979
f 7500/4150/1980 7499/4151/1980 7501/4152/1980 7502/4153/1980
f 7499/4151/1981 7507/4154/1981 7505/4155/1981 7501/4152/1981
f 7502/4153/1982 7501/4152/1982 7503/4156/1982 7504/4157/1982
f 7501/4152/1983 7505/4155/1983 7506/4158/1983 7503/4156/1983
f 7509/4159/1984 7516/4160/1984 7515/4161/1985 7508/4162/1985
f 7510/4163/1986 7517/4164/1986 7516/4160/1986
f 7514/4165/1987 7508/4162/1985 7515/4161/1985 7519/4166/1987
f 7518/4167/1988 7513/4168/1988 7512/4169/1988
f 7516/4160/1986 7509/4159/1986 7510/4163/1986
f 7510/4163/1986 7511/4170/1986 7517/4164/1986
f 7512/4169/1988 7514/4165/1988 7519/4166/1988
f 7519/4166/1988 7518/4167/1988 7512/4169/1988
o stick
v 0.035269 0.743906 5.283191
v 0.026110 0.743906 5.283191
v 0.019634 0.737430 5.283191
v 0.019634 0.728272 5.283191
v 0.026110 0.721796 5.283191
v 0.035269 0.721796 5.283191
v 0.041745 0.728272 5.283191
v 0.041745 0.737430 5.283191
v 0.034354 0.741698 5.286549
v 0.027025 0.741698 5.286549
v 0.021842 0.736516 5.286549
v 0.021842 0.729186 5.286549
v 0.027025 0.724004 5.286549
v 0.034354 0.724004 5.286549
v 0.039536 0.729186 5.286549
v 0.039536 0.736516 5.286549
v 0.026110 0.743906 5.286549
v 0.035269 0.743906 5.286549
v 0.019634 0.737430 5.286549
v 0.019634 0.728272 5.286549
v 0.026110 0.721796 5.286549
v 0.035269 0.721796 5.286549
v 0.041745 0.728272 5.286549
v 0.041745 0.737430 5.286549
v 0.033398 0.739390 5.289907
v 0.027981 0.739390 5.289907
v 0.024150 0.735560 5.289907
v 0.024150 0.730142 5.289907
v 0.027981 0.726312 5.289907
v 0.033398 0.726312 5.289907
v 0.037228 0.730142 5.289907
v 0.037228 0.735560 5.289907
v 0.027025 0.741698 5.289907
v 0.034354 0.741698 5.289907
v 0.021842 0.736516 5.289907
v 0.021842 0.729186 5.289907
v 0.027025 0.724004 5.289907
v 0.034354 0.724004 5.289907
v 0.039536 0.729186 5.289907
v 0.039536 0.736516 5.289907
v 0.033087 0.738641 5.298734
v 0.028291 0.738641 5.298734
v 0.024900 0.735249 5.298734
v 0.024900 0.730453 5.298734
v 0.028291 0.727062 5.298734
v 0.033087 0.727062 5.298734
v 0.036479 0.730453 5.298734
v 0.036479 0.735249 5.298734
v 0.024150 0.735560 5.297425
v 0.027981 0.739390 5.297425
v 0.037228 0.735560 5.297425
v 0.037228 0.730142 5.297425
v 0.033398 0.726312 5.297425
v 0.027981 0.726312 5.297425
v 0.024150 0.730142 5.297425
v 0.033398 0.739390 5.297425
v 0.031077 0.803091 5.285745
v 0.037345 0.799522 5.283731
v 0.041424 0.799110 5.277462
v 0.040924 0.802098 5.270613
v 0.036138 0.806734 5.267194
v 0.029869 0.810304 5.269208
v 0.025790 0.810715 5.275476
v 0.026290 0.807728 5.282326
v 0.033112 0.805440 5.283448
v 0.037369 0.803016 5.282081
v 0.040139 0.802736 5.277823
v 0.039799 0.804765 5.273172
v 0.036549 0.807914 5.270850
v 0.032292 0.810338 5.272219
v 0.029522 0.810617 5.276475
v 0.029861 0.808588 5.281127
v 0.038568 0.801286 5.284410
v 0.032300 0.804855 5.286425
v 0.042647 0.800874 5.278142
v 0.042147 0.803862 5.271293
v 0.037361 0.808498 5.267874
v 0.031092 0.812068 5.269888
v 0.027013 0.812479 5.276156
v 0.027513 0.809492 5.283006
v 0.039268 0.814132 5.285771
v 0.042880 0.812075 5.284611
v 0.045229 0.811838 5.281000
v 0.044941 0.813559 5.277054
v 0.042184 0.816230 5.275084
v 0.038573 0.818287 5.276245
v 0.036223 0.818524 5.279856
v 0.036511 0.816803 5.283802
v 0.042857 0.810931 5.285132
v 0.038600 0.813355 5.286500
v 0.045627 0.810652 5.280875
v 0.045287 0.812681 5.276224
v 0.042037 0.815830 5.273902
v 0.037780 0.818253 5.275270
v 0.035010 0.818533 5.279527
v 0.035349 0.816504 5.284179
v -0.011550 0.680235 5.224545
v -0.028182 0.680235 5.241176
v -0.028182 0.680235 5.264697
v -0.011550 0.680235 5.281329
v 0.011971 0.680235 5.281329
v 0.028603 0.680235 5.264697
v 0.028603 0.680235 5.241176
v 0.011971 0.680235 5.224545
v -0.010940 0.658915 5.226018
v -0.026708 0.658915 5.241787
v -0.026708 0.658915 5.264087
v -0.010940 0.658915 5.279855
v 0.011360 0.658915 5.279855
v 0.027128 0.658915 5.264087
v 0.027128 0.658915 5.241787
v 0.011360 0.658915 5.226018
v -0.028182 0.658915 5.241176
v -0.011550 0.658915 5.224545
v -0.028182 0.658915 5.264697
v -0.011550 0.658915 5.281329
v 0.011971 0.658915 5.281329
v 0.028603 0.658915 5.264697
v 0.028603 0.658915 5.241176
v 0.011971 0.658915 5.224545
v -0.010940 0.655179 5.226018
v -0.026708 0.655179 5.241787
v -0.026708 0.655179 5.264087
v -0.010940 0.655179 5.279855
v 0.011360 0.655179 5.279855
v 0.027128 0.655179 5.264087
v 0.027128 0.655179 5.241787
v 0.011360 0.655179 5.226018
v -0.012390 0.654519 5.222517
v -0.030210 0.654519 5.240336
v -0.030210 0.654519 5.265536
v -0.012390 0.654519 5.283356
v 0.012810 0.654519 5.283356
v 0.030630 0.654519 5.265536
v 0.030630 0.654519 5.240336
v 0.012810 0.654519 5.222517
v -0.012390 0.650783 5.222517
v -0.030210 0.650783 5.240336
v -0.030210 0.650783 5.265536
v -0.012390 0.650783 5.283356
v 0.012810 0.650783 5.283356
v 0.030630 0.650783 5.265536
v 0.030630 0.650783 5.240336
v 0.012810 0.650783 5.222517
v -0.010276 0.682433 5.227621
v -0.025105 0.682433 5.242451
v -0.025105 0.682433 5.263423
v -0.010276 0.682433 5.278252
v 0.010696 0.682433 5.278252
v 0.025526 0.682433 5.263422
v 0.025526 0.682433 5.242451
v 0.010696 0.682433 5.227621
v 0.010696 0.685510 5.278252
v -0.010276 0.685510 5.227621
v -0.025105 0.685510 5.242451
v -0.025105 0.685510 5.263423
v -0.010276 0.685510 5.278252
v 0.025526 0.685510 5.263422
v 0.025526 0.685510 5.242451
v 0.010696 0.685510 5.227621
v -0.011120 0.685828 5.225583
v -0.027143 0.685828 5.241607
v -0.027143 0.685828 5.264267
v -0.011120 0.685828 5.280290
v 0.011540 0.685828 5.280290
v 0.027564 0.685828 5.264267
v 0.027564 0.685828 5.241607
v 0.011540 0.685828 5.225583
v -0.011120 0.690704 5.225583
v -0.027143 0.690704 5.241607
v -0.027143 0.690704 5.264267
v -0.011120 0.690704 5.280290
v 0.011540 0.690704 5.280290
v 0.027564 0.690704 5.264267
v 0.027564 0.690704 5.241607
v 0.011540 0.690704 5.225583
v -0.014243 0.697276 5.218043
v -0.034683 0.697276 5.238483
v -0.034683 0.697276 5.271565
v -0.014243 0.697276 5.292006
v 0.014663 0.697276 5.292006
v 0.035104 0.697276 5.271565
v 0.035104 0.697276 5.238483
v 0.014663 0.697276 5.218043
v -0.013947 0.720354 5.220540
v -0.033968 0.720354 5.240561
v -0.033968 0.720354 5.268979
v -0.013947 0.720354 5.289000
v 0.014367 0.720354 5.289000
v 0.034388 0.720354 5.268979
v 0.034388 0.720354 5.240561
v 0.014367 0.720354 5.220540
v 0.033646 0.692845 5.239009
v 0.033646 0.692845 5.268951
v 0.014060 0.692845 5.288538
v -0.013639 0.692845 5.288538
v -0.033226 0.692845 5.268951
v -0.033226 0.692845 5.239009
v 0.014060 0.692845 5.219423
v -0.013639 0.692845 5.219423
v -0.016081 0.760443 5.226988
v -0.025588 0.757358 5.245398
v -0.025588 0.752980 5.271527
v -0.016081 0.749896 5.289937
v 0.016502 0.749896 5.289937
v 0.026009 0.752980 5.271527
v 0.026009 0.757358 5.245398
v 0.016502 0.760443 5.226988
v -0.014091 0.831819 5.259702
v -0.022437 0.826495 5.277413
v -0.022437 0.818939 5.302552
v -0.014091 0.813615 5.320263
v 0.014512 0.813615 5.320263
v 0.022857 0.818939 5.302552
v 0.022857 0.826495 5.277413
v 0.014512 0.831819 5.259702
v 0.016384 0.742562 5.289395
v -0.015964 0.742562 5.289395
v -0.025353 0.744649 5.270153
v -0.025353 0.747611 5.242841
v 0.016353 0.749698 5.223598
v 0.025773 0.747611 5.242841
v 0.025773 0.744649 5.270153
v -0.015933 0.749698 5.223598
v 0.015507 0.796131 5.240444
v 0.024433 0.791927 5.258504
v 0.024433 0.785959 5.284139
v 0.015507 0.781755 5.302198
v -0.015086 0.781755 5.302198
v -0.024013 0.785959 5.284139
v -0.024013 0.791927 5.258504
v -0.015086 0.796131 5.240444
v -0.014091 0.862335 5.279258
v -0.022437 0.852275 5.293739
v -0.022437 0.837996 5.315765
v -0.014091 0.827936 5.331285
v 0.014512 0.827936 5.331285
v 0.022857 0.837996 5.315765
v 0.022857 0.852275 5.293739
v 0.014512 0.862335 5.279258
v 0.035084 0.891641 5.303796
v 0.042733 0.885282 5.298471
v 0.044843 0.879479 5.293612
v 0.039832 0.869457 5.285220
v -0.014091 0.841388 5.350801
v 0.014512 0.841388 5.350801
v -0.014091 0.846399 5.354494
v 0.014512 0.846399 5.354494
v -0.014091 0.873829 5.344472
v 0.014512 0.873829 5.344472
v -0.014091 0.892028 5.327328
v 0.014512 0.892028 5.327328
v -0.014091 0.898630 5.309649
v 0.005280 0.898997 5.309956
v 0.032794 0.868943 5.335093
v 0.038694 0.860828 5.326985
v 0.042221 0.853503 5.319864
v 0.038355 0.847304 5.312833
v 0.014512 0.834662 5.338845
v -0.014091 0.834662 5.338845
v -0.028370 0.860268 5.299725
v -0.028370 0.845989 5.321752
v -0.030369 0.876555 5.315276
v -0.030369 0.860902 5.335319
v -0.030209 0.854829 5.329741
v -0.030209 0.869108 5.307714
v -0.030369 0.886344 5.298953
v -0.028370 0.868886 5.284742
v -0.030209 0.877725 5.292144
v 0.031869 0.735700 5.229708
v 0.029509 0.735700 5.229708
v 0.027840 0.734031 5.229708
v 0.027840 0.731671 5.229708
v 0.029509 0.730002 5.229708
v 0.031869 0.730002 5.229708
v 0.033538 0.731671 5.229708
v 0.033538 0.734031 5.229708
v 0.035974 0.745609 5.285022
v 0.015653 0.745609 5.285022
v 0.008179 0.738135 5.285022
v 0.008179 0.727567 5.285022
v 0.015653 0.720094 5.285022
v 0.035974 0.720094 5.285022
v 0.043447 0.727567 5.285022
v 0.043447 0.738135 5.285022
v 0.043447 0.738135 5.243790
v 0.043447 0.727567 5.243790
v 0.035974 0.720094 5.243790
v 0.025405 0.720094 5.243790
v 0.017932 0.727567 5.243790
v 0.017932 0.738135 5.243790
v 0.025405 0.745609 5.243790
v 0.035974 0.745609 5.243790
v 0.040669 0.728717 5.236289
v 0.026555 0.722871 5.236289
v 0.020709 0.736985 5.236289
v 0.034823 0.742831 5.236289
v 0.040669 0.736985 5.236289
v 0.034823 0.722871 5.236289
v 0.020709 0.728717 5.236289
v 0.026555 0.742831 5.236289
v -0.012278 0.759408 5.272625
v 0.020091 0.808763 5.292019
v -0.012488 0.768771 5.249149
v 0.019881 0.818125 5.268544
v 0.004792 0.749782 5.268633
v 0.037161 0.799136 5.288027
v 0.004582 0.759144 5.245157
v 0.036951 0.808499 5.264552
v 0.014743 0.746111 5.261365
v 0.047112 0.795466 5.280760
v 0.014621 0.751541 5.247749
v 0.046990 0.800896 5.267144
v -0.012494 0.891633 5.314916
v -0.024446 0.882475 5.307234
v -0.024446 0.869527 5.296370
v -0.012494 0.860372 5.288686
v 0.004409 0.860374 5.288684
v 0.016361 0.869531 5.296366
v 0.016361 0.882479 5.307230
v 0.004409 0.891634 5.314914
v -0.012079 0.896881 5.307095
v -0.023557 0.888087 5.299717
v -0.023557 0.875651 5.289283
v -0.012079 0.866859 5.281904
v 0.004155 0.866860 5.281903
v 0.015634 0.875655 5.289279
v 0.015634 0.888091 5.299713
v 0.004155 0.896883 5.307093
v -0.017938 0.888732 5.295327
v -0.009751 0.895005 5.300589
v -0.017938 0.879863 5.287886
v -0.009751 0.873592 5.282622
v 0.001826 0.873593 5.282621
v 0.010013 0.879866 5.287882
v 0.010013 0.888735 5.295324
v 0.001826 0.895006 5.300587
v -0.021378 0.889823 5.296244
v -0.011176 0.897639 5.302799
v -0.021378 0.878771 5.286970
v -0.011176 0.870957 5.280412
v 0.003251 0.870958 5.280410
v 0.013453 0.878774 5.286966
v 0.013453 0.889827 5.296239
v 0.003251 0.897641 5.302798
v -0.017939 0.890351 5.293398
v -0.009752 0.896623 5.298659
v -0.017939 0.881482 5.285956
v -0.009752 0.875211 5.280694
v 0.001826 0.875212 5.280691
v 0.010013 0.881484 5.285953
v 0.010013 0.890354 5.293395
v 0.001826 0.896624 5.298657
v -0.017939 0.892606 5.290711
v -0.009752 0.898878 5.295972
v -0.017939 0.883736 5.283269
v -0.009752 0.877465 5.278006
v 0.001826 0.877466 5.278004
v 0.010012 0.883739 5.283265
v 0.010012 0.892608 5.290708
v 0.001826 0.898879 5.295971
v 0.002289 0.897640 5.299186
v 0.002289 0.899696 5.296735
v 0.011130 0.892924 5.291052
v 0.011131 0.890868 5.293502
v 0.011131 0.881289 5.285465
v 0.011130 0.883345 5.283014
v 0.002289 0.876571 5.277332
v 0.002289 0.874515 5.279783
v -0.010215 0.874514 5.279785
v -0.010215 0.876570 5.277334
v -0.019057 0.883342 5.283018
v -0.019057 0.881286 5.285468
v -0.019057 0.890865 5.293506
v -0.019057 0.892921 5.291055
v -0.010215 0.899695 5.296737
v -0.010215 0.897639 5.299188
v -0.008607 0.892921 5.284321
v -0.005887 0.895005 5.286069
v -0.008607 0.889974 5.281848
v -0.005887 0.887891 5.280100
v -0.002041 0.887891 5.280099
v 0.000679 0.889975 5.281847
v 0.000679 0.892922 5.284320
v -0.002041 0.895005 5.286068
v 0.030010 0.888244 5.302526
v 0.038231 0.885527 5.300478
v 0.041642 0.879175 5.295266
v 0.038246 0.872908 5.289943
v 0.030031 0.870398 5.287626
v 0.021810 0.873114 5.289674
v 0.018399 0.879466 5.294887
v 0.021795 0.885733 5.300210
v 0.030069 0.887094 5.298082
v 0.035651 0.885250 5.296692
v 0.037968 0.880936 5.293152
v 0.035661 0.876680 5.289536
v 0.030082 0.874975 5.287964
v 0.024500 0.876819 5.289354
v 0.022183 0.881133 5.292894
v 0.024490 0.885389 5.296510
v 0.038286 0.887242 5.298426
v 0.030065 0.889958 5.300473
v 0.041697 0.880889 5.293213
v 0.038301 0.874622 5.287889
v 0.030086 0.872111 5.285573
v 0.021865 0.874828 5.287621
v 0.018454 0.881180 5.292833
v 0.021850 0.887447 5.298157
v 0.030267 0.892322 5.289953
v 0.035003 0.890758 5.288774
v 0.036968 0.887098 5.285770
v 0.035011 0.883488 5.282703
v 0.030278 0.882041 5.281369
v 0.025542 0.883606 5.282549
v 0.023577 0.887265 5.285552
v 0.025534 0.890876 5.288618
v 0.035830 0.890825 5.290014
v 0.030247 0.892670 5.291405
v 0.038147 0.886511 5.286474
v 0.035840 0.882255 5.282860
v 0.030261 0.880550 5.281286
v 0.024678 0.882395 5.282677
v 0.022362 0.886709 5.286217
v 0.024669 0.890965 5.289832
vn -0.0000 -0.0000 -1.0000
vn -0.0001 -0.0000 -1.0000
vn -0.0000 1.0000 -0.0000
vn 1.0000 -0.0000 -0.0000
vn -0.0000 -1.0000 -0.0000
vn -1.0000 -0.0000 -0.0000
vn 0.7071 0.7071 -0.0000
vn 0.7071 -0.7071 -0.0000
vn -0.7071 -0.7071 -0.0000
vn -0.7071 0.7071 -0.0000
vn -0.0000 -0.0000 1.0000
vn -0.6136 0.6137 0.4968
vn -0.7070 -0.7072 -0.0000
vn -0.7070 0.7072 -0.0000
vn -0.0001 -0.0000 1.0000
vn 0.0001 -0.0000 1.0000
vn 0.8676 -0.0000 0.4972
vn -0.0000 -0.8677 0.4970
vn -0.8674 -0.0000 0.4975
vn -0.0000 0.8677 0.4971
vn 0.6133 0.6136 0.4974
vn 0.6132 0.6136 0.4974
vn 0.6137 -0.6136 0.4969
vn -0.6137 -0.6136 0.4969
vn -0.5432 -0.7834 -0.3020
vn -0.5431 -0.7834 -0.3021
vn -0.5431 -0.7834 -0.3020
vn 0.6390 -0.6191 0.4565
vn -0.6391 0.6190 -0.4565
vn 0.5447 -0.0550 -0.8369
vn 0.6391 -0.6190 0.4565
vn -0.8370 0.4766 0.2689
vn -0.0668 0.3988 -0.9146
vn 0.8370 -0.4766 -0.2690
vn 0.0665 -0.3988 0.9146
vn -0.5445 0.0549 0.8370
vn 0.5432 0.7834 0.3021
vn 0.5431 0.7834 0.3021
vn 0.5431 0.7835 0.3020
vn 0.5431 0.7835 0.3019
vn 0.5432 0.7834 0.3020
vn 0.5431 0.7834 0.3020
vn -0.0669 0.3989 -0.9145
vn 0.8370 -0.4765 -0.2690
vn 0.0667 -0.3988 0.9146
vn -0.5444 0.0548 0.8370
vn -0.6390 0.6190 -0.4565
vn 0.5446 -0.0549 -0.8369
vn 0.4649 0.3594 0.8091
vn 0.8240 0.2212 0.5217
vn 0.9482 0.3106 0.0662
vn 0.7647 0.5752 -0.2903
vn 0.3809 0.8602 -0.3390
vn 0.0215 0.9984 -0.0516
vn -0.1028 0.9090 0.4040
vn 0.0812 0.6443 0.7604
vn -0.0000 0.8137 0.5813
vn 0.7071 -0.0000 -0.7071
vn 0.7071 -0.0000 0.7071
vn -0.7071 -0.0000 0.7071
vn -0.7071 -0.0000 -0.7071
vn -0.0000 0.9827 -0.1853
vn 0.1852 0.9827 -0.0000
vn -0.0000 0.9827 0.1852
vn -0.1852 0.9827 -0.0000
vn 0.1310 0.9827 -0.1310
vn 0.1310 0.9827 0.1310
vn -0.1310 0.9827 0.1310
vn -0.1310 0.9827 -0.1310
vn -0.5813 0.8137 -0.0000
vn 0.4110 0.8137 -0.4110
vn 0.4110 0.8138 0.4110
vn -0.4110 0.8137 0.4110
vn -0.4111 0.8137 -0.4110
vn -0.0000 0.8136 -0.5814
vn 0.5813 0.8137 -0.0000
vn 0.1090 -0.9880 0.1090
vn -0.1090 -0.9880 0.1090
vn -0.1090 -0.9880 -0.1090
vn -0.0000 -0.9880 -0.1542
vn 0.1542 -0.9880 -0.0000
vn -0.0000 -0.9880 0.1542
vn -0.1542 -0.9880 -0.0000
vn 0.1090 -0.9880 -0.1090
vn 0.9499 -0.3126 -0.0000
vn 0.7045 0.0853 -0.7045
vn -0.0000 -0.6163 0.7875
vn -0.9500 -0.3124 -0.0000
vn 0.6741 -0.3018 -0.6742
vn 0.5929 -0.5448 0.5929
vn -0.5929 -0.5448 0.5929
vn -0.6741 -0.3018 -0.6742
vn -0.0000 -0.2973 -0.9548
vn -0.0000 -0.0737 0.9973
vn 0.7035 0.1007 0.7035
vn -0.7035 0.1006 0.7035
vn -0.7045 0.0853 -0.7045
vn -0.0000 0.1076 -0.9942
vn -0.0000 0.1056 -0.9944
vn 0.9995 0.0310 -0.0000
vn -0.0000 0.1292 0.9916
vn -0.9995 0.0310 -0.0000
vn -0.0000 -0.9446 -0.3283
vn -0.2329 -0.9442 -0.2329
vn -0.1914 -0.9627 0.1914
vn 0.1914 -0.9627 0.1914
vn 0.2329 -0.9442 -0.2329
vn -0.3320 -0.9433 -0.0000
vn -0.0000 -0.9679 0.2513
vn 0.3321 -0.9433 -0.0000
vn 0.8984 0.2346 -0.3713
vn -0.9997 -0.0252 -0.0035
vn 0.8941 0.1093 -0.4344
vn 0.8954 -0.0739 0.4392
vn -0.8954 -0.0738 0.4392
vn -0.8941 0.1094 -0.4344
vn -0.0000 0.3009 -0.9537
vn 0.9997 -0.0253 -0.0035
vn -0.9046 0.2291 -0.3595
vn 0.9036 -0.1823 0.3877
vn -0.9036 -0.1823 0.3877
vn -0.8984 0.2346 -0.3713
vn -0.0000 0.4749 -0.8800
vn 0.9990 0.0431 0.0087
vn 0.9991 0.0408 0.0106
vn 0.9991 0.0406 0.0108
vn -0.0000 -0.4932 0.8699
vn -0.9991 0.0408 0.0106
vn -0.9990 0.0432 0.0087
vn -0.9991 0.0406 0.0108
vn 0.9486 0.3159 0.0168
vn -0.0000 0.1036 -0.9946
vn -0.7950 0.1486 -0.5882
vn -0.7946 0.0925 0.6001
vn 0.7946 0.0925 0.6001
vn 0.7950 0.1486 -0.5882
vn -0.9486 0.3159 0.0168
vn -0.0000 -0.0178 0.9998
vn -0.9990 0.0433 0.0087
vn -0.0000 -0.3592 0.9333
vn 0.9990 0.0433 0.0087
vn -0.0000 0.3528 -0.9357
vn -0.8911 0.1886 -0.4127
vn -0.8952 -0.1283 0.4269
vn 0.8952 -0.1283 0.4268
vn 0.8911 0.1886 -0.4127
vn -0.0000 0.5395 -0.8420
vn -0.0000 -0.6099 0.7925
vn 0.9046 0.2291 -0.3595
vn 0.9069 -0.2475 0.3409
vn -0.9069 -0.2475 0.3409
vn -0.0000 -0.8716 0.4903
vn -0.0000 -0.5933 0.8050
vn -0.0000 0.3432 0.9393
vn -0.0000 0.6857 0.7279
vn -0.0095 0.9317 0.3632
vn 0.8243 0.3989 0.4017
vn 0.9496 0.1643 0.2668
vn 0.2773 0.9335 0.2271
vn 0.7838 -0.1816 0.5938
vn 0.7678 -0.2165 0.6030
vn 0.6804 -0.6387 0.3593
vn 0.5872 0.6342 0.5029
vn 0.4864 0.5991 0.6360
vn 0.4976 0.2977 0.8148
vn 0.4474 -0.8409 -0.3045
vn 0.4159 -0.7390 -0.5300
vn 0.3433 -0.6670 -0.6612
vn 0.7089 -0.6106 0.3530
vn 0.9277 -0.3108 -0.2071
vn -0.0000 -0.7471 0.6647
vn -0.8592 -0.4293 -0.2783
vn -0.9999 -0.0138 -0.0098
vn -0.9999 -0.0140 -0.0100
vn -0.9999 -0.0130 -0.0078
vn -0.7349 0.5015 0.4566
vn -0.6250 0.2679 0.7332
vn -0.7876 -0.5370 0.3021
vn -0.9880 -0.1300 -0.0837
vn -0.9880 -0.1296 -0.0840
vn -0.9874 -0.1373 -0.0781
vn -0.8327 -0.3623 0.4188
vn -0.8202 -0.4680 0.3291
vn -0.8182 -0.5315 0.2191
vn -0.7311 0.6146 0.2963
vn -0.9999 -0.0131 -0.0076
vn -0.9874 -0.1378 -0.0777
vn -0.5065 -0.5435 -0.6694
vn -0.8581 -0.4452 -0.2560
vn 0.0204 0.6326 -0.7742
vn -0.0000 0.6420 -0.7667
vn 0.0002 0.6420 -0.7667
vn 0.0001 -0.0000 -1.0000
vn -0.9731 -0.0000 -0.2302
vn 0.7072 0.7071 -0.0000
vn -0.6974 -0.6974 -0.1650
vn -0.6974 0.6974 -0.1650
vn -0.6631 0.6631 -0.3472
vn -0.6631 -0.6631 -0.3472
vn 0.6631 -0.6631 -0.3472
vn 0.6631 0.6631 -0.3473
vn -0.0000 0.9378 -0.3473
vn -0.9378 -0.0000 -0.3472
vn -0.0000 -0.9378 -0.3472
vn 0.9378 -0.0000 -0.3473
vn 0.6782 -0.0000 -0.7349
vn -0.0000 -0.6782 -0.7349
vn -0.6782 -0.0000 -0.7349
vn -0.0000 0.6782 -0.7349
vn 0.4796 0.4795 -0.7349
vn 0.4795 -0.4796 -0.7349
vn -0.4795 -0.4796 -0.7349
vn -0.4796 0.4795 -0.7349
vn -0.8535 0.4813 0.1996
vn -0.0083 0.3705 -0.9288
vn 0.3599 -0.5361 0.7636
vn 0.0083 -0.3704 0.9288
vn -0.5210 -0.7944 -0.3122
vn 0.5210 0.7944 0.3122
vn 0.8535 -0.4813 -0.1996
vn -0.5211 -0.7944 -0.3121
vn 0.3448 0.1387 -0.9284
vn 0.0001 -0.6428 0.7660
vn 0.0001 -0.6428 0.7661
vn 0.0002 -0.6428 0.7660
vn 0.6123 0.7906 0.0106
vn -0.0000 -0.7226 -0.6912
vn -0.9955 0.0607 -0.0724
vn 0.7039 0.6001 0.3799
vn 0.7056 -0.4987 -0.5034
vn -0.7050 -0.4905 -0.5123
vn -0.7031 0.6072 0.3701
vn -0.0000 0.8304 0.5572
vn 0.9970 0.0497 -0.0593
vn 0.7071 -0.5417 -0.4545
vn 0.6124 -0.1478 -0.7766
vn -0.6124 -0.1478 -0.7766
vn -0.6125 0.7904 0.0108
vn -0.0001 0.9848 0.1738
vn 0.8660 0.3214 -0.3831
vn -0.0001 -0.3422 -0.9396
vn -0.8662 0.3212 -0.3828
vn -0.0001 0.6428 -0.7660
vn -0.0001 0.6428 -0.7661
vn -0.0002 0.6427 -0.7661
vn -0.0001 0.6427 -0.7661
vn 0.0379 0.6710 -0.7405
vn -0.7075 -0.5417 -0.4539
vn -0.7065 -0.5421 -0.4549
vn -0.7072 0.5415 0.4546
vn -0.0004 0.7663 0.6424
vn 0.0006 0.7664 0.6424
vn -0.0001 -0.7659 -0.6429
vn -0.0004 -0.7659 -0.6430
vn -1.0000 -0.0003 0.0003
vn -1.0000 -0.0005 -0.0001
vn 0.7070 0.5418 0.4545
vn -0.0001 0.9313 -0.3643
vn 0.0379 0.6125 -0.7895
vn -0.0382 0.6128 -0.7893
vn -0.0387 0.6121 -0.7898
vn -0.0386 0.6128 -0.7893
vn -0.0382 0.6121 -0.7899
vn -0.0385 0.6714 -0.7401
vn -0.0001 0.6833 -0.7301
vn 0.0544 0.6419 -0.7649
vn -0.0002 0.6005 -0.7997
vn -0.0544 0.6428 -0.7641
vn -0.0554 0.6408 -0.7657
vn -0.0555 0.6427 -0.7641
vn -0.0544 0.6410 -0.7656
vn -0.2162 -0.6273 0.7482
vn -0.2165 -0.6279 0.7476
vn -0.2165 -0.6272 0.7482
vn -0.2162 -0.6279 0.7476
vn 0.0002 -0.7934 0.6087
vn -0.0001 -0.7661 -0.6427
vn 0.2170 -0.6274 0.7478
vn 1.0000 0.0005 -0.0000
vn 1.0000 -0.0001 -0.0005
vn 0.0002 -0.4620 0.8869
vn -0.0000 0.7662 0.6426
vn -0.1516 -0.5106 0.8464
vn -0.1535 -0.5103 0.8462
vn -0.1516 -0.5099 0.8468
vn -0.1533 -0.5110 0.8458
vn -0.7071 0.5418 0.4544
vn -0.1533 -0.7446 0.6496
vn -0.1523 -0.7451 0.6494
vn -0.1535 -0.7449 0.6492
vn -0.1521 -0.7448 0.6497
vn -0.7071 -0.5417 -0.4545
vn 0.1540 -0.7448 0.6493
vn 0.1530 -0.7449 0.6494
vn 0.1538 -0.7446 0.6495
vn 0.1531 -0.7451 0.6491
vn 0.1530 -0.5102 0.8464
vn 0.1534 -0.5102 0.8463
vn 0.7071 0.5418 0.4544
vn -0.0002 0.6428 -0.7660
vn -0.0002 0.6428 -0.7661
vn 0.4791 0.5642 -0.6724
vn -0.0001 0.1969 -0.9804
vn -0.4794 0.5641 -0.6723
vn 0.3388 0.8238 -0.4545
vn 0.3388 0.3045 -0.8902
vn -0.3390 0.3044 -0.8902
vn -0.3390 0.8237 -0.4545
vn -0.0206 -0.6408 0.7674
vn -0.0205 -0.6407 0.7675
vn 0.9233 0.2823 0.2604
vn -0.9233 -0.2823 -0.2603
vn 0.3834 -0.7142 -0.5857
vn 0.9234 0.2821 0.2604
vn -0.9240 0.3053 0.2301
vn -0.3818 -0.7045 -0.5983
vn 0.9240 -0.3053 -0.2301
vn 0.3818 0.7043 0.5985
vn -0.3833 0.7140 0.5859
vn 0.0207 0.6408 -0.7674
vn 0.0205 0.6408 -0.7675
vn 0.0208 0.6408 -0.7674
vn 0.0207 0.6407 -0.7675
vn 0.0205 0.6407 -0.7675
vn 0.0206 0.6408 -0.7675
vn 0.0207 0.6408 -0.7675
vn 0.0206 0.6408 -0.7674
vn 0.0204 0.6408 -0.7674
vn 0.0205 0.6408 -0.7674
vn -0.9240 0.3053 0.2302
vn -0.3818 -0.7044 -0.5984
vn 0.9240 -0.3053 -0.2302
vn 0.3818 0.7044 0.5984
vn -0.3834 0.7139 0.5859
vn -0.9234 -0.2822 -0.2603
vn 0.3833 -0.7140 -0.5859
vn 0.2557 0.9410 -0.2217
vn 0.5958 0.6759 -0.4338
vn 0.5964 0.3068 -0.7417
vn 0.2568 0.0505 -0.9651
vn -0.2236 0.0568 -0.9730
vn -0.5630 0.3220 -0.7611
vn -0.5642 0.6904 -0.4529
vn -0.2248 0.9470 -0.2295
vn -0.0003 -0.0000 1.0000
vn -0.0002 -0.0000 1.0000
vn -0.5431 -0.7835 -0.3019
vn -0.5429 -0.7835 -0.3022
vn 0.5433 0.7834 0.3020
vn 0.5433 0.7834 0.3019
vn 0.5433 0.7833 0.3020
vn -0.0005 -0.0000 -1.0000
vn 0.0005 -0.0000 -1.0000
vn -0.0004 0.6428 -0.7660
vn -0.0206 -0.6407 0.7675
vn -0.0206 -0.6409 0.7674
vn -0.0207 -0.6409 0.7673
vn 0.0204 0.6409 -0.7674
vn 0.0208 0.6407 -0.7675
vn 0.0207 0.6409 -0.7674
vn 0.0203 0.6407 -0.7675
vn 0.0206 0.6407 -0.7675
vt 0.091848 0.991687
vt 0.139699 0.991687
vt 0.091503 0.988738
vt 0.139250 0.988738
vt 0.072805 0.970203
vt 0.073180 0.970203
vt 0.073430 0.970203
vt 0.073430 0.970453
vt 0.073180 0.970453
vt 0.073430 0.970703
vt 0.073180 0.970703
vt 0.073430 0.970953
vt 0.073180 0.970953
vt 0.073430 0.971203
vt 0.073180 0.971203
vt 0.072930 0.970703
vt 0.072930 0.970953
vt 0.073680 0.970703
vt 0.073680 0.970953
vt 0.059377 0.990467
vt 0.075246 0.980457
vt 0.087016 0.993307
vt 0.138669 0.993307
vt 0.138670 0.993307
s 1
usemtl マテリアル.002
f 7524/4171/1989 7523/4171/1990 7522/4171/1989
f 7528/4171/1991 7529/4171/1991 7552/4171/1991 7553/4171/1991
f 7526/4171/1992 7527/4171/1992 7543/4171/1992 7542/4171/1992
f 7524/4171/1993 7525/4171/1993 7541/4171/1993 7540/4171/1993
f 7522/4171/1994 7523/4171/1994 7539/4171/1994 7538/4171/1994
f 7520/4171/1991 7521/4171/1991 7536/4171/1991 7537/4171/1991
f 7527/4171/1995 7520/4171/1995 7537/4171/1995 7543/4171/1995
f 7525/4171/1996 7526/4171/1996 7542/4171/1996 7541/4171/1996
f 7523/4171/1997 7524/4171/1997 7540/4171/1997 7539/4171/1997
f 7521/4171/1998 7522/4171/1998 7538/4171/1998 7536/4171/1998
f 7529/4171/1999 7528/4171/1999 7537/4171/1999 7536/4171/1999
f 7530/4171/1999 7529/4171/1999 7536/4171/1999 7538/4171/1999
f 7531/4171/1999 7530/4171/1999 7538/4171/1999 7539/4171/1999
f 7532/4171/1999 7531/4171/1999 7539/4171/1999 7540/4171/1999
f 7533/4171/1999 7532/4171/1999 7540/4171/1999 7541/4171/1999
f 7534/4171/1999 7533/4171/1999 7541/4171/1999 7542/4171/1999
f 7535/4171/1999 7534/4171/1999 7542/4171/1999 7543/4171/1999
f 7528/4171/1999 7535/4171/1999 7543/4171/1999 7537/4171/1999
f 7569/4172/2000 7568/4172/2000 7562/4172/2000 7561/4172/2000
f 7535/4171/1995 7528/4171/1995 7553/4171/1995 7559/4171/1995
f 7533/4171/1996 7534/4171/1996 7558/4171/1996 7557/4171/1996
f 7531/4171/2001 7532/4171/2001 7556/4171/2001 7555/4171/2001
f 7529/4171/2002 7530/4171/2002 7554/4171/2002 7552/4171/2002
f 7534/4171/1992 7535/4171/1992 7559/4171/1992 7558/4171/1992
f 7532/4171/1993 7533/4171/1993 7557/4171/1993 7556/4171/1993
f 7530/4171/1994 7531/4171/1994 7555/4171/1994 7554/4171/1994
f 7545/4171/2003 7544/4171/2004 7553/4171/2004 7552/4171/2003
f 7546/4171/2003 7545/4171/2003 7552/4171/2003 7554/4171/2003
f 7547/4171/2003 7546/4171/2003 7554/4171/2003 7555/4171/2003
f 7548/4171/2003 7547/4171/2003 7555/4171/2003 7556/4171/2003
f 7549/4171/2004 7548/4171/2003 7556/4171/2003 7557/4171/2004
f 7550/4171/2004 7549/4171/2004 7557/4171/2004 7558/4171/2004
f 7551/4171/2004 7550/4171/2004 7558/4171/2004 7559/4171/2004
f 7544/4171/2004 7551/4171/2004 7559/4171/2004 7553/4171/2004
f 7560/4172/1999 7562/4172/1999 7564/4172/1999
f 7571/4172/2005 7570/4172/2005 7567/4172/2005 7566/4172/2005
f 7573/4172/2006 7572/4172/2006 7565/4172/2006 7564/4172/2006
f 7568/4172/2007 7574/4172/2007 7563/4172/2007 7562/4172/2007
f 7575/4172/2008 7569/4172/2008 7561/4172/2008 7560/4172/2008
f 7570/4172/2009 7575/4172/2009 7560/4172/2009 7567/4172/2010
f 7572/4172/2011 7571/4172/2011 7566/4172/2011 7565/4172/2011
f 7574/4172/2012 7573/4172/2012 7564/4172/2012 7563/4172/2012
f 7547/4172/2001 7548/4172/2001 7573/4172/2001 7574/4172/2001
f 7549/4172/1996 7550/4172/1996 7571/4172/1996 7572/4172/1996
f 7551/4172/1995 7544/4172/1995 7575/4172/1995 7570/4172/1995
f 7544/4172/1991 7545/4172/1991 7569/4172/1991 7575/4172/1991
f 7546/4172/1994 7547/4172/1994 7574/4172/1994 7568/4172/1994
f 7548/4172/1993 7549/4172/1993 7572/4172/1993 7573/4172/1993
f 7550/4172/1992 7551/4172/1992 7570/4172/1992 7571/4172/1992
f 7545/4172/2002 7546/4172/2002 7568/4172/2002 7569/4172/2002
f 7582/4173/2013 7580/4173/2014 7578/4173/2015
f 7585/4174/2016 7586/4174/2016 7610/4174/2016 7608/4174/2016
f 7581/4173/2017 7582/4173/2017 7598/4173/2017 7597/4173/2017
f 7579/4173/2018 7580/4173/2018 7596/4173/2018 7595/4173/2018
f 7577/4173/2019 7578/4173/2019 7594/4173/2019 7592/4173/2019
f 7582/4173/2020 7583/4173/2020 7599/4173/2020 7598/4173/2020
f 7580/4173/2021 7581/4173/2021 7597/4173/2021 7596/4173/2021
f 7578/4173/2022 7579/4173/2022 7595/4173/2022 7594/4173/2022
f 7576/4173/2023 7577/4173/2023 7592/4173/2023 7593/4173/2023
f 7583/4173/2024 7576/4173/2024 7593/4173/2024 7599/4173/2024
f 7585/4173/2025 7584/4173/2026 7593/4173/2026 7592/4173/2025
f 7586/4173/2025 7585/4173/2025 7592/4173/2025 7594/4173/2025
f 7587/4173/2026 7586/4173/2025 7594/4173/2025 7595/4173/2026
f 7588/4173/2027 7587/4173/2026 7595/4173/2026 7596/4173/2027
f 7589/4173/2028 7588/4173/2027 7596/4173/2027 7597/4173/2028
f 7590/4173/2027 7589/4173/2028 7597/4173/2028 7598/4173/2027
f 7591/4173/2029 7590/4173/2027 7598/4173/2027 7599/4173/2029
f 7584/4173/2026 7591/4173/2029 7599/4173/2029 7593/4173/2026
f 7606/4174/2025 7607/4174/2030 7600/4174/2030
f 7590/4174/2020 7591/4174/2020 7615/4174/2020 7614/4174/2020
f 7588/4174/2031 7589/4174/2031 7613/4174/2031 7612/4174/2031
f 7586/4174/2032 7587/4174/2032 7611/4174/2032 7610/4174/2032
f 7584/4174/2033 7585/4174/2033 7608/4174/2033 7609/4174/2033
f 7591/4174/2034 7584/4174/2034 7609/4174/2034 7615/4174/2034
f 7589/4174/2035 7590/4174/2035 7614/4174/2035 7613/4174/2035
f 7587/4174/2036 7588/4174/2036 7612/4174/2036 7611/4174/2036
f 7601/4174/2037 7600/4174/2037 7609/4174/2037 7608/4174/2037
f 7602/4174/2038 7601/4174/2038 7608/4174/2038 7610/4174/2038
f 7603/4174/2039 7602/4174/2039 7610/4174/2039 7611/4174/2039
f 7604/4174/2040 7603/4174/2040 7611/4174/2040 7612/4174/2040
f 7605/4174/2041 7604/4174/2041 7612/4174/2041 7613/4174/2041
f 7606/4174/2042 7605/4174/2042 7613/4174/2042 7614/4174/2042
f 7607/4174/2043 7606/4174/2043 7614/4174/2043 7615/4174/2043
f 7600/4174/2044 7607/4174/2044 7615/4174/2044 7609/4174/2044
f 7619/4175/2045 7620/4175/2045 7668/4175/2045 7667/4175/2045
f 7625/4175/1994 7641/4175/1994 7642/4175/1994 7626/4175/1994
f 7623/4175/1989 7639/4175/1989 7633/4175/1989 7616/4175/1989
f 7621/4175/1992 7637/4175/1992 7638/4175/1992 7622/4175/1992
f 7619/4175/1999 7635/4175/1999 7636/4175/1999 7620/4175/1999
f 7617/4175/1994 7632/4175/1994 7634/4175/1994 7618/4175/1994
f 7622/4175/2046 7638/4175/2046 7639/4175/2046 7623/4175/2046
f 7620/4175/2047 7636/4175/2047 7637/4175/2047 7621/4175/2047
f 7618/4175/2048 7634/4175/2048 7635/4175/2048 7619/4175/2048
f 7616/4175/2049 7633/4175/2049 7632/4175/2049 7617/4175/2049
f 7625/4175/1993 7632/4175/1993 7633/4175/1993 7624/4175/1993
f 7626/4175/1993 7634/4175/1993 7632/4175/1993 7625/4175/1993
f 7627/4175/1993 7635/4175/1993 7634/4175/1993 7626/4175/1993
f 7628/4175/1993 7636/4175/1993 7635/4175/1993 7627/4175/1993
f 7629/4175/1993 7637/4175/1993 7636/4175/1993 7628/4175/1993
f 7630/4175/1993 7638/4175/1993 7637/4175/1993 7629/4175/1993
f 7631/4175/1993 7639/4175/1993 7638/4175/1993 7630/4175/1993
f 7624/4175/1993 7633/4175/1993 7639/4175/1993 7631/4175/1993
f 7647/4175/2050 7655/4175/2050 7648/4175/2050 7640/4175/2050
f 7630/4175/2046 7646/4175/2046 7647/4175/2046 7631/4175/2046
f 7628/4175/2047 7644/4175/2047 7645/4175/2047 7629/4175/2047
f 7626/4175/2048 7642/4175/2048 7643/4175/2048 7627/4175/2048
f 7624/4175/2049 7640/4175/2049 7641/4175/2049 7625/4175/2049
f 7631/4175/1989 7647/4175/1989 7640/4175/1989 7624/4175/1989
f 7629/4175/1992 7645/4175/1992 7646/4175/1992 7630/4175/1992
f 7627/4175/1999 7643/4175/1999 7644/4175/1999 7628/4175/1999
f 7650/4175/2048 7658/4175/2048 7659/4175/2048 7651/4175/2048
f 7645/4175/2051 7653/4175/2051 7654/4175/2051 7646/4175/2051
f 7643/4175/2052 7651/4175/2052 7652/4175/2052 7644/4175/2052
f 7641/4175/2053 7649/4175/2053 7650/4175/2053 7642/4175/2053
f 7646/4175/2054 7654/4175/2054 7655/4175/2054 7647/4175/2054
f 7644/4175/2055 7652/4175/2055 7653/4175/2055 7645/4175/2055
f 7642/4175/2056 7650/4175/2056 7651/4175/2056 7643/4175/2056
f 7640/4175/2057 7648/4175/2057 7649/4175/2057 7641/4175/2057
f 7656/4175/1993 7662/4175/1993 7660/4175/1993
f 7648/4175/2049 7656/4175/2049 7657/4175/2049 7649/4175/2049
f 7655/4175/1989 7663/4175/1989 7656/4175/1989 7648/4175/1989
f 7653/4175/1992 7661/4175/1992 7662/4175/1992 7654/4175/1992
f 7651/4175/1999 7659/4175/1999 7660/4175/1999 7652/4175/1999
f 7649/4175/1994 7657/4175/1994 7658/4175/1994 7650/4175/1994
f 7654/4175/2046 7662/4175/2046 7663/4175/2046 7655/4175/2046
f 7652/4175/2047 7660/4175/2047 7661/4175/2047 7653/4175/2047
f 7667/4175/1999 7668/4175/1999 7672/4175/1999 7676/4175/1999
f 7617/4175/2058 7618/4175/2058 7666/4175/2058 7665/4175/2058
f 7622/4175/2059 7623/4175/2059 7671/4175/2059 7670/4175/2059
f 7620/4175/2060 7621/4175/2060 7669/4175/2060 7668/4175/2060
f 7618/4175/2061 7619/4175/2061 7667/4175/2061 7666/4175/2061
f 7616/4175/2062 7617/4175/2062 7665/4175/2062 7664/4175/2062
f 7623/4175/2063 7616/4175/2063 7664/4175/2063 7671/4175/2063
f 7621/4175/2064 7622/4175/2064 7670/4175/2064 7669/4175/2064
f 7665/4175/1994 7666/4175/1994 7675/4175/1994 7674/4175/1994
f 7670/4175/2046 7671/4175/2046 7679/4175/2046 7678/4175/2046
f 7668/4175/2047 7669/4175/2047 7677/4175/2047 7672/4175/2047
f 7666/4175/2048 7667/4175/2048 7676/4175/2048 7675/4175/2048
f 7664/4175/2049 7665/4175/2049 7674/4175/2049 7673/4175/2049
f 7671/4175/1989 7664/4175/1989 7673/4175/1989 7679/4175/1989
f 7669/4175/1992 7670/4175/1992 7678/4175/1992 7677/4175/1992
f 7672/4175/2065 7677/4175/2065 7685/4175/2065 7684/4175/2065
f 7686/4175/2046 7687/4175/2046 7695/4175/2046 7694/4175/2046
f 7675/4175/2066 7676/4175/2066 7683/4175/2066 7682/4175/2066
f 7673/4175/2067 7674/4175/2067 7681/4175/2067 7680/4175/2067
f 7679/4175/2068 7673/4175/2068 7680/4175/2068 7687/4175/2068
f 7677/4175/2069 7678/4175/2069 7686/4175/2069 7685/4175/2069
f 7676/4175/2070 7672/4175/2070 7684/4175/2070 7683/4175/2070
f 7674/4175/2071 7675/4175/2071 7682/4175/2071 7681/4175/2071
f 7678/4175/2072 7679/4175/2072 7687/4175/2072 7686/4175/2072
f 7713/4175/2073 7712/4175/2073 7702/4175/2073 7701/4175/2073
f 7684/4175/2047 7685/4175/2047 7693/4175/2047 7692/4175/2047
f 7682/4175/2048 7683/4175/2048 7691/4175/2048 7690/4175/2048
f 7680/4175/2049 7681/4175/2049 7689/4175/2049 7688/4175/2049
f 7687/4175/1989 7680/4175/1989 7688/4175/1989 7695/4175/1989
f 7685/4175/1992 7686/4175/1992 7694/4175/1992 7693/4175/1992
f 7683/4175/1999 7684/4175/1999 7692/4175/1999 7691/4175/1999
f 7681/4175/1994 7682/4175/1994 7690/4175/1994 7689/4175/1994
f 7702/4175/2074 7703/4175/2074 7711/4175/2074 7710/4175/2074
f 7715/4175/2075 7714/4175/2075 7700/4175/2075 7699/4175/2075
f 7717/4175/2076 7716/4175/2076 7698/4175/2076 7697/4175/2076
f 7712/4175/2077 7718/4175/2077 7703/4175/2077 7702/4175/2077
f 7714/4175/2078 7713/4175/2078 7701/4175/2078 7700/4175/2078
f 7716/4175/2079 7715/4175/2079 7699/4175/2079 7698/4175/2079
f 7719/4175/2080 7717/4175/2080 7697/4175/2080 7696/4175/2080
f 7718/4175/2081 7719/4175/2081 7696/4175/2081 7703/4175/2081
f 7737/4175/2082 7736/4175/2082 7724/4175/2082 7723/4175/2082
f 7700/4175/2083 7701/4175/2083 7709/4175/2083 7708/4175/2083
f 7698/4175/2084 7699/4175/2084 7707/4175/2084 7706/4175/2084
f 7696/4175/2085 7697/4175/2085 7705/4175/2085 7704/4175/2085
f 7703/4175/2086 7696/4175/2086 7704/4175/2087 7711/4175/2087
f 7701/4175/2088 7702/4175/2088 7710/4175/2088 7709/4175/2088
f 7699/4175/2089 7700/4175/2089 7708/4175/2089 7707/4175/2089
f 7697/4175/2090 7698/4175/2090 7706/4175/2090 7705/4175/2090
f 7695/4175/2091 7688/4175/2091 7719/4175/2091 7718/4175/2091
f 7688/4175/2092 7689/4175/2092 7717/4175/2092 7719/4175/2092
f 7690/4175/2093 7691/4175/2093 7715/4175/2093 7716/4175/2093
f 7692/4175/2094 7693/4175/2094 7713/4175/2094 7714/4175/2094
f 7694/4175/2095 7695/4175/2095 7718/4175/2095 7712/4175/2095
f 7689/4175/2096 7690/4175/2096 7716/4175/2096 7717/4175/2096
f 7691/4175/2097 7692/4175/2097 7714/4175/2097 7715/4175/2097
f 7693/4175/2098 7694/4175/2098 7712/4175/2098 7713/4175/2098
f 7745/4175/2099 7744/4175/2099 7735/4175/2099 7734/4175/2099
f 7739/4175/2100 7738/4175/2100 7722/4175/2100 7721/4175/2100
f 7741/4175/2101 7740/4175/2101 7727/4175/2101 7726/4175/2101
f 7736/4175/2102 7742/4175/2102 7725/4175/2102 7724/4175/2102
f 7738/4175/2103 7737/4175/2103 7723/4175/2103 7722/4175/2103
f 7743/4175/2104 7739/4175/2104 7721/4175/2104 7720/4175/2104
f 7740/4175/2105 7743/4175/2105 7720/4175/2105 7727/4175/2105
f 7742/4175/2106 7741/4175/2106 7726/4175/2106 7725/4175/2106
f 7728/4175/2107 7729/4175/2107 7753/4175/2107 7752/4175/2107
f 7747/4175/2108 7746/4175/2108 7733/4175/2108 7732/4175/2108
f 7749/4175/2109 7748/4175/2109 7731/4175/2109 7730/4175/2109
f 7751/4175/2110 7750/4175/2110 7729/4175/2110 7728/4175/2110
f 7744/4175/2111 7751/4175/2111 7728/4175/2111 7735/4175/2111
f 7746/4175/2112 7745/4175/2113 7734/4175/2114 7733/4175/2114
f 7748/4175/2115 7747/4175/2115 7732/4175/2115 7731/4175/2115
f 7750/4175/2116 7749/4175/2117 7730/4175/2118 7729/4175/2118
f 7709/4175/2119 7710/4175/2119 7741/4175/2119 7742/4175/2119
f 7711/4175/2087 7704/4175/2087 7743/4175/2120 7740/4175/2120
f 7704/4175/2121 7705/4175/2121 7739/4175/2121 7743/4175/2121
f 7706/4175/2122 7707/4175/2122 7737/4175/2122 7738/4175/2122
f 7708/4175/2123 7709/4175/2123 7742/4175/2123 7736/4175/2123
f 7710/4175/2124 7711/4175/2124 7740/4175/2124 7741/4175/2124
f 7705/4175/2125 7706/4175/2125 7738/4175/2125 7739/4175/2125
f 7707/4175/2126 7708/4175/2126 7736/4175/2126 7737/4175/2126
f 7721/4175/2127 7722/4175/2127 7749/4175/2117 7750/4175/2116
f 7723/4175/2128 7724/4175/2128 7747/4175/2128 7748/4175/2128
f 7725/4175/2129 7726/4175/2129 7745/4175/2113 7746/4175/2112
f 7727/4175/2130 7720/4175/2130 7751/4175/2130 7744/4175/2130
f 7720/4175/2131 7721/4175/2131 7750/4175/2131 7751/4175/2131
f 7722/4175/2132 7723/4175/2132 7748/4175/2132 7749/4175/2132
f 7724/4175/2133 7725/4175/2133 7746/4175/2133 7747/4175/2133
f 7726/4175/2134 7727/4175/2134 7744/4175/2134 7745/4175/2134
f 7735/4175/2135 7728/4175/2135 7752/4175/2135 7759/4175/2135
f 7733/4175/1992 7734/4175/1992 7758/4175/1992 7757/4175/1992
f 7731/4175/2136 7732/4175/2136 7756/4175/2136 7755/4175/2136
f 7729/4175/1994 7730/4175/1994 7754/4175/1994 7753/4175/1994
f 7734/4175/2137 7735/4175/2137 7759/4175/2137 7758/4175/2137
f 7732/4175/2138 7733/4175/2138 7757/4175/2138 7756/4175/2138
f 7730/4175/2139 7731/4175/2139 7755/4175/2139 7754/4175/2139
f 7779/4175/2140 7778/4175/2140 7765/4175/2140 7764/4175/2140
f 7764/4175/2141 7765/4175/2141 7767/4175/2141 7766/4175/2141
f 7766/4175/2142 7767/4175/2142 7769/4175/2142 7768/4175/2142
f 7768/4175/2143 7769/4175/2143 7771/4175/2143 7770/4175/2143
f 7770/4175/2144 7771/4175/2144 7773/4175/2144 7772/4175/2144
f 7761/4175/2145 7760/4175/2145 7774/4175/2145 7775/4175/2145
f 7762/4175/2146 7761/4175/2146 7775/4175/2146 7776/4175/2146
f 7773/4175/2147 7771/4175/2147 7760/4175/2147
f 7775/4175/2148 7774/4175/2148 7767/4175/2148 7765/4175/2148
f 7776/4175/2149 7775/4175/2149 7765/4175/2149
f 7776/4175/2150 7765/4175/2150 7778/4175/2150
f 7760/4175/2151 7771/4175/2151 7774/4175/2151
f 7771/4175/2152 7769/4175/2152 7774/4175/2152
f 7767/4175/2153 7774/4175/2153 7769/4175/2153
f 7756/4175/2154 7757/4175/2154 7777/4175/2154
f 7758/4175/2155 7763/4175/2155 7777/4175/2155 7757/4175/2155
f 7758/4175/2156 7759/4175/2156 7763/4175/2156
f 7777/4175/2157 7776/4175/2157 7778/4175/2157 7756/4175/2157
f 7763/4175/2158 7762/4175/2158 7776/4175/2158 7777/4175/2158
f 7755/4175/2159 7756/4175/2159 7778/4175/2159 7779/4175/2159
f 7753/4175/2160 7754/4175/2160 7781/4175/2160 7780/4175/2160
f 7785/4175/2161 7784/4175/2162 7783/4175/2162 7782/4175/2163
f 7782/4175/2164 7783/4175/2164 7768/4175/2164 7770/4175/2164
f 7768/4175/2165 7783/4175/2165 7766/4175/2165
f 7781/4175/2166 7779/4175/2166 7764/4175/2166
f 7780/4175/2167 7781/4175/2168 7784/4175/2168 7785/4175/2169
f 7783/4175/2170 7784/4175/2170 7764/4175/2170 7766/4175/2170
f 7764/4175/2171 7784/4175/2171 7781/4175/2171
f 7754/4175/2172 7755/4175/2172 7779/4175/2172 7781/4175/2172
f 7770/4175/2173 7772/4175/2173 7786/4175/2173 7782/4175/2173
f 7785/4175/2161 7782/4175/2163 7786/4175/2174 7788/4175/2174
f 7780/4175/2167 7785/4175/2169 7788/4175/2175 7787/4175/2175
f 7752/4175/2176 7753/4175/2176 7787/4175/2176
f 7780/4175/2177 7787/4175/2177 7753/4175/2177
f 7772/4175/2178 7787/4175/2178 7788/4175/2178 7786/4175/2178
f 7773/4175/2179 7752/4175/2179 7787/4175/2179 7772/4175/2179
f 7752/4175/2179 7773/4175/2179 7760/4175/2179 7759/4175/2179
f 7759/4175/2179 7760/4175/2179 7761/4175/2179 7763/4175/2179
f 7762/4175/2180 7763/4175/2179 7761/4175/2179
f 7789/4175/2181 7795/4175/2181 7793/4175/1990
f 7806/4175/1992 7805/4175/1992 7804/4175/1992 7803/4175/1992
f 7808/4175/1993 7807/4175/1993 7802/4175/1993 7801/4175/1993
f 7810/4175/2182 7809/4175/2182 7800/4175/2182 7799/4175/2182
f 7812/4175/1991 7811/4175/1991 7798/4175/1991 7797/4175/1991
f 7805/4175/2183 7812/4175/2183 7797/4175/2183 7804/4175/2183
f 7807/4175/1996 7806/4175/1996 7803/4175/1996 7802/4175/1996
f 7809/4175/2184 7808/4175/2184 7801/4175/2184 7800/4175/2184
f 7811/4175/2185 7810/4175/2185 7799/4175/2185 7798/4175/2185
f 7820/4175/2186 7815/4175/2186 7810/4175/2186 7811/4175/2186
f 7819/4175/2187 7814/4175/2187 7808/4175/2187 7809/4175/2187
f 7818/4175/2188 7813/4175/2188 7806/4175/2188 7807/4175/2188
f 7817/4175/2189 7816/4175/2189 7812/4175/2189 7805/4175/2189
f 7816/4175/2190 7820/4175/2190 7811/4175/2190 7812/4175/2190
f 7815/4175/2191 7819/4175/2191 7809/4175/2191 7810/4175/2191
f 7814/4175/2192 7818/4175/2192 7807/4175/2192 7808/4175/2192
f 7813/4175/2193 7817/4175/2193 7805/4175/2193 7806/4175/2193
f 7795/4175/2194 7796/4175/2194 7817/4175/2194 7813/4175/2194
f 7793/4175/2195 7794/4175/2195 7818/4175/2195 7814/4175/2195
f 7791/4175/2196 7792/4175/2196 7819/4175/2196 7815/4175/2196
f 7789/4175/2197 7790/4175/2197 7820/4175/2197 7816/4175/2197
f 7796/4175/2198 7789/4175/2198 7816/4175/2198 7817/4175/2198
f 7794/4175/2199 7795/4175/2199 7813/4175/2199 7818/4175/2199
f 7792/4175/2200 7793/4175/2200 7814/4175/2200 7819/4175/2200
f 7790/4175/2201 7791/4175/2201 7815/4175/2201 7820/4175/2201
f 7797/4175/1999 7798/4175/1999 7799/4175/1999 7804/4175/1999
f 7800/4175/1999 7803/4175/1999 7804/4175/1999 7799/4175/1999
f 7801/4175/1999 7802/4175/1999 7803/4175/1999 7800/4175/1999
f 7821/4176/2202 7822/4177/2202 7824/4178/2202 7823/4179/2202
f 7823/4179/2203 7824/4178/2203 7828/4180/2203 7827/4181/2203
f 7826/4182/2204 7825/4183/2204 7829/4183/2204 7830/4182/2204
f 7825/4183/2205 7826/4182/2205 7822/4184/2205 7821/4185/2205
f 7823/4186/2206 7827/4181/2206 7825/4183/2206 7821/4187/2206
f 7828/4180/2207 7824/4188/2207 7822/4189/2207 7826/4182/2207
f 7831/4181/2208 7832/4180/2208 7830/4182/2208 7829/4183/2208
f 7825/4183/2206 7827/4181/2206 7831/4181/2209 7829/4183/2209
f 7828/4180/2207 7826/4182/2207 7830/4182/2207 7832/4180/2207
f 7827/4181/2210 7828/4180/2210 7832/4180/2210 7831/4181/2210
f 7837/4190/2211 7835/4190/2212 7836/4190/2213
f 7847/4190/2214 7863/4190/2214 7864/4190/2214 7848/4190/2214
f 7836/4190/2215 7844/4190/2215 7845/4190/2215 7837/4190/2215
f 7834/4190/2216 7842/4190/2216 7843/4190/2216 7835/4190/2216
f 7839/4190/2217 7847/4190/2217 7848/4190/2217 7840/4190/2217
f 7837/4190/2218 7845/4190/2218 7846/4190/2218 7838/4190/2218
f 7835/4190/2219 7843/4190/2219 7844/4190/2219 7836/4190/2219
f 7833/4190/2220 7841/4190/2220 7842/4190/2220 7834/4190/2220
f 7840/4190/2221 7848/4190/2221 7841/4190/2221 7833/4190/2221
f 7838/4190/2222 7846/4190/2222 7847/4190/2222 7839/4190/2222
f 7853/4191/2223 7869/4191/2223 7870/4191/2223 7854/4191/2223
f 7845/4190/2224 7861/4190/2224 7862/4190/2224 7846/4190/2224
f 7843/4190/2225 7859/4190/2225 7860/4190/2225 7844/4190/2225
f 7841/4190/2226 7858/4190/2226 7857/4190/2226 7842/4190/2226
f 7848/4190/2227 7864/4190/2227 7858/4190/2227 7841/4190/2227
f 7846/4190/2228 7862/4190/2228 7863/4190/2228 7847/4190/2228
f 7844/4190/2229 7860/4190/2229 7861/4190/2229 7845/4190/2229
f 7842/4190/2230 7857/4190/2230 7859/4190/2230 7843/4190/2230
f 7849/4190/2231 7857/4190/2231 7858/4190/2232 7850/4190/2232
f 7851/4190/2232 7859/4190/2232 7857/4190/2231 7849/4190/2231
f 7852/4190/2233 7860/4190/2233 7859/4190/2232 7851/4190/2232
f 7853/4190/2234 7861/4190/2234 7860/4190/2233 7852/4190/2233
f 7854/4190/2234 7862/4190/2234 7861/4190/2234 7853/4190/2234
f 7855/4190/2233 7863/4190/2233 7862/4190/2234 7854/4190/2234
f 7856/4190/2233 7864/4190/2233 7863/4190/2233 7855/4190/2233
f 7850/4190/2232 7858/4190/2232 7864/4190/2233 7856/4190/2233
f 7883/4191/2235 7879/4191/2235 7880/4191/2235 7882/4191/2235
f 7851/4191/2236 7867/4191/2237 7868/4191/2236 7852/4191/2237
f 7850/4191/2238 7866/4191/2238 7865/4191/2238 7849/4191/2238
f 7856/4191/2239 7872/4191/2240 7866/4191/2239 7850/4191/2240
f 7854/4191/1992 7870/4191/1992 7871/4191/1992 7855/4191/1992
f 7852/4191/2241 7868/4191/2242 7869/4191/2241 7853/4191/2242
f 7849/4191/2243 7865/4191/2244 7867/4191/2243 7851/4191/2244
f 7855/4191/2245 7871/4191/2245 7872/4191/2245 7856/4191/2245
f 7880/4191/2246 7904/4191/2246 7898/4191/2246 7874/4191/2246
f 7887/4191/2247 7877/4191/2247 7878/4191/2247 7886/4191/2247
f 7891/4191/2248 7875/4191/2249 7876/4191/2250 7890/4191/2251
f 7895/4191/2252 7874/4191/2252 7873/4191/2252 7894/4191/2252
f 7882/4191/2253 7880/4191/2253 7874/4191/2253 7895/4191/2253
f 7886/4191/2254 7878/4191/2254 7879/4191/2254 7883/4191/2254
f 7890/4191/2255 7876/4191/2255 7877/4191/2255 7887/4191/2255
f 7894/4191/2256 7873/4191/2257 7875/4191/2258 7891/4191/2259
f 7865/4191/2260 7893/4191/2261 7892/4191/2262 7867/4191/2263
f 7893/4191/1994 7894/4191/1994 7891/4191/1994 7892/4191/1994
f 7868/4191/2264 7889/4191/2264 7888/4191/2264 7869/4191/2264
f 7889/4191/2265 7890/4191/2265 7887/4191/2265 7888/4191/2265
f 7870/4191/2266 7885/4191/2266 7884/4191/2266 7871/4191/2266
f 7885/4191/2267 7886/4191/2268 7883/4191/2267 7884/4191/2268
f 7872/4191/2269 7881/4191/2269 7896/4191/2269 7866/4191/2269
f 7881/4191/2270 7882/4191/2270 7895/4191/2270 7896/4191/2270
f 7866/4191/2271 7896/4191/2272 7893/4191/2273 7865/4191/2274
f 7896/4191/2275 7895/4191/2275 7894/4191/2275 7893/4191/2275
f 7867/4191/2276 7892/4191/2277 7889/4191/2278 7868/4191/2279
f 7892/4191/2280 7891/4191/2280 7890/4191/2280 7889/4191/2280
f 7869/4191/2281 7888/4191/2282 7885/4191/2283 7870/4191/2284
f 7888/4191/2223 7887/4191/2223 7886/4191/2223 7885/4191/2223
f 7871/4191/2285 7884/4191/2286 7881/4191/2286 7872/4191/2286
f 7884/4191/2287 7883/4191/2287 7882/4191/2287 7881/4191/2287
f 7903/4191/2288 7898/4191/2289 7904/4191/2233
f 7878/4191/2290 7902/4191/2290 7903/4191/2290 7879/4191/2290
f 7876/4191/2291 7900/4191/2291 7901/4191/2291 7877/4191/2291
f 7873/4191/2292 7897/4191/2292 7899/4191/2292 7875/4191/2292
f 7879/4191/2293 7903/4191/2293 7904/4191/2293 7880/4191/2293
f 7877/4191/2294 7901/4191/2294 7902/4191/2294 7878/4191/2294
f 7875/4191/2295 7899/4191/2295 7900/4191/2295 7876/4191/2295
f 7874/4191/2296 7898/4191/2296 7897/4191/2296 7873/4191/2296
f 7908/4192/2297 7907/4192/2298 7911/4192/2297
f 7914/4193/2299 7915/4193/2299 7939/4194/2299 7937/4194/2299
f 7910/4192/2300 7911/4192/2300 7927/4192/2300 7926/4192/2300
f 7908/4192/2301 7909/4192/2301 7925/4192/2301 7924/4192/2301
f 7906/4192/2302 7907/4192/2302 7923/4192/2302 7921/4192/2302
f 7911/4192/2303 7912/4192/2303 7928/4192/2303 7927/4192/2303
f 7909/4192/2304 7910/4192/2304 7926/4192/2304 7925/4192/2304
f 7907/4192/2305 7908/4192/2305 7924/4192/2305 7923/4192/2305
f 7905/4192/2306 7906/4192/2306 7921/4192/2306 7922/4192/2306
f 7912/4192/2307 7905/4192/2307 7922/4192/2307 7928/4192/2307
f 7914/4192/2308 7913/4192/2309 7922/4192/2309 7921/4192/2308
f 7915/4192/2310 7914/4192/2308 7921/4192/2308 7923/4192/2310
f 7916/4192/2311 7915/4192/2310 7923/4192/2310 7924/4192/2311
f 7917/4192/2312 7916/4192/2311 7924/4192/2311 7925/4192/2312
f 7918/4192/2313 7917/4192/2312 7925/4192/2312 7926/4192/2313
f 7919/4192/2310 7918/4192/2313 7926/4192/2313 7927/4192/2310
f 7920/4192/2314 7919/4192/2310 7927/4192/2310 7928/4192/2314
f 7913/4192/2309 7920/4192/2314 7928/4192/2314 7922/4192/2309
f 7929/4194/2315 7931/4194/2316 7933/4194/2317
f 7919/4193/2318 7920/4193/2318 7944/4194/2318 7943/4194/2318
f 7917/4193/2319 7918/4193/2319 7942/4194/2319 7941/4194/2319
f 7915/4193/2320 7916/4193/2320 7940/4194/2320 7939/4194/2320
f 7913/4193/2321 7914/4193/2321 7937/4194/2321 7938/4194/2321
f 7920/4193/2322 7913/4193/2322 7938/4194/2322 7944/4194/2322
f 7918/4193/2323 7919/4193/2323 7943/4194/2323 7942/4194/2323
f 7916/4193/2324 7917/4193/2324 7941/4194/2324 7940/4194/2324
f 7930/4194/2325 7929/4194/2325 7938/4194/2325 7937/4194/2325
f 7931/4194/2326 7930/4194/2326 7937/4194/2326 7939/4194/2326
f 7932/4194/2327 7931/4194/2327 7939/4194/2327 7940/4194/2327
f 7933/4194/2328 7932/4194/2328 7940/4194/2328 7941/4194/2328
f 7934/4194/2329 7933/4194/2329 7941/4194/2329 7942/4194/2329
f 7935/4194/2330 7934/4194/2330 7942/4194/2330 7943/4194/2330
f 7936/4194/2331 7935/4194/2331 7943/4194/2331 7944/4194/2331
f 7929/4194/2332 7936/4194/2332 7944/4194/2332 7938/4194/2332
f 7522/4171/1989 7521/4171/1989 7520/4171/1989
f 7520/4171/1989 7527/4171/1989 7522/4171/1989
f 7527/4171/1989 7526/4171/1989 7522/4171/1989
f 7526/4171/1989 7525/4171/1989 7522/4171/1989
f 7525/4171/1989 7524/4171/1989 7522/4171/1989
f 7560/4172/1999 7561/4172/1999 7562/4172/1999
f 7562/4172/1999 7563/4172/2333 7564/4172/1999
f 7564/4172/1999 7565/4172/2004 7560/4172/1999
f 7565/4172/2004 7566/4172/2004 7560/4172/1999
f 7566/4172/2004 7567/4172/2334 7560/4172/1999
f 7578/4173/2015 7577/4173/2335 7576/4173/2013
f 7576/4173/2013 7583/4173/2013 7578/4173/2015
f 7583/4173/2013 7582/4173/2013 7578/4173/2015
f 7582/4173/2013 7581/4173/2014 7580/4173/2014
f 7580/4173/2014 7579/4173/2336 7578/4173/2015
f 7600/4174/2030 7601/4174/2029 7604/4174/2337
f 7601/4174/2029 7602/4174/2338 7604/4174/2337
f 7602/4174/2338 7603/4174/2027 7604/4174/2337
f 7604/4174/2337 7605/4174/2339 7600/4174/2030
f 7605/4174/2339 7606/4174/2025 7600/4174/2030
f 7658/4175/1993 7657/4175/1993 7656/4175/1993
f 7656/4175/1993 7663/4175/1993 7662/4175/1993
f 7662/4175/1993 7661/4175/1993 7660/4175/1993
f 7660/4175/1993 7659/4175/1993 7658/4175/1993
f 7658/4175/1993 7656/4175/1993 7660/4175/1993
f 7791/4175/1990 7790/4175/1989 7789/4175/2181
f 7789/4175/2181 7796/4175/2340 7795/4175/2181
f 7795/4175/2181 7794/4175/1989 7793/4175/1990
f 7793/4175/1990 7792/4175/2341 7791/4175/1990
f 7791/4175/1990 7789/4175/2181 7793/4175/1990
f 7835/4190/2212 7839/4190/2212 7834/4190/2212
f 7834/4190/2212 7839/4190/2212 7833/4190/2211
f 7833/4190/2211 7839/4190/2212 7840/4190/2211
f 7839/4190/2212 7835/4190/2212 7838/4190/2212
f 7838/4190/2212 7835/4190/2212 7837/4190/2211
f 7898/4191/2289 7899/4191/2232 7897/4191/2342
f 7899/4191/2232 7898/4191/2289 7900/4191/2232
f 7900/4191/2232 7898/4191/2289 7901/4191/2289
f 7901/4191/2289 7898/4191/2289 7902/4191/2288
f 7902/4191/2288 7898/4191/2289 7903/4191/2288
f 7907/4192/2298 7906/4192/2343 7905/4192/2298
f 7905/4192/2298 7912/4192/2298 7907/4192/2298
f 7912/4192/2298 7911/4192/2297 7907/4192/2298
f 7911/4192/2297 7910/4192/2344 7909/4192/2345
f 7909/4192/2345 7908/4192/2297 7911/4192/2297
f 7929/4194/2315 7930/4194/2346 7931/4194/2316
f 7931/4194/2316 7932/4194/2347 7933/4194/2317
f 7933/4194/2317 7934/4194/2348 7935/4194/2349
f 7935/4194/2349 7936/4194/2350 7933/4194/2317
f 7936/4194/2350 7929/4194/2315 7933/4194/2317
o tail_l
v 0.116604 1.182485 -5.591140
v 0.134043 1.230397 -5.591140
v 0.114928 1.177871 -8.214045
v 0.135718 1.234991 -8.214045
v 2.404178 0.341854 -7.937172
v 2.403374 0.339645 -8.532296
v 0.105529 1.152046 -7.596555
v 0.105529 1.152056 -6.705861
v 0.145118 1.260826 -6.705860
v 0.145118 1.260816 -7.596554
v 2.398865 0.327257 -8.192508
v 2.398865 0.327257 -8.428283
v 0.116604 1.182485 -5.591140
v 0.134043 1.230397 -5.591140
v 0.114928 1.177871 -8.214045
v 0.135718 1.234991 -8.214045
v 2.404178 0.341854 -7.937172
v 2.412544 0.364836 -7.937172
v 2.403374 0.339645 -8.532296
v 2.413347 0.367045 -8.532296
v 0.145118 1.260826 -6.705860
v 0.145118 1.260816 -7.596554
v 2.398865 0.327257 -8.192508
v 2.398865 0.327257 -8.428283
v 2.417856 0.379433 -8.428283
v 2.417856 0.379433 -8.192508
vn -0.9397 0.3420 -0.0000
vn -0.3155 -0.9483 0.0349
vn -0.3531 -0.9339 -0.0563
vn -0.3384 -0.9410 -0.0000
vn -0.1217 0.0443 -0.9916
vn 0.9397 -0.3420 -0.0000
vn 0.6517 -0.2372 0.7204
vn 0.3836 0.9228 0.0349
vn 0.3458 0.9366 -0.0563
vn 0.3616 0.9323 -0.0000
vt 0.829550 0.867548
vt 0.831078 0.867548
vt 0.830715 0.843707
vt 0.829913 0.843707
vt 0.829550 0.901937
vt 0.918093 0.844539
vt 0.918298 0.854397
vt 0.829977 0.944975
vt 0.918267 0.831420
vt 0.918093 0.835436
vt 0.830651 0.944975
vt 0.831078 0.901937
vt 0.551531 0.931633
vt 0.552333 0.931633
vt 0.640270 0.943920
vt 0.639885 0.943920
vt 0.639711 0.930801
vt 0.640445 0.930801
vt 0.640239 0.920943
vt 0.639916 0.920943
vt 0.552269 0.830365
vt 0.551595 0.830365
vt 0.552696 0.873403
vt 0.552696 0.907792
vt 0.640445 0.939904
vt 0.639711 0.939904
s 1
usemtl マテリアル
f 7951/4195/2351 7954/4196/2351 7948/4197/2351 7947/4198/2351
f 7952/4199/2352 7955/4200/2352 7949/4201/2352 7945/4202/2352
f 7947/4198/2353 7950/4203/2353 7956/4204/2353 7951/4195/2353
f 7951/4195/2354 7956/4204/2354 7955/4200/2354 7952/4199/2354
f 7945/4202/2351 7946/4205/2351 7953/4206/2351 7952/4199/2351
f 7952/4199/2351 7953/4206/2351 7954/4196/2351 7951/4195/2351
f 7959/4207/2355 7960/4208/2355 7964/4209/2355 7963/4210/2355
f 7967/4211/2356 7970/4212/2356 7962/4213/2356 7961/4214/2356
f 7961/4214/2357 7962/4213/2357 7958/4215/2357 7957/4216/2357
f 7970/4212/2358 7965/4217/2358 7958/4215/2358 7962/4213/2358
f 7964/4209/2359 7960/4208/2359 7966/4218/2359 7969/4219/2359
f 7969/4219/2360 7966/4218/2360 7965/4217/2360 7970/4212/2360
f 7963/4210/2356 7964/4209/2356 7969/4219/2356 7968/4220/2356
f 7968/4220/2356 7969/4219/2356 7970/4212/2356 7967/4211/2356
o tail_r
v -0.116604 1.182485 -5.591140
v -0.134043 1.230397 -5.591140
v -0.114928 1.177871 -8.214045
v -0.135718 1.234991 -8.214045
v -2.404178 0.341854 -7.937172
v -2.403374 0.339645 -8.532296
v -0.105529 1.152046 -7.596555
v -0.105529 1.152056 -6.705861
v -0.145118 1.260826 -6.705860
v -0.145118 1.260816 -7.596554
v -2.398865 0.327257 -8.192508
v -2.398865 0.327257 -8.428283
v -0.116604 1.182485 -5.591140
v -0.134043 1.230397 -5.591140
v -0.114928 1.177871 -8.214045
v -0.135718 1.234991 -8.214045
v -2.404178 0.341854 -7.937172
v -2.412544 0.364836 -7.937172
v -2.403374 0.339645 -8.532296
v -2.413347 0.367045 -8.532296
v -0.145118 1.260826 -6.705860
v -0.145118 1.260816 -7.596554
v -2.398865 0.327257 -8.192508
v -2.398865 0.327257 -8.428283
v -2.417856 0.379433 -8.428283
v -2.417856 0.379433 -8.192508
vn 0.9397 0.3420 -0.0000
vn 0.3155 -0.9483 0.0349
vn 0.3531 -0.9339 -0.0563
vn 0.3384 -0.9410 -0.0000
vn 0.1217 0.0443 -0.9916
vn -0.9397 -0.3420 -0.0000
vn -0.6517 -0.2372 0.7204
vn -0.3836 0.9228 0.0349
vn -0.3458 0.9366 -0.0563
vn -0.3616 0.9323 -0.0000
vt 0.786157 0.867548
vt 0.785794 0.843707
vt 0.784991 0.843707
vt 0.784628 0.867548
vt 0.786157 0.901937
vt 0.785729 0.944975
vt 0.697408 0.854397
vt 0.697613 0.844539
vt 0.697613 0.835436
vt 0.697439 0.831420
vt 0.784628 0.901937
vt 0.785056 0.944975
vt 0.517265 0.931633
vt 0.428911 0.943920
vt 0.428526 0.943920
vt 0.516463 0.931633
vt 0.429085 0.930801
vt 0.428880 0.920943
vt 0.428557 0.920943
vt 0.428352 0.930801
vt 0.517201 0.830365
vt 0.516527 0.830365
vt 0.516100 0.873403
vt 0.428352 0.939904
vt 0.516100 0.907792
vt 0.429085 0.939904
s 1
usemtl マテリアル
f 7977/4221/2361 7973/4222/2361 7974/4223/2361 7980/4224/2361
f 7978/4225/2362 7971/4226/2362 7975/4227/2362 7981/4228/2362
f 7973/4222/2363 7977/4221/2363 7982/4229/2363 7976/4230/2363
f 7977/4221/2364 7978/4225/2364 7981/4228/2364 7982/4229/2364
f 7971/4226/2361 7978/4225/2361 7979/4231/2361 7972/4232/2361
f 7978/4225/2361 7977/4221/2361 7980/4224/2361 7979/4231/2361
f 7985/4233/2365 7989/4234/2365 7990/4235/2365 7986/4236/2365
f 7993/4237/2366 7987/4238/2366 7988/4239/2366 7996/4240/2366
f 7987/4238/2367 7983/4241/2367 7984/4242/2367 7988/4239/2367
f 7996/4240/2368 7988/4239/2368 7984/4242/2368 7991/4243/2368
f 7990/4235/2369 7995/4244/2369 7992/4245/2369 7986/4236/2369
f 7995/4244/2370 7996/4240/2370 7991/4243/2370 7992/4245/2370
f 7989/4234/2366 7994/4246/2366 7995/4244/2366 7990/4235/2366
f 7994/4246/2366 7993/4237/2366 7996/4240/2366 7995/4244/2366
o throttle
v 0.414933 0.711673 5.039198
v 0.414933 0.711673 5.005249
v 0.414933 0.785632 5.039198
v 0.414933 0.785632 5.005249
v 0.414933 0.730210 4.988670
v 0.414933 0.767095 4.988670
v 0.414933 0.767095 5.055777
v 0.414933 0.730210 5.055777
v 0.355608 0.711673 5.039198
v 0.355608 0.711673 5.005249
v 0.355608 0.785632 5.039198
v 0.355608 0.785632 5.005249
v 0.355608 0.730210 4.988670
v 0.355608 0.767095 4.988670
v 0.355608 0.730210 5.055777
v 0.355608 0.767095 5.055777
v 0.390630 0.643188 5.011289
v 0.377094 0.643188 5.011289
v 0.331255 0.643188 5.011289
v 0.317719 0.643188 5.011289
v 0.390630 0.643188 5.033474
v 0.377094 0.643188 5.033474
v 0.331255 0.643188 5.033474
v 0.317719 0.643188 5.033474
v 0.390630 0.717749 5.011289
v 0.377094 0.717749 5.011289
v 0.331255 0.717749 5.011289
v 0.317719 0.717749 5.011289
v 0.390630 0.717749 5.033474
v 0.377094 0.717749 5.033474
v 0.331255 0.717749 5.033474
v 0.317719 0.717749 5.033474
v 0.293416 0.711673 5.039198
v 0.293416 0.711673 5.005249
v 0.293416 0.785632 5.039198
v 0.293416 0.785632 5.005249
v 0.293416 0.767095 5.055777
v 0.293416 0.730210 5.055777
v 0.293416 0.767095 4.988670
v 0.293416 0.730210 4.988670
v 0.352740 0.711673 5.039198
v 0.352740 0.711673 5.005249
v 0.352740 0.785632 5.039198
v 0.352740 0.785632 5.005249
v 0.352740 0.730210 4.988670
v 0.352740 0.767095 4.988670
v 0.352740 0.730210 5.055777
v 0.352740 0.767095 5.055777
v 0.286031 0.756574 5.033928
v 0.286031 0.776574 5.033928
v 0.286031 0.756574 5.013928
v 0.286031 0.776574 5.013928
v 0.306031 0.756574 5.033928
v 0.306031 0.776574 5.033928
v 0.306031 0.756574 5.013928
v 0.306031 0.776574 5.013928
v 0.400880 0.756574 5.033928
v 0.400880 0.776574 5.033928
v 0.400880 0.756574 5.013928
v 0.400880 0.776574 5.013928
v 0.420880 0.756574 5.033928
v 0.420880 0.776574 5.033928
v 0.420880 0.756574 5.013928
v 0.420880 0.776574 5.013928
vn -0.0000 -1.0000 -0.0000
vn -0.0000 1.0000 -0.0000
vn 1.0000 -0.0000 -0.0000
vn -0.0000 0.6666 0.7454
vn -0.0000 -0.6666 0.7454
vn -0.0000 -0.0000 1.0000
vn -0.0000 -0.0000 -1.0000
vn -0.0000 -0.6666 -0.7454
vn -0.0000 0.6666 -0.7454
vn -1.0000 -0.0000 -0.0000
vt 0.124090 0.975388
vt 0.121800 0.975388
vt 0.124090 0.979801
vt 0.121800 0.979801
vt 0.121800 0.978695
vt 0.124090 0.978695
vt 0.121800 0.976494
vt 0.124090 0.976494
vt 0.123677 0.973685
vt 0.122738 0.973685
vt 0.125553 0.973685
vt 0.124615 0.973685
vt 0.123677 0.975657
vt 0.122738 0.975657
vt 0.125553 0.975657
vt 0.124615 0.975657
vt 0.126492 0.978695
vt 0.126492 0.979801
vt 0.124201 0.978695
vt 0.124201 0.979801
vt 0.124201 0.975388
vt 0.126492 0.975388
vt 0.126492 0.976494
vt 0.124201 0.976494
vt 0.061813 0.988900
vt 0.061813 0.989024
vt 0.061688 0.989024
vt 0.061688 0.988900
vt 0.061097 0.988900
vt 0.061097 0.989024
vt 0.060972 0.989024
vt 0.060972 0.988900
s 1
usemtl マテリアル.002
f 8005/4247/2371 8006/4247/2371 7998/4248/2371 7997/4248/2371
f 8007/4249/2372 7999/4250/2372 8000/4250/2372 8008/4249/2372
f 8003/4251/2373 8002/4251/2373 8000/4250/2373 7999/4250/2373
f 8012/4252/2374 8003/4251/2374 7999/4250/2374 8007/4249/2374
f 8005/4247/2375 7997/4248/2375 8004/4253/2375 8011/4254/2375
f 8011/4254/2376 8004/4253/2376 8003/4251/2376 8012/4252/2376
f 7997/4248/2373 7998/4248/2373 8001/4253/2373 8004/4253/2373
f 8004/4253/2373 8001/4253/2373 8002/4251/2373 8003/4251/2373
f 8001/4253/2377 8009/4254/2377 8010/4252/2377 8002/4251/2377
f 7998/4248/2378 8006/4247/2378 8009/4254/2378 8001/4253/2378
f 8002/4251/2379 8010/4252/2379 8008/4249/2379 8000/4250/2379
f 8006/4247/2380 8005/4247/2380 8011/4254/2380
f 8014/4255/2371 8013/4256/2371 8017/4256/2371 8018/4255/2371
f 8016/4257/2371 8015/4258/2371 8019/4258/2371 8020/4257/2371
f 8022/4259/2372 8026/4259/2372 8025/4260/2372 8021/4260/2372
f 8024/4261/2372 8028/4261/2372 8027/4262/2372 8023/4262/2372
f 8013/4256/2373 8021/4260/2373 8025/4260/2373 8017/4256/2373
f 8019/4258/2376 8027/4262/2376 8028/4261/2376 8020/4257/2376
f 8016/4257/2377 8024/4261/2377 8023/4262/2377 8015/4258/2377
f 8020/4257/2380 8028/4261/2380 8024/4261/2380 8016/4257/2380
f 8018/4255/2380 8026/4259/2380 8022/4259/2380 8014/4255/2380
f 8017/4256/2376 8025/4260/2376 8026/4259/2376 8018/4255/2376
f 8014/4255/2377 8022/4259/2377 8021/4260/2377 8013/4256/2377
f 8015/4258/2373 8023/4262/2373 8027/4262/2373 8019/4258/2373
f 8035/4263/2380 8033/4263/2380 8031/4264/2380 8032/4264/2380
f 8042/4265/2379 8035/4263/2379 8032/4264/2379 8040/4266/2379
f 8038/4267/2378 8030/4268/2378 8036/4269/2378 8041/4270/2378
f 8041/4270/2377 8036/4269/2377 8035/4263/2377 8042/4265/2377
f 8030/4268/2380 8029/4268/2380 8034/4269/2380 8036/4269/2380
f 8036/4269/2380 8034/4269/2380 8033/4263/2380 8035/4263/2380
f 8034/4269/2376 8043/4270/2376 8044/4265/2376 8033/4263/2376
f 8029/4268/2375 8037/4267/2375 8043/4270/2375 8034/4269/2375
f 8033/4263/2374 8044/4265/2374 8039/4266/2374 8031/4264/2374
f 8031/4264/2372 8039/4266/2372 8040/4266/2372 8032/4264/2372
f 8029/4268/2371 8030/4268/2371 8038/4267/2371 8037/4267/2371
f 8042/4265/2373 8040/4266/2373 8039/4266/2373
f 8045/4271/2380 8046/4272/2380 8048/4272/2380 8047/4271/2380
f 8047/4271/2377 8048/4272/2377 8052/4273/2377 8051/4274/2377
f 8051/4274/2373 8052/4273/2373 8050/4273/2373 8049/4274/2373
f 8049/4274/2376 8050/4273/2376 8046/4272/2376 8045/4271/2376
f 8047/4271/2371 8051/4274/2371 8049/4274/2371 8045/4271/2371
f 8052/4273/2372 8048/4272/2372 8046/4272/2372 8050/4273/2372
f 8053/4275/2380 8054/4276/2380 8056/4276/2380 8055/4275/2380
f 8055/4275/2377 8056/4276/2377 8060/4277/2377 8059/4278/2377
f 8059/4278/2373 8060/4277/2373 8058/4277/2373 8057/4278/2373
f 8057/4278/2376 8058/4277/2376 8054/4276/2376 8053/4275/2376
f 8055/4275/2371 8059/4278/2371 8057/4278/2371 8053/4275/2371
f 8060/4277/2372 8056/4276/2372 8054/4276/2372 8058/4277/2372
f 8011/4254/2380 8012/4252/2380 8010/4252/2380
f 8012/4252/2380 8007/4249/2380 8010/4252/2380
f 8007/4249/2380 8008/4249/2380 8010/4252/2380
f 8010/4252/2380 8009/4254/2380 8011/4254/2380
f 8009/4254/2380 8006/4247/2380 8011/4254/2380
f 8039/4266/2373 8044/4265/2373 8042/4265/2373
f 8044/4265/2373 8043/4270/2373 8042/4265/2373
f 8043/4270/2373 8037/4267/2373 8038/4267/2373
f 8038/4267/2373 8041/4270/2373 8043/4270/2373
f 8041/4270/2373 8042/4265/2373 8043/4270/2373
o translucent
v -0.293515 1.703072 3.871330
v -0.349438 1.443955 3.837863
v -0.296710 1.679204 4.005557
v -0.354035 1.412629 4.037567
v -0.239515 1.762396 3.878095
v -0.238639 1.747977 3.997653
v 0.000000 1.440852 5.431371
v 0.066665 1.415576 5.455740
v 0.123860 1.375934 5.531787
v 0.095008 1.054495 6.176588
v 0.136714 1.278382 5.723606
v 0.129217 1.164753 5.949461
v 0.133467 1.333925 5.618310
v 0.000000 1.380809 5.531787
v 0.000000 1.059371 6.176588
v 0.000000 1.283258 5.723606
v 0.000000 1.169629 5.949461
v 0.000000 1.338800 5.618310
v -0.066665 1.415576 5.455740
v -0.123860 1.375934 5.531787
v -0.095008 1.054495 6.176588
v -0.136714 1.278382 5.723606
v -0.129217 1.164753 5.949461
v -0.133467 1.333925 5.618310
v 0.354803 1.143523 5.210600
v 0.326962 1.010971 5.860423
v 0.141895 0.988940 6.299437
v 0.247131 0.996989 6.166967
v 0.149039 1.440613 5.339546
v 0.269505 1.337309 5.287894
v 0.086202 1.450422 5.354342
v 0.168625 1.406723 5.444396
v 0.147964 1.055004 6.149132
v 0.181562 1.165898 5.914220
v 0.188449 1.285038 5.679308
v 0.187441 1.347153 5.561852
v -0.354803 1.143523 5.210600
v -0.326962 1.010971 5.860423
v -0.141895 0.988940 6.299437
v -0.247131 0.996989 6.166967
v -0.149039 1.440613 5.339546
v -0.269505 1.337309 5.287894
v -0.086202 1.450422 5.354342
v -0.168625 1.406723 5.444396
v -0.147964 1.055004 6.149132
v -0.181562 1.165898 5.914220
v -0.188449 1.285038 5.679308
v -0.187441 1.347153 5.561852
v 0.296710 1.679204 4.005557
v 0.354035 1.412629 4.037567
v 0.293515 1.703072 3.871330
v 0.349438 1.443956 3.837863
v 0.239515 1.762396 3.878095
v 0.238639 1.747977 3.997653
vn -0.9775 0.2105 0.0120
vn -0.7490 0.6561 0.0921
vn 0.0382 0.8978 0.4387
vn 0.0359 0.8952 0.4443
vn 0.0390 0.8978 0.4388
vn 0.0351 0.8972 0.4403
vn 0.0341 0.8998 0.4350
vn 0.0319 0.8842 0.4659
vn 0.1365 0.8502 0.5084
vn 0.0327 0.8926 0.4496
vn 0.0353 0.8968 0.4410
vn -0.0381 0.8978 0.4387
vn -0.0390 0.8978 0.4388
vn -0.0359 0.8952 0.4443
vn -0.0351 0.8972 0.4403
vn -0.0341 0.8998 0.4350
vn -0.0319 0.8842 0.4659
vn -0.1365 0.8502 0.5084
vn -0.0327 0.8926 0.4496
vn -0.0353 0.8968 0.4410
vn 0.7476 0.6329 0.2012
vn 0.4152 0.8265 0.3801
vn 0.7483 0.6247 0.2234
vn 0.9172 0.2984 0.2640
vn 0.6738 0.7306 0.1103
vn 0.2094 0.9412 0.2651
vn 0.3940 0.8081 0.4378
vn 0.7563 0.5810 0.3008
vn 0.8670 0.4797 0.1350
vn 0.7438 0.5871 0.3196
vn -0.7476 0.6329 0.2012
vn -0.4152 0.8265 0.3801
vn -0.7483 0.6247 0.2234
vn -0.9172 0.2984 0.2640
vn -0.6738 0.7306 0.1103
vn -0.2094 0.9412 0.2651
vn -0.3940 0.8081 0.4378
vn -0.7563 0.5810 0.3008
vn -0.8670 0.4797 0.1350
vn -0.7438 0.5871 0.3196
vn 0.9775 0.2105 0.0120
vn 0.7490 0.6561 0.0921
vt 0.008720 0.972571
vt 0.008708 0.972674
vt 0.008656 0.972683
vt 0.008643 0.972583
vt 0.008705 0.972700
vt 0.008659 0.972706
vt 0.009038 0.976322
vt 0.008714 0.976322
vt 0.008714 0.975753
vt 0.008952 0.975753
vt 0.009024 0.977369
vt 0.008714 0.977369
vt 0.008714 0.977152
vt 0.009048 0.977152
vt 0.008714 0.976888
vt 0.009056 0.976888
vt 0.008881 0.977559
vt 0.008714 0.977620
vt 0.009389 0.977980
vt 0.009136 0.977588
vt 0.009184 0.977293
vt 0.009069 0.975445
vt 0.009333 0.975777
vt 0.009085 0.975822
vt 0.009533 0.976545
vt 0.009169 0.976410
vt 0.009603 0.978174
vt 0.009087 0.977850
vt 0.008930 0.977813
vt 0.009186 0.976999
vt 0.005801 0.974364
vt 0.005878 0.974376
vt 0.005865 0.974476
vt 0.005813 0.974467
vt 0.005862 0.974499
vt 0.005816 0.974494
s 1
usemtl マテリアル
f 8064/4279/2381 8063/4280/2381 8061/4281/2381 8062/4282/2381
f 8063/4280/2382 8066/4283/2382 8065/4284/2382 8061/4281/2382
f 8072/4285/2383 8077/4286/2384 8075/4287/2385 8070/4288/2385
f 8069/4289/2386 8074/4290/2386 8078/4291/2387 8073/4292/2387
f 8073/4292/2388 8078/4291/2388 8076/4293/2388 8071/4294/2388
f 8068/4295/2389 8067/4296/2389 8074/4290/2389
f 8071/4294/2390 8076/4293/2390 8077/4286/2384 8072/4285/2383
f 8068/4295/2391 8074/4290/2386 8069/4289/2386
f 8083/4285/2392 8081/4288/2393 8075/4287/2393 8077/4286/2394
f 8080/4289/2395 8084/4292/2396 8078/4291/2396 8074/4290/2395
f 8084/4292/2397 8082/4294/2397 8076/4293/2397 8078/4291/2397
f 8079/4295/2398 8074/4290/2398 8067/4296/2398
f 8082/4294/2399 8083/4285/2392 8077/4286/2394 8076/4293/2399
f 8079/4295/2400 8080/4289/2395 8074/4290/2395
f 8090/4297/2401 8092/4298/2401 8096/4299/2401
f 8087/4300/2402 8088/4301/2402 8093/4302/2402
f 8088/4301/2403 8086/4303/2403 8094/4304/2403
f 8085/4305/2404 8090/4297/2404 8096/4299/2404
f 8090/4297/2405 8089/4306/2405 8092/4298/2405
f 8089/4306/2406 8091/4307/2406 8092/4298/2406
f 8088/4301/2407 8094/4304/2407 8093/4302/2407
f 8096/4299/2408 8095/4308/2408 8086/4303/2408
f 8085/4305/2409 8096/4299/2409 8086/4303/2409
f 8094/4304/2410 8086/4303/2410 8095/4308/2410
f 8102/4297/2411 8108/4299/2411 8104/4298/2411
f 8099/4300/2412 8105/4302/2412 8100/4301/2412
f 8100/4301/2413 8106/4304/2413 8098/4303/2413
f 8097/4305/2414 8108/4299/2414 8102/4297/2414
f 8102/4297/2415 8104/4298/2415 8101/4306/2415
f 8101/4306/2416 8104/4298/2416 8103/4307/2416
f 8100/4301/2417 8105/4302/2417 8106/4304/2417
f 8108/4299/2418 8098/4303/2418 8107/4308/2418
f 8097/4305/2419 8098/4303/2419 8108/4299/2419
f 8106/4304/2420 8107/4308/2420 8098/4303/2420
f 8110/4309/2421 8112/4310/2421 8111/4311/2421 8109/4312/2421
f 8109/4312/2422 8111/4311/2422 8113/4313/2422 8114/4314/2422
o translucent_canopy_f
v 0.000000 1.529441 5.230584
v 0.270851 1.386574 5.163912
v 0.149712 1.500135 5.210070
v 0.000000 1.854929 4.105357
v 0.173378 1.812436 4.125139
v 0.301039 1.646857 4.177889
v 0.338023 1.217132 5.099227
v 0.360265 1.370174 4.282127
v 0.280914 1.515825 4.835238
v 0.290976 1.602586 4.506564
v 0.157601 1.646725 4.848426
v 0.165489 1.750826 4.486783
v 0.000000 1.680427 4.855508
v 0.000000 1.788923 4.480432
v -0.270851 1.386574 5.163912
v -0.149712 1.500135 5.210070
v -0.173378 1.812436 4.125139
v -0.301039 1.646857 4.177889
v -0.338023 1.217132 5.099227
v -0.360265 1.370174 4.282127
v -0.280914 1.515825 4.835238
v -0.290976 1.602586 4.506564
v -0.157601 1.646725 4.848426
v -0.165489 1.750826 4.486783
vn 0.9711 0.2308 0.0608
vn 0.7594 0.6398 0.1179
vn 0.2157 0.9617 0.1689
vn 0.2184 0.9040 0.3675
vn 0.2093 0.9389 0.2732
vn 0.7123 0.6452 0.2763
vn 0.7291 0.6546 0.1999
vn 0.9373 0.3136 0.1520
vn 0.9687 0.2362 0.0768
vn -0.9711 0.2308 0.0608
vn -0.7594 0.6398 0.1179
vn -0.2157 0.9617 0.1689
vn -0.2184 0.9040 0.3675
vn -0.2093 0.9389 0.2732
vn -0.7123 0.6452 0.2763
vn -0.7291 0.6546 0.1999
vn -0.9373 0.3136 0.1520
vn -0.9687 0.2362 0.0768
vt 0.009733 0.972202
vt 0.009699 0.972263
vt 0.009693 0.972071
vt 0.009624 0.972294
vt 0.009620 0.972083
vt 0.009523 0.972305
vt 0.009523 0.972087
vt 0.009611 0.971661
vt 0.009615 0.971872
vt 0.009523 0.971868
vt 0.009523 0.971649
vt 0.009681 0.971688
vt 0.009687 0.971880
vt 0.009720 0.971726
s 1
usemtl マテリアル
f 8122/4315/2423 8120/4316/2423 8124/4317/2423
f 8124/4317/2424 8120/4316/2424 8119/4318/2424 8126/4319/2424
f 8126/4319/2425 8119/4318/2425 8118/4320/2425 8128/4321/2425
f 8117/4322/2426 8125/4323/2426 8127/4324/2426 8115/4325/2426
f 8125/4323/2427 8126/4319/2427 8128/4321/2427 8127/4324/2427
f 8116/4326/2428 8123/4327/2428 8125/4323/2428 8117/4322/2428
f 8123/4327/2429 8124/4317/2429 8126/4319/2429 8125/4323/2429
f 8121/4328/2430 8123/4327/2430 8116/4326/2430
f 8121/4328/2431 8122/4315/2431 8124/4317/2431 8123/4327/2431
f 8134/4315/2432 8136/4317/2432 8132/4316/2432
f 8136/4317/2433 8138/4319/2433 8131/4318/2433 8132/4316/2433
f 8138/4319/2434 8128/4321/2434 8118/4320/2434 8131/4318/2434
f 8130/4322/2435 8115/4325/2435 8127/4324/2435 8137/4323/2435
f 8137/4323/2436 8127/4324/2436 8128/4321/2436 8138/4319/2436
f 8129/4326/2437 8130/4322/2437 8137/4323/2437 8135/4327/2437
f 8135/4327/2438 8137/4323/2438 8138/4319/2438 8136/4317/2438
f 8133/4328/2439 8129/4326/2439 8135/4327/2439
f 8133/4328/2440 8135/4327/2440 8136/4317/2440 8134/4315/2440
o translucent_canopy_r
v 0.000000 1.886248 3.803174
v 0.290376 1.726530 3.759947
v 0.168047 1.850348 3.789254
v 0.344920 1.474744 3.697533
v 0.000000 1.894645 2.748336
v 0.302754 1.726869 2.792661
v 0.174272 1.860211 2.756761
v 0.323310 1.628064 2.824691
v 0.294502 1.754674 3.437519
v 0.298628 1.754787 3.115090
v 0.170122 1.881667 3.445090
v 0.172197 1.884955 3.100925
v 0.000000 1.917078 3.451561
v 0.000000 1.919878 3.099948
v -0.290376 1.726530 3.759947
v -0.168047 1.850348 3.789254
v -0.344920 1.474744 3.697533
v -0.302754 1.726869 2.792661
v -0.174272 1.860211 2.756761
v -0.323310 1.628064 2.824691
v -0.294502 1.754674 3.437519
v -0.298628 1.754787 3.115090
v -0.170122 1.881667 3.445090
v -0.172197 1.884955 3.100925
vn 0.9793 0.2021 -0.0050
vn 0.7224 0.6898 -0.0478
vn 0.1976 0.9778 -0.0696
vn 0.2106 0.9736 0.0876
vn 0.2014 0.9795 0.0092
vn 0.7163 0.6945 0.0686
vn 0.7157 0.6983 0.0102
vn 0.9784 0.2044 0.0304
vn 0.9835 0.1810 0.0088
vn -0.9793 0.2021 -0.0050
vn -0.7224 0.6898 -0.0478
vn -0.1976 0.9778 -0.0696
vn -0.2106 0.9736 0.0876
vn -0.2014 0.9795 0.0092
vn -0.7163 0.6945 0.0686
vn -0.7157 0.6983 0.0102
vn -0.9784 0.2044 0.0304
vn -0.9835 0.1810 0.0088
vt 0.009697 0.972882
vt 0.009712 0.973052
vt 0.009700 0.973070
vt 0.009624 0.972891
vt 0.009625 0.973091
vt 0.009523 0.972891
vt 0.009523 0.973096
vt 0.009523 0.972481
vt 0.009621 0.972489
vt 0.009623 0.972690
vt 0.009523 0.972686
vt 0.009693 0.972507
vt 0.009695 0.972694
vt 0.009724 0.972543
s 1
usemtl マテリアル
f 8148/4329/2441 8146/4330/2441 8144/4331/2441
f 8150/4332/2442 8148/4329/2442 8144/4331/2442 8145/4333/2442
f 8152/4334/2443 8150/4332/2443 8145/4333/2443 8143/4335/2443
f 8139/4336/2444 8141/4337/2444 8149/4338/2444 8151/4339/2444
f 8151/4339/2445 8149/4338/2445 8150/4332/2445 8152/4334/2445
f 8141/4337/2446 8140/4340/2446 8147/4341/2446 8149/4338/2446
f 8149/4338/2447 8147/4341/2447 8148/4329/2447 8150/4332/2447
f 8140/4340/2448 8142/4342/2448 8147/4341/2448
f 8147/4341/2449 8142/4342/2449 8146/4330/2449 8148/4329/2449
f 8160/4329/2450 8156/4331/2450 8158/4330/2450
f 8162/4332/2451 8157/4333/2451 8156/4331/2451 8160/4329/2451
f 8152/4334/2452 8143/4335/2452 8157/4333/2452 8162/4332/2452
f 8139/4336/2453 8151/4339/2453 8161/4338/2453 8154/4337/2453
f 8151/4339/2454 8152/4334/2454 8162/4332/2454 8161/4338/2454
f 8154/4337/2455 8161/4338/2455 8159/4341/2455 8153/4340/2455
f 8161/4338/2456 8162/4332/2456 8160/4329/2456 8159/4341/2456
f 8153/4340/2457 8159/4341/2457 8155/4342/2457
f 8159/4341/2458 8160/4329/2458 8158/4330/2458 8155/4342/2458
o translucentflame_l
v 0.688208 -0.324620 -4.629700
v 0.874529 0.502797 -4.645157
v 1.024089 0.382122 -4.642904
v 1.107185 0.013666 -4.636020
v 1.024089 -0.160918 -4.632759
v 0.874529 -0.281592 -4.630504
v 0.501888 -0.281593 -4.630504
v 1.107185 0.207539 -4.639643
v 0.688208 0.545824 -4.645962
v 0.352328 -0.160918 -4.632759
v 0.269232 0.013666 -4.636020
v 0.269232 0.207539 -4.639643
v 0.352328 0.382122 -4.642903
v 0.501888 0.502797 -4.645157
v 0.688208 -0.162204 -9.412987
v 0.792720 0.301914 -9.421657
v 0.876612 0.234225 -9.420393
v 0.923222 0.027549 -9.416532
v 0.876612 -0.070379 -9.414702
v 0.792720 -0.138068 -9.413437
v 0.583696 -0.138069 -9.413437
v 0.923222 0.136297 -9.418563
v 0.688208 0.326049 -9.422109
v 0.499805 -0.070379 -9.414702
v 0.453194 0.027549 -9.416532
v 0.453194 0.136297 -9.418563
v 0.499805 0.234225 -9.420392
v 0.583696 0.301914 -9.421657
vn 0.6273 -0.7781 -0.0341
vn 0.6278 0.7772 -0.0434
vn -0.6278 0.7772 -0.0434
vn 0.2250 0.9733 -0.0448
vn -0.6273 -0.7781 -0.0341
vn 0.9025 0.4288 -0.0411
vn 0.2248 -0.9739 -0.0331
vn -0.9993 -0.0007 -0.0385
vn -0.2248 -0.9739 -0.0331
vn 0.9021 -0.4300 -0.0360
vn -0.2250 0.9733 -0.0448
vn 0.9993 -0.0007 -0.0385
vn -0.9025 0.4288 -0.0411
vn -0.9021 -0.4300 -0.0360
vt 0.240590 0.967336
vt 0.364872 0.971065
vt 0.364905 0.972824
vt 0.240648 0.970472
vt 0.240912 0.984582
vt 0.365053 0.980739
vt 0.365086 0.982498
vt 0.240970 0.987718
vt 0.365098 0.983125
vt 0.240991 0.988836
vt 0.240827 0.980046
vt 0.365006 0.978195
vt 0.240569 0.966218
vt 0.364861 0.970438
vt 0.364953 0.975369
vt 0.240733 0.975008
s 1
usemtl マテリアル.004
f 8168/4343/2459 8182/4344/2459 8181/4345/2459 8167/4346/2459
f 8165/4347/2460 8179/4348/2460 8178/4349/2460 8164/4350/2460
f 8176/4350/2461 8190/4349/2461 8189/4348/2461 8175/4347/2461
f 8164/4350/2462 8178/4349/2462 8185/4351/2462 8171/4352/2462
f 8172/4346/2463 8186/4345/2463 8183/4344/2463 8169/4343/2463
f 8170/4353/2464 8184/4354/2464 8179/4348/2464 8165/4347/2464
f 8163/4355/2465 8177/4356/2465 8182/4344/2465 8168/4343/2465
f 8174/4353/2466 8188/4354/2466 8187/4357/2466 8173/4358/2466
f 8169/4343/2467 8183/4344/2467 8177/4356/2467 8163/4355/2467
f 8167/4346/2468 8181/4345/2468 8180/4357/2468 8166/4358/2468
f 8171/4352/2469 8185/4351/2469 8190/4349/2469 8176/4350/2469
f 8166/4358/2470 8180/4357/2470 8184/4354/2470 8170/4353/2470
f 8175/4347/2471 8189/4348/2471 8188/4354/2471 8174/4353/2471
f 8173/4358/2472 8187/4357/2472 8186/4345/2472 8172/4346/2472
o translucentflame_r
v -0.688208 -0.324620 -4.629700
v -0.874529 0.502797 -4.645157
v -1.024089 0.382122 -4.642904
v -1.107185 0.013666 -4.636020
v -1.024089 -0.160918 -4.632759
v -0.874529 -0.281592 -4.630504
v -0.501888 -0.281593 -4.630504
v -1.107185 0.207539 -4.639643
v -0.688208 0.545824 -4.645962
v -0.352328 -0.160918 -4.632759
v -0.269232 0.013666 -4.636020
v -0.269232 0.207539 -4.639643
v -0.352328 0.382122 -4.642903
v -0.501888 0.502797 -4.645157
v -0.688208 -0.162204 -9.412987
v -0.792720 0.301914 -9.421657
v -0.876612 0.234225 -9.420393
v -0.923222 0.027549 -9.416532
v -0.876612 -0.070379 -9.414702
v -0.792720 -0.138068 -9.413437
v -0.583696 -0.138069 -9.413437
v -0.923222 0.136297 -9.418563
v -0.688208 0.326049 -9.422109
v -0.499805 -0.070379 -9.414702
v -0.453194 0.027549 -9.416532
v -0.453194 0.136297 -9.418563
v -0.499805 0.234225 -9.420392
v -0.583696 0.301914 -9.421657
vn -0.6273 -0.7781 -0.0341
vn -0.6278 0.7772 -0.0434
vn 0.6278 0.7772 -0.0434
vn -0.2250 0.9733 -0.0448
vn 0.6273 -0.7781 -0.0341
vn -0.9025 0.4288 -0.0411
vn -0.2248 -0.9739 -0.0331
vn 0.9993 -0.0007 -0.0385
vn 0.2248 -0.9739 -0.0331
vn -0.9021 -0.4300 -0.0360
vn 0.2250 0.9733 -0.0448
vn -0.9993 -0.0007 -0.0385
vn 0.9025 0.4288 -0.0411
vn 0.9021 -0.4300 -0.0360
vt 0.240590 0.967336
vt 0.240648 0.970472
vt 0.364905 0.972824
vt 0.364872 0.971065
vt 0.240912 0.984582
vt 0.240970 0.987718
vt 0.365086 0.982498
vt 0.365053 0.980739
vt 0.240991 0.988836
vt 0.365098 0.983125
vt 0.240827 0.980046
vt 0.365006 0.978195
vt 0.240569 0.966218
vt 0.364861 0.970438
vt 0.240733 0.975008
vt 0.364953 0.975369
s 1
usemtl マテリアル.004
f 8196/4359/2473 8195/4360/2473 8209/4361/2473 8210/4362/2473
f 8193/4363/2474 8192/4364/2474 8206/4365/2474 8207/4366/2474
f 8204/4364/2475 8203/4363/2475 8217/4366/2475 8218/4365/2475
f 8192/4364/2476 8199/4367/2476 8213/4368/2476 8206/4365/2476
f 8200/4360/2477 8197/4359/2477 8211/4362/2477 8214/4361/2477
f 8198/4369/2478 8193/4363/2478 8207/4366/2478 8212/4370/2478
f 8191/4371/2479 8196/4359/2479 8210/4362/2479 8205/4372/2479
f 8202/4369/2480 8201/4373/2480 8215/4374/2480 8216/4370/2480
f 8197/4359/2481 8191/4371/2481 8205/4372/2481 8211/4362/2481
f 8195/4360/2482 8194/4373/2482 8208/4374/2482 8209/4361/2482
f 8199/4367/2483 8204/4364/2483 8218/4365/2483 8213/4368/2483
f 8194/4373/2484 8198/4369/2484 8212/4370/2484 8208/4374/2484
f 8203/4363/2485 8202/4369/2485 8216/4370/2485 8217/4366/2485
f 8201/4373/2486 8200/4360/2486 8214/4361/2486 8215/4374/2486
