# Blender 4.3.2
# www.blender.org
mtllib mig25pds.mtl
o $ll
v 6.240909 0.453823 -6.367734
v 6.240909 0.569690 -6.367734
v 6.240909 0.453823 -6.483602
v 6.240909 0.569690 -6.483602
v 6.356775 0.453823 -6.367734
v 6.356775 0.569690 -6.367734
v 6.356775 0.453823 -6.483602
v 6.356775 0.569690 -6.483602
vn -1.0000 -0.0000 -0.0000
vn -0.0000 -0.0000 -1.0000
vn 1.0000 -0.0000 -0.0000
vn -0.0000 -0.0000 1.0000
vn -0.0000 -1.0000 -0.0000
vn -0.0000 1.0000 -0.0000
vt 0.188304 0.987059
vt 0.190804 0.987059
vt 0.190804 0.989559
vt 0.188304 0.989559
vt 0.190804 0.992059
vt 0.188304 0.992059
vt 0.190804 0.994559
vt 0.188304 0.994559
vt 0.190804 0.997059
vt 0.188304 0.997059
vt 0.185804 0.992059
vt 0.185804 0.994559
vt 0.193304 0.992059
vt 0.193304 0.994559
s 1
usemtl マテリアル
f 1/1/1 2/2/1 4/3/1 3/4/1
f 3/4/2 4/3/2 8/5/2 7/6/2
f 7/6/3 8/5/3 6/7/3 5/8/3
f 5/8/4 6/7/4 2/9/4 1/10/4
f 3/11/5 7/6/5 5/8/5 1/12/5
f 8/5/6 4/13/6 2/14/6 6/7/6
o $rearl
v 1.515356 3.653377 -9.910359
v 1.465350 3.632663 -9.910359
v 1.444636 3.582657 -9.910359
v 1.465350 3.532651 -9.910359
v 1.515356 3.511937 -9.910359
v 1.565363 3.532651 -9.910359
v 1.586076 3.582657 -9.910359
v 1.565363 3.632663 -9.910359
v 1.515356 3.639210 -10.030330
v 1.475367 3.622646 -10.030330
v 1.458803 3.582657 -10.030330
v 1.475367 3.542668 -10.030330
v 1.515356 3.526104 -10.030330
v 1.555345 3.542668 -10.030330
v 1.571909 3.582657 -10.030330
v 1.555345 3.622646 -10.030330
v 1.515356 3.597240 -10.122614
v 1.505044 3.592969 -10.122614
v 1.500773 3.582657 -10.122614
v 1.505044 3.572345 -10.122614
v 1.515356 3.568074 -10.122614
v 1.525668 3.572345 -10.122614
v 1.529940 3.582657 -10.122614
v 1.525668 3.592969 -10.122614
v -1.515356 3.653377 -9.910359
v -1.465350 3.632663 -9.910359
v -1.444636 3.582657 -9.910359
v -1.465350 3.532651 -9.910359
v -1.515356 3.511937 -9.910359
v -1.565363 3.532651 -9.910359
v -1.586076 3.582657 -9.910359
v -1.565363 3.632663 -9.910359
v -1.515356 3.639210 -10.030330
v -1.475367 3.622646 -10.030330
v -1.458803 3.582657 -10.030330
v -1.475367 3.542668 -10.030330
v -1.515356 3.526104 -10.030330
v -1.555345 3.542668 -10.030330
v -1.571909 3.582657 -10.030330
v -1.555345 3.622646 -10.030330
v -1.515356 3.597240 -10.122614
v -1.505044 3.592969 -10.122614
v -1.500773 3.582657 -10.122614
v -1.505044 3.572345 -10.122614
v -1.515356 3.568074 -10.122614
v -1.525668 3.572345 -10.122614
v -1.529940 3.582657 -10.122614
v -1.525668 3.592969 -10.122614
vn 0.9184 -0.3804 -0.1085
vn -0.3528 0.8518 -0.3874
vn -0.3804 -0.9184 -0.1085
vn -0.9184 0.3804 -0.1085
vn 0.9184 0.3804 -0.1085
vn 0.3804 -0.9184 -0.1085
vn -0.9184 -0.3804 -0.1085
vn -0.3804 0.9184 -0.1085
vn 0.3804 0.9184 -0.1085
vn -0.0000 -0.0000 -1.0000
vn -0.0002 -0.0000 -1.0000
vn 0.3528 0.8518 -0.3874
vn 0.8517 -0.3528 -0.3874
vn -0.3528 -0.8518 -0.3874
vn -0.8517 0.3528 -0.3874
vn 0.8517 0.3528 -0.3874
vn 0.3528 -0.8518 -0.3874
vn -0.8517 -0.3528 -0.3874
vn 0.0003 -0.0000 -1.0000
vn 0.0001 -0.0000 -1.0000
vn 0.8518 -0.3528 -0.3874
vn -0.0001 -0.0000 -1.0000
vn -0.0003 -0.0000 -1.0000
vt 0.056598 0.994771
s 1
usemtl マテリアル
f 14/15/7 22/15/7 23/15/7 15/15/7
f 17/15/8 25/15/8 26/15/8 18/15/8
f 12/15/9 20/15/9 21/15/9 13/15/9
f 10/15/10 18/15/10 19/15/10 11/15/10
f 15/15/11 23/15/11 24/15/11 16/15/11
f 13/15/12 21/15/12 22/15/12 14/15/12
f 11/15/13 19/15/13 20/15/13 12/15/13
f 9/15/14 17/15/14 18/15/14 10/15/14
f 16/15/15 24/15/15 17/15/15 9/15/15
f 29/15/16 28/15/17 27/15/16
f 24/15/18 32/15/18 25/15/18 17/15/18
f 22/15/19 30/15/19 31/15/19 23/15/19
f 20/15/20 28/15/20 29/15/20 21/15/20
f 18/15/21 26/15/21 27/15/21 19/15/21
f 23/15/22 31/15/22 32/15/22 24/15/22
f 21/15/23 29/15/23 30/15/23 22/15/23
f 19/15/24 27/15/24 28/15/24 20/15/24
f 25/15/16 32/15/25 31/15/26
f 38/15/13 39/15/13 47/15/13 46/15/13
f 41/15/18 42/15/18 50/15/18 49/15/18
f 36/15/12 37/15/12 45/15/12 44/15/12
f 34/15/11 35/15/11 43/15/11 42/15/11
f 39/15/10 40/15/10 48/15/10 47/15/10
f 37/15/9 38/15/9 46/15/9 45/15/9
f 35/15/7 36/15/7 44/15/7 43/15/7
f 33/15/15 34/15/15 42/15/15 41/15/15
f 40/15/14 33/15/14 41/15/14 48/15/14
f 51/15/16 53/15/16 49/15/16
f 48/15/8 41/15/8 49/15/8 56/15/8
f 46/15/24 47/15/24 55/15/24 54/15/24
f 44/15/23 45/15/23 53/15/23 52/15/23
f 42/15/22 43/15/22 51/15/22 50/15/22
f 47/15/21 48/15/21 56/15/21 55/15/21
f 45/15/20 46/15/20 54/15/20 53/15/20
f 43/15/27 44/15/27 52/15/27 51/15/27
f 55/15/28 56/15/16 49/15/16
f 27/15/16 26/15/16 25/15/16
f 25/15/16 29/15/16 27/15/16
f 30/15/28 29/15/16 31/15/26
f 29/15/16 25/15/16 31/15/26
f 49/15/16 50/15/16 51/15/16
f 51/15/16 52/15/29 53/15/16
f 49/15/16 53/15/16 54/15/16
f 54/15/16 55/15/28 49/15/16
o $rl
v -6.240909 0.453823 -6.367734
v -6.240909 0.569690 -6.367734
v -6.240909 0.453823 -6.483602
v -6.240909 0.569690 -6.483602
v -6.356775 0.453823 -6.367734
v -6.356775 0.569690 -6.367734
v -6.356775 0.453823 -6.483602
v -6.356775 0.569690 -6.483602
vn 1.0000 -0.0000 -0.0000
vn -0.0000 -0.0000 -1.0000
vn -1.0000 -0.0000 -0.0000
vn -0.0000 -0.0000 1.0000
vn -0.0000 -1.0000 -0.0000
vn -0.0000 1.0000 -0.0000
vt 0.188304 0.969425
vt 0.188304 0.971925
vt 0.190804 0.971925
vt 0.190804 0.969425
vt 0.188304 0.974425
vt 0.190804 0.974425
vt 0.188304 0.976925
vt 0.190804 0.976925
vt 0.188304 0.979425
vt 0.190804 0.979425
vt 0.185804 0.974425
vt 0.185804 0.976925
vt 0.193304 0.976925
vt 0.193304 0.974425
s 1
usemtl マテリアル
f 57/16/30 59/17/30 60/18/30 58/19/30
f 59/17/31 63/20/31 64/21/31 60/18/31
f 63/20/32 61/22/32 62/23/32 64/21/32
f 61/22/33 57/24/33 58/25/33 62/23/33
f 59/26/34 57/27/34 61/22/34 63/20/34
f 64/21/35 62/23/35 58/28/35 60/29/35
o body
v 0.000000 0.737294 4.919283
v 0.000000 -0.382636 4.812032
v 0.319662 -0.306448 4.819216
v 0.526317 -0.091114 4.838845
v 0.549834 0.185022 4.865658
v 0.526317 0.461158 4.892470
v 0.290889 0.663304 4.912099
v 0.000000 -0.016009 7.508930
v 0.000000 -0.065303 7.504207
v 0.012323 -0.062001 7.504522
v 0.021345 -0.052979 7.505386
v 0.024647 -0.040656 7.506568
v 0.021345 -0.028333 7.507750
v 0.012323 -0.019312 7.508614
v 0.227151 0.503231 5.783330
v 0.148378 0.263884 6.646707
v 0.256999 0.166965 6.638065
v 0.407255 0.336945 5.767536
v 0.000000 0.299359 6.649868
v 0.000000 0.564096 5.789110
v 0.407255 -0.117356 5.724386
v 0.256999 -0.097827 6.614462
v 0.148378 -0.194745 6.605822
v 0.227151 -0.296830 5.708591
v 0.454302 0.109795 5.745961
v 0.296757 0.034567 6.626265
v 0.000000 -0.359893 5.702810
v 0.000000 -0.230220 6.602660
v 0.000000 0.737294 4.919283
v 0.000000 -0.382636 4.812032
v 0.000000 0.933219 3.162010
v 0.000000 -0.357562 3.162010
v 0.000000 0.835476 4.040648
v 0.000000 -0.370099 3.987020
v 0.000000 -0.287383 -0.164242
v 0.000000 -0.189529 -1.086336
v 0.000000 -0.290575 0.058736
v 0.000000 -0.323552 1.763471
v -0.319662 -0.306448 4.819216
v -0.526317 -0.091114 4.838845
v -0.549834 0.185022 4.865658
v -0.526317 0.461158 4.892470
v -0.290889 0.663304 4.912099
v -0.302782 -0.265610 3.162010
v -0.522625 -0.037878 3.162010
v -0.547643 0.262691 3.162010
v -0.535813 0.647573 3.162010
v -0.353416 0.842977 3.162010
v -0.568882 0.223856 4.013834
v -0.313124 0.753580 4.037054
v -0.543930 -0.064496 4.000427
v -0.543930 0.548417 4.027241
v -0.324663 -0.286029 3.990613
v -0.310311 -0.219413 1.382639
v -0.439012 0.015561 1.382639
v -0.459703 0.325690 1.382639
v -0.471471 0.819541 1.382639
v -0.284380 0.928730 2.726817
v -0.163992 0.917520 3.162010
v -0.379332 0.971516 2.188840
v -0.392704 1.022933 1.597707
v -0.213456 -0.186879 -0.164242
v -0.342158 0.062029 -0.164242
v -0.362849 0.390549 -0.164242
v -0.374617 0.913686 -0.164242
v -0.394561 1.041224 1.381007
v -0.340118 1.112320 1.359041
v -0.297707 1.148514 -0.165874
v -0.257854 1.200558 -0.165874
v -0.155766 -0.159533 -1.086336
v -0.255299 0.089375 -1.086336
v -0.271300 0.390549 -1.086336
v -0.280401 0.913686 -1.086335
v -0.220922 1.148514 -1.087968
v -0.190102 1.200558 -1.087968
v -0.228439 -0.239688 1.109156
v -0.228439 -0.232120 0.871043
v -0.159200 -0.257360 0.871043
v -0.123882 -0.266937 0.800822
v -0.123882 -0.262372 0.474618
v -0.082045 -0.251945 0.058736
v -0.082045 -0.264172 0.332639
v -0.118787 -0.257953 0.396278
v -0.228439 -0.244445 1.382639
v -0.228439 -0.250746 1.638034
v -0.228439 -0.252703 1.719936
v -0.185169 -0.267007 1.763471
v 0.000000 0.737294 4.919283
v 0.000000 -0.382636 4.812032
v 0.000000 -0.016009 7.508930
v 0.000000 -0.065303 7.504207
v 0.000000 0.299359 6.649868
v 0.000000 0.564096 5.789110
v 0.000000 -0.359893 5.702810
v 0.000000 -0.230220 6.602660
v -0.319662 -0.306448 4.819216
v -0.526317 -0.091114 4.838845
v -0.549834 0.185022 4.865658
v -0.526317 0.461158 4.892470
v -0.290889 0.663304 4.912099
v -0.012323 -0.062001 7.504522
v -0.021345 -0.052979 7.505386
v -0.024647 -0.040656 7.506568
v -0.021345 -0.028333 7.507750
v -0.012323 -0.019312 7.508614
v -0.227151 0.503231 5.783330
v -0.148378 0.263884 6.646707
v -0.256999 0.166965 6.638065
v -0.407255 0.336945 5.767536
v -0.407255 -0.117356 5.724386
v -0.256999 -0.097827 6.614462
v -0.148378 -0.194745 6.605822
v -0.227151 -0.296830 5.708591
v -0.454302 0.109795 5.745961
v -0.296757 0.034567 6.626265
v 1.294789 0.951233 1.875836
v 0.599879 0.951233 1.912469
v 1.126407 -0.117170 0.107195
v 1.153627 0.001456 0.377492
v 1.277312 0.015905 0.109229
v 1.134763 -0.261497 -0.980073
v 1.304658 -0.174000 -0.980073
v 1.134763 -0.294313 -2.013761
v 1.304658 -0.206815 -2.013761
v 0.481189 0.001456 0.377492
v 0.474928 -0.117170 0.107195
v 0.407322 -0.261497 -0.980073
v 0.231697 -0.197913 -2.013761
v 0.513490 0.673399 0.742828
v 0.265148 0.673399 0.742828
v 0.498815 0.034636 -0.149725
v 0.250472 0.034636 -0.149725
v 0.000000 -0.187886 -0.980073
v 0.000000 -0.220701 -2.013761
v 1.255131 0.899551 1.674047
v 0.627449 0.899551 1.707136
v 1.103039 -0.065491 0.076509
v 1.127626 0.041660 0.320656
v 0.520241 0.041660 0.320656
v 0.514585 -0.065491 0.076509
v 1.107611 -0.065491 -0.029208
v 1.107611 0.041660 -0.029208
v 0.909247 -0.117170 0.107195
v 0.692088 -0.117170 0.107195
v 0.892283 -0.292269 -0.980073
v 0.649802 -0.292269 -0.980073
v 0.700444 -0.325085 -2.013761
v 0.917603 -0.325085 -2.013761
v 0.906888 -0.065491 0.076509
v 0.710737 -0.065491 0.076509
v 1.134763 -0.358881 -5.060143
v 1.266373 -0.271383 -5.060143
v 0.231697 -0.248642 -5.060143
v 0.000000 -0.271431 -5.060143
v 0.700444 -0.389652 -5.060143
v 0.917603 -0.389652 -5.060143
v 1.134763 -0.336092 -6.008149
v 1.266373 -0.248594 -6.008149
v 0.231697 -0.225853 -6.008149
v 0.000000 -0.248642 -6.008149
v 0.700444 -0.366864 -6.008149
v 0.917603 -0.366864 -6.008149
v 0.947334 0.962627 1.894153
v 0.941290 0.899551 1.690591
v 0.409365 -0.314819 -2.013761
v 0.409365 -0.372467 -5.060143
v 0.409365 -0.349678 -6.008149
v 0.231697 -0.155872 -0.980073
v 1.134763 -0.248106 -7.293474
v 1.266373 -0.160609 -7.293474
v 0.231697 -0.137868 -7.293474
v 0.000000 -0.137868 -7.293474
v 0.700444 -0.278878 -7.293474
v 0.917603 -0.278878 -7.293474
v 0.409365 -0.261693 -7.293474
v 1.134763 -0.185969 -8.123741
v 1.243585 -0.098472 -8.123741
v 0.231697 -0.075731 -8.123741
v 0.000000 -0.075731 -8.123741
v 0.700444 -0.216741 -8.123741
v 0.917603 -0.216741 -8.123741
v 0.409365 -0.199556 -8.123741
v 1.111855 0.018983 -9.374004
v 0.937964 -0.069619 -9.374004
v 0.745203 -0.100149 -9.374004
v 0.552443 -0.069619 -9.374004
v 0.378552 0.018983 -9.374004
v 0.240551 0.156984 -9.374004
v 0.000000 0.156984 -9.374004
v 0.000000 -0.220701 -2.013761
v 0.000000 -0.220701 -3.818619
v 0.000000 -0.271431 -5.060143
v 0.917603 -0.325085 -3.632072
v 1.134763 -0.301378 -3.954463
v 1.043260 -0.307279 -3.818619
v 1.266373 -0.224042 -4.149848
v 0.231697 -0.197913 -2.013761
v 0.700444 -0.325085 -2.013761
v 0.917603 -0.325085 -2.013761
v 0.231697 -0.197913 -3.818619
v 0.700444 -0.325085 -3.818619
v 0.917603 -0.325085 -3.818619
v 1.134763 -0.358881 -5.060143
v 1.266373 -0.271383 -5.060143
v 0.231697 -0.248642 -5.060143
v 0.700444 -0.389652 -5.060143
v 0.917603 -0.389652 -5.060143
v 0.409365 -0.314819 -2.013761
v 0.409365 -0.314819 -3.818619
v 0.409365 -0.372467 -5.060143
v 0.700444 -0.325085 -2.523409
v 0.700444 -0.325085 -3.314882
v -1.294789 0.951233 1.875836
v -0.599879 0.951233 1.912469
v -1.126407 -0.117170 0.107195
v -1.153627 0.001456 0.377492
v -1.277312 0.015905 0.109229
v -1.134763 -0.261497 -0.980073
v -1.304658 -0.174000 -0.980073
v -1.134763 -0.294313 -2.013761
v -1.304658 -0.206815 -2.013761
v -0.481189 0.001456 0.377492
v -0.474928 -0.117170 0.107195
v -0.407322 -0.261497 -0.980073
v -0.231697 -0.197913 -2.013761
v -0.513490 0.673399 0.742828
v -0.265148 0.673399 0.742828
v -0.498815 0.034636 -0.149725
v -0.250472 0.034636 -0.149725
v -1.255131 0.899551 1.674047
v -0.627449 0.899551 1.707136
v -1.103039 -0.065491 0.076509
v -1.127626 0.041660 0.320656
v -0.520241 0.041660 0.320656
v -0.514585 -0.065491 0.076509
v -1.107611 -0.065491 -0.029208
v -1.107611 0.041660 -0.029208
v -0.909247 -0.117170 0.107195
v -0.692088 -0.117170 0.107195
v -0.892283 -0.292269 -0.980073
v -0.649802 -0.292269 -0.980073
v -0.700444 -0.325085 -2.013761
v -0.917603 -0.325085 -2.013761
v -0.906888 -0.065491 0.076509
v -0.710737 -0.065491 0.076509
v -1.134763 -0.358881 -5.060143
v -1.266373 -0.271383 -5.060143
v -0.231697 -0.248642 -5.060143
v -0.700444 -0.389652 -5.060143
v -0.917603 -0.389652 -5.060143
v -1.134763 -0.336092 -6.008149
v -1.266373 -0.248594 -6.008149
v -0.231697 -0.225853 -6.008149
v -0.700444 -0.366864 -6.008149
v -0.917603 -0.366864 -6.008149
v -0.947334 0.962627 1.894153
v -0.941290 0.899551 1.690591
v -0.409365 -0.314819 -2.013761
v -0.409365 -0.372467 -5.060143
v -0.409365 -0.349678 -6.008149
v -0.231697 -0.155872 -0.980073
v -1.134763 -0.248106 -7.293474
v -1.266373 -0.160609 -7.293474
v -0.231697 -0.137868 -7.293474
v -0.700444 -0.278878 -7.293474
v -0.917603 -0.278878 -7.293474
v -0.409365 -0.261693 -7.293474
v -1.134763 -0.185969 -8.123741
v -1.243585 -0.098472 -8.123741
v -0.231697 -0.075731 -8.123741
v -0.700444 -0.216741 -8.123741
v -0.917603 -0.216741 -8.123741
v -0.409365 -0.199556 -8.123741
v -1.111855 0.018983 -9.374004
v -0.937964 -0.069619 -9.374004
v -0.745203 -0.100149 -9.374004
v -0.552443 -0.069619 -9.374004
v -0.378552 0.018983 -9.374004
v -0.240551 0.156984 -9.374004
v -0.917603 -0.325085 -3.632072
v -1.134763 -0.301378 -3.954463
v -1.043260 -0.307279 -3.818619
v -1.266373 -0.224042 -4.149848
v -0.231697 -0.197913 -2.013761
v -0.700444 -0.325085 -2.013761
v -0.917603 -0.325085 -2.013761
v -0.231697 -0.197913 -3.818619
v -0.700444 -0.325085 -3.818619
v -0.917603 -0.325085 -3.818619
v -1.134763 -0.358881 -5.060143
v -1.266373 -0.271383 -5.060143
v -0.231697 -0.248642 -5.060143
v -0.700444 -0.389652 -5.060143
v -0.917603 -0.389652 -5.060143
v -0.409365 -0.314819 -2.013761
v -0.409365 -0.314819 -3.818619
v -0.409365 -0.372467 -5.060143
v -0.700444 -0.325085 -2.523409
v -0.700444 -0.325085 -3.314882
v 1.255131 0.899551 1.674047
v 0.627449 0.899551 1.707136
v 1.103039 -0.065491 0.076509
v 1.127626 0.041660 0.320656
v 0.520241 0.041660 0.320656
v 0.514585 -0.065491 0.076509
v 1.107611 0.797002 -0.029208
v 0.533816 0.797002 -0.029208
v 1.107611 -0.065491 -0.029208
v 1.107611 0.041660 -0.029208
v 0.533816 0.041660 -0.029208
v 0.533816 -0.065491 -0.029208
v 0.906888 -0.065491 0.076509
v 0.710737 -0.065491 0.076509
v 0.916346 -0.065491 -0.029208
v 0.725081 -0.065491 -0.029208
v 0.941290 0.899551 1.690591
v 0.820713 0.797002 -0.029208
v -1.255131 0.899551 1.674047
v -0.627449 0.899551 1.707136
v -1.103039 -0.065491 0.076509
v -1.127626 0.041660 0.320656
v -0.520241 0.041660 0.320656
v -0.514585 -0.065491 0.076509
v -1.107611 0.797002 -0.029208
v -0.533816 0.797002 -0.029208
v -1.107611 -0.065491 -0.029208
v -1.107611 0.041660 -0.029208
v -0.533816 0.041660 -0.029208
v -0.533816 -0.065491 -0.029208
v -0.906888 -0.065491 0.076509
v -0.710737 -0.065491 0.076509
v -0.916346 -0.065491 -0.029208
v -0.725081 -0.065491 -0.029208
v -0.941290 0.899551 1.690591
v -0.820713 0.797002 -0.029208
v 1.294789 0.951233 1.875836
v 0.599879 0.951233 1.912469
v 0.475462 1.141662 0.116559
v 1.355558 1.032277 0.116559
v 0.412666 1.206652 -0.980073
v 1.382905 1.070680 -0.980073
v 0.425327 1.221844 -2.013761
v 1.382905 1.085872 -2.013761
v 0.000000 1.206652 -0.980073
v 0.000000 1.221844 -2.013761
v 0.164324 1.206652 -0.980073
v 0.425327 1.221844 -3.818619
v 1.344620 1.085872 -3.818619
v 0.000000 1.221844 -3.818619
v 0.425327 1.221844 -5.060143
v 1.344620 1.085872 -5.060143
v 0.000000 1.221844 -5.060143
v 0.425327 1.221843 -6.008149
v 1.344620 1.085872 -6.008149
v 0.000000 1.221843 -6.008149
v 0.947334 0.962627 1.894153
v 0.915510 1.109758 0.116559
v 0.897786 1.163354 -0.980073
v 0.904116 1.178546 -2.013761
v 0.884973 1.178546 -3.818619
v 0.884973 1.178546 -5.060143
v 0.884973 1.178545 -6.008149
v 0.425327 1.221840 -7.293474
v 1.344620 1.085868 -7.293474
v 0.000000 1.221840 -7.293474
v 0.884973 1.178542 -7.293474
v 0.425327 1.202850 -8.123741
v 1.321831 1.066878 -8.123741
v 0.000000 1.202850 -8.123741
v 0.884973 1.159552 -8.123741
v 0.552443 1.116890 -9.374004
v 0.745203 1.147420 -9.374004
v 0.937964 1.116890 -9.374004
v 1.111855 1.028289 -9.374004
v 1.249856 0.890287 -9.374004
v 0.240551 0.890287 -9.374004
v 0.378552 1.028289 -9.374004
v 0.000000 0.890287 -9.374004
v 0.171833 0.709526 -9.721444
v 0.000000 0.709526 -9.721444
v 0.599879 0.951233 1.912469
v 0.475462 1.141662 0.116559
v 0.412666 1.206652 -0.980073
v 0.164324 1.206652 -0.980073
v 0.481189 0.001456 0.377492
v 0.474928 -0.117170 0.107195
v 0.407322 -0.261497 -0.980073
v 0.481189 0.001456 0.109229
v 0.413583 -0.142871 -0.980073
v 0.480501 0.900525 0.148214
v 0.221169 0.900525 0.148214
v 0.513490 0.673399 0.742828
v 0.265148 0.673399 0.742828
v -1.294789 0.951233 1.875836
v -0.599879 0.951233 1.912469
v -0.475462 1.141662 0.116559
v -1.355558 1.032277 0.116559
v -0.412666 1.206652 -0.980073
v -1.382905 1.070680 -0.980073
v -0.425327 1.221844 -2.013761
v -1.382905 1.085872 -2.013761
v -0.164324 1.206652 -0.980073
v -0.425327 1.221844 -3.818619
v -1.344620 1.085872 -3.818619
v -0.425327 1.221844 -5.060143
v -1.344620 1.085872 -5.060143
v -0.425327 1.221843 -6.008149
v -1.344620 1.085872 -6.008149
v -0.947334 0.962627 1.894153
v -0.915510 1.109758 0.116559
v -0.897786 1.163354 -0.980073
v -0.904116 1.178546 -2.013761
v -0.884973 1.178546 -3.818619
v -0.884973 1.178546 -5.060143
v -0.884973 1.178545 -6.008149
v -0.425327 1.221840 -7.293474
v -1.344620 1.085868 -7.293474
v -0.884973 1.178542 -7.293474
v -0.425327 1.202850 -8.123741
v -1.321831 1.066878 -8.123741
v -0.884973 1.159552 -8.123741
v -0.552443 1.116890 -9.374004
v -0.745203 1.147420 -9.374004
v -0.937964 1.116890 -9.374004
v -1.111855 1.028289 -9.374004
v -1.249856 0.890287 -9.374004
v -0.240551 0.890287 -9.374004
v -0.378552 1.028289 -9.374004
v -0.171833 0.709526 -9.721444
v -0.599879 0.951233 1.912469
v -0.475462 1.141662 0.116559
v -0.412666 1.206652 -0.980073
v -0.164324 1.206652 -0.980073
v -0.481189 0.001456 0.377492
v -0.474928 -0.117170 0.107195
v -0.407322 -0.261497 -0.980073
v -0.481189 0.001456 0.109229
v -0.413583 -0.142871 -0.980073
v -0.480501 0.900525 0.148214
v -0.221169 0.900525 0.148214
v -0.513490 0.673399 0.742828
v -0.265148 0.673399 0.742828
v -1.294789 0.951233 1.875836
v -1.355558 1.032277 0.116559
v -1.277312 0.015905 0.109229
v -1.393600 0.551617 0.112894
v -1.382905 1.070680 -0.980073
v -1.304658 -0.174000 -0.980073
v -1.420946 0.551617 -0.980073
v -1.348408 0.148400 0.109807
v -1.374700 -0.017610 -0.980073
v -1.382905 1.085872 -2.013761
v -1.304658 -0.206815 -2.013761
v -1.420946 0.551617 -2.013761
v -1.374700 -0.039487 -2.013761
v -1.344620 1.085872 -3.818619
v -1.382661 0.551617 -3.818619
v -1.344620 1.085872 -5.060143
v -1.266373 -0.271383 -5.060143
v -1.382661 0.551617 -5.060143
v -1.336415 -0.039487 -5.060143
v -1.344620 1.085872 -6.008149
v -1.266373 -0.248594 -6.008149
v -1.382661 0.551617 -6.008149
v -1.336415 -0.016698 -6.008149
v -1.344620 1.085868 -7.293474
v -1.266373 -0.160609 -7.293474
v -1.382661 0.551613 -7.293474
v -1.336415 0.071288 -7.293474
v -1.321831 1.066878 -8.123741
v -1.243585 -0.098472 -8.123741
v -1.359872 0.551613 -8.123741
v -1.313626 0.133425 -8.123741
v -1.338458 0.716395 -9.374004
v -1.368988 0.523636 -9.374004
v -1.338458 0.330876 -9.374004
v -1.249856 0.156984 -9.374004
v -1.111855 0.018983 -9.374004
v -1.249856 0.890287 -9.374004
v -1.336415 -0.039487 -4.253831
v -1.420946 0.551617 -2.013761
v -1.374700 -0.039487 -2.013761
v -1.382661 0.551617 -3.818619
v -1.336415 -0.039487 -3.818619
v -1.382661 0.551617 -5.060143
v -1.336415 -0.039487 -5.060143
v -1.347097 -0.039487 -3.315039
v -1.336415 -0.039487 -4.253831
v -1.266373 -0.224042 -4.149848
v -1.266373 -0.271383 -5.060143
v -1.336415 -0.039487 -5.060143
v 0.190102 1.200558 -1.087968
v 0.000000 1.413779 -1.087968
v 0.076027 1.401340 -1.087968
v 0.139020 1.359738 -1.087968
v 0.184263 1.260614 -1.087968
v 0.190102 1.200558 -2.028679
v 0.000000 1.413779 -2.028679
v 0.076027 1.401339 -2.028679
v 0.139020 1.359738 -2.028679
v 0.184263 1.260613 -2.028679
v 0.167313 1.200558 -3.818619
v 0.000000 1.413779 -3.818619
v 0.053239 1.401339 -3.818619
v 0.116232 1.359738 -3.818619
v 0.161474 1.260613 -3.818619
v 0.167313 1.200557 -5.060143
v 0.000000 1.413779 -5.060143
v 0.053239 1.401339 -5.060143
v 0.116232 1.359738 -5.060143
v 0.161474 1.260613 -5.060143
v 0.167313 1.200557 -6.008149
v 0.000000 1.413779 -6.008150
v 0.053239 1.401339 -6.008150
v 0.116232 1.359738 -6.008150
v 0.161474 1.260612 -6.008149
v 0.167313 1.145861 -7.293474
v 0.000000 1.413775 -7.293474
v 0.053239 1.401335 -7.293474
v 0.116232 1.359734 -7.293474
v 0.161474 1.260609 -7.293474
v 0.161474 1.260609 -9.374004
v 0.116232 1.359734 -9.374004
v 0.053239 1.401335 -9.374004
v 0.000000 1.413775 -9.374004
v 0.167313 1.106131 -9.374004
v 0.161474 1.260609 -9.795594
v 0.116232 1.359734 -9.795594
v 0.053239 1.401335 -9.795594
v 0.000000 1.413775 -9.795594
v 0.167313 1.105692 -9.795594
v 0.092714 1.024806 -9.374004
v 0.092714 1.024366 -9.795594
v 0.000000 1.004800 -9.374004
v 0.000000 1.004361 -9.795594
v 0.092714 1.064535 -7.293474
v 0.000000 1.044530 -7.293474
v 0.015346 1.398183 -10.119488
v 0.012527 1.404360 -10.119488
v 0.008602 1.406952 -10.119488
v 0.000000 1.407727 -10.119488
v 0.015710 1.387571 -10.119488
v 0.011062 1.382504 -10.119488
v 0.000000 1.381257 -10.119488
v 0.000000 1.411075 -9.957541
v 0.045699 1.404136 -9.957541
v 0.109333 1.230633 -9.957541
v 0.106076 1.325634 -9.957541
v 0.080838 1.380929 -9.957541
v 0.000000 1.174107 -9.957541
v 0.067719 1.185267 -9.957541
v 0.340118 1.112320 1.359041
v 0.000000 1.403600 1.268785
v 0.061836 1.403600 1.268785
v 0.160232 1.386606 1.274078
v 0.249887 1.329775 1.291780
v 0.329805 1.194361 1.333958
v 0.257854 1.200558 -0.165874
v 0.000000 1.413779 -0.165874
v 0.110349 1.401340 -0.165874
v 0.191802 1.359738 -0.165874
v 0.250304 1.260614 -0.165874
v 0.190102 1.200558 -1.087968
v 0.000000 1.413779 -1.087968
v 0.076027 1.401340 -1.087968
v 0.139020 1.359738 -1.087968
v 0.184263 1.260614 -1.087968
v 0.019416 1.354748 -0.062529
v 0.019416 1.673144 -0.221915
v 0.019416 1.354748 -0.151178
v 0.019416 1.673144 -0.254791
v 0.000000 1.354748 -0.151178
v 0.000000 1.673144 -0.254791
v 0.000000 1.354748 -0.062529
v 0.000000 1.673144 -0.221915
v -0.190102 1.200558 -1.087968
v -0.076027 1.401340 -1.087968
v -0.139020 1.359738 -1.087968
v -0.184263 1.260614 -1.087968
v -0.190102 1.200558 -2.028679
v -0.076027 1.401339 -2.028679
v -0.139020 1.359738 -2.028679
v -0.184263 1.260613 -2.028679
v -0.167313 1.200558 -3.818619
v -0.053239 1.401339 -3.818619
v -0.116232 1.359738 -3.818619
v -0.161474 1.260613 -3.818619
v -0.167313 1.200557 -5.060143
v -0.053239 1.401339 -5.060143
v -0.116232 1.359738 -5.060143
v -0.161474 1.260613 -5.060143
v -0.167313 1.200557 -6.008149
v -0.053239 1.401339 -6.008150
v -0.116232 1.359738 -6.008150
v -0.161474 1.260612 -6.008149
v -0.167313 1.145861 -7.293474
v -0.053239 1.401335 -7.293474
v -0.116232 1.359734 -7.293474
v -0.161474 1.260609 -7.293474
v -0.161474 1.260609 -9.374004
v -0.116232 1.359734 -9.374004
v -0.053239 1.401335 -9.374004
v -0.167313 1.106131 -9.374004
v -0.161474 1.260609 -9.795594
v -0.116232 1.359734 -9.795594
v -0.053239 1.401335 -9.795594
v -0.167313 1.105692 -9.795594
v -0.092714 1.024806 -9.374004
v -0.092714 1.024366 -9.795594
v -0.092714 1.064535 -7.293474
v -0.015346 1.398183 -10.119488
v -0.012527 1.404360 -10.119488
v -0.008602 1.406952 -10.119488
v -0.015710 1.387571 -10.119488
v -0.011062 1.382504 -10.119488
v -0.045699 1.404136 -9.957541
v -0.109333 1.230633 -9.957541
v -0.106076 1.325634 -9.957541
v -0.080838 1.380929 -9.957541
v -0.067719 1.185267 -9.957541
v -0.340118 1.112320 1.359041
v -0.061836 1.403600 1.268785
v -0.160232 1.386606 1.274078
v -0.249887 1.329775 1.291780
v -0.329805 1.194361 1.333958
v -0.257854 1.200558 -0.165874
v -0.110349 1.401340 -0.165874
v -0.191802 1.359738 -0.165874
v -0.250304 1.260614 -0.165874
v -0.190102 1.200558 -1.087968
v -0.076027 1.401340 -1.087968
v -0.139020 1.359738 -1.087968
v -0.184263 1.260614 -1.087968
v -0.019416 1.354748 -0.062529
v -0.019416 1.673144 -0.221915
v -0.019416 1.354748 -0.151178
v -0.019416 1.673144 -0.254791
v 0.000000 0.737294 4.919283
v 0.000000 -0.382636 4.812032
v 0.319662 -0.306448 4.819216
v 0.526317 -0.091114 4.838845
v 0.549834 0.185022 4.865658
v 0.526317 0.461158 4.892470
v 0.290889 0.663304 4.912099
v 0.000000 0.933219 3.162010
v 0.000000 -0.357562 3.162010
v 0.302782 -0.265610 3.162010
v 0.522625 -0.037878 3.162010
v 0.547643 0.262691 3.162010
v 0.535813 0.647573 3.162010
v 0.353416 0.842977 3.162010
v 0.000000 0.835476 4.040648
v 0.568882 0.223856 4.013834
v 0.000000 -0.370099 3.987020
v 0.313124 0.753580 4.037054
v 0.543930 -0.064496 4.000427
v 0.543930 0.548417 4.027241
v 0.324663 -0.286029 3.990613
v 0.310311 -0.219413 1.382639
v 0.439012 0.015561 1.382639
v 0.459703 0.325690 1.382639
v 0.471471 0.819541 1.382639
v 0.284380 0.928730 2.726817
v 0.163992 0.917520 3.162010
v 0.379332 0.971516 2.188840
v 0.392704 1.022933 1.597707
v 0.000000 -0.287383 -0.164242
v 0.213456 -0.186879 -0.164242
v 0.342158 0.062029 -0.164242
v 0.362849 0.390549 -0.164242
v 0.374617 0.913686 -0.164242
v 0.394561 1.041224 1.381007
v 0.340118 1.112320 1.359041
v 0.297707 1.148514 -0.165874
v 0.257854 1.200558 -0.165874
v 0.000000 -0.189529 -1.086336
v 0.155766 -0.159533 -1.086336
v 0.255299 0.089375 -1.086336
v 0.271300 0.390549 -1.086336
v 0.280401 0.913686 -1.086335
v 0.220922 1.148514 -1.087968
v 0.190102 1.200558 -1.087968
v 0.228439 -0.239688 1.109156
v 0.228439 -0.232120 0.871043
v 0.159200 -0.257360 0.871043
v 0.123882 -0.266937 0.800822
v 0.123882 -0.262372 0.474618
v 0.000000 -0.290575 0.058736
v 0.082045 -0.251945 0.058736
v 0.082045 -0.264172 0.332639
v 0.118787 -0.257953 0.396278
v 0.228439 -0.244445 1.382639
v 0.228439 -0.250746 1.638034
v 0.000000 -0.323552 1.763471
v 0.228439 -0.252703 1.719936
v 0.185169 -0.267007 1.763471
v 1.294789 0.951233 1.875836
v 1.355558 1.032277 0.116559
v 1.277312 0.015905 0.109229
v 1.393600 0.551617 0.112894
v 1.382905 1.070680 -0.980073
v 1.304658 -0.174000 -0.980073
v 1.420946 0.551617 -0.980073
v 1.348408 0.148400 0.109807
v 1.374700 -0.017610 -0.980073
v 1.382905 1.085872 -2.013761
v 1.304658 -0.206815 -2.013761
v 1.420946 0.551617 -2.013761
v 1.374700 -0.039487 -2.013761
v 1.344620 1.085872 -3.818619
v 1.382661 0.551617 -3.818619
v 1.344620 1.085872 -5.060143
v 1.266373 -0.271383 -5.060143
v 1.382661 0.551617 -5.060143
v 1.336415 -0.039487 -5.060143
v 1.344620 1.085872 -6.008149
v 1.266373 -0.248594 -6.008149
v 1.382661 0.551617 -6.008149
v 1.336415 -0.016698 -6.008149
v 1.344620 1.085868 -7.293474
v 1.266373 -0.160609 -7.293474
v 1.382661 0.551613 -7.293474
v 1.336415 0.071288 -7.293474
v 1.321831 1.066878 -8.123741
v 1.243585 -0.098472 -8.123741
v 1.359872 0.551613 -8.123741
v 1.313626 0.133425 -8.123741
v 1.338458 0.716395 -9.374004
v 1.368988 0.523636 -9.374004
v 1.338458 0.330876 -9.374004
v 1.249856 0.156984 -9.374004
v 1.111855 0.018983 -9.374004
v 1.249856 0.890287 -9.374004
v 1.336415 -0.039487 -4.253831
v 1.420946 0.551617 -2.013761
v 1.374700 -0.039487 -2.013761
v 1.382661 0.551617 -3.818619
v 1.336415 -0.039487 -3.818619
v 1.382661 0.551617 -5.060143
v 1.336415 -0.039487 -5.060143
v 1.347097 -0.039487 -3.315039
v 1.336415 -0.039487 -4.253831
v 1.266373 -0.224042 -4.149848
v 1.266373 -0.271383 -5.060143
v 1.336415 -0.039487 -5.060143
v 0.552443 1.116890 -9.374004
v 1.338458 0.716395 -9.374004
v 1.368988 0.523636 -9.374004
v 1.338458 0.330876 -9.374004
v 1.249856 0.156984 -9.374004
v 1.111855 0.018983 -9.374004
v 0.745203 1.147420 -9.374004
v 0.937964 1.116890 -9.374004
v 1.111855 1.028289 -9.374004
v 1.249856 0.890287 -9.374004
v 0.937964 -0.069619 -9.374004
v 0.745203 -0.100149 -9.374004
v 0.552443 -0.069619 -9.374004
v 0.378552 0.018983 -9.374004
v 0.240551 0.156984 -9.374004
v 0.151949 0.330876 -9.374004
v 0.121419 0.523636 -9.374004
v 0.151949 0.716395 -9.374004
v 0.240551 0.890287 -9.374004
v 0.378552 1.028289 -9.374004
v 0.575963 1.040189 -9.816692
v 1.260355 0.691474 -9.816692
v 1.286938 0.523636 -9.816692
v 1.260355 0.355797 -9.816692
v 1.183208 0.204388 -9.816692
v 1.063050 0.084228 -9.816692
v 0.743802 1.066772 -9.816692
v 0.911640 1.040189 -9.816692
v 1.063050 0.963043 -9.816692
v 1.183208 0.842884 -9.816692
v 0.911640 0.007082 -9.816692
v 0.743802 -0.019501 -9.816692
v 0.575963 0.007082 -9.816692
v 0.424554 0.084228 -9.816692
v 0.304395 0.204388 -9.816692
v 0.227248 0.355797 -9.816692
v 0.200665 0.523636 -9.816692
v 0.227248 0.691474 -9.816692
v 0.304395 0.842884 -9.816692
v 0.424554 0.963043 -9.816692
v 1.344572 0.523636 -9.816692
v 1.315168 0.709284 -9.816692
v 1.315168 0.337988 -9.816692
v 1.229835 0.170512 -9.816692
v 1.096926 0.037602 -9.816692
v 0.929450 1.095002 -9.816692
v 0.743802 1.124406 -9.816692
v 1.096926 1.009669 -9.816692
v 1.229835 0.876759 -9.816692
v 0.743802 -0.077135 -9.816692
v 0.929450 -0.047731 -9.816692
v 0.558153 -0.047731 -9.816692
v 0.390678 0.037602 -9.816692
v 0.257768 0.170512 -9.816692
v 0.172435 0.337988 -9.816692
v 0.143031 0.523636 -9.816692
v 0.172435 0.709284 -9.816692
v 0.257768 0.876759 -9.816692
v 0.390678 1.009669 -9.816692
v 0.558153 1.095002 -9.816692
v 0.564310 1.076054 -8.739594
v 1.296220 0.703127 -8.739594
v 1.324648 0.523636 -8.739594
v 1.296220 0.344145 -8.739594
v 1.213717 0.182223 -8.739594
v 1.085215 0.053720 -8.739594
v 0.743802 1.104483 -8.739594
v 0.923293 1.076054 -8.739594
v 1.085215 0.993551 -8.739594
v 1.213717 0.865049 -8.739594
v 0.923293 -0.028782 -8.739594
v 0.743802 -0.057211 -8.739594
v 0.564310 -0.028782 -8.739594
v 0.402388 0.053720 -8.739594
v 0.273887 0.182223 -8.739594
v 0.191384 0.344145 -8.739594
v 0.162955 0.523636 -8.739594
v 0.191384 0.703127 -8.739594
v 0.273887 0.865049 -8.739594
v 0.402388 0.993551 -8.739594
v -0.552443 1.116890 -9.374004
v -1.338458 0.716395 -9.374004
v -1.368988 0.523636 -9.374004
v -1.338458 0.330876 -9.374004
v -1.249856 0.156984 -9.374004
v -1.111855 0.018983 -9.374004
v -0.745203 1.147420 -9.374004
v -0.937964 1.116890 -9.374004
v -1.111855 1.028289 -9.374004
v -1.249856 0.890287 -9.374004
v -0.937964 -0.069619 -9.374004
v -0.745203 -0.100149 -9.374004
v -0.552443 -0.069619 -9.374004
v -0.378552 0.018983 -9.374004
v -0.240551 0.156984 -9.374004
v -0.151949 0.330876 -9.374004
v -0.121419 0.523636 -9.374004
v -0.151949 0.716395 -9.374004
v -0.240551 0.890287 -9.374004
v -0.378552 1.028289 -9.374004
v -0.575963 1.040189 -9.816692
v -1.260355 0.691474 -9.816692
v -1.286938 0.523636 -9.816692
v -1.260355 0.355797 -9.816692
v -1.183208 0.204388 -9.816692
v -1.063050 0.084228 -9.816692
v -0.743802 1.066772 -9.816692
v -0.911640 1.040189 -9.816692
v -1.063050 0.963043 -9.816692
v -1.183208 0.842884 -9.816692
v -0.911640 0.007082 -9.816692
v -0.743802 -0.019501 -9.816692
v -0.575963 0.007082 -9.816692
v -0.424554 0.084228 -9.816692
v -0.304395 0.204388 -9.816692
v -0.227248 0.355797 -9.816692
v -0.200665 0.523636 -9.816692
v -0.227248 0.691474 -9.816692
v -0.304395 0.842884 -9.816692
v -0.424554 0.963043 -9.816692
v -1.344572 0.523636 -9.816692
v -1.315168 0.709284 -9.816692
v -1.315168 0.337988 -9.816692
v -1.229835 0.170512 -9.816692
v -1.096926 0.037602 -9.816692
v -0.929450 1.095002 -9.816692
v -0.743802 1.124406 -9.816692
v -1.096926 1.009669 -9.816692
v -1.229835 0.876759 -9.816692
v -0.743802 -0.077135 -9.816692
v -0.929450 -0.047731 -9.816692
v -0.558153 -0.047731 -9.816692
v -0.390678 0.037602 -9.816692
v -0.257768 0.170512 -9.816692
v -0.172435 0.337988 -9.816692
v -0.143031 0.523636 -9.816692
v -0.172435 0.709284 -9.816692
v -0.257768 0.876759 -9.816692
v -0.390678 1.009669 -9.816692
v -0.558153 1.095002 -9.816692
v -0.564310 1.076054 -8.739594
v -1.296220 0.703127 -8.739594
v -1.324648 0.523636 -8.739594
v -1.296220 0.344145 -8.739594
v -1.213717 0.182223 -8.739594
v -1.085215 0.053720 -8.739594
v -0.743802 1.104483 -8.739594
v -0.923293 1.076054 -8.739594
v -1.085215 0.993551 -8.739594
v -1.213717 0.865049 -8.739594
v -0.923293 -0.028782 -8.739594
v -0.743802 -0.057211 -8.739594
v -0.564310 -0.028782 -8.739594
v -0.402388 0.053720 -8.739594
v -0.273887 0.182223 -8.739594
v -0.191384 0.344145 -8.739594
v -0.162955 0.523636 -8.739594
v -0.191384 0.703127 -8.739594
v -0.273887 0.865049 -8.739594
v -0.402388 0.993551 -8.739594
v 0.240551 0.156984 -9.374004
v 0.000000 0.156984 -9.374004
v 0.171833 0.341979 -9.721444
v 0.000000 0.341979 -9.721444
v 0.171833 0.709526 -9.721444
v 0.000000 0.709526 -9.721444
v 0.000000 0.525563 -9.721444
v 0.153926 0.525563 -9.721444
v -0.240551 0.156984 -9.374004
v -0.171833 0.341979 -9.721444
v -0.171833 0.709526 -9.721444
v -0.153926 0.525563 -9.721444
v 0.000000 0.933219 3.162010
v 0.284380 0.928730 2.726817
v 0.163992 0.917520 3.162010
v 0.000000 0.974654 3.051144
v 0.379332 0.971516 2.188840
v 0.236076 0.990478 2.726817
v 0.349197 1.040591 2.212044
v 0.000000 1.006840 2.975674
v 0.141579 0.973982 3.049871
v 0.073997 1.006840 2.975674
v 0.063633 1.273724 2.341402
v 0.036262 1.249940 2.406776
v 0.000000 1.263548 2.366074
v 0.000000 1.249940 2.406776
v 0.168134 1.137807 2.669641
v 0.155732 1.219865 2.477892
v 0.111297 1.209656 2.501748
v 0.121473 1.134810 2.676643
v 0.341797 1.036153 2.256619
v 0.063633 1.285807 2.304193
v 0.000000 1.285807 2.304193
v 0.323260 1.115343 2.284880
v 0.240970 1.226587 2.324580
v 0.328866 1.122330 2.242761
v 0.243773 1.236122 2.285522
v 0.161841 1.262875 2.337530
v 0.163243 1.273684 2.299638
v 0.118587 1.249338 2.404559
v 0.082683 1.232342 2.449174
v 0.180571 0.980036 2.931310
v 0.091629 1.042219 2.893813
v 0.146807 1.025427 2.931612
v 0.000000 0.933219 3.162010
v 0.000000 0.974654 3.051144
v 0.000000 1.006840 2.975674
v 0.000000 1.263548 2.366074
v 0.000000 1.249940 2.406776
v 0.000000 1.285807 2.304193
v -0.284380 0.928730 2.726817
v -0.163992 0.917520 3.162010
v -0.379332 0.971516 2.188840
v -0.236076 0.990478 2.726817
v -0.349197 1.040591 2.212044
v -0.141579 0.973982 3.049871
v -0.073997 1.006840 2.975674
v -0.063633 1.273724 2.341402
v -0.036262 1.249940 2.406776
v -0.168134 1.137807 2.669641
v -0.155732 1.219865 2.477892
v -0.111297 1.209656 2.501748
v -0.121473 1.134810 2.676643
v -0.341797 1.036153 2.256619
v -0.063633 1.285807 2.304193
v -0.323260 1.115343 2.284880
v -0.240970 1.226587 2.324580
v -0.328866 1.122330 2.242761
v -0.243773 1.236122 2.285522
v -0.161841 1.262875 2.337530
v -0.163243 1.273684 2.299638
v -0.118587 1.249338 2.404559
v -0.082683 1.232342 2.449174
v -0.180571 0.980036 2.931310
v -0.091629 1.042219 2.893813
v -0.146807 1.025427 2.931612
v 0.000000 0.933219 3.162010
v 0.284380 0.928730 2.726817
v 0.163992 0.917520 3.162010
v 0.000000 0.974654 3.051144
v 0.379332 0.971516 2.188840
v 0.236076 0.990478 2.726817
v 0.349197 1.040591 2.212044
v 0.000000 1.006840 2.975674
v 0.073997 1.006840 2.975674
v 0.063633 1.273724 2.341402
v 0.036262 1.249940 2.406776
v 0.000000 1.263548 2.366074
v 0.000000 1.249940 2.406776
v 0.168134 1.137807 2.669641
v 0.155732 1.219865 2.477892
v 0.111297 1.209656 2.501748
v 0.121473 1.134810 2.676643
v 0.341797 1.036153 2.256619
v 0.063633 1.285807 2.304193
v 0.000000 1.285807 2.304193
v 0.323260 1.115343 2.284880
v 0.240970 1.226587 2.324580
v 0.328866 1.122330 2.242761
v 0.243773 1.236122 2.285522
v 0.161841 1.262875 2.337530
v 0.163243 1.273684 2.299638
v 0.118587 1.249338 2.404559
v 0.082683 1.232342 2.449174
v 0.180571 0.980036 2.931310
v 0.091629 1.042219 2.893813
v 0.146807 1.025427 2.931612
v 0.000000 0.933219 3.162010
v 0.000000 0.974654 3.051144
v 0.000000 1.006840 2.975674
v 0.000000 1.263548 2.366074
v 0.000000 1.249940 2.406776
v 0.000000 1.285807 2.304193
v -0.284380 0.928730 2.726817
v -0.163992 0.917520 3.162010
v -0.379332 0.971516 2.188840
v -0.236076 0.990478 2.726817
v -0.349197 1.040591 2.212044
v -0.073997 1.006840 2.975674
v -0.063633 1.273724 2.341402
v -0.036262 1.249940 2.406776
v -0.168134 1.137807 2.669641
v -0.155732 1.219865 2.477892
v -0.111297 1.209656 2.501748
v -0.121473 1.134810 2.676643
v -0.341797 1.036153 2.256619
v -0.063633 1.285807 2.304193
v -0.323260 1.115343 2.284880
v -0.240970 1.226587 2.324580
v -0.328866 1.122330 2.242761
v -0.243773 1.236122 2.285522
v -0.161841 1.262875 2.337530
v -0.163243 1.273684 2.299638
v -0.118587 1.249338 2.404559
v -0.082683 1.232342 2.449174
v -0.180571 0.980036 2.931310
v -0.091629 1.042219 2.893813
v -0.146807 1.025427 2.931612
v -0.001522 0.905729 3.150096
v 0.259987 0.912613 2.720095
v 0.155576 0.890905 3.151018
v -0.000828 0.947127 3.039247
v 0.352864 0.958781 2.182733
v 0.211739 0.974306 2.720022
v 0.320837 1.032433 2.206646
v 0.000000 0.979245 2.963905
v 0.129958 0.948390 3.039382
v 0.073814 0.979314 2.963748
v 0.062664 1.245353 2.331699
v 0.036236 1.221755 2.396498
v 0.000000 1.221613 2.396907
v 0.168061 1.110228 2.657833
v 0.155565 1.192172 2.466356
v 0.111180 1.181996 2.490133
v 0.121382 1.107232 2.664834
v 0.314204 1.025911 2.250811
v 0.061968 1.257336 2.294888
v 0.296179 1.103716 2.279275
v 0.221872 1.204529 2.317599
v 0.301145 1.112261 2.237267
v 0.223769 1.214838 2.278679
v 0.153426 1.235297 2.329246
v 0.154493 1.246198 2.291395
v 0.118175 1.221404 2.393627
v 0.082317 1.204464 2.438098
v 0.158312 0.961329 2.923922
v 0.091448 1.014666 2.881948
v 0.139482 0.998849 2.919781
v 0.001522 0.905729 3.150096
v 0.000828 0.947127 3.039247
v 0.000000 0.979245 2.963905
v 0.000000 1.235215 2.356221
v 0.000000 1.257464 2.294370
v -0.259987 0.912613 2.720095
v -0.155576 0.890905 3.151018
v -0.352864 0.958781 2.182733
v -0.211739 0.974306 2.720022
v -0.320837 1.032433 2.206646
v -0.129958 0.948390 3.039382
v -0.073814 0.979314 2.963748
v -0.062664 1.245353 2.331699
v -0.036236 1.221755 2.396498
v -0.168062 1.110228 2.657833
v -0.155565 1.192172 2.466356
v -0.111180 1.181996 2.490133
v -0.121382 1.107232 2.664834
v -0.314204 1.025911 2.250811
v -0.061968 1.257336 2.294888
v -0.296179 1.103716 2.279275
v -0.221872 1.204529 2.317599
v -0.301145 1.112261 2.237267
v -0.223769 1.214838 2.278679
v -0.153426 1.235297 2.329246
v -0.154494 1.246198 2.291395
v -0.118175 1.221404 2.393627
v -0.082317 1.204464 2.438098
v -0.158312 0.961329 2.923922
v -0.091448 1.014666 2.881948
v -0.139482 0.998849 2.919781
v 1.529727 1.071454 -3.232170
v 1.520355 1.066512 -4.225944
v 1.481952 0.955879 -1.968239
v 6.182671 0.566773 -7.004457
v 6.182671 0.568356 -6.547025
v 6.182671 0.531420 -6.273291
v 6.182671 0.510028 -8.015512
v 3.419984 0.867071 -4.578828
v 3.391617 0.783443 -3.717165
v 3.414419 0.863495 -5.354714
v 3.102265 0.825863 -6.344763
v 3.102265 0.810754 -3.541706
v 3.102265 1.012084 -6.344763
v 3.102265 0.999825 -3.583157
v 3.102265 0.825863 -6.525548
v 3.102265 0.956967 -6.479616
v 3.102265 1.069229 -3.779557
v 3.102265 0.885948 -4.363801
v 3.063989 0.825863 -6.344763
v 3.063989 0.810754 -3.541706
v 3.063989 1.012084 -6.344763
v 3.063989 0.999825 -3.583157
v 3.063989 0.825863 -6.525548
v 3.063989 0.956967 -6.479616
v 3.063989 1.069229 -3.779557
v 3.063989 0.885948 -4.363801
v 6.182671 0.493190 -7.004457
v 6.182671 0.566773 -7.004457
v 6.182671 0.568356 -6.547025
v 6.182671 0.486820 -6.547025
v 6.182671 0.531420 -6.273291
v 6.182671 0.510028 -8.015512
v 6.228773 0.499311 -4.847762
v 6.228773 0.526289 -4.847762
v 6.228773 0.499307 -8.028787
v 6.228773 0.526285 -8.028787
v 6.255750 0.499311 -4.847762
v 6.255750 0.526289 -4.847762
v 6.255750 0.499307 -8.028787
v 6.255750 0.526285 -8.028787
v 6.164961 0.435500 -5.077967
v 6.164961 0.590100 -5.077967
v 6.319561 0.435500 -5.077967
v 6.319561 0.590100 -5.077967
v 6.164961 0.590096 -7.845668
v 6.319561 0.435496 -7.845668
v 6.164961 0.435496 -7.845668
v 6.319561 0.590096 -7.845668
v 4.865294 0.650375 -5.066799
v 4.878682 0.709350 -5.618036
v 4.876056 0.706828 -6.225779
v 4.836617 0.611998 -7.782383
v 6.182671 0.571965 -7.647488
v 1.410937 0.985285 -6.107046
v 3.306403 0.817372 -6.732850
v 4.836617 0.687797 -7.215779
v -1.529727 1.071454 -3.232170
v -1.520355 1.066512 -4.225944
v -1.481952 0.955879 -1.968239
v -6.182671 0.566773 -7.004457
v -6.182671 0.568356 -6.547025
v -6.182671 0.531420 -6.273291
v -6.182671 0.510028 -8.015512
v -3.419984 0.867071 -4.578828
v -3.391617 0.783443 -3.717165
v -3.414419 0.863495 -5.354714
v -3.102265 0.825863 -6.344763
v -3.102265 0.810754 -3.541706
v -3.102265 1.012084 -6.344763
v -3.102265 0.999825 -3.583157
v -3.102265 0.825863 -6.525548
v -3.102265 0.956967 -6.479616
v -3.102265 1.069229 -3.779557
v -3.102265 0.885948 -4.363801
v -3.063989 0.825863 -6.344763
v -3.063989 0.810754 -3.541706
v -3.063989 1.012084 -6.344763
v -3.063989 0.999825 -3.583157
v -3.063989 0.825863 -6.525548
v -3.063989 0.956967 -6.479616
v -3.063989 1.069229 -3.779557
v -3.063989 0.885948 -4.363801
v -6.182671 0.493190 -7.004457
v -6.182671 0.566773 -7.004457
v -6.182671 0.568356 -6.547025
v -6.182671 0.486820 -6.547025
v -6.182671 0.531420 -6.273291
v -6.182671 0.510028 -8.015512
v -6.228773 0.499311 -4.847762
v -6.228773 0.526289 -4.847762
v -6.228773 0.499307 -8.028787
v -6.228773 0.526285 -8.028787
v -6.255750 0.499311 -4.847762
v -6.255750 0.526289 -4.847762
v -6.255750 0.499307 -8.028787
v -6.255750 0.526285 -8.028787
v -6.164961 0.435500 -5.077967
v -6.164961 0.590100 -5.077967
v -6.319561 0.435500 -5.077967
v -6.319561 0.590100 -5.077967
v -6.164961 0.590096 -7.845668
v -6.319561 0.435496 -7.845668
v -6.164961 0.435496 -7.845668
v -6.319561 0.590096 -7.845668
v -4.865294 0.650375 -5.066799
v -4.878682 0.709350 -5.618036
v -4.876056 0.706828 -6.225779
v -4.836617 0.611998 -7.782383
v -6.182671 0.571965 -7.647488
v -1.410937 0.985285 -6.107046
v -3.306403 0.817372 -6.732850
v -4.836617 0.687797 -7.215779
v 1.301117 0.915752 0.098690
v 1.301117 0.942165 0.098690
v 1.301117 0.867147 -0.190041
v 1.301117 0.997653 -0.190041
v 1.379286 0.915752 0.098690
v 1.379286 0.942165 0.098690
v 1.423103 0.867147 -0.190041
v 1.423103 0.997653 -0.190041
v 1.301117 0.874444 -0.045676
v 1.301117 0.983472 -0.045676
v 1.405178 0.874444 -0.045676
v 1.405178 0.983472 -0.045676
v 1.301117 0.867147 -1.968239
v 1.301117 1.007505 -1.968239
v 1.481953 0.867147 -1.968239
v 1.481953 1.007505 -1.968239
v 1.233394 0.854062 -6.107046
v 1.233394 0.998946 -6.107046
v 1.410937 0.860193 -6.107046
v 1.410937 0.985285 -6.107046
v 1.529728 0.816324 -3.232170
v 1.529728 1.071454 -3.232170
v 1.282399 0.816324 -3.232170
v 1.282399 1.071454 -3.232170
v 1.520355 0.836267 -4.225944
v 1.267683 0.836267 -4.225944
v 1.520355 1.066512 -4.225944
v 1.267683 1.066512 -4.225944
v 1.481953 0.955879 -1.968239
v 1.420500 0.873883 -7.192145
v 1.339954 0.873883 -7.180157
v -1.301117 0.915752 0.098690
v -1.301117 0.942165 0.098690
v -1.301117 0.867147 -0.190041
v -1.301117 0.997653 -0.190041
v -1.379286 0.915752 0.098690
v -1.379286 0.942165 0.098690
v -1.423103 0.867147 -0.190041
v -1.423103 0.997653 -0.190041
v -1.301117 0.874444 -0.045676
v -1.301117 0.983472 -0.045676
v -1.405178 0.874444 -0.045676
v -1.405178 0.983472 -0.045676
v -1.301117 0.867147 -1.968239
v -1.301117 1.007505 -1.968239
v -1.481953 0.867147 -1.968239
v -1.481953 1.007505 -1.968239
v -1.233394 0.854062 -6.107046
v -1.233394 0.998946 -6.107046
v -1.410937 0.860193 -6.107046
v -1.410937 0.985285 -6.107046
v -1.529728 0.816324 -3.232170
v -1.529728 1.071454 -3.232170
v -1.282399 0.816324 -3.232170
v -1.282399 1.071454 -3.232170
v -1.520355 0.836267 -4.225944
v -1.267683 0.836267 -4.225944
v -1.520355 1.066512 -4.225944
v -1.267683 1.066512 -4.225944
v -1.481953 0.955879 -1.968239
v -1.420500 0.873883 -7.192145
v -1.339954 0.873883 -7.180157
v 1.529727 0.816324 -3.232170
v 1.520355 0.836267 -4.225944
v 1.481952 0.955879 -1.968239
v 6.182671 0.493190 -7.004457
v 6.182671 0.486820 -6.547025
v 6.182671 0.531420 -6.273291
v 6.182671 0.510028 -8.015512
v 3.391617 0.783443 -3.717165
v 3.419984 0.682463 -4.578828
v 3.408552 0.696894 -5.354714
v 1.410937 0.860193 -6.107046
v 6.182671 0.503899 -7.647488
v 3.306403 0.715446 -6.732850
v 4.865294 0.650375 -5.066799
v 4.878682 0.579164 -5.618036
v 4.876056 0.589339 -6.225779
v 4.836617 0.611998 -7.782383
v 4.836617 0.603749 -7.215779
v -1.529727 0.816324 -3.232170
v -1.520355 0.836267 -4.225944
v -1.481952 0.955879 -1.968239
v -6.182671 0.493190 -7.004457
v -6.182671 0.486820 -6.547025
v -6.182671 0.531420 -6.273291
v -6.182671 0.510028 -8.015512
v -3.391617 0.783443 -3.717165
v -3.419984 0.682463 -4.578828
v -3.408552 0.696894 -5.354714
v -1.410937 0.860193 -6.107046
v -6.182671 0.503899 -7.647488
v -3.306403 0.715446 -6.732850
v -4.865294 0.650375 -5.066799
v -4.878682 0.579164 -5.618036
v -4.876056 0.589339 -6.225779
v -4.836617 0.611998 -7.782383
v -4.836617 0.603749 -7.215779
v 3.306403 0.817372 -6.732850
v 1.410937 0.985285 -6.107046
v 1.410937 0.860193 -6.107046
v 3.306403 0.715446 -6.732850
v 4.836617 0.687797 -7.215779
v 4.836617 0.603749 -7.215779
v 4.836617 0.611998 -7.782383
v -3.306403 0.817372 -6.732850
v -1.410937 0.985285 -6.107046
v -1.410937 0.860193 -6.107046
v -3.306403 0.715446 -6.732850
v -4.836617 0.687797 -7.215779
v -4.836617 0.603749 -7.215779
v -4.836617 0.611998 -7.782383
v 1.134763 -0.294313 -2.013761
v 1.304658 -0.206815 -2.013761
v 0.973744 -0.017879 -1.941384
v 1.336415 -0.039487 -4.253831
v 1.374700 -0.039487 -2.013761
v 1.336415 -0.039487 -3.818619
v 1.347097 -0.039487 -3.315039
v 0.917603 -0.325085 -3.632072
v 1.134763 -0.301378 -3.954463
v 1.043260 -0.307279 -3.818619
v 1.336415 -0.039487 -4.253831
v 1.266373 -0.224042 -4.149848
v 0.917603 -0.325085 -2.013761
v 0.700444 -0.325085 -2.523409
v 0.700444 -0.325085 -3.314882
v 1.287099 0.027536 -1.941384
v 1.320908 0.036026 -4.326208
v 1.361667 0.046260 -1.941384
v 1.320908 0.036026 -3.862873
v 1.332280 0.038881 -3.326751
v 0.742552 -0.075930 -3.664271
v 0.973744 -0.017879 -4.007494
v 0.876328 -0.042340 -3.862873
v 1.320908 0.036026 -4.326208
v 1.246340 0.017302 -4.215506
v 0.742552 -0.075930 -1.941384
v 0.511359 -0.133981 -2.483966
v 0.511359 -0.133981 -3.326584
v 0.948267 0.374371 -1.941384
v 1.261622 0.374371 -1.941384
v 1.295431 0.374371 -4.326208
v 1.336190 0.374371 -1.941384
v 1.295431 0.374371 -3.862873
v 1.306803 0.374371 -3.326751
v 0.717075 0.374371 -3.664271
v 0.948267 0.374371 -4.007494
v 0.850851 0.374371 -3.862873
v 1.295431 0.374371 -4.326208
v 1.220863 0.374371 -4.215506
v 0.717075 0.374371 -1.941384
v 0.485882 0.374371 -2.483966
v 0.485882 0.374371 -3.326584
v -1.134763 -0.294313 -2.013761
v -1.304658 -0.206815 -2.013761
v -0.973744 -0.017879 -1.941384
v -1.336415 -0.039487 -4.253831
v -1.374700 -0.039487 -2.013761
v -1.336415 -0.039487 -3.818619
v -1.347097 -0.039487 -3.315039
v -0.917603 -0.325085 -3.632072
v -1.134763 -0.301378 -3.954463
v -1.043260 -0.307279 -3.818619
v -1.336415 -0.039487 -4.253831
v -1.266373 -0.224042 -4.149848
v -0.917603 -0.325085 -2.013761
v -0.700444 -0.325085 -2.523409
v -0.700444 -0.325085 -3.314882
v -1.287099 0.027536 -1.941384
v -1.320908 0.036026 -4.326208
v -1.361667 0.046260 -1.941384
v -1.320908 0.036026 -3.862873
v -1.332280 0.038881 -3.326751
v -0.742552 -0.075930 -3.664271
v -0.973744 -0.017879 -4.007494
v -0.876328 -0.042340 -3.862873
v -1.320908 0.036026 -4.326208
v -1.246340 0.017302 -4.215506
v -0.742552 -0.075930 -1.941384
v -0.511359 -0.133981 -2.483966
v -0.511359 -0.133981 -3.326584
v -0.948267 0.374371 -1.941384
v -1.261622 0.374371 -1.941384
v -1.295431 0.374371 -4.326208
v -1.336190 0.374371 -1.941384
v -1.295431 0.374371 -3.862873
v -1.306803 0.374371 -3.326751
v -0.717075 0.374371 -3.664271
v -0.948267 0.374371 -4.007494
v -0.850851 0.374371 -3.862873
v -1.295431 0.374371 -4.326208
v -1.220863 0.374371 -4.215506
v -0.717075 0.374371 -1.941384
v -0.485882 0.374371 -2.483966
v -0.485882 0.374371 -3.326584
v 0.228439 -0.239688 1.109156
v 0.228439 -0.232120 0.871043
v 0.159200 -0.257360 0.871043
v 0.123882 -0.266937 0.800822
v 0.123882 -0.262372 0.474618
v 0.000000 -0.290575 0.058736
v 0.082045 -0.251945 0.058736
v 0.082045 -0.264172 0.332639
v 0.118787 -0.257953 0.396278
v 0.228439 -0.244445 1.382639
v 0.228439 -0.250746 1.638034
v 0.000000 -0.323552 1.763471
v 0.228439 -0.252703 1.719936
v 0.185169 -0.267007 1.763471
v 0.321323 -0.101443 1.173067
v 0.321323 -0.101442 0.858116
v 0.229741 -0.101442 0.858116
v 0.183026 -0.101442 0.765235
v 0.183026 -0.101443 0.333766
v 0.000000 -0.101442 -0.216319
v 0.127688 -0.101442 -0.216319
v 0.127688 -0.101442 0.145972
v 0.176287 -0.101442 0.230147
v 0.321323 -0.101442 1.534801
v 0.321323 -0.101441 1.872611
v 0.000000 -0.101441 2.038526
v 0.321323 -0.101441 1.980943
v 0.264090 -0.101441 2.038525
v 0.321323 0.245642 1.173067
v 0.321323 0.245642 0.858116
v 0.229741 0.245642 0.858116
v 0.183026 0.245642 0.765235
v 0.183026 0.245642 0.333766
v 0.000000 0.245642 -0.216319
v 0.127688 0.245642 -0.216319
v 0.127688 0.245642 0.145972
v 0.176287 0.245642 0.230147
v 0.321323 0.245642 1.534801
v 0.321323 0.245644 1.872611
v 0.000000 0.245644 2.038526
v 0.321323 0.245644 1.980943
v 0.264090 0.245644 2.038525
v -0.228439 -0.239688 1.109156
v -0.228439 -0.232120 0.871043
v -0.159200 -0.257360 0.871043
v -0.123882 -0.266937 0.800822
v -0.123882 -0.262372 0.474618
v -0.082045 -0.251945 0.058736
v -0.082045 -0.264172 0.332639
v -0.118787 -0.257953 0.396278
v -0.228439 -0.244445 1.382639
v -0.228439 -0.250746 1.638034
v -0.228439 -0.252703 1.719936
v -0.185169 -0.267007 1.763471
v -0.321323 -0.101443 1.173067
v -0.321323 -0.101442 0.858116
v -0.229741 -0.101442 0.858116
v -0.183026 -0.101442 0.765235
v -0.183026 -0.101443 0.333766
v -0.127688 -0.101442 -0.216319
v -0.127688 -0.101442 0.145972
v -0.176287 -0.101442 0.230147
v -0.321323 -0.101442 1.534801
v -0.321323 -0.101441 1.872611
v -0.321323 -0.101441 1.980943
v -0.264090 -0.101441 2.038525
v -0.321323 0.245642 1.173067
v -0.321323 0.245642 0.858116
v -0.229741 0.245642 0.858116
v -0.183026 0.245642 0.765235
v -0.183026 0.245642 0.333766
v -0.127688 0.245642 -0.216319
v -0.127688 0.245642 0.145972
v -0.176287 0.245642 0.230147
v -0.321323 0.245642 1.534801
v -0.321323 0.245644 1.872611
v -0.321323 0.245644 1.980943
v -0.264090 0.245644 2.038525
v 1.175170 1.081577 -5.275422
v 1.250505 1.590497 -6.362857
v 1.234304 1.081576 -6.153992
v 1.283367 1.400519 -6.505864
v 1.225672 1.410931 -6.138935
v 1.444174 3.023080 -8.288144
v 1.467604 2.787672 -8.460061
v 1.565800 3.675474 -9.686659
v 1.544609 3.823271 -9.411492
v 1.283367 1.400515 -9.024025
v 1.467604 2.787672 -9.601278
v 1.556677 3.543943 -9.931540
v 1.415181 2.787672 -10.014433
v 1.517472 3.439941 -10.125168
v 1.223204 1.400515 -9.764289
v 1.231627 0.999949 -8.906570
v 1.169994 1.165147 -9.663659
v -1.175170 1.081577 -5.275422
v -1.250505 1.590497 -6.362857
v -1.234304 1.081576 -6.153992
v -1.283367 1.400519 -6.505864
v -1.225672 1.410931 -6.138935
v -1.444174 3.023080 -8.288144
v -1.467604 2.787672 -8.460061
v -1.565800 3.675474 -9.686659
v -1.544609 3.823271 -9.411492
v -1.283367 1.400515 -9.024025
v -1.467604 2.787672 -9.601278
v -1.556677 3.543943 -9.931540
v -1.415181 2.787672 -10.014433
v -1.517472 3.439941 -10.125168
v -1.223204 1.400515 -9.764289
v -1.231627 0.999949 -8.906570
v -1.169994 1.165147 -9.663659
v 1.175170 1.081577 -5.275422
v 1.250505 1.590497 -6.362857
v 1.116264 1.081576 -6.153992
v 1.165326 1.400519 -6.505864
v 1.234304 1.081576 -6.153992
v 1.283367 1.400519 -6.505864
v 1.225672 1.410931 -6.138935
v 1.364749 2.787672 -8.460061
v 1.444174 3.023080 -8.288144
v 1.503035 3.675474 -9.686659
v 1.544609 3.823271 -9.411492
v 1.165326 1.400515 -9.024025
v 1.364749 2.787672 -9.601278
v 1.493911 3.543943 -9.931540
v 1.415181 2.787672 -10.014433
v 1.517472 3.439941 -10.125168
v 1.223204 1.400515 -9.764289
v 1.113586 0.999949 -8.906570
v 1.231627 0.999949 -8.906570
v 1.169994 1.165147 -9.663659
v -1.175170 1.081577 -5.275422
v -1.250505 1.590497 -6.362857
v -1.116264 1.081576 -6.153992
v -1.165326 1.400519 -6.505864
v -1.234304 1.081576 -6.153992
v -1.283367 1.400519 -6.505864
v -1.225672 1.410931 -6.138935
v -1.364749 2.787672 -8.460061
v -1.444174 3.023080 -8.288144
v -1.503035 3.675474 -9.686659
v -1.544609 3.823271 -9.411492
v -1.165326 1.400515 -9.024025
v -1.364749 2.787672 -9.601278
v -1.493911 3.543943 -9.931540
v -1.415181 2.787672 -10.014433
v -1.517472 3.439941 -10.125168
v -1.223204 1.400515 -9.764289
v -1.113586 0.999949 -8.906570
v -1.231627 0.999949 -8.906570
v -1.169994 1.165147 -9.663659
v 1.283367 1.400515 -9.024025
v 1.165326 1.400515 -9.024025
v 1.223204 1.400515 -9.764289
v 1.364749 2.787672 -9.601278
v 1.467604 2.787672 -9.601278
v 1.415181 2.787672 -10.014433
v -1.283367 1.400515 -9.024025
v -1.165326 1.400515 -9.024025
v -1.223204 1.400515 -9.764289
v -1.364749 2.787672 -9.601278
v -1.467604 2.787672 -9.601278
v -1.415181 2.787672 -10.014433
v 1.503035 3.675474 -9.686659
v 1.565800 3.675474 -9.686659
v 1.544609 3.823271 -9.411492
v 1.493911 3.543943 -9.931540
v 1.556677 3.543943 -9.931540
v 1.517472 3.439941 -10.125168
v -1.503035 3.675474 -9.686659
v -1.565800 3.675474 -9.686659
v -1.544609 3.823271 -9.411492
v -1.493911 3.543943 -9.931540
v -1.556677 3.543943 -9.931540
v -1.517472 3.439941 -10.125168
v 1.293472 -0.712278 -7.441426
v 1.133229 0.041614 -6.224232
v 1.205285 -0.297673 -9.599221
v 1.133229 0.041610 -9.381273
v 1.336860 -0.693657 -7.431123
v 1.178528 0.051242 -6.218466
v 1.248673 -0.279052 -9.598310
v 1.178528 0.051238 -9.380363
v 1.203478 -0.288888 -6.757840
v 1.169847 -0.130666 -9.599751
v 1.214308 -0.117095 -9.598841
v 1.247940 -0.275313 -6.750085
v 1.187341 -0.212967 -8.121495
v 1.265679 -0.581607 -8.121495
v 1.308768 -0.561582 -8.121495
v 1.231749 -0.199148 -8.121495
v 1.178528 0.051238 -8.121496
v 1.133229 0.041610 -8.121496
v -1.293472 -0.712278 -7.441426
v -1.133229 0.041614 -6.224232
v -1.205285 -0.297673 -9.599221
v -1.133229 0.041610 -9.381273
v -1.336860 -0.693657 -7.431123
v -1.178528 0.051242 -6.218466
v -1.248673 -0.279052 -9.598310
v -1.178528 0.051238 -9.380363
v -1.203478 -0.288888 -6.757840
v -1.169847 -0.130666 -9.599751
v -1.214308 -0.117095 -9.598841
v -1.247940 -0.275313 -6.750085
v -1.187341 -0.212967 -8.121495
v -1.265679 -0.581607 -8.121495
v -1.308768 -0.561582 -8.121495
v -1.231749 -0.199148 -8.121495
v -1.178528 0.051238 -8.121496
v -1.133229 0.041610 -8.121496
v 0.000000 -0.016009 7.508930
v 0.000000 -0.065303 7.504207
v 0.000000 -0.045820 7.819965
v 0.000000 -0.095113 7.815242
v 0.000000 -0.111548 8.351927
v 0.000000 -0.131621 8.350003
v -0.012323 -0.062001 7.504522
v -0.021345 -0.052979 7.505386
v -0.024647 -0.040656 7.506568
v -0.021345 -0.028333 7.507750
v -0.012323 -0.019312 7.508614
v -0.012322 -0.091811 7.815557
v -0.021343 -0.082790 7.816422
v -0.024645 -0.070466 7.817603
v -0.021343 -0.058143 7.818785
v -0.012322 -0.049122 7.819649
v -0.005019 -0.130277 8.350132
v -0.008693 -0.126603 8.350484
v -0.010037 -0.121585 8.350965
v -0.008693 -0.116566 8.351446
v -0.005019 -0.112893 8.351798
v 0.000000 -0.016009 7.508930
v 0.000000 -0.065303 7.504207
v 0.012323 -0.062001 7.504522
v 0.021345 -0.052979 7.505386
v 0.024647 -0.040656 7.506568
v 0.021345 -0.028333 7.507750
v 0.012323 -0.019312 7.508614
v 0.000000 -0.045820 7.819965
v 0.000000 -0.095113 7.815242
v 0.012322 -0.091811 7.815557
v 0.021343 -0.082790 7.816422
v 0.024645 -0.070466 7.817603
v 0.021343 -0.058143 7.818785
v 0.012322 -0.049122 7.819649
v 0.000000 -0.111548 8.351927
v 0.000000 -0.131621 8.350003
v 0.005019 -0.130277 8.350132
v 0.008693 -0.126603 8.350484
v 0.010037 -0.121585 8.350965
v 0.008693 -0.116566 8.351446
v 0.005019 -0.112893 8.351798
v 1.515356 3.653377 -9.495605
v 1.515356 3.511937 -9.495605
v 1.565363 3.532650 -9.495605
v 1.586076 3.582657 -9.495605
v 1.565363 3.632663 -9.495605
v 1.515356 3.653377 -9.910359
v 1.515356 3.511937 -9.910359
v 1.565363 3.532651 -9.910359
v 1.586076 3.582657 -9.910359
v 1.565363 3.632663 -9.910359
v 1.515356 3.643124 -9.361133
v 1.515356 3.522189 -9.361133
v 1.558113 3.539900 -9.361133
v 1.575824 3.582657 -9.361133
v 1.558113 3.625414 -9.361133
v 1.515356 3.593979 -9.187110
v 1.515356 3.571334 -9.187110
v 1.523362 3.574651 -9.187110
v 1.526679 3.582657 -9.187110
v 1.523362 3.590663 -9.187110
v 1.559598 3.582657 -9.274121
v 1.546640 3.613940 -9.274121
v 1.515356 3.538415 -9.274121
v 1.546640 3.551373 -9.274121
v 1.515356 3.626899 -9.274121
v -1.515356 3.653377 -9.495605
v -1.465350 3.632663 -9.495605
v -1.444636 3.582657 -9.495605
v -1.465350 3.532650 -9.495605
v -1.515356 3.511937 -9.495605
v -1.515356 3.653377 -9.910359
v -1.465350 3.632663 -9.910359
v -1.444636 3.582657 -9.910359
v -1.465350 3.532651 -9.910359
v -1.515356 3.511937 -9.910359
v -1.515356 3.643124 -9.361133
v -1.472599 3.625414 -9.361133
v -1.454889 3.582657 -9.361133
v -1.472599 3.539900 -9.361133
v -1.515356 3.522189 -9.361133
v -1.515356 3.593979 -9.187110
v -1.507350 3.590663 -9.187110
v -1.504034 3.582657 -9.187110
v -1.507350 3.574651 -9.187110
v -1.515356 3.571334 -9.187110
v -1.484073 3.613940 -9.274121
v -1.471114 3.582657 -9.274121
v -1.515356 3.538415 -9.274121
v -1.484073 3.551373 -9.274121
v -1.515356 3.626899 -9.274121
v -1.515356 3.653377 -9.495605
v -1.515356 3.511937 -9.495605
v -1.565363 3.532650 -9.495605
v -1.586076 3.582657 -9.495605
v -1.565363 3.632663 -9.495605
v -1.515356 3.653377 -9.910359
v -1.515356 3.511937 -9.910359
v -1.565363 3.532651 -9.910359
v -1.586076 3.582657 -9.910359
v -1.565363 3.632663 -9.910359
v -1.515356 3.643124 -9.361133
v -1.515356 3.522189 -9.361133
v -1.558113 3.539900 -9.361133
v -1.575824 3.582657 -9.361133
v -1.558113 3.625414 -9.361133
v -1.515356 3.593979 -9.187110
v -1.515356 3.571334 -9.187110
v -1.523362 3.574651 -9.187110
v -1.526679 3.582657 -9.187110
v -1.523362 3.590663 -9.187110
v -1.559598 3.582657 -9.274121
v -1.546640 3.613940 -9.274121
v -1.515356 3.538415 -9.274121
v -1.546640 3.551373 -9.274121
v -1.515356 3.626899 -9.274121
v 1.515356 3.653377 -9.495605
v 1.465350 3.632663 -9.495605
v 1.444636 3.582657 -9.495605
v 1.465350 3.532650 -9.495605
v 1.515356 3.511937 -9.495605
v 1.515356 3.653377 -9.910359
v 1.465350 3.632663 -9.910359
v 1.444636 3.582657 -9.910359
v 1.465350 3.532651 -9.910359
v 1.515356 3.511937 -9.910359
v 1.515356 3.643124 -9.361133
v 1.472599 3.625414 -9.361133
v 1.454889 3.582657 -9.361133
v 1.472599 3.539900 -9.361133
v 1.515356 3.522189 -9.361133
v 1.515356 3.593979 -9.187110
v 1.507350 3.590663 -9.187110
v 1.504034 3.582657 -9.187110
v 1.507350 3.574651 -9.187110
v 1.515356 3.571334 -9.187110
v 1.484073 3.613940 -9.274121
v 1.471114 3.582657 -9.274121
v 1.515356 3.538415 -9.274121
v 1.484073 3.551373 -9.274121
v 1.515356 3.626899 -9.274121
vn 0.6465 0.6884 0.3290
vn 0.6454 -0.7353 0.2070
vn 0.2278 0.9139 0.3359
vn 0.9193 -0.2967 0.2585
vn 0.9199 0.2464 0.3050
vn 0.2273 -0.9579 0.1756
vn 0.2460 -0.9688 0.0304
vn 0.2485 -0.9592 0.1346
vn 0.9830 0.1249 0.1344
vn 0.9569 0.2126 0.1980
vn 0.9827 -0.1484 0.1109
vn 0.9563 -0.2456 0.1585
vn 0.2518 0.9488 0.1908
vn 0.2447 0.9276 0.2824
vn 0.7087 -0.7012 0.0779
vn 0.6790 -0.7214 0.1361
vn 0.6606 0.7270 0.1875
vn 0.6633 0.7040 0.2538
vn -0.2503 0.9623 0.1066
vn -0.7163 -0.6977 -0.0100
vn -0.9965 0.0786 0.0270
vn -0.2416 -0.9702 -0.0186
vn -0.9961 -0.0868 0.0182
vn -0.6584 0.7471 0.0913
vn -0.6943 0.7140 0.0902
vn -0.9961 -0.0839 -0.0283
vn -0.2702 -0.9625 -0.0228
vn -0.9986 0.0520 -0.0129
vn -0.7150 -0.6980 -0.0382
vn -0.7983 -0.6013 -0.0339
vn -0.9959 -0.0745 -0.0504
vn -0.9991 0.0001 -0.0427
vn -0.2916 -0.9562 -0.0236
vn -0.2932 -0.9558 -0.0232
vn -0.2910 -0.9564 -0.0235
vn -0.1997 0.9715 0.1280
vn -0.3636 0.9241 0.1177
vn -0.3635 0.9233 0.1238
vn -0.3639 0.9248 0.1112
vn -0.3634 0.9233 0.1243
vn -0.3280 0.9354 0.1323
vn -0.7267 0.6783 0.1089
vn -0.9441 0.3278 0.0358
vn -0.9012 0.4328 0.0214
vn -0.8809 -0.4686 -0.0671
vn -0.9470 0.3188 -0.0385
vn -0.9958 -0.0645 -0.0647
vn -0.4255 -0.9038 -0.0457
vn -0.9977 -0.0231 -0.0637
vn -0.7946 0.6071 -0.0077
vn -0.9948 -0.0198 -0.1002
vn -0.9567 0.2772 -0.0887
vn -0.3323 -0.9402 -0.0742
vn -0.9059 -0.4153 -0.0833
vn -0.8256 0.5606 -0.0647
vn -0.9936 -0.0579 -0.0970
vn -0.6465 0.6884 0.3290
vn -0.6454 -0.7353 0.2070
vn -0.2278 0.9139 0.3359
vn -0.9193 -0.2967 0.2585
vn -0.9199 0.2464 0.3050
vn -0.2273 -0.9579 0.1756
vn -0.2460 -0.9688 0.0304
vn -0.2485 -0.9592 0.1346
vn -0.9830 0.1249 0.1344
vn -0.9569 0.2126 0.1980
vn -0.9827 -0.1484 0.1109
vn -0.9563 -0.2456 0.1585
vn -0.2518 0.9488 0.1908
vn -0.2447 0.9276 0.2824
vn -0.7087 -0.7012 0.0779
vn -0.6790 -0.7214 0.1361
vn -0.6606 0.7270 0.1875
vn -0.6633 0.7040 0.2538
vn 0.6376 -0.7270 0.2548
vn 0.5608 -0.8169 0.1346
vn 0.7400 -0.5974 0.3090
vn 0.4577 -0.8887 0.0282
vn -0.1242 -0.9789 0.1625
vn -0.0000 -0.8132 0.5820
vn -0.2315 -0.9293 0.2877
vn 0.1174 -0.9924 0.0359
vn 0.8421 -0.4854 0.2352
vn 0.8316 -0.5153 0.2069
vn -0.9312 -0.2898 0.2210
vn 0.0309 -0.9619 0.2716
vn -0.9349 -0.2532 0.2486
vn -0.0000 0.5106 0.8598
vn -0.9991 -0.0000 -0.0432
vn 0.1244 -0.9799 0.1559
vn -0.0000 -0.9873 0.1590
vn 0.1326 -0.9906 0.0331
vn -0.0000 -0.9995 0.0317
vn -0.0000 -0.9913 0.1316
vn 0.0979 -0.9949 -0.0239
vn -0.5717 -0.8202 -0.0197
vn 0.5535 -0.8326 -0.0200
vn -0.0000 -0.9997 -0.0240
vn 0.1403 -0.9898 -0.0238
vn -0.0022 -0.9621 0.2726
vn -0.0589 -0.9980 -0.0240
vn -0.0766 -0.9963 0.0396
vn 0.1336 -0.9666 0.2187
vn -0.5326 -0.8455 0.0385
vn -0.0588 -0.9959 -0.0682
vn -0.0588 -0.9957 -0.0713
vn -0.0000 -0.9977 -0.0683
vn -0.0000 -0.9974 -0.0715
vn 0.5527 -0.8314 -0.0569
vn 0.1400 -0.9878 -0.0676
vn 0.1399 -0.9876 -0.0707
vn 0.1399 -0.9876 -0.0708
vn -0.5709 -0.8191 -0.0561
vn -0.5708 -0.8190 -0.0587
vn -0.5708 -0.8190 -0.0586
vn 0.0490 -0.9958 -0.0770
vn -0.0000 -0.9972 -0.0746
vn 0.5871 -0.8066 -0.0684
vn -0.5707 -0.8189 -0.0613
vn 0.1399 -0.9874 -0.0739
vn -0.0588 -0.9955 -0.0745
vn 0.5229 -0.8396 -0.1472
vn -0.6328 -0.7629 -0.1321
vn -0.0000 -0.9957 -0.0929
vn -0.0000 -0.9831 -0.1830
vn -0.0586 -0.9922 -0.1098
vn 0.1469 -0.9826 -0.1132
vn -0.1557 -0.9830 -0.0972
vn -0.4493 -0.8818 -0.1431
vn 0.1401 -0.9888 0.0514
vn 0.1403 -0.9901 -0.0000
vn 0.5531 -0.8320 0.0433
vn -0.5497 -0.8354 -0.0000
vn 0.0979 -0.9952 -0.0000
vn -0.5605 -0.8274 0.0361
vn -0.0000 -0.9987 0.0519
vn 0.0978 -0.9944 0.0406
vn -0.0470 -0.9977 0.0491
vn -0.0352 -0.9994 -0.0000
vn -0.0000 -1.0000 -0.0000
vn -0.6376 -0.7270 0.2548
vn -0.5608 -0.8169 0.1346
vn -0.7400 -0.5974 0.3090
vn -0.4577 -0.8887 0.0282
vn 0.1242 -0.9789 0.1625
vn 0.2315 -0.9293 0.2877
vn -0.1174 -0.9924 0.0359
vn -0.8421 -0.4854 0.2352
vn -0.8316 -0.5153 0.2069
vn 0.9312 -0.2898 0.2210
vn -0.0309 -0.9619 0.2716
vn 0.9349 -0.2532 0.2486
vn 0.9991 -0.0000 -0.0432
vn -0.1244 -0.9799 0.1559
vn -0.1326 -0.9906 0.0331
vn -0.0979 -0.9949 -0.0239
vn 0.5717 -0.8202 -0.0197
vn -0.5535 -0.8326 -0.0200
vn -0.1403 -0.9898 -0.0238
vn 0.0022 -0.9621 0.2726
vn 0.0589 -0.9980 -0.0240
vn 0.0766 -0.9963 0.0396
vn -0.1336 -0.9666 0.2187
vn 0.5326 -0.8455 0.0385
vn 0.0588 -0.9959 -0.0682
vn 0.0588 -0.9957 -0.0713
vn -0.5527 -0.8314 -0.0569
vn -0.1400 -0.9878 -0.0676
vn -0.1399 -0.9876 -0.0708
vn -0.1399 -0.9876 -0.0707
vn 0.5709 -0.8191 -0.0561
vn 0.5708 -0.8190 -0.0586
vn 0.5708 -0.8190 -0.0587
vn -0.0490 -0.9958 -0.0770
vn -0.5871 -0.8066 -0.0684
vn 0.5707 -0.8189 -0.0613
vn -0.1399 -0.9874 -0.0739
vn 0.0588 -0.9955 -0.0745
vn -0.5229 -0.8396 -0.1472
vn 0.6328 -0.7629 -0.1321
vn 0.0586 -0.9922 -0.1098
vn -0.1469 -0.9826 -0.1132
vn 0.1557 -0.9830 -0.0972
vn 0.4493 -0.8818 -0.1431
vn -0.1401 -0.9888 0.0514
vn -0.1403 -0.9901 -0.0000
vn -0.5531 -0.8320 0.0433
vn 0.5497 -0.8354 -0.0000
vn -0.0979 -0.9952 -0.0000
vn 0.5605 -0.8274 0.0361
vn -0.0978 -0.9944 0.0406
vn 0.0470 -0.9977 0.0491
vn 0.0352 -0.9994 -0.0000
vn 0.9894 -0.1397 0.0384
vn 0.9987 -0.0349 -0.0366
vn -0.0000 1.0000 -0.0000
vn -0.9967 0.0110 0.0808
vn 0.0016 -0.9982 0.0594
vn 0.0016 -0.9982 0.0591
vn -0.0000 -0.0000 1.0000
vn 0.9839 -0.0000 0.1790
vn -0.9935 0.0985 0.0568
vn 0.0016 -0.9982 0.0597
vn -0.9894 -0.1397 0.0384
vn -0.9987 -0.0349 -0.0366
vn 0.9967 0.0110 0.0808
vn -0.0016 -0.9982 0.0594
vn -0.0016 -0.9982 0.0591
vn -0.9839 -0.0000 0.1790
vn 0.9935 0.0985 0.0568
vn -0.0016 -0.9982 0.0597
vn 0.0281 0.9953 0.0928
vn 0.1807 0.9826 0.0420
vn 0.1888 0.9819 0.0150
vn -0.0000 0.9999 0.0147
vn 0.1938 0.9810 -0.0031
vn 0.1957 0.9807 -0.0016
vn 0.1957 0.9807 -0.0015
vn 0.1976 0.9803 -0.0000
vn 0.0938 0.9956 -0.0000
vn 0.0928 0.9957 -0.0002
vn 0.0919 0.9958 -0.0005
vn 0.0895 0.9959 0.0155
vn 0.0809 0.9954 0.0509
vn 0.1134 0.9914 0.0649
vn 0.2024 0.9790 -0.0252
vn -0.0000 0.9997 -0.0229
vn 0.0938 0.9953 -0.0228
vn 0.0938 0.9954 -0.0215
vn 0.0942 0.9953 -0.0202
vn 0.4516 0.8863 -0.1032
vn 0.7002 0.7002 -0.1392
vn 0.2075 0.9779 -0.0246
vn -0.1559 0.9842 -0.0835
vn 0.0938 0.9954 -0.0201
vn 0.1564 0.9873 -0.0271
vn -0.4514 0.8859 -0.1068
vn -0.7053 0.7053 -0.0721
vn -0.0000 0.9701 -0.2425
vn -0.0000 0.8871 -0.4615
vn -0.9923 0.1240 -0.0000
vn -0.9986 0.0527 -0.0000
vn -0.9977 -0.0052 0.0676
vn -0.9976 -0.0055 0.0685
vn -0.9977 -0.0054 0.0683
vn -0.9982 -0.0028 0.0597
vn -0.9971 0.0522 0.0550
vn -0.0000 0.9651 0.2619
vn -0.0000 0.9342 0.3568
vn -0.0281 0.9953 0.0928
vn -0.1807 0.9826 0.0420
vn -0.1888 0.9819 0.0150
vn -0.1938 0.9810 -0.0031
vn -0.1957 0.9807 -0.0015
vn -0.1957 0.9807 -0.0016
vn -0.1976 0.9803 -0.0000
vn -0.0938 0.9956 -0.0000
vn -0.0928 0.9957 -0.0002
vn -0.0919 0.9958 -0.0005
vn -0.0895 0.9959 0.0155
vn -0.0809 0.9954 0.0509
vn -0.1134 0.9914 0.0649
vn -0.2024 0.9790 -0.0252
vn -0.2049 0.9785 -0.0249
vn -0.2072 0.9780 -0.0249
vn -0.0938 0.9953 -0.0228
vn -0.0942 0.9953 -0.0202
vn -0.0938 0.9954 -0.0215
vn -0.4516 0.8863 -0.1032
vn -0.7002 0.7002 -0.1392
vn -0.2075 0.9779 -0.0246
vn 0.1559 0.9842 -0.0835
vn -0.0938 0.9954 -0.0201
vn -0.1564 0.9873 -0.0271
vn 0.4514 0.8859 -0.1068
vn 0.7053 0.7053 -0.0721
vn 0.9923 0.1240 -0.0000
vn 0.9986 0.0527 -0.0000
vn 0.9977 -0.0052 0.0676
vn 0.9977 -0.0054 0.0683
vn 0.9976 -0.0055 0.0685
vn 0.9982 -0.0028 0.0597
vn 0.9971 0.0522 0.0550
vn -0.9962 0.0786 0.0380
vn -0.9965 0.0771 0.0320
vn -0.9962 0.0790 0.0374
vn -0.9951 -0.0937 0.0316
vn -0.9968 0.0758 0.0262
vn -0.8945 -0.4372 0.0934
vn -0.9905 -0.1116 0.0808
vn -0.8560 -0.4603 0.2353
vn -0.9177 -0.3971 0.0105
vn -0.9968 -0.0795 0.0008
vn -0.9974 0.0720 0.0005
vn -0.9973 0.0710 -0.0212
vn -0.9975 0.0710 -0.0000
vn -0.9968 -0.0795 -0.0010
vn -0.9965 -0.0837 -0.0020
vn -0.9962 -0.0876 -0.0034
vn -0.9573 -0.2891 -0.0070
vn -0.9574 -0.2886 -0.0072
vn -0.9572 -0.2887 -0.0196
vn -0.9961 -0.0879 -0.0030
vn -0.9571 -0.2891 -0.0198
vn -0.9943 -0.1023 -0.0311
vn -0.9562 -0.2888 -0.0479
vn -0.9560 -0.2888 -0.0511
vn -0.9559 -0.2886 -0.0539
vn -0.9970 0.0723 -0.0282
vn -0.9922 -0.1247 0.0050
vn -0.9953 0.0964 -0.0043
vn -0.8851 0.4510 -0.1147
vn -0.8897 -0.4533 -0.0539
vn -0.9559 -0.2887 -0.0542
vn -0.7002 -0.7002 -0.1396
vn -0.9970 -0.0780 -0.0000
vn -0.9967 -0.0780 -0.0211
vn -0.9484 -0.3168 0.0087
vn 0.5511 0.8345 -0.0000
vn 0.5511 0.8344 -0.0035
vn 0.1615 0.9869 -0.0000
vn 0.9097 0.4152 -0.0000
vn 0.9097 0.4152 -0.0058
vn 0.9953 0.0968 -0.0000
vn 0.9953 0.0968 -0.0063
vn 0.1890 0.9820 -0.0012
vn 0.2275 0.9738 -0.0000
vn 0.9978 0.0667 -0.0014
vn 0.9991 0.0433 -0.0004
vn 0.9992 0.0405 -0.0002
vn 0.5508 0.8346 -0.0107
vn 0.5511 0.8344 -0.0057
vn 0.9993 0.0377 -0.0000
vn 0.7369 -0.6760 0.0068
vn 0.7369 -0.6760 0.0007
vn 0.2109 -0.9775 0.0010
vn 0.2109 -0.9773 0.0187
vn 0.7369 -0.6759 0.0129
vn 0.5796 -0.5316 -0.6176
vn 0.0967 -0.6139 -0.7834
vn 0.8655 0.3950 -0.3079
vn 0.8777 0.0301 -0.4782
vn 0.5477 0.8293 -0.1110
vn 0.1406 0.9899 -0.0177
vn 0.1337 -0.6883 -0.7130
vn 0.9004 0.4109 -0.1430
vn 0.9494 0.0346 -0.3121
vn 0.5510 0.8344 -0.0112
vn 0.1922 0.9813 -0.0042
vn 0.5004 -0.4590 -0.7341
vn -0.0000 -0.0000 -1.0000
vn 0.8628 0.5050 -0.0237
vn 0.1395 0.9902 0.0032
vn 0.1321 0.9912 -0.0020
vn 0.1359 0.9907 0.0003
vn 0.9921 0.1164 -0.0471
vn 0.4990 0.8666 -0.0052
vn -0.0000 1.0000 0.0071
vn 0.8846 0.4629 -0.0570
vn 0.1323 0.9912 -0.0025
vn 0.9913 0.1105 -0.0719
vn 0.4990 0.8663 -0.0236
vn -0.0000 -0.3094 -0.9509
vn 1.0000 -0.0000 -0.0000
vn -0.0000 0.4476 0.8942
vn -0.5511 0.8345 -0.0000
vn -0.5511 0.8344 -0.0035
vn -0.1615 0.9869 -0.0000
vn -0.9097 0.4152 -0.0000
vn -0.9097 0.4152 -0.0058
vn -0.9953 0.0968 -0.0000
vn -0.9953 0.0968 -0.0063
vn -0.1890 0.9820 -0.0012
vn -0.2275 0.9738 -0.0000
vn -0.9978 0.0667 -0.0014
vn -0.9991 0.0433 -0.0004
vn -0.9992 0.0405 -0.0002
vn -0.5511 0.8344 -0.0057
vn -0.5508 0.8346 -0.0107
vn -0.9993 0.0377 -0.0000
vn -0.7369 -0.6760 0.0068
vn -0.7369 -0.6760 0.0007
vn -0.2109 -0.9775 0.0010
vn -0.2109 -0.9773 0.0187
vn -0.7369 -0.6759 0.0129
vn -0.5796 -0.5316 -0.6176
vn -0.0967 -0.6139 -0.7834
vn -0.8655 0.3950 -0.3079
vn -0.8777 0.0301 -0.4782
vn -0.5477 0.8293 -0.1110
vn -0.1406 0.9899 -0.0177
vn -0.1337 -0.6883 -0.7130
vn -0.9004 0.4109 -0.1430
vn -0.9494 0.0346 -0.3121
vn -0.5510 0.8344 -0.0112
vn -0.1922 0.9813 -0.0042
vn -0.5004 -0.4590 -0.7341
vn -0.8628 0.5050 -0.0237
vn -0.1395 0.9902 0.0032
vn -0.1359 0.9907 0.0003
vn -0.1321 0.9912 -0.0020
vn -0.9921 0.1164 -0.0471
vn -0.4990 0.8666 -0.0052
vn -0.8846 0.4629 -0.0570
vn -0.1323 0.9912 -0.0025
vn -0.9913 0.1105 -0.0719
vn -0.4990 0.8663 -0.0236
vn -1.0000 -0.0000 -0.0000
vn 0.2503 0.9623 0.1066
vn 0.7163 -0.6977 -0.0100
vn 0.9965 0.0786 0.0270
vn 0.2416 -0.9702 -0.0186
vn 0.9961 -0.0868 0.0182
vn 0.6584 0.7471 0.0913
vn 0.6943 0.7140 0.0902
vn 0.9961 -0.0839 -0.0283
vn 0.2702 -0.9625 -0.0228
vn 0.9986 0.0520 -0.0129
vn 0.7150 -0.6980 -0.0382
vn 0.7983 -0.6013 -0.0339
vn 0.9959 -0.0745 -0.0504
vn 0.9991 0.0001 -0.0427
vn 0.2928 -0.9559 -0.0234
vn 0.2923 -0.9561 -0.0201
vn 0.2932 -0.9558 -0.0237
vn 0.1997 0.9715 0.1280
vn 0.3639 0.9248 0.1112
vn 0.3634 0.9233 0.1243
vn 0.3280 0.9354 0.1323
vn 0.7267 0.6783 0.1089
vn 0.9441 0.3278 0.0358
vn 0.9012 0.4328 0.0214
vn 0.8809 -0.4686 -0.0671
vn 0.9470 0.3188 -0.0385
vn 0.9958 -0.0645 -0.0647
vn 0.4124 -0.9099 -0.0457
vn 0.9977 -0.0231 -0.0637
vn 0.7946 0.6071 -0.0077
vn 0.9948 -0.0198 -0.1002
vn 0.9567 0.2772 -0.0887
vn 0.3323 -0.9402 -0.0742
vn 0.9059 -0.4153 -0.0833
vn 0.8256 0.5606 -0.0647
vn 0.9936 -0.0579 -0.0970
vn 0.9962 0.0786 0.0380
vn 0.9962 0.0790 0.0374
vn 0.9965 0.0771 0.0320
vn 0.9951 -0.0937 0.0316
vn 0.9968 0.0758 0.0262
vn 0.8945 -0.4372 0.0934
vn 0.9905 -0.1116 0.0808
vn 0.8560 -0.4603 0.2353
vn 0.9177 -0.3971 0.0105
vn 0.9968 -0.0795 0.0008
vn 0.9974 0.0720 0.0005
vn 0.9973 0.0710 -0.0212
vn 0.9975 0.0710 -0.0000
vn 0.9968 -0.0795 -0.0010
vn 0.9962 -0.0876 -0.0034
vn 0.9965 -0.0837 -0.0020
vn 0.9573 -0.2891 -0.0070
vn 0.9572 -0.2887 -0.0196
vn 0.9574 -0.2886 -0.0072
vn 0.9961 -0.0879 -0.0030
vn 0.9571 -0.2891 -0.0198
vn 0.9943 -0.1023 -0.0311
vn 0.9562 -0.2888 -0.0479
vn 0.9970 0.0723 -0.0282
vn 0.9922 -0.1247 0.0050
vn 0.9953 0.0964 -0.0043
vn 0.8851 0.4510 -0.1147
vn 0.8897 -0.4533 -0.0539
vn 0.9559 -0.2887 -0.0542
vn 0.7002 -0.7002 -0.1396
vn 0.9970 -0.0780 -0.0000
vn 0.9967 -0.0780 -0.0211
vn 0.9484 -0.3168 0.0087
vn -0.7063 0.7063 -0.0491
vn -0.1562 -0.9864 -0.0508
vn -0.1562 0.9864 -0.0508
vn -0.4534 -0.8899 -0.0498
vn 0.8897 -0.4533 -0.0541
vn -0.7063 -0.7063 -0.0490
vn -0.4534 0.8899 -0.0498
vn 0.7061 -0.7061 -0.0535
vn 0.8897 0.4533 -0.0541
vn 0.9862 0.1562 -0.0544
vn -0.8900 -0.4535 -0.0485
vn 0.4534 -0.8898 -0.0527
vn 0.1562 0.9864 -0.0518
vn 0.9862 -0.1562 -0.0544
vn -0.9865 -0.1563 -0.0482
vn 0.4534 0.8898 -0.0527
vn -0.9865 0.1563 -0.0482
vn 0.7061 0.7061 -0.0535
vn -0.8900 0.4535 -0.0485
vn 0.1562 -0.9864 -0.0518
vn 0.9871 -0.1563 0.0346
vn -0.7067 -0.7067 0.0346
vn 0.8905 -0.4537 0.0346
vn -0.1563 0.9871 0.0346
vn -0.9871 -0.1563 0.0346
vn 0.7067 -0.7067 0.0346
vn 0.1563 0.9871 0.0346
vn -0.9871 0.1563 0.0346
vn -0.8905 -0.4537 0.0346
vn 0.4537 0.8905 0.0346
vn -0.8905 0.4537 0.0346
vn 0.1563 -0.9871 0.0346
vn 0.7067 0.7067 0.0346
vn -0.7067 0.7067 0.0346
vn 0.4537 -0.8905 0.0346
vn 0.8905 0.4537 0.0346
vn -0.1563 -0.9871 0.0346
vn -0.4537 0.8905 0.0346
vn 0.9871 0.1563 0.0346
vn -0.4537 -0.8905 0.0346
vn 0.7063 0.7063 -0.0491
vn 0.1562 -0.9864 -0.0508
vn 0.1562 0.9864 -0.0508
vn 0.4534 -0.8899 -0.0498
vn -0.8897 -0.4533 -0.0541
vn 0.7063 -0.7063 -0.0490
vn 0.4534 0.8899 -0.0498
vn -0.7061 -0.7061 -0.0535
vn -0.8897 0.4533 -0.0541
vn -0.9862 0.1562 -0.0544
vn 0.8900 -0.4535 -0.0485
vn -0.4534 -0.8898 -0.0527
vn -0.1562 0.9864 -0.0518
vn -0.9862 -0.1562 -0.0544
vn 0.9865 -0.1563 -0.0482
vn -0.4534 0.8898 -0.0527
vn 0.9865 0.1563 -0.0482
vn -0.7061 0.7061 -0.0535
vn 0.8900 0.4535 -0.0485
vn -0.1562 -0.9864 -0.0518
vn -0.0000 -0.8827 -0.4700
vn 0.0507 0.9163 0.3972
vn 0.8575 0.4688 0.2118
vn -0.0000 0.9198 0.3923
vn 0.0164 0.9344 0.3559
vn 0.0079 0.9170 0.3989
vn 0.0076 0.9170 0.3988
vn 0.0075 0.9170 0.3988
vn -0.0149 0.9442 0.3290
vn -0.0144 0.9443 0.3288
vn -0.0125 0.9447 0.3277
vn 0.0003 0.9194 0.3933
vn 0.0051 0.9193 0.3936
vn -0.0000 0.9194 0.3934
vn 0.9219 0.3394 0.1868
vn -0.0121 0.9448 0.3274
vn 0.1226 0.9487 0.2915
vn 0.9705 0.1727 0.1684
vn 0.8198 0.5385 0.1945
vn 0.4411 0.8614 0.2518
vn 0.0093 0.9255 0.3786
vn 0.7234 0.6515 0.2285
vn 0.0057 0.9188 0.3946
vn 0.0070 0.9173 0.3981
vn 0.7650 0.5984 0.2382
vn 0.7706 0.5713 0.2826
vn -0.0507 0.9163 0.3972
vn -0.8575 0.4688 0.2118
vn 0.0001 0.9196 0.3929
vn -0.0024 0.9190 0.3943
vn -0.0164 0.9344 0.3559
vn -0.0076 0.9170 0.3988
vn 0.0149 0.9442 0.3290
vn 0.0125 0.9447 0.3277
vn 0.0144 0.9443 0.3288
vn -0.0003 0.9194 0.3933
vn -0.0051 0.9193 0.3936
vn -0.9219 0.3394 0.1868
vn 0.0121 0.9448 0.3274
vn -0.1226 0.9487 0.2915
vn -0.9705 0.1727 0.1684
vn -0.8198 0.5385 0.1945
vn -0.4411 0.8614 0.2518
vn -0.0093 0.9255 0.3786
vn -0.7234 0.6515 0.2285
vn -0.0072 0.9171 0.3987
vn -0.7650 0.5984 0.2382
vn -0.0054 0.9192 0.3938
vn -0.7706 0.5713 0.2826
vn -0.0416 -0.9147 -0.4019
vn -0.8584 -0.4672 -0.2120
vn 0.0002 -0.9200 -0.3918
vn -0.0000 -0.9199 -0.3922
vn 0.0026 -0.9212 -0.3890
vn -0.0165 -0.9343 -0.3560
vn 0.0122 -0.9207 -0.3900
vn 0.0152 -0.9442 -0.3292
vn 0.0130 -0.9446 -0.3280
vn 0.0148 -0.9442 -0.3289
vn 0.0002 -0.9194 -0.3934
vn -0.0000 -0.9193 -0.3934
vn 0.0028 -0.9202 -0.3915
vn -0.9215 -0.3395 -0.1885
vn 0.0127 -0.9446 -0.3278
vn -0.1192 -0.9491 -0.2915
vn -0.9718 -0.1722 -0.1609
vn -0.8213 -0.5362 -0.1946
vn -0.4347 -0.8636 -0.2554
vn -0.0093 -0.9255 -0.3786
vn -0.7129 -0.6673 -0.2155
vn 0.0110 -0.9205 -0.3906
vn 0.0044 -0.9203 -0.3912
vn -0.7648 -0.5984 -0.2385
vn -0.8512 -0.4559 -0.2601
vn 0.0416 -0.9147 -0.4019
vn 0.8584 -0.4672 -0.2120
vn -0.0002 -0.9200 -0.3918
vn -0.0026 -0.9212 -0.3890
vn 0.0165 -0.9343 -0.3560
vn -0.0122 -0.9207 -0.3900
vn -0.0152 -0.9442 -0.3292
vn -0.0147 -0.9443 -0.3289
vn -0.0130 -0.9446 -0.3279
vn -0.0002 -0.9194 -0.3934
vn -0.0026 -0.9201 -0.3917
vn 0.9215 -0.3395 -0.1885
vn -0.0127 -0.9446 -0.3278
vn 0.1192 -0.9491 -0.2915
vn 0.9718 -0.1722 -0.1609
vn 0.8213 -0.5362 -0.1946
vn 0.4347 -0.8636 -0.2554
vn 0.0093 -0.9255 -0.3786
vn 0.7129 -0.6673 -0.2155
vn -0.0044 -0.9203 -0.3912
vn -0.0110 -0.9205 -0.3906
vn 0.7648 -0.5984 -0.2385
vn 0.8512 -0.4559 -0.2601
vn 0.4908 -0.8712 0.0137
vn -0.0391 -0.3835 0.9227
vn -0.9992 0.0379 0.0110
vn 0.7466 -0.6434 0.1693
vn 0.0676 0.3392 -0.9383
vn -0.9999 0.0147 0.0008
vn -0.0012 0.3949 -0.9187
vn 0.7715 0.2022 -0.6032
vn -0.9810 0.0824 -0.1758
vn 0.0060 -0.3358 0.9419
vn 0.9884 -0.1484 0.0308
vn 0.9982 0.0195 -0.0565
vn -0.8927 -0.1638 0.4198
vn -0.9986 -0.0177 0.0506
vn -0.4519 0.8921 -0.0078
vn 0.0042 0.3190 -0.9478
vn -0.0020 -0.3058 0.9521
vn -0.0037 0.2998 -0.9540
vn -0.0549 -0.3506 0.9349
vn -0.0025 -0.3470 0.9379
vn 0.0608 0.3674 -0.9281
vn 0.0018 0.3637 -0.9315
vn 0.0205 -0.3042 0.9524
vn -0.0275 0.3102 -0.9503
vn 0.9038 0.1522 -0.4000
vn -0.7009 -0.2496 0.6682
vn -0.5748 0.8113 -0.1068
vn -0.9921 0.0537 -0.1137
vn 0.3382 0.1717 -0.9253
vn 0.9992 0.0379 0.0110
vn 0.9999 0.0147 0.0008
vn -0.4908 -0.8712 0.0137
vn 0.0391 -0.3835 0.9227
vn -0.7466 -0.6434 0.1693
vn -0.0676 0.3392 -0.9383
vn 0.0012 0.3949 -0.9187
vn -0.7715 0.2022 -0.6032
vn 0.9810 0.0824 -0.1758
vn -0.0060 -0.3358 0.9419
vn -0.9884 -0.1484 0.0308
vn -0.9982 0.0195 -0.0565
vn 0.8927 -0.1638 0.4198
vn 0.9986 -0.0177 0.0506
vn 0.4519 0.8921 -0.0078
vn -0.0042 0.3190 -0.9478
vn 0.0020 -0.3058 0.9521
vn 0.0037 0.2998 -0.9540
vn 0.0549 -0.3506 0.9349
vn 0.0025 -0.3470 0.9379
vn -0.0608 0.3674 -0.9281
vn -0.0018 0.3637 -0.9315
vn -0.0205 -0.3042 0.9524
vn 0.0275 0.3102 -0.9503
vn -0.9038 0.1522 -0.4000
vn 0.7009 -0.2496 0.6682
vn 0.5748 0.8113 -0.1068
vn 0.9921 0.0537 -0.1137
vn -0.3382 0.1717 -0.9253
vn 0.1915 0.9746 0.1164
vn 0.1042 0.9945 -0.0044
vn 0.1042 0.9945 -0.0043
vn 0.1044 0.9945 -0.0041
vn 0.1034 0.9946 -0.0057
vn 0.1035 0.9946 -0.0055
vn 0.1036 0.9946 -0.0055
vn 0.1770 0.9793 0.0981
vn 0.1808 0.9781 0.1030
vn 0.1777 0.9791 0.0991
vn -0.0000 0.9998 -0.0223
vn -0.0000 0.3306 -0.9438
vn -0.0000 0.2141 0.9768
vn -0.0000 0.9257 -0.3783
vn -0.0000 -0.9958 -0.0911
vn -0.0000 -0.9995 0.0303
vn -0.0000 0.9429 0.3332
vn 0.0773 0.9961 -0.0433
vn 0.0802 0.9962 -0.0338
vn 0.0806 0.9962 -0.0324
vn -0.9443 -0.0000 -0.3291
vn 0.9637 -0.0000 0.2671
vn -0.0000 -0.9637 0.2671
vn -0.0000 0.9637 0.2671
vn -0.9637 -0.0000 0.2671
vn 0.9443 -0.0000 -0.3291
vn -0.0000 -0.9443 -0.3291
vn -0.0000 0.9443 -0.3291
vn 0.1817 0.9778 0.1041
vn 0.0440 0.9884 -0.1457
vn 0.0912 0.9958 -0.0106
vn 0.0771 0.9960 -0.0441
vn -0.1915 0.9746 0.1164
vn -0.1042 0.9945 -0.0044
vn -0.1044 0.9945 -0.0041
vn -0.1042 0.9945 -0.0043
vn -0.1034 0.9946 -0.0057
vn -0.1036 0.9946 -0.0055
vn -0.1035 0.9946 -0.0055
vn -0.1770 0.9793 0.0981
vn -0.1777 0.9791 0.0991
vn -0.1808 0.9781 0.1030
vn -0.0773 0.9961 -0.0433
vn -0.0806 0.9962 -0.0324
vn -0.0802 0.9962 -0.0338
vn -0.1817 0.9778 0.1041
vn -0.0440 0.9884 -0.1457
vn -0.0912 0.9958 -0.0106
vn -0.0771 0.9960 -0.0441
vn -0.0000 1.0000 0.0055
vn 0.9843 -0.0000 0.1765
vn -0.0000 -0.9614 0.2751
vn -0.0000 0.9614 0.2751
vn -0.0000 0.9952 0.0978
vn -0.0000 -0.9987 0.0505
vn 0.9924 -0.0000 0.1232
vn 0.9995 -0.0000 0.0331
vn 0.9994 -0.0000 0.0355
vn 0.9995 -0.0000 0.0330
vn 0.0142 -0.9998 -0.0116
vn 0.0230 -0.9996 -0.0141
vn 0.0186 -0.9997 -0.0129
vn 0.0317 0.9987 -0.0407
vn -0.9999 -0.0000 0.0165
vn -0.9998 -0.0000 0.0182
vn -0.9999 -0.0000 0.0148
vn -0.0000 0.9987 0.0505
vn -0.0000 -0.9992 0.0402
vn 0.9993 -0.0000 0.0378
vn -0.0000 1.0000 -0.0050
vn -0.0000 -0.9998 -0.0201
vn 1.0000 -0.0000 0.0088
vn 0.0476 0.9932 -0.1063
vn 0.0231 -0.9996 -0.0143
vn -0.9951 -0.0000 -0.0988
vn -0.9843 -0.0000 0.1765
vn -0.9924 -0.0000 0.1232
vn -0.9995 -0.0000 0.0330
vn -0.9994 -0.0000 0.0355
vn -0.9995 -0.0000 0.0331
vn -0.0142 -0.9998 -0.0116
vn -0.0317 0.9987 -0.0407
vn 0.9999 -0.0000 0.0165
vn 0.9998 -0.0000 0.0182
vn 0.9999 -0.0000 0.0148
vn -0.9993 -0.0000 0.0378
vn -1.0000 -0.0000 0.0088
vn -0.0476 0.9932 -0.1063
vn -0.0231 -0.9996 -0.0143
vn 0.9951 -0.0000 -0.0988
vn 0.0339 -0.9896 0.1395
vn -0.0761 -0.9970 -0.0116
vn -0.0785 -0.9968 -0.0153
vn -0.0796 -0.9967 -0.0138
vn -0.0841 -0.9963 -0.0184
vn -0.0792 -0.9968 -0.0093
vn -0.0806 -0.9966 -0.0183
vn -0.0829 -0.9964 -0.0171
vn 0.0119 -0.9935 0.1129
vn 0.0131 -0.9934 0.1143
vn 0.0176 -0.9926 0.1198
vn -0.0785 -0.9969 -0.0079
vn -0.0777 -0.9969 -0.0087
vn -0.0821 -0.9965 -0.0157
vn -0.0819 -0.9965 -0.0164
vn -0.0816 -0.9966 -0.0150
vn -0.0819 -0.9965 -0.0153
vn 0.0190 -0.9924 0.1215
vn -0.0339 -0.9896 0.1395
vn 0.0761 -0.9970 -0.0116
vn 0.0796 -0.9967 -0.0138
vn 0.0785 -0.9968 -0.0153
vn 0.0841 -0.9963 -0.0184
vn 0.0829 -0.9964 -0.0171
vn 0.0806 -0.9966 -0.0183
vn 0.0792 -0.9968 -0.0093
vn -0.0119 -0.9935 0.1129
vn -0.0176 -0.9926 0.1198
vn -0.0131 -0.9934 0.1143
vn 0.0777 -0.9969 -0.0087
vn 0.0785 -0.9969 -0.0079
vn 0.0821 -0.9965 -0.0157
vn 0.0819 -0.9965 -0.0153
vn 0.0816 -0.9966 -0.0150
vn 0.0819 -0.9965 -0.0164
vn -0.0190 -0.9924 0.1215
vn -0.3135 -0.0000 -0.9496
vn -0.3013 -0.0000 -0.9535
vn -0.3132 -0.0000 -0.9497
vn -0.3010 -0.0000 -0.9536
vn 0.3135 -0.0000 -0.9496
vn 0.3132 -0.0000 -0.9497
vn 0.3013 -0.0000 -0.9535
vn 0.3010 -0.0000 -0.9536
vn -0.0470 0.2372 -0.9703
vn 0.5557 0.3836 0.7376
vn -0.4332 0.3367 -0.8361
vn 0.6898 0.5046 0.5192
vn 0.6720 0.5247 0.5226
vn 0.6035 0.3681 0.7073
vn -0.0687 0.2497 -0.9659
vn 0.7109 0.7033 -0.0000
vn -0.9825 -0.1853 0.0213
vn -0.9843 -0.1754 0.0213
vn -0.9824 -0.1858 0.0213
vn 0.6854 0.6502 -0.3279
vn -0.9796 -0.2012 -0.0000
vn 0.6454 0.5830 0.4935
vn -0.9843 -0.1749 0.0214
vn 0.8264 0.0483 0.5610
vn 0.8264 0.0518 0.5606
vn 0.8264 0.0503 0.5609
vn 0.8245 0.0461 0.5640
vn 0.6044 0.0411 0.7956
vn 0.9987 0.0501 -0.0000
vn -0.9969 -0.0760 0.0213
vn -0.9969 -0.0754 0.0213
vn 0.9179 0.0488 -0.3937
vn -0.9972 -0.0751 -0.0000
vn 0.8226 0.0437 0.5669
vn -0.9968 -0.0765 0.0213
vn 0.8255 0.0605 0.5612
vn 0.8262 0.0520 0.5609
vn 0.0470 0.2372 -0.9703
vn -0.5557 0.3836 0.7376
vn 0.4332 0.3367 -0.8361
vn -0.6898 0.5046 0.5192
vn -0.6720 0.5247 0.5226
vn -0.6035 0.3681 0.7073
vn 0.0687 0.2497 -0.9659
vn -0.7109 0.7033 -0.0000
vn 0.9825 -0.1853 0.0213
vn 0.9824 -0.1858 0.0213
vn 0.9843 -0.1754 0.0213
vn -0.6854 0.6502 -0.3279
vn 0.9796 -0.2012 -0.0000
vn -0.6454 0.5830 0.4935
vn 0.9843 -0.1749 0.0214
vn -0.8264 0.0483 0.5610
vn -0.8245 0.0461 0.5640
vn -0.8264 0.0503 0.5609
vn -0.8264 0.0518 0.5606
vn -0.6044 0.0411 0.7956
vn -0.9987 0.0501 -0.0000
vn 0.9969 -0.0760 0.0213
vn 0.9969 -0.0754 0.0213
vn -0.9179 0.0488 -0.3937
vn 0.9972 -0.0751 -0.0000
vn -0.8226 0.0437 0.5669
vn 0.9968 -0.0765 0.0213
vn -0.8255 0.0605 0.5612
vn -0.8262 0.0520 0.5609
vn -0.8234 0.5673 0.0078
vn -0.8359 0.5489 0.0041
vn -0.0155 0.0986 0.9950
vn -0.8473 0.5310 0.0056
vn -0.8530 0.5219 0.0053
vn -0.8489 0.5285 0.0055
vn -0.8300 0.3944 0.3943
vn -0.8545 0.5193 0.0053
vn -0.9398 0.3417 0.0021
vn -0.4580 0.8218 -0.3389
vn -0.1559 0.8462 0.5095
vn -0.1032 0.8200 -0.5630
vn -0.9578 0.2873 0.0055
vn -0.6846 0.6287 0.3688
vn -0.9129 0.4023 0.0691
vn -0.8934 -0.0000 0.4493
vn -0.7093 -0.0000 -0.7050
vn -0.8660 -0.0000 0.5000
vn -0.9979 -0.0000 0.0649
vn 0.8234 0.5673 0.0078
vn 0.8359 0.5489 0.0041
vn 0.0155 0.0986 0.9950
vn 0.8473 0.5310 0.0056
vn 0.8489 0.5285 0.0055
vn 0.8530 0.5219 0.0053
vn 0.8300 0.3944 0.3943
vn 0.8545 0.5193 0.0053
vn 0.9398 0.3417 0.0021
vn 0.4580 0.8218 -0.3389
vn 0.1559 0.8462 0.5095
vn 0.1032 0.8200 -0.5630
vn 0.9578 0.2873 0.0055
vn 0.6846 0.6287 0.3688
vn 0.9129 0.4023 0.0691
vn 0.8934 -0.0000 0.4493
vn 0.7093 -0.0000 -0.7050
vn 0.8660 -0.0000 0.5000
vn 0.9979 -0.0000 0.0649
vn 0.9866 0.0551 0.1536
vn 0.9914 0.0388 0.1248
vn 0.9954 0.0218 0.0932
vn 0.9958 0.0097 0.0911
vn 0.9913 -0.1317 -0.0000
vn 0.9911 -0.1330 0.0003
vn 0.9906 -0.1371 0.0014
vn 0.9940 -0.1096 0.0039
vn 0.9783 -0.1700 -0.1186
vn 0.9755 -0.1956 -0.1009
vn 0.9905 -0.1377 0.0016
vn -0.9866 0.0551 0.1536
vn -0.9914 0.0388 0.1248
vn -0.9954 0.0218 0.0932
vn -0.9958 0.0097 0.0911
vn -0.9913 -0.1317 -0.0000
vn -0.9940 -0.1096 0.0039
vn -0.9783 -0.1700 -0.1186
vn -0.9755 -0.1956 -0.1009
vn -0.9905 -0.1377 0.0016
vn -0.9390 0.3114 0.1456
vn -0.9711 0.2294 0.0662
vn -0.0000 -0.7409 -0.6716
vn -0.9465 0.3104 0.0880
vn -0.9518 0.2859 0.1113
vn -0.9898 0.1423 -0.0000
vn -0.9885 0.1508 -0.0063
vn -0.9896 0.1435 -0.0009
vn -0.9905 0.1377 -0.0016
vn -0.9882 0.1531 -0.0080
vn -0.9880 0.1426 -0.0597
vn -0.9831 0.1177 -0.1401
vn -0.0000 -0.9996 0.0296
vn -0.0000 -0.9770 -0.2132
vn 0.9390 0.3114 0.1456
vn 0.9711 0.2294 0.0662
vn 0.9465 0.3104 0.0880
vn 0.9518 0.2859 0.1113
vn 0.9900 0.1413 -0.0003
vn 0.9904 0.1381 -0.0014
vn 0.9898 0.1423 -0.0000
vn 0.9905 0.1377 -0.0016
vn 0.9882 0.1531 -0.0080
vn 0.9880 0.1426 -0.0597
vn 0.9831 0.1177 -0.1401
vn -0.0000 -0.3842 -0.9232
vn -0.0000 0.8810 -0.4732
vn -0.9781 -0.2079 -0.0000
vn -0.9782 -0.2079 -0.0000
vn -0.1838 0.7602 -0.6231
vn 0.9782 0.2078 -0.0000
vn 0.9781 0.2079 -0.0000
vn 0.9782 0.2079 -0.0000
vn 0.1356 -0.8352 0.5330
vn 0.4024 -0.8959 -0.1882
vn -0.2079 0.9782 -0.0000
vn 0.1923 -0.8238 0.5333
vn 0.0203 0.0011 -0.9998
vn -0.9782 -0.2078 -0.0000
vn 0.4193 -0.8883 -0.1874
vn 0.9781 -0.2079 -0.0000
vn 0.9782 -0.2079 -0.0000
vn 0.1838 0.7602 -0.6231
vn -0.9782 0.2078 -0.0000
vn -0.9782 0.2079 -0.0000
vn -0.9781 0.2079 -0.0000
vn -0.1356 -0.8352 0.5330
vn -0.4024 -0.8959 -0.1882
vn 0.2079 0.9782 -0.0000
vn -0.1923 -0.8238 0.5333
vn -0.0203 0.0011 -0.9998
vn 0.9782 -0.2078 -0.0000
vn -0.4193 -0.8883 -0.1874
vn -0.9659 -0.2589 0.0016
vn -0.9662 0.2565 0.0246
vn -0.2599 -0.9612 -0.0921
vn -0.7087 0.7023 0.0673
vn -0.7087 -0.7023 -0.0673
vn -0.2600 0.9612 0.0921
vn -0.9662 -0.2565 -0.0246
vn -0.9659 0.2539 0.0508
vn -0.2598 -0.9634 -0.0658
vn -0.7084 0.6995 0.0936
vn -0.7085 -0.7045 -0.0410
vn -0.2599 0.9584 0.1184
vn 0.9659 -0.2589 0.0016
vn 0.9662 0.2565 0.0246
vn 0.2599 -0.9612 -0.0921
vn 0.7087 0.7023 0.0673
vn 0.7087 -0.7023 -0.0673
vn 0.2600 0.9612 0.0921
vn 0.9662 -0.2565 -0.0246
vn 0.9659 0.2539 0.0508
vn 0.2598 -0.9634 -0.0658
vn 0.7084 0.6995 0.0936
vn 0.7085 -0.7045 -0.0410
vn 0.2599 0.9584 0.1184
vn -0.0000 -0.0955 0.9954
vn -0.0000 -0.0954 0.9954
vn -0.2905 -0.9566 -0.0235
vn -0.2932 -0.9558 -0.0237
vn -0.2923 -0.9561 -0.0201
vn -0.2927 -0.9559 -0.0234
vn -0.2920 -0.9561 -0.0233
vn -0.4259 -0.9047 -0.0130
vn -0.2392 -0.9700 -0.0433
vn -0.2923 -0.9562 -0.0166
vn -0.3422 -0.9386 -0.0441
vn -0.3334 -0.9423 -0.0299
vn -0.3647 -0.9294 -0.0562
vn -0.3239 -0.9460 -0.0132
vn -0.4124 -0.9099 -0.0457
vn -0.5535 -0.8287 -0.0827
vn 0.0002 -0.0000 -1.0000
vn 0.2916 -0.9563 -0.0236
vn 0.2931 -0.9558 -0.0232
vn 0.2915 -0.9563 -0.0234
vn 0.2912 -0.9564 -0.0235
vn 0.2920 -0.9561 -0.0233
vn 0.2923 -0.9562 -0.0166
vn 0.3422 -0.9386 -0.0441
vn 0.3334 -0.9423 -0.0299
vn 0.4259 -0.9047 -0.0130
vn 0.2392 -0.9700 -0.0433
vn 0.4255 -0.9038 -0.0457
vn 0.3239 -0.9460 -0.0132
vn 0.3647 -0.9294 -0.0562
vn 0.5535 -0.8287 -0.0827
vn -0.0000 -0.0000 -0.0000
vn -0.0000 -0.0953 0.9954
vn -0.0002 -0.0954 0.9954
vn 0.0003 -0.0953 0.9954
vn 0.0001 -0.0954 0.9954
vn 0.3827 0.9239 -0.0000
vn 0.9239 -0.3827 -0.0000
vn 0.9239 0.3827 -0.0000
vn 0.3827 -0.9239 -0.0000
vn 0.3817 0.9216 0.0703
vn 0.9216 -0.3817 0.0703
vn 0.9216 0.3817 0.0703
vn 0.3817 -0.9216 0.0703
vn 0.8721 0.3613 0.3300
vn 0.3613 -0.8721 0.3300
vn 0.3613 0.8721 0.3300
vn 0.8721 -0.3613 0.3300
vn 0.9105 -0.3771 0.1698
vn 0.3771 0.9105 0.1698
vn 0.3771 -0.9105 0.1698
vn 0.9105 0.3771 0.1698
vn -0.3827 0.9239 -0.0000
vn -0.9239 -0.3827 -0.0000
vn -0.9239 0.3827 -0.0000
vn -0.3827 -0.9239 -0.0000
vn -0.3817 0.9216 0.0703
vn -0.9216 -0.3817 0.0703
vn -0.9216 0.3817 0.0703
vn -0.3817 -0.9216 0.0703
vn -0.8721 0.3613 0.3300
vn -0.3613 -0.8721 0.3300
vn -0.3613 0.8721 0.3300
vn -0.8721 -0.3613 0.3300
vn -0.9105 -0.3771 0.1698
vn -0.3771 0.9105 0.1698
vn -0.3771 -0.9105 0.1698
vn -0.9105 0.3771 0.1698
vn -0.0001 -0.0000 1.0000
vn -0.0003 -0.0000 1.0000
vt 0.046385 0.718774
vt 0.046052 0.722516
vt 0.012774 0.711582
vt 0.012807 0.711234
vt 0.047630 0.704809
vt 0.047296 0.708551
vt 0.012899 0.710282
vt 0.012932 0.709934
vt 0.045930 0.723886
vt 0.012762 0.711710
vt 0.046841 0.713663
vt 0.012853 0.710758
vt 0.047752 0.703440
vt 0.012944 0.709807
vt 0.116887 0.697555
vt 0.116609 0.700496
vt 0.082271 0.700868
vt 0.082494 0.698433
vt 0.114816 0.719472
vt 0.113781 0.730133
vt 0.079996 0.725337
vt 0.080828 0.716567
vt 0.115851 0.708810
vt 0.081661 0.707797
vt 0.113023 0.737938
vt 0.112746 0.740794
vt 0.079163 0.734107
vt 0.079386 0.731757
vt 0.215316 0.650658
vt 0.249100 0.647173
vt 0.249378 0.650029
vt 0.215454 0.653820
vt 0.213523 0.610520
vt 0.245514 0.609731
vt 0.246272 0.618045
vt 0.213902 0.619073
vt 0.214419 0.630206
vt 0.247307 0.628707
vt 0.248343 0.639368
vt 0.214937 0.642737
vt 0.213384 0.607274
vt 0.245237 0.606790
vt 0.181531 0.646565
vt 0.181531 0.654110
vt 0.181531 0.620101
vt 0.181531 0.631705
vt 0.181531 0.607758
vt 0.181531 0.611308
vt 0.112831 0.622164
vt 0.112831 0.613092
vt 0.112831 0.634138
vt 0.112831 0.653205
vt 0.125854 0.611807
vt 0.127535 0.611254
vt 0.181531 0.657594
vt 0.181531 0.656988
vt 0.164729 0.657421
vt 0.143958 0.659073
vt 0.121135 0.661058
vt 0.112768 0.661764
vt 0.053108 0.623958
vt 0.053108 0.614348
vt 0.053045 0.665906
vt 0.053108 0.656840
vt 0.053108 0.636642
vt 0.093079 0.612601
vt 0.111920 0.664509
vt 0.053045 0.667916
vt 0.017506 0.656840
vt 0.017506 0.636642
vt 0.017443 0.665906
vt 0.017506 0.615404
vt 0.017506 0.611523
vt 0.053108 0.610468
vt 0.017506 0.625014
vt 0.017443 0.667916
vt 0.315738 0.628009
vt 0.349316 0.620469
vt 0.349349 0.620817
vt 0.316072 0.631751
vt 0.314493 0.614044
vt 0.349191 0.619169
vt 0.349225 0.619518
vt 0.314827 0.617786
vt 0.349362 0.620945
vt 0.316194 0.633121
vt 0.349270 0.619993
vt 0.315283 0.622898
vt 0.314371 0.612675
vt 0.349179 0.619042
vt 0.279629 0.607668
vt 0.279852 0.610103
vt 0.281295 0.625802
vt 0.282128 0.634572
vt 0.280462 0.617032
vt 0.282738 0.640992
vt 0.282961 0.643342
vt 0.762125 0.400574
vt 0.757349 0.410932
vt 0.756298 0.400496
vt 0.756621 0.358517
vt 0.763181 0.358517
vt 0.762799 0.468781
vt 0.756621 0.318608
vt 0.763181 0.318608
vt 0.737897 0.358517
vt 0.739530 0.400496
vt 0.728535 0.358517
vt 0.732634 0.425037
vt 0.723046 0.425037
vt 0.722479 0.390576
vt 0.732068 0.390576
vt 0.721755 0.358517
vt 0.721755 0.318608
vt 0.712809 0.358517
vt 0.712809 0.318608
vt 0.735970 0.470196
vt 0.731387 0.410932
vt 0.732895 0.408737
vt 0.737034 0.462268
vt 0.731145 0.400496
vt 0.732677 0.399311
vt 0.756345 0.408737
vt 0.755396 0.399311
vt 0.749385 0.469489
vt 0.749151 0.461629
vt 0.761268 0.460991
vt 0.747914 0.400496
vt 0.747823 0.399311
vt 0.755573 0.395229
vt 0.740250 0.399311
vt 0.747259 0.358517
vt 0.748237 0.318608
vt 0.739852 0.318608
vt 0.721755 0.200990
vt 0.712809 0.200990
vt 0.712809 0.164388
vt 0.721755 0.164388
vt 0.728614 0.200990
vt 0.728614 0.164388
vt 0.761702 0.200990
vt 0.756621 0.200990
vt 0.756621 0.164388
vt 0.761702 0.164388
vt 0.748237 0.200990
vt 0.739852 0.200990
vt 0.739852 0.164388
vt 0.748237 0.164388
vt 0.728614 0.318608
vt 0.728614 0.114763
vt 0.739852 0.114763
vt 0.748237 0.114763
vt 0.756621 0.114763
vt 0.761702 0.114763
vt 0.721755 0.114763
vt 0.712809 0.114763
vt 0.739852 0.082707
vt 0.748237 0.082707
vt 0.756621 0.082707
vt 0.760823 0.082707
vt 0.721755 0.082707
vt 0.728614 0.082707
vt 0.712809 0.082707
vt 0.749023 0.034436
vt 0.755737 0.034436
vt 0.722096 0.034436
vt 0.727424 0.034436
vt 0.741580 0.034436
vt 0.712809 0.034436
vt 0.734138 0.034436
vt 0.756621 0.243679
vt 0.748237 0.256126
vt 0.748237 0.248924
vt 0.753088 0.248924
vt 0.761702 0.236135
vt 0.721755 0.248924
vt 0.728614 0.248924
vt 0.712809 0.248924
vt 0.739852 0.248924
vt 0.739852 0.268373
vt 0.739852 0.298931
vt 0.663493 0.400574
vt 0.669319 0.400496
vt 0.668268 0.410932
vt 0.662437 0.358517
vt 0.668997 0.358517
vt 0.662818 0.468781
vt 0.662437 0.318608
vt 0.668997 0.318608
vt 0.687721 0.358517
vt 0.697083 0.358517
vt 0.686088 0.400496
vt 0.692984 0.425037
vt 0.693550 0.390576
vt 0.703138 0.390576
vt 0.702572 0.425037
vt 0.703863 0.358517
vt 0.703863 0.318608
vt 0.689648 0.470196
vt 0.688584 0.462268
vt 0.692723 0.408737
vt 0.694231 0.410932
vt 0.692941 0.399311
vt 0.694472 0.400496
vt 0.670222 0.399311
vt 0.669272 0.408737
vt 0.676233 0.469489
vt 0.676467 0.461629
vt 0.664349 0.460991
vt 0.677704 0.400496
vt 0.677795 0.399311
vt 0.670045 0.395229
vt 0.685368 0.399311
vt 0.678359 0.358517
vt 0.677381 0.318608
vt 0.685765 0.318608
vt 0.703863 0.200990
vt 0.703863 0.164388
vt 0.697004 0.200990
vt 0.697004 0.164388
vt 0.663915 0.200990
vt 0.663915 0.164388
vt 0.668997 0.164388
vt 0.668997 0.200990
vt 0.677381 0.200990
vt 0.677381 0.164388
vt 0.685765 0.164388
vt 0.685765 0.200990
vt 0.697004 0.318608
vt 0.685765 0.114763
vt 0.697004 0.114763
vt 0.677381 0.114763
vt 0.663915 0.114763
vt 0.668997 0.114763
vt 0.703863 0.114763
vt 0.677381 0.082707
vt 0.685765 0.082707
vt 0.664795 0.082707
vt 0.668997 0.082707
vt 0.697004 0.082707
vt 0.703863 0.082707
vt 0.669881 0.034436
vt 0.676595 0.034436
vt 0.698193 0.034436
vt 0.703521 0.034436
vt 0.684037 0.034436
vt 0.691480 0.034436
vt 0.668997 0.243679
vt 0.677381 0.248924
vt 0.677381 0.256126
vt 0.672530 0.248924
vt 0.663915 0.236135
vt 0.697004 0.248924
vt 0.703863 0.248924
vt 0.685765 0.248924
vt 0.685765 0.298931
vt 0.685765 0.268373
vt 0.006098 0.992625
vt 0.006116 0.992727
vt 0.006103 0.992391
vt 0.006206 0.991059
vt 0.006475 0.992625
vt 0.006663 0.992625
vt 0.006668 0.992727
vt 0.006484 0.992727
vt 0.006687 0.992391
vt 0.006809 0.991090
vt 0.006508 0.991075
vt 0.006392 0.992727
vt 0.022557 0.978387
vt 0.022006 0.978387
vt 0.022373 0.978387
vt 0.006286 0.992625
vt 0.006300 0.992727
vt 0.022282 0.978387
vt 0.316337 0.106012
vt 0.299347 0.106012
vt 0.304151 0.036673
vt 0.317566 0.037380
vt 0.333327 0.106012
vt 0.334383 0.148352
vt 0.315653 0.148352
vt 0.334383 0.188261
vt 0.315897 0.188261
vt 0.296923 0.148352
vt 0.297412 0.188261
vt 0.287335 0.148352
vt 0.280990 0.188261
vt 0.280990 0.148352
vt 0.297412 0.257945
vt 0.280990 0.257945
vt 0.332905 0.257945
vt 0.315158 0.257945
vt 0.297412 0.305879
vt 0.280990 0.305879
vt 0.332905 0.305879
vt 0.315158 0.305879
vt 0.297412 0.342481
vt 0.280990 0.342481
vt 0.332905 0.342481
vt 0.315158 0.342481
vt 0.330981 0.038088
vt 0.332905 0.392106
vt 0.315158 0.392106
vt 0.297412 0.392106
vt 0.280990 0.392106
vt 0.332025 0.424162
vt 0.315158 0.424162
vt 0.297412 0.424162
vt 0.280990 0.424162
vt 0.317204 0.472434
vt 0.323918 0.472434
vt 0.329246 0.472434
vt 0.309762 0.472434
vt 0.302320 0.472434
vt 0.295606 0.472434
vt 0.290278 0.472434
vt 0.280990 0.472434
vt 0.287625 0.485848
vt 0.280990 0.485848
vt 0.299569 0.106295
vt 0.299569 0.095937
vt 0.299327 0.106373
vt 0.296958 0.148352
vt 0.296717 0.148352
vt 0.289529 0.104790
vt 0.299542 0.104790
vt 0.291227 0.081832
vt 0.300816 0.081832
vt 0.245643 0.106012
vt 0.244415 0.037380
vt 0.257830 0.036673
vt 0.262633 0.106012
vt 0.246328 0.148352
vt 0.227598 0.148352
vt 0.228653 0.106012
vt 0.246083 0.188261
vt 0.227598 0.188261
vt 0.265058 0.148352
vt 0.274646 0.148352
vt 0.264569 0.188261
vt 0.264569 0.257945
vt 0.246822 0.257945
vt 0.229076 0.257945
vt 0.264569 0.305879
vt 0.246822 0.305879
vt 0.229076 0.305879
vt 0.264569 0.342481
vt 0.246822 0.342481
vt 0.229076 0.342481
vt 0.231000 0.038088
vt 0.246822 0.392106
vt 0.229076 0.392106
vt 0.264569 0.392106
vt 0.246822 0.424162
vt 0.229956 0.424162
vt 0.264569 0.424162
vt 0.244776 0.472434
vt 0.238063 0.472434
vt 0.232735 0.472434
vt 0.252219 0.472434
vt 0.259661 0.472434
vt 0.266375 0.472434
vt 0.271703 0.472434
vt 0.274356 0.485848
vt 0.262412 0.095937
vt 0.262412 0.106295
vt 0.262654 0.106373
vt 0.265022 0.148352
vt 0.265264 0.148352
vt 0.262439 0.104790
vt 0.272451 0.104790
vt 0.261165 0.081832
vt 0.270753 0.081832
vt 0.925712 0.960198
vt 0.857788 0.963327
vt 0.857646 0.944769
vt 0.815448 0.944769
vt 0.815448 0.922792
vt 0.857527 0.929201
vt 0.815448 0.964810
vt 0.815448 0.916754
vt 0.857505 0.924086
vt 0.775538 0.921947
vt 0.775538 0.915487
vt 0.775538 0.944769
vt 0.775538 0.965396
vt 0.705854 0.965396
vt 0.705854 0.944769
vt 0.657920 0.965396
vt 0.657920 0.944769
vt 0.621319 0.944769
vt 0.621319 0.922827
vt 0.657920 0.921947
vt 0.621319 0.913874
vt 0.657920 0.912994
vt 0.621319 0.965396
vt 0.571694 0.965396
vt 0.571694 0.944769
vt 0.571694 0.926224
vt 0.571694 0.917271
vt 0.539638 0.944769
vt 0.539638 0.928623
vt 0.539638 0.919670
vt 0.539638 0.964663
vt 0.491366 0.943689
vt 0.491366 0.936247
vt 0.491366 0.951131
vt 0.491366 0.957845
vt 0.491366 0.929533
vt 0.491366 0.924205
vt 0.689051 0.921947
vt 0.725297 0.921947
vt 0.705854 0.921947
vt 0.693066 0.914822
vt 0.286358 0.151941
vt 0.286358 0.188261
vt 0.283926 0.188261
vt 0.283926 0.151941
vt 0.280990 0.151941
vt 0.288105 0.151941
vt 0.288105 0.188261
vt 0.288330 0.151941
vt 0.288330 0.188261
vt 0.285478 0.257369
vt 0.283046 0.257369
vt 0.280990 0.257369
vt 0.287225 0.257369
vt 0.287450 0.257369
vt 0.285478 0.305303
vt 0.283046 0.305303
vt 0.280990 0.305303
vt 0.287225 0.305303
vt 0.287450 0.305303
vt 0.287450 0.341905
vt 0.287225 0.341905
vt 0.285478 0.341905
vt 0.283046 0.341905
vt 0.280990 0.341905
vt 0.287225 0.391530
vt 0.285478 0.391530
vt 0.287450 0.391530
vt 0.283046 0.391530
vt 0.280990 0.391530
vt 0.287450 0.471858
vt 0.287225 0.471858
vt 0.283046 0.471858
vt 0.280990 0.471858
vt 0.285478 0.471858
vt 0.285478 0.488135
vt 0.283046 0.488135
vt 0.280990 0.488135
vt 0.287225 0.488135
vt 0.287450 0.488135
vt 0.284570 0.471858
vt 0.284570 0.488135
vt 0.284570 0.391530
vt 0.283605 0.494387
vt 0.285212 0.494387
vt 0.280990 0.494387
vt 0.280990 0.500640
vt 0.281417 0.500640
vt 0.285086 0.494387
vt 0.281583 0.500640
vt 0.281474 0.500640
vt 0.284111 0.494387
vt 0.281597 0.500640
vt 0.281322 0.500640
vt 0.282755 0.494387
vt 0.293724 0.058433
vt 0.290654 0.116340
vt 0.288396 0.116340
vt 0.290638 0.060062
vt 0.287177 0.060745
vt 0.285251 0.116340
vt 0.280990 0.116340
vt 0.283378 0.060949
vt 0.294122 0.057465
vt 0.290946 0.116340
vt 0.280990 0.060949
vt 0.280990 0.115773
vt 0.280990 0.119773
vt 0.281740 0.119773
vt 0.281740 0.115773
vt 0.281740 0.118504
vt 0.281740 0.112350
vt 0.280990 0.118504
vt 0.280990 0.112350
vt 0.275623 0.151941
vt 0.278055 0.151941
vt 0.278055 0.188261
vt 0.275623 0.188261
vt 0.273876 0.151941
vt 0.273876 0.188261
vt 0.273651 0.151941
vt 0.273651 0.188261
vt 0.278935 0.257369
vt 0.276503 0.257369
vt 0.274756 0.257369
vt 0.274531 0.257369
vt 0.278935 0.305303
vt 0.276503 0.305303
vt 0.274756 0.305303
vt 0.274531 0.305303
vt 0.274756 0.341905
vt 0.274531 0.341905
vt 0.278935 0.341905
vt 0.276503 0.341905
vt 0.276503 0.391530
vt 0.274756 0.391530
vt 0.274531 0.391530
vt 0.278935 0.391530
vt 0.274756 0.471858
vt 0.274531 0.471858
vt 0.278935 0.471858
vt 0.276503 0.471858
vt 0.278935 0.488135
vt 0.276503 0.488135
vt 0.274756 0.488135
vt 0.274531 0.488135
vt 0.277411 0.488135
vt 0.277411 0.471858
vt 0.277411 0.391530
vt 0.276769 0.494387
vt 0.278376 0.494387
vt 0.280563 0.500640
vt 0.276895 0.494387
vt 0.277869 0.494387
vt 0.280507 0.500640
vt 0.280398 0.500640
vt 0.280384 0.500640
vt 0.279226 0.494387
vt 0.280658 0.500640
vt 0.268257 0.058433
vt 0.271342 0.060062
vt 0.273585 0.116340
vt 0.271326 0.116340
vt 0.274804 0.060745
vt 0.278603 0.060949
vt 0.276730 0.116340
vt 0.267859 0.057465
vt 0.271035 0.116340
vt 0.280241 0.115773
vt 0.280241 0.119773
vt 0.280241 0.112350
vt 0.280241 0.118504
vt 0.146808 0.741423
vt 0.146669 0.744585
vt 0.148601 0.701285
vt 0.148222 0.709838
vt 0.147704 0.720971
vt 0.147187 0.733502
vt 0.148740 0.698039
vt 0.180592 0.737330
vt 0.180592 0.744875
vt 0.180592 0.710866
vt 0.180592 0.722470
vt 0.180592 0.698523
vt 0.180592 0.702073
vt 0.249292 0.703857
vt 0.249292 0.712929
vt 0.249292 0.724903
vt 0.249292 0.743970
vt 0.239432 0.702647
vt 0.249292 0.702890
vt 0.180592 0.747753
vt 0.180592 0.748359
vt 0.197395 0.748185
vt 0.218166 0.749837
vt 0.249355 0.752529
vt 0.240989 0.751823
vt 0.309016 0.705113
vt 0.309016 0.714723
vt 0.309016 0.747605
vt 0.309079 0.756671
vt 0.309016 0.727407
vt 0.269045 0.703366
vt 0.287375 0.702369
vt 0.309079 0.758681
vt 0.250203 0.755274
vt 0.344617 0.727407
vt 0.344617 0.747605
vt 0.344680 0.756671
vt 0.309016 0.701233
vt 0.344617 0.702288
vt 0.344617 0.706169
vt 0.344617 0.715779
vt 0.344680 0.758681
vt 0.491366 0.858094
vt 0.559432 0.842665
vt 0.559290 0.861223
vt 0.559551 0.827097
vt 0.601630 0.820688
vt 0.601630 0.842665
vt 0.601630 0.862706
vt 0.559573 0.821982
vt 0.601630 0.814650
vt 0.641540 0.813383
vt 0.641540 0.819843
vt 0.641540 0.842665
vt 0.641540 0.863292
vt 0.711224 0.842665
vt 0.711224 0.863292
vt 0.759158 0.842665
vt 0.759158 0.863292
vt 0.759158 0.819843
vt 0.795760 0.820723
vt 0.795760 0.842665
vt 0.759158 0.810890
vt 0.795760 0.811770
vt 0.795760 0.863292
vt 0.845385 0.842665
vt 0.845385 0.863292
vt 0.845385 0.824120
vt 0.845385 0.815167
vt 0.877441 0.826519
vt 0.877441 0.842665
vt 0.877441 0.817566
vt 0.877441 0.862559
vt 0.925712 0.834143
vt 0.925712 0.841585
vt 0.925712 0.849027
vt 0.925712 0.855741
vt 0.925712 0.827429
vt 0.925712 0.822101
vt 0.728027 0.819843
vt 0.691781 0.819843
vt 0.711224 0.819843
vt 0.724012 0.812718
vt 0.093614 0.992898
vt 0.093626 0.993323
vt 0.093498 0.993323
vt 0.093482 0.992898
vt 0.123033 0.975458
vt 0.122847 0.975458
vt 0.122853 0.975883
vt 0.123031 0.975883
vt 0.093967 0.992898
vt 0.093965 0.993323
vt 0.093787 0.993323
vt 0.093781 0.992898
vt 0.123603 0.975458
vt 0.123517 0.975458
vt 0.123498 0.975883
vt 0.123580 0.975883
vt 0.122680 0.975458
vt 0.122548 0.975458
vt 0.122564 0.975883
vt 0.122692 0.975883
vt 0.094451 0.992898
vt 0.094319 0.992898
vt 0.094305 0.993323
vt 0.094432 0.993323
vt 0.094537 0.992898
vt 0.094514 0.993323
vt 0.123632 0.975458
vt 0.123608 0.975883
vt 0.093397 0.992898
vt 0.093416 0.993323
vt 0.123385 0.975458
vt 0.123218 0.975458
vt 0.123210 0.975883
vt 0.123371 0.975883
vt 0.094566 0.992898
vt 0.094542 0.993323
vt 0.122433 0.975458
vt 0.122454 0.975883
vt 0.122482 0.975883
vt 0.122463 0.975458
vt 0.094152 0.992898
vt 0.094144 0.993323
vt 0.093388 0.993323
vt 0.093367 0.992898
vt 0.122510 0.975883
vt 0.122535 0.975883
vt 0.122501 0.975652
vt 0.122473 0.975652
vt 0.123553 0.975883
vt 0.123528 0.975883
vt 0.094462 0.993323
vt 0.094487 0.993323
vt 0.123453 0.975883
vt 0.094272 0.993323
vt 0.094387 0.993323
vt 0.123193 0.975883
vt 0.094127 0.993323
vt 0.123338 0.975883
vt 0.122870 0.975883
vt 0.093659 0.993323
vt 0.093804 0.993323
vt 0.122609 0.975883
vt 0.122725 0.975883
vt 0.093469 0.993323
vt 0.093543 0.993323
vt 0.093444 0.993323
vt 0.024451 0.977590
vt 0.024981 0.977590
vt 0.025512 0.977590
vt 0.123483 0.975652
vt 0.123359 0.975652
vt 0.122580 0.975652
vt 0.123031 0.975652
vt 0.123204 0.975652
vt 0.123589 0.975652
vt 0.123562 0.975652
vt 0.122703 0.975652
vt 0.122859 0.975652
vt 0.011709 0.994448
vt 0.011478 0.994448
vt 0.011478 0.994782
vt 0.011643 0.994782
vt 0.011626 0.994782
vt 0.180205 0.748359
vt 0.180205 0.747753
vt 0.184534 0.749933
vt 0.184485 0.749959
vt 0.197007 0.748185
vt 0.217778 0.749838
vt 0.215161 0.752333
vt 0.197007 0.750570
vt 0.187399 0.751201
vt 0.207727 0.759908
vt 0.209449 0.760564
vt 0.211888 0.761505
vt 0.209364 0.760587
vt 0.210935 0.761113
vt 0.198944 0.756142
vt 0.199215 0.756258
vt 0.206618 0.759426
vt 0.205697 0.759032
vt 0.216882 0.752504
vt 0.213324 0.761972
vt 0.213500 0.761504
vt 0.212037 0.761087
vt 0.215696 0.755660
vt 0.214070 0.755390
vt 0.214045 0.760054
vt 0.212537 0.759685
vt 0.189112 0.750166
vt 0.189100 0.751919
vt 0.190560 0.752567
vt 0.177251 0.659194
vt 0.177202 0.659168
vt 0.164729 0.659805
vt 0.146575 0.661568
vt 0.174337 0.660436
vt 0.154009 0.669143
vt 0.152372 0.669822
vt 0.149848 0.670740
vt 0.152287 0.669799
vt 0.150801 0.670348
vt 0.162791 0.665377
vt 0.156039 0.668267
vt 0.155118 0.668661
vt 0.162521 0.665493
vt 0.144854 0.661739
vt 0.148412 0.671207
vt 0.148236 0.670739
vt 0.149699 0.670322
vt 0.147666 0.664626
vt 0.146040 0.664895
vt 0.149199 0.668921
vt 0.147691 0.669289
vt 0.172624 0.659401
vt 0.171176 0.661802
vt 0.172636 0.661154
vt 0.106565 0.989678
vt 0.106566 0.989839
vt 0.106756 0.989839
vt 0.106793 0.989677
vt 0.106944 0.990302
vt 0.106874 0.990302
vt 0.107023 0.990982
vt 0.107079 0.991081
vt 0.106567 0.989948
vt 0.106674 0.989948
vt 0.106687 0.990711
vt 0.106620 0.990771
vt 0.106658 0.990865
vt 0.106739 0.990775
vt 0.106568 0.990770
vt 0.106568 0.990829
vt 0.106743 0.990382
vt 0.106729 0.990635
vt 0.106793 0.990670
vt 0.106811 0.990392
vt 0.107033 0.991046
vt 0.106568 0.990919
vt 0.106657 0.990918
vt 0.106791 0.990923
vt 0.106790 0.990869
vt 0.106997 0.990941
vt 0.107004 0.991002
vt 0.106889 0.990885
vt 0.106892 0.990942
vt 0.106797 0.990006
vt 0.106700 0.990067
vt 0.106769 0.990012
vt 0.106569 0.989678
vt 0.106342 0.989677
vt 0.106379 0.989839
vt 0.106568 0.989839
vt 0.106190 0.990302
vt 0.106056 0.991081
vt 0.106112 0.990982
vt 0.106260 0.990302
vt 0.106460 0.989948
vt 0.106448 0.990711
vt 0.106396 0.990775
vt 0.106476 0.990865
vt 0.106515 0.990771
vt 0.106567 0.990829
vt 0.106567 0.990770
vt 0.106391 0.990382
vt 0.106324 0.990392
vt 0.106342 0.990670
vt 0.106406 0.990635
vt 0.106102 0.991046
vt 0.106477 0.990918
vt 0.106567 0.990919
vt 0.106343 0.990923
vt 0.106345 0.990869
vt 0.106131 0.991002
vt 0.106138 0.990941
vt 0.106243 0.990942
vt 0.106246 0.990885
vt 0.106338 0.990006
vt 0.106365 0.990012
vt 0.106435 0.990067
vt 0.107117 0.991072
vt 0.106980 0.990292
vt 0.106805 0.989661
vt 0.106567 0.989661
vt 0.106567 0.989822
vt 0.107074 0.991038
vt 0.106567 0.989931
vt 0.089233 0.992617
vt 0.089341 0.992617
vt 0.089340 0.992634
vt 0.089233 0.992634
vt 0.089326 0.993536
vt 0.089405 0.993445
vt 0.089405 0.993461
vt 0.089324 0.993551
vt 0.089366 0.992735
vt 0.089366 0.992753
vt 0.106567 0.990756
vt 0.106567 0.990815
vt 0.089286 0.993442
vt 0.089233 0.993442
vt 0.089234 0.993456
vt 0.089286 0.993456
vt 0.089477 0.993060
vt 0.089446 0.992681
vt 0.089436 0.992698
vt 0.089477 0.993078
vt 0.089459 0.993338
vt 0.089459 0.993355
vt 0.089395 0.993304
vt 0.089353 0.993380
vt 0.089353 0.993396
vt 0.089395 0.993321
vt 0.089409 0.993050
vt 0.089409 0.993067
vt 0.089576 0.992977
vt 0.089729 0.993659
vt 0.089689 0.993668
vt 0.089540 0.992987
vt 0.106567 0.990905
vt 0.106660 0.990905
vt 0.089468 0.993542
vt 0.089456 0.993554
vt 0.106804 0.990911
vt 0.089702 0.993618
vt 0.089663 0.993627
vt 0.089583 0.993561
vt 0.089555 0.993571
vt 0.107044 0.990994
vt 0.106921 0.990932
vt 0.089495 0.992681
vt 0.089463 0.992692
vt 0.106155 0.990292
vt 0.106017 0.991072
vt 0.106329 0.989661
vt 0.106061 0.991038
vt 0.089126 0.992617
vt 0.089126 0.992634
vt 0.089061 0.993445
vt 0.089141 0.993536
vt 0.089142 0.993551
vt 0.089062 0.993461
vt 0.089100 0.992735
vt 0.089101 0.992753
vt 0.089181 0.993442
vt 0.089181 0.993456
vt 0.089233 0.993456
vt 0.089020 0.992681
vt 0.088989 0.993060
vt 0.088990 0.993078
vt 0.089031 0.992698
vt 0.089007 0.993338
vt 0.089008 0.993355
vt 0.089113 0.993380
vt 0.089072 0.993304
vt 0.089072 0.993321
vt 0.089114 0.993396
vt 0.089057 0.993050
vt 0.089057 0.993067
vt 0.088738 0.993659
vt 0.088891 0.992977
vt 0.088926 0.992987
vt 0.088778 0.993668
vt 0.106475 0.990905
vt 0.088999 0.993542
vt 0.089011 0.993554
vt 0.106331 0.990911
vt 0.088764 0.993618
vt 0.088804 0.993627
vt 0.088884 0.993561
vt 0.088912 0.993571
vt 0.106090 0.990994
vt 0.106214 0.990932
vt 0.088971 0.992681
vt 0.089004 0.992692
vt 0.469352 0.327419
vt 0.468835 0.306136
vt 0.519697 0.352718
vt 0.519697 0.363286
vt 0.469250 0.350883
vt 0.519697 0.380948
vt 0.519697 0.419983
vt 0.339690 0.273672
vt 0.340052 0.235303
vt 0.413033 0.287296
vt 0.412818 0.317252
vt 0.338207 0.186504
vt 0.411937 0.254028
vt 0.400766 0.355477
vt 0.400766 0.362457
vt 0.400766 0.360684
vt 0.400766 0.256437
vt 0.400766 0.278994
vt 0.400766 0.248854
vt 0.400766 0.247254
vt 0.399288 0.355477
vt 0.399288 0.360684
vt 0.399288 0.362457
vt 0.399288 0.278994
vt 0.399288 0.256437
vt 0.399288 0.247254
vt 0.399288 0.248854
vt 0.408647 0.370461
vt 0.467728 0.389106
vt 0.519014 0.413426
vt 0.521477 0.420496
vt 0.522519 0.420496
vt 0.524983 0.306568
vt 0.522519 0.297680
vt 0.521477 0.297680
vt 0.519014 0.306568
vt 0.524983 0.413426
vt 0.519697 0.405774
vt 0.467728 0.410983
vt 0.335465 0.346299
vt 0.092629 0.327419
vt 0.042283 0.363286
vt 0.042283 0.352718
vt 0.093146 0.306136
vt 0.092730 0.350883
vt 0.042283 0.380948
vt 0.042283 0.419983
vt 0.222291 0.273672
vt 0.149163 0.317252
vt 0.148948 0.287296
vt 0.221929 0.235303
vt 0.150043 0.254028
vt 0.223774 0.186504
vt 0.161215 0.355477
vt 0.161215 0.360684
vt 0.161215 0.362457
vt 0.161215 0.278994
vt 0.161215 0.256437
vt 0.161215 0.247254
vt 0.161215 0.248854
vt 0.162693 0.355477
vt 0.162693 0.362457
vt 0.162693 0.360684
vt 0.162693 0.256437
vt 0.162693 0.278994
vt 0.162693 0.248854
vt 0.162693 0.247254
vt 0.153333 0.370461
vt 0.094253 0.389106
vt 0.042967 0.413426
vt 0.040503 0.420496
vt 0.039462 0.420496
vt 0.036998 0.306568
vt 0.039462 0.297680
vt 0.040503 0.297680
vt 0.042967 0.306568
vt 0.036998 0.413426
vt 0.042283 0.405774
vt 0.094253 0.410983
vt 0.226515 0.346299
vt 0.565554 0.855129
vt 0.565554 0.859339
vt 0.571128 0.859886
vt 0.571128 0.854848
vt 0.639782 0.860267
vt 0.559980 0.857744
vt 0.559980 0.856724
vt 0.639782 0.854848
vt 0.639782 0.858273
vt 0.726950 0.853655
vt 0.799578 0.854342
vt 0.799578 0.854579
vt 0.726950 0.862545
vt 0.799578 0.859409
vt 0.799578 0.859936
vt 0.688582 0.862736
vt 0.688582 0.852885
vt 0.841473 0.855108
vt 0.841010 0.855108
vt 0.851524 0.957233
vt 0.845950 0.956951
vt 0.845950 0.961990
vt 0.851524 0.961443
vt 0.777296 0.962371
vt 0.857098 0.958828
vt 0.857098 0.959848
vt 0.777296 0.956951
vt 0.777296 0.960377
vt 0.690128 0.955759
vt 0.617500 0.956683
vt 0.617500 0.956446
vt 0.690128 0.964649
vt 0.617500 0.962040
vt 0.617500 0.961513
vt 0.728497 0.954989
vt 0.728497 0.964840
vt 0.575606 0.957212
vt 0.576069 0.957212
vt 0.900653 0.200733
vt 0.901170 0.179450
vt 0.951516 0.143583
vt 0.951516 0.154151
vt 0.899546 0.117763
vt 0.899546 0.095887
vt 0.951516 0.086886
vt 0.951516 0.101095
vt 0.771870 0.271566
vt 0.771508 0.233197
vt 0.844410 0.189617
vt 0.844851 0.219573
vt 0.770026 0.320365
vt 0.843756 0.252841
vt 0.767284 0.160570
vt 0.840466 0.136408
vt 0.901069 0.155986
vt 0.951516 0.125922
vt 0.524964 0.200733
vt 0.474102 0.154151
vt 0.474102 0.143583
vt 0.524448 0.179450
vt 0.526072 0.117763
vt 0.474102 0.101095
vt 0.474102 0.086886
vt 0.526072 0.095887
vt 0.653748 0.271566
vt 0.580767 0.219573
vt 0.581208 0.189617
vt 0.654109 0.233197
vt 0.655592 0.320365
vt 0.581862 0.252841
vt 0.585152 0.136408
vt 0.658334 0.160570
vt 0.474102 0.125922
vt 0.524549 0.155986
vt 0.005271 0.990776
vt 0.007562 0.991532
vt 0.009411 0.992116
vt 0.009411 0.992801
vt 0.092270 0.990590
vt 0.091892 0.990590
vt 0.091587 0.990464
vt 0.091989 0.990464
vt 0.092498 0.994307
vt 0.092620 0.994488
vt 0.092593 0.994614
vt 0.092464 0.994421
vt 0.092565 0.990590
vt 0.092535 0.990464
vt 0.092664 0.990464
vt 0.092687 0.990590
vt 0.092110 0.993731
vt 0.092270 0.993967
vt 0.091989 0.994059
vt 0.091820 0.993808
vt 0.091892 0.993406
vt 0.091587 0.993462
vt 0.091514 0.992854
vt 0.091185 0.992875
vt 0.091185 0.991408
vt 0.091514 0.991477
vt 0.092639 0.992854
vt 0.092613 0.992875
vt 0.092593 0.993808
vt 0.092620 0.993731
vt 0.091775 0.993808
vt 0.091543 0.993462
vt 0.092419 0.994421
vt 0.091945 0.994059
vt 0.091945 0.990464
vt 0.092490 0.990464
vt 0.091140 0.992875
vt 0.091140 0.991408
vt 0.092569 0.992875
vt 0.092549 0.993808
vt 0.091543 0.990464
vt 0.092549 0.994614
vt 0.092620 0.990464
vt 0.093505 0.990500
vt 0.093667 0.990389
vt 0.093667 0.990937
vt 0.093505 0.990915
vt 0.093505 0.990024
vt 0.093667 0.989759
vt 0.093508 0.990937
vt 0.093385 0.990915
vt 0.093505 0.989580
vt 0.093667 0.989172
vt 0.093426 0.991099
vt 0.093324 0.991037
vt 0.093505 0.989437
vt 0.093667 0.988983
vt 0.093426 0.991850
vt 0.093324 0.991604
vt 0.093430 0.989362
vt 0.093568 0.988883
vt 0.093108 0.992328
vt 0.093251 0.992328
vt 0.093330 0.992807
vt 0.093108 0.992807
vt 0.093108 0.989362
vt 0.093108 0.988883
vt 0.093251 0.991852
vt 0.093330 0.992176
vt 0.093315 0.991741
vt 0.093415 0.992030
vt 0.842786 0.554550
vt 0.837264 0.561885
vt 0.828619 0.554952
vt 0.918235 0.608107
vt 0.911598 0.617196
vt 0.829200 0.542236
vt 0.795279 0.542236
vt 0.965593 0.642384
vt 0.954969 0.648090
vt 0.842785 0.554550
vt 0.940009 0.554550
vt 0.962296 0.608107
vt 0.962297 0.608107
vt 0.975048 0.637306
vt 0.978248 0.608107
vt 0.982524 0.633290
vt 0.968590 0.554550
vt 0.935475 0.539084
vt 0.964705 0.545463
vt 0.720207 0.554550
vt 0.734374 0.554952
vt 0.725728 0.561885
vt 0.651395 0.617196
vt 0.644757 0.608107
vt 0.733792 0.542236
vt 0.767713 0.542236
vt 0.608023 0.648090
vt 0.597399 0.642384
vt 0.600696 0.608107
vt 0.622983 0.554550
vt 0.587945 0.637306
vt 0.580469 0.633290
vt 0.584744 0.608107
vt 0.594402 0.554550
vt 0.598287 0.545463
vt 0.627518 0.539084
vt 0.949184 0.685168
vt 0.940539 0.692101
vt 0.935017 0.684766
vt 0.859568 0.738323
vt 0.866205 0.747412
vt 0.822834 0.778307
vt 0.812210 0.772600
vt 0.948603 0.672452
vt 0.982524 0.672452
vt 0.815506 0.738323
vt 0.837793 0.684766
vt 0.842328 0.669301
vt 0.802756 0.767522
vt 0.815507 0.738323
vt 0.809213 0.684766
vt 0.813098 0.675679
vt 0.802755 0.767522
vt 0.795279 0.763507
vt 0.799555 0.738323
vt 0.613808 0.685168
vt 0.627975 0.684766
vt 0.622454 0.692101
vt 0.703425 0.738323
vt 0.750783 0.772600
vt 0.740159 0.778307
vt 0.696787 0.747412
vt 0.614390 0.672452
vt 0.580469 0.672452
vt 0.725199 0.684766
vt 0.747486 0.738323
vt 0.720664 0.669301
vt 0.760237 0.767522
vt 0.750782 0.772600
vt 0.749894 0.675679
vt 0.753780 0.684766
vt 0.763438 0.738323
vt 0.767713 0.763507
vt 0.007521 0.990973
vt 0.007451 0.990079
vt 0.007593 0.990079
vt 0.007816 0.990777
vt 0.007692 0.990777
vt 0.007753 0.991276
vt 0.004564 0.990973
vt 0.004491 0.990079
vt 0.004634 0.990079
vt 0.004269 0.990777
vt 0.004393 0.990777
vt 0.004332 0.991276
vt 0.172159 0.993178
vt 0.172219 0.993178
vt 0.172210 0.993414
vt 0.172150 0.993414
vt 0.172172 0.993600
vt 0.172198 0.992914
vt 0.007851 0.990497
vt 0.007729 0.989568
vt 0.007729 0.992870
vt 0.007823 0.992870
vt 0.007792 0.995442
vt 0.007729 0.995062
vt 0.007808 0.995060
vt 0.007870 0.995440
vt 0.007808 0.992870
vt 0.007900 0.992870
vt 0.007928 0.990483
vt 0.007808 0.989558
vt 0.007854 0.995441
vt 0.007930 0.995440
vt 0.008034 0.992870
vt 0.007959 0.992870
vt 0.075904 0.976554
vt 0.075749 0.975369
vt 0.075672 0.975382
vt 0.075829 0.976572
vt 0.075644 0.977755
vt 0.075780 0.977755
vt 0.075855 0.977755
vt 0.075721 0.977755
vt 0.073356 0.975835
vt 0.073307 0.973773
vt 0.073312 0.973771
vt 0.073369 0.975830
vt 0.073369 0.977031
vt 0.073356 0.975826
vt 0.073356 0.977026
vt 0.073274 0.977040
vt 0.073274 0.975839
vt 0.073321 0.975838
vt 0.073321 0.977039
vt 0.073321 0.975822
vt 0.073321 0.977023
vt 0.073356 0.977036
vt 0.073274 0.975821
vt 0.073274 0.977022
vt 0.073307 0.973769
vt 0.073274 0.973775
vt 0.073293 0.973774
vt 0.073293 0.973768
vt 0.073274 0.973767
vt 0.112831 0.612125
vt 0.122692 0.611882
vt 0.127535 0.609071
vt 0.061717 0.611836
vt 0.061717 0.610344
vt 0.072292 0.611364
vt 0.074749 0.611604
vt 0.102272 0.612309
vt 0.090368 0.611257
vt 0.093079 0.611627
vt 0.077773 0.611433
vt 0.022190 0.978387
vt 0.236270 0.702572
vt 0.234589 0.702019
vt 0.234589 0.699836
vt 0.259851 0.703074
vt 0.269045 0.702392
vt 0.271756 0.702022
vt 0.300407 0.701109
vt 0.300407 0.702601
vt 0.289832 0.702129
vt 0.284350 0.702198
vt 0.025539 0.977590
vt 0.025433 0.977590
vt 0.025309 0.977590
vt 0.025154 0.977590
vt 0.024653 0.977590
vt 0.024809 0.977590
vt 0.024530 0.977590
vt 0.024423 0.977590
vt 0.958216 0.640731
vt 0.974230 0.640731
vt 0.974230 0.641531
vt 0.958216 0.641531
vt 0.958216 0.636870
vt 0.974230 0.636870
vt 0.974230 0.638801
vt 0.958216 0.638801
vt 0.958216 0.636070
vt 0.974230 0.636070
vt 0.953025 0.641135
vt 0.953025 0.640451
vt 0.953025 0.638801
vt 0.953025 0.637150
vt 0.953025 0.636466
vt 0.949665 0.640008
vt 0.946306 0.639110
vt 0.946306 0.638801
vt 0.949665 0.638801
vt 0.949665 0.637593
vt 0.946306 0.638491
vt 0.946306 0.638363
vt 0.949665 0.637092
vt 0.949665 0.640509
vt 0.946306 0.639238
vt 0.743406 0.767086
vt 0.743406 0.769017
vt 0.738214 0.769017
vt 0.738214 0.767366
vt 0.759419 0.767086
vt 0.759419 0.769017
vt 0.743406 0.771747
vt 0.743406 0.770947
vt 0.759419 0.770947
vt 0.759419 0.771747
vt 0.743406 0.766286
vt 0.759419 0.766286
vt 0.734855 0.769017
vt 0.734855 0.770224
vt 0.731495 0.769326
vt 0.731495 0.769017
vt 0.738214 0.771351
vt 0.738214 0.770667
vt 0.738214 0.766682
vt 0.731495 0.769454
vt 0.731495 0.768579
vt 0.731495 0.768707
vt 0.734855 0.767809
vt 0.734855 0.770725
vt 0.734855 0.767308
vt 0.604776 0.640731
vt 0.604776 0.641531
vt 0.588762 0.641531
vt 0.588762 0.640731
vt 0.604776 0.636870
vt 0.604776 0.638801
vt 0.588762 0.638801
vt 0.588762 0.636870
vt 0.604776 0.636070
vt 0.588762 0.636070
vt 0.609967 0.640451
vt 0.609967 0.641135
vt 0.609967 0.637150
vt 0.609967 0.638801
vt 0.609967 0.636466
vt 0.613327 0.640008
vt 0.613327 0.638801
vt 0.616686 0.638801
vt 0.616686 0.639110
vt 0.613327 0.637593
vt 0.613327 0.637092
vt 0.616686 0.638363
vt 0.616686 0.638491
vt 0.613327 0.640509
vt 0.616686 0.639238
vt 0.819587 0.767086
vt 0.824778 0.767366
vt 0.824778 0.769017
vt 0.819587 0.769017
vt 0.803573 0.769017
vt 0.803573 0.767086
vt 0.819587 0.771747
vt 0.803573 0.771747
vt 0.803573 0.770947
vt 0.819587 0.770947
vt 0.803573 0.766286
vt 0.819587 0.766286
vt 0.828138 0.769017
vt 0.831497 0.769017
vt 0.831497 0.769326
vt 0.828138 0.770224
vt 0.824778 0.770667
vt 0.824778 0.771351
vt 0.824778 0.766682
vt 0.831497 0.768707
vt 0.831497 0.768579
vt 0.831497 0.769454
vt 0.828138 0.767809
vt 0.828138 0.770725
vt 0.828138 0.767308
s 1
usemtl マテリアル
f 81/30/36 80/31/36 78/32/36 77/33/36
f 87/34/37 86/35/37 75/36/37 74/37/37
f 80/31/38 83/38/38 72/39/38 78/32/38
f 86/35/39 90/40/39 76/41/39 75/36/39
f 90/40/40 81/30/40 77/33/40 76/41/40
f 92/42/41 87/34/41 74/37/41 73/43/41
f 66/44/42 67/45/42 88/46/42 91/47/42
f 91/47/43 88/46/43 87/34/43 92/42/43
f 69/48/44 70/49/44 82/50/44 89/51/44
f 89/51/45 82/50/45 81/30/45 90/40/45
f 68/52/46 69/48/46 89/51/46 85/53/46
f 85/53/47 89/51/47 90/40/47 86/35/47
f 71/54/48 65/55/48 84/56/48 79/57/48
f 79/57/49 84/56/49 83/38/49 80/31/49
f 67/45/50 68/52/50 85/53/50 88/46/50
f 88/46/51 85/53/51 86/35/51 87/34/51
f 70/49/52 71/54/52 79/57/52 82/50/52
f 82/50/53 79/57/53 80/31/53 81/30/53
f 114/58/54 107/59/54 93/60/54 97/61/54
f 117/62/55 103/63/55 104/64/55 115/65/55
f 113/66/56 105/67/56 106/68/56 116/69/56
f 98/70/57 94/71/57 103/63/57 117/62/57
f 115/65/58 104/64/58 105/67/58 113/66/58
f 116/69/59 106/68/59 107/59/59 114/58/59
f 111/72/60 116/69/60 114/58/60 112/73/60
f 109/74/61 115/65/61 113/66/61 110/75/61
f 96/76/62 98/70/62 117/62/62 108/77/62
f 110/75/63 113/66/63 116/69/63 111/72/63
f 108/77/64 117/62/64 115/65/64 109/74/64
f 109/74/65 119/78/65 118/79/65 108/77/65
f 110/75/66 120/80/66 119/78/66 109/74/66
f 111/72/67 121/81/67 120/80/67 110/75/67
f 108/77/68 150/82/69 151/83/70
f 114/58/71 97/61/71 95/84/71 123/85/71
f 123/85/72 112/73/73 114/58/74
f 112/73/73 123/85/72 122/86/75
f 122/86/76 124/87/76 112/73/76
f 112/73/77 124/87/77 111/72/77
f 121/81/78 125/88/78 130/89/78
f 121/81/79 111/72/79 124/87/79 125/88/79
f 119/78/80 127/90/80 126/91/80 118/79/80
f 130/89/81 132/92/81 129/93/81 121/81/81
f 120/80/82 128/94/82 127/90/82 119/78/82
f 141/95/83 118/79/83 126/91/83
f 121/81/84 129/93/84 128/94/84 120/80/84
f 130/89/85 131/96/85 133/97/85 132/92/85
f 129/93/86 137/98/86 136/99/86 128/94/86
f 132/92/87 138/100/87 137/98/87 129/93/87
f 126/91/88 134/101/88 100/102/88 99/103/88
f 127/90/89 135/104/89 134/101/89 126/91/89
f 132/92/90 133/97/90 139/105/90 138/100/90
f 128/94/91 136/99/91 135/104/91 127/90/91
f 172/106/92 168/107/92 169/108/92 171/109/92
f 176/110/93 165/111/93 166/112/93 175/113/93
f 171/109/94 169/108/94 154/114/94 156/115/94
f 175/113/95 166/112/95 167/116/95 179/117/95
f 179/117/96 167/116/96 168/107/96 172/106/96
f 159/118/97 155/119/97 165/111/97 176/110/97
f 153/71/98 158/120/98 177/121/98 160/63/98
f 158/120/99 159/118/99 176/110/99 177/121/99
f 162/67/100 178/122/100 173/123/100 163/68/100
f 178/122/101 179/117/101 172/106/101 173/123/101
f 161/64/102 174/124/102 178/122/102 162/67/102
f 174/124/103 175/113/103 179/117/103 178/122/103
f 164/59/104 170/125/104 157/126/104 152/60/104
f 170/125/105 171/109/105 156/115/105 157/126/105
f 160/63/106 177/121/106 174/124/106 161/64/106
f 177/121/107 176/110/107 175/113/107 174/124/107
f 163/68/108 173/123/108 170/125/108 164/59/108
f 173/123/109 172/106/109 171/109/109 170/125/109
f 184/127/110 183/128/110 182/129/110
f 184/127/111 182/129/111 185/130/111 186/131/111
f 184/127/112 180/132/112 183/128/112
f 186/131/113 185/130/113 187/133/113 188/134/113
f 210/135/114 208/136/114 191/137/114
f 193/138/115 194/139/115 196/140/115 195/141/115
f 195/141/116 196/140/116 232/142/116 191/137/116
f 192/143/117 232/142/117 197/144/117 198/145/117
f 181/146/118 189/147/118 203/148/118 200/149/118
f 189/147/119 190/150/119 204/151/119 203/148/119
f 182/129/120 183/128/120 202/152/120 201/153/120
f 227/154/121 181/146/121 200/149/121 228/155/121
f 183/128/122 180/132/122 199/156/122 202/152/122
f 207/157/123 182/129/123 201/153/123 213/158/123
f 201/153/124 206/159/124 205/159/124
f 190/150/123 208/136/123 214/160/123 204/151/123
f 208/136/123 207/157/123 213/158/123 214/160/123
f 185/130/125 207/157/125 209/161/125
f 209/161/126 207/157/126 208/136/126 210/135/126
f 187/133/127 185/130/127 209/161/127 212/162/127
f 212/162/128 209/161/128 210/135/128 211/163/128
f 191/137/129 208/136/129 190/150/129
f 207/157/129 185/130/129 182/129/129
f 217/164/130 218/165/130 224/166/130 223/167/130
f 230/168/131 217/164/131 223/167/131 231/169/131
f 216/170/132 215/171/132 221/172/132 222/173/132
f 220/174/133 219/175/133 225/176/133 226/177/133
f 215/171/134 220/174/134 226/177/134 221/172/134
f 180/132/135 227/154/135 228/155/135 199/156/135
f 219/175/136 230/168/136 231/169/136 225/176/136
f 191/137/137 229/178/137 211/163/137 210/135/137
f 232/142/138 196/140/138 197/144/138
f 232/142/139 192/143/139 229/178/139 191/137/139
f 225/176/140 231/169/140 239/179/141 237/180/141
f 226/177/142 225/176/142 237/180/143 238/181/143
f 222/173/144 221/172/144 233/182/144 234/183/144
f 221/172/145 226/177/145 238/181/146 233/182/147
f 231/169/148 223/167/148 235/184/149 239/179/150
f 223/167/151 224/166/151 236/185/151 235/184/151
f 238/181/143 237/180/143 244/186/152 245/187/152
f 234/183/153 233/182/153 240/188/153 241/189/153
f 239/179/150 235/184/149 242/190/154 246/191/154
f 233/182/147 238/181/146 245/187/155 240/188/155
f 235/184/152 236/185/152 243/192/152 242/190/152
f 237/180/141 239/179/141 246/191/156 244/186/156
f 241/189/157 240/188/157 248/193/157 247/194/157
f 246/191/158 242/190/158 252/195/158 251/196/158
f 245/187/159 244/186/159 249/197/159
f 242/190/160 243/192/160 253/198/160 252/195/160
f 244/186/161 246/191/161 250/199/161
f 240/188/162 245/187/162 249/197/162 248/193/162
f 249/197/163 244/186/163 250/199/163
f 250/199/164 246/191/164 251/196/164
f 271/174/165 267/171/165 258/200/165
f 257/201/166 266/202/166 259/203/166
f 258/200/167 267/171/167 268/170/167 260/204/167
f 272/178/168 261/143/168 264/205/168 273/206/168
f 261/143/169 254/145/169 255/207/169 264/205/169
f 273/206/170 264/205/170 269/164/170 274/168/170
f 266/202/171 265/208/171 270/175/171 271/174/171
f 264/205/172 255/207/172 256/165/172 269/164/172
f 265/208/173 273/206/173 274/168/173 270/175/173
f 276/209/174 275/210/174 273/206/174
f 275/210/175 263/162/175 262/163/175
f 257/201/175 276/209/175 265/208/175 266/202/175
f 281/211/176 279/212/176 280/213/176
f 281/211/177 283/214/177 282/215/177 279/212/177
f 281/211/178 280/213/178 277/216/178
f 283/214/179 285/217/179 284/218/179 282/215/179
f 305/219/180 288/220/180 303/221/180
f 290/222/115 292/223/115 293/224/115 291/225/115
f 292/223/181 288/220/181 325/226/181 293/224/181
f 289/227/182 198/145/182 197/144/182 325/226/182
f 278/228/183 295/229/183 298/230/183 286/231/183
f 286/231/184 298/230/184 299/232/184 287/233/184
f 279/212/185 296/234/185 297/235/185 280/213/185
f 320/236/186 321/237/186 295/229/186 278/228/186
f 280/213/187 297/235/187 294/238/187 277/216/187
f 302/239/123 308/240/123 296/234/123 279/212/123
f 296/234/188 300/241/188 301/241/188
f 287/233/123 299/232/123 309/242/123 303/221/123
f 303/221/123 309/242/123 308/240/123 302/239/123
f 282/215/189 304/243/189 302/239/189
f 304/243/126 305/219/126 303/221/126 302/239/126
f 284/218/190 307/244/190 304/243/190 282/215/190
f 307/244/128 306/245/128 305/219/128 304/243/128
f 288/220/129 287/233/129 303/221/129
f 302/239/129 279/212/129 282/215/129
f 312/246/191 317/247/191 224/166/191 218/165/191
f 323/248/192 324/249/192 317/247/192 312/246/192
f 311/250/193 316/251/193 315/252/193 310/253/193
f 314/254/133 319/255/133 318/256/133 313/257/133
f 310/253/194 315/252/194 319/255/194 314/254/194
f 277/216/195 294/238/195 321/237/195 320/236/195
f 313/257/196 318/256/196 324/249/196 323/248/196
f 288/220/197 305/219/197 306/245/197 322/258/197
f 325/226/198 197/144/198 293/224/198
f 325/226/199 288/220/199 322/258/199 289/227/199
f 318/256/200 329/259/201 331/260/201 324/249/200
f 319/255/142 330/261/143 329/259/143 318/256/142
f 316/251/202 327/262/202 326/263/202 315/252/202
f 315/252/203 326/263/204 330/261/205 319/255/203
f 324/249/206 331/260/207 328/264/208 317/247/206
f 317/247/209 328/264/209 236/185/209 224/166/209
f 330/261/143 336/265/152 335/266/152 329/259/143
f 327/262/210 333/267/210 332/268/210 326/263/210
f 331/260/207 337/269/211 334/270/211 328/264/208
f 326/263/204 332/268/212 336/265/212 330/261/205
f 328/264/152 334/270/152 243/192/152 236/185/152
f 329/259/201 335/266/213 337/269/213 331/260/201
f 333/267/214 338/271/214 339/272/214 332/268/214
f 337/269/215 342/273/215 343/274/215 334/270/215
f 336/265/159 340/275/159 335/266/159
f 334/270/160 343/274/160 253/198/160 243/192/160
f 335/266/216 341/276/216 337/269/216
f 332/268/217 339/272/217 340/275/217 336/265/217
f 340/275/218 341/276/218 335/266/218
f 341/276/219 342/273/219 337/269/219
f 345/277/220 358/254/220 353/278/220
f 344/279/221 346/280/221 353/278/221
f 345/277/222 347/281/222 355/250/222 354/253/222
f 359/258/223 360/282/223 351/283/223 348/227/223
f 348/227/224 351/283/224 255/207/224 254/145/224
f 360/282/225 361/248/225 356/246/225 351/283/225
f 353/278/171 358/254/171 357/257/171 352/284/171
f 351/283/226 356/246/226 256/165/226 255/207/226
f 352/284/227 357/257/227 361/248/227 360/282/227
f 362/285/228 363/286/228 360/282/228
f 362/285/175 349/245/175 350/244/175
f 344/279/175 353/278/175 352/284/175 363/286/175
f 369/287/229 374/288/229 368/289/229
f 365/290/230 368/289/230 374/288/230 371/288/230
f 376/291/231 366/292/231 372/293/231 378/294/231
f 367/295/232 364/296/232 370/293/232 373/293/232
f 380/297/233 365/290/234 371/288/234 381/298/233
f 373/299/235 374/300/235 378/301/235
f 369/287/236 375/288/236 374/288/236
f 366/292/237 367/295/237 373/293/237
f 369/287/231 377/302/231 379/303/231 375/288/231
f 377/302/231 376/291/231 378/294/231 379/303/231
f 364/296/238 380/297/233 381/298/233 370/293/238
f 387/287/239 386/289/239 392/288/239
f 383/290/240 389/288/240 392/288/240 386/289/240
f 394/291/231 396/294/231 390/293/231 384/292/231
f 385/295/241 391/293/241 388/293/241 382/296/241
f 398/297/242 399/298/242 389/288/243 383/290/243
f 392/300/235 399/304/235 391/299/235
f 387/287/244 392/288/244 393/288/244
f 384/292/245 391/293/245 385/295/245
f 387/287/231 393/288/231 397/303/231 395/302/231
f 395/302/231 397/303/231 396/294/231 394/291/231
f 382/296/246 388/293/246 399/298/242 398/297/242
f 421/305/247 402/306/247 401/307/247 420/308/247
f 421/305/248 403/309/248 405/310/248 422/311/248
f 422/311/249 405/310/249 407/312/249 423/313/249
f 404/314/250 406/315/250 410/316/250
f 410/316/250 406/315/250 409/317/250 408/318/250
f 409/317/231 406/315/231 411/319/231 413/320/231
f 423/313/251 407/312/251 412/321/252 424/322/253
f 413/320/231 411/319/231 414/323/231 416/324/231
f 424/322/253 412/321/252 415/325/254 425/326/254
f 416/324/231 414/323/231 417/327/231 419/328/231
f 425/326/254 415/325/254 418/329/254 426/330/254
f 414/323/255 425/326/255 426/330/255 417/327/255
f 411/319/256 424/322/256 425/326/255 414/323/255
f 406/315/257 423/313/257 424/322/256 411/319/256
f 404/314/258 422/311/258 423/313/258 406/315/258
f 402/306/259 421/305/259 422/311/259 404/314/259
f 403/309/260 421/305/260 420/308/260 400/331/260
f 426/330/254 418/329/254 428/332/254 430/333/254
f 419/328/231 417/327/231 427/334/231 429/335/231
f 417/327/255 426/330/255 430/333/255 427/334/255
f 430/333/261 428/332/261 432/336/261 434/337/261
f 429/335/262 427/334/262 431/338/262 433/339/262
f 427/334/263 430/333/263 434/337/264 431/338/265
f 437/340/266 432/336/266 438/341/266
f 439/342/267 438/341/267 432/336/267
f 432/336/268 437/340/268 434/337/268
f 436/343/269 435/344/269 431/338/269
f 431/338/265 434/337/264 436/343/270
f 437/340/271 436/343/271 434/337/271
f 435/344/272 441/345/272 431/338/272
f 441/345/273 440/346/273 431/338/273
f 431/338/274 440/346/274 433/339/274
f 433/339/274 440/346/274 442/347/274
f 442/347/275 440/346/275 443/348/275 444/349/275
f 445/307/276 452/350/276 449/351/276
f 449/351/277 452/350/277 450/352/277
f 452/350/278 445/307/279 446/306/280
f 446/306/280 447/314/281 453/353/281 452/350/278
f 452/350/282 453/353/282 451/354/282 450/352/282
f 447/314/283 448/316/283 455/355/283 454/356/283
f 454/356/284 455/355/284 457/357/284 456/358/284
f 474/359/285 473/360/285 459/361/285 460/362/285
f 474/359/286 475/363/286 463/364/286 461/365/286
f 475/363/287 476/366/287 465/367/287 463/364/287
f 462/368/250 466/369/250 464/370/250
f 466/369/250 408/318/250 409/317/250 464/370/250
f 409/317/231 413/320/231 467/371/231 464/370/231
f 476/366/288 477/372/289 468/373/290 465/367/288
f 413/320/231 416/324/231 469/374/231 467/371/231
f 477/372/289 478/375/291 470/376/291 468/373/290
f 416/324/231 419/328/231 471/377/231 469/374/231
f 478/375/291 479/378/291 472/379/291 470/376/291
f 469/374/292 471/377/292 479/378/292 478/375/292
f 467/371/293 469/374/292 478/375/292 477/372/293
f 464/370/294 467/371/293 477/372/293 476/366/294
f 462/368/295 464/370/295 476/366/295 475/363/295
f 460/362/296 462/368/296 475/363/296 474/359/296
f 461/365/297 458/380/297 473/360/297 474/359/297
f 479/378/291 482/381/291 481/382/291 472/379/291
f 419/328/231 429/335/231 480/383/231 471/377/231
f 471/377/292 480/383/292 482/381/292 479/378/292
f 482/381/298 485/384/299 484/385/300 481/382/298
f 429/335/262 433/339/262 483/386/262 480/383/262
f 480/383/301 483/386/302 485/384/303 482/381/301
f 488/387/304 489/388/304 484/385/304
f 490/389/305 484/385/305 489/388/305
f 484/385/300 485/384/299 488/387/306
f 487/390/307 483/386/307 486/391/307
f 483/386/302 487/390/308 485/384/303
f 488/387/309 485/384/309 487/390/309
f 486/391/310 483/386/310 492/392/310
f 492/392/311 483/386/311 491/393/311
f 483/386/274 433/339/274 491/393/274
f 433/339/274 442/347/274 491/393/274
f 442/347/275 444/349/275 493/394/275 491/393/275
f 494/361/312 498/395/312 501/396/312
f 498/395/313 499/397/313 501/396/313
f 501/396/314 495/362/315 494/361/316
f 495/362/315 501/396/314 502/398/317 496/368/317
f 501/396/318 499/397/318 500/399/318 502/398/318
f 496/368/283 503/400/283 504/401/283 497/369/283
f 503/400/284 505/402/284 506/403/284 504/401/284
f 507/404/319 508/405/320 510/406/321
f 510/406/322 513/407/322 515/408/322 514/409/322
f 508/405/320 511/410/323 513/407/323 510/406/321
f 515/408/324 512/411/324 509/412/324 514/409/324
f 507/404/325 510/406/325 514/409/325
f 509/412/326 507/404/326 514/409/326
f 515/408/327 519/413/327 517/414/327 512/411/327
f 513/407/328 518/415/328 519/413/328 515/408/328
f 511/410/329 516/416/329 518/415/329 513/407/329
f 516/416/330 520/417/330 521/418/330 518/415/330
f 520/417/331 522/419/331 524/420/331 521/418/331
f 524/420/332 528/421/333 529/422/334 525/423/332
f 525/423/335 529/422/336 527/424/337 523/425/335
f 522/419/331 526/426/331 528/421/331 524/420/331
f 526/426/331 530/427/331 532/428/331 528/421/331
f 528/421/333 532/428/338 533/429/338 529/422/334
f 529/422/336 533/429/339 531/430/339 527/424/337
f 532/428/340 536/431/340 537/432/340 533/429/340
f 533/429/341 537/432/342 535/433/343 531/430/341
f 530/427/344 534/434/344 536/431/344 532/428/344
f 536/431/345 539/435/345 540/436/345 537/432/345
f 534/434/346 538/437/346 539/435/346 536/431/346
f 538/437/347 534/434/347 543/438/347
f 540/436/348 541/439/348 537/432/348
f 537/432/342 541/439/349 535/433/343
f 541/439/350 542/440/350 535/433/350
f 544/441/351 547/418/351 549/420/351 550/423/351
f 545/415/352 547/418/352 551/442/352 546/413/352
f 547/418/351 544/441/351 548/443/351
f 551/442/352 547/418/352 548/443/352
f 553/444/353 552/441/353 555/423/353 554/425/353
f 559/445/354 564/446/355 563/447/355 558/448/354
f 558/448/356 563/447/356 562/317/356 557/449/356
f 560/450/357 565/451/358 564/446/358 559/445/357
f 556/452/359 561/453/360 565/451/360 560/450/359
f 564/446/355 569/454/355 568/455/355 563/447/355
f 563/447/361 568/455/361 567/456/361 562/317/361
f 565/451/358 570/457/358 569/454/358 564/446/358
f 561/453/360 566/458/360 570/457/360 565/451/360
f 569/454/355 574/459/354 573/460/354 568/455/355
f 568/455/362 573/460/362 572/461/362 567/456/362
f 570/457/358 575/462/357 574/459/357 569/454/358
f 566/458/360 571/463/359 575/462/359 570/457/360
f 571/463/359 576/464/359 580/465/359 575/462/359
f 574/459/354 579/466/354 578/467/354 573/460/354
f 573/460/362 578/467/362 577/468/362 572/461/362
f 575/462/357 580/465/357 579/466/357 574/459/357
f 580/465/357 585/469/357 584/470/357 579/466/357
f 576/464/363 581/471/363 585/469/363 580/465/363
f 579/466/354 584/470/354 583/472/354 578/467/354
f 578/467/362 583/472/362 582/473/362 577/468/362
f 581/471/364 590/474/365 586/475/365 585/469/364
f 583/472/362 588/476/362 589/477/362 582/473/362
f 584/470/354 587/478/354 588/476/354 583/472/354
f 585/469/357 586/475/357 587/478/357 584/470/357
f 587/478/354 592/479/366 593/480/367 588/476/354
f 588/476/362 593/480/362 594/481/362 589/477/362
f 586/475/357 591/482/357 592/479/357 587/478/357
f 590/474/365 595/483/368 591/482/368 586/475/365
f 590/474/369 596/484/369 597/485/370 595/483/370
f 596/484/371 598/477/371 599/481/371 597/485/371
f 596/484/372 600/486/372 601/473/372 598/477/372
f 590/474/369 581/471/373 600/486/373 596/484/369
f 597/485/374 615/487/374 611/488/374 595/483/374
f 614/489/375 608/490/375 607/491/375 615/487/375
f 612/492/376 602/493/376 603/494/376 613/495/376
f 611/488/377 606/496/377 602/493/377 612/492/377
f 613/495/378 603/494/378 604/497/378 610/498/378
f 610/498/379 604/497/379 605/490/379 609/489/379
f 599/481/380 614/489/380 615/487/380 597/485/380
f 591/482/381 612/492/381 613/495/381 592/479/381
f 595/483/382 611/488/382 612/492/382 591/482/382
f 592/479/366 613/495/383 610/498/383 593/480/367
f 593/480/384 610/498/384 609/489/384 594/481/384
f 615/487/385 607/491/385 606/496/385 611/488/385
f 604/497/386 603/494/386 602/493/386
f 621/499/387 626/500/387 625/501/387 620/502/387
f 619/503/388 624/504/389 623/505/390 618/506/388
f 616/507/391 622/508/391 626/500/391 621/499/391
f 620/502/392 625/501/392 624/504/392 619/503/392
f 618/506/393 623/505/393 617/509/393
f 626/500/394 631/450/394 630/445/394 625/501/394
f 624/504/389 629/448/395 628/449/395 623/505/390
f 622/508/396 627/452/396 631/450/396 626/500/396
f 625/501/397 630/445/397 629/448/397 624/504/397
f 636/510/398 637/511/398 635/512/398 634/513/398
f 634/513/399 635/512/399 633/514/399 632/515/399
f 635/512/231 637/511/231 639/516/231 633/514/231
f 632/515/400 633/514/400 639/516/400 638/517/400
f 642/518/401 641/519/401 645/520/402 646/521/402
f 641/519/403 557/449/403 562/317/403 645/520/403
f 643/522/404 642/518/404 646/521/405 647/523/405
f 640/524/406 643/522/406 647/523/407 644/525/407
f 646/521/402 645/520/402 649/526/402 650/527/402
f 645/520/408 562/317/408 567/456/408 649/526/408
f 647/523/405 646/521/405 650/527/405 651/528/405
f 644/525/407 647/523/407 651/528/407 648/529/407
f 650/527/402 649/526/402 653/530/401 654/531/401
f 649/526/409 567/456/409 572/461/409 653/530/409
f 651/528/405 650/527/405 654/531/404 655/532/404
f 648/529/407 651/528/407 655/532/406 652/533/406
f 652/533/406 655/532/406 659/534/406 656/535/406
f 654/531/401 653/530/401 657/536/401 658/537/401
f 653/530/409 572/461/409 577/468/409 657/536/409
f 655/532/404 654/531/404 658/537/404 659/534/404
f 659/534/404 658/537/404 662/538/404 663/539/404
f 656/535/410 659/534/410 663/539/410 660/540/410
f 658/537/401 657/536/401 661/541/401 662/538/401
f 657/536/409 577/468/409 582/473/409 661/541/409
f 660/540/411 663/539/411 664/542/412 667/543/412
f 661/541/409 582/473/409 589/477/409 666/544/409
f 662/538/401 661/541/401 666/544/401 665/545/401
f 663/539/404 662/538/404 665/545/404 664/542/404
f 665/545/401 666/544/401 670/546/413 669/547/414
f 666/544/409 589/477/409 594/481/409 670/546/409
f 664/542/404 665/545/404 669/547/404 668/548/404
f 667/543/412 664/542/412 668/548/415 671/549/415
f 667/543/416 671/549/417 673/550/417 672/551/416
f 672/551/418 673/550/418 599/481/418 598/477/418
f 672/551/419 598/477/419 601/473/419 674/552/419
f 667/543/416 672/551/416 674/552/420 660/540/420
f 673/550/421 671/549/421 681/553/421 684/554/421
f 614/489/422 684/554/422 679/555/422 608/490/422
f 682/556/423 683/557/423 676/558/423 675/559/423
f 681/553/424 682/556/424 675/559/424 678/560/424
f 683/557/425 680/561/425 677/562/425 676/558/425
f 680/561/426 609/489/426 605/490/426 677/562/426
f 599/481/427 673/550/427 684/554/427 614/489/427
f 668/548/428 669/547/428 683/557/428 682/556/428
f 671/549/429 668/548/429 682/556/429 681/553/429
f 669/547/414 670/546/413 680/561/430 683/557/430
f 670/546/431 594/481/431 609/489/431 680/561/431
f 684/554/432 681/553/432 678/560/432 679/555/432
f 608/490/386 679/555/386 675/559/386
f 689/563/433 688/564/433 692/565/433 693/566/433
f 687/567/434 686/568/434 623/505/435 691/569/436
f 685/570/437 689/563/437 693/566/437 690/571/437
f 688/564/438 687/567/438 691/569/438 692/565/438
f 686/568/393 617/509/393 623/505/393
f 693/566/439 692/565/439 696/518/439 697/522/439
f 691/569/436 623/505/435 628/449/440 695/519/440
f 690/571/441 693/566/441 697/522/441 694/524/441
f 692/565/442 691/569/442 695/519/442 696/518/442
f 636/510/398 700/572/398 701/573/398 637/511/398
f 700/572/443 698/574/443 699/575/443 701/573/443
f 701/573/231 699/575/231 639/516/231 637/511/231
f 698/574/400 638/517/400 639/516/400 699/575/400
f 719/576/444 716/577/444 702/55/444 708/54/444
f 722/578/445 720/579/445 705/52/445 704/45/445
f 717/580/446 721/581/446 707/49/446 706/48/446
f 718/582/447 722/578/447 704/45/447 703/44/447
f 720/579/448 717/580/448 706/48/448 705/52/448
f 721/581/449 719/576/449 708/54/449 707/49/449
f 714/583/450 715/584/450 719/576/450 721/581/450
f 712/585/451 713/586/451 717/580/451 720/579/451
f 710/587/452 711/588/452 722/578/452 718/582/452
f 713/586/453 714/583/453 721/581/453 717/580/453
f 711/588/454 712/585/454 720/579/454 722/578/454
f 712/585/455 711/588/455 723/589/455 724/590/455
f 713/586/456 712/585/456 724/590/456 725/591/456
f 714/583/457 713/586/457 725/591/457 726/592/457
f 757/593/458 756/594/459 723/589/460
f 719/576/461 728/595/461 709/596/461 716/577/461
f 728/595/462 719/576/462 715/584/462
f 715/584/463 727/597/463 728/595/463
f 727/597/464 715/584/464 729/598/464
f 715/584/465 714/583/465 729/598/465
f 726/592/466 736/599/466 730/600/466
f 726/592/467 730/600/467 729/598/467 714/583/467
f 724/590/468 723/589/468 732/601/468 733/602/468
f 736/599/469 726/592/469 735/603/469 738/604/469
f 725/591/470 724/590/470 733/602/470 734/605/470
f 748/606/471 755/607/471 732/601/471
f 726/592/472 725/591/472 734/605/472 735/603/472
f 736/599/473 738/604/473 739/608/473 737/609/473
f 735/603/474 734/605/474 743/610/474 744/611/474
f 738/604/475 735/603/475 744/611/475 745/612/475
f 732/601/476 731/613/476 740/614/476 741/615/476
f 733/602/477 732/601/477 741/615/477 742/616/477
f 738/604/478 745/612/478 746/617/478 739/608/478
f 734/605/479 733/602/479 742/616/479 743/610/479
f 761/618/480 764/619/481 762/620/482
f 764/619/483 768/621/483 769/622/483 767/623/483
f 762/620/482 764/619/481 767/623/484 765/624/484
f 769/622/485 768/621/485 763/625/485 766/626/485
f 761/618/486 768/621/486 764/619/486
f 763/625/487 768/621/487 761/618/487
f 769/622/488 766/626/488 771/627/488 773/628/488
f 767/623/489 769/622/489 773/628/489 772/629/489
f 765/624/490 767/623/490 772/629/490 770/630/490
f 770/630/491 772/629/491 775/631/491 774/632/491
f 774/632/492 775/631/492 778/633/492 776/634/492
f 778/633/493 779/635/493 783/636/494 782/637/495
f 779/635/496 777/638/496 781/639/497 783/636/498
f 776/634/492 778/633/492 782/637/492 780/640/492
f 780/640/492 782/637/492 786/641/492 784/642/492
f 782/637/495 783/636/494 787/643/499 786/641/499
f 783/636/498 781/639/497 785/644/500 787/643/500
f 786/641/501 787/643/501 791/645/501 790/646/501
f 787/643/502 785/644/502 789/647/502 791/645/502
f 784/642/503 786/641/503 790/646/503 788/648/503
f 790/646/504 791/645/504 794/649/504 793/650/504
f 788/648/505 790/646/505 793/650/505 792/651/505
f 792/651/506 797/652/506 788/648/506
f 794/649/507 791/645/507 795/653/507
f 791/645/508 789/647/508 795/653/508
f 795/653/509 789/647/509 796/654/509
f 798/655/510 804/635/510 803/633/510 801/631/510
f 799/629/511 800/628/511 805/656/511 801/631/511
f 801/631/510 802/657/510 798/655/510
f 805/656/511 802/657/511 801/631/511
f 807/658/512 808/638/512 809/635/512 806/655/512
f 829/659/513 868/660/513 867/661/513 828/662/513
f 821/663/514 822/664/514 861/665/514 859/666/514
f 816/667/515 856/668/515 869/669/515 810/670/515
f 822/670/516 823/659/516 862/660/516 861/669/516
f 813/671/517 814/672/517 853/673/517 852/674/517
f 823/675/518 824/676/518 863/677/518 862/678/518
f 810/664/519 869/665/519 868/678/519 829/675/519
f 814/679/520 815/680/520 854/681/520 853/682/520
f 819/679/521 811/683/521 851/684/521 858/682/521
f 811/671/522 812/685/522 850/686/522 851/674/522
f 825/687/523 864/688/523 863/661/523 824/662/523
f 815/689/524 820/690/524 860/691/524 854/692/524
f 816/663/525 817/690/525 855/691/525 856/666/525
f 812/693/526 813/683/526 852/684/526 850/694/526
f 826/695/527 865/696/527 864/697/527 825/698/527
f 817/699/528 818/680/528 857/681/528 855/700/528
f 827/687/529 866/688/529 865/701/529 826/702/529
f 818/689/530 819/672/530 858/673/530 857/692/530
f 828/676/531 867/677/531 866/697/531 827/698/531
f 820/699/532 821/667/532 859/668/532 860/700/532
f 846/703/533 847/704/533 887/705/533 886/706/533
f 832/707/386 831/708/386 851/674/386 850/686/386
f 833/709/386 832/710/386 850/694/386 852/684/386
f 834/711/386 833/708/386 852/674/386 853/673/386
f 835/712/386 834/713/386 853/682/386 854/681/386
f 837/714/386 836/666/386 856/666/386 855/691/386
f 838/712/386 837/715/386 855/700/386 857/681/386
f 839/711/386 838/716/386 857/692/386 858/673/386
f 841/668/386 840/715/386 860/700/386 859/668/386
f 842/717/386 841/666/386 859/666/386 861/665/386
f 843/718/386 842/719/386 861/669/386 862/660/386
f 844/720/386 843/721/386 862/678/386 863/677/386
f 845/722/386 844/723/386 863/661/386 864/688/386
f 846/703/386 845/704/386 864/697/386 865/696/386
f 847/722/386 846/724/386 865/701/386 866/688/386
f 848/720/386 847/704/386 866/697/386 867/677/386
f 849/718/386 848/723/386 867/661/386 868/660/386
f 831/709/386 839/713/386 858/682/386 851/684/386
f 836/668/386 830/719/386 869/669/386 856/668/386
f 830/717/386 849/721/386 868/678/386 869/665/386
f 840/714/386 835/716/386 854/692/386 860/691/386
f 887/725/386 876/726/386 871/727/386
f 838/716/534 839/711/534 879/728/534 878/729/534
f 847/704/535 848/720/535 888/730/535 887/705/535
f 840/714/536 841/666/536 881/731/536 880/732/536
f 831/708/537 832/707/537 872/733/537 871/734/537
f 848/720/538 849/721/538 889/735/538 888/730/538
f 841/666/539 842/717/539 882/736/539 881/731/539
f 832/707/540 833/708/540 873/734/540 872/733/540
f 839/711/541 831/708/541 871/734/541 879/728/541
f 842/717/542 843/721/542 883/735/542 882/736/542
f 833/708/543 834/711/543 874/728/543 873/734/543
f 830/717/544 836/666/544 876/731/544 870/736/544
f 843/721/545 844/720/545 884/730/545 883/735/545
f 834/711/546 835/716/546 875/729/546 874/728/546
f 849/721/547 830/717/547 870/736/547 889/735/547
f 844/720/548 845/704/548 885/705/548 884/730/548
f 836/666/549 837/714/549 877/732/549 876/731/549
f 835/716/550 840/714/550 880/732/550 875/729/550
f 845/704/551 846/703/551 886/706/551 885/705/551
f 837/714/552 838/716/552 878/729/552 877/732/552
f 909/659/553 908/662/553 947/661/553 948/660/553
f 901/663/554 939/666/554 941/665/554 902/664/554
f 896/667/555 890/670/555 949/669/555 936/668/555
f 902/670/556 941/669/556 942/660/556 903/659/556
f 893/671/557 932/674/557 933/673/557 894/672/557
f 903/675/558 942/678/558 943/677/558 904/676/558
f 890/664/559 909/675/559 948/678/559 949/665/559
f 894/679/560 933/682/560 934/681/560 895/680/560
f 899/679/561 938/682/561 931/684/561 891/683/561
f 891/671/562 931/674/562 930/686/562 892/685/562
f 905/687/563 904/662/563 943/661/563 944/688/563
f 895/689/564 934/692/564 940/691/564 900/690/564
f 896/663/565 936/666/565 935/691/565 897/690/565
f 892/693/566 930/694/566 932/684/566 893/683/566
f 906/695/567 905/698/567 944/697/567 945/696/567
f 897/699/568 935/700/568 937/681/568 898/680/568
f 907/687/569 906/702/569 945/701/569 946/688/569
f 898/689/570 937/692/570 938/673/570 899/672/570
f 908/676/571 907/698/571 946/697/571 947/677/571
f 900/699/572 940/700/572 939/668/572 901/667/572
f 926/703/537 966/706/537 967/705/537 927/704/537
f 912/707/386 930/686/386 931/674/386 911/708/386
f 913/709/386 932/684/386 930/694/386 912/710/386
f 914/711/386 933/673/386 932/674/386 913/708/386
f 915/712/386 934/681/386 933/682/386 914/713/386
f 917/714/386 935/691/386 936/666/386 916/666/386
f 918/712/386 937/681/386 935/700/386 917/715/386
f 919/711/386 938/673/386 937/692/386 918/716/386
f 921/668/386 939/668/386 940/700/386 920/715/386
f 922/717/386 941/665/386 939/666/386 921/666/386
f 923/718/386 942/660/386 941/669/386 922/719/386
f 924/720/386 943/677/386 942/678/386 923/721/386
f 925/722/386 944/688/386 943/661/386 924/723/386
f 926/703/386 945/696/386 944/697/386 925/704/386
f 927/722/386 946/688/386 945/701/386 926/724/386
f 928/720/386 947/677/386 946/697/386 927/704/386
f 929/718/386 948/660/386 947/661/386 928/723/386
f 911/709/386 931/684/386 938/682/386 919/713/386
f 916/668/386 936/668/386 949/669/386 910/719/386
f 910/717/386 949/665/386 948/678/386 929/721/386
f 920/714/386 940/691/386 934/692/386 915/716/386
f 965/725/386 961/726/386 953/727/386
f 918/716/538 958/729/538 959/728/538 919/711/538
f 927/704/541 967/705/541 968/730/541 928/720/541
f 920/714/539 960/732/539 961/731/539 921/666/539
f 911/708/533 951/734/533 952/733/533 912/707/533
f 928/720/534 968/730/534 969/735/534 929/721/534
f 921/666/536 961/731/536 962/736/536 922/717/536
f 912/707/551 952/733/551 953/734/551 913/708/551
f 919/711/535 959/728/535 951/734/535 911/708/535
f 922/717/550 962/736/550 963/735/550 923/721/550
f 913/708/548 953/734/548 954/728/548 914/711/548
f 910/717/549 950/736/549 956/731/549 916/666/549
f 923/721/546 963/735/546 964/730/546 924/720/546
f 914/711/545 954/728/545 955/729/545 915/716/545
f 929/721/552 969/735/552 950/736/552 910/717/552
f 924/720/543 964/730/543 965/705/543 925/704/543
f 916/666/544 956/731/544 957/732/544 917/714/544
f 915/716/542 955/729/542 960/732/542 920/714/542
f 925/704/540 965/705/540 966/706/540 926/703/540
f 917/714/547 957/732/547 958/729/547 918/716/547
f 970/737/573 971/738/573 973/739/573 972/740/573
f 976/739/386 975/739/386 974/740/386 977/741/386
f 973/739/386 976/739/386 977/741/386 972/740/386
f 978/737/573 979/740/573 973/739/573 971/738/573
f 976/739/386 981/741/386 980/740/386 975/739/386
f 973/739/386 979/740/386 981/741/386 976/739/386
f 982/742/574 984/743/574 990/744/574 985/745/574
f 983/746/575 986/747/575 1000/748/575 987/749/575
f 985/745/576 991/750/576 989/750/576
f 1010/751/577 1009/752/577 992/753/577 993/754/577
f 985/745/578 990/744/579 991/750/580
f 993/754/581 992/753/582 994/755/583 995/754/581
f 999/756/584 996/757/585 997/758/586 998/759/586
f 1000/748/587 986/747/587 988/760/587
f 994/755/583 992/753/582 1001/761/588 1002/761/588
f 1008/762/589 1001/761/589 992/753/589 1007/763/589
f 988/760/590 1005/764/590 1003/765/590 1000/748/590
f 1005/764/591 1006/766/591 1004/767/591 1003/765/591
f 1006/766/592 1008/762/592 1007/763/592 1004/767/592
f 998/759/593 997/758/593 1009/752/593 1010/751/593
f 984/743/594 983/746/594 1011/768/594 990/744/594
f 991/750/580 990/744/579 1013/769/595 1012/770/596
f 1011/768/597 983/746/597 987/749/597
f 1013/769/595 996/757/585 999/756/584 1012/770/596
f 1011/768/598 1013/769/598 990/744/598
f 1014/84/599 1015/771/599 1025/772/599 1021/85/599
f 1020/86/600 1023/773/600 1033/774/600 1022/87/600
f 1015/771/601 1016/775/576 1026/775/602
f 1042/776/603 1028/777/603 1027/778/603 1041/779/603
f 1015/771/601 1026/775/602 1025/772/604
f 1028/777/605 1018/777/605 1017/780/606 1027/778/607
f 1032/781/608 1031/782/586 1030/783/586 1029/784/609
f 1033/774/610 1024/785/610 1022/87/610
f 1017/780/606 1019/786/611 1034/786/611 1027/778/607
f 1040/787/612 1039/788/612 1027/778/612 1034/786/612
f 1024/785/613 1033/774/613 1035/789/613 1037/790/613
f 1037/790/614 1035/789/614 1036/791/614 1038/792/614
f 1038/792/615 1036/791/615 1039/788/615 1040/787/615
f 1031/782/616 1042/776/616 1041/779/616 1030/783/616
f 1021/85/617 1025/772/617 1043/793/617 1020/86/617
f 1026/775/602 1044/794/618 1045/795/618 1025/772/604
f 1043/793/619 1023/773/619 1020/86/619
f 1045/795/620 1044/794/620 1032/781/608 1029/784/609
f 1043/793/621 1025/772/621 1045/795/621
f 1108/796/622 1111/797/622 1116/798/622 1110/799/622
f 1109/800/623 1113/801/623 1125/802/623 1112/803/623
f 1111/797/624 1115/804/625 1117/805/626
f 1134/806/627 1119/807/627 1118/808/627 1133/809/627
f 1111/797/624 1117/805/626 1116/798/628
f 1119/807/629 1120/810/629 1141/811/630 1118/808/631
f 1124/812/632 1123/813/633 1122/814/633 1121/815/634
f 1125/802/635 1114/816/635 1112/803/635
f 1141/811/630 1142/817/636 1126/818/636 1118/808/631
f 1132/819/637 1131/820/637 1118/808/637 1126/818/637
f 1114/816/638 1125/802/638 1127/821/638 1129/822/638
f 1129/822/639 1127/821/639 1128/823/639 1130/824/639
f 1130/824/640 1128/823/640 1131/820/640 1132/819/640
f 1123/813/641 1134/806/641 1133/809/641 1122/814/641
f 1110/799/642 1116/798/642 1135/825/642 1109/800/642
f 1117/805/626 1136/826/643 1137/827/644 1116/798/628
f 1135/825/645 1113/801/645 1109/800/645
f 1137/827/644 1136/826/643 1124/812/632 1121/815/634
f 1135/825/646 1116/798/646 1137/827/646
f 1138/828/647 1144/829/647 1148/830/647 1139/831/647
f 1143/832/648 1145/833/648 1156/834/648 1146/835/648
f 1139/831/649 1149/836/650 1140/804/625
f 1165/837/651 1164/838/651 1150/839/651 1151/840/651
f 1139/831/649 1148/830/652 1149/836/650
f 1151/840/653 1150/839/654 1141/841/655 1120/842/653
f 1155/843/656 1152/844/657 1153/845/633 1154/846/633
f 1156/834/658 1145/833/658 1147/847/658
f 1141/841/655 1150/839/654 1157/848/659 1142/849/659
f 1163/850/660 1157/848/660 1150/839/660 1162/851/660
f 1147/847/661 1160/852/661 1158/853/661 1156/834/661
f 1160/852/662 1161/854/662 1159/855/662 1158/853/662
f 1161/854/663 1163/850/663 1162/851/663 1159/855/663
f 1154/846/664 1153/845/664 1164/838/664 1165/837/664
f 1144/829/665 1143/832/665 1166/856/665 1148/830/665
f 1149/836/650 1148/830/652 1168/857/666 1167/858/667
f 1166/856/668 1143/832/668 1146/835/668
f 1168/857/666 1152/844/657 1155/843/656 1167/858/667
f 1166/856/669 1168/857/669 1148/830/669
f 1050/859/670 1047/860/670 1109/800/670 1112/803/670
f 1048/861/671 1046/862/671 1108/796/671 1110/799/671
f 1046/862/672 1049/863/672 1111/797/672 1108/796/672
f 1047/860/673 1048/861/673 1110/799/673 1109/800/673
f 1052/864/674 1050/859/674 1112/803/674 1114/816/674
f 1049/863/675 1053/865/675 1115/804/675 1111/797/675
f 1053/866/676 1054/867/676 1117/868/676 1115/869/676
f 1055/870/677 1072/871/677 1133/872/677 1118/873/677
f 1054/867/678 1075/874/678 1136/875/678 1117/868/678
f 1058/876/443 1057/877/443 1141/811/443 1120/810/443
f 1056/878/679 1058/879/679 1120/880/679 1119/881/679
f 1059/882/680 1076/883/680 1137/884/680 1121/885/680
f 1060/886/681 1059/882/681 1121/885/681 1122/887/681
f 1061/888/682 1073/889/682 1134/890/682 1123/891/682
f 1062/892/683 1061/888/683 1123/891/683 1124/893/683
f 1051/894/684 1063/895/684 1125/896/684 1113/897/684
f 1065/898/685 1064/899/685 1126/818/685 1142/817/685
f 1057/877/443 1065/898/443 1142/817/443 1141/811/443
f 1070/900/686 1055/870/686 1118/873/686 1131/901/686
f 1064/899/687 1071/902/687 1132/819/687 1126/818/687
f 1063/895/688 1066/903/688 1127/904/688 1125/896/688
f 1066/903/689 1067/905/689 1128/906/689 1127/904/689
f 1068/907/690 1052/864/690 1114/816/690 1129/822/690
f 1069/908/691 1068/907/691 1129/822/691 1130/824/691
f 1067/905/692 1070/900/692 1131/901/692 1128/906/692
f 1071/902/693 1069/908/693 1130/824/693 1132/819/693
f 1072/871/694 1060/886/694 1122/887/694 1133/872/694
f 1073/889/695 1056/878/695 1119/881/695 1134/890/695
f 1074/909/696 1051/894/696 1113/897/696 1135/910/696
f 1075/874/697 1062/892/697 1124/893/697 1136/875/697
f 1076/883/698 1074/909/698 1135/910/698 1137/884/698
f 1078/863/699 1077/862/699 1138/828/699 1139/831/699
f 1079/865/700 1078/863/700 1139/831/700 1140/804/700
f 1080/877/399 1081/876/399 1120/842/399 1141/841/399
f 1082/898/399 1080/877/399 1141/841/399 1142/849/399
f 1083/911/701 1085/912/701 1145/833/701 1143/832/701
f 1077/862/702 1084/913/702 1144/829/702 1138/828/702
f 1084/913/703 1083/911/703 1143/832/703 1144/829/703
f 1085/912/704 1087/914/704 1147/847/704 1145/833/704
f 1088/915/705 1079/866/705 1140/869/705 1149/916/705
f 1103/917/706 1089/918/706 1150/919/706 1164/920/706
f 1106/921/707 1088/915/707 1149/916/707 1167/922/707
f 1081/879/708 1090/923/708 1151/924/708 1120/925/708
f 1107/926/709 1091/927/709 1152/928/709 1168/929/709
f 1091/927/710 1092/930/710 1153/931/710 1152/928/710
f 1104/932/711 1093/933/711 1154/934/711 1165/935/711
f 1093/933/712 1094/936/712 1155/937/712 1154/934/712
f 1095/938/713 1086/939/713 1146/940/713 1156/941/713
f 1096/942/714 1082/898/714 1142/849/714 1157/848/714
f 1089/918/715 1101/943/715 1162/944/715 1150/919/715
f 1102/945/716 1096/942/716 1157/848/716 1163/850/716
f 1097/946/717 1095/938/717 1156/941/717 1158/947/717
f 1098/948/718 1097/946/718 1158/947/718 1159/949/718
f 1087/914/719 1099/950/719 1160/852/719 1147/847/719
f 1099/950/720 1100/951/720 1161/854/720 1160/852/720
f 1101/943/721 1098/948/721 1159/949/721 1162/944/721
f 1100/951/722 1102/945/722 1163/850/722 1161/854/722
f 1092/930/723 1103/917/723 1164/920/723 1153/931/723
f 1090/923/724 1104/932/724 1165/935/724 1151/924/724
f 1086/939/725 1105/952/725 1166/953/725 1146/940/725
f 1094/936/726 1106/921/726 1167/922/726 1155/937/726
f 1105/952/727 1107/926/727 1168/929/727 1166/953/727
f 1218/954/728 1217/955/728 1174/956/728 1173/957/728
f 1219/958/729 1218/954/730 1173/957/731 1172/959/731
f 1195/959/399 1200/960/399 1196/959/399
f 1170/961/732 1169/962/732 1176/963/733 1178/964/734
f 1169/962/735 1171/965/735 1177/966/736 1176/963/737
f 1181/967/399 1179/967/399 1183/968/399 1184/969/399
f 1179/967/399 1181/967/399 1185/970/399 1186/971/399
f 1186/971/399 1185/970/399 1182/972/399 1180/973/399
f 1189/974/443 1192/975/443 1191/976/443 1187/974/443
f 1187/974/443 1194/977/443 1193/978/443 1189/974/443
f 1194/977/443 1188/979/443 1190/980/443 1193/978/443
f 1181/967/738 1189/974/738 1193/978/738 1185/970/738
f 1183/968/739 1191/976/739 1192/975/739 1184/969/739
f 1182/972/740 1190/980/740 1188/979/740 1180/973/740
f 1184/969/741 1192/975/741 1189/974/741 1181/967/741
f 1180/973/742 1188/979/742 1194/977/742 1186/971/742
f 1186/971/743 1194/977/743 1187/974/743 1179/967/743
f 1179/967/175 1187/974/175 1191/976/175 1183/968/175
f 1185/970/744 1193/978/744 1190/980/744 1182/972/744
f 1223/981/745 1178/964/746 1219/958/747 1224/982/747
f 1197/957/399 1198/957/399 1195/959/399 1196/959/399
f 1197/957/399 1199/956/399 1198/957/399
f 1215/983/748 1213/983/748 1204/984/748 1203/984/748
f 1203/984/386 1204/984/386 1208/985/386 1207/985/386
f 1211/986/749 1212/986/749 1206/987/749 1205/987/749
f 1205/987/235 1206/987/235 1202/988/235 1201/988/235
f 1209/989/750 1211/986/750 1205/987/750 1201/988/750
f 1212/986/751 1210/989/751 1202/988/751 1206/987/751
f 1216/990/231 1213/983/231 1210/989/231 1212/986/231
f 1215/983/175 1214/990/175 1211/986/175 1209/989/175
f 1214/990/399 1216/990/399 1212/986/399 1211/986/399
f 1201/988/752 1202/988/752 1210/989/752 1209/989/752
f 1207/985/753 1208/985/753 1216/990/753 1214/990/753
f 1203/984/754 1207/985/754 1214/990/754 1215/983/754
f 1208/985/755 1204/984/755 1213/983/755 1216/990/755
f 1209/989/443 1210/989/443 1213/983/443 1215/983/443
f 1178/964/734 1176/963/733 1218/954/730 1219/958/729
f 1176/963/737 1177/966/736 1217/955/756 1218/954/756
f 1221/991/757 1175/960/757 1220/992/757 1224/982/757
f 1172/959/758 1221/991/758 1224/982/758 1219/958/758
f 1170/961/759 1178/964/746 1223/981/745 1222/993/759
f 1274/994/760 1229/995/760 1230/996/760 1273/997/760
f 1275/998/761 1228/999/762 1229/995/762 1274/994/763
f 1251/999/443 1252/999/443 1256/1000/443
f 1226/1001/764 1234/1002/765 1232/1003/766 1225/1004/764
f 1225/1004/767 1232/1003/768 1233/1005/769 1227/1006/767
f 1237/1007/443 1240/1008/443 1239/1009/443 1235/1007/443
f 1235/1007/443 1242/1010/443 1241/1011/443 1237/1007/443
f 1242/1010/443 1236/1012/443 1238/1013/443 1241/1011/443
f 1245/1014/399 1243/1014/399 1247/1015/399 1248/1016/399
f 1243/1014/399 1245/1014/399 1249/1017/399 1250/1018/399
f 1250/1018/399 1249/1017/399 1246/1019/399 1244/1020/399
f 1237/1007/738 1241/1011/738 1249/1017/738 1245/1014/738
f 1239/1009/739 1240/1008/739 1248/1016/739 1247/1015/739
f 1238/1013/740 1236/1012/740 1244/1020/740 1246/1019/740
f 1240/1008/741 1237/1007/741 1245/1014/741 1248/1016/741
f 1236/1012/742 1242/1010/742 1250/1018/742 1244/1020/742
f 1242/1010/743 1235/1007/743 1243/1014/743 1250/1018/743
f 1235/1007/175 1239/1009/175 1247/1015/175 1243/1014/175
f 1241/1011/744 1238/1013/744 1246/1019/744 1249/1017/744
f 1279/1021/770 1280/1022/771 1275/998/771 1234/1002/772
f 1253/995/443 1252/999/443 1251/999/443 1254/995/443
f 1253/995/443 1254/995/443 1255/996/443
f 1271/1023/753 1259/1024/753 1260/1024/753 1269/1023/753
f 1259/1024/386 1263/1025/386 1264/1025/386 1260/1024/386
f 1267/1026/752 1261/1027/752 1262/1027/752 1268/1026/752
f 1261/1027/235 1257/1028/235 1258/1028/235 1262/1027/235
f 1265/1029/750 1257/1028/750 1261/1027/750 1267/1026/750
f 1268/1026/751 1262/1027/751 1258/1028/751 1266/1029/751
f 1272/1030/231 1268/1026/231 1266/1029/231 1269/1023/231
f 1271/1023/175 1265/1029/175 1267/1026/175 1270/1030/175
f 1270/1030/443 1267/1026/443 1268/1026/443 1272/1030/443
f 1257/1028/749 1265/1029/749 1266/1029/749 1258/1028/749
f 1263/1025/748 1270/1030/748 1272/1030/748 1264/1025/748
f 1259/1024/754 1271/1023/754 1270/1030/754 1263/1025/754
f 1264/1025/755 1272/1030/755 1269/1023/755 1260/1024/755
f 1265/1029/399 1271/1023/399 1269/1023/399 1266/1029/399
f 1234/1002/765 1275/998/761 1274/994/763 1232/1003/766
f 1232/1003/768 1274/994/773 1273/997/773 1233/1005/769
f 1277/1031/774 1280/1022/774 1276/1032/774 1231/1000/774
f 1228/999/775 1275/998/775 1280/1022/775 1277/1031/775
f 1226/1001/776 1278/1033/776 1279/1021/770 1234/1002/772
f 1289/1034/443 1290/1035/443 1284/1036/443 1283/1037/443
f 1284/1036/777 1288/1036/777 1296/1038/777 1294/1038/777
f 1291/1034/778 1292/1035/778 1286/1039/778 1285/1040/778
f 1285/1040/235 1286/1039/235 1282/1039/235 1281/1040/235
f 1289/1034/779 1291/1034/779 1285/1040/779 1281/1040/779
f 1292/1035/780 1290/1035/780 1282/1039/780 1286/1039/780
f 1288/1036/781 1284/1036/781 1290/1035/781 1292/1035/781
f 1283/1037/782 1287/1037/782 1291/1034/782 1289/1034/782
f 1287/1037/783 1288/1036/783 1292/1035/783 1291/1034/783
f 1281/1040/443 1282/1039/443 1290/1035/443 1289/1034/443
f 1283/1037/443 1284/1036/443 1294/1038/443 1293/1041/443
f 1287/1037/784 1295/1041/785 1309/1042/786
f 1287/1037/175 1283/1037/175 1293/1041/175 1295/1041/175
f 1305/1043/787 1306/1043/787 1297/1044/788 1299/1045/789
f 1308/1046/790 1307/1046/790 1300/1047/790 1298/1048/790
f 1306/1043/791 1308/1046/791 1298/1048/792 1297/1044/792
f 1293/1041/793 1294/1038/793 1304/1049/793 1303/1050/793
f 1294/1038/794 1296/1038/794 1302/1049/794 1304/1049/794
f 1295/1041/795 1293/1041/795 1303/1050/795 1301/1050/795
f 1296/1038/785 1309/1042/786 1302/1049/796
f 1303/1050/793 1304/1049/793 1308/1046/791 1306/1043/791
f 1304/1049/797 1302/1049/797 1307/1046/797 1308/1046/797
f 1301/1050/798 1303/1050/798 1306/1043/798 1305/1043/798
f 1301/1050/796 1309/1042/786 1295/1041/785
f 1299/1045/799 1310/1051/799 1300/1047/799
f 1300/1047/800 1310/1051/800 1311/1052/800 1298/1048/800
f 1297/1044/788 1311/1052/801 1310/1051/801 1299/1045/789
f 1297/1044/802 1298/1048/802 1311/1052/802
f 1320/1053/399 1314/1054/399 1315/1055/399 1321/1056/399
f 1315/1055/777 1325/1057/777 1327/1057/777 1319/1055/777
f 1322/1053/803 1316/1058/803 1317/1059/803 1323/1056/803
f 1316/1058/235 1312/1058/235 1313/1059/235 1317/1059/235
f 1320/1053/779 1312/1058/779 1316/1058/779 1322/1053/779
f 1323/1056/780 1317/1059/780 1313/1059/780 1321/1056/780
f 1319/1055/781 1323/1056/781 1321/1056/781 1315/1055/781
f 1314/1054/782 1320/1053/782 1322/1053/782 1318/1054/782
f 1318/1054/804 1322/1053/804 1323/1056/804 1319/1055/804
f 1312/1058/399 1320/1053/399 1321/1056/399 1313/1059/399
f 1314/1054/399 1324/1060/399 1325/1057/399 1315/1055/399
f 1340/1061/805 1326/1060/806 1318/1054/807
f 1318/1054/175 1326/1060/175 1324/1060/175 1314/1054/175
f 1336/1062/808 1330/1063/808 1328/1064/808 1337/1062/808
f 1339/1065/809 1329/1066/809 1331/1067/809 1338/1065/809
f 1337/1062/810 1328/1064/811 1329/1066/811 1339/1065/810
f 1324/1060/812 1334/1068/812 1335/1069/812 1325/1057/812
f 1325/1057/794 1335/1069/794 1333/1069/794 1327/1057/794
f 1326/1060/795 1332/1068/795 1334/1068/795 1324/1060/795
f 1327/1057/806 1333/1069/813 1340/1061/805
f 1334/1068/812 1337/1062/810 1339/1065/810 1335/1069/812
f 1335/1069/797 1339/1065/797 1338/1065/797 1333/1069/797
f 1332/1068/798 1336/1062/798 1337/1062/798 1334/1068/798
f 1332/1068/813 1326/1060/806 1340/1061/805
f 1330/1063/814 1331/1067/814 1341/1070/814
f 1331/1067/815 1329/1066/815 1342/1071/815 1341/1070/815
f 1328/1064/816 1330/1063/816 1341/1070/816 1342/1071/816
f 1328/1064/817 1342/1071/817 1329/1066/817
f 1356/1072/818 1357/1073/818 1347/1074/818 1348/1075/818
f 1360/1076/819 1359/1077/820 1349/1078/820 1354/1079/821
f 1343/1080/822 1344/1081/823 1352/1082/824 1351/1083/825
f 1345/1084/826 1343/1080/826 1351/1083/827 1350/1085/828
f 1344/1081/823 1353/1086/829 1355/1087/830 1352/1082/824
f 1357/1073/831 1358/1088/832 1346/1089/833 1347/1074/834
f 1358/1088/832 1360/1076/819 1354/1079/821 1346/1089/833
f 1352/1082/824 1355/1087/830 1360/1076/819 1358/1088/832
f 1351/1083/825 1352/1082/824 1358/1088/832 1357/1073/831
f 1350/1085/828 1351/1083/827 1357/1073/835 1356/1072/835
f 1374/1090/836 1366/1091/836 1365/1092/836 1375/1093/836
f 1378/1094/837 1372/1095/838 1367/1096/839 1377/1097/839
f 1361/1098/840 1369/1099/841 1370/1100/842 1362/1101/843
f 1363/1102/844 1368/1103/845 1369/1099/846 1361/1098/844
f 1362/1101/843 1370/1100/842 1373/1104/847 1371/1105/848
f 1375/1093/849 1365/1092/850 1364/1106/851 1376/1107/852
f 1376/1107/852 1364/1106/851 1372/1095/838 1378/1094/837
f 1370/1100/842 1376/1107/852 1378/1094/837 1373/1104/847
f 1369/1099/841 1375/1093/849 1376/1107/852 1370/1100/842
f 1368/1103/845 1374/1090/853 1375/1093/853 1369/1099/846
f 1381/1108/854 1380/1108/854 1379/1109/855 1382/1109/856
f 1382/1109/856 1379/1109/855 1383/1110/857 1384/1110/857
f 1384/1110/443 1383/1110/443 1385/1111/443
f 1388/1108/858 1389/1109/859 1386/1109/860 1387/1108/858
f 1389/1109/859 1391/1110/861 1390/1110/861 1386/1109/860
f 1391/1110/399 1392/1111/399 1390/1110/399
f 1393/1112/862 1405/1113/862 1418/1114/862 1395/1115/862
f 1404/1116/863 1403/1117/863 1416/1118/863 1417/1119/863
f 1394/1120/864 1408/1121/864 1410/1122/864 1397/1123/864
f 1402/1124/865 1401/1125/865 1414/1126/865 1415/1127/865
f 1400/1128/866 1402/1124/866 1415/1127/866 1413/1129/866
f 1401/1125/867 1404/1116/867 1417/1119/867 1414/1126/867
f 1393/1112/868 1395/1115/868 1408/1121/868 1394/1120/868
f 1407/1130/869 1420/1131/869 1419/1132/869 1406/1133/869
f 1399/1134/870 1412/1135/871 1411/1136/872 1398/1137/872
f 1405/1113/873 1406/1133/873 1419/1132/873 1418/1114/873
f 1396/1117/874 1398/1137/874 1411/1136/874 1409/1118/874
f 1400/1128/875 1413/1129/875 1420/1131/875 1407/1130/875
f 1397/1123/876 1410/1122/876 1412/1135/871 1399/1134/870
f 1413/1129/877 1415/1127/878 1429/1138/879 1427/1139/880
f 1414/1126/881 1417/1119/881 1431/1140/881 1428/1141/881
f 1395/1115/386 1421/1142/386 1422/1143/386 1408/1121/386
f 1420/1131/882 1434/1144/882 1433/1145/882 1419/1132/882
f 1412/1135/883 1426/1146/883 1425/1147/884 1411/1136/884
f 1418/1114/885 1419/1132/885 1433/1145/885 1432/1148/885
f 1409/1118/886 1411/1136/886 1425/1147/886 1423/1149/886
f 1413/1129/877 1427/1139/880 1434/1144/887 1420/1131/887
f 1410/1122/888 1424/1150/888 1426/1146/883 1412/1135/883
f 1395/1115/386 1418/1114/386 1432/1148/386 1421/1142/386
f 1417/1119/889 1416/1118/889 1430/1149/889 1431/1140/889
f 1408/1121/386 1422/1143/386 1424/1150/386 1410/1122/386
f 1415/1127/878 1414/1126/890 1428/1141/890 1429/1138/879
f 1431/1140/175 1430/1149/175 1425/1147/175
f 1435/1112/891 1437/1115/891 1460/1114/891 1447/1113/891
f 1446/1116/892 1459/1119/892 1458/1118/892 1445/1117/892
f 1436/1120/893 1439/1123/893 1452/1122/893 1450/1121/893
f 1444/1124/894 1457/1127/894 1456/1126/894 1443/1125/894
f 1442/1128/895 1455/1129/895 1457/1127/895 1444/1124/895
f 1443/1125/896 1456/1126/896 1459/1119/896 1446/1116/896
f 1435/1112/897 1436/1120/897 1450/1121/897 1437/1115/897
f 1449/1130/898 1448/1133/898 1461/1132/898 1462/1131/898
f 1441/1134/899 1440/1137/900 1453/1136/900 1454/1135/901
f 1447/1113/902 1460/1114/902 1461/1132/902 1448/1133/902
f 1438/1117/903 1451/1118/903 1453/1136/903 1440/1137/903
f 1442/1128/904 1449/1130/904 1462/1131/904 1455/1129/904
f 1439/1123/905 1441/1134/899 1454/1135/901 1452/1122/905
f 1455/1129/906 1469/1139/907 1471/1138/908 1457/1127/909
f 1456/1126/910 1470/1141/910 1473/1140/910 1459/1119/910
f 1437/1115/386 1450/1121/386 1464/1143/386 1463/1142/386
f 1462/1131/911 1461/1132/911 1475/1145/911 1476/1144/911
f 1454/1135/912 1453/1136/913 1467/1147/913 1468/1146/912
f 1460/1114/914 1474/1148/914 1475/1145/914 1461/1132/914
f 1451/1118/915 1465/1149/915 1467/1147/915 1453/1136/915
f 1455/1129/906 1462/1131/916 1476/1144/916 1469/1139/907
f 1452/1122/917 1454/1135/912 1468/1146/912 1466/1150/917
f 1437/1115/386 1463/1142/386 1474/1148/386 1460/1114/386
f 1459/1119/918 1473/1140/918 1472/1149/918 1458/1118/918
f 1450/1121/386 1452/1122/386 1466/1150/386 1464/1143/386
f 1457/1127/909 1471/1138/908 1470/1141/919 1456/1126/919
f 1467/1147/175 1472/1149/175 1473/1140/175
f 1477/1151/920 1491/1152/920 1492/1153/920 1478/1154/920
f 1477/1151/921 1486/1155/921 1500/1156/921 1491/1152/921
f 1478/1154/922 1492/1153/922 1493/1157/922 1479/1158/922
f 1486/1155/923 1487/1159/924 1501/1160/925 1500/1156/923
f 1479/1158/926 1493/1157/926 1494/1161/926 1480/1162/926
f 1487/1159/924 1489/1163/927 1503/1164/927 1501/1160/925
f 1480/1162/928 1494/1161/928 1495/1165/928 1481/1166/928
f 1489/1163/929 1490/1167/929 1504/1168/929 1503/1164/929
f 1482/1169/930 1483/1170/930 1497/1171/930 1496/1172/930
f 1490/1167/931 1488/1173/931 1502/1174/931 1504/1168/931
f 1483/1170/932 1484/1175/932 1498/1176/932 1497/1171/932
f 1484/1175/933 1485/1177/933 1499/1178/933 1498/1176/933
f 1485/1177/934 1481/1166/934 1495/1165/934 1499/1178/934
f 1491/1152/443 1500/1156/443 1514/1156/443 1505/1152/443
f 1492/1153/235 1506/1153/235 1507/1157/235 1493/1157/235
f 1500/1156/443 1501/1160/443 1515/1160/443 1514/1156/443
f 1493/1157/935 1507/1157/935 1508/1161/935 1494/1161/935
f 1501/1160/443 1503/1164/443 1517/1164/443 1515/1160/443
f 1494/1161/443 1508/1161/443 1509/1165/443 1495/1165/443
f 1503/1164/936 1504/1168/936 1518/1168/936 1517/1164/936
f 1496/1172/235 1497/1171/235 1511/1171/235 1510/1172/235
f 1504/1168/386 1502/1174/386 1516/1174/386 1518/1168/386
f 1497/1171/443 1498/1176/443 1512/1176/443 1511/1171/443
f 1498/1176/937 1499/1178/937 1513/1178/937 1512/1176/937
f 1499/1178/938 1495/1165/938 1509/1165/938 1513/1178/938
f 1491/1152/443 1505/1152/443 1506/1153/443 1492/1153/443
f 1510/1172/175 1511/1171/175 1512/1176/175
f 1519/1151/939 1520/1154/939 1532/1153/939 1531/1152/939
f 1519/1151/940 1531/1152/940 1539/1156/940 1527/1155/940
f 1520/1154/941 1521/1158/941 1533/1157/941 1532/1153/941
f 1527/1155/942 1539/1156/942 1540/1160/943 1528/1159/944
f 1521/1158/945 1522/1162/945 1534/1161/945 1533/1157/945
f 1528/1159/944 1540/1160/943 1541/1164/946 1529/1163/946
f 1522/1162/947 1523/1166/947 1535/1165/947 1534/1161/947
f 1529/1163/948 1541/1164/948 1542/1168/948 1530/1167/948
f 1482/1169/949 1496/1172/949 1536/1171/949 1524/1170/949
f 1530/1167/950 1542/1168/950 1502/1174/950 1488/1173/950
f 1524/1170/951 1536/1171/951 1537/1176/951 1525/1175/951
f 1525/1175/952 1537/1176/952 1538/1178/952 1526/1177/952
f 1526/1177/953 1538/1178/953 1535/1165/953 1523/1166/953
f 1531/1152/399 1543/1152/399 1551/1156/399 1539/1156/399
f 1532/1153/235 1533/1157/235 1545/1157/235 1544/1153/235
f 1539/1156/399 1551/1156/399 1552/1160/399 1540/1160/399
f 1533/1157/954 1534/1161/954 1546/1161/954 1545/1157/954
f 1540/1160/399 1552/1160/399 1553/1164/399 1541/1164/399
f 1534/1161/399 1535/1165/399 1547/1165/399 1546/1161/399
f 1541/1164/955 1553/1164/955 1554/1168/955 1542/1168/955
f 1496/1172/235 1510/1172/235 1548/1171/235 1536/1171/235
f 1542/1168/386 1554/1168/386 1516/1174/386 1502/1174/386
f 1536/1171/399 1548/1171/399 1549/1176/399 1537/1176/399
f 1537/1176/956 1549/1176/956 1550/1178/956 1538/1178/956
f 1538/1178/957 1550/1178/957 1547/1165/957 1535/1165/957
f 1531/1152/399 1532/1153/399 1544/1153/399 1543/1152/399
f 1546/1161/175 1549/1176/175 1510/1172/175
f 1558/1179/958 1556/1180/958 1559/1181/958
f 1556/1180/959 1558/1179/959 1561/1182/959 1560/1183/959
f 1557/1184/960 1558/1179/960 1559/1181/960 1555/1185/960
f 1560/1183/961 1561/1182/961 1562/1186/961 1563/1187/961
f 1561/1182/962 1558/1188/963 1564/1189/964 1565/1190/962
f 1562/1186/965 1561/1182/965 1565/1191/965 1566/1192/965
f 1566/1192/966 1565/1191/966 1567/1193/966 1568/1194/966
f 1569/1195/967 1564/1189/967 1570/1196/967 1571/1197/967
f 1564/1189/964 1558/1179/963 1557/1184/968 1570/1196/968
f 1575/1198/969 1576/1199/969 1573/1200/969
f 1573/1200/970 1577/1201/970 1578/1202/970 1575/1198/970
f 1574/1203/971 1572/1204/971 1576/1199/971 1575/1198/971
f 1577/1201/972 1580/1205/972 1579/1206/972 1578/1202/972
f 1578/1202/973 1582/1207/973 1581/1208/973 1575/1198/973
f 1579/1206/974 1583/1209/974 1582/1207/974 1578/1202/974
f 1583/1209/975 1585/1210/975 1584/1211/975 1582/1207/975
f 1586/1212/976 1588/1213/976 1587/1214/976 1581/1208/976
f 1581/1208/977 1587/1214/977 1574/1203/977 1575/1198/977
f 1595/1215/978 1590/1216/978 1592/1217/978
f 1596/1218/979 1597/1219/979 1599/1220/979 1598/1221/979
f 1591/1222/175 1593/1222/175 1589/1223/175
f 1591/1222/980 1592/1217/980 1594/1217/980 1593/1222/980
f 1589/1223/981 1595/1215/981 1592/1217/981 1591/1222/981
f 1592/1217/982 1590/1216/982 1597/1219/982 1596/1218/982
f 1592/1217/983 1596/1218/984 1601/1224/985 1600/1225/983
f 1592/1217/986 1600/1225/986 1606/1226/986 1591/1222/986
f 1596/1218/984 1598/1221/987 1602/1227/987 1601/1228/985
f 1600/1225/988 1605/1229/988 1608/1230/988 1606/1226/988
f 1601/1224/989 1602/1231/989 1604/1232/989 1603/1233/989
f 1593/1222/990 1591/1222/990 1606/1226/990 1607/1226/990
f 1607/1226/991 1606/1226/991 1608/1230/991
f 1615/1234/992 1612/1235/992 1610/1236/992
f 1616/1237/993 1618/1238/993 1619/1239/993 1617/1240/993
f 1611/1241/175 1609/1242/175 1613/1241/175
f 1611/1241/980 1613/1241/980 1614/1235/980 1612/1235/980
f 1609/1242/994 1611/1241/994 1612/1235/994 1615/1234/994
f 1612/1235/995 1616/1237/995 1617/1240/995 1610/1236/995
f 1612/1235/996 1620/1243/997 1621/1244/998 1616/1237/998
f 1612/1235/996 1611/1241/999 1626/1245/999 1620/1243/997
f 1616/1237/1000 1621/1244/1000 1622/1246/1000 1618/1247/1000
f 1620/1243/1001 1626/1245/1001 1628/1248/1001 1625/1249/1001
f 1621/1244/1002 1623/1250/1002 1624/1251/1002 1622/1246/1002
f 1613/1241/990 1627/1245/990 1626/1245/990 1611/1241/990
f 1627/1245/991 1628/1248/991 1626/1245/991
f 1631/1252/231 1630/1253/231 1629/1254/231
f 1633/1255/1003 1629/1254/1003 1630/1253/1003 1632/1256/1003
f 1633/1255/175 1632/1256/175 1634/1257/175
f 1637/1258/231 1635/1259/231 1636/1260/231
f 1639/1261/1003 1638/1262/1003 1636/1260/1003 1635/1259/1003
f 1639/1261/175 1640/1263/175 1638/1262/175
f 1641/1264/1004 1642/1265/1004 1645/1266/1004 1644/1267/1004
f 1644/1267/1004 1645/1266/1004 1646/1268/1004
f 1643/1269/1004 1642/1265/1004 1641/1264/1004
f 1647/1264/1004 1650/1267/1004 1651/1266/1004 1648/1265/1004
f 1650/1267/1004 1652/1268/1004 1651/1266/1004
f 1649/1269/1004 1647/1264/1004 1648/1265/1004
f 1661/1270/1005 1654/1271/1005 1670/1272/1005 1665/1273/1006
f 1662/1274/1007 1656/1275/1007 1660/1276/1007 1663/1277/1007
f 1663/1277/1008 1660/1276/1009 1669/1278/1009 1668/1279/1010
f 1664/1280/1011 1658/1281/1011 1654/1271/1011 1661/1270/1011
f 1655/1282/1012 1659/1283/1012 1667/1284/1012 1666/1285/1012
f 1660/1276/1013 1656/1275/1013 1670/1272/1013 1669/1278/1013
f 1657/1286/1014 1664/1287/1014 1661/1288/1014 1653/1289/1014
f 1659/1283/1008 1663/1277/1008 1668/1279/1010 1667/1284/1008
f 1655/1282/1015 1662/1274/1015 1663/1277/1015 1659/1283/1015
f 1653/1289/1006 1661/1288/1005 1665/1290/1006 1666/1291/1016
f 1668/1279/1010 1669/1278/1009 1658/1281/1009 1664/1280/1009
f 1667/1292/1008 1668/1293/1010 1664/1287/1009 1657/1286/1010
f 1666/1291/1017 1667/1292/1017 1657/1286/1017 1653/1289/1017
f 1666/1285/1016 1665/1273/1006 1662/1274/1016 1655/1282/1016
f 1665/1273/1006 1670/1272/1005 1656/1275/1005 1662/1274/1016
f 1669/1278/1013 1670/1272/1013 1654/1271/1013 1658/1281/1013
f 1679/1270/1018 1683/1273/1019 1688/1272/1018 1672/1271/1018
f 1680/1274/1020 1681/1277/1020 1678/1276/1020 1674/1275/1020
f 1681/1277/1021 1686/1279/1022 1687/1278/1023 1678/1276/1023
f 1682/1280/1024 1679/1270/1024 1672/1271/1024 1676/1281/1024
f 1673/1282/1025 1684/1285/1025 1685/1284/1025 1677/1283/1025
f 1678/1276/1026 1687/1278/1026 1688/1272/1026 1674/1275/1026
f 1675/1286/1027 1671/1289/1027 1679/1288/1027 1682/1287/1027
f 1677/1283/1021 1685/1284/1021 1686/1279/1022 1681/1277/1021
f 1673/1282/1028 1677/1283/1028 1681/1277/1028 1680/1274/1028
f 1671/1289/1019 1684/1291/1029 1683/1290/1019 1679/1288/1018
f 1686/1279/1022 1682/1280/1023 1676/1281/1023 1687/1278/1023
f 1685/1292/1021 1675/1286/1022 1682/1287/1023 1686/1293/1022
f 1684/1291/1030 1671/1289/1030 1675/1286/1030 1685/1292/1030
f 1684/1285/1029 1673/1282/1029 1680/1274/1029 1683/1273/1019
f 1683/1273/1019 1680/1274/1029 1674/1275/1018 1688/1272/1018
f 1687/1278/1026 1676/1281/1026 1672/1271/1026 1688/1272/1026
f 1701/1294/1031 1706/1295/1031 1707/1296/1031 1702/1297/1031
f 1697/1298/1032 1702/1297/1032 1703/1299/1032 1698/1300/1032
f 1690/1301/1033 1692/1302/1033 1700/1303/1033 1695/1304/1033
f 1698/1300/1034 1703/1299/1034 1704/1305/1034 1699/1306/1034
f 1695/1304/1035 1700/1303/1035 1701/1294/1035 1696/1307/1035
f 1699/1306/1036 1704/1305/1036 1691/1308/1036 1689/1309/1036
f 1696/1307/1037 1701/1294/1037 1702/1297/1037 1697/1298/1037
f 1702/1297/1038 1707/1296/1038 1708/1310/1038 1703/1299/1038
f 1692/1302/1039 1694/1311/1039 1705/1312/1039 1700/1303/1039
f 1703/1299/1040 1708/1310/1040 1709/1313/1040 1704/1305/1040
f 1700/1303/1041 1705/1312/1041 1706/1295/1041 1701/1294/1041
f 1704/1305/1042 1709/1313/1042 1693/1314/1042 1691/1308/1042
f 1720/1294/1043 1721/1297/1043 1728/1296/1043 1727/1295/1043
f 1714/1298/1044 1715/1300/1044 1722/1299/1044 1721/1297/1044
f 1711/1301/1045 1712/1304/1045 1719/1303/1045 1718/1302/1045
f 1715/1300/1046 1716/1306/1046 1723/1305/1046 1722/1299/1046
f 1712/1304/1047 1713/1307/1047 1720/1294/1047 1719/1303/1047
f 1716/1306/1048 1710/1309/1048 1717/1308/1048 1723/1305/1048
f 1713/1307/1049 1714/1298/1049 1721/1297/1049 1720/1294/1049
f 1721/1297/1050 1722/1299/1050 1729/1310/1050 1728/1296/1050
f 1718/1302/1051 1719/1303/1051 1726/1312/1051 1725/1311/1051
f 1722/1299/1052 1723/1305/1052 1730/1313/1052 1729/1310/1052
f 1719/1303/1053 1720/1294/1053 1727/1295/1053 1726/1312/1053
f 1723/1305/1054 1717/1308/1054 1724/1314/1054 1730/1313/1054
f 1729/1310/1055 1724/1314/1056 1708/1310/1055
f 96/76/1057 108/77/68 151/83/70
f 108/77/68 118/79/1058 150/82/69
f 118/79/1058 148/1315/1059 149/1316/1060
f 118/79/1058 149/1316/1060 150/82/69
f 151/83/1061 102/1317/1061 96/76/1061
f 126/91/1062 99/103/1062 145/1318/1062
f 99/103/1062 101/1319/1062 145/1318/1062
f 145/1318/1063 146/1320/1063 147/1321/1063
f 140/1322/1064 148/1315/1059 118/79/1058
f 143/1323/1065 142/1324/1065 141/95/1065
f 141/95/1066 140/1322/1066 118/79/1066
f 126/91/1067 145/1318/1067 147/1321/1067
f 144/1325/1068 143/1323/1068 141/95/1068
f 126/91/1069 147/1321/1069 141/95/1069
f 147/1321/1070 144/1325/1070 141/95/1070
f 258/200/165 259/203/165 266/202/165
f 266/202/165 271/174/165 258/200/165
f 275/210/174 262/163/174 272/178/174
f 272/178/174 273/206/174 275/210/174
f 273/206/174 265/208/174 276/209/174
f 353/278/220 346/280/220 345/277/220
f 345/277/220 354/253/220 358/254/220
f 359/258/228 349/245/228 362/285/228
f 363/286/228 352/284/228 360/282/228
f 359/258/228 362/285/228 360/282/228
f 381/304/235 371/300/235 374/300/235
f 374/300/235 375/300/235 379/1326/235
f 378/301/235 372/299/235 373/299/235
f 374/300/235 379/1326/235 378/301/235
f 370/299/235 381/304/235 373/299/235
f 381/304/235 374/300/235 373/299/235
f 392/300/235 389/300/235 399/304/235
f 399/304/235 388/299/235 391/299/235
f 391/299/235 390/299/235 396/301/235
f 397/1326/235 393/300/235 392/300/235
f 391/299/235 396/301/235 392/300/235
f 396/301/235 397/1326/235 392/300/235
f 602/493/386 606/496/386 607/491/386
f 607/491/386 608/490/386 602/493/386
f 608/490/386 605/490/386 602/493/386
f 605/490/386 604/497/386 602/493/386
f 679/555/386 678/560/386 675/559/386
f 675/559/386 676/558/1071 677/562/386
f 677/562/386 605/490/386 675/559/386
f 605/490/386 608/490/386 675/559/386
f 723/589/460 711/588/1072 759/1327/1073
f 711/588/1072 710/587/1074 760/1328/1075
f 759/1327/1073 711/588/1072 760/1328/1075
f 710/587/1074 758/1329/1076 760/1328/1075
f 759/1327/1073 757/593/458 723/589/460
f 723/589/460 756/594/459 747/1330/1077
f 748/606/1078 749/1331/1078 750/1332/1078
f 723/589/1079 747/1330/1079 748/606/1079
f 752/1333/1080 731/613/1080 753/1334/1080
f 731/613/1080 732/601/1080 753/1334/1080
f 755/607/1081 754/1335/1081 753/1334/1081
f 732/601/1082 723/589/1082 748/606/1082
f 748/606/1083 750/1332/1083 751/1336/1083
f 755/607/1084 753/1334/1084 732/601/1084
f 748/606/1085 751/1336/1085 755/607/1085
f 871/727/386 872/1337/386 873/727/386
f 873/727/386 874/1338/386 875/1339/386
f 875/1339/386 880/1340/386 883/1341/386
f 880/1340/386 881/726/386 883/1341/386
f 881/726/386 882/1342/386 883/1341/386
f 883/1341/386 884/1343/386 885/725/386
f 885/725/386 886/1344/386 887/725/386
f 887/725/386 888/1343/386 889/1341/386
f 889/1341/386 870/1342/386 887/725/386
f 870/1342/386 876/726/386 887/725/386
f 876/726/386 877/1340/386 871/727/386
f 877/1340/386 878/1339/386 871/727/386
f 878/1339/386 879/1338/386 871/727/386
f 871/727/386 873/727/386 883/1341/386
f 873/727/386 875/1339/386 883/1341/386
f 883/1341/386 885/725/386 887/725/386
f 883/1341/386 887/725/386 871/727/386
f 953/727/386 952/1337/386 951/727/386
f 951/727/386 959/1338/386 958/1339/386
f 958/1339/386 957/1340/386 969/1341/386
f 957/1340/386 956/726/386 969/1341/386
f 956/726/386 950/1342/386 969/1341/386
f 969/1341/386 968/1343/386 967/725/386
f 967/725/386 966/1344/386 965/725/386
f 965/725/386 964/1343/386 963/1341/386
f 963/1341/386 962/1342/386 965/725/386
f 962/1342/386 961/726/386 965/725/386
f 961/726/386 960/1340/386 953/727/386
f 960/1340/386 955/1339/386 953/727/386
f 955/1339/386 954/1338/386 953/727/386
f 953/727/386 951/727/386 969/1341/386
f 951/727/386 958/1339/386 969/1341/386
f 969/1341/386 967/725/386 965/725/386
f 969/1341/386 965/725/386 953/727/386
f 1296/1038/785 1288/1036/784 1309/1042/786
f 1288/1036/784 1287/1037/784 1309/1042/786
f 1318/1054/807 1319/1055/807 1340/1061/805
f 1319/1055/807 1327/1057/806 1340/1061/805
f 1421/1142/175 1432/1148/175 1433/1145/175
f 1433/1145/175 1434/1144/175 1426/1146/175
f 1434/1144/175 1427/1139/175 1426/1146/175
f 1427/1139/175 1429/1138/175 1426/1146/175
f 1429/1138/175 1428/1141/175 1425/1147/175
f 1429/1138/175 1425/1147/175 1426/1146/175
f 1428/1141/175 1431/1140/175 1425/1147/175
f 1421/1142/175 1433/1145/175 1422/1143/175
f 1426/1146/175 1424/1150/175 1422/1143/175
f 1433/1145/175 1426/1146/175 1422/1143/175
s 0
f 1430/1149/1086 1423/1149/1086 1425/1147/1086
s 1
f 1464/1143/175 1466/1150/175 1468/1146/175
f 1464/1143/175 1468/1146/175 1475/1145/175
f 1468/1146/175 1467/1147/175 1471/1138/175
f 1464/1143/175 1475/1145/175 1463/1142/175
f 1475/1145/175 1474/1148/175 1463/1142/175
f 1475/1145/175 1468/1146/175 1476/1144/175
f 1469/1139/175 1468/1146/175 1471/1138/175
f 1469/1139/175 1476/1144/175 1468/1146/175
f 1470/1141/175 1471/1138/175 1467/1147/175
f 1473/1140/175 1470/1141/175 1467/1147/175
s 0
f 1467/1147/1086 1465/1149/1086 1472/1149/1086
s 1
f 1507/1157/175 1506/1153/175 1505/1152/175
f 1514/1156/175 1515/1160/175 1516/1174/175
f 1515/1160/175 1517/1164/175 1518/1168/175
f 1507/1157/175 1505/1152/175 1516/1174/175
f 1505/1152/175 1514/1156/175 1516/1174/175
f 1513/1178/175 1509/1165/175 1512/1176/175
f 1509/1165/175 1508/1161/175 1512/1176/175
f 1508/1161/175 1507/1157/175 1516/1174/175
f 1515/1160/175 1518/1168/175 1516/1174/175
f 1516/1174/175 1510/1172/175 1508/1161/175
f 1508/1161/175 1510/1172/175 1512/1176/175
f 1543/1152/175 1544/1153/175 1545/1157/175
f 1546/1161/175 1547/1165/175 1549/1176/175
f 1547/1165/175 1550/1178/175 1549/1176/175
f 1543/1152/175 1545/1157/175 1516/1174/175
f 1545/1157/175 1546/1161/175 1516/1174/175
f 1553/1164/175 1552/1160/175 1554/1168/175
f 1552/1160/175 1551/1156/175 1516/1174/175
f 1554/1168/175 1552/1160/175 1516/1174/175
f 1551/1156/175 1543/1152/175 1516/1174/175
f 1549/1176/175 1548/1171/175 1510/1172/175
f 1510/1172/175 1516/1174/175 1546/1161/175
f 1706/1295/1087 1705/1312/1087 1727/1295/1087
f 1705/1312/1087 1725/1311/1088 1727/1295/1087
f 1725/1311/1089 1726/1312/1089 1727/1295/1089
f 1727/1295/1087 1728/1296/1056 1706/1295/1087
f 1728/1296/1056 1729/1310/1055 1707/1296/1056
f 1706/1295/1087 1728/1296/1056 1707/1296/1056
f 1729/1310/1055 1730/1313/1090 1724/1314/1056
f 1724/1314/1056 1709/1313/1090 1708/1310/1055
f 1708/1310/1055 1707/1296/1056 1729/1310/1055
f 1735/1345/1091 1740/1346/1091 1736/1347/1091 1731/1348/1091
f 1733/1349/1092 1738/1350/1092 1739/1351/1092 1734/1352/1092
f 1734/1352/1093 1739/1351/1093 1740/1346/1093 1735/1345/1093
f 1732/1353/1094 1737/1354/1094 1738/1350/1094 1733/1349/1094
f 1731/1348/1095 1741/1355/1095 1745/1356/1095 1735/1345/1095
f 1734/1352/1096 1744/1357/1096 1743/1358/1096 1733/1349/1096
f 1735/1345/1097 1745/1356/1097 1744/1357/1097 1734/1352/1097
f 1733/1349/1098 1743/1358/1098 1742/1359/1098 1732/1353/1098
f 1752/1360/1099 1750/1361/1099 1749/1362/1099 1751/1363/1099
f 1754/1364/1100 1748/1365/1100 1747/1366/1100 1753/1367/1100
f 1755/1368/1101 1746/1369/1101 1750/1361/1101 1752/1360/1101
f 1751/1363/1102 1749/1362/1102 1748/1365/1102 1754/1364/1102
f 1744/1357/1103 1751/1363/1103 1754/1364/1103 1743/1358/1103
f 1741/1355/1104 1755/1368/1104 1752/1360/1104 1745/1356/1104
f 1743/1358/1105 1754/1364/1105 1753/1367/1105 1742/1359/1105
f 1745/1356/1106 1752/1360/1106 1751/1363/1106 1744/1357/1106
f 1748/1365/235 1749/1362/235 1750/1361/235
f 1759/1370/1096 1758/1371/1096 1768/1372/1096 1769/1373/1096
f 1758/1371/1092 1759/1370/1092 1764/1374/1092 1763/1375/1092
f 1756/1376/1091 1757/1377/1091 1762/1378/1091 1761/1379/1091
f 1759/1370/1094 1760/1380/1094 1765/1381/1094 1764/1374/1094
f 1757/1377/1093 1758/1371/1093 1763/1375/1093 1762/1378/1093
f 1777/1382/1099 1776/1383/1099 1772/1384/1099 1773/1385/1099
f 1757/1377/1095 1756/1376/1095 1766/1386/1095 1767/1387/1095
f 1760/1380/1098 1759/1370/1098 1769/1373/1098 1770/1388/1098
f 1758/1371/1097 1757/1377/1097 1767/1387/1097 1768/1372/1097
f 1771/1389/235 1775/1390/235 1774/1391/235
f 1779/1392/1102 1777/1382/1102 1773/1385/1102 1774/1391/1102
f 1776/1383/1101 1780/1393/1101 1771/1389/1101 1772/1384/1101
f 1778/1394/1100 1779/1392/1100 1774/1391/1100 1775/1390/1100
f 1770/1388/1105 1769/1373/1105 1779/1392/1105 1778/1394/1105
f 1767/1387/1104 1766/1386/1104 1780/1393/1104 1776/1383/1104
f 1769/1373/1103 1768/1372/1103 1777/1382/1103 1779/1392/1103
f 1768/1372/1106 1767/1387/1106 1776/1383/1106 1777/1382/1106
f 1785/1395/1107 1781/1396/1107 1786/1397/1107 1790/1398/1107
f 1783/1399/1108 1784/1400/1108 1789/1401/1108 1788/1402/1108
f 1784/1400/1109 1785/1395/1109 1790/1398/1109 1789/1401/1109
f 1782/1403/1110 1783/1399/1110 1788/1402/1110 1787/1404/1110
f 1781/1396/1111 1785/1395/1111 1795/1405/1111 1791/1406/1111
f 1784/1400/1112 1783/1399/1112 1793/1407/1112 1794/1408/1112
f 1785/1395/1113 1784/1400/1113 1794/1408/1113 1795/1405/1113
f 1783/1399/1114 1782/1403/1114 1792/1409/1114 1793/1407/1114
f 1802/1410/1115 1801/1411/1115 1799/1412/1115 1800/1413/1115
f 1804/1414/1116 1803/1415/1116 1797/1416/1116 1798/1417/1116
f 1805/1418/1117 1802/1410/1117 1800/1413/1117 1796/1419/1117
f 1801/1411/1118 1804/1414/1118 1798/1417/1118 1799/1412/1118
f 1794/1408/1119 1793/1407/1119 1804/1414/1119 1801/1411/1119
f 1791/1406/1120 1795/1405/1120 1802/1410/1120 1805/1418/1120
f 1793/1407/1121 1792/1409/1121 1803/1415/1121 1804/1414/1121
f 1795/1405/1122 1794/1408/1122 1801/1411/1122 1802/1410/1122
f 1800/1413/235 1798/1417/235 1797/1416/235
f 1809/1420/1112 1819/1421/1112 1818/1422/1112 1808/1423/1112
f 1808/1423/1108 1813/1424/1108 1814/1425/1108 1809/1420/1108
f 1806/1426/1107 1811/1427/1107 1812/1428/1107 1807/1429/1107
f 1809/1420/1110 1814/1425/1110 1815/1430/1110 1810/1431/1110
f 1807/1429/1109 1812/1428/1109 1813/1424/1109 1808/1423/1109
f 1827/1432/1115 1823/1433/1115 1822/1434/1115 1826/1435/1115
f 1807/1429/1111 1817/1436/1111 1816/1437/1111 1806/1426/1111
f 1810/1431/1114 1820/1438/1114 1819/1421/1114 1809/1420/1114
f 1808/1423/1113 1818/1422/1113 1817/1436/1113 1807/1429/1113
f 1824/1439/235 1825/1440/235 1821/1441/235
f 1829/1442/1118 1824/1439/1118 1823/1433/1118 1827/1432/1118
f 1826/1435/1117 1822/1434/1117 1821/1441/1117 1830/1443/1117
f 1828/1444/1116 1825/1440/1116 1824/1439/1116 1829/1442/1116
f 1820/1438/1121 1828/1444/1121 1829/1442/1121 1819/1421/1121
f 1817/1436/1120 1826/1435/1120 1830/1443/1120 1816/1437/1120
f 1819/1421/1119 1829/1442/1119 1827/1432/1119 1818/1422/1119
f 1818/1422/1122 1827/1432/1122 1826/1435/1122 1817/1436/1122
f 1750/1361/235 1746/1369/235 1747/1366/235
f 1747/1366/235 1748/1365/235 1750/1361/235
f 1773/1385/235 1772/1384/235 1774/1391/235
f 1772/1384/235 1771/1389/235 1774/1391/235
f 1797/1416/235 1796/1419/235 1800/1413/235
f 1800/1413/235 1799/1412/235 1798/1417/235
f 1821/1441/1123 1822/1434/1124 1823/1433/235
f 1823/1433/235 1824/1439/235 1821/1441/1123
o canopy
v 0.379332 0.971516 2.188840
v 0.394561 1.041224 1.381007
v 0.349197 1.040591 2.212044
v 0.340118 1.112320 1.359041
v 0.063633 1.285807 2.304193
v 0.000000 1.285807 2.304193
v 0.328866 1.122330 2.242761
v 0.243773 1.236122 2.285522
v 0.163243 1.273684 2.299638
v 0.349812 1.043974 2.175027
v 0.051745 1.296610 2.269297
v 0.000000 1.296610 2.269297
v 0.327993 1.127832 2.205744
v 0.242900 1.246925 2.250626
v 0.162370 1.284487 2.264741
v 0.339804 1.082444 2.189118
v 0.000000 1.403600 1.268785
v 0.392704 1.022933 1.597707
v 0.343237 1.097075 1.594839
v 0.331509 1.131400 1.592140
v 0.000000 1.403600 1.592140
v 0.061836 1.403600 1.268785
v 0.051745 1.403600 1.592140
v 0.161649 1.386606 1.592140
v 0.160232 1.386606 1.274078
v 0.251052 1.329775 1.592140
v 0.249887 1.329775 1.291780
v 0.326461 1.194361 1.592140
v 0.329805 1.194361 1.333958
v 0.051745 1.360255 2.043578
v 0.051745 1.395919 1.817859
v 0.000000 1.360255 2.043578
v 0.000000 1.395919 1.817859
v 0.000000 1.285807 2.304193
v 0.000000 1.296610 2.269297
v 0.000000 1.403600 1.268785
v 0.000000 1.403600 1.592140
v 0.000000 1.360255 2.043578
v 0.000000 1.395919 1.817859
v -0.379332 0.971516 2.188840
v -0.394561 1.041224 1.381007
v -0.349197 1.040591 2.212044
v -0.340118 1.112320 1.359041
v -0.063633 1.285807 2.304193
v -0.328866 1.122330 2.242761
v -0.243773 1.236122 2.285522
v -0.163243 1.273684 2.299638
v -0.349812 1.043974 2.175027
v -0.051745 1.296610 2.269297
v -0.327993 1.127832 2.205744
v -0.242900 1.246925 2.250626
v -0.162370 1.284487 2.264741
v -0.339804 1.082444 2.189118
v -0.392704 1.022933 1.597707
v -0.343237 1.097075 1.594839
v -0.331509 1.131400 1.592140
v -0.061836 1.403600 1.268785
v -0.051745 1.403600 1.592140
v -0.161649 1.386606 1.592140
v -0.160232 1.386606 1.274078
v -0.251052 1.329775 1.592140
v -0.249887 1.329775 1.291780
v -0.326461 1.194361 1.592140
v -0.329805 1.194361 1.333958
v -0.051745 1.360255 2.043578
v -0.051745 1.395919 1.817859
v 0.379332 0.971516 2.188840
v 0.394561 1.041224 1.381007
v 0.349197 1.040591 2.212044
v 0.340118 1.112320 1.359041
v 0.063633 1.285807 2.304193
v 0.000000 1.285807 2.304193
v 0.328866 1.122330 2.242761
v 0.243773 1.236122 2.285522
v 0.163243 1.273684 2.299638
v 0.051745 1.296610 2.269297
v 0.000000 1.296610 2.269297
v 0.327993 1.127832 2.205744
v 0.242900 1.246925 2.250626
v 0.162370 1.284487 2.264741
v 0.339804 1.082444 2.189118
v 0.000000 1.403600 1.268785
v 0.392704 1.022933 1.597707
v 0.331509 1.131400 1.592140
v 0.000000 1.403600 1.592140
v 0.061836 1.403600 1.268785
v 0.051745 1.403600 1.592140
v 0.161649 1.386606 1.592140
v 0.160232 1.386606 1.274078
v 0.251052 1.329775 1.592140
v 0.249887 1.329775 1.291780
v 0.326461 1.194361 1.592140
v 0.329805 1.194361 1.333958
v 0.051745 1.360255 2.043578
v 0.051745 1.395919 1.817859
v 0.000000 1.360255 2.043578
v 0.000000 1.395919 1.817859
v 0.000000 1.285807 2.304193
v 0.000000 1.296610 2.269297
v 0.000000 1.403600 1.268785
v 0.000000 1.403600 1.592140
v 0.000000 1.360255 2.043578
v 0.000000 1.395919 1.817859
v -0.379332 0.971516 2.188840
v -0.394561 1.041224 1.381007
v -0.349197 1.040591 2.212044
v -0.340118 1.112320 1.359041
v -0.063633 1.285807 2.304193
v -0.328866 1.122330 2.242761
v -0.243773 1.236122 2.285522
v -0.163243 1.273684 2.299638
v -0.051745 1.296610 2.269297
v -0.327993 1.127832 2.205744
v -0.242900 1.246925 2.250626
v -0.162370 1.284487 2.264741
v -0.339804 1.082444 2.189118
v -0.392704 1.022933 1.597707
v -0.331509 1.131400 1.592140
v -0.061836 1.403600 1.268785
v -0.051745 1.403600 1.592140
v -0.161649 1.386606 1.592140
v -0.160232 1.386606 1.274078
v -0.251052 1.329775 1.592140
v -0.249887 1.329775 1.291780
v -0.326461 1.194361 1.592140
v -0.329805 1.194361 1.333958
v -0.051745 1.360255 2.043578
v -0.051745 1.395919 1.817859
v 0.352641 0.957897 2.187385
v 0.370283 1.023642 1.379772
v 0.320615 1.031553 2.210875
v 0.311691 1.102775 1.358180
v 0.061440 1.257115 2.295712
v 0.000000 1.257149 2.295322
v 0.301787 1.109591 2.240650
v 0.224219 1.214079 2.279889
v 0.154597 1.246102 2.291608
v 0.321778 1.033347 2.173940
v 0.050764 1.267844 2.260837
v 0.000000 1.267841 2.260790
v 0.300392 1.116216 2.203932
v 0.223194 1.225001 2.245051
v 0.153760 1.256894 2.256709
v 0.310776 1.074897 2.188463
v 0.000000 1.373600 1.268785
v 0.367296 1.007038 1.596365
v 0.316053 1.084412 1.594010
v 0.302359 1.124321 1.591723
v 0.000000 1.373605 1.591630
v 0.059407 1.373698 1.268753
v 0.050162 1.373644 1.591777
v 0.150961 1.358575 1.592141
v 0.149989 1.358410 1.274075
v 0.229363 1.309049 1.592122
v 0.228945 1.308293 1.291775
v 0.297944 1.185051 1.591783
v 0.301646 1.184018 1.333646
v 0.051745 1.330951 2.037155
v 0.051745 1.366055 1.815002
v 0.000000 1.330951 2.037155
v 0.000000 1.366055 1.815002
v 0.000000 1.257149 2.295322
v 0.000000 1.267841 2.260790
v 0.000000 1.373600 1.268785
v 0.000000 1.373605 1.591630
v 0.000000 1.330951 2.037155
v 0.000000 1.366055 1.815002
v -0.352641 0.957897 2.187385
v -0.370283 1.023642 1.379772
v -0.320615 1.031553 2.210875
v -0.311691 1.102775 1.358180
v -0.061440 1.257115 2.295712
v -0.301787 1.109591 2.240650
v -0.224219 1.214079 2.279889
v -0.154597 1.246102 2.291608
v -0.321778 1.033347 2.173940
v -0.050764 1.267844 2.260837
v -0.300392 1.116216 2.203932
v -0.223194 1.225001 2.245051
v -0.153760 1.256894 2.256709
v -0.310776 1.074897 2.188463
v -0.367296 1.007038 1.596365
v -0.316053 1.084412 1.594010
v -0.302359 1.124321 1.591723
v -0.059407 1.373698 1.268753
v -0.050162 1.373644 1.591777
v -0.150961 1.358575 1.592141
v -0.149989 1.358410 1.274075
v -0.229363 1.309049 1.592122
v -0.228945 1.308293 1.291775
v -0.297944 1.185051 1.591783
v -0.301646 1.184018 1.333646
v -0.051745 1.330951 2.037155
v -0.051745 1.366055 1.815002
vn 0.9215 0.3851 0.0505
vn 0.8093 0.5860 0.0412
vn 0.4451 0.8585 0.2546
vn 0.8215 0.5601 0.1070
vn 0.1219 0.9542 0.2731
vn -0.0000 0.9553 0.2957
vn 0.9711 0.2376 0.0214
vn 0.9704 0.2386 0.0379
vn 0.9587 0.2843 0.0125
vn 0.9461 0.3239 0.0084
vn 0.8771 0.4780 0.0477
vn -0.0000 1.0000 -0.0000
vn 0.1610 0.9870 0.0022
vn 0.5361 0.8442 -0.0022
vn 0.8672 0.4979 0.0034
vn 0.9939 0.1087 0.0200
vn -0.0000 0.9994 0.0340
vn -0.0000 0.9625 0.2714
vn -0.0000 0.9877 0.1561
vn -0.9215 0.3851 0.0505
vn -0.8093 0.5860 0.0412
vn -0.4451 0.8585 0.2546
vn -0.8215 0.5601 0.1070
vn -0.1219 0.9542 0.2731
vn -0.9711 0.2376 0.0214
vn -0.9704 0.2386 0.0379
vn -0.9587 0.2843 0.0125
vn -0.9461 0.3239 0.0084
vn -0.8771 0.4780 0.0477
vn -0.1610 0.9870 0.0022
vn -0.5361 0.8442 -0.0022
vn -0.8672 0.4979 0.0034
vn -0.9939 0.1087 0.0200
vn -0.9215 -0.3855 -0.0477
vn -0.8148 -0.5783 -0.0422
vn -0.4389 -0.8612 -0.2564
vn -0.8236 -0.5567 -0.1087
vn -0.1184 -0.9542 -0.2748
vn 0.0009 -0.9555 -0.2950
vn -0.9723 -0.2333 -0.0124
vn -0.9694 -0.2419 -0.0423
vn -0.9575 -0.2883 -0.0131
vn -0.9457 -0.3249 -0.0078
vn -0.8779 -0.4765 -0.0475
vn 0.0013 -1.0000 -0.0001
vn -0.1566 -0.9877 -0.0019
vn -0.5352 -0.8447 0.0025
vn -0.8689 -0.4950 -0.0035
vn -0.9942 -0.1050 -0.0215
vn 0.0004 -0.9994 -0.0339
vn 0.0002 -0.9624 -0.2716
vn -0.0000 -0.9877 -0.1561
vn 0.9215 -0.3855 -0.0477
vn 0.8148 -0.5783 -0.0422
vn 0.4389 -0.8612 -0.2564
vn 0.8236 -0.5567 -0.1087
vn 0.1184 -0.9542 -0.2748
vn -0.0009 -0.9555 -0.2950
vn 0.9723 -0.2333 -0.0124
vn 0.9694 -0.2419 -0.0423
vn 0.9574 -0.2883 -0.0131
vn 0.9457 -0.3249 -0.0078
vn 0.8779 -0.4765 -0.0475
vn -0.0013 -1.0000 -0.0001
vn 0.1566 -0.9877 -0.0019
vn 0.5352 -0.8447 0.0025
vn 0.8689 -0.4950 -0.0035
vn 0.9942 -0.1050 -0.0215
vn -0.0004 -0.9994 -0.0339
vn -0.0002 -0.9624 -0.2716
vn 0.5599 -0.8264 -0.0603
vn 0.0703 -0.2824 0.9567
vn 0.1327 -0.1826 -0.9742
vn 0.0031 -0.2863 0.9581
vn -0.0031 -0.2895 0.9572
vn 0.0030 -0.2863 0.9581
vn 0.0091 -0.2831 0.9590
vn 0.0764 -0.3366 0.9385
vn 0.0697 -0.3049 0.9498
vn 0.0337 -0.2831 0.9585
vn -0.0085 0.2822 -0.9593
vn -0.0702 0.3080 -0.9488
vn -0.0338 0.2827 -0.9586
vn -1.0000 -0.0000 -0.0000
vn -0.0708 0.3303 -0.9412
vn -0.0003 0.0005 -1.0000
vn -0.2444 0.9661 0.0830
vn 0.4945 -0.8670 -0.0620
vn -0.0130 -0.0015 0.9999
vn -0.0089 -0.0028 1.0000
vn -0.0091 -0.0028 1.0000
vn 0.0542 -0.0112 -0.9985
vn -0.0013 -0.0030 1.0000
vn -0.0026 -0.0057 1.0000
vn 0.1479 -0.0927 -0.9846
vn -0.0025 -0.0022 1.0000
vn -0.0026 -0.0022 1.0000
vn 0.1508 -0.2231 -0.9631
vn 0.1166 -0.2754 -0.9542
vn 0.9996 -0.0262 -0.0044
vn 0.9999 -0.0163 -0.0024
vn 1.0000 -0.0000 -0.0000
vn -0.5599 -0.8264 -0.0603
vn -0.0703 -0.2824 0.9567
vn -0.1327 -0.1826 -0.9742
vn 0.0031 -0.2895 0.9572
vn -0.0031 -0.2863 0.9581
vn -0.0030 -0.2863 0.9581
vn -0.0091 -0.2831 0.9590
vn -0.0764 -0.3366 0.9385
vn -0.0697 -0.3049 0.9498
vn -0.0337 -0.2831 0.9585
vn 0.0085 0.2822 -0.9593
vn 0.0702 0.3080 -0.9488
vn 0.0338 0.2827 -0.9586
vn 0.0708 0.3303 -0.9412
vn 0.0003 0.0005 -1.0000
vn 0.2444 0.9661 0.0830
vn -0.4945 -0.8670 -0.0620
vn 0.0089 -0.0028 1.0000
vn 0.0130 -0.0015 0.9999
vn 0.0091 -0.0028 1.0000
vn -0.0542 -0.0112 -0.9985
vn 0.0026 -0.0057 1.0000
vn 0.0013 -0.0030 1.0000
vn -0.1479 -0.0927 -0.9846
vn 0.0025 -0.0022 1.0000
vn 0.0026 -0.0022 1.0000
vn -0.1508 -0.2231 -0.9631
vn -0.1166 -0.2754 -0.9542
vn -0.9996 -0.0262 -0.0044
vn -0.9999 -0.0163 -0.0024
vt 0.217778 0.749838
vt 0.218311 0.752635
vt 0.216882 0.752504
vt 0.240712 0.754685
vt 0.240601 0.751823
vt 0.248968 0.752529
vt 0.249816 0.755274
vt 0.213500 0.761504
vt 0.214045 0.760054
vt 0.215393 0.760471
vt 0.214848 0.761921
vt 0.215696 0.755660
vt 0.217125 0.755873
vt 0.213324 0.761972
vt 0.214672 0.762389
vt 0.217767 0.754120
vt 0.240816 0.756010
vt 0.240816 0.766520
vt 0.253301 0.766520
vt 0.240816 0.765864
vt 0.253096 0.765864
vt 0.240816 0.763670
vt 0.252413 0.763670
vt 0.240816 0.758441
vt 0.250784 0.758441
vt 0.232101 0.766223
vt 0.223387 0.764846
vt 0.143958 0.659073
vt 0.144854 0.661739
vt 0.143425 0.661870
vt 0.121024 0.663920
vt 0.111920 0.664509
vt 0.112768 0.661764
vt 0.121135 0.661058
vt 0.148236 0.670739
vt 0.146888 0.671156
vt 0.146343 0.669706
vt 0.147691 0.669289
vt 0.144611 0.665108
vt 0.146040 0.664895
vt 0.148412 0.671207
vt 0.147064 0.671624
vt 0.143969 0.663355
vt 0.120920 0.665246
vt 0.120920 0.675755
vt 0.108435 0.675755
vt 0.120920 0.675099
vt 0.108640 0.675099
vt 0.120920 0.672905
vt 0.109323 0.672905
vt 0.120920 0.667676
vt 0.110952 0.667676
vt 0.129635 0.675458
vt 0.138349 0.674081
vt 0.106139 0.994105
vt 0.106093 0.994070
vt 0.106094 0.994124
vt 0.106086 0.994965
vt 0.106080 0.995307
vt 0.106165 0.995276
vt 0.106160 0.994962
vt 0.105852 0.993953
vt 0.105851 0.994004
vt 0.105951 0.994021
vt 0.105953 0.993970
vt 0.106063 0.994080
vt 0.106065 0.994027
vt 0.105717 0.993947
vt 0.105701 0.993998
vt 0.105628 0.993948
vt 0.105628 0.993998
vt 0.106078 0.994103
vt 0.106066 0.994968
vt 0.105700 0.994968
vt 0.105628 0.994968
vt 0.105628 0.995437
vt 0.105714 0.995437
vt 0.105847 0.994968
vt 0.105845 0.995429
vt 0.105960 0.994968
vt 0.105960 0.995403
vt 0.106060 0.994968
vt 0.106065 0.995343
vt 0.105703 0.994645
vt 0.105628 0.994645
vt 0.105628 0.994322
vt 0.105703 0.994322
vt 0.105116 0.994105
vt 0.105161 0.994124
vt 0.105163 0.994070
vt 0.105169 0.994965
vt 0.105095 0.994962
vt 0.105091 0.995276
vt 0.105176 0.995307
vt 0.105404 0.993953
vt 0.105303 0.993970
vt 0.105304 0.994021
vt 0.105405 0.994004
vt 0.105190 0.994027
vt 0.105192 0.994080
vt 0.105539 0.993947
vt 0.105554 0.993998
vt 0.105177 0.994103
vt 0.105189 0.994968
vt 0.105555 0.994968
vt 0.105542 0.995437
vt 0.105409 0.994968
vt 0.105410 0.995429
vt 0.105295 0.994968
vt 0.105296 0.995403
vt 0.105196 0.994968
vt 0.105190 0.995343
vt 0.105553 0.994645
vt 0.105553 0.994322
vt 0.106200 0.995274
vt 0.106197 0.994960
vt 0.106178 0.994102
vt 0.106134 0.994069
vt 0.106121 0.995306
vt 0.105720 0.993935
vt 0.105628 0.993935
vt 0.105864 0.993942
vt 0.106105 0.994024
vt 0.105981 0.993962
vt 0.088263 0.990110
vt 0.088424 0.990117
vt 0.088411 0.990128
vt 0.088262 0.990122
vt 0.088540 0.990137
vt 0.088664 0.990202
vt 0.088624 0.990205
vt 0.088512 0.990145
vt 0.105628 0.993986
vt 0.088681 0.990227
vt 0.088639 0.990227
vt 0.105717 0.995437
vt 0.088669 0.991092
vt 0.088626 0.991093
vt 0.087894 0.990317
vt 0.087886 0.990317
vt 0.087845 0.990318
vt 0.087851 0.990318
vt 0.105860 0.995429
vt 0.088422 0.991092
vt 0.088263 0.991092
vt 0.088261 0.991093
vt 0.088407 0.991092
vt 0.105990 0.995403
vt 0.088552 0.991092
vt 0.088521 0.991092
vt 0.106106 0.995342
vt 0.088661 0.991092
vt 0.088620 0.991093
vt 0.088263 0.990765
vt 0.088263 0.990769
vt 0.105628 0.994640
vt 0.088263 0.990438
vt 0.088263 0.990447
vt 0.105628 0.994313
vt 0.105058 0.994960
vt 0.105056 0.995274
vt 0.105121 0.994069
vt 0.105078 0.994102
vt 0.105135 0.995306
vt 0.105535 0.993935
vt 0.105391 0.993942
vt 0.105151 0.994024
vt 0.105274 0.993962
vt 0.087953 0.990117
vt 0.088113 0.990110
vt 0.088114 0.990122
vt 0.087965 0.990128
vt 0.087712 0.990202
vt 0.087836 0.990137
vt 0.087864 0.990145
vt 0.087752 0.990205
vt 0.087695 0.990227
vt 0.087737 0.990227
vt 0.105538 0.995437
vt 0.087707 0.991092
vt 0.087750 0.991093
vt 0.087715 0.991092
vt 0.087756 0.991093
vt 0.105395 0.995429
vt 0.088113 0.991092
vt 0.087954 0.991092
vt 0.087969 0.991092
vt 0.088115 0.991093
vt 0.105265 0.995403
vt 0.087824 0.991092
vt 0.087855 0.991092
vt 0.105149 0.995342
vt 0.088113 0.990765
vt 0.088113 0.990769
vt 0.088113 0.990438
vt 0.088113 0.990447
s 1
usemtl マテリアル
f 1831/1445/1125 1840/1446/1125 1833/1447/1125
f 1849/1448/1126 1848/1449/1126 1832/1450/1126 1834/1451/1126
f 1839/1452/1127 1838/1453/1127 1844/1454/1127 1845/1455/1127
f 1838/1453/1128 1837/1456/1128 1843/1457/1128 1844/1454/1128
f 1835/1458/1129 1839/1452/1129 1845/1455/1129 1841/1459/1129
f 1836/1458/1130 1835/1458/1130 1841/1459/1130 1842/1459/1130
f 1837/1456/1131 1833/1447/1131 1846/1460/1131 1843/1457/1131
f 1846/1460/1132 1833/1447/1132 1840/1446/1132
f 1849/1448/1133 1850/1461/1133 1846/1460/1133 1840/1446/1133
f 1834/1451/1134 1850/1461/1134 1849/1448/1134
f 1840/1446/1135 1831/1445/1135 1848/1449/1135 1849/1448/1135
f 1853/1462/1136 1852/1463/1136 1847/1463/1136 1851/1462/1136
f 1854/1464/1137 1855/1465/1137 1852/1463/1137 1853/1462/1137
f 1856/1466/1138 1857/1467/1138 1855/1465/1138 1854/1464/1138
f 1858/1468/1139 1859/1469/1139 1857/1467/1139 1856/1466/1139
f 1850/1461/1140 1834/1451/1140 1859/1469/1140 1858/1468/1140
f 1861/1470/1141 1853/1462/1141 1851/1462/1141 1863/1470/1141
f 1841/1459/1142 1860/1471/1142 1862/1471/1142 1842/1459/1142
f 1860/1471/1143 1861/1470/1143 1863/1470/1143 1862/1471/1143
f 1870/1472/1144 1872/1473/1144 1878/1474/1144
f 1885/1475/1145 1873/1476/1145 1871/1477/1145 1884/1478/1145
f 1877/1479/1146 1882/1480/1146 1881/1481/1146 1876/1482/1146
f 1876/1482/1147 1881/1481/1147 1880/1483/1147 1875/1484/1147
f 1874/1485/1148 1879/1486/1148 1882/1480/1148 1877/1479/1148
f 1864/1485/1130 1865/1486/1130 1879/1486/1130 1874/1485/1130
f 1875/1484/1149 1880/1483/1149 1883/1487/1149 1872/1473/1149
f 1883/1487/1150 1878/1474/1150 1872/1473/1150
f 1885/1475/1151 1878/1474/1151 1883/1487/1151 1886/1488/1151
f 1873/1476/1152 1885/1475/1152 1886/1488/1152
f 1878/1474/1153 1885/1475/1153 1884/1478/1153 1870/1472/1153
f 1888/1489/1136 1867/1489/1136 1866/1490/1136 1887/1490/1136
f 1889/1491/1154 1888/1489/1154 1887/1490/1154 1890/1492/1154
f 1891/1493/1155 1889/1491/1155 1890/1492/1155 1892/1494/1155
f 1893/1495/1156 1891/1493/1156 1892/1494/1156 1894/1496/1156
f 1886/1488/1157 1893/1495/1157 1894/1496/1157 1873/1476/1157
f 1896/1497/1141 1869/1497/1141 1867/1489/1141 1888/1489/1141
f 1879/1486/1142 1865/1486/1142 1868/1498/1142 1895/1498/1142
f 1895/1498/1143 1868/1498/1143 1869/1497/1143 1896/1497/1143
f 1959/1499/1158 1961/1500/1158 1968/1501/1158
f 1977/1502/1159 1962/1503/1159 1960/1504/1159 1976/1505/1159
f 1967/1506/1160 1973/1507/1160 1972/1508/1160 1966/1509/1160
f 1966/1509/1161 1972/1508/1161 1971/1510/1161 1965/1511/1161
f 1963/1512/1162 1969/1513/1162 1973/1507/1162 1967/1506/1162
f 1964/1514/1163 1970/1515/1163 1969/1513/1163 1963/1512/1163
f 1965/1511/1164 1971/1510/1164 1974/1516/1164 1961/1500/1164
f 1974/1516/1165 1968/1501/1165 1961/1500/1165
f 1977/1502/1166 1968/1501/1166 1974/1516/1166 1978/1517/1166
f 1962/1503/1167 1977/1502/1167 1978/1517/1167
f 1968/1501/1168 1977/1502/1168 1976/1505/1168 1959/1499/1168
f 1981/1518/1169 1979/1519/1169 1975/1520/1169 1980/1521/1169
f 1982/1522/1170 1981/1518/1170 1980/1521/1170 1983/1523/1170
f 1984/1524/1171 1982/1522/1171 1983/1523/1171 1985/1525/1171
f 1986/1526/1172 1984/1524/1172 1985/1525/1172 1987/1527/1172
f 1978/1517/1173 1986/1526/1173 1987/1527/1173 1962/1503/1173
f 1989/1528/1174 1991/1529/1174 1979/1519/1174 1981/1518/1174
f 1969/1513/1175 1970/1515/1175 1990/1530/1175 1988/1531/1175
f 1988/1531/1176 1990/1530/1176 1991/1529/1176 1989/1528/1176
f 1998/1532/1177 2006/1533/1177 2000/1534/1177
f 2013/1535/1178 2012/1536/1178 1999/1537/1178 2001/1538/1178
f 2005/1539/1179 2004/1540/1179 2009/1541/1179 2010/1542/1179
f 2004/1540/1180 2003/1543/1180 2008/1544/1180 2009/1541/1180
f 2002/1545/1181 2005/1539/1181 2010/1542/1181 2007/1546/1181
f 1992/1514/1182 2002/1545/1182 2007/1546/1182 1993/1515/1182
f 2003/1543/1183 2000/1534/1183 2011/1547/1183 2008/1544/1183
f 2011/1547/1184 2000/1534/1184 2006/1533/1184
f 2013/1535/1185 2014/1548/1185 2011/1547/1185 2006/1533/1185
f 2001/1538/1186 2014/1548/1186 2013/1535/1186
f 2006/1533/1187 1998/1532/1187 2012/1536/1187 2013/1535/1187
f 2016/1549/1188 2015/1550/1188 1994/1520/1188 1995/1519/1188
f 2017/1551/1189 2018/1552/1189 2015/1550/1189 2016/1549/1189
f 2019/1553/1190 2020/1554/1190 2018/1552/1190 2017/1551/1190
f 2021/1555/1191 2022/1556/1191 2020/1554/1191 2019/1553/1191
f 2014/1548/1192 2001/1538/1192 2022/1556/1192 2021/1555/1192
f 2024/1557/1193 2016/1549/1193 1995/1519/1193 1997/1529/1193
f 2007/1546/1194 2023/1558/1194 1996/1530/1194 1993/1515/1194
f 2023/1558/1176 2024/1557/1176 1997/1529/1176 1996/1530/1176
f 1898/1559/1195 1913/1560/1195 1976/1505/1195 1960/1504/1195
f 1897/1561/1196 1899/1562/1196 1961/1500/1196 1959/1499/1196
f 1900/1563/1197 1898/1559/1197 1960/1504/1197 1962/1503/1197
f 1901/1564/1198 1902/1565/1199 1964/1514/1199 1963/1512/1200
f 1905/1566/1201 1901/1564/1198 1963/1512/1200 1967/1506/1201
f 1899/1562/1202 1903/1567/1202 1965/1511/1202 1961/1500/1202
f 1903/1567/1203 1904/1568/1203 1966/1509/1203 1965/1511/1203
f 1904/1568/1204 1905/1566/1204 1967/1506/1204 1966/1509/1204
f 1906/1569/1205 1910/1570/1205 1973/1571/1205 1969/1572/1205
f 1909/1573/1206 1908/1574/1206 1971/1575/1206 1972/1576/1206
f 1910/1570/1207 1909/1573/1207 1972/1576/1207 1973/1571/1207
f 1902/1565/1208 1907/1577/1208 1970/1515/1208 1964/1514/1208
f 1908/1574/1209 1911/1578/1209 1974/1579/1209 1971/1575/1209
f 1912/1520/1210 1916/1580/1210 1980/1521/1210 1975/1520/1210
f 1911/1578/1211 1914/1581/1211 1978/1582/1211 1974/1579/1211
f 1913/1560/1212 1897/1561/1212 1959/1499/1212 1976/1505/1212
f 1915/1519/1208 1912/1520/1208 1975/1520/1208 1979/1519/1208
f 1914/1583/1213 1922/1584/1214 1986/1585/1215 1978/1586/1213
f 1916/1580/1216 1919/1587/1216 1983/1523/1216 1980/1521/1216
f 1918/1588/1217 1917/1589/1218 1981/1590/1218 1982/1591/1217
f 1919/1587/1219 1921/1592/1219 1985/1525/1219 1983/1523/1219
f 1920/1593/1220 1918/1588/1217 1982/1591/1217 1984/1594/1221
f 1921/1592/1222 1923/1595/1222 1987/1527/1222 1985/1525/1222
f 1922/1596/1214 1920/1593/1220 1984/1594/1221 1986/1597/1215
f 1923/1595/1223 1900/1563/1223 1962/1503/1223 1987/1527/1223
f 1917/1589/1224 1925/1598/1224 1989/1599/1224 1981/1590/1224
f 1927/1600/1208 1915/1519/1208 1979/1519/1208 1991/1529/1208
f 1924/1601/1225 1906/1569/1225 1969/1572/1225 1988/1602/1225
f 1925/1598/1226 1924/1601/1226 1988/1602/1226 1989/1599/1226
f 1907/1577/1208 1926/1603/1208 1990/1530/1208 1970/1515/1208
f 1926/1603/1208 1927/1600/1208 1991/1529/1208 1990/1530/1208
f 1929/1577/1226 1928/1565/1226 1992/1514/1226 1993/1515/1226
f 1930/1520/1226 1931/1519/1226 1995/1519/1226 1994/1520/1226
f 1931/1519/1226 1933/1600/1226 1997/1529/1226 1995/1519/1226
f 1932/1603/1226 1929/1577/1226 1993/1515/1226 1996/1530/1226
f 1933/1600/1226 1932/1603/1226 1996/1530/1226 1997/1529/1226
f 1947/1604/1227 1935/1605/1227 1999/1537/1227 2012/1536/1227
f 1936/1606/1228 1934/1607/1228 1998/1532/1228 2000/1534/1228
f 1935/1605/1229 1937/1608/1229 2001/1538/1229 1999/1537/1229
f 1928/1565/1230 1938/1609/1231 2002/1545/1232 1992/1514/1230
f 1938/1609/1231 1941/1610/1233 2005/1539/1233 2002/1545/1232
f 1939/1611/1234 1936/1606/1234 2000/1534/1234 2003/1543/1234
f 1940/1612/1235 1939/1611/1235 2003/1543/1235 2004/1540/1235
f 1941/1610/1236 1940/1612/1236 2004/1540/1236 2005/1539/1236
f 1945/1613/1237 1942/1614/1237 2007/1615/1237 2010/1616/1237
f 1943/1617/1238 1944/1618/1238 2009/1619/1238 2008/1620/1238
f 1944/1618/1239 1945/1613/1239 2010/1616/1239 2009/1619/1239
f 1946/1621/1240 1943/1617/1240 2008/1620/1240 2011/1622/1240
f 1949/1623/1241 1930/1520/1241 1994/1520/1241 2015/1550/1241
f 1948/1624/1242 1946/1621/1242 2011/1622/1242 2014/1625/1242
f 1934/1607/1243 1947/1604/1243 2012/1536/1243 1998/1532/1243
f 1955/1626/1244 1948/1624/1245 2014/1625/1245 2021/1627/1246
f 1952/1628/1247 1949/1623/1247 2015/1550/1247 2018/1552/1247
f 1950/1629/1248 1951/1630/1249 2017/1631/1249 2016/1632/1248
f 1954/1633/1250 1952/1628/1250 2018/1552/1250 2020/1554/1250
f 1951/1630/1249 1953/1634/1251 2019/1635/1252 2017/1631/1249
f 1956/1636/1253 1954/1633/1253 2020/1554/1253 2022/1556/1253
f 1953/1634/1251 1955/1626/1244 2021/1627/1246 2019/1635/1252
f 1937/1608/1254 1956/1636/1254 2022/1556/1254 2001/1538/1254
f 1958/1637/1255 1950/1629/1255 2016/1632/1255 2024/1638/1255
f 1942/1614/1256 1957/1639/1256 2023/1640/1256 2007/1615/1256
f 1957/1639/1208 1958/1637/1208 2024/1638/1208 2023/1640/1208
o cockpit
v 0.184086 0.950183 2.222227
v 0.265995 0.950183 2.222227
v 0.184086 1.066730 2.222227
v 0.265995 1.038513 2.222227
v 0.184086 0.950183 2.207468
v 0.265995 0.950183 2.207468
v 0.184086 1.066730 2.207468
v 0.265995 1.038513 2.207468
v 0.175921 0.950183 2.222227
v 0.175921 1.066730 2.222227
v 0.175921 0.950183 2.207468
v 0.175921 1.066730 2.207468
v -0.139307 0.950183 2.222227
v -0.265995 0.950183 2.222227
v -0.139307 1.082679 2.222227
v -0.265995 1.038513 2.222227
v -0.139307 0.950183 2.207468
v -0.265995 0.950183 2.207468
v -0.139307 1.082679 2.207468
v -0.265995 1.038513 2.207468
v -0.131143 0.950183 2.222227
v -0.131143 1.082679 2.222227
v -0.131143 0.950183 2.207468
v -0.131143 1.082679 2.207468
v 0.284157 0.927845 2.731468
v 0.379332 0.971516 2.188840
v 0.392481 1.022048 1.602358
v 0.000000 0.283877 3.162009
v 0.259879 0.282992 2.731468
v 0.155576 0.283877 3.162009
v 0.354831 0.282992 2.193490
v 0.368203 0.282991 1.602358
v 0.370060 0.282990 1.385658
v 0.000000 0.282992 2.731468
v 0.000000 0.282992 2.193490
v 0.000000 0.282991 1.602358
v 0.000000 0.282990 1.385658
v 0.163992 0.917520 3.162009
v 0.000000 0.933219 3.162009
v 0.370283 1.023643 1.379769
v 0.367073 1.006154 1.601015
v 0.259763 0.911729 2.724745
v 0.352864 0.958781 2.182732
v 0.000000 1.022758 1.379769
v 0.394561 1.041224 1.381005
v 0.340118 1.112319 1.359040
v 0.061836 1.403600 1.268785
v 0.160232 1.386606 1.274078
v 0.249887 1.329774 1.291779
v 0.329805 1.194361 1.333957
v 0.000000 1.040339 1.381005
v 0.000000 1.111436 1.363691
v 0.000000 1.403600 1.268785
v 0.000000 1.385721 1.278729
v 0.000000 1.328890 1.296431
v 0.000000 1.193476 1.338609
v -0.284157 0.927845 2.731468
v -0.379332 0.971516 2.188840
v -0.392481 1.022048 1.602358
v -0.259879 0.282992 2.731468
v -0.155576 0.283877 3.162009
v -0.354831 0.282992 2.193490
v -0.368203 0.282991 1.602358
v -0.370060 0.282990 1.385658
v -0.163992 0.917520 3.162009
v -0.370283 1.023643 1.379769
v -0.367073 1.006154 1.601015
v -0.259763 0.911729 2.724745
v -0.352864 0.958781 2.182732
v -0.394561 1.041224 1.381005
v -0.340118 1.112319 1.359040
v -0.061836 1.403600 1.268785
v -0.160232 1.386606 1.274078
v -0.249887 1.329774 1.291779
v -0.329805 1.194361 1.333957
v -0.185704 0.849822 2.215848
v -0.185704 0.890555 2.215848
v -0.153753 0.849822 2.215848
v -0.153753 0.890555 2.215848
v -0.163994 0.849822 2.215848
v -0.163994 0.890555 2.215848
v -0.174234 0.849822 2.215848
v -0.174234 0.890555 2.215848
v -0.185704 0.877389 2.215848
v -0.174234 0.877389 2.215848
v -0.185704 0.883971 2.215848
v -0.174234 0.883971 2.215848
v -0.185704 0.870498 2.215848
v -0.185704 0.863605 2.215848
v -0.185704 0.856714 2.215848
v -0.153753 0.870498 2.215848
v -0.153753 0.863605 2.215848
v -0.153753 0.856714 2.215848
v -0.163994 0.870498 2.215848
v -0.163994 0.863605 2.215848
v -0.163994 0.856714 2.215848
v -0.174234 0.870498 2.215848
v -0.174234 0.863605 2.215848
v -0.174234 0.856714 2.215848
v -0.185704 0.911231 2.215848
v -0.185704 0.904338 2.215848
v -0.185704 0.897448 2.215848
v -0.153753 0.911231 2.215848
v -0.153753 0.904338 2.215848
v -0.153753 0.897448 2.215848
v -0.163994 0.911231 2.215848
v -0.163994 0.904338 2.215848
v -0.163994 0.897448 2.215848
v -0.174234 0.911231 2.215848
v -0.174234 0.904338 2.215848
v -0.174234 0.897448 2.215848
v -0.153753 0.890555 2.215848
v -0.163994 0.890555 2.215848
v -0.153753 0.877389 2.215848
v -0.163994 0.877389 2.215848
v -0.153753 0.883971 2.215848
v -0.163994 0.883971 2.215848
v -0.142449 0.890555 2.215848
v -0.153753 0.890555 2.215848
v -0.142449 0.877389 2.215848
v -0.153753 0.877389 2.215848
v -0.142449 0.883971 2.215848
v -0.153753 0.883971 2.215848
v -0.142449 0.918122 2.215848
v -0.153753 0.918122 2.215848
v -0.163994 0.918122 2.215848
v -0.163994 0.890555 2.215848
v -0.174234 0.918122 2.215848
v -0.174234 0.890555 2.215848
v -0.142449 0.877389 2.215848
v -0.153753 0.877389 2.215848
v -0.163994 0.877389 2.215848
v -0.174234 0.877389 2.215848
v -0.163994 0.883971 2.215848
v -0.174234 0.883971 2.215848
v -0.142449 0.870498 2.215848
v -0.142449 0.863605 2.215848
v -0.142449 0.856714 2.215848
v -0.153753 0.870498 2.215848
v -0.153753 0.863605 2.215848
v -0.153753 0.856714 2.215848
v -0.163994 0.870498 2.215848
v -0.163994 0.863605 2.215848
v -0.163994 0.856714 2.215848
v -0.174234 0.870498 2.215848
v -0.174234 0.863605 2.215848
v -0.174234 0.856714 2.215848
v -0.142449 0.911231 2.215848
v -0.142449 0.904338 2.215848
v -0.142449 0.897448 2.215848
v -0.153753 0.911231 2.215848
v -0.153753 0.904338 2.215848
v -0.153753 0.897448 2.215848
v -0.163994 0.911231 2.215848
v -0.163994 0.904338 2.215848
v -0.163994 0.897448 2.215848
v -0.174234 0.911231 2.215848
v -0.174234 0.904338 2.215848
v -0.174234 0.897448 2.215848
v -0.185704 0.918122 2.215848
v -0.185704 0.890555 2.215848
v -0.153753 0.918122 2.215848
v -0.163994 0.918122 2.215848
v -0.174234 0.918122 2.215848
v -0.174234 0.890555 2.215848
v -0.185704 0.877389 2.215848
v -0.153753 0.877389 2.215848
v -0.163994 0.877389 2.215848
v -0.174234 0.877389 2.215848
v -0.185704 0.883971 2.215848
v -0.174234 0.883971 2.215848
v -0.185704 0.870498 2.215848
v -0.185704 0.863605 2.215848
v -0.185704 0.856714 2.215848
v -0.153753 0.870498 2.215848
v -0.153753 0.863605 2.215848
v -0.153753 0.856714 2.215848
v -0.163994 0.870498 2.215848
v -0.163994 0.863605 2.215848
v -0.163994 0.856714 2.215848
v -0.174234 0.870498 2.215848
v -0.174234 0.863605 2.215848
v -0.174234 0.856714 2.215848
v -0.185704 0.911231 2.215848
v -0.185704 0.904338 2.215848
v -0.185704 0.897448 2.215848
v -0.153753 0.911231 2.215848
v -0.153753 0.904338 2.215848
v -0.153753 0.897448 2.215848
v -0.163994 0.911231 2.215848
v -0.163994 0.904338 2.215848
v -0.163994 0.897448 2.215848
v -0.174234 0.911231 2.215848
v -0.174234 0.904338 2.215848
v -0.174234 0.897448 2.215848
v -0.142449 0.849822 2.215848
v -0.142449 0.890555 2.215848
v -0.153753 0.849822 2.215848
v -0.153753 0.890555 2.215848
v -0.163994 0.849822 2.215848
v -0.163994 0.890555 2.215848
v -0.174234 0.849822 2.215848
v -0.174234 0.890555 2.215848
v -0.163994 0.877389 2.215848
v -0.174234 0.877389 2.215848
v -0.163994 0.883971 2.215848
v -0.174234 0.883971 2.215848
v -0.142449 0.870498 2.215848
v -0.142449 0.863605 2.215848
v -0.142449 0.856714 2.215848
v -0.153753 0.870498 2.215848
v -0.153753 0.863605 2.215848
v -0.153753 0.856714 2.215848
v -0.163994 0.870498 2.215848
v -0.163994 0.863605 2.215848
v -0.163994 0.856714 2.215848
v -0.174234 0.870498 2.215848
v -0.174234 0.863605 2.215848
v -0.174234 0.856714 2.215848
v -0.142449 0.911231 2.215848
v -0.142449 0.904338 2.215848
v -0.142449 0.897448 2.215848
v -0.153753 0.911231 2.215848
v -0.153753 0.904338 2.215848
v -0.153753 0.897448 2.215848
v -0.163994 0.911231 2.215848
v -0.163994 0.904338 2.215848
v -0.163994 0.897448 2.215848
v -0.174234 0.911231 2.215848
v -0.174234 0.904338 2.215848
v -0.174234 0.897448 2.215848
v -0.184756 0.856144 2.214190
v -0.184756 0.850391 2.214190
v -0.175182 0.850391 2.214190
v -0.184756 0.896877 2.214190
v -0.184756 0.891124 2.214190
v -0.163148 0.891124 2.214190
v -0.154599 0.891124 2.214190
v -0.154599 0.856144 2.214190
v -0.154599 0.850391 2.214190
v -0.154599 0.896877 2.214190
v -0.163148 0.850391 2.214190
v -0.163148 0.896877 2.214190
v -0.163148 0.856144 2.214190
v -0.175182 0.891124 2.214190
v -0.175182 0.856144 2.214190
v -0.175182 0.896877 2.214190
v -0.184756 0.883429 2.214190
v -0.184756 0.877933 2.214190
v -0.175182 0.883429 2.214190
v -0.175182 0.877933 2.214190
v -0.184756 0.869928 2.214190
v -0.184756 0.864175 2.214190
v -0.154599 0.869928 2.214190
v -0.154599 0.864175 2.214190
v -0.163148 0.869928 2.214190
v -0.163148 0.864175 2.214190
v -0.175182 0.869928 2.214190
v -0.175182 0.864175 2.214190
v -0.184756 0.910662 2.214190
v -0.184756 0.904908 2.214190
v -0.154599 0.910662 2.214190
v -0.154599 0.904908 2.214190
v -0.163148 0.910662 2.214190
v -0.163148 0.904908 2.214190
v -0.175182 0.910662 2.214190
v -0.175182 0.904908 2.214190
v -0.163148 0.889468 2.214190
v -0.154599 0.889468 2.214190
v -0.154599 0.883971 2.214190
v -0.154599 0.878477 2.214190
v -0.163148 0.883971 2.214190
v -0.163148 0.878477 2.214190
v -0.152820 0.889468 2.214190
v -0.143383 0.889468 2.214190
v -0.143383 0.883971 2.214190
v -0.143383 0.878477 2.214190
v -0.152820 0.883971 2.214190
v -0.152820 0.878477 2.214190
v -0.152820 0.917552 2.214190
v -0.143383 0.917552 2.214190
v -0.173389 0.917552 2.214190
v -0.164840 0.917552 2.214190
v -0.173389 0.876819 2.214190
v -0.164840 0.876819 2.214190
v -0.152820 0.876819 2.214190
v -0.143383 0.876819 2.214190
v -0.143383 0.871066 2.214190
v -0.143383 0.863036 2.214190
v -0.143383 0.857284 2.214190
v -0.152820 0.871066 2.214190
v -0.152820 0.863036 2.214190
v -0.152820 0.857284 2.214190
v -0.164840 0.871066 2.214190
v -0.164840 0.863036 2.214190
v -0.164840 0.857284 2.214190
v -0.173389 0.871066 2.214190
v -0.173389 0.863036 2.214190
v -0.173389 0.857284 2.214190
v -0.143383 0.911800 2.214190
v -0.143383 0.903770 2.214190
v -0.143383 0.898017 2.214190
v -0.152820 0.911800 2.214190
v -0.152820 0.903770 2.214190
v -0.152820 0.898017 2.214190
v -0.164840 0.911800 2.214190
v -0.164840 0.903770 2.214190
v -0.164840 0.898017 2.214190
v -0.173389 0.911800 2.214190
v -0.173389 0.903770 2.214190
v -0.173389 0.898017 2.214190
v -0.163148 0.917552 2.214190
v -0.154599 0.917552 2.214190
v -0.184756 0.917552 2.214190
v -0.175182 0.917552 2.214190
v -0.184756 0.876819 2.214190
v -0.175182 0.876819 2.214190
v -0.163148 0.876819 2.214190
v -0.154599 0.876819 2.214190
v -0.184756 0.871066 2.214190
v -0.184756 0.863036 2.214190
v -0.184756 0.857284 2.214190
v -0.154599 0.871066 2.214190
v -0.154599 0.863036 2.214190
v -0.154599 0.857284 2.214190
v -0.163148 0.871066 2.214190
v -0.163148 0.863036 2.214190
v -0.163148 0.857284 2.214190
v -0.175182 0.871066 2.214190
v -0.175182 0.863036 2.214190
v -0.175182 0.857284 2.214190
v -0.184756 0.911800 2.214190
v -0.184756 0.903770 2.214190
v -0.184756 0.898017 2.214190
v -0.154599 0.911800 2.214190
v -0.154599 0.903770 2.214190
v -0.154599 0.898017 2.214190
v -0.163148 0.911800 2.214190
v -0.163148 0.903770 2.214190
v -0.163148 0.898017 2.214190
v -0.175182 0.911800 2.214190
v -0.175182 0.903770 2.214190
v -0.175182 0.898017 2.214190
v -0.143383 0.856144 2.214190
v -0.143383 0.850391 2.214190
v -0.143383 0.896877 2.214190
v -0.143383 0.891124 2.214190
v -0.152820 0.891124 2.214190
v -0.152820 0.850391 2.214190
v -0.152820 0.856144 2.214190
v -0.152820 0.896877 2.214190
v -0.173389 0.891124 2.214190
v -0.164840 0.891124 2.214190
v -0.164840 0.896877 2.214190
v -0.164840 0.856144 2.214190
v -0.164840 0.850391 2.214190
v -0.173389 0.850391 2.214190
v -0.173389 0.856144 2.214190
v -0.173389 0.896877 2.214190
v -0.164840 0.883429 2.214190
v -0.164840 0.877933 2.214190
v -0.173389 0.883429 2.214190
v -0.173389 0.877933 2.214190
v -0.143383 0.869928 2.214190
v -0.143383 0.864175 2.214190
v -0.152820 0.869928 2.214190
v -0.152820 0.864175 2.214190
v -0.164840 0.869928 2.214190
v -0.164840 0.864175 2.214190
v -0.173389 0.869928 2.214190
v -0.173389 0.864175 2.214190
v -0.143383 0.910662 2.214190
v -0.143383 0.904908 2.214190
v -0.152820 0.910662 2.214190
v -0.152820 0.904908 2.214190
v -0.164840 0.910662 2.214190
v -0.164840 0.904908 2.214190
v -0.173389 0.910662 2.214190
v -0.173389 0.904908 2.214190
v -0.164826 0.890304 2.214190
v -0.164826 0.884225 2.214190
v -0.184872 0.890304 2.214190
v -0.174282 0.890304 2.214190
v -0.184872 0.884225 2.214190
v -0.174282 0.884225 2.214190
v -0.185704 0.849822 2.215848
v -0.185704 0.927997 2.215848
v -0.142449 0.849822 2.215848
v -0.142449 0.927997 2.215848
v -0.185704 0.849822 2.222529
v -0.185704 0.927997 2.222529
v -0.142449 0.849822 2.222529
v -0.142449 0.927997 2.222529
v -0.151982 0.849822 2.215848
v -0.151982 0.927997 2.215848
v -0.151982 0.849822 2.222529
v -0.151982 0.927997 2.222529
v -0.185704 0.837411 2.222529
v -0.185704 0.837411 2.215848
v -0.151982 0.837411 2.215848
v -0.151982 0.837411 2.222529
v -0.052495 0.725753 2.222276
v -0.042014 0.715272 2.222276
v -0.042014 0.700450 2.222276
v -0.052495 0.689968 2.222276
v -0.067317 0.689968 2.222276
v -0.077798 0.700450 2.222276
v -0.077798 0.715272 2.222276
v -0.067317 0.725753 2.222276
v -0.053204 0.724043 2.216397
v -0.043725 0.714563 2.216397
v -0.043725 0.701159 2.216397
v -0.053204 0.691680 2.216397
v -0.066609 0.691680 2.216397
v -0.076088 0.701159 2.216397
v -0.076088 0.714563 2.216397
v -0.066609 0.724043 2.216397
v -0.042014 0.715272 2.216397
v -0.052495 0.725753 2.216397
v -0.042014 0.700450 2.216397
v -0.052495 0.689968 2.216397
v -0.067317 0.689968 2.216397
v -0.077798 0.700450 2.216397
v -0.077798 0.715272 2.216397
v -0.067317 0.725753 2.216397
v -0.053204 0.724043 2.219762
v -0.043725 0.714563 2.219762
v -0.043725 0.701159 2.219762
v -0.053204 0.691680 2.219762
v -0.066609 0.691680 2.219762
v -0.076088 0.701159 2.219762
v -0.076088 0.714563 2.219762
v -0.066609 0.724043 2.219762
v -0.336071 0.747733 2.186288
v -0.336071 0.839393 2.186288
v -0.338257 0.747733 2.191983
v -0.338257 0.839393 2.191983
v -0.269641 0.839393 2.211789
v -0.269641 0.747733 2.211789
v -0.271827 0.839393 2.217483
v -0.271827 0.747733 2.217483
v -0.327703 0.737428 2.196034
v -0.325517 0.737428 2.190339
v -0.325517 0.849699 2.190339
v -0.327703 0.849699 2.196034
v -0.282381 0.737428 2.213431
v -0.280195 0.737428 2.207736
v -0.280195 0.849699 2.207736
v -0.282381 0.849699 2.213431
v -0.286577 0.827808 2.214028
v -0.286577 0.837635 2.214028
v -0.283055 0.827808 2.204854
v -0.283055 0.837635 2.204854
v -0.277402 0.827808 2.217550
v -0.277402 0.837635 2.217550
v -0.273880 0.827808 2.208375
v -0.273880 0.837635 2.208375
v -0.310432 0.827808 2.204871
v -0.310432 0.837635 2.204871
v -0.306910 0.827808 2.195697
v -0.306910 0.837635 2.195697
v -0.301257 0.827808 2.208394
v -0.301257 0.837635 2.208394
v -0.297735 0.827808 2.199218
v -0.297735 0.837635 2.199218
v -0.334287 0.827808 2.195714
v -0.334287 0.837635 2.195714
v -0.330766 0.827808 2.186539
v -0.330766 0.837635 2.186539
v -0.325112 0.827808 2.199236
v -0.325112 0.837635 2.199236
v -0.321590 0.827808 2.190062
v -0.321590 0.837635 2.190062
v -0.286577 0.799053 2.214028
v -0.286577 0.808883 2.214028
v -0.283055 0.799053 2.204854
v -0.283055 0.808883 2.204854
v -0.277402 0.799053 2.217550
v -0.277402 0.808883 2.217550
v -0.273880 0.799053 2.208375
v -0.273880 0.808883 2.208375
v -0.298505 0.799053 2.209450
v -0.298505 0.808883 2.209450
v -0.294983 0.799053 2.200274
v -0.294983 0.808883 2.200274
v -0.289330 0.799053 2.212972
v -0.289330 0.808883 2.212972
v -0.285808 0.799053 2.203796
v -0.285808 0.808883 2.203796
v -0.310432 0.799053 2.204871
v -0.310432 0.808883 2.204871
v -0.306910 0.799053 2.195697
v -0.306910 0.808883 2.195697
v -0.301257 0.799053 2.208394
v -0.301257 0.808883 2.208394
v -0.297735 0.799053 2.199218
v -0.297735 0.808883 2.199218
v -0.322360 0.799053 2.200293
v -0.322360 0.808883 2.200293
v -0.318838 0.799053 2.191117
v -0.318838 0.808883 2.191117
v -0.313185 0.799053 2.203815
v -0.313185 0.808883 2.203815
v -0.309663 0.799053 2.194640
v -0.309663 0.808883 2.194640
v -0.334287 0.799053 2.195714
v -0.334287 0.808883 2.195714
v -0.330766 0.799053 2.186539
v -0.330766 0.808883 2.186539
v -0.325112 0.799053 2.199236
v -0.325112 0.808883 2.199236
v -0.321590 0.799053 2.190062
v -0.321590 0.808883 2.190062
v -0.286577 0.813548 2.214028
v -0.286577 0.823378 2.214028
v -0.283055 0.813548 2.204854
v -0.283055 0.823378 2.204854
v -0.277402 0.813548 2.217550
v -0.277402 0.823378 2.217550
v -0.273880 0.813548 2.208375
v -0.273880 0.823378 2.208375
v -0.298505 0.813548 2.209450
v -0.298505 0.823378 2.209450
v -0.294983 0.813548 2.200274
v -0.294983 0.823378 2.200274
v -0.289330 0.813548 2.212972
v -0.289330 0.823378 2.212972
v -0.285808 0.813548 2.203796
v -0.285808 0.823378 2.203796
v -0.310432 0.813548 2.204871
v -0.310432 0.823378 2.204871
v -0.306910 0.813548 2.195697
v -0.306910 0.823378 2.195697
v -0.301257 0.813548 2.208394
v -0.301257 0.823378 2.208394
v -0.297735 0.813548 2.199218
v -0.297735 0.823378 2.199218
v -0.322360 0.813548 2.200293
v -0.322360 0.823378 2.200293
v -0.318838 0.813548 2.191117
v -0.318838 0.823378 2.191117
v -0.313185 0.813548 2.203815
v -0.313185 0.823378 2.203815
v -0.309663 0.813548 2.194640
v -0.309663 0.823378 2.194640
v -0.334287 0.813548 2.195714
v -0.334287 0.823378 2.195714
v -0.330766 0.813548 2.186539
v -0.330766 0.823378 2.186539
v -0.325112 0.813548 2.199236
v -0.325112 0.823378 2.199236
v -0.321590 0.813548 2.190062
v -0.321590 0.823378 2.190062
v -0.298505 0.761485 2.209450
v -0.298505 0.771312 2.209450
v -0.294983 0.761485 2.200274
v -0.294983 0.771312 2.200274
v -0.289330 0.761485 2.212972
v -0.289330 0.771312 2.212972
v -0.285808 0.761485 2.203796
v -0.285808 0.771312 2.203796
v -0.322360 0.761485 2.200293
v -0.322360 0.771312 2.200293
v -0.318838 0.761485 2.191117
v -0.318838 0.771312 2.191117
v -0.313185 0.761485 2.203815
v -0.313185 0.771312 2.203815
v -0.309663 0.761485 2.194640
v -0.309663 0.771312 2.194640
v -0.310432 0.745216 2.204871
v -0.310432 0.755042 2.204871
v -0.306910 0.745216 2.195697
v -0.306910 0.755042 2.195697
v -0.301257 0.745216 2.208394
v -0.301257 0.755042 2.208394
v -0.297735 0.745216 2.199218
v -0.297735 0.755042 2.199218
v -0.286577 0.775981 2.214028
v -0.286577 0.785808 2.214028
v -0.283055 0.775981 2.204854
v -0.283055 0.785808 2.204854
v -0.277402 0.775981 2.217550
v -0.277402 0.785808 2.217550
v -0.273880 0.775981 2.208375
v -0.273880 0.785808 2.208375
v -0.310432 0.775981 2.204871
v -0.310432 0.785808 2.204871
v -0.306910 0.775981 2.195697
v -0.306910 0.785808 2.195697
v -0.301257 0.775981 2.208394
v -0.301257 0.785808 2.208394
v -0.297735 0.775981 2.199218
v -0.297735 0.785808 2.199218
v -0.334287 0.775981 2.195714
v -0.334287 0.785808 2.195714
v -0.330766 0.775981 2.186539
v -0.330766 0.785808 2.186539
v -0.325112 0.775981 2.199236
v -0.325112 0.785808 2.199236
v -0.321590 0.775981 2.190062
v -0.321590 0.785808 2.190062
v -0.127650 0.965796 2.231041
v -0.127650 0.965796 2.216283
v -0.077339 0.965796 2.231041
v -0.077339 0.965796 2.216283
v -0.127650 1.094568 2.231041
v -0.127650 1.094568 2.216283
v -0.077339 1.094568 2.231041
v -0.077339 1.094568 2.216283
v 0.236791 1.036582 2.207863
v 0.247404 1.032185 2.207863
v 0.251800 1.021572 2.207863
v 0.247404 1.010959 2.207863
v 0.236791 1.006562 2.207863
v 0.226178 1.010959 2.207863
v 0.221781 1.021572 2.207863
v 0.226178 1.032185 2.207863
v 0.246729 1.031510 2.204000
v 0.236791 1.035628 2.204000
v 0.250846 1.021572 2.204000
v 0.246729 1.011634 2.204000
v 0.236791 1.007516 2.204000
v 0.226852 1.011634 2.204000
v 0.222735 1.021572 2.204000
v 0.226852 1.031510 2.204000
v 0.247404 1.032185 2.204834
v 0.236791 1.036582 2.204834
v 0.251800 1.021572 2.204834
v 0.247404 1.010959 2.204834
v 0.236791 1.006562 2.204834
v 0.226178 1.010959 2.204834
v 0.221781 1.021572 2.204834
v 0.226178 1.032185 2.204834
v 0.246052 1.030833 2.204749
v 0.236791 1.034669 2.204749
v 0.249888 1.021572 2.204749
v 0.246052 1.012310 2.204749
v 0.236791 1.008475 2.204749
v 0.227529 1.012310 2.204749
v 0.223693 1.021572 2.204749
v 0.227529 1.030833 2.204749
v 0.160780 0.917520 3.162009
v 0.281853 0.716271 2.619155
v 0.000000 0.933219 3.162009
v 0.000000 0.716271 2.619155
v 0.000000 0.716271 2.221324
v 0.323155 1.038775 2.239499
v 0.000000 1.116912 2.239499
v 0.094144 1.116912 2.239499
v 0.135634 0.716271 2.221324
v 0.135634 0.716271 2.619155
v 0.000000 0.678961 2.619155
v 0.000000 0.678961 2.221324
v 0.091058 0.678961 2.221324
v 0.091058 0.678961 2.619155
v 0.000000 0.270581 2.619155
v 0.000000 0.270581 2.221324
v 0.091058 0.270581 2.221324
v 0.091058 0.270581 2.619155
v 0.250304 0.716271 2.221324
v 0.259763 0.911727 2.724746
v 0.281853 0.275436 2.619155
v 0.000000 1.116912 2.221324
v 0.000000 0.950183 2.221324
v 0.094144 1.116912 2.221324
v 0.094144 0.950183 2.221324
v 0.323155 1.038775 2.221324
v 0.350321 0.950183 2.221324
v 0.356531 0.716271 2.221324
v 0.250304 0.716271 2.619155
v 0.250304 0.274800 2.619155
v 0.250304 0.716268 1.382424
v 0.250304 0.274800 2.221324
v 0.356531 0.274800 2.221324
v 0.375428 0.716268 1.382424
v 0.250304 0.274798 1.382424
v 0.375428 0.274798 1.382424
v 0.380597 0.716268 1.618341
v 0.380597 0.274799 1.618341
v 0.250304 0.274799 1.618341
v 0.250304 0.716268 1.618341
v 0.091058 0.597781 2.221324
v 0.000000 0.597781 2.221324
v 0.000000 0.270581 2.008646
v 0.091058 0.270581 2.008646
v 0.091058 0.597781 2.008646
v 0.000000 0.597781 2.008646
v 0.250304 0.950183 2.221324
v 0.253727 0.716271 2.221324
v 0.347272 0.924689 2.185905
v 0.353107 0.716271 2.183783
v 0.253727 0.924689 2.221324
v 0.253727 0.716271 2.267331
v 0.347272 0.924689 2.267331
v 0.353107 0.716271 2.267331
v 0.253727 0.924689 2.267331
v 0.360338 0.716271 2.183783
v 0.354504 0.924689 2.185905
v 0.360338 0.716271 2.267331
v 0.354504 0.924689 2.267331
v -0.160780 0.917520 3.162009
v -0.281853 0.716271 2.619155
v -0.323155 1.038775 2.239499
v -0.094144 1.116912 2.239499
v -0.135634 0.716271 2.221324
v -0.135634 0.716271 2.619155
v -0.091058 0.678961 2.221324
v -0.091058 0.678961 2.619155
v -0.091058 0.270581 2.221324
v -0.091058 0.270581 2.619155
v -0.250304 0.716271 2.221324
v -0.259763 0.911727 2.724746
v -0.281853 0.275436 2.619155
v -0.094144 1.116912 2.221324
v -0.094144 0.950183 2.221324
v -0.323155 1.038775 2.221324
v -0.350321 0.950183 2.221324
v -0.356531 0.716271 2.221324
v -0.250304 0.716271 2.619155
v -0.250304 0.274800 2.619155
v -0.250304 0.716268 1.382424
v -0.250304 0.274800 2.221324
v -0.356531 0.274800 2.221324
v -0.375428 0.716268 1.382424
v -0.250304 0.274798 1.382424
v -0.375428 0.274798 1.382424
v -0.380597 0.716268 1.618341
v -0.380597 0.274799 1.618341
v -0.250304 0.274799 1.618341
v -0.250304 0.716268 1.618341
v -0.091058 0.597781 2.221324
v -0.091058 0.270581 2.008646
v -0.091058 0.597781 2.008646
v -0.250304 0.950183 2.221324
v -0.253727 0.716271 2.221324
v -0.347272 0.924689 2.185905
v -0.353107 0.716271 2.183783
v -0.253727 0.924689 2.221324
v -0.253727 0.716271 2.267331
v -0.347272 0.924689 2.267331
v -0.353107 0.716271 2.267331
v -0.253727 0.924689 2.267331
v -0.360338 0.716271 2.183783
v -0.354504 0.924689 2.185905
v -0.360338 0.716271 2.267331
v -0.354504 0.924689 2.267331
v 0.204813 0.956847 2.209544
v 0.204813 0.971552 2.209544
v 0.209725 0.961760 2.205487
v 0.209725 0.966639 2.205487
v 0.219517 0.956847 2.209544
v 0.219517 0.971552 2.209544
v 0.214605 0.961760 2.205487
v 0.214605 0.966639 2.205487
v 0.204813 0.971552 2.205487
v 0.204813 0.956847 2.205487
v 0.219517 0.956847 2.205487
v 0.219517 0.971552 2.205487
v 0.208838 0.963104 2.192079
v 0.208838 0.956450 2.192079
v 0.215492 0.956450 2.192079
v 0.215492 0.963104 2.192079
v 0.210139 0.961375 2.190509
v 0.210139 0.957323 2.190509
v 0.214191 0.957323 2.190509
v 0.214191 0.961375 2.190509
v 0.226869 0.956847 2.209544
v 0.226869 0.971552 2.209544
v 0.231782 0.961760 2.205487
v 0.231782 0.966639 2.205487
v 0.241574 0.956847 2.209544
v 0.241574 0.971552 2.209544
v 0.236661 0.961760 2.205487
v 0.236661 0.966639 2.205487
v 0.226869 0.971552 2.205487
v 0.226869 0.956847 2.205487
v 0.241574 0.956847 2.205487
v 0.241574 0.971552 2.205487
v 0.230894 0.963104 2.192079
v 0.230894 0.956450 2.192079
v 0.237549 0.956450 2.192079
v 0.237549 0.963104 2.192079
v 0.232196 0.961375 2.190509
v 0.232196 0.957323 2.190509
v 0.236247 0.957323 2.190509
v 0.236247 0.961375 2.190509
v 0.178189 1.034697 2.209546
v 0.178189 1.049400 2.209546
v 0.183102 1.039608 2.205489
v 0.183102 1.044489 2.205489
v 0.192894 1.034697 2.209546
v 0.192894 1.049400 2.209546
v 0.187981 1.039608 2.205489
v 0.187981 1.044489 2.205489
v 0.178189 1.049400 2.205489
v 0.178189 1.034697 2.205489
v 0.192894 1.034697 2.205489
v 0.192894 1.049400 2.205489
v 0.182214 1.040954 2.192080
v 0.182214 1.034298 2.192080
v 0.188869 1.034298 2.192080
v 0.188869 1.040954 2.192080
v 0.183516 1.039224 2.190510
v 0.183516 1.035173 2.190510
v 0.187567 1.035173 2.190510
v 0.187567 1.039224 2.190510
v 0.198775 1.034697 2.209546
v 0.198775 1.049400 2.209546
v 0.203688 1.039608 2.205489
v 0.203688 1.044489 2.205489
v 0.213480 1.034697 2.209546
v 0.213480 1.049400 2.209546
v 0.208567 1.039608 2.205489
v 0.208567 1.044489 2.205489
v 0.198775 1.049400 2.205489
v 0.198775 1.034697 2.205489
v 0.213480 1.034697 2.205489
v 0.213480 1.049400 2.205489
v 0.202800 1.040954 2.192080
v 0.202800 1.034298 2.192080
v 0.209455 1.034298 2.192080
v 0.209455 1.040954 2.192080
v 0.204102 1.039224 2.190510
v 0.204102 1.035173 2.190510
v 0.208153 1.035173 2.190510
v 0.208153 1.039224 2.190510
v 0.178189 1.015764 2.209546
v 0.178189 1.030467 2.209546
v 0.183102 1.020677 2.205489
v 0.183102 1.025556 2.205489
v 0.192894 1.015764 2.209546
v 0.192894 1.030467 2.209546
v 0.187981 1.020677 2.205489
v 0.187981 1.025556 2.205489
v 0.178189 1.030467 2.205489
v 0.178189 1.015764 2.205489
v 0.192894 1.015764 2.205489
v 0.192894 1.030467 2.205489
v 0.182214 1.022020 2.192080
v 0.182214 1.015367 2.192080
v 0.188869 1.015367 2.192080
v 0.188869 1.022020 2.192080
v 0.183516 1.020292 2.190510
v 0.183516 1.016240 2.190510
v 0.187567 1.016240 2.190510
v 0.187567 1.020292 2.190510
v 0.198775 1.015764 2.209546
v 0.198775 1.030467 2.209546
v 0.203688 1.020677 2.205489
v 0.203688 1.025556 2.205489
v 0.213480 1.015764 2.209546
v 0.213480 1.030467 2.209546
v 0.208567 1.020677 2.205489
v 0.208567 1.025556 2.205489
v 0.198775 1.030467 2.205489
v 0.198775 1.015764 2.205489
v 0.213480 1.015764 2.205489
v 0.213480 1.030467 2.205489
v 0.202800 1.022020 2.192080
v 0.202800 1.015367 2.192080
v 0.209455 1.015367 2.192080
v 0.209455 1.022020 2.192080
v 0.204102 1.020292 2.190510
v 0.204102 1.016240 2.190510
v 0.208153 1.016240 2.190510
v 0.208153 1.020292 2.190510
v 0.178189 0.982731 2.209546
v 0.178189 0.997436 2.209546
v 0.183102 0.987643 2.205489
v 0.183102 0.992523 2.205489
v 0.192894 0.982731 2.209546
v 0.192894 0.997436 2.209546
v 0.187981 0.987643 2.205489
v 0.187981 0.992523 2.205489
v 0.178189 0.997436 2.205489
v 0.178189 0.982731 2.205489
v 0.192894 0.982731 2.205489
v 0.192894 0.997436 2.205489
v 0.182214 0.988988 2.192080
v 0.182214 0.982333 2.192080
v 0.188869 0.982333 2.192080
v 0.188869 0.988988 2.192080
v 0.183516 0.987258 2.190510
v 0.183516 0.983207 2.190510
v 0.187567 0.983207 2.190510
v 0.187567 0.987258 2.190510
v 0.198775 0.982731 2.209546
v 0.198775 0.997436 2.209546
v 0.203688 0.987643 2.205489
v 0.203688 0.992523 2.205489
v 0.213480 0.982731 2.209546
v 0.213480 0.997436 2.209546
v 0.208567 0.987643 2.205489
v 0.208567 0.992523 2.205489
v 0.198775 0.997436 2.205489
v 0.198775 0.982731 2.205489
v 0.213480 0.982731 2.205489
v 0.213480 0.997436 2.205489
v 0.202800 0.988988 2.192080
v 0.202800 0.982333 2.192080
v 0.209455 0.982333 2.192080
v 0.209455 0.988988 2.192080
v 0.204102 0.987258 2.190510
v 0.204102 0.983207 2.190510
v 0.208153 0.983207 2.190510
v 0.208153 0.987258 2.190510
v 0.219361 0.982731 2.209546
v 0.219361 0.997436 2.209546
v 0.224274 0.987643 2.205489
v 0.224274 0.992523 2.205489
v 0.234066 0.982731 2.209546
v 0.234066 0.997436 2.209546
v 0.229153 0.987643 2.205489
v 0.229153 0.992523 2.205489
v 0.219361 0.997436 2.205489
v 0.219361 0.982731 2.205489
v 0.234066 0.982731 2.205489
v 0.234066 0.997436 2.205489
v 0.223386 0.988988 2.192080
v 0.223386 0.982333 2.192080
v 0.230041 0.982333 2.192080
v 0.230041 0.988988 2.192080
v 0.224688 0.987258 2.190510
v 0.224688 0.983207 2.190510
v 0.228739 0.983207 2.190510
v 0.228739 0.987258 2.190510
v 0.239947 0.982731 2.209546
v 0.239947 0.997436 2.209546
v 0.244860 0.987643 2.205489
v 0.244860 0.992523 2.205489
v 0.254652 0.982731 2.209546
v 0.254652 0.997436 2.209546
v 0.249739 0.987643 2.205489
v 0.249739 0.992523 2.205489
v 0.239947 0.997436 2.205489
v 0.239947 0.982731 2.205489
v 0.254652 0.982731 2.205489
v 0.254652 0.997436 2.205489
v 0.243972 0.988988 2.192080
v 0.243972 0.982333 2.192080
v 0.250627 0.982333 2.192080
v 0.250627 0.988988 2.192080
v 0.245274 0.987258 2.190510
v 0.245274 0.983207 2.190510
v 0.249325 0.983207 2.190510
v 0.249325 0.987258 2.190510
v -0.228619 0.994891 2.209544
v -0.228619 1.009595 2.209544
v -0.223706 0.999804 2.205487
v -0.223706 1.004683 2.205487
v -0.213914 0.994891 2.209544
v -0.213914 1.009595 2.209544
v -0.218827 0.999804 2.205487
v -0.218827 1.004683 2.205487
v -0.228619 1.009595 2.205487
v -0.228619 0.994891 2.205487
v -0.213914 0.994891 2.205487
v -0.213914 1.009595 2.205487
v -0.224594 1.001147 2.192079
v -0.224594 0.994494 2.192079
v -0.217939 0.994494 2.192079
v -0.217939 1.001147 2.192079
v -0.223292 0.999419 2.190509
v -0.223292 0.995368 2.190509
v -0.219241 0.995368 2.190509
v -0.219241 0.999419 2.190509
v -0.208033 0.994891 2.209544
v -0.208033 1.009595 2.209544
v -0.203120 0.999804 2.205487
v -0.203120 1.004683 2.205487
v -0.193328 0.994891 2.209544
v -0.193328 1.009595 2.209544
v -0.198241 0.999804 2.205487
v -0.198241 1.004683 2.205487
v -0.208033 1.009595 2.205487
v -0.208033 0.994891 2.205487
v -0.193328 0.994891 2.205487
v -0.193328 1.009595 2.205487
v -0.204008 1.001147 2.192079
v -0.204008 0.994494 2.192079
v -0.197353 0.994494 2.192079
v -0.197353 1.001147 2.192079
v -0.202706 0.999419 2.190509
v -0.202706 0.995368 2.190509
v -0.198655 0.995368 2.190509
v -0.198655 0.999419 2.190509
v -0.228619 1.013824 2.209546
v -0.228619 1.028528 2.209546
v -0.223706 1.018736 2.205489
v -0.223706 1.023615 2.205489
v -0.213914 1.013824 2.209546
v -0.213914 1.028528 2.209546
v -0.218827 1.018736 2.205489
v -0.218827 1.023615 2.205489
v -0.228619 1.028528 2.205489
v -0.228619 1.013824 2.205489
v -0.213914 1.013824 2.205489
v -0.213914 1.028528 2.205489
v -0.224594 1.020081 2.192080
v -0.224594 1.013426 2.192080
v -0.217939 1.013426 2.192080
v -0.217939 1.020081 2.192080
v -0.223292 1.018352 2.190510
v -0.223292 1.014299 2.190510
v -0.219241 1.014299 2.190510
v -0.219241 1.018352 2.190510
v -0.208033 1.013824 2.209546
v -0.208033 1.028528 2.209546
v -0.203120 1.018736 2.205489
v -0.203120 1.023615 2.205489
v -0.193328 1.013824 2.209546
v -0.193328 1.028528 2.209546
v -0.198241 1.018736 2.205489
v -0.198241 1.023615 2.205489
v -0.208033 1.028528 2.205489
v -0.208033 1.013824 2.205489
v -0.193328 1.013824 2.205489
v -0.193328 1.028528 2.205489
v -0.204008 1.020081 2.192080
v -0.204008 1.013426 2.192080
v -0.197353 1.013426 2.192080
v -0.197353 1.020081 2.192080
v -0.202706 1.018352 2.190510
v -0.202706 1.014299 2.190510
v -0.198655 1.014299 2.190510
v -0.198655 1.018352 2.190510
v -0.177882 1.063361 2.208597
v -0.144159 1.063361 2.208597
v -0.177882 1.046748 2.208597
v -0.144159 1.046748 2.208597
v -0.177882 1.063361 2.202905
v -0.144159 1.063361 2.202905
v -0.177882 1.046748 2.202905
v -0.144159 1.046748 2.202905
v 0.155784 0.746845 2.213540
v 0.160347 0.742282 2.213540
v 0.160347 0.735828 2.213540
v 0.155784 0.731265 2.213540
v 0.149331 0.731265 2.213540
v 0.144768 0.735828 2.213540
v 0.144768 0.742282 2.213540
v 0.149331 0.746845 2.213540
v 0.090265 0.794483 2.213540
v 0.094828 0.789920 2.213540
v 0.094828 0.783466 2.213540
v 0.090265 0.778903 2.213540
v 0.083812 0.778903 2.213540
v 0.079249 0.783466 2.213540
v 0.079249 0.789920 2.213540
v 0.083812 0.794483 2.213540
v 0.104617 0.774865 2.213540
v 0.108497 0.770985 2.213540
v 0.108497 0.765498 2.213540
v 0.104617 0.761618 2.213540
v 0.099130 0.761618 2.213540
v 0.095250 0.765498 2.213540
v 0.095250 0.770985 2.213540
v 0.099130 0.774865 2.213540
v 0.122837 0.776046 2.213540
v 0.127408 0.771474 2.213540
v 0.127408 0.765009 2.213540
v 0.122837 0.760436 2.213540
v 0.116371 0.760436 2.213540
v 0.111799 0.765009 2.213540
v 0.111799 0.771474 2.213540
v 0.116371 0.776046 2.213540
v 0.142158 0.774978 2.213540
v 0.146313 0.770824 2.213540
v 0.146313 0.764947 2.213540
v 0.142158 0.760791 2.213540
v 0.136281 0.760791 2.213540
v 0.132126 0.764947 2.213540
v 0.132126 0.770824 2.213540
v 0.136281 0.774978 2.213540
v 0.155875 0.794208 2.213540
v 0.160430 0.789652 2.213540
v 0.160430 0.783209 2.213540
v 0.155875 0.778653 2.213540
v 0.149432 0.778653 2.213540
v 0.144876 0.783209 2.213540
v 0.144876 0.789652 2.213540
v 0.149432 0.794208 2.213540
v 0.123396 0.794726 2.213540
v 0.128255 0.789867 2.213540
v 0.128255 0.782994 2.213540
v 0.123396 0.778135 2.213540
v 0.116525 0.778135 2.213540
v 0.111665 0.782994 2.213540
v 0.111665 0.789867 2.213540
v 0.116525 0.794726 2.213540
v 0.089606 0.770325 2.213540
v 0.094169 0.765761 2.213540
v 0.094169 0.759308 2.213540
v 0.089606 0.754745 2.213540
v 0.083153 0.754745 2.213540
v 0.078589 0.759308 2.213540
v 0.078589 0.765761 2.213540
v 0.083153 0.770325 2.213540
v 0.089606 0.746845 2.213540
v 0.094169 0.742282 2.213540
v 0.094169 0.735828 2.213540
v 0.089606 0.731265 2.213540
v 0.083153 0.731265 2.213540
v 0.078589 0.735828 2.213540
v 0.078589 0.742282 2.213540
v 0.083153 0.746845 2.213540
v 0.122794 0.746845 2.213540
v 0.127357 0.742282 2.213540
v 0.127357 0.735828 2.213540
v 0.122794 0.731265 2.213540
v 0.116341 0.731265 2.213540
v 0.111778 0.735828 2.213540
v 0.111778 0.742282 2.213540
v 0.116341 0.746845 2.213540
v 0.160347 0.742282 2.217237
v 0.155784 0.746845 2.217237
v 0.160347 0.735828 2.217237
v 0.155784 0.731265 2.217237
v 0.149331 0.731265 2.217237
v 0.144768 0.735828 2.217237
v 0.144768 0.742282 2.217237
v 0.149331 0.746845 2.217237
v 0.094828 0.789920 2.217237
v 0.090265 0.794483 2.217237
v 0.094828 0.783466 2.217237
v 0.090265 0.778903 2.217237
v 0.083812 0.778903 2.217237
v 0.079249 0.783466 2.217237
v 0.079249 0.789920 2.217237
v 0.083812 0.794483 2.217237
v 0.108497 0.770985 2.217237
v 0.104617 0.774865 2.217237
v 0.108497 0.765498 2.217237
v 0.104617 0.761618 2.217237
v 0.099130 0.761618 2.217237
v 0.095250 0.765498 2.217237
v 0.095250 0.770985 2.217237
v 0.099130 0.774865 2.217237
v 0.127408 0.771474 2.217237
v 0.122837 0.776046 2.217237
v 0.127408 0.765009 2.217237
v 0.122837 0.760436 2.217237
v 0.116371 0.760436 2.217237
v 0.111799 0.765009 2.217237
v 0.111799 0.771474 2.217237
v 0.116371 0.776046 2.217237
v 0.146313 0.770824 2.217237
v 0.142158 0.774978 2.217237
v 0.146313 0.764947 2.217237
v 0.142158 0.760791 2.217237
v 0.136281 0.760791 2.217237
v 0.132126 0.764947 2.217237
v 0.132126 0.770824 2.217237
v 0.136281 0.774978 2.217237
v 0.160430 0.789652 2.217237
v 0.155875 0.794208 2.217237
v 0.160430 0.783209 2.217237
v 0.155875 0.778653 2.217237
v 0.149432 0.778653 2.217237
v 0.144876 0.783209 2.217237
v 0.144876 0.789652 2.217237
v 0.149432 0.794208 2.217237
v 0.128255 0.789867 2.217237
v 0.123396 0.794726 2.217237
v 0.128255 0.782994 2.217237
v 0.123396 0.778135 2.217237
v 0.116525 0.778135 2.217237
v 0.111665 0.782994 2.217237
v 0.111665 0.789867 2.217237
v 0.116525 0.794726 2.217237
v 0.094169 0.765761 2.217237
v 0.089606 0.770325 2.217237
v 0.094169 0.759308 2.217237
v 0.089606 0.754745 2.217237
v 0.083153 0.754745 2.217237
v 0.078589 0.759308 2.217237
v 0.078589 0.765761 2.217237
v 0.083153 0.770325 2.217237
v 0.094169 0.742282 2.217237
v 0.089606 0.746845 2.217237
v 0.094169 0.735828 2.217237
v 0.089606 0.731265 2.217237
v 0.083153 0.731265 2.217237
v 0.078589 0.735828 2.217237
v 0.078589 0.742282 2.217237
v 0.083153 0.746845 2.217237
v 0.127357 0.742282 2.217237
v 0.122794 0.746845 2.217237
v 0.127357 0.735828 2.217237
v 0.122794 0.731265 2.217237
v 0.116341 0.731265 2.217237
v 0.111778 0.735828 2.217237
v 0.111778 0.742282 2.217237
v 0.116341 0.746845 2.217237
v -0.001622 0.744906 2.235847
v -0.001622 0.842930 2.235847
v -0.001622 0.744906 2.215847
v -0.001622 0.842930 2.215847
v 0.062608 0.744906 2.235847
v 0.062608 0.842930 2.235847
v 0.062608 0.744906 2.215847
v 0.062608 0.842930 2.215847
v 0.032191 0.803928 2.213539
v 0.037112 0.799007 2.213539
v 0.037112 0.792046 2.213539
v 0.032191 0.787124 2.213539
v 0.025231 0.787124 2.213539
v 0.020309 0.792046 2.213539
v 0.020309 0.799007 2.213539
v 0.025231 0.803928 2.213539
v 0.052300 0.822348 2.213539
v 0.057078 0.817569 2.213539
v 0.057078 0.810812 2.213539
v 0.052300 0.806033 2.213539
v 0.045542 0.806033 2.213539
v 0.040764 0.810812 2.213539
v 0.040764 0.817569 2.213539
v 0.045542 0.822348 2.213539
v 0.041357 0.835886 2.213539
v 0.046127 0.831116 2.213539
v 0.046127 0.824370 2.213539
v 0.041357 0.819600 2.213539
v 0.034611 0.819600 2.213539
v 0.029841 0.824370 2.213539
v 0.029841 0.831116 2.213539
v 0.034611 0.835886 2.213539
v 0.023168 0.835886 2.213539
v 0.027938 0.831116 2.213539
v 0.027938 0.824370 2.213539
v 0.023168 0.819600 2.213539
v 0.016422 0.819600 2.213539
v 0.011652 0.824370 2.213539
v 0.011652 0.831116 2.213539
v 0.016422 0.835886 2.213539
v 0.011015 0.820953 2.213539
v 0.014906 0.817062 2.213539
v 0.014906 0.811557 2.213539
v 0.011015 0.807666 2.213539
v 0.005511 0.807666 2.213539
v 0.001620 0.811557 2.213539
v 0.001620 0.817062 2.213539
v 0.005511 0.820953 2.213539
v 0.012218 0.803214 2.213539
v 0.017140 0.798293 2.213539
v 0.017140 0.791332 2.213539
v 0.012218 0.786410 2.213539
v 0.005259 0.786411 2.213539
v 0.000337 0.791332 2.213539
v 0.000337 0.798293 2.213539
v 0.005258 0.803214 2.213539
v 0.051720 0.795469 2.213539
v 0.056283 0.790906 2.213539
v 0.056283 0.784453 2.213539
v 0.051720 0.779890 2.213539
v 0.045266 0.779890 2.213539
v 0.040703 0.784453 2.213539
v 0.040703 0.790906 2.213539
v 0.045266 0.795469 2.213539
v 0.017693 0.776751 2.214310
v 0.025370 0.769073 2.214310
v 0.025370 0.758216 2.214310
v 0.017693 0.750539 2.214310
v 0.006835 0.750539 2.214310
v -0.000842 0.758216 2.214310
v -0.000842 0.769073 2.214310
v 0.006835 0.776751 2.214310
v 0.049197 0.776751 2.214310
v 0.056874 0.769073 2.214310
v 0.056874 0.758216 2.214310
v 0.049197 0.750539 2.214310
v 0.038339 0.750539 2.214310
v 0.030662 0.758216 2.214310
v 0.030662 0.769073 2.214310
v 0.038339 0.776751 2.214310
v 0.032191 0.803928 2.216413
v 0.037112 0.799007 2.216413
v 0.037112 0.792046 2.216413
v 0.032191 0.787124 2.216413
v 0.025231 0.787124 2.216413
v 0.020309 0.792046 2.216413
v 0.020309 0.799007 2.216413
v 0.025231 0.803928 2.216413
v 0.052300 0.822348 2.216413
v 0.057078 0.817569 2.216413
v 0.057078 0.810812 2.216413
v 0.052300 0.806033 2.216413
v 0.045542 0.806033 2.216413
v 0.040764 0.810812 2.216413
v 0.040764 0.817569 2.216413
v 0.045542 0.822348 2.216413
v 0.041357 0.835886 2.216413
v 0.046127 0.831116 2.216413
v 0.046127 0.824370 2.216413
v 0.041357 0.819600 2.216413
v 0.034611 0.819600 2.216413
v 0.029841 0.824370 2.216413
v 0.029841 0.831116 2.216413
v 0.034611 0.835886 2.216413
v 0.023168 0.835886 2.216413
v 0.027938 0.831116 2.216413
v 0.027938 0.824370 2.216413
v 0.023168 0.819600 2.216413
v 0.016422 0.819600 2.216413
v 0.011652 0.824370 2.216413
v 0.011652 0.831116 2.216413
v 0.016422 0.835886 2.216413
v 0.011015 0.820953 2.216413
v 0.014906 0.817062 2.216413
v 0.014906 0.811557 2.216413
v 0.011015 0.807666 2.216413
v 0.005511 0.807666 2.216413
v 0.001620 0.811557 2.216413
v 0.001620 0.817062 2.216413
v 0.005511 0.820953 2.216413
v 0.012218 0.803214 2.216413
v 0.017140 0.798293 2.216413
v 0.017140 0.791332 2.216413
v 0.012218 0.786410 2.216413
v 0.005259 0.786411 2.216413
v 0.000337 0.791332 2.216413
v 0.000337 0.798293 2.216413
v 0.005258 0.803214 2.216413
v 0.051720 0.795469 2.216413
v 0.056283 0.790906 2.216413
v 0.056283 0.784453 2.216413
v 0.051720 0.779890 2.216413
v 0.045266 0.779890 2.216413
v 0.040703 0.784453 2.216413
v 0.040703 0.790906 2.216413
v 0.045266 0.795469 2.216413
v 0.017693 0.776751 2.216413
v 0.025370 0.769073 2.216413
v 0.025370 0.758216 2.216413
v 0.017693 0.750539 2.216413
v 0.006835 0.750539 2.216413
v -0.000842 0.758216 2.216413
v -0.000842 0.769073 2.216413
v 0.006835 0.776751 2.216413
v 0.049197 0.776751 2.216413
v 0.056874 0.769073 2.216413
v 0.056874 0.758216 2.216413
v 0.049197 0.750539 2.216413
v 0.038339 0.750539 2.216413
v 0.030662 0.758216 2.216413
v 0.030662 0.769073 2.216413
v 0.038339 0.776751 2.216413
v 0.008573 0.751479 2.210563
v 0.015955 0.751479 2.210563
v 0.015955 0.775809 2.210563
v 0.008573 0.775810 2.210563
v 0.040077 0.751479 2.210563
v 0.047459 0.751479 2.210563
v 0.047459 0.775809 2.210563
v 0.040077 0.775810 2.210563
v -0.078772 0.731475 2.235847
v -0.078772 0.818851 2.235847
v -0.078772 0.731475 2.215847
v -0.078772 0.818851 2.215847
v -0.008151 0.731475 2.235847
v -0.008151 0.818851 2.235847
v -0.008151 0.731475 2.215847
v -0.008151 0.818851 2.215847
v 0.069906 0.725677 2.235848
v 0.069906 0.800628 2.235848
v 0.069906 0.725677 2.215848
v 0.069906 0.800628 2.215848
v 0.167860 0.725677 2.235848
v 0.167860 0.800628 2.235848
v 0.167860 0.725677 2.215848
v 0.167860 0.800628 2.215848
v -0.133113 0.730823 2.231042
v -0.133113 0.730823 2.216283
v -0.082803 0.730823 2.231042
v -0.082803 0.730823 2.216283
v -0.133113 0.805616 2.231042
v -0.133113 0.805616 2.216283
v -0.082803 0.805616 2.231042
v -0.082803 0.805616 2.216283
v -0.185434 0.786811 2.216283
v -0.185434 0.776449 2.216283
v -0.138397 0.750686 2.216283
v -0.138397 0.761047 2.216283
v -0.163552 0.786811 2.216283
v -0.163552 0.776449 2.216283
v -0.160278 0.761047 2.216283
v -0.160278 0.750686 2.216283
v -0.185434 0.737804 2.216283
v -0.185434 0.799692 2.216283
v -0.163552 0.737804 2.216283
v -0.163552 0.799692 2.216283
v -0.185434 0.789332 2.216283
v -0.185434 0.748164 2.216283
v -0.138397 0.763568 2.216283
v -0.138397 0.773929 2.216283
v -0.163552 0.789332 2.216283
v -0.160278 0.773929 2.216283
v -0.160278 0.763568 2.216283
v -0.163552 0.748164 2.216283
v -0.138397 0.737804 2.216283
v -0.138397 0.799692 2.216283
v -0.160278 0.737804 2.216283
v -0.160278 0.799692 2.216283
v -0.185434 0.773929 2.216283
v -0.185434 0.763568 2.216283
v -0.138397 0.748164 2.216283
v -0.138397 0.789332 2.216283
v -0.160278 0.789332 2.216283
v -0.163552 0.773929 2.216283
v -0.163552 0.763568 2.216283
v -0.160278 0.748164 2.216283
v -0.185434 0.761047 2.216283
v -0.185434 0.750686 2.216283
v -0.138397 0.776449 2.216283
v -0.138397 0.786811 2.216283
v -0.160278 0.786811 2.216283
v -0.160278 0.776449 2.216283
v -0.163552 0.761047 2.216283
v -0.163552 0.750686 2.216283
v -0.184301 0.786274 2.214906
v -0.184301 0.776985 2.214906
v -0.139529 0.751222 2.214906
v -0.139529 0.760511 2.214906
v -0.164684 0.786274 2.214906
v -0.164684 0.776985 2.214906
v -0.159146 0.760511 2.214906
v -0.159146 0.751222 2.214906
v -0.164684 0.738340 2.214906
v -0.184301 0.738340 2.214906
v -0.184301 0.747629 2.214906
v -0.184301 0.799155 2.214906
v -0.164684 0.799155 2.214906
v -0.164684 0.747629 2.214906
v -0.184301 0.789867 2.214906
v -0.139529 0.764104 2.214906
v -0.139529 0.773393 2.214906
v -0.164684 0.789867 2.214906
v -0.159146 0.773393 2.214906
v -0.159146 0.764104 2.214906
v -0.139529 0.789867 2.214906
v -0.139529 0.799155 2.214906
v -0.159146 0.799155 2.214906
v -0.139529 0.738340 2.214906
v -0.159146 0.738340 2.214906
v -0.159146 0.747629 2.214906
v -0.184301 0.773393 2.214906
v -0.184301 0.764104 2.214906
v -0.139529 0.747629 2.214906
v -0.159146 0.789867 2.214906
v -0.164684 0.773393 2.214906
v -0.164684 0.764104 2.214906
v -0.184301 0.760511 2.214906
v -0.184301 0.751222 2.214906
v -0.139529 0.776985 2.214906
v -0.139529 0.786274 2.214906
v -0.159146 0.786274 2.214906
v -0.159146 0.776985 2.214906
v -0.164684 0.760511 2.214906
v -0.164684 0.751222 2.214906
v -0.187071 0.730823 2.231042
v -0.187071 0.730823 2.216283
v -0.136760 0.730823 2.231042
v -0.136760 0.730823 2.216283
v -0.187071 0.805616 2.231042
v -0.187071 0.805616 2.216283
v -0.136760 0.805616 2.231042
v -0.136760 0.805616 2.216283
v -0.131477 0.786811 2.216283
v -0.131477 0.776449 2.216283
v -0.084439 0.750686 2.216283
v -0.084439 0.761047 2.216283
v -0.109595 0.786811 2.216283
v -0.109595 0.776449 2.216283
v -0.106321 0.761047 2.216283
v -0.106321 0.750686 2.216283
v -0.131477 0.737804 2.216283
v -0.131477 0.799692 2.216283
v -0.109595 0.737804 2.216283
v -0.109595 0.799692 2.216283
v -0.131477 0.789332 2.216283
v -0.131477 0.748164 2.216283
v -0.084439 0.763568 2.216283
v -0.084439 0.773929 2.216283
v -0.109595 0.789332 2.216283
v -0.106321 0.773929 2.216283
v -0.106321 0.763568 2.216283
v -0.109595 0.748164 2.216283
v -0.084439 0.737804 2.216283
v -0.084439 0.799692 2.216283
v -0.106321 0.737804 2.216283
v -0.106321 0.799692 2.216283
v -0.131477 0.773929 2.216283
v -0.131477 0.763568 2.216283
v -0.084439 0.748164 2.216283
v -0.084439 0.789332 2.216283
v -0.106321 0.789332 2.216283
v -0.109595 0.773929 2.216283
v -0.109595 0.763568 2.216283
v -0.106321 0.748164 2.216283
v -0.131477 0.761047 2.216283
v -0.131477 0.750686 2.216283
v -0.084439 0.776449 2.216283
v -0.084439 0.786811 2.216283
v -0.106321 0.786811 2.216283
v -0.106321 0.776449 2.216283
v -0.109595 0.761047 2.216283
v -0.109595 0.750686 2.216283
v -0.130344 0.786274 2.214906
v -0.130344 0.776985 2.214906
v -0.085572 0.751222 2.214906
v -0.085572 0.760511 2.214906
v -0.110727 0.786274 2.214906
v -0.110727 0.776985 2.214906
v -0.105189 0.760511 2.214906
v -0.105189 0.751222 2.214906
v -0.110727 0.738340 2.214906
v -0.130344 0.738340 2.214906
v -0.130344 0.747629 2.214906
v -0.130344 0.799155 2.214906
v -0.110727 0.799155 2.214906
v -0.110727 0.747629 2.214906
v -0.130344 0.789867 2.214906
v -0.085572 0.764104 2.214906
v -0.085572 0.773393 2.214906
v -0.110727 0.789867 2.214906
v -0.105189 0.773393 2.214906
v -0.105189 0.764104 2.214906
v -0.085572 0.789867 2.214906
v -0.085572 0.799155 2.214906
v -0.105189 0.799155 2.214906
v -0.085572 0.738340 2.214906
v -0.105189 0.738340 2.214906
v -0.105189 0.747629 2.214906
v -0.130344 0.773393 2.214906
v -0.130344 0.764104 2.214906
v -0.085572 0.747629 2.214906
v -0.105189 0.789867 2.214906
v -0.110727 0.773393 2.214906
v -0.110727 0.764104 2.214906
v -0.130344 0.760511 2.214906
v -0.130344 0.751222 2.214906
v -0.085572 0.776985 2.214906
v -0.085572 0.786274 2.214906
v -0.105189 0.786274 2.214906
v -0.105189 0.776985 2.214906
v -0.110727 0.760511 2.214906
v -0.110727 0.751222 2.214906
v -0.126013 1.021785 2.216283
v -0.126013 1.011423 2.216283
v -0.078976 0.985660 2.216283
v -0.078976 0.996020 2.216283
v -0.104132 1.021785 2.216283
v -0.104132 1.011423 2.216283
v -0.100858 0.996020 2.216283
v -0.100858 0.985660 2.216283
v -0.126013 0.972777 2.216283
v -0.126013 1.034666 2.216283
v -0.104132 0.972777 2.216283
v -0.104132 1.034666 2.216283
v -0.126013 1.024305 2.216283
v -0.126013 0.983138 2.216283
v -0.078976 0.998542 2.216283
v -0.078976 1.008903 2.216283
v -0.104132 1.024305 2.216283
v -0.100858 1.008903 2.216283
v -0.100858 0.998542 2.216283
v -0.104132 0.983138 2.216283
v -0.078976 0.972777 2.216283
v -0.078976 1.034666 2.216283
v -0.100858 0.972777 2.216283
v -0.100858 1.034666 2.216283
v -0.126013 1.008903 2.216283
v -0.126013 0.998542 2.216283
v -0.078976 0.983138 2.216283
v -0.078976 1.024305 2.216283
v -0.100858 1.024305 2.216283
v -0.104132 1.008903 2.216283
v -0.104132 0.998542 2.216283
v -0.100858 0.983138 2.216283
v -0.126013 0.996020 2.216283
v -0.126013 0.985660 2.216283
v -0.078976 1.011423 2.216283
v -0.078976 1.021785 2.216283
v -0.100858 1.021785 2.216283
v -0.100858 1.011423 2.216283
v -0.104132 0.996020 2.216283
v -0.104132 0.985660 2.216283
v -0.124881 1.021248 2.214906
v -0.124881 1.011959 2.214906
v -0.080109 0.986196 2.214906
v -0.080109 0.995484 2.214906
v -0.105264 1.021248 2.214906
v -0.105264 1.011959 2.214906
v -0.099726 0.995484 2.214906
v -0.099726 0.986196 2.214906
v -0.105264 0.973314 2.214906
v -0.124881 0.973314 2.214906
v -0.124881 0.982603 2.214906
v -0.124881 1.034130 2.214906
v -0.105264 1.034130 2.214906
v -0.105264 0.982603 2.214906
v -0.124881 1.024841 2.214906
v -0.080109 0.999078 2.214906
v -0.080109 1.008367 2.214906
v -0.105264 1.024841 2.214906
v -0.099726 1.008367 2.214906
v -0.099726 0.999078 2.214906
v -0.080109 1.024841 2.214906
v -0.080109 1.034130 2.214906
v -0.099726 1.034130 2.214906
v -0.080109 0.973314 2.214906
v -0.099726 0.973314 2.214906
v -0.099726 0.982603 2.214906
v -0.124881 1.008367 2.214906
v -0.124881 0.999078 2.214906
v -0.080109 0.982603 2.214906
v -0.099726 1.024841 2.214906
v -0.105264 1.008367 2.214906
v -0.105264 0.999078 2.214906
v -0.124881 0.995484 2.214906
v -0.124881 0.986196 2.214906
v -0.080109 1.011959 2.214906
v -0.080109 1.021248 2.214906
v -0.099726 1.021248 2.214906
v -0.099726 1.011959 2.214906
v -0.105264 0.995484 2.214906
v -0.105264 0.986196 2.214906
v -0.078976 1.090053 2.216283
v -0.100858 1.090053 2.216283
v -0.078976 1.054828 2.216283
v -0.078976 1.064932 2.216283
v -0.078976 1.079950 2.216283
v -0.100858 1.079950 2.216283
v -0.100858 1.064932 2.216283
v -0.100858 1.054828 2.216283
v -0.078976 1.042267 2.216283
v -0.100858 1.042267 2.216283
v -0.078976 1.052371 2.216283
v -0.078976 1.067390 2.216283
v -0.078976 1.077492 2.216283
v -0.100858 1.077492 2.216283
v -0.100858 1.067390 2.216283
v -0.100858 1.052371 2.216283
v -0.126013 1.042267 2.216283
v -0.104132 1.042267 2.216283
v -0.126013 1.077492 2.216283
v -0.126013 1.067390 2.216283
v -0.126013 1.052371 2.216283
v -0.104132 1.077492 2.216283
v -0.104132 1.067390 2.216283
v -0.104132 1.052371 2.216283
v -0.126013 1.090053 2.216283
v -0.104132 1.090053 2.216283
v -0.126013 1.079950 2.216283
v -0.126013 1.064932 2.216283
v -0.126013 1.054828 2.216283
v -0.104132 1.079950 2.216283
v -0.104132 1.064932 2.216283
v -0.104132 1.054828 2.216283
v -0.080109 1.080473 2.214906
v -0.080109 1.089530 2.214906
v -0.099726 1.089530 2.214906
v -0.080109 1.055350 2.214906
v -0.080109 1.064408 2.214906
v -0.099726 1.080473 2.214906
v -0.099726 1.064408 2.214906
v -0.099726 1.055350 2.214906
v -0.099726 1.042791 2.214906
v -0.080109 1.042791 2.214906
v -0.099726 1.051848 2.214906
v -0.080109 1.051848 2.214906
v -0.080109 1.067912 2.214906
v -0.080109 1.076969 2.214906
v -0.099726 1.076969 2.214906
v -0.099726 1.067912 2.214906
v -0.124881 1.051848 2.214906
v -0.124881 1.042791 2.214906
v -0.105264 1.042791 2.214906
v -0.105264 1.051848 2.214906
v -0.124881 1.076969 2.214906
v -0.124881 1.067912 2.214906
v -0.105264 1.076969 2.214906
v -0.105264 1.067912 2.214906
v -0.105264 1.089530 2.214906
v -0.124881 1.089530 2.214906
v -0.124881 1.080473 2.214906
v -0.124881 1.064408 2.214906
v -0.124881 1.055350 2.214906
v -0.105264 1.080473 2.214906
v -0.105264 1.064408 2.214906
v -0.105264 1.055350 2.214906
v -0.351707 0.791726 2.045617
v -0.351707 0.806431 2.045617
v -0.347651 0.796640 2.050530
v -0.347651 0.801519 2.050530
v -0.351707 0.791726 2.060322
v -0.351707 0.806431 2.060322
v -0.347651 0.796640 2.055409
v -0.347651 0.801519 2.055409
v -0.347651 0.806431 2.045617
v -0.347651 0.791726 2.045617
v -0.347651 0.791726 2.060322
v -0.347651 0.806431 2.060322
v -0.334242 0.797984 2.049642
v -0.334242 0.791329 2.049642
v -0.334242 0.791329 2.056297
v -0.334242 0.797984 2.056297
v -0.332672 0.796254 2.050944
v -0.332672 0.792202 2.050944
v -0.332672 0.792202 2.054996
v -0.332672 0.796254 2.054996
v -0.351707 0.791726 2.025031
v -0.351707 0.806431 2.025031
v -0.347651 0.796640 2.029943
v -0.347651 0.801519 2.029943
v -0.351707 0.791726 2.039736
v -0.351707 0.806431 2.039736
v -0.347651 0.796640 2.034824
v -0.347651 0.801519 2.034824
v -0.347651 0.806431 2.025031
v -0.347651 0.791726 2.025031
v -0.347651 0.791726 2.039736
v -0.347651 0.806431 2.039736
v -0.334242 0.797984 2.029057
v -0.334242 0.791329 2.029057
v -0.334242 0.791329 2.035711
v -0.334242 0.797984 2.035711
v -0.332672 0.796254 2.030358
v -0.332672 0.792202 2.030358
v -0.332672 0.792202 2.034410
v -0.332672 0.796254 2.034410
v -0.351707 0.791726 2.004445
v -0.351707 0.806431 2.004445
v -0.347651 0.796640 2.009357
v -0.347651 0.801519 2.009357
v -0.351707 0.791726 2.019151
v -0.351707 0.806431 2.019151
v -0.347651 0.796640 2.014237
v -0.347651 0.801519 2.014237
v -0.347651 0.806431 2.004445
v -0.347651 0.791726 2.004445
v -0.347651 0.791726 2.019151
v -0.347651 0.806431 2.019151
v -0.334242 0.797984 2.008470
v -0.334242 0.791329 2.008470
v -0.334242 0.791329 2.015125
v -0.334242 0.797984 2.015125
v -0.332672 0.796254 2.009771
v -0.332672 0.792202 2.009771
v -0.332672 0.792202 2.013823
v -0.332672 0.796254 2.013823
v -0.351707 0.791726 1.983860
v -0.351707 0.806431 1.983860
v -0.347651 0.796640 1.988771
v -0.347651 0.801519 1.988771
v -0.351707 0.791726 1.998564
v -0.351707 0.806431 1.998564
v -0.347651 0.796640 1.993650
v -0.347651 0.801519 1.993650
v -0.347651 0.806431 1.983860
v -0.347651 0.791726 1.983860
v -0.347651 0.791726 1.998564
v -0.347651 0.806431 1.998564
v -0.334242 0.797984 1.987885
v -0.334242 0.791329 1.987885
v -0.334242 0.791329 1.994539
v -0.334242 0.797984 1.994539
v -0.332672 0.796254 1.989185
v -0.332672 0.792202 1.989185
v -0.332672 0.792202 1.993237
v -0.332672 0.796254 1.993237
v -0.351707 0.791726 1.963273
v -0.351707 0.806431 1.963273
v -0.347651 0.796640 1.968186
v -0.347651 0.801519 1.968186
v -0.351707 0.791726 1.977979
v -0.351707 0.806431 1.977979
v -0.347651 0.796640 1.973065
v -0.347651 0.801519 1.973065
v -0.347651 0.806431 1.963273
v -0.347651 0.791726 1.963273
v -0.347651 0.791726 1.977979
v -0.347651 0.806431 1.977979
v -0.334242 0.797984 1.967299
v -0.334242 0.791329 1.967299
v -0.334242 0.791329 1.973952
v -0.334242 0.797984 1.973952
v -0.332672 0.796254 1.968599
v -0.332672 0.792202 1.968599
v -0.332672 0.792202 1.972651
v -0.332672 0.796254 1.972651
v -0.356108 0.837879 2.141492
v -0.356108 0.852303 2.141492
v -0.345135 0.837879 2.141492
v -0.345135 0.852303 2.141492
v -0.356108 0.837879 2.155915
v -0.356108 0.852303 2.155915
v -0.345135 0.837879 2.155915
v -0.345135 0.852303 2.155915
v -0.356108 0.814801 2.141492
v -0.356108 0.829225 2.141492
v -0.345135 0.814801 2.141492
v -0.345135 0.829225 2.141492
v -0.356108 0.814801 2.155915
v -0.356108 0.829225 2.155915
v -0.345135 0.814801 2.155915
v -0.345135 0.829225 2.155915
v -0.356108 0.791724 2.141492
v -0.356108 0.806148 2.141492
v -0.345135 0.791724 2.141492
v -0.345135 0.806148 2.141492
v -0.356108 0.791724 2.155915
v -0.356108 0.806148 2.155915
v -0.345135 0.791724 2.155915
v -0.345135 0.806148 2.155915
v -0.356108 0.768645 2.141492
v -0.356108 0.783069 2.141492
v -0.345135 0.768645 2.141492
v -0.345135 0.783069 2.141492
v -0.356108 0.768645 2.155915
v -0.356108 0.783069 2.155915
v -0.345135 0.768645 2.155915
v -0.345135 0.783069 2.155915
v -0.356108 0.745568 2.141492
v -0.356108 0.759992 2.141492
v -0.345135 0.745568 2.141492
v -0.345135 0.759992 2.141492
v -0.356108 0.745568 2.155915
v -0.356108 0.759992 2.155915
v -0.345135 0.745568 2.155915
v -0.345135 0.759992 2.155915
v -0.356108 0.826106 2.119048
v -0.356108 0.840530 2.119048
v -0.345135 0.826106 2.119048
v -0.345135 0.840530 2.119048
v -0.356108 0.826106 2.133471
v -0.356108 0.840530 2.133471
v -0.345135 0.826106 2.133471
v -0.345135 0.840530 2.133471
v -0.356108 0.803028 2.119048
v -0.356108 0.817453 2.119048
v -0.345135 0.803028 2.119048
v -0.345135 0.817453 2.119048
v -0.356108 0.803028 2.133471
v -0.356108 0.817453 2.133471
v -0.345135 0.803028 2.133471
v -0.345135 0.817453 2.133471
v -0.356108 0.779951 2.119048
v -0.356108 0.794375 2.119048
v -0.345135 0.779951 2.119048
v -0.345135 0.794375 2.119048
v -0.356108 0.779951 2.133471
v -0.356108 0.794375 2.133471
v -0.345135 0.779951 2.133471
v -0.345135 0.794375 2.133471
v -0.356108 0.756873 2.119048
v -0.356108 0.771297 2.119048
v -0.345135 0.756873 2.119048
v -0.345135 0.771297 2.119048
v -0.356108 0.756873 2.133471
v -0.356108 0.771297 2.133471
v -0.345135 0.756873 2.133471
v -0.345135 0.771297 2.133471
v -0.353389 0.726853 2.101803
v -0.353389 0.750229 2.101803
v -0.343625 0.730403 2.105352
v -0.343625 0.746679 2.105352
v -0.353389 0.726853 2.125179
v -0.353389 0.750229 2.125179
v -0.343625 0.730403 2.121629
v -0.343625 0.746679 2.121629
v -0.343625 0.750229 2.101803
v -0.343625 0.726853 2.101803
v -0.343625 0.726853 2.125179
v -0.343625 0.750229 2.125179
v -0.338779 0.746679 2.105352
v -0.338779 0.730403 2.105352
v -0.338779 0.730403 2.121629
v -0.338779 0.746679 2.121629
v -0.353389 0.867641 2.089087
v -0.353389 0.891017 2.089087
v -0.343625 0.871191 2.092637
v -0.343625 0.887467 2.092637
v -0.353389 0.867641 2.112464
v -0.353389 0.891017 2.112464
v -0.343625 0.871191 2.108914
v -0.343625 0.887467 2.108914
v -0.343625 0.891017 2.089087
v -0.343625 0.867641 2.089087
v -0.343625 0.867641 2.112464
v -0.343625 0.891017 2.112464
v -0.338779 0.887467 2.092637
v -0.338779 0.871191 2.092637
v -0.338779 0.871191 2.108914
v -0.338779 0.887467 2.108914
v 0.356557 0.808083 1.836275
v 0.356557 0.840293 1.836275
v 0.356557 0.808083 1.841770
v 0.356557 0.840293 1.841770
v 0.349708 0.809679 1.836275
v 0.349708 0.838696 1.836275
v 0.349708 0.809679 1.841770
v 0.349708 0.838696 1.841770
v 0.345206 0.814963 1.836275
v 0.345206 0.833412 1.836275
v 0.345206 0.814963 1.841770
v 0.345206 0.833412 1.841770
v 0.355460 0.804237 1.836275
v 0.355460 0.844139 1.836275
v 0.355460 0.804237 1.841770
v 0.355460 0.844139 1.841770
v 0.347146 0.806609 1.836275
v 0.347146 0.841768 1.836275
v 0.347146 0.806609 1.841770
v 0.347146 0.841768 1.841770
v 0.341311 0.813236 1.836275
v 0.341311 0.835140 1.836275
v 0.341311 0.813236 1.841770
v 0.341311 0.835140 1.841770
v 0.356557 0.808083 1.799486
v 0.356557 0.840293 1.799486
v 0.356557 0.808083 1.804981
v 0.356557 0.840293 1.804981
v 0.349708 0.809679 1.799486
v 0.349708 0.838696 1.799486
v 0.349708 0.809679 1.804981
v 0.349708 0.838696 1.804981
v 0.345206 0.814963 1.799486
v 0.345206 0.833412 1.799486
v 0.345206 0.814963 1.804981
v 0.345206 0.833412 1.804981
v 0.355460 0.804237 1.799486
v 0.355460 0.844139 1.799486
v 0.355460 0.804237 1.804981
v 0.355460 0.844139 1.804981
v 0.347146 0.806609 1.799486
v 0.347146 0.841768 1.799486
v 0.347146 0.806609 1.804981
v 0.347146 0.841768 1.804981
v 0.341311 0.813236 1.799486
v 0.341311 0.835140 1.799486
v 0.341311 0.813236 1.804981
v 0.341311 0.835140 1.804981
v 0.356557 0.808083 1.763101
v 0.356557 0.840293 1.763101
v 0.356557 0.808083 1.768595
v 0.356557 0.840293 1.768595
v 0.349708 0.809679 1.763101
v 0.349708 0.838696 1.763101
v 0.349708 0.809679 1.768595
v 0.349708 0.838696 1.768595
v 0.345206 0.814963 1.763101
v 0.345206 0.833412 1.763101
v 0.345206 0.814963 1.768595
v 0.345206 0.833412 1.768595
v 0.355460 0.804237 1.763101
v 0.355460 0.844139 1.763101
v 0.355460 0.804237 1.768595
v 0.355460 0.844139 1.768595
v 0.347146 0.806609 1.763101
v 0.347146 0.841768 1.763101
v 0.347146 0.806609 1.768595
v 0.347146 0.841768 1.768595
v 0.341311 0.813236 1.763101
v 0.341311 0.835140 1.763101
v 0.341311 0.813236 1.768595
v 0.341311 0.835140 1.768595
v 0.355918 0.813576 1.832695
v 0.355918 0.837772 1.832695
v 0.349243 0.821659 1.824610
v 0.349243 0.829689 1.824610
v 0.355918 0.813576 1.808498
v 0.355918 0.837772 1.808498
v 0.349243 0.821659 1.816582
v 0.349243 0.829689 1.816582
v 0.349243 0.837772 1.832695
v 0.349243 0.813576 1.832695
v 0.349243 0.813576 1.808498
v 0.349243 0.837772 1.808498
v 0.327176 0.823872 1.826072
v 0.327176 0.812922 1.826072
v 0.327176 0.812922 1.815121
v 0.327176 0.823872 1.815121
v 0.324594 0.821026 1.823930
v 0.324594 0.814361 1.823930
v 0.324594 0.814361 1.817262
v 0.324594 0.821026 1.817262
v 0.355918 0.813576 1.796399
v 0.355918 0.837772 1.796399
v 0.349243 0.821659 1.788316
v 0.349243 0.829689 1.788316
v 0.355918 0.813576 1.772202
v 0.355918 0.837772 1.772202
v 0.349243 0.821659 1.780286
v 0.349243 0.829689 1.780286
v 0.349243 0.837772 1.796399
v 0.349243 0.813576 1.796399
v 0.349243 0.813576 1.772202
v 0.349243 0.837772 1.772202
v 0.327176 0.823872 1.789776
v 0.327176 0.812922 1.789776
v 0.327176 0.812922 1.778825
v 0.327176 0.823872 1.778825
v 0.324594 0.821026 1.787635
v 0.324594 0.814361 1.787635
v 0.324594 0.814361 1.780968
v 0.324594 0.821026 1.780968
v 0.356557 0.764862 1.836275
v 0.356557 0.797073 1.836275
v 0.356557 0.764862 1.841770
v 0.356557 0.797073 1.841770
v 0.349708 0.766461 1.836275
v 0.349708 0.795475 1.836275
v 0.349708 0.766461 1.841770
v 0.349708 0.795475 1.841770
v 0.345206 0.771744 1.836275
v 0.345206 0.790192 1.836275
v 0.345206 0.771744 1.841770
v 0.345206 0.790192 1.841770
v 0.355460 0.761017 1.836275
v 0.355460 0.800919 1.836275
v 0.355460 0.761017 1.841770
v 0.355460 0.800919 1.841770
v 0.347146 0.763389 1.836275
v 0.347146 0.798548 1.836275
v 0.347146 0.763389 1.841770
v 0.347146 0.798548 1.841770
v 0.341311 0.770016 1.836275
v 0.341311 0.791920 1.836275
v 0.341311 0.770016 1.841770
v 0.341311 0.791920 1.841770
v 0.356557 0.764862 1.799486
v 0.356557 0.797073 1.799486
v 0.356557 0.764862 1.804981
v 0.356557 0.797073 1.804981
v 0.349708 0.766461 1.799486
v 0.349708 0.795475 1.799486
v 0.349708 0.766461 1.804981
v 0.349708 0.795475 1.804981
v 0.345206 0.771744 1.799486
v 0.345206 0.790192 1.799486
v 0.345206 0.771744 1.804981
v 0.345206 0.790192 1.804981
v 0.355460 0.761017 1.799486
v 0.355460 0.800919 1.799486
v 0.355460 0.761017 1.804981
v 0.355460 0.800919 1.804981
v 0.347146 0.763389 1.799486
v 0.347146 0.798548 1.799486
v 0.347146 0.763389 1.804981
v 0.347146 0.798548 1.804981
v 0.341311 0.770016 1.799486
v 0.341311 0.791920 1.799486
v 0.341311 0.770016 1.804981
v 0.341311 0.791920 1.804981
v 0.356557 0.764862 1.763101
v 0.356557 0.797073 1.763101
v 0.356557 0.764862 1.768595
v 0.356557 0.797073 1.768595
v 0.349708 0.766461 1.763101
v 0.349708 0.795475 1.763101
v 0.349708 0.766461 1.768595
v 0.349708 0.795475 1.768595
v 0.345206 0.771744 1.763101
v 0.345206 0.790192 1.763101
v 0.345206 0.771744 1.768595
v 0.345206 0.790192 1.768595
v 0.355460 0.761017 1.763101
v 0.355460 0.800919 1.763101
v 0.355460 0.761017 1.768595
v 0.355460 0.800919 1.768595
v 0.347146 0.763389 1.763101
v 0.347146 0.798548 1.763101
v 0.347146 0.763389 1.768595
v 0.347146 0.798548 1.768595
v 0.341311 0.770016 1.763101
v 0.341311 0.791920 1.763101
v 0.341311 0.770016 1.768595
v 0.341311 0.791920 1.768595
v 0.355918 0.770355 1.832695
v 0.355918 0.794552 1.832695
v 0.349243 0.778439 1.824610
v 0.349243 0.786469 1.824610
v 0.355918 0.770355 1.808498
v 0.355918 0.794552 1.808498
v 0.349243 0.778439 1.816582
v 0.349243 0.786469 1.816582
v 0.349243 0.794552 1.832695
v 0.349243 0.770355 1.832695
v 0.349243 0.770355 1.808498
v 0.349243 0.794552 1.808498
v 0.327176 0.780654 1.826072
v 0.327176 0.769701 1.826072
v 0.327176 0.769701 1.815121
v 0.327176 0.780654 1.815121
v 0.324594 0.777805 1.823930
v 0.324594 0.771140 1.823930
v 0.324594 0.771140 1.817262
v 0.324594 0.777805 1.817262
v 0.355918 0.770355 1.796399
v 0.355918 0.794552 1.796399
v 0.349243 0.778439 1.788316
v 0.349243 0.786469 1.788316
v 0.355918 0.770355 1.772202
v 0.355918 0.794552 1.772202
v 0.349243 0.778439 1.780286
v 0.349243 0.786469 1.780286
v 0.349243 0.794552 1.796399
v 0.349243 0.770355 1.796399
v 0.349243 0.770355 1.772202
v 0.349243 0.794552 1.772202
v 0.327176 0.780654 1.789776
v 0.327176 0.769701 1.789776
v 0.327176 0.769701 1.778825
v 0.327176 0.780654 1.778825
v 0.324594 0.777805 1.787635
v 0.324594 0.771140 1.787635
v 0.324594 0.771140 1.780968
v 0.324594 0.777805 1.780968
v -0.356557 0.833526 1.813629
v -0.356557 0.865734 1.813629
v -0.356557 0.833526 1.819123
v -0.356557 0.865734 1.819123
v -0.349708 0.835121 1.813629
v -0.349708 0.864138 1.813629
v -0.349708 0.835121 1.819123
v -0.349708 0.864138 1.819123
v -0.345206 0.840405 1.813629
v -0.345206 0.858855 1.813629
v -0.345206 0.840405 1.819123
v -0.345206 0.858855 1.819123
v -0.355460 0.829678 1.813629
v -0.355460 0.869582 1.813629
v -0.355460 0.829678 1.819123
v -0.355460 0.869582 1.819123
v -0.347146 0.832049 1.813629
v -0.347146 0.867210 1.813629
v -0.347146 0.832049 1.819123
v -0.347146 0.867210 1.819123
v -0.341311 0.838677 1.813629
v -0.341311 0.860581 1.813629
v -0.341311 0.838677 1.819123
v -0.341311 0.860581 1.819123
v -0.356557 0.790305 1.813629
v -0.356557 0.822514 1.813629
v -0.356557 0.790305 1.819123
v -0.356557 0.822514 1.819123
v -0.349708 0.791901 1.813629
v -0.349708 0.820917 1.813629
v -0.349708 0.791901 1.819123
v -0.349708 0.820917 1.819123
v -0.345206 0.797184 1.813629
v -0.345206 0.815635 1.813629
v -0.345206 0.797184 1.819123
v -0.345206 0.815635 1.819123
v -0.355460 0.786457 1.813629
v -0.355460 0.826362 1.813629
v -0.355460 0.786457 1.819123
v -0.355460 0.826362 1.819123
v -0.347146 0.788828 1.813629
v -0.347146 0.823990 1.813629
v -0.347146 0.788828 1.819123
v -0.347146 0.823990 1.819123
v -0.341311 0.795458 1.813629
v -0.341311 0.817362 1.813629
v -0.341311 0.795458 1.819123
v -0.341311 0.817362 1.819123
v -0.355918 0.897260 1.663156
v -0.355918 0.921456 1.663156
v -0.349243 0.905342 1.655072
v -0.349243 0.913373 1.655072
v -0.355918 0.897260 1.638959
v -0.355918 0.921456 1.638959
v -0.349243 0.905342 1.647042
v -0.349243 0.913373 1.647042
v -0.349243 0.921456 1.663156
v -0.349243 0.897260 1.663156
v -0.349243 0.897260 1.638959
v -0.349243 0.921456 1.638959
v -0.327176 0.907556 1.656533
v -0.327176 0.896605 1.656533
v -0.327176 0.896605 1.645583
v -0.327176 0.907556 1.645583
v -0.324594 0.904710 1.654390
v -0.324594 0.898043 1.654390
v -0.324594 0.898043 1.647724
v -0.324594 0.904710 1.647724
v -0.355918 0.897260 1.626861
v -0.355918 0.921456 1.626861
v -0.349243 0.905342 1.618776
v -0.349243 0.913373 1.618776
v -0.355918 0.897260 1.602663
v -0.355918 0.921456 1.602663
v -0.349243 0.905342 1.610747
v -0.349243 0.913373 1.610747
v -0.349243 0.921456 1.626861
v -0.349243 0.897260 1.626861
v -0.349243 0.897260 1.602663
v -0.349243 0.921456 1.602663
v -0.327176 0.907556 1.620236
v -0.327176 0.896605 1.620236
v -0.327176 0.896605 1.609287
v -0.327176 0.907556 1.609287
v -0.324594 0.904710 1.618096
v -0.324594 0.898043 1.618096
v -0.324594 0.898043 1.611428
v -0.324594 0.904710 1.611428
v -0.356557 0.893888 1.630075
v -0.356557 0.926099 1.630075
v -0.356557 0.893888 1.635569
v -0.356557 0.926099 1.635569
v -0.349708 0.895485 1.630075
v -0.349708 0.924501 1.630075
v -0.349708 0.895485 1.635569
v -0.349708 0.924501 1.635569
v -0.345206 0.900769 1.630075
v -0.345206 0.919218 1.630075
v -0.345206 0.900769 1.635569
v -0.345206 0.919218 1.635569
v -0.355460 0.890042 1.630075
v -0.355460 0.929944 1.630075
v -0.355460 0.890042 1.635569
v -0.355460 0.929944 1.635569
v -0.347146 0.892412 1.630075
v -0.347146 0.927574 1.630075
v -0.347146 0.892412 1.635569
v -0.347146 0.927574 1.635569
v -0.341311 0.899041 1.630075
v -0.341311 0.920945 1.630075
v -0.341311 0.899041 1.635569
v -0.341311 0.920945 1.635569
v -0.356557 0.893888 1.594070
v -0.356557 0.926099 1.594070
v -0.356557 0.893888 1.599564
v -0.356557 0.926099 1.599564
v -0.349708 0.895485 1.594070
v -0.349708 0.924501 1.594070
v -0.349708 0.895485 1.599564
v -0.349708 0.924501 1.599564
v -0.345206 0.900769 1.594070
v -0.345206 0.919218 1.594070
v -0.345206 0.900769 1.599564
v -0.345206 0.919218 1.599564
v -0.355460 0.890042 1.594070
v -0.355460 0.929944 1.594070
v -0.355460 0.890042 1.599564
v -0.355460 0.929944 1.599564
v -0.347146 0.892412 1.594070
v -0.347146 0.927574 1.594070
v -0.347146 0.892412 1.599564
v -0.347146 0.927574 1.599564
v -0.341311 0.899041 1.594070
v -0.341311 0.920945 1.594070
v -0.341311 0.899041 1.599564
v -0.341311 0.920945 1.599564
v 0.355918 0.897262 1.909822
v 0.355918 0.921457 1.909822
v 0.349243 0.905344 1.901738
v 0.349243 0.913375 1.901738
v 0.355918 0.897262 1.885625
v 0.355918 0.921457 1.885625
v 0.349243 0.905344 1.893708
v 0.349243 0.913375 1.893708
v 0.349243 0.921457 1.909822
v 0.349243 0.897262 1.909822
v 0.349243 0.897262 1.885625
v 0.349243 0.921457 1.885625
v 0.327176 0.907558 1.903198
v 0.327176 0.896607 1.903198
v 0.327176 0.896607 1.892249
v 0.327176 0.907558 1.892249
v 0.324594 0.904712 1.901056
v 0.324594 0.898045 1.901056
v 0.324594 0.898045 1.894390
v 0.324594 0.904712 1.894390
v 0.355918 0.897262 1.873527
v 0.355918 0.921457 1.873527
v 0.349243 0.905344 1.865442
v 0.349243 0.913375 1.865442
v 0.355918 0.897262 1.849329
v 0.355918 0.921457 1.849329
v 0.349243 0.905344 1.857413
v 0.349243 0.913375 1.857413
v 0.349243 0.921457 1.873527
v 0.349243 0.897262 1.873527
v 0.349243 0.897262 1.849329
v 0.349243 0.921457 1.849329
v 0.327176 0.907558 1.866902
v 0.327176 0.896607 1.866902
v 0.327176 0.896607 1.855951
v 0.327176 0.907558 1.855951
v 0.324594 0.904712 1.864762
v 0.324594 0.898045 1.864762
v 0.324594 0.898045 1.858094
v 0.324594 0.904712 1.858094
v 0.355918 0.897262 1.837231
v 0.355918 0.921457 1.837231
v 0.349243 0.905344 1.829147
v 0.349243 0.913375 1.829147
v 0.355918 0.897262 1.813034
v 0.355918 0.921457 1.813034
v 0.349243 0.905344 1.821117
v 0.349243 0.913375 1.821117
v 0.349243 0.921457 1.837231
v 0.349243 0.897262 1.837231
v 0.349243 0.897262 1.813034
v 0.349243 0.921457 1.813034
v 0.327176 0.907558 1.830608
v 0.327176 0.896607 1.830608
v 0.327176 0.896607 1.819657
v 0.327176 0.907558 1.819657
v 0.324594 0.904712 1.828465
v 0.324594 0.898045 1.828465
v 0.324594 0.898045 1.821797
v 0.324594 0.904712 1.821797
v 0.355918 0.897262 1.800935
v 0.355918 0.921457 1.800935
v 0.349243 0.905344 1.792851
v 0.349243 0.913375 1.792851
v 0.355918 0.897262 1.776738
v 0.355918 0.921457 1.776738
v 0.349243 0.905344 1.784822
v 0.349243 0.913375 1.784822
v 0.349243 0.921457 1.800935
v 0.349243 0.897262 1.800935
v 0.349243 0.897262 1.776738
v 0.349243 0.921457 1.776738
v 0.327176 0.907558 1.794312
v 0.327176 0.896607 1.794312
v 0.327176 0.896607 1.783362
v 0.327176 0.907558 1.783362
v 0.324594 0.904712 1.792170
v 0.324594 0.898045 1.792170
v 0.324594 0.898045 1.785503
v 0.324594 0.904712 1.785503
v 0.356557 0.893890 1.877323
v 0.356557 0.926101 1.877323
v 0.356557 0.893890 1.882817
v 0.356557 0.926101 1.882817
v 0.349708 0.895487 1.877323
v 0.349708 0.924503 1.877323
v 0.349708 0.895487 1.882817
v 0.349708 0.924503 1.882817
v 0.345206 0.900771 1.877323
v 0.345206 0.919220 1.877323
v 0.345206 0.900771 1.882817
v 0.345206 0.919220 1.882817
v 0.355460 0.890044 1.877323
v 0.355460 0.929946 1.877323
v 0.355460 0.890044 1.882817
v 0.355460 0.929946 1.882817
v 0.347146 0.892414 1.877323
v 0.347146 0.927575 1.877323
v 0.347146 0.892414 1.882817
v 0.347146 0.927575 1.882817
v 0.341311 0.899043 1.877323
v 0.341311 0.920947 1.877323
v 0.341311 0.899043 1.882817
v 0.341311 0.920947 1.882817
v 0.356557 0.893890 1.913329
v 0.356557 0.926101 1.913329
v 0.356557 0.893890 1.918823
v 0.356557 0.926101 1.918823
v 0.349708 0.895487 1.913329
v 0.349708 0.924503 1.913329
v 0.349708 0.895487 1.918823
v 0.349708 0.924503 1.918823
v 0.345206 0.900771 1.913329
v 0.345206 0.919220 1.913329
v 0.345206 0.900771 1.918823
v 0.345206 0.919220 1.918823
v 0.355460 0.890044 1.913329
v 0.355460 0.929946 1.913329
v 0.355460 0.890044 1.918823
v 0.355460 0.929946 1.918823
v 0.347146 0.892414 1.913329
v 0.347146 0.927575 1.913329
v 0.347146 0.892414 1.918823
v 0.347146 0.927575 1.918823
v 0.341311 0.899043 1.913329
v 0.341311 0.920947 1.913329
v 0.341311 0.899043 1.918823
v 0.341311 0.920947 1.918823
v 0.356557 0.893890 1.840535
v 0.356557 0.926101 1.840535
v 0.356557 0.893890 1.846028
v 0.356557 0.926101 1.846028
v 0.349708 0.895487 1.840535
v 0.349708 0.924503 1.840535
v 0.349708 0.895487 1.846028
v 0.349708 0.924503 1.846028
v 0.345206 0.900771 1.840535
v 0.345206 0.919220 1.840535
v 0.345206 0.900771 1.846028
v 0.345206 0.919220 1.846028
v 0.355460 0.890044 1.840535
v 0.355460 0.929946 1.840535
v 0.355460 0.890044 1.846028
v 0.355460 0.929946 1.846028
v 0.347146 0.892414 1.840535
v 0.347146 0.927575 1.840535
v 0.347146 0.892414 1.846028
v 0.347146 0.927575 1.846028
v 0.341311 0.899043 1.840535
v 0.341311 0.920947 1.840535
v 0.341311 0.899043 1.846028
v 0.341311 0.920947 1.846028
v 0.356557 0.893890 1.804150
v 0.356557 0.926101 1.804150
v 0.356557 0.893890 1.809644
v 0.356557 0.926101 1.809644
v 0.349708 0.895487 1.804150
v 0.349708 0.924503 1.804150
v 0.349708 0.895487 1.809644
v 0.349708 0.924503 1.809644
v 0.345206 0.900771 1.804150
v 0.345206 0.919220 1.804150
v 0.345206 0.900771 1.809644
v 0.345206 0.919220 1.809644
v 0.355460 0.890044 1.804150
v 0.355460 0.929946 1.804150
v 0.355460 0.890044 1.809644
v 0.355460 0.929946 1.809644
v 0.347146 0.892414 1.804150
v 0.347146 0.927575 1.804150
v 0.347146 0.892414 1.809644
v 0.347146 0.927575 1.809644
v 0.341311 0.899043 1.804150
v 0.341311 0.920947 1.804150
v 0.341311 0.899043 1.809644
v 0.341311 0.920947 1.809644
v 0.356557 0.893890 1.768144
v 0.356557 0.926101 1.768144
v 0.356557 0.893890 1.773637
v 0.356557 0.926101 1.773637
v 0.349708 0.895487 1.768144
v 0.349708 0.924503 1.768144
v 0.349708 0.895487 1.773637
v 0.349708 0.924503 1.773637
v 0.345206 0.900771 1.768144
v 0.345206 0.919220 1.768144
v 0.345206 0.900771 1.773637
v 0.345206 0.919220 1.773637
v 0.355460 0.890044 1.768144
v 0.355460 0.929946 1.768144
v 0.355460 0.890044 1.773637
v 0.355460 0.929946 1.773637
v 0.347146 0.892414 1.768144
v 0.347146 0.927575 1.768144
v 0.347146 0.892414 1.773637
v 0.347146 0.927575 1.773637
v 0.341311 0.899043 1.768144
v 0.341311 0.920947 1.768144
v 0.341311 0.899043 1.773637
v 0.341311 0.920947 1.773637
v -0.355918 0.897262 1.809692
v -0.355918 0.921457 1.809692
v -0.349243 0.905344 1.801609
v -0.349243 0.913375 1.801609
v -0.355918 0.897262 1.785496
v -0.355918 0.921457 1.785496
v -0.349243 0.905344 1.793579
v -0.349243 0.913375 1.793579
v -0.349243 0.921457 1.809692
v -0.349243 0.897262 1.809692
v -0.349243 0.897262 1.785496
v -0.349243 0.921457 1.785496
v -0.327176 0.907558 1.803069
v -0.327176 0.896607 1.803069
v -0.327176 0.896607 1.792118
v -0.327176 0.907558 1.792118
v -0.324594 0.904712 1.800927
v -0.324594 0.898045 1.800927
v -0.324594 0.898045 1.794260
v -0.324594 0.904712 1.794260
v -0.355918 0.897262 1.773396
v -0.355918 0.921457 1.773396
v -0.349243 0.905344 1.765313
v -0.349243 0.913375 1.765313
v -0.355918 0.897262 1.749200
v -0.355918 0.921457 1.749200
v -0.349243 0.905344 1.757283
v -0.349243 0.913375 1.757283
v -0.349243 0.921457 1.773396
v -0.349243 0.897262 1.773396
v -0.349243 0.897262 1.749200
v -0.349243 0.921457 1.749200
v -0.327176 0.907558 1.766774
v -0.327176 0.896607 1.766774
v -0.327176 0.896607 1.755822
v -0.327176 0.907558 1.755822
v -0.324594 0.904712 1.764630
v -0.324594 0.898045 1.764630
v -0.324594 0.898045 1.757965
v -0.324594 0.904712 1.757965
v -0.356557 0.893890 1.777193
v -0.356557 0.926101 1.777193
v -0.356557 0.893890 1.782688
v -0.356557 0.926101 1.782688
v -0.349708 0.895487 1.777193
v -0.349708 0.924503 1.777193
v -0.349708 0.895487 1.782688
v -0.349708 0.924503 1.782688
v -0.345206 0.900771 1.777193
v -0.345206 0.919220 1.777193
v -0.345206 0.900771 1.782688
v -0.345206 0.919220 1.782688
v -0.355460 0.890044 1.777193
v -0.355460 0.929946 1.777193
v -0.355460 0.890044 1.782688
v -0.355460 0.929946 1.782688
v -0.347146 0.892414 1.777193
v -0.347146 0.927575 1.777193
v -0.347146 0.892414 1.782688
v -0.347146 0.927575 1.782688
v -0.341311 0.899043 1.777193
v -0.341311 0.920947 1.777193
v -0.341311 0.899043 1.782688
v -0.341311 0.920947 1.782688
v -0.356557 0.893890 1.813199
v -0.356557 0.926101 1.813199
v -0.356557 0.893890 1.818694
v -0.356557 0.926101 1.818694
v -0.349708 0.895487 1.813199
v -0.349708 0.924503 1.813199
v -0.349708 0.895487 1.818694
v -0.349708 0.924503 1.818694
v -0.345206 0.900771 1.813199
v -0.345206 0.919220 1.813199
v -0.345206 0.900771 1.818694
v -0.345206 0.919220 1.818694
v -0.355460 0.890044 1.813199
v -0.355460 0.929946 1.813199
v -0.355460 0.890044 1.818694
v -0.355460 0.929946 1.818694
v -0.347146 0.892414 1.813199
v -0.347146 0.927575 1.813199
v -0.347146 0.892414 1.818694
v -0.347146 0.927575 1.818694
v -0.341311 0.899043 1.813199
v -0.341311 0.920947 1.813199
v -0.341311 0.899043 1.818694
v -0.341311 0.920947 1.818694
v -0.356557 0.893890 1.740406
v -0.356557 0.926101 1.740406
v -0.356557 0.893890 1.745899
v -0.356557 0.926101 1.745899
v -0.349708 0.895487 1.740406
v -0.349708 0.924503 1.740406
v -0.349708 0.895487 1.745899
v -0.349708 0.924503 1.745899
v -0.345206 0.900771 1.740406
v -0.345206 0.919220 1.740406
v -0.345206 0.900771 1.745899
v -0.345206 0.919220 1.745899
v -0.355460 0.890044 1.740406
v -0.355460 0.929946 1.740406
v -0.355460 0.890044 1.745899
v -0.355460 0.929946 1.745899
v -0.347146 0.892414 1.740406
v -0.347146 0.927575 1.740406
v -0.347146 0.892414 1.745899
v -0.347146 0.927575 1.745899
v -0.341311 0.899043 1.740406
v -0.341311 0.920947 1.740406
v -0.341311 0.899043 1.745899
v -0.341311 0.920947 1.745899
v -0.355918 0.897262 1.737101
v -0.355918 0.921457 1.737101
v -0.349243 0.905344 1.729016
v -0.349243 0.913375 1.729016
v -0.355918 0.897262 1.712903
v -0.355918 0.921457 1.712903
v -0.349243 0.905344 1.720987
v -0.349243 0.913375 1.720987
v -0.349243 0.921457 1.737101
v -0.349243 0.897262 1.737101
v -0.349243 0.897262 1.712903
v -0.349243 0.921457 1.712903
v -0.327176 0.907558 1.730478
v -0.327176 0.896607 1.730478
v -0.327176 0.896607 1.719528
v -0.327176 0.907558 1.719528
v -0.324594 0.904712 1.728336
v -0.324594 0.898045 1.728336
v -0.324594 0.898045 1.721669
v -0.324594 0.904712 1.721669
v -0.355918 0.897260 1.700806
v -0.355918 0.921456 1.700806
v -0.349243 0.905342 1.692722
v -0.349243 0.913373 1.692722
v -0.355918 0.897260 1.676609
v -0.355918 0.921456 1.676609
v -0.349243 0.905342 1.684692
v -0.349243 0.913373 1.684692
v -0.349243 0.921456 1.700806
v -0.349243 0.897260 1.700806
v -0.349243 0.897260 1.676609
v -0.349243 0.921456 1.676609
v -0.327176 0.907556 1.694182
v -0.327176 0.896605 1.694182
v -0.327176 0.896605 1.683231
v -0.327176 0.907556 1.683231
v -0.324594 0.904710 1.692040
v -0.324594 0.898043 1.692040
v -0.324594 0.898043 1.685373
v -0.324594 0.904710 1.685373
v -0.356557 0.893888 1.704020
v -0.356557 0.926099 1.704020
v -0.356557 0.893888 1.709515
v -0.356557 0.926099 1.709515
v -0.349708 0.895485 1.704020
v -0.349708 0.924501 1.704020
v -0.349708 0.895485 1.709515
v -0.349708 0.924501 1.709515
v -0.345206 0.900769 1.704020
v -0.345206 0.919218 1.704020
v -0.345206 0.900769 1.709515
v -0.345206 0.919218 1.709515
v -0.355460 0.890042 1.704020
v -0.355460 0.929944 1.704020
v -0.355460 0.890042 1.709515
v -0.355460 0.929944 1.709515
v -0.347146 0.892412 1.704020
v -0.347146 0.927574 1.704020
v -0.347146 0.892412 1.709515
v -0.347146 0.927574 1.709515
v -0.341311 0.899041 1.704020
v -0.341311 0.920945 1.704020
v -0.341311 0.899041 1.709515
v -0.341311 0.920945 1.709515
v -0.356557 0.893888 1.668015
v -0.356557 0.926099 1.668015
v -0.356557 0.893888 1.673509
v -0.356557 0.926099 1.673509
v -0.349708 0.895485 1.668015
v -0.349708 0.924501 1.668015
v -0.349708 0.895485 1.673509
v -0.349708 0.924501 1.673509
v -0.345206 0.900769 1.668015
v -0.345206 0.919218 1.668015
v -0.345206 0.900769 1.673509
v -0.345206 0.919218 1.673509
v -0.355460 0.890042 1.668015
v -0.355460 0.929944 1.668015
v -0.355460 0.890042 1.673509
v -0.355460 0.929944 1.673509
v -0.347146 0.892412 1.668015
v -0.347146 0.927574 1.668015
v -0.347146 0.892412 1.673509
v -0.347146 0.927574 1.673509
v -0.341311 0.899041 1.668015
v -0.341311 0.920945 1.668015
v -0.341311 0.899041 1.673509
v -0.341311 0.920945 1.673509
v 0.356557 0.853603 1.949715
v 0.356557 0.885813 1.949715
v 0.356557 0.853603 1.955209
v 0.356557 0.885813 1.955209
v 0.349708 0.855201 1.949715
v 0.349708 0.884216 1.949715
v 0.349708 0.855201 1.955209
v 0.349708 0.884216 1.955209
v 0.345206 0.860483 1.949715
v 0.345206 0.878933 1.949715
v 0.345206 0.860483 1.955209
v 0.345206 0.878933 1.955209
v 0.355460 0.849756 1.949715
v 0.355460 0.889660 1.949715
v 0.355460 0.849756 1.955209
v 0.355460 0.889660 1.955209
v 0.347146 0.852127 1.949715
v 0.347146 0.887290 1.949715
v 0.347146 0.852127 1.955209
v 0.347146 0.887290 1.955209
v 0.341311 0.858757 1.949715
v 0.341311 0.880661 1.949715
v 0.341311 0.858757 1.955209
v 0.341311 0.880661 1.955209
v 0.356557 0.853603 1.913330
v 0.356557 0.885813 1.913330
v 0.356557 0.853603 1.918824
v 0.356557 0.885813 1.918824
v 0.349708 0.855201 1.913330
v 0.349708 0.884216 1.913330
v 0.349708 0.855201 1.918824
v 0.349708 0.884216 1.918824
v 0.345206 0.860483 1.913330
v 0.345206 0.878933 1.913330
v 0.345206 0.860483 1.918824
v 0.345206 0.878933 1.918824
v 0.355460 0.849756 1.913330
v 0.355460 0.889660 1.913330
v 0.355460 0.849756 1.918824
v 0.355460 0.889660 1.918824
v 0.347146 0.852127 1.913330
v 0.347146 0.887290 1.913330
v 0.347146 0.852127 1.918824
v 0.347146 0.887290 1.918824
v 0.341311 0.858757 1.913330
v 0.341311 0.880661 1.913330
v 0.341311 0.858757 1.918824
v 0.341311 0.880661 1.918824
v 0.355918 0.859097 1.946335
v 0.355918 0.883293 1.946335
v 0.349243 0.867180 1.938251
v 0.349243 0.875210 1.938251
v 0.355918 0.859097 1.922138
v 0.355918 0.883293 1.922138
v 0.349243 0.867180 1.930222
v 0.349243 0.875210 1.930222
v 0.349243 0.883293 1.946335
v 0.349243 0.859097 1.946335
v 0.349243 0.859097 1.922138
v 0.349243 0.883293 1.922138
v 0.327176 0.869392 1.939712
v 0.327176 0.858443 1.939712
v 0.327176 0.858443 1.928761
v 0.327176 0.869392 1.928761
v 0.324594 0.866547 1.937570
v 0.324594 0.859881 1.937570
v 0.324594 0.859881 1.930902
v 0.324594 0.866547 1.930902
v 0.355918 0.859097 1.910039
v 0.355918 0.883293 1.910039
v 0.349243 0.867180 1.901956
v 0.349243 0.875210 1.901956
v 0.355918 0.859097 1.885842
v 0.355918 0.883293 1.885842
v 0.349243 0.867180 1.893926
v 0.349243 0.875210 1.893926
v 0.349243 0.883293 1.910039
v 0.349243 0.859097 1.910039
v 0.349243 0.859097 1.885842
v 0.349243 0.883293 1.885842
v 0.327176 0.869392 1.903417
v 0.327176 0.858443 1.903417
v 0.327176 0.858443 1.892465
v 0.327176 0.869392 1.892465
v 0.324594 0.866547 1.901275
v 0.324594 0.859881 1.901275
v 0.324594 0.859881 1.894608
v 0.324594 0.866547 1.894608
v 0.356557 0.853603 1.877324
v 0.356557 0.885813 1.877324
v 0.356557 0.853603 1.882819
v 0.356557 0.885813 1.882819
v 0.349708 0.855201 1.877324
v 0.349708 0.884216 1.877324
v 0.349708 0.855201 1.882819
v 0.349708 0.884216 1.882819
v 0.345206 0.860483 1.877324
v 0.345206 0.878933 1.877324
v 0.345206 0.860483 1.882819
v 0.345206 0.878933 1.882819
v 0.355460 0.849756 1.877324
v 0.355460 0.889660 1.877324
v 0.355460 0.849756 1.882819
v 0.355460 0.889660 1.882819
v 0.347146 0.852127 1.877324
v 0.347146 0.887290 1.877324
v 0.347146 0.852127 1.882819
v 0.347146 0.887290 1.882819
v 0.341311 0.858757 1.877324
v 0.341311 0.880661 1.877324
v 0.341311 0.858757 1.882819
v 0.341311 0.880661 1.882819
v 0.356557 0.853603 1.840535
v 0.356557 0.885813 1.840535
v 0.356557 0.853603 1.846030
v 0.356557 0.885813 1.846030
v 0.349708 0.855201 1.840535
v 0.349708 0.884216 1.840535
v 0.349708 0.855201 1.846030
v 0.349708 0.884216 1.846030
v 0.345206 0.860483 1.840535
v 0.345206 0.878933 1.840535
v 0.345206 0.860483 1.846030
v 0.345206 0.878933 1.846030
v 0.355460 0.849756 1.840535
v 0.355460 0.889660 1.840535
v 0.355460 0.849756 1.846030
v 0.355460 0.889660 1.846030
v 0.347146 0.852127 1.840535
v 0.347146 0.887290 1.840535
v 0.347146 0.852127 1.846030
v 0.347146 0.887290 1.846030
v 0.341311 0.858757 1.840535
v 0.341311 0.880661 1.840535
v 0.341311 0.858757 1.846030
v 0.341311 0.880661 1.846030
v 0.356557 0.853603 1.804151
v 0.356557 0.885813 1.804151
v 0.356557 0.853603 1.809644
v 0.356557 0.885813 1.809646
v 0.349708 0.855201 1.804151
v 0.349708 0.884216 1.804151
v 0.349708 0.855201 1.809644
v 0.349708 0.884216 1.809646
v 0.345206 0.860483 1.804151
v 0.345206 0.878933 1.804151
v 0.345206 0.860483 1.809644
v 0.345206 0.878933 1.809644
v 0.355460 0.849756 1.804151
v 0.355460 0.889660 1.804151
v 0.355460 0.849756 1.809644
v 0.355460 0.889660 1.809646
v 0.347146 0.852127 1.804151
v 0.347146 0.887290 1.804151
v 0.347146 0.852127 1.809644
v 0.347146 0.887290 1.809646
v 0.341311 0.858757 1.804151
v 0.341311 0.880661 1.804151
v 0.341311 0.858757 1.809644
v 0.341311 0.880661 1.809644
v 0.355918 0.859097 1.873743
v 0.355918 0.883293 1.873743
v 0.349243 0.867180 1.865661
v 0.349243 0.875210 1.865661
v 0.355918 0.859097 1.849547
v 0.355918 0.883293 1.849547
v 0.349243 0.867180 1.857630
v 0.349243 0.875210 1.857630
v 0.349243 0.883293 1.873743
v 0.349243 0.859097 1.873743
v 0.349243 0.859097 1.849547
v 0.349243 0.883293 1.849547
v 0.327176 0.869392 1.867120
v 0.327176 0.858443 1.867120
v 0.327176 0.858443 1.856170
v 0.327176 0.869392 1.856170
v 0.324594 0.866547 1.864979
v 0.324594 0.859881 1.864979
v 0.324594 0.859881 1.858312
v 0.324594 0.866547 1.858312
v 0.355918 0.859097 1.837448
v 0.355918 0.883293 1.837448
v 0.349243 0.867180 1.829365
v 0.349243 0.875210 1.829365
v 0.355918 0.859097 1.813251
v 0.355918 0.883293 1.813251
v 0.349243 0.867180 1.821335
v 0.349243 0.875210 1.821335
v 0.349243 0.883293 1.837448
v 0.349243 0.859097 1.837448
v 0.349243 0.859097 1.813251
v 0.349243 0.883293 1.813251
v 0.327176 0.869392 1.830825
v 0.327176 0.858443 1.830825
v 0.327176 0.858443 1.819875
v 0.327176 0.869392 1.819875
v 0.324594 0.866547 1.828683
v 0.324594 0.859881 1.828683
v 0.324594 0.859881 1.822016
v 0.324594 0.866547 1.822016
v -0.356557 0.833526 1.776839
v -0.356557 0.865734 1.776839
v -0.356557 0.833526 1.782333
v -0.356557 0.865734 1.782333
v -0.349708 0.835121 1.776839
v -0.349708 0.864138 1.776839
v -0.349708 0.835121 1.782333
v -0.349708 0.864138 1.782333
v -0.345206 0.840405 1.776839
v -0.345206 0.858855 1.776839
v -0.345206 0.840405 1.782333
v -0.345206 0.858855 1.782333
v -0.355460 0.829678 1.776839
v -0.355460 0.869582 1.776839
v -0.355460 0.829678 1.782333
v -0.355460 0.869582 1.782333
v -0.347146 0.832049 1.776839
v -0.347146 0.867210 1.776839
v -0.347146 0.832049 1.782333
v -0.347146 0.867210 1.782333
v -0.341311 0.838677 1.776839
v -0.341311 0.860581 1.776839
v -0.341311 0.838677 1.782333
v -0.341311 0.860581 1.782333
v -0.356557 0.833526 1.740455
v -0.356557 0.865734 1.740455
v -0.356557 0.833526 1.745949
v -0.356557 0.865734 1.745949
v -0.349708 0.835121 1.740455
v -0.349708 0.864138 1.740455
v -0.349708 0.835121 1.745949
v -0.349708 0.864138 1.745949
v -0.345206 0.840405 1.740455
v -0.345206 0.858855 1.740455
v -0.345206 0.840405 1.745949
v -0.345206 0.858855 1.745949
v -0.355460 0.829678 1.740455
v -0.355460 0.869582 1.740455
v -0.355460 0.829678 1.745949
v -0.355460 0.869582 1.745949
v -0.347146 0.832049 1.740455
v -0.347146 0.867210 1.740455
v -0.347146 0.832049 1.745949
v -0.347146 0.867210 1.745949
v -0.341311 0.838677 1.740455
v -0.341311 0.860581 1.740455
v -0.341311 0.838677 1.745949
v -0.341311 0.860581 1.745949
v -0.355918 0.839019 1.810048
v -0.355918 0.863215 1.810048
v -0.349243 0.847101 1.801964
v -0.349243 0.855132 1.801964
v -0.355918 0.839019 1.785851
v -0.355918 0.863215 1.785851
v -0.349243 0.847101 1.793935
v -0.349243 0.855132 1.793935
v -0.349243 0.863215 1.810048
v -0.349243 0.839019 1.810048
v -0.349243 0.839019 1.785851
v -0.349243 0.863215 1.785851
v -0.327176 0.849314 1.803425
v -0.327176 0.838364 1.803425
v -0.327176 0.838364 1.792474
v -0.327176 0.849314 1.792474
v -0.324594 0.846468 1.801282
v -0.324594 0.839800 1.801282
v -0.324594 0.839800 1.794616
v -0.324594 0.846468 1.794616
v -0.355918 0.839019 1.773751
v -0.355918 0.863215 1.773751
v -0.349243 0.847101 1.765668
v -0.349243 0.855132 1.765668
v -0.355918 0.839019 1.749555
v -0.355918 0.863215 1.749555
v -0.349243 0.847101 1.757638
v -0.349243 0.855132 1.757638
v -0.349243 0.863215 1.773751
v -0.349243 0.839019 1.773751
v -0.349243 0.839019 1.749555
v -0.349243 0.863215 1.749555
v -0.327176 0.849314 1.767129
v -0.327176 0.838364 1.767129
v -0.327176 0.838364 1.756179
v -0.327176 0.849314 1.756179
v -0.324594 0.846468 1.764986
v -0.324594 0.839800 1.764986
v -0.324594 0.839800 1.758320
v -0.324594 0.846468 1.758320
v -0.356557 0.790305 1.776839
v -0.356557 0.822514 1.776839
v -0.356557 0.790305 1.782333
v -0.356557 0.822514 1.782333
v -0.349708 0.791901 1.776839
v -0.349708 0.820917 1.776839
v -0.349708 0.791901 1.782333
v -0.349708 0.820917 1.782333
v -0.345206 0.797184 1.776839
v -0.345206 0.815635 1.776839
v -0.345206 0.797184 1.782333
v -0.345206 0.815635 1.782333
v -0.355460 0.786457 1.776839
v -0.355460 0.826362 1.776839
v -0.355460 0.786457 1.782333
v -0.355460 0.826362 1.782333
v -0.347146 0.788828 1.776839
v -0.347146 0.823990 1.776839
v -0.347146 0.788828 1.782333
v -0.347146 0.823990 1.782333
v -0.341311 0.795458 1.776839
v -0.341311 0.817362 1.776839
v -0.341311 0.795458 1.782333
v -0.341311 0.817362 1.782333
v -0.356557 0.790305 1.740455
v -0.356557 0.822514 1.740455
v -0.356557 0.790305 1.745949
v -0.356557 0.822514 1.745949
v -0.349708 0.791901 1.740455
v -0.349708 0.820917 1.740455
v -0.349708 0.791901 1.745949
v -0.349708 0.820917 1.745949
v -0.345206 0.797184 1.740455
v -0.345206 0.815635 1.740455
v -0.345206 0.797184 1.745949
v -0.345206 0.815635 1.745949
v -0.355460 0.786457 1.740455
v -0.355460 0.826362 1.740455
v -0.355460 0.786457 1.745949
v -0.355460 0.826362 1.745949
v -0.347146 0.788828 1.740455
v -0.347146 0.823990 1.740455
v -0.347146 0.788828 1.745949
v -0.347146 0.823990 1.745949
v -0.341311 0.795458 1.740455
v -0.341311 0.817362 1.740455
v -0.341311 0.795458 1.745949
v -0.341311 0.817362 1.745949
v -0.355918 0.795798 1.810048
v -0.355918 0.819994 1.810048
v -0.349243 0.803881 1.801964
v -0.349243 0.811912 1.801964
v -0.355918 0.795798 1.785851
v -0.355918 0.819994 1.785851
v -0.349243 0.803881 1.793935
v -0.349243 0.811912 1.793935
v -0.349243 0.819994 1.810048
v -0.349243 0.795798 1.810048
v -0.349243 0.795798 1.785851
v -0.349243 0.819994 1.785851
v -0.327176 0.806093 1.803425
v -0.327176 0.795143 1.803425
v -0.327176 0.795143 1.792474
v -0.327176 0.806093 1.792474
v -0.324594 0.803248 1.801282
v -0.324594 0.796581 1.801282
v -0.324594 0.796581 1.794616
v -0.324594 0.803248 1.794616
v -0.355918 0.795798 1.773751
v -0.355918 0.819994 1.773751
v -0.349243 0.803881 1.765668
v -0.349243 0.811912 1.765668
v -0.355918 0.795798 1.749555
v -0.355918 0.819994 1.749555
v -0.349243 0.803881 1.757638
v -0.349243 0.811912 1.757638
v -0.349243 0.819994 1.773751
v -0.349243 0.795798 1.773751
v -0.349243 0.795798 1.749555
v -0.349243 0.819994 1.749555
v -0.327176 0.806093 1.767129
v -0.327176 0.795143 1.767129
v -0.327176 0.795143 1.756179
v -0.327176 0.806093 1.756179
v -0.324594 0.803248 1.764986
v -0.324594 0.796581 1.764986
v -0.324594 0.796581 1.758320
v -0.324594 0.803248 1.758320
v -0.356557 0.833524 1.703895
v -0.356557 0.865732 1.703895
v -0.356557 0.833524 1.709389
v -0.356557 0.865732 1.709389
v -0.349708 0.835119 1.703895
v -0.349708 0.864136 1.703895
v -0.349708 0.835119 1.709389
v -0.349708 0.864136 1.709389
v -0.345206 0.840403 1.703895
v -0.345206 0.858853 1.703895
v -0.345206 0.840403 1.709389
v -0.345206 0.858853 1.709389
v -0.355460 0.829676 1.703895
v -0.355460 0.869580 1.703895
v -0.355460 0.829676 1.709389
v -0.355460 0.869580 1.709389
v -0.347146 0.832047 1.703895
v -0.347146 0.867208 1.703895
v -0.347146 0.832047 1.709389
v -0.347146 0.867208 1.709389
v -0.341311 0.838675 1.703895
v -0.341311 0.860579 1.703895
v -0.341311 0.838675 1.709389
v -0.341311 0.860579 1.709389
v -0.356557 0.833524 1.667510
v -0.356557 0.865732 1.667510
v -0.356557 0.833524 1.673004
v -0.356557 0.865732 1.673004
v -0.349708 0.835119 1.667510
v -0.349708 0.864136 1.667510
v -0.349708 0.835119 1.673004
v -0.349708 0.864136 1.673004
v -0.345206 0.840403 1.667510
v -0.345206 0.858853 1.667510
v -0.345206 0.840403 1.673004
v -0.345206 0.858853 1.673004
v -0.355460 0.829676 1.667510
v -0.355460 0.869580 1.667510
v -0.355460 0.829676 1.673004
v -0.355460 0.869580 1.673004
v -0.347146 0.832047 1.667510
v -0.347146 0.867208 1.667510
v -0.347146 0.832047 1.673004
v -0.347146 0.867208 1.673004
v -0.341311 0.838675 1.667510
v -0.341311 0.860579 1.667510
v -0.341311 0.838675 1.673004
v -0.341311 0.860579 1.673004
v -0.355918 0.839019 1.737103
v -0.355918 0.863215 1.737103
v -0.349243 0.847101 1.729019
v -0.349243 0.855132 1.729019
v -0.355918 0.839019 1.712906
v -0.355918 0.863215 1.712906
v -0.349243 0.847101 1.720989
v -0.349243 0.855132 1.720989
v -0.349243 0.863215 1.737103
v -0.349243 0.839019 1.737103
v -0.349243 0.839019 1.712906
v -0.349243 0.863215 1.712906
v -0.327176 0.849314 1.730478
v -0.327176 0.838364 1.730478
v -0.327176 0.838364 1.719529
v -0.327176 0.849314 1.719529
v -0.324594 0.846468 1.728337
v -0.324594 0.839800 1.728337
v -0.324594 0.839800 1.721671
v -0.324594 0.846468 1.721671
v -0.355918 0.839017 1.700807
v -0.355918 0.863213 1.700807
v -0.349243 0.847099 1.692723
v -0.349243 0.855130 1.692723
v -0.355918 0.839017 1.676610
v -0.355918 0.863213 1.676610
v -0.349243 0.847099 1.684693
v -0.349243 0.855130 1.684693
v -0.349243 0.863213 1.700807
v -0.349243 0.839017 1.700807
v -0.349243 0.839017 1.676610
v -0.349243 0.863213 1.676610
v -0.327176 0.849312 1.694184
v -0.327176 0.838362 1.694184
v -0.327176 0.838362 1.683232
v -0.327176 0.849312 1.683232
v -0.324594 0.846466 1.692041
v -0.324594 0.839798 1.692041
v -0.324594 0.839798 1.685375
v -0.324594 0.846466 1.685375
v -0.356557 0.790303 1.703895
v -0.356557 0.822512 1.703895
v -0.356557 0.790303 1.709389
v -0.356557 0.822512 1.709389
v -0.349708 0.791900 1.703895
v -0.349708 0.820915 1.703895
v -0.349708 0.791900 1.709389
v -0.349708 0.820915 1.709389
v -0.345206 0.797183 1.703895
v -0.345206 0.815633 1.703895
v -0.345206 0.797183 1.709389
v -0.345206 0.815633 1.709389
v -0.355460 0.786455 1.703895
v -0.355460 0.826360 1.703895
v -0.355460 0.786455 1.709389
v -0.355460 0.826360 1.709389
v -0.347146 0.788826 1.703895
v -0.347146 0.823988 1.703895
v -0.347146 0.788826 1.709389
v -0.347146 0.823988 1.709389
v -0.341311 0.795456 1.703895
v -0.341311 0.817360 1.703895
v -0.341311 0.795456 1.709389
v -0.341311 0.817360 1.709389
v -0.356557 0.790303 1.667510
v -0.356557 0.822512 1.667510
v -0.356557 0.790303 1.673004
v -0.356557 0.822512 1.673004
v -0.349708 0.791900 1.667510
v -0.349708 0.820915 1.667510
v -0.349708 0.791900 1.673004
v -0.349708 0.820915 1.673004
v -0.345206 0.797183 1.667510
v -0.345206 0.815633 1.667510
v -0.345206 0.797183 1.673004
v -0.345206 0.815633 1.673004
v -0.355460 0.786455 1.667510
v -0.355460 0.826360 1.667510
v -0.355460 0.786455 1.673004
v -0.355460 0.826360 1.673004
v -0.347146 0.788826 1.667510
v -0.347146 0.823988 1.667510
v -0.347146 0.788826 1.673004
v -0.347146 0.823988 1.673004
v -0.341311 0.795456 1.667510
v -0.341311 0.817360 1.667510
v -0.341311 0.795456 1.673004
v -0.341311 0.817360 1.673004
v -0.355918 0.795798 1.737103
v -0.355918 0.819994 1.737103
v -0.349243 0.803881 1.729019
v -0.349243 0.811912 1.729019
v -0.355918 0.795798 1.712906
v -0.355918 0.819994 1.712906
v -0.349243 0.803881 1.720989
v -0.349243 0.811912 1.720989
v -0.349243 0.819994 1.737103
v -0.349243 0.795798 1.737103
v -0.349243 0.795798 1.712906
v -0.349243 0.819994 1.712906
v -0.327176 0.806093 1.730478
v -0.327176 0.795143 1.730478
v -0.327176 0.795143 1.719529
v -0.327176 0.806093 1.719529
v -0.324594 0.803248 1.728337
v -0.324594 0.796581 1.728337
v -0.324594 0.796581 1.721671
v -0.324594 0.803248 1.721671
v -0.355918 0.795796 1.700807
v -0.355918 0.819992 1.700807
v -0.349243 0.803879 1.692723
v -0.349243 0.811910 1.692723
v -0.355918 0.795796 1.676610
v -0.355918 0.819992 1.676610
v -0.349243 0.803879 1.684693
v -0.349243 0.811910 1.684693
v -0.349243 0.819992 1.700807
v -0.349243 0.795796 1.700807
v -0.349243 0.795796 1.676610
v -0.349243 0.819992 1.676610
v -0.327176 0.806091 1.694184
v -0.327176 0.795141 1.694184
v -0.327176 0.795141 1.683232
v -0.327176 0.806091 1.683232
v -0.324594 0.803246 1.692041
v -0.324594 0.796579 1.692041
v -0.324594 0.796579 1.685375
v -0.324594 0.803246 1.685375
v -0.348324 0.938369 1.877886
v -0.348324 0.936639 1.882060
v -0.348324 0.932466 1.883789
v -0.348324 0.928290 1.882060
v -0.348324 0.926562 1.877886
v -0.348324 0.928290 1.873712
v -0.348324 0.932466 1.871984
v -0.348324 0.936639 1.873712
v -0.323926 0.946113 1.877886
v -0.323926 0.942115 1.887535
v -0.323926 0.932466 1.891533
v -0.323926 0.922816 1.887535
v -0.323926 0.918819 1.877886
v -0.323926 0.922816 1.868237
v -0.323926 0.932466 1.864240
v -0.323926 0.942115 1.868237
v -0.318585 0.943225 1.877886
v -0.318585 0.940074 1.885495
v -0.318585 0.932466 1.888646
v -0.318585 0.924857 1.885495
v -0.318585 0.921706 1.877886
v -0.318585 0.924857 1.870277
v -0.318585 0.932466 1.867126
v -0.318585 0.940074 1.870277
v -0.348324 0.939071 1.884492
v -0.348324 0.941807 1.877886
v -0.348324 0.932466 1.887229
v -0.348324 0.925859 1.884492
v -0.348324 0.923122 1.877886
v -0.348324 0.925859 1.871280
v -0.348324 0.932466 1.868543
v -0.348324 0.939071 1.871280
v -0.353320 0.938369 1.877886
v -0.353320 0.936639 1.882060
v -0.353320 0.932466 1.883789
v -0.353320 0.928290 1.882060
v -0.353320 0.926562 1.877886
v -0.353320 0.928290 1.873712
v -0.353320 0.932466 1.871984
v -0.353320 0.936639 1.873712
v -0.352117 0.950181 2.037988
v -0.352117 0.944312 2.052159
v -0.352117 0.930139 2.058030
v -0.352117 0.915966 2.052159
v -0.352117 0.910098 2.037988
v -0.352117 0.915966 2.023816
v -0.352117 0.930139 2.017946
v -0.352117 0.944312 2.023816
v -0.345986 0.950181 2.037988
v -0.345986 0.944312 2.052159
v -0.345986 0.930139 2.058030
v -0.345986 0.915966 2.052159
v -0.345986 0.910098 2.037988
v -0.345986 0.915966 2.023816
v -0.345986 0.930139 2.017946
v -0.345986 0.944312 2.023816
v -0.331924 0.942315 2.037988
v -0.331924 0.938747 2.046597
v -0.331924 0.930139 2.050164
v -0.331924 0.921528 2.046597
v -0.331924 0.917964 2.037988
v -0.331924 0.921528 2.029378
v -0.331924 0.930139 2.025812
v -0.331924 0.938747 2.029378
v -0.329449 0.935708 2.037988
v -0.329449 0.934077 2.041925
v -0.329449 0.930139 2.043556
v -0.329449 0.926202 2.041925
v -0.329449 0.924571 2.037988
v -0.329449 0.926202 2.034051
v -0.329449 0.930139 2.032419
v -0.329449 0.934077 2.034051
v -0.352117 0.950181 1.957822
v -0.352117 0.944312 1.971992
v -0.352117 0.930139 1.977862
v -0.352117 0.915966 1.971992
v -0.352117 0.910098 1.957822
v -0.352117 0.915966 1.943648
v -0.352117 0.930139 1.937779
v -0.352117 0.944312 1.943648
v -0.345986 0.950181 1.957822
v -0.345986 0.944312 1.971992
v -0.345986 0.930139 1.977862
v -0.345986 0.915966 1.971992
v -0.345986 0.910098 1.957822
v -0.345986 0.915966 1.943648
v -0.345986 0.930139 1.937779
v -0.345986 0.944312 1.943648
v -0.331924 0.942315 1.957822
v -0.331924 0.938747 1.966431
v -0.331924 0.930139 1.969996
v -0.331924 0.921528 1.966431
v -0.331924 0.917964 1.957822
v -0.331924 0.921528 1.949211
v -0.331924 0.930139 1.945645
v -0.331924 0.938747 1.949211
v -0.329449 0.935708 1.957822
v -0.329449 0.934077 1.961759
v -0.329449 0.930139 1.963388
v -0.329449 0.926202 1.961759
v -0.329449 0.924571 1.957822
v -0.329449 0.926202 1.953883
v -0.329449 0.930139 1.952252
v -0.329449 0.934077 1.953883
v -0.360155 0.720664 2.165956
v -0.360155 0.898666 2.165956
v -0.346936 0.720664 2.165956
v -0.346936 0.898666 2.165956
v -0.364117 0.720664 2.081820
v -0.364117 0.898666 2.081820
v -0.346936 0.720664 2.081820
v -0.346936 0.898666 2.081820
v -0.364267 0.825572 2.072371
v -0.364267 0.898228 2.072371
v -0.351047 0.825572 2.072371
v -0.351047 0.898228 2.072371
v -0.368229 0.825572 1.891579
v -0.368229 0.898228 1.891579
v -0.351047 0.825572 1.891579
v -0.351047 0.898228 1.891579
v -0.362257 0.871978 2.054415
v -0.354029 0.880204 2.054415
v -0.362257 0.871978 2.007957
v -0.354029 0.880204 2.007956
v -0.333684 0.843403 2.054415
v -0.325456 0.851632 2.054415
v -0.333684 0.843403 2.007957
v -0.325456 0.851632 2.007957
v -0.364267 0.720664 2.072371
v -0.364267 0.816761 2.072371
v -0.351047 0.720664 2.072371
v -0.351047 0.816761 2.072371
v -0.368229 0.720664 1.914236
v -0.368229 0.816761 1.914236
v -0.351047 0.720664 1.914236
v -0.351047 0.816761 1.914236
v -0.351488 0.760078 2.048070
v -0.351488 0.756042 2.057815
v -0.351488 0.746295 2.061852
v -0.351488 0.736550 2.057815
v -0.351488 0.732513 2.048070
v -0.351488 0.736550 2.038323
v -0.351488 0.746295 2.034286
v -0.351488 0.756042 2.038323
v -0.348016 0.760078 2.048070
v -0.348016 0.756042 2.057815
v -0.348016 0.746295 2.061852
v -0.348016 0.736550 2.057815
v -0.348016 0.732513 2.048070
v -0.348016 0.736550 2.038323
v -0.348016 0.746295 2.034286
v -0.348016 0.756042 2.038323
v -0.342311 0.756929 2.055671
v -0.342311 0.759190 2.050214
v -0.342311 0.735661 2.040466
v -0.342311 0.733401 2.045926
v -0.351285 0.810067 1.939361
v -0.351285 0.804198 1.953532
v -0.351285 0.790027 1.959402
v -0.351285 0.775852 1.953532
v -0.351285 0.769984 1.939361
v -0.351285 0.775852 1.925189
v -0.351285 0.790027 1.919319
v -0.351285 0.804198 1.925189
v -0.347924 0.810067 1.939361
v -0.347924 0.804198 1.953532
v -0.347924 0.790027 1.959402
v -0.347924 0.775852 1.953532
v -0.347924 0.769984 1.939361
v -0.347924 0.775852 1.925189
v -0.347924 0.790027 1.919319
v -0.347924 0.804198 1.925189
v -0.338958 0.805490 1.950415
v -0.338958 0.808776 1.942479
v -0.338958 0.774563 1.928306
v -0.338958 0.771275 1.936243
v -0.351285 0.766337 1.939361
v -0.351285 0.760467 1.953532
v -0.351285 0.746295 1.959402
v -0.351285 0.732123 1.953532
v -0.351285 0.726253 1.939361
v -0.351285 0.732123 1.925189
v -0.351285 0.746295 1.919319
v -0.351285 0.760467 1.925189
v -0.347924 0.766337 1.939361
v -0.347924 0.760467 1.953532
v -0.347924 0.746295 1.959402
v -0.347924 0.732123 1.953532
v -0.347924 0.726253 1.939361
v -0.347924 0.732123 1.925189
v -0.347924 0.746295 1.919319
v -0.347924 0.760467 1.925189
v -0.338958 0.761758 1.950415
v -0.338958 0.765046 1.942479
v -0.338958 0.730831 1.928306
v -0.338958 0.727543 1.936243
v -0.365003 0.720664 1.830759
v -0.365003 0.950280 1.830759
v -0.351783 0.720664 1.830759
v -0.351783 0.950280 1.830759
v -0.370396 0.720662 1.564408
v -0.370396 0.950278 1.564408
v -0.351783 0.720662 1.564408
v -0.351783 0.950278 1.564408
v -0.364267 0.902932 2.072371
v -0.364267 0.958530 2.072371
v -0.351047 0.902932 2.072371
v -0.351047 0.958530 2.072371
v -0.368229 0.902932 1.845853
v -0.368229 0.958530 1.845853
v -0.351047 0.902932 1.845853
v -0.351047 0.958530 1.845853
v -0.289332 0.718797 2.052797
v -0.289332 0.718797 2.064485
v -0.285428 0.722021 2.056702
v -0.285428 0.722021 2.060579
v -0.277645 0.718797 2.052797
v -0.277645 0.718797 2.064485
v -0.281550 0.722021 2.056702
v -0.281550 0.722021 2.060579
v -0.289332 0.722021 2.064485
v -0.289332 0.722021 2.052797
v -0.277645 0.722021 2.052797
v -0.277645 0.722021 2.064485
v -0.286133 0.732679 2.057771
v -0.286133 0.732679 2.052482
v -0.280844 0.732679 2.052482
v -0.280844 0.732679 2.057771
v -0.285099 0.733926 2.056396
v -0.285099 0.733926 2.053176
v -0.281879 0.733926 2.053176
v -0.281879 0.733926 2.056396
v -0.272555 0.718797 2.052797
v -0.272555 0.718797 2.064485
v -0.268651 0.722021 2.056702
v -0.268651 0.722021 2.060579
v -0.260869 0.718797 2.052797
v -0.260869 0.718797 2.064485
v -0.264773 0.722021 2.056702
v -0.264773 0.722021 2.060579
v -0.272555 0.722021 2.064485
v -0.272555 0.722021 2.052797
v -0.260869 0.722021 2.052797
v -0.260869 0.722021 2.064485
v -0.269357 0.732679 2.057771
v -0.269357 0.732679 2.052482
v -0.264068 0.732679 2.052482
v -0.264068 0.732679 2.057771
v -0.268322 0.733926 2.056396
v -0.268322 0.733926 2.053176
v -0.265102 0.733926 2.053176
v -0.265102 0.733926 2.056396
v -0.289332 0.718797 2.029992
v -0.289332 0.718797 2.041679
v -0.285428 0.722021 2.033896
v -0.285428 0.722021 2.037774
v -0.277645 0.718797 2.029992
v -0.277645 0.718797 2.041679
v -0.281550 0.722021 2.033896
v -0.281550 0.722021 2.037774
v -0.289332 0.722021 2.041679
v -0.289332 0.722021 2.029992
v -0.277645 0.722021 2.029992
v -0.277645 0.722021 2.041679
v -0.286133 0.732679 2.034966
v -0.286133 0.732679 2.029675
v -0.280844 0.732679 2.029675
v -0.280844 0.732679 2.034966
v -0.285099 0.733926 2.033591
v -0.285099 0.733926 2.030371
v -0.281879 0.733926 2.030371
v -0.281879 0.733926 2.033591
v -0.272555 0.718797 2.029992
v -0.272555 0.718797 2.041679
v -0.268651 0.722021 2.033896
v -0.268651 0.722021 2.037774
v -0.260869 0.718797 2.029992
v -0.260869 0.718797 2.041679
v -0.264773 0.722021 2.033896
v -0.264773 0.722021 2.037774
v -0.272555 0.722021 2.041679
v -0.272555 0.722021 2.029992
v -0.260869 0.722021 2.029992
v -0.260869 0.722021 2.041679
v -0.269357 0.732679 2.034966
v -0.269357 0.732679 2.029675
v -0.264068 0.732679 2.029675
v -0.264068 0.732679 2.034966
v -0.268322 0.733926 2.033591
v -0.268322 0.733926 2.030371
v -0.265102 0.733926 2.030371
v -0.265102 0.733926 2.033591
v -0.289332 0.718797 2.007188
v -0.289332 0.718797 2.018874
v -0.285428 0.722021 2.011090
v -0.285428 0.722021 2.014970
v -0.277645 0.718797 2.007188
v -0.277645 0.718797 2.018874
v -0.281550 0.722021 2.011090
v -0.281550 0.722021 2.014970
v -0.289332 0.722021 2.018874
v -0.289332 0.722021 2.007188
v -0.277645 0.722021 2.007188
v -0.277645 0.722021 2.018874
v -0.286133 0.732679 2.012160
v -0.286133 0.732679 2.006871
v -0.280844 0.732679 2.006871
v -0.280844 0.732679 2.012160
v -0.285099 0.733926 2.010785
v -0.285099 0.733926 2.007565
v -0.281879 0.733926 2.007565
v -0.281879 0.733926 2.010785
v -0.272555 0.718797 2.007188
v -0.272555 0.718797 2.018874
v -0.268651 0.722021 2.011090
v -0.268651 0.722021 2.014970
v -0.260869 0.718797 2.007188
v -0.260869 0.718797 2.018874
v -0.264773 0.722021 2.011090
v -0.264773 0.722021 2.014970
v -0.272555 0.722021 2.018874
v -0.272555 0.722021 2.007188
v -0.260869 0.722021 2.007188
v -0.260869 0.722021 2.018874
v -0.269357 0.732679 2.012160
v -0.269357 0.732679 2.006871
v -0.264068 0.732679 2.006871
v -0.264068 0.732679 2.012160
v -0.268322 0.733926 2.010785
v -0.268322 0.733926 2.007565
v -0.265102 0.733926 2.007565
v -0.265102 0.733926 2.010785
v -0.337474 0.714688 1.813745
v -0.254595 0.714688 1.813745
v -0.254595 0.714688 1.715904
v -0.337474 0.714688 1.715904
v -0.337474 0.719691 1.813745
v -0.254595 0.719691 1.813745
v -0.254595 0.719691 1.715904
v -0.337474 0.719691 1.715904
v -0.292526 0.721110 1.795249
v -0.291753 0.721110 1.797116
v -0.289886 0.721110 1.797889
v -0.288020 0.721110 1.797116
v -0.287247 0.721110 1.795249
v -0.288020 0.721110 1.793383
v -0.289886 0.721110 1.792610
v -0.291753 0.721110 1.793383
v -0.297017 0.730078 1.795249
v -0.294928 0.730078 1.800291
v -0.289886 0.730078 1.802380
v -0.284844 0.730078 1.800291
v -0.282756 0.730078 1.795249
v -0.284844 0.730078 1.790208
v -0.289886 0.730078 1.788119
v -0.294928 0.730078 1.790208
v -0.295034 0.732238 1.795249
v -0.293526 0.732238 1.798889
v -0.289886 0.732238 1.800397
v -0.286247 0.732238 1.798889
v -0.284739 0.732238 1.795249
v -0.286247 0.732238 1.791610
v -0.289886 0.732238 1.790102
v -0.293526 0.732238 1.791610
v -0.293338 0.721110 1.798701
v -0.294768 0.721110 1.795249
v -0.289886 0.721110 1.800131
v -0.286434 0.721110 1.798701
v -0.285005 0.721110 1.795249
v -0.286434 0.721110 1.791798
v -0.289886 0.721110 1.790368
v -0.293338 0.721110 1.791798
v -0.292526 0.718387 1.795249
v -0.291753 0.718387 1.797116
v -0.289886 0.718387 1.797889
v -0.288020 0.718387 1.797116
v -0.287247 0.718387 1.795249
v -0.288020 0.718387 1.793383
v -0.289886 0.718387 1.792610
v -0.291753 0.718387 1.793383
v -0.268076 0.721110 1.795249
v -0.267303 0.721110 1.797116
v -0.265436 0.721110 1.797889
v -0.263570 0.721110 1.797116
v -0.262797 0.721110 1.795249
v -0.263570 0.721110 1.793383
v -0.265436 0.721110 1.792610
v -0.267303 0.721110 1.793383
v -0.272567 0.730078 1.795249
v -0.270478 0.730078 1.800291
v -0.265436 0.730078 1.802380
v -0.260394 0.730078 1.800291
v -0.258306 0.730078 1.795249
v -0.260394 0.730078 1.790208
v -0.265436 0.730078 1.788119
v -0.270478 0.730078 1.790208
v -0.270584 0.732238 1.795249
v -0.269076 0.732238 1.798889
v -0.265436 0.732238 1.800397
v -0.261797 0.732238 1.798889
v -0.260289 0.732238 1.795249
v -0.261797 0.732238 1.791610
v -0.265436 0.732238 1.790102
v -0.269076 0.732238 1.791610
v -0.268888 0.721110 1.798701
v -0.270318 0.721110 1.795249
v -0.265436 0.721110 1.800131
v -0.261984 0.721110 1.798701
v -0.260555 0.721110 1.795249
v -0.261984 0.721110 1.791798
v -0.265436 0.721110 1.790368
v -0.268888 0.721110 1.791798
v -0.268076 0.718387 1.795249
v -0.267303 0.718387 1.797116
v -0.265436 0.718387 1.797889
v -0.263570 0.718387 1.797116
v -0.262797 0.718387 1.795249
v -0.263570 0.718387 1.793383
v -0.265436 0.718387 1.792610
v -0.267303 0.718387 1.793383
v -0.292526 0.721110 1.897737
v -0.291753 0.721110 1.899603
v -0.289886 0.721110 1.900375
v -0.288020 0.721110 1.899603
v -0.287247 0.721110 1.897737
v -0.288020 0.721110 1.895871
v -0.289886 0.721110 1.895097
v -0.291753 0.721110 1.895871
v -0.297017 0.730076 1.897737
v -0.294928 0.730076 1.902778
v -0.289886 0.730076 1.904866
v -0.284844 0.730076 1.902778
v -0.282756 0.730076 1.897737
v -0.284844 0.730076 1.892694
v -0.289886 0.730076 1.890607
v -0.294928 0.730076 1.892694
v -0.295034 0.732238 1.897737
v -0.293526 0.732238 1.901376
v -0.289886 0.732238 1.902884
v -0.286247 0.732238 1.901376
v -0.284739 0.732238 1.897737
v -0.286247 0.732238 1.894096
v -0.289886 0.732238 1.892589
v -0.293526 0.732238 1.894096
v -0.293338 0.721110 1.901189
v -0.294768 0.721110 1.897737
v -0.289886 0.721110 1.902617
v -0.286434 0.721110 1.901189
v -0.285005 0.721110 1.897737
v -0.286434 0.721110 1.894284
v -0.289886 0.721110 1.892855
v -0.293338 0.721110 1.894284
v -0.292526 0.718387 1.897737
v -0.291753 0.718387 1.899603
v -0.289886 0.718387 1.900375
v -0.288020 0.718387 1.899603
v -0.287247 0.718387 1.897737
v -0.288020 0.718387 1.895871
v -0.289886 0.718387 1.895097
v -0.291753 0.718387 1.895871
v -0.326751 0.721110 1.956205
v -0.325978 0.721110 1.958072
v -0.324112 0.721110 1.958844
v -0.322246 0.721110 1.958072
v -0.321473 0.721110 1.956205
v -0.322246 0.721110 1.954339
v -0.324112 0.721110 1.953566
v -0.325978 0.721110 1.954339
v -0.331242 0.730076 1.956205
v -0.329154 0.730076 1.961247
v -0.324112 0.730076 1.963335
v -0.319070 0.730076 1.961247
v -0.316982 0.730076 1.956205
v -0.319070 0.730076 1.951163
v -0.324112 0.730076 1.949075
v -0.329154 0.730076 1.951163
v -0.329259 0.732238 1.956205
v -0.327752 0.732238 1.959845
v -0.324112 0.732238 1.961352
v -0.320472 0.732238 1.959845
v -0.318965 0.732238 1.956205
v -0.320472 0.732238 1.952565
v -0.324112 0.732238 1.951057
v -0.327752 0.732238 1.952565
v -0.327564 0.721110 1.959657
v -0.328994 0.721110 1.956205
v -0.324112 0.721110 1.961087
v -0.320660 0.721110 1.959657
v -0.319230 0.721110 1.956205
v -0.320660 0.721110 1.952753
v -0.324112 0.721110 1.951324
v -0.327564 0.721110 1.952753
v -0.326751 0.718387 1.956205
v -0.325978 0.718387 1.958072
v -0.324112 0.718387 1.958844
v -0.322246 0.718387 1.958072
v -0.321473 0.718387 1.956205
v -0.322246 0.718387 1.954339
v -0.324112 0.718387 1.953566
v -0.325978 0.718387 1.954339
v -0.292526 0.721110 1.956205
v -0.291753 0.721110 1.958072
v -0.289886 0.721110 1.958844
v -0.288020 0.721110 1.958072
v -0.287247 0.721110 1.956205
v -0.288020 0.721110 1.954339
v -0.289886 0.721110 1.953566
v -0.291753 0.721110 1.954339
v -0.297017 0.730076 1.956205
v -0.294928 0.730076 1.961247
v -0.289886 0.730076 1.963335
v -0.284844 0.730076 1.961247
v -0.282756 0.730076 1.956205
v -0.284844 0.730076 1.951163
v -0.289886 0.730076 1.949075
v -0.294928 0.730076 1.951163
v -0.295034 0.732238 1.956205
v -0.293526 0.732238 1.959845
v -0.289886 0.732238 1.961352
v -0.286247 0.732238 1.959845
v -0.284739 0.732238 1.956205
v -0.286247 0.732238 1.952565
v -0.289886 0.732238 1.951057
v -0.293526 0.732238 1.952565
v -0.293338 0.721110 1.959657
v -0.294768 0.721110 1.956205
v -0.289886 0.721110 1.961087
v -0.286434 0.721110 1.959657
v -0.285005 0.721110 1.956205
v -0.286434 0.721110 1.952753
v -0.289886 0.721110 1.951324
v -0.293338 0.721110 1.952753
v -0.292526 0.718387 1.956205
v -0.291753 0.718387 1.958072
v -0.289886 0.718387 1.958844
v -0.288020 0.718387 1.958072
v -0.287247 0.718387 1.956205
v -0.288020 0.718387 1.954339
v -0.289886 0.718387 1.953566
v -0.291753 0.718387 1.954339
v -0.326751 0.721110 1.897737
v -0.325978 0.721110 1.899603
v -0.324112 0.721110 1.900375
v -0.322246 0.721110 1.899603
v -0.321473 0.721110 1.897737
v -0.322246 0.721110 1.895871
v -0.324112 0.721110 1.895097
v -0.325978 0.721110 1.895871
v -0.331242 0.730076 1.897737
v -0.329154 0.730076 1.902778
v -0.324112 0.730076 1.904866
v -0.319070 0.730076 1.902778
v -0.316982 0.730076 1.897737
v -0.319070 0.730076 1.892694
v -0.324112 0.730076 1.890607
v -0.329154 0.730076 1.892694
v -0.329259 0.732238 1.897737
v -0.327752 0.732238 1.901376
v -0.324112 0.732238 1.902884
v -0.320472 0.732238 1.901376
v -0.318965 0.732238 1.897737
v -0.320472 0.732238 1.894096
v -0.324112 0.732238 1.892589
v -0.327752 0.732238 1.894096
v -0.327564 0.721110 1.901189
v -0.328994 0.721110 1.897737
v -0.324112 0.721110 1.902617
v -0.320660 0.721110 1.901189
v -0.319230 0.721110 1.897737
v -0.320660 0.721110 1.894284
v -0.324112 0.721110 1.892855
v -0.327564 0.721110 1.894284
v -0.326751 0.718387 1.897737
v -0.325978 0.718387 1.899603
v -0.324112 0.718387 1.900375
v -0.322246 0.718387 1.899603
v -0.321473 0.718387 1.897737
v -0.322246 0.718387 1.895871
v -0.324112 0.718387 1.895097
v -0.325978 0.718387 1.895871
v -0.326751 0.721110 1.839267
v -0.325978 0.721110 1.841133
v -0.324112 0.721110 1.841907
v -0.322246 0.721110 1.841133
v -0.321473 0.721110 1.839267
v -0.322246 0.721110 1.837400
v -0.324112 0.721110 1.836629
v -0.325978 0.721110 1.837400
v -0.331242 0.730076 1.839267
v -0.329154 0.730076 1.844309
v -0.324112 0.730076 1.846397
v -0.319070 0.730076 1.844309
v -0.316982 0.730076 1.839267
v -0.319070 0.730076 1.834226
v -0.324112 0.730076 1.832137
v -0.329154 0.730076 1.834226
v -0.329259 0.732238 1.839267
v -0.327752 0.732238 1.842908
v -0.324112 0.732238 1.844415
v -0.320472 0.732238 1.842908
v -0.318965 0.732238 1.839267
v -0.320472 0.732238 1.835628
v -0.324112 0.732238 1.834120
v -0.327752 0.732238 1.835628
v -0.327564 0.721110 1.842719
v -0.328994 0.721110 1.839267
v -0.324112 0.721110 1.844149
v -0.320660 0.721110 1.842719
v -0.319230 0.721110 1.839267
v -0.320660 0.721110 1.835815
v -0.324112 0.721110 1.834386
v -0.327564 0.721110 1.835815
v -0.326751 0.718387 1.839267
v -0.325978 0.718387 1.841133
v -0.324112 0.718387 1.841907
v -0.322246 0.718387 1.841133
v -0.321473 0.718387 1.839267
v -0.322246 0.718387 1.837400
v -0.324112 0.718387 1.836629
v -0.325978 0.718387 1.837400
v -0.292526 0.721110 1.839267
v -0.291753 0.721110 1.841133
v -0.289886 0.721110 1.841907
v -0.288020 0.721110 1.841133
v -0.287247 0.721110 1.839267
v -0.288020 0.721110 1.837400
v -0.289886 0.721110 1.836629
v -0.291753 0.721110 1.837400
v -0.297017 0.730076 1.839267
v -0.294928 0.730076 1.844309
v -0.289886 0.730076 1.846397
v -0.284844 0.730076 1.844309
v -0.282756 0.730076 1.839267
v -0.284844 0.730076 1.834226
v -0.289886 0.730076 1.832137
v -0.294928 0.730076 1.834226
v -0.295034 0.732238 1.839267
v -0.293526 0.732238 1.842908
v -0.289886 0.732238 1.844415
v -0.286247 0.732238 1.842908
v -0.284739 0.732238 1.839267
v -0.286247 0.732238 1.835628
v -0.289886 0.732238 1.834120
v -0.293526 0.732238 1.835628
v -0.293338 0.721110 1.842719
v -0.294768 0.721110 1.839267
v -0.289886 0.721110 1.844149
v -0.286434 0.721110 1.842719
v -0.285005 0.721110 1.839267
v -0.286434 0.721110 1.835815
v -0.289886 0.721110 1.834386
v -0.293338 0.721110 1.835815
v -0.292526 0.718387 1.839267
v -0.291753 0.718387 1.841133
v -0.289886 0.718387 1.841907
v -0.288020 0.718387 1.841133
v -0.287247 0.718387 1.839267
v -0.288020 0.718387 1.837400
v -0.289886 0.718387 1.836629
v -0.291753 0.718387 1.837400
v -0.292526 0.721110 1.861008
v -0.291753 0.721110 1.862874
v -0.289886 0.721110 1.863647
v -0.288020 0.721110 1.862874
v -0.287247 0.721110 1.861008
v -0.288020 0.721110 1.859141
v -0.289886 0.721110 1.858368
v -0.291753 0.721110 1.859141
v -0.297017 0.730076 1.861008
v -0.294928 0.730076 1.866049
v -0.289886 0.730076 1.868138
v -0.284844 0.730076 1.866049
v -0.282756 0.730076 1.861008
v -0.284844 0.730076 1.855966
v -0.289886 0.730076 1.853877
v -0.294928 0.730076 1.855966
v -0.295034 0.732238 1.861008
v -0.293526 0.732238 1.864647
v -0.289886 0.732238 1.866155
v -0.286247 0.732238 1.864647
v -0.284739 0.732238 1.861008
v -0.286247 0.732238 1.857368
v -0.289886 0.732238 1.855860
v -0.293526 0.732238 1.857368
v -0.293338 0.721110 1.864459
v -0.294768 0.721110 1.861008
v -0.289886 0.721110 1.865889
v -0.286434 0.721110 1.864459
v -0.285005 0.721110 1.861008
v -0.286434 0.721110 1.857556
v -0.289886 0.721110 1.856126
v -0.293338 0.721110 1.857556
v -0.292526 0.718387 1.861008
v -0.291753 0.718387 1.862874
v -0.289886 0.718387 1.863647
v -0.288020 0.718387 1.862874
v -0.287247 0.718387 1.861008
v -0.288020 0.718387 1.859141
v -0.289886 0.718387 1.858368
v -0.291753 0.718387 1.859141
v -0.337474 0.714688 1.969621
v -0.254595 0.714688 1.969621
v -0.254595 0.714688 1.831094
v -0.337474 0.714688 1.831094
v -0.337474 0.719691 1.969621
v -0.254595 0.719691 1.969621
v -0.254595 0.719691 1.831094
v -0.337474 0.719691 1.831094
v -0.294333 0.714689 2.167859
v -0.255186 0.714689 2.167859
v -0.255186 0.714689 1.983046
v -0.294333 0.714689 1.983046
v -0.294333 0.719692 2.167859
v -0.255186 0.719692 2.167859
v -0.255186 0.719692 1.983046
v -0.294333 0.719692 1.983046
v -0.337474 0.714689 2.167859
v -0.298679 0.714689 2.167859
v -0.298679 0.714689 1.983046
v -0.337474 0.714689 1.983046
v -0.337474 0.719692 2.167859
v -0.298679 0.719692 2.167859
v -0.298679 0.719692 1.983046
v -0.337474 0.719692 1.983046
v -0.267112 0.709521 2.149079
v -0.267112 0.721749 2.149079
v -0.257810 0.709521 2.149079
v -0.257810 0.721749 2.149079
v -0.267112 0.709521 2.158711
v -0.267112 0.721749 2.158711
v -0.257810 0.709521 2.158711
v -0.257810 0.721749 2.158711
v -0.279205 0.709521 2.149079
v -0.279205 0.721749 2.149079
v -0.269903 0.709521 2.149079
v -0.269903 0.721749 2.149079
v -0.279205 0.709521 2.158711
v -0.279205 0.721749 2.158711
v -0.269903 0.709521 2.158711
v -0.269903 0.721749 2.158711
v -0.291298 0.709521 2.149079
v -0.291298 0.721749 2.149079
v -0.281996 0.709521 2.149079
v -0.281996 0.721749 2.149079
v -0.291298 0.709521 2.158711
v -0.291298 0.721749 2.158711
v -0.281996 0.709521 2.158711
v -0.281996 0.721749 2.158711
v -0.267112 0.709521 2.128849
v -0.267112 0.721749 2.128849
v -0.257810 0.709521 2.128849
v -0.257810 0.721749 2.128849
v -0.267112 0.709521 2.138482
v -0.267112 0.721749 2.138482
v -0.257810 0.709521 2.138482
v -0.257810 0.721749 2.138482
v -0.279205 0.709521 2.128849
v -0.279205 0.721749 2.128849
v -0.269903 0.709521 2.128849
v -0.269903 0.721749 2.128849
v -0.279205 0.709521 2.138482
v -0.279205 0.721749 2.138482
v -0.269903 0.709521 2.138482
v -0.269903 0.721749 2.138482
v -0.291298 0.709521 2.128849
v -0.291298 0.721749 2.128849
v -0.281996 0.709521 2.128849
v -0.281996 0.721749 2.128849
v -0.291298 0.709521 2.138482
v -0.291298 0.721749 2.138482
v -0.281996 0.709521 2.138482
v -0.281996 0.721749 2.138482
v -0.267112 0.709521 2.108619
v -0.267112 0.721749 2.108619
v -0.257810 0.709521 2.108619
v -0.257810 0.721749 2.108619
v -0.267112 0.709521 2.118252
v -0.267112 0.721749 2.118252
v -0.257810 0.709521 2.118252
v -0.257810 0.721749 2.118252
v -0.279205 0.709521 2.108619
v -0.279205 0.721749 2.108619
v -0.269903 0.709521 2.108619
v -0.269903 0.721749 2.108619
v -0.279205 0.709521 2.118252
v -0.279205 0.721749 2.118252
v -0.269903 0.709521 2.118252
v -0.269903 0.721749 2.118252
v -0.291298 0.709521 2.108619
v -0.291298 0.721749 2.108619
v -0.281996 0.709521 2.108619
v -0.281996 0.721749 2.108619
v -0.291298 0.709521 2.118252
v -0.291298 0.721749 2.118252
v -0.281996 0.709521 2.118252
v -0.281996 0.721749 2.118252
v -0.267112 0.709521 2.088388
v -0.267112 0.721749 2.088388
v -0.257810 0.709521 2.088388
v -0.257810 0.721749 2.088388
v -0.267112 0.709521 2.098022
v -0.267112 0.721749 2.098022
v -0.257810 0.709521 2.098022
v -0.257810 0.721749 2.098022
v -0.279205 0.709521 2.088388
v -0.279205 0.721749 2.088388
v -0.269903 0.709521 2.088388
v -0.269903 0.721749 2.088388
v -0.279205 0.709521 2.098022
v -0.279205 0.721749 2.098022
v -0.269903 0.709521 2.098022
v -0.269903 0.721749 2.098022
v -0.291298 0.709521 2.088388
v -0.291298 0.721749 2.088388
v -0.281996 0.709521 2.088388
v -0.281996 0.721749 2.088388
v -0.291298 0.709521 2.098022
v -0.291298 0.721749 2.098022
v -0.281996 0.709521 2.098022
v -0.281996 0.721749 2.098022
v -0.316599 0.710237 1.800756
v -0.316599 0.721034 1.800756
v -0.310770 0.710237 1.800756
v -0.310770 0.721034 1.800756
v -0.316599 0.710237 1.810390
v -0.316599 0.721034 1.810390
v -0.310770 0.710237 1.810390
v -0.310770 0.721034 1.810390
v -0.324176 0.710237 1.800756
v -0.324176 0.721034 1.800756
v -0.318347 0.710237 1.800756
v -0.318347 0.721034 1.800756
v -0.324176 0.710237 1.810390
v -0.324176 0.721034 1.810390
v -0.318347 0.710237 1.810390
v -0.318347 0.721034 1.810390
v -0.331753 0.710237 1.800756
v -0.331753 0.721034 1.800756
v -0.325925 0.710237 1.800756
v -0.325925 0.721034 1.800756
v -0.331753 0.710237 1.810390
v -0.331753 0.721034 1.810390
v -0.325925 0.710237 1.810390
v -0.325925 0.721034 1.810390
v -0.316599 0.710237 1.787270
v -0.316599 0.721034 1.787270
v -0.310770 0.710237 1.787270
v -0.310770 0.721034 1.787270
v -0.316599 0.710237 1.796903
v -0.316599 0.721034 1.796903
v -0.310770 0.710237 1.796903
v -0.310770 0.721034 1.796903
v -0.324176 0.710237 1.787270
v -0.324176 0.721034 1.787270
v -0.318347 0.710237 1.787270
v -0.318347 0.721034 1.787270
v -0.324176 0.710237 1.796903
v -0.324176 0.721034 1.796903
v -0.318347 0.710237 1.796903
v -0.318347 0.721034 1.796903
v -0.331753 0.710237 1.787270
v -0.331753 0.721034 1.787270
v -0.325925 0.710237 1.787270
v -0.325925 0.721034 1.787270
v -0.331753 0.710237 1.796903
v -0.331753 0.721034 1.796903
v -0.325925 0.710237 1.796903
v -0.325925 0.721034 1.796903
v -0.316599 0.710237 1.773783
v -0.316599 0.721034 1.773783
v -0.310770 0.710237 1.773783
v -0.310770 0.721034 1.773783
v -0.316599 0.710237 1.783417
v -0.316599 0.721034 1.783417
v -0.310770 0.710237 1.783416
v -0.310770 0.721034 1.783416
v -0.324176 0.710237 1.773783
v -0.324176 0.721034 1.773783
v -0.318347 0.710237 1.773783
v -0.318347 0.721034 1.773783
v -0.324176 0.710237 1.783417
v -0.324176 0.721034 1.783417
v -0.318347 0.710237 1.783416
v -0.318347 0.721034 1.783416
v -0.331753 0.710237 1.773783
v -0.331753 0.721034 1.773783
v -0.325925 0.710237 1.773783
v -0.325925 0.721034 1.773783
v -0.331753 0.710237 1.783417
v -0.331753 0.721034 1.783417
v -0.325925 0.710237 1.783416
v -0.325925 0.721034 1.783416
v -0.316599 0.710237 1.760297
v -0.316599 0.721034 1.760297
v -0.310770 0.710237 1.760297
v -0.310770 0.721034 1.760297
v -0.316599 0.710237 1.769929
v -0.316599 0.721034 1.769929
v -0.310770 0.710237 1.769929
v -0.310770 0.721034 1.769929
v -0.324176 0.710237 1.760297
v -0.324176 0.721034 1.760297
v -0.318347 0.710237 1.760297
v -0.318347 0.721034 1.760297
v -0.324176 0.710237 1.769929
v -0.324176 0.721034 1.769929
v -0.318347 0.710237 1.769929
v -0.318347 0.721034 1.769929
v -0.331753 0.710237 1.760297
v -0.331753 0.721034 1.760297
v -0.325925 0.710237 1.760297
v -0.325925 0.721034 1.760297
v -0.331753 0.710237 1.769929
v -0.331753 0.721034 1.769929
v -0.325925 0.710237 1.769929
v -0.325925 0.721034 1.769929
v -0.316599 0.710237 1.746809
v -0.316599 0.721034 1.746809
v -0.310770 0.710237 1.746809
v -0.310770 0.721034 1.746809
v -0.316599 0.710237 1.756443
v -0.316599 0.721034 1.756443
v -0.310770 0.710237 1.756443
v -0.310770 0.721034 1.756443
v -0.324176 0.710237 1.746809
v -0.324176 0.721034 1.746809
v -0.318347 0.710237 1.746809
v -0.318347 0.721034 1.746809
v -0.324176 0.710237 1.756443
v -0.324176 0.721034 1.756443
v -0.318347 0.710237 1.756443
v -0.318347 0.721034 1.756443
v -0.331753 0.710237 1.746809
v -0.331753 0.721034 1.746809
v -0.325925 0.710237 1.746809
v -0.325925 0.721034 1.746809
v -0.331753 0.710237 1.756443
v -0.331753 0.721034 1.756443
v -0.325925 0.710237 1.756443
v -0.325925 0.721034 1.756443
v -0.316599 0.710237 1.733323
v -0.316599 0.721034 1.733323
v -0.310770 0.710237 1.733323
v -0.310770 0.721034 1.733323
v -0.316599 0.710237 1.742956
v -0.316599 0.721034 1.742956
v -0.310770 0.710237 1.742956
v -0.310770 0.721034 1.742956
v -0.324176 0.710237 1.733323
v -0.324176 0.721034 1.733323
v -0.318347 0.710237 1.733323
v -0.318347 0.721034 1.733323
v -0.324176 0.710237 1.742956
v -0.324176 0.721034 1.742956
v -0.318347 0.710237 1.742956
v -0.318347 0.721034 1.742956
v -0.331753 0.710237 1.733323
v -0.331753 0.721034 1.733323
v -0.325925 0.710237 1.733323
v -0.325925 0.721034 1.733323
v -0.331753 0.710237 1.742956
v -0.331753 0.721034 1.742956
v -0.325925 0.710237 1.742956
v -0.325925 0.721034 1.742956
v -0.316599 0.710237 1.719836
v -0.316599 0.721034 1.719836
v -0.310770 0.710237 1.719836
v -0.310770 0.721034 1.719836
v -0.316599 0.710237 1.729470
v -0.316599 0.721034 1.729470
v -0.310770 0.710237 1.729469
v -0.310770 0.721034 1.729469
v -0.324176 0.710237 1.719836
v -0.324176 0.721034 1.719836
v -0.318347 0.710237 1.719836
v -0.318347 0.721034 1.719836
v -0.324176 0.710237 1.729470
v -0.324176 0.721034 1.729470
v -0.318347 0.710237 1.729469
v -0.318347 0.721034 1.729469
v -0.331753 0.710237 1.719836
v -0.331753 0.721034 1.719836
v -0.325925 0.710237 1.719836
v -0.325925 0.721034 1.719836
v -0.331753 0.710237 1.729470
v -0.331753 0.721034 1.729470
v -0.325925 0.710237 1.729469
v -0.325925 0.721034 1.729469
v -0.326751 0.723174 2.134196
v -0.325978 0.723174 2.136063
v -0.324112 0.723174 2.136836
v -0.322246 0.723174 2.136063
v -0.321473 0.723174 2.134196
v -0.322246 0.723174 2.132330
v -0.324112 0.723174 2.131558
v -0.325978 0.723174 2.132330
v -0.331242 0.740864 2.134196
v -0.329154 0.740864 2.139238
v -0.324112 0.740864 2.141327
v -0.319070 0.740864 2.139238
v -0.316982 0.740864 2.134196
v -0.319070 0.740864 2.129155
v -0.324112 0.740864 2.127067
v -0.329154 0.740864 2.129155
v -0.329259 0.743060 2.134196
v -0.327752 0.743060 2.137837
v -0.324112 0.743060 2.139344
v -0.320472 0.743060 2.137837
v -0.318965 0.743060 2.134196
v -0.320472 0.743060 2.130557
v -0.324112 0.743060 2.129049
v -0.327752 0.743060 2.130557
v -0.327564 0.723174 2.137649
v -0.328994 0.723174 2.134196
v -0.324112 0.723174 2.139078
v -0.320660 0.723174 2.137649
v -0.319230 0.723174 2.134196
v -0.320660 0.723174 2.130745
v -0.324112 0.723174 2.129315
v -0.327564 0.723174 2.130745
v -0.326751 0.717800 2.134196
v -0.325978 0.717800 2.136063
v -0.324112 0.717800 2.136836
v -0.322246 0.717800 2.136063
v -0.321473 0.717800 2.134196
v -0.322246 0.717800 2.132330
v -0.324112 0.717800 2.131558
v -0.325978 0.717800 2.132330
v -0.308213 0.723174 2.134196
v -0.307439 0.723174 2.136063
v -0.305573 0.723174 2.136836
v -0.303707 0.723174 2.136063
v -0.302934 0.723174 2.134196
v -0.303707 0.723174 2.132330
v -0.305573 0.723174 2.131558
v -0.307439 0.723174 2.132330
v -0.312703 0.740864 2.134196
v -0.310615 0.740864 2.139238
v -0.305573 0.740864 2.141327
v -0.300531 0.740864 2.139238
v -0.298443 0.740864 2.134196
v -0.300531 0.740864 2.129155
v -0.305573 0.740864 2.127067
v -0.310615 0.740864 2.129155
v -0.310720 0.743060 2.134196
v -0.309213 0.743060 2.137837
v -0.305573 0.743060 2.139344
v -0.301933 0.743060 2.137837
v -0.300426 0.743060 2.134196
v -0.301933 0.743060 2.130557
v -0.305573 0.743060 2.129049
v -0.309213 0.743060 2.130557
v -0.309025 0.723174 2.137649
v -0.310455 0.723174 2.134196
v -0.305573 0.723174 2.139078
v -0.302121 0.723174 2.137649
v -0.300691 0.723174 2.134196
v -0.302121 0.723174 2.130745
v -0.305573 0.723174 2.129315
v -0.309025 0.723174 2.130745
v -0.308213 0.717800 2.134196
v -0.307439 0.717800 2.136063
v -0.305573 0.717800 2.136836
v -0.303707 0.717800 2.136063
v -0.302934 0.717800 2.134196
v -0.303707 0.717800 2.132330
v -0.305573 0.717800 2.131558
v -0.307439 0.717800 2.132330
v -0.326751 0.723174 2.070024
v -0.325978 0.723174 2.071890
v -0.324112 0.723174 2.072662
v -0.322246 0.723174 2.071890
v -0.321473 0.723174 2.070024
v -0.322246 0.723174 2.068158
v -0.324112 0.723174 2.067384
v -0.325978 0.723174 2.068158
v -0.331242 0.740864 2.070024
v -0.329154 0.740864 2.075066
v -0.324112 0.740864 2.077154
v -0.319070 0.740864 2.075066
v -0.316982 0.740864 2.070024
v -0.319070 0.740864 2.064981
v -0.324112 0.740864 2.062894
v -0.329154 0.740864 2.064981
v -0.329259 0.743060 2.070024
v -0.327752 0.743060 2.073663
v -0.324112 0.743060 2.075171
v -0.320472 0.743060 2.073663
v -0.318965 0.743060 2.070024
v -0.320472 0.743060 2.066383
v -0.324112 0.743060 2.064878
v -0.327752 0.743060 2.066383
v -0.327564 0.723174 2.073476
v -0.328994 0.723174 2.070024
v -0.324112 0.723174 2.074905
v -0.320660 0.723174 2.073476
v -0.319230 0.723174 2.070024
v -0.320660 0.723174 2.066571
v -0.324112 0.723174 2.065142
v -0.327564 0.723174 2.066571
v -0.326751 0.717800 2.070024
v -0.325978 0.717800 2.071890
v -0.324112 0.717800 2.072662
v -0.322246 0.717800 2.071890
v -0.321473 0.717800 2.070024
v -0.322246 0.717800 2.068158
v -0.324112 0.717800 2.067384
v -0.325978 0.717800 2.068158
v -0.308213 0.723174 2.070024
v -0.307439 0.723174 2.071890
v -0.305573 0.723174 2.072662
v -0.303707 0.723174 2.071890
v -0.302934 0.723174 2.070024
v -0.303707 0.723174 2.068158
v -0.305573 0.723174 2.067384
v -0.307439 0.723174 2.068158
v -0.312703 0.740864 2.070024
v -0.310615 0.740864 2.075066
v -0.305573 0.740864 2.077154
v -0.300531 0.740864 2.075066
v -0.298443 0.740864 2.070024
v -0.300531 0.740864 2.064981
v -0.305573 0.740864 2.062894
v -0.310615 0.740864 2.064981
v -0.310720 0.743060 2.070024
v -0.309213 0.743060 2.073663
v -0.305573 0.743060 2.075171
v -0.301933 0.743060 2.073663
v -0.300426 0.743060 2.070024
v -0.301933 0.743060 2.066383
v -0.305573 0.743060 2.064878
v -0.309213 0.743060 2.066383
v -0.309025 0.723174 2.073476
v -0.310455 0.723174 2.070024
v -0.305573 0.723174 2.074905
v -0.302121 0.723174 2.073476
v -0.300691 0.723174 2.070024
v -0.302121 0.723174 2.066571
v -0.305573 0.723174 2.065142
v -0.309025 0.723174 2.066571
v -0.308213 0.717800 2.070024
v -0.307439 0.717800 2.071890
v -0.305573 0.717800 2.072662
v -0.303707 0.717800 2.071890
v -0.302934 0.717800 2.070024
v -0.303707 0.717800 2.068158
v -0.305573 0.717800 2.067384
v -0.307439 0.717800 2.068158
v -0.326751 0.723174 2.005850
v -0.325978 0.723174 2.007716
v -0.324112 0.723174 2.008490
v -0.322246 0.723174 2.007716
v -0.321473 0.723174 2.005850
v -0.322246 0.723174 2.003983
v -0.324112 0.723174 2.003211
v -0.325978 0.723174 2.003983
v -0.331242 0.740864 2.005850
v -0.329154 0.740864 2.010892
v -0.324112 0.740864 2.012980
v -0.319070 0.740864 2.010892
v -0.316982 0.740864 2.005850
v -0.319070 0.740864 2.000809
v -0.324112 0.740864 1.998720
v -0.329154 0.740864 2.000809
v -0.329259 0.743060 2.005850
v -0.327752 0.743060 2.009490
v -0.324112 0.743060 2.010999
v -0.320472 0.743060 2.009490
v -0.318965 0.743060 2.005850
v -0.320472 0.743060 2.002211
v -0.324112 0.743060 2.000703
v -0.327752 0.743060 2.002211
v -0.327564 0.723174 2.009302
v -0.328994 0.723174 2.005850
v -0.324112 0.723174 2.010732
v -0.320660 0.723174 2.009302
v -0.319230 0.723174 2.005850
v -0.320660 0.723174 2.002398
v -0.324112 0.723174 2.000969
v -0.327564 0.723174 2.002398
v -0.326751 0.717800 2.005850
v -0.325978 0.717800 2.007716
v -0.324112 0.717800 2.008490
v -0.322246 0.717800 2.007716
v -0.321473 0.717800 2.005850
v -0.322246 0.717800 2.003983
v -0.324112 0.717800 2.003211
v -0.325978 0.717800 2.003983
v -0.308213 0.723174 2.005850
v -0.307439 0.723174 2.007716
v -0.305573 0.723174 2.008490
v -0.303707 0.723174 2.007716
v -0.302934 0.723174 2.005850
v -0.303707 0.723174 2.003983
v -0.305573 0.723174 2.003211
v -0.307439 0.723174 2.003983
v -0.312703 0.740864 2.005850
v -0.310615 0.740864 2.010892
v -0.305573 0.740864 2.012980
v -0.300531 0.740864 2.010892
v -0.298443 0.740864 2.005850
v -0.300531 0.740864 2.000809
v -0.305573 0.740864 1.998720
v -0.310615 0.740864 2.000809
v -0.310720 0.743060 2.005850
v -0.309213 0.743060 2.009490
v -0.305573 0.743060 2.010999
v -0.301933 0.743060 2.009490
v -0.300426 0.743060 2.005850
v -0.301933 0.743060 2.002211
v -0.305573 0.743060 2.000703
v -0.309213 0.743060 2.002211
v -0.309025 0.723174 2.009302
v -0.310455 0.723174 2.005850
v -0.305573 0.723174 2.010732
v -0.302121 0.723174 2.009302
v -0.300691 0.723174 2.005850
v -0.302121 0.723174 2.002398
v -0.305573 0.723174 2.000969
v -0.309025 0.723174 2.002398
v -0.308213 0.717800 2.005850
v -0.307439 0.717800 2.007716
v -0.305573 0.717800 2.008490
v -0.303707 0.717800 2.007716
v -0.302934 0.717800 2.005850
v -0.303707 0.717800 2.003983
v -0.305573 0.717800 2.003211
v -0.307439 0.717800 2.003983
v 0.146065 1.027492 2.231042
v 0.146065 1.027492 2.216283
v 0.165706 1.027492 2.231042
v 0.165706 1.027492 2.216283
v 0.146065 1.045085 2.231042
v 0.146065 1.045085 2.216283
v 0.165706 1.045085 2.231042
v 0.165706 1.045085 2.216283
v 0.151868 1.050622 2.216283
v 0.151868 1.050622 2.231042
v 0.159903 1.050622 2.216283
v 0.159903 1.050622 2.231042
v 0.129293 1.038821 2.228991
v 0.129293 1.038821 2.218334
v 0.142175 1.038821 2.228991
v 0.142175 1.038821 2.218334
v 0.129293 1.071880 2.228991
v 0.129293 1.071880 2.218334
v 0.142175 1.071880 2.228991
v 0.142175 1.071880 2.218334
v 0.126659 1.048791 2.231042
v 0.126659 1.048791 2.216283
v 0.144809 1.048791 2.231042
v 0.144809 1.048791 2.216283
v 0.126659 1.061911 2.231042
v 0.126659 1.061911 2.216283
v 0.144809 1.061911 2.231042
v 0.144809 1.061911 2.216283
v 0.094285 1.042047 2.231042
v 0.094285 1.042047 2.216283
v 0.122019 1.042047 2.231042
v 0.122019 1.042047 2.216283
v 0.094285 1.083920 2.231042
v 0.094285 1.083920 2.216283
v 0.122019 1.083920 2.231042
v 0.122019 1.083920 2.216283
v -0.015831 1.062068 2.234326
v -0.015831 1.062068 2.219567
v 0.065577 1.062068 2.234326
v 0.065577 1.062068 2.219567
v -0.015831 1.076252 2.234326
v -0.015831 1.076252 2.219567
v 0.065577 1.076252 2.234326
v 0.065577 1.076252 2.219567
v -0.000596 1.080985 2.219567
v -0.000596 1.080985 2.234326
v 0.050342 1.080985 2.219567
v 0.050342 1.080985 2.234326
v -0.015346 1.089268 2.219567
v -0.015346 1.089268 2.234326
v 0.065091 1.089268 2.219567
v 0.065091 1.089268 2.234326
v -0.015346 1.101101 2.219567
v -0.015346 1.101101 2.234326
v 0.065091 1.101101 2.219567
v 0.065091 1.101101 2.234326
v 0.046711 1.083022 2.215290
v 0.003035 1.083022 2.215290
v 0.059357 1.089465 2.215290
v -0.009612 1.089465 2.215290
v 0.059357 1.098670 2.215290
v -0.009612 1.098670 2.215290
v 0.323155 1.038776 2.221325
v 0.000000 1.116913 2.221325
v 0.094144 1.116913 2.221325
v 0.000000 1.116913 2.179808
v 0.094144 1.116913 2.179808
v -0.323155 1.038776 2.221325
v -0.094144 1.116913 2.221325
v -0.094144 1.116913 2.179808
v 0.320572 1.031203 2.221325
v 0.000000 1.108913 2.221325
v 0.092835 1.109020 2.221325
v 0.000000 1.108913 2.179808
v 0.092910 1.109009 2.179808
v -0.320572 1.031203 2.221325
v -0.092835 1.109020 2.221325
v -0.092910 1.109009 2.179808
v 0.367073 0.748406 1.683554
v 0.367073 0.941438 1.683554
v 0.354158 0.748406 1.683554
v 0.354158 0.941438 1.683554
v 0.360886 0.748408 1.854306
v 0.360886 0.941440 1.854306
v 0.354158 0.748408 1.854306
v 0.354158 0.941440 1.854306
v 0.367073 0.844922 1.683554
v 0.354158 0.844922 1.683554
v 0.360886 0.844924 1.854306
v 0.354158 0.844924 1.854306
v 0.354158 0.844924 1.959455
v 0.354158 0.941440 1.959455
v 0.360886 0.941440 1.959455
v 0.360886 0.844924 1.959455
v 0.349670 0.853863 2.038597
v 0.349670 0.878060 2.038597
v 0.342995 0.861947 2.030515
v 0.342995 0.869976 2.030515
v 0.349670 0.853863 2.014401
v 0.349670 0.878060 2.014401
v 0.342995 0.861947 2.022484
v 0.342995 0.869976 2.022484
v 0.342995 0.878060 2.038597
v 0.342995 0.853863 2.038597
v 0.342995 0.853863 2.014401
v 0.342995 0.878060 2.014401
v 0.320928 0.864160 2.031975
v 0.320928 0.853210 2.031975
v 0.320928 0.853210 2.021024
v 0.320928 0.864160 2.021024
v 0.318346 0.861314 2.029833
v 0.318346 0.854648 2.029833
v 0.318346 0.854648 2.023166
v 0.318346 0.861314 2.023166
v 0.349670 0.853863 2.150212
v 0.349670 0.878060 2.150212
v 0.342995 0.861947 2.142128
v 0.342995 0.869976 2.142128
v 0.349670 0.853863 2.126015
v 0.349670 0.878060 2.126015
v 0.342995 0.861947 2.134099
v 0.342995 0.869976 2.134099
v 0.342995 0.878060 2.150212
v 0.342995 0.853863 2.150212
v 0.342995 0.853863 2.126015
v 0.342995 0.878060 2.126015
v 0.320928 0.864160 2.143588
v 0.320928 0.853210 2.143588
v 0.320928 0.853210 2.132638
v 0.320928 0.864160 2.132638
v 0.318346 0.861314 2.141446
v 0.318346 0.854648 2.141446
v 0.318346 0.854648 2.134779
v 0.318346 0.861314 2.134779
v 0.349670 0.818942 2.075758
v 0.349670 0.843139 2.075758
v 0.342995 0.827026 2.067674
v 0.342995 0.835055 2.067674
v 0.349670 0.818942 2.051560
v 0.349670 0.843139 2.051560
v 0.342995 0.827026 2.059645
v 0.342995 0.835055 2.059645
v 0.342995 0.843139 2.075758
v 0.342995 0.818942 2.075758
v 0.342995 0.818942 2.051560
v 0.342995 0.843139 2.051560
v 0.320928 0.829238 2.069135
v 0.320928 0.818287 2.069135
v 0.320928 0.818287 2.058184
v 0.320928 0.829238 2.058184
v 0.318346 0.826392 2.066993
v 0.318346 0.819724 2.066993
v 0.318346 0.819724 2.060326
v 0.318346 0.826392 2.060326
v 0.349670 0.818942 2.114473
v 0.349670 0.843139 2.114473
v 0.342995 0.827026 2.106389
v 0.342995 0.835055 2.106389
v 0.349670 0.818942 2.090276
v 0.349670 0.843139 2.090276
v 0.342995 0.827026 2.098360
v 0.342995 0.835055 2.098360
v 0.342995 0.843139 2.114473
v 0.342995 0.818942 2.114473
v 0.342995 0.818942 2.090276
v 0.342995 0.843139 2.090276
v 0.320928 0.829238 2.107850
v 0.320928 0.818287 2.107850
v 0.320928 0.818287 2.096899
v 0.320928 0.829238 2.096899
v 0.318346 0.826392 2.105708
v 0.318346 0.819724 2.105708
v 0.318346 0.819724 2.099042
v 0.318346 0.826392 2.099042
v 0.349670 0.853863 2.075758
v 0.349670 0.878060 2.075758
v 0.342995 0.861947 2.067674
v 0.342995 0.869976 2.067674
v 0.349670 0.853863 2.051560
v 0.349670 0.878060 2.051560
v 0.342995 0.861947 2.059645
v 0.342995 0.869976 2.059645
v 0.342995 0.878060 2.075758
v 0.342995 0.853863 2.075758
v 0.342995 0.853863 2.051560
v 0.342995 0.878060 2.051560
v 0.320928 0.864160 2.069135
v 0.320928 0.853210 2.069135
v 0.320928 0.853210 2.058184
v 0.320928 0.864160 2.058184
v 0.318346 0.861314 2.066993
v 0.318346 0.854648 2.066993
v 0.318346 0.854648 2.060326
v 0.318346 0.861314 2.060326
v 0.349670 0.853863 2.114473
v 0.349670 0.878060 2.114473
v 0.342995 0.861947 2.106389
v 0.342995 0.869976 2.106389
v 0.349670 0.853863 2.090276
v 0.349670 0.878060 2.090276
v 0.342995 0.861947 2.098360
v 0.342995 0.869976 2.098360
v 0.342995 0.878060 2.114473
v 0.342995 0.853863 2.114473
v 0.342995 0.853863 2.090276
v 0.342995 0.878060 2.090276
v 0.320928 0.864160 2.107850
v 0.320928 0.853210 2.107850
v 0.320928 0.853210 2.096899
v 0.320928 0.864160 2.096899
v 0.318346 0.861314 2.105708
v 0.318346 0.854648 2.105708
v 0.318346 0.854648 2.099042
v 0.318346 0.861314 2.099042
v 0.348370 0.807247 2.041475
v 0.348370 0.839458 2.041475
v 0.348370 0.807247 2.046969
v 0.348370 0.839458 2.046969
v 0.341521 0.808845 2.041475
v 0.341521 0.837861 2.041475
v 0.341521 0.808845 2.046969
v 0.341521 0.837861 2.046969
v 0.337019 0.814128 2.041475
v 0.337019 0.832577 2.041475
v 0.337019 0.814128 2.046969
v 0.337019 0.832577 2.046969
v 0.347273 0.803402 2.041475
v 0.347273 0.843304 2.041475
v 0.347273 0.803402 2.046969
v 0.347273 0.843304 2.046969
v 0.338959 0.805774 2.041475
v 0.338959 0.840934 2.041475
v 0.338959 0.805774 2.046969
v 0.338959 0.840934 2.046969
v 0.333124 0.812402 2.041475
v 0.333124 0.834306 2.041475
v 0.333124 0.812402 2.046969
v 0.333124 0.834306 2.046969
v 0.348370 0.807247 2.116692
v 0.348370 0.839458 2.116692
v 0.348370 0.807247 2.122186
v 0.348370 0.839458 2.122186
v 0.341521 0.808845 2.116692
v 0.341521 0.837861 2.116692
v 0.341521 0.808845 2.122186
v 0.341521 0.837861 2.122186
v 0.337019 0.814129 2.116692
v 0.337019 0.832577 2.116692
v 0.337019 0.814129 2.122186
v 0.337019 0.832577 2.122186
v 0.347273 0.803402 2.116692
v 0.347273 0.843304 2.116692
v 0.347273 0.803402 2.122186
v 0.347273 0.843304 2.122186
v 0.338959 0.805774 2.116692
v 0.338959 0.840934 2.116692
v 0.338959 0.805774 2.122186
v 0.338959 0.840934 2.122186
v 0.333124 0.812402 2.116692
v 0.333124 0.834306 2.116692
v 0.333124 0.812402 2.122186
v 0.333124 0.834306 2.122186
v 0.348370 0.807247 2.080307
v 0.348370 0.839458 2.080307
v 0.348370 0.807247 2.085801
v 0.348370 0.839458 2.085801
v 0.341521 0.808845 2.080307
v 0.341521 0.837861 2.080307
v 0.341521 0.808845 2.085801
v 0.341521 0.837861 2.085801
v 0.337019 0.814128 2.080307
v 0.337019 0.832577 2.080307
v 0.337019 0.814129 2.085801
v 0.337019 0.832577 2.085801
v 0.347273 0.803402 2.080307
v 0.347273 0.843304 2.080307
v 0.347273 0.803402 2.085801
v 0.347273 0.843304 2.085801
v 0.338959 0.805774 2.080307
v 0.338959 0.840934 2.080307
v 0.338959 0.805774 2.085801
v 0.338959 0.840934 2.085801
v 0.333124 0.812402 2.080307
v 0.333124 0.834306 2.080307
v 0.333124 0.812402 2.085801
v 0.333124 0.834306 2.085801
v 0.348370 0.850190 2.005342
v 0.348370 0.882400 2.005342
v 0.348370 0.850190 2.010836
v 0.348370 0.882400 2.010836
v 0.341521 0.851787 2.005342
v 0.341521 0.880801 2.005342
v 0.341521 0.851787 2.010836
v 0.341521 0.880801 2.010836
v 0.337019 0.857070 2.005342
v 0.337019 0.875518 2.005342
v 0.337019 0.857070 2.010836
v 0.337019 0.875518 2.010836
v 0.347273 0.846343 2.005342
v 0.347273 0.886245 2.005342
v 0.347273 0.846343 2.010836
v 0.347273 0.886245 2.010836
v 0.338959 0.848713 2.005342
v 0.338959 0.883874 2.005342
v 0.338959 0.848713 2.010836
v 0.338959 0.883874 2.010836
v 0.333124 0.855342 2.005342
v 0.333124 0.877246 2.005342
v 0.333124 0.855342 2.010836
v 0.333124 0.877246 2.010836
v 0.348370 0.850190 2.041726
v 0.348370 0.882400 2.041726
v 0.348370 0.850190 2.047220
v 0.348370 0.882400 2.047220
v 0.341521 0.851787 2.041726
v 0.341521 0.880801 2.041726
v 0.341521 0.851787 2.047220
v 0.341521 0.880801 2.047220
v 0.337019 0.857070 2.041726
v 0.337019 0.875518 2.041726
v 0.337019 0.857070 2.047220
v 0.337019 0.875518 2.047220
v 0.347273 0.846343 2.041726
v 0.347273 0.886245 2.041726
v 0.347273 0.846343 2.047220
v 0.347273 0.886245 2.047220
v 0.338959 0.848713 2.041726
v 0.338959 0.883874 2.041726
v 0.338959 0.848713 2.047220
v 0.338959 0.883874 2.047220
v 0.333124 0.855342 2.041726
v 0.333124 0.877246 2.041726
v 0.333124 0.855342 2.047220
v 0.333124 0.877246 2.047220
v 0.348370 0.850190 2.080307
v 0.348370 0.882400 2.080307
v 0.348370 0.850190 2.085801
v 0.348370 0.882400 2.085801
v 0.341521 0.851787 2.080307
v 0.341521 0.880801 2.080307
v 0.341521 0.851787 2.085801
v 0.341521 0.880801 2.085801
v 0.337019 0.857070 2.080307
v 0.337019 0.875518 2.080307
v 0.337019 0.857070 2.085801
v 0.337019 0.875518 2.085801
v 0.347273 0.846343 2.080307
v 0.347273 0.886245 2.080307
v 0.347273 0.846343 2.085801
v 0.347273 0.886245 2.085801
v 0.338959 0.848713 2.080307
v 0.338959 0.883874 2.080307
v 0.338959 0.848713 2.085801
v 0.338959 0.883874 2.085801
v 0.333124 0.855342 2.080307
v 0.333124 0.877246 2.080307
v 0.333124 0.855342 2.085801
v 0.333124 0.877246 2.085801
v 0.348370 0.850190 2.153076
v 0.348370 0.882400 2.153076
v 0.348370 0.850190 2.158570
v 0.348370 0.882400 2.158570
v 0.341521 0.851787 2.153076
v 0.341521 0.880801 2.153076
v 0.341521 0.851787 2.158570
v 0.341521 0.880801 2.158570
v 0.337019 0.857070 2.153076
v 0.337019 0.875518 2.153076
v 0.337019 0.857070 2.158570
v 0.337019 0.875518 2.158570
v 0.347273 0.846343 2.153076
v 0.347273 0.886245 2.153076
v 0.347273 0.846343 2.158570
v 0.347273 0.886245 2.158570
v 0.338959 0.848713 2.153076
v 0.338959 0.883874 2.153076
v 0.338959 0.848713 2.158570
v 0.338959 0.883874 2.158570
v 0.333124 0.855342 2.153076
v 0.333124 0.877246 2.153076
v 0.333124 0.855342 2.158570
v 0.333124 0.877246 2.158570
v 0.348370 0.850190 2.116692
v 0.348370 0.882400 2.116692
v 0.348370 0.850190 2.122186
v 0.348370 0.882400 2.122186
v 0.341521 0.851787 2.116692
v 0.341521 0.880801 2.116692
v 0.341521 0.851787 2.122186
v 0.341521 0.880801 2.122186
v 0.337019 0.857070 2.116692
v 0.337019 0.875518 2.116692
v 0.337019 0.857070 2.122186
v 0.337019 0.875518 2.122186
v 0.347273 0.846343 2.116692
v 0.347273 0.886245 2.116692
v 0.347273 0.846343 2.122186
v 0.347273 0.886245 2.122186
v 0.338959 0.848713 2.116692
v 0.338959 0.883874 2.116692
v 0.338959 0.848713 2.122186
v 0.338959 0.883874 2.122186
v 0.333124 0.855342 2.116692
v 0.333124 0.877246 2.116692
v 0.333124 0.855342 2.122186
v 0.333124 0.877246 2.122186
v 0.360155 0.748408 2.165956
v 0.360155 0.941440 2.165956
v 0.346936 0.748408 2.165956
v 0.346936 0.941440 2.165956
v 0.364117 0.748408 2.003774
v 0.364117 0.941440 2.003774
v 0.346936 0.748408 2.003774
v 0.346936 0.941440 2.003774
v 0.256205 0.710773 1.724698
v 0.256205 0.718459 1.724698
v 0.256205 0.710772 1.663666
v 0.256205 0.718457 1.663666
v 0.357640 0.710773 1.724698
v 0.357640 0.718459 1.724698
v 0.357640 0.710772 1.663666
v 0.357640 0.718457 1.663666
v 0.331441 0.718268 1.675530
v 0.317687 0.718268 1.681228
v 0.311989 0.718268 1.694982
v 0.317687 0.718268 1.708736
v 0.331441 0.718269 1.714434
v 0.345196 0.718268 1.708736
v 0.350893 0.718268 1.694982
v 0.345196 0.718268 1.681228
v 0.283283 0.718268 1.675530
v 0.269528 0.718268 1.681228
v 0.263831 0.718268 1.694982
v 0.269528 0.718268 1.708736
v 0.283283 0.718269 1.714434
v 0.297037 0.718268 1.708736
v 0.302734 0.718268 1.694982
v 0.297037 0.718268 1.681228
v 0.318813 0.722417 1.682354
v 0.331441 0.722417 1.677123
v 0.313582 0.722417 1.694982
v 0.318813 0.722417 1.707611
v 0.331441 0.722419 1.712842
v 0.344070 0.722417 1.707611
v 0.349300 0.722417 1.694982
v 0.344070 0.722417 1.682354
v 0.270654 0.722417 1.682354
v 0.283283 0.722417 1.677123
v 0.265423 0.722417 1.694982
v 0.270654 0.722417 1.707611
v 0.283283 0.722419 1.712842
v 0.295911 0.722417 1.707611
v 0.301142 0.722417 1.694982
v 0.295911 0.722417 1.682354
v 0.342737 0.709385 1.760432
v 0.348829 0.718608 1.754339
v 0.342737 0.709385 1.743279
v 0.348829 0.718608 1.749372
v 0.359889 0.709385 1.760432
v 0.353797 0.718608 1.754339
v 0.359889 0.709385 1.743279
v 0.353797 0.718608 1.749372
v 0.321976 0.709385 1.760432
v 0.328068 0.718608 1.754339
v 0.321976 0.709385 1.743279
v 0.328068 0.718608 1.749372
v 0.339128 0.709385 1.760432
v 0.333036 0.718608 1.754339
v 0.339128 0.709385 1.743279
v 0.333036 0.718608 1.749372
v 0.342737 0.718608 1.760432
v 0.342737 0.718608 1.743279
v 0.359889 0.718608 1.743279
v 0.359889 0.718608 1.760432
v 0.321976 0.718608 1.760432
v 0.321976 0.718608 1.743279
v 0.339128 0.718608 1.743279
v 0.339128 0.718608 1.760432
v 0.347011 0.735512 1.756158
v 0.347011 0.735512 1.747554
v 0.355615 0.735512 1.747554
v 0.355615 0.735512 1.756158
v 0.326250 0.735512 1.756158
v 0.326250 0.735512 1.747554
v 0.334854 0.735512 1.747554
v 0.334854 0.735512 1.756158
v 0.348567 0.737353 1.754601
v 0.348567 0.737353 1.749110
v 0.354059 0.737353 1.749110
v 0.354059 0.737353 1.754601
v 0.327806 0.737353 1.754601
v 0.327806 0.737353 1.749110
v 0.333298 0.737353 1.749110
v 0.333298 0.737353 1.754601
v 0.342737 0.709385 1.786503
v 0.348829 0.718608 1.780410
v 0.342737 0.709385 1.769350
v 0.348829 0.718608 1.775443
v 0.359889 0.709385 1.786503
v 0.353797 0.718608 1.780410
v 0.359889 0.709385 1.769350
v 0.353797 0.718608 1.775443
v 0.321976 0.709385 1.786503
v 0.328068 0.718608 1.780410
v 0.321976 0.709385 1.769350
v 0.328068 0.718608 1.775443
v 0.339128 0.709385 1.786503
v 0.333036 0.718608 1.780410
v 0.339128 0.709385 1.769350
v 0.333036 0.718608 1.775443
v 0.342737 0.718608 1.786503
v 0.342737 0.718608 1.769350
v 0.359889 0.718608 1.769350
v 0.359889 0.718608 1.786503
v 0.321976 0.718608 1.786503
v 0.321976 0.718608 1.769350
v 0.339128 0.718608 1.769350
v 0.339128 0.718608 1.786503
v 0.347011 0.735512 1.782228
v 0.347011 0.735512 1.773624
v 0.355615 0.735512 1.773624
v 0.355615 0.735512 1.782228
v 0.326250 0.735512 1.782228
v 0.326250 0.735512 1.773624
v 0.334854 0.735512 1.773624
v 0.334854 0.735512 1.782228
v 0.348567 0.737353 1.780672
v 0.348567 0.737353 1.775181
v 0.354059 0.737353 1.775181
v 0.354059 0.737353 1.780672
v 0.327806 0.737353 1.780672
v 0.327806 0.737353 1.775181
v 0.333298 0.737353 1.775181
v 0.333298 0.737353 1.780672
v 0.342737 0.709385 1.811513
v 0.348829 0.718608 1.805421
v 0.342737 0.709385 1.794360
v 0.348829 0.718608 1.800453
v 0.359889 0.709385 1.811513
v 0.353797 0.718608 1.805421
v 0.359889 0.709385 1.794360
v 0.353797 0.718608 1.800453
v 0.321976 0.709385 1.811513
v 0.328068 0.718608 1.805421
v 0.321976 0.709385 1.794360
v 0.328068 0.718608 1.800453
v 0.339128 0.709385 1.811513
v 0.333036 0.718608 1.805421
v 0.339128 0.709385 1.794360
v 0.333036 0.718608 1.800453
v 0.342737 0.718608 1.811513
v 0.342737 0.718608 1.794360
v 0.359889 0.718608 1.794360
v 0.359889 0.718608 1.811513
v 0.321976 0.718608 1.811513
v 0.321976 0.718608 1.794360
v 0.339128 0.718608 1.794360
v 0.339128 0.718608 1.811513
v 0.347011 0.735512 1.807239
v 0.347011 0.735512 1.798635
v 0.355615 0.735512 1.798635
v 0.355615 0.735512 1.807239
v 0.326250 0.735512 1.807239
v 0.326250 0.735512 1.798635
v 0.334854 0.735512 1.798635
v 0.334854 0.735512 1.807239
v 0.348567 0.737353 1.805684
v 0.348567 0.737353 1.800191
v 0.354059 0.737353 1.800191
v 0.354059 0.737353 1.805684
v 0.327806 0.737353 1.805684
v 0.327806 0.737353 1.800191
v 0.333298 0.737353 1.800191
v 0.333298 0.737353 1.805684
v 0.342737 0.709385 1.837584
v 0.348829 0.718608 1.831491
v 0.342737 0.709385 1.820432
v 0.348829 0.718608 1.826524
v 0.359889 0.709385 1.837584
v 0.353797 0.718608 1.831491
v 0.359889 0.709385 1.820432
v 0.353797 0.718608 1.826524
v 0.321976 0.709385 1.837584
v 0.328068 0.718608 1.831491
v 0.321976 0.709385 1.820432
v 0.328068 0.718608 1.826524
v 0.339128 0.709385 1.837584
v 0.333036 0.718608 1.831491
v 0.339128 0.709385 1.820432
v 0.333036 0.718608 1.826524
v 0.342737 0.718608 1.837584
v 0.342737 0.718608 1.820432
v 0.359889 0.718608 1.820432
v 0.359889 0.718608 1.837584
v 0.321976 0.718608 1.837584
v 0.321976 0.718608 1.820432
v 0.339128 0.718608 1.820432
v 0.339128 0.718608 1.837584
v 0.347011 0.735512 1.833309
v 0.347011 0.735512 1.824706
v 0.355615 0.735512 1.824706
v 0.355615 0.735512 1.833309
v 0.326250 0.735512 1.833309
v 0.326250 0.735512 1.824706
v 0.334854 0.735512 1.824706
v 0.334854 0.735512 1.833309
v 0.348567 0.737353 1.831754
v 0.348567 0.737353 1.826262
v 0.354059 0.737353 1.826262
v 0.354059 0.737353 1.831754
v 0.327806 0.737353 1.831754
v 0.327806 0.737353 1.826262
v 0.333298 0.737353 1.826262
v 0.333298 0.737353 1.831754
v 0.277595 0.710773 1.837158
v 0.277595 0.718459 1.837158
v 0.277595 0.710773 1.822860
v 0.277595 0.718459 1.822860
v 0.291892 0.710773 1.837158
v 0.291892 0.718459 1.837158
v 0.291892 0.710773 1.822860
v 0.291892 0.718459 1.822860
v 0.277595 0.710773 1.810734
v 0.277595 0.718459 1.810734
v 0.277595 0.710773 1.796437
v 0.277595 0.718459 1.796437
v 0.291892 0.710773 1.810734
v 0.291892 0.718459 1.810734
v 0.291892 0.710773 1.796437
v 0.291892 0.718459 1.796437
v 0.256205 0.710773 1.837158
v 0.256205 0.718459 1.837158
v 0.256205 0.710773 1.822860
v 0.256205 0.718459 1.822860
v 0.270503 0.710773 1.837158
v 0.270503 0.718459 1.837158
v 0.270503 0.710773 1.822860
v 0.270503 0.718459 1.822860
v 0.256205 0.710773 1.810734
v 0.256205 0.718459 1.810734
v 0.256205 0.710773 1.796437
v 0.256205 0.718459 1.796437
v 0.270503 0.710773 1.810734
v 0.270503 0.718459 1.810734
v 0.270503 0.710773 1.796437
v 0.270503 0.718459 1.796437
v 0.297809 0.710773 1.837158
v 0.297809 0.718459 1.837158
v 0.297809 0.710773 1.822860
v 0.297809 0.718459 1.822860
v 0.312107 0.710773 1.837158
v 0.312107 0.718459 1.837158
v 0.312107 0.710773 1.822860
v 0.312107 0.718459 1.822860
v 0.297809 0.710773 1.810734
v 0.297809 0.718459 1.810734
v 0.297809 0.710773 1.796437
v 0.297809 0.718459 1.796437
v 0.312107 0.710773 1.810734
v 0.312107 0.718459 1.810734
v 0.312107 0.710773 1.796437
v 0.312107 0.718459 1.796437
v 0.277595 0.710773 1.785435
v 0.277595 0.718459 1.785435
v 0.277595 0.710773 1.771136
v 0.277595 0.718459 1.771136
v 0.291892 0.710773 1.785435
v 0.291892 0.718459 1.785435
v 0.291892 0.710773 1.771136
v 0.291892 0.718459 1.771136
v 0.277595 0.710773 1.759010
v 0.277595 0.718459 1.759010
v 0.277595 0.710773 1.744714
v 0.277595 0.718459 1.744714
v 0.291892 0.710773 1.759010
v 0.291892 0.718459 1.759010
v 0.291892 0.710773 1.744714
v 0.291892 0.718459 1.744714
v 0.256205 0.710773 1.785435
v 0.256205 0.718459 1.785435
v 0.256205 0.710773 1.771136
v 0.256205 0.718459 1.771136
v 0.270503 0.710773 1.785435
v 0.270503 0.718459 1.785435
v 0.270503 0.710773 1.771136
v 0.270503 0.718459 1.771136
v 0.256205 0.710773 1.759010
v 0.256205 0.718459 1.759010
v 0.256205 0.710773 1.744714
v 0.256205 0.718459 1.744714
v 0.270503 0.710773 1.759010
v 0.270503 0.718459 1.759010
v 0.270503 0.710773 1.744714
v 0.270503 0.718459 1.744714
v 0.297809 0.710773 1.785435
v 0.297809 0.718459 1.785435
v 0.297809 0.710773 1.771136
v 0.297809 0.718459 1.771136
v 0.312107 0.710773 1.785435
v 0.312107 0.718459 1.785435
v 0.312107 0.710773 1.771136
v 0.312107 0.718459 1.771136
v 0.297809 0.710773 1.759010
v 0.297809 0.718459 1.759010
v 0.297809 0.710773 1.744714
v 0.297809 0.718459 1.744714
v 0.312107 0.710773 1.759010
v 0.312107 0.718459 1.759010
v 0.312107 0.710773 1.744714
v 0.312107 0.718459 1.744714
v 0.257653 0.714688 2.195072
v 0.312896 0.714688 2.195072
v 0.312896 0.714688 2.036671
v 0.257653 0.714688 2.036671
v 0.257653 0.719691 2.195072
v 0.312896 0.719691 2.195072
v 0.312896 0.719691 2.036671
v 0.257653 0.719691 2.036671
v 0.287084 0.719691 2.050246
v 0.266289 0.719691 2.050246
v 0.287084 0.719691 2.071020
v 0.266289 0.719691 2.071020
v 0.287084 0.719691 2.104469
v 0.266289 0.719691 2.104469
v 0.287084 0.719691 2.125242
v 0.266289 0.719691 2.125242
v 0.287084 0.719691 2.158691
v 0.266289 0.719691 2.158691
v 0.287084 0.719691 2.179464
v 0.266289 0.719691 2.179464
v 0.287084 0.727241 2.050246
v 0.266289 0.727241 2.050246
v 0.287084 0.727241 2.071020
v 0.266289 0.727241 2.071020
v 0.287084 0.727241 2.104469
v 0.266289 0.727241 2.104469
v 0.287084 0.727241 2.125242
v 0.266289 0.727241 2.125242
v 0.287084 0.727241 2.158691
v 0.266289 0.727241 2.158691
v 0.287084 0.727241 2.179464
v 0.266289 0.727241 2.179464
v 0.291167 0.728751 2.046167
v 0.262206 0.728751 2.046167
v 0.291167 0.728751 2.075099
v 0.262206 0.728751 2.075100
v 0.291167 0.728751 2.100389
v 0.262206 0.728751 2.100389
v 0.291167 0.728751 2.129322
v 0.262206 0.728751 2.129322
v 0.291167 0.728751 2.154612
v 0.262206 0.728751 2.154612
v 0.291167 0.728751 2.183544
v 0.262206 0.728751 2.183544
v 0.291167 0.734790 2.046167
v 0.262206 0.734790 2.046167
v 0.291167 0.734790 2.075099
v 0.262206 0.734790 2.075100
v 0.291167 0.734790 2.100389
v 0.262206 0.734790 2.100389
v 0.291167 0.734790 2.129322
v 0.262206 0.734790 2.129322
v 0.291167 0.734790 2.154612
v 0.262206 0.734790 2.154612
v 0.291167 0.734790 2.183544
v 0.262206 0.734790 2.183544
v 0.311992 0.784741 2.196546
v 0.311992 0.865359 2.196546
v 0.314178 0.784741 2.202240
v 0.314178 0.865359 2.202240
v 0.341451 0.865359 2.185238
v 0.341451 0.784741 2.185238
v 0.343637 0.865359 2.190931
v 0.343637 0.784741 2.190931
v 0.316197 0.847052 2.197087
v 0.316197 0.861756 2.197087
v 0.319330 0.851964 2.191541
v 0.319330 0.856844 2.191541
v 0.329925 0.847052 2.191818
v 0.329925 0.861756 2.191818
v 0.323885 0.851964 2.189793
v 0.323885 0.856844 2.189793
v 0.314744 0.861756 2.193301
v 0.314744 0.847052 2.193301
v 0.328471 0.847052 2.188031
v 0.328471 0.861756 2.188031
v 0.313696 0.853309 2.179339
v 0.313696 0.846654 2.179339
v 0.319908 0.846654 2.176955
v 0.319908 0.853309 2.176955
v 0.314348 0.851580 2.177408
v 0.314348 0.847528 2.177408
v 0.318131 0.847528 2.175957
v 0.318131 0.851580 2.175957
v 0.316197 0.825909 2.197087
v 0.316197 0.840613 2.197087
v 0.319330 0.830821 2.191541
v 0.319330 0.835701 2.191541
v 0.329925 0.825909 2.191818
v 0.329925 0.840613 2.191818
v 0.323885 0.830821 2.189793
v 0.323885 0.835701 2.189793
v 0.314744 0.840613 2.193301
v 0.314744 0.825909 2.193301
v 0.328471 0.825909 2.188031
v 0.328471 0.840613 2.188031
v 0.313696 0.832167 2.179339
v 0.313696 0.825511 2.179339
v 0.319908 0.825511 2.176955
v 0.319908 0.832167 2.176955
v 0.314348 0.830437 2.177408
v 0.314348 0.826385 2.177408
v 0.318131 0.826385 2.175957
v 0.318131 0.830437 2.175957
v 0.316197 0.804767 2.197087
v 0.316197 0.819470 2.197087
v 0.319330 0.809679 2.191541
v 0.319330 0.814559 2.191541
v 0.329925 0.804767 2.191818
v 0.329925 0.819470 2.191818
v 0.323885 0.809679 2.189793
v 0.323885 0.814559 2.189793
v 0.314744 0.819470 2.193301
v 0.314744 0.804767 2.193301
v 0.328471 0.804767 2.188031
v 0.328471 0.819470 2.188031
v 0.313696 0.811023 2.179339
v 0.313696 0.804369 2.179339
v 0.319908 0.804369 2.176955
v 0.319908 0.811023 2.176955
v 0.314348 0.809295 2.177408
v 0.314348 0.805243 2.177408
v 0.318131 0.805243 2.175957
v 0.318131 0.809295 2.175957
v 0.278839 0.871032 2.205831
v 0.326588 0.871032 2.187501
v 0.274857 0.909930 2.207359
v 0.330570 0.909930 2.185972
v 0.267727 0.890481 2.210095
v 0.337700 0.890481 2.183236
v 0.291302 0.918109 2.201046
v 0.314125 0.918109 2.192285
v 0.265070 0.741290 2.211116
v 0.337493 0.741290 2.183315
v 0.265070 0.778971 2.211116
v 0.337493 0.778971 2.183315
v 0.265070 0.784741 2.211116
v 0.305997 0.784741 2.195405
v 0.265070 0.865359 2.211116
v 0.305997 0.865359 2.195405
v 0.282176 0.871032 2.214524
v 0.329925 0.871032 2.196195
v 0.278194 0.909930 2.216053
v 0.333908 0.909930 2.194666
v 0.271065 0.890481 2.218789
v 0.341037 0.890481 2.191930
v 0.294639 0.918109 2.209741
v 0.317462 0.918109 2.200979
v 0.268407 0.741290 2.219810
v 0.340831 0.741290 2.192009
v 0.268407 0.778971 2.219810
v 0.340831 0.778971 2.192009
v 0.268407 0.784741 2.219810
v 0.309334 0.784741 2.204099
v 0.268407 0.865359 2.219810
v 0.309334 0.865359 2.204099
v 0.277036 0.856232 2.205574
v 0.269473 0.847491 2.185873
v 0.266341 0.826388 2.177712
v 0.269473 0.805286 2.185873
v 0.277036 0.796545 2.205574
v 0.284598 0.805286 2.225274
v 0.287731 0.826388 2.233435
v 0.284598 0.847491 2.225274
v 0.293805 0.856232 2.199137
v 0.286242 0.847491 2.179437
v 0.283110 0.826388 2.171276
v 0.286242 0.805286 2.179437
v 0.293805 0.796545 2.199137
v 0.301367 0.805286 2.218838
v 0.304500 0.826388 2.226998
v 0.301367 0.847491 2.218838
v 0.271394 0.819912 2.178647
v 0.272603 0.811762 2.181798
v 0.279980 0.819913 2.175350
v 0.281190 0.811762 2.178502
v 0.262774 0.808395 2.156209
v 0.263609 0.802767 2.158384
v 0.271372 0.808395 2.152908
v 0.272207 0.802767 2.155084
v 0.255595 0.799459 2.137518
v 0.256422 0.793885 2.139673
v 0.264201 0.799459 2.134214
v 0.265029 0.793885 2.136370
v 0.259470 0.812041 2.147604
v 0.257040 0.809235 2.141279
v 0.265644 0.809235 2.137977
v 0.268071 0.812041 2.144303
v 0.268565 0.789622 2.145588
v 0.270930 0.792358 2.151754
v 0.259961 0.789622 2.148890
v 0.262330 0.792358 2.155056
v 0.264915 0.802880 2.161783
v 0.263705 0.811031 2.158631
v 0.273511 0.802881 2.158484
v 0.272302 0.811031 2.155332
v 0.255482 0.791305 2.137229
v 0.254273 0.799456 2.134076
v 0.264091 0.791305 2.133924
v 0.262881 0.799456 2.130773
v 0.256104 0.811841 2.138842
v 0.268060 0.815718 2.144276
v 0.271906 0.789798 2.154298
v 0.263306 0.789798 2.157600
v 0.259460 0.815718 2.147576
v 0.264709 0.811842 2.135538
v 0.268555 0.785922 2.145562
v 0.259951 0.785922 2.148865
v 0.307617 0.756110 2.191502
v 0.303943 0.760047 2.192912
v 0.307617 0.750545 2.191502
v 0.303943 0.746610 2.192912
v 0.298747 0.746610 2.194906
v 0.295072 0.750545 2.196317
v 0.295072 0.756110 2.196317
v 0.298747 0.760047 2.194906
v 0.311715 0.757197 2.194862
v 0.306607 0.762668 2.196822
v 0.311715 0.749459 2.194862
v 0.306607 0.743988 2.196822
v 0.299383 0.743988 2.199595
v 0.294276 0.749459 2.201556
v 0.294276 0.757197 2.201556
v 0.299383 0.762668 2.199595
v 0.298558 0.743988 2.197446
v 0.293450 0.749459 2.199407
v 0.310889 0.749459 2.192712
v 0.305782 0.743988 2.194673
v 0.305782 0.762668 2.194673
v 0.310889 0.757197 2.192712
v 0.298558 0.762668 2.197446
v 0.293450 0.757197 2.199407
v 0.309322 0.905320 2.194571
v 0.317374 0.896696 2.191480
v 0.317374 0.884498 2.191480
v 0.309322 0.875873 2.194571
v 0.297934 0.875873 2.198941
v 0.289882 0.884498 2.202032
v 0.289882 0.896696 2.202032
v 0.297934 0.905320 2.198941
v 0.307482 0.903913 2.191403
v 0.314764 0.896113 2.188608
v 0.314764 0.885081 2.188608
v 0.307482 0.877280 2.191403
v 0.297183 0.877280 2.195357
v 0.289901 0.885081 2.198153
v 0.289901 0.896113 2.198153
v 0.297183 0.903913 2.195357
v 0.316078 0.896696 2.188104
v 0.308026 0.905320 2.191195
v 0.316078 0.884498 2.188104
v 0.308026 0.875873 2.191195
v 0.296639 0.875873 2.195566
v 0.288587 0.884498 2.198657
v 0.288587 0.896696 2.198657
v 0.296639 0.905320 2.195566
v 0.308223 0.903913 2.193336
v 0.315505 0.896113 2.190540
v 0.315505 0.885081 2.190540
v 0.308223 0.877280 2.193336
v 0.297925 0.877280 2.197289
v 0.290642 0.885081 2.200085
v 0.290642 0.896113 2.200085
v 0.297925 0.903913 2.197289
v 0.257653 0.714688 2.022748
v 0.349996 0.714688 2.022748
v 0.349996 0.714688 1.864347
v 0.257653 0.714688 1.864347
v 0.257653 0.719691 2.022748
v 0.349996 0.719691 2.022748
v 0.349996 0.719691 1.864347
v 0.257653 0.719691 1.864347
v 0.257653 0.759911 1.972520
v 0.349996 0.759911 1.972520
v 0.349996 0.759911 1.914575
v 0.257653 0.759911 1.914575
v 0.349996 0.739801 1.875339
v 0.257653 0.739801 1.875339
v 0.349996 0.739801 2.011756
v 0.257653 0.739801 2.011756
v 0.276122 0.714688 2.022748
v 0.294590 0.714688 2.022748
v 0.313059 0.714688 2.022748
v 0.331527 0.714688 2.022748
v 0.276122 0.714688 1.864347
v 0.294590 0.714688 1.864347
v 0.313059 0.714688 1.864347
v 0.331527 0.714688 1.864347
v 0.276122 0.719691 2.022748
v 0.294590 0.719691 2.022748
v 0.313059 0.719691 2.022748
v 0.331527 0.719691 2.022748
v 0.276122 0.719691 1.864347
v 0.294590 0.719691 1.864347
v 0.313059 0.719691 1.864347
v 0.331527 0.719691 1.864347
v 0.276122 0.759911 1.972520
v 0.294590 0.759911 1.972520
v 0.313059 0.759911 1.972520
v 0.331527 0.759911 1.972520
v 0.276122 0.759911 1.914575
v 0.294590 0.759911 1.914575
v 0.313059 0.759911 1.914575
v 0.331527 0.759911 1.914575
v 0.276122 0.739801 2.011756
v 0.294590 0.739801 2.011756
v 0.313059 0.739801 2.011756
v 0.331527 0.739801 2.011756
v 0.331527 0.739801 1.875339
v 0.313059 0.739801 1.875339
v 0.294590 0.739801 1.875339
v 0.276122 0.739801 1.875339
v 0.276122 0.720382 2.017644
v 0.294590 0.720382 2.017644
v 0.276122 0.720382 1.869451
v 0.294590 0.720382 1.869451
v 0.276122 0.756325 1.970652
v 0.294590 0.756325 1.970652
v 0.276122 0.756325 1.916442
v 0.294590 0.756325 1.916442
v 0.276122 0.738354 2.007360
v 0.294590 0.738354 2.007360
v 0.294590 0.738354 1.879735
v 0.276122 0.738354 1.879735
v 0.095614 0.288475 2.444875
v 0.245748 0.288475 2.444875
v 0.089186 0.336693 2.462424
v 0.252176 0.336693 2.462424
v 0.095614 0.300346 2.412265
v 0.245748 0.300346 2.412265
v 0.089186 0.348561 2.429814
v 0.252176 0.348561 2.429814
v 0.122638 0.383588 2.479493
v 0.218724 0.383588 2.479493
v 0.122638 0.395457 2.446883
v 0.218724 0.395457 2.446883
v 0.127559 0.287979 2.444695
v 0.152903 0.300719 2.449331
v 0.188409 0.300719 2.449331
v 0.213752 0.287979 2.444695
v 0.127559 0.331243 2.460441
v 0.154357 0.331243 2.460441
v 0.186955 0.331243 2.460441
v 0.213752 0.331243 2.460441
v 0.121759 0.290751 2.408772
v 0.154357 0.307139 2.414737
v 0.186955 0.307139 2.414737
v 0.219553 0.290751 2.408772
v 0.121759 0.348561 2.429814
v 0.154357 0.348561 2.429814
v 0.186955 0.348561 2.429814
v 0.219553 0.348561 2.429814
v 0.141840 0.383588 2.479493
v 0.161058 0.383588 2.479493
v 0.180275 0.383588 2.479493
v 0.199492 0.383588 2.479493
v 0.141840 0.395457 2.446883
v 0.161058 0.395457 2.446883
v 0.180275 0.395457 2.446883
v 0.199492 0.395457 2.446883
v 0.121759 0.278880 2.441382
v 0.154357 0.295268 2.447347
v 0.186955 0.295268 2.447347
v 0.219553 0.278880 2.441382
v 0.121759 0.336693 2.462424
v 0.154357 0.336693 2.462424
v 0.186955 0.336693 2.462424
v 0.219553 0.336693 2.462424
v 0.154357 0.280602 2.548304
v 0.152903 0.280602 2.503420
v 0.186955 0.280602 2.548304
v 0.188409 0.280602 2.503420
v 0.127559 0.280602 2.462084
v 0.213752 0.280602 2.462084
v 0.127559 0.280602 2.548304
v 0.213752 0.280602 2.548304
v -0.095614 0.288475 2.444875
v -0.245748 0.288475 2.444875
v -0.089186 0.336693 2.462424
v -0.252176 0.336693 2.462424
v -0.095614 0.300346 2.412265
v -0.245748 0.300346 2.412265
v -0.089186 0.348561 2.429814
v -0.252176 0.348561 2.429814
v -0.122638 0.383588 2.479493
v -0.218724 0.383588 2.479493
v -0.122638 0.395457 2.446883
v -0.218724 0.395457 2.446883
v -0.127559 0.287979 2.444695
v -0.152903 0.300719 2.449331
v -0.188409 0.300719 2.449331
v -0.213752 0.287979 2.444695
v -0.127559 0.331243 2.460441
v -0.154357 0.331243 2.460441
v -0.186955 0.331243 2.460441
v -0.213752 0.331243 2.460441
v -0.121759 0.290751 2.408772
v -0.154357 0.307139 2.414737
v -0.186955 0.307139 2.414737
v -0.219553 0.290751 2.408772
v -0.121759 0.348561 2.429814
v -0.154357 0.348561 2.429814
v -0.186955 0.348561 2.429814
v -0.219553 0.348561 2.429814
v -0.141840 0.383588 2.479493
v -0.161058 0.383588 2.479493
v -0.180275 0.383588 2.479493
v -0.199492 0.383588 2.479493
v -0.141840 0.395457 2.446883
v -0.161058 0.395457 2.446883
v -0.180275 0.395457 2.446883
v -0.199492 0.395457 2.446883
v -0.121759 0.278880 2.441382
v -0.154357 0.295268 2.447347
v -0.186955 0.295268 2.447347
v -0.219553 0.278880 2.441382
v -0.121759 0.336693 2.462424
v -0.154357 0.336693 2.462424
v -0.186955 0.336693 2.462424
v -0.219553 0.336693 2.462424
v -0.154357 0.280602 2.548304
v -0.152903 0.280602 2.503420
v -0.186955 0.280602 2.548304
v -0.188409 0.280602 2.503420
v -0.127559 0.280602 2.462084
v -0.213752 0.280602 2.462084
v -0.127559 0.280602 2.548304
v -0.213752 0.280602 2.548304
v -0.029608 0.647986 2.132914
v -0.029608 0.647986 2.068654
v 0.034651 0.647986 2.132914
v 0.034651 0.647986 2.068654
v -0.050113 0.621550 2.053192
v -0.050113 0.621550 2.153418
v 0.050113 0.621550 2.053192
v 0.050113 0.621550 2.153418
v -0.050113 0.593536 2.053192
v -0.050113 0.593536 2.153418
v 0.050113 0.593536 2.053192
v 0.050113 0.593536 2.153418
v -0.030219 0.574821 2.073086
v -0.043999 0.559325 2.147305
v 0.030219 0.574821 2.073086
v 0.030219 0.574821 2.133524
v -0.158476 1.061518 2.203370
v -0.158476 1.049584 2.203370
v -0.147060 1.061518 2.203370
v -0.147060 1.049584 2.203370
v -0.175614 1.061518 2.203370
v -0.175614 1.049584 2.203370
v -0.164199 1.061518 2.203370
v -0.164199 1.049584 2.203370
v -0.158476 1.061518 2.201827
v -0.158476 1.049584 2.201827
v -0.147060 1.061518 2.201827
v -0.147060 1.049584 2.201827
v -0.175614 1.061518 2.201827
v -0.175614 1.049584 2.201827
v -0.164199 1.061518 2.201827
v -0.164199 1.049584 2.201827
v 0.347597 0.848092 1.801580
v 0.347597 0.875930 1.801580
v 0.347597 0.848092 1.775199
v 0.349898 0.876376 1.773660
v 0.361392 0.846915 1.803121
v 0.361392 0.876376 1.803121
v 0.361392 0.846915 1.773660
v 0.361392 0.876376 1.773660
v 0.347597 0.882869 1.796700
v 0.347597 0.882869 1.780080
v 0.361392 0.884448 1.779336
v 0.361392 0.884448 1.797444
v 0.349898 0.846915 1.773660
v 0.349898 0.846915 1.803121
v 0.349898 0.876376 1.803121
v 0.347597 0.875930 1.775199
v 0.349898 0.884448 1.797444
v 0.349898 0.884448 1.779336
v 0.347597 0.848092 1.760335
v 0.347597 0.875930 1.760335
v 0.347597 0.848092 1.733953
v 0.349898 0.876376 1.732413
v 0.361392 0.846915 1.761875
v 0.361392 0.876376 1.761875
v 0.361392 0.846915 1.732413
v 0.361392 0.876376 1.732413
v 0.347597 0.882869 1.755454
v 0.347597 0.882869 1.738834
v 0.361392 0.884448 1.738091
v 0.361392 0.884448 1.756197
v 0.349898 0.846915 1.732413
v 0.349898 0.846915 1.761875
v 0.349898 0.876376 1.761875
v 0.347597 0.875930 1.733953
v 0.349898 0.884448 1.756197
v 0.349898 0.884448 1.738091
v 0.347597 0.848092 1.719090
v 0.347597 0.875930 1.719090
v 0.347597 0.848090 1.692708
v 0.349898 0.876374 1.691168
v 0.361392 0.846915 1.720629
v 0.361392 0.876376 1.720629
v 0.361392 0.846913 1.691168
v 0.361392 0.876374 1.691168
v 0.347597 0.882869 1.714209
v 0.347597 0.882867 1.697588
v 0.361392 0.884447 1.696844
v 0.361392 0.884448 1.714952
v 0.349898 0.846913 1.691168
v 0.349898 0.846915 1.720629
v 0.349898 0.876376 1.720629
v 0.347597 0.875928 1.692708
v 0.349898 0.884448 1.714952
v 0.349898 0.884447 1.696844
v -0.047794 0.749299 2.217347
v -0.047794 0.749299 2.214398
v -0.047794 0.755343 2.217347
v -0.047794 0.755343 2.214398
v -0.075256 0.749299 2.217347
v -0.075256 0.749299 2.214398
v -0.075256 0.755343 2.217347
v -0.075256 0.755343 2.214398
v -0.033928 0.787346 2.217287
v -0.033928 0.787346 2.214339
v -0.033928 0.814716 2.217287
v -0.033928 0.814716 2.214339
v -0.045293 0.787346 2.217287
v -0.045293 0.787346 2.214339
v -0.045293 0.814716 2.217287
v -0.045293 0.814716 2.214339
v -0.058066 0.787346 2.217287
v -0.058066 0.787346 2.214339
v -0.058066 0.814716 2.217287
v -0.058066 0.814716 2.214339
v -0.069431 0.787346 2.217287
v -0.069431 0.787346 2.214339
v -0.069431 0.814716 2.217287
v -0.069431 0.814716 2.214339
v -0.029419 0.783680 2.216455
v -0.029419 0.783680 2.213508
v -0.029419 0.806842 2.216455
v -0.029419 0.806842 2.213508
v -0.074158 0.783680 2.216455
v -0.074158 0.783680 2.213508
v -0.074158 0.806842 2.216455
v -0.074158 0.806842 2.213508
v -0.048678 0.775833 2.217347
v -0.048678 0.775833 2.214398
v -0.048678 0.781877 2.217347
v -0.048678 0.781877 2.214398
v -0.074753 0.775833 2.217347
v -0.074753 0.775833 2.214398
v -0.074753 0.781877 2.217347
v -0.074753 0.781877 2.214398
v -0.067725 0.781877 2.217347
v -0.052852 0.781877 2.217347
v -0.052852 0.781877 2.214398
v -0.067725 0.781877 2.214398
v -0.052852 0.775833 2.217347
v -0.067725 0.775833 2.217347
v -0.067725 0.775833 2.214398
v -0.052852 0.775833 2.214398
v -0.052852 0.756480 2.217347
v -0.067725 0.756480 2.217347
v -0.067725 0.756480 2.214398
v -0.052852 0.756480 2.214398
v -0.018264 0.775833 2.217347
v -0.018264 0.775833 2.214398
v -0.018264 0.781877 2.217347
v -0.018264 0.781877 2.214398
v -0.045726 0.775833 2.217347
v -0.045726 0.775833 2.214398
v -0.045726 0.781877 2.217347
v -0.045726 0.781877 2.214398
v -0.035825 0.781877 2.217347
v -0.027094 0.781877 2.217347
v -0.027094 0.781877 2.214398
v -0.035825 0.781877 2.214398
v -0.027094 0.775833 2.217347
v -0.035825 0.775833 2.217347
v -0.035825 0.775833 2.214398
v -0.027094 0.775833 2.214398
v -0.027094 0.758556 2.217347
v -0.035825 0.758556 2.217347
v -0.035825 0.758556 2.214398
v -0.027094 0.758556 2.214398
v -0.009133 0.749299 2.217347
v -0.009133 0.749299 2.214398
v -0.009133 0.755343 2.217347
v -0.009133 0.755343 2.214398
v -0.036595 0.749299 2.217347
v -0.036595 0.749299 2.214398
v -0.036595 0.755343 2.217347
v -0.036595 0.755343 2.214398
v -0.024413 0.755343 2.217347
v -0.019961 0.755343 2.217347
v -0.019961 0.755343 2.214398
v -0.024413 0.755343 2.214398
v -0.019961 0.749299 2.217347
v -0.024413 0.749299 2.217347
v -0.024413 0.749299 2.214398
v -0.019961 0.749299 2.214398
v -0.019961 0.737442 2.217347
v -0.024413 0.737442 2.217347
v -0.024413 0.737442 2.214398
v -0.019961 0.737442 2.214398
v -0.036058 0.735429 2.217347
v -0.036058 0.735429 2.214398
v -0.036058 0.747500 2.217347
v -0.036058 0.747500 2.214398
v -0.047880 0.735429 2.217347
v -0.047880 0.735429 2.214398
v -0.047880 0.747500 2.217347
v -0.047880 0.747500 2.214398
v -0.049848 0.734063 2.217347
v -0.049848 0.734063 2.214398
v -0.049848 0.743873 2.217347
v -0.049848 0.743873 2.214398
v -0.073202 0.734063 2.217347
v -0.073202 0.734063 2.214398
v -0.073202 0.743873 2.217347
v -0.073202 0.743873 2.214398
v -0.348748 0.867728 1.924308
v -0.348748 0.865983 1.928525
v -0.348748 0.861766 1.930270
v -0.348748 0.857551 1.928525
v -0.348748 0.855804 1.924308
v -0.348748 0.857551 1.920091
v -0.348748 0.861766 1.918344
v -0.348748 0.865983 1.920091
v -0.327011 0.877875 1.924308
v -0.327011 0.873157 1.935699
v -0.327011 0.861766 1.940416
v -0.327011 0.850375 1.935699
v -0.327011 0.845658 1.924308
v -0.327011 0.850375 1.912917
v -0.327011 0.861766 1.908198
v -0.327011 0.873157 1.912917
v -0.322027 0.874467 1.924308
v -0.322027 0.870747 1.933289
v -0.322027 0.861766 1.937009
v -0.322027 0.852786 1.933289
v -0.322027 0.849064 1.924308
v -0.322027 0.852786 1.915327
v -0.322027 0.861766 1.911607
v -0.322027 0.870747 1.915327
v -0.348748 0.867728 1.977410
v -0.348748 0.865983 1.981627
v -0.348748 0.861766 1.983373
v -0.348748 0.857551 1.981627
v -0.348748 0.855804 1.977410
v -0.348748 0.857551 1.973193
v -0.348748 0.861766 1.971448
v -0.348748 0.865983 1.973193
v -0.327011 0.877875 1.977410
v -0.327011 0.873157 1.988801
v -0.327011 0.861766 1.993520
v -0.327011 0.850375 1.988801
v -0.327011 0.845658 1.977410
v -0.327011 0.850375 1.966020
v -0.327011 0.861766 1.961301
v -0.327011 0.873157 1.966020
v -0.322027 0.874467 1.977410
v -0.322027 0.870747 1.986391
v -0.322027 0.861766 1.990110
v -0.322027 0.852786 1.986391
v -0.322027 0.849064 1.977410
v -0.322027 0.852786 1.968430
v -0.322027 0.861766 1.964709
v -0.322027 0.870747 1.968430
v -0.348748 0.869564 1.932106
v -0.348748 0.872794 1.924308
v -0.348748 0.861766 1.935336
v -0.348748 0.853969 1.932106
v -0.348748 0.850738 1.924308
v -0.348748 0.853969 1.916509
v -0.348748 0.861766 1.913279
v -0.348748 0.869564 1.916509
v -0.348748 0.869564 1.985209
v -0.348748 0.872794 1.977410
v -0.348748 0.861766 1.988439
v -0.348748 0.853969 1.985209
v -0.348748 0.850738 1.977410
v -0.348748 0.853969 1.969611
v -0.348748 0.861766 1.966382
v -0.348748 0.869564 1.969611
v -0.355352 0.867728 1.924308
v -0.355352 0.865983 1.928525
v -0.355352 0.861766 1.930270
v -0.355352 0.857551 1.928525
v -0.355352 0.855804 1.924308
v -0.355352 0.857551 1.920091
v -0.355352 0.861766 1.918344
v -0.355352 0.865983 1.920091
v -0.355352 0.867728 1.977410
v -0.355352 0.865983 1.981627
v -0.355352 0.861766 1.983373
v -0.355352 0.857551 1.981627
v -0.355352 0.855804 1.977410
v -0.355352 0.857551 1.973193
v -0.355352 0.861766 1.971448
v -0.355352 0.865983 1.973193
v -0.348748 0.867727 1.590155
v -0.348748 0.865981 1.594371
v -0.348748 0.861764 1.596117
v -0.348748 0.857546 1.594371
v -0.348748 0.855802 1.590155
v -0.348748 0.857546 1.585938
v -0.348748 0.861764 1.584191
v -0.348748 0.865981 1.585938
v -0.327011 0.877873 1.590155
v -0.327011 0.873155 1.601545
v -0.327011 0.861764 1.606263
v -0.327011 0.850374 1.601545
v -0.327011 0.845654 1.590155
v -0.327011 0.850374 1.578764
v -0.327011 0.861764 1.574045
v -0.327011 0.873155 1.578764
v -0.322027 0.874465 1.590155
v -0.322027 0.870745 1.599135
v -0.322027 0.861764 1.602855
v -0.322027 0.852784 1.599135
v -0.322027 0.849063 1.590155
v -0.322027 0.852784 1.581174
v -0.322027 0.861764 1.577454
v -0.322027 0.870745 1.581174
v -0.348748 0.867727 1.643257
v -0.348748 0.865981 1.647473
v -0.348748 0.861764 1.649220
v -0.348748 0.857549 1.647473
v -0.348748 0.855802 1.643257
v -0.348748 0.857546 1.639040
v -0.348748 0.861764 1.637294
v -0.348748 0.865981 1.639040
v -0.327011 0.877873 1.643257
v -0.327011 0.873155 1.654648
v -0.327011 0.861764 1.659366
v -0.327011 0.850374 1.654648
v -0.327011 0.845654 1.643257
v -0.327011 0.850374 1.631866
v -0.327011 0.861764 1.627149
v -0.327011 0.873155 1.631866
v -0.322027 0.874465 1.643257
v -0.322027 0.870745 1.652238
v -0.322027 0.861764 1.655957
v -0.322027 0.852784 1.652238
v -0.322027 0.849063 1.643257
v -0.322027 0.852784 1.634276
v -0.322027 0.861764 1.630556
v -0.322027 0.870745 1.634276
v -0.348748 0.869562 1.597953
v -0.348748 0.872792 1.590155
v -0.348748 0.861764 1.601183
v -0.348748 0.853965 1.597953
v -0.348748 0.850736 1.590155
v -0.348748 0.853965 1.582356
v -0.348748 0.861764 1.579125
v -0.348748 0.869562 1.582356
v -0.348748 0.869562 1.651055
v -0.348748 0.872792 1.643257
v -0.348748 0.861764 1.654286
v -0.348748 0.853965 1.651055
v -0.348748 0.850736 1.643257
v -0.348748 0.853965 1.635458
v -0.348748 0.861764 1.632228
v -0.348748 0.869562 1.635458
v -0.355352 0.867727 1.590155
v -0.355352 0.865981 1.594371
v -0.355352 0.861764 1.596117
v -0.355352 0.857546 1.594371
v -0.355352 0.855802 1.590155
v -0.355352 0.857546 1.585938
v -0.355352 0.861764 1.584191
v -0.355352 0.865981 1.585938
v -0.355352 0.867727 1.643257
v -0.355352 0.865981 1.647473
v -0.355352 0.861764 1.649220
v -0.355352 0.857549 1.647473
v -0.355352 0.855802 1.643257
v -0.355352 0.857546 1.639040
v -0.355352 0.861764 1.637294
v -0.355352 0.865981 1.639040
v -0.348748 0.822623 1.590155
v -0.348748 0.820876 1.594371
v -0.348748 0.816659 1.596117
v -0.348748 0.812444 1.594371
v -0.348748 0.810697 1.590155
v -0.348748 0.812444 1.585938
v -0.348748 0.816659 1.584191
v -0.348748 0.820876 1.585938
v -0.327011 0.832768 1.590155
v -0.327011 0.828050 1.601545
v -0.327011 0.816659 1.606263
v -0.327011 0.805268 1.601545
v -0.327011 0.800551 1.590155
v -0.327011 0.805268 1.578764
v -0.327011 0.816659 1.574045
v -0.327011 0.828050 1.578764
v -0.322027 0.829360 1.590155
v -0.322027 0.825640 1.599135
v -0.322027 0.816659 1.602855
v -0.322027 0.807679 1.599135
v -0.322027 0.803961 1.590155
v -0.322027 0.807679 1.581174
v -0.322027 0.816659 1.577454
v -0.322027 0.825640 1.581174
v -0.348748 0.822623 1.643257
v -0.348748 0.820876 1.647473
v -0.348748 0.816659 1.649220
v -0.348748 0.812444 1.647473
v -0.348748 0.810697 1.643257
v -0.348748 0.812444 1.639040
v -0.348748 0.816659 1.637294
v -0.348748 0.820876 1.639040
v -0.327011 0.832768 1.643257
v -0.327011 0.828050 1.654648
v -0.327011 0.816659 1.659366
v -0.327011 0.805268 1.654648
v -0.327011 0.800551 1.643257
v -0.327011 0.805268 1.631866
v -0.327011 0.816659 1.627149
v -0.327011 0.828050 1.631866
v -0.322027 0.829360 1.643257
v -0.322027 0.825640 1.652238
v -0.322027 0.816659 1.655957
v -0.322027 0.807679 1.652238
v -0.322027 0.803961 1.643257
v -0.322027 0.807679 1.634276
v -0.322027 0.816659 1.630556
v -0.322027 0.825640 1.634276
v -0.348748 0.824457 1.597953
v -0.348748 0.827689 1.590155
v -0.348748 0.816659 1.601183
v -0.348748 0.808862 1.597953
v -0.348748 0.805631 1.590155
v -0.348748 0.808862 1.582356
v -0.348748 0.816659 1.579125
v -0.348748 0.824457 1.582356
v -0.348748 0.824457 1.651055
v -0.348748 0.827689 1.643257
v -0.348748 0.816659 1.654286
v -0.348748 0.808862 1.651055
v -0.348748 0.805631 1.643257
v -0.348748 0.808862 1.635458
v -0.348748 0.816659 1.632228
v -0.348748 0.824457 1.635458
v -0.355352 0.822623 1.590155
v -0.355352 0.820876 1.594371
v -0.355352 0.816659 1.596117
v -0.355352 0.812444 1.594371
v -0.355352 0.810697 1.590155
v -0.355352 0.812444 1.585938
v -0.355352 0.816659 1.584191
v -0.355352 0.820876 1.585938
v -0.355352 0.822623 1.643257
v -0.355352 0.820876 1.647473
v -0.355352 0.816659 1.649220
v -0.355352 0.812444 1.647473
v -0.355352 0.810697 1.643257
v -0.355352 0.812444 1.639040
v -0.355352 0.816659 1.637294
v -0.355352 0.820876 1.639040
v -0.348748 0.777518 1.590155
v -0.348748 0.775771 1.594371
v -0.348748 0.771555 1.596117
v -0.348748 0.767339 1.594371
v -0.348748 0.765592 1.590155
v -0.348748 0.767339 1.585938
v -0.348748 0.771555 1.584191
v -0.348748 0.775771 1.585938
v -0.327011 0.787663 1.590155
v -0.327011 0.782946 1.601545
v -0.327011 0.771555 1.606263
v -0.327011 0.760164 1.601545
v -0.327011 0.755446 1.590155
v -0.327011 0.760164 1.578764
v -0.327011 0.771555 1.574045
v -0.327011 0.782946 1.578764
v -0.322027 0.784256 1.590155
v -0.322027 0.780535 1.599135
v -0.322027 0.771555 1.602855
v -0.322027 0.762574 1.599135
v -0.322027 0.758855 1.590155
v -0.322027 0.762574 1.581174
v -0.322027 0.771555 1.577454
v -0.322027 0.780535 1.581174
v -0.348748 0.777518 1.643257
v -0.348748 0.775771 1.647473
v -0.348748 0.771555 1.649220
v -0.348748 0.767339 1.647473
v -0.348748 0.765592 1.643257
v -0.348748 0.767339 1.639040
v -0.348748 0.771555 1.637294
v -0.348748 0.775771 1.639040
v -0.327011 0.787663 1.643257
v -0.327011 0.782946 1.654648
v -0.327011 0.771555 1.659366
v -0.327011 0.760164 1.654648
v -0.327011 0.755446 1.643257
v -0.327011 0.760164 1.631866
v -0.327011 0.771555 1.627149
v -0.327011 0.782946 1.631866
v -0.322027 0.784256 1.643257
v -0.322027 0.780535 1.652238
v -0.322027 0.771555 1.655957
v -0.322027 0.762574 1.652238
v -0.322027 0.758855 1.643257
v -0.322027 0.762574 1.634276
v -0.322027 0.771555 1.630556
v -0.322027 0.780535 1.634276
v -0.348748 0.779352 1.597953
v -0.348748 0.782584 1.590155
v -0.348748 0.771555 1.601183
v -0.348748 0.763757 1.597953
v -0.348748 0.760526 1.590155
v -0.348748 0.763757 1.582356
v -0.348748 0.771555 1.579125
v -0.348748 0.779352 1.582356
v -0.348748 0.779352 1.651055
v -0.348748 0.782584 1.643257
v -0.348748 0.771555 1.654286
v -0.348748 0.763757 1.651055
v -0.348748 0.760526 1.643257
v -0.348748 0.763757 1.635458
v -0.348748 0.771555 1.632228
v -0.348748 0.779352 1.635458
v -0.355352 0.777518 1.590155
v -0.355352 0.775771 1.594371
v -0.355352 0.771555 1.596117
v -0.355352 0.767339 1.594371
v -0.355352 0.765592 1.590155
v -0.355352 0.767339 1.585938
v -0.355352 0.771555 1.584191
v -0.355352 0.775771 1.585938
v -0.355352 0.777518 1.643257
v -0.355352 0.775771 1.647473
v -0.355352 0.771555 1.649220
v -0.355352 0.767339 1.647473
v -0.355352 0.765592 1.643257
v -0.355352 0.767339 1.639040
v -0.355352 0.771555 1.637294
v -0.355352 0.775771 1.639040
vn -0.0000 -0.0000 1.0000
vn -0.0000 -0.0000 -1.0000
vn 1.0000 -0.0000 -0.0000
vn -0.0000 -1.0000 -0.0000
vn -0.0000 1.0000 -0.0000
vn 0.3257 0.9455 -0.0000
vn -1.0000 -0.0000 -0.0000
vn -0.3292 0.9443 -0.0000
vn -0.0000 0.0080 1.0000
vn -0.0000 1.0000 -0.0021
vn -0.0000 1.0000 -0.0012
vn -0.0000 1.0000 -0.0010
vn -0.4890 0.8701 0.0615
vn -0.4910 0.8711 -0.0124
vn -0.5225 0.8433 -0.1256
vn -0.5599 0.8263 0.0618
vn -0.9997 -0.0024 -0.0233
vn -0.9998 -0.0015 -0.0176
vn -0.9997 -0.0024 -0.0236
vn 0.0002 -0.0702 0.9975
vn -0.0000 -0.0702 0.9975
vn 0.0190 0.3096 0.9507
vn 0.0202 0.3118 0.9499
vn 0.0173 0.3065 0.9517
vn 0.0142 0.3004 0.9537
vn 0.0134 0.2971 0.9547
vn 0.0170 0.4403 0.8977
vn 0.0055 0.2682 0.9633
vn -0.0000 0.2682 0.9634
vn 0.0125 0.2931 0.9560
vn -0.0000 1.0000 -0.0015
vn 0.4890 0.8701 0.0615
vn 0.4910 0.8711 -0.0124
vn 0.5225 0.8433 -0.1256
vn 0.5599 0.8263 0.0618
vn 0.9997 -0.0024 -0.0236
vn 0.9998 -0.0015 -0.0176
vn 0.9997 -0.0024 -0.0233
vn -0.0002 -0.0702 0.9975
vn -0.0190 0.3096 0.9507
vn -0.0173 0.3065 0.9517
vn -0.0202 0.3118 0.9499
vn -0.0142 0.3004 0.9537
vn -0.0134 0.2971 0.9547
vn -0.0170 0.4403 0.8977
vn -0.0055 0.2682 0.9633
vn -0.0125 0.2931 0.9560
vn 0.9851 -0.0039 -0.1717
vn 0.9744 0.0052 -0.2247
vn 0.9999 -0.0007 -0.0116
vn -0.9851 -0.0039 -0.1717
vn -0.9744 0.0052 -0.2247
vn -0.9999 -0.0007 -0.0116
vn -0.0000 0.9459 -0.3246
vn -0.8681 -0.0000 -0.4964
vn -0.0000 0.9458 -0.3246
vn -0.0000 0.9455 -0.3256
vn -0.0000 -0.9457 -0.3249
vn -0.0000 -0.9460 -0.3241
vn -0.0000 0.9457 -0.3251
vn -0.0000 -0.9457 -0.3251
vn -0.0000 -0.9457 -0.3252
vn -0.0000 -0.9459 -0.3246
vn -0.0000 0.9458 -0.3247
vn 0.8907 -0.0000 -0.4545
vn -0.0000 -0.9460 -0.3240
vn -0.8683 -0.0000 -0.4960
vn -0.0000 -0.9456 -0.3254
vn 0.8712 -0.0000 -0.4909
vn -0.8907 -0.0000 -0.4545
vn 0.8713 -0.0000 -0.4908
vn -0.8715 -0.0000 -0.4904
vn -0.0000 -0.9457 -0.3250
vn 0.8681 -0.0000 -0.4964
vn 0.8907 -0.0000 -0.4546
vn 0.8683 -0.0000 -0.4960
vn -0.8909 -0.0000 -0.4541
vn -0.0000 -0.9458 -0.3246
vn -0.0000 -0.9501 -0.3118
vn -0.0000 0.9460 -0.3241
vn -0.0000 -0.9458 -0.3248
vn -0.0000 0.9505 -0.3107
vn -0.0000 -0.9456 -0.3253
vn -0.0000 0.9461 -0.3239
vn -0.0000 0.9461 -0.3240
vn -0.8910 -0.0000 -0.4541
vn -0.0000 0.9455 -0.3257
vn -0.0000 -0.9503 -0.3115
vn -0.0000 -0.9503 -0.3113
vn -0.0000 -0.9503 -0.3112
vn -0.0000 0.9457 -0.3252
vn -0.0000 0.8363 -0.5483
vn -0.8713 -0.0000 -0.4907
vn -0.0000 -0.8361 -0.5486
vn -0.8684 -0.0000 -0.4959
vn 0.8712 -0.0000 -0.4908
vn 0.8684 -0.0000 -0.4959
vn 0.8684 -0.0000 -0.4958
vn -0.8938 -0.0000 -0.4485
vn -0.9996 -0.0000 0.0286
vn -0.0000 0.9887 -0.1500
vn -0.0000 0.9887 -0.1497
vn 0.9996 -0.0000 -0.0289
vn -0.0000 -0.9885 -0.1514
vn 0.8938 -0.0000 -0.4485
vn -0.0000 -0.9885 -0.1515
vn 0.7071 -0.7071 -0.0000
vn 0.7071 0.7071 -0.0000
vn -0.7071 0.7071 -0.0000
vn -0.7071 -0.7071 -0.0000
vn 0.0005 -0.0000 -1.0000
vn -0.0001 -0.0000 -1.0000
vn 0.0001 -0.0000 -1.0000
vn -0.0005 -0.0000 -1.0000
vn -0.9336 -0.0000 -0.3584
vn 0.9336 -0.0000 0.3584
vn -0.3584 -0.0000 0.9336
vn -0.3584 -0.0001 0.9336
vn -0.6290 0.7390 -0.2414
vn 0.3584 -0.0000 -0.9336
vn 0.3584 -0.0001 -0.9336
vn 0.6289 -0.7391 0.2414
vn -0.6289 -0.7390 -0.2414
vn 0.3584 0.0001 -0.9336
vn -0.3584 0.0001 0.9336
vn 0.6289 0.7390 0.2414
vn 0.3583 -0.0000 -0.9336
vn 0.9336 -0.0000 0.3583
vn -0.3585 -0.0000 0.9335
vn -0.9336 -0.0000 -0.3583
vn 0.3585 -0.0000 -0.9335
vn 0.3584 -0.0000 -0.9335
vn -0.2473 0.5970 -0.7632
vn -0.3828 -0.9239 -0.0000
vn 0.9239 -0.3827 -0.0000
vn 0.3828 0.9239 -0.0000
vn -0.3828 0.9239 -0.0000
vn -0.9239 -0.3827 -0.0000
vn 0.3828 -0.9239 -0.0000
vn 0.9239 0.3827 -0.0000
vn -0.9239 0.3827 -0.0000
vn 0.2634 0.6358 -0.7255
vn 0.2634 0.6358 -0.7256
vn 0.6358 0.2631 -0.7256
vn 0.6351 -0.2631 -0.7262
vn 0.6352 -0.2632 -0.7261
vn 0.2631 -0.6349 -0.7265
vn -0.2631 -0.6349 -0.7264
vn -0.6351 -0.2631 -0.7263
vn -0.6355 0.2631 -0.7259
vn -0.6357 0.2631 -0.7257
vn -0.6356 0.2631 -0.7258
vn -0.6354 0.2631 -0.7260
vn -0.2634 0.6359 -0.7254
vn -0.2634 0.6360 -0.7254
vn -0.5975 -0.2474 -0.7628
vn -0.5973 -0.2474 -0.7629
vn 0.5973 -0.2475 -0.7629
vn 0.5970 -0.2473 -0.7632
vn 0.2472 0.5970 -0.7632
vn -0.5970 0.2473 -0.7631
vn -0.2469 -0.5973 -0.7631
vn -0.2473 -0.5968 -0.7633
vn 0.2473 -0.5968 -0.7633
vn 0.5977 0.2475 -0.7626
vn 0.5975 0.2474 -0.7628
vn 0.5975 0.2474 -0.7627
vn -0.0000 0.9807 0.1953
vn 0.4812 0.8542 0.1970
vn 0.0951 0.9744 0.2037
vn -0.0000 -0.9376 0.3476
vn -0.0000 -0.9286 0.3711
vn 0.6418 -0.7668 -0.0000
vn 0.9753 -0.0091 0.2209
vn 0.3229 0.9464 -0.0000
vn 0.9561 0.2932 -0.0000
vn 0.9832 0.0203 0.1811
vn 0.9489 0.2520 0.1899
vn 0.9998 -0.0000 -0.0219
vn 0.0046 -1.0000 0.0012
vn 0.0023 -1.0000 0.0006
vn 0.0042 -1.0000 0.0010
vn 0.9828 -0.0000 0.1845
vn 0.9992 -0.0000 0.0399
vn -0.3539 -0.0001 -0.9353
vn -0.3534 -0.0004 -0.9355
vn -0.3536 -0.0003 -0.9354
vn -0.3541 -0.0000 -0.9352
vn -0.0000 0.0102 -0.9999
vn 0.9996 0.0280 -0.0000
vn -0.4812 0.8542 0.1970
vn -0.0951 0.9744 0.2037
vn 0.0910 -0.9324 0.3499
vn -0.6418 -0.7668 -0.0000
vn -0.9753 -0.0091 0.2209
vn -0.3229 0.9464 -0.0000
vn -0.9561 0.2932 -0.0000
vn -0.9832 0.0203 0.1811
vn -0.9489 0.2520 0.1899
vn -0.9998 -0.0000 -0.0219
vn -0.0046 -1.0000 0.0012
vn -0.0042 -1.0000 0.0010
vn -0.0023 -1.0000 0.0006
vn -0.9828 -0.0000 0.1845
vn -0.9992 -0.0000 0.0399
vn 0.3539 -0.0001 -0.9353
vn 0.3536 -0.0003 -0.9354
vn 0.3534 -0.0004 -0.9355
vn 0.3541 -0.0000 -0.9352
vn -0.9996 0.0280 -0.0000
vn 0.9978 -0.0000 0.0660
vn -0.0000 -0.8740 -0.4860
vn -0.0000 -0.9297 0.3682
vn -0.0000 0.9670 -0.2549
vn -0.9978 -0.0000 0.0660
vn -0.0000 0.6717 -0.7408
vn -0.7695 -0.0000 -0.6386
vn 0.7700 -0.0000 -0.6381
vn 0.9978 -0.0000 0.0661
vn -0.9978 -0.0000 0.0661
vn -0.7697 -0.0000 -0.6384
vn 0.7697 -0.0000 -0.6384
vn -0.0000 -0.8735 -0.4868
vn -0.0000 -0.9298 0.3682
vn -0.0000 0.6720 -0.7405
vn -0.7697 -0.0000 -0.6383
vn 0.7697 -0.0000 -0.6383
vn -0.0000 0.9669 -0.2550
vn -0.0000 0.6725 -0.7401
vn -0.7698 -0.0000 -0.6383
vn 0.7698 -0.0000 -0.6383
vn -0.0000 -0.8736 -0.4867
vn -0.0000 -0.8737 -0.4864
vn -0.0000 0.6721 -0.7405
vn -0.0000 -0.8738 -0.4864
vn -0.0000 0.6724 -0.7402
vn -0.0000 0.6723 -0.7403
vn -0.7070 0.7072 -0.0000
vn 0.7072 0.7070 -0.0000
vn -0.7070 -0.7072 -0.0000
vn 0.7072 -0.7070 -0.0000
vn -0.7074 0.7068 -0.0000
vn 0.7073 -0.7069 -0.0000
vn -0.7072 -0.7070 -0.0000
vn 0.7070 0.7072 -0.0000
vn 0.9072 -0.0000 -0.4208
vn -0.0000 -0.9699 -0.2433
vn -0.7072 0.7070 -0.0000
vn -0.0001 -1.0000 -0.0000
vn -0.9072 -0.0000 -0.4208
vn 0.0001 0.9699 -0.2437
vn -0.0000 0.9320 -0.3626
vn -0.0000 0.9320 -0.3625
vn 0.7725 -0.0000 -0.6350
vn -0.0000 0.9317 -0.3633
vn -0.0000 -0.9319 -0.3627
vn -0.7725 -0.0000 -0.6350
vn -0.7722 -0.0000 -0.6353
vn -0.0000 -0.9320 -0.3626
vn -0.0000 -0.9319 -0.3626
vn -0.0000 0.9321 -0.3621
vn -0.0000 0.9319 -0.3627
vn -0.7727 -0.0000 -0.6347
vn -0.7722 -0.0000 -0.6354
vn 0.7722 -0.0000 -0.6354
vn -0.0000 -0.9320 -0.3625
vn -0.0000 0.9319 -0.3628
vn 0.7726 -0.0000 -0.6348
vn -0.0000 0.9318 -0.3630
vn 0.7722 -0.0000 -0.6353
vn -0.0000 -0.9319 -0.3628
vn -0.0000 0.9320 -0.3624
vn 0.7727 -0.0000 -0.6347
vn -0.0000 -0.9321 -0.3621
vn -0.0000 0.9321 -0.3622
vn -0.0000 -0.9317 -0.3633
vn 0.7726 -0.0000 -0.6350
vn -0.0000 0.9322 -0.3619
vn -0.0000 0.9322 -0.3618
vn -0.7721 -0.0000 -0.6355
vn -0.0000 -0.9320 -0.3624
vn -0.0000 -0.9346 -0.3556
vn 0.7724 -0.0000 -0.6351
vn -0.0000 0.9349 -0.3550
vn -0.0000 0.9348 -0.3551
vn -0.7725 -0.0000 -0.6351
vn -0.0000 -0.9351 -0.3545
vn -0.0000 -0.9348 -0.3551
vn -0.0000 0.9346 -0.3557
vn -0.0000 -0.9351 -0.3544
vn -0.0000 -0.9346 -0.3557
vn 0.7725 -0.0000 -0.6351
vn -0.0000 -0.9351 -0.3543
vn -0.0000 0.9347 -0.3554
vn -0.0000 0.9348 -0.3553
vn -0.0000 0.9351 -0.3544
vn -0.0000 0.9351 -0.3543
vn -0.0661 -0.0000 0.9978
vn 0.4860 -0.8740 -0.0000
vn -0.3682 -0.9297 -0.0000
vn 0.2549 0.9670 -0.0000
vn -0.0661 -0.0000 -0.9978
vn 0.7405 0.6720 -0.0000
vn 0.6387 -0.0000 -0.7694
vn 0.6389 -0.0000 -0.7693
vn 0.6381 -0.0000 0.7700
vn -0.0660 -0.0000 0.9978
vn -0.0659 -0.0000 -0.9978
vn 0.6380 -0.0000 -0.7700
vn -0.0660 -0.0000 -0.9978
vn 0.6388 -0.0000 0.7694
vn 0.6386 -0.0000 0.7695
vn -0.0662 -0.0000 0.9978
vn 0.6377 -0.0000 -0.7703
vn 0.6383 -0.0000 0.7698
vn 0.6378 -0.0000 -0.7702
vn 0.2269 0.9739 -0.0000
vn 0.2271 -0.9739 -0.0000
vn 0.7612 0.6485 -0.0000
vn 0.7612 -0.6485 -0.0000
vn -0.2744 -0.9616 -0.0000
vn -0.2742 0.9617 -0.0000
vn -0.7505 -0.6608 -0.0000
vn -0.7506 0.6608 -0.0000
vn 0.9616 0.2743 -0.0000
vn 0.9616 -0.2743 -0.0000
vn 0.0660 -0.0000 -0.9978
vn -0.4868 -0.8735 -0.0000
vn 0.3681 -0.9298 -0.0000
vn -0.2549 0.9670 -0.0000
vn 0.0661 -0.0000 0.9978
vn -0.7406 0.6719 -0.0000
vn -0.6384 -0.0000 0.7697
vn -0.6383 -0.0000 -0.7698
vn 0.0661 -0.0000 -0.9978
vn 0.0660 -0.0000 0.9978
vn -0.6383 -0.0000 0.7698
vn -0.6387 -0.0000 -0.7695
vn 0.2273 0.9738 -0.0000
vn 0.2272 -0.9738 -0.0000
vn 0.7611 0.6486 -0.0000
vn 0.7611 -0.6486 -0.0000
vn -0.2743 0.9617 -0.0000
vn 0.9616 -0.2744 -0.0000
vn 0.2274 0.9738 -0.0000
vn 0.3682 -0.9298 -0.0000
vn -0.2548 0.9670 -0.0000
vn -0.7410 0.6715 -0.0000
vn -0.6385 -0.0000 0.7697
vn -0.2268 0.9739 -0.0000
vn -0.2269 -0.9739 -0.0000
vn -0.7612 0.6485 -0.0000
vn -0.7611 -0.6486 -0.0000
vn 0.2743 -0.9617 -0.0000
vn 0.2744 0.9616 -0.0000
vn 0.7506 -0.6608 -0.0000
vn 0.7506 0.6607 -0.0000
vn -0.9617 0.2742 -0.0000
vn -0.9617 -0.2742 -0.0000
vn -0.2269 0.9739 -0.0000
vn -0.2271 -0.9739 -0.0000
vn -0.7611 0.6486 -0.0000
vn -0.7611 -0.6487 -0.0000
vn 0.7507 -0.6607 -0.0000
vn 0.7506 0.6608 -0.0000
vn 0.4866 -0.8736 -0.0000
vn -0.3681 -0.9298 -0.0000
vn 0.7406 0.6719 -0.0000
vn 0.6387 -0.0000 0.7695
vn 0.6383 -0.0000 -0.7698
vn 0.4865 -0.8737 -0.0000
vn 0.6381 -0.0000 0.7699
vn -0.2271 0.9739 -0.0000
vn -0.2272 -0.9738 -0.0000
vn 0.2741 -0.9617 -0.0000
vn 0.2741 0.9617 -0.0000
vn 0.7506 -0.6607 -0.0000
vn -0.9616 0.2744 -0.0000
vn -0.9616 -0.2743 -0.0000
vn 0.0003 -0.0000 -1.0000
vn -0.4866 -0.8736 -0.0000
vn -0.6385 -0.0000 0.7696
vn -0.6379 -0.0000 0.7702
vn -0.6378 -0.0000 0.7702
vn -0.6381 -0.0000 0.7699
vn -0.4866 -0.8737 -0.0000
vn -0.6386 -0.0000 0.7695
vn -0.6381 -0.0000 -0.7699
vn 0.2271 0.9739 -0.0000
vn -0.2741 -0.9617 -0.0000
vn -0.7506 -0.6607 -0.0000
vn 0.9616 0.2744 -0.0000
vn 0.6385 -0.0000 0.7697
vn 0.6385 -0.0000 -0.7696
vn 0.6389 -0.0000 0.7693
vn 0.6387 -0.0000 -0.7695
vn 0.2742 0.9617 -0.0000
vn 0.2743 0.9617 -0.0000
vn 0.6385 -0.0000 0.7696
vn 0.2272 0.9738 -0.0000
vn 0.7611 0.6487 -0.0000
vn -0.2743 -0.9617 -0.0000
vn -0.2741 0.9617 -0.0000
vn -0.7507 -0.6607 -0.0000
vn -0.7506 0.6607 -0.0000
vn 0.9617 0.2742 -0.0000
vn 0.9617 -0.2742 -0.0000
vn -0.7405 0.6721 -0.0000
vn -0.4865 -0.8737 -0.0000
vn -0.2742 -0.9617 -0.0000
vn -0.0001 -0.0001 1.0000
vn -0.6385 -0.0000 -0.7696
vn 0.2742 -0.9617 -0.0000
vn 0.4860 -0.8739 -0.0000
vn 0.6390 -0.0000 0.7692
vn 0.6385 -0.0000 -0.7697
vn -0.3682 -0.9298 -0.0000
vn 0.2550 0.9669 -0.0000
vn 0.7405 0.6721 -0.0000
vn -0.2270 -0.9739 -0.0000
vn -0.0000 0.9238 0.3829
vn 0.4467 -0.3424 0.8266
vn -0.1608 0.3778 -0.9118
vn -0.1608 -0.9118 -0.3777
vn -0.1609 -0.3778 0.9118
vn -0.1609 0.9118 0.3777
vn -0.1609 0.9118 -0.3777
vn -0.1608 -0.3777 -0.9119
vn -0.1608 -0.9118 0.3778
vn -0.1609 0.3778 0.9118
vn 0.4468 0.8265 0.3424
vn 0.4468 0.8265 -0.3424
vn 0.4466 -0.3424 -0.8266
vn 0.4467 -0.8266 0.3424
vn 0.4467 0.3424 0.8266
vn 0.4466 0.3424 -0.8266
vn 0.4467 -0.8266 -0.3423
vn -0.0000 0.9238 -0.3829
vn -0.0000 -0.3823 -0.9240
vn -0.0000 -0.9239 0.3825
vn -0.0000 0.3828 0.9239
vn -0.0000 0.3826 -0.9239
vn -0.0000 -0.9240 -0.3825
vn -0.0000 -0.3825 0.9239
vn 0.4591 0.3400 0.8207
vn -0.0000 -0.9239 -0.3826
vn -0.0000 -0.3827 0.9239
vn -0.0000 0.9239 0.3826
vn -0.0000 0.9239 -0.3826
vn -0.0000 -0.3827 -0.9239
vn -0.0000 -0.9239 0.3826
vn -0.0000 0.3827 0.9239
vn -0.0000 0.3827 -0.9239
vn 0.9267 -0.3471 -0.1437
vn 0.4591 0.3400 -0.8207
vn 0.4591 -0.8208 -0.3398
vn 0.4591 -0.3400 0.8208
vn 0.4592 0.8207 0.3400
vn 0.4592 0.8207 -0.3400
vn 0.4591 -0.3399 -0.8208
vn 0.4591 -0.8208 0.3398
vn 0.9267 -0.1438 0.3471
vn 0.9267 0.3472 0.1439
vn 0.9267 0.3472 -0.1439
vn 0.9267 -0.1438 -0.3471
vn 0.9267 -0.3471 0.1437
vn 0.9267 0.1438 0.3471
vn 0.9267 0.1438 -0.3471
vn 0.4591 0.3399 0.8208
vn -0.0000 -0.3826 0.9239
vn -0.0000 0.9239 0.3827
vn -0.0000 -0.3826 -0.9239
vn -0.0000 0.3826 0.9239
vn 0.4592 0.3399 -0.8207
vn 0.4591 -0.3399 0.8208
vn 0.4592 0.8207 -0.3399
vn 0.4591 -0.8208 0.3399
vn 0.9267 -0.1437 0.3471
vn 0.9267 0.3472 -0.1438
vn 0.9267 0.1437 0.3472
vn 0.9267 0.1438 -0.3472
vn -0.9989 -0.0000 0.0470
vn -0.9998 -0.0000 0.0219
vn 0.7072 -0.7071 -0.0000
vn -0.9997 -0.0000 0.0250
vn -0.0001 -0.9239 -0.3826
vn -0.0000 -0.9236 0.3832
vn -0.0000 -0.9237 -0.3831
vn 0.0001 0.9239 0.3827
vn 0.3768 -0.3545 0.8558
vn 0.3763 0.3547 -0.8559
vn 0.3765 0.3546 -0.8559
vn 0.0001 -0.9239 -0.3826
vn -0.0001 0.9239 0.3826
vn 0.3522 -0.3581 0.8647
vn 0.3522 0.3582 -0.8647
vn -0.0001 -0.9239 -0.3827
vn -0.0000 -0.9239 0.3827
vn -0.0000 -0.9238 -0.3830
vn -0.0000 0.9239 -0.3827
vn -0.9998 -0.0000 0.0202
vn -0.9998 -0.0000 0.0175
vn 0.9978 -0.0661 -0.0000
vn -0.0000 0.4863 -0.8738
vn -0.0000 -0.3681 -0.9298
vn -0.0000 0.2548 0.9670
vn -0.9978 -0.0660 -0.0000
vn -0.0000 0.7404 0.6721
vn -0.0000 0.7408 0.6718
vn -0.7698 0.6383 -0.0000
vn 0.7695 0.6387 -0.0000
vn 0.9978 -0.0660 -0.0000
vn -0.9978 -0.0661 -0.0000
vn -0.7695 0.6386 -0.0000
vn 0.7698 0.6383 -0.0000
vn -0.0000 0.4869 -0.8734
vn -0.0000 0.4871 -0.8734
vn -0.0000 -0.3682 -0.9297
vn -0.0000 0.2552 0.9669
vn -0.0000 0.2551 0.9669
vn -0.0000 0.4874 -0.8732
vn -0.7695 0.6387 -0.0000
vn -0.0000 0.4868 -0.8735
vn -0.0000 0.2549 0.9670
vn -0.0000 0.4866 -0.8736
vn -0.0000 -0.3687 -0.9296
vn 0.2919 0.6468 0.7045
vn -0.3729 -0.2257 -0.9000
vn 0.9001 -0.2257 -0.3728
vn 0.3729 -0.2257 0.9000
vn -0.9000 -0.2257 0.3729
vn -0.9000 -0.2257 -0.3729
vn 0.3729 -0.2257 -0.9000
vn 0.9001 -0.2257 0.3727
vn -0.3729 -0.2257 0.9000
vn -0.7046 0.6468 0.2919
vn -0.7047 0.6468 0.2916
vn -0.7045 0.6468 -0.2920
vn 0.2919 0.6468 -0.7045
vn 0.7045 0.6469 0.2918
vn -0.2920 0.6464 0.7050
vn -0.2920 0.6463 0.7050
vn -0.2920 0.6464 0.7049
vn -0.2919 0.6468 -0.7046
vn 0.7045 0.6469 -0.2919
vn 0.9239 -0.0000 0.3825
vn 0.9239 -0.0000 -0.3827
vn 0.3827 -0.0000 -0.9239
vn -0.3825 -0.0000 -0.9239
vn -0.9239 -0.0000 -0.3827
vn -0.9239 -0.0000 0.3825
vn -0.3825 -0.0000 0.9240
vn 0.3826 -0.0000 0.9239
vn -0.2919 0.6468 0.7046
vn 0.2923 0.6466 0.7046
vn 0.2920 0.6464 0.7049
vn -0.3726 -0.2257 -0.9001
vn 0.9001 -0.2257 -0.3726
vn 0.3726 -0.2257 0.9001
vn -0.9000 -0.2257 -0.3728
vn 0.3726 -0.2257 -0.9001
vn -0.3726 -0.2257 0.9001
vn -0.7048 0.6465 0.2921
vn -0.7049 0.6465 -0.2919
vn 0.2919 0.6464 -0.7050
vn 0.7048 0.6466 0.2920
vn -0.2918 0.6464 -0.7050
vn 0.7048 0.6466 -0.2919
vn 0.9239 -0.0000 0.3827
vn -0.0000 -1.0000 -0.0005
vn -0.0000 -1.0000 -0.0007
vn -0.0000 -1.0000 0.0005
vn -0.0000 -1.0000 0.0007
vn 0.3832 -0.0000 -0.9237
vn -0.3830 -0.0000 -0.9237
vn -0.9239 -0.0000 0.3827
vn -0.3822 -0.0000 0.9241
vn 0.3819 -0.0000 0.9242
vn 0.2919 0.6465 0.7049
vn -0.3727 -0.2257 -0.9001
vn 0.3728 -0.2257 0.9001
vn -0.9001 -0.2257 0.3728
vn -0.9001 -0.2257 -0.3728
vn 0.3727 -0.2257 -0.9001
vn 0.9001 -0.2257 0.3728
vn -0.3728 -0.2257 0.9001
vn -0.7049 0.6465 0.2919
vn -0.7049 0.6464 -0.2919
vn 0.2920 0.6464 -0.7050
vn 0.7049 0.6465 0.2919
vn -0.2919 0.6465 0.7049
vn -0.2920 0.6464 -0.7050
vn 0.7049 0.6464 -0.2919
vn 0.9238 -0.0000 0.3829
vn -0.0000 -1.0000 0.0001
vn -0.3827 -0.0000 -0.9239
vn -0.9238 -0.0000 0.3829
vn -0.3823 -0.0000 0.9240
vn 0.3823 -0.0000 0.9240
vn 0.2919 0.6465 0.7048
vn 0.8999 -0.2256 -0.3732
vn 0.8998 -0.2255 -0.3735
vn -0.7048 0.6465 0.2920
vn -0.7049 0.6465 -0.2920
vn 0.2920 0.6464 -0.7049
vn 0.7048 0.6466 0.2919
vn 0.7048 0.6465 -0.2919
vn 0.9237 -0.0000 0.3830
vn -0.9237 -0.0000 0.3830
vn -0.3821 -0.0000 0.9241
vn 0.9001 -0.2257 -0.3727
vn -0.9000 -0.2257 0.3728
vn -0.9001 -0.2257 -0.3727
vn 0.9000 -0.2257 0.3728
vn -0.7049 0.6465 -0.2918
vn 0.2918 0.6464 -0.7050
vn 0.7049 0.6465 -0.2918
vn 0.7046 0.6468 -0.2918
vn -0.3832 -0.0000 -0.9237
vn 0.2920 0.6463 0.7050
vn -0.3728 -0.2257 -0.9001
vn 0.9000 -0.2257 -0.3728
vn 0.3728 -0.2257 -0.9001
vn -0.7050 0.6464 0.2919
vn 0.2920 0.6465 -0.7048
vn 0.7050 0.6464 0.2919
vn -0.2920 0.6465 -0.7048
vn 0.7049 0.6465 -0.2919
vn 0.9240 -0.0000 -0.3825
vn 0.3818 -0.0000 -0.9242
vn -0.3818 -0.0000 -0.9242
vn -0.9240 -0.0000 -0.3825
vn -0.3831 -0.0000 0.9237
vn 0.3831 -0.0000 0.9237
vn 0.9000 -0.2257 0.3730
vn -0.7049 0.6464 0.2920
vn -0.7048 0.6465 -0.2921
vn 0.2921 0.6465 -0.7048
vn 0.7048 0.6465 0.2919
vn 0.7048 0.6466 -0.2920
vn 0.9239 -0.0000 -0.3825
vn -0.3817 -0.0000 -0.9243
vn -0.9239 -0.0000 -0.3825
vn -0.3830 -0.0000 0.9238
vn 0.2920 0.6465 0.7048
vn 0.3728 -0.2257 0.9000
vn -0.3728 -0.2257 0.9000
vn -0.7048 0.6465 -0.2920
vn -0.2920 0.6465 0.7048
vn 0.9238 -0.0000 -0.3829
vn -0.9238 -0.0000 -0.3829
vn -0.3825 -0.0000 0.9239
vn 0.3827 -0.0000 0.9239
vn 0.0001 -0.0000 1.0000
vn 0.0002 -0.0000 1.0000
vn 0.2939 0.6405 0.7095
vn -0.3800 -0.1166 -0.9176
vn 0.9176 -0.1166 -0.3801
vn 0.3800 -0.1166 0.9176
vn -0.9176 -0.1166 0.3800
vn -0.9176 -0.1166 -0.3801
vn 0.3800 -0.1166 -0.9176
vn 0.9176 -0.1166 0.3800
vn -0.3800 -0.1166 0.9176
vn -0.7095 0.6406 0.2938
vn -0.7094 0.6406 -0.2938
vn 0.2939 0.6405 -0.7095
vn 0.7095 0.6406 0.2938
vn -0.2939 0.6405 0.7095
vn -0.2939 0.6405 -0.7095
vn 0.7094 0.6406 -0.2938
vn 0.9240 -0.0000 0.3825
vn 0.3823 -0.0000 -0.9240
vn -0.3823 -0.0000 -0.9240
vn -0.9240 -0.0000 0.3825
vn -0.3827 -0.0000 0.9239
vn -0.9237 -0.0000 -0.3831
vn 0.2937 0.6407 0.7094
vn -0.3799 -0.1166 -0.9177
vn 0.9176 -0.1166 -0.3800
vn 0.3799 -0.1166 0.9176
vn -0.9176 -0.1166 -0.3800
vn 0.3799 -0.1166 -0.9177
vn 0.9175 -0.1166 0.3803
vn 0.9174 -0.1166 0.3805
vn -0.3799 -0.1166 0.9176
vn -0.7094 0.6406 0.2938
vn -0.7095 0.6406 -0.2937
vn 0.2935 0.6407 -0.7095
vn 0.7094 0.6406 0.2938
vn -0.2937 0.6407 0.7094
vn -0.2935 0.6407 -0.7095
vn 0.7095 0.6406 -0.2937
vn 0.3831 -0.0000 -0.9237
vn -0.3831 -0.0000 -0.9237
vn -0.3817 -0.0000 0.9243
vn 0.3817 -0.0000 0.9243
vn 0.3825 -0.0000 -0.9240
vn 0.2940 0.6404 0.7096
vn 0.2939 0.6406 -0.7094
vn -0.2940 0.6404 0.7096
vn -0.2939 0.6406 -0.7094
vn -0.3832 -0.0000 0.9237
vn 0.3832 -0.0000 0.9237
vn 0.2938 0.6406 0.7094
vn 0.9239 -0.0000 -0.3826
vn -0.9238 -0.0000 -0.3830
vn -0.9237 -0.0000 0.3831
vn -0.6903 0.7235 -0.0000
vn 0.6903 0.7235 -0.0000
vn 0.4897 -0.8719 -0.0000
vn 0.2967 0.9550 -0.0000
vn -0.2967 0.9550 -0.0000
vn -0.4896 -0.8719 -0.0000
vn -0.5979 -0.0000 -0.8016
vn -0.3790 -0.7052 -0.5992
vn -0.0000 -0.9028 -0.4300
vn 0.5979 -0.0000 -0.8016
vn 0.3791 -0.7052 -0.5992
vn -0.0000 0.8694 -0.4941
vn -0.3233 -0.9463 -0.0003
vn 0.0011 -1.0000 0.0001
vn 0.3233 -0.9463 -0.0003
vn -0.0011 -1.0000 0.0001
vn 0.1653 -0.0408 -0.9854
vn -0.1653 -0.0408 -0.9854
vn 0.9993 -0.0000 0.0362
vn -0.4863 -0.8738 -0.0000
vn 0.3682 -0.9297 -0.0000
vn -0.2743 -0.9616 -0.0000
vn -0.7506 -0.6608 -0.0000
vn 0.7611 0.6486 -0.0001
vn 0.2273 -0.9738 -0.0000
vn 0.9997 -0.0000 0.0244
vn 0.8708 0.3342 -0.3607
vn 0.3607 0.3342 -0.8707
vn -0.3607 0.3342 -0.8707
vn -0.8707 0.3343 -0.3607
vn -0.8708 0.3342 -0.3607
vn -0.8707 0.3342 0.3607
vn -0.8708 0.3341 0.3607
vn -0.3608 0.3340 0.8708
vn 0.3608 0.3340 0.8708
vn 0.8708 0.3342 0.3606
vn 0.8708 0.3341 0.3607
vn 0.8707 0.3343 -0.3607
vn 0.9943 -0.1069 -0.0000
vn -0.9943 -0.1069 -0.0000
vn -0.0000 0.6451 0.7641
vn -0.0000 0.6455 -0.7637
vn -0.0000 -0.1070 0.9943
vn -0.0000 -0.1069 -0.9943
vn 0.7637 0.6455 -0.0000
vn -0.7637 0.6455 -0.0000
vn 0.7638 0.6455 -0.0000
vn -0.0000 0.6455 0.7637
vn -0.0000 0.6458 -0.7635
vn -0.0000 0.6453 -0.7639
vn -0.0000 -0.1069 0.9943
vn -0.0000 -0.1070 -0.9943
vn -0.7638 0.6455 -0.0000
vn -0.0000 0.6453 0.7639
vn -0.0000 -0.9378 -0.3471
vn -0.3469 -0.9379 -0.0000
vn -0.0000 -0.9378 -0.3472
vn -0.0000 -0.9378 0.3471
vn 0.3469 -0.9379 -0.0000
vn -0.9336 -0.0000 0.3584
vn 0.9335 -0.0000 -0.3585
vn 0.3584 -0.0000 0.9336
vn -0.3584 -0.0000 -0.9336
vn -0.9336 -0.0000 0.3583
vn 0.9552 -0.0000 -0.2959
vn 0.9336 -0.0000 -0.3584
vn 0.3583 -0.0000 0.9336
vn -0.3583 -0.0001 -0.9336
vn -0.3583 0.0001 -0.9336
vn -0.3585 0.0001 -0.9335
vn -0.3585 -0.0001 -0.9335
vn -0.1743 -0.8736 -0.4544
vn 0.1319 -0.9298 0.3437
vn -0.0913 0.9670 -0.2380
vn -0.9079 -0.0000 0.4192
vn -0.3581 -0.0000 -0.9337
vn -0.2656 0.6718 -0.6915
vn -0.2657 0.6717 -0.6915
vn -0.2653 0.6720 -0.6914
vn -0.9474 -0.0000 -0.3199
vn 0.4902 -0.0000 -0.8716
vn 0.4904 -0.0000 -0.8715
vn -0.3584 -0.0001 -0.9336
vn -0.3584 0.0001 -0.9336
vn -0.1743 -0.8740 -0.4536
vn -0.1743 -0.8739 -0.4539
vn -0.1743 -0.8738 -0.4540
vn -0.0913 0.9670 -0.2379
vn -0.2654 0.6718 -0.6916
vn 0.4903 -0.0000 -0.8715
vn -0.0914 0.9670 -0.2380
vn -0.2652 0.6722 -0.6913
vn 0.4897 -0.0000 -0.8719
vn -0.8690 0.3655 0.3336
vn 0.8690 0.3655 -0.3336
vn -0.3932 0.9070 0.1509
vn 0.3932 0.9070 -0.1509
vn -0.7963 -0.5220 0.3057
vn 0.9336 -0.0000 -0.3583
vn 0.7963 -0.5220 -0.3056
vn 0.9336 -0.0001 -0.3584
vn 0.1371 0.9239 0.3573
vn 0.3311 -0.3827 0.8625
vn -0.1371 -0.9239 -0.3573
vn -0.3310 0.3827 -0.8625
vn 0.3311 0.3827 0.8625
vn 0.1371 -0.9239 0.3573
vn -0.3310 -0.3827 -0.8625
vn -0.1371 0.9239 -0.3573
vn 0.3311 0.3826 0.8625
vn -0.3313 0.3811 -0.8631
vn -0.1372 0.9239 -0.3573
vn 0.9337 -0.0000 -0.3582
vn 0.9337 -0.0000 -0.3581
vn 0.1372 -0.9239 0.3573
vn -0.9335 0.0001 0.3585
vn -0.9335 0.0001 0.3586
vn -0.3311 -0.3827 -0.8625
vn 0.9337 0.0001 -0.3581
vn -0.1421 -0.9180 -0.3701
vn -0.9335 0.0002 0.3586
vn -0.9335 0.0002 0.3585
vn 0.3390 -0.3241 0.8832
vn 0.1318 0.9298 0.3436
vn -0.3583 -0.0000 -0.9336
vn 0.3584 -0.0001 0.9336
vn -0.6600 -0.7071 0.2536
vn 0.6601 -0.7071 -0.2535
vn 0.6600 0.7072 -0.2536
vn -0.9334 -0.0000 0.3588
vn 0.9335 -0.0000 -0.3587
vn -0.6600 0.7071 0.2536
vn -0.7049 0.4667 -0.5341
vn 0.3469 -0.0000 -0.9379
vn -0.2692 -0.6600 -0.7014
vn -0.8855 -0.0000 -0.4647
vn -0.2692 0.6601 -0.7013
vn 0.1665 0.4666 -0.8687
vn 0.1662 0.4666 -0.8687
vn 0.1664 -0.4666 -0.8687
vn -0.7046 -0.4667 -0.5345
vn -0.7046 -0.4667 -0.5346
vn -0.9337 -0.0000 0.3581
vn 0.6601 -0.7071 -0.2534
vn 0.6601 0.7072 -0.2534
vn -0.9336 -0.0000 0.3582
vn -0.6601 0.7072 0.2533
vn -0.6602 -0.7071 0.2533
vn -0.3580 0.0002 -0.9337
vn -0.3582 0.0003 -0.9337
vn -0.3581 -0.0002 -0.9337
vn -0.3582 -0.0003 -0.9336
vn -0.3588 -0.0000 -0.9334
vn -0.3587 -0.0000 -0.9335
vn 0.6601 -0.7071 -0.2537
vn 0.6600 -0.7071 -0.2538
vn 0.6602 0.7071 -0.2534
vn -0.6603 0.7071 0.2532
vn -0.6602 -0.7071 0.2531
vn -0.0000 0.8899 -0.4561
vn -0.0000 0.8899 0.4561
vn -0.0000 0.4796 0.8775
vn -0.0000 0.4796 -0.8775
vn -0.0000 0.9910 0.1342
vn -0.0000 0.4967 -0.8679
vn -0.0000 0.4967 0.8679
vn -0.0000 0.8981 0.4397
vn -0.0000 0.8981 -0.4397
vn -0.0000 0.9910 -0.1342
vn -0.0000 -0.3420 0.9397
vn -0.0000 0.3420 -0.9397
vn -0.9922 -0.1168 -0.0425
vn -0.8307 0.5232 0.1904
vn 0.9922 -0.1168 -0.0425
vn 0.3632 -0.8755 -0.3187
vn -0.0000 0.9397 0.3420
vn 0.8307 0.5232 0.1904
vn -0.3638 -0.8753 -0.3186
vn 0.4717 -0.8286 -0.3016
vn -0.0000 -0.9397 -0.3421
vn -0.4717 -0.8286 -0.3016
vn -0.0000 0.8664 0.4994
vn 0.4887 -0.8143 -0.3132
vn -0.0001 -0.3421 0.9397
vn -0.0000 -0.3421 0.9397
vn 0.0001 -0.3421 0.9397
vn -0.0000 -0.3419 0.9397
vn -0.0001 -0.3420 0.9397
vn 0.0001 -0.3420 0.9397
vn -0.0000 -0.9373 -0.3486
vn -0.4887 -0.8143 -0.3132
vn -0.3632 -0.8755 -0.3187
vn 0.3638 -0.8753 -0.3186
vn -0.0000 0.6129 0.7902
vn -0.0000 0.5049 -0.8632
vn -0.7902 0.6129 -0.0000
vn 0.8632 0.5049 -0.0000
vn 0.6852 -0.7284 -0.0000
vn 0.1033 -0.9893 -0.1033
vn -0.8803 -0.4614 -0.1105
vn 0.1105 -0.4613 0.8803
vn -0.0000 -0.7284 -0.6852
vn -0.0000 0.5753 0.8180
vn -0.0000 0.5752 -0.8180
vn -0.4554 -0.8903 -0.0000
vn -0.5564 -0.0000 0.8309
vn -0.5560 -0.0000 -0.8312
vn -0.5658 0.8245 -0.0000
vn -0.5504 0.4803 0.6829
vn -0.5506 0.4802 -0.6829
vn -0.5502 0.4804 -0.6830
vn -0.0000 0.5753 0.8179
vn -0.0000 0.5753 -0.8179
vn -0.5562 -0.0000 0.8310
vn -0.5562 -0.0000 -0.8310
vn -0.5502 0.4804 0.6830
vn -0.0000 1.0000 -0.0001
vn -0.4554 -0.8903 0.0001
vn -0.5559 -0.0000 0.8312
vn -0.5562 -0.0000 -0.8311
vn -0.5659 0.8245 -0.0001
vn -0.5501 0.4804 0.6831
vn -0.5504 0.4802 -0.6830
vn 0.5341 -0.3235 0.7811
vn -0.2111 0.3741 -0.9031
vn -0.2111 -0.9031 -0.3740
vn -0.2111 -0.3740 0.9031
vn -0.2111 0.9031 0.3740
vn -0.2111 0.9031 -0.3740
vn -0.2111 -0.3741 -0.9030
vn -0.2111 -0.9031 0.3740
vn -0.2111 0.3740 0.9031
vn 0.5341 0.7811 0.3235
vn 0.5341 0.7811 -0.3235
vn 0.5342 -0.3235 -0.7810
vn 0.5340 -0.7811 0.3236
vn 0.5340 0.3235 0.7811
vn 0.5341 0.3235 -0.7810
vn 0.5340 -0.7811 -0.3236
vn 0.5342 -0.3235 0.7810
vn -0.2111 0.3740 -0.9031
vn -0.2111 -0.9031 -0.3741
vn -0.2111 -0.3741 0.9030
vn -0.2111 -0.3741 -0.9031
vn -0.2111 0.3741 0.9031
vn 0.5341 -0.3236 -0.7810
vn 0.5342 0.3235 0.7810
vn 0.5341 0.3236 -0.7810
vn -0.0000 -0.9239 -0.3827
vn -0.0000 -0.3829 -0.9238
vn -0.0000 -0.3825 -0.9239
vn -0.0000 0.3824 -0.9240
vn -0.0000 0.9240 -0.3824
vn -0.0000 0.9240 0.3823
vn -0.0000 0.3824 0.9240
vn -0.0000 -0.3825 0.9240
vn -0.0000 -0.9238 0.3828
vn -0.2110 0.3741 -0.9030
vn -0.2110 -0.3741 0.9031
vn -0.2111 0.9031 0.3741
vn -0.2110 -0.3741 -0.9030
vn -0.2111 -0.9030 0.3741
vn 0.5342 -0.3236 -0.7810
vn 0.5342 -0.7810 0.3236
vn 0.5341 0.3235 0.7811
vn 0.5342 -0.7810 -0.3236
vn -0.0000 -0.9241 0.3822
vn -0.2110 0.3740 -0.9031
vn -0.2111 -0.3741 0.9031
vn -0.2110 -0.3740 -0.9031
vn -0.2111 -0.9031 0.3741
vn 0.5340 -0.3235 -0.7811
vn 0.5342 0.3235 0.7811
vn 0.5340 0.3235 -0.7811
vn -0.0000 -0.9241 -0.3822
vn -0.0000 -0.3825 -0.9240
vn -0.0000 0.3825 -0.9239
vn -0.0000 0.9239 -0.3825
vn -0.0000 -0.3829 0.9238
vn 0.5341 -0.3235 0.7810
vn -0.2111 0.3741 -0.9030
vn -0.2111 0.9030 0.3741
vn -0.2110 0.9031 -0.3741
vn -0.2110 0.3741 0.9031
vn 0.5343 -0.7810 0.3234
vn 0.5342 0.3235 -0.7810
vn 0.5343 -0.7810 -0.3234
vn 0.5341 -0.3235 -0.7811
vn -0.0000 0.9238 0.3828
vn -0.2111 0.9031 -0.3741
vn 0.5341 -0.3235 -0.7810
vn 0.5342 -0.7810 0.3235
vn 0.5341 0.3235 0.7810
vn 0.5342 -0.7811 -0.3235
vn 0.5342 -0.3235 0.7811
vn -0.2108 -0.9033 0.3738
vn -0.2111 0.3741 0.9030
vn 0.5342 -0.7811 0.3235
vn 0.5341 0.3235 -0.7811
vn -0.0000 -0.3828 -0.9238
vn -0.0000 0.3828 -0.9238
vn -0.0000 0.3828 0.9238
vn -0.0000 -0.3828 0.9238
vn -0.0910 -0.9324 0.3499
vn -0.0003 -0.0000 -1.0000
vn -0.0003 -0.0000 1.0000
vn -0.0004 -0.0000 1.0000
vn -0.0001 -0.0000 1.0000
vn 0.0004 -0.0000 1.0000
vn -0.0000 -1.0000 -0.0001
vn -0.0000 1.0000 -0.0005
vn 0.0001 -1.0000 -0.0000
vn -0.0002 1.0000 0.0001
vn 0.0002 1.0000 0.0001
vn -0.9336 -0.0001 0.3584
vn -0.9336 0.0001 0.3584
vn 0.9336 0.0001 -0.3584
vn -0.3582 -0.0000 -0.9337
vn -0.3579 -0.0000 -0.9337
vn -0.3583 -0.0002 -0.9336
vn 0.3584 0.0001 0.9336
vn 0.3583 0.0001 0.9336
vn 0.3585 -0.0000 0.9335
vn 0.3582 0.0001 0.9336
vn -0.3584 -0.0000 -0.9335
vt 0.107011 0.991672
vt 0.107154 0.991672
vt 0.107011 0.991697
vt 0.107154 0.991697
vt 0.106997 0.991697
vt 0.106997 0.991672
vt 0.106449 0.991672
vt 0.106228 0.991672
vt 0.106449 0.991697
vt 0.106228 0.991697
vt 0.106463 0.991672
vt 0.106463 0.991697
vt 0.107458 0.994590
vt 0.107458 0.994601
vt 0.106813 0.994601
vt 0.106814 0.994590
vt 0.108075 0.993185
vt 0.108098 0.994213
vt 0.107458 0.994213
vt 0.107458 0.993185
vt 0.108102 0.994590
vt 0.107728 0.991499
vt 0.107910 0.992248
vt 0.107458 0.992248
vt 0.107458 0.991499
vt 0.108118 0.993193
vt 0.108141 0.994213
vt 0.108096 0.994216
vt 0.108072 0.993203
vt 0.107952 0.992248
vt 0.107910 0.992260
vt 0.107743 0.991499
vt 0.108144 0.994599
vt 0.108102 0.994601
vt 0.107458 0.994599
vt 0.107892 0.994754
vt 0.107736 0.994784
vt 0.107458 0.994776
vt 0.107458 0.994746
vt 0.108032 0.994680
vt 0.107458 0.994672
vt 0.107565 0.994794
vt 0.107458 0.994794
vt 0.108050 0.994637
vt 0.107458 0.994629
vt 0.106840 0.993185
vt 0.106817 0.994213
vt 0.107187 0.991499
vt 0.107005 0.992248
vt 0.106797 0.993193
vt 0.106844 0.993203
vt 0.106819 0.994216
vt 0.106775 0.994213
vt 0.106963 0.992248
vt 0.107006 0.992260
vt 0.107172 0.991499
vt 0.106771 0.994599
vt 0.107023 0.994754
vt 0.107179 0.994784
vt 0.106884 0.994680
vt 0.107350 0.994794
vt 0.106866 0.994637
vt 0.157903 0.975908
vt 0.157923 0.975908
vt 0.157941 0.975908
vt 0.157958 0.975908
vt 0.157978 0.975908
vt 0.157904 0.975911
vt 0.157921 0.975911
vt 0.157942 0.975911
vt 0.157957 0.975911
vt 0.157960 0.975911
vt 0.157976 0.975911
vt 0.157924 0.975911
vt 0.157939 0.975911
vt 0.157923 0.975911
vt 0.139628 0.974618
vt 0.139645 0.974618
vt 0.139628 0.974606
vt 0.139645 0.974606
vt 0.139570 0.974618
vt 0.139570 0.974606
vt 0.073953 0.976250
vt 0.073978 0.976250
vt 0.073997 0.976250
vt 0.073994 0.976260
vt 0.073994 0.976254
vt 0.073978 0.976260
vt 0.073997 0.976260
vt 0.073953 0.976260
vt 0.073934 0.976250
vt 0.073934 0.976260
vt 0.073977 0.976260
vt 0.073954 0.976260
vt 0.073937 0.976260
vt 0.027060 0.975479
vt 0.027044 0.975479
vt 0.027084 0.975479
vt 0.073954 0.976254
vt 0.073937 0.976254
vt 0.073977 0.976254
vt 0.075299 0.973178
vt 0.075296 0.973170
vt 0.075395 0.973141
vt 0.075392 0.973133
vt 0.075311 0.973164
vt 0.075377 0.973139
vt 0.075314 0.973173
vt 0.075380 0.973147
vt 0.057838 0.990364
vt 0.057843 0.990377
vt 0.057856 0.990372
vt 0.057851 0.990359
vt 0.057803 0.990377
vt 0.057808 0.990390
vt 0.057822 0.990385
vt 0.057817 0.990372
vt 0.057769 0.990390
vt 0.057774 0.990404
vt 0.057787 0.990398
vt 0.057782 0.990385
vt 0.057821 0.990370
vt 0.057826 0.990384
vt 0.057839 0.990378
vt 0.057834 0.990365
vt 0.057786 0.990384
vt 0.057791 0.990397
vt 0.057804 0.990392
vt 0.057799 0.990378
vt 0.056197 0.973190
vt 0.056203 0.973203
vt 0.056216 0.973198
vt 0.056211 0.973185
vt 0.056163 0.973203
vt 0.056168 0.973217
vt 0.056181 0.973212
vt 0.056176 0.973198
vt 0.056180 0.973197
vt 0.056185 0.973210
vt 0.056199 0.973205
vt 0.056193 0.973192
vt 0.056215 0.973184
vt 0.056220 0.973197
vt 0.056233 0.973192
vt 0.056228 0.973178
vt 0.056146 0.973210
vt 0.056151 0.973223
vt 0.056164 0.973218
vt 0.056159 0.973205
vt 0.073566 0.976885
vt 0.073653 0.976885
vt 0.073653 0.976859
vt 0.073566 0.976859
vt 0.072715 0.973990
vt 0.072741 0.973990
vt 0.072767 0.973990
vt 0.072758 0.973996
vt 0.072741 0.973996
vt 0.072741 0.973995
vt 0.072757 0.973995
vt 0.072723 0.973990
vt 0.072723 0.973995
vt 0.072760 0.973990
vt 0.072760 0.973995
vt 0.072767 0.973995
vt 0.072715 0.973995
vt 0.072766 0.973996
vt 0.072724 0.973996
vt 0.072717 0.973996
vt 0.023894 0.973995
vt 0.023910 0.973995
vt 0.072764 0.973995
vt 0.072725 0.973995
vt 0.072718 0.973995
vt 0.106731 0.990787
vt 0.106731 0.991480
vt 0.106930 0.991480
vt 0.106495 0.991480
vt 0.106658 0.991480
vt 0.075735 0.976308
vt 0.075899 0.977914
vt 0.075735 0.977914
vt 0.076015 0.976308
vt 0.076187 0.977069
vt 0.076297 0.977914
vt 0.106774 0.989843
vt 0.106930 0.990787
vt 0.075899 0.977945
vt 0.075735 0.977945
vt 0.106653 0.990787
vt 0.106653 0.991480
vt 0.106495 0.989843
vt 0.106495 0.990787
vt 0.106653 0.991850
vt 0.106495 0.991850
vt 0.106985 0.990787
vt 0.106947 0.990604
vt 0.076297 0.977945
vt 0.107057 0.991480
vt 0.107104 0.991480
vt 0.107057 0.991448
vt 0.107115 0.991480
vt 0.107157 0.992529
vt 0.107148 0.992939
vt 0.106930 0.992939
vt 0.106930 0.992529
vt 0.107099 0.991541
vt 0.107109 0.991545
vt 0.106936 0.991480
vt 0.107099 0.991400
vt 0.106936 0.991400
vt 0.107109 0.991400
vt 0.107111 0.991541
vt 0.107122 0.991545
vt 0.107111 0.991400
vt 0.107122 0.991400
vt 0.106258 0.990787
vt 0.106059 0.991480
vt 0.106258 0.991480
vt 0.106331 0.991480
vt 0.075571 0.977914
vt 0.075455 0.976308
vt 0.075172 0.977914
vt 0.075283 0.977069
vt 0.106215 0.989843
vt 0.075571 0.977945
vt 0.106336 0.991480
vt 0.106336 0.990787
vt 0.106336 0.991850
vt 0.106042 0.990604
vt 0.106004 0.990787
vt 0.075172 0.977945
vt 0.105932 0.991480
vt 0.105885 0.991480
vt 0.105932 0.991448
vt 0.105874 0.991480
vt 0.106059 0.990787
vt 0.105832 0.992529
vt 0.105841 0.992939
vt 0.106059 0.992939
vt 0.106059 0.992529
vt 0.105890 0.991541
vt 0.106053 0.991480
vt 0.105880 0.991545
vt 0.105890 0.991400
vt 0.105880 0.991400
vt 0.106053 0.991400
vt 0.105867 0.991545
vt 0.105878 0.991541
vt 0.105867 0.991400
vt 0.105878 0.991400
vt 0.071569 0.974606
vt 0.071569 0.974613
vt 0.059959 0.991665
vt 0.059961 0.991688
vt 0.071594 0.974613
vt 0.071594 0.974606
vt 0.071577 0.974613
vt 0.071586 0.974613
vt 0.059949 0.991688
vt 0.059952 0.991691
vt 0.059959 0.991691
vt 0.059951 0.991665
vt 0.071607 0.974606
vt 0.071607 0.974613
vt 0.059998 0.991665
vt 0.059999 0.991688
vt 0.071633 0.974613
vt 0.071633 0.974606
vt 0.071616 0.974613
vt 0.071624 0.974613
vt 0.059988 0.991688
vt 0.059990 0.991691
vt 0.059997 0.991691
vt 0.059989 0.991665
vt 0.071522 0.974606
vt 0.071522 0.974613
vt 0.059913 0.991665
vt 0.059915 0.991688
vt 0.071548 0.974613
vt 0.071548 0.974606
vt 0.071531 0.974613
vt 0.071539 0.974613
vt 0.059903 0.991688
vt 0.059905 0.991691
vt 0.059912 0.991691
vt 0.059904 0.991665
vt 0.071558 0.974606
vt 0.071558 0.974613
vt 0.059949 0.991665
vt 0.059950 0.991688
vt 0.071584 0.974613
vt 0.071584 0.974606
vt 0.071567 0.974613
vt 0.071575 0.974613
vt 0.059939 0.991688
vt 0.059941 0.991691
vt 0.059948 0.991691
vt 0.059940 0.991665
vt 0.059985 0.991665
vt 0.059986 0.991688
vt 0.071620 0.974613
vt 0.071620 0.974606
vt 0.071603 0.974613
vt 0.071611 0.974613
vt 0.059975 0.991688
vt 0.059977 0.991691
vt 0.059984 0.991691
vt 0.059976 0.991665
vt 0.071630 0.974606
vt 0.071630 0.974613
vt 0.060020 0.991665
vt 0.060022 0.991688
vt 0.071655 0.974613
vt 0.071655 0.974606
vt 0.071638 0.974613
vt 0.071647 0.974613
vt 0.060010 0.991688
vt 0.060013 0.991691
vt 0.060020 0.991691
vt 0.060012 0.991665
vt 0.072910 0.976184
vt 0.072910 0.976191
vt 0.057038 0.992080
vt 0.057039 0.992104
vt 0.072936 0.976191
vt 0.072936 0.976184
vt 0.072919 0.976191
vt 0.072927 0.976191
vt 0.057028 0.992104
vt 0.057030 0.992106
vt 0.057037 0.992106
vt 0.057029 0.992080
vt 0.072946 0.976184
vt 0.072946 0.976191
vt 0.057074 0.992080
vt 0.057075 0.992104
vt 0.072972 0.976191
vt 0.072972 0.976184
vt 0.072955 0.976191
vt 0.072963 0.976191
vt 0.057064 0.992104
vt 0.057066 0.992106
vt 0.057073 0.992106
vt 0.057065 0.992080
vt 0.071233 0.974408
vt 0.071175 0.974408
vt 0.071233 0.974418
vt 0.071175 0.974418
vt 0.055698 0.980420
vt 0.055679 0.980420
vt 0.055671 0.980420
vt 0.055584 0.980420
vt 0.055565 0.980420
vt 0.055557 0.980420
vt 0.055608 0.980420
vt 0.055592 0.980420
vt 0.055585 0.980420
vt 0.055641 0.980420
vt 0.055622 0.980420
vt 0.055614 0.980420
vt 0.055667 0.980420
vt 0.055674 0.980420
vt 0.055657 0.980420
vt 0.055672 0.980420
vt 0.055691 0.980420
vt 0.055643 0.980420
vt 0.055583 0.980420
vt 0.055564 0.980420
vt 0.055556 0.980420
vt 0.055679 0.980413
vt 0.055690 0.980413
vt 0.055698 0.980413
vt 0.055565 0.980413
vt 0.055576 0.980413
vt 0.055584 0.980413
vt 0.055592 0.980413
vt 0.055601 0.980413
vt 0.055608 0.980413
vt 0.055622 0.980413
vt 0.055633 0.980413
vt 0.055641 0.980413
vt 0.055657 0.980413
vt 0.055667 0.980413
vt 0.055674 0.980413
vt 0.055691 0.980413
vt 0.055699 0.980413
vt 0.055672 0.980413
vt 0.055634 0.980413
vt 0.055643 0.980413
vt 0.055564 0.980413
vt 0.055575 0.980413
vt 0.055583 0.980413
vt 0.055575 0.980420
vt 0.055649 0.980420
vt 0.055649 0.980413
vt 0.055557 0.980413
vt 0.055699 0.980420
vt 0.055576 0.980420
vt 0.055556 0.980413
vt 0.055601 0.980420
vt 0.055633 0.980420
vt 0.055585 0.980413
vt 0.055634 0.980420
vt 0.055614 0.980413
vt 0.055690 0.980420
vt 0.055671 0.980413
vt 0.071733 0.973921
vt 0.071733 0.973956
vt 0.071845 0.973956
vt 0.071845 0.973921
vt 0.056411 0.974937
vt 0.056420 0.974937
vt 0.056399 0.974937
vt 0.056434 0.974937
vt 0.056446 0.974937
vt 0.056415 0.974937
vt 0.056427 0.974937
vt 0.056384 0.974937
vt 0.056395 0.974937
vt 0.056365 0.974937
vt 0.056358 0.974937
vt 0.056374 0.974937
vt 0.056376 0.974937
vt 0.056385 0.974937
vt 0.056364 0.974937
vt 0.056445 0.974937
vt 0.056399 0.974935
vt 0.056386 0.974935
vt 0.056367 0.974935
vt 0.056354 0.974935
vt 0.056441 0.974935
vt 0.056438 0.974942
vt 0.056454 0.974935
vt 0.056422 0.974935
vt 0.056409 0.974935
vt 0.056370 0.974942
vt 0.056383 0.974942
vt 0.056399 0.974932
vt 0.056411 0.974932
vt 0.056420 0.974932
vt 0.056446 0.974932
vt 0.056426 0.974932
vt 0.056434 0.974932
vt 0.056427 0.974932
vt 0.056407 0.974932
vt 0.056415 0.974932
vt 0.056395 0.974932
vt 0.056375 0.974932
vt 0.056384 0.974932
vt 0.056374 0.974932
vt 0.056358 0.974932
vt 0.056365 0.974932
vt 0.056376 0.974932
vt 0.056356 0.974932
vt 0.056364 0.974932
vt 0.056445 0.974932
vt 0.056386 0.974932
vt 0.056367 0.974932
vt 0.056354 0.974932
vt 0.056454 0.974932
vt 0.056441 0.974932
vt 0.056422 0.974932
vt 0.056409 0.974932
vt 0.056391 0.974937
vt 0.056391 0.974932
vt 0.056381 0.974932
vt 0.056381 0.974937
vt 0.056454 0.974937
vt 0.056426 0.974937
vt 0.056385 0.974932
vt 0.056435 0.974932
vt 0.056435 0.974937
vt 0.056356 0.974937
vt 0.056407 0.974937
vt 0.056453 0.974932
vt 0.056453 0.974937
vt 0.056404 0.974932
vt 0.056404 0.974937
vt 0.056375 0.974937
vt 0.056425 0.974942
vt 0.071599 0.973921
vt 0.071599 0.973956
vt 0.071722 0.973956
vt 0.071722 0.973921
vt 0.071858 0.973921
vt 0.071858 0.973956
vt 0.072028 0.973956
vt 0.072028 0.973921
vt 0.073006 0.976037
vt 0.073094 0.976037
vt 0.073094 0.976012
vt 0.073006 0.976012
vt 0.094237 0.976037
vt 0.094199 0.976037
vt 0.094194 0.976037
vt 0.094155 0.976037
vt 0.094235 0.976040
vt 0.094201 0.976040
vt 0.094192 0.976040
vt 0.094158 0.976040
vt 0.072912 0.976037
vt 0.073000 0.976037
vt 0.073000 0.976012
vt 0.072912 0.976012
vt 0.094331 0.976037
vt 0.094293 0.976037
vt 0.094288 0.976037
vt 0.094249 0.976037
vt 0.094329 0.976040
vt 0.094295 0.976040
vt 0.094286 0.976040
vt 0.094251 0.976040
vt 0.125736 0.990566
vt 0.125698 0.990566
vt 0.125692 0.990566
vt 0.125654 0.990566
vt 0.125734 0.990568
vt 0.125700 0.990568
vt 0.125690 0.990568
vt 0.125656 0.990568
vt 0.141423 0.990566
vt 0.141385 0.990566
vt 0.141379 0.990566
vt 0.141341 0.990566
vt 0.141421 0.990568
vt 0.141387 0.990568
vt 0.141378 0.990568
vt 0.141343 0.990568
vt 0.122634 0.979512
vt 0.122640 0.979512
vt 0.054968 0.994878
vt 0.054988 0.994876
vt 0.122640 0.979490
vt 0.122634 0.979490
vt 0.122640 0.979505
vt 0.122640 0.979498
vt 0.054988 0.994886
vt 0.054990 0.994884
vt 0.054990 0.994878
vt 0.054968 0.994885
vt 0.122634 0.979542
vt 0.122640 0.979542
vt 0.054968 0.994907
vt 0.054988 0.994906
vt 0.122640 0.979520
vt 0.122634 0.979520
vt 0.122640 0.979534
vt 0.122640 0.979527
vt 0.054988 0.994916
vt 0.054990 0.994914
vt 0.054990 0.994908
vt 0.054968 0.994914
vt 0.122634 0.979571
vt 0.122640 0.979571
vt 0.054968 0.994937
vt 0.054988 0.994936
vt 0.122640 0.979550
vt 0.122634 0.979550
vt 0.122640 0.979564
vt 0.122640 0.979557
vt 0.054988 0.994945
vt 0.054990 0.994944
vt 0.054990 0.994938
vt 0.054968 0.994944
vt 0.122634 0.979601
vt 0.122640 0.979601
vt 0.054968 0.994967
vt 0.054988 0.994966
vt 0.122640 0.979580
vt 0.122634 0.979580
vt 0.122640 0.979594
vt 0.122640 0.979587
vt 0.054988 0.994975
vt 0.054990 0.994973
vt 0.054990 0.994968
vt 0.054968 0.994974
vt 0.122634 0.979631
vt 0.122640 0.979631
vt 0.054968 0.994997
vt 0.054988 0.994996
vt 0.122640 0.979610
vt 0.122634 0.979610
vt 0.122640 0.979624
vt 0.122640 0.979617
vt 0.054988 0.995005
vt 0.054990 0.995003
vt 0.054990 0.994997
vt 0.054968 0.995004
vt 0.154087 0.993136
vt 0.154103 0.993136
vt 0.154103 0.993115
vt 0.154087 0.993115
vt 0.154087 0.993168
vt 0.154103 0.993168
vt 0.154103 0.993147
vt 0.154087 0.993147
vt 0.055509 0.990741
vt 0.055523 0.990741
vt 0.158224 0.972521
vt 0.158231 0.972521
vt 0.055523 0.990707
vt 0.055509 0.990707
vt 0.055523 0.990736
vt 0.055523 0.990712
vt 0.158231 0.972497
vt 0.158224 0.972497
vt 0.055509 0.990759
vt 0.055523 0.990759
vt 0.158224 0.972539
vt 0.158231 0.972539
vt 0.055523 0.990725
vt 0.055509 0.990725
vt 0.055523 0.990754
vt 0.055523 0.990730
vt 0.158231 0.972516
vt 0.158224 0.972516
vt 0.056539 0.992668
vt 0.056539 0.992676
vt 0.056529 0.992676
vt 0.056529 0.992668
vt 0.056522 0.992676
vt 0.056522 0.992668
vt 0.056537 0.992668
vt 0.056525 0.992668
vt 0.056525 0.992676
vt 0.056537 0.992676
vt 0.056516 0.992668
vt 0.056516 0.992676
vt 0.056539 0.992721
vt 0.056539 0.992729
vt 0.056529 0.992729
vt 0.056529 0.992721
vt 0.056522 0.992729
vt 0.056522 0.992721
vt 0.056537 0.992721
vt 0.056525 0.992721
vt 0.056525 0.992729
vt 0.056537 0.992729
vt 0.056516 0.992721
vt 0.056516 0.992729
vt 0.056539 0.992774
vt 0.056539 0.992782
vt 0.056529 0.992782
vt 0.056529 0.992774
vt 0.056522 0.992782
vt 0.056522 0.992774
vt 0.056537 0.992774
vt 0.056525 0.992774
vt 0.056525 0.992782
vt 0.056537 0.992782
vt 0.056516 0.992774
vt 0.056516 0.992782
vt 0.072347 0.974650
vt 0.072337 0.974650
vt 0.061839 0.990299
vt 0.061807 0.990301
vt 0.072337 0.974686
vt 0.072347 0.974686
vt 0.072337 0.974662
vt 0.072337 0.974674
vt 0.061807 0.990285
vt 0.061804 0.990288
vt 0.061804 0.990298
vt 0.061839 0.990287
vt 0.072347 0.974703
vt 0.072337 0.974703
vt 0.061839 0.990351
vt 0.061807 0.990354
vt 0.072337 0.974738
vt 0.072347 0.974738
vt 0.072337 0.974715
vt 0.072337 0.974726
vt 0.061807 0.990338
vt 0.061804 0.990341
vt 0.061804 0.990350
vt 0.061839 0.990340
vt 0.059061 0.996621
vt 0.059071 0.996621
vt 0.059071 0.996629
vt 0.059061 0.996629
vt 0.059078 0.996621
vt 0.059078 0.996629
vt 0.059063 0.996621
vt 0.059063 0.996629
vt 0.059075 0.996629
vt 0.059075 0.996621
vt 0.059083 0.996629
vt 0.059083 0.996621
vt 0.077595 0.976027
vt 0.077605 0.976027
vt 0.061247 0.987770
vt 0.061279 0.987772
vt 0.077605 0.976063
vt 0.077595 0.976063
vt 0.077605 0.976039
vt 0.077605 0.976051
vt 0.061283 0.987769
vt 0.061283 0.987759
vt 0.061279 0.987756
vt 0.061247 0.987758
vt 0.077595 0.976080
vt 0.077605 0.976080
vt 0.061247 0.987822
vt 0.061279 0.987824
vt 0.077605 0.976115
vt 0.077595 0.976115
vt 0.077605 0.976092
vt 0.077605 0.976103
vt 0.061283 0.987821
vt 0.061283 0.987812
vt 0.061279 0.987808
vt 0.061247 0.987810
vt 0.059061 0.996888
vt 0.059071 0.996888
vt 0.059071 0.996896
vt 0.059061 0.996896
vt 0.059078 0.996888
vt 0.059078 0.996896
vt 0.059063 0.996888
vt 0.059063 0.996896
vt 0.059075 0.996896
vt 0.059075 0.996888
vt 0.059083 0.996896
vt 0.059083 0.996888
vt 0.059061 0.996940
vt 0.059071 0.996940
vt 0.059071 0.996948
vt 0.059061 0.996948
vt 0.059078 0.996940
vt 0.059078 0.996948
vt 0.059063 0.996940
vt 0.059063 0.996948
vt 0.059075 0.996948
vt 0.059075 0.996940
vt 0.059083 0.996948
vt 0.059083 0.996940
vt 0.072347 0.974539
vt 0.072337 0.974539
vt 0.061839 0.990187
vt 0.061807 0.990189
vt 0.072337 0.974574
vt 0.072347 0.974574
vt 0.072337 0.974550
vt 0.072337 0.974562
vt 0.061807 0.990173
vt 0.061804 0.990176
vt 0.061804 0.990186
vt 0.061839 0.990175
vt 0.072347 0.974591
vt 0.072337 0.974591
vt 0.061839 0.990240
vt 0.061807 0.990242
vt 0.072337 0.974626
vt 0.072347 0.974626
vt 0.072337 0.974603
vt 0.072337 0.974615
vt 0.061807 0.990226
vt 0.061804 0.990229
vt 0.061804 0.990239
vt 0.061839 0.990228
vt 0.072347 0.974644
vt 0.072337 0.974644
vt 0.061839 0.990292
vt 0.061807 0.990294
vt 0.072337 0.974679
vt 0.072347 0.974679
vt 0.072337 0.974656
vt 0.072337 0.974667
vt 0.061807 0.990278
vt 0.061804 0.990282
vt 0.061804 0.990291
vt 0.061839 0.990281
vt 0.072347 0.974696
vt 0.072337 0.974696
vt 0.061839 0.990345
vt 0.061807 0.990347
vt 0.072337 0.974732
vt 0.072347 0.974732
vt 0.072337 0.974708
vt 0.072337 0.974720
vt 0.061807 0.990331
vt 0.061804 0.990334
vt 0.061804 0.990344
vt 0.061839 0.990333
vt 0.056539 0.992608
vt 0.056539 0.992616
vt 0.056529 0.992616
vt 0.056529 0.992608
vt 0.056522 0.992616
vt 0.056522 0.992608
vt 0.056537 0.992608
vt 0.056525 0.992608
vt 0.056525 0.992616
vt 0.056537 0.992616
vt 0.056516 0.992608
vt 0.056516 0.992616
vt 0.056539 0.992556
vt 0.056539 0.992564
vt 0.056529 0.992564
vt 0.056529 0.992556
vt 0.056522 0.992564
vt 0.056522 0.992556
vt 0.056537 0.992556
vt 0.056525 0.992556
vt 0.056525 0.992564
vt 0.056537 0.992564
vt 0.056516 0.992556
vt 0.056516 0.992564
vt 0.056539 0.992662
vt 0.056539 0.992670
vt 0.056529 0.992670
vt 0.056529 0.992662
vt 0.056522 0.992670
vt 0.056522 0.992662
vt 0.056537 0.992662
vt 0.056525 0.992662
vt 0.056525 0.992670
vt 0.056537 0.992670
vt 0.056516 0.992662
vt 0.056516 0.992670
vt 0.056539 0.992714
vt 0.056539 0.992722
vt 0.056529 0.992722
vt 0.056529 0.992714
vt 0.056522 0.992722
vt 0.056522 0.992714
vt 0.056537 0.992714
vt 0.056525 0.992714
vt 0.056525 0.992722
vt 0.056537 0.992722
vt 0.056516 0.992714
vt 0.056516 0.992722
vt 0.056539 0.992767
vt 0.056539 0.992775
vt 0.056529 0.992775
vt 0.056529 0.992767
vt 0.056522 0.992775
vt 0.056522 0.992767
vt 0.056537 0.992767
vt 0.056525 0.992767
vt 0.056525 0.992775
vt 0.056537 0.992775
vt 0.056516 0.992767
vt 0.056516 0.992775
vt 0.077595 0.975815
vt 0.077605 0.975815
vt 0.061247 0.987557
vt 0.061279 0.987559
vt 0.077605 0.975850
vt 0.077595 0.975850
vt 0.077605 0.975827
vt 0.077605 0.975838
vt 0.061283 0.987556
vt 0.061283 0.987546
vt 0.061279 0.987543
vt 0.061247 0.987545
vt 0.077595 0.975868
vt 0.077605 0.975868
vt 0.061247 0.987610
vt 0.061279 0.987612
vt 0.077605 0.975903
vt 0.077595 0.975903
vt 0.077605 0.975879
vt 0.077605 0.975891
vt 0.061283 0.987609
vt 0.061283 0.987599
vt 0.061279 0.987596
vt 0.061247 0.987598
vt 0.059061 0.996674
vt 0.059071 0.996674
vt 0.059071 0.996682
vt 0.059061 0.996682
vt 0.059078 0.996674
vt 0.059078 0.996682
vt 0.059063 0.996674
vt 0.059063 0.996682
vt 0.059075 0.996682
vt 0.059075 0.996674
vt 0.059083 0.996682
vt 0.059083 0.996674
vt 0.059061 0.996622
vt 0.059071 0.996622
vt 0.059071 0.996630
vt 0.059061 0.996630
vt 0.059078 0.996622
vt 0.059078 0.996630
vt 0.059063 0.996622
vt 0.059063 0.996630
vt 0.059075 0.996630
vt 0.059075 0.996622
vt 0.059083 0.996630
vt 0.059083 0.996622
vt 0.059061 0.996728
vt 0.059071 0.996728
vt 0.059071 0.996736
vt 0.059061 0.996736
vt 0.059078 0.996728
vt 0.059078 0.996736
vt 0.059063 0.996728
vt 0.059063 0.996736
vt 0.059075 0.996736
vt 0.059075 0.996728
vt 0.059083 0.996736
vt 0.059083 0.996728
vt 0.077595 0.975920
vt 0.077605 0.975920
vt 0.061247 0.987662
vt 0.061279 0.987664
vt 0.077605 0.975955
vt 0.077595 0.975955
vt 0.077605 0.975932
vt 0.077605 0.975944
vt 0.061283 0.987661
vt 0.061283 0.987652
vt 0.061279 0.987649
vt 0.061247 0.987651
vt 0.077595 0.975973
vt 0.077605 0.975973
vt 0.061247 0.987715
vt 0.061279 0.987717
vt 0.077605 0.976008
vt 0.077595 0.976008
vt 0.077605 0.975985
vt 0.077605 0.975996
vt 0.061283 0.987714
vt 0.061283 0.987704
vt 0.061279 0.987701
vt 0.061247 0.987703
vt 0.059061 0.996780
vt 0.059071 0.996780
vt 0.059071 0.996788
vt 0.059061 0.996788
vt 0.059078 0.996780
vt 0.059078 0.996788
vt 0.059063 0.996780
vt 0.059063 0.996788
vt 0.059075 0.996788
vt 0.059075 0.996780
vt 0.059083 0.996788
vt 0.059083 0.996780
vt 0.059061 0.996833
vt 0.059071 0.996833
vt 0.059071 0.996841
vt 0.059061 0.996841
vt 0.059078 0.996833
vt 0.059078 0.996841
vt 0.059063 0.996833
vt 0.059063 0.996841
vt 0.059075 0.996841
vt 0.059075 0.996833
vt 0.059083 0.996841
vt 0.059083 0.996833
vt 0.056539 0.992503
vt 0.056539 0.992511
vt 0.056529 0.992511
vt 0.056529 0.992503
vt 0.056522 0.992511
vt 0.056522 0.992503
vt 0.056537 0.992503
vt 0.056525 0.992503
vt 0.056525 0.992511
vt 0.056537 0.992511
vt 0.056516 0.992503
vt 0.056516 0.992511
vt 0.072347 0.974486
vt 0.072337 0.974486
vt 0.061839 0.990134
vt 0.061807 0.990136
vt 0.072337 0.974521
vt 0.072347 0.974521
vt 0.072337 0.974497
vt 0.072337 0.974509
vt 0.061807 0.990120
vt 0.061804 0.990123
vt 0.061804 0.990133
vt 0.061839 0.990122
vt 0.072347 0.974538
vt 0.072337 0.974538
vt 0.072337 0.974573
vt 0.072347 0.974573
vt 0.061839 0.990239
vt 0.061807 0.990241
vt 0.072337 0.974614
vt 0.061804 0.990238
vt 0.072347 0.974643
vt 0.072337 0.974643
vt 0.072337 0.974655
vt 0.061804 0.990281
vt 0.061839 0.990280
vt 0.059061 0.996675
vt 0.059071 0.996675
vt 0.059071 0.996683
vt 0.059061 0.996683
vt 0.059078 0.996675
vt 0.059078 0.996683
vt 0.059063 0.996675
vt 0.059063 0.996683
vt 0.059075 0.996683
vt 0.059075 0.996675
vt 0.059083 0.996683
vt 0.059083 0.996675
vt 0.059071 0.996735
vt 0.059061 0.996735
vt 0.059078 0.996735
vt 0.059063 0.996735
vt 0.059075 0.996735
vt 0.059083 0.996735
vt 0.077595 0.975814
vt 0.077605 0.975814
vt 0.077605 0.975826
vt 0.077595 0.975867
vt 0.077605 0.975867
vt 0.061247 0.987609
vt 0.061279 0.987611
vt 0.077605 0.975902
vt 0.077595 0.975902
vt 0.077605 0.975890
vt 0.061283 0.987608
vt 0.061279 0.987595
vt 0.059061 0.996781
vt 0.059071 0.996781
vt 0.059071 0.996789
vt 0.059061 0.996789
vt 0.059078 0.996781
vt 0.059078 0.996789
vt 0.059063 0.996781
vt 0.059063 0.996789
vt 0.059075 0.996789
vt 0.059075 0.996781
vt 0.059083 0.996789
vt 0.059083 0.996781
vt 0.076828 0.975791
vt 0.076828 0.975797
vt 0.076821 0.975797
vt 0.076821 0.975791
vt 0.076864 0.975778
vt 0.076864 0.975783
vt 0.076871 0.975786
vt 0.076871 0.975782
vt 0.076828 0.975811
vt 0.076828 0.975807
vt 0.076864 0.975811
vt 0.076864 0.975817
vt 0.076864 0.975797
vt 0.076828 0.975784
vt 0.076828 0.975788
vt 0.076871 0.975797
vt 0.076871 0.975813
vt 0.076871 0.975808
vt 0.076828 0.975789
vt 0.076828 0.975803
vt 0.076828 0.975806
vt 0.076821 0.975806
vt 0.076821 0.975789
vt 0.076821 0.975803
vt 0.076823 0.975565
vt 0.076823 0.975594
vt 0.076832 0.975545
vt 0.076832 0.975536
vt 0.076852 0.975547
vt 0.076852 0.975553
vt 0.076823 0.975586
vt 0.076832 0.975586
vt 0.076832 0.975565
vt 0.076823 0.975536
vt 0.076823 0.975545
vt 0.076832 0.975594
vt 0.076852 0.975565
vt 0.076852 0.975578
vt 0.076856 0.975571
vt 0.076856 0.975565
vt 0.076852 0.975583
vt 0.076856 0.975557
vt 0.076856 0.975559
vt 0.076856 0.975573
vt 0.076823 0.975710
vt 0.076823 0.975681
vt 0.076823 0.975652
vt 0.076832 0.975661
vt 0.076832 0.975652
vt 0.076852 0.975664
vt 0.076852 0.975669
vt 0.076823 0.975702
vt 0.076832 0.975702
vt 0.076832 0.975681
vt 0.076823 0.975661
vt 0.076832 0.975710
vt 0.076852 0.975681
vt 0.076852 0.975694
vt 0.076856 0.975687
vt 0.076856 0.975681
vt 0.076852 0.975699
vt 0.076856 0.975673
vt 0.076856 0.975689
vt 0.076856 0.975676
vt 0.076809 0.978368
vt 0.076814 0.978246
vt 0.076834 0.978368
vt 0.076834 0.978246
vt 0.071001 0.979498
vt 0.071007 0.979236
vt 0.071026 0.979498
vt 0.071026 0.979236
vt 0.143275 0.993422
vt 0.143287 0.993422
vt 0.143287 0.993489
vt 0.143275 0.993489
vt 0.143328 0.993489
vt 0.143317 0.993489
vt 0.143328 0.993422
vt 0.143317 0.993422
vt 0.074102 0.975905
vt 0.074107 0.975676
vt 0.074127 0.975905
vt 0.074127 0.975676
vt 0.125670 0.976472
vt 0.125670 0.976486
vt 0.125670 0.976466
vt 0.125675 0.976472
vt 0.125675 0.976466
vt 0.125675 0.976486
vt 0.125670 0.976500
vt 0.125670 0.976506
vt 0.125675 0.976500
vt 0.125675 0.976506
vt 0.125683 0.976497
vt 0.125683 0.976489
vt 0.125683 0.976483
vt 0.125683 0.976475
vt 0.125670 0.976623
vt 0.125670 0.976644
vt 0.125670 0.976615
vt 0.125675 0.976623
vt 0.125675 0.976615
vt 0.125675 0.976644
vt 0.125670 0.976665
vt 0.125670 0.976673
vt 0.125675 0.976665
vt 0.125675 0.976673
vt 0.125688 0.976660
vt 0.125688 0.976649
vt 0.125688 0.976640
vt 0.125688 0.976628
vt 0.109263 0.991444
vt 0.109271 0.991058
vt 0.109290 0.991444
vt 0.109290 0.991058
vt 0.108110 0.993236
vt 0.108116 0.992908
vt 0.108135 0.993236
vt 0.108135 0.992908
vt 0.159853 0.991974
vt 0.159853 0.991957
vt 0.059876 0.990025
vt 0.059876 0.990031
vt 0.059877 0.990037
vt 0.059877 0.990029
vt 0.159870 0.991974
vt 0.159870 0.991957
vt 0.159858 0.991963
vt 0.159858 0.991969
vt 0.159864 0.991969
vt 0.159864 0.991963
vt 0.059870 0.990037
vt 0.059871 0.990036
vt 0.059876 0.990036
vt 0.059871 0.990031
vt 0.059871 0.990025
vt 0.059870 0.990029
vt 0.159877 0.991974
vt 0.159877 0.991957
vt 0.059901 0.990025
vt 0.059901 0.990031
vt 0.059902 0.990037
vt 0.059902 0.990029
vt 0.159894 0.991974
vt 0.159894 0.991957
vt 0.159883 0.991963
vt 0.159883 0.991969
vt 0.159888 0.991969
vt 0.159888 0.991963
vt 0.059894 0.990037
vt 0.059895 0.990036
vt 0.059900 0.990036
vt 0.059895 0.990031
vt 0.059895 0.990025
vt 0.059894 0.990029
vt 0.059900 0.990031
vt 0.159853 0.992007
vt 0.159853 0.991990
vt 0.059876 0.990058
vt 0.059876 0.990064
vt 0.059877 0.990070
vt 0.059877 0.990062
vt 0.159870 0.992007
vt 0.159870 0.991990
vt 0.159858 0.991996
vt 0.159858 0.992002
vt 0.159864 0.992002
vt 0.159864 0.991996
vt 0.059870 0.990070
vt 0.059871 0.990069
vt 0.059876 0.990069
vt 0.059871 0.990064
vt 0.059871 0.990058
vt 0.059870 0.990062
vt 0.159877 0.992007
vt 0.159877 0.991990
vt 0.059901 0.990058
vt 0.059901 0.990064
vt 0.059902 0.990070
vt 0.059902 0.990062
vt 0.159894 0.992007
vt 0.159894 0.991990
vt 0.159883 0.991996
vt 0.159883 0.992002
vt 0.159888 0.992002
vt 0.159888 0.991996
vt 0.059894 0.990070
vt 0.059895 0.990069
vt 0.059900 0.990069
vt 0.059895 0.990064
vt 0.059895 0.990058
vt 0.059894 0.990062
vt 0.059900 0.990064
vt 0.159853 0.992041
vt 0.159853 0.992024
vt 0.059876 0.990091
vt 0.059876 0.990097
vt 0.059877 0.990103
vt 0.059877 0.990095
vt 0.159870 0.992041
vt 0.159870 0.992024
vt 0.159858 0.992029
vt 0.159858 0.992035
vt 0.159864 0.992035
vt 0.159864 0.992029
vt 0.059870 0.990103
vt 0.059871 0.990102
vt 0.059876 0.990102
vt 0.059871 0.990097
vt 0.059871 0.990091
vt 0.059870 0.990095
vt 0.059871 0.990098
vt 0.059876 0.990098
vt 0.159877 0.992041
vt 0.159877 0.992024
vt 0.059901 0.990091
vt 0.059901 0.990097
vt 0.059902 0.990103
vt 0.059902 0.990095
vt 0.159894 0.992041
vt 0.159894 0.992024
vt 0.159883 0.992029
vt 0.159883 0.992035
vt 0.159888 0.992035
vt 0.159888 0.992029
vt 0.059894 0.990103
vt 0.059895 0.990102
vt 0.059900 0.990102
vt 0.059895 0.990097
vt 0.059895 0.990091
vt 0.059894 0.990095
vt 0.059895 0.990098
vt 0.059900 0.990098
vt 0.073561 0.972872
vt 0.073417 0.972872
vt 0.073417 0.973043
vt 0.073561 0.973043
vt 0.090102 0.993888
vt 0.090110 0.993892
vt 0.090108 0.993894
vt 0.090102 0.993892
vt 0.090102 0.993909
vt 0.090096 0.993907
vt 0.090093 0.993910
vt 0.090102 0.993913
vt 0.090110 0.993901
vt 0.090108 0.993907
vt 0.090110 0.993910
vt 0.090114 0.993901
vt 0.090108 0.993895
vt 0.090093 0.993901
vt 0.090096 0.993895
vt 0.090093 0.993892
vt 0.090089 0.993901
vt 0.090111 0.993901
vt 0.090102 0.993910
vt 0.090095 0.993894
vt 0.090095 0.993907
vt 0.090106 0.993901
vt 0.090105 0.993897
vt 0.090097 0.993901
vt 0.090098 0.993897
vt 0.090102 0.993896
vt 0.090105 0.993904
vt 0.090102 0.993905
vt 0.090098 0.993904
vt 0.090144 0.993888
vt 0.090153 0.993892
vt 0.090151 0.993894
vt 0.090144 0.993892
vt 0.090144 0.993909
vt 0.090138 0.993907
vt 0.090135 0.993910
vt 0.090144 0.993913
vt 0.090153 0.993901
vt 0.090150 0.993907
vt 0.090153 0.993910
vt 0.090157 0.993901
vt 0.090150 0.993895
vt 0.090136 0.993901
vt 0.090138 0.993895
vt 0.090135 0.993892
vt 0.090132 0.993901
vt 0.090144 0.993910
vt 0.090138 0.993894
vt 0.090135 0.993901
vt 0.090151 0.993907
vt 0.090149 0.993901
vt 0.090147 0.993897
vt 0.090140 0.993901
vt 0.090141 0.993897
vt 0.090144 0.993896
vt 0.090147 0.993904
vt 0.090144 0.993905
vt 0.090141 0.993904
vt 0.056834 0.972956
vt 0.056842 0.972959
vt 0.056840 0.972961
vt 0.056834 0.972959
vt 0.056834 0.972974
vt 0.056829 0.972971
vt 0.056827 0.972974
vt 0.056834 0.972977
vt 0.056841 0.972966
vt 0.056839 0.972971
vt 0.056842 0.972974
vt 0.056845 0.972966
vt 0.056839 0.972961
vt 0.056827 0.972966
vt 0.056829 0.972961
vt 0.056827 0.972959
vt 0.056824 0.972966
vt 0.056842 0.972966
vt 0.056829 0.972972
vt 0.056840 0.972972
vt 0.056838 0.972966
vt 0.056837 0.972964
vt 0.056831 0.972966
vt 0.056832 0.972964
vt 0.056834 0.972963
vt 0.056837 0.972969
vt 0.056834 0.972970
vt 0.056832 0.972969
vt 0.056785 0.972871
vt 0.056792 0.972874
vt 0.056790 0.972876
vt 0.056785 0.972874
vt 0.056785 0.972889
vt 0.056780 0.972887
vt 0.056777 0.972889
vt 0.056785 0.972892
vt 0.056792 0.972882
vt 0.056790 0.972887
vt 0.056792 0.972889
vt 0.056795 0.972882
vt 0.056785 0.972875
vt 0.056790 0.972877
vt 0.056778 0.972882
vt 0.056780 0.972877
vt 0.056777 0.972874
vt 0.056774 0.972882
vt 0.056777 0.972882
vt 0.056779 0.972876
vt 0.056779 0.972887
vt 0.056789 0.972882
vt 0.056787 0.972879
vt 0.056781 0.972882
vt 0.056782 0.972879
vt 0.056785 0.972878
vt 0.056787 0.972884
vt 0.056785 0.972885
vt 0.056782 0.972884
vt 0.056834 0.972871
vt 0.056842 0.972874
vt 0.056840 0.972876
vt 0.056834 0.972874
vt 0.056834 0.972889
vt 0.056829 0.972887
vt 0.056827 0.972889
vt 0.056834 0.972892
vt 0.056841 0.972882
vt 0.056839 0.972887
vt 0.056842 0.972889
vt 0.056845 0.972882
vt 0.056834 0.972875
vt 0.056839 0.972877
vt 0.056827 0.972882
vt 0.056829 0.972877
vt 0.056827 0.972874
vt 0.056824 0.972882
vt 0.056842 0.972882
vt 0.056829 0.972876
vt 0.056840 0.972887
vt 0.056838 0.972882
vt 0.056837 0.972879
vt 0.056831 0.972882
vt 0.056832 0.972879
vt 0.056834 0.972878
vt 0.056837 0.972884
vt 0.056834 0.972885
vt 0.056832 0.972884
vt 0.056785 0.972956
vt 0.056792 0.972959
vt 0.056790 0.972961
vt 0.056785 0.972959
vt 0.056785 0.972974
vt 0.056780 0.972971
vt 0.056777 0.972974
vt 0.056785 0.972977
vt 0.056792 0.972966
vt 0.056790 0.972971
vt 0.056792 0.972974
vt 0.056795 0.972966
vt 0.056778 0.972966
vt 0.056780 0.972961
vt 0.056777 0.972959
vt 0.056774 0.972966
vt 0.056777 0.972966
vt 0.056779 0.972961
vt 0.056779 0.972972
vt 0.056790 0.972972
vt 0.056789 0.972966
vt 0.056787 0.972964
vt 0.056781 0.972966
vt 0.056782 0.972964
vt 0.056785 0.972963
vt 0.056787 0.972969
vt 0.056785 0.972970
vt 0.056782 0.972969
vt 0.056785 0.973041
vt 0.056792 0.973044
vt 0.056790 0.973046
vt 0.056785 0.973044
vt 0.056785 0.973058
vt 0.056780 0.973056
vt 0.056777 0.973059
vt 0.056785 0.973062
vt 0.056792 0.973051
vt 0.056790 0.973056
vt 0.056792 0.973059
vt 0.056795 0.973051
vt 0.056778 0.973051
vt 0.056780 0.973046
vt 0.056777 0.973044
vt 0.056774 0.973051
vt 0.056785 0.973059
vt 0.056777 0.973051
vt 0.056779 0.973046
vt 0.056779 0.973057
vt 0.056790 0.973057
vt 0.056789 0.973051
vt 0.056787 0.973049
vt 0.056781 0.973051
vt 0.056782 0.973049
vt 0.056785 0.973047
vt 0.056787 0.973054
vt 0.056785 0.973055
vt 0.056782 0.973054
vt 0.056834 0.973041
vt 0.056842 0.973044
vt 0.056840 0.973046
vt 0.056834 0.973044
vt 0.056834 0.973058
vt 0.056829 0.973056
vt 0.056827 0.973059
vt 0.056834 0.973062
vt 0.056841 0.973051
vt 0.056839 0.973056
vt 0.056842 0.973059
vt 0.056845 0.973051
vt 0.056839 0.973046
vt 0.056827 0.973051
vt 0.056829 0.973046
vt 0.056827 0.973044
vt 0.056824 0.973051
vt 0.056842 0.973051
vt 0.056834 0.973059
vt 0.056829 0.973057
vt 0.056840 0.973057
vt 0.056838 0.973051
vt 0.056837 0.973049
vt 0.056831 0.973051
vt 0.056832 0.973049
vt 0.056834 0.973047
vt 0.056837 0.973054
vt 0.056834 0.973055
vt 0.056832 0.973054
vt 0.056834 0.973009
vt 0.056842 0.973012
vt 0.056840 0.973014
vt 0.056834 0.973012
vt 0.056834 0.973027
vt 0.056829 0.973025
vt 0.056827 0.973027
vt 0.056834 0.973030
vt 0.056841 0.973020
vt 0.056839 0.973025
vt 0.056842 0.973027
vt 0.056845 0.973020
vt 0.056834 0.973013
vt 0.056839 0.973015
vt 0.056827 0.973020
vt 0.056829 0.973015
vt 0.056827 0.973012
vt 0.056824 0.973020
vt 0.056842 0.973020
vt 0.056829 0.973014
vt 0.056840 0.973025
vt 0.056838 0.973020
vt 0.056837 0.973017
vt 0.056831 0.973020
vt 0.056832 0.973017
vt 0.056834 0.973016
vt 0.056837 0.973022
vt 0.056834 0.973024
vt 0.056832 0.973022
vt 0.072735 0.975406
vt 0.072590 0.975406
vt 0.072590 0.975647
vt 0.072735 0.975647
vt 0.072734 0.975061
vt 0.072665 0.975061
vt 0.072665 0.975382
vt 0.072734 0.975382
vt 0.072658 0.975061
vt 0.072590 0.975061
vt 0.072590 0.975382
vt 0.072658 0.975382
vt 0.154917 0.992441
vt 0.154931 0.992441
vt 0.154931 0.992427
vt 0.154917 0.992427
vt 0.154900 0.992441
vt 0.154913 0.992441
vt 0.154913 0.992427
vt 0.154900 0.992427
vt 0.154882 0.992441
vt 0.154896 0.992441
vt 0.154896 0.992427
vt 0.154882 0.992427
vt 0.154917 0.992470
vt 0.154931 0.992470
vt 0.154931 0.992456
vt 0.154917 0.992456
vt 0.154900 0.992470
vt 0.154913 0.992470
vt 0.154913 0.992456
vt 0.154900 0.992456
vt 0.154882 0.992470
vt 0.154896 0.992470
vt 0.154896 0.992456
vt 0.154882 0.992456
vt 0.154917 0.992500
vt 0.154931 0.992500
vt 0.154931 0.992486
vt 0.154917 0.992486
vt 0.154900 0.992500
vt 0.154913 0.992500
vt 0.154913 0.992486
vt 0.154900 0.992486
vt 0.154882 0.992500
vt 0.154896 0.992500
vt 0.154896 0.992486
vt 0.154882 0.992486
vt 0.154917 0.992529
vt 0.154931 0.992529
vt 0.154931 0.992515
vt 0.154917 0.992515
vt 0.154900 0.992529
vt 0.154913 0.992529
vt 0.154913 0.992515
vt 0.154900 0.992515
vt 0.154882 0.992529
vt 0.154896 0.992529
vt 0.154896 0.992515
vt 0.154882 0.992515
vt 0.157308 0.991887
vt 0.157317 0.991887
vt 0.157317 0.991873
vt 0.157308 0.991873
vt 0.157297 0.991887
vt 0.157306 0.991887
vt 0.157306 0.991873
vt 0.157297 0.991873
vt 0.157286 0.991887
vt 0.157295 0.991887
vt 0.157295 0.991873
vt 0.157286 0.991873
vt 0.157308 0.991906
vt 0.157317 0.991906
vt 0.157317 0.991892
vt 0.157308 0.991892
vt 0.157297 0.991906
vt 0.157306 0.991906
vt 0.157306 0.991892
vt 0.157297 0.991892
vt 0.157286 0.991906
vt 0.157295 0.991906
vt 0.157295 0.991892
vt 0.157286 0.991892
vt 0.157308 0.991926
vt 0.157317 0.991926
vt 0.157317 0.991912
vt 0.157308 0.991912
vt 0.157297 0.991926
vt 0.157306 0.991926
vt 0.157306 0.991912
vt 0.157297 0.991912
vt 0.157286 0.991926
vt 0.157295 0.991926
vt 0.157295 0.991912
vt 0.157286 0.991912
vt 0.157308 0.991946
vt 0.157317 0.991946
vt 0.157317 0.991932
vt 0.157308 0.991932
vt 0.157297 0.991946
vt 0.157306 0.991946
vt 0.157306 0.991932
vt 0.157297 0.991932
vt 0.157286 0.991946
vt 0.157295 0.991946
vt 0.157295 0.991932
vt 0.157286 0.991932
vt 0.157308 0.991965
vt 0.157317 0.991965
vt 0.157317 0.991951
vt 0.157308 0.991951
vt 0.157297 0.991965
vt 0.157306 0.991965
vt 0.157306 0.991951
vt 0.157297 0.991951
vt 0.157286 0.991965
vt 0.157295 0.991965
vt 0.157295 0.991951
vt 0.157286 0.991951
vt 0.157308 0.991985
vt 0.157317 0.991985
vt 0.157317 0.991971
vt 0.157308 0.991971
vt 0.157297 0.991985
vt 0.157306 0.991985
vt 0.157306 0.991971
vt 0.157297 0.991971
vt 0.157286 0.991985
vt 0.157295 0.991985
vt 0.157295 0.991971
vt 0.157286 0.991971
vt 0.157308 0.992004
vt 0.157317 0.992004
vt 0.157317 0.991990
vt 0.157308 0.991990
vt 0.157297 0.992004
vt 0.157306 0.992004
vt 0.157306 0.991990
vt 0.157297 0.991990
vt 0.157286 0.992004
vt 0.157295 0.992004
vt 0.157295 0.991990
vt 0.157286 0.991990
vt 0.155973 0.992683
vt 0.155980 0.992686
vt 0.155978 0.992688
vt 0.155973 0.992685
vt 0.155973 0.992700
vt 0.155968 0.992698
vt 0.155965 0.992700
vt 0.155973 0.992703
vt 0.155980 0.992693
vt 0.155978 0.992698
vt 0.155980 0.992700
vt 0.155983 0.992693
vt 0.155973 0.992686
vt 0.155965 0.992693
vt 0.155968 0.992688
vt 0.155965 0.992686
vt 0.155962 0.992693
vt 0.155967 0.992688
vt 0.155967 0.992698
vt 0.155976 0.992693
vt 0.155975 0.992690
vt 0.155969 0.992693
vt 0.155970 0.992690
vt 0.155973 0.992689
vt 0.155975 0.992696
vt 0.155973 0.992697
vt 0.155970 0.992696
vt 0.155999 0.992683
vt 0.156007 0.992686
vt 0.156005 0.992688
vt 0.155999 0.992685
vt 0.155999 0.992700
vt 0.155994 0.992698
vt 0.155992 0.992700
vt 0.155999 0.992703
vt 0.156007 0.992693
vt 0.156004 0.992698
vt 0.156007 0.992700
vt 0.156010 0.992693
vt 0.155999 0.992686
vt 0.156004 0.992688
vt 0.155992 0.992693
vt 0.155994 0.992688
vt 0.155992 0.992686
vt 0.155989 0.992693
vt 0.156005 0.992698
vt 0.156003 0.992693
vt 0.156002 0.992690
vt 0.155996 0.992693
vt 0.155997 0.992690
vt 0.155999 0.992689
vt 0.156002 0.992696
vt 0.155999 0.992697
vt 0.155997 0.992696
vt 0.155973 0.992775
vt 0.155980 0.992779
vt 0.155978 0.992781
vt 0.155973 0.992778
vt 0.155973 0.992793
vt 0.155968 0.992791
vt 0.155965 0.992793
vt 0.155973 0.992796
vt 0.155980 0.992786
vt 0.155978 0.992791
vt 0.155980 0.992793
vt 0.155983 0.992786
vt 0.155973 0.992779
vt 0.155965 0.992786
vt 0.155968 0.992781
vt 0.155965 0.992779
vt 0.155962 0.992786
vt 0.155967 0.992781
vt 0.155967 0.992791
vt 0.155976 0.992786
vt 0.155975 0.992783
vt 0.155969 0.992786
vt 0.155970 0.992783
vt 0.155973 0.992782
vt 0.155975 0.992789
vt 0.155973 0.992790
vt 0.155970 0.992789
vt 0.155999 0.992775
vt 0.156007 0.992779
vt 0.156005 0.992781
vt 0.155999 0.992778
vt 0.155999 0.992793
vt 0.155994 0.992791
vt 0.155992 0.992793
vt 0.155999 0.992796
vt 0.156007 0.992786
vt 0.156004 0.992791
vt 0.156007 0.992793
vt 0.156010 0.992786
vt 0.155999 0.992779
vt 0.156004 0.992781
vt 0.155992 0.992786
vt 0.155994 0.992781
vt 0.155992 0.992779
vt 0.155989 0.992786
vt 0.156005 0.992791
vt 0.156003 0.992786
vt 0.156002 0.992783
vt 0.155996 0.992786
vt 0.155997 0.992783
vt 0.155999 0.992782
vt 0.156002 0.992789
vt 0.155999 0.992790
vt 0.155997 0.992789
vt 0.155973 0.992869
vt 0.155980 0.992872
vt 0.155978 0.992874
vt 0.155973 0.992872
vt 0.155973 0.992886
vt 0.155968 0.992884
vt 0.155965 0.992886
vt 0.155973 0.992889
vt 0.155980 0.992879
vt 0.155978 0.992884
vt 0.155980 0.992886
vt 0.155983 0.992879
vt 0.155965 0.992879
vt 0.155968 0.992874
vt 0.155965 0.992872
vt 0.155962 0.992879
vt 0.155967 0.992874
vt 0.155967 0.992884
vt 0.155976 0.992879
vt 0.155975 0.992876
vt 0.155969 0.992879
vt 0.155970 0.992876
vt 0.155973 0.992875
vt 0.155975 0.992882
vt 0.155973 0.992883
vt 0.155970 0.992882
vt 0.155999 0.992869
vt 0.156007 0.992872
vt 0.156005 0.992874
vt 0.155999 0.992872
vt 0.155999 0.992886
vt 0.155994 0.992884
vt 0.155992 0.992886
vt 0.155999 0.992889
vt 0.156007 0.992879
vt 0.156004 0.992884
vt 0.156007 0.992886
vt 0.156010 0.992879
vt 0.156004 0.992874
vt 0.155992 0.992879
vt 0.155994 0.992874
vt 0.155992 0.992872
vt 0.155989 0.992879
vt 0.156005 0.992884
vt 0.156003 0.992879
vt 0.156002 0.992876
vt 0.155996 0.992879
vt 0.155997 0.992876
vt 0.155999 0.992875
vt 0.156002 0.992882
vt 0.155999 0.992883
vt 0.155997 0.992882
vt 0.073967 0.974829
vt 0.073996 0.974829
vt 0.073996 0.974808
vt 0.073967 0.974808
vt 0.073987 0.974808
vt 0.073976 0.974808
vt 0.073976 0.974829
vt 0.073987 0.974829
vt 0.088591 0.991428
vt 0.088610 0.991428
vt 0.088610 0.991412
vt 0.088591 0.991412
vt 0.073939 0.974829
vt 0.073966 0.974829
vt 0.073966 0.974808
vt 0.073939 0.974808
vt 0.073892 0.974829
vt 0.073932 0.974829
vt 0.073932 0.974808
vt 0.073892 0.974808
vt 0.073733 0.974824
vt 0.073851 0.974824
vt 0.073851 0.974803
vt 0.073733 0.974803
vt 0.073755 0.974824
vt 0.073829 0.974824
vt 0.073829 0.974803
vt 0.073850 0.974824
vt 0.073850 0.974803
vt 0.073755 0.974803
vt 0.073742 0.974830
vt 0.073760 0.974830
vt 0.073823 0.974830
vt 0.073842 0.974830
vt 0.074144 0.974254
vt 0.073745 0.974326
vt 0.073745 0.974254
vt 0.073582 0.974254
vt 0.073582 0.974326
vt 0.073019 0.974254
vt 0.073418 0.974254
vt 0.073418 0.974326
vt 0.074139 0.974254
vt 0.073743 0.974254
vt 0.073743 0.974326
vt 0.073024 0.974254
vt 0.073420 0.974326
vt 0.073420 0.974254
vt 0.109428 0.989709
vt 0.109410 0.989709
vt 0.109420 0.989461
vt 0.109410 0.989461
vt 0.109410 0.989308
vt 0.109420 0.989308
vt 0.058239 0.976976
vt 0.058229 0.976976
vt 0.058229 0.992113
vt 0.058197 0.992116
vt 0.058229 0.977011
vt 0.058239 0.977011
vt 0.058229 0.976987
vt 0.058229 0.976999
vt 0.058197 0.992100
vt 0.058193 0.992103
vt 0.058193 0.992112
vt 0.058229 0.992102
vt 0.058239 0.976814
vt 0.058229 0.976814
vt 0.058229 0.991952
vt 0.058197 0.991954
vt 0.058229 0.976849
vt 0.058239 0.976849
vt 0.058229 0.976826
vt 0.058229 0.976837
vt 0.058197 0.991938
vt 0.058193 0.991941
vt 0.058193 0.991951
vt 0.058229 0.991940
vt 0.058239 0.976922
vt 0.058229 0.976922
vt 0.058229 0.992060
vt 0.058197 0.992062
vt 0.058229 0.976957
vt 0.058239 0.976957
vt 0.058229 0.976933
vt 0.058229 0.976945
vt 0.058197 0.992046
vt 0.058193 0.992049
vt 0.058193 0.992059
vt 0.058229 0.992048
vt 0.058239 0.976866
vt 0.058229 0.976866
vt 0.058229 0.992003
vt 0.058197 0.992006
vt 0.058229 0.976901
vt 0.058239 0.976901
vt 0.058229 0.976877
vt 0.058229 0.976889
vt 0.058197 0.991990
vt 0.058193 0.991993
vt 0.058193 0.992002
vt 0.058229 0.991992
vt 0.059713 0.993874
vt 0.059713 0.993882
vt 0.059703 0.993882
vt 0.059703 0.993874
vt 0.059696 0.993882
vt 0.059696 0.993874
vt 0.059711 0.993874
vt 0.059699 0.993874
vt 0.059699 0.993882
vt 0.059711 0.993882
vt 0.059690 0.993874
vt 0.059690 0.993882
vt 0.059713 0.993765
vt 0.059713 0.993773
vt 0.059703 0.993773
vt 0.059703 0.993765
vt 0.059696 0.993773
vt 0.059696 0.993765
vt 0.059711 0.993765
vt 0.059699 0.993765
vt 0.059699 0.993773
vt 0.059711 0.993773
vt 0.059690 0.993765
vt 0.059690 0.993773
vt 0.059713 0.993818
vt 0.059713 0.993826
vt 0.059703 0.993826
vt 0.059703 0.993818
vt 0.059696 0.993826
vt 0.059696 0.993818
vt 0.059711 0.993818
vt 0.059699 0.993818
vt 0.059699 0.993826
vt 0.059711 0.993826
vt 0.059690 0.993818
vt 0.059690 0.993826
vt 0.059713 0.993927
vt 0.059713 0.993935
vt 0.059703 0.993935
vt 0.059703 0.993927
vt 0.059696 0.993935
vt 0.059696 0.993927
vt 0.059711 0.993927
vt 0.059699 0.993927
vt 0.059699 0.993935
vt 0.059711 0.993935
vt 0.059690 0.993927
vt 0.059690 0.993935
vt 0.059713 0.993712
vt 0.059713 0.993720
vt 0.059703 0.993720
vt 0.059703 0.993712
vt 0.059696 0.993720
vt 0.059696 0.993712
vt 0.059711 0.993712
vt 0.059699 0.993712
vt 0.059699 0.993720
vt 0.059711 0.993720
vt 0.059690 0.993712
vt 0.059690 0.993720
vt 0.108182 0.992185
vt 0.108176 0.991950
vt 0.108157 0.992185
vt 0.108157 0.991950
vt 0.104986 0.988816
vt 0.104986 0.988904
vt 0.105133 0.988904
vt 0.105133 0.988816
vt 0.089958 0.990352
vt 0.089986 0.990323
vt 0.089958 0.990295
vt 0.089888 0.990352
vt 0.089916 0.990323
vt 0.089888 0.990295
vt 0.089932 0.990323
vt 0.089958 0.990298
vt 0.089984 0.990323
vt 0.089862 0.990323
vt 0.089888 0.990298
vt 0.089914 0.990323
vt 0.089908 0.990343
vt 0.089907 0.990342
vt 0.089978 0.990343
vt 0.089958 0.990349
vt 0.089976 0.990342
vt 0.089938 0.990343
vt 0.089940 0.990342
vt 0.089888 0.990349
vt 0.089868 0.990343
vt 0.089870 0.990342
vt 0.089930 0.990323
vt 0.089860 0.990323
vt 0.089938 0.990304
vt 0.089940 0.990305
vt 0.089868 0.990304
vt 0.089870 0.990305
vt 0.089978 0.990304
vt 0.089976 0.990305
vt 0.089908 0.990304
vt 0.089907 0.990305
vt 0.072242 0.974752
vt 0.072242 0.974777
vt 0.072267 0.974777
vt 0.072267 0.974752
vt 0.057186 0.993217
vt 0.057186 0.993224
vt 0.057188 0.993227
vt 0.057188 0.993214
vt 0.072212 0.974752
vt 0.072212 0.974777
vt 0.072237 0.974777
vt 0.072237 0.974752
vt 0.057148 0.993224
vt 0.057148 0.993217
vt 0.057146 0.993214
vt 0.057146 0.993227
vt 0.072251 0.974761
vt 0.072251 0.974768
vt 0.072258 0.974768
vt 0.072258 0.974761
vt 0.072221 0.974761
vt 0.072221 0.974768
vt 0.072228 0.974768
vt 0.072228 0.974761
vt 0.057176 0.993214
vt 0.057178 0.993217
vt 0.057158 0.993227
vt 0.057148 0.993225
vt 0.057156 0.993225
vt 0.057178 0.993224
vt 0.057176 0.993227
vt 0.057155 0.993217
vt 0.057158 0.993214
vt 0.057155 0.993224
vt 0.057186 0.993225
vt 0.057178 0.993225
vt 0.057156 0.993217
vt 0.072242 0.974714
vt 0.072242 0.974739
vt 0.072267 0.974739
vt 0.072267 0.974714
vt 0.057186 0.993179
vt 0.057186 0.993186
vt 0.057188 0.993189
vt 0.057188 0.993177
vt 0.072212 0.974714
vt 0.072212 0.974739
vt 0.072237 0.974739
vt 0.072237 0.974714
vt 0.057148 0.993186
vt 0.057148 0.993179
vt 0.057146 0.993177
vt 0.057146 0.993189
vt 0.072251 0.974723
vt 0.072251 0.974730
vt 0.072258 0.974730
vt 0.072258 0.974723
vt 0.072221 0.974723
vt 0.072221 0.974730
vt 0.072228 0.974730
vt 0.072228 0.974723
vt 0.057176 0.993177
vt 0.057178 0.993179
vt 0.057158 0.993189
vt 0.057148 0.993187
vt 0.057156 0.993187
vt 0.057178 0.993186
vt 0.057176 0.993189
vt 0.057155 0.993179
vt 0.057158 0.993177
vt 0.057155 0.993186
vt 0.057186 0.993187
vt 0.057178 0.993187
vt 0.057156 0.993179
vt 0.072242 0.974678
vt 0.072242 0.974703
vt 0.072267 0.974703
vt 0.072267 0.974678
vt 0.057186 0.993143
vt 0.057186 0.993150
vt 0.057188 0.993153
vt 0.057188 0.993140
vt 0.072212 0.974678
vt 0.072212 0.974703
vt 0.072237 0.974703
vt 0.072237 0.974678
vt 0.057148 0.993150
vt 0.057148 0.993143
vt 0.057146 0.993140
vt 0.057146 0.993153
vt 0.072251 0.974687
vt 0.072251 0.974694
vt 0.072258 0.974694
vt 0.072258 0.974687
vt 0.072221 0.974687
vt 0.072221 0.974694
vt 0.072228 0.974694
vt 0.072228 0.974687
vt 0.057176 0.993140
vt 0.057186 0.993142
vt 0.057178 0.993142
vt 0.057158 0.993153
vt 0.057156 0.993150
vt 0.057178 0.993150
vt 0.057178 0.993143
vt 0.057176 0.993153
vt 0.057155 0.993143
vt 0.057158 0.993140
vt 0.057155 0.993150
vt 0.057148 0.993142
vt 0.057156 0.993142
vt 0.072242 0.974640
vt 0.072242 0.974665
vt 0.072267 0.974665
vt 0.072267 0.974640
vt 0.057186 0.993105
vt 0.057186 0.993112
vt 0.057188 0.993115
vt 0.057188 0.993102
vt 0.072212 0.974640
vt 0.072212 0.974665
vt 0.072237 0.974665
vt 0.072237 0.974640
vt 0.057148 0.993112
vt 0.057148 0.993105
vt 0.057146 0.993102
vt 0.057146 0.993115
vt 0.072251 0.974649
vt 0.072251 0.974656
vt 0.072258 0.974656
vt 0.072258 0.974649
vt 0.072221 0.974649
vt 0.072221 0.974656
vt 0.072228 0.974656
vt 0.072228 0.974649
vt 0.057176 0.993102
vt 0.057178 0.993105
vt 0.057158 0.993115
vt 0.057148 0.993113
vt 0.057156 0.993113
vt 0.057178 0.993112
vt 0.057176 0.993115
vt 0.057155 0.993105
vt 0.057158 0.993102
vt 0.057155 0.993112
vt 0.057186 0.993113
vt 0.057178 0.993113
vt 0.057156 0.993105
vt 0.155708 0.990143
vt 0.155708 0.990164
vt 0.155729 0.990164
vt 0.155729 0.990143
vt 0.155708 0.990182
vt 0.155708 0.990202
vt 0.155729 0.990202
vt 0.155729 0.990182
vt 0.155677 0.990143
vt 0.155677 0.990164
vt 0.155698 0.990164
vt 0.155698 0.990143
vt 0.155677 0.990182
vt 0.155677 0.990202
vt 0.155698 0.990202
vt 0.155698 0.990182
vt 0.155738 0.990143
vt 0.155738 0.990164
vt 0.155758 0.990164
vt 0.155758 0.990143
vt 0.155738 0.990182
vt 0.155738 0.990202
vt 0.155758 0.990202
vt 0.155758 0.990182
vt 0.155708 0.990218
vt 0.155708 0.990239
vt 0.155729 0.990239
vt 0.155729 0.990218
vt 0.155708 0.990257
vt 0.155708 0.990277
vt 0.155729 0.990277
vt 0.155729 0.990257
vt 0.155677 0.990218
vt 0.155677 0.990239
vt 0.155698 0.990239
vt 0.155698 0.990218
vt 0.155677 0.990257
vt 0.155677 0.990277
vt 0.155698 0.990277
vt 0.155698 0.990257
vt 0.155738 0.990218
vt 0.155738 0.990239
vt 0.155758 0.990239
vt 0.155758 0.990218
vt 0.155738 0.990257
vt 0.155738 0.990277
vt 0.155758 0.990277
vt 0.155758 0.990257
vt 0.075165 0.974906
vt 0.075085 0.974906
vt 0.075085 0.975135
vt 0.075165 0.975135
vt 0.055932 0.994421
vt 0.055962 0.994421
vt 0.055962 0.994391
vt 0.055932 0.994391
vt 0.055932 0.994343
vt 0.055962 0.994343
vt 0.055962 0.994312
vt 0.055932 0.994312
vt 0.055932 0.994264
vt 0.055962 0.994264
vt 0.055962 0.994234
vt 0.055932 0.994234
vt 0.055926 0.994348
vt 0.055968 0.994348
vt 0.055926 0.994306
vt 0.055926 0.994427
vt 0.055968 0.994427
vt 0.055968 0.994270
vt 0.055968 0.994228
vt 0.055926 0.994228
vt 0.055926 0.994270
vt 0.055968 0.994385
vt 0.055926 0.994385
vt 0.055968 0.994306
vt 0.072802 0.973082
vt 0.072805 0.973074
vt 0.072845 0.973099
vt 0.072848 0.973091
vt 0.072808 0.973082
vt 0.072806 0.973087
vt 0.056209 0.991548
vt 0.056203 0.991567
vt 0.072826 0.973095
vt 0.072828 0.973089
vt 0.072813 0.973090
vt 0.072819 0.973092
vt 0.056194 0.991563
vt 0.056195 0.991566
vt 0.056201 0.991568
vt 0.056203 0.991545
vt 0.072839 0.973102
vt 0.072738 0.973063
vt 0.072748 0.973067
vt 0.072829 0.973098
vt 0.072823 0.973096
vt 0.072754 0.973069
vt 0.072772 0.973076
vt 0.072805 0.973089
vt 0.072839 0.973101
vt 0.072734 0.973061
vt 0.072793 0.973084
vt 0.072844 0.973089
vt 0.072834 0.973085
vt 0.072753 0.973054
vt 0.072743 0.973050
vt 0.072828 0.973083
vt 0.072759 0.973056
vt 0.072810 0.973076
vt 0.072777 0.973063
vt 0.072739 0.973049
vt 0.072798 0.973071
vt 0.055296 0.973110
vt 0.055312 0.973069
vt 0.055327 0.973029
vt 0.055336 0.973079
vt 0.055325 0.973107
vt 0.055321 0.973119
vt 0.055323 0.973041
vt 0.055347 0.973050
vt 0.055352 0.973038
vt 0.055301 0.973098
vt 0.056228 0.991502
vt 0.056230 0.991497
vt 0.056242 0.991502
vt 0.056241 0.991507
vt 0.056218 0.991565
vt 0.056216 0.991571
vt 0.056206 0.991560
vt 0.056230 0.991536
vt 0.056217 0.991531
vt 0.056231 0.991531
vt 0.056219 0.991526
vt 0.056218 0.991567
vt 0.056205 0.991562
vt 0.139160 0.991550
vt 0.139154 0.991563
vt 0.139153 0.991566
vt 0.139155 0.991561
vt 0.056212 0.991545
vt 0.056224 0.991550
vt 0.139143 0.991556
vt 0.139141 0.991562
vt 0.139142 0.991559
vt 0.139147 0.991545
vt 0.139151 0.991534
vt 0.139146 0.991547
vt 0.139151 0.991536
vt 0.139152 0.991531
vt 0.056216 0.991533
vt 0.056229 0.991537
vt 0.139165 0.991536
vt 0.139163 0.991541
vt 0.139159 0.991552
vt 0.139164 0.991539
vt 0.056223 0.991552
vt 0.056211 0.991547
vt 0.056216 0.991534
vt 0.056228 0.991539
vt 0.056229 0.991536
vt 0.056207 0.991559
vt 0.056219 0.991563
vt 0.056218 0.991566
vt 0.056207 0.991556
vt 0.056228 0.991541
vt 0.056215 0.991536
vt 0.056220 0.991561
vt 0.072783 0.973085
vt 0.072778 0.973083
vt 0.072791 0.973088
vt 0.072784 0.973078
vt 0.072794 0.973082
vt 0.072802 0.973085
vt 0.072775 0.973078
vt 0.072783 0.973081
vt 0.072777 0.973075
vt 0.072793 0.973085
vt 0.072801 0.973088
vt 0.072796 0.973090
vt 0.072759 0.975107
vt 0.072748 0.975103
vt 0.072719 0.975092
vt 0.072755 0.975112
vt 0.072757 0.975109
vt 0.072746 0.975108
vt 0.072757 0.975112
vt 0.072731 0.975097
vt 0.072729 0.975102
vt 0.072718 0.975097
vt 0.072745 0.975108
vt 0.072730 0.975102
vt 0.072719 0.975098
vt 0.023538 0.973171
vt 0.023512 0.973161
vt 0.023502 0.973157
vt 0.072731 0.975099
vt 0.072721 0.975095
vt 0.072746 0.975105
vt 0.106416 0.991243
vt 0.106389 0.991243
vt 0.106389 0.991473
vt 0.106416 0.991473
vt 0.106496 0.991457
vt 0.106496 0.991400
vt 0.106523 0.991400
vt 0.106523 0.991457
vt 0.106496 0.991473
vt 0.106523 0.991473
vt 0.106523 0.991243
vt 0.106416 0.991316
vt 0.106416 0.991400
vt 0.106389 0.991400
vt 0.106389 0.991316
vt 0.106523 0.991316
vt 0.106523 0.991259
vt 0.106389 0.991259
vt 0.106389 0.991457
vt 0.106416 0.991259
vt 0.106416 0.991457
vt 0.106443 0.991457
vt 0.106443 0.991450
vt 0.106443 0.991397
vt 0.106443 0.991400
vt 0.106443 0.991473
vt 0.106469 0.991457
vt 0.106469 0.991473
vt 0.106496 0.991259
vt 0.106496 0.991243
vt 0.106469 0.991259
vt 0.106469 0.991243
vt 0.106443 0.991259
vt 0.106443 0.991243
vt 0.106443 0.991465
vt 0.106496 0.991316
vt 0.106469 0.991316
vt 0.106443 0.991316
vt 0.106443 0.991250
vt 0.106416 0.991250
vt 0.106469 0.991400
vt 0.106416 0.991265
vt 0.106416 0.991318
vt 0.106443 0.991318
vt 0.022318 0.974801
vt 0.022318 0.974786
vt 0.022344 0.974786
vt 0.022344 0.974801
vt 0.022344 0.974586
vt 0.022344 0.974601
vt 0.022318 0.974601
vt 0.022318 0.974586
vt 0.022344 0.974654
vt 0.022318 0.974654
vt 0.022344 0.974732
vt 0.022318 0.974732
vt 0.106416 0.991397
vt 0.106416 0.991465
vt 0.106443 0.991265
vt 0.106416 0.991450
vt 0.059035 0.975066
vt 0.059073 0.975061
vt 0.059082 0.975035
vt 0.059035 0.975035
vt 0.059035 0.975113
vt 0.059035 0.975083
vt 0.059082 0.975083
vt 0.059073 0.975108
vt 0.058846 0.975035
vt 0.058846 0.975083
vt 0.058855 0.975108
vt 0.058855 0.975061
vt 0.058894 0.975011
vt 0.058894 0.975058
vt 0.058922 0.975011
vt 0.058922 0.975058
vt 0.059006 0.975058
vt 0.059034 0.975058
vt 0.058893 0.975035
vt 0.059034 0.975011
vt 0.059006 0.975011
vt 0.058978 0.975011
vt 0.058988 0.975035
vt 0.058950 0.975011
vt 0.058940 0.975035
vt 0.058893 0.975083
vt 0.058950 0.975058
vt 0.058940 0.975083
vt 0.058978 0.975058
vt 0.058988 0.975083
vt 0.058893 0.975113
vt 0.058893 0.975066
vt 0.058940 0.975105
vt 0.058940 0.975057
vt 0.058988 0.975105
vt 0.058988 0.975057
vt 0.058988 0.975038
vt 0.058988 0.974911
vt 0.059027 0.974911
vt 0.059027 0.975038
vt 0.059027 0.975036
vt 0.059027 0.975061
vt 0.058938 0.975054
vt 0.058938 0.974976
vt 0.058902 0.975036
vt 0.058902 0.975061
vt 0.058990 0.975054
vt 0.058940 0.975038
vt 0.058902 0.975038
vt 0.058940 0.974911
vt 0.058902 0.974911
vt 0.058990 0.974976
vt 0.058398 0.975066
vt 0.058398 0.975035
vt 0.058351 0.975035
vt 0.058360 0.975061
vt 0.058398 0.975113
vt 0.058360 0.975108
vt 0.058351 0.975083
vt 0.058398 0.975083
vt 0.058587 0.975035
vt 0.058578 0.975061
vt 0.058578 0.975108
vt 0.058587 0.975083
vt 0.058539 0.975058
vt 0.058539 0.975011
vt 0.058511 0.975011
vt 0.058511 0.975058
vt 0.058399 0.975058
vt 0.058427 0.975058
vt 0.058540 0.975035
vt 0.058399 0.975011
vt 0.058427 0.975011
vt 0.058446 0.975035
vt 0.058455 0.975011
vt 0.058493 0.975035
vt 0.058483 0.975011
vt 0.058540 0.975083
vt 0.058493 0.975083
vt 0.058483 0.975058
vt 0.058446 0.975083
vt 0.058455 0.975058
vt 0.058540 0.975066
vt 0.058540 0.975113
vt 0.058493 0.975057
vt 0.058493 0.975105
vt 0.058446 0.975057
vt 0.058446 0.975105
vt 0.058446 0.975038
vt 0.058407 0.975038
vt 0.058407 0.974911
vt 0.058446 0.974911
vt 0.058407 0.975061
vt 0.058407 0.975036
vt 0.058495 0.975054
vt 0.058532 0.975061
vt 0.058532 0.975036
vt 0.058495 0.974976
vt 0.058443 0.975054
vt 0.058493 0.975038
vt 0.058532 0.975038
vt 0.058532 0.974911
vt 0.058493 0.974911
vt 0.058443 0.974976
vt 0.071477 0.972858
vt 0.071383 0.972858
vt 0.071354 0.972829
vt 0.071499 0.972829
vt 0.071383 0.972952
vt 0.071477 0.972952
vt 0.071499 0.972974
vt 0.071354 0.972974
vt 0.071470 0.972857
vt 0.071470 0.972945
vt 0.071383 0.972945
vt 0.071363 0.972837
vt 0.055339 0.993949
vt 0.055359 0.993949
vt 0.055309 0.993949
vt 0.055329 0.993949
vt 0.055339 0.993951
vt 0.055359 0.993951
vt 0.055309 0.993951
vt 0.055329 0.993951
vt 0.087881 0.993444
vt 0.087881 0.993482
vt 0.087884 0.993484
vt 0.087901 0.993484
vt 0.087901 0.993441
vt 0.087884 0.993441
vt 0.087901 0.993476
vt 0.087901 0.993450
vt 0.087884 0.993476
vt 0.087884 0.993450
vt 0.087881 0.993451
vt 0.087881 0.993475
vt 0.087881 0.993503
vt 0.087881 0.993542
vt 0.087884 0.993544
vt 0.087901 0.993544
vt 0.087901 0.993501
vt 0.087884 0.993501
vt 0.087901 0.993536
vt 0.087901 0.993509
vt 0.087884 0.993536
vt 0.087884 0.993509
vt 0.087881 0.993510
vt 0.087881 0.993535
vt 0.087881 0.993563
vt 0.087881 0.993602
vt 0.087884 0.993604
vt 0.087901 0.993604
vt 0.087901 0.993561
vt 0.087884 0.993561
vt 0.087901 0.993595
vt 0.087901 0.993569
vt 0.087884 0.993595
vt 0.087884 0.993569
vt 0.087881 0.993570
vt 0.087881 0.993594
vt 0.058558 0.974172
vt 0.058558 0.974177
vt 0.058510 0.974177
vt 0.058510 0.974172
vt 0.058582 0.974172
vt 0.058582 0.974177
vt 0.058562 0.974177
vt 0.058562 0.974172
vt 0.058540 0.974172
vt 0.058540 0.974177
vt 0.058520 0.974177
vt 0.058520 0.974172
vt 0.058590 0.974173
vt 0.058590 0.974179
vt 0.058512 0.974179
vt 0.058512 0.974173
vt 0.058556 0.974172
vt 0.058556 0.974177
vt 0.058523 0.974172
vt 0.058523 0.974177
vt 0.058511 0.974177
vt 0.058511 0.974172
vt 0.058549 0.974172
vt 0.058549 0.974177
vt 0.058609 0.974172
vt 0.058609 0.974177
vt 0.058579 0.974172
vt 0.058579 0.974177
vt 0.058594 0.974172
vt 0.058594 0.974177
vt 0.058625 0.974172
vt 0.058625 0.974177
vt 0.058599 0.974172
vt 0.058599 0.974177
vt 0.058577 0.974177
vt 0.058577 0.974172
vt 0.058606 0.974172
vt 0.058606 0.974177
vt 0.058578 0.974172
vt 0.058578 0.974177
vt 0.058554 0.974172
vt 0.058554 0.974177
vt 0.058514 0.974177
vt 0.058514 0.974172
vt 0.090470 0.993470
vt 0.090470 0.993464
vt 0.090460 0.993464
vt 0.090460 0.993470
vt 0.090501 0.993523
vt 0.090501 0.993530
vt 0.090508 0.993534
vt 0.090508 0.993528
vt 0.090470 0.993563
vt 0.090470 0.993558
vt 0.090501 0.993563
vt 0.090501 0.993570
vt 0.090470 0.993547
vt 0.090501 0.993547
vt 0.090470 0.993531
vt 0.090470 0.993535
vt 0.090508 0.993565
vt 0.090508 0.993560
vt 0.090508 0.993547
vt 0.090470 0.993541
vt 0.090460 0.993541
vt 0.090460 0.993547
vt 0.090501 0.993446
vt 0.090501 0.993453
vt 0.090508 0.993457
vt 0.090508 0.993451
vt 0.090470 0.993486
vt 0.090470 0.993481
vt 0.090501 0.993486
vt 0.090501 0.993493
vt 0.090501 0.993470
vt 0.090470 0.993454
vt 0.090470 0.993458
vt 0.090508 0.993488
vt 0.090508 0.993483
vt 0.090508 0.993470
vt 0.090470 0.993538
vt 0.090470 0.993553
vt 0.090470 0.993555
vt 0.090470 0.993461
vt 0.090470 0.993476
vt 0.090470 0.993478
vt 0.090460 0.993555
vt 0.090460 0.993478
vt 0.090460 0.993553
vt 0.090460 0.993476
vt 0.090460 0.993538
vt 0.090460 0.993461
vt 0.072145 0.971916
vt 0.072145 0.971910
vt 0.072135 0.971910
vt 0.072135 0.971916
vt 0.072176 0.971969
vt 0.072176 0.971976
vt 0.072183 0.971980
vt 0.072183 0.971974
vt 0.072145 0.972009
vt 0.072145 0.972004
vt 0.072176 0.972009
vt 0.072176 0.972016
vt 0.072145 0.971993
vt 0.072176 0.971993
vt 0.072145 0.971977
vt 0.072145 0.971981
vt 0.072183 0.972011
vt 0.072183 0.972006
vt 0.072183 0.971993
vt 0.072145 0.971987
vt 0.072135 0.971987
vt 0.072135 0.971993
vt 0.072176 0.971892
vt 0.072176 0.971899
vt 0.072183 0.971903
vt 0.072183 0.971897
vt 0.072145 0.971932
vt 0.072145 0.971927
vt 0.072176 0.971932
vt 0.072176 0.971939
vt 0.072176 0.971916
vt 0.072145 0.971900
vt 0.072145 0.971904
vt 0.072183 0.971934
vt 0.072183 0.971929
vt 0.072183 0.971916
vt 0.072145 0.971984
vt 0.072145 0.971999
vt 0.072145 0.972001
vt 0.072145 0.971907
vt 0.072145 0.971922
vt 0.072145 0.971924
vt 0.072135 0.972001
vt 0.072135 0.971924
vt 0.072135 0.971999
vt 0.072135 0.971922
vt 0.072135 0.971984
vt 0.072135 0.971907
vt 0.027100 0.975479
vt 0.023926 0.973995
vt 0.023933 0.973995
vt 0.023887 0.973995
vt 0.023527 0.973167
s 1
usemtl マテリアル
f 2025/1641/1257 2026/1642/1257 2028/1642/1257 2027/1641/1257
f 2029/1643/1258 2031/1643/1258 2032/1644/1258 2030/1644/1258
f 2026/1642/1259 2030/1644/1259 2032/1644/1259 2028/1642/1259
f 2025/1641/1260 2029/1643/1260 2030/1644/1260 2026/1642/1260
f 2031/1643/1261 2036/1645/1261 2034/1646/1261 2027/1641/1261
f 2028/1642/1262 2032/1644/1262 2031/1643/1262 2027/1641/1262
f 2034/1646/1263 2036/1645/1263 2035/1645/1263 2033/1646/1263
f 2029/1643/1258 2035/1645/1258 2036/1645/1258 2031/1643/1258
f 2027/1641/1257 2034/1646/1257 2033/1646/1257 2025/1641/1257
f 2025/1641/1260 2033/1646/1260 2035/1645/1260 2029/1643/1260
f 2037/1647/1257 2039/1647/1257 2040/1648/1257 2038/1648/1257
f 2041/1649/1258 2042/1650/1258 2044/1650/1258 2043/1649/1258
f 2038/1648/1263 2040/1648/1263 2044/1650/1263 2042/1650/1263
f 2037/1647/1260 2038/1648/1260 2042/1650/1260 2041/1649/1260
f 2043/1649/1261 2039/1647/1261 2046/1651/1261 2048/1652/1261
f 2040/1648/1264 2039/1647/1264 2043/1649/1264 2044/1650/1264
f 2046/1651/1259 2045/1651/1259 2047/1652/1259 2048/1652/1259
f 2041/1649/1258 2043/1649/1258 2048/1652/1258 2047/1652/1258
f 2039/1647/1257 2037/1647/1257 2045/1651/1257 2046/1651/1257
f 2037/1647/1260 2041/1649/1260 2047/1652/1260 2045/1651/1260
f 2061/1653/1265 2068/1654/1265 2090/1655/1265 2088/1656/1265
f 2055/1657/1261 2056/1658/1261 2060/1659/1261 2059/1660/1261
f 2056/1658/1261 2057/1661/1261 2061/1653/1261 2060/1659/1261
f 2054/1662/1266 2053/1663/1267 2058/1664/1268 2052/1665/1266
f 2053/1663/1267 2055/1657/1261 2059/1660/1261 2058/1664/1268
f 2050/1666/1269 2051/1667/1269 2065/1668/1269 2067/1669/1269
f 2049/1670/1270 2050/1666/1270 2067/1669/1270 2066/1671/1270
f 2062/1672/1271 2049/1670/1271 2066/1671/1271
f 2051/1667/1272 2069/1673/1272 2064/1674/1272 2065/1668/1272
f 2065/1668/1273 2056/1658/1274 2055/1657/1275 2067/1669/1275
f 2064/1674/1276 2069/1673/1276 2075/1675/1277 2068/1654/1277
f 2073/1676/1278 2072/1677/1279 2078/1678/1279 2079/1679/1280
f 2074/1680/1281 2073/1676/1278 2079/1679/1280 2080/1681/1282
f 2072/1677/1283 2071/1682/1283 2077/1683/1283 2078/1678/1283
f 2069/1673/1284 2070/1684/1284 2076/1685/1285 2075/1675/1285
f 2070/1684/1286 2074/1680/1281 2080/1681/1282 2076/1685/1286
f 2086/1686/1261 2059/1660/1261 2060/1659/1261 2087/1687/1261
f 2087/1687/1261 2060/1659/1261 2061/1653/1261 2088/1656/1261
f 2085/1688/1266 2052/1665/1266 2058/1664/1268 2084/1689/1287
f 2084/1689/1287 2058/1664/1268 2059/1660/1261 2086/1686/1261
f 2082/1690/1288 2093/1691/1288 2091/1692/1288 2083/1693/1288
f 2081/1694/1289 2092/1695/1289 2093/1691/1289 2082/1690/1289
f 2089/1696/1290 2092/1695/1290 2081/1694/1290
f 2083/1693/1291 2091/1692/1291 2090/1655/1291 2094/1697/1291
f 2093/1691/1292 2086/1686/1292 2087/1687/1293 2091/1692/1294
f 2090/1655/1295 2068/1654/1277 2075/1675/1277 2094/1697/1295
f 2098/1698/1296 2079/1679/1297 2078/1678/1298 2097/1699/1298
f 2099/1700/1299 2080/1681/1300 2079/1679/1297 2098/1698/1296
f 2097/1699/1301 2078/1678/1301 2077/1683/1301 2096/1701/1301
f 2094/1697/1302 2075/1675/1285 2076/1685/1285 2095/1702/1302
f 2095/1702/1303 2076/1685/1303 2080/1681/1300 2099/1700/1299
f 2092/1695/1304 2084/1689/1304 2086/1686/1304 2093/1691/1304
f 2089/1696/1305 2085/1688/1305 2084/1689/1305 2092/1695/1305
f 2091/1692/1294 2087/1687/1293 2088/1656/1306 2090/1655/1306
f 2063/1665/1258 2052/1665/1258 2085/1688/1258 2089/1696/1258
f 2057/1661/1265 2064/1674/1265 2068/1654/1265 2061/1653/1265
f 2067/1669/1307 2055/1657/1307 2053/1663/1307 2066/1671/1307
f 2066/1671/1308 2053/1663/1308 2054/1662/1308 2062/1672/1308
f 2064/1674/1309 2057/1661/1309 2056/1658/1274 2065/1668/1273
f 2062/1672/1258 2054/1662/1258 2052/1665/1258 2063/1665/1258
f 2108/1703/1257 2109/1704/1257 2111/1704/1257 2110/1703/1257
f 2104/1705/1257 2102/1706/1257 2117/1706/1257 2120/1705/1257
f 2119/1705/1257 2116/1706/1257 2115/1706/1257 2118/1705/1257
f 2100/1703/1257 2106/1704/1257 2123/1704/1257 2114/1703/1257
f 2113/1703/1257 2122/1704/1257 2121/1704/1257 2112/1703/1257
f 2101/1703/1257 2107/1704/1257 2135/1704/1257 2126/1703/1257
f 2125/1703/1257 2134/1704/1257 2133/1704/1257 2124/1703/1257
f 2105/1705/1257 2103/1706/1257 2129/1706/1257 2132/1705/1257
f 2131/1705/1257 2128/1706/1257 2127/1706/1257 2130/1705/1257
f 2141/1705/1257 2140/1706/1257 2136/1706/1257 2137/1705/1257
f 2139/1705/1257 2138/1706/1257 2140/1706/1257 2141/1705/1257
f 2147/1706/1257 2146/1707/1257 2142/1707/1257 2143/1706/1257
f 2145/1706/1257 2144/1707/1257 2146/1707/1257 2147/1706/1257
f 2175/1706/1257 2172/1707/1257 2148/1707/1257 2149/1706/1257
f 2181/1704/1257 2178/1705/1257 2150/1705/1257 2152/1704/1257
f 2159/1704/1257 2158/1705/1257 2151/1705/1257 2153/1704/1257
f 2169/1704/1257 2166/1705/1257 2156/1705/1257 2157/1704/1257
f 2163/1706/1257 2160/1707/1257 2154/1707/1257 2155/1706/1257
f 2165/1706/1257 2162/1707/1257 2161/1707/1257 2164/1706/1257
f 2171/1704/1257 2168/1705/1257 2167/1705/1257 2170/1704/1257
f 2183/1704/1257 2180/1705/1257 2179/1705/1257 2182/1704/1257
f 2177/1706/1257 2174/1707/1257 2173/1707/1257 2176/1706/1257
f 2214/1705/1257 2211/1706/1257 2186/1706/1257 2187/1705/1257
f 2194/1703/1257 2195/1704/1257 2189/1704/1257 2185/1703/1257
f 2208/1703/1257 2217/1704/1257 2188/1704/1257 2184/1703/1257
f 2196/1703/1257 2205/1704/1257 2193/1704/1257 2190/1703/1257
f 2202/1705/1257 2199/1706/1257 2191/1706/1257 2192/1705/1257
f 2204/1705/1257 2201/1706/1257 2200/1706/1257 2203/1705/1257
f 2198/1703/1257 2207/1704/1257 2206/1704/1257 2197/1703/1257
f 2210/1703/1257 2219/1704/1257 2218/1704/1257 2209/1703/1257
f 2216/1705/1257 2213/1706/1257 2212/1706/1257 2215/1705/1257
f 2229/1704/1257 2228/1705/1257 2230/1705/1257 2231/1704/1257
f 2222/1706/1257 2220/1707/1257 2234/1707/1257 2237/1706/1257
f 2236/1706/1257 2233/1707/1257 2232/1707/1257 2235/1706/1257
f 2226/1704/1257 2224/1705/1257 2240/1705/1257 2243/1704/1257
f 2242/1704/1257 2239/1705/1257 2238/1705/1257 2241/1704/1257
f 2227/1704/1257 2225/1705/1257 2252/1705/1257 2255/1704/1257
f 2254/1704/1257 2251/1705/1257 2250/1705/1257 2253/1704/1257
f 2223/1706/1257 2221/1707/1257 2246/1707/1257 2249/1706/1257
f 2248/1706/1257 2245/1707/1257 2244/1707/1257 2247/1706/1257
f 2273/1708/1258 2272/1708/1258 2274/1709/1258 2275/1709/1258
f 2266/1710/1258 2268/1710/1258 2263/1711/1258 2264/1711/1258
f 2281/1710/1258 2280/1710/1258 2278/1711/1258 2279/1711/1258
f 2257/1708/1258 2256/1708/1258 2270/1709/1258 2258/1709/1258
f 2277/1708/1258 2276/1708/1258 2282/1709/1258 2283/1709/1258
f 2260/1708/1258 2259/1708/1258 2271/1709/1258 2269/1709/1258
f 2285/1708/1258 2284/1708/1258 2290/1709/1258 2291/1709/1258
f 2261/1710/1258 2267/1710/1258 2265/1711/1258 2262/1711/1258
f 2289/1710/1258 2288/1710/1258 2286/1711/1258 2287/1711/1258
f 2296/1710/1258 2292/1710/1258 2293/1711/1258 2294/1711/1258
f 2297/1710/1258 2296/1710/1258 2294/1711/1258 2295/1711/1258
f 2302/1712/1258 2298/1712/1258 2299/1713/1258 2300/1713/1258
f 2303/1712/1258 2302/1712/1258 2300/1713/1258 2301/1713/1258
f 2327/1712/1258 2304/1712/1258 2305/1713/1258 2324/1713/1258
f 2333/1714/1258 2306/1714/1258 2307/1715/1258 2330/1715/1258
f 2321/1714/1258 2308/1714/1258 2309/1715/1258 2318/1715/1258
f 2315/1712/1258 2310/1712/1258 2311/1713/1258 2312/1713/1258
f 2317/1712/1258 2316/1712/1258 2313/1713/1258 2314/1713/1258
f 2323/1714/1258 2322/1714/1258 2319/1715/1258 2320/1715/1258
f 2335/1714/1258 2334/1714/1258 2331/1715/1258 2332/1715/1258
f 2329/1712/1258 2328/1712/1258 2325/1713/1258 2326/1713/1258
f 2362/1710/1258 2336/1710/1258 2337/1711/1258 2359/1711/1258
f 2356/1708/1258 2338/1708/1258 2339/1709/1258 2365/1709/1258
f 2344/1708/1258 2340/1708/1258 2341/1709/1258 2353/1709/1258
f 2350/1710/1258 2342/1710/1258 2343/1711/1258 2347/1711/1258
f 2352/1710/1258 2351/1710/1258 2348/1711/1258 2349/1711/1258
f 2346/1708/1258 2345/1708/1258 2354/1709/1258 2355/1709/1258
f 2358/1708/1258 2357/1708/1258 2366/1709/1258 2367/1709/1258
f 2364/1710/1258 2363/1710/1258 2360/1711/1258 2361/1711/1258
f 2387/1714/1258 2386/1714/1258 2384/1715/1258 2385/1715/1258
f 2373/1712/1258 2374/1712/1258 2368/1713/1258 2369/1713/1258
f 2391/1712/1258 2390/1712/1258 2388/1713/1258 2389/1713/1258
f 2381/1714/1258 2382/1714/1258 2379/1715/1258 2380/1715/1258
f 2395/1714/1258 2394/1714/1258 2392/1715/1258 2393/1715/1258
f 2376/1714/1258 2383/1714/1258 2378/1715/1258 2377/1715/1258
f 2403/1714/1258 2402/1714/1258 2400/1715/1258 2401/1715/1258
f 2372/1712/1258 2375/1712/1258 2370/1713/1258 2371/1713/1258
f 2399/1712/1258 2398/1712/1258 2396/1713/1258 2397/1713/1258
f 2253/1704/1310 2250/1705/1310 2400/1715/1310 2402/1714/1310
f 2100/1703/1311 2114/1703/1311 2256/1708/1311 2257/1708/1311
f 2203/1705/1312 2200/1706/1312 2348/1711/1312 2351/1710/1312
f 2249/1706/1313 2246/1707/1313 2370/1713/1313 2375/1712/1313
f 2106/1704/1314 2100/1703/1314 2257/1708/1314 2258/1709/1314
f 2199/1706/1315 2202/1705/1315 2350/1710/1315 2347/1711/1315
f 2157/1704/1316 2156/1705/1316 2309/1715/1316 2308/1714/1316
f 2245/1707/1317 2248/1706/1317 2399/1712/1317 2397/1713/1317
f 2101/1703/1311 2126/1703/1311 2259/1708/1311 2260/1708/1311
f 2207/1704/1318 2198/1703/1318 2346/1708/1318 2355/1709/1318
f 2155/1706/1316 2154/1707/1316 2311/1713/1316 2310/1712/1316
f 2247/1706/1312 2244/1707/1312 2396/1713/1312 2398/1712/1312
f 2103/1706/1319 2105/1705/1319 2261/1710/1319 2262/1711/1319
f 2197/1703/1320 2206/1704/1320 2354/1709/1320 2345/1708/1320
f 2117/1706/1321 2102/1706/1321 2264/1711/1321 2263/1711/1321
f 2205/1704/1322 2196/1703/1322 2344/1708/1322 2353/1709/1322
f 2129/1706/1321 2103/1706/1321 2262/1711/1321 2265/1711/1321
f 2208/1703/1323 2184/1703/1323 2338/1708/1323 2356/1708/1323
f 2102/1706/1324 2104/1705/1324 2266/1710/1324 2264/1711/1324
f 2210/1703/1311 2209/1703/1311 2357/1708/1311 2358/1708/1311
f 2154/1707/1325 2160/1707/1325 2312/1713/1325 2311/1713/1325
f 2105/1705/1326 2132/1705/1326 2267/1710/1326 2261/1710/1326
f 2186/1706/1321 2211/1706/1321 2359/1711/1321 2337/1711/1321
f 2161/1707/1327 2162/1707/1327 2314/1713/1327 2313/1713/1327
f 2104/1705/1326 2120/1705/1326 2268/1710/1326 2266/1710/1326
f 2212/1706/1321 2213/1706/1321 2361/1711/1321 2360/1711/1321
f 2163/1706/1328 2155/1706/1328 2310/1712/1328 2315/1712/1328
f 2107/1704/1329 2101/1703/1329 2260/1708/1329 2269/1709/1329
f 2214/1705/1326 2187/1705/1326 2336/1710/1326 2362/1710/1326
f 2165/1706/1328 2164/1706/1328 2316/1712/1328 2317/1712/1328
f 2123/1704/1330 2106/1704/1330 2258/1709/1330 2270/1709/1330
f 2216/1705/1326 2215/1705/1326 2363/1710/1326 2364/1710/1326
f 2156/1705/1331 2166/1705/1331 2318/1715/1331 2309/1715/1331
f 2135/1704/1330 2107/1704/1330 2269/1709/1330 2271/1709/1330
f 2188/1704/1332 2217/1704/1330 2365/1709/1332 2339/1709/1332
f 2167/1705/1321 2168/1705/1321 2320/1715/1321 2319/1715/1321
f 2108/1703/1311 2110/1703/1311 2272/1708/1311 2273/1708/1311
f 2218/1704/1330 2219/1704/1330 2367/1709/1330 2366/1709/1330
f 2169/1704/1333 2157/1704/1333 2308/1714/1333 2321/1714/1333
f 2111/1704/1330 2109/1704/1330 2275/1709/1330 2274/1709/1330
f 2219/1704/1334 2210/1703/1334 2358/1708/1334 2367/1709/1334
f 2171/1704/1333 2170/1704/1333 2322/1714/1333 2323/1714/1333
f 2109/1704/1335 2108/1703/1335 2273/1708/1335 2275/1709/1335
f 2209/1703/1336 2218/1704/1336 2366/1709/1336 2357/1708/1336
f 2162/1707/1317 2165/1706/1317 2317/1712/1317 2314/1713/1337
f 2110/1703/1338 2111/1704/1338 2274/1709/1338 2272/1708/1338
f 2217/1704/1339 2208/1703/1339 2356/1708/1339 2365/1709/1339
f 2164/1706/1312 2161/1707/1312 2313/1713/1312 2316/1712/1312
f 2113/1703/1323 2112/1703/1323 2276/1708/1323 2277/1708/1323
f 2213/1706/1319 2216/1705/1319 2364/1710/1319 2361/1711/1319
f 2160/1707/1315 2163/1706/1315 2315/1712/1315 2312/1713/1315
f 2115/1706/1321 2116/1706/1321 2279/1711/1321 2278/1711/1321
f 2215/1705/1336 2212/1706/1336 2360/1711/1336 2363/1710/1336
f 2168/1705/1317 2171/1704/1317 2323/1714/1317 2320/1715/1317
f 2119/1705/1326 2118/1705/1326 2280/1710/1326 2281/1710/1326
f 2211/1706/1334 2214/1705/1334 2362/1710/1334 2359/1711/1334
f 2170/1704/1340 2167/1705/1340 2319/1715/1340 2322/1714/1341
f 2121/1704/1332 2122/1704/1332 2283/1709/1332 2282/1709/1332
f 2234/1707/1327 2220/1707/1327 2369/1713/1327 2368/1713/1327
f 2166/1705/1315 2169/1704/1315 2321/1714/1315 2318/1715/1315
f 2120/1705/1316 2117/1706/1316 2263/1711/1316 2268/1710/1316
f 2246/1707/1327 2221/1707/1327 2371/1713/1327 2370/1713/1327
f 2148/1707/1327 2172/1707/1327 2324/1713/1327 2305/1713/1327
f 2116/1706/1317 2119/1705/1317 2281/1710/1317 2279/1711/1317
f 2221/1707/1334 2223/1706/1334 2372/1712/1334 2371/1713/1334
f 2173/1707/1327 2174/1707/1327 2326/1713/1327 2325/1713/1327
f 2118/1705/1316 2115/1706/1316 2278/1711/1316 2280/1710/1316
f 2220/1707/1334 2222/1706/1334 2373/1712/1334 2369/1713/1334
f 2175/1706/1328 2149/1706/1328 2304/1712/1328 2327/1712/1328
f 2114/1703/1316 2123/1704/1316 2270/1709/1316 2256/1708/1316
f 2222/1706/1328 2237/1706/1328 2374/1712/1328 2373/1712/1328
f 2177/1706/1328 2176/1706/1328 2328/1712/1328 2329/1712/1328
f 2122/1704/1317 2113/1703/1317 2277/1708/1317 2283/1709/1317
f 2223/1706/1328 2249/1706/1328 2375/1712/1328 2372/1712/1328
f 2150/1705/1321 2178/1705/1321 2330/1715/1321 2307/1715/1321
f 2112/1703/1316 2121/1704/1320 2282/1709/1316 2276/1708/1320
f 2225/1705/1319 2227/1704/1319 2376/1714/1319 2377/1715/1319
f 2179/1705/1321 2180/1705/1321 2332/1715/1321 2331/1715/1321
f 2125/1703/1311 2124/1703/1311 2284/1708/1311 2285/1708/1311
f 2252/1705/1321 2225/1705/1321 2377/1715/1321 2378/1715/1321
f 2181/1704/1333 2152/1704/1333 2306/1714/1333 2333/1714/1333
f 2127/1706/1321 2128/1706/1321 2287/1711/1321 2286/1711/1321
f 2240/1705/1321 2224/1705/1321 2380/1715/1321 2379/1715/1321
f 2183/1704/1333 2182/1704/1333 2334/1714/1333 2335/1714/1333
f 2131/1705/1326 2130/1705/1326 2288/1710/1326 2289/1710/1326
f 2224/1705/1319 2226/1704/1319 2381/1714/1319 2380/1715/1319
f 2180/1705/1334 2183/1704/1334 2335/1714/1334 2332/1715/1334
f 2133/1704/1330 2134/1704/1330 2291/1709/1330 2290/1709/1330
f 2226/1704/1342 2243/1704/1342 2382/1714/1342 2381/1714/1342
f 2182/1704/1336 2179/1705/1336 2331/1715/1336 2334/1714/1336
f 2126/1703/1343 2135/1704/1343 2271/1709/1343 2259/1708/1343
f 2227/1704/1342 2255/1704/1342 2383/1714/1342 2376/1714/1342
f 2178/1705/1334 2181/1704/1334 2333/1714/1334 2330/1715/1334
f 2134/1704/1317 2125/1703/1317 2285/1708/1317 2291/1709/1317
f 2230/1705/1321 2228/1705/1321 2385/1715/1321 2384/1715/1321
f 2174/1707/1334 2177/1706/1334 2329/1712/1334 2326/1713/1334
f 2124/1703/1312 2133/1704/1312 2290/1709/1312 2284/1708/1312
f 2229/1704/1333 2231/1704/1333 2386/1714/1333 2387/1714/1333
f 2176/1706/1310 2173/1707/1310 2325/1713/1310 2328/1712/1310
f 2132/1705/1343 2129/1706/1343 2265/1711/1343 2267/1710/1343
f 2228/1705/1344 2229/1704/1345 2387/1714/1344 2385/1715/1346
f 2172/1707/1334 2175/1706/1334 2327/1712/1334 2324/1713/1334
f 2128/1706/1317 2131/1705/1317 2289/1710/1317 2287/1711/1317
f 2231/1704/1338 2230/1705/1338 2384/1715/1338 2386/1714/1338
f 2187/1705/1347 2186/1706/1347 2337/1711/1347 2336/1710/1347
f 2130/1705/1312 2127/1706/1312 2286/1711/1312 2288/1710/1312
f 2232/1707/1327 2233/1707/1327 2389/1713/1327 2388/1713/1327
f 2184/1703/1316 2188/1704/1316 2339/1709/1316 2338/1708/1316
f 2137/1705/1348 2136/1706/1348 2293/1711/1348 2292/1710/1348
f 2236/1706/1349 2235/1706/1349 2390/1712/1349 2391/1712/1349
f 2140/1706/1321 2138/1706/1321 2295/1711/1321 2294/1711/1321
f 2238/1705/1321 2239/1705/1321 2393/1715/1321 2392/1715/1321
f 2190/1703/1316 2193/1704/1316 2341/1709/1316 2340/1708/1316
f 2139/1705/1326 2141/1705/1326 2296/1710/1326 2297/1710/1326
f 2242/1704/1326 2241/1704/1326 2394/1714/1326 2395/1714/1326
f 2192/1705/1316 2191/1706/1316 2343/1711/1316 2342/1710/1316
f 2138/1706/1350 2139/1705/1350 2297/1710/1350 2295/1711/1350
f 2237/1706/1316 2234/1707/1316 2368/1713/1316 2374/1712/1316
f 2136/1706/1321 2140/1706/1321 2294/1711/1321 2293/1711/1321
f 2233/1707/1317 2236/1706/1317 2391/1712/1317 2389/1713/1317
f 2141/1705/1326 2137/1705/1326 2292/1710/1326 2296/1710/1326
f 2235/1706/1347 2232/1707/1347 2388/1713/1347 2390/1712/1347
f 2243/1704/1316 2240/1705/1316 2379/1715/1316 2382/1714/1316
f 2196/1703/1311 2190/1703/1311 2340/1708/1311 2344/1708/1311
f 2143/1706/1348 2142/1707/1348 2299/1713/1348 2298/1712/1348
f 2239/1705/1317 2242/1704/1317 2395/1714/1317 2393/1715/1317
f 2198/1703/1351 2197/1703/1323 2345/1708/1351 2346/1708/1351
f 2146/1707/1327 2144/1707/1352 2301/1713/1352 2300/1713/1327
f 2241/1704/1316 2238/1705/1316 2392/1715/1316 2394/1714/1316
f 2191/1706/1331 2199/1706/1331 2347/1711/1331 2343/1711/1331
f 2145/1706/1328 2147/1706/1328 2302/1712/1328 2303/1712/1328
f 2244/1707/1327 2245/1707/1327 2397/1713/1327 2396/1713/1327
f 2200/1706/1321 2201/1706/1321 2349/1711/1321 2348/1711/1321
f 2144/1707/1350 2145/1706/1350 2303/1712/1350 2301/1713/1350
f 2248/1706/1349 2247/1706/1349 2398/1712/1349 2399/1712/1349
f 2202/1705/1326 2192/1705/1326 2342/1710/1326 2350/1710/1326
f 2142/1707/1327 2146/1707/1327 2300/1713/1327 2299/1713/1327
f 2250/1705/1321 2251/1705/1321 2401/1715/1321 2400/1715/1321
f 2204/1705/1326 2203/1705/1326 2351/1710/1326 2352/1710/1326
f 2147/1706/1328 2143/1706/1328 2298/1712/1328 2302/1712/1328
f 2254/1704/1342 2253/1704/1342 2402/1714/1342 2403/1714/1342
f 2193/1704/1330 2205/1704/1330 2353/1709/1330 2341/1709/1330
f 2255/1704/1313 2252/1705/1313 2378/1715/1313 2383/1714/1313
f 2206/1704/1353 2207/1704/1353 2355/1709/1353 2354/1709/1354
f 2149/1706/1316 2148/1707/1316 2305/1713/1316 2304/1712/1316
f 2251/1705/1317 2254/1704/1317 2403/1714/1317 2401/1715/1317
f 2201/1706/1317 2204/1705/1317 2352/1710/1317 2349/1711/1317
f 2152/1704/1316 2150/1705/1316 2307/1715/1316 2306/1714/1316
f 2409/1716/1258 2407/1716/1258 2404/1715/1258 2405/1715/1258
f 2408/1708/1258 2406/1708/1258 2407/1716/1258 2409/1716/1258
f 2185/1703/1355 2406/1708/1355 2408/1708/1355 2194/1703/1355
f 2153/1704/1356 2407/1716/1356 2409/1716/1356 2159/1704/1356
f 2151/1705/1357 2404/1715/1357 2407/1716/1358 2153/1704/1357
f 2195/1704/1359 2409/1716/1359 2407/1716/1359 2189/1704/1359
f 2159/1704/1360 2409/1716/1360 2405/1715/1360 2158/1705/1360
f 2189/1704/1358 2407/1716/1358 2406/1708/1358 2185/1703/1358
f 2158/1705/1361 2405/1715/1361 2404/1715/1361 2151/1705/1361
f 2194/1703/1362 2408/1708/1362 2409/1716/1362 2195/1704/1362
f 2419/1717/1258 2413/1718/1258 2412/1718/1258 2418/1717/1258
f 2421/1719/1257 2420/1719/1257 2416/1720/1257 2417/1720/1257
f 2419/1717/1261 2411/1721/1261 2415/1722/1261 2421/1719/1261
f 2418/1717/1260 2412/1718/1260 2416/1720/1260 2420/1719/1260
f 2412/1718/1259 2413/1718/1259 2417/1720/1259 2416/1720/1259
f 2411/1721/1263 2410/1721/1263 2414/1722/1263 2415/1722/1263
f 2414/1722/1263 2410/1721/1263 2423/1721/1263 2422/1722/1263
f 2413/1718/1261 2419/1717/1261 2421/1719/1261 2417/1720/1261
f 2415/1722/1257 2414/1722/1257 2420/1719/1257 2421/1719/1257
f 2411/1721/1258 2419/1717/1258 2418/1717/1258 2410/1721/1258
f 2423/1721/1260 2424/1717/1260 2425/1719/1260 2422/1722/1260
f 2418/1717/1259 2420/1719/1259 2425/1719/1259 2424/1717/1259
f 2420/1719/1257 2414/1722/1257 2422/1722/1257 2425/1719/1257
f 2410/1721/1258 2418/1717/1258 2424/1717/1258 2423/1721/1258
f 2430/1723/1257 2429/1724/1257 2428/1725/1257
f 2435/1726/1263 2436/1726/1263 2452/1727/1263 2451/1727/1263
f 2428/1725/1363 2429/1724/1363 2445/1728/1363 2444/1729/1363
f 2426/1724/1364 2427/1725/1364 2442/1729/1364 2443/1728/1364
f 2433/1723/1261 2426/1724/1261 2443/1728/1261 2449/1730/1261
f 2431/1731/1263 2432/1731/1263 2448/1732/1263 2447/1732/1263
f 2429/1724/1260 2430/1723/1260 2446/1730/1260 2445/1728/1260
f 2427/1725/1259 2428/1725/1259 2444/1729/1259 2442/1729/1259
f 2432/1731/1365 2433/1723/1365 2449/1730/1365 2448/1732/1365
f 2430/1723/1366 2431/1731/1366 2447/1732/1366 2446/1730/1366
f 2435/1726/1367 2434/1733/1258 2443/1728/1258 2442/1729/1367
f 2436/1726/1368 2435/1726/1367 2442/1729/1367 2444/1729/1368
f 2437/1733/1258 2436/1726/1368 2444/1729/1368 2445/1728/1258
f 2438/1734/1258 2437/1733/1258 2445/1728/1258 2446/1730/1258
f 2439/1735/1369 2438/1734/1258 2446/1730/1258 2447/1732/1369
f 2440/1735/1370 2439/1735/1369 2447/1732/1369 2448/1732/1370
f 2441/1734/1258 2440/1735/1370 2448/1732/1370 2449/1730/1258
f 2434/1733/1258 2441/1734/1258 2449/1730/1258 2443/1728/1258
f 2454/1736/1258 2456/1737/1258 2450/1738/1258
f 2440/1735/1363 2441/1734/1363 2457/1739/1363 2456/1740/1363
f 2438/1734/1364 2439/1735/1364 2455/1740/1364 2454/1739/1364
f 2436/1726/1365 2437/1733/1365 2453/1741/1365 2452/1727/1365
f 2434/1733/1366 2435/1726/1366 2451/1727/1366 2450/1741/1366
f 2441/1734/1260 2434/1733/1260 2450/1741/1260 2457/1739/1260
f 2439/1735/1259 2440/1735/1259 2456/1740/1259 2455/1740/1259
f 2437/1733/1261 2438/1734/1261 2454/1739/1261 2453/1741/1261
f 2459/1742/1371 2458/1742/1371 2460/1743/1371 2461/1743/1371
f 2462/1744/1372 2464/1745/1372 2465/1745/1372 2463/1744/1372
f 2460/1743/1373 2466/1746/1374 2470/1747/1374 2465/1745/1373
f 2460/1743/1373 2465/1745/1373 2464/1745/1373 2461/1743/1373
f 2461/1743/1375 2469/1746/1375 2468/1748/1375 2459/1742/1375
f 2459/1742/1376 2462/1744/1376 2463/1744/1376 2458/1742/1376
f 2469/1746/1261 2473/1747/1261 2472/1749/1261 2468/1748/1261
f 2467/1748/1260 2471/1749/1260 2470/1747/1260 2466/1746/1260
f 2459/1742/1376 2468/1748/1377 2472/1749/1377 2462/1744/1376
f 2465/1745/1378 2470/1747/1378 2471/1749/1378 2463/1744/1378
f 2458/1742/1379 2467/1748/1379 2466/1746/1379 2460/1743/1379
f 2463/1744/1376 2471/1749/1380 2467/1748/1380 2458/1742/1376
f 2464/1745/1373 2473/1747/1381 2469/1746/1381 2461/1743/1373
f 2462/1744/1382 2472/1749/1382 2473/1747/1382 2464/1745/1382
f 2474/1750/1371 2475/1750/1371 2477/1751/1371 2476/1751/1371
f 2476/1751/1383 2477/1751/1383 2481/1752/1383 2480/1752/1383
f 2480/1752/1372 2481/1752/1372 2479/1753/1372 2478/1753/1372
f 2478/1753/1373 2479/1753/1373 2475/1750/1373 2474/1750/1373
f 2476/1751/1260 2480/1752/1260 2478/1753/1260 2474/1750/1260
f 2481/1752/1261 2477/1751/1261 2475/1750/1261 2479/1753/1261
f 2482/1754/1371 2483/1754/1371 2485/1755/1371 2484/1755/1371
f 2484/1755/1383 2485/1755/1383 2489/1756/1383 2488/1756/1383
f 2488/1756/1384 2489/1756/1384 2487/1757/1384 2486/1757/1384
f 2486/1757/1385 2487/1757/1385 2483/1754/1385 2482/1754/1385
f 2484/1755/1260 2488/1756/1260 2486/1757/1260 2482/1754/1260
f 2489/1756/1261 2485/1755/1261 2483/1754/1261 2487/1757/1261
f 2490/1758/1386 2491/1758/1386 2493/1759/1386 2492/1759/1386
f 2492/1759/1376 2493/1759/1376 2497/1760/1376 2496/1760/1376
f 2496/1760/1372 2497/1760/1372 2495/1761/1372 2494/1761/1372
f 2494/1761/1373 2495/1761/1373 2491/1758/1373 2490/1758/1373
f 2492/1759/1260 2496/1760/1260 2494/1761/1260 2490/1758/1260
f 2497/1760/1261 2493/1759/1261 2491/1758/1261 2495/1761/1261
f 2498/1750/1371 2499/1750/1371 2501/1751/1371 2500/1751/1371
f 2500/1751/1383 2501/1751/1383 2505/1752/1383 2504/1752/1383
f 2504/1752/1372 2505/1752/1372 2503/1753/1372 2502/1753/1372
f 2502/1753/1373 2503/1753/1373 2499/1750/1373 2498/1750/1373
f 2500/1751/1260 2504/1752/1260 2502/1753/1260 2498/1750/1260
f 2505/1752/1261 2501/1751/1261 2499/1750/1261 2503/1753/1261
f 2506/1762/1386 2507/1762/1386 2509/1763/1386 2508/1763/1386
f 2508/1763/1376 2509/1763/1376 2513/1764/1376 2512/1764/1376
f 2512/1764/1384 2513/1764/1384 2511/1765/1384 2510/1765/1384
f 2510/1765/1373 2511/1765/1373 2507/1762/1373 2506/1762/1373
f 2508/1763/1260 2512/1764/1260 2510/1765/1260 2506/1762/1260
f 2513/1764/1261 2509/1763/1261 2507/1762/1261 2511/1765/1261
f 2514/1754/1371 2515/1754/1371 2517/1755/1371 2516/1755/1371
f 2516/1755/1383 2517/1755/1383 2521/1756/1383 2520/1756/1383
f 2520/1756/1384 2521/1756/1384 2519/1757/1384 2518/1757/1384
f 2518/1757/1385 2519/1757/1385 2515/1754/1385 2514/1754/1385
f 2516/1755/1260 2520/1756/1260 2518/1757/1260 2514/1754/1260
f 2521/1756/1261 2517/1755/1261 2515/1754/1261 2519/1757/1261
f 2522/1766/1386 2523/1766/1386 2525/1767/1386 2524/1767/1386
f 2524/1767/1387 2525/1767/1387 2529/1768/1387 2528/1768/1387
f 2528/1768/1372 2529/1768/1372 2527/1769/1372 2526/1769/1372
f 2526/1769/1373 2527/1769/1373 2523/1766/1373 2522/1766/1373
f 2524/1767/1260 2528/1768/1260 2526/1769/1260 2522/1766/1260
f 2529/1768/1261 2525/1767/1261 2523/1766/1261 2527/1769/1261
f 2530/1758/1386 2531/1758/1386 2533/1759/1386 2532/1759/1386
f 2532/1759/1376 2533/1759/1376 2537/1760/1376 2536/1760/1376
f 2536/1760/1372 2537/1760/1372 2535/1761/1372 2534/1761/1372
f 2534/1761/1373 2535/1761/1373 2531/1758/1373 2530/1758/1373
f 2532/1759/1260 2536/1760/1260 2534/1761/1260 2530/1758/1260
f 2537/1760/1261 2533/1759/1261 2531/1758/1261 2535/1761/1261
f 2538/1750/1371 2539/1750/1371 2541/1751/1371 2540/1751/1371
f 2540/1751/1383 2541/1751/1383 2545/1752/1383 2544/1752/1383
f 2544/1752/1372 2545/1752/1372 2543/1753/1372 2542/1753/1372
f 2542/1753/1373 2543/1753/1373 2539/1750/1373 2538/1750/1373
f 2540/1751/1260 2544/1752/1260 2542/1753/1260 2538/1750/1260
f 2545/1752/1261 2541/1751/1261 2539/1750/1261 2543/1753/1261
f 2546/1762/1386 2547/1762/1386 2549/1763/1386 2548/1763/1386
f 2548/1763/1376 2549/1763/1376 2553/1764/1376 2552/1764/1376
f 2552/1764/1384 2553/1764/1384 2551/1765/1384 2550/1765/1384
f 2550/1765/1373 2551/1765/1373 2547/1762/1373 2546/1762/1373
f 2548/1763/1260 2552/1764/1260 2550/1765/1260 2546/1762/1260
f 2553/1764/1261 2549/1763/1261 2547/1762/1261 2551/1765/1261
f 2554/1754/1371 2555/1754/1371 2557/1755/1371 2556/1755/1371
f 2556/1755/1383 2557/1755/1383 2561/1756/1383 2560/1756/1383
f 2560/1756/1384 2561/1756/1384 2559/1757/1384 2558/1757/1384
f 2558/1757/1385 2559/1757/1385 2555/1754/1385 2554/1754/1385
f 2556/1755/1260 2560/1756/1260 2558/1757/1260 2554/1754/1260
f 2561/1756/1261 2557/1755/1261 2555/1754/1261 2559/1757/1261
f 2562/1766/1386 2563/1766/1386 2565/1767/1386 2564/1767/1386
f 2564/1767/1387 2565/1767/1387 2569/1768/1387 2568/1768/1387
f 2568/1768/1372 2569/1768/1372 2567/1769/1372 2566/1769/1372
f 2566/1769/1373 2567/1769/1373 2563/1766/1373 2562/1766/1373
f 2564/1767/1260 2568/1768/1260 2566/1769/1260 2562/1766/1260
f 2569/1768/1261 2565/1767/1261 2563/1766/1261 2567/1769/1261
f 2570/1758/1386 2571/1758/1386 2573/1759/1386 2572/1759/1386
f 2572/1759/1376 2573/1759/1376 2577/1760/1376 2576/1760/1376
f 2576/1760/1372 2577/1760/1372 2575/1761/1372 2574/1761/1372
f 2574/1761/1373 2575/1761/1373 2571/1758/1373 2570/1758/1373
f 2572/1759/1260 2576/1760/1260 2574/1761/1260 2570/1758/1260
f 2577/1760/1261 2573/1759/1261 2571/1758/1261 2575/1761/1261
f 2578/1770/1386 2579/1770/1386 2581/1771/1386 2580/1771/1386
f 2580/1771/1376 2581/1771/1376 2585/1772/1376 2584/1772/1376
f 2584/1772/1384 2585/1772/1384 2583/1773/1384 2582/1773/1384
f 2582/1773/1373 2583/1773/1373 2579/1770/1373 2578/1770/1373
f 2580/1771/1260 2584/1772/1260 2582/1773/1260 2578/1770/1260
f 2585/1772/1261 2581/1771/1261 2579/1770/1261 2583/1773/1261
f 2586/1774/1386 2587/1774/1386 2589/1775/1386 2588/1775/1386
f 2588/1775/1388 2589/1775/1388 2593/1776/1388 2592/1776/1388
f 2592/1776/1372 2593/1776/1372 2591/1777/1372 2590/1777/1372
f 2590/1777/1373 2591/1777/1373 2587/1774/1373 2586/1774/1373
f 2588/1775/1260 2592/1776/1260 2590/1777/1260 2586/1774/1260
f 2593/1776/1261 2589/1775/1261 2587/1774/1261 2591/1777/1261
f 2594/1778/1371 2595/1778/1371 2597/1779/1371 2596/1779/1371
f 2596/1779/1383 2597/1779/1383 2601/1780/1383 2600/1780/1383
f 2600/1780/1384 2601/1780/1384 2599/1781/1384 2598/1781/1384
f 2598/1781/1385 2599/1781/1385 2595/1778/1385 2594/1778/1385
f 2596/1779/1260 2600/1780/1260 2598/1781/1260 2594/1778/1260
f 2601/1780/1261 2597/1779/1261 2595/1778/1261 2599/1781/1261
f 2602/1782/1371 2603/1782/1371 2605/1783/1371 2604/1783/1371
f 2604/1783/1383 2605/1783/1383 2609/1784/1383 2608/1784/1383
f 2608/1784/1372 2609/1784/1372 2607/1785/1372 2606/1785/1372
f 2606/1785/1373 2607/1785/1373 2603/1782/1373 2602/1782/1373
f 2604/1783/1260 2608/1784/1260 2606/1785/1260 2602/1782/1260
f 2609/1784/1261 2605/1783/1261 2603/1782/1261 2607/1785/1261
f 2610/1778/1371 2611/1778/1371 2613/1779/1371 2612/1779/1371
f 2612/1779/1383 2613/1779/1383 2617/1780/1383 2616/1780/1383
f 2616/1780/1384 2617/1780/1384 2615/1781/1384 2614/1781/1384
f 2614/1781/1385 2615/1781/1385 2611/1778/1385 2610/1778/1385
f 2612/1779/1260 2616/1780/1260 2614/1781/1260 2610/1778/1260
f 2617/1780/1261 2613/1779/1261 2611/1778/1261 2615/1781/1261
f 2618/1786/1386 2619/1786/1386 2621/1787/1386 2620/1787/1386
f 2620/1787/1376 2621/1787/1376 2625/1788/1376 2624/1788/1376
f 2624/1788/1372 2625/1788/1372 2623/1789/1372 2622/1789/1372
f 2622/1789/1373 2623/1789/1373 2619/1786/1373 2618/1786/1373
f 2620/1787/1260 2624/1788/1260 2622/1789/1260 2618/1786/1260
f 2625/1788/1261 2621/1787/1261 2619/1786/1261 2623/1789/1261
f 2627/1790/1260 2629/1791/1260 2628/1792/1260 2626/1793/1260
f 2631/1790/1261 2630/1793/1261 2632/1792/1261 2633/1791/1261
f 2626/1793/1257 2628/1792/1257 2632/1792/1257 2630/1793/1257
f 2627/1790/1263 2626/1793/1263 2630/1793/1263 2631/1790/1263
f 2629/1791/1258 2627/1790/1258 2631/1790/1258 2633/1791/1258
f 2628/1792/1259 2629/1791/1259 2633/1791/1259 2632/1792/1259
f 2640/1794/1257 2638/1795/1257 2636/1796/1257
f 2645/1797/1389 2646/1798/1389 2662/1799/1389 2661/1800/1389
f 2638/1795/1390 2639/1801/1390 2655/1802/1390 2654/1799/1390
f 2636/1796/1391 2637/1803/1391 2653/1804/1391 2652/1805/1391
f 2634/1795/1392 2635/1803/1392 2650/1804/1392 2651/1799/1392
f 2641/1801/1393 2634/1795/1393 2651/1799/1393 2657/1802/1393
f 2639/1801/1394 2640/1794/1394 2656/1806/1394 2655/1802/1394
f 2637/1803/1395 2638/1795/1395 2654/1799/1395 2653/1804/1395
f 2635/1803/1396 2636/1796/1396 2652/1805/1396 2650/1804/1396
f 2640/1794/1397 2641/1801/1397 2657/1802/1397 2656/1806/1397
f 2642/1797/1398 2643/1798/1398 2651/1799/1398 2650/1804/1399
f 2644/1807/1400 2642/1797/1400 2650/1804/1400 2652/1805/1400
f 2645/1797/1401 2644/1807/1402 2652/1805/1402 2653/1804/1402
f 2646/1798/1403 2645/1797/1403 2653/1804/1403 2654/1799/1403
f 2647/1808/1404 2646/1798/1404 2654/1799/1404 2655/1802/1404
f 2648/1809/1405 2647/1808/1405 2655/1802/1405 2656/1806/1405
f 2649/1808/1406 2648/1809/1407 2656/1806/1408 2657/1802/1409
f 2643/1798/1410 2649/1808/1410 2657/1802/1410 2651/1799/1411
f 2665/1810/1258 2659/1811/1258 2662/1811/1258
f 2642/1797/1412 2644/1807/1413 2660/1812/1412 2658/1800/1412
f 2648/1809/1414 2649/1808/1415 2665/1813/1414 2664/1814/1415
f 2646/1798/1416 2647/1808/1416 2663/1813/1416 2662/1799/1416
f 2644/1807/1417 2645/1797/1417 2661/1800/1417 2660/1812/1417
f 2643/1798/1418 2642/1797/1419 2658/1800/1419 2659/1799/1419
f 2649/1808/1420 2643/1798/1420 2659/1799/1420 2665/1813/1420
f 2647/1808/1421 2648/1809/1422 2664/1814/1423 2663/1813/1421
f 2675/1815/1260 2674/1816/1260 2684/1817/1260
f 2670/1818/1258 2688/1818/1258 2690/1819/1258 2674/1816/1258
f 2668/1820/1424 2673/1821/1424 2672/1822/1424
f 2666/1823/1425 2685/1824/1425 2671/1825/1425 2673/1821/1425
f 2666/1823/1426 2673/1821/1426 2668/1820/1426
f 2666/1826/1427 2675/1815/1427 2694/1827/1427
f 2673/1821/1261 2689/1828/1261 2687/1829/1261 2672/1822/1261
f 2683/1830/1259 2682/1831/1259 2706/1831/1259
f 2674/1816/1258 2678/1831/1258 2677/1818/1258 2670/1818/1258
f 2668/1832/1428 2669/1833/1428 2675/1815/1428
f 2669/1833/1257 2676/1833/1257 2679/1830/1257 2675/1815/1257
f 2675/1815/1429 2679/1830/1429 2678/1831/1429 2674/1816/1429
f 2683/1830/1260 2680/1833/1260 2681/1818/1260 2682/1831/1260
f 2706/1831/1261 2710/1834/1261 2711/1835/1261 2707/1818/1261
f 2676/1833/1257 2680/1833/1257 2683/1830/1257 2679/1830/1257
f 2690/1819/1258 2684/1817/1258 2674/1816/1258
f 2666/1826/1430 2667/1836/1430 2685/1837/1430
f 2671/1825/1431 2691/1838/1431 2689/1828/1431 2673/1821/1431
f 2688/1818/1258 2687/1818/1258 2689/1819/1258 2690/1819/1258
f 2691/1839/1258 2692/1840/1258 2712/1817/1258
f 2692/1840/1432 2691/1839/1432 2671/1841/1432
f 2692/1840/1258 2693/1842/1258 2684/1817/1258
f 2667/1836/1433 2693/1842/1433 2692/1840/1433 2685/1837/1433
f 2692/1840/1434 2671/1841/1434 2685/1837/1434
f 2684/1817/1260 2694/1827/1260 2675/1815/1260
f 2703/1843/1435 2701/1844/1435 2699/1844/1435 2702/1843/1435
f 2690/1819/1258 2712/1817/1258 2684/1817/1258
f 2686/1836/1436 2695/1827/1436 2697/1817/1437 2698/1842/1438
f 2684/1817/1263 2697/1817/1263 2695/1827/1263 2694/1827/1263
f 2667/1836/1439 2686/1836/1439 2698/1842/1439 2693/1842/1439
f 2694/1827/1257 2695/1827/1257 2686/1836/1257 2667/1836/1257
f 2699/1844/1258 2701/1844/1258 2700/1845/1258 2696/1845/1258
f 2704/1846/1260 2700/1845/1260 2701/1844/1260 2703/1843/1260
f 2702/1843/1261 2699/1844/1261 2696/1845/1261 2705/1846/1261
f 2705/1846/1263 2696/1845/1263 2700/1845/1263 2704/1846/1263
f 2695/1827/1258 2683/1830/1258 2679/1830/1258
f 2684/1817/1263 2705/1846/1263 2704/1846/1263 2697/1817/1263
f 2693/1842/1261 2702/1843/1261 2705/1846/1261 2684/1817/1261
f 2697/1817/1437 2704/1846/1260 2703/1843/1260 2698/1842/1438
f 2698/1842/1440 2703/1843/1440 2702/1843/1440 2693/1842/1440
f 2678/1831/1258 2706/1831/1258 2707/1818/1258 2677/1818/1258
f 2710/1834/1258 2709/1834/1258 2708/1835/1258 2711/1835/1258
f 2681/1818/1260 2708/1835/1260 2709/1834/1260 2682/1831/1260
f 2682/1831/1259 2709/1834/1259 2710/1834/1259 2706/1831/1259
f 2712/1817/1258 2692/1840/1258 2684/1817/1258
f 2714/1847/1441 2715/1848/1442 2713/1849/1443
f 2716/1849/1444 2714/1847/1441 2713/1849/1443
f 2718/1850/1257 2717/1851/1257 2719/1852/1257
f 2720/1851/1257 2717/1851/1257 2718/1850/1257
f 2716/1849/1263 2713/1849/1263 2717/1851/1263 2720/1851/1263
f 2715/1848/1445 2714/1847/1445 2722/1853/1445 2721/1854/1445
f 2713/1849/1260 2715/1848/1260 2719/1852/1260 2717/1851/1260
f 2714/1847/1261 2716/1849/1261 2720/1851/1261 2718/1850/1261
f 2721/1854/1446 2722/1853/1446 2724/1855/1446 2723/1856/1446
f 2719/1852/1260 2715/1848/1260 2721/1854/1260 2723/1856/1260
f 2718/1850/1257 2719/1852/1257 2723/1856/1257 2724/1855/1257
f 2714/1847/1261 2718/1850/1261 2724/1855/1261 2722/1853/1261
f 2730/1857/1260 2735/1858/1260 2729/1859/1260
f 2670/1818/1258 2729/1859/1258 2739/1860/1258 2688/1818/1258
f 2668/1820/1424 2672/1822/1424 2728/1861/1424
f 2725/1862/1447 2728/1861/1447 2727/1863/1447 2736/1864/1447
f 2725/1862/1448 2668/1820/1448 2728/1861/1448
f 2730/1857/1449 2668/1832/1449 2725/1865/1449
f 2728/1861/1261 2672/1822/1261 2687/1829/1261 2738/1866/1261
f 2755/1867/1263 2733/1867/1263 2734/1868/1263
f 2729/1859/1258 2670/1818/1258 2677/1818/1258 2731/1867/1258
f 2668/1832/1428 2730/1857/1428 2669/1833/1428
f 2669/1833/1257 2730/1857/1257 2732/1868/1257 2676/1833/1257
f 2730/1857/1450 2729/1859/1450 2731/1867/1450 2732/1868/1450
f 2734/1868/1260 2733/1867/1260 2681/1818/1260 2680/1833/1260
f 2755/1867/1261 2707/1818/1261 2711/1835/1261 2757/1869/1261
f 2676/1833/1257 2732/1868/1257 2734/1868/1257 2680/1833/1257
f 2739/1860/1258 2729/1859/1258 2735/1858/1258
f 2725/1865/1451 2736/1870/1451 2726/1871/1451
f 2727/1863/1452 2728/1861/1452 2738/1866/1452 2740/1872/1452
f 2688/1818/1258 2739/1860/1258 2738/1860/1258 2687/1818/1258
f 2758/1858/1258 2740/1873/1258 2738/1860/1258
f 2741/1874/1453 2727/1875/1453 2740/1873/1453
f 2741/1874/1258 2735/1858/1258 2742/1876/1258
f 2726/1871/1454 2736/1870/1454 2741/1874/1454 2742/1876/1454
f 2741/1874/1455 2736/1870/1455 2727/1875/1455
f 2735/1858/1260 2730/1857/1260 2743/1877/1260
f 2752/1878/1456 2751/1878/1456 2748/1879/1456 2750/1879/1456
f 2739/1860/1258 2735/1858/1258 2758/1858/1258
f 2737/1871/1457 2747/1876/1458 2746/1858/1459 2744/1877/1457
f 2735/1858/1259 2743/1877/1259 2744/1877/1259 2746/1858/1259
f 2726/1871/1460 2742/1876/1460 2747/1876/1460 2737/1871/1460
f 2743/1877/1257 2726/1871/1257 2737/1871/1257 2744/1877/1257
f 2748/1879/1258 2745/1880/1258 2749/1880/1258 2750/1879/1258
f 2753/1881/1260 2752/1878/1260 2750/1879/1260 2749/1880/1260
f 2751/1878/1261 2754/1881/1261 2745/1880/1261 2748/1879/1261
f 2754/1881/1259 2753/1881/1259 2749/1880/1259 2745/1880/1259
f 2732/1868/1258 2734/1868/1258 2744/1877/1258
f 2735/1858/1259 2746/1858/1259 2753/1881/1259 2754/1881/1259
f 2742/1876/1261 2735/1858/1261 2754/1881/1261 2751/1878/1261
f 2746/1858/1459 2747/1876/1458 2752/1878/1260 2753/1881/1260
f 2747/1876/1461 2742/1876/1461 2751/1878/1461 2752/1878/1461
f 2731/1867/1258 2677/1818/1258 2707/1818/1258 2755/1867/1258
f 2757/1869/1258 2711/1835/1258 2708/1835/1258 2756/1869/1258
f 2681/1818/1260 2733/1867/1260 2756/1869/1260 2708/1835/1260
f 2733/1867/1263 2755/1867/1263 2757/1869/1263 2756/1869/1263
f 2758/1858/1258 2735/1858/1258 2741/1874/1258
f 2760/1882/1462 2759/1883/1463 2761/1884/1464
f 2762/1883/1465 2759/1883/1463 2760/1882/1462
f 2764/1885/1257 2765/1886/1257 2763/1887/1257
f 2766/1887/1257 2764/1885/1257 2763/1887/1257
f 2762/1883/1259 2766/1887/1259 2763/1887/1259 2759/1883/1259
f 2761/1884/1445 2767/1888/1445 2768/1889/1445 2760/1882/1445
f 2759/1883/1260 2763/1887/1260 2765/1886/1260 2761/1884/1260
f 2760/1882/1261 2764/1885/1261 2766/1887/1261 2762/1883/1261
f 2767/1888/1466 2769/1890/1466 2770/1891/1466 2768/1889/1466
f 2765/1886/1260 2769/1890/1260 2767/1888/1260 2761/1884/1260
f 2764/1885/1257 2770/1891/1257 2769/1890/1257 2765/1886/1257
f 2760/1882/1261 2768/1889/1261 2770/1891/1261 2764/1885/1261
f 2771/1892/1263 2772/1892/1263 2779/1893/1263 2780/1893/1263
f 2778/1894/1467 2777/1894/1467 2785/1895/1467 2786/1895/1467
f 2781/1896/1259 2782/1896/1259 2776/1897/1259 2775/1897/1259
f 2775/1897/1257 2776/1897/1257 2772/1892/1257 2771/1892/1257
f 2780/1893/1260 2781/1896/1260 2775/1897/1260 2771/1892/1260
f 2782/1896/1261 2779/1893/1261 2772/1892/1261 2776/1897/1261
f 2774/1898/1258 2773/1898/1258 2780/1893/1258 2779/1893/1258
f 2773/1898/1258 2777/1899/1258 2781/1896/1258 2780/1893/1258
f 2778/1899/1258 2774/1898/1258 2779/1893/1258 2782/1896/1258
f 2777/1899/1258 2778/1899/1258 2782/1896/1258 2781/1896/1258
f 2785/1895/1468 2784/1900/1468 2788/1901/1468 2789/1902/1468
f 2777/1894/1469 2773/1903/1469 2784/1900/1469 2785/1895/1469
f 2774/1903/1470 2778/1894/1470 2786/1895/1470 2783/1900/1470
f 2773/1903/1471 2774/1903/1471 2783/1900/1471 2784/1900/1471
f 2788/1901/1258 2787/1901/1258 2790/1902/1258 2789/1902/1258
f 2783/1900/1472 2786/1895/1472 2790/1902/1472 2787/1901/1472
f 2784/1900/1473 2783/1900/1473 2787/1901/1473 2788/1901/1473
f 2786/1895/1474 2785/1895/1474 2789/1902/1474 2790/1902/1474
f 2791/1904/1263 2792/1904/1263 2799/1905/1263 2800/1905/1263
f 2798/1906/1475 2797/1906/1475 2805/1907/1475 2806/1907/1475
f 2801/1908/1259 2802/1908/1259 2796/1909/1259 2795/1909/1259
f 2795/1909/1257 2796/1909/1257 2792/1904/1257 2791/1904/1257
f 2800/1905/1260 2801/1908/1260 2795/1909/1260 2791/1904/1260
f 2802/1908/1261 2799/1905/1261 2792/1904/1261 2796/1909/1261
f 2794/1910/1258 2793/1910/1258 2800/1905/1258 2799/1905/1258
f 2793/1910/1258 2797/1911/1258 2801/1908/1258 2800/1905/1258
f 2798/1911/1258 2794/1910/1258 2799/1905/1258 2802/1908/1258
f 2797/1911/1258 2798/1911/1258 2802/1908/1258 2801/1908/1258
f 2805/1907/1468 2804/1912/1468 2808/1913/1468 2809/1914/1468
f 2797/1906/1469 2793/1915/1469 2804/1912/1469 2805/1907/1469
f 2794/1915/1470 2798/1906/1470 2806/1907/1470 2803/1912/1470
f 2793/1915/1476 2794/1915/1476 2803/1912/1476 2804/1912/1476
f 2808/1913/1258 2807/1913/1258 2810/1914/1258 2809/1914/1258
f 2803/1912/1472 2806/1907/1472 2810/1914/1472 2807/1913/1472
f 2804/1912/1477 2803/1912/1477 2807/1913/1477 2808/1913/1477
f 2806/1907/1478 2805/1907/1478 2809/1914/1478 2810/1914/1478
f 2811/1916/1263 2812/1916/1263 2819/1917/1263 2820/1917/1263
f 2818/1918/1475 2817/1918/1475 2825/1919/1475 2826/1919/1475
f 2821/1920/1259 2822/1920/1259 2816/1921/1259 2815/1921/1259
f 2815/1921/1257 2816/1921/1257 2812/1916/1257 2811/1916/1257
f 2820/1917/1260 2821/1920/1260 2815/1921/1260 2811/1916/1260
f 2822/1920/1261 2819/1917/1261 2812/1916/1261 2816/1921/1261
f 2814/1922/1258 2813/1922/1258 2820/1917/1258 2819/1917/1258
f 2813/1922/1258 2817/1923/1258 2821/1920/1258 2820/1917/1258
f 2818/1923/1258 2814/1922/1258 2819/1917/1258 2822/1920/1258
f 2817/1923/1258 2818/1923/1258 2822/1920/1258 2821/1920/1258
f 2825/1919/1479 2824/1924/1479 2828/1925/1479 2829/1926/1479
f 2817/1918/1480 2813/1927/1480 2824/1924/1480 2825/1919/1480
f 2814/1927/1470 2818/1918/1470 2826/1919/1470 2823/1924/1470
f 2813/1927/1476 2814/1927/1476 2823/1924/1476 2824/1924/1476
f 2828/1925/1258 2827/1925/1258 2830/1926/1258 2829/1926/1258
f 2823/1924/1481 2826/1919/1481 2830/1926/1481 2827/1925/1481
f 2824/1924/1482 2823/1924/1482 2827/1925/1482 2828/1925/1482
f 2826/1919/1483 2825/1919/1483 2829/1926/1483 2830/1926/1483
f 2831/1928/1263 2832/1928/1263 2839/1929/1263 2840/1929/1263
f 2838/1930/1475 2837/1930/1475 2845/1931/1475 2846/1931/1475
f 2841/1932/1259 2842/1932/1259 2836/1933/1259 2835/1933/1259
f 2835/1933/1257 2836/1933/1257 2832/1928/1257 2831/1928/1257
f 2840/1929/1260 2841/1932/1260 2835/1933/1260 2831/1928/1260
f 2842/1932/1261 2839/1929/1261 2832/1928/1261 2836/1933/1261
f 2834/1934/1258 2833/1934/1258 2840/1929/1258 2839/1929/1258
f 2833/1934/1258 2837/1935/1258 2841/1932/1258 2840/1929/1258
f 2838/1935/1258 2834/1934/1258 2839/1929/1258 2842/1932/1258
f 2837/1935/1258 2838/1935/1258 2842/1932/1258 2841/1932/1258
f 2845/1931/1479 2844/1936/1479 2848/1937/1479 2849/1938/1479
f 2837/1930/1480 2833/1939/1480 2844/1936/1480 2845/1931/1480
f 2834/1939/1470 2838/1930/1470 2846/1931/1470 2843/1936/1470
f 2833/1939/1476 2834/1939/1476 2843/1936/1476 2844/1936/1476
f 2848/1937/1258 2847/1937/1258 2850/1938/1258 2849/1938/1258
f 2843/1936/1481 2846/1931/1481 2850/1938/1481 2847/1937/1481
f 2844/1936/1482 2843/1936/1482 2847/1937/1482 2848/1937/1482
f 2846/1931/1483 2845/1931/1483 2849/1938/1483 2850/1938/1483
f 2851/1916/1263 2852/1916/1263 2859/1917/1263 2860/1917/1263
f 2858/1918/1475 2857/1918/1475 2865/1919/1475 2866/1919/1475
f 2861/1920/1259 2862/1920/1259 2856/1921/1259 2855/1921/1259
f 2855/1921/1257 2856/1921/1257 2852/1916/1257 2851/1916/1257
f 2860/1917/1260 2861/1920/1260 2855/1921/1260 2851/1916/1260
f 2862/1920/1261 2859/1917/1261 2852/1916/1261 2856/1921/1261
f 2854/1922/1258 2853/1922/1258 2860/1917/1258 2859/1917/1258
f 2853/1922/1258 2857/1923/1258 2861/1920/1258 2860/1917/1258
f 2858/1923/1258 2854/1922/1258 2859/1917/1258 2862/1920/1258
f 2857/1923/1258 2858/1923/1258 2862/1920/1258 2861/1920/1258
f 2865/1919/1468 2864/1924/1468 2868/1925/1468 2869/1926/1468
f 2857/1918/1480 2853/1927/1480 2864/1924/1480 2865/1919/1480
f 2854/1927/1484 2858/1918/1484 2866/1919/1484 2863/1924/1484
f 2853/1927/1476 2854/1927/1476 2863/1924/1476 2864/1924/1476
f 2868/1925/1258 2867/1925/1258 2870/1926/1258 2869/1926/1258
f 2863/1924/1485 2866/1919/1485 2870/1926/1485 2867/1925/1485
f 2864/1924/1486 2863/1924/1486 2867/1925/1486 2868/1925/1486
f 2866/1919/1487 2865/1919/1487 2869/1926/1487 2870/1926/1487
f 2871/1928/1263 2872/1928/1263 2879/1929/1263 2880/1929/1263
f 2878/1930/1475 2877/1930/1475 2885/1931/1475 2886/1931/1475
f 2881/1932/1259 2882/1932/1259 2876/1933/1259 2875/1933/1259
f 2875/1933/1257 2876/1933/1257 2872/1928/1257 2871/1928/1257
f 2880/1929/1260 2881/1932/1260 2875/1933/1260 2871/1928/1260
f 2882/1932/1261 2879/1929/1261 2872/1928/1261 2876/1933/1261
f 2874/1934/1258 2873/1934/1258 2880/1929/1258 2879/1929/1258
f 2873/1934/1258 2877/1935/1258 2881/1932/1258 2880/1929/1258
f 2878/1935/1258 2874/1934/1258 2879/1929/1258 2882/1932/1258
f 2877/1935/1258 2878/1935/1258 2882/1932/1258 2881/1932/1258
f 2885/1931/1468 2884/1936/1468 2888/1937/1468 2889/1938/1468
f 2877/1930/1480 2873/1939/1480 2884/1936/1480 2885/1931/1480
f 2874/1939/1484 2878/1930/1484 2886/1931/1484 2883/1936/1484
f 2873/1939/1476 2874/1939/1476 2883/1936/1476 2884/1936/1476
f 2888/1937/1258 2887/1937/1258 2890/1938/1258 2889/1938/1258
f 2883/1936/1485 2886/1931/1485 2890/1938/1485 2887/1937/1485
f 2884/1936/1486 2883/1936/1486 2887/1937/1486 2888/1937/1486
f 2886/1931/1487 2885/1931/1487 2889/1938/1487 2890/1938/1487
f 2891/1916/1263 2892/1916/1263 2899/1917/1263 2900/1917/1263
f 2898/1918/1475 2897/1918/1475 2905/1919/1475 2906/1919/1475
f 2901/1920/1259 2902/1920/1259 2896/1921/1259 2895/1921/1259
f 2895/1921/1257 2896/1921/1257 2892/1916/1257 2891/1916/1257
f 2900/1917/1260 2901/1920/1260 2895/1921/1260 2891/1916/1260
f 2902/1920/1261 2899/1917/1261 2892/1916/1261 2896/1921/1261
f 2894/1922/1258 2893/1922/1258 2900/1917/1258 2899/1917/1258
f 2893/1922/1258 2897/1923/1258 2901/1920/1258 2900/1917/1258
f 2898/1923/1258 2894/1922/1258 2899/1917/1258 2902/1920/1258
f 2897/1923/1258 2898/1923/1258 2902/1920/1258 2901/1920/1258
f 2905/1919/1488 2904/1924/1489 2908/1925/1488 2909/1926/1489
f 2897/1918/1480 2893/1927/1480 2904/1924/1480 2905/1919/1480
f 2894/1927/1470 2898/1918/1470 2906/1919/1470 2903/1924/1470
f 2893/1927/1476 2894/1927/1476 2903/1924/1476 2904/1924/1476
f 2908/1925/1258 2907/1925/1258 2910/1926/1258 2909/1926/1258
f 2903/1924/1490 2906/1919/1490 2910/1926/1490 2907/1925/1490
f 2904/1924/1477 2903/1924/1477 2907/1925/1477 2908/1925/1477
f 2906/1919/1478 2905/1919/1478 2909/1926/1478 2910/1926/1478
f 2911/1928/1263 2912/1928/1263 2919/1929/1263 2920/1929/1263
f 2918/1930/1475 2917/1930/1475 2925/1931/1475 2926/1931/1475
f 2921/1932/1259 2922/1932/1259 2916/1933/1259 2915/1933/1259
f 2915/1933/1257 2916/1933/1257 2912/1928/1257 2911/1928/1257
f 2920/1929/1260 2921/1932/1260 2915/1933/1260 2911/1928/1260
f 2922/1932/1261 2919/1929/1261 2912/1928/1261 2916/1933/1261
f 2914/1934/1258 2913/1934/1258 2920/1929/1258 2919/1929/1258
f 2913/1934/1258 2917/1935/1258 2921/1932/1258 2920/1929/1258
f 2918/1935/1258 2914/1934/1258 2919/1929/1258 2922/1932/1258
f 2917/1935/1258 2918/1935/1258 2922/1932/1258 2921/1932/1258
f 2925/1931/1489 2924/1936/1489 2928/1937/1489 2929/1938/1489
f 2917/1930/1480 2913/1939/1480 2924/1936/1480 2925/1931/1480
f 2914/1939/1470 2918/1930/1470 2926/1931/1470 2923/1936/1470
f 2913/1939/1476 2914/1939/1476 2923/1936/1476 2924/1936/1476
f 2928/1937/1258 2927/1937/1258 2930/1938/1258 2929/1938/1258
f 2923/1936/1490 2926/1931/1490 2930/1938/1490 2927/1937/1490
f 2924/1936/1477 2923/1936/1477 2927/1937/1477 2928/1937/1477
f 2926/1931/1478 2925/1931/1478 2929/1938/1478 2930/1938/1478
f 2931/1897/1263 2932/1897/1263 2939/1896/1263 2940/1896/1263
f 2938/1940/1475 2937/1940/1475 2945/1941/1475 2946/1941/1475
f 2941/1942/1259 2942/1942/1259 2936/1943/1259 2935/1943/1259
f 2935/1943/1257 2936/1943/1257 2932/1897/1257 2931/1897/1257
f 2940/1896/1260 2941/1942/1260 2935/1943/1260 2931/1897/1260
f 2942/1942/1261 2939/1896/1261 2932/1897/1261 2936/1943/1261
f 2934/1944/1258 2933/1944/1258 2940/1896/1258 2939/1896/1258
f 2933/1944/1258 2937/1945/1258 2941/1942/1258 2940/1896/1258
f 2938/1945/1258 2934/1944/1258 2939/1896/1258 2942/1942/1258
f 2937/1945/1258 2938/1945/1258 2942/1942/1258 2941/1942/1258
f 2945/1941/1489 2944/1946/1489 2948/1947/1489 2949/1948/1489
f 2937/1940/1480 2933/1949/1480 2944/1946/1480 2945/1941/1480
f 2934/1949/1470 2938/1940/1470 2946/1941/1470 2943/1946/1470
f 2933/1949/1476 2934/1949/1476 2943/1946/1476 2944/1946/1476
f 2948/1947/1258 2947/1947/1258 2950/1948/1258 2949/1948/1258
f 2943/1946/1490 2946/1941/1490 2950/1948/1490 2947/1947/1490
f 2944/1946/1477 2943/1946/1477 2947/1947/1477 2948/1947/1477
f 2946/1941/1478 2945/1941/1478 2949/1948/1478 2950/1948/1478
f 2951/1950/1263 2952/1950/1263 2959/1951/1263 2960/1951/1263
f 2958/1952/1475 2957/1952/1475 2965/1953/1475 2966/1953/1475
f 2961/1954/1259 2962/1954/1259 2956/1955/1259 2955/1955/1259
f 2955/1955/1257 2956/1955/1257 2952/1950/1257 2951/1950/1257
f 2960/1951/1260 2961/1954/1260 2955/1955/1260 2951/1950/1260
f 2962/1954/1261 2959/1951/1261 2952/1950/1261 2956/1955/1261
f 2954/1956/1258 2953/1956/1258 2960/1951/1258 2959/1951/1258
f 2953/1956/1258 2957/1957/1258 2961/1954/1258 2960/1951/1258
f 2958/1957/1258 2954/1956/1258 2959/1951/1258 2962/1954/1258
f 2957/1957/1258 2958/1957/1258 2962/1954/1258 2961/1954/1258
f 2965/1953/1491 2964/1958/1491 2968/1959/1491 2969/1960/1491
f 2957/1952/1480 2953/1961/1480 2964/1958/1480 2965/1953/1480
f 2954/1961/1470 2958/1952/1470 2966/1953/1470 2963/1958/1470
f 2953/1961/1476 2954/1961/1476 2963/1958/1476 2964/1958/1476
f 2968/1959/1258 2967/1959/1258 2970/1960/1258 2969/1960/1258
f 2963/1958/1490 2966/1953/1490 2970/1960/1490 2967/1959/1490
f 2964/1958/1477 2963/1958/1477 2967/1959/1477 2968/1959/1477
f 2966/1953/1478 2965/1953/1478 2969/1960/1478 2970/1960/1478
f 2971/1962/1263 2972/1962/1263 2979/1963/1263 2980/1963/1263
f 2978/1964/1475 2977/1964/1475 2985/1965/1475 2986/1965/1475
f 2981/1966/1259 2982/1966/1259 2976/1967/1259 2975/1967/1259
f 2975/1967/1257 2976/1967/1257 2972/1962/1257 2971/1962/1257
f 2980/1963/1260 2981/1966/1260 2975/1967/1260 2971/1962/1260
f 2982/1966/1261 2979/1963/1261 2972/1962/1261 2976/1967/1261
f 2974/1968/1258 2973/1968/1258 2980/1963/1258 2979/1963/1258
f 2973/1968/1258 2977/1969/1258 2981/1966/1258 2980/1963/1258
f 2978/1969/1258 2974/1968/1258 2979/1963/1258 2982/1966/1258
f 2977/1969/1258 2978/1969/1258 2982/1966/1258 2981/1966/1258
f 2985/1965/1488 2984/1970/1489 2988/1971/1488 2989/1972/1489
f 2977/1964/1469 2973/1973/1469 2984/1970/1469 2985/1965/1469
f 2974/1973/1484 2978/1964/1484 2986/1965/1484 2983/1970/1484
f 2973/1973/1476 2974/1973/1476 2983/1970/1476 2984/1970/1476
f 2988/1971/1258 2987/1971/1258 2990/1972/1258 2989/1972/1258
f 2983/1970/1492 2986/1965/1492 2990/1972/1492 2987/1971/1492
f 2984/1970/1477 2983/1970/1477 2987/1971/1477 2988/1971/1477
f 2986/1965/1478 2985/1965/1478 2989/1972/1478 2990/1972/1478
f 2991/1974/1263 2992/1974/1263 2999/1975/1263 3000/1975/1263
f 2998/1976/1475 2997/1976/1475 3005/1977/1475 3006/1977/1475
f 3001/1978/1259 3002/1978/1259 2996/1979/1259 2995/1979/1259
f 2995/1979/1257 2996/1979/1257 2992/1974/1257 2991/1974/1257
f 3000/1975/1260 3001/1978/1260 2995/1979/1260 2991/1974/1260
f 3002/1978/1261 2999/1975/1261 2992/1974/1261 2996/1979/1261
f 2994/1980/1258 2993/1980/1258 3000/1975/1258 2999/1975/1258
f 2993/1980/1258 2997/1981/1258 3001/1978/1258 3000/1975/1258
f 2998/1981/1258 2994/1980/1258 2999/1975/1258 3002/1978/1258
f 2997/1981/1258 2998/1981/1258 3002/1978/1258 3001/1978/1258
f 3005/1977/1489 3004/1982/1489 3008/1983/1489 3009/1984/1489
f 2997/1976/1469 2993/1985/1469 3004/1982/1469 3005/1977/1469
f 2994/1985/1484 2998/1976/1484 3006/1977/1484 3003/1982/1484
f 2993/1985/1476 2994/1985/1476 3003/1982/1476 3004/1982/1476
f 3008/1983/1258 3007/1983/1258 3010/1984/1258 3009/1984/1258
f 3003/1982/1492 3006/1977/1492 3010/1984/1492 3007/1983/1492
f 3004/1982/1477 3003/1982/1477 3007/1983/1477 3008/1983/1477
f 3006/1977/1478 3005/1977/1478 3009/1984/1478 3010/1984/1478
f 3011/1962/1263 3012/1962/1263 3019/1963/1263 3020/1963/1263
f 3018/1964/1475 3017/1964/1475 3025/1965/1475 3026/1965/1475
f 3021/1966/1259 3022/1966/1259 3016/1967/1259 3015/1967/1259
f 3015/1967/1257 3016/1967/1257 3012/1962/1257 3011/1962/1257
f 3020/1963/1260 3021/1966/1260 3015/1967/1260 3011/1962/1260
f 3022/1966/1261 3019/1963/1261 3012/1962/1261 3016/1967/1261
f 3014/1968/1258 3013/1968/1258 3020/1963/1258 3019/1963/1258
f 3013/1968/1258 3017/1969/1258 3021/1966/1258 3020/1963/1258
f 3018/1969/1258 3014/1968/1258 3019/1963/1258 3022/1966/1258
f 3017/1969/1258 3018/1969/1258 3022/1966/1258 3021/1966/1258
f 3025/1965/1468 3024/1970/1468 3028/1971/1468 3029/1972/1468
f 3017/1964/1469 3013/1973/1469 3024/1970/1469 3025/1965/1469
f 3014/1973/1470 3018/1964/1470 3026/1965/1470 3023/1970/1470
f 3013/1973/1476 3014/1973/1476 3023/1970/1476 3024/1970/1476
f 3028/1971/1258 3027/1971/1258 3030/1972/1258 3029/1972/1258
f 3023/1970/1493 3026/1965/1493 3030/1972/1493 3027/1971/1493
f 3024/1970/1477 3023/1970/1477 3027/1971/1477 3028/1971/1477
f 3026/1965/1478 3025/1965/1478 3029/1972/1478 3030/1972/1478
f 3031/1974/1263 3032/1974/1263 3039/1975/1263 3040/1975/1263
f 3038/1976/1475 3037/1976/1475 3045/1977/1475 3046/1977/1475
f 3041/1978/1259 3042/1978/1259 3036/1979/1259 3035/1979/1259
f 3035/1979/1257 3036/1979/1257 3032/1974/1257 3031/1974/1257
f 3040/1975/1260 3041/1978/1260 3035/1979/1260 3031/1974/1260
f 3042/1978/1261 3039/1975/1261 3032/1974/1261 3036/1979/1261
f 3034/1980/1258 3033/1980/1258 3040/1975/1258 3039/1975/1258
f 3033/1980/1258 3037/1981/1258 3041/1978/1258 3040/1975/1258
f 3038/1981/1258 3034/1980/1258 3039/1975/1258 3042/1978/1258
f 3037/1981/1258 3038/1981/1258 3042/1978/1258 3041/1978/1258
f 3045/1977/1468 3044/1982/1468 3048/1983/1468 3049/1984/1468
f 3037/1976/1469 3033/1985/1469 3044/1982/1469 3045/1977/1469
f 3034/1985/1470 3038/1976/1470 3046/1977/1470 3043/1982/1470
f 3033/1985/1476 3034/1985/1476 3043/1982/1476 3044/1982/1476
f 3048/1983/1258 3047/1983/1258 3050/1984/1258 3049/1984/1258
f 3043/1982/1493 3046/1977/1493 3050/1984/1493 3047/1983/1493
f 3044/1982/1477 3043/1982/1477 3047/1983/1477 3048/1983/1477
f 3046/1977/1478 3045/1977/1478 3049/1984/1478 3050/1984/1478
f 3052/1986/1257 3051/1987/1257 3053/1987/1257 3054/1986/1257
f 3056/1988/1258 3058/1988/1258 3057/1989/1258 3055/1989/1258
f 3051/1987/1263 3055/1989/1263 3057/1989/1263 3053/1987/1263
f 3052/1986/1261 3056/1988/1261 3055/1989/1261 3051/1987/1261
f 3054/1986/1259 3058/1988/1259 3056/1988/1259 3052/1986/1259
f 3053/1987/1260 3057/1989/1260 3058/1988/1260 3054/1986/1260
f 3061/1990/1258 3063/1991/1258 3065/1992/1258
f 3069/1993/1258 3071/1994/1258 3073/1995/1258
f 3077/1996/1258 3079/1997/1258 3081/1998/1258
f 3085/1999/1258 3087/2000/1258 3089/2001/1258
f 3091/2002/1258 3093/2003/1258 3095/2004/1258
f 3103/1991/1258 3105/2005/1258 3099/2006/1258
f 3109/2007/1258 3111/2000/1258 3113/2001/1258
f 3117/2008/1258 3119/2009/1258 3121/2010/1258
f 3125/2008/1258 3127/2009/1258 3129/2010/1258
f 3133/1999/1258 3135/2000/1258 3137/2001/1258
f 3143/2011/1257 3142/2012/1257 3141/2013/1257
f 3151/2014/1257 3150/2015/1257 3149/2016/1257
f 3159/2017/1257 3158/2018/1257 3157/2019/1257
f 3167/2020/1257 3166/2021/1257 3165/2022/1257
f 3175/2023/1257 3174/2024/1257 3173/2025/1257
f 3182/2026/1257 3181/2027/1257 3185/2028/1257
f 3191/2020/1257 3190/2029/1257 3189/2030/1257
f 3199/2031/1257 3198/2032/1257 3197/2033/1257
f 3207/2031/1257 3206/2032/1257 3205/2033/1257
f 3215/2020/1257 3214/2021/1257 3213/2022/1257
f 3124/2008/1364 3123/2034/1364 3204/2032/1364 3203/2033/1364
f 3098/2004/1494 3097/2035/1494 3177/2036/1494 3178/2023/1494
f 3072/1995/1366 3071/1994/1366 3151/2014/1366 3152/2037/1366
f 3125/2008/1259 3124/2008/1259 3203/2033/1259 3205/2033/1259
f 3091/2002/1261 3098/2004/1261 3178/2023/1261 3172/2024/1261
f 3073/1995/1263 3072/1995/1263 3152/2037/1263 3153/2037/1263
f 3126/2034/1363 3125/2008/1363 3205/2033/1363 3206/2032/1363
f 3100/2038/1495 3099/2006/1495 3180/2026/1495 3179/2027/1495
f 3074/1994/1365 3073/1995/1365 3153/2037/1365 3154/2014/1365
f 3127/2009/1260 3126/2034/1260 3206/2032/1260 3207/2031/1260
f 3101/2038/1259 3100/2038/1259 3179/2027/1259 3181/2027/1259
f 3067/2039/1261 3074/1994/1261 3154/2014/1261 3148/2015/1261
f 3128/2010/1496 3127/2009/1496 3207/2031/1496 3208/2040/1496
f 3102/2006/1497 3101/2038/1497 3181/2027/1497 3182/2026/1497
f 3076/1996/1364 3075/2041/1364 3156/2018/1364 3155/2019/1364
f 3129/2010/1263 3128/2010/1263 3208/2040/1263 3209/2040/1263
f 3103/1991/1260 3102/2006/1260 3182/2026/1260 3183/2011/1260
f 3077/1996/1259 3076/1996/1259 3155/2019/1259 3157/2019/1259
f 3130/2009/1494 3129/2010/1494 3209/2040/1494 3210/2031/1494
f 3104/2005/1366 3103/1991/1366 3183/2011/1366 3184/2028/1366
f 3078/2041/1363 3077/1996/1363 3157/2019/1363 3158/2018/1363
f 3123/2034/1261 3130/2009/1261 3210/2031/1261 3204/2032/1261
f 3105/2005/1263 3104/2005/1263 3184/2028/1263 3185/2028/1263
f 3079/1997/1260 3078/2041/1260 3158/2018/1260 3159/2017/1260
f 3132/1999/1364 3131/2042/1364 3212/2021/1364 3211/2022/1364
f 3106/1991/1498 3105/2005/1498 3185/2028/1498 3186/2011/1498
f 3080/1998/1366 3079/1997/1366 3159/2017/1366 3160/2043/1366
f 3133/1999/1259 3132/1999/1259 3211/2022/1259 3213/2022/1259
f 3099/2006/1261 3106/1991/1261 3186/2011/1261 3180/2026/1261
f 3081/1998/1263 3080/1998/1263 3160/2043/1263 3161/2043/1263
f 3134/2042/1363 3133/1999/1363 3213/2022/1363 3214/2021/1363
f 3108/2007/1364 3107/2044/1364 3188/2029/1364 3187/2030/1364
f 3082/1997/1365 3081/1998/1365 3161/2043/1365 3162/2017/1365
f 3135/2000/1260 3134/2042/1260 3214/2021/1260 3215/2020/1260
f 3109/2007/1259 3108/2007/1259 3187/2030/1259 3189/2030/1259
f 3075/2041/1261 3082/1997/1261 3162/2017/1261 3156/2018/1261
f 3136/2001/1366 3135/2000/1366 3215/2020/1366 3216/2045/1366
f 3110/2044/1363 3109/2007/1363 3189/2030/1363 3190/2029/1363
f 3084/1999/1495 3083/2042/1495 3164/2021/1495 3163/2022/1495
f 3137/2001/1263 3136/2001/1263 3216/2045/1263 3217/2045/1263
f 3111/2000/1260 3110/2044/1260 3190/2029/1260 3191/2020/1260
f 3085/1999/1259 3084/1999/1259 3163/2022/1259 3165/2022/1259
f 3138/2000/1365 3137/2001/1365 3217/2045/1365 3218/2020/1365
f 3112/2001/1496 3111/2000/1496 3191/2020/1496 3192/2045/1496
f 3086/2042/1499 3085/1999/1499 3165/2022/1499 3166/2021/1499
f 3060/1990/1364 3059/2046/1364 3140/2012/1364 3139/2013/1364
f 3131/2042/1261 3138/2000/1261 3218/2020/1261 3212/2021/1261
f 3113/2001/1263 3112/2001/1263 3192/2045/1263 3193/2045/1263
f 3087/2000/1260 3086/2042/1260 3166/2021/1260 3167/2020/1260
f 3061/1990/1259 3060/1990/1259 3139/2013/1259 3141/2013/1259
f 3114/2000/1494 3113/2001/1494 3193/2045/1494 3194/2020/1494
f 3088/2001/1500 3087/2000/1500 3167/2020/1500 3168/2045/1500
f 3062/2046/1363 3061/1990/1363 3141/2013/1363 3142/2012/1363
f 3107/2044/1261 3114/2000/1261 3194/2020/1261 3188/2029/1261
f 3089/2001/1263 3088/2001/1263 3168/2045/1263 3169/2045/1263
f 3063/1991/1260 3062/2046/1260 3142/2012/1260 3143/2011/1260
f 3116/2008/1495 3115/2034/1495 3196/2032/1495 3195/2033/1495
f 3090/2000/1365 3089/2001/1365 3169/2045/1365 3170/2020/1365
f 3064/1992/1366 3063/1991/1366 3143/2011/1366 3144/2047/1366
f 3117/2008/1259 3116/2008/1259 3195/2033/1259 3197/2033/1259
f 3083/2042/1261 3090/2000/1261 3170/2020/1261 3164/2021/1261
f 3065/1992/1263 3064/1992/1263 3144/2047/1263 3145/2047/1263
f 3118/2034/1363 3117/2008/1363 3197/2033/1363 3198/2032/1363
f 3092/2003/1501 3091/2002/1501 3172/2024/1501 3171/2025/1501
f 3066/1991/1365 3065/1992/1365 3145/2047/1365 3146/2011/1365
f 3119/2009/1260 3118/2034/1260 3198/2032/1260 3199/2031/1260
f 3093/2003/1259 3092/2003/1259 3171/2025/1259 3173/2025/1259
f 3059/2046/1261 3066/1991/1261 3146/2011/1261 3140/2012/1261
f 3120/2010/1496 3119/2009/1496 3199/2031/1496 3200/2040/1496
f 3094/2002/1497 3093/2003/1497 3173/2025/1497 3174/2024/1497
f 3068/1993/1364 3067/2039/1364 3148/2015/1364 3147/2016/1364
f 3121/2010/1263 3120/2010/1263 3200/2040/1263 3201/2040/1263
f 3095/2004/1260 3094/2002/1260 3174/2024/1260 3175/2023/1260
f 3069/1993/1259 3068/1993/1259 3147/2016/1259 3149/2016/1259
f 3122/2009/1365 3121/2010/1365 3201/2040/1365 3202/2031/1365
f 3096/2035/1500 3095/2004/1500 3175/2023/1500 3176/2036/1500
f 3070/2039/1363 3069/1993/1363 3149/2016/1363 3150/2015/1363
f 3115/2034/1261 3122/2009/1261 3202/2031/1261 3196/2032/1261
f 3097/2035/1263 3096/2035/1263 3176/2036/1263 3177/2036/1263
f 3071/1994/1260 3070/2039/1260 3150/2015/1260 3151/2014/1260
f 3219/2048/1263 3220/2048/1263 3222/2049/1263 3221/2049/1263
f 3221/2049/1258 3222/2049/1258 3226/2050/1258 3225/2050/1258
f 3225/2050/1259 3226/2050/1259 3224/2051/1259 3223/2051/1259
f 3223/2051/1257 3224/2051/1257 3220/2048/1257 3219/2048/1257
f 3221/2049/1260 3225/2050/1260 3223/2051/1260 3219/2048/1260
f 3226/2050/1261 3222/2049/1261 3220/2048/1261 3224/2051/1261
f 3227/2052/1258 3229/2053/1258 3231/2054/1258
f 3242/2055/1258 3235/2056/1258 3239/2055/1258
f 3250/2057/1258 3243/2058/1258 3247/2057/1258
f 3258/2059/1258 3251/2060/1258 3255/2059/1258
f 3263/2061/1258 3265/2062/1258 3259/2063/1258
f 3267/2064/1258 3269/2065/1258 3271/2066/1258
f 3282/2055/1258 3275/2067/1258 3279/2055/1258
f 3284/2068/1258 3285/2068/1258 3286/2069/1258 3283/2069/1258
f 3290/2070/1258 3287/2070/1258 3288/2071/1258 3289/2071/1258
f 3294/2072/1502 3376/2073/1502 3377/2073/1502 3291/2072/1502
f 3292/2074/1258 3293/2074/1258 3294/2072/1258 3291/2072/1258
f 3298/2075/1258 3295/2075/1258 3296/2076/1258 3297/2076/1258
f 3287/2070/1503 3371/2077/1503 3372/2078/1503 3286/2069/1503
f 3303/2079/1257 3302/2080/1257 3301/2081/1257
f 3307/2082/1257 3313/2083/1257 3311/2084/1257
f 3315/2085/1257 3321/2086/1257 3319/2087/1257
f 3323/2088/1257 3329/2089/1257 3327/2090/1257
f 3331/2091/1257 3337/2092/1257 3335/2093/1257
f 3339/2094/1257 3345/2095/1257 3343/2096/1257
f 3347/2097/1257 3353/2083/1257 3351/2084/1257
f 3356/2079/1257 3355/2098/1257 3358/2098/1257 3357/2079/1257
f 3362/2099/1257 3361/2100/1257 3360/2100/1257 3359/2099/1257
f 3355/2098/1257 3362/2099/1257 3359/2099/1257 3358/2098/1257
f 3364/2101/1257 3363/2102/1257 3366/2102/1257 3365/2101/1257
f 3370/2103/1257 3369/2104/1257 3368/2104/1257 3367/2103/1257
f 3363/2102/1257 3370/2103/1257 3367/2103/1257 3366/2102/1257
f 3284/2068/1259 3356/2079/1259 3357/2079/1259 3285/2068/1259
f 3258/2059/1261 3330/2090/1261 3323/2088/1261 3251/2060/1261
f 3232/2105/1263 3304/2106/1263 3305/2106/1263 3233/2105/1263
f 3285/2068/1363 3357/2079/1363 3358/2098/1363 3286/2069/1363
f 3259/2063/1364 3331/2091/1364 3332/2107/1364 3260/2108/1364
f 3233/2105/1494 3305/2106/1494 3306/2079/1494 3234/2054/1494
f 3286/2069/1260 3358/2098/1260 3359/2099/1260 3287/2070/1260
f 3260/2108/1259 3332/2107/1259 3333/2107/1259 3261/2108/1259
f 3234/2054/1261 3306/2079/1261 3299/2080/1261 3227/2052/1261
f 3287/2070/1366 3359/2099/1366 3360/2100/1366 3288/2071/1366
f 3261/2108/1363 3333/2107/1363 3334/2091/1363 3262/2063/1363
f 3235/2056/1495 3307/2082/1495 3308/2101/1495 3236/2109/1495
f 3288/2071/1263 3360/2100/1263 3361/2100/1263 3289/2071/1263
f 3262/2063/1260 3334/2091/1260 3335/2093/1260 3263/2061/1260
f 3236/2109/1259 3308/2101/1259 3309/2101/1259 3237/2109/1259
f 3289/2071/1365 3361/2100/1365 3362/2099/1365 3290/2070/1365
f 3263/2061/1366 3335/2093/1366 3336/2092/1366 3264/2062/1366
f 3237/2109/1497 3309/2101/1497 3310/2082/1497 3238/2056/1497
f 3290/2070/1261 3362/2099/1261 3355/2098/1261 3283/2069/1261
f 3264/2062/1263 3336/2092/1263 3337/2092/1263 3265/2062/1263
f 3238/2056/1260 3310/2082/1260 3311/2084/1260 3239/2055/1260
f 3265/2062/1365 3337/2092/1365 3338/2093/1365 3266/2061/1365
f 3239/2055/1500 3311/2084/1500 3312/2083/1500 3240/2110/1500
f 3266/2061/1261 3338/2093/1261 3331/2091/1261 3259/2063/1261
f 3240/2110/1263 3312/2083/1263 3313/2083/1263 3241/2110/1263
f 3291/2072/1364 3363/2102/1364 3364/2101/1364 3292/2074/1364
f 3267/2064/1501 3339/2094/1501 3340/2111/1501 3268/2065/1501
f 3241/2110/1504 3313/2083/1504 3314/2084/1504 3242/2055/1504
f 3292/2074/1259 3364/2101/1259 3365/2101/1259 3293/2074/1259
f 3268/2065/1259 3340/2111/1259 3341/2111/1259 3269/2065/1259
f 3242/2055/1261 3314/2084/1261 3307/2082/1261 3235/2056/1261
f 3293/2074/1363 3365/2101/1363 3366/2102/1363 3294/2072/1363
f 3269/2065/1363 3341/2111/1363 3342/2094/1363 3270/2064/1363
f 3243/2058/1364 3315/2085/1364 3316/2112/1364 3244/2113/1364
f 3294/2072/1260 3366/2102/1260 3367/2103/1260 3295/2075/1260
f 3270/2064/1505 3342/2094/1505 3343/2096/1505 3271/2066/1505
f 3244/2113/1259 3316/2112/1259 3317/2112/1259 3245/2113/1259
f 3295/2075/1366 3367/2103/1366 3368/2104/1366 3296/2076/1366
f 3271/2066/1496 3343/2096/1496 3344/2095/1496 3272/2114/1496
f 3245/2113/1363 3317/2112/1363 3318/2085/1363 3246/2058/1363
f 3296/2076/1263 3368/2104/1263 3369/2104/1263 3297/2076/1263
f 3272/2114/1263 3344/2095/1263 3345/2095/1263 3273/2114/1263
f 3246/2058/1260 3318/2085/1260 3319/2087/1260 3247/2057/1260
f 3297/2076/1365 3369/2104/1365 3370/2103/1365 3298/2075/1365
f 3273/2114/1365 3345/2095/1365 3346/2096/1365 3274/2066/1365
f 3247/2057/1366 3319/2087/1366 3320/2086/1366 3248/2115/1366
f 3298/2075/1261 3370/2103/1261 3363/2102/1261 3291/2072/1261
f 3274/2066/1261 3346/2096/1261 3339/2094/1261 3267/2064/1261
f 3248/2115/1263 3320/2086/1263 3321/2086/1263 3249/2115/1263
f 3275/2067/1364 3347/2097/1364 3348/2116/1364 3276/2117/1364
f 3249/2115/1365 3321/2086/1365 3322/2087/1365 3250/2057/1365
f 3276/2117/1259 3348/2116/1259 3349/2116/1259 3277/2117/1259
f 3250/2057/1261 3322/2087/1261 3315/2085/1261 3243/2058/1261
f 3277/2117/1363 3349/2116/1363 3350/2097/1363 3278/2067/1363
f 3251/2060/1364 3323/2088/1364 3324/2118/1364 3252/2119/1364
f 3278/2067/1260 3350/2097/1260 3351/2084/1260 3279/2055/1260
f 3252/2119/1259 3324/2118/1259 3325/2118/1259 3253/2119/1259
f 3279/2055/1366 3351/2084/1366 3352/2083/1366 3280/2110/1366
f 3253/2119/1363 3325/2118/1363 3326/2088/1363 3254/2060/1363
f 3227/2052/1364 3299/2080/1364 3300/2081/1364 3228/2053/1364
f 3280/2110/1263 3352/2083/1263 3353/2083/1263 3281/2110/1263
f 3254/2060/1260 3326/2088/1260 3327/2090/1260 3255/2059/1260
f 3228/2053/1259 3300/2081/1259 3301/2081/1259 3229/2053/1259
f 3281/2110/1365 3353/2083/1365 3354/2084/1365 3282/2055/1365
f 3255/2059/1366 3327/2090/1366 3328/2089/1366 3256/2120/1366
f 3229/2053/1497 3301/2081/1497 3302/2080/1497 3230/2052/1497
f 3282/2055/1261 3354/2084/1261 3347/2097/1261 3275/2067/1261
f 3256/2120/1263 3328/2089/1263 3329/2089/1263 3257/2120/1263
f 3230/2052/1260 3302/2080/1260 3303/2079/1260 3231/2054/1260
f 3283/2069/1364 3355/2098/1364 3356/2079/1364 3284/2068/1364
f 3257/2120/1365 3329/2089/1365 3330/2090/1365 3258/2059/1365
f 3231/2054/1366 3303/2079/1366 3304/2106/1366 3232/2105/1366
f 3373/2078/1258 3372/2078/1258 3371/2077/1258 3374/2077/1258
f 3377/2073/1258 3376/2073/1258 3375/2121/1258 3378/2121/1258
f 3290/2070/1506 3374/2077/1506 3371/2077/1506 3287/2070/1506
f 3291/2072/1507 3377/2073/1507 3378/2121/1507 3298/2075/1507
f 3295/2075/1503 3375/2121/1503 3376/2073/1503 3294/2072/1503
f 3286/2069/1502 3372/2078/1502 3373/2078/1502 3283/2069/1502
f 3298/2075/1506 3378/2121/1506 3375/2121/1506 3295/2075/1506
f 3283/2069/1507 3373/2078/1507 3374/2077/1507 3290/2070/1507
f 3379/2122/1263 3380/2122/1263 3382/2123/1263 3381/2123/1263
f 3381/2123/1258 3382/2123/1258 3386/2124/1258 3385/2124/1258
f 3385/2124/1259 3386/2124/1259 3384/2125/1259 3383/2125/1259
f 3383/2125/1257 3384/2125/1257 3380/2122/1257 3379/2122/1257
f 3381/2123/1260 3385/2124/1260 3383/2125/1260 3379/2122/1260
f 3386/2124/1261 3382/2123/1261 3380/2122/1261 3384/2125/1261
f 3387/2126/1263 3388/2126/1263 3390/2127/1263 3389/2127/1263
f 3389/2127/1258 3390/2127/1258 3394/2128/1258 3393/2128/1258
f 3393/2128/1259 3394/2128/1259 3392/2129/1259 3391/2129/1259
f 3391/2129/1257 3392/2129/1257 3388/2126/1257 3387/2126/1257
f 3389/2127/1260 3393/2128/1260 3391/2129/1260 3387/2126/1260
f 3394/2128/1261 3390/2127/1261 3388/2126/1261 3392/2129/1261
f 3396/2130/1260 3398/2131/1260 3397/2132/1260 3395/2133/1260
f 3400/2130/1261 3399/2133/1261 3401/2132/1261 3402/2131/1261
f 3395/2133/1257 3397/2132/1257 3401/2132/1257 3399/2133/1257
f 3396/2130/1263 3395/2133/1263 3399/2133/1263 3400/2130/1263
f 3398/2131/1258 3396/2130/1258 3400/2130/1258 3402/2131/1258
f 3397/2132/1259 3398/2131/1259 3402/2131/1259 3401/2132/1259
f 3406/2134/1257 3409/2135/1257 3410/2135/1257 3405/2134/1257
f 3407/2136/1257 3403/2137/1257 3404/2137/1257 3408/2136/1257
f 3422/2136/1257 3416/2137/1257 3411/2137/1257 3413/2136/1257
f 3418/2134/1257 3420/2135/1257 3421/2135/1257 3417/2134/1257
f 3414/2136/1257 3412/2137/1257 3415/2137/1257 3419/2136/1257
f 3429/2134/1257 3434/2135/1257 3425/2135/1257 3423/2134/1257
f 3424/2134/1257 3426/2135/1257 3431/2135/1257 3430/2134/1257
f 3432/2136/1257 3427/2137/1257 3428/2137/1257 3433/2136/1257
f 3438/2134/1257 3439/2135/1257 3440/2135/1257 3437/2134/1257
f 3441/2136/1257 3435/2137/1257 3436/2137/1257 3442/2136/1257
f 3446/2138/1258 3445/2138/1258 3450/2139/1258 3449/2139/1258
f 3447/2140/1258 3448/2140/1258 3444/2141/1258 3443/2141/1258
f 3456/2140/1258 3451/2140/1258 3452/2141/1258 3453/2141/1258
f 3459/2138/1258 3458/2138/1258 3462/2139/1258 3461/2139/1258
f 3455/2140/1258 3460/2140/1258 3457/2141/1258 3454/2141/1258
f 3471/2138/1258 3466/2138/1258 3467/2139/1258 3468/2139/1258
f 3464/2138/1258 3463/2138/1258 3472/2139/1258 3465/2139/1258
f 3473/2140/1258 3474/2140/1258 3470/2141/1258 3469/2141/1258
f 3478/2138/1258 3477/2138/1258 3480/2139/1258 3479/2139/1258
f 3481/2140/1258 3482/2140/1258 3476/2141/1258 3475/2141/1258
f 3422/2136/1508 3456/2140/1509 3453/2141/1509 3416/2137/1509
f 3430/2134/1510 3463/2138/1510 3464/2138/1510 3424/2134/1510
f 3424/2134/1511 3464/2138/1511 3465/2139/1511 3426/2135/1511
f 3425/2135/1512 3467/2139/1512 3466/2138/1512 3423/2134/1512
f 3434/2135/1513 3468/2139/1513 3467/2139/1513 3425/2135/1513
f 3427/2137/1514 3469/2141/1514 3470/2141/1514 3428/2137/1514
f 3423/2134/1510 3466/2138/1510 3471/2138/1510 3429/2134/1510
f 3426/2135/1513 3465/2139/1513 3472/2139/1513 3431/2135/1513
f 3433/2136/1510 3474/2140/1510 3473/2140/1510 3432/2136/1510
f 3431/2135/1515 3472/2139/1516 3463/2138/1515 3430/2134/1516
f 3429/2134/1517 3471/2138/1517 3468/2139/1517 3434/2135/1517
f 3432/2136/1518 3473/2140/1518 3469/2141/1518 3427/2137/1518
f 3428/2137/1512 3470/2141/1512 3474/2140/1512 3433/2136/1512
f 3435/2137/1513 3475/2141/1519 3476/2141/1519 3436/2137/1519
f 3437/2134/1510 3477/2138/1510 3478/2138/1510 3438/2134/1510
f 3439/2135/1513 3479/2139/1513 3480/2139/1513 3440/2135/1513
f 3411/2137/1512 3452/2141/1512 3451/2140/1512 3413/2136/1512
f 3442/2136/1510 3482/2140/1510 3481/2140/1510 3441/2136/1510
f 3416/2137/1513 3453/2141/1513 3452/2141/1513 3411/2137/1513
f 3438/2134/1511 3478/2138/1511 3479/2139/1511 3439/2135/1511
f 3414/2136/1511 3455/2140/1511 3454/2141/1511 3412/2137/1511
f 3403/2137/1520 3443/2141/1520 3444/2141/1520 3404/2137/1520
f 3440/2135/1512 3480/2139/1512 3477/2138/1512 3437/2134/1512
f 3413/2136/1510 3451/2140/1510 3456/2140/1510 3422/2136/1510
f 3405/2134/1510 3445/2138/1521 3446/2138/1521 3406/2134/1521
f 3441/2136/1518 3481/2140/1518 3475/2141/1518 3435/2137/1518
f 3412/2137/1513 3454/2141/1519 3457/2141/1519 3415/2137/1519
f 3408/2136/1510 3448/2140/1510 3447/2140/1510 3407/2136/1510
f 3436/2137/1512 3476/2141/1512 3482/2140/1512 3442/2136/1512
f 3417/2134/1510 3458/2138/1510 3459/2138/1510 3418/2134/1510
f 3409/2135/1513 3449/2139/1520 3450/2139/1520 3410/2135/1520
f 3419/2136/1521 3460/2140/1521 3455/2140/1521 3414/2136/1521
f 3406/2134/1518 3446/2138/1518 3449/2139/1518 3409/2135/1518
f 3420/2135/1513 3461/2139/1513 3462/2139/1513 3421/2135/1513
f 3410/2135/1512 3450/2139/1512 3445/2138/1512 3405/2134/1512
f 3418/2134/1518 3459/2138/1518 3461/2139/1518 3420/2135/1518
f 3407/2136/1511 3447/2140/1511 3443/2141/1511 3403/2137/1511
f 3421/2135/1512 3462/2139/1512 3458/2138/1512 3417/2134/1512
f 3404/2137/1512 3444/2141/1512 3448/2140/1512 3408/2136/1512
f 3415/2137/1522 3457/2141/1516 3460/2140/1516 3419/2136/1516
f 3484/2142/1260 3486/2143/1260 3485/2144/1260 3483/2145/1260
f 3488/2142/1261 3487/2145/1261 3489/2144/1261 3490/2143/1261
f 3483/2145/1257 3485/2144/1257 3489/2144/1257 3487/2145/1257
f 3484/2142/1263 3483/2145/1263 3487/2145/1263 3488/2142/1263
f 3486/2143/1258 3484/2142/1258 3488/2142/1258 3490/2143/1258
f 3485/2144/1259 3486/2143/1259 3490/2143/1259 3489/2144/1259
f 3494/2146/1257 3497/2147/1257 3498/2147/1257 3493/2146/1257
f 3495/2148/1257 3491/2149/1257 3492/2149/1257 3496/2148/1257
f 3510/2148/1257 3504/2149/1257 3499/2149/1257 3501/2148/1257
f 3506/2146/1257 3508/2147/1257 3509/2147/1257 3505/2146/1257
f 3502/2148/1257 3500/2149/1257 3503/2149/1257 3507/2148/1257
f 3517/2146/1257 3522/2147/1257 3513/2147/1257 3511/2146/1257
f 3512/2146/1257 3514/2147/1257 3519/2147/1257 3518/2146/1257
f 3520/2148/1257 3515/2149/1257 3516/2149/1257 3521/2148/1257
f 3526/2146/1257 3527/2147/1257 3528/2147/1257 3525/2146/1257
f 3529/2148/1257 3523/2149/1257 3524/2149/1257 3530/2148/1257
f 3534/2150/1258 3533/2150/1258 3538/2151/1258 3537/2151/1258
f 3535/2152/1258 3536/2152/1258 3532/2153/1258 3531/2153/1258
f 3544/2152/1258 3539/2152/1258 3540/2153/1258 3541/2153/1258
f 3547/2150/1258 3546/2150/1258 3550/2151/1258 3549/2151/1258
f 3543/2152/1258 3548/2152/1258 3545/2153/1258 3542/2153/1258
f 3559/2150/1258 3554/2150/1258 3555/2151/1258 3556/2151/1258
f 3552/2150/1258 3551/2150/1258 3560/2151/1258 3553/2151/1258
f 3561/2152/1258 3562/2152/1258 3558/2153/1258 3557/2153/1258
f 3566/2150/1258 3565/2150/1258 3568/2151/1258 3567/2151/1258
f 3569/2152/1258 3570/2152/1258 3564/2153/1258 3563/2153/1258
f 3510/2148/1523 3544/2152/1518 3541/2153/1523 3504/2149/1518
f 3518/2146/1524 3551/2150/1524 3552/2150/1524 3512/2146/1524
f 3512/2146/1518 3552/2150/1518 3553/2151/1525 3514/2147/1518
f 3513/2147/1512 3555/2151/1512 3554/2150/1512 3511/2146/1512
f 3522/2147/1513 3556/2151/1513 3555/2151/1513 3513/2147/1513
f 3515/2149/1514 3557/2153/1514 3558/2153/1514 3516/2149/1514
f 3511/2146/1526 3554/2150/1510 3559/2150/1510 3517/2146/1510
f 3514/2147/1513 3553/2151/1513 3560/2151/1513 3519/2147/1513
f 3521/2148/1510 3562/2152/1510 3561/2152/1510 3520/2148/1510
f 3519/2147/1527 3560/2151/1516 3551/2150/1527 3518/2146/1516
f 3517/2146/1517 3559/2150/1517 3556/2151/1517 3522/2147/1517
f 3520/2148/1518 3561/2152/1518 3557/2153/1518 3515/2149/1518
f 3516/2149/1512 3558/2153/1512 3562/2152/1512 3521/2148/1512
f 3523/2149/1513 3563/2153/1519 3564/2153/1519 3524/2149/1519
f 3525/2146/1521 3565/2150/1521 3566/2150/1521 3526/2146/1521
f 3527/2147/1513 3567/2151/1513 3568/2151/1513 3528/2147/1513
f 3499/2149/1512 3540/2153/1512 3539/2152/1512 3501/2148/1512
f 3530/2148/1510 3570/2152/1510 3569/2152/1510 3529/2148/1510
f 3504/2149/1513 3541/2153/1513 3540/2153/1513 3499/2149/1513
f 3526/2146/1528 3566/2150/1528 3567/2151/1509 3527/2147/1528
f 3502/2148/1511 3543/2152/1511 3542/2153/1511 3500/2149/1511
f 3491/2149/1520 3531/2153/1520 3532/2153/1520 3492/2149/1520
f 3528/2147/1512 3568/2151/1512 3565/2150/1512 3525/2146/1512
f 3501/2148/1510 3539/2152/1510 3544/2152/1510 3510/2148/1510
f 3493/2146/1510 3533/2150/1529 3534/2150/1529 3494/2146/1529
f 3529/2148/1518 3569/2152/1518 3563/2153/1518 3523/2149/1518
f 3500/2149/1513 3542/2153/1519 3545/2153/1519 3503/2149/1519
f 3496/2148/1510 3536/2152/1510 3535/2152/1510 3495/2148/1510
f 3524/2149/1512 3564/2153/1512 3570/2152/1512 3530/2148/1512
f 3505/2146/1526 3546/2150/1526 3547/2150/1526 3506/2146/1526
f 3497/2147/1513 3537/2151/1513 3538/2151/1513 3498/2147/1513
f 3507/2148/1521 3548/2152/1521 3543/2152/1521 3502/2148/1521
f 3494/2146/1518 3534/2150/1518 3537/2151/1518 3497/2147/1518
f 3508/2147/1513 3549/2151/1513 3550/2151/1513 3509/2147/1513
f 3498/2147/1512 3538/2151/1512 3533/2150/1512 3493/2146/1512
f 3506/2146/1518 3547/2150/1518 3549/2151/1518 3508/2147/1518
f 3495/2148/1511 3535/2152/1511 3531/2153/1511 3491/2149/1511
f 3509/2147/1512 3550/2151/1512 3546/2150/1512 3505/2146/1512
f 3492/2149/1512 3532/2153/1512 3536/2152/1512 3496/2148/1512
f 3503/2149/1530 3545/2153/1530 3548/2152/1530 3507/2148/1530
f 3574/2154/1257 3577/2155/1257 3578/2155/1257 3573/2154/1257
f 3575/2156/1257 3571/2157/1257 3572/2157/1257 3576/2156/1257
f 3590/2156/1257 3584/2157/1257 3579/2157/1257 3581/2156/1257
f 3586/2154/1257 3588/2155/1257 3589/2155/1257 3585/2154/1257
f 3582/2156/1257 3580/2157/1257 3583/2157/1257 3587/2156/1257
f 3597/2154/1257 3602/2155/1257 3593/2155/1257 3591/2154/1257
f 3592/2154/1257 3594/2155/1257 3599/2155/1257 3598/2154/1257
f 3600/2156/1257 3595/2157/1257 3596/2157/1257 3601/2156/1257
f 3606/2154/1257 3607/2155/1257 3608/2155/1257 3605/2154/1257
f 3609/2156/1257 3603/2157/1257 3604/2157/1257 3610/2156/1257
f 3614/2158/1258 3613/2158/1258 3618/2159/1258 3617/2159/1258
f 3615/2160/1258 3616/2160/1258 3612/2161/1258 3611/2161/1258
f 3624/2160/1258 3619/2160/1258 3620/2161/1258 3621/2161/1258
f 3627/2158/1258 3626/2158/1258 3630/2159/1258 3629/2159/1258
f 3623/2160/1258 3628/2160/1258 3625/2161/1258 3622/2161/1258
f 3639/2158/1258 3634/2158/1258 3635/2159/1258 3636/2159/1258
f 3632/2158/1258 3631/2158/1258 3640/2159/1258 3633/2159/1258
f 3641/2160/1258 3642/2160/1258 3638/2161/1258 3637/2161/1258
f 3646/2158/1258 3645/2158/1258 3648/2159/1258 3647/2159/1258
f 3649/2160/1258 3650/2160/1258 3644/2161/1258 3643/2161/1258
f 3590/2156/1531 3624/2160/1531 3621/2161/1531 3584/2157/1531
f 3598/2154/1510 3631/2158/1526 3632/2158/1510 3592/2154/1526
f 3592/2154/1518 3632/2158/1518 3633/2159/1518 3594/2155/1518
f 3593/2155/1532 3635/2159/1532 3634/2158/1532 3591/2154/1532
f 3602/2155/1513 3636/2159/1513 3635/2159/1513 3593/2155/1513
f 3595/2157/1513 3637/2161/1513 3638/2161/1513 3596/2157/1513
f 3591/2154/1526 3634/2158/1533 3639/2158/1533 3597/2154/1533
f 3594/2155/1513 3633/2159/1513 3640/2159/1513 3599/2155/1513
f 3601/2156/1510 3642/2160/1510 3641/2160/1510 3600/2156/1510
f 3599/2155/1512 3640/2159/1512 3631/2158/1512 3598/2154/1512
f 3597/2154/1531 3639/2158/1531 3636/2159/1531 3602/2155/1531
f 3600/2156/1534 3641/2160/1535 3637/2161/1535 3595/2157/1535
f 3596/2157/1512 3638/2161/1512 3642/2160/1512 3601/2156/1512
f 3603/2157/1520 3643/2161/1520 3644/2161/1520 3604/2157/1520
f 3605/2154/1521 3645/2158/1510 3646/2158/1521 3606/2154/1510
f 3607/2155/1513 3647/2159/1513 3648/2159/1513 3608/2155/1513
f 3579/2157/1532 3620/2161/1532 3619/2160/1532 3581/2156/1532
f 3610/2156/1510 3650/2160/1510 3649/2160/1510 3609/2156/1510
f 3584/2157/1513 3621/2161/1513 3620/2161/1513 3579/2157/1513
f 3606/2154/1509 3646/2158/1509 3647/2159/1509 3607/2155/1509
f 3582/2156/1518 3623/2160/1518 3622/2161/1518 3580/2157/1518
f 3571/2157/1536 3611/2161/1536 3612/2161/1536 3572/2157/1536
f 3608/2155/1512 3648/2159/1512 3645/2158/1512 3605/2154/1512
f 3581/2156/1510 3619/2160/1510 3624/2160/1510 3590/2156/1510
f 3573/2154/1526 3613/2158/1526 3614/2158/1526 3574/2154/1526
f 3609/2156/1523 3649/2160/1523 3643/2161/1523 3603/2157/1523
f 3580/2157/1513 3622/2161/1513 3625/2161/1513 3583/2157/1513
f 3576/2156/1510 3616/2160/1510 3615/2160/1510 3575/2156/1510
f 3604/2157/1537 3644/2161/1512 3650/2160/1537 3610/2156/1512
f 3585/2154/1526 3626/2158/1526 3627/2158/1526 3586/2154/1526
f 3577/2155/1520 3617/2159/1520 3618/2159/1520 3578/2155/1520
f 3587/2156/1510 3628/2160/1510 3623/2160/1510 3582/2156/1510
f 3574/2154/1523 3614/2158/1523 3617/2159/1523 3577/2155/1523
f 3588/2155/1513 3629/2159/1513 3630/2159/1513 3589/2155/1513
f 3578/2155/1512 3618/2159/1512 3613/2158/1512 3573/2154/1512
f 3586/2154/1518 3627/2158/1518 3629/2159/1518 3588/2155/1518
f 3575/2156/1518 3615/2160/1518 3611/2161/1518 3571/2157/1518
f 3589/2155/1512 3630/2159/1512 3626/2158/1512 3585/2154/1512
f 3572/2157/1512 3612/2161/1512 3616/2160/1512 3576/2156/1512
f 3583/2157/1512 3625/2161/1512 3628/2160/1512 3587/2156/1512
f 3651/2162/1257 3652/2163/1257 3656/2163/1257 3655/2162/1257
f 3654/2162/1257 3657/2163/1257 3658/2163/1257 3653/2162/1257
f 3661/2162/1257 3666/2163/1257 3660/2163/1257 3659/2162/1257
f 3663/2162/1257 3664/2163/1257 3665/2163/1257 3662/2162/1257
f 3674/2164/1257 3671/2165/1257 3667/2165/1257 3668/2164/1257
f 3672/2164/1257 3669/2165/1257 3670/2165/1257 3673/2164/1257
f 3676/2164/1257 3675/2165/1257 3677/2165/1257 3680/2164/1257
f 3681/2164/1257 3678/2165/1257 3679/2165/1257 3682/2164/1257
f 3684/2166/1258 3683/2166/1258 3688/2167/1258 3685/2167/1258
f 3687/2166/1258 3686/2166/1258 3690/2167/1258 3689/2167/1258
f 3694/2166/1258 3692/2166/1258 3691/2167/1258 3693/2167/1258
f 3696/2166/1258 3695/2166/1258 3698/2167/1258 3697/2167/1258
f 3702/2168/1258 3701/2168/1258 3700/2169/1258 3699/2169/1258
f 3705/2168/1258 3706/2168/1258 3704/2169/1258 3703/2169/1258
f 3707/2168/1258 3712/2168/1258 3709/2169/1258 3708/2169/1258
f 3713/2168/1258 3714/2168/1258 3711/2169/1258 3710/2169/1258
f 3667/2165/1538 3700/2169/1538 3701/2168/1538 3668/2164/1538
f 3668/2164/1510 3701/2168/1510 3702/2168/1510 3674/2164/1510
f 3655/2162/1521 3683/2166/1521 3684/2166/1539 3651/2162/1521
f 3669/2165/1513 3703/2169/1513 3704/2169/1513 3670/2165/1513
f 3651/2162/1540 3684/2166/1540 3685/2167/1540 3652/2163/1540
f 3673/2164/1510 3706/2168/1510 3705/2168/1510 3672/2164/1510
f 3653/2162/1510 3686/2166/1510 3687/2166/1521 3654/2162/1510
f 3672/2164/1541 3705/2168/1541 3703/2169/1541 3669/2165/1541
f 3652/2163/1542 3685/2167/1542 3688/2167/1542 3656/2163/1542
f 3670/2165/1543 3704/2169/1543 3706/2168/1543 3673/2164/1543
f 3657/2163/1513 3689/2167/1513 3690/2167/1513 3658/2163/1513
f 3674/2164/1541 3702/2168/1541 3699/2169/1541 3671/2165/1541
f 3656/2163/1544 3688/2167/1544 3683/2166/1544 3655/2162/1544
f 3676/2164/1540 3707/2168/1540 3708/2169/1540 3675/2165/1540
f 3654/2162/1545 3687/2166/1545 3689/2167/1545 3657/2163/1545
f 3675/2165/1542 3708/2169/1542 3709/2169/1542 3677/2165/1542
f 3658/2163/1546 3690/2167/1546 3686/2166/1546 3653/2162/1546
f 3678/2165/1513 3710/2169/1513 3711/2169/1513 3679/2165/1513
f 3660/2163/1547 3691/2167/1547 3692/2166/1547 3659/2162/1547
f 3680/2164/1548 3712/2168/1548 3707/2168/1548 3676/2164/1548
f 3666/2163/1513 3693/2167/1513 3691/2167/1513 3660/2163/1513
f 3682/2164/1510 3714/2168/1510 3713/2168/1510 3681/2164/1510
f 3659/2162/1521 3692/2166/1521 3694/2166/1521 3661/2162/1521
f 3677/2165/1549 3709/2169/1546 3712/2168/1549 3680/2164/1546
f 3662/2162/1521 3695/2166/1521 3696/2166/1521 3663/2162/1521
f 3681/2164/1550 3713/2168/1551 3710/2169/1550 3678/2165/1551
f 3664/2163/1513 3697/2167/1513 3698/2167/1513 3665/2163/1513
f 3679/2165/1546 3711/2169/1546 3714/2168/1546 3682/2164/1546
f 3663/2162/1552 3696/2166/1552 3697/2167/1553 3664/2163/1552
f 3665/2163/1546 3698/2167/1546 3695/2166/1546 3662/2162/1546
f 3661/2162/1540 3694/2166/1540 3693/2167/1540 3666/2163/1540
f 3671/2165/1513 3699/2169/1513 3700/2169/1513 3667/2165/1513
f 3715/2170/1258 3716/2170/1258 3723/2171/1258 3724/2171/1258
f 3722/2172/1554 3721/2172/1554 3729/2173/1554 3730/2173/1554
f 3725/2174/1257 3726/2174/1257 3720/2175/1257 3719/2175/1257
f 3719/2175/1263 3720/2175/1263 3716/2170/1263 3715/2170/1263
f 3724/2171/1260 3725/2174/1260 3719/2175/1260 3715/2170/1260
f 3726/2174/1261 3723/2171/1261 3716/2170/1261 3720/2175/1261
f 3718/2176/1259 3717/2176/1259 3724/2171/1259 3723/2171/1259
f 3717/2176/1259 3721/2177/1259 3725/2174/1259 3724/2171/1259
f 3722/2177/1259 3718/2176/1259 3723/2171/1259 3726/2174/1259
f 3721/2177/1259 3722/2177/1259 3726/2174/1259 3725/2174/1259
f 3729/2173/1555 3728/2178/1555 3732/2179/1555 3733/2180/1555
f 3721/2172/1556 3717/2181/1556 3728/2178/1556 3729/2173/1556
f 3718/2181/1557 3722/2172/1557 3730/2173/1557 3727/2178/1557
f 3717/2181/1558 3718/2181/1558 3727/2178/1558 3728/2178/1558
f 3732/2179/1259 3731/2179/1259 3734/2180/1259 3733/2180/1259
f 3727/2178/1559 3730/2173/1559 3734/2180/1559 3731/2179/1559
f 3728/2178/1560 3727/2178/1561 3731/2179/1560 3732/2179/1560
f 3730/2173/1562 3729/2173/1562 3733/2180/1562 3734/2180/1562
f 3735/2182/1258 3736/2182/1258 3743/2183/1258 3744/2183/1258
f 3742/2184/1563 3741/2184/1563 3749/2185/1563 3750/2185/1563
f 3745/2186/1257 3746/2186/1257 3740/2187/1257 3739/2187/1257
f 3739/2187/1263 3740/2187/1263 3736/2182/1263 3735/2182/1263
f 3744/2183/1260 3745/2186/1260 3739/2187/1260 3735/2182/1260
f 3746/2186/1261 3743/2183/1261 3736/2182/1261 3740/2187/1261
f 3738/2188/1259 3737/2188/1259 3744/2183/1259 3743/2183/1259
f 3737/2188/1259 3741/2189/1259 3745/2186/1259 3744/2183/1259
f 3742/2189/1259 3738/2188/1259 3743/2183/1259 3746/2186/1259
f 3741/2189/1259 3742/2189/1259 3746/2186/1259 3745/2186/1259
f 3749/2185/1555 3748/2190/1555 3752/2191/1555 3753/2192/1555
f 3741/2184/1556 3737/2193/1556 3748/2190/1556 3749/2185/1556
f 3738/2193/1557 3742/2184/1557 3750/2185/1557 3747/2190/1557
f 3737/2193/1564 3738/2193/1564 3747/2190/1564 3748/2190/1564
f 3752/2191/1259 3751/2191/1259 3754/2192/1259 3753/2192/1259
f 3747/2190/1559 3750/2185/1559 3754/2192/1559 3751/2191/1559
f 3748/2190/1565 3747/2190/1565 3751/2191/1565 3752/2191/1565
f 3750/2185/1562 3749/2185/1562 3753/2192/1562 3754/2192/1562
f 3755/2194/1258 3756/2194/1258 3763/2195/1258 3764/2195/1258
f 3762/2196/1554 3761/2196/1554 3769/2197/1554 3770/2197/1554
f 3765/2198/1257 3766/2198/1257 3760/2199/1257 3759/2199/1257
f 3759/2199/1263 3760/2199/1263 3756/2194/1263 3755/2194/1263
f 3764/2195/1260 3765/2198/1260 3759/2199/1260 3755/2194/1260
f 3766/2198/1261 3763/2195/1261 3756/2194/1261 3760/2199/1261
f 3758/2200/1259 3757/2200/1259 3764/2195/1259 3763/2195/1259
f 3757/2200/1259 3761/2201/1259 3765/2198/1259 3764/2195/1259
f 3762/2201/1259 3758/2200/1259 3763/2195/1259 3766/2198/1259
f 3761/2201/1259 3762/2201/1259 3766/2198/1259 3765/2198/1259
f 3769/2197/1555 3768/2202/1555 3772/2203/1555 3773/2204/1555
f 3761/2196/1556 3757/2205/1556 3768/2202/1556 3769/2197/1556
f 3758/2205/1557 3762/2196/1557 3770/2197/1557 3767/2202/1557
f 3757/2205/1566 3758/2205/1566 3767/2202/1566 3768/2202/1566
f 3772/2203/1259 3771/2203/1259 3774/2204/1259 3773/2204/1259
f 3767/2202/1559 3770/2197/1559 3774/2204/1559 3771/2203/1559
f 3768/2202/1565 3767/2202/1565 3771/2203/1565 3772/2203/1565
f 3770/2197/1567 3769/2197/1567 3773/2204/1567 3774/2204/1568
f 3775/2206/1258 3776/2206/1258 3783/2207/1258 3784/2207/1258
f 3782/2208/1569 3781/2208/1569 3789/2209/1569 3790/2209/1569
f 3785/2210/1257 3786/2210/1257 3780/2211/1257 3779/2211/1257
f 3779/2211/1263 3780/2211/1263 3776/2206/1263 3775/2206/1263
f 3784/2207/1260 3785/2210/1260 3779/2211/1260 3775/2206/1260
f 3786/2210/1261 3783/2207/1261 3776/2206/1261 3780/2211/1261
f 3778/2212/1259 3777/2212/1259 3784/2207/1259 3783/2207/1259
f 3777/2212/1259 3781/2213/1259 3785/2210/1259 3784/2207/1259
f 3782/2213/1259 3778/2212/1259 3783/2207/1259 3786/2210/1259
f 3781/2213/1259 3782/2213/1259 3786/2210/1259 3785/2210/1259
f 3789/2209/1555 3788/2214/1555 3792/2215/1555 3793/2216/1555
f 3781/2208/1556 3777/2217/1556 3788/2214/1556 3789/2209/1556
f 3778/2217/1557 3782/2208/1557 3790/2209/1557 3787/2214/1557
f 3777/2217/1564 3778/2217/1564 3787/2214/1564 3788/2214/1564
f 3792/2215/1259 3791/2215/1259 3794/2216/1259 3793/2216/1259
f 3787/2214/1559 3790/2209/1559 3794/2216/1559 3791/2215/1559
f 3788/2214/1570 3787/2214/1570 3791/2215/1570 3792/2215/1570
f 3790/2209/1571 3789/2209/1571 3793/2216/1571 3794/2216/1571
f 3795/2218/1258 3796/2218/1258 3803/2219/1258 3804/2219/1258
f 3802/2220/1563 3801/2220/1563 3809/2221/1563 3810/2221/1563
f 3805/2222/1257 3806/2222/1257 3800/2223/1257 3799/2223/1257
f 3799/2223/1263 3800/2223/1263 3796/2218/1263 3795/2218/1263
f 3804/2219/1260 3805/2222/1260 3799/2223/1260 3795/2218/1260
f 3806/2222/1261 3803/2219/1261 3796/2218/1261 3800/2223/1261
f 3798/2224/1259 3797/2224/1259 3804/2219/1259 3803/2219/1259
f 3797/2224/1259 3801/2225/1259 3805/2222/1259 3804/2219/1259
f 3802/2225/1259 3798/2224/1259 3803/2219/1259 3806/2222/1259
f 3801/2225/1259 3802/2225/1259 3806/2222/1259 3805/2222/1259
f 3809/2221/1555 3808/2226/1555 3812/2227/1555 3813/2228/1555
f 3801/2220/1556 3797/2229/1556 3808/2226/1556 3809/2221/1556
f 3798/2229/1557 3802/2220/1557 3810/2221/1557 3807/2226/1557
f 3797/2229/1566 3798/2229/1566 3807/2226/1566 3808/2226/1566
f 3812/2227/1259 3811/2227/1259 3814/2228/1259 3813/2228/1259
f 3807/2226/1559 3810/2221/1559 3814/2228/1559 3811/2227/1559
f 3808/2226/1572 3807/2226/1572 3811/2227/1572 3812/2227/1572
f 3810/2221/1562 3809/2221/1562 3813/2228/1562 3814/2228/1562
f 3815/2230/1258 3816/2230/1258 3818/2231/1258 3817/2231/1258
f 3817/2231/1259 3818/2231/1259 3822/2232/1259 3821/2232/1259
f 3821/2232/1257 3822/2232/1257 3820/2233/1257 3819/2233/1257
f 3819/2233/1263 3820/2233/1263 3816/2230/1263 3815/2230/1263
f 3817/2231/1260 3821/2232/1260 3819/2233/1260 3815/2230/1260
f 3822/2232/1261 3818/2231/1261 3816/2230/1261 3820/2233/1261
f 3823/2230/1258 3824/2230/1258 3826/2231/1258 3825/2231/1258
f 3825/2231/1259 3826/2231/1259 3830/2232/1259 3829/2232/1259
f 3829/2232/1257 3830/2232/1257 3828/2233/1257 3827/2233/1257
f 3827/2233/1263 3828/2233/1263 3824/2230/1263 3823/2230/1263
f 3825/2231/1260 3829/2232/1260 3827/2233/1260 3823/2230/1260
f 3830/2232/1261 3826/2231/1261 3824/2230/1261 3828/2233/1261
f 3831/2230/1258 3832/2230/1258 3834/2231/1258 3833/2231/1258
f 3833/2231/1259 3834/2231/1259 3838/2232/1259 3837/2232/1259
f 3837/2232/1257 3838/2232/1257 3836/2233/1257 3835/2233/1257
f 3835/2233/1263 3836/2233/1263 3832/2230/1263 3831/2230/1263
f 3833/2231/1260 3837/2232/1260 3835/2233/1260 3831/2230/1260
f 3838/2232/1261 3834/2231/1261 3832/2230/1261 3836/2233/1261
f 3839/2230/1258 3840/2230/1258 3842/2231/1258 3841/2231/1258
f 3841/2231/1259 3842/2231/1259 3846/2232/1259 3845/2232/1259
f 3845/2232/1257 3846/2232/1257 3844/2233/1257 3843/2233/1257
f 3843/2233/1263 3844/2233/1263 3840/2230/1263 3839/2230/1263
f 3841/2231/1260 3845/2232/1260 3843/2233/1260 3839/2230/1260
f 3846/2232/1261 3842/2231/1261 3840/2230/1261 3844/2233/1261
f 3847/2230/1258 3848/2230/1258 3850/2231/1258 3849/2231/1258
f 3849/2231/1259 3850/2231/1259 3854/2232/1259 3853/2232/1259
f 3853/2232/1257 3854/2232/1257 3852/2233/1257 3851/2233/1257
f 3851/2233/1263 3852/2233/1263 3848/2230/1263 3847/2230/1263
f 3849/2231/1260 3853/2232/1260 3851/2233/1260 3847/2230/1260
f 3854/2232/1261 3850/2231/1261 3848/2230/1261 3852/2233/1261
f 3855/2234/1258 3856/2234/1258 3858/2235/1258 3857/2235/1258
f 3857/2235/1259 3858/2235/1259 3862/2236/1259 3861/2236/1259
f 3861/2236/1257 3862/2236/1257 3860/2237/1257 3859/2237/1257
f 3859/2237/1263 3860/2237/1263 3856/2234/1263 3855/2234/1263
f 3857/2235/1260 3861/2236/1260 3859/2237/1260 3855/2234/1260
f 3862/2236/1261 3858/2235/1261 3856/2234/1261 3860/2237/1261
f 3863/2234/1258 3864/2234/1258 3866/2235/1258 3865/2235/1258
f 3865/2235/1259 3866/2235/1259 3870/2236/1259 3869/2236/1259
f 3869/2236/1257 3870/2236/1257 3868/2237/1257 3867/2237/1257
f 3867/2237/1263 3868/2237/1263 3864/2234/1263 3863/2234/1263
f 3865/2235/1260 3869/2236/1260 3867/2237/1260 3863/2234/1260
f 3870/2236/1261 3866/2235/1261 3864/2234/1261 3868/2237/1261
f 3871/2234/1258 3872/2234/1258 3874/2235/1258 3873/2235/1258
f 3873/2235/1259 3874/2235/1259 3878/2236/1259 3877/2236/1259
f 3877/2236/1257 3878/2236/1257 3876/2237/1257 3875/2237/1257
f 3875/2237/1263 3876/2237/1263 3872/2234/1263 3871/2234/1263
f 3873/2235/1260 3877/2236/1260 3875/2237/1260 3871/2234/1260
f 3878/2236/1261 3874/2235/1261 3872/2234/1261 3876/2237/1261
f 3879/2234/1258 3880/2234/1258 3882/2235/1258 3881/2235/1258
f 3881/2235/1259 3882/2235/1259 3886/2236/1259 3885/2236/1259
f 3885/2236/1257 3886/2236/1257 3884/2237/1257 3883/2237/1257
f 3883/2237/1263 3884/2237/1263 3880/2234/1263 3879/2234/1263
f 3881/2235/1260 3885/2236/1260 3883/2237/1260 3879/2234/1260
f 3886/2236/1261 3882/2235/1261 3880/2234/1261 3884/2237/1261
f 3887/2238/1258 3888/2238/1258 3895/2239/1258 3896/2239/1258
f 3889/2240/1258 3890/2240/1258 3899/2241/1258 3900/2241/1258
f 3897/2242/1257 3898/2242/1257 3892/2243/1257 3891/2243/1257
f 3891/2243/1263 3892/2243/1263 3888/2238/1263 3887/2238/1263
f 3896/2239/1260 3897/2242/1260 3891/2243/1260 3887/2238/1260
f 3898/2242/1261 3895/2239/1261 3888/2238/1261 3892/2243/1261
f 3890/2244/1259 3889/2244/1259 3896/2239/1259 3895/2239/1259
f 3889/2244/1259 3893/2245/1259 3897/2242/1259 3896/2239/1259
f 3894/2245/1259 3890/2244/1259 3895/2239/1259 3898/2242/1259
f 3893/2245/1259 3894/2245/1259 3898/2242/1259 3897/2242/1259
f 3900/2241/1259 3899/2241/1259 3902/2246/1259 3901/2246/1259
f 3894/2247/1257 3893/2247/1257 3901/2246/1257 3902/2246/1257
f 3893/2247/1260 3889/2240/1260 3900/2241/1260 3901/2246/1260
f 3890/2240/1261 3894/2247/1261 3902/2246/1261 3899/2241/1261
f 3903/2248/1258 3904/2248/1258 3911/2249/1258 3912/2249/1258
f 3905/2250/1258 3906/2250/1258 3915/2251/1258 3916/2251/1258
f 3913/2252/1257 3914/2252/1257 3908/2253/1257 3907/2253/1257
f 3907/2253/1263 3908/2253/1263 3904/2248/1263 3903/2248/1263
f 3912/2249/1260 3913/2252/1260 3907/2253/1260 3903/2248/1260
f 3914/2252/1261 3911/2249/1261 3904/2248/1261 3908/2253/1261
f 3906/2254/1259 3905/2254/1259 3912/2249/1259 3911/2249/1259
f 3905/2254/1259 3909/2255/1259 3913/2252/1259 3912/2249/1259
f 3910/2255/1259 3906/2254/1259 3911/2249/1259 3914/2252/1259
f 3909/2255/1259 3910/2255/1259 3914/2252/1259 3913/2252/1259
f 3916/2251/1259 3915/2251/1259 3918/2256/1259 3917/2256/1259
f 3910/2257/1257 3909/2257/1257 3917/2256/1257 3918/2256/1257
f 3909/2257/1260 3905/2250/1260 3916/2251/1260 3917/2256/1260
f 3906/2250/1261 3910/2257/1261 3918/2256/1261 3915/2251/1261
f 3921/2258/1573 3919/2259/1573 3923/2260/1573 3925/2261/1573
f 3920/2259/1574 3922/2258/1574 3926/2261/1574 3924/2260/1574
f 3925/2261/1575 3923/2260/1575 3927/2262/1575 3929/2263/1575
f 3924/2260/1576 3926/2261/1576 3930/2263/1576 3928/2262/1576
f 3928/2262/1259 3930/2263/1259 3929/2263/1259 3927/2262/1259
f 3933/2264/1577 3937/2265/1577 3935/2266/1577 3931/2267/1577
f 3932/2267/1578 3936/2266/1578 3938/2265/1578 3934/2264/1578
f 3937/2265/1579 3941/2268/1579 3939/2269/1579 3935/2266/1579
f 3936/2266/1580 3940/2269/1580 3942/2268/1580 3938/2265/1580
f 3940/2269/1263 3939/2269/1263 3941/2268/1263 3942/2268/1263
f 3922/2258/1581 3920/2259/1581 3932/2267/1581 3934/2264/1581
f 3919/2259/1582 3921/2258/1582 3933/2264/1582 3931/2267/1582
f 3923/2260/1258 3919/2259/1258 3931/2267/1258 3935/2266/1258
f 3921/2258/1257 3925/2261/1257 3937/2265/1257 3933/2264/1257
f 3926/2261/1257 3922/2258/1257 3934/2264/1257 3938/2265/1257
f 3920/2259/1258 3924/2260/1258 3936/2266/1258 3932/2267/1258
f 3927/2262/1258 3923/2260/1258 3935/2266/1258 3939/2269/1258
f 3925/2261/1257 3929/2263/1257 3941/2268/1257 3937/2265/1257
f 3930/2263/1257 3926/2261/1257 3938/2265/1257 3942/2268/1257
f 3924/2260/1258 3928/2262/1258 3940/2269/1258 3936/2266/1258
f 3928/2262/1258 3927/2262/1258 3939/2269/1258 3940/2269/1258
f 3929/2263/1257 3930/2263/1257 3942/2268/1257 3941/2268/1257
f 3945/2270/1573 3943/2271/1573 3947/2272/1573 3949/2273/1573
f 3944/2271/1574 3946/2270/1574 3950/2273/1574 3948/2272/1574
f 3949/2273/1575 3947/2272/1575 3951/2274/1575 3953/2275/1575
f 3948/2272/1576 3950/2273/1576 3954/2275/1576 3952/2274/1576
f 3952/2274/1259 3954/2275/1259 3953/2275/1259 3951/2274/1259
f 3957/2276/1577 3961/2277/1577 3959/2278/1577 3955/2279/1577
f 3956/2279/1578 3960/2278/1578 3962/2277/1578 3958/2276/1578
f 3961/2277/1579 3965/2280/1579 3963/2281/1579 3959/2278/1579
f 3960/2278/1580 3964/2281/1580 3966/2280/1580 3962/2277/1580
f 3964/2281/1263 3963/2281/1263 3965/2280/1263 3966/2280/1263
f 3946/2270/1581 3944/2271/1581 3956/2279/1581 3958/2276/1581
f 3943/2271/1582 3945/2270/1582 3957/2276/1582 3955/2279/1582
f 3947/2272/1258 3943/2271/1258 3955/2279/1258 3959/2278/1258
f 3945/2270/1257 3949/2273/1257 3961/2277/1257 3957/2276/1257
f 3950/2273/1257 3946/2270/1257 3958/2276/1257 3962/2277/1257
f 3944/2271/1258 3948/2272/1258 3960/2278/1258 3956/2279/1258
f 3951/2274/1258 3947/2272/1258 3959/2278/1258 3963/2281/1258
f 3949/2273/1257 3953/2275/1257 3965/2280/1257 3961/2277/1257
f 3954/2275/1257 3950/2273/1257 3962/2277/1257 3966/2280/1257
f 3948/2272/1258 3952/2274/1258 3964/2281/1258 3960/2278/1258
f 3952/2274/1258 3951/2274/1258 3963/2281/1258 3964/2281/1258
f 3953/2275/1257 3954/2275/1257 3966/2280/1257 3965/2280/1257
f 3969/2282/1573 3967/2283/1573 3971/2284/1573 3973/2285/1573
f 3968/2283/1574 3970/2282/1574 3974/2285/1574 3972/2284/1574
f 3973/2285/1575 3971/2284/1575 3975/2286/1575 3977/2287/1575
f 3972/2284/1576 3974/2285/1576 3978/2287/1576 3976/2286/1576
f 3976/2286/1259 3978/2287/1259 3977/2287/1259 3975/2286/1259
f 3981/2288/1577 3985/2289/1577 3983/2290/1577 3979/2291/1577
f 3980/2291/1578 3984/2290/1578 3986/2289/1578 3982/2288/1578
f 3985/2289/1579 3989/2292/1579 3987/2293/1579 3983/2290/1579
f 3984/2290/1580 3988/2293/1580 3990/2292/1580 3986/2289/1580
f 3988/2293/1263 3987/2293/1263 3989/2292/1263 3990/2292/1263
f 3970/2282/1581 3968/2283/1581 3980/2291/1581 3982/2288/1581
f 3967/2283/1582 3969/2282/1582 3981/2288/1582 3979/2291/1582
f 3971/2284/1258 3967/2283/1258 3979/2291/1258 3983/2290/1258
f 3969/2282/1257 3973/2285/1257 3985/2289/1257 3981/2288/1257
f 3974/2285/1257 3970/2282/1257 3982/2288/1257 3986/2289/1257
f 3968/2283/1258 3972/2284/1258 3984/2290/1258 3980/2291/1258
f 3975/2286/1258 3971/2284/1258 3983/2290/1258 3987/2293/1258
f 3973/2285/1257 3977/2287/1257 3989/2292/1257 3985/2289/1257
f 3978/2287/1257 3974/2285/1257 3986/2289/1257 3990/2292/1257
f 3972/2284/1258 3976/2286/1258 3988/2293/1258 3984/2290/1258
f 3976/2286/1258 3975/2286/1258 3987/2293/1258 3988/2293/1258
f 3977/2287/1257 3978/2287/1257 3990/2292/1257 3989/2292/1257
f 3991/2294/1257 3992/2294/1257 3999/2295/1257 4000/2295/1257
f 3998/2296/1583 3997/2296/1583 4005/2297/1583 4006/2297/1583
f 4001/2298/1258 4002/2298/1258 3996/2299/1258 3995/2299/1258
f 3995/2299/1259 3996/2299/1259 3992/2294/1259 3991/2294/1259
f 4000/2295/1260 4001/2298/1260 3995/2299/1260 3991/2294/1260
f 4002/2298/1261 3999/2295/1261 3992/2294/1261 3996/2299/1261
f 3994/2300/1263 3993/2300/1263 4000/2295/1263 3999/2295/1263
f 3993/2300/1263 3997/2301/1263 4001/2298/1263 4000/2295/1263
f 3998/2301/1263 3994/2300/1263 3999/2295/1263 4002/2298/1263
f 3997/2301/1263 3998/2301/1263 4002/2298/1263 4001/2298/1263
f 4005/2297/1584 4004/2302/1584 4008/2303/1584 4009/2304/1584
f 3997/2296/1585 3993/2305/1585 4004/2302/1585 4005/2297/1585
f 3994/2305/1586 3998/2296/1586 4006/2297/1586 4003/2302/1586
f 3993/2305/1587 3994/2305/1587 4003/2302/1587 4004/2302/1587
f 4008/2303/1263 4007/2303/1263 4010/2304/1263 4009/2304/1263
f 4003/2302/1588 4006/2297/1588 4010/2304/1588 4007/2303/1588
f 4004/2302/1589 4003/2302/1589 4007/2303/1589 4008/2303/1589
f 4006/2297/1590 4005/2297/1590 4009/2304/1590 4010/2304/1590
f 4011/2306/1257 4012/2306/1257 4019/2307/1257 4020/2307/1257
f 4018/2308/1591 4017/2308/1591 4025/2309/1591 4026/2309/1591
f 4021/2310/1258 4022/2310/1258 4016/2311/1258 4015/2311/1258
f 4015/2311/1259 4016/2311/1259 4012/2306/1259 4011/2306/1259
f 4020/2307/1260 4021/2310/1260 4015/2311/1260 4011/2306/1260
f 4022/2310/1261 4019/2307/1261 4012/2306/1261 4016/2311/1261
f 4014/2312/1263 4013/2312/1263 4020/2307/1263 4019/2307/1263
f 4013/2312/1263 4017/2313/1263 4021/2310/1263 4020/2307/1263
f 4018/2313/1263 4014/2312/1263 4019/2307/1263 4022/2310/1263
f 4017/2313/1263 4018/2313/1263 4022/2310/1263 4021/2310/1263
f 4025/2309/1584 4024/2314/1584 4028/2315/1584 4029/2316/1584
f 4017/2308/1585 4013/2317/1585 4024/2314/1585 4025/2309/1585
f 4014/2317/1586 4018/2308/1586 4026/2309/1586 4023/2314/1586
f 4013/2317/1592 4014/2317/1592 4023/2314/1592 4024/2314/1592
f 4028/2315/1263 4027/2315/1263 4030/2316/1263 4029/2316/1263
f 4023/2314/1588 4026/2309/1588 4030/2316/1588 4027/2315/1588
f 4024/2314/1593 4023/2314/1593 4027/2315/1593 4028/2315/1593
f 4026/2309/1594 4025/2309/1594 4029/2316/1594 4030/2316/1594
f 4033/2258/1595 4031/2259/1595 4035/2260/1595 4037/2261/1595
f 4032/2259/1596 4034/2258/1596 4038/2261/1596 4036/2260/1596
f 4037/2261/1597 4035/2260/1597 4039/2262/1597 4041/2263/1597
f 4036/2260/1598 4038/2261/1598 4042/2263/1598 4040/2262/1598
f 4040/2262/1259 4042/2263/1259 4041/2263/1259 4039/2262/1259
f 4045/2264/1577 4049/2265/1577 4047/2266/1577 4043/2267/1577
f 4044/2267/1599 4048/2266/1599 4050/2265/1599 4046/2264/1599
f 4049/2265/1579 4053/2268/1579 4051/2269/1579 4047/2266/1579
f 4048/2266/1580 4052/2269/1580 4054/2268/1580 4050/2265/1580
f 4052/2269/1263 4051/2269/1263 4053/2268/1263 4054/2268/1263
f 4034/2258/1581 4032/2259/1581 4044/2267/1581 4046/2264/1581
f 4031/2259/1600 4033/2258/1600 4045/2264/1600 4043/2267/1600
f 4035/2260/1258 4031/2259/1258 4043/2267/1258 4047/2266/1258
f 4033/2258/1257 4037/2261/1257 4049/2265/1257 4045/2264/1257
f 4038/2261/1257 4034/2258/1257 4046/2264/1257 4050/2265/1257
f 4032/2259/1258 4036/2260/1258 4048/2266/1258 4044/2267/1258
f 4039/2262/1258 4035/2260/1258 4047/2266/1258 4051/2269/1258
f 4037/2261/1257 4041/2263/1257 4053/2268/1257 4049/2265/1257
f 4042/2263/1257 4038/2261/1257 4050/2265/1257 4054/2268/1257
f 4036/2260/1258 4040/2262/1258 4052/2269/1258 4048/2266/1258
f 4040/2262/1258 4039/2262/1258 4051/2269/1258 4052/2269/1258
f 4041/2263/1257 4042/2263/1257 4054/2268/1257 4053/2268/1257
f 4057/2270/1601 4055/2271/1601 4059/2272/1601 4061/2273/1601
f 4056/2271/1596 4058/2270/1596 4062/2273/1596 4060/2272/1596
f 4061/2273/1597 4059/2272/1597 4063/2274/1597 4065/2275/1597
f 4060/2272/1598 4062/2273/1598 4066/2275/1598 4064/2274/1598
f 4064/2274/1259 4066/2275/1259 4065/2275/1259 4063/2274/1259
f 4069/2276/1577 4073/2277/1577 4071/2278/1577 4067/2279/1577
f 4068/2279/1578 4072/2278/1578 4074/2277/1578 4070/2276/1578
f 4073/2277/1579 4077/2280/1579 4075/2281/1579 4071/2278/1579
f 4072/2278/1580 4076/2281/1580 4078/2280/1580 4074/2277/1580
f 4076/2281/1263 4075/2281/1263 4077/2280/1263 4078/2280/1263
f 4058/2270/1581 4056/2271/1581 4068/2279/1581 4070/2276/1581
f 4055/2271/1600 4057/2270/1600 4069/2276/1600 4067/2279/1600
f 4059/2272/1258 4055/2271/1258 4067/2279/1258 4071/2278/1258
f 4057/2270/1257 4061/2273/1257 4073/2277/1257 4069/2276/1257
f 4062/2273/1257 4058/2270/1257 4070/2276/1257 4074/2277/1257
f 4056/2271/1258 4060/2272/1258 4072/2278/1258 4068/2279/1258
f 4063/2274/1258 4059/2272/1258 4071/2278/1258 4075/2281/1258
f 4061/2273/1257 4065/2275/1257 4077/2280/1257 4073/2277/1257
f 4066/2275/1257 4062/2273/1257 4074/2277/1257 4078/2280/1257
f 4060/2272/1258 4064/2274/1258 4076/2281/1258 4072/2278/1258
f 4064/2274/1258 4063/2274/1258 4075/2281/1258 4076/2281/1258
f 4065/2275/1257 4066/2275/1257 4078/2280/1257 4077/2280/1257
f 4081/2282/1601 4079/2283/1601 4083/2284/1601 4085/2285/1601
f 4080/2283/1596 4082/2282/1596 4086/2285/1596 4084/2284/1596
f 4085/2285/1597 4083/2284/1597 4087/2286/1597 4089/2287/1597
f 4084/2284/1598 4086/2285/1598 4090/2287/1598 4088/2286/1598
f 4088/2286/1259 4090/2287/1259 4089/2287/1259 4087/2286/1259
f 4093/2288/1577 4097/2289/1577 4095/2290/1577 4091/2291/1577
f 4092/2291/1599 4096/2290/1599 4098/2289/1599 4094/2288/1599
f 4097/2289/1579 4101/2292/1579 4099/2293/1579 4095/2290/1579
f 4096/2290/1580 4100/2293/1580 4102/2292/1580 4098/2289/1580
f 4100/2293/1263 4099/2293/1263 4101/2292/1263 4102/2292/1263
f 4082/2282/1581 4080/2283/1581 4092/2291/1581 4094/2288/1581
f 4079/2283/1600 4081/2282/1600 4093/2288/1600 4091/2291/1600
f 4083/2284/1258 4079/2283/1258 4091/2291/1258 4095/2290/1258
f 4081/2282/1257 4085/2285/1257 4097/2289/1257 4093/2288/1257
f 4086/2285/1257 4082/2282/1257 4094/2288/1257 4098/2289/1257
f 4080/2283/1258 4084/2284/1258 4096/2290/1258 4092/2291/1258
f 4087/2286/1258 4083/2284/1258 4095/2290/1258 4099/2293/1258
f 4085/2285/1257 4089/2287/1257 4101/2292/1257 4097/2289/1257
f 4090/2287/1257 4086/2285/1257 4098/2289/1257 4102/2292/1257
f 4084/2284/1258 4088/2286/1258 4100/2293/1258 4096/2290/1258
f 4088/2286/1258 4087/2286/1258 4099/2293/1258 4100/2293/1258
f 4089/2287/1257 4090/2287/1257 4102/2292/1257 4101/2292/1257
f 4103/2294/1257 4104/2294/1257 4111/2295/1257 4112/2295/1257
f 4110/2296/1583 4109/2296/1583 4117/2297/1583 4118/2297/1583
f 4113/2298/1258 4114/2298/1258 4108/2299/1258 4107/2299/1258
f 4107/2299/1259 4108/2299/1259 4104/2294/1259 4103/2294/1259
f 4112/2295/1260 4113/2298/1260 4107/2299/1260 4103/2294/1260
f 4114/2298/1261 4111/2295/1261 4104/2294/1261 4108/2299/1261
f 4106/2300/1263 4105/2300/1263 4112/2295/1263 4111/2295/1263
f 4105/2300/1263 4109/2301/1263 4113/2298/1263 4112/2295/1263
f 4110/2301/1263 4106/2300/1263 4111/2295/1263 4114/2298/1263
f 4109/2301/1263 4110/2301/1263 4114/2298/1263 4113/2298/1263
f 4117/2297/1584 4116/2302/1584 4120/2303/1584 4121/2304/1584
f 4109/2296/1602 4105/2305/1602 4116/2302/1602 4117/2297/1602
f 4106/2305/1603 4110/2296/1603 4118/2297/1603 4115/2302/1603
f 4105/2305/1587 4106/2305/1587 4115/2302/1587 4116/2302/1587
f 4120/2303/1263 4119/2303/1263 4122/2304/1263 4121/2304/1263
f 4115/2302/1604 4118/2297/1604 4122/2304/1604 4119/2303/1604
f 4116/2302/1605 4115/2302/1605 4119/2303/1605 4120/2303/1605
f 4118/2297/1590 4117/2297/1590 4121/2304/1590 4122/2304/1590
f 4123/2306/1257 4124/2306/1257 4131/2307/1257 4132/2307/1257
f 4130/2308/1591 4129/2308/1591 4137/2309/1591 4138/2309/1591
f 4133/2310/1258 4134/2310/1258 4128/2311/1258 4127/2311/1258
f 4127/2311/1259 4128/2311/1259 4124/2306/1259 4123/2306/1259
f 4132/2307/1260 4133/2310/1260 4127/2311/1260 4123/2306/1260
f 4134/2310/1261 4131/2307/1261 4124/2306/1261 4128/2311/1261
f 4126/2312/1263 4125/2312/1263 4132/2307/1263 4131/2307/1263
f 4125/2312/1263 4129/2313/1263 4133/2310/1263 4132/2307/1263
f 4130/2313/1263 4126/2312/1263 4131/2307/1263 4134/2310/1263
f 4129/2313/1263 4130/2313/1263 4134/2310/1263 4133/2310/1263
f 4137/2309/1584 4136/2314/1584 4140/2315/1584 4141/2316/1584
f 4129/2308/1602 4125/2317/1602 4136/2314/1602 4137/2309/1602
f 4126/2317/1603 4130/2308/1603 4138/2309/1603 4135/2314/1603
f 4125/2317/1592 4126/2317/1592 4135/2314/1592 4136/2314/1592
f 4140/2315/1263 4139/2315/1263 4142/2316/1263 4141/2316/1263
f 4135/2314/1604 4138/2309/1604 4142/2316/1604 4139/2315/1604
f 4136/2314/1593 4135/2314/1593 4139/2315/1593 4140/2315/1593
f 4138/2309/1594 4137/2309/1594 4141/2316/1594 4142/2316/1594
f 4145/2318/1606 4149/2319/1606 4147/2320/1606 4143/2321/1606
f 4144/2321/1607 4148/2320/1607 4150/2319/1607 4146/2318/1607
f 4149/2319/1608 4153/2322/1608 4151/2323/1608 4147/2320/1608
f 4148/2320/1609 4152/2323/1609 4154/2322/1609 4150/2319/1609
f 4152/2323/1263 4151/2323/1263 4153/2322/1263 4154/2322/1263
f 4157/2324/1610 4155/2325/1610 4159/2326/1610 4161/2327/1610
f 4156/2325/1611 4158/2324/1611 4162/2327/1611 4160/2326/1611
f 4161/2327/1612 4159/2326/1612 4163/2328/1612 4165/2329/1612
f 4160/2326/1613 4162/2327/1613 4166/2329/1613 4164/2328/1613
f 4164/2328/1259 4166/2329/1259 4165/2329/1259 4163/2328/1259
f 4146/2318/1614 4158/2324/1614 4156/2325/1614 4144/2321/1614
f 4143/2321/1615 4155/2325/1615 4157/2324/1615 4145/2318/1615
f 4147/2320/1258 4159/2326/1258 4155/2325/1258 4143/2321/1258
f 4145/2318/1257 4157/2324/1257 4161/2327/1257 4149/2319/1257
f 4150/2319/1257 4162/2327/1257 4158/2324/1257 4146/2318/1257
f 4144/2321/1258 4156/2325/1258 4160/2326/1258 4148/2320/1258
f 4151/2323/1258 4163/2328/1258 4159/2326/1258 4147/2320/1258
f 4149/2319/1257 4161/2327/1257 4165/2329/1257 4153/2322/1257
f 4154/2322/1257 4166/2329/1257 4162/2327/1257 4150/2319/1257
f 4148/2320/1258 4160/2326/1258 4164/2328/1258 4152/2323/1258
f 4152/2323/1258 4164/2328/1258 4163/2328/1258 4151/2323/1258
f 4153/2322/1257 4165/2329/1257 4166/2329/1257 4154/2322/1257
f 4169/2318/1616 4173/2319/1616 4171/2320/1616 4167/2321/1616
f 4168/2321/1617 4172/2320/1617 4174/2319/1617 4170/2318/1617
f 4173/2319/1618 4177/2322/1618 4175/2323/1618 4171/2320/1618
f 4172/2320/1619 4176/2323/1619 4178/2322/1619 4174/2319/1619
f 4176/2323/1263 4175/2323/1263 4177/2322/1263 4178/2322/1263
f 4181/2324/1610 4179/2325/1610 4183/2326/1610 4185/2327/1610
f 4180/2325/1611 4182/2324/1611 4186/2327/1611 4184/2326/1611
f 4185/2327/1620 4183/2326/1620 4187/2328/1620 4189/2329/1620
f 4184/2326/1621 4186/2327/1621 4190/2329/1621 4188/2328/1621
f 4188/2328/1259 4190/2329/1259 4189/2329/1259 4187/2328/1259
f 4170/2318/1614 4182/2324/1614 4180/2325/1614 4168/2321/1614
f 4167/2321/1615 4179/2325/1615 4181/2324/1615 4169/2318/1615
f 4171/2320/1258 4183/2326/1258 4179/2325/1258 4167/2321/1258
f 4169/2318/1257 4181/2324/1257 4185/2327/1257 4173/2319/1257
f 4174/2319/1257 4186/2327/1257 4182/2324/1257 4170/2318/1257
f 4168/2321/1258 4180/2325/1258 4184/2326/1258 4172/2320/1258
f 4175/2323/1258 4187/2328/1258 4183/2326/1258 4171/2320/1258
f 4173/2319/1257 4185/2327/1257 4189/2329/1257 4177/2322/1257
f 4178/2322/1257 4190/2329/1257 4186/2327/1257 4174/2319/1257
f 4172/2320/1258 4184/2326/1258 4188/2328/1258 4176/2323/1258
f 4176/2323/1258 4188/2328/1258 4187/2328/1258 4175/2323/1258
f 4177/2322/1257 4189/2329/1257 4190/2329/1257 4178/2322/1257
f 4191/2330/1257 4200/2331/1257 4199/2331/1257 4192/2330/1257
f 4198/2332/1566 4206/2333/1566 4205/2333/1566 4197/2332/1566
f 4201/2334/1258 4195/2335/1258 4196/2335/1258 4202/2334/1258
f 4195/2335/1263 4191/2330/1263 4192/2330/1263 4196/2335/1263
f 4200/2331/1260 4191/2330/1260 4195/2335/1260 4201/2334/1260
f 4202/2334/1261 4196/2335/1261 4192/2330/1261 4199/2331/1261
f 4194/2336/1259 4199/2331/1259 4200/2331/1259 4193/2336/1259
f 4193/2336/1259 4200/2331/1259 4201/2334/1259 4197/2337/1259
f 4198/2337/1259 4202/2334/1259 4199/2331/1259 4194/2336/1259
f 4197/2337/1259 4201/2334/1259 4202/2334/1259 4198/2337/1259
f 4205/2333/1622 4209/2338/1622 4208/2339/1622 4204/2340/1622
f 4197/2332/1623 4205/2333/1623 4204/2340/1623 4193/2341/1623
f 4194/2341/1557 4203/2340/1557 4206/2333/1557 4198/2332/1557
f 4193/2341/1554 4204/2340/1554 4203/2340/1554 4194/2341/1554
f 4208/2339/1259 4209/2338/1259 4210/2338/1259 4207/2339/1259
f 4203/2340/1624 4207/2339/1624 4210/2338/1624 4206/2333/1624
f 4204/2340/1625 4208/2339/1625 4207/2339/1625 4203/2340/1625
f 4206/2333/1626 4210/2338/1626 4209/2338/1626 4205/2333/1626
f 4211/2342/1257 4220/2343/1257 4219/2343/1257 4212/2342/1257
f 4218/2344/1566 4226/2345/1566 4225/2345/1566 4217/2344/1566
f 4221/2346/1258 4215/2347/1258 4216/2347/1258 4222/2346/1258
f 4215/2347/1263 4211/2342/1263 4212/2342/1263 4216/2347/1263
f 4220/2343/1260 4211/2342/1260 4215/2347/1260 4221/2346/1260
f 4222/2346/1261 4216/2347/1261 4212/2342/1261 4219/2343/1261
f 4214/2348/1259 4219/2343/1259 4220/2343/1259 4213/2348/1259
f 4213/2348/1259 4220/2343/1259 4221/2346/1259 4217/2349/1259
f 4218/2349/1259 4222/2346/1259 4219/2343/1259 4214/2348/1259
f 4217/2349/1259 4221/2346/1259 4222/2346/1259 4218/2349/1259
f 4225/2345/1627 4229/2350/1627 4228/2351/1627 4224/2352/1627
f 4217/2344/1623 4225/2345/1623 4224/2352/1623 4213/2353/1623
f 4214/2353/1557 4223/2352/1557 4226/2345/1557 4218/2344/1557
f 4213/2353/1563 4224/2352/1563 4223/2352/1563 4214/2353/1563
f 4228/2351/1259 4229/2350/1259 4230/2350/1259 4227/2351/1259
f 4223/2352/1624 4227/2351/1624 4230/2350/1624 4226/2345/1624
f 4224/2352/1628 4228/2351/1628 4227/2351/1628 4223/2352/1628
f 4226/2345/1626 4230/2350/1626 4229/2350/1626 4225/2345/1626
f 4233/2354/1629 4237/2355/1629 4235/2356/1629 4231/2357/1629
f 4232/2357/1630 4236/2356/1630 4238/2355/1630 4234/2354/1630
f 4237/2355/1608 4241/2358/1608 4239/2359/1608 4235/2356/1608
f 4236/2356/1609 4240/2359/1609 4242/2358/1609 4238/2355/1609
f 4240/2359/1263 4239/2359/1263 4241/2358/1263 4242/2358/1263
f 4245/2360/1631 4243/2361/1631 4247/2362/1631 4249/2363/1631
f 4244/2361/1632 4246/2360/1632 4250/2363/1632 4248/2362/1632
f 4249/2363/1633 4247/2362/1633 4251/2364/1633 4253/2365/1633
f 4248/2362/1613 4250/2363/1613 4254/2365/1613 4252/2364/1613
f 4252/2364/1259 4254/2365/1259 4253/2365/1259 4251/2364/1259
f 4234/2354/1634 4246/2360/1634 4244/2361/1634 4232/2357/1634
f 4231/2357/1635 4243/2361/1635 4245/2360/1635 4233/2354/1635
f 4235/2356/1258 4247/2362/1258 4243/2361/1258 4231/2357/1258
f 4233/2354/1257 4245/2360/1257 4249/2363/1257 4237/2355/1257
f 4238/2355/1257 4250/2363/1257 4246/2360/1257 4234/2354/1257
f 4232/2357/1258 4244/2361/1258 4248/2362/1258 4236/2356/1258
f 4239/2359/1258 4251/2364/1258 4247/2362/1258 4235/2356/1258
f 4237/2355/1257 4249/2363/1257 4253/2365/1257 4241/2358/1257
f 4242/2358/1257 4254/2365/1257 4250/2363/1257 4238/2355/1257
f 4236/2356/1258 4248/2362/1258 4252/2364/1258 4240/2359/1258
f 4240/2359/1258 4252/2364/1258 4251/2364/1258 4239/2359/1258
f 4241/2358/1257 4253/2365/1257 4254/2365/1257 4242/2358/1257
f 4257/2366/1629 4261/2367/1629 4259/2368/1629 4255/2369/1629
f 4256/2369/1630 4260/2368/1630 4262/2367/1630 4258/2366/1630
f 4261/2367/1608 4265/2370/1608 4263/2371/1608 4259/2368/1608
f 4260/2368/1609 4264/2371/1609 4266/2370/1609 4262/2367/1609
f 4264/2371/1263 4263/2371/1263 4265/2370/1263 4266/2370/1263
f 4269/2372/1631 4267/2373/1631 4271/2374/1631 4273/2375/1631
f 4268/2373/1632 4270/2372/1632 4274/2375/1632 4272/2374/1632
f 4273/2375/1633 4271/2374/1633 4275/2376/1633 4277/2377/1633
f 4272/2374/1613 4274/2375/1613 4278/2377/1613 4276/2376/1613
f 4276/2376/1259 4278/2377/1259 4277/2377/1259 4275/2376/1259
f 4258/2366/1634 4270/2372/1634 4268/2373/1634 4256/2369/1634
f 4255/2369/1635 4267/2373/1635 4269/2372/1635 4257/2366/1635
f 4259/2368/1258 4271/2374/1258 4267/2373/1258 4255/2369/1258
f 4257/2366/1257 4269/2372/1257 4273/2375/1257 4261/2367/1257
f 4262/2367/1257 4274/2375/1257 4270/2372/1257 4258/2366/1257
f 4256/2369/1636 4268/2373/1636 4272/2374/1258 4260/2368/1258
f 4263/2371/1258 4275/2376/1258 4271/2374/1258 4259/2368/1258
f 4261/2367/1257 4273/2375/1257 4277/2377/1257 4265/2370/1257
f 4266/2370/1257 4278/2377/1257 4274/2375/1257 4262/2367/1257
f 4260/2368/1258 4272/2374/1258 4276/2376/1258 4264/2371/1258
f 4264/2371/1258 4276/2376/1258 4275/2376/1258 4263/2371/1258
f 4265/2370/1257 4277/2377/1257 4278/2377/1257 4266/2370/1257
f 4279/2378/1257 4280/2378/1257 4287/2379/1257 4288/2379/1257
f 4286/2380/1583 4285/2380/1583 4293/2381/1583 4294/2381/1583
f 4289/2382/1258 4290/2382/1258 4284/2383/1258 4283/2383/1258
f 4283/2383/1259 4284/2383/1259 4280/2378/1259 4279/2378/1259
f 4288/2379/1260 4289/2382/1260 4283/2383/1260 4279/2378/1260
f 4290/2382/1261 4287/2379/1261 4280/2378/1261 4284/2383/1261
f 4282/2384/1263 4281/2384/1263 4288/2379/1263 4287/2379/1263
f 4281/2384/1263 4285/2385/1263 4289/2382/1263 4288/2379/1263
f 4286/2385/1263 4282/2384/1263 4287/2379/1263 4290/2382/1263
f 4285/2385/1263 4286/2385/1263 4290/2382/1263 4289/2382/1263
f 4293/2381/1637 4292/2386/1637 4296/2387/1637 4297/2388/1637
f 4285/2380/1585 4281/2389/1585 4292/2386/1585 4293/2381/1585
f 4282/2389/1586 4286/2380/1586 4294/2381/1586 4291/2386/1586
f 4281/2389/1592 4282/2389/1592 4291/2386/1592 4292/2386/1592
f 4296/2387/1263 4295/2387/1263 4298/2388/1263 4297/2388/1263
f 4291/2386/1588 4294/2381/1588 4298/2388/1588 4295/2387/1588
f 4292/2386/1638 4291/2386/1638 4295/2387/1638 4296/2387/1638
f 4294/2381/1590 4293/2381/1590 4297/2388/1590 4298/2388/1590
f 4299/2390/1257 4300/2390/1257 4307/2391/1257 4308/2391/1257
f 4306/2392/1591 4305/2392/1591 4313/2393/1591 4314/2393/1591
f 4309/2394/1258 4310/2394/1258 4304/2395/1258 4303/2395/1258
f 4303/2395/1259 4304/2395/1259 4300/2390/1259 4299/2390/1259
f 4308/2391/1260 4309/2394/1260 4303/2395/1260 4299/2390/1260
f 4310/2394/1261 4307/2391/1261 4300/2390/1261 4304/2395/1261
f 4302/2396/1263 4301/2396/1263 4308/2391/1263 4307/2391/1263
f 4301/2396/1263 4305/2397/1263 4309/2394/1263 4308/2391/1263
f 4306/2397/1263 4302/2396/1263 4307/2391/1263 4310/2394/1263
f 4305/2397/1263 4306/2397/1263 4310/2394/1263 4309/2394/1263
f 4313/2393/1637 4312/2398/1637 4316/2399/1637 4317/2400/1637
f 4305/2392/1585 4301/2401/1585 4312/2398/1585 4313/2393/1585
f 4302/2401/1586 4306/2392/1586 4314/2393/1586 4311/2398/1586
f 4301/2401/1592 4302/2401/1592 4311/2398/1592 4312/2398/1592
f 4316/2399/1263 4315/2399/1263 4318/2400/1263 4317/2400/1263
f 4311/2398/1588 4314/2393/1588 4318/2400/1588 4315/2399/1588
f 4312/2398/1639 4311/2398/1640 4315/2399/1639 4316/2399/1641
f 4314/2393/1594 4313/2393/1594 4317/2400/1594 4318/2400/1594
f 4319/2402/1257 4320/2402/1257 4327/2403/1257 4328/2403/1257
f 4326/2404/1583 4325/2404/1583 4333/2405/1583 4334/2405/1583
f 4329/2406/1258 4330/2406/1258 4324/2407/1258 4323/2407/1258
f 4323/2407/1259 4324/2407/1259 4320/2402/1259 4319/2402/1259
f 4328/2403/1260 4329/2406/1260 4323/2407/1260 4319/2402/1260
f 4330/2406/1261 4327/2403/1261 4320/2402/1261 4324/2407/1261
f 4322/2408/1263 4321/2408/1263 4328/2403/1263 4327/2403/1263
f 4321/2408/1263 4325/2409/1263 4329/2406/1263 4328/2403/1263
f 4326/2409/1263 4322/2408/1263 4327/2403/1263 4330/2406/1263
f 4325/2409/1263 4326/2409/1263 4330/2406/1263 4329/2406/1263
f 4333/2405/1642 4332/2410/1642 4336/2411/1642 4337/2412/1642
f 4325/2404/1585 4321/2413/1585 4332/2410/1585 4333/2405/1585
f 4322/2413/1586 4326/2404/1586 4334/2405/1586 4331/2410/1586
f 4321/2413/1587 4322/2413/1587 4331/2410/1587 4332/2410/1587
f 4336/2411/1263 4335/2411/1263 4338/2412/1263 4337/2412/1263
f 4331/2410/1588 4334/2405/1588 4338/2412/1588 4335/2411/1588
f 4332/2410/1643 4331/2410/1643 4335/2411/1643 4336/2411/1643
f 4334/2405/1644 4333/2405/1644 4337/2412/1644 4338/2412/1644
f 4339/2414/1257 4340/2414/1257 4347/2415/1257 4348/2415/1257
f 4346/2416/1583 4345/2416/1583 4353/2417/1583 4354/2417/1583
f 4349/2418/1258 4350/2418/1258 4344/2419/1258 4343/2419/1258
f 4343/2419/1259 4344/2419/1259 4340/2414/1259 4339/2414/1259
f 4348/2415/1260 4349/2418/1260 4343/2419/1260 4339/2414/1260
f 4350/2418/1261 4347/2415/1261 4340/2414/1261 4344/2419/1261
f 4342/2420/1263 4341/2420/1263 4348/2415/1263 4347/2415/1263
f 4341/2420/1263 4345/2421/1263 4349/2418/1263 4348/2415/1263
f 4346/2421/1263 4342/2420/1263 4347/2415/1263 4350/2418/1263
f 4345/2421/1263 4346/2421/1263 4350/2418/1263 4349/2418/1263
f 4353/2417/1637 4352/2422/1637 4356/2423/1637 4357/2424/1637
f 4345/2416/1585 4341/2425/1585 4352/2422/1585 4353/2417/1585
f 4342/2425/1586 4346/2416/1586 4354/2417/1586 4351/2422/1586
f 4341/2425/1587 4342/2425/1587 4351/2422/1587 4352/2422/1587
f 4356/2423/1263 4355/2423/1263 4358/2424/1263 4357/2424/1263
f 4351/2422/1588 4354/2417/1588 4358/2424/1588 4355/2423/1588
f 4352/2422/1638 4351/2422/1638 4355/2423/1638 4356/2423/1638
f 4354/2417/1590 4353/2417/1590 4357/2424/1590 4358/2424/1590
f 4361/2426/1645 4359/2427/1645 4363/2428/1645 4365/2429/1645
f 4360/2427/1596 4362/2426/1596 4366/2429/1596 4364/2428/1596
f 4365/2429/1575 4363/2428/1575 4367/2430/1575 4369/2431/1575
f 4364/2428/1598 4366/2429/1598 4370/2431/1598 4368/2430/1598
f 4368/2430/1259 4370/2431/1259 4369/2431/1259 4367/2430/1259
f 4373/2432/1646 4377/2433/1646 4375/2434/1646 4371/2435/1646
f 4372/2435/1599 4376/2434/1599 4378/2433/1599 4374/2432/1599
f 4377/2433/1647 4381/2436/1647 4379/2437/1647 4375/2434/1647
f 4376/2434/1580 4380/2437/1580 4382/2436/1580 4378/2433/1580
f 4380/2437/1263 4379/2437/1263 4381/2436/1263 4382/2436/1263
f 4362/2426/1648 4360/2427/1648 4372/2435/1648 4374/2432/1648
f 4359/2427/1582 4361/2426/1582 4373/2432/1582 4371/2435/1582
f 4363/2428/1258 4359/2427/1258 4371/2435/1258 4375/2434/1258
f 4361/2426/1257 4365/2429/1257 4377/2433/1257 4373/2432/1257
f 4366/2429/1257 4362/2426/1257 4374/2432/1257 4378/2433/1257
f 4360/2427/1258 4364/2428/1258 4376/2434/1258 4372/2435/1258
f 4367/2430/1258 4363/2428/1258 4375/2434/1258 4379/2437/1258
f 4365/2429/1257 4369/2431/1257 4381/2436/1257 4377/2433/1257
f 4370/2431/1257 4366/2429/1257 4378/2433/1257 4382/2436/1257
f 4364/2428/1258 4368/2430/1258 4380/2437/1258 4376/2434/1258
f 4368/2430/1258 4367/2430/1258 4379/2437/1258 4380/2437/1258
f 4369/2431/1257 4370/2431/1257 4382/2436/1257 4381/2436/1257
f 4385/2438/1645 4383/2439/1645 4387/2440/1645 4389/2441/1645
f 4384/2439/1596 4386/2438/1596 4390/2441/1596 4388/2440/1596
f 4389/2441/1575 4387/2440/1575 4391/2442/1575 4393/2443/1575
f 4388/2440/1598 4390/2441/1598 4394/2443/1598 4392/2442/1598
f 4392/2442/1259 4394/2443/1259 4393/2443/1259 4391/2442/1259
f 4397/2444/1646 4401/2445/1646 4399/2446/1646 4395/2447/1646
f 4396/2447/1599 4400/2446/1599 4402/2445/1599 4398/2444/1599
f 4401/2445/1647 4405/2448/1647 4403/2449/1647 4399/2446/1647
f 4400/2446/1580 4404/2449/1580 4406/2448/1580 4402/2445/1580
f 4404/2449/1263 4403/2449/1263 4405/2448/1263 4406/2448/1263
f 4386/2438/1648 4384/2439/1648 4396/2447/1648 4398/2444/1648
f 4383/2439/1582 4385/2438/1582 4397/2444/1582 4395/2447/1582
f 4387/2440/1258 4383/2439/1258 4395/2447/1258 4399/2446/1258
f 4385/2438/1257 4389/2441/1257 4401/2445/1257 4397/2444/1257
f 4390/2441/1257 4386/2438/1257 4398/2444/1257 4402/2445/1257
f 4384/2439/1258 4388/2440/1258 4400/2446/1258 4396/2447/1258
f 4391/2442/1258 4387/2440/1258 4399/2446/1258 4403/2449/1258
f 4389/2441/1257 4393/2443/1257 4405/2448/1257 4401/2445/1257
f 4394/2443/1257 4390/2441/1257 4402/2445/1257 4406/2448/1257
f 4388/2440/1258 4392/2442/1258 4404/2449/1258 4400/2446/1258
f 4392/2442/1258 4391/2442/1258 4403/2449/1258 4404/2449/1258
f 4393/2443/1257 4394/2443/1257 4406/2448/1257 4405/2448/1257
f 4409/2450/1645 4407/2451/1645 4411/2452/1645 4413/2453/1645
f 4408/2451/1596 4410/2450/1596 4414/2453/1596 4412/2452/1596
f 4413/2453/1575 4411/2452/1575 4415/2454/1575 4417/2455/1575
f 4412/2452/1598 4414/2453/1598 4418/2455/1598 4416/2454/1598
f 4416/2454/1259 4418/2455/1259 4417/2455/1259 4415/2454/1259
f 4421/2456/1646 4425/2457/1646 4423/2458/1646 4419/2459/1646
f 4420/2459/1599 4424/2458/1599 4426/2457/1599 4422/2456/1599
f 4425/2457/1647 4429/2460/1647 4427/2461/1647 4423/2458/1647
f 4424/2458/1580 4428/2461/1580 4430/2460/1580 4426/2457/1580
f 4428/2461/1263 4427/2461/1263 4429/2460/1263 4430/2460/1263
f 4410/2450/1648 4408/2451/1648 4420/2459/1648 4422/2456/1648
f 4407/2451/1582 4409/2450/1582 4421/2456/1582 4419/2459/1582
f 4411/2452/1258 4407/2451/1258 4419/2459/1258 4423/2458/1258
f 4409/2450/1257 4413/2453/1257 4425/2457/1257 4421/2456/1257
f 4414/2453/1257 4410/2450/1257 4422/2456/1257 4426/2457/1257
f 4408/2451/1258 4412/2452/1258 4424/2458/1258 4420/2459/1258
f 4415/2454/1258 4411/2452/1258 4423/2458/1258 4427/2461/1258
f 4413/2453/1257 4417/2455/1257 4429/2460/1257 4425/2457/1257
f 4418/2455/1257 4414/2453/1257 4426/2457/1257 4430/2460/1257
f 4412/2452/1258 4416/2454/1258 4428/2461/1258 4424/2458/1258
f 4416/2454/1258 4415/2454/1258 4427/2461/1258 4428/2461/1258
f 4417/2455/1257 4418/2455/1257 4430/2460/1257 4429/2460/1257
f 4433/2462/1645 4431/2463/1645 4435/2464/1645 4437/2465/1645
f 4432/2463/1596 4434/2462/1596 4438/2465/1596 4436/2464/1596
f 4437/2465/1575 4435/2464/1575 4439/2466/1575 4441/2467/1575
f 4436/2464/1598 4438/2465/1598 4442/2467/1598 4440/2466/1598
f 4440/2466/1259 4442/2467/1259 4441/2467/1259 4439/2466/1259
f 4445/2468/1646 4449/2469/1646 4447/2470/1646 4443/2471/1646
f 4444/2471/1599 4448/2470/1599 4450/2469/1599 4446/2468/1599
f 4449/2469/1647 4453/2472/1647 4451/2473/1647 4447/2470/1647
f 4448/2470/1580 4452/2473/1580 4454/2472/1580 4450/2469/1580
f 4452/2473/1263 4451/2473/1263 4453/2472/1263 4454/2472/1263
f 4434/2462/1648 4432/2463/1648 4444/2471/1648 4446/2468/1648
f 4431/2463/1582 4433/2462/1582 4445/2468/1582 4443/2471/1582
f 4435/2464/1258 4431/2463/1258 4443/2471/1258 4447/2470/1258
f 4433/2462/1257 4437/2465/1257 4449/2469/1257 4445/2468/1257
f 4438/2465/1257 4434/2462/1257 4446/2468/1257 4450/2469/1257
f 4432/2463/1258 4436/2464/1258 4448/2470/1258 4444/2471/1258
f 4439/2466/1258 4435/2464/1258 4447/2470/1258 4451/2473/1258
f 4437/2465/1257 4441/2467/1257 4453/2472/1257 4449/2469/1257
f 4442/2467/1257 4438/2465/1257 4450/2469/1257 4454/2472/1257
f 4436/2464/1258 4440/2466/1258 4452/2473/1258 4448/2470/1258
f 4440/2466/1258 4439/2466/1258 4451/2473/1258 4452/2473/1258
f 4441/2467/1257 4442/2467/1257 4454/2472/1257 4453/2472/1257
f 4457/2474/1645 4455/2475/1645 4459/2476/1645 4461/2477/1645
f 4456/2475/1596 4458/2474/1596 4462/2477/1596 4460/2476/1596
f 4461/2477/1575 4459/2476/1575 4463/2478/1575 4465/2479/1575
f 4460/2476/1598 4462/2477/1598 4466/2479/1598 4464/2478/1598
f 4464/2478/1259 4466/2479/1259 4465/2479/1259 4463/2478/1259
f 4469/2480/1646 4473/2481/1646 4471/2482/1646 4467/2483/1646
f 4468/2483/1578 4472/2482/1578 4474/2481/1578 4470/2480/1578
f 4473/2481/1647 4477/2484/1647 4475/2485/1647 4471/2482/1647
f 4472/2482/1580 4476/2485/1580 4478/2484/1580 4474/2481/1580
f 4476/2485/1263 4475/2485/1263 4477/2484/1263 4478/2484/1263
f 4458/2474/1648 4456/2475/1648 4468/2483/1648 4470/2480/1648
f 4455/2475/1582 4457/2474/1582 4469/2480/1582 4467/2483/1582
f 4459/2476/1258 4455/2475/1258 4467/2483/1258 4471/2482/1258
f 4457/2474/1257 4461/2477/1257 4473/2481/1257 4469/2480/1257
f 4462/2477/1257 4458/2474/1257 4470/2480/1257 4474/2481/1257
f 4456/2475/1258 4460/2476/1258 4472/2482/1258 4468/2483/1258
f 4463/2478/1258 4459/2476/1258 4471/2482/1258 4475/2485/1258
f 4461/2477/1257 4465/2479/1257 4477/2484/1257 4473/2481/1257
f 4466/2479/1257 4462/2477/1257 4474/2481/1257 4478/2484/1257
f 4460/2476/1258 4464/2478/1258 4476/2485/1258 4472/2482/1258
f 4464/2478/1258 4463/2478/1258 4475/2485/1258 4476/2485/1258
f 4465/2479/1257 4466/2479/1257 4478/2484/1257 4477/2484/1257
f 4479/2486/1257 4488/2487/1257 4487/2487/1257 4480/2486/1257
f 4486/2488/1558 4494/2489/1558 4493/2489/1558 4485/2488/1558
f 4489/2490/1258 4483/2491/1258 4484/2491/1258 4490/2490/1258
f 4483/2491/1263 4479/2486/1263 4480/2486/1263 4484/2491/1263
f 4488/2487/1260 4479/2486/1260 4483/2491/1260 4489/2490/1260
f 4490/2490/1261 4484/2491/1261 4480/2486/1261 4487/2487/1261
f 4482/2492/1259 4487/2487/1259 4488/2487/1259 4481/2492/1259
f 4481/2492/1259 4488/2487/1259 4489/2490/1259 4485/2493/1259
f 4486/2493/1259 4490/2490/1259 4487/2487/1259 4482/2492/1259
f 4485/2493/1259 4489/2490/1259 4490/2490/1259 4486/2493/1259
f 4493/2489/1622 4497/2494/1622 4496/2495/1622 4492/2496/1622
f 4485/2488/1623 4493/2489/1623 4492/2496/1623 4481/2497/1623
f 4482/2497/1557 4491/2496/1557 4494/2489/1557 4486/2488/1557
f 4481/2497/1563 4492/2496/1563 4491/2496/1563 4482/2497/1563
f 4496/2495/1259 4497/2494/1259 4498/2494/1259 4495/2495/1259
f 4491/2496/1624 4495/2495/1624 4498/2494/1624 4494/2489/1624
f 4492/2496/1649 4496/2495/1649 4495/2495/1649 4491/2496/1649
f 4494/2489/1650 4498/2494/1650 4497/2494/1650 4493/2489/1650
f 4499/2498/1257 4508/2499/1257 4507/2499/1257 4500/2498/1257
f 4506/2500/1558 4514/2501/1558 4513/2501/1558 4505/2500/1558
f 4509/2502/1258 4503/2503/1258 4504/2503/1258 4510/2502/1258
f 4503/2503/1263 4499/2498/1263 4500/2498/1263 4504/2503/1263
f 4508/2499/1260 4499/2498/1260 4503/2503/1260 4509/2502/1260
f 4510/2502/1261 4504/2503/1261 4500/2498/1261 4507/2499/1261
f 4502/2504/1259 4507/2499/1259 4508/2499/1259 4501/2504/1259
f 4501/2504/1259 4508/2499/1259 4509/2502/1259 4505/2505/1259
f 4506/2505/1259 4510/2502/1259 4507/2499/1259 4502/2504/1259
f 4505/2505/1259 4509/2502/1259 4510/2502/1259 4506/2505/1259
f 4513/2501/1622 4517/2506/1622 4516/2507/1622 4512/2508/1622
f 4505/2500/1623 4513/2501/1623 4512/2508/1623 4501/2509/1623
f 4502/2509/1557 4511/2508/1557 4514/2501/1557 4506/2500/1557
f 4501/2509/1554 4512/2508/1554 4511/2508/1554 4502/2509/1554
f 4516/2507/1259 4517/2506/1259 4518/2506/1259 4515/2507/1259
f 4511/2508/1624 4515/2507/1624 4518/2506/1624 4514/2501/1624
f 4512/2508/1651 4516/2507/1651 4515/2507/1651 4511/2508/1651
f 4514/2501/1652 4518/2506/1652 4517/2506/1652 4513/2501/1652
f 4521/2510/1629 4525/2511/1629 4523/2512/1629 4519/2513/1629
f 4520/2513/1630 4524/2512/1630 4526/2511/1630 4522/2510/1630
f 4525/2511/1608 4529/2514/1608 4527/2515/1608 4523/2512/1608
f 4524/2512/1609 4528/2515/1609 4530/2514/1609 4526/2511/1609
f 4528/2515/1263 4527/2515/1263 4529/2514/1263 4530/2514/1263
f 4533/2516/1631 4531/2517/1631 4535/2518/1631 4537/2519/1631
f 4532/2517/1653 4534/2516/1653 4538/2519/1653 4536/2518/1653
f 4537/2519/1633 4535/2518/1633 4539/2520/1633 4541/2521/1633
f 4536/2518/1621 4538/2519/1621 4542/2521/1621 4540/2520/1621
f 4540/2520/1259 4542/2521/1259 4541/2521/1259 4539/2520/1259
f 4522/2510/1634 4534/2516/1634 4532/2517/1634 4520/2513/1634
f 4519/2513/1635 4531/2517/1635 4533/2516/1635 4521/2510/1635
f 4523/2512/1258 4535/2518/1258 4531/2517/1258 4519/2513/1258
f 4521/2510/1257 4533/2516/1257 4537/2519/1257 4525/2511/1257
f 4526/2511/1257 4538/2519/1257 4534/2516/1257 4522/2510/1257
f 4520/2513/1258 4532/2517/1258 4536/2518/1258 4524/2512/1258
f 4527/2515/1258 4539/2520/1258 4535/2518/1258 4523/2512/1258
f 4525/2511/1257 4537/2519/1257 4541/2521/1257 4529/2514/1257
f 4530/2514/1257 4542/2521/1257 4538/2519/1257 4526/2511/1257
f 4524/2512/1258 4536/2518/1258 4540/2520/1258 4528/2515/1258
f 4528/2515/1258 4540/2520/1258 4539/2520/1258 4527/2515/1258
f 4529/2514/1257 4541/2521/1257 4542/2521/1257 4530/2514/1257
f 4545/2522/1629 4549/2523/1629 4547/2524/1629 4543/2525/1629
f 4544/2525/1630 4548/2524/1630 4550/2523/1630 4546/2522/1630
f 4549/2523/1608 4553/2526/1608 4551/2527/1608 4547/2524/1608
f 4548/2524/1609 4552/2527/1609 4554/2526/1609 4550/2523/1609
f 4552/2527/1263 4551/2527/1263 4553/2526/1263 4554/2526/1263
f 4557/2528/1631 4555/2529/1631 4559/2530/1631 4561/2531/1631
f 4556/2529/1654 4558/2528/1654 4562/2531/1654 4560/2530/1654
f 4561/2531/1633 4559/2530/1633 4563/2532/1633 4565/2533/1633
f 4560/2530/1621 4562/2531/1621 4566/2533/1621 4564/2532/1621
f 4564/2532/1259 4566/2533/1259 4565/2533/1259 4563/2532/1259
f 4546/2522/1634 4558/2528/1634 4556/2529/1634 4544/2525/1634
f 4543/2525/1635 4555/2529/1635 4557/2528/1635 4545/2522/1635
f 4547/2524/1258 4559/2530/1258 4555/2529/1258 4543/2525/1258
f 4545/2522/1257 4557/2528/1257 4561/2531/1257 4549/2523/1257
f 4550/2523/1257 4562/2531/1257 4558/2528/1257 4546/2522/1257
f 4544/2525/1258 4556/2529/1258 4560/2530/1258 4548/2524/1258
f 4551/2527/1258 4563/2532/1258 4559/2530/1258 4547/2524/1258
f 4549/2523/1257 4561/2531/1257 4565/2533/1257 4553/2526/1257
f 4554/2526/1257 4566/2533/1257 4562/2531/1257 4550/2523/1257
f 4548/2524/1258 4560/2530/1258 4564/2532/1258 4552/2527/1258
f 4552/2527/1258 4564/2532/1258 4563/2532/1258 4551/2527/1258
f 4553/2526/1257 4565/2533/1257 4566/2533/1257 4554/2526/1257
f 4569/2534/1629 4573/2535/1629 4571/2536/1629 4567/2537/1629
f 4568/2537/1630 4572/2536/1630 4574/2535/1630 4570/2534/1630
f 4573/2535/1608 4577/2538/1608 4575/2539/1608 4571/2536/1608
f 4572/2536/1609 4576/2539/1609 4578/2538/1609 4574/2535/1609
f 4576/2539/1263 4575/2539/1263 4577/2538/1263 4578/2538/1263
f 4581/2540/1631 4579/2541/1631 4583/2542/1631 4585/2543/1631
f 4580/2541/1654 4582/2540/1654 4586/2543/1654 4584/2542/1654
f 4585/2543/1633 4583/2542/1633 4587/2544/1633 4589/2545/1633
f 4584/2542/1621 4586/2543/1621 4590/2545/1621 4588/2544/1621
f 4588/2544/1259 4590/2545/1259 4589/2545/1259 4587/2544/1259
f 4570/2534/1634 4582/2540/1634 4580/2541/1634 4568/2537/1634
f 4567/2537/1635 4579/2541/1635 4581/2540/1635 4569/2534/1635
f 4571/2536/1258 4583/2542/1258 4579/2541/1258 4567/2537/1258
f 4569/2534/1257 4581/2540/1257 4585/2543/1257 4573/2535/1257
f 4574/2535/1257 4586/2543/1257 4582/2540/1257 4570/2534/1257
f 4568/2537/1258 4580/2541/1258 4584/2542/1258 4572/2536/1258
f 4575/2539/1258 4587/2544/1258 4583/2542/1258 4571/2536/1258
f 4573/2535/1257 4585/2543/1257 4589/2545/1257 4577/2538/1257
f 4578/2538/1257 4590/2545/1257 4586/2543/1257 4574/2535/1257
f 4572/2536/1258 4584/2542/1258 4588/2544/1258 4576/2539/1258
f 4576/2539/1258 4588/2544/1258 4587/2544/1258 4575/2539/1258
f 4577/2538/1257 4589/2545/1257 4590/2545/1257 4578/2538/1257
f 4591/2546/1257 4600/2547/1257 4599/2547/1257 4592/2546/1257
f 4598/2548/1566 4606/2549/1566 4605/2549/1566 4597/2548/1566
f 4601/2550/1258 4595/2551/1258 4596/2551/1258 4602/2550/1258
f 4595/2551/1263 4591/2546/1263 4592/2546/1263 4596/2551/1263
f 4600/2547/1260 4591/2546/1260 4595/2551/1260 4601/2550/1260
f 4602/2550/1261 4596/2551/1261 4592/2546/1261 4599/2547/1261
f 4594/2552/1259 4599/2547/1259 4600/2547/1259 4593/2552/1259
f 4593/2552/1259 4600/2547/1259 4601/2550/1259 4597/2553/1259
f 4598/2553/1259 4602/2550/1259 4599/2547/1259 4594/2552/1259
f 4597/2553/1259 4601/2550/1259 4602/2550/1259 4598/2553/1259
f 4605/2549/1622 4609/2554/1622 4608/2555/1622 4604/2556/1622
f 4597/2548/1623 4605/2549/1623 4604/2556/1623 4593/2557/1623
f 4594/2557/1557 4603/2556/1557 4606/2549/1557 4598/2548/1557
f 4593/2557/1554 4604/2556/1554 4603/2556/1554 4594/2557/1554
f 4608/2555/1259 4609/2554/1259 4610/2554/1259 4607/2555/1259
f 4603/2556/1624 4607/2555/1624 4610/2554/1624 4606/2549/1624
f 4604/2556/1655 4608/2555/1655 4607/2555/1655 4603/2556/1655
f 4606/2549/1626 4610/2554/1626 4609/2554/1626 4605/2549/1626
f 4611/2558/1257 4620/2559/1257 4619/2559/1257 4612/2558/1257
f 4618/2560/1558 4626/2561/1558 4625/2561/1558 4617/2560/1558
f 4621/2562/1258 4615/2563/1258 4616/2563/1258 4622/2562/1258
f 4615/2563/1263 4611/2558/1263 4612/2558/1263 4616/2563/1263
f 4620/2559/1260 4611/2558/1260 4615/2563/1260 4621/2562/1260
f 4622/2562/1261 4616/2563/1261 4612/2558/1261 4619/2559/1261
f 4614/2564/1259 4619/2559/1259 4620/2559/1259 4613/2564/1259
f 4613/2564/1259 4620/2559/1259 4621/2562/1259 4617/2565/1259
f 4618/2565/1259 4622/2562/1259 4619/2559/1259 4614/2564/1259
f 4617/2565/1259 4621/2562/1259 4622/2562/1259 4618/2565/1259
f 4625/2561/1627 4629/2566/1627 4628/2567/1627 4624/2568/1627
f 4617/2560/1623 4625/2561/1623 4624/2568/1623 4613/2569/1623
f 4614/2569/1557 4623/2568/1557 4626/2561/1557 4618/2560/1557
f 4613/2569/1563 4624/2568/1563 4623/2568/1563 4614/2569/1563
f 4628/2567/1259 4629/2566/1259 4630/2566/1259 4627/2567/1259
f 4623/2568/1624 4627/2567/1624 4630/2566/1624 4626/2561/1624
f 4624/2568/1649 4628/2567/1649 4627/2567/1649 4623/2568/1649
f 4626/2561/1650 4630/2566/1650 4629/2566/1650 4625/2561/1650
f 4633/2570/1629 4637/2571/1629 4635/2572/1629 4631/2573/1629
f 4632/2573/1630 4636/2572/1630 4638/2571/1630 4634/2570/1630
f 4637/2571/1608 4641/2574/1608 4639/2575/1608 4635/2572/1608
f 4636/2572/1609 4640/2575/1609 4642/2574/1609 4638/2571/1609
f 4640/2575/1263 4639/2575/1263 4641/2574/1263 4642/2574/1263
f 4645/2576/1631 4643/2577/1631 4647/2578/1631 4649/2579/1631
f 4644/2577/1632 4646/2576/1632 4650/2579/1632 4648/2578/1632
f 4649/2579/1633 4647/2578/1633 4651/2580/1633 4653/2581/1633
f 4648/2578/1613 4650/2579/1613 4654/2581/1613 4652/2580/1613
f 4652/2580/1259 4654/2581/1259 4653/2581/1259 4651/2580/1259
f 4634/2570/1634 4646/2576/1634 4644/2577/1634 4632/2573/1634
f 4631/2573/1635 4643/2577/1635 4645/2576/1635 4633/2570/1635
f 4635/2572/1258 4647/2578/1258 4643/2577/1258 4631/2573/1258
f 4633/2570/1257 4645/2576/1257 4649/2579/1257 4637/2571/1257
f 4638/2571/1257 4650/2579/1257 4646/2576/1257 4634/2570/1257
f 4632/2573/1258 4644/2577/1258 4648/2578/1258 4636/2572/1258
f 4639/2575/1258 4651/2580/1258 4647/2578/1258 4635/2572/1258
f 4637/2571/1257 4649/2579/1257 4653/2581/1257 4641/2574/1257
f 4642/2574/1257 4654/2581/1257 4650/2579/1257 4638/2571/1257
f 4636/2572/1258 4648/2578/1258 4652/2580/1258 4640/2575/1258
f 4640/2575/1258 4652/2580/1258 4651/2580/1258 4639/2575/1258
f 4641/2574/1257 4653/2581/1257 4654/2581/1257 4642/2574/1257
f 4657/2582/1629 4661/2583/1629 4659/2584/1629 4655/2585/1629
f 4656/2585/1630 4660/2584/1630 4662/2583/1630 4658/2582/1630
f 4661/2583/1608 4665/2586/1608 4663/2587/1608 4659/2584/1608
f 4660/2584/1609 4664/2587/1609 4666/2586/1609 4662/2583/1609
f 4664/2587/1263 4663/2587/1263 4665/2586/1263 4666/2586/1263
f 4669/2588/1631 4667/2589/1631 4671/2590/1631 4673/2591/1631
f 4668/2589/1632 4670/2588/1632 4674/2591/1632 4672/2590/1632
f 4673/2591/1633 4671/2590/1633 4675/2592/1633 4677/2593/1633
f 4672/2590/1613 4674/2591/1613 4678/2593/1613 4676/2592/1613
f 4676/2592/1259 4678/2593/1259 4677/2593/1259 4675/2592/1259
f 4658/2582/1634 4670/2588/1634 4668/2589/1634 4656/2585/1634
f 4655/2585/1635 4667/2589/1635 4669/2588/1635 4657/2582/1635
f 4659/2584/1258 4671/2590/1258 4667/2589/1258 4655/2585/1258
f 4657/2582/1257 4669/2588/1257 4673/2591/1257 4661/2583/1257
f 4662/2583/1257 4674/2591/1257 4670/2588/1257 4658/2582/1257
f 4656/2585/1258 4668/2589/1258 4672/2590/1258 4660/2584/1258
f 4663/2587/1258 4675/2592/1258 4671/2590/1258 4659/2584/1258
f 4661/2583/1257 4673/2591/1257 4677/2593/1257 4665/2586/1257
f 4666/2586/1257 4678/2593/1257 4674/2591/1257 4662/2583/1257
f 4660/2584/1258 4672/2590/1258 4676/2592/1258 4664/2587/1258
f 4664/2587/1258 4676/2592/1258 4675/2592/1258 4663/2587/1258
f 4665/2586/1257 4677/2593/1257 4678/2593/1257 4666/2586/1257
f 4681/2594/1656 4679/2595/1656 4683/2596/1656 4685/2597/1656
f 4680/2595/1574 4682/2594/1574 4686/2597/1574 4684/2596/1574
f 4685/2597/1657 4683/2596/1657 4687/2598/1657 4689/2599/1657
f 4684/2596/1598 4686/2597/1598 4690/2599/1598 4688/2598/1598
f 4688/2598/1259 4690/2599/1259 4689/2599/1259 4687/2598/1259
f 4693/2600/1658 4697/2601/1658 4695/2602/1658 4691/2603/1658
f 4692/2603/1659 4696/2602/1659 4698/2601/1659 4694/2600/1659
f 4697/2601/1660 4701/2604/1660 4699/2605/1660 4695/2602/1660
f 4696/2602/1661 4700/2605/1661 4702/2604/1661 4698/2601/1661
f 4700/2605/1263 4699/2605/1263 4701/2604/1263 4702/2604/1263
f 4682/2594/1662 4680/2595/1662 4692/2603/1662 4694/2600/1662
f 4679/2595/1663 4681/2594/1663 4693/2600/1663 4691/2603/1663
f 4683/2596/1258 4679/2595/1258 4691/2603/1258 4695/2602/1258
f 4681/2594/1257 4685/2597/1257 4697/2601/1257 4693/2600/1257
f 4686/2597/1257 4682/2594/1257 4694/2600/1257 4698/2601/1257
f 4680/2595/1258 4684/2596/1258 4696/2602/1258 4692/2603/1258
f 4687/2598/1258 4683/2596/1258 4695/2602/1258 4699/2605/1258
f 4685/2597/1257 4689/2599/1257 4701/2604/1257 4697/2601/1257
f 4690/2599/1257 4686/2597/1257 4698/2601/1257 4702/2604/1257
f 4684/2596/1258 4688/2598/1258 4700/2605/1258 4696/2602/1258
f 4688/2598/1258 4687/2598/1258 4699/2605/1258 4700/2605/1258
f 4689/2599/1257 4690/2599/1257 4702/2604/1257 4701/2604/1257
f 4705/2438/1656 4703/2439/1656 4707/2440/1656 4709/2441/1656
f 4704/2439/1574 4706/2438/1574 4710/2441/1574 4708/2440/1574
f 4709/2441/1657 4707/2440/1657 4711/2442/1657 4713/2443/1657
f 4708/2440/1598 4710/2441/1598 4714/2443/1598 4712/2442/1598
f 4712/2442/1259 4714/2443/1259 4713/2443/1259 4711/2442/1259
f 4717/2444/1658 4721/2445/1658 4719/2446/1658 4715/2447/1658
f 4716/2447/1659 4720/2446/1659 4722/2445/1659 4718/2444/1659
f 4721/2445/1660 4725/2448/1660 4723/2449/1660 4719/2446/1660
f 4720/2446/1661 4724/2449/1661 4726/2448/1661 4722/2445/1661
f 4724/2449/1263 4723/2449/1263 4725/2448/1263 4726/2448/1263
f 4706/2438/1662 4704/2439/1662 4716/2447/1662 4718/2444/1662
f 4703/2439/1663 4705/2438/1663 4717/2444/1663 4715/2447/1663
f 4707/2440/1258 4703/2439/1258 4715/2447/1258 4719/2446/1258
f 4705/2438/1257 4709/2441/1257 4721/2445/1257 4717/2444/1257
f 4710/2441/1257 4706/2438/1257 4718/2444/1257 4722/2445/1257
f 4704/2439/1258 4708/2440/1258 4720/2446/1258 4716/2447/1258
f 4711/2442/1258 4707/2440/1258 4719/2446/1258 4723/2449/1258
f 4709/2441/1257 4713/2443/1257 4725/2448/1257 4721/2445/1257
f 4714/2443/1257 4710/2441/1257 4722/2445/1257 4726/2448/1257
f 4708/2440/1258 4712/2442/1258 4724/2449/1258 4720/2446/1258
f 4712/2442/1258 4711/2442/1258 4723/2449/1258 4724/2449/1258
f 4713/2443/1257 4714/2443/1257 4726/2448/1257 4725/2448/1257
f 4727/2606/1257 4728/2606/1257 4735/2607/1257 4736/2607/1257
f 4734/2608/1591 4733/2608/1591 4741/2609/1591 4742/2609/1591
f 4737/2610/1258 4738/2610/1258 4732/2611/1258 4731/2611/1258
f 4731/2611/1259 4732/2611/1259 4728/2606/1259 4727/2606/1259
f 4736/2607/1260 4737/2610/1260 4731/2611/1260 4727/2606/1260
f 4738/2610/1261 4735/2607/1261 4728/2606/1261 4732/2611/1261
f 4730/2612/1263 4729/2612/1263 4736/2607/1263 4735/2607/1263
f 4729/2612/1263 4733/2613/1263 4737/2610/1263 4736/2607/1263
f 4734/2613/1263 4730/2612/1263 4735/2607/1263 4738/2610/1263
f 4733/2613/1263 4734/2613/1263 4738/2610/1263 4737/2610/1263
f 4741/2609/1642 4740/2614/1642 4744/2615/1642 4745/2616/1642
f 4733/2608/1585 4729/2617/1585 4740/2614/1585 4741/2609/1585
f 4730/2617/1586 4734/2608/1586 4742/2609/1586 4739/2614/1586
f 4729/2617/1587 4730/2617/1587 4739/2614/1587 4740/2614/1587
f 4744/2615/1263 4743/2615/1263 4746/2616/1263 4745/2616/1263
f 4739/2614/1664 4742/2609/1664 4746/2616/1664 4743/2615/1664
f 4740/2614/1638 4739/2614/1638 4743/2615/1638 4744/2615/1638
f 4742/2609/1590 4741/2609/1590 4745/2616/1590 4746/2616/1590
f 4747/2618/1257 4748/2618/1257 4755/2619/1257 4756/2619/1257
f 4754/2380/1591 4753/2380/1591 4761/2381/1591 4762/2381/1591
f 4757/2620/1258 4758/2620/1258 4752/2621/1258 4751/2621/1258
f 4751/2621/1259 4752/2621/1259 4748/2618/1259 4747/2618/1259
f 4756/2619/1260 4757/2620/1260 4751/2621/1260 4747/2618/1260
f 4758/2620/1261 4755/2619/1261 4748/2618/1261 4752/2621/1261
f 4750/2384/1263 4749/2384/1263 4756/2619/1263 4755/2619/1263
f 4749/2384/1263 4753/2385/1263 4757/2620/1263 4756/2619/1263
f 4754/2385/1263 4750/2384/1263 4755/2619/1263 4758/2620/1263
f 4753/2385/1263 4754/2385/1263 4758/2620/1263 4757/2620/1263
f 4761/2381/1665 4760/2386/1665 4764/2387/1665 4765/2388/1665
f 4753/2380/1585 4749/2389/1585 4760/2386/1585 4761/2381/1585
f 4750/2389/1586 4754/2380/1586 4762/2381/1586 4759/2386/1586
f 4749/2389/1587 4750/2389/1587 4759/2386/1587 4760/2386/1587
f 4764/2387/1263 4763/2387/1263 4766/2388/1263 4765/2388/1263
f 4759/2386/1664 4762/2381/1664 4766/2388/1664 4763/2387/1664
f 4760/2386/1638 4759/2386/1638 4763/2387/1638 4764/2387/1638
f 4762/2381/1594 4761/2381/1594 4765/2388/1594 4766/2388/1594
f 4769/2426/1656 4767/2427/1656 4771/2428/1656 4773/2429/1656
f 4768/2427/1574 4770/2426/1574 4774/2429/1574 4772/2428/1574
f 4773/2429/1657 4771/2428/1657 4775/2430/1657 4777/2431/1657
f 4772/2428/1598 4774/2429/1598 4778/2431/1598 4776/2430/1598
f 4776/2430/1259 4778/2431/1259 4777/2431/1259 4775/2430/1259
f 4781/2432/1666 4785/2433/1666 4783/2434/1666 4779/2435/1666
f 4780/2435/1659 4784/2434/1659 4786/2433/1659 4782/2432/1659
f 4785/2433/1660 4789/2436/1660 4787/2437/1660 4783/2434/1660
f 4784/2434/1661 4788/2437/1661 4790/2436/1661 4786/2433/1661
f 4788/2437/1263 4787/2437/1263 4789/2436/1263 4790/2436/1263
f 4770/2426/1662 4768/2427/1662 4780/2435/1662 4782/2432/1662
f 4767/2427/1663 4769/2426/1663 4781/2432/1663 4779/2435/1663
f 4771/2428/1258 4767/2427/1258 4779/2435/1258 4783/2434/1258
f 4769/2426/1257 4773/2429/1257 4785/2433/1257 4781/2432/1257
f 4774/2429/1257 4770/2426/1257 4782/2432/1257 4786/2433/1257
f 4768/2427/1258 4772/2428/1258 4784/2434/1258 4780/2435/1258
f 4775/2430/1258 4771/2428/1258 4783/2434/1258 4787/2437/1258
f 4773/2429/1257 4777/2431/1257 4789/2436/1257 4785/2433/1257
f 4778/2431/1257 4774/2429/1257 4786/2433/1257 4790/2436/1257
f 4772/2428/1258 4776/2430/1258 4788/2437/1258 4784/2434/1258
f 4776/2430/1258 4775/2430/1258 4787/2437/1258 4788/2437/1258
f 4777/2431/1257 4778/2431/1257 4790/2436/1257 4789/2436/1257
f 4793/2450/1656 4791/2451/1656 4795/2452/1656 4797/2453/1656
f 4792/2451/1574 4794/2450/1574 4798/2453/1574 4796/2452/1574
f 4797/2453/1657 4795/2452/1657 4799/2454/1657 4801/2455/1657
f 4796/2452/1598 4798/2453/1598 4802/2455/1598 4800/2454/1598
f 4800/2454/1259 4802/2455/1259 4801/2455/1259 4799/2454/1259
f 4805/2456/1658 4809/2457/1658 4807/2458/1658 4803/2459/1658
f 4804/2459/1659 4808/2458/1659 4810/2457/1659 4806/2456/1659
f 4809/2457/1660 4813/2460/1660 4811/2461/1660 4807/2458/1660
f 4808/2458/1661 4812/2461/1661 4814/2460/1661 4810/2457/1661
f 4812/2461/1263 4811/2461/1263 4813/2460/1263 4814/2460/1263
f 4794/2450/1662 4792/2451/1662 4804/2459/1662 4806/2456/1662
f 4791/2451/1663 4793/2450/1663 4805/2456/1663 4803/2459/1663
f 4795/2452/1258 4791/2451/1258 4803/2459/1258 4807/2458/1258
f 4793/2450/1257 4797/2453/1257 4809/2457/1257 4805/2456/1257
f 4798/2453/1257 4794/2450/1257 4806/2456/1257 4810/2457/1257
f 4792/2451/1258 4796/2452/1258 4808/2458/1258 4804/2459/1258
f 4799/2454/1258 4795/2452/1258 4807/2458/1258 4811/2461/1258
f 4797/2453/1257 4801/2455/1257 4813/2460/1257 4809/2457/1257
f 4802/2455/1257 4798/2453/1257 4810/2457/1257 4814/2460/1257
f 4796/2452/1258 4800/2454/1258 4812/2461/1258 4808/2458/1258
f 4800/2454/1258 4799/2454/1258 4811/2461/1258 4812/2461/1258
f 4801/2455/1257 4802/2455/1257 4814/2460/1257 4813/2460/1257
f 4817/2462/1656 4815/2463/1656 4819/2464/1656 4821/2465/1656
f 4816/2463/1574 4818/2462/1574 4822/2465/1574 4820/2464/1574
f 4821/2465/1657 4819/2464/1657 4823/2466/1657 4825/2467/1657
f 4820/2464/1598 4822/2465/1598 4826/2467/1598 4824/2466/1598
f 4824/2466/1259 4826/2467/1259 4825/2467/1259 4823/2466/1259
f 4829/2468/1666 4833/2469/1666 4831/2470/1666 4827/2471/1666
f 4828/2471/1659 4832/2470/1659 4834/2469/1659 4830/2468/1659
f 4833/2469/1660 4837/2472/1660 4835/2473/1660 4831/2470/1660
f 4832/2470/1661 4836/2473/1661 4838/2472/1661 4834/2469/1661
f 4836/2473/1263 4835/2473/1263 4837/2472/1263 4838/2472/1263
f 4818/2462/1662 4816/2463/1662 4828/2471/1662 4830/2468/1662
f 4815/2463/1663 4817/2462/1663 4829/2468/1663 4827/2471/1663
f 4819/2464/1258 4815/2463/1258 4827/2471/1258 4831/2470/1258
f 4817/2462/1257 4821/2465/1257 4833/2469/1257 4829/2468/1257
f 4822/2465/1667 4818/2462/1257 4830/2468/1257 4834/2469/1667
f 4816/2463/1258 4820/2464/1258 4832/2470/1258 4828/2471/1258
f 4823/2466/1258 4819/2464/1258 4831/2470/1258 4835/2473/1258
f 4821/2465/1257 4825/2467/1257 4837/2472/1257 4833/2469/1257
f 4826/2467/1667 4822/2465/1667 4834/2469/1667 4838/2472/1667
f 4820/2464/1258 4824/2466/1258 4836/2473/1258 4832/2470/1258
f 4824/2466/1258 4823/2466/1258 4835/2473/1258 4836/2473/1258
f 4825/2467/1257 4826/2467/1667 4838/2472/1667 4837/2472/1257
f 4839/2390/1257 4840/2390/1257 4847/2391/1257 4848/2391/1257
f 4846/2622/1583 4845/2622/1583 4853/2623/1583 4854/2623/1583
f 4849/2394/1258 4850/2394/1258 4844/2395/1258 4843/2395/1258
f 4843/2395/1259 4844/2395/1259 4840/2390/1259 4839/2390/1259
f 4848/2391/1260 4849/2394/1260 4843/2395/1260 4839/2390/1260
f 4850/2394/1261 4847/2391/1261 4840/2390/1261 4844/2395/1261
f 4842/2396/1263 4841/2396/1263 4848/2391/1263 4847/2391/1263
f 4841/2396/1263 4845/2624/1263 4849/2394/1263 4848/2391/1263
f 4846/2624/1263 4842/2396/1263 4847/2391/1263 4850/2394/1263
f 4845/2624/1263 4846/2624/1263 4850/2394/1263 4849/2394/1263
f 4853/2623/1665 4852/2398/1665 4856/2399/1665 4857/2625/1665
f 4845/2622/1585 4841/2401/1585 4852/2398/1585 4853/2623/1585
f 4842/2401/1586 4846/2622/1586 4854/2623/1586 4851/2398/1586
f 4841/2401/1592 4842/2401/1592 4851/2398/1592 4852/2398/1592
f 4856/2399/1263 4855/2399/1263 4858/2625/1263 4857/2625/1263
f 4851/2398/1664 4854/2623/1664 4858/2625/1664 4855/2399/1664
f 4852/2398/1593 4851/2398/1593 4855/2399/1593 4856/2399/1593
f 4854/2623/1668 4853/2623/1668 4857/2625/1668 4858/2625/1668
f 4859/2626/1257 4860/2626/1257 4867/2627/1257 4868/2627/1257
f 4866/2404/1583 4865/2404/1583 4873/2405/1583 4874/2405/1583
f 4869/2406/1258 4870/2406/1258 4864/2407/1258 4863/2407/1258
f 4863/2407/1259 4864/2407/1259 4860/2626/1259 4859/2626/1259
f 4868/2627/1260 4869/2406/1260 4863/2407/1260 4859/2626/1260
f 4870/2406/1261 4867/2627/1261 4860/2626/1261 4864/2407/1261
f 4862/2628/1263 4861/2628/1263 4868/2627/1263 4867/2627/1263
f 4861/2628/1263 4865/2409/1263 4869/2406/1263 4868/2627/1263
f 4866/2409/1263 4862/2628/1263 4867/2627/1263 4870/2406/1263
f 4865/2409/1263 4866/2409/1263 4870/2406/1263 4869/2406/1263
f 4873/2405/1637 4872/2410/1637 4876/2629/1637 4877/2412/1637
f 4865/2404/1585 4861/2630/1585 4872/2410/1585 4873/2405/1585
f 4862/2630/1586 4866/2404/1586 4874/2405/1586 4871/2410/1586
f 4861/2630/1592 4862/2630/1592 4871/2410/1592 4872/2410/1592
f 4876/2629/1263 4875/2629/1263 4878/2412/1263 4877/2412/1263
f 4871/2410/1664 4874/2405/1664 4878/2412/1664 4875/2629/1664
f 4872/2410/1605 4871/2410/1605 4875/2629/1605 4876/2629/1605
f 4874/2405/1590 4873/2405/1590 4877/2412/1590 4878/2412/1590
f 4881/2631/1606 4885/2632/1606 4883/2633/1606 4879/2634/1606
f 4880/2634/1607 4884/2633/1607 4886/2632/1607 4882/2631/1607
f 4885/2632/1608 4889/2635/1608 4887/2636/1608 4883/2633/1608
f 4884/2633/1609 4888/2636/1609 4890/2635/1609 4886/2632/1609
f 4888/2636/1263 4887/2636/1263 4889/2635/1263 4890/2635/1263
f 4893/2637/1669 4891/2638/1669 4895/2639/1669 4897/2640/1669
f 4892/2638/1611 4894/2637/1611 4898/2640/1611 4896/2639/1611
f 4897/2640/1612 4895/2639/1612 4899/2641/1612 4901/2642/1612
f 4896/2639/1613 4898/2640/1613 4902/2642/1613 4900/2641/1613
f 4900/2641/1259 4902/2642/1259 4901/2642/1259 4899/2641/1259
f 4882/2631/1614 4894/2637/1614 4892/2638/1614 4880/2634/1614
f 4879/2634/1615 4891/2638/1615 4893/2637/1615 4881/2631/1615
f 4883/2633/1258 4895/2639/1258 4891/2638/1258 4879/2634/1258
f 4881/2631/1257 4893/2637/1257 4897/2640/1257 4885/2632/1257
f 4886/2632/1257 4898/2640/1257 4894/2637/1257 4882/2631/1257
f 4880/2634/1258 4892/2638/1258 4896/2639/1258 4884/2633/1258
f 4887/2636/1258 4899/2641/1258 4895/2639/1258 4883/2633/1258
f 4885/2632/1257 4897/2640/1257 4901/2642/1257 4889/2635/1257
f 4890/2635/1257 4902/2642/1257 4898/2640/1257 4886/2632/1257
f 4884/2633/1258 4896/2639/1258 4900/2641/1258 4888/2636/1258
f 4888/2636/1258 4900/2641/1258 4899/2641/1258 4887/2636/1258
f 4889/2635/1257 4901/2642/1257 4902/2642/1257 4890/2635/1257
f 4905/2534/1606 4909/2535/1606 4907/2643/1606 4903/2644/1606
f 4904/2644/1607 4908/2643/1607 4910/2535/1607 4906/2534/1607
f 4909/2535/1608 4913/2538/1608 4911/2645/1608 4907/2643/1608
f 4908/2643/1609 4912/2645/1609 4914/2538/1609 4910/2535/1609
f 4912/2645/1263 4911/2645/1263 4913/2538/1263 4914/2538/1263
f 4917/2540/1610 4915/2646/1610 4919/2647/1610 4921/2543/1610
f 4916/2646/1611 4918/2540/1611 4922/2543/1611 4920/2647/1611
f 4921/2543/1612 4919/2647/1612 4923/2648/1612 4925/2545/1612
f 4920/2647/1613 4922/2543/1613 4926/2545/1613 4924/2648/1613
f 4924/2648/1259 4926/2545/1259 4925/2545/1259 4923/2648/1259
f 4906/2534/1614 4918/2540/1614 4916/2646/1614 4904/2644/1614
f 4903/2644/1615 4915/2646/1615 4917/2540/1615 4905/2534/1615
f 4907/2643/1258 4919/2647/1258 4915/2646/1258 4903/2644/1258
f 4905/2534/1257 4917/2540/1257 4921/2543/1257 4909/2535/1257
f 4910/2535/1257 4922/2543/1257 4918/2540/1257 4906/2534/1257
f 4904/2644/1258 4916/2646/1258 4920/2647/1258 4908/2643/1258
f 4911/2645/1258 4923/2648/1258 4919/2647/1258 4907/2643/1258
f 4909/2535/1257 4921/2543/1257 4925/2545/1257 4913/2538/1257
f 4914/2538/1257 4926/2545/1257 4922/2543/1257 4910/2535/1257
f 4908/2643/1258 4920/2647/1258 4924/2648/1258 4912/2645/1258
f 4912/2645/1258 4924/2648/1258 4923/2648/1258 4911/2645/1258
f 4913/2538/1257 4925/2545/1257 4926/2545/1257 4914/2538/1257
f 4927/2649/1257 4936/2650/1257 4935/2650/1257 4928/2649/1257
f 4934/2488/1558 4942/2489/1558 4941/2489/1558 4933/2488/1558
f 4937/2490/1258 4931/2491/1258 4932/2491/1258 4938/2490/1258
f 4931/2491/1263 4927/2649/1263 4928/2649/1263 4932/2491/1263
f 4936/2650/1260 4927/2649/1260 4931/2491/1260 4937/2490/1260
f 4938/2490/1261 4932/2491/1261 4928/2649/1261 4935/2650/1261
f 4930/2651/1259 4935/2650/1259 4936/2650/1259 4929/2651/1259
f 4929/2651/1259 4936/2650/1259 4937/2490/1259 4933/2493/1259
f 4934/2493/1259 4938/2490/1259 4935/2650/1259 4930/2651/1259
f 4933/2493/1259 4937/2490/1259 4938/2490/1259 4934/2493/1259
f 4941/2489/1670 4945/2494/1670 4944/2495/1670 4940/2496/1670
f 4933/2488/1623 4941/2489/1623 4940/2496/1623 4929/2497/1623
f 4930/2497/1557 4939/2496/1557 4942/2489/1557 4934/2488/1557
f 4929/2497/1554 4940/2496/1554 4939/2496/1554 4930/2497/1554
f 4944/2495/1259 4945/2494/1259 4946/2494/1259 4943/2495/1259
f 4939/2496/1624 4943/2495/1624 4946/2494/1624 4942/2489/1624
f 4940/2496/1671 4944/2495/1671 4943/2495/1568 4939/2496/1671
f 4942/2489/1672 4946/2494/1672 4945/2494/1672 4941/2489/1672
f 4947/2652/1257 4956/2653/1257 4955/2653/1257 4948/2652/1257
f 4954/2654/1566 4962/2655/1566 4961/2655/1566 4953/2654/1566
f 4957/2656/1258 4951/2657/1258 4952/2657/1258 4958/2656/1258
f 4951/2657/1263 4947/2652/1263 4948/2652/1263 4952/2657/1263
f 4956/2653/1260 4947/2652/1260 4951/2657/1260 4957/2656/1260
f 4958/2656/1261 4952/2657/1261 4948/2652/1261 4955/2653/1261
f 4950/2504/1259 4955/2653/1259 4956/2653/1259 4949/2504/1259
f 4949/2504/1259 4956/2653/1259 4957/2656/1259 4953/2658/1259
f 4954/2658/1259 4958/2656/1259 4955/2653/1259 4950/2504/1259
f 4953/2658/1259 4957/2656/1259 4958/2656/1259 4954/2658/1259
f 4961/2655/1670 4965/2659/1670 4964/2507/1670 4960/2660/1670
f 4953/2654/1623 4961/2655/1623 4960/2660/1623 4949/2509/1623
f 4950/2509/1557 4959/2660/1557 4962/2655/1557 4954/2654/1557
f 4949/2509/1554 4960/2660/1554 4959/2660/1554 4950/2509/1554
f 4964/2507/1259 4965/2659/1259 4966/2659/1259 4963/2507/1259
f 4959/2660/1624 4963/2507/1624 4966/2659/1624 4962/2655/1624
f 4960/2660/1625 4964/2507/1625 4963/2507/1625 4959/2660/1625
f 4962/2655/1626 4966/2659/1626 4965/2659/1626 4961/2655/1626
f 4969/2631/1616 4973/2632/1616 4971/2633/1616 4967/2634/1616
f 4968/2634/1617 4972/2633/1617 4974/2632/1617 4970/2631/1617
f 4973/2632/1618 4977/2635/1618 4975/2636/1618 4971/2633/1618
f 4972/2633/1619 4976/2636/1619 4978/2635/1619 4974/2632/1619
f 4976/2636/1263 4975/2636/1263 4977/2635/1263 4978/2635/1263
f 4981/2637/1669 4979/2638/1669 4983/2639/1669 4985/2640/1669
f 4980/2638/1611 4982/2637/1611 4986/2640/1611 4984/2639/1611
f 4985/2640/1620 4983/2639/1620 4987/2641/1620 4989/2642/1620
f 4984/2639/1621 4986/2640/1621 4990/2642/1621 4988/2641/1621
f 4988/2641/1259 4990/2642/1259 4989/2642/1259 4987/2641/1259
f 4970/2631/1614 4982/2637/1614 4980/2638/1614 4968/2634/1614
f 4967/2634/1615 4979/2638/1615 4981/2637/1615 4969/2631/1615
f 4971/2633/1258 4983/2639/1258 4979/2638/1258 4967/2634/1258
f 4969/2631/1257 4981/2637/1257 4985/2640/1257 4973/2632/1257
f 4974/2632/1257 4986/2640/1257 4982/2637/1257 4970/2631/1257
f 4968/2634/1258 4980/2638/1258 4984/2639/1258 4972/2633/1258
f 4975/2636/1258 4987/2641/1258 4983/2639/1258 4971/2633/1258
f 4973/2632/1257 4985/2640/1257 4989/2642/1257 4977/2635/1257
f 4978/2635/1257 4990/2642/1257 4986/2640/1257 4974/2632/1257
f 4972/2633/1258 4984/2639/1258 4988/2641/1258 4976/2636/1258
f 4976/2636/1258 4988/2641/1258 4987/2641/1258 4975/2636/1258
f 4977/2635/1257 4989/2642/1257 4990/2642/1257 4978/2635/1257
f 4993/2534/1616 4997/2535/1616 4995/2643/1616 4991/2644/1616
f 4992/2644/1617 4996/2643/1617 4998/2535/1617 4994/2534/1617
f 4997/2535/1618 5001/2538/1618 4999/2645/1618 4995/2643/1618
f 4996/2643/1619 5000/2645/1619 5002/2538/1619 4998/2535/1619
f 5000/2645/1263 4999/2645/1263 5001/2538/1263 5002/2538/1263
f 5005/2540/1610 5003/2646/1610 5007/2647/1610 5009/2543/1610
f 5004/2646/1611 5006/2540/1611 5010/2543/1611 5008/2647/1611
f 5009/2543/1620 5007/2647/1620 5011/2648/1620 5013/2545/1620
f 5008/2647/1621 5010/2543/1621 5014/2545/1621 5012/2648/1621
f 5012/2648/1259 5014/2545/1259 5013/2545/1259 5011/2648/1259
f 4994/2534/1614 5006/2540/1614 5004/2646/1614 4992/2644/1614
f 4991/2644/1615 5003/2646/1615 5005/2540/1615 4993/2534/1615
f 4995/2643/1258 5007/2647/1258 5003/2646/1258 4991/2644/1258
f 4993/2534/1257 5005/2540/1257 5009/2543/1257 4997/2535/1257
f 4998/2535/1257 5010/2543/1257 5006/2540/1257 4994/2534/1257
f 4992/2644/1258 5004/2646/1258 5008/2647/1258 4996/2643/1258
f 4999/2645/1258 5011/2648/1258 5007/2647/1258 4995/2643/1258
f 4997/2535/1257 5009/2543/1257 5013/2545/1257 5001/2538/1257
f 5002/2538/1257 5014/2545/1257 5010/2543/1257 4998/2535/1257
f 4996/2643/1258 5008/2647/1258 5012/2648/1258 5000/2645/1258
f 5000/2645/1258 5012/2648/1258 5011/2648/1258 4999/2645/1258
f 5001/2538/1257 5013/2545/1257 5014/2545/1257 5002/2538/1257
f 5015/2649/1257 5024/2650/1257 5023/2650/1257 5016/2649/1257
f 5022/2488/1558 5030/2489/1558 5029/2489/1558 5021/2488/1558
f 5025/2490/1258 5019/2491/1258 5020/2491/1258 5026/2490/1258
f 5019/2491/1263 5015/2649/1263 5016/2649/1263 5020/2491/1263
f 5024/2650/1260 5015/2649/1260 5019/2491/1260 5025/2490/1260
f 5026/2490/1261 5020/2491/1261 5016/2649/1261 5023/2650/1261
f 5018/2651/1259 5023/2650/1259 5024/2650/1259 5017/2651/1259
f 5017/2651/1259 5024/2650/1259 5025/2490/1259 5021/2493/1259
f 5022/2493/1259 5026/2490/1259 5023/2650/1259 5018/2651/1259
f 5021/2493/1259 5025/2490/1259 5026/2490/1259 5022/2493/1259
f 5029/2489/1627 5033/2494/1627 5032/2495/1627 5028/2496/1627
f 5021/2488/1673 5029/2489/1673 5028/2496/1673 5017/2497/1673
f 5018/2497/1674 5027/2496/1674 5030/2489/1674 5022/2488/1674
f 5017/2497/1554 5028/2496/1554 5027/2496/1554 5018/2497/1554
f 5032/2495/1259 5033/2494/1259 5034/2494/1259 5031/2495/1259
f 5027/2496/1675 5031/2495/1675 5034/2494/1675 5030/2489/1675
f 5028/2496/1568 5032/2495/1568 5031/2495/1568 5027/2496/1568
f 5030/2489/1672 5034/2494/1672 5033/2494/1672 5029/2489/1672
f 5035/2652/1257 5044/2653/1257 5043/2653/1257 5036/2652/1257
f 5042/2654/1566 5050/2655/1566 5049/2655/1566 5041/2654/1566
f 5045/2656/1258 5039/2657/1258 5040/2657/1258 5046/2656/1258
f 5039/2657/1263 5035/2652/1263 5036/2652/1263 5040/2657/1263
f 5044/2653/1260 5035/2652/1260 5039/2657/1260 5045/2656/1260
f 5046/2656/1261 5040/2657/1261 5036/2652/1261 5043/2653/1261
f 5038/2504/1259 5043/2653/1259 5044/2653/1259 5037/2504/1259
f 5037/2504/1259 5044/2653/1259 5045/2656/1259 5041/2658/1259
f 5042/2658/1259 5046/2656/1259 5043/2653/1259 5038/2504/1259
f 5041/2658/1259 5045/2656/1259 5046/2656/1259 5042/2658/1259
f 5049/2655/1627 5053/2659/1627 5052/2507/1627 5048/2660/1627
f 5041/2654/1673 5049/2655/1673 5048/2660/1673 5037/2509/1673
f 5038/2509/1674 5047/2660/1674 5050/2655/1674 5042/2654/1674
f 5037/2509/1554 5048/2660/1554 5047/2660/1554 5038/2509/1554
f 5052/2507/1259 5053/2659/1259 5054/2659/1259 5051/2507/1259
f 5047/2660/1675 5051/2507/1675 5054/2659/1675 5050/2655/1675
f 5048/2660/1568 5052/2507/1568 5051/2507/1568 5047/2660/1568
f 5050/2655/1626 5054/2659/1626 5053/2659/1626 5049/2655/1626
f 5057/2661/1606 5061/2662/1606 5059/2663/1606 5055/2664/1606
f 5056/2664/1676 5060/2663/1676 5062/2662/1676 5058/2661/1676
f 5061/2662/1608 5065/2665/1608 5063/2666/1608 5059/2663/1608
f 5060/2663/1609 5064/2666/1609 5066/2665/1609 5062/2662/1609
f 5064/2666/1263 5063/2666/1263 5065/2665/1263 5066/2665/1263
f 5069/2667/1610 5067/2668/1610 5071/2669/1610 5073/2670/1610
f 5068/2668/1611 5070/2667/1611 5074/2670/1611 5072/2669/1611
f 5073/2670/1612 5071/2669/1612 5075/2671/1612 5077/2672/1612
f 5072/2669/1613 5074/2670/1613 5078/2672/1613 5076/2671/1613
f 5076/2671/1259 5078/2672/1259 5077/2672/1259 5075/2671/1259
f 5058/2661/1614 5070/2667/1614 5068/2668/1614 5056/2664/1614
f 5055/2664/1615 5067/2668/1615 5069/2667/1615 5057/2661/1615
f 5059/2663/1258 5071/2669/1258 5067/2668/1258 5055/2664/1258
f 5057/2661/1257 5069/2667/1257 5073/2670/1257 5061/2662/1257
f 5062/2662/1257 5074/2670/1257 5070/2667/1257 5058/2661/1257
f 5056/2664/1258 5068/2668/1258 5072/2669/1258 5060/2663/1258
f 5063/2666/1258 5075/2671/1258 5071/2669/1258 5059/2663/1258
f 5061/2662/1257 5073/2670/1257 5077/2672/1257 5065/2665/1257
f 5066/2665/1257 5078/2672/1257 5074/2670/1257 5062/2662/1257
f 5060/2663/1258 5072/2669/1258 5076/2671/1258 5064/2666/1258
f 5064/2666/1258 5076/2671/1258 5075/2671/1258 5063/2666/1258
f 5065/2665/1257 5077/2672/1257 5078/2672/1257 5066/2665/1257
f 5081/2582/1606 5085/2583/1606 5083/2584/1606 5079/2585/1606
f 5080/2585/1607 5084/2584/1607 5086/2583/1607 5082/2582/1607
f 5085/2583/1608 5089/2586/1608 5087/2587/1608 5083/2584/1608
f 5084/2584/1609 5088/2587/1609 5090/2586/1609 5086/2583/1609
f 5088/2587/1263 5087/2587/1263 5089/2586/1263 5090/2586/1263
f 5093/2588/1610 5091/2589/1610 5095/2590/1610 5097/2591/1610
f 5092/2589/1611 5094/2588/1611 5098/2591/1611 5096/2590/1611
f 5097/2591/1612 5095/2590/1612 5099/2592/1612 5101/2593/1612
f 5096/2590/1613 5098/2591/1613 5102/2593/1613 5100/2592/1613
f 5100/2592/1259 5102/2593/1259 5101/2593/1259 5099/2592/1259
f 5082/2582/1614 5094/2588/1614 5092/2589/1614 5080/2585/1614
f 5079/2585/1615 5091/2589/1615 5093/2588/1615 5081/2582/1615
f 5083/2584/1258 5095/2590/1258 5091/2589/1258 5079/2585/1258
f 5081/2582/1257 5093/2588/1257 5097/2591/1257 5085/2583/1257
f 5086/2583/1257 5098/2591/1257 5094/2588/1257 5082/2582/1257
f 5080/2585/1258 5092/2589/1258 5096/2590/1258 5084/2584/1258
f 5087/2587/1258 5099/2592/1258 5095/2590/1258 5083/2584/1258
f 5085/2583/1257 5097/2591/1257 5101/2593/1257 5089/2586/1257
f 5090/2586/1257 5102/2593/1257 5098/2591/1257 5086/2583/1257
f 5084/2584/1258 5096/2590/1258 5100/2592/1258 5088/2587/1258
f 5088/2587/1258 5100/2592/1258 5099/2592/1258 5087/2587/1258
f 5089/2586/1257 5101/2593/1257 5102/2593/1257 5090/2586/1257
f 5103/2546/1257 5112/2547/1257 5111/2547/1257 5104/2546/1257
f 5110/2548/1566 5118/2549/1566 5117/2549/1566 5109/2548/1566
f 5113/2550/1258 5107/2551/1258 5108/2551/1258 5114/2550/1258
f 5107/2551/1263 5103/2546/1263 5104/2546/1263 5108/2551/1263
f 5112/2547/1260 5103/2546/1260 5107/2551/1260 5113/2550/1260
f 5114/2550/1261 5108/2551/1261 5104/2546/1261 5111/2547/1261
f 5106/2552/1259 5111/2547/1259 5112/2547/1259 5105/2552/1259
f 5105/2552/1259 5112/2547/1259 5113/2550/1259 5109/2553/1259
f 5110/2553/1259 5114/2550/1259 5111/2547/1259 5106/2552/1259
f 5109/2553/1259 5113/2550/1259 5114/2550/1259 5110/2553/1259
f 5117/2549/1670 5121/2554/1670 5120/2555/1670 5116/2556/1670
f 5109/2548/1623 5117/2549/1623 5116/2556/1623 5105/2557/1623
f 5106/2557/1557 5115/2556/1557 5118/2549/1557 5110/2548/1557
f 5105/2557/1563 5116/2556/1563 5115/2556/1563 5106/2557/1563
f 5120/2555/1259 5121/2554/1259 5122/2554/1259 5119/2555/1259
f 5115/2556/1624 5119/2555/1624 5122/2554/1624 5118/2549/1624
f 5116/2556/1571 5120/2555/1571 5119/2555/1571 5115/2556/1571
f 5118/2549/1672 5122/2554/1672 5121/2554/1672 5117/2549/1672
f 5123/2558/1257 5132/2559/1257 5131/2559/1257 5124/2558/1257
f 5130/2560/1558 5138/2561/1558 5137/2561/1558 5129/2560/1558
f 5133/2562/1258 5127/2563/1258 5128/2563/1258 5134/2562/1258
f 5127/2563/1263 5123/2558/1263 5124/2558/1263 5128/2563/1263
f 5132/2559/1260 5123/2558/1260 5127/2563/1260 5133/2562/1260
f 5134/2562/1261 5128/2563/1261 5124/2558/1261 5131/2559/1261
f 5126/2564/1259 5131/2559/1259 5132/2559/1259 5125/2564/1259
f 5125/2564/1259 5132/2559/1259 5133/2562/1259 5129/2565/1259
f 5130/2565/1259 5134/2562/1259 5131/2559/1259 5126/2564/1259
f 5129/2565/1259 5133/2562/1259 5134/2562/1259 5130/2565/1259
f 5137/2561/1670 5141/2566/1670 5140/2567/1670 5136/2568/1670
f 5129/2560/1623 5137/2561/1623 5136/2568/1623 5125/2569/1623
f 5126/2569/1557 5135/2568/1557 5138/2561/1557 5130/2560/1557
f 5125/2569/1554 5136/2568/1554 5135/2568/1554 5126/2569/1554
f 5140/2567/1259 5141/2566/1259 5142/2566/1259 5139/2567/1259
f 5135/2568/1624 5139/2567/1624 5142/2566/1624 5138/2561/1624
f 5136/2568/1568 5140/2567/1568 5139/2567/1568 5135/2568/1568
f 5138/2561/1652 5142/2566/1652 5141/2566/1652 5137/2561/1652
f 5145/2661/1629 5149/2662/1629 5147/2663/1629 5143/2664/1629
f 5144/2664/1617 5148/2663/1617 5150/2662/1617 5146/2661/1617
f 5149/2662/1618 5153/2665/1618 5151/2666/1618 5147/2663/1618
f 5148/2663/1619 5152/2666/1619 5154/2665/1619 5150/2662/1619
f 5152/2666/1263 5151/2666/1263 5153/2665/1263 5154/2665/1263
f 5157/2667/1610 5155/2668/1610 5159/2669/1610 5161/2670/1610
f 5156/2668/1611 5158/2667/1611 5162/2670/1611 5160/2669/1611
f 5161/2670/1620 5159/2669/1620 5163/2671/1620 5165/2672/1620
f 5160/2669/1621 5162/2670/1621 5166/2672/1621 5164/2671/1621
f 5164/2671/1259 5166/2672/1259 5165/2672/1259 5163/2671/1259
f 5146/2661/1614 5158/2667/1614 5156/2668/1614 5144/2664/1614
f 5143/2664/1615 5155/2668/1615 5157/2667/1615 5145/2661/1615
f 5147/2663/1258 5159/2669/1258 5155/2668/1258 5143/2664/1258
f 5145/2661/1257 5157/2667/1257 5161/2670/1257 5149/2662/1257
f 5150/2662/1257 5162/2670/1257 5158/2667/1257 5146/2661/1257
f 5144/2664/1258 5156/2668/1258 5160/2669/1258 5148/2663/1258
f 5151/2666/1258 5163/2671/1258 5159/2669/1258 5147/2663/1258
f 5149/2662/1257 5161/2670/1257 5165/2672/1257 5153/2665/1257
f 5154/2665/1257 5166/2672/1257 5162/2670/1257 5150/2662/1257
f 5148/2663/1258 5160/2669/1258 5164/2671/1258 5152/2666/1258
f 5152/2666/1258 5164/2671/1258 5163/2671/1258 5151/2666/1258
f 5153/2665/1257 5165/2672/1257 5166/2672/1257 5154/2665/1257
f 5169/2582/1629 5173/2583/1629 5171/2584/1629 5167/2585/1629
f 5168/2585/1617 5172/2584/1617 5174/2583/1617 5170/2582/1617
f 5173/2583/1618 5177/2586/1618 5175/2587/1618 5171/2584/1618
f 5172/2584/1619 5176/2587/1619 5178/2586/1619 5174/2583/1619
f 5176/2587/1263 5175/2587/1263 5177/2586/1263 5178/2586/1263
f 5181/2588/1610 5179/2589/1610 5183/2590/1610 5185/2591/1610
f 5180/2589/1611 5182/2588/1611 5186/2591/1611 5184/2590/1611
f 5185/2591/1620 5183/2590/1620 5187/2592/1620 5189/2593/1620
f 5184/2590/1621 5186/2591/1621 5190/2593/1621 5188/2592/1621
f 5188/2592/1259 5190/2593/1259 5189/2593/1259 5187/2592/1259
f 5170/2582/1614 5182/2588/1614 5180/2589/1614 5168/2585/1614
f 5167/2585/1615 5179/2589/1615 5181/2588/1615 5169/2582/1615
f 5171/2584/1258 5183/2590/1258 5179/2589/1258 5167/2585/1258
f 5169/2582/1257 5181/2588/1257 5185/2591/1257 5173/2583/1257
f 5174/2583/1257 5186/2591/1257 5182/2588/1257 5170/2582/1257
f 5168/2585/1258 5180/2589/1258 5184/2590/1258 5172/2584/1258
f 5175/2587/1258 5187/2592/1258 5183/2590/1258 5171/2584/1258
f 5173/2583/1257 5185/2591/1257 5189/2593/1257 5177/2586/1257
f 5178/2586/1257 5190/2593/1257 5186/2591/1257 5174/2583/1257
f 5172/2584/1258 5184/2590/1258 5188/2592/1258 5176/2587/1258
f 5176/2587/1258 5188/2592/1258 5187/2592/1258 5175/2587/1258
f 5177/2586/1257 5189/2593/1257 5190/2593/1257 5178/2586/1257
f 5191/2546/1257 5200/2547/1257 5199/2547/1257 5192/2546/1257
f 5198/2548/1566 5206/2549/1566 5205/2549/1566 5197/2548/1566
f 5201/2550/1258 5195/2551/1258 5196/2551/1258 5202/2550/1258
f 5195/2551/1263 5191/2546/1263 5192/2546/1263 5196/2551/1263
f 5200/2547/1260 5191/2546/1260 5195/2551/1260 5201/2550/1260
f 5202/2550/1261 5196/2551/1261 5192/2546/1261 5199/2547/1261
f 5194/2552/1259 5199/2547/1259 5200/2547/1259 5193/2552/1259
f 5193/2552/1259 5200/2547/1259 5201/2550/1259 5197/2553/1259
f 5198/2553/1259 5202/2550/1259 5199/2547/1259 5194/2552/1259
f 5197/2553/1259 5201/2550/1259 5202/2550/1259 5198/2553/1259
f 5205/2549/1627 5209/2554/1627 5208/2555/1627 5204/2556/1627
f 5197/2548/1673 5205/2549/1673 5204/2556/1673 5193/2557/1673
f 5194/2557/1674 5203/2556/1674 5206/2549/1674 5198/2548/1674
f 5193/2557/1563 5204/2556/1563 5203/2556/1563 5194/2557/1563
f 5208/2555/1259 5209/2554/1259 5210/2554/1259 5207/2555/1259
f 5203/2556/1675 5207/2555/1675 5210/2554/1675 5206/2549/1675
f 5204/2556/1571 5208/2555/1571 5207/2555/1571 5203/2556/1571
f 5206/2549/1650 5210/2554/1650 5209/2554/1650 5205/2549/1650
f 5211/2558/1257 5220/2559/1257 5219/2559/1257 5212/2558/1257
f 5218/2560/1558 5226/2561/1558 5225/2561/1558 5217/2560/1558
f 5221/2562/1258 5215/2563/1258 5216/2563/1258 5222/2562/1258
f 5215/2563/1263 5211/2558/1263 5212/2558/1263 5216/2563/1263
f 5220/2559/1260 5211/2558/1260 5215/2563/1260 5221/2562/1260
f 5222/2562/1261 5216/2563/1261 5212/2558/1261 5219/2559/1261
f 5214/2564/1259 5219/2559/1259 5220/2559/1259 5213/2564/1259
f 5213/2564/1259 5220/2559/1259 5221/2562/1259 5217/2565/1259
f 5218/2565/1259 5222/2562/1259 5219/2559/1259 5214/2564/1259
f 5217/2565/1259 5221/2562/1259 5222/2562/1259 5218/2565/1259
f 5225/2561/1622 5229/2566/1622 5228/2567/1622 5224/2568/1622
f 5217/2560/1673 5225/2561/1673 5224/2568/1673 5213/2569/1673
f 5214/2569/1674 5223/2568/1674 5226/2561/1674 5218/2560/1674
f 5213/2569/1554 5224/2568/1554 5223/2568/1554 5214/2569/1554
f 5228/2567/1259 5229/2566/1259 5230/2566/1259 5227/2567/1259
f 5223/2568/1675 5227/2567/1675 5230/2566/1675 5226/2561/1675
f 5224/2568/1568 5228/2567/1568 5227/2567/1568 5223/2568/1568
f 5226/2561/1652 5230/2566/1652 5229/2566/1652 5225/2561/1652
f 5232/2673/1677 5231/2674/1677 5263/2675/1677 5264/2676/1677
f 5241/2677/1678 5242/2678/1678 5250/2679/1678 5249/2680/1678
f 5261/2681/1679 5262/2682/1679 5246/2683/1679 5245/2684/1679
f 5259/2674/1680 5260/2682/1680 5244/2683/1680 5243/2685/1680
f 5257/2686/1681 5258/2687/1681 5242/2678/1681 5241/2677/1681
f 5256/2674/1682 5255/2687/1682 5240/2678/1682 5239/2685/1682
f 5262/2682/1683 5256/2674/1683 5239/2685/1683 5246/2683/1683
f 5260/2682/1684 5261/2681/1684 5245/2684/1684 5244/2683/1684
f 5258/2687/1685 5259/2674/1685 5243/2685/1685 5242/2678/1685
f 5255/2687/1686 5257/2686/1686 5241/2677/1686 5240/2678/1686
f 5251/2688/1259 5253/2689/1259 5247/2688/1259
f 5239/2685/1687 5240/2678/1687 5248/2679/1687 5247/2688/1687
f 5246/2683/1688 5239/2685/1688 5247/2688/1688 5254/2690/1688
f 5244/2683/1689 5245/2684/1689 5253/2689/1689 5252/2690/1689
f 5242/2678/1690 5243/2685/1690 5251/2688/1690 5250/2679/1690
f 5240/2678/1691 5241/2677/1691 5249/2680/1691 5248/2679/1691
f 5245/2684/1692 5246/2683/1692 5254/2690/1692 5253/2689/1692
f 5243/2685/1693 5244/2683/1693 5252/2690/1693 5251/2688/1693
f 5231/2674/1263 5232/2673/1263 5255/2687/1263 5256/2674/1263
f 5232/2673/1263 5233/2691/1263 5257/2686/1263 5255/2687/1263
f 5233/2691/1263 5234/2673/1263 5258/2687/1263 5257/2686/1263
f 5234/2673/1263 5235/2674/1263 5259/2674/1263 5258/2687/1263
f 5235/2674/1263 5236/2692/1263 5260/2682/1263 5259/2674/1263
f 5236/2692/1263 5237/2693/1263 5261/2681/1263 5260/2682/1263
f 5237/2693/1263 5238/2692/1263 5262/2682/1263 5261/2681/1263
f 5238/2692/1263 5231/2674/1263 5256/2674/1263 5262/2682/1263
f 5269/2694/1263 5267/2675/1263 5265/2695/1263
f 5231/2674/1694 5238/2692/1694 5270/2696/1694 5263/2675/1694
f 5237/2693/1695 5236/2692/1695 5268/2696/1695 5269/2694/1695
f 5235/2674/1696 5234/2673/1696 5266/2676/1696 5267/2675/1696
f 5233/2691/1697 5232/2673/1697 5264/2676/1697 5265/2695/1697
f 5238/2692/1698 5237/2693/1698 5269/2694/1698 5270/2696/1698
f 5236/2692/1699 5235/2674/1699 5267/2675/1699 5268/2696/1699
f 5234/2673/1700 5233/2691/1700 5265/2695/1700 5266/2676/1700
f 5271/2697/1263 5277/2698/1263 5275/2697/1263
f 5280/2699/1701 5281/2700/1701 5289/2701/1701 5288/2702/1701
f 5275/2697/1702 5276/2703/1702 5284/2704/1702 5283/2705/1702
f 5273/2706/1703 5274/2707/1703 5282/2699/1703 5281/2700/1703
f 5271/2697/1704 5272/2707/1704 5280/2699/1704 5279/2705/1704
f 5278/2703/1705 5271/2697/1705 5279/2705/1705 5286/2704/1705
f 5276/2703/1706 5277/2698/1706 5285/2708/1706 5284/2704/1706
f 5274/2707/1707 5275/2697/1707 5283/2705/1707 5282/2699/1707
f 5272/2707/1708 5273/2706/1708 5281/2700/1708 5280/2699/1708
f 5277/2698/1709 5278/2703/1709 5286/2704/1709 5285/2708/1709
f 5291/2709/1710 5292/2710/1710 5300/2711/1710 5299/2712/1710
f 5285/2708/1711 5286/2704/1711 5294/2710/1711 5293/2713/1711
f 5283/2705/1712 5284/2704/1712 5292/2710/1712 5291/2709/1712
f 5281/2700/1713 5282/2699/1713 5290/2702/1713 5289/2701/1713
f 5279/2705/1714 5280/2699/1714 5288/2702/1714 5287/2709/1714
f 5286/2704/1715 5279/2705/1715 5287/2709/1715 5294/2710/1715
f 5284/2704/1716 5285/2708/1716 5293/2713/1716 5292/2710/1716
f 5282/2699/1717 5283/2705/1717 5291/2709/1717 5290/2702/1717
f 5295/2712/1259 5297/2714/1259 5299/2712/1259
f 5289/2701/1718 5290/2702/1718 5298/2715/1718 5297/2714/1718
f 5287/2709/1719 5288/2702/1719 5296/2715/1719 5295/2712/1719
f 5294/2710/1720 5287/2709/1720 5295/2712/1720 5302/2711/1720
f 5292/2710/1721 5293/2713/1721 5301/2716/1721 5300/2711/1721
f 5290/2702/1722 5291/2709/1722 5299/2712/1722 5298/2715/1722
f 5288/2702/1723 5289/2701/1723 5297/2714/1723 5296/2715/1723
f 5293/2713/1724 5294/2710/1724 5302/2711/1724 5301/2716/1724
f 5309/2717/1263 5307/2718/1263 5305/2719/1263
f 5312/2720/1725 5313/2721/1725 5321/2722/1725 5320/2723/1725
f 5307/2718/1699 5308/2724/1699 5316/2725/1699 5315/2726/1699
f 5305/2719/1726 5306/2727/1726 5314/2720/1726 5313/2721/1726
f 5303/2718/1727 5304/2727/1727 5312/2720/1727 5311/2726/1727
f 5310/2724/1705 5303/2718/1705 5311/2726/1705 5318/2725/1705
f 5308/2724/1728 5309/2717/1728 5317/2728/1728 5316/2725/1728
f 5306/2727/1707 5307/2718/1707 5315/2726/1707 5314/2720/1707
f 5304/2727/1729 5305/2719/1729 5313/2721/1729 5312/2720/1729
f 5309/2717/1698 5310/2724/1698 5318/2725/1698 5317/2728/1698
f 5323/2729/1710 5324/2730/1710 5332/2731/1710 5331/2732/1710
f 5317/2728/1730 5318/2725/1730 5326/2730/1730 5325/2733/1730
f 5315/2726/1712 5316/2725/1712 5324/2730/1712 5323/2729/1712
f 5313/2721/1731 5314/2720/1731 5322/2723/1731 5321/2722/1731
f 5311/2726/1714 5312/2720/1714 5320/2723/1714 5319/2729/1714
f 5318/2725/1732 5311/2726/1732 5319/2729/1732 5326/2730/1732
f 5316/2725/1716 5317/2728/1716 5325/2733/1716 5324/2730/1716
f 5314/2720/1733 5315/2726/1733 5323/2729/1733 5322/2723/1733
f 5329/2734/1259 5331/2732/1259 5333/2735/1259
f 5321/2722/1734 5322/2723/1734 5330/2736/1734 5329/2734/1734
f 5319/2729/1719 5320/2723/1719 5328/2736/1719 5327/2732/1719
f 5326/2730/1735 5319/2729/1735 5327/2732/1735 5334/2731/1735
f 5324/2730/1721 5325/2733/1721 5333/2735/1721 5332/2731/1721
f 5322/2723/1722 5323/2729/1722 5331/2732/1722 5330/2736/1722
f 5320/2723/1736 5321/2722/1736 5329/2734/1736 5328/2736/1736
f 5325/2733/1737 5326/2730/1737 5334/2731/1737 5333/2735/1737
f 5339/2737/1738 5335/2738/1738 5336/2738/1738 5340/2737/1738
f 5341/2739/1259 5342/2739/1259 5338/2740/1259 5337/2740/1259
f 5335/2738/1257 5337/2740/1257 5338/2740/1257 5336/2738/1257
f 5339/2737/1260 5341/2739/1260 5337/2740/1260 5335/2738/1260
f 5336/2738/1261 5338/2740/1261 5342/2739/1261 5340/2737/1261
f 5341/2739/1258 5339/2737/1258 5340/2737/1258 5342/2739/1258
f 5347/2741/1739 5343/2742/1739 5344/2742/1739 5348/2741/1739
f 5349/2743/1259 5350/2743/1259 5346/2744/1259 5345/2744/1259
f 5343/2742/1257 5345/2744/1257 5346/2744/1257 5344/2742/1257
f 5347/2741/1260 5349/2743/1260 5345/2744/1260 5343/2742/1260
f 5344/2742/1261 5346/2744/1261 5350/2743/1261 5348/2741/1261
f 5349/2743/1258 5347/2741/1258 5348/2741/1258 5350/2743/1258
f 5351/2745/1494 5352/2746/1494 5354/2747/1494 5353/2748/1494
f 5353/2748/1258 5354/2747/1258 5358/2749/1258 5357/2750/1258
f 5357/2750/1740 5358/2749/1740 5356/2751/1740 5355/2752/1740
f 5355/2752/1257 5356/2751/1257 5352/2746/1257 5351/2745/1257
f 5353/2748/1366 5357/2750/1366 5355/2752/1366 5351/2745/1366
f 5358/2749/1364 5354/2747/1364 5352/2746/1364 5356/2751/1364
f 5363/2753/1741 5359/2754/1741 5360/2754/1741 5364/2753/1741
f 5365/2755/1259 5366/2755/1259 5362/2756/1259 5361/2756/1259
f 5359/2754/1257 5361/2756/1257 5362/2756/1257 5360/2754/1257
f 5363/2753/1260 5365/2755/1260 5361/2756/1260 5359/2754/1260
f 5360/2754/1261 5362/2756/1261 5366/2755/1261 5364/2753/1261
f 5365/2755/1258 5363/2753/1258 5364/2753/1258 5366/2755/1258
f 5368/2757/1263 5371/2758/1263 5370/2757/1263 5369/2759/1263
f 5376/2760/1259 5377/2761/1259 5378/2760/1259 5379/2762/1259
f 5367/2758/1263 5374/2763/1263 5373/2764/1263 5372/2763/1263
f 5371/2758/1263 5368/2757/1263 5367/2758/1263 5372/2763/1263
f 5375/2762/1259 5380/2765/1259 5381/2766/1259 5382/2765/1259
f 5379/2762/1742 5380/2765/1742 5385/2767/1742 5386/2768/1742
f 5370/2757/1743 5371/2758/1743 5379/2762/1743 5378/2760/1743
f 5368/2757/1729 5369/2759/1729 5377/2761/1729 5376/2760/1729
f 5373/2764/1698 5374/2763/1698 5382/2765/1698 5381/2766/1698
f 5371/2758/1744 5372/2763/1744 5380/2765/1742 5379/2762/1742
f 5369/2759/1703 5370/2757/1703 5378/2760/1703 5377/2761/1703
f 5367/2758/1704 5368/2757/1704 5376/2760/1727 5375/2762/1727
f 5374/2763/1705 5367/2758/1705 5375/2762/1705 5382/2765/1705
f 5372/2763/1706 5373/2764/1706 5381/2766/1706 5380/2765/1706
f 5386/2768/1259 5385/2767/1259 5384/2769/1259 5383/2770/1259
f 5375/2762/1727 5376/2760/1727 5383/2770/1745 5384/2769/1745
f 5376/2760/1746 5379/2762/1746 5386/2768/1746 5383/2770/1746
f 5380/2765/1747 5375/2762/1747 5384/2769/1747 5385/2767/1748
f 5388/2771/1263 5391/2772/1263 5390/2771/1263 5389/2773/1263
f 5396/2774/1259 5397/2775/1259 5398/2774/1259 5399/2776/1259
f 5387/2772/1263 5394/2777/1263 5393/2778/1263 5392/2777/1263
f 5391/2772/1263 5388/2771/1263 5387/2772/1263 5392/2777/1263
f 5395/2776/1259 5400/2779/1259 5401/2780/1259 5402/2779/1259
f 5399/2776/1702 5400/2779/1702 5405/2781/1749 5406/2782/1749
f 5390/2771/1707 5391/2772/1707 5399/2776/1707 5398/2774/1707
f 5388/2771/1708 5389/2773/1708 5397/2775/1708 5396/2774/1708
f 5393/2778/1709 5394/2777/1709 5402/2779/1709 5401/2780/1709
f 5391/2772/1702 5392/2777/1702 5400/2779/1702 5399/2776/1702
f 5389/2773/1726 5390/2771/1726 5398/2774/1726 5397/2775/1726
f 5387/2772/1704 5388/2771/1704 5396/2774/1704 5395/2776/1704
f 5394/2777/1705 5387/2772/1705 5395/2776/1705 5402/2779/1705
f 5392/2777/1728 5393/2778/1728 5401/2780/1728 5400/2779/1728
f 5406/2782/1259 5405/2781/1259 5404/2783/1259 5403/2784/1259
f 5395/2776/1704 5396/2774/1704 5403/2784/1750 5404/2783/1750
f 5396/2774/1751 5399/2776/1751 5406/2782/1751 5403/2784/1751
f 5400/2779/1752 5395/2776/1752 5404/2783/1752 5405/2781/1752
f 5408/2771/1263 5411/2772/1263 5410/2771/1263 5409/2773/1263
f 5416/2774/1259 5417/2775/1259 5418/2774/1259 5419/2776/1259
f 5407/2772/1263 5414/2777/1263 5413/2778/1263 5412/2777/1263
f 5411/2772/1263 5408/2771/1263 5407/2772/1263 5412/2777/1263
f 5415/2776/1259 5420/2779/1259 5421/2780/1259 5422/2779/1259
f 5419/2776/1753 5420/2779/1753 5425/2781/1753 5426/2782/1753
f 5410/2771/1754 5411/2772/1754 5419/2776/1754 5418/2774/1754
f 5408/2771/1708 5409/2773/1708 5417/2775/1708 5416/2774/1708
f 5413/2778/1709 5414/2777/1709 5422/2779/1709 5421/2780/1709
f 5411/2772/1755 5412/2777/1755 5420/2779/1753 5419/2776/1753
f 5409/2773/1703 5410/2771/1703 5418/2774/1703 5417/2775/1703
f 5407/2772/1727 5408/2771/1727 5416/2774/1727 5415/2776/1727
f 5414/2777/1756 5407/2772/1756 5415/2776/1756 5422/2779/1756
f 5412/2777/1706 5413/2778/1706 5421/2780/1706 5420/2779/1706
f 5426/2782/1259 5425/2781/1259 5424/2783/1259 5423/2784/1259
f 5415/2776/1727 5416/2774/1727 5423/2784/1727 5424/2783/1727
f 5416/2774/1751 5419/2776/1751 5426/2782/1751 5423/2784/1751
f 5420/2779/1752 5415/2776/1752 5424/2783/1752 5425/2781/1752
f 5431/2785/1757 5427/2786/1757 5428/2786/1757 5432/2785/1757
f 5433/2787/1259 5434/2787/1259 5430/2788/1259 5429/2788/1259
f 5427/2786/1257 5429/2788/1257 5430/2788/1257 5428/2786/1257
f 5431/2785/1260 5433/2787/1260 5429/2788/1260 5427/2786/1260
f 5428/2786/1261 5430/2788/1261 5434/2787/1261 5432/2785/1261
f 5433/2787/1258 5431/2785/1258 5432/2785/1258 5434/2787/1258
f 5439/2789/1758 5435/2790/1758 5436/2790/1758 5440/2789/1758
f 5441/2791/1259 5442/2791/1259 5438/2792/1259 5437/2792/1259
f 5435/2790/1257 5437/2792/1257 5438/2792/1257 5436/2790/1257
f 5439/2789/1260 5441/2791/1260 5437/2792/1260 5435/2790/1260
f 5436/2790/1261 5438/2792/1261 5442/2791/1261 5440/2789/1261
f 5441/2791/1258 5439/2789/1258 5440/2789/1258 5442/2791/1258
f 5443/2793/1263 5444/2794/1263 5451/2794/1263 5452/2793/1263
f 5450/2795/1759 5449/2796/1759 5457/2797/1759 5458/2798/1759
f 5453/2799/1259 5454/2800/1259 5448/2800/1259 5447/2799/1259
f 5447/2799/1260 5448/2800/1260 5444/2794/1260 5443/2793/1260
f 5452/2793/1258 5453/2799/1258 5447/2799/1258 5443/2793/1258
f 5454/2800/1257 5451/2794/1257 5444/2794/1257 5448/2800/1257
f 5446/2801/1261 5445/2802/1261 5452/2793/1261 5451/2794/1261
f 5445/2802/1261 5449/2803/1261 5453/2799/1261 5452/2793/1261
f 5450/2804/1261 5446/2801/1261 5451/2794/1261 5454/2800/1261
f 5449/2803/1261 5450/2804/1261 5454/2800/1261 5453/2799/1261
f 5457/2797/1760 5456/2805/1760 5460/2806/1760 5461/2807/1760
f 5449/2796/1761 5445/2808/1761 5456/2805/1761 5457/2797/1761
f 5446/2809/1762 5450/2795/1762 5458/2798/1762 5455/2810/1762
f 5445/2808/1763 5446/2809/1763 5455/2810/1763 5456/2805/1763
f 5460/2806/1261 5459/2808/1261 5462/2796/1261 5461/2807/1261
f 5455/2810/1764 5458/2798/1765 5462/2796/1764 5459/2808/1765
f 5456/2805/1766 5455/2810/1766 5459/2808/1766 5460/2806/1766
f 5458/2798/1767 5457/2797/1767 5461/2807/1767 5462/2796/1767
f 5463/2811/1263 5464/2812/1263 5471/2812/1263 5472/2811/1263
f 5470/2813/1768 5469/2814/1768 5477/2815/1768 5478/2816/1768
f 5473/2817/1259 5474/2818/1259 5468/2818/1259 5467/2817/1259
f 5467/2817/1260 5468/2818/1260 5464/2812/1260 5463/2811/1260
f 5472/2811/1258 5473/2817/1258 5467/2817/1258 5463/2811/1258
f 5474/2818/1257 5471/2812/1257 5464/2812/1257 5468/2818/1257
f 5466/2819/1261 5465/2820/1261 5472/2811/1261 5471/2812/1261
f 5465/2820/1261 5469/2821/1261 5473/2817/1261 5472/2811/1261
f 5470/2822/1261 5466/2819/1261 5471/2812/1261 5474/2818/1261
f 5469/2821/1261 5470/2822/1261 5474/2818/1261 5473/2817/1261
f 5477/2815/1760 5476/2823/1760 5480/2824/1760 5481/2825/1760
f 5469/2814/1761 5465/2826/1761 5476/2823/1761 5477/2815/1761
f 5466/2827/1762 5470/2813/1762 5478/2816/1762 5475/2828/1762
f 5465/2826/1769 5466/2827/1769 5475/2828/1769 5476/2823/1769
f 5480/2824/1261 5479/2826/1261 5482/2829/1261 5481/2825/1261
f 5475/2828/1764 5478/2816/1764 5482/2829/1764 5479/2826/1764
f 5476/2823/1770 5475/2828/1770 5479/2826/1770 5480/2824/1770
f 5478/2816/1771 5477/2815/1771 5481/2825/1771 5482/2829/1771
f 5483/2830/1263 5484/2831/1263 5491/2831/1263 5492/2830/1263
f 5490/2832/1759 5489/2833/1759 5497/2834/1759 5498/2835/1759
f 5493/2836/1259 5494/2837/1259 5488/2837/1259 5487/2836/1259
f 5487/2836/1260 5488/2837/1260 5484/2831/1260 5483/2830/1260
f 5492/2830/1258 5493/2836/1258 5487/2836/1258 5483/2830/1258
f 5494/2837/1257 5491/2831/1257 5484/2831/1257 5488/2837/1257
f 5486/2838/1261 5485/2839/1261 5492/2830/1261 5491/2831/1261
f 5485/2839/1261 5489/2840/1261 5493/2836/1261 5492/2830/1261
f 5490/2841/1261 5486/2838/1261 5491/2831/1261 5494/2837/1261
f 5489/2840/1261 5490/2841/1261 5494/2837/1261 5493/2836/1261
f 5497/2834/1772 5496/2842/1773 5500/2843/1772 5501/2844/1773
f 5489/2833/1774 5485/2845/1774 5496/2842/1774 5497/2834/1774
f 5486/2846/1775 5490/2832/1776 5498/2835/1775 5495/2847/1776
f 5485/2845/1763 5486/2846/1763 5495/2847/1763 5496/2842/1763
f 5500/2843/1261 5499/2845/1261 5502/2833/1261 5501/2844/1261
f 5495/2847/1764 5498/2835/1765 5502/2833/1764 5499/2845/1765
f 5496/2842/1766 5495/2847/1766 5499/2845/1766 5500/2843/1766
f 5498/2835/1767 5497/2834/1767 5501/2844/1767 5502/2833/1767
f 5503/2848/1263 5504/2849/1263 5511/2849/1263 5512/2848/1263
f 5510/2850/1768 5509/2851/1768 5517/2852/1768 5518/2853/1768
f 5513/2854/1259 5514/2855/1259 5508/2855/1259 5507/2854/1259
f 5507/2854/1260 5508/2855/1260 5504/2849/1260 5503/2848/1260
f 5512/2848/1258 5513/2854/1258 5507/2854/1258 5503/2848/1258
f 5514/2855/1257 5511/2849/1257 5504/2849/1257 5508/2855/1257
f 5506/2856/1261 5505/2857/1261 5512/2848/1261 5511/2849/1261
f 5505/2857/1261 5509/2858/1261 5513/2854/1261 5512/2848/1261
f 5510/2859/1261 5506/2856/1261 5511/2849/1261 5514/2855/1261
f 5509/2858/1261 5510/2859/1261 5514/2855/1261 5513/2854/1261
f 5517/2852/1777 5516/2860/1777 5520/2861/1777 5521/2862/1777
f 5509/2851/1774 5505/2863/1774 5516/2860/1774 5517/2852/1774
f 5506/2864/1762 5510/2850/1762 5518/2853/1762 5515/2865/1762
f 5505/2863/1769 5506/2864/1769 5515/2865/1769 5516/2860/1769
f 5520/2861/1261 5519/2863/1261 5522/2866/1261 5521/2862/1261
f 5515/2865/1764 5518/2853/1764 5522/2866/1764 5519/2863/1764
f 5516/2860/1778 5515/2865/1778 5519/2863/1778 5520/2861/1778
f 5518/2853/1771 5517/2852/1771 5521/2862/1771 5522/2866/1771
f 5523/2867/1263 5524/2868/1263 5531/2868/1263 5532/2867/1263
f 5530/2869/1759 5529/2870/1759 5537/2871/1759 5538/2872/1759
f 5533/2873/1259 5534/2874/1259 5528/2874/1259 5527/2873/1259
f 5527/2873/1260 5528/2874/1260 5524/2868/1260 5523/2867/1260
f 5532/2867/1258 5533/2873/1258 5527/2873/1258 5523/2867/1258
f 5534/2874/1257 5531/2868/1257 5524/2868/1257 5528/2874/1257
f 5526/2875/1261 5525/2876/1261 5532/2867/1261 5531/2868/1261
f 5525/2876/1261 5529/2877/1261 5533/2873/1261 5532/2867/1261
f 5530/2878/1261 5526/2875/1261 5531/2868/1261 5534/2874/1261
f 5529/2877/1261 5530/2878/1261 5534/2874/1261 5533/2873/1261
f 5537/2871/1779 5536/2879/1779 5540/2880/1779 5541/2881/1779
f 5529/2870/1761 5525/2882/1761 5536/2879/1761 5537/2871/1761
f 5526/2883/1780 5530/2869/1780 5538/2872/1780 5535/2884/1780
f 5525/2882/1763 5526/2883/1763 5535/2884/1763 5536/2879/1763
f 5540/2880/1261 5539/2885/1261 5542/2886/1261 5541/2881/1261
f 5535/2884/1765 5538/2872/1765 5542/2886/1765 5539/2885/1765
f 5536/2879/1766 5535/2884/1766 5539/2885/1766 5540/2880/1766
f 5538/2872/1767 5537/2871/1767 5541/2881/1767 5542/2886/1767
f 5543/2887/1263 5544/2888/1263 5551/2888/1263 5552/2887/1263
f 5550/2889/1768 5549/2890/1768 5557/2891/1768 5558/2892/1768
f 5553/2893/1259 5554/2894/1259 5548/2894/1259 5547/2893/1259
f 5547/2893/1260 5548/2894/1260 5544/2888/1260 5543/2887/1260
f 5552/2887/1258 5553/2893/1258 5547/2893/1258 5543/2887/1258
f 5554/2894/1257 5551/2888/1257 5544/2888/1257 5548/2894/1257
f 5546/2895/1261 5545/2896/1261 5552/2887/1261 5551/2888/1261
f 5545/2896/1261 5549/2897/1261 5553/2893/1261 5552/2887/1261
f 5550/2898/1261 5546/2895/1261 5551/2888/1261 5554/2894/1261
f 5549/2897/1261 5550/2898/1261 5554/2894/1261 5553/2893/1261
f 5557/2891/1781 5556/2899/1781 5560/2900/1781 5561/2901/1781
f 5549/2890/1782 5545/2902/1782 5556/2899/1782 5557/2891/1782
f 5546/2903/1780 5550/2889/1780 5558/2892/1780 5555/2904/1780
f 5545/2902/1769 5546/2903/1769 5555/2904/1769 5556/2899/1769
f 5560/2900/1261 5559/2905/1261 5562/2906/1261 5561/2901/1261
f 5555/2904/1765 5558/2892/1765 5562/2906/1765 5559/2905/1765
f 5556/2899/1770 5555/2904/1770 5559/2905/1770 5560/2900/1770
f 5558/2892/1771 5557/2891/1771 5561/2901/1771 5562/2906/1771
f 5564/2907/1260 5563/2908/1260 5566/2909/1260 5565/2910/1260
f 5568/2907/1261 5569/2910/1261 5570/2909/1261 5567/2908/1261
f 5563/2908/1263 5567/2908/1263 5570/2909/1263 5566/2909/1263
f 5564/2907/1257 5568/2907/1257 5567/2908/1257 5563/2908/1257
f 5566/2909/1258 5570/2909/1258 5569/2910/1258 5565/2910/1258
f 5565/2910/1259 5569/2910/1259 5568/2907/1259 5564/2907/1259
f 5581/2911/1783 5582/2912/1783 5590/2913/1783 5589/2914/1783
f 5601/2915/1784 5602/2916/1784 5586/2917/1784 5585/2918/1784
f 5599/2919/1785 5600/2920/1785 5584/2921/1785 5583/2922/1785
f 5597/2914/1786 5598/2923/1786 5582/2912/1786 5581/2911/1786
f 5596/2924/1787 5595/2925/1787 5580/2926/1787 5579/2927/1787
f 5602/2916/1788 5596/2924/1788 5579/2927/1788 5586/2917/1788
f 5600/2920/1789 5601/2915/1789 5585/2918/1789 5584/2921/1789
f 5598/2923/1790 5599/2919/1790 5583/2922/1790 5582/2912/1790
f 5595/2925/1791 5597/2914/1791 5581/2911/1791 5580/2926/1791
f 5589/2914/1261 5591/2928/1261 5593/2929/1261
f 5579/2927/1792 5580/2926/1793 5588/2930/1793 5587/2924/1792
f 5586/2917/1794 5579/2927/1794 5587/2924/1794 5594/2931/1794
f 5584/2921/1795 5585/2918/1795 5593/2929/1795 5592/2920/1795
f 5582/2912/1796 5583/2922/1796 5591/2928/1796 5590/2913/1796
f 5580/2926/1797 5581/2911/1798 5589/2914/1799 5588/2930/1799
f 5585/2918/1800 5586/2917/1800 5594/2931/1800 5593/2929/1800
f 5583/2922/1801 5584/2921/1801 5592/2920/1801 5591/2928/1801
f 5575/2932/1802 5574/2933/1802 5606/2933/1802 5607/2932/1802
f 5571/2934/1260 5572/2935/1260 5595/2925/1260 5596/2924/1260
f 5572/2935/1260 5573/2936/1260 5597/2914/1260 5595/2925/1260
f 5573/2936/1260 5574/2933/1260 5598/2923/1260 5597/2914/1260
f 5574/2933/1260 5575/2932/1260 5599/2919/1260 5598/2923/1260
f 5575/2932/1260 5576/2937/1260 5600/2920/1260 5599/2919/1260
f 5576/2937/1260 5577/2938/1260 5601/2915/1260 5600/2920/1260
f 5577/2938/1260 5578/2939/1260 5602/2916/1260 5601/2915/1260
f 5578/2939/1260 5571/2934/1260 5596/2924/1260 5602/2916/1260
f 5609/2938/1260 5607/2932/1260 5605/2936/1260
f 5576/2937/1803 5575/2932/1803 5607/2932/1803 5608/2937/1803
f 5577/2938/1804 5576/2937/1804 5608/2937/1804 5609/2938/1804
f 5578/2939/1805 5577/2938/1805 5609/2938/1805 5610/2939/1805
f 5571/2934/1806 5578/2939/1806 5610/2939/1806 5603/2934/1806
f 5572/2935/1807 5571/2934/1807 5603/2934/1807 5604/2935/1807
f 5573/2936/1808 5572/2935/1808 5604/2935/1808 5605/2936/1808
f 5574/2933/1809 5573/2936/1809 5605/2936/1809 5606/2933/1809
f 5621/2940/1783 5622/2941/1783 5630/2942/1783 5629/2943/1783
f 5641/2944/1784 5642/2945/1784 5626/2946/1784 5625/2947/1784
f 5639/2948/1785 5640/2949/1785 5624/2950/1785 5623/2951/1785
f 5637/2943/1786 5638/2952/1786 5622/2941/1786 5621/2940/1786
f 5636/2953/1787 5635/2954/1787 5620/2955/1787 5619/2956/1787
f 5642/2945/1788 5636/2953/1788 5619/2956/1788 5626/2946/1788
f 5640/2949/1789 5641/2944/1789 5625/2947/1789 5624/2950/1789
f 5638/2952/1790 5639/2948/1790 5623/2951/1790 5622/2941/1790
f 5635/2954/1791 5637/2943/1791 5621/2940/1791 5620/2955/1791
f 5629/2943/1261 5631/2948/1261 5633/2957/1261
f 5619/2956/1792 5620/2955/1792 5628/2958/1792 5627/2959/1792
f 5626/2946/1794 5619/2956/1794 5627/2959/1794 5634/2945/1794
f 5624/2950/1795 5625/2947/1795 5633/2957/1795 5632/2960/1795
f 5622/2941/1796 5623/2951/1796 5631/2948/1796 5630/2942/1796
f 5620/2955/1810 5621/2940/1810 5629/2943/1810 5628/2958/1810
f 5625/2947/1800 5626/2946/1800 5634/2945/1800 5633/2957/1800
f 5623/2951/1801 5624/2950/1801 5632/2960/1801 5631/2948/1801
f 5615/2961/1802 5614/2962/1802 5646/2962/1802 5647/2961/1802
f 5611/2963/1260 5612/2964/1260 5635/2954/1260 5636/2953/1260
f 5612/2964/1260 5613/2965/1260 5637/2943/1260 5635/2954/1260
f 5613/2965/1260 5614/2962/1260 5638/2952/1260 5637/2943/1260
f 5614/2962/1260 5615/2961/1260 5639/2948/1260 5638/2952/1260
f 5615/2961/1260 5616/2966/1260 5640/2949/1260 5639/2948/1260
f 5616/2966/1260 5617/2967/1260 5641/2944/1260 5640/2949/1260
f 5617/2967/1260 5618/2968/1260 5642/2945/1260 5641/2944/1260
f 5618/2968/1260 5611/2963/1260 5636/2953/1260 5642/2945/1260
f 5649/2967/1260 5647/2961/1260 5645/2965/1260
f 5616/2966/1803 5615/2961/1803 5647/2961/1803 5648/2966/1803
f 5617/2967/1804 5616/2966/1804 5648/2966/1804 5649/2967/1804
f 5618/2968/1805 5617/2967/1805 5649/2967/1805 5650/2968/1805
f 5611/2963/1806 5618/2968/1806 5650/2968/1806 5643/2963/1806
f 5612/2964/1807 5611/2963/1807 5643/2963/1807 5644/2964/1807
f 5613/2965/1808 5612/2964/1808 5644/2964/1808 5645/2965/1808
f 5614/2962/1809 5613/2965/1809 5645/2965/1809 5646/2962/1809
f 5661/2969/1811 5662/2970/1812 5670/2971/1812 5669/2972/1811
f 5681/2973/1813 5682/2974/1813 5666/2975/1813 5665/2976/1813
f 5679/2977/1814 5680/2978/1814 5664/2979/1814 5663/2980/1814
f 5677/2972/1815 5678/2981/1815 5662/2970/1815 5661/2969/1815
f 5676/2982/1787 5675/2983/1787 5660/2984/1787 5659/2985/1787
f 5682/2974/1816 5676/2982/1816 5659/2985/1816 5666/2975/1816
f 5680/2978/1817 5681/2973/1817 5665/2976/1817 5664/2979/1817
f 5678/2981/1790 5679/2977/1790 5663/2980/1790 5662/2970/1790
f 5675/2983/1818 5677/2972/1818 5661/2969/1818 5660/2984/1818
f 5671/2986/1261 5673/2973/1261 5667/2982/1261
f 5659/2985/1819 5660/2984/1819 5668/2983/1819 5667/2982/1819
f 5666/2975/1820 5659/2985/1820 5667/2982/1820 5674/2987/1820
f 5664/2979/1821 5665/2976/1821 5673/2973/1821 5672/2988/1821
f 5662/2970/1822 5663/2980/1822 5671/2986/1822 5670/2971/1822
f 5660/2984/1799 5661/2969/1799 5669/2972/1799 5668/2983/1799
f 5665/2976/1823 5666/2975/1823 5674/2987/1823 5673/2973/1823
f 5663/2980/1824 5664/2979/1824 5672/2988/1824 5671/2986/1824
f 5655/2989/1825 5654/2990/1825 5686/2990/1825 5687/2989/1825
f 5651/2991/1260 5652/2992/1826 5675/2983/1826 5676/2982/1260
f 5652/2992/1826 5653/2993/1827 5677/2972/1827 5675/2983/1826
f 5653/2993/1827 5654/2990/1826 5678/2981/1826 5677/2972/1827
f 5654/2990/1826 5655/2989/1260 5679/2977/1260 5678/2981/1826
f 5655/2989/1260 5656/2994/1828 5680/2978/1828 5679/2977/1260
f 5656/2994/1828 5657/2995/1829 5681/2973/1829 5680/2978/1828
f 5657/2995/1829 5658/2996/1828 5682/2974/1828 5681/2973/1829
f 5658/2996/1828 5651/2991/1260 5676/2982/1260 5682/2974/1828
f 5687/2989/1260 5686/2990/1260 5685/2993/1260
f 5656/2994/1803 5655/2989/1803 5687/2989/1803 5688/2994/1803
f 5657/2995/1830 5656/2994/1830 5688/2994/1830 5689/2995/1830
f 5658/2996/1831 5657/2995/1831 5689/2995/1831 5690/2996/1831
f 5651/2991/1806 5658/2996/1806 5690/2996/1806 5683/2991/1806
f 5652/2992/1832 5651/2991/1832 5683/2991/1832 5684/2992/1832
f 5653/2993/1833 5652/2992/1833 5684/2992/1833 5685/2993/1833
f 5654/2990/1834 5653/2993/1834 5685/2993/1834 5686/2990/1834
f 5701/2997/1835 5702/2998/1835 5710/2999/1835 5709/3000/1835
f 5721/3001/1836 5722/3002/1836 5706/3003/1836 5705/3004/1836
f 5719/3005/1785 5720/3006/1785 5704/3007/1785 5703/3008/1785
f 5717/3009/1837 5718/3010/1837 5702/2998/1837 5701/2997/1837
f 5716/3011/1838 5715/3012/1838 5700/3013/1838 5699/3014/1838
f 5722/3002/1839 5716/3011/1839 5699/3014/1839 5706/3003/1839
f 5720/3006/1840 5721/3001/1840 5705/3004/1840 5704/3007/1840
f 5718/3010/1841 5719/3005/1841 5703/3008/1841 5702/2998/1841
f 5715/3012/1842 5717/3009/1842 5701/2997/1842 5700/3013/1842
f 5707/3015/1261 5709/3000/1261 5711/3005/1261
f 5699/3014/1843 5700/3013/1843 5708/3016/1843 5707/3015/1843
f 5706/3003/1844 5699/3014/1844 5707/3015/1844 5714/3017/1844
f 5704/3007/1845 5705/3004/1845 5713/3001/1845 5712/3006/1845
f 5702/2998/1846 5703/3008/1846 5711/3005/1846 5710/2999/1846
f 5700/3013/1847 5701/2997/1847 5709/3000/1847 5708/3016/1847
f 5705/3004/1848 5706/3003/1848 5714/3017/1848 5713/3001/1848
f 5703/3008/1849 5704/3007/1849 5712/3006/1849 5711/3005/1849
f 5695/3018/1850 5694/3019/1850 5726/3019/1850 5727/3018/1850
f 5691/3020/1260 5692/3021/1826 5715/3012/1826 5716/3011/1260
f 5692/3021/1826 5693/3022/1827 5717/3009/1827 5715/3012/1826
f 5693/3022/1827 5694/3019/1826 5718/3010/1826 5717/3009/1827
f 5694/3019/1826 5695/3018/1260 5719/3005/1260 5718/3010/1826
f 5695/3018/1260 5696/3023/1828 5720/3006/1828 5719/3005/1260
f 5696/3023/1828 5697/3024/1829 5721/3001/1829 5720/3006/1828
f 5697/3024/1829 5698/3025/1828 5722/3002/1828 5721/3001/1829
f 5698/3025/1828 5691/3020/1260 5716/3011/1260 5722/3002/1828
f 5727/3018/1260 5726/3019/1851 5725/3022/1260
f 5696/3023/1803 5695/3018/1803 5727/3018/1803 5728/3023/1803
f 5697/3024/1804 5696/3023/1804 5728/3023/1804 5729/3024/1804
f 5698/3025/1852 5697/3024/1852 5729/3024/1852 5730/3025/1852
f 5691/3020/1806 5698/3025/1806 5730/3025/1806 5723/3020/1806
f 5692/3021/1853 5691/3020/1853 5723/3020/1853 5724/3021/1853
f 5693/3022/1854 5692/3021/1854 5724/3021/1854 5725/3022/1854
f 5694/3019/1855 5693/3022/1855 5725/3022/1855 5726/3019/1855
f 5741/3026/1856 5742/3027/1856 5750/3028/1856 5749/3029/1856
f 5761/3030/1836 5762/3031/1836 5746/3032/1836 5745/3033/1836
f 5759/3034/1857 5760/3035/1858 5744/3036/1857 5743/3037/1857
f 5757/3038/1837 5758/3039/1837 5742/3027/1837 5741/3026/1837
f 5756/3040/1787 5755/3041/1787 5740/3042/1787 5739/3043/1787
f 5762/3031/1788 5756/3040/1788 5739/3043/1788 5746/3032/1788
f 5760/3035/1840 5761/3030/1840 5745/3033/1840 5744/3036/1840
f 5758/3039/1790 5759/3034/1790 5743/3037/1790 5742/3027/1790
f 5755/3041/1842 5757/3038/1842 5741/3026/1842 5740/3042/1842
f 5747/3040/1261 5749/3029/1261 5751/3044/1261
f 5739/3043/1859 5740/3042/1859 5748/3045/1859 5747/3040/1859
f 5746/3032/1860 5739/3043/1860 5747/3040/1860 5754/3031/1860
f 5744/3036/1861 5745/3033/1861 5753/3030/1861 5752/3046/1861
f 5742/3027/1862 5743/3037/1862 5751/3044/1862 5750/3028/1862
f 5740/3042/1847 5741/3026/1847 5749/3029/1847 5748/3045/1847
f 5745/3033/1848 5746/3032/1848 5754/3031/1848 5753/3030/1848
f 5743/3037/1863 5744/3036/1863 5752/3046/1863 5751/3044/1863
f 5735/3047/1864 5734/3048/1864 5766/3048/1864 5767/3047/1864
f 5731/3049/1260 5732/3050/1826 5755/3041/1826 5756/3040/1260
f 5732/3050/1826 5733/3051/1827 5757/3038/1827 5755/3041/1826
f 5733/3051/1827 5734/3048/1826 5758/3039/1826 5757/3038/1827
f 5734/3048/1826 5735/3047/1260 5759/3034/1260 5758/3039/1826
f 5735/3047/1260 5736/3052/1828 5760/3035/1828 5759/3034/1260
f 5736/3052/1828 5737/3053/1829 5761/3030/1829 5760/3035/1828
f 5737/3053/1829 5738/3054/1828 5762/3031/1828 5761/3030/1829
f 5738/3054/1828 5731/3049/1260 5756/3040/1260 5762/3031/1828
f 5767/3047/1260 5766/3048/1260 5765/3051/1260
f 5736/3052/1803 5735/3047/1803 5767/3047/1803 5768/3052/1803
f 5737/3053/1804 5736/3052/1804 5768/3052/1804 5769/3053/1804
f 5738/3054/1805 5737/3053/1805 5769/3053/1805 5770/3054/1805
f 5731/3049/1806 5738/3054/1806 5770/3054/1806 5763/3049/1806
f 5732/3050/1865 5731/3049/1865 5763/3049/1865 5764/3050/1865
f 5733/3051/1866 5732/3050/1866 5764/3050/1866 5765/3051/1866
f 5734/3048/1855 5733/3051/1855 5765/3051/1855 5766/3048/1855
f 5781/3055/1812 5782/3056/1812 5790/3057/1812 5789/3058/1812
f 5801/3059/1813 5802/3060/1813 5786/3061/1813 5785/3062/1813
f 5799/3063/1867 5800/3064/1867 5784/3065/1867 5783/3066/1867
f 5797/3058/1815 5798/3057/1815 5782/3056/1815 5781/3055/1815
f 5796/3067/1868 5795/3068/1868 5780/3069/1868 5779/3070/1868
f 5802/3060/1869 5796/3067/1869 5779/3070/1869 5786/3061/1869
f 5800/3064/1817 5801/3059/1817 5785/3062/1817 5784/3065/1817
f 5798/3057/1870 5799/3063/1870 5783/3066/1870 5782/3056/1870
f 5795/3068/1818 5797/3058/1818 5781/3055/1818 5780/3069/1818
f 5791/3063/1261 5793/3059/1261 5787/3071/1261
f 5779/3070/1843 5780/3069/1843 5788/3072/1843 5787/3071/1843
f 5786/3061/1871 5779/3070/1871 5787/3071/1871 5794/3073/1871
f 5784/3065/1872 5785/3062/1872 5793/3059/1872 5792/3074/1872
f 5782/3056/1846 5783/3066/1846 5791/3063/1846 5790/3057/1846
f 5780/3069/1799 5781/3055/1799 5789/3058/1799 5788/3072/1799
f 5785/3062/1823 5786/3061/1823 5794/3073/1823 5793/3059/1823
f 5783/3066/1873 5784/3065/1873 5792/3074/1874 5791/3063/1874
f 5775/3075/1825 5774/3076/1825 5806/3076/1825 5807/3075/1825
f 5771/3077/1260 5772/3078/1826 5795/3068/1826 5796/3067/1260
f 5772/3078/1826 5773/3079/1827 5797/3058/1827 5795/3068/1826
f 5773/3079/1827 5774/3076/1826 5798/3057/1826 5797/3058/1827
f 5774/3076/1826 5775/3075/1260 5799/3063/1260 5798/3057/1826
f 5775/3075/1260 5776/3080/1828 5800/3064/1828 5799/3063/1260
f 5776/3080/1828 5777/3081/1829 5801/3059/1829 5800/3064/1828
f 5777/3081/1829 5778/3082/1828 5802/3060/1828 5801/3059/1829
f 5778/3082/1828 5771/3077/1260 5796/3067/1260 5802/3060/1828
f 5807/3075/1260 5806/3076/1851 5805/3079/1260
f 5776/3080/1803 5775/3075/1803 5807/3075/1803 5808/3080/1803
f 5777/3081/1830 5776/3080/1830 5808/3080/1830 5809/3081/1830
f 5778/3082/1875 5777/3081/1875 5809/3081/1875 5810/3082/1875
f 5771/3077/1806 5778/3082/1806 5810/3082/1806 5803/3077/1806
f 5772/3078/1832 5771/3077/1832 5803/3077/1832 5804/3078/1832
f 5773/3079/1854 5772/3078/1854 5804/3078/1854 5805/3079/1854
f 5774/3076/1855 5773/3079/1855 5805/3079/1855 5806/3076/1855
f 5821/3083/1876 5822/3084/1876 5830/3085/1876 5829/3086/1876
f 5841/3087/1877 5842/3088/1877 5826/3089/1877 5825/3090/1877
f 5839/3091/1878 5840/3092/1878 5824/3093/1878 5823/3094/1878
f 5837/3086/1837 5838/3085/1837 5822/3084/1837 5821/3083/1837
f 5836/3095/1838 5835/3096/1838 5820/3097/1838 5819/3098/1838
f 5842/3088/1816 5836/3095/1816 5819/3098/1816 5826/3089/1816
f 5840/3092/1879 5841/3087/1879 5825/3090/1879 5824/3093/1879
f 5838/3085/1841 5839/3091/1841 5823/3094/1841 5822/3084/1841
f 5835/3096/1842 5837/3086/1842 5821/3083/1842 5820/3097/1842
f 5831/3091/1261 5833/3099/1261 5827/3100/1261
f 5819/3098/1880 5820/3097/1880 5828/3101/1880 5827/3100/1880
f 5826/3089/1820 5819/3098/1820 5827/3100/1820 5834/3102/1820
f 5824/3093/1881 5825/3090/1881 5833/3099/1881 5832/3103/1881
f 5822/3084/1882 5823/3094/1882 5831/3091/1882 5830/3085/1882
f 5820/3097/1798 5821/3083/1798 5829/3086/1798 5828/3101/1798
f 5825/3090/1883 5826/3089/1883 5834/3102/1883 5833/3099/1883
f 5823/3094/1884 5824/3093/1884 5832/3103/1884 5831/3091/1884
f 5815/3104/1825 5814/3105/1825 5846/3105/1825 5847/3104/1825
f 5811/3106/1260 5812/3107/1826 5835/3096/1826 5836/3095/1260
f 5812/3107/1826 5813/3108/1827 5837/3086/1827 5835/3096/1826
f 5813/3108/1827 5814/3105/1826 5838/3085/1826 5837/3086/1827
f 5814/3105/1826 5815/3104/1260 5839/3091/1260 5838/3085/1826
f 5815/3104/1260 5816/3109/1828 5840/3092/1828 5839/3091/1260
f 5816/3109/1828 5817/3110/1829 5841/3087/1829 5840/3092/1828
f 5817/3110/1829 5818/3111/1828 5842/3088/1828 5841/3087/1829
f 5818/3111/1828 5811/3106/1260 5836/3095/1260 5842/3088/1828
f 5846/3105/1260 5845/3108/1260 5849/3110/1260
f 5816/3109/1885 5815/3104/1885 5847/3104/1885 5848/3109/1885
f 5817/3110/1886 5816/3109/1886 5848/3109/1886 5849/3110/1886
f 5818/3111/1887 5817/3110/1887 5849/3110/1887 5850/3111/1887
f 5811/3106/1888 5818/3111/1888 5850/3111/1888 5843/3106/1888
f 5812/3107/1832 5811/3106/1832 5843/3106/1832 5844/3107/1832
f 5813/3108/1889 5812/3107/1889 5844/3107/1889 5845/3108/1889
f 5814/3105/1890 5813/3108/1890 5845/3108/1890 5846/3105/1890
f 5861/3112/1876 5862/3113/1876 5870/3114/1876 5869/3115/1876
f 5881/3116/1877 5882/3117/1877 5866/3118/1877 5865/3119/1877
f 5879/3120/1867 5880/3121/1867 5864/3122/1867 5863/3123/1867
f 5877/3115/1837 5878/3124/1837 5862/3113/1837 5861/3112/1837
f 5876/3125/1787 5875/3126/1787 5860/3127/1787 5859/3128/1787
f 5882/3117/1788 5876/3125/1788 5859/3128/1788 5866/3118/1788
f 5880/3121/1879 5881/3116/1879 5865/3119/1879 5864/3122/1879
f 5878/3124/1891 5879/3120/1790 5863/3123/1790 5862/3113/1891
f 5875/3126/1842 5877/3115/1842 5861/3112/1842 5860/3127/1842
f 5871/3129/1261 5873/3130/1261 5867/3125/1261
f 5859/3128/1892 5860/3127/1892 5868/3126/1892 5867/3125/1892
f 5866/3118/1893 5859/3128/1893 5867/3125/1893 5874/3131/1893
f 5864/3122/1894 5865/3119/1894 5873/3130/1894 5872/3132/1894
f 5862/3113/1895 5863/3123/1895 5871/3129/1895 5870/3114/1895
f 5860/3127/1798 5861/3112/1798 5869/3115/1798 5868/3126/1798
f 5865/3119/1883 5866/3118/1883 5874/3131/1883 5873/3130/1883
f 5863/3123/1896 5864/3122/1896 5872/3132/1896 5871/3129/1896
f 5855/3133/1825 5854/3134/1825 5886/3134/1825 5887/3133/1825
f 5851/3135/1260 5852/3136/1826 5875/3126/1826 5876/3125/1260
f 5852/3136/1826 5853/3137/1827 5877/3115/1827 5875/3126/1826
f 5853/3137/1827 5854/3134/1826 5878/3124/1826 5877/3115/1827
f 5854/3134/1826 5855/3133/1260 5879/3120/1260 5878/3124/1826
f 5855/3133/1260 5856/3138/1828 5880/3121/1828 5879/3120/1260
f 5856/3138/1828 5857/3139/1829 5881/3116/1829 5880/3121/1828
f 5857/3139/1829 5858/3140/1828 5882/3117/1828 5881/3116/1829
f 5858/3140/1828 5851/3135/1260 5876/3125/1260 5882/3117/1828
f 5886/3134/1260 5885/3137/1260 5889/3139/1260
f 5856/3138/1897 5855/3133/1897 5887/3133/1897 5888/3138/1897
f 5857/3139/1886 5856/3138/1886 5888/3138/1886 5889/3139/1886
f 5858/3140/1898 5857/3139/1898 5889/3139/1898 5890/3140/1898
f 5851/3135/1899 5858/3140/1899 5890/3140/1899 5883/3135/1899
f 5852/3136/1832 5851/3135/1832 5883/3135/1832 5884/3136/1832
f 5853/3137/1900 5852/3136/1900 5884/3136/1900 5885/3137/1900
f 5854/3134/1890 5853/3137/1890 5885/3137/1890 5886/3134/1890
f 5901/3141/1901 5902/3142/1901 5910/3143/1901 5909/3144/1901
f 5921/3145/1784 5922/3146/1784 5906/3147/1784 5905/3148/1784
f 5919/3149/1867 5920/3150/1867 5904/3151/1867 5903/3152/1867
f 5917/3153/1902 5918/3154/1902 5902/3142/1902 5901/3141/1902
f 5916/3155/1787 5915/3156/1787 5900/3157/1787 5899/3158/1787
f 5922/3146/1788 5916/3155/1788 5899/3158/1788 5906/3147/1788
f 5920/3150/1789 5921/3145/1789 5905/3148/1789 5904/3151/1789
f 5918/3154/1841 5919/3149/1841 5903/3152/1841 5902/3142/1841
f 5915/3156/1903 5917/3153/1903 5901/3141/1903 5900/3157/1903
f 5911/3159/1261 5913/3145/1261 5907/3155/1261
f 5899/3158/1819 5900/3157/1819 5908/3160/1819 5907/3155/1819
f 5906/3147/1904 5899/3158/1904 5907/3155/1904 5914/3146/1904
f 5904/3151/1881 5905/3148/1881 5913/3145/1881 5912/3161/1881
f 5902/3142/1822 5903/3152/1822 5911/3159/1822 5910/3143/1822
f 5900/3157/1905 5901/3141/1905 5909/3144/1905 5908/3160/1905
f 5905/3148/1883 5906/3147/1883 5914/3146/1883 5913/3145/1883
f 5903/3152/1824 5904/3151/1824 5912/3161/1824 5911/3159/1824
f 5895/3162/1825 5894/3163/1825 5926/3163/1825 5927/3162/1825
f 5891/3164/1260 5892/3165/1826 5915/3156/1826 5916/3155/1260
f 5892/3165/1826 5893/3166/1827 5917/3153/1827 5915/3156/1826
f 5893/3166/1827 5894/3163/1826 5918/3154/1826 5917/3153/1827
f 5894/3163/1826 5895/3162/1260 5919/3149/1260 5918/3154/1826
f 5895/3162/1260 5896/3167/1828 5920/3150/1828 5919/3149/1260
f 5896/3167/1828 5897/3168/1829 5921/3145/1829 5920/3150/1828
f 5897/3168/1829 5898/3169/1828 5922/3146/1828 5921/3145/1829
f 5898/3169/1828 5891/3164/1260 5916/3155/1260 5922/3146/1828
f 5927/3162/1260 5926/3163/1260 5925/3166/1260
f 5896/3167/1906 5895/3162/1906 5927/3162/1906 5928/3167/1906
f 5897/3168/1804 5896/3167/1804 5928/3167/1804 5929/3168/1804
f 5898/3169/1805 5897/3168/1805 5929/3168/1805 5930/3169/1805
f 5891/3164/1907 5898/3169/1907 5930/3169/1907 5923/3164/1907
f 5892/3165/1832 5891/3164/1832 5923/3164/1832 5924/3165/1832
f 5893/3166/1908 5892/3165/1908 5924/3165/1908 5925/3166/1908
f 5894/3163/1909 5893/3166/1909 5925/3166/1909 5926/3163/1909
f 5932/3170/1260 5931/3171/1260 5934/3172/1260 5933/3173/1260
f 5936/3170/1261 5937/3173/1261 5938/3172/1261 5935/3171/1261
f 5931/3171/1263 5935/3171/1263 5938/3172/1263 5934/3172/1263
f 5932/3170/1257 5936/3170/1257 5935/3171/1257 5931/3171/1257
f 5934/3172/1258 5938/3172/1258 5937/3173/1258 5933/3173/1258
f 5933/3173/1259 5937/3173/1259 5936/3170/1259 5932/3170/1259
f 5940/3174/1260 5939/3175/1260 5942/3176/1260 5941/3177/1260
f 5944/3174/1261 5945/3177/1261 5946/3176/1261 5943/3175/1261
f 5939/3175/1263 5943/3175/1263 5946/3176/1263 5942/3176/1263
f 5940/3174/1257 5944/3174/1257 5943/3175/1257 5939/3175/1257
f 5942/3176/1258 5946/3176/1258 5945/3177/1258 5941/3177/1258
f 5941/3177/1259 5945/3177/1259 5944/3174/1259 5940/3174/1259
f 5948/3178/1260 5947/3179/1260 5950/3180/1260 5949/3181/1260
f 5952/3178/1261 5953/3181/1261 5954/3180/1261 5951/3179/1261
f 5947/3179/1263 5951/3179/1263 5954/3180/1263 5950/3180/1263
f 5948/3178/1257 5952/3178/1257 5951/3179/1257 5947/3179/1257
f 5950/3180/1258 5954/3180/1258 5953/3181/1258 5949/3181/1258
f 5949/3181/1259 5953/3181/1259 5952/3178/1259 5948/3178/1259
f 5955/3182/1258 5956/3182/1258 5958/3183/1258 5957/3183/1258
f 5957/3183/1259 5958/3183/1259 5962/3184/1259 5961/3184/1259
f 5961/3184/1257 5962/3184/1257 5960/3185/1257 5959/3185/1257
f 5959/3185/1263 5960/3185/1263 5956/3182/1263 5955/3182/1263
f 5957/3183/1260 5961/3184/1260 5959/3185/1260 5955/3182/1260
f 5962/3184/1261 5958/3183/1261 5956/3182/1261 5960/3185/1261
f 5963/3186/1258 5964/3186/1258 5966/3187/1258 5965/3187/1258
f 5965/3187/1259 5966/3187/1259 5970/3188/1259 5969/3188/1259
f 5969/3188/1257 5970/3188/1257 5968/3189/1257 5967/3189/1257
f 5967/3189/1263 5968/3189/1263 5964/3186/1263 5963/3186/1263
f 5965/3187/1260 5969/3188/1260 5967/3189/1260 5963/3186/1260
f 5970/3188/1261 5966/3187/1261 5964/3186/1261 5968/3189/1261
f 5971/3190/1258 5972/3190/1258 5974/3191/1258 5973/3191/1258
f 5973/3191/1259 5974/3191/1259 5978/3192/1259 5977/3192/1259
f 5977/3192/1257 5978/3192/1257 5976/3193/1257 5975/3193/1257
f 5975/3193/1263 5976/3193/1263 5972/3190/1263 5971/3190/1263
f 5973/3191/1260 5977/3192/1260 5975/3193/1260 5971/3190/1260
f 5978/3192/1261 5974/3191/1261 5972/3190/1261 5976/3193/1261
f 5979/3194/1258 5980/3194/1258 5982/3195/1258 5981/3195/1258
f 5981/3195/1259 5982/3195/1259 5986/3196/1259 5985/3196/1259
f 5985/3196/1257 5986/3196/1257 5984/3197/1257 5983/3197/1257
f 5983/3197/1263 5984/3197/1263 5980/3194/1263 5979/3194/1263
f 5981/3195/1260 5985/3196/1260 5983/3197/1260 5979/3194/1260
f 5986/3196/1261 5982/3195/1261 5980/3194/1261 5984/3197/1261
f 5987/3198/1258 5988/3198/1258 5990/3199/1258 5989/3199/1258
f 5989/3199/1259 5990/3199/1259 5994/3200/1259 5993/3200/1259
f 5993/3200/1257 5994/3200/1257 5992/3201/1257 5991/3201/1257
f 5991/3201/1263 5992/3201/1263 5988/3198/1263 5987/3198/1263
f 5989/3199/1260 5993/3200/1260 5991/3201/1260 5987/3198/1260
f 5994/3200/1261 5990/3199/1261 5988/3198/1261 5992/3201/1261
f 5995/3202/1258 5996/3202/1258 5998/3203/1258 5997/3203/1258
f 5997/3203/1259 5998/3203/1259 6002/3204/1259 6001/3204/1259
f 6001/3204/1257 6002/3204/1257 6000/3205/1257 5999/3205/1257
f 5999/3205/1263 6000/3205/1263 5996/3202/1263 5995/3202/1263
f 5997/3203/1260 6001/3204/1260 5999/3205/1260 5995/3202/1260
f 6002/3204/1261 5998/3203/1261 5996/3202/1261 6000/3205/1261
f 6003/3206/1258 6004/3206/1258 6006/3207/1258 6005/3207/1258
f 6005/3207/1259 6006/3207/1259 6010/3208/1259 6009/3208/1259
f 6009/3208/1257 6010/3208/1257 6008/3209/1257 6007/3209/1257
f 6007/3209/1263 6008/3209/1263 6004/3206/1263 6003/3206/1263
f 6005/3207/1260 6009/3208/1260 6007/3209/1260 6003/3206/1260
f 6010/3208/1261 6006/3207/1261 6004/3206/1261 6008/3209/1261
f 6011/3210/1258 6012/3210/1258 6014/3211/1258 6013/3211/1258
f 6013/3211/1259 6014/3211/1259 6018/3212/1259 6017/3212/1259
f 6017/3212/1257 6018/3212/1257 6016/3213/1257 6015/3213/1257
f 6015/3213/1263 6016/3213/1263 6012/3210/1263 6011/3210/1263
f 6013/3211/1260 6017/3212/1260 6015/3213/1260 6011/3210/1260
f 6018/3212/1261 6014/3211/1261 6012/3210/1261 6016/3213/1261
f 6019/3214/1258 6020/3214/1258 6022/3215/1258 6021/3215/1258
f 6021/3215/1259 6022/3215/1259 6026/3216/1259 6025/3216/1259
f 6025/3216/1257 6026/3216/1257 6024/3217/1257 6023/3217/1257
f 6023/3217/1263 6024/3217/1263 6020/3214/1263 6019/3214/1263
f 6021/3215/1260 6025/3216/1260 6023/3217/1260 6019/3214/1260
f 6026/3216/1261 6022/3215/1261 6020/3214/1261 6024/3217/1261
f 6027/3218/1258 6028/3218/1258 6030/3219/1258 6029/3219/1258
f 6029/3219/1259 6030/3219/1259 6034/3220/1259 6033/3220/1259
f 6033/3220/1257 6034/3220/1257 6032/3221/1257 6031/3221/1257
f 6031/3221/1263 6032/3221/1263 6028/3218/1263 6027/3218/1263
f 6029/3219/1260 6033/3220/1260 6031/3221/1260 6027/3218/1260
f 6034/3220/1261 6030/3219/1261 6028/3218/1261 6032/3221/1261
f 6035/3222/1258 6036/3222/1258 6038/3223/1258 6037/3223/1258
f 6037/3223/1259 6038/3223/1259 6042/3224/1259 6041/3224/1259
f 6041/3224/1257 6042/3224/1257 6040/3225/1257 6039/3225/1257
f 6039/3225/1263 6040/3225/1263 6036/3222/1263 6035/3222/1263
f 6037/3223/1260 6041/3224/1260 6039/3225/1260 6035/3222/1260
f 6042/3224/1261 6038/3223/1261 6036/3222/1261 6040/3225/1261
f 6043/3226/1258 6044/3226/1258 6046/3227/1258 6045/3227/1258
f 6045/3227/1259 6046/3227/1259 6050/3228/1259 6049/3228/1259
f 6049/3228/1257 6050/3228/1257 6048/3229/1257 6047/3229/1257
f 6047/3229/1263 6048/3229/1263 6044/3226/1263 6043/3226/1263
f 6045/3227/1260 6049/3228/1260 6047/3229/1260 6043/3226/1260
f 6050/3228/1261 6046/3227/1261 6044/3226/1261 6048/3229/1261
f 6051/3230/1258 6052/3230/1258 6054/3231/1258 6053/3231/1258
f 6053/3231/1259 6054/3231/1259 6058/3232/1259 6057/3232/1259
f 6057/3232/1257 6058/3232/1257 6056/3233/1257 6055/3233/1257
f 6055/3233/1263 6056/3233/1263 6052/3230/1263 6051/3230/1263
f 6053/3231/1260 6057/3232/1260 6055/3233/1260 6051/3230/1260
f 6058/3232/1261 6054/3231/1261 6052/3230/1261 6056/3233/1261
f 6059/3234/1258 6060/3234/1258 6062/3235/1258 6061/3235/1258
f 6061/3235/1259 6062/3235/1259 6066/3236/1259 6065/3236/1259
f 6065/3236/1257 6066/3236/1257 6064/3237/1257 6063/3237/1257
f 6063/3237/1263 6064/3237/1263 6060/3234/1263 6059/3234/1263
f 6061/3235/1260 6065/3236/1260 6063/3237/1260 6059/3234/1260
f 6066/3236/1261 6062/3235/1261 6060/3234/1261 6064/3237/1261
f 6067/3238/1258 6068/3238/1258 6070/3239/1258 6069/3239/1258
f 6069/3239/1259 6070/3239/1259 6074/3240/1259 6073/3240/1259
f 6073/3240/1257 6074/3240/1257 6072/3241/1257 6071/3241/1257
f 6071/3241/1263 6072/3241/1263 6068/3238/1263 6067/3238/1263
f 6069/3239/1260 6073/3240/1260 6071/3241/1260 6067/3238/1260
f 6074/3240/1261 6070/3239/1261 6068/3238/1261 6072/3241/1261
f 6075/3242/1258 6076/3242/1258 6078/3243/1258 6077/3243/1258
f 6077/3243/1259 6078/3243/1259 6082/3244/1259 6081/3244/1259
f 6081/3244/1257 6082/3244/1257 6080/3245/1257 6079/3245/1257
f 6079/3245/1263 6080/3245/1263 6076/3242/1263 6075/3242/1263
f 6077/3243/1260 6081/3244/1260 6079/3245/1260 6075/3242/1260
f 6082/3244/1261 6078/3243/1261 6076/3242/1261 6080/3245/1261
f 6083/3246/1258 6084/3246/1258 6086/3247/1258 6085/3247/1258
f 6085/3247/1259 6086/3247/1259 6090/3248/1259 6089/3248/1259
f 6089/3248/1257 6090/3248/1257 6088/3249/1257 6087/3249/1257
f 6087/3249/1263 6088/3249/1263 6084/3246/1263 6083/3246/1263
f 6085/3247/1260 6089/3248/1260 6087/3249/1260 6083/3246/1260
f 6090/3248/1261 6086/3247/1261 6084/3246/1261 6088/3249/1261
f 6091/3250/1258 6092/3250/1258 6094/3251/1258 6093/3251/1258
f 6093/3251/1259 6094/3251/1259 6098/3252/1259 6097/3252/1259
f 6097/3252/1257 6098/3252/1257 6096/3253/1257 6095/3253/1257
f 6095/3253/1263 6096/3253/1263 6092/3250/1263 6091/3250/1263
f 6093/3251/1260 6097/3252/1260 6095/3253/1260 6091/3250/1260
f 6098/3252/1261 6094/3251/1261 6092/3250/1261 6096/3253/1261
f 6099/3254/1258 6100/3254/1258 6102/3255/1258 6101/3255/1258
f 6101/3255/1259 6102/3255/1259 6106/3256/1259 6105/3256/1259
f 6105/3256/1910 6106/3256/1910 6104/3257/1910 6103/3257/1910
f 6103/3257/1263 6104/3257/1263 6100/3254/1263 6099/3254/1263
f 6101/3255/1260 6105/3256/1260 6103/3257/1260 6099/3254/1260
f 6106/3256/1261 6102/3255/1261 6100/3254/1261 6104/3257/1261
f 6107/3258/1258 6108/3258/1258 6110/3259/1258 6109/3259/1258
f 6109/3259/1259 6110/3259/1259 6114/3260/1259 6113/3260/1259
f 6113/3260/1910 6114/3260/1910 6112/3261/1910 6111/3261/1910
f 6111/3261/1263 6112/3261/1263 6108/3258/1263 6107/3258/1263
f 6109/3259/1260 6113/3260/1260 6111/3261/1260 6107/3258/1260
f 6114/3260/1261 6110/3259/1261 6108/3258/1261 6112/3261/1261
f 6115/3262/1258 6116/3262/1258 6118/3263/1258 6117/3263/1258
f 6117/3263/1259 6118/3263/1259 6122/3264/1259 6121/3264/1259
f 6121/3264/1910 6122/3264/1910 6120/3265/1910 6119/3265/1910
f 6119/3265/1263 6120/3265/1263 6116/3262/1263 6115/3262/1263
f 6117/3263/1260 6121/3264/1260 6119/3265/1260 6115/3262/1260
f 6122/3264/1261 6118/3263/1261 6116/3262/1261 6120/3265/1261
f 6123/3266/1258 6124/3266/1258 6126/3267/1258 6125/3267/1258
f 6125/3267/1259 6126/3267/1259 6130/3268/1259 6129/3268/1259
f 6129/3268/1257 6130/3268/1257 6128/3269/1257 6127/3269/1257
f 6127/3269/1263 6128/3269/1263 6124/3266/1263 6123/3266/1263
f 6125/3267/1260 6129/3268/1260 6127/3269/1260 6123/3266/1260
f 6130/3268/1261 6126/3267/1261 6124/3266/1261 6128/3269/1261
f 6131/3270/1258 6132/3270/1258 6134/3271/1258 6133/3271/1258
f 6133/3271/1259 6134/3271/1259 6138/3272/1259 6137/3272/1259
f 6137/3272/1257 6138/3272/1257 6136/3273/1257 6135/3273/1257
f 6135/3273/1263 6136/3273/1263 6132/3270/1263 6131/3270/1263
f 6133/3271/1260 6137/3272/1260 6135/3273/1260 6131/3270/1260
f 6138/3272/1261 6134/3271/1261 6132/3270/1261 6136/3273/1261
f 6139/3274/1258 6140/3274/1258 6142/3275/1258 6141/3275/1258
f 6141/3275/1259 6142/3275/1259 6146/3276/1259 6145/3276/1259
f 6145/3276/1257 6146/3276/1257 6144/3277/1257 6143/3277/1257
f 6143/3277/1263 6144/3277/1263 6140/3274/1263 6139/3274/1263
f 6141/3275/1260 6145/3276/1260 6143/3277/1260 6139/3274/1260
f 6146/3276/1261 6142/3275/1261 6140/3274/1261 6144/3277/1261
f 6147/3278/1258 6148/3278/1258 6150/3279/1258 6149/3279/1258
f 6149/3279/1259 6150/3279/1259 6154/3280/1259 6153/3280/1259
f 6153/3280/1257 6154/3280/1257 6152/3281/1257 6151/3281/1257
f 6151/3281/1263 6152/3281/1263 6148/3278/1263 6147/3278/1263
f 6149/3279/1260 6153/3280/1260 6151/3281/1260 6147/3278/1260
f 6154/3280/1261 6150/3279/1261 6148/3278/1261 6152/3281/1261
f 6155/3282/1258 6156/3282/1258 6158/3283/1258 6157/3283/1258
f 6157/3283/1259 6158/3283/1259 6162/3284/1259 6161/3284/1259
f 6161/3284/1257 6162/3284/1257 6160/3285/1257 6159/3285/1257
f 6159/3285/1263 6160/3285/1263 6156/3282/1263 6155/3282/1263
f 6157/3283/1260 6161/3284/1260 6159/3285/1260 6155/3282/1260
f 6162/3284/1261 6158/3283/1261 6156/3282/1261 6160/3285/1261
f 6163/3286/1258 6164/3286/1258 6166/3287/1258 6165/3287/1258
f 6165/3287/1259 6166/3287/1259 6170/3288/1259 6169/3288/1259
f 6169/3288/1257 6170/3288/1257 6168/3289/1257 6167/3289/1257
f 6167/3289/1263 6168/3289/1263 6164/3286/1263 6163/3286/1263
f 6165/3287/1260 6169/3288/1260 6167/3289/1260 6163/3286/1260
f 6170/3288/1261 6166/3287/1261 6164/3286/1261 6168/3289/1261
f 6171/3290/1258 6172/3290/1258 6174/3291/1258 6173/3291/1258
f 6173/3291/1259 6174/3291/1259 6178/3292/1259 6177/3292/1259
f 6177/3292/1257 6178/3292/1257 6176/3293/1257 6175/3293/1257
f 6175/3293/1263 6176/3293/1263 6172/3290/1263 6171/3290/1263
f 6173/3291/1260 6177/3292/1260 6175/3293/1260 6171/3290/1260
f 6178/3292/1261 6174/3291/1261 6172/3290/1261 6176/3293/1261
f 6179/3294/1258 6180/3294/1258 6182/3295/1258 6181/3295/1258
f 6181/3295/1259 6182/3295/1259 6186/3296/1259 6185/3296/1259
f 6185/3296/1257 6186/3296/1257 6184/3297/1257 6183/3297/1257
f 6183/3297/1263 6184/3297/1263 6180/3294/1263 6179/3294/1263
f 6181/3295/1260 6185/3296/1260 6183/3297/1260 6179/3294/1260
f 6186/3296/1261 6182/3295/1261 6180/3294/1261 6184/3297/1261
f 6187/3298/1258 6188/3298/1258 6190/3299/1258 6189/3299/1258
f 6189/3299/1259 6190/3299/1259 6194/3300/1259 6193/3300/1259
f 6193/3300/1257 6194/3300/1257 6192/3301/1257 6191/3301/1257
f 6191/3301/1263 6192/3301/1263 6188/3298/1263 6187/3298/1263
f 6189/3299/1260 6193/3300/1260 6191/3301/1260 6187/3298/1260
f 6194/3300/1261 6190/3299/1261 6188/3298/1261 6192/3301/1261
f 6195/3302/1258 6196/3302/1258 6198/3303/1258 6197/3303/1258
f 6197/3303/1259 6198/3303/1259 6202/3304/1259 6201/3304/1259
f 6201/3304/1911 6202/3304/1911 6200/3305/1911 6199/3305/1911
f 6199/3305/1263 6200/3305/1263 6196/3302/1263 6195/3302/1263
f 6197/3303/1260 6201/3304/1260 6199/3305/1260 6195/3302/1260
f 6202/3304/1261 6198/3303/1261 6196/3302/1261 6200/3305/1261
f 6203/3306/1258 6204/3306/1258 6206/3307/1258 6205/3307/1258
f 6205/3307/1259 6206/3307/1259 6210/3308/1259 6209/3308/1259
f 6209/3308/1911 6210/3308/1911 6208/3309/1911 6207/3309/1911
f 6207/3309/1263 6208/3309/1263 6204/3306/1263 6203/3306/1263
f 6205/3307/1260 6209/3308/1260 6207/3309/1260 6203/3306/1260
f 6210/3308/1261 6206/3307/1261 6204/3306/1261 6208/3309/1261
f 6211/3310/1258 6212/3310/1258 6214/3311/1258 6213/3311/1258
f 6213/3311/1259 6214/3311/1259 6218/3312/1259 6217/3312/1259
f 6217/3312/1911 6218/3312/1911 6216/3313/1911 6215/3313/1911
f 6215/3313/1263 6216/3313/1263 6212/3310/1263 6211/3310/1263
f 6213/3311/1260 6217/3312/1260 6215/3313/1260 6211/3310/1260
f 6218/3312/1261 6214/3311/1261 6212/3310/1261 6216/3313/1261
f 6229/3314/1912 6230/3315/1912 6238/3316/1912 6237/3317/1912
f 6249/3318/1913 6250/3319/1913 6234/3320/1913 6233/3321/1913
f 6247/3322/1914 6248/3323/1914 6232/3324/1914 6231/3325/1914
f 6245/3326/1915 6246/3316/1915 6230/3315/1915 6229/3314/1915
f 6244/3327/1916 6243/3328/1916 6228/3329/1916 6227/3330/1916
f 6250/3319/1917 6244/3327/1917 6227/3330/1917 6234/3320/1917
f 6248/3323/1918 6249/3318/1918 6233/3321/1918 6232/3324/1918
f 6246/3316/1919 6247/3322/1919 6231/3325/1919 6230/3315/1919
f 6243/3328/1920 6245/3326/1920 6229/3314/1920 6228/3329/1920
f 6239/3322/1261 6241/3318/1261 6235/3327/1261
f 6227/3330/1921 6228/3329/1921 6236/3331/1921 6235/3327/1921
f 6234/3320/1922 6227/3330/1922 6235/3327/1922 6242/3332/1922
f 6232/3324/1923 6233/3321/1923 6241/3318/1923 6240/3323/1923
f 6230/3315/1924 6231/3325/1924 6239/3322/1924 6238/3316/1924
f 6228/3329/1925 6229/3314/1925 6237/3317/1925 6236/3331/1925
f 6233/3321/1926 6234/3320/1926 6242/3332/1926 6241/3318/1926
f 6231/3325/1927 6232/3324/1927 6240/3323/1927 6239/3322/1927
f 6223/3333/1928 6222/3334/1928 6254/3334/1928 6255/3333/1928
f 6219/3335/1260 6220/3336/1260 6243/3328/1260 6244/3327/1260
f 6220/3336/1260 6221/3337/1260 6245/3326/1260 6243/3328/1260
f 6221/3337/1260 6222/3334/1260 6246/3316/1260 6245/3326/1260
f 6222/3334/1260 6223/3333/1260 6247/3322/1260 6246/3316/1260
f 6223/3333/1260 6224/3338/1260 6248/3323/1260 6247/3322/1260
f 6224/3338/1260 6225/3339/1260 6249/3318/1260 6248/3323/1260
f 6225/3339/1260 6226/3340/1260 6250/3319/1260 6249/3318/1260
f 6226/3340/1260 6219/3335/1260 6244/3327/1260 6250/3319/1260
f 6254/3334/1260 6253/3337/1260 6257/3339/1260
f 6224/3338/1803 6223/3333/1803 6255/3333/1803 6256/3338/1803
f 6225/3339/1929 6224/3338/1929 6256/3338/1929 6257/3339/1929
f 6226/3340/1930 6225/3339/1930 6257/3339/1930 6258/3340/1930
f 6219/3335/1806 6226/3340/1806 6258/3340/1806 6251/3335/1806
f 6220/3336/1931 6219/3335/1931 6251/3335/1931 6252/3336/1931
f 6221/3337/1932 6220/3336/1932 6252/3336/1932 6253/3337/1932
f 6222/3334/1909 6221/3337/1909 6253/3337/1909 6254/3334/1909
f 6269/3341/1912 6270/3342/1912 6278/3343/1912 6277/3344/1912
f 6289/3345/1913 6290/3346/1913 6274/3347/1913 6273/3348/1913
f 6287/3349/1914 6288/3350/1914 6272/3351/1914 6271/3352/1914
f 6285/3353/1915 6286/3354/1915 6270/3342/1915 6269/3341/1915
f 6284/3355/1916 6283/3356/1916 6268/3357/1916 6267/3358/1916
f 6290/3346/1917 6284/3355/1917 6267/3358/1917 6274/3347/1917
f 6288/3350/1918 6289/3345/1918 6273/3348/1918 6272/3351/1918
f 6286/3354/1919 6287/3349/1919 6271/3352/1919 6270/3342/1919
f 6283/3356/1920 6285/3353/1920 6269/3341/1920 6268/3357/1920
f 6279/3349/1261 6281/3345/1261 6275/3355/1261
f 6267/3358/1921 6268/3357/1921 6276/3356/1921 6275/3355/1921
f 6274/3347/1922 6267/3358/1922 6275/3355/1922 6282/3346/1922
f 6272/3351/1923 6273/3348/1923 6281/3345/1923 6280/3359/1923
f 6270/3342/1924 6271/3352/1924 6279/3349/1924 6278/3343/1924
f 6268/3357/1925 6269/3341/1925 6277/3344/1925 6276/3356/1925
f 6273/3348/1926 6274/3347/1926 6282/3346/1926 6281/3345/1926
f 6271/3352/1927 6272/3351/1927 6280/3359/1927 6279/3349/1927
f 6263/3360/1802 6262/3361/1802 6294/3361/1802 6295/3360/1802
f 6259/3362/1260 6260/3363/1260 6283/3356/1260 6284/3355/1260
f 6260/3363/1260 6261/3364/1260 6285/3353/1260 6283/3356/1260
f 6261/3364/1260 6262/3361/1260 6286/3354/1260 6285/3353/1260
f 6262/3361/1260 6263/3360/1260 6287/3349/1260 6286/3354/1260
f 6263/3360/1260 6264/3365/1260 6288/3350/1260 6287/3349/1260
f 6264/3365/1260 6265/3366/1260 6289/3345/1260 6288/3350/1260
f 6265/3366/1260 6266/3367/1260 6290/3346/1260 6289/3345/1260
f 6266/3367/1260 6259/3362/1260 6284/3355/1260 6290/3346/1260
f 6294/3361/1260 6293/3364/1260 6297/3366/1260
f 6264/3365/1803 6263/3360/1803 6295/3360/1803 6296/3365/1803
f 6265/3366/1929 6264/3365/1929 6296/3365/1929 6297/3366/1929
f 6266/3367/1930 6265/3366/1930 6297/3366/1930 6298/3367/1930
f 6259/3362/1933 6266/3367/1933 6298/3367/1933 6291/3362/1933
f 6260/3363/1853 6259/3362/1853 6291/3362/1853 6292/3363/1853
f 6261/3364/1932 6260/3363/1932 6292/3363/1932 6293/3364/1932
f 6262/3361/1909 6261/3364/1909 6293/3364/1909 6294/3361/1909
f 6309/3368/1934 6310/3369/1934 6318/3370/1934 6317/3371/1934
f 6329/3372/1935 6330/3373/1935 6314/3374/1935 6313/3375/1935
f 6327/3376/1936 6328/3377/1936 6312/3378/1936 6311/3379/1936
f 6325/3380/1937 6326/3370/1937 6310/3369/1937 6309/3368/1937
f 6324/3381/1916 6323/3382/1916 6308/3383/1916 6307/3384/1916
f 6330/3373/1938 6324/3381/1938 6307/3384/1938 6314/3374/1938
f 6328/3377/1939 6329/3372/1939 6313/3375/1939 6312/3378/1939
f 6326/3370/1940 6327/3376/1919 6311/3379/1940 6310/3369/1941
f 6323/3382/1942 6325/3380/1942 6309/3368/1942 6308/3383/1942
f 6317/3371/1261 6319/3376/1261 6321/3372/1261
f 6307/3384/1943 6308/3383/1943 6316/3385/1943 6315/3381/1943
f 6314/3374/1944 6307/3384/1944 6315/3381/1944 6322/3386/1944
f 6312/3378/1945 6313/3375/1945 6321/3372/1945 6320/3377/1945
f 6310/3369/1946 6311/3379/1946 6319/3376/1946 6318/3370/1946
f 6308/3383/1947 6309/3368/1947 6317/3371/1947 6316/3385/1947
f 6313/3375/1948 6314/3374/1948 6322/3386/1948 6321/3372/1948
f 6311/3379/1949 6312/3378/1949 6320/3377/1949 6319/3376/1949
f 6303/3387/1825 6302/3388/1825 6334/3388/1825 6335/3387/1825
f 6299/3389/1260 6300/3390/1260 6323/3382/1260 6324/3381/1260
f 6300/3390/1260 6301/3391/1260 6325/3380/1260 6323/3382/1260
f 6301/3391/1260 6302/3388/1260 6326/3370/1260 6325/3380/1260
f 6302/3388/1260 6303/3387/1260 6327/3376/1260 6326/3370/1260
f 6303/3387/1260 6304/3392/1260 6328/3377/1260 6327/3376/1260
f 6304/3392/1260 6305/3393/1260 6329/3372/1260 6328/3377/1260
f 6305/3393/1260 6306/3394/1260 6330/3373/1260 6329/3372/1260
f 6306/3394/1260 6299/3389/1260 6324/3381/1260 6330/3373/1260
f 6335/3387/1260 6334/3388/1851 6333/3391/1260
f 6304/3392/1803 6303/3387/1803 6335/3387/1803 6336/3392/1803
f 6305/3393/1950 6304/3392/1950 6336/3392/1950 6337/3393/1950
f 6306/3394/1951 6305/3393/1951 6337/3393/1951 6338/3394/1951
f 6299/3389/1806 6306/3394/1806 6338/3394/1806 6331/3389/1806
f 6300/3390/1832 6299/3389/1832 6331/3389/1832 6332/3390/1832
f 6301/3391/1952 6300/3390/1952 6332/3390/1952 6333/3391/1952
f 6302/3388/1953 6301/3391/1953 6333/3391/1953 6334/3388/1953
f 6349/3395/1934 6350/3396/1934 6358/3397/1934 6357/3398/1934
f 6369/3399/1935 6370/3400/1935 6354/3401/1935 6353/3402/1935
f 6367/3403/1936 6368/3404/1936 6352/3405/1936 6351/3406/1936
f 6365/3407/1937 6366/3408/1937 6350/3396/1937 6349/3395/1937
f 6364/3409/1916 6363/3410/1916 6348/3411/1916 6347/3412/1916
f 6370/3400/1938 6364/3409/1938 6347/3412/1938 6354/3401/1938
f 6368/3404/1939 6369/3399/1939 6353/3402/1939 6352/3405/1939
f 6366/3408/1919 6367/3403/1919 6351/3406/1919 6350/3396/1919
f 6363/3410/1942 6365/3407/1942 6349/3395/1942 6348/3411/1942
f 6357/3398/1261 6359/3403/1261 6361/3399/1261
f 6347/3412/1943 6348/3411/1943 6356/3410/1943 6355/3409/1943
f 6354/3401/1944 6347/3412/1944 6355/3409/1944 6362/3400/1944
f 6352/3405/1945 6353/3402/1945 6361/3399/1945 6360/3413/1945
f 6350/3396/1946 6351/3406/1946 6359/3403/1946 6358/3397/1946
f 6348/3411/1947 6349/3395/1947 6357/3398/1947 6356/3410/1947
f 6353/3402/1948 6354/3401/1948 6362/3400/1948 6361/3399/1948
f 6351/3406/1949 6352/3405/1949 6360/3413/1949 6359/3403/1949
f 6343/3414/1825 6342/3415/1825 6374/3415/1825 6375/3414/1825
f 6339/3416/1260 6340/3417/1260 6363/3410/1260 6364/3409/1260
f 6340/3417/1260 6341/3418/1260 6365/3407/1260 6363/3410/1260
f 6341/3418/1260 6342/3415/1260 6366/3408/1260 6365/3407/1260
f 6342/3415/1260 6343/3414/1260 6367/3403/1260 6366/3408/1260
f 6343/3414/1260 6344/3419/1260 6368/3404/1260 6367/3403/1260
f 6344/3419/1260 6345/3420/1260 6369/3399/1260 6368/3404/1260
f 6345/3420/1260 6346/3421/1260 6370/3400/1260 6369/3399/1260
f 6346/3421/1260 6339/3416/1260 6364/3409/1260 6370/3400/1260
f 6375/3414/1260 6374/3415/1260 6373/3418/1260
f 6344/3419/1803 6343/3414/1803 6375/3414/1803 6376/3419/1803
f 6345/3420/1954 6344/3419/1954 6376/3419/1954 6377/3420/1954
f 6346/3421/1951 6345/3420/1951 6377/3420/1951 6378/3421/1951
f 6339/3416/1933 6346/3421/1933 6378/3421/1933 6371/3416/1933
f 6340/3417/1832 6339/3416/1832 6371/3416/1832 6372/3417/1832
f 6341/3418/1952 6340/3417/1952 6372/3417/1952 6373/3418/1952
f 6342/3415/1855 6341/3418/1855 6373/3418/1855 6374/3415/1855
f 6389/3422/1955 6390/3423/1955 6398/3424/1955 6397/3425/1955
f 6409/3426/1913 6410/3427/1913 6394/3428/1913 6393/3429/1913
f 6407/3430/1914 6408/3431/1914 6392/3432/1914 6391/3433/1914
f 6405/3425/1915 6406/3424/1915 6390/3423/1915 6389/3422/1915
f 6404/3434/1916 6403/3435/1916 6388/3436/1916 6387/3437/1916
f 6410/3427/1917 6404/3434/1917 6387/3437/1917 6394/3428/1917
f 6408/3431/1918 6409/3426/1918 6393/3429/1918 6392/3432/1918
f 6406/3424/1919 6407/3430/1919 6391/3433/1919 6390/3423/1919
f 6403/3435/1920 6405/3425/1920 6389/3422/1920 6388/3436/1920
f 6399/3430/1261 6401/3426/1261 6395/3434/1261
f 6387/3437/1921 6388/3436/1921 6396/3438/1921 6395/3434/1921
f 6394/3428/1922 6387/3437/1922 6395/3434/1922 6402/3439/1922
f 6392/3432/1956 6393/3429/1956 6401/3426/1956 6400/3431/1956
f 6390/3423/1924 6391/3433/1924 6399/3430/1924 6398/3424/1924
f 6388/3436/1957 6389/3422/1957 6397/3425/1957 6396/3438/1957
f 6393/3429/1958 6394/3428/1958 6402/3439/1958 6401/3426/1958
f 6391/3433/1927 6392/3432/1927 6400/3431/1927 6399/3430/1927
f 6383/3440/1825 6382/3441/1825 6414/3441/1825 6415/3440/1825
f 6379/3442/1260 6380/3443/1260 6403/3435/1260 6404/3434/1260
f 6380/3443/1260 6381/3444/1260 6405/3425/1260 6403/3435/1260
f 6381/3444/1260 6382/3441/1260 6406/3424/1260 6405/3425/1260
f 6382/3441/1260 6383/3440/1260 6407/3430/1260 6406/3424/1260
f 6383/3440/1260 6384/3445/1260 6408/3431/1260 6407/3430/1260
f 6384/3445/1260 6385/3446/1260 6409/3426/1260 6408/3431/1260
f 6385/3446/1260 6386/3447/1260 6410/3427/1260 6409/3426/1260
f 6386/3447/1260 6379/3442/1260 6404/3434/1260 6410/3427/1260
f 6414/3441/1260 6413/3444/1260 6417/3446/1260
f 6384/3445/1897 6383/3440/1897 6415/3440/1897 6416/3445/1897
f 6385/3446/1929 6384/3445/1929 6416/3445/1929 6417/3446/1929
f 6386/3447/1930 6385/3446/1930 6417/3446/1930 6418/3447/1930
f 6379/3442/1899 6386/3447/1899 6418/3447/1899 6411/3442/1899
f 6380/3443/1832 6379/3442/1832 6411/3442/1832 6412/3443/1832
f 6381/3444/1959 6380/3443/1959 6412/3443/1959 6413/3444/1959
f 6382/3441/1960 6381/3444/1960 6413/3444/1960 6414/3441/1960
f 6429/3448/1955 6430/3449/1955 6438/3450/1955 6437/3451/1961
f 6449/3452/1913 6450/3453/1913 6434/3454/1913 6433/3455/1913
f 6447/3456/1914 6448/3457/1914 6432/3458/1914 6431/3459/1914
f 6445/3451/1915 6446/3460/1915 6430/3449/1915 6429/3448/1915
f 6444/3461/1916 6443/3462/1916 6428/3463/1916 6427/3464/1916
f 6450/3453/1917 6444/3461/1917 6427/3464/1917 6434/3454/1917
f 6448/3457/1918 6449/3452/1918 6433/3455/1918 6432/3458/1918
f 6446/3460/1919 6447/3456/1919 6431/3459/1919 6430/3449/1919
f 6443/3462/1920 6445/3451/1920 6429/3448/1920 6428/3463/1920
f 6439/3456/1261 6441/3452/1261 6435/3461/1261
f 6427/3464/1921 6428/3463/1921 6436/3462/1921 6435/3461/1921
f 6434/3454/1922 6427/3464/1922 6435/3461/1922 6442/3453/1922
f 6432/3458/1956 6433/3455/1956 6441/3452/1956 6440/3465/1956
f 6430/3449/1924 6431/3459/1924 6439/3456/1924 6438/3450/1924
f 6428/3463/1957 6429/3448/1957 6437/3451/1957 6436/3462/1957
f 6433/3455/1958 6434/3454/1958 6442/3453/1958 6441/3452/1958
f 6431/3459/1927 6432/3458/1927 6440/3465/1927 6439/3456/1927
f 6423/3466/1825 6422/3467/1825 6454/3467/1825 6455/3466/1825
f 6419/3468/1260 6420/3469/1260 6443/3462/1260 6444/3461/1260
f 6420/3469/1260 6421/3470/1260 6445/3451/1260 6443/3462/1260
f 6421/3470/1260 6422/3467/1260 6446/3460/1260 6445/3451/1260
f 6422/3467/1260 6423/3466/1260 6447/3456/1260 6446/3460/1260
f 6423/3466/1260 6424/3471/1260 6448/3457/1260 6447/3456/1260
f 6424/3471/1260 6425/3472/1260 6449/3452/1260 6448/3457/1260
f 6425/3472/1260 6426/3473/1260 6450/3453/1260 6449/3452/1260
f 6426/3473/1260 6419/3468/1260 6444/3461/1260 6450/3453/1260
f 6454/3467/1260 6453/3470/1260 6457/3472/1260
f 6424/3471/1962 6423/3466/1962 6455/3466/1962 6456/3471/1962
f 6425/3472/1929 6424/3471/1929 6456/3471/1929 6457/3472/1929
f 6426/3473/1930 6425/3472/1930 6457/3472/1930 6458/3473/1930
f 6419/3468/1963 6426/3473/1963 6458/3473/1963 6451/3468/1963
f 6420/3469/1964 6419/3468/1964 6451/3468/1964 6452/3469/1964
f 6421/3470/1959 6420/3469/1959 6452/3469/1959 6453/3470/1959
f 6422/3467/1809 6421/3470/1809 6453/3470/1809 6454/3467/1809
f 6460/3474/1260 6462/3475/1260 6461/3476/1260 6459/3477/1260
f 6463/3477/1257 6465/3476/1257 6470/3478/1257 6468/3479/1257
f 6459/3477/1257 6461/3476/1257 6465/3476/1257 6463/3477/1257
f 6460/3474/1263 6459/3477/1263 6463/3477/1263 6464/3474/1263
f 6462/3475/1258 6460/3474/1258 6464/3474/1258 6466/3475/1258
f 6461/3476/1259 6462/3475/1259 6466/3475/1259 6465/3476/1259
f 6467/3480/1261 6468/3479/1261 6470/3478/1261 6469/3481/1261
f 6464/3474/1965 6463/3477/1965 6468/3479/1965 6467/3480/1965
f 6466/3475/1258 6464/3474/1258 6467/3480/1258 6469/3481/1258
f 6465/3476/1966 6466/3475/1966 6469/3481/1966 6470/3478/1966
f 6472/3482/1260 6474/3483/1260 6473/3484/1260 6471/3485/1260
f 6476/3482/1261 6475/3485/1261 6477/3484/1261 6478/3483/1261
f 6471/3485/1257 6473/3484/1257 6477/3484/1257 6475/3485/1257
f 6472/3482/1263 6471/3485/1263 6475/3485/1263 6476/3482/1263
f 6474/3483/1258 6472/3482/1258 6476/3482/1258 6478/3483/1258
f 6473/3484/1259 6474/3483/1259 6478/3483/1259 6477/3484/1259
f 6480/3486/1260 6482/3487/1260 6481/3488/1260 6479/3489/1260
f 6484/3486/1261 6483/3489/1261 6485/3488/1261 6486/3487/1261
f 6479/3489/1257 6481/3488/1257 6485/3488/1257 6483/3489/1257
f 6480/3486/1263 6479/3489/1263 6483/3489/1263 6484/3486/1263
f 6482/3487/1258 6480/3486/1258 6484/3486/1258 6486/3487/1258
f 6481/3488/1259 6482/3487/1259 6486/3487/1259 6485/3488/1259
f 6488/3490/1260 6490/3491/1260 6489/3492/1260 6487/3493/1260
f 6492/3490/1261 6491/3493/1261 6493/3492/1261 6494/3491/1261
f 6487/3493/1257 6489/3492/1257 6493/3492/1257 6491/3493/1257
f 6488/3490/1263 6487/3493/1263 6491/3493/1263 6492/3490/1263
f 6490/3491/1258 6488/3490/1258 6492/3490/1258 6494/3491/1258
f 6489/3492/1259 6490/3491/1259 6494/3491/1259 6493/3492/1259
f 6496/3494/1260 6498/3495/1260 6497/3496/1260 6495/3497/1260
f 6502/3495/1258 6500/3494/1258 6503/3498/1258 6505/3499/1258
f 6495/3497/1257 6497/3496/1257 6501/3496/1257 6499/3497/1257
f 6496/3494/1263 6495/3497/1263 6499/3497/1263 6500/3494/1263
f 6498/3495/1258 6496/3494/1258 6500/3494/1258 6502/3495/1258
f 6497/3496/1259 6498/3495/1259 6502/3495/1259 6501/3496/1259
f 6506/3500/1967 6505/3499/1967 6509/3501/1967 6510/3502/1967
f 6501/3496/1968 6502/3495/1968 6505/3499/1968 6506/3500/1968
f 6499/3497/1257 6501/3496/1257 6506/3500/1257 6504/3503/1257
f 6500/3494/1969 6499/3497/1969 6504/3503/1969 6503/3498/1969
f 6508/3497/1257 6510/3502/1257 6514/3502/1257 6512/3497/1257
f 6504/3503/1257 6506/3500/1257 6510/3502/1257 6508/3497/1257
f 6503/3498/1970 6504/3503/1970 6508/3497/1970 6507/3494/1970
f 6507/3494/1971 6511/3494/1971 6520/3504/1971 6518/3504/1971
f 6511/3494/1261 6512/3497/1261 6514/3502/1261 6513/3501/1261
f 6507/3494/1263 6508/3497/1263 6512/3497/1263 6511/3494/1263
f 6503/3498/1972 6507/3494/1972 6518/3504/1972 6516/3505/1972
f 6510/3502/1259 6509/3501/1259 6513/3501/1259 6514/3502/1259
f 6515/3506/1258 6516/3505/1258 6518/3504/1258 6517/3507/1258
f 6517/3507/1258 6518/3504/1258 6520/3504/1258 6519/3507/1258
f 6505/3499/1973 6503/3498/1973 6516/3505/1973 6515/3506/1973
f 6513/3501/1974 6509/3501/1974 6517/3507/1974 6519/3507/1974
f 6509/3501/1975 6505/3499/1975 6515/3506/1975 6517/3507/1975
f 6511/3494/1976 6513/3501/1976 6519/3507/1976 6520/3504/1976
f 6521/3508/1431 6525/3509/1431 6523/3510/1431
f 6522/3511/1261 6523/3510/1261 6525/3509/1261 6524/3512/1261
f 6526/3513/1452 6527/3514/1452 6528/3515/1452
f 6522/3511/1261 6524/3512/1261 6528/3515/1261 6527/3514/1261
f 6529/3516/1977 6531/3517/1977 6533/3518/1977
f 6530/3511/1851 6532/3512/1851 6533/3518/1978 6531/3517/1978
f 6534/3519/1979 6536/3520/1979 6535/3521/1979
f 6530/3511/1851 6535/3521/1980 6536/3520/1980 6532/3512/1851
f 6523/3510/1257 6522/3511/1257 6530/3511/1257 6531/3517/1257
f 6521/3508/1257 6523/3510/1257 6531/3517/1257 6529/3516/1257
f 6524/3512/1258 6525/3509/1258 6533/3518/1258 6532/3512/1258
f 6525/3509/1981 6521/3508/1981 6529/3516/1981 6533/3518/1981
f 6522/3511/1257 6527/3514/1257 6535/3521/1257 6530/3511/1257
f 6527/3514/1257 6526/3513/1257 6534/3519/1257 6535/3521/1257
f 6528/3515/1258 6524/3512/1258 6532/3512/1258 6536/3520/1258
f 6526/3513/1982 6528/3515/1982 6536/3520/1982 6534/3519/1982
f 6545/3522/1258 6537/3522/1258 6539/3523/1258 6546/3523/1258
f 6542/3524/1261 6538/3522/1261 6540/3523/1261 6544/3525/1261
f 6545/3522/1983 6538/3522/1983 6542/3524/1983 6547/3524/1983
f 6546/3523/1263 6548/3525/1263 6544/3525/1263 6540/3523/1263
f 6537/3522/1260 6541/3524/1260 6543/3525/1260 6539/3523/1260
f 6547/3524/1257 6548/3525/1257 6543/3525/1257 6541/3524/1257
f 6542/3524/1261 6544/3525/1261 6550/3526/1261 6551/3527/1261
f 6539/3523/1263 6543/3525/1263 6548/3525/1263 6546/3523/1263
f 6537/3522/1983 6545/3522/1983 6547/3524/1983 6541/3524/1983
f 6538/3522/1258 6545/3522/1258 6546/3523/1258 6540/3523/1258
f 6551/3527/1257 6550/3526/1257 6549/3526/1257 6552/3527/1257
f 6544/3525/1263 6548/3525/1263 6549/3526/1263 6550/3526/1263
f 6548/3525/1260 6547/3524/1260 6552/3527/1260 6549/3526/1260
f 6547/3524/1259 6542/3524/1259 6551/3527/1259 6552/3527/1259
f 6553/3528/1257 6554/3528/1257 6561/3529/1257 6562/3529/1257
f 6560/3530/1583 6559/3530/1583 6567/3531/1583 6568/3531/1583
f 6563/3532/1258 6564/3532/1258 6558/3533/1258 6557/3533/1258
f 6557/3533/1259 6558/3533/1259 6554/3528/1259 6553/3528/1259
f 6562/3529/1260 6563/3532/1260 6557/3533/1260 6553/3528/1260
f 6564/3532/1261 6561/3529/1261 6554/3528/1261 6558/3533/1261
f 6556/3534/1263 6555/3534/1263 6562/3529/1263 6561/3529/1263
f 6555/3534/1263 6559/3535/1263 6563/3532/1263 6562/3529/1263
f 6560/3535/1263 6556/3534/1263 6561/3529/1263 6564/3532/1263
f 6559/3535/1263 6560/3535/1263 6564/3532/1263 6563/3532/1263
f 6567/3531/1637 6566/3536/1637 6570/3537/1637 6571/3538/1637
f 6559/3530/1585 6555/3539/1585 6566/3536/1585 6567/3531/1585
f 6556/3539/1586 6560/3530/1586 6568/3531/1586 6565/3536/1586
f 6555/3539/1592 6556/3539/1592 6565/3536/1592 6566/3536/1592
f 6570/3537/1263 6569/3537/1263 6572/3538/1263 6571/3538/1263
f 6565/3536/1588 6568/3531/1588 6572/3538/1588 6569/3537/1588
f 6566/3536/1605 6565/3536/1605 6569/3537/1605 6570/3537/1605
f 6568/3531/1668 6567/3531/1668 6571/3538/1668 6572/3538/1668
f 6573/3540/1257 6574/3540/1257 6581/3541/1257 6582/3541/1257
f 6580/3542/1591 6579/3542/1591 6587/3543/1591 6588/3543/1591
f 6583/3544/1258 6584/3544/1258 6578/3545/1258 6577/3545/1258
f 6577/3545/1259 6578/3545/1259 6574/3540/1259 6573/3540/1259
f 6582/3541/1260 6583/3544/1260 6577/3545/1260 6573/3540/1260
f 6584/3544/1261 6581/3541/1261 6574/3540/1261 6578/3545/1261
f 6576/3546/1263 6575/3546/1263 6582/3541/1263 6581/3541/1263
f 6575/3546/1263 6579/3547/1263 6583/3544/1263 6582/3541/1263
f 6580/3547/1263 6576/3546/1263 6581/3541/1263 6584/3544/1263
f 6579/3547/1263 6580/3547/1263 6584/3544/1263 6583/3544/1263
f 6587/3543/1637 6586/3548/1637 6590/3549/1637 6591/3550/1637
f 6579/3542/1585 6575/3551/1585 6586/3548/1585 6587/3543/1585
f 6576/3551/1586 6580/3542/1586 6588/3543/1586 6585/3548/1586
f 6575/3551/1592 6576/3551/1592 6585/3548/1592 6586/3548/1592
f 6590/3549/1263 6589/3549/1263 6592/3550/1263 6591/3550/1263
f 6585/3548/1588 6588/3543/1588 6592/3550/1588 6589/3549/1588
f 6586/3548/1638 6585/3548/1638 6589/3549/1638 6590/3549/1638
f 6588/3543/1590 6587/3543/1590 6591/3550/1590 6592/3550/1590
f 6593/3552/1257 6594/3552/1257 6601/3553/1257 6602/3553/1257
f 6600/3554/1591 6599/3554/1591 6607/3555/1591 6608/3555/1591
f 6603/3556/1258 6604/3556/1258 6598/3557/1258 6597/3557/1258
f 6597/3557/1259 6598/3557/1259 6594/3552/1259 6593/3552/1259
f 6602/3553/1260 6603/3556/1260 6597/3557/1260 6593/3552/1260
f 6604/3556/1261 6601/3553/1261 6594/3552/1261 6598/3557/1261
f 6596/3558/1263 6595/3558/1263 6602/3553/1263 6601/3553/1263
f 6595/3558/1263 6599/3559/1263 6603/3556/1263 6602/3553/1263
f 6600/3559/1263 6596/3558/1263 6601/3553/1263 6604/3556/1263
f 6599/3559/1263 6600/3559/1263 6604/3556/1263 6603/3556/1263
f 6607/3555/1984 6606/3560/1984 6610/3561/1984 6611/3562/1984
f 6599/3554/1985 6595/3563/1985 6606/3560/1985 6607/3555/1985
f 6596/3563/1586 6600/3554/1586 6608/3555/1586 6605/3560/1586
f 6595/3563/1587 6596/3563/1587 6605/3560/1587 6606/3560/1587
f 6610/3561/1263 6609/3561/1263 6612/3562/1263 6611/3562/1263
f 6605/3560/1588 6608/3555/1588 6612/3562/1588 6609/3561/1588
f 6606/3560/1638 6605/3560/1638 6609/3561/1638 6610/3561/1638
f 6608/3555/1668 6607/3555/1668 6611/3562/1668 6612/3562/1668
f 6613/3564/1257 6614/3564/1257 6621/3565/1257 6622/3565/1257
f 6620/3566/1591 6619/3566/1591 6627/3567/1591 6628/3567/1591
f 6623/3568/1258 6624/3568/1258 6618/3569/1258 6617/3569/1258
f 6617/3569/1259 6618/3569/1259 6614/3564/1259 6613/3564/1259
f 6622/3565/1260 6623/3568/1260 6617/3569/1260 6613/3564/1260
f 6624/3568/1261 6621/3565/1261 6614/3564/1261 6618/3569/1261
f 6616/3570/1263 6615/3570/1263 6622/3565/1263 6621/3565/1263
f 6615/3570/1263 6619/3571/1263 6623/3568/1263 6622/3565/1263
f 6620/3571/1263 6616/3570/1263 6621/3565/1263 6624/3568/1263
f 6619/3571/1263 6620/3571/1263 6624/3568/1263 6623/3568/1263
f 6627/3567/1984 6626/3572/1984 6630/3573/1984 6631/3574/1984
f 6619/3566/1985 6615/3575/1985 6626/3572/1985 6627/3567/1985
f 6616/3575/1586 6620/3566/1586 6628/3567/1586 6625/3572/1586
f 6615/3575/1587 6616/3575/1587 6625/3572/1587 6626/3572/1587
f 6630/3573/1263 6629/3573/1263 6632/3574/1263 6631/3574/1263
f 6625/3572/1588 6628/3567/1588 6632/3574/1588 6629/3573/1588
f 6626/3572/1638 6625/3572/1638 6629/3573/1638 6630/3573/1638
f 6628/3567/1594 6627/3567/1594 6631/3574/1594 6632/3574/1594
f 6633/3552/1257 6634/3552/1257 6641/3553/1257 6642/3553/1257
f 6640/3554/1591 6639/3554/1591 6647/3555/1591 6648/3555/1591
f 6643/3556/1258 6644/3556/1258 6638/3557/1258 6637/3557/1258
f 6637/3557/1259 6638/3557/1259 6634/3552/1259 6633/3552/1259
f 6642/3553/1260 6643/3556/1260 6637/3557/1260 6633/3552/1260
f 6644/3556/1261 6641/3553/1261 6634/3552/1261 6638/3557/1261
f 6636/3558/1263 6635/3558/1263 6642/3553/1263 6641/3553/1263
f 6635/3558/1263 6639/3559/1263 6643/3556/1263 6642/3553/1263
f 6640/3559/1263 6636/3558/1263 6641/3553/1263 6644/3556/1263
f 6639/3559/1263 6640/3559/1263 6644/3556/1263 6643/3556/1263
f 6647/3555/1637 6646/3560/1637 6650/3561/1637 6651/3562/1637
f 6639/3554/1585 6635/3563/1585 6646/3560/1585 6647/3555/1585
f 6636/3563/1586 6640/3554/1586 6648/3555/1586 6645/3560/1586
f 6635/3563/1587 6636/3563/1587 6645/3560/1587 6646/3560/1587
f 6650/3561/1263 6649/3561/1263 6652/3562/1263 6651/3562/1263
f 6645/3560/1588 6648/3555/1588 6652/3562/1588 6649/3561/1588
f 6646/3560/1589 6645/3560/1589 6649/3561/1589 6650/3561/1589
f 6648/3555/1668 6647/3555/1668 6651/3562/1668 6652/3562/1668
f 6653/3564/1257 6654/3564/1257 6661/3565/1257 6662/3565/1257
f 6660/3566/1591 6659/3566/1591 6667/3567/1591 6668/3567/1591
f 6663/3568/1258 6664/3568/1258 6658/3569/1258 6657/3569/1258
f 6657/3569/1259 6658/3569/1259 6654/3564/1259 6653/3564/1259
f 6662/3565/1260 6663/3568/1260 6657/3569/1260 6653/3564/1260
f 6664/3568/1261 6661/3565/1261 6654/3564/1261 6658/3569/1261
f 6656/3570/1263 6655/3570/1263 6662/3565/1263 6661/3565/1263
f 6655/3570/1263 6659/3571/1263 6663/3568/1263 6662/3565/1263
f 6660/3571/1263 6656/3570/1263 6661/3565/1263 6664/3568/1263
f 6659/3571/1263 6660/3571/1263 6664/3568/1263 6663/3568/1263
f 6667/3567/1637 6666/3572/1637 6670/3573/1637 6671/3574/1637
f 6659/3566/1585 6655/3575/1585 6666/3572/1585 6667/3567/1585
f 6656/3575/1586 6660/3566/1586 6668/3567/1586 6665/3572/1586
f 6655/3575/1587 6656/3575/1587 6665/3572/1587 6666/3572/1587
f 6670/3573/1263 6669/3573/1263 6672/3574/1263 6671/3574/1263
f 6665/3572/1588 6668/3567/1588 6672/3574/1588 6669/3573/1588
f 6666/3572/1638 6665/3572/1638 6669/3573/1638 6670/3573/1638
f 6668/3567/1594 6667/3567/1594 6671/3574/1594 6672/3574/1594
f 6675/3576/1656 6673/3577/1656 6677/3578/1656 6679/3579/1656
f 6674/3577/1574 6676/3576/1574 6680/3579/1574 6678/3578/1574
f 6679/3579/1597 6677/3578/1597 6681/3580/1597 6683/3581/1597
f 6678/3578/1576 6680/3579/1576 6684/3581/1576 6682/3580/1576
f 6682/3580/1259 6684/3581/1259 6683/3581/1259 6681/3580/1259
f 6687/3582/1986 6691/3583/1986 6689/3584/1986 6685/3585/1986
f 6686/3585/1659 6690/3584/1659 6692/3583/1659 6688/3582/1659
f 6691/3583/1987 6695/3586/1987 6693/3587/1987 6689/3584/1987
f 6690/3584/1580 6694/3587/1580 6696/3586/1580 6692/3583/1580
f 6694/3587/1263 6693/3587/1263 6695/3586/1263 6696/3586/1263
f 6676/3576/1581 6674/3577/1581 6686/3585/1581 6688/3582/1581
f 6673/3577/1600 6675/3576/1600 6687/3582/1600 6685/3585/1600
f 6677/3578/1258 6673/3577/1258 6685/3585/1258 6689/3584/1258
f 6675/3576/1257 6679/3579/1257 6691/3583/1257 6687/3582/1257
f 6680/3579/1257 6676/3576/1257 6688/3582/1257 6692/3583/1257
f 6674/3577/1258 6678/3578/1258 6690/3584/1258 6686/3585/1258
f 6681/3580/1258 6677/3578/1258 6689/3584/1258 6693/3587/1258
f 6679/3579/1257 6683/3581/1257 6695/3586/1257 6691/3583/1257
f 6684/3581/1257 6680/3579/1257 6692/3583/1257 6696/3586/1257
f 6678/3578/1258 6682/3580/1258 6694/3587/1258 6690/3584/1258
f 6682/3580/1258 6681/3580/1258 6693/3587/1258 6694/3587/1258
f 6683/3581/1257 6684/3581/1257 6696/3586/1257 6695/3586/1257
f 6699/3588/1656 6697/3589/1656 6701/3590/1656 6703/3591/1656
f 6698/3589/1574 6700/3588/1574 6704/3591/1574 6702/3590/1574
f 6703/3591/1575 6701/3590/1575 6705/3592/1575 6707/3593/1575
f 6702/3590/1576 6704/3591/1576 6708/3593/1576 6706/3592/1576
f 6706/3592/1259 6708/3593/1259 6707/3593/1259 6705/3592/1259
f 6711/3594/1577 6715/3595/1577 6713/3596/1577 6709/3597/1577
f 6710/3597/1659 6714/3596/1659 6716/3595/1659 6712/3594/1659
f 6715/3595/1987 6719/3598/1987 6717/3599/1987 6713/3596/1987
f 6714/3596/1580 6718/3599/1580 6720/3598/1580 6716/3595/1580
f 6718/3599/1263 6717/3599/1263 6719/3598/1263 6720/3598/1263
f 6700/3588/1581 6698/3589/1581 6710/3597/1581 6712/3594/1581
f 6697/3589/1600 6699/3588/1600 6711/3594/1600 6709/3597/1600
f 6701/3590/1258 6697/3589/1258 6709/3597/1258 6713/3596/1258
f 6699/3588/1257 6703/3591/1257 6715/3595/1257 6711/3594/1257
f 6704/3591/1257 6700/3588/1257 6712/3594/1257 6716/3595/1257
f 6698/3589/1258 6702/3590/1258 6714/3596/1258 6710/3597/1258
f 6705/3592/1258 6701/3590/1258 6713/3596/1258 6717/3599/1258
f 6703/3591/1257 6707/3593/1257 6719/3598/1257 6715/3595/1257
f 6708/3593/1257 6704/3591/1257 6716/3595/1257 6720/3598/1257
f 6702/3590/1258 6706/3592/1258 6718/3599/1258 6714/3596/1258
f 6706/3592/1258 6705/3592/1258 6717/3599/1258 6718/3599/1258
f 6707/3593/1257 6708/3593/1257 6720/3598/1257 6719/3598/1257
f 6723/3600/1656 6721/3601/1656 6725/3602/1656 6727/3603/1656
f 6722/3601/1574 6724/3600/1574 6728/3603/1574 6726/3602/1574
f 6727/3603/1988 6725/3602/1988 6729/3604/1988 6731/3605/1988
f 6726/3602/1576 6728/3603/1576 6732/3605/1576 6730/3604/1576
f 6730/3604/1259 6732/3605/1259 6731/3605/1259 6729/3604/1259
f 6735/3606/1986 6739/3607/1986 6737/3608/1986 6733/3609/1986
f 6734/3609/1659 6738/3608/1659 6740/3607/1659 6736/3606/1659
f 6739/3607/1987 6743/3610/1987 6741/3611/1987 6737/3608/1987
f 6738/3608/1580 6742/3611/1580 6744/3610/1580 6740/3607/1580
f 6742/3611/1263 6741/3611/1263 6743/3610/1263 6744/3610/1263
f 6724/3600/1581 6722/3601/1581 6734/3609/1581 6736/3606/1581
f 6721/3601/1600 6723/3600/1600 6735/3606/1600 6733/3609/1600
f 6725/3602/1258 6721/3601/1258 6733/3609/1258 6737/3608/1258
f 6723/3600/1257 6727/3603/1257 6739/3607/1257 6735/3606/1257
f 6728/3603/1257 6724/3600/1257 6736/3606/1257 6740/3607/1257
f 6722/3601/1258 6726/3602/1258 6738/3608/1258 6734/3609/1258
f 6729/3604/1258 6725/3602/1258 6737/3608/1258 6741/3611/1258
f 6727/3603/1257 6731/3605/1257 6743/3610/1257 6739/3607/1257
f 6732/3605/1257 6728/3603/1257 6740/3607/1257 6744/3610/1257
f 6726/3602/1258 6730/3604/1258 6742/3611/1258 6738/3608/1258
f 6730/3604/1258 6729/3604/1258 6741/3611/1258 6742/3611/1258
f 6731/3605/1257 6732/3605/1257 6744/3610/1257 6743/3610/1257
f 6747/3612/1645 6745/3613/1645 6749/3614/1645 6751/3615/1645
f 6746/3613/1989 6748/3612/1989 6752/3615/1989 6750/3614/1989
f 6751/3615/1597 6749/3614/1597 6753/3616/1597 6755/3617/1597
f 6750/3614/1598 6752/3615/1598 6756/3617/1598 6754/3616/1598
f 6754/3616/1259 6756/3617/1259 6755/3617/1259 6753/3616/1259
f 6759/3618/1646 6763/3619/1646 6761/3620/1646 6757/3621/1646
f 6758/3621/1578 6762/3620/1578 6764/3619/1578 6760/3618/1578
f 6763/3619/1647 6767/3622/1647 6765/3623/1647 6761/3620/1647
f 6762/3620/1580 6766/3623/1580 6768/3622/1580 6764/3619/1580
f 6766/3623/1263 6765/3623/1263 6767/3622/1263 6768/3622/1263
f 6748/3612/1648 6746/3613/1648 6758/3621/1648 6760/3618/1648
f 6745/3613/1663 6747/3612/1663 6759/3618/1663 6757/3621/1663
f 6749/3614/1258 6745/3613/1258 6757/3621/1258 6761/3620/1258
f 6747/3612/1257 6751/3615/1257 6763/3619/1257 6759/3618/1257
f 6752/3615/1257 6748/3612/1257 6760/3618/1257 6764/3619/1257
f 6746/3613/1258 6750/3614/1258 6762/3620/1258 6758/3621/1258
f 6753/3616/1258 6749/3614/1258 6761/3620/1258 6765/3623/1258
f 6751/3615/1257 6755/3617/1257 6767/3622/1257 6763/3619/1257
f 6756/3617/1257 6752/3615/1257 6764/3619/1257 6768/3622/1257
f 6750/3614/1258 6754/3616/1258 6766/3623/1258 6762/3620/1258
f 6754/3616/1258 6753/3616/1258 6765/3623/1258 6766/3623/1258
f 6755/3617/1257 6756/3617/1257 6768/3622/1257 6767/3622/1257
f 6771/3576/1645 6769/3577/1645 6773/3578/1645 6775/3579/1645
f 6770/3577/1989 6772/3576/1989 6776/3579/1989 6774/3578/1989
f 6775/3579/1597 6773/3578/1597 6777/3580/1597 6779/3581/1597
f 6774/3578/1598 6776/3579/1598 6780/3581/1598 6778/3580/1598
f 6778/3580/1259 6780/3581/1259 6779/3581/1259 6777/3580/1259
f 6783/3582/1646 6787/3583/1646 6785/3584/1646 6781/3585/1646
f 6782/3585/1599 6786/3584/1599 6788/3583/1599 6784/3582/1599
f 6787/3583/1647 6791/3586/1647 6789/3587/1647 6785/3584/1647
f 6786/3584/1580 6790/3587/1580 6792/3586/1580 6788/3583/1580
f 6790/3587/1263 6789/3587/1263 6791/3586/1263 6792/3586/1263
f 6772/3576/1648 6770/3577/1648 6782/3585/1648 6784/3582/1648
f 6769/3577/1663 6771/3576/1663 6783/3582/1663 6781/3585/1663
f 6773/3578/1258 6769/3577/1258 6781/3585/1258 6785/3584/1258
f 6771/3576/1257 6775/3579/1257 6787/3583/1257 6783/3582/1257
f 6776/3579/1257 6772/3576/1257 6784/3582/1257 6788/3583/1257
f 6770/3577/1258 6774/3578/1258 6786/3584/1258 6782/3585/1258
f 6777/3580/1258 6773/3578/1258 6785/3584/1258 6789/3587/1258
f 6775/3579/1257 6779/3581/1257 6791/3586/1257 6787/3583/1257
f 6780/3581/1257 6776/3579/1257 6788/3583/1257 6792/3586/1257
f 6774/3578/1258 6778/3580/1258 6790/3587/1258 6786/3584/1258
f 6778/3580/1258 6777/3580/1258 6789/3587/1258 6790/3587/1258
f 6779/3581/1257 6780/3581/1257 6792/3586/1257 6791/3586/1257
f 6795/3600/1645 6793/3601/1645 6797/3602/1645 6799/3603/1645
f 6794/3601/1989 6796/3600/1989 6800/3603/1989 6798/3602/1989
f 6799/3603/1597 6797/3602/1597 6801/3604/1597 6803/3605/1597
f 6798/3602/1598 6800/3603/1598 6804/3605/1598 6802/3604/1598
f 6802/3604/1259 6804/3605/1259 6803/3605/1259 6801/3604/1259
f 6807/3606/1646 6811/3607/1646 6809/3608/1646 6805/3609/1646
f 6806/3609/1578 6810/3608/1578 6812/3607/1578 6808/3606/1578
f 6811/3607/1647 6815/3610/1647 6813/3611/1647 6809/3608/1647
f 6810/3608/1580 6814/3611/1580 6816/3610/1580 6812/3607/1580
f 6814/3611/1263 6813/3611/1263 6815/3610/1263 6816/3610/1263
f 6796/3600/1648 6794/3601/1648 6806/3609/1648 6808/3606/1648
f 6793/3601/1663 6795/3600/1663 6807/3606/1663 6805/3609/1663
f 6797/3602/1258 6793/3601/1258 6805/3609/1258 6809/3608/1258
f 6795/3600/1257 6799/3603/1257 6811/3607/1257 6807/3606/1257
f 6800/3603/1257 6796/3600/1257 6808/3606/1257 6812/3607/1257
f 6794/3601/1258 6798/3602/1258 6810/3608/1258 6806/3609/1258
f 6801/3604/1258 6797/3602/1258 6809/3608/1258 6813/3611/1258
f 6799/3603/1257 6803/3605/1257 6815/3610/1257 6811/3607/1257
f 6804/3605/1257 6800/3603/1257 6812/3607/1257 6816/3610/1257
f 6798/3602/1258 6802/3604/1258 6814/3611/1258 6810/3608/1258
f 6802/3604/1258 6801/3604/1258 6813/3611/1258 6814/3611/1258
f 6803/3605/1257 6804/3605/1257 6816/3610/1257 6815/3610/1257
f 6819/3624/1645 6817/3625/1645 6821/3626/1645 6823/3627/1645
f 6818/3625/1989 6820/3624/1989 6824/3627/1989 6822/3626/1989
f 6823/3627/1597 6821/3626/1597 6825/3628/1597 6827/3629/1597
f 6822/3626/1598 6824/3627/1598 6828/3629/1598 6826/3628/1598
f 6826/3628/1259 6828/3629/1259 6827/3629/1259 6825/3628/1259
f 6831/3630/1646 6835/3631/1646 6833/3632/1646 6829/3633/1646
f 6830/3633/1578 6834/3632/1578 6836/3631/1578 6832/3630/1578
f 6835/3631/1647 6839/3634/1647 6837/3635/1647 6833/3632/1647
f 6834/3632/1580 6838/3635/1580 6840/3634/1580 6836/3631/1580
f 6838/3635/1263 6837/3635/1263 6839/3634/1263 6840/3634/1263
f 6820/3624/1648 6818/3625/1648 6830/3633/1648 6832/3630/1648
f 6817/3625/1663 6819/3624/1663 6831/3630/1663 6829/3633/1663
f 6821/3626/1258 6817/3625/1258 6829/3633/1258 6833/3632/1258
f 6819/3624/1257 6823/3627/1257 6835/3631/1257 6831/3630/1257
f 6824/3627/1257 6820/3624/1257 6832/3630/1257 6836/3631/1257
f 6818/3625/1258 6822/3626/1258 6834/3632/1258 6830/3633/1258
f 6825/3628/1258 6821/3626/1258 6833/3632/1258 6837/3635/1258
f 6823/3627/1257 6827/3629/1257 6839/3634/1257 6835/3631/1257
f 6828/3629/1257 6824/3627/1257 6836/3631/1257 6840/3634/1257
f 6822/3626/1258 6826/3628/1258 6838/3635/1258 6834/3632/1258
f 6826/3628/1258 6825/3628/1258 6837/3635/1258 6838/3635/1258
f 6827/3629/1257 6828/3629/1257 6840/3634/1257 6839/3634/1257
f 6843/3588/1645 6841/3589/1645 6845/3590/1645 6847/3591/1645
f 6842/3589/1989 6844/3588/1989 6848/3591/1989 6846/3590/1989
f 6847/3591/1597 6845/3590/1597 6849/3592/1597 6851/3593/1597
f 6846/3590/1598 6848/3591/1598 6852/3593/1598 6850/3592/1598
f 6850/3592/1259 6852/3593/1259 6851/3593/1259 6849/3592/1259
f 6855/3594/1646 6859/3595/1646 6857/3596/1646 6853/3597/1646
f 6854/3597/1599 6858/3596/1599 6860/3595/1599 6856/3594/1599
f 6859/3595/1647 6863/3598/1647 6861/3599/1647 6857/3596/1647
f 6858/3596/1580 6862/3599/1580 6864/3598/1580 6860/3595/1580
f 6862/3599/1263 6861/3599/1263 6863/3598/1263 6864/3598/1263
f 6844/3588/1648 6842/3589/1648 6854/3597/1648 6856/3594/1648
f 6841/3589/1663 6843/3588/1663 6855/3594/1663 6853/3597/1663
f 6845/3590/1258 6841/3589/1258 6853/3597/1258 6857/3596/1258
f 6843/3588/1257 6847/3591/1257 6859/3595/1257 6855/3594/1257
f 6848/3591/1257 6844/3588/1257 6856/3594/1257 6860/3595/1257
f 6842/3589/1258 6846/3590/1258 6858/3596/1258 6854/3597/1258
f 6849/3592/1258 6845/3590/1258 6857/3596/1258 6861/3599/1258
f 6847/3591/1257 6851/3593/1257 6863/3598/1257 6859/3595/1257
f 6852/3593/1257 6848/3591/1257 6860/3595/1257 6864/3598/1257
f 6846/3590/1258 6850/3592/1258 6862/3599/1258 6858/3596/1258
f 6850/3592/1258 6849/3592/1258 6861/3599/1258 6862/3599/1258
f 6851/3593/1257 6852/3593/1257 6864/3598/1257 6863/3598/1257
f 6869/3636/1990 6870/3636/1990 6866/3637/1990 6865/3637/1990
f 6871/3638/1263 6867/3639/1263 6868/3639/1263 6872/3638/1263
f 6865/3637/1257 6866/3637/1257 6868/3639/1257 6867/3639/1257
f 6869/3636/1260 6865/3637/1260 6867/3639/1260 6871/3638/1260
f 6866/3637/1261 6870/3636/1261 6872/3638/1261 6868/3639/1261
f 6871/3638/1258 6872/3638/1258 6870/3636/1258 6869/3636/1258
f 6873/3640/1263 6874/3640/1263 6876/3641/1263 6875/3641/1263
f 6875/3641/1258 6876/3641/1258 6880/3642/1258 6879/3642/1258
f 6879/3642/1259 6880/3642/1259 6878/3643/1259 6877/3643/1259
f 6877/3643/1257 6878/3643/1257 6874/3640/1257 6873/3640/1257
f 6875/3641/1260 6879/3642/1260 6877/3643/1260 6873/3640/1260
f 6880/3642/1261 6876/3641/1261 6874/3640/1261 6878/3643/1261
f 6881/3644/1260 6887/3645/1260 6885/3646/1260
f 6889/3647/1260 6895/3648/1260 6893/3649/1260
f 6899/3650/1261 6901/3651/1261 6903/3652/1261
f 6907/3653/1261 6909/3654/1261 6911/3655/1261
f 6895/3648/1991 6896/3656/1991 6912/3657/1991 6911/3655/1991
f 6888/3658/1992 6881/3644/1992 6898/3659/1992 6904/3660/1992
f 6881/3644/1993 6882/3661/1993 6897/3662/1993 6898/3659/1993
f 6896/3656/1992 6889/3647/1992 6906/3663/1992 6912/3657/1992
f 6889/3647/1993 6890/3664/1993 6905/3665/1993 6906/3663/1993
f 6882/3661/1994 6883/3666/1994 6899/3650/1994 6897/3662/1994
f 6890/3664/1995 6891/3667/1995 6907/3653/1995 6905/3665/1995
f 6883/3666/1996 6884/3668/1996 6900/3669/1996 6899/3650/1996
f 6891/3667/1997 6892/3670/1997 6908/3671/1997 6907/3653/1997
f 6884/3668/1998 6885/3646/1998 6901/3651/1998 6900/3669/1998
f 6892/3670/1998 6893/3649/1998 6909/3654/1998 6908/3671/1998
f 6885/3646/1999 6886/3672/1999 6902/3673/1999 6901/3651/1999
f 6893/3649/1999 6894/3674/1999 6910/3675/1999 6909/3654/1999
f 6886/3672/2000 6887/3645/2000 6903/3652/2000 6902/3673/2000
f 6894/3674/2001 6895/3648/2001 6911/3655/2001 6910/3675/2001
f 6887/3645/2002 6888/3658/2002 6904/3660/2002 6903/3652/2002
f 6913/3676/1263 6929/3676/1263 6930/3677/1263 6915/3677/1263
f 6915/3677/1258 6930/3677/1258 6931/3678/1258 6919/3678/1258
f 6919/3678/1259 6931/3678/1259 6932/3679/1259 6917/3679/1259
f 6917/3679/1257 6932/3679/1257 6929/3676/1257 6913/3676/1257
f 6915/3677/1260 6919/3678/1260 6917/3679/1260 6913/3676/1260
f 6918/3680/2003 6920/3681/2003 6939/3682/2003 6940/3683/2003
f 6921/3684/1263 6933/3684/1263 6934/3685/1263 6923/3685/1263
f 6923/3685/1258 6934/3685/1258 6935/3686/1258 6927/3686/1258
f 6927/3686/1259 6935/3686/1259 6936/3687/1259 6925/3687/1259
f 6925/3687/1257 6936/3687/1257 6933/3684/1257 6921/3684/1257
f 6923/3685/1260 6927/3686/1260 6925/3687/1260 6921/3684/1260
f 6924/3688/2004 6922/3689/2004 6941/3690/2004 6942/3691/2004
f 6914/3692/1261 6916/3693/1261 6930/3677/1261 6929/3676/1261
f 6916/3693/1261 6920/3694/1261 6931/3678/1261 6930/3677/1261
f 6920/3694/1261 6918/3695/1261 6932/3679/1261 6931/3678/1261
f 6918/3695/1261 6914/3692/1261 6929/3676/1261 6932/3679/1261
f 6922/3696/1261 6924/3697/1261 6934/3685/1261 6933/3684/1261
f 6924/3697/1261 6928/3698/1261 6935/3686/1261 6934/3685/1261
f 6928/3698/1261 6926/3699/1261 6936/3687/1261 6935/3686/1261
f 6926/3699/1261 6922/3696/1261 6933/3684/1261 6936/3687/1261
f 6937/3700/2005 6940/3683/2005 6948/3680/2005 6945/3701/2005
f 6943/3702/2006 6942/3691/2006 6950/3703/2006 6951/3704/2006
f 6916/3705/2004 6914/3701/2004 6937/3700/2004 6938/3706/2004
f 6922/3689/2007 6926/3707/2007 6944/3708/2007 6941/3690/2007
f 6928/3709/2008 6924/3688/2008 6942/3691/2008 6943/3702/2008
f 6914/3701/2007 6918/3680/2007 6940/3683/2007 6937/3700/2007
f 6920/3681/2008 6916/3705/2008 6938/3706/2008 6939/3682/2008
f 6926/3707/2003 6928/3709/2003 6943/3702/2003 6944/3708/2003
f 6947/3710/1261 6946/3711/1261 6945/3701/1261 6948/3680/1261
f 6951/3704/1261 6950/3703/1261 6949/3689/1261 6952/3712/1261
f 6939/3682/2006 6938/3706/2006 6946/3711/2006 6947/3710/2006
f 6944/3708/2009 6943/3702/2009 6951/3704/2009 6952/3712/2009
f 6942/3691/2010 6941/3690/2010 6949/3689/2010 6950/3703/2010
f 6940/3683/2011 6939/3682/2011 6947/3710/2011 6948/3680/2011
f 6938/3706/2010 6937/3700/2010 6945/3701/2010 6946/3711/2010
f 6941/3690/2005 6944/3708/2005 6952/3712/2005 6949/3689/2005
f 6953/3713/1263 6969/3713/1263 6970/3714/1263 6955/3714/1263
f 6955/3714/1258 6970/3714/1258 6971/3715/1258 6959/3715/1258
f 6959/3715/1259 6971/3715/1259 6972/3716/1259 6957/3716/1259
f 6957/3716/1257 6972/3716/1257 6969/3713/1257 6953/3713/1257
f 6955/3714/1260 6959/3715/1260 6957/3716/1260 6953/3713/1260
f 6958/3717/2003 6960/3718/2003 6979/3719/2003 6980/3720/2003
f 6961/3721/1263 6973/3721/1263 6974/3722/1263 6963/3722/1263
f 6963/3722/1258 6974/3722/1258 6975/3723/1258 6967/3723/1258
f 6967/3723/1259 6975/3723/1259 6976/3724/1259 6965/3724/1259
f 6965/3724/1257 6976/3724/1257 6973/3721/1257 6961/3721/1257
f 6963/3722/1260 6967/3723/1260 6965/3724/1260 6961/3721/1260
f 6964/3725/2004 6962/3726/2004 6981/3727/2004 6982/3728/2004
f 6954/3729/1261 6956/3730/1261 6970/3714/1261 6969/3713/1261
f 6956/3730/1261 6960/3731/1261 6971/3715/1261 6970/3714/1261
f 6960/3731/1261 6958/3732/1261 6972/3716/1261 6971/3715/1261
f 6958/3732/1261 6954/3729/1261 6969/3713/1261 6972/3716/1261
f 6962/3733/1261 6964/3734/1261 6974/3722/1261 6973/3721/1261
f 6964/3734/1261 6968/3735/1261 6975/3723/1261 6974/3722/1261
f 6968/3735/1261 6966/3736/1261 6976/3724/1261 6975/3723/1261
f 6966/3736/1261 6962/3733/1261 6973/3721/1261 6976/3724/1261
f 6977/3737/2012 6980/3720/2012 6988/3717/2012 6985/3738/2012
f 6983/3739/2013 6982/3728/2014 6990/3740/2013 6991/3741/2014
f 6956/3742/2004 6954/3738/2004 6977/3737/2004 6978/3743/2004
f 6962/3726/2015 6966/3744/2015 6984/3745/2015 6981/3727/2015
f 6968/3746/2016 6964/3725/2016 6982/3728/2016 6983/3739/2016
f 6954/3738/2015 6958/3717/2015 6980/3720/2015 6977/3737/2015
f 6960/3718/2016 6956/3742/2016 6978/3743/2016 6979/3719/2016
f 6966/3744/2003 6968/3746/2003 6983/3739/2003 6984/3745/2003
f 6987/3747/1261 6986/3748/1261 6985/3738/1261 6988/3717/1261
f 6991/3741/1261 6990/3740/1261 6989/3726/1261 6992/3749/1261
f 6979/3719/2013 6978/3743/2013 6986/3748/2013 6987/3747/2013
f 6984/3745/2011 6983/3739/2011 6991/3741/2011 6992/3749/2011
f 6982/3728/2017 6981/3727/2017 6989/3726/2017 6990/3740/2017
f 6980/3720/2011 6979/3719/2011 6987/3747/2011 6988/3717/2011
f 6978/3743/2017 6977/3737/2017 6985/3738/2017 6986/3748/2017
f 6981/3727/2012 6984/3745/2012 6992/3749/2012 6989/3726/2012
f 6993/3750/1263 7009/3750/1263 7010/3751/1263 6995/3751/1263
f 6995/3751/1258 7010/3751/1258 7011/3752/1258 6999/3752/1258
f 6999/3752/1259 7011/3752/1259 7012/3753/1259 6997/3753/1259
f 6997/3753/1257 7012/3753/1257 7009/3750/1257 6993/3750/1257
f 6995/3751/1260 6999/3752/1260 6997/3753/1260 6993/3750/1260
f 6998/3754/2003 7000/3755/2003 7019/3756/2003 7020/3757/2003
f 7001/3758/1263 7013/3758/1263 7014/3759/1263 7003/3759/1263
f 7003/3759/1258 7014/3759/1258 7015/3760/1258 7007/3760/1258
f 7007/3760/1259 7015/3760/1259 7016/3761/1259 7005/3761/1259
f 7005/3761/1257 7016/3761/1257 7013/3758/1257 7001/3758/1257
f 7003/3759/1260 7007/3760/1260 7005/3761/1260 7001/3758/1260
f 7004/3762/2004 7002/3763/2004 7021/3764/2004 7022/3765/2004
f 6994/3766/1261 6996/3767/1261 7010/3751/1261 7009/3750/1261
f 6996/3767/1261 7000/3768/1261 7011/3752/1261 7010/3751/1261
f 7000/3768/1261 6998/3769/1261 7012/3753/1261 7011/3752/1261
f 6998/3769/1261 6994/3766/1261 7009/3750/1261 7012/3753/1261
f 7002/3770/1261 7004/3771/1261 7014/3759/1261 7013/3758/1261
f 7004/3771/1261 7008/3772/1261 7015/3760/1261 7014/3759/1261
f 7008/3772/1261 7006/3773/1261 7016/3761/1261 7015/3760/1261
f 7006/3773/1261 7002/3770/1261 7013/3758/1261 7016/3761/1261
f 7017/3774/2018 7020/3757/2018 7028/3775/2018 7025/3776/2018
f 7023/3777/2006 7022/3765/2006 7030/3762/2006 7031/3778/2006
f 6996/3779/2004 6994/3780/2004 7017/3774/2004 7018/3781/2004
f 7002/3763/2015 7006/3782/2015 7024/3783/2015 7021/3764/2015
f 7008/3784/2008 7004/3762/2008 7022/3765/2008 7023/3777/2008
f 6994/3780/2015 6998/3754/2015 7020/3757/2015 7017/3774/2015
f 7000/3755/2008 6996/3779/2008 7018/3781/2008 7019/3756/2008
f 7006/3782/2003 7008/3784/2003 7023/3777/2003 7024/3783/2003
f 7027/3755/1261 7026/3779/1261 7025/3776/1261 7028/3775/1261
f 7031/3778/1261 7030/3762/1261 7029/3785/1261 7032/3786/1261
f 7019/3756/2006 7018/3781/2006 7026/3779/2006 7027/3755/2006
f 7024/3783/2011 7023/3777/2011 7031/3778/2011 7032/3786/2011
f 7022/3765/2017 7021/3764/2017 7029/3785/2017 7030/3762/2017
f 7020/3757/2011 7019/3756/2011 7027/3755/2011 7028/3775/2011
f 7018/3781/2017 7017/3774/2017 7025/3776/2017 7026/3779/2017
f 7021/3764/2018 7024/3783/2018 7032/3786/2018 7029/3785/2018
f 7033/3787/1263 7049/3787/1263 7050/3788/1263 7035/3788/1263
f 7035/3788/1258 7050/3788/1258 7051/3789/1258 7039/3789/1258
f 7039/3789/1259 7051/3789/1259 7052/3790/1259 7037/3790/1259
f 7037/3790/1257 7052/3790/1257 7049/3787/1257 7033/3787/1257
f 7035/3788/1260 7039/3789/1260 7037/3790/1260 7033/3787/1260
f 7038/3791/2003 7040/3792/2003 7059/3793/2003 7060/3794/2003
f 7041/3795/1263 7053/3795/1263 7054/3796/1263 7043/3796/1263
f 7043/3796/1258 7054/3796/1258 7055/3797/1258 7047/3797/1258
f 7047/3797/1259 7055/3797/1259 7056/3798/1259 7045/3798/1259
f 7045/3798/1257 7056/3798/1257 7053/3795/1257 7041/3795/1257
f 7043/3796/1260 7047/3797/1260 7045/3798/1260 7041/3795/1260
f 7044/3799/2004 7042/3800/2004 7061/3801/2004 7062/3802/2004
f 7034/3803/1261 7036/3804/1261 7050/3788/1261 7049/3787/1261
f 7036/3804/1261 7040/3805/1261 7051/3789/1261 7050/3788/1261
f 7040/3805/1261 7038/3806/1261 7052/3790/1261 7051/3789/1261
f 7038/3806/1261 7034/3803/1261 7049/3787/1261 7052/3790/1261
f 7042/3807/1261 7044/3808/1261 7054/3796/1261 7053/3795/1261
f 7044/3808/1261 7048/3809/1261 7055/3797/1261 7054/3796/1261
f 7048/3809/1261 7046/3810/1261 7056/3798/1261 7055/3797/1261
f 7046/3810/1261 7042/3807/1261 7053/3795/1261 7056/3798/1261
f 7057/3811/2018 7060/3794/2018 7068/3791/2018 7065/3812/2018
f 7063/3813/2006 7062/3802/2006 7070/3814/2006 7071/3815/2006
f 7036/3816/2004 7034/3812/2004 7057/3811/2004 7058/3817/2004
f 7042/3800/2015 7046/3818/2015 7064/3819/2015 7061/3801/2015
f 7048/3820/2008 7044/3799/2008 7062/3802/2008 7063/3813/2008
f 7034/3812/2015 7038/3791/2015 7060/3794/2015 7057/3811/2015
f 7040/3792/2008 7036/3816/2008 7058/3817/2008 7059/3793/2008
f 7046/3818/2003 7048/3820/2003 7063/3813/2003 7064/3819/2003
f 7067/3821/1261 7066/3822/1261 7065/3812/1261 7068/3791/1261
f 7071/3815/1261 7070/3814/1261 7069/3800/1261 7072/3823/1261
f 7059/3793/2006 7058/3817/2006 7066/3822/2006 7067/3821/2006
f 7064/3819/2009 7063/3813/2009 7071/3815/2009 7072/3823/2009
f 7062/3802/2010 7061/3801/2010 7069/3800/2010 7070/3814/2010
f 7060/3794/2009 7059/3793/2009 7067/3821/2009 7068/3791/2009
f 7058/3817/2010 7057/3811/2010 7065/3812/2010 7066/3822/2010
f 7061/3801/2018 7064/3819/2018 7072/3823/2018 7069/3800/2018
f 7073/3824/1263 7074/3824/1263 7076/3825/1263 7075/3825/1263
f 7075/3825/1258 7076/3825/1258 7080/3826/1258 7079/3826/1258
f 7079/3826/1259 7080/3826/1259 7078/3827/1259 7077/3827/1259
f 7077/3827/1257 7078/3827/1257 7074/3824/1257 7073/3824/1257
f 7075/3825/1260 7079/3826/1260 7077/3827/1260 7073/3824/1260
f 7080/3826/1261 7076/3825/1261 7074/3824/1261 7078/3827/1261
f 7081/3828/1263 7082/3828/1263 7084/3829/1263 7083/3829/1263
f 7083/3829/1258 7084/3829/1258 7088/3830/1258 7087/3830/1258
f 7087/3830/1259 7088/3830/1259 7086/3831/1259 7085/3831/1259
f 7085/3831/1257 7086/3831/1257 7082/3828/1257 7081/3828/1257
f 7083/3829/1260 7087/3830/1260 7085/3831/1260 7081/3828/1260
f 7088/3830/1261 7084/3829/1261 7082/3828/1261 7086/3831/1261
f 7089/3832/1263 7090/3832/1263 7092/3833/1263 7091/3833/1263
f 7091/3833/1258 7092/3833/1258 7096/3834/1258 7095/3834/1258
f 7095/3834/1259 7096/3834/1259 7094/3835/1259 7093/3835/1259
f 7093/3835/1257 7094/3835/1257 7090/3832/1257 7089/3832/1257
f 7091/3833/1260 7095/3834/1260 7093/3835/1260 7089/3832/1260
f 7096/3834/1261 7092/3833/1261 7090/3832/1261 7094/3835/1261
f 7097/3836/1263 7098/3836/1263 7100/3837/1263 7099/3837/1263
f 7099/3837/1258 7100/3837/1258 7104/3838/1258 7103/3838/1258
f 7103/3838/1259 7104/3838/1259 7102/3839/1259 7101/3839/1259
f 7101/3839/1257 7102/3839/1257 7098/3836/1257 7097/3836/1257
f 7099/3837/1260 7103/3838/1260 7101/3839/1260 7097/3836/1260
f 7104/3838/1261 7100/3837/1261 7098/3836/1261 7102/3839/1261
f 7105/3840/1263 7106/3840/1263 7108/3841/1263 7107/3841/1263
f 7107/3841/1258 7108/3841/1258 7112/3842/1258 7111/3842/1258
f 7111/3842/1259 7112/3842/1259 7110/3843/1259 7109/3843/1259
f 7109/3843/1257 7110/3843/1257 7106/3840/1257 7105/3840/1257
f 7107/3841/1260 7111/3842/1260 7109/3843/1260 7105/3840/1260
f 7112/3842/1261 7108/3841/1261 7106/3840/1261 7110/3843/1261
f 7113/3844/1263 7114/3844/1263 7116/3845/1263 7115/3845/1263
f 7115/3845/1258 7116/3845/1258 7120/3846/1258 7119/3846/1258
f 7119/3846/1259 7120/3846/1259 7118/3847/1259 7117/3847/1259
f 7117/3847/1257 7118/3847/1257 7114/3844/1257 7113/3844/1257
f 7115/3845/1260 7119/3846/1260 7117/3847/1260 7113/3844/1260
f 7120/3846/1261 7116/3845/1261 7114/3844/1261 7118/3847/1261
f 7121/3848/1263 7122/3848/1263 7124/3849/1263 7123/3849/1263
f 7123/3849/1258 7124/3849/1258 7128/3850/1258 7127/3850/1258
f 7127/3850/1259 7128/3850/1259 7126/3851/1259 7125/3851/1259
f 7125/3851/1257 7126/3851/1257 7122/3848/1257 7121/3848/1257
f 7123/3849/1260 7127/3850/1260 7125/3851/1260 7121/3848/1260
f 7128/3850/1261 7124/3849/1261 7122/3848/1261 7126/3851/1261
f 7129/3852/1263 7130/3852/1263 7132/3853/1263 7131/3853/1263
f 7131/3853/1258 7132/3853/1258 7136/3854/1258 7135/3854/1258
f 7135/3854/1259 7136/3854/1259 7134/3855/1259 7133/3855/1259
f 7133/3855/1257 7134/3855/1257 7130/3852/1257 7129/3852/1257
f 7131/3853/1260 7135/3854/1260 7133/3855/1260 7129/3852/1260
f 7136/3854/1261 7132/3853/1261 7130/3852/1261 7134/3855/1261
f 7137/3856/1263 7138/3856/1263 7140/3857/1263 7139/3857/1263
f 7139/3857/1258 7140/3857/1258 7144/3858/1258 7143/3858/1258
f 7143/3858/1259 7144/3858/1259 7142/3859/1259 7141/3859/1259
f 7141/3859/1257 7142/3859/1257 7138/3856/1257 7137/3856/1257
f 7139/3857/1260 7143/3858/1260 7141/3859/1260 7137/3856/1260
f 7144/3858/1261 7140/3857/1261 7138/3856/1261 7142/3859/1261
f 7145/3860/1263 7146/3860/1263 7148/3861/1263 7147/3861/1263
f 7147/3861/1258 7148/3861/1258 7152/3862/1258 7151/3862/1258
f 7151/3862/1259 7152/3862/1259 7150/3863/1259 7149/3863/1259
f 7149/3863/1257 7150/3863/1257 7146/3860/1257 7145/3860/1257
f 7147/3861/1260 7151/3862/1260 7149/3863/1260 7145/3860/1260
f 7152/3862/1261 7148/3861/1261 7146/3860/1261 7150/3863/1261
f 7153/3864/1263 7154/3864/1263 7156/3865/1263 7155/3865/1263
f 7155/3865/1258 7156/3865/1258 7160/3866/1258 7159/3866/1258
f 7159/3866/1259 7160/3866/1259 7158/3867/1259 7157/3867/1259
f 7157/3867/1257 7158/3867/1257 7154/3864/1257 7153/3864/1257
f 7155/3865/1260 7159/3866/1260 7157/3867/1260 7153/3864/1260
f 7160/3866/1261 7156/3865/1261 7154/3864/1261 7158/3867/1261
f 7161/3868/1263 7162/3868/1263 7164/3869/1263 7163/3869/1263
f 7163/3869/1258 7164/3869/1258 7168/3870/1258 7167/3870/1258
f 7167/3870/1259 7168/3870/1259 7166/3871/1259 7165/3871/1259
f 7165/3871/1257 7166/3871/1257 7162/3868/1257 7161/3868/1257
f 7163/3869/1260 7167/3870/1260 7165/3871/1260 7161/3868/1260
f 7168/3870/1261 7164/3869/1261 7162/3868/1261 7166/3871/1261
f 7170/3872/1260 7169/3873/1260 7172/3874/1260 7171/3875/1260
f 7174/3872/1261 7175/3875/1261 7176/3874/1261 7173/3873/1261
f 7169/3873/1263 7173/3873/1263 7176/3874/1263 7172/3874/1263
f 7170/3872/1257 7174/3872/1257 7173/3873/1257 7169/3873/1257
f 7172/3874/1258 7176/3874/1258 7175/3875/1258 7171/3875/1258
f 7171/3875/1259 7175/3875/1259 7174/3872/1259 7170/3872/1259
f 7178/3876/1260 7177/3877/1260 7179/3878/1260 7180/3879/1260
f 7182/3880/1260 7181/3881/1260 7183/3882/1260 7184/3883/1260
f 7186/3884/1260 7185/3885/1260 7187/3886/1260 7188/3887/1260
f 7194/3880/2019 7206/3888/2019 7205/3889/2019 7193/3881/2019
f 7196/3883/2020 7208/3890/2020 7206/3888/2020 7194/3880/2020
f 7190/3876/2021 7202/3891/2021 7201/3892/2021 7189/3877/2021
f 7177/3877/1259 7189/3877/1259 7191/3878/1259 7179/3878/1259
f 7187/3886/1257 7199/3886/1257 7200/3887/1257 7188/3887/1257
f 7181/3881/1259 7193/3881/1259 7195/3882/1259 7183/3882/1259
f 7180/3879/1263 7192/3879/1263 7190/3876/1263 7178/3876/1263
f 7185/3885/1259 7197/3885/1259 7199/3886/1259 7187/3886/1259
f 7178/3876/1258 7190/3876/1258 7189/3877/1258 7177/3877/1258
f 7184/3883/1263 7196/3883/1263 7194/3880/1263 7182/3880/1263
f 7182/3880/1258 7194/3880/1258 7193/3881/1258 7181/3881/1258
f 7188/3887/1263 7200/3887/1263 7198/3884/1263 7186/3884/1263
f 7179/3878/1257 7191/3878/1257 7192/3879/1257 7180/3879/1257
f 7186/3884/1258 7198/3884/1258 7197/3885/1258 7185/3885/1258
f 7183/3882/1257 7195/3882/1257 7196/3883/1257 7184/3883/1257
f 7208/3890/1263 7220/3890/1263 7218/3888/1263 7206/3888/1263
f 7202/3891/1258 7214/3891/1258 7213/3892/1258 7201/3892/1258
f 7209/3893/1259 7221/3893/1259 7223/3894/1259 7211/3894/1259
f 7200/3887/2020 7212/3895/2020 7210/3896/2020 7198/3884/2020
f 7191/3878/2022 7203/3897/2022 7204/3898/2022 7192/3879/2022
f 7198/3884/2021 7210/3896/2021 7209/3893/2021 7197/3885/2021
f 7195/3882/2022 7207/3899/2022 7208/3890/2022 7196/3883/2022
f 7189/3877/2023 7201/3892/2023 7203/3897/2023 7191/3878/2023
f 7199/3886/2022 7211/3894/2022 7212/3895/2022 7200/3887/2022
f 7193/3881/2023 7205/3889/2023 7207/3899/2023 7195/3882/2023
f 7192/3879/2020 7204/3898/2020 7202/3891/2020 7190/3876/2020
f 7197/3885/2023 7209/3893/2023 7211/3894/2023 7199/3886/2023
f 7214/3891/1261 7216/3898/1261 7215/3897/1261 7213/3892/1261
f 7218/3888/1261 7220/3890/1261 7219/3899/1261 7217/3889/1261
f 7222/3896/1261 7224/3895/1261 7223/3894/1261 7221/3893/1261
f 7206/3888/1258 7218/3888/1258 7217/3889/1258 7205/3889/1258
f 7212/3895/1263 7224/3895/1263 7222/3896/1263 7210/3896/1263
f 7203/3897/1257 7215/3897/1257 7216/3898/1257 7204/3898/1257
f 7210/3896/1258 7222/3896/1258 7221/3893/1258 7209/3893/1258
f 7207/3899/1257 7219/3899/1257 7220/3890/1257 7208/3890/1257
f 7201/3892/1259 7213/3892/1259 7215/3897/1259 7203/3897/1259
f 7211/3894/1257 7223/3894/1257 7224/3895/1257 7212/3895/1257
f 7205/3889/1259 7217/3889/1259 7219/3899/1259 7207/3899/1259
f 7204/3898/1263 7216/3898/1263 7214/3891/1263 7202/3891/1263
f 7226/3900/2024 7225/3900/2024 7227/3901/2024 7228/3901/2024
f 7229/3902/2025 7231/3903/2025 7232/3903/2025 7230/3902/2025
f 7228/3901/1261 7231/3903/1261 7229/3902/1261 7226/3900/1261
f 7227/3901/2026 7232/3903/2026 7231/3903/2026 7228/3901/2026
f 7225/3900/1260 7230/3902/1260 7232/3903/1260 7227/3901/1260
f 7226/3900/2027 7229/3902/2027 7230/3902/2027 7225/3900/2027
f 7233/3904/2028 7234/3904/2028 7241/3905/2028 7242/3905/2028
f 7240/3906/2029 7239/3906/2029 7247/3907/2029 7248/3907/2029
f 7243/3908/2030 7244/3908/2030 7238/3909/2030 7237/3909/2030
f 7237/3909/2031 7238/3909/2031 7234/3904/2031 7233/3904/2031
f 7242/3905/1260 7243/3908/1260 7237/3909/1260 7233/3904/1260
f 7244/3908/1261 7241/3905/1261 7234/3904/1261 7238/3909/1261
f 7236/3910/2032 7235/3910/2033 7242/3905/2033 7241/3905/2032
f 7235/3910/2033 7239/3911/2034 7243/3908/2034 7242/3905/2033
f 7240/3911/2035 7236/3910/2032 7241/3905/2032 7244/3908/2035
f 7239/3911/2034 7240/3911/2035 7244/3908/2035 7243/3908/2034
f 7247/3907/2036 7246/3912/2036 7250/3913/2036 7251/3914/2036
f 7239/3906/2037 7235/3915/2037 7246/3912/2037 7247/3907/2037
f 7236/3915/2038 7240/3906/2038 7248/3907/2038 7245/3912/2038
f 7235/3915/2039 7236/3915/2039 7245/3912/2039 7246/3912/2039
f 7250/3913/2040 7249/3913/2040 7252/3914/2040 7251/3914/2040
f 7245/3912/2041 7248/3907/2042 7252/3914/2043 7249/3913/2043
f 7246/3912/2044 7245/3912/2044 7249/3913/2044 7250/3913/2044
f 7248/3907/2045 7247/3907/2046 7251/3914/2045 7252/3914/2045
f 7253/3904/2028 7254/3904/2028 7261/3905/2028 7262/3905/2028
f 7260/3906/2029 7259/3906/2029 7267/3907/2029 7268/3907/2029
f 7263/3908/2030 7264/3908/2030 7258/3909/2030 7257/3909/2030
f 7257/3909/2031 7258/3909/2031 7254/3904/2031 7253/3904/2031
f 7262/3905/1260 7263/3908/1260 7257/3909/1260 7253/3904/1260
f 7264/3908/1261 7261/3905/1261 7254/3904/1261 7258/3909/1261
f 7256/3910/2047 7255/3910/2048 7262/3905/2048 7261/3905/2047
f 7255/3910/2048 7259/3911/2034 7263/3908/2034 7262/3905/2048
f 7260/3911/2035 7256/3910/2047 7261/3905/2047 7264/3908/2035
f 7259/3911/2034 7260/3911/2035 7264/3908/2035 7263/3908/2034
f 7267/3907/2049 7266/3912/2050 7270/3913/2049 7271/3914/2051
f 7259/3906/2037 7255/3915/2037 7266/3912/2037 7267/3907/2037
f 7256/3915/2052 7260/3906/2052 7268/3907/2052 7265/3912/2052
f 7255/3915/2039 7256/3915/2039 7265/3912/2039 7266/3912/2039
f 7270/3913/2040 7269/3913/2040 7272/3914/2040 7271/3914/2040
f 7265/3912/2053 7268/3907/2053 7272/3914/2053 7269/3913/2053
f 7266/3912/2044 7265/3912/2044 7269/3913/2044 7270/3913/2044
f 7268/3907/2054 7267/3907/2054 7271/3914/2054 7272/3914/2046
f 7273/3904/2028 7274/3904/2028 7281/3905/2028 7282/3905/2028
f 7280/3906/2029 7279/3906/2029 7287/3907/2029 7288/3907/2029
f 7283/3908/2030 7284/3908/2030 7278/3909/2030 7277/3909/2030
f 7277/3909/2031 7278/3909/2031 7274/3904/2031 7273/3904/2031
f 7282/3905/1260 7283/3908/1260 7277/3909/1260 7273/3904/1260
f 7284/3908/1261 7281/3905/1261 7274/3904/1261 7278/3909/1261
f 7276/3910/2032 7275/3910/2033 7282/3905/2033 7281/3905/2032
f 7275/3910/2033 7279/3911/2034 7283/3908/2034 7282/3905/2033
f 7280/3911/2035 7276/3910/2032 7281/3905/2032 7284/3908/2035
f 7279/3911/2034 7280/3911/2035 7284/3908/2035 7283/3908/2034
f 7287/3907/2036 7286/3912/2036 7290/3913/2036 7291/3914/2036
f 7279/3906/2037 7275/3915/2037 7286/3912/2037 7287/3907/2037
f 7276/3915/2055 7280/3906/2055 7288/3907/2055 7285/3912/2055
f 7275/3915/2039 7276/3915/2039 7285/3912/2039 7286/3912/2039
f 7290/3913/2040 7289/3913/2040 7292/3914/2040 7291/3914/2040
f 7285/3912/2056 7288/3907/2056 7292/3914/2056 7289/3913/2056
f 7286/3912/2044 7285/3912/2044 7289/3913/2044 7290/3913/2044
f 7288/3907/2057 7287/3907/2057 7291/3914/2057 7292/3914/2057
f 7298/3916/2027 7297/3917/2027 7295/3918/2027 7296/3919/2027
f 7294/3920/2027 7293/3921/2027 7297/3917/2027 7298/3916/2027
f 7296/3919/2027 7295/3918/2027 7299/3922/2027 7300/3923/2027
f 7302/3924/2027 7301/3925/2027 7303/3925/2027 7304/3924/2027
f 7306/3926/2027 7305/3925/2027 7307/3925/2027 7308/3926/2027
f 7314/3927/2026 7312/3928/2026 7311/3929/2026 7313/3930/2026
f 7310/3931/2026 7314/3927/2026 7313/3930/2026 7309/3932/2026
f 7312/3928/2026 7316/3933/2026 7315/3934/2026 7311/3929/2026
f 7318/3927/2026 7320/3927/2026 7319/3935/2026 7317/3935/2026
f 7322/3936/2026 7324/3936/2026 7323/3935/2026 7321/3935/2026
f 7303/3925/1261 7319/3935/1261 7320/3927/1261 7304/3924/1261
f 7297/3917/2058 7313/3930/2058 7311/3929/2058 7295/3918/2058
f 7301/3925/2028 7317/3935/2028 7319/3935/2028 7303/3925/2028
f 7296/3919/2059 7312/3928/2059 7314/3927/2059 7298/3916/2059
f 7304/3924/2030 7320/3927/2030 7318/3927/2030 7302/3924/2030
f 7306/3926/1260 7322/3936/1260 7321/3935/1260 7305/3925/1260
f 7299/3922/1261 7315/3934/1261 7316/3933/1261 7300/3923/1261
f 7294/3920/1260 7310/3931/1260 7309/3932/1260 7293/3921/1260
f 7307/3925/1261 7323/3935/1261 7324/3936/1261 7308/3926/1261
f 7295/3918/2060 7311/3929/2060 7315/3934/2060 7299/3922/2060
f 7305/3925/2028 7321/3935/2028 7323/3935/2028 7307/3925/2028
f 7300/3923/2061 7316/3933/2061 7312/3928/2061 7296/3919/2061
f 7293/3921/2062 7309/3932/2062 7313/3930/2062 7297/3917/2062
f 7308/3926/2063 7324/3936/2063 7322/3936/2063 7306/3926/2063
f 7302/3924/1260 7318/3927/1260 7317/3935/1260 7301/3925/1260
f 7298/3916/2064 7314/3927/2064 7310/3931/2064 7294/3920/2064
f 7327/3937/2024 7329/3938/2024 7331/3939/2024
f 7337/3940/2030 7336/3941/2065 7335/3942/2030
f 7332/3943/2066 7340/3944/2066 7333/3940/2066 7325/3938/2066
f 7330/3943/2067 7338/3944/2067 7339/3945/2067 7331/3939/2067
f 7328/3946/2068 7336/3941/2068 7337/3940/2068 7329/3938/2068
f 7326/3946/2069 7334/3941/2069 7335/3942/2069 7327/3937/2069
f 7331/3939/2070 7339/3945/2070 7340/3944/2070 7332/3943/2070
f 7329/3938/2071 7337/3940/2071 7338/3944/2071 7330/3943/2071
f 7327/3937/2072 7335/3942/2072 7336/3941/2072 7328/3946/2072
f 7325/3938/2073 7333/3940/2073 7334/3941/2073 7326/3946/2073
f 7341/3947/2074 7342/3948/2074 7344/3949/2074 7343/3950/2074
f 7374/3951/2075 7368/3952/2075 7366/3907/2075 7369/3953/2075
f 7343/3950/2076 7364/3954/2076 7362/3955/2076 7341/3947/2076
f 7344/3949/2077 7363/3956/2078 7364/3954/2077 7343/3950/2077
f 7342/3948/2079 7361/3957/2079 7363/3956/2079 7344/3949/2079
f 7341/3947/2080 7362/3955/2081 7361/3957/2081 7342/3948/2080
f 7366/3907/2082 7368/3952/2082 7367/3958/2082 7365/3959/2082
f 7357/3960/2078 7352/3961/2083 7351/3962/2083 7355/3963/2078
f 7376/3964/2084 7365/3959/2084 7367/3958/2084 7375/3965/2084
f 7354/3966/2081 7349/3967/2081 7350/3968/2085 7359/3969/2086
f 7345/3970/2081 7353/3971/2081 7360/3972/2080 7346/3973/2081
f 7353/3971/2081 7354/3966/2081 7359/3969/2086 7360/3972/2080
f 7361/3957/2087 7372/3974/2087 7371/3975/2087 7363/3956/2087
f 7372/3974/2079 7376/3964/2079 7375/3965/2079 7371/3975/2079
f 7348/3976/2078 7358/3977/2078 7356/3978/2077 7347/3979/2077
f 7358/3977/2078 7357/3960/2078 7355/3963/2078 7356/3978/2077
f 7364/3954/2088 7370/3980/2088 7373/3981/2088 7362/3955/2088
f 7370/3980/2076 7374/3951/2076 7369/3953/2076 7373/3981/2076
f 7346/3955/2081 7361/3957/2081 7362/3955/2081 7345/3982/2081
f 7347/3983/2077 7364/3954/2077 7363/3956/2078 7348/3984/2078
f 7349/3959/2081 7366/3907/2081 7365/3959/2085 7350/3985/2085
f 7352/3986/2083 7367/3958/2083 7368/3952/2083 7351/3987/2083
f 7354/3988/2081 7369/3953/2081 7366/3907/2081 7349/3959/2081
f 7356/3980/2077 7370/3980/2078 7364/3954/2077 7347/3983/2077
f 7348/3984/2078 7363/3956/2078 7371/3975/2078 7358/3989/2078
f 7360/3990/2080 7372/3974/2086 7361/3957/2081 7346/3955/2081
f 7345/3982/2081 7362/3955/2081 7373/3981/2085 7353/3981/2081
f 7353/3981/2081 7373/3981/2085 7369/3953/2081 7354/3988/2081
f 7351/3987/2083 7368/3952/2083 7374/3951/2078 7355/3991/2078
f 7355/3991/2078 7374/3951/2078 7370/3980/2078 7356/3980/2077
f 7357/3965/2078 7375/3965/2078 7367/3958/2083 7352/3986/2083
f 7358/3989/2078 7371/3975/2078 7375/3965/2078 7357/3965/2078
f 7350/3985/2085 7365/3959/2085 7376/3964/2086 7359/3964/2086
f 7359/3964/2086 7376/3964/2086 7372/3974/2086 7360/3990/2080
f 7381/3992/2089 7383/3993/2089 7378/3994/2089
f 7389/3995/2090 7388/3996/2090 7387/3997/2026
f 7394/3998/2091 7393/3999/2091 7389/3995/2091 7390/4000/2091
f 7396/4001/2092 7395/4002/2092 7387/3997/2092 7388/3996/2092
f 7398/4002/2093 7397/4001/2093 7386/3996/2093 7385/3997/2093
f 7397/4001/1261 7399/3999/1261 7392/3995/1261 7386/3996/1261
f 7400/3998/2094 7394/3998/2094 7390/4000/2094 7391/4000/2094
f 7393/3999/1828 7396/4001/1828 7388/3996/1828 7389/3995/1828
f 7395/4002/2095 7398/4002/2095 7385/3997/2095 7387/3997/2095
f 7399/3999/2096 7400/3998/2096 7391/4000/2096 7392/3995/2096
f 7384/3992/2097 7383/3993/2097 7400/3998/2097 7399/3999/2097
f 7379/4003/2098 7377/4003/2098 7398/4002/2098 7395/4002/2098
f 7381/3992/2099 7380/3994/2099 7396/4001/2099 7393/3999/2099
f 7383/3993/2100 7382/3993/2100 7394/3998/2100 7400/3998/2100
f 7378/3994/2101 7384/3992/2101 7399/3999/2101 7397/4001/2101
f 7377/4003/2102 7378/3994/2102 7397/4001/2102 7398/4002/2103
f 7380/3994/2104 7379/4003/2104 7395/4002/2104 7396/4001/2104
f 7382/3993/2105 7381/3992/2105 7393/3999/2105 7394/3998/2106
f 7403/4004/2031 7401/4005/2031 7407/4006/2031
f 7410/4007/2107 7411/4007/2107 7427/4008/2107 7426/4008/2107
f 7403/4004/2108 7404/4005/2108 7420/4009/2108 7419/4010/2108
f 7401/4005/2109 7402/4004/2109 7417/4010/2109 7418/4009/2109
f 7408/4011/1261 7401/4005/1261 7418/4009/1261 7424/4012/1261
f 7406/4006/2110 7407/4006/2110 7423/4013/2110 7422/4013/2110
f 7404/4005/1260 7405/4011/1260 7421/4012/1260 7420/4009/1260
f 7402/4004/2030 7403/4004/2030 7419/4010/2030 7417/4010/2030
f 7407/4006/2111 7408/4011/2111 7424/4012/2111 7423/4013/2111
f 7405/4011/2112 7406/4006/2112 7422/4013/2112 7421/4012/2112
f 7410/4007/2113 7409/4014/2089 7418/4009/2114 7417/4010/2113
f 7411/4007/2115 7410/4007/2113 7417/4010/2113 7419/4010/2115
f 7412/4014/2116 7411/4007/2115 7419/4010/2115 7420/4009/2116
f 7413/4015/2117 7412/4014/2116 7420/4009/2116 7421/4012/2118
f 7414/4016/2033 7413/4015/2117 7421/4012/2118 7422/4013/2033
f 7415/4016/2032 7414/4016/2033 7422/4013/2033 7423/4013/2032
f 7416/4015/2048 7415/4016/2032 7423/4013/2032 7424/4012/2048
f 7409/4014/2089 7416/4015/2048 7424/4012/2048 7418/4009/2114
f 7427/4017/2027 7429/4018/2027 7431/4019/2027
f 7415/4016/2119 7416/4015/2120 7432/4020/2119 7431/4021/2119
f 7413/4015/2121 7414/4016/2121 7430/4021/2121 7429/4020/2121
f 7411/4007/2122 7412/4014/2122 7428/4022/2122 7427/4008/2122
f 7409/4014/2123 7410/4007/2123 7426/4008/2123 7425/4022/2123
f 7416/4015/1260 7409/4014/1260 7425/4022/1260 7432/4020/1260
f 7414/4016/2078 7415/4016/2078 7431/4021/2078 7430/4021/2078
f 7412/4014/1261 7413/4015/1261 7429/4020/1261 7428/4022/1261
f 7449/4023/1260 7433/4024/1260 7436/4025/1260 7453/4026/1260
f 7477/4027/2124 7472/4028/2124 7443/4029/2124 7445/4030/2124
f 7433/4024/1263 7437/4024/1263 7440/4025/1263 7436/4025/1263
f 7449/4023/1257 7457/4023/1257 7437/4024/1257 7433/4024/1257
f 7456/4031/1258 7464/4031/1258 7439/4032/1258 7435/4032/1258
f 7435/4032/1259 7439/4032/1259 7438/4033/1259 7434/4033/1259
f 7465/4034/1261 7469/4035/1261 7444/4036/1261 7441/4037/1261
f 7445/4030/1259 7443/4029/1259 7442/4038/1259 7447/4039/1259
f 7448/4040/1263 7441/4037/1263 7444/4036/1263 7446/4041/1263
f 7473/4042/2125 7465/4034/2125 7441/4037/2125 7448/4040/2125
f 7457/4023/2126 7473/4042/2126 7448/4040/2126 7437/4024/2126
f 7437/4024/1263 7448/4040/1263 7446/4041/1263 7440/4025/1263
f 7439/4032/1259 7445/4030/1259 7447/4039/1259 7438/4033/1259
f 7464/4031/2127 7477/4027/2127 7445/4030/2127 7439/4032/2127
f 7440/4025/2127 7446/4041/2127 7480/4043/2127 7461/4026/2127
f 7479/4044/1263 7491/4045/1263 7488/4046/1263 7470/4047/1263
f 7462/4048/2127 7479/4044/2127 7478/4049/2127 7463/4050/2127
f 7463/4050/2127 7478/4049/2127 7477/4027/2127 7464/4031/2127
f 7438/4033/2126 7447/4039/2126 7476/4051/2126 7460/4052/2126
f 7460/4052/2126 7476/4051/2126 7475/4053/2126 7459/4054/2126
f 7459/4054/2126 7475/4053/2126 7474/4055/2126 7458/4056/2126
f 7462/4048/1263 7484/4057/1263 7491/4045/1263 7479/4044/1263
f 7447/4039/2125 7442/4038/2125 7468/4058/2125 7476/4051/2125
f 7476/4051/2125 7468/4058/2125 7467/4059/2125 7475/4053/2125
f 7475/4053/2125 7467/4059/2125 7466/4060/2125 7474/4055/2125
f 7458/4056/2128 7482/4061/2128 7481/4062/2128 7457/4023/2128
f 7442/4038/1261 7443/4029/1261 7472/4028/1261 7468/4058/1261
f 7468/4058/1261 7472/4028/1261 7471/4063/1261 7467/4059/1261
f 7467/4059/1261 7471/4063/1261 7470/4047/1261 7466/4060/1261
f 7473/4042/1259 7489/4064/1259 7485/4065/1259 7465/4034/1259
f 7436/4025/1258 7440/4025/1258 7461/4026/1258 7453/4026/1258
f 7453/4026/1258 7461/4026/1258 7462/4048/1258 7454/4048/1258
f 7454/4048/1258 7462/4048/1258 7463/4050/1258 7455/4050/1258
f 7455/4050/1258 7463/4050/1258 7464/4031/1258 7456/4031/1258
f 7434/4033/1257 7438/4033/1257 7460/4052/1257 7452/4052/1257
f 7452/4052/1257 7460/4052/1257 7459/4054/1257 7451/4054/1257
f 7451/4054/1257 7459/4054/1257 7458/4056/1257 7450/4056/1257
f 7450/4056/1257 7458/4056/1257 7457/4023/1257 7449/4023/1257
f 7446/4041/2124 7444/4036/2124 7469/4035/2124 7480/4043/2124
f 7470/4047/1263 7488/4046/1263 7486/4066/1263 7466/4060/1263
f 7479/4044/2124 7470/4047/2124 7471/4063/2124 7478/4049/2124
f 7478/4049/2124 7471/4063/2124 7472/4028/2124 7477/4027/2124
f 7434/4033/1260 7452/4052/1260 7456/4031/1260 7435/4032/1260
f 7452/4052/1260 7451/4054/1260 7455/4050/1260 7456/4031/1260
f 7451/4054/1260 7450/4056/1260 7454/4048/1260 7455/4050/1260
f 7450/4056/1260 7449/4023/1260 7453/4026/1260 7454/4048/1260
f 7483/4067/2129 7492/4068/2129 7491/4069/2129 7484/4070/2129
f 7482/4071/2130 7490/4072/2130 7489/4073/2130 7481/4074/2130
f 7490/4072/2131 7486/4075/2131 7485/4076/2131 7489/4073/2131
f 7486/4075/1261 7488/4077/1261 7487/4078/1261 7485/4076/1261
f 7492/4068/2132 7487/4078/2132 7488/4077/2132 7491/4069/2132
f 7465/4034/1259 7485/4065/1259 7487/4079/1259 7469/4035/1259
f 7461/4026/2133 7483/4080/2133 7484/4057/2133 7462/4048/2133
f 7474/4055/1263 7490/4081/1263 7482/4061/1263 7458/4056/1263
f 7466/4060/1263 7486/4066/1263 7490/4081/1263 7474/4055/1263
f 7480/4043/1259 7492/4082/1259 7483/4080/1259 7461/4026/1259
f 7469/4035/1259 7487/4079/1259 7492/4082/1259 7480/4043/1259
f 7457/4023/1259 7481/4062/1259 7489/4064/1259 7473/4042/1259
f 7532/4083/2134 7494/4084/2134 7496/4085/2134 7536/4086/2134
f 7516/4087/2135 7520/4088/2135 7500/4089/2135 7498/4090/2135
f 7495/4091/2136 7499/4092/2136 7497/4093/2136 7493/4094/2136
f 7495/4091/2137 7501/4095/2137 7503/4096/2137 7499/4092/2137
f 7494/4084/2138 7498/4090/2138 7500/4089/2138 7496/4085/2138
f 7532/4083/2139 7516/4087/2139 7498/4090/2139 7494/4084/2139
f 7521/4097/2140 7525/4098/2140 7503/4096/2140 7501/4095/2140
f 7520/4088/2135 7528/4099/2135 7504/4100/2135 7500/4089/2135
f 7533/4101/2134 7521/4097/2134 7501/4095/2134 7495/4091/2134
f 7500/4089/2141 7504/4100/2141 7502/4102/2141 7496/4085/2141
f 7496/4085/2134 7502/4102/2134 7524/4103/2134 7536/4086/2134
f 7536/4086/2134 7524/4103/2134 7523/4104/2134 7535/4105/2134
f 7535/4105/2134 7523/4104/2134 7522/4106/2134 7534/4107/2134
f 7534/4107/2134 7522/4106/2134 7521/4097/2134 7533/4101/2134
f 7499/4092/2135 7503/4096/2135 7525/4098/2135 7517/4108/2135
f 7517/4108/2135 7525/4098/2135 7526/4109/2135 7518/4110/2135
f 7518/4110/2135 7526/4109/2135 7527/4111/2135 7519/4112/2135
f 7519/4112/2135 7527/4111/2135 7528/4099/2135 7520/4088/2135
f 7502/4102/2140 7504/4100/2140 7528/4099/2140 7524/4103/2140
f 7524/4103/2140 7528/4099/2140 7527/4111/2140 7523/4104/2140
f 7523/4104/2140 7527/4111/2140 7526/4109/2140 7522/4106/2140
f 7522/4106/2140 7526/4109/2140 7525/4098/2140 7521/4097/2140
f 7493/4094/2142 7497/4093/2142 7513/4113/2142 7529/4114/2142
f 7529/4114/2143 7513/4113/2143 7514/4115/2143 7530/4116/2143
f 7530/4116/2144 7514/4115/2144 7515/4117/2144 7531/4118/2144
f 7531/4118/2145 7515/4117/2145 7516/4087/2145 7532/4083/2145
f 7497/4093/2135 7499/4092/2135 7517/4108/2135 7513/4113/2135
f 7513/4113/2135 7517/4108/2135 7518/4110/2135 7514/4115/2135
f 7514/4115/2135 7518/4110/2135 7519/4112/2135 7515/4117/2135
f 7515/4117/2135 7519/4112/2135 7520/4088/2135 7516/4087/2135
f 7493/4094/2134 7529/4114/2134 7533/4101/2134 7495/4091/2134
f 7511/4119/2146 7539/4120/2146 7544/4121/2146 7512/4122/2146
f 7512/4122/1259 7544/4121/1259 7542/4123/1259 7508/4124/1259
f 7506/4125/2147 7538/4126/2147 7541/4127/2147 7505/4128/2147
f 7505/4128/2148 7529/4114/2134 7530/4116/2149 7506/4125/2149
f 7506/4125/2149 7530/4116/2149 7531/4118/2149 7507/4129/2149
f 7507/4129/2149 7531/4118/2149 7532/4083/2134 7508/4124/2150
f 7510/4130/2151 7534/4107/2134 7533/4101/2134 7509/4131/2152
f 7511/4119/2151 7535/4105/2134 7534/4107/2134 7510/4130/2151
f 7512/4122/2153 7536/4086/2134 7535/4105/2134 7511/4119/2151
f 7509/4131/2152 7533/4101/2134 7529/4114/2134 7505/4128/2148
f 7508/4124/2150 7532/4083/2134 7536/4086/2134 7512/4122/2153
f 7541/4127/1260 7538/4126/1260 7537/4132/1260 7543/4133/1260
f 7538/4126/1260 7540/4134/1260 7539/4120/1260 7537/4132/1260
f 7540/4134/1260 7542/4123/1260 7544/4121/1260 7539/4120/1260
f 7509/4131/2146 7543/4133/2146 7537/4132/2146 7510/4130/2146
f 7507/4129/2154 7540/4134/2154 7538/4126/2154 7506/4125/2154
f 7505/4128/1263 7541/4127/1263 7543/4133/1263 7509/4131/1263
f 7510/4130/2146 7537/4132/2146 7539/4120/2146 7511/4119/2146
f 7508/4124/2155 7542/4123/2155 7540/4134/2155 7507/4129/2155
f 7584/4135/2134 7588/4136/2134 7548/4137/2134 7546/4138/2134
f 7568/4139/2135 7550/4140/2135 7552/4141/2135 7572/4142/2135
f 7547/4143/2138 7545/4144/2138 7549/4145/2138 7551/4146/2138
f 7547/4143/2141 7551/4146/2141 7555/4147/2141 7553/4148/2141
f 7546/4138/2136 7548/4137/2136 7552/4141/2136 7550/4140/2136
f 7584/4135/2156 7546/4138/2156 7550/4140/2156 7568/4139/2156
f 7573/4149/2140 7553/4148/2140 7555/4147/2140 7577/4150/2140
f 7572/4142/2135 7552/4141/2135 7556/4151/2135 7580/4152/2135
f 7585/4153/2134 7547/4143/2134 7553/4148/2134 7573/4149/2134
f 7552/4141/2137 7548/4137/2137 7554/4154/2137 7556/4151/2137
f 7548/4137/2134 7588/4136/2134 7576/4155/2134 7554/4154/2134
f 7588/4136/2134 7587/4156/2134 7575/4157/2134 7576/4155/2134
f 7587/4156/2134 7586/4158/2134 7574/4159/2134 7575/4157/2134
f 7586/4158/2134 7585/4153/2134 7573/4149/2134 7574/4159/2134
f 7551/4146/2135 7569/4160/2135 7577/4150/2135 7555/4147/2135
f 7569/4160/2135 7570/4161/2135 7578/4162/2135 7577/4150/2135
f 7570/4161/2135 7571/4163/2135 7579/4164/2135 7578/4162/2135
f 7571/4163/2135 7572/4142/2135 7580/4152/2135 7579/4164/2135
f 7554/4154/2140 7576/4155/2140 7580/4152/2140 7556/4151/2140
f 7576/4155/2140 7575/4157/2140 7579/4164/2140 7580/4152/2140
f 7575/4157/2140 7574/4159/2140 7578/4162/2140 7579/4164/2140
f 7574/4159/2140 7573/4149/2140 7577/4150/2140 7578/4162/2140
f 7545/4144/2157 7581/4165/2157 7565/4166/2157 7549/4145/2157
f 7581/4165/2145 7582/4167/2145 7566/4168/2145 7565/4166/2145
f 7582/4167/2144 7583/4169/2144 7567/4170/2144 7566/4168/2144
f 7583/4169/2143 7584/4135/2143 7568/4139/2143 7567/4170/2143
f 7549/4145/2135 7565/4166/2135 7569/4160/2135 7551/4146/2135
f 7565/4166/2135 7566/4168/2135 7570/4161/2135 7569/4160/2135
f 7566/4168/2135 7567/4170/2135 7571/4163/2135 7570/4161/2135
f 7567/4170/2135 7568/4139/2135 7572/4142/2135 7571/4163/2135
f 7545/4144/2134 7547/4143/2134 7585/4153/2134 7581/4165/2134
f 7563/4171/2146 7564/4172/2146 7596/4173/2146 7591/4174/2146
f 7564/4172/1263 7560/4175/1263 7594/4176/1263 7596/4173/1263
f 7558/4177/2155 7557/4178/2155 7593/4179/2155 7590/4180/2155
f 7557/4178/2150 7558/4177/2149 7582/4167/2149 7581/4165/2134
f 7558/4177/2149 7559/4181/2149 7583/4169/2149 7582/4167/2149
f 7559/4181/2149 7560/4175/2148 7584/4135/2134 7583/4169/2149
f 7562/4182/2151 7561/4183/2153 7585/4153/2134 7586/4158/2134
f 7563/4171/2151 7562/4182/2151 7586/4158/2134 7587/4156/2134
f 7564/4172/2152 7563/4171/2151 7587/4156/2134 7588/4136/2134
f 7561/4183/2153 7557/4178/2150 7581/4165/2134 7585/4153/2134
f 7560/4175/2148 7564/4172/2152 7588/4136/2134 7584/4135/2134
f 7593/4179/1260 7595/4184/1260 7589/4185/1260 7590/4180/1260
f 7590/4180/1260 7589/4185/1260 7591/4174/1260 7592/4186/1260
f 7592/4186/1260 7591/4174/1260 7596/4173/1260 7594/4176/1260
f 7561/4183/2146 7562/4182/2146 7589/4185/2146 7595/4184/2146
f 7559/4181/2154 7558/4177/2154 7590/4180/2154 7592/4186/2154
f 7557/4178/1259 7561/4183/1259 7595/4184/1259 7593/4179/1259
f 7562/4182/2146 7563/4171/2146 7591/4174/2146 7589/4185/2146
f 7560/4175/2147 7559/4181/2147 7592/4186/2147 7594/4176/2147
f 7599/4187/2158 7597/4188/2158 7602/4189/2158 7604/4190/2158
f 7604/4190/1257 7602/4189/1257 7606/4189/1257 7608/4190/1257
f 7598/4191/2159 7600/4192/2159 7603/4193/2159 7601/4194/2159
f 7597/4188/2160 7598/4191/2160 7601/4194/2160 7602/4189/2160
f 7600/4192/2161 7599/4187/2161 7604/4190/2161 7603/4193/2161
f 7607/4193/2162 7608/4190/2162 7612/4195/2162 7611/4196/2162
f 7601/4194/1258 7603/4193/1258 7607/4193/1258 7605/4194/1258
f 7603/4193/1259 7604/4190/1259 7608/4190/1259 7607/4193/1259
f 7602/4189/1263 7601/4194/1263 7605/4194/1263 7606/4189/1263
f 7609/4197/2163 7611/4196/2163 7612/4195/2163 7610/4198/2163
f 7606/4189/2164 7605/4194/2164 7609/4197/2164 7610/4198/2164
f 7608/4190/2165 7606/4189/2165 7610/4198/2165 7612/4195/2165
f 7605/4194/2166 7607/4193/2166 7611/4196/2166 7609/4197/2166
f 7598/4191/1261 7597/4188/1261 7599/4187/1261 7600/4192/1261
f 7613/4199/1257 7614/4199/1257 7616/4200/1257 7615/4200/1257
f 7617/4201/1257 7618/4201/1257 7620/4202/1257 7619/4202/1257
f 7621/4203/1258 7623/4204/1258 7624/4204/1258 7622/4203/1258
f 7625/4205/1258 7627/4206/1258 7628/4206/1258 7626/4205/1258
f 7616/4200/1259 7624/4204/1259 7623/4204/1259 7615/4200/1259
f 7618/4201/1260 7626/4205/1260 7628/4206/1260 7620/4202/1260
f 7617/4201/1263 7625/4205/1263 7626/4205/1263 7618/4201/1263
f 7614/4199/1260 7622/4203/1260 7624/4204/1260 7616/4200/1260
f 7613/4199/1263 7621/4203/1263 7622/4203/1263 7614/4199/1263
f 7619/4202/1261 7627/4206/1261 7625/4205/1261 7617/4201/1261
f 7620/4202/1259 7628/4206/1259 7627/4206/1259 7619/4202/1259
f 7615/4200/1261 7623/4204/1261 7621/4203/1261 7613/4199/1261
f 7629/4207/1263 7630/4207/1263 7644/4208/1263 7631/4208/1263
f 7641/4209/1258 7632/4209/1258 7636/4210/1258 7635/4210/1258
f 7635/4210/1259 7636/4210/1259 7634/4211/1259 7633/4211/1259
f 7633/4211/1257 7634/4211/1257 7643/4212/1257 7642/4212/1257
f 7641/4209/1260 7635/4210/1260 7633/4211/1260 7642/4212/1260
f 7634/4211/1259 7636/4210/1259 7639/4213/1259 7640/4214/1259
f 7639/4213/1261 7646/4215/1261 7645/4216/1261 7640/4214/1261
f 7644/4208/1263 7630/4207/1263 7637/4217/1263 7638/4218/1263
f 7643/4212/2167 7634/4211/2167 7640/4214/2167 7645/4216/2167
f 7636/4210/2168 7632/4209/2168 7646/4215/2168 7639/4213/2168
f 7629/4207/2169 7631/4208/2169 7641/4209/2169 7642/4212/2169
f 7630/4207/2170 7629/4207/2170 7642/4212/2170 7643/4212/2170
f 7631/4208/2171 7644/4208/2171 7632/4209/2171 7641/4209/2171
f 7638/4218/2172 7637/4217/2172 7645/4216/2172 7646/4215/2172
f 7637/4217/2173 7630/4207/2173 7643/4212/2173 7645/4216/2173
f 7644/4208/2174 7638/4218/2175 7646/4215/2175 7632/4209/2174
f 7647/4219/1263 7648/4219/1263 7662/4220/1263 7649/4220/1263
f 7659/4221/1258 7650/4221/1258 7654/4222/1258 7653/4222/1258
f 7653/4222/1259 7654/4222/1259 7652/4223/1259 7651/4223/1259
f 7651/4223/1257 7652/4223/1257 7661/4224/1257 7660/4224/1257
f 7659/4221/1260 7653/4222/1260 7651/4223/1260 7660/4224/1260
f 7652/4223/1259 7654/4222/1259 7657/4225/1259 7658/4226/1259
f 7657/4225/1261 7664/4227/1261 7663/4228/1261 7658/4226/1261
f 7662/4220/1263 7648/4219/1263 7655/4229/1263 7656/4230/1263
f 7661/4224/2176 7652/4223/2176 7658/4226/2176 7663/4228/2176
f 7654/4222/2177 7650/4221/2177 7664/4227/2177 7657/4225/2177
f 7647/4219/2169 7649/4220/2169 7659/4221/2169 7660/4224/2169
f 7648/4219/2178 7647/4219/2178 7660/4224/2178 7661/4224/2178
f 7649/4220/2179 7662/4220/2179 7650/4221/2179 7659/4221/2179
f 7656/4230/2172 7655/4229/2172 7663/4228/2172 7664/4227/2172
f 7655/4229/2180 7648/4219/2180 7661/4224/2180 7663/4228/2180
f 7662/4220/2175 7656/4230/2175 7664/4227/2175 7650/4221/2175
f 7665/4231/1263 7666/4231/1263 7680/4232/1263 7667/4232/1263
f 7677/4233/1258 7668/4233/1258 7672/4234/1258 7671/4234/1258
f 7671/4234/1259 7672/4234/1259 7670/4235/1259 7669/4235/1259
f 7669/4235/1257 7670/4235/1257 7679/4236/1257 7678/4236/1257
f 7677/4233/1851 7671/4234/1851 7669/4235/1851 7678/4236/1851
f 7670/4235/1259 7672/4234/1259 7675/4237/1259 7676/4238/1259
f 7675/4237/2181 7682/4239/2181 7681/4240/2181 7676/4238/2181
f 7680/4232/1263 7666/4231/1263 7673/4241/1263 7674/4242/1263
f 7679/4236/2167 7670/4235/2167 7676/4238/2167 7681/4240/2167
f 7672/4234/2168 7668/4233/2168 7682/4239/2168 7675/4237/2168
f 7665/4231/2182 7667/4232/2182 7677/4233/2182 7678/4236/2182
f 7666/4231/2183 7665/4231/2183 7678/4236/2183 7679/4236/2183
f 7667/4232/2184 7680/4232/2184 7668/4233/2184 7677/4233/2184
f 7674/4242/2185 7673/4241/2185 7681/4240/2185 7682/4239/2185
f 7673/4241/2186 7666/4231/2186 7679/4236/2186 7681/4240/2186
f 7680/4232/2187 7674/4242/2187 7682/4239/2187 7668/4233/2187
f 7683/4243/1259 7684/4244/1259 7686/4244/1259 7685/4243/1259
f 7690/4245/1258 7686/4244/1258 7684/4244/1258 7688/4245/1258
f 7689/4246/1263 7690/4245/1263 7688/4245/1263 7687/4246/1263
f 7685/4243/1257 7689/4246/1257 7687/4246/1257 7683/4243/1257
f 7686/4244/1261 7690/4245/1261 7689/4246/1261 7685/4243/1261
f 7683/4243/1260 7687/4246/1260 7688/4245/1260 7684/4244/1260
f 7691/4247/1259 7692/4248/1259 7694/4248/1259 7693/4247/1259
f 7693/4247/1261 7694/4248/1261 7698/4249/1261 7697/4250/1261
f 7697/4250/1263 7698/4249/1263 7696/4249/1263 7695/4250/1263
f 7695/4250/1260 7696/4249/1260 7692/4248/1260 7691/4247/1260
f 7693/4247/1257 7697/4250/1257 7695/4250/1257 7691/4247/1257
f 7698/4249/1258 7694/4248/1258 7692/4248/1258 7696/4249/1258
f 7699/4251/1259 7700/4252/1259 7702/4252/1259 7701/4251/1259
f 7701/4251/1261 7702/4252/1261 7706/4253/1261 7705/4254/1261
f 7705/4254/1263 7706/4253/1263 7704/4253/1263 7703/4254/1263
f 7703/4254/1260 7704/4253/1260 7700/4252/1260 7699/4251/1260
f 7701/4251/1257 7705/4254/1257 7703/4254/1257 7699/4251/1257
f 7706/4253/1258 7702/4252/1258 7700/4252/1258 7704/4253/1258
f 7707/4255/1259 7708/4256/1259 7710/4256/1259 7709/4255/1259
f 7709/4255/1261 7710/4256/1261 7714/4257/1261 7713/4258/1261
f 7713/4258/1263 7714/4257/1263 7712/4257/1263 7711/4258/1263
f 7711/4258/1260 7712/4257/1260 7708/4256/1260 7707/4255/1260
f 7709/4255/1257 7713/4258/1257 7711/4258/1257 7707/4255/1257
f 7714/4257/1258 7710/4256/1258 7708/4256/1258 7712/4257/1258
f 7715/4259/1259 7716/4260/1259 7718/4260/1259 7717/4259/1259
f 7723/4261/1261 7726/4262/1261 7722/4263/1261 7721/4264/1261
f 7721/4264/1263 7722/4263/1263 7720/4263/1263 7719/4264/1263
f 7727/4265/1260 7730/4266/1260 7716/4260/1260 7715/4259/1260
f 7723/4261/1257 7721/4264/1257 7719/4264/1257 7728/4261/1257
f 7725/4266/1258 7718/4260/1258 7716/4260/1258 7730/4266/1258
f 7722/4263/1258 7726/4262/1258 7729/4262/1258 7720/4263/1258
f 7726/4262/1258 7725/4266/1258 7730/4266/1258 7729/4262/1258
f 7717/4259/1257 7724/4265/1257 7727/4265/1257 7715/4259/1257
f 7724/4265/1257 7723/4261/1257 7728/4261/1257 7727/4265/1257
f 7719/4264/1260 7720/4263/1260 7729/4262/1260 7728/4261/1260
f 7728/4261/1263 7729/4262/1263 7733/4262/1263 7732/4261/1263
f 7717/4259/1261 7718/4260/1261 7725/4266/1261 7724/4265/1261
f 7724/4265/1261 7725/4266/1261 7726/4262/1261 7723/4261/1261
f 7730/4266/1259 7727/4265/1259 7731/4265/1259 7734/4266/1259
f 7729/4262/1258 7730/4266/1258 7734/4266/1258 7733/4262/1258
f 7727/4265/1257 7728/4261/1257 7732/4261/1257 7731/4265/1257
f 7731/4265/1260 7732/4261/1260 7733/4262/1260 7734/4266/1260
f 7735/4267/1259 7736/4268/1259 7738/4268/1259 7737/4267/1259
f 7743/4269/1261 7746/4270/1261 7742/4249/1261 7741/4250/1261
f 7741/4250/1263 7742/4249/1263 7740/4249/1263 7739/4250/1263
f 7747/4271/1260 7750/4272/1260 7736/4268/1260 7735/4267/1260
f 7743/4269/1257 7741/4250/1257 7739/4250/1257 7748/4269/1257
f 7745/4272/1258 7738/4268/1258 7736/4268/1258 7750/4272/1258
f 7742/4249/1258 7746/4270/1258 7749/4270/1258 7740/4249/1258
f 7746/4270/1258 7745/4272/1258 7750/4272/1258 7749/4270/1258
f 7737/4267/1257 7744/4271/1257 7747/4271/1257 7735/4267/1257
f 7744/4271/1257 7743/4269/1257 7748/4269/1257 7747/4271/1257
f 7739/4250/1260 7740/4249/1260 7749/4270/1260 7748/4269/1260
f 7748/4269/1263 7749/4270/1263 7753/4270/1263 7752/4269/1263
f 7737/4267/1261 7738/4268/1261 7745/4272/1261 7744/4271/1261
f 7744/4271/1261 7745/4272/1261 7746/4270/1261 7743/4269/1261
f 7750/4272/1259 7747/4271/1259 7751/4271/1259 7754/4272/1259
f 7749/4270/1258 7750/4272/1258 7754/4272/1258 7753/4270/1258
f 7747/4271/1257 7748/4269/1257 7752/4269/1257 7751/4271/1257
f 7751/4271/1260 7752/4269/1260 7753/4270/1260 7754/4272/1260
f 7755/4273/1259 7756/4274/1259 7758/4274/1259 7757/4273/1259
f 7763/4275/1261 7766/4276/1261 7762/4277/1261 7761/4278/1261
f 7761/4278/1263 7762/4277/1263 7760/4277/1263 7759/4278/1263
f 7767/4279/1260 7770/4280/1260 7756/4274/1260 7755/4273/1260
f 7763/4275/1257 7761/4278/1257 7759/4278/1257 7768/4275/1257
f 7765/4280/1258 7758/4274/1258 7756/4274/1258 7770/4280/1258
f 7762/4277/1258 7766/4276/1258 7769/4276/1258 7760/4277/1258
f 7766/4276/1258 7765/4280/1258 7770/4280/1258 7769/4276/1258
f 7757/4273/1257 7764/4279/1257 7767/4279/1257 7755/4273/1257
f 7764/4279/1257 7763/4275/1257 7768/4275/1257 7767/4279/1257
f 7759/4278/1260 7760/4277/1260 7769/4276/1260 7768/4275/1260
f 7768/4275/1263 7769/4276/1263 7773/4276/1263 7772/4275/1263
f 7757/4273/1261 7758/4274/1261 7765/4280/1261 7764/4279/1261
f 7764/4279/1261 7765/4280/1261 7766/4276/1261 7763/4275/1261
f 7770/4280/1259 7767/4279/1259 7771/4279/1259 7774/4280/1259
f 7769/4276/1258 7770/4280/1258 7774/4280/1258 7773/4276/1258
f 7767/4279/1257 7768/4275/1257 7772/4275/1257 7771/4279/1257
f 7771/4279/1260 7772/4275/1260 7773/4276/1260 7774/4280/1260
f 7775/4281/1259 7776/4282/1259 7778/4282/1259 7777/4281/1259
f 7782/4244/1258 7778/4282/1258 7776/4282/1258 7780/4244/1258
f 7781/4243/1263 7782/4244/1263 7780/4244/1263 7779/4243/1263
f 7777/4281/1257 7781/4243/1257 7779/4243/1257 7775/4281/1257
f 7778/4282/1261 7782/4244/1261 7781/4243/1261 7777/4281/1261
f 7775/4281/1260 7779/4243/1260 7780/4244/1260 7776/4282/1260
f 7783/4283/1259 7784/4284/1259 7786/4284/1259 7785/4283/1259
f 7790/4285/1258 7786/4284/1258 7784/4284/1258 7788/4285/1258
f 7789/4286/1263 7790/4285/1263 7788/4285/1263 7787/4286/1263
f 7785/4283/1257 7789/4286/1257 7787/4286/1257 7783/4283/1257
f 7786/4284/1261 7790/4285/1261 7789/4286/1261 7785/4283/1261
f 7783/4283/1260 7787/4286/1260 7788/4285/1260 7784/4284/1260
f 7819/4287/1754 7818/4288/1754 7866/4289/1754 7867/4290/1754
f 7801/4291/2188 7802/4292/2188 7810/4293/2188 7809/4294/2188
f 7845/4295/2189 7846/4296/2189 7806/4297/2189 7805/4298/2189
f 7843/4299/2190 7844/4296/2190 7804/4297/2190 7803/4300/2190
f 7841/4301/2191 7842/4302/2191 7802/4292/2191 7801/4291/2191
f 7840/4299/2192 7839/4302/2192 7800/4292/2192 7799/4300/2192
f 7846/4296/2193 7840/4299/2193 7799/4300/2193 7806/4297/2193
f 7844/4296/2194 7845/4295/2194 7805/4298/2194 7804/4297/2194
f 7842/4302/2195 7843/4299/2195 7803/4300/2195 7802/4292/2195
f 7839/4302/2196 7841/4301/2196 7801/4291/2196 7800/4292/2196
f 7813/4303/1259 7814/4304/1259 7807/4305/1259
f 7799/4300/2197 7800/4292/2197 7808/4293/2197 7807/4305/2197
f 7806/4297/2198 7799/4300/2198 7807/4305/2198 7814/4304/2198
f 7804/4297/2199 7805/4298/2199 7813/4303/2199 7812/4304/2199
f 7802/4292/2200 7803/4300/2200 7811/4305/2200 7810/4293/2200
f 7800/4292/2201 7801/4291/2201 7809/4294/2201 7808/4293/2201
f 7805/4298/2202 7806/4297/2202 7814/4304/2202 7813/4303/2202
f 7803/4300/2203 7804/4297/2203 7812/4304/2203 7811/4305/2203
f 7795/4299/1754 7794/4306/1754 7858/4307/1754 7859/4308/1754
f 7825/4309/2204 7826/4310/2204 7834/4311/2204 7833/4312/2204
f 7853/4313/2205 7854/4314/2205 7830/4315/2205 7829/4316/2205
f 7851/4287/2206 7852/4314/2206 7828/4315/2206 7827/4317/2206
f 7849/4318/2207 7850/4319/2207 7826/4310/2207 7825/4309/2207
f 7848/4287/2192 7847/4319/2192 7824/4310/2192 7823/4317/2192
f 7854/4314/2193 7848/4287/2193 7823/4317/2193 7830/4315/2193
f 7852/4314/2208 7853/4313/2208 7829/4316/2208 7828/4315/2208
f 7850/4319/2195 7851/4287/2195 7827/4317/2195 7826/4310/2195
f 7847/4319/2209 7849/4318/2209 7825/4309/2209 7824/4310/2209
f 7837/4320/1259 7838/4321/1259 7831/4322/1259
f 7823/4317/2197 7824/4310/2197 7832/4311/2197 7831/4322/2197
f 7830/4315/2198 7823/4317/2198 7831/4322/2198 7838/4321/2198
f 7828/4315/2210 7829/4316/2210 7837/4320/2210 7836/4321/2210
f 7826/4310/2200 7827/4317/2200 7835/4322/2200 7834/4311/2200
f 7824/4310/2211 7825/4309/2211 7833/4312/2211 7832/4311/2211
f 7829/4316/2212 7830/4315/2212 7838/4321/2212 7837/4320/2212
f 7827/4317/2203 7828/4315/2203 7836/4321/2203 7835/4322/2203
f 7791/4299/1263 7792/4306/1263 7839/4302/1263 7840/4299/1263
f 7792/4306/1263 7793/4323/1263 7841/4301/1263 7839/4302/1263
f 7793/4323/1263 7794/4306/1263 7842/4302/1263 7841/4301/1263
f 7794/4306/1263 7795/4299/1263 7843/4299/1263 7842/4302/1263
f 7795/4299/1263 7796/4324/1263 7844/4296/1263 7843/4299/1263
f 7796/4324/1263 7797/4325/1263 7845/4295/1263 7844/4296/1263
f 7797/4325/1263 7798/4324/1263 7846/4296/1263 7845/4295/1263
f 7798/4324/1263 7791/4299/1263 7840/4299/1263 7846/4296/1263
f 7815/4287/1263 7816/4288/1263 7847/4319/1263 7848/4287/1263
f 7816/4288/1263 7817/4326/1263 7849/4318/1263 7847/4319/1263
f 7817/4326/1263 7818/4288/1263 7850/4319/1263 7849/4318/1263
f 7818/4288/1263 7819/4287/1263 7851/4287/1263 7850/4319/1263
f 7819/4287/1263 7820/4327/1263 7852/4314/1263 7851/4287/1263
f 7820/4327/1263 7821/4328/1263 7853/4313/1263 7852/4314/1263
f 7821/4328/1263 7822/4327/1263 7854/4314/1263 7853/4313/1263
f 7822/4327/1263 7815/4287/1263 7848/4287/1263 7854/4314/1263
f 7855/4308/1263 7861/4329/1263 7859/4308/1263
f 7863/4290/1263 7869/4330/1263 7867/4290/1263
f 7796/4324/2213 7795/4299/2213 7859/4308/2213 7860/4331/2213
f 7820/4327/2213 7819/4287/2213 7867/4290/2213 7868/4332/2213
f 7797/4325/2214 7796/4324/2214 7860/4331/2214 7861/4329/2214
f 7821/4328/2215 7820/4327/2215 7868/4332/2215 7869/4330/2215
f 7798/4324/1709 7797/4325/1709 7861/4329/1709 7862/4331/1709
f 7822/4327/2216 7821/4328/2216 7869/4330/2216 7870/4332/2216
f 7791/4299/2217 7798/4324/2217 7862/4331/2217 7855/4308/2217
f 7792/4306/2218 7791/4299/2218 7855/4308/2218 7856/4307/2218
f 7815/4287/2217 7822/4327/2217 7870/4332/2217 7863/4290/2217
f 7816/4288/2218 7815/4287/2218 7863/4290/2218 7864/4289/2218
f 7793/4323/2219 7792/4306/2219 7856/4307/2219 7857/4333/2219
f 7817/4326/1729 7816/4288/1729 7864/4289/1729 7865/4334/1729
f 7794/4306/2220 7793/4323/2220 7857/4333/2220 7858/4307/2220
f 7818/4288/1703 7817/4326/1703 7865/4334/1703 7866/4289/1703
f 7899/4335/2221 7898/4336/2221 7946/4337/2221 7947/4338/2221
f 7881/4339/2188 7882/4340/2188 7890/4341/2188 7889/4342/2188
f 7925/4343/2222 7926/4344/2222 7886/4345/2222 7885/4346/2222
f 7923/4347/2206 7924/4344/2206 7884/4345/2206 7883/4348/2206
f 7921/4349/2223 7922/4350/2223 7882/4340/2223 7881/4339/2223
f 7920/4347/2224 7919/4350/2224 7880/4340/2224 7879/4348/2224
f 7926/4344/2193 7920/4347/2193 7879/4348/2193 7886/4345/2193
f 7924/4344/2225 7925/4343/2225 7885/4346/2225 7884/4345/2225
f 7922/4350/2226 7923/4347/2226 7883/4348/2226 7882/4340/2226
f 7919/4350/2209 7921/4349/2209 7881/4339/2209 7880/4340/2209
f 7893/4351/1259 7894/4352/1259 7887/4353/1259
f 7879/4348/2197 7880/4340/2197 7888/4341/2197 7887/4353/2197
f 7886/4345/2198 7879/4348/2198 7887/4353/2198 7894/4352/2198
f 7884/4345/2227 7885/4346/2227 7893/4351/2227 7892/4352/2227
f 7882/4340/2228 7883/4348/2228 7891/4353/2228 7890/4341/2228
f 7880/4340/2229 7881/4339/2229 7889/4342/2229 7888/4341/2229
f 7885/4346/2202 7886/4345/2202 7894/4352/2202 7893/4351/2202
f 7883/4348/2230 7884/4345/2230 7892/4352/2230 7891/4353/2230
f 7875/4347/2231 7874/4354/2231 7938/4355/2231 7939/4356/2231
f 7905/4357/2204 7906/4358/2204 7914/4359/2204 7913/4360/2204
f 7933/4361/2232 7934/4362/2232 7910/4363/2232 7909/4364/2232
f 7931/4335/2206 7932/4362/2206 7908/4363/2206 7907/4365/2206
f 7929/4366/2233 7930/4367/2233 7906/4358/2233 7905/4357/2233
f 7928/4335/2192 7927/4367/2192 7904/4358/2192 7903/4365/2192
f 7934/4362/2193 7928/4335/2193 7903/4365/2193 7910/4363/2193
f 7932/4362/2234 7933/4361/2234 7909/4364/2234 7908/4363/2234
f 7930/4367/2235 7931/4335/2235 7907/4365/2235 7906/4358/2235
f 7927/4367/2209 7929/4366/2209 7905/4357/2209 7904/4358/2209
f 7917/4368/1259 7918/4369/1259 7911/4370/1259
f 7903/4365/2197 7904/4358/2197 7912/4359/2197 7911/4370/2197
f 7910/4363/2198 7903/4365/2198 7911/4370/2198 7918/4369/2198
f 7908/4363/2236 7909/4364/2236 7917/4368/2236 7916/4369/2236
f 7906/4358/2228 7907/4365/2228 7915/4370/2228 7914/4359/2228
f 7904/4358/2237 7905/4357/2237 7913/4360/2237 7912/4359/2237
f 7909/4364/2238 7910/4363/2238 7918/4369/2238 7917/4368/2238
f 7907/4365/2230 7908/4363/2230 7916/4369/2230 7915/4370/2230
f 7871/4347/1263 7872/4354/1263 7919/4350/1263 7920/4347/1263
f 7872/4354/1263 7873/4371/1263 7921/4349/1263 7919/4350/1263
f 7873/4371/1263 7874/4354/1263 7922/4350/1263 7921/4349/1263
f 7874/4354/1263 7875/4347/1263 7923/4347/1263 7922/4350/1263
f 7875/4347/1263 7876/4372/1263 7924/4344/1263 7923/4347/1263
f 7876/4372/1263 7877/4373/1263 7925/4343/1263 7924/4344/1263
f 7877/4373/1263 7878/4372/1263 7926/4344/1263 7925/4343/1263
f 7878/4372/1263 7871/4347/1263 7920/4347/1263 7926/4344/1263
f 7895/4335/1263 7896/4336/1263 7927/4367/1263 7928/4335/1263
f 7896/4336/1263 7897/4374/1263 7929/4366/1263 7927/4367/1263
f 7897/4374/1263 7898/4336/1263 7930/4367/1263 7929/4366/1263
f 7898/4336/1263 7899/4335/1263 7931/4335/1263 7930/4367/1263
f 7899/4335/1263 7900/4375/1263 7932/4362/1263 7931/4335/1263
f 7900/4375/1263 7901/4376/1263 7933/4361/1263 7932/4362/1263
f 7901/4376/1263 7902/4375/1263 7934/4362/1263 7933/4361/1263
f 7902/4375/1263 7895/4335/1263 7928/4335/1263 7934/4362/1263
f 7935/4356/1263 7941/4377/1263 7939/4356/1263
f 7943/4338/1263 7949/4378/1263 7947/4338/1263
f 7876/4372/2239 7875/4347/2239 7939/4356/2239 7940/4379/2239
f 7900/4375/2239 7899/4335/2239 7947/4338/2239 7948/4380/2239
f 7877/4373/1706 7876/4372/1706 7940/4379/1706 7941/4377/1706
f 7901/4376/2240 7900/4375/2240 7948/4380/2240 7949/4378/2240
f 7878/4372/1709 7877/4373/1709 7941/4377/1709 7942/4379/1709
f 7902/4375/2241 7901/4376/2241 7949/4378/2241 7950/4380/2241
f 7871/4347/2242 7878/4372/2242 7942/4379/2242 7935/4356/2242
f 7872/4354/1704 7871/4347/1704 7935/4356/1704 7936/4355/1704
f 7895/4335/2242 7902/4375/2242 7950/4380/2242 7943/4338/2242
f 7896/4336/1704 7895/4335/1704 7943/4338/1704 7944/4337/1704
f 7873/4371/1729 7872/4354/1729 7936/4355/1729 7937/4381/1729
f 7897/4374/1708 7896/4336/1708 7944/4337/1708 7945/4382/1708
f 7874/4354/2220 7873/4371/2220 7937/4381/2220 7938/4355/2220
f 7898/4336/2243 7897/4374/2243 7945/4382/2243 7946/4337/2243
f 7979/4335/2221 7978/4336/2221 8026/4337/2221 8027/4338/2221
f 7961/4339/2244 7962/4340/2244 7970/4341/2244 7969/4342/2244
f 8005/4343/2245 8006/4344/2245 7966/4345/2245 7965/4346/2245
f 8003/4347/2190 8004/4344/2190 7964/4345/2190 7963/4348/2190
f 8001/4349/2233 8002/4350/2233 7962/4340/2233 7961/4339/2233
f 8000/4347/2246 7999/4350/2246 7960/4340/2246 7959/4348/2246
f 8006/4344/2247 8000/4347/2247 7959/4348/2247 7966/4345/2247
f 8004/4344/2194 8005/4343/2194 7965/4346/2194 7964/4345/2194
f 8002/4350/2235 8003/4347/2235 7963/4348/2235 7962/4340/2235
f 7999/4350/2248 8001/4349/2248 7961/4339/2248 7960/4340/2248
f 7967/4353/1259 7969/4342/1259 7971/4353/1259
f 7959/4348/2197 7960/4340/2197 7968/4341/2197 7967/4353/2197
f 7966/4345/2198 7959/4348/2198 7967/4353/2198 7974/4352/2198
f 7964/4345/2199 7965/4346/2199 7973/4351/2199 7972/4352/2199
f 7962/4340/2249 7963/4348/2249 7971/4353/2249 7970/4341/2249
f 7960/4340/2229 7961/4339/2229 7969/4342/2229 7968/4341/2229
f 7965/4346/2250 7966/4345/2250 7974/4352/2250 7973/4351/2250
f 7963/4348/2251 7964/4345/2251 7972/4352/2251 7971/4353/2251
f 7955/4347/2221 7954/4354/2221 8018/4355/2221 8019/4356/2221
f 7985/4357/2204 7986/4358/2204 7994/4359/2204 7993/4360/2204
f 8013/4361/2232 8014/4362/2232 7990/4363/2232 7989/4364/2232
f 8011/4335/2190 8012/4362/2190 7988/4363/2190 7987/4365/2190
f 8009/4366/2207 8010/4367/2207 7986/4358/2207 7985/4357/2207
f 8008/4335/2246 8007/4367/2246 7984/4358/2246 7983/4365/2246
f 8014/4362/2247 8008/4335/2247 7983/4365/2247 7990/4363/2247
f 8012/4362/2234 8013/4361/2234 7989/4364/2234 7988/4363/2234
f 8010/4367/2235 8011/4335/2235 7987/4365/2235 7986/4358/2235
f 8007/4367/2209 8009/4366/2209 7985/4357/2209 7984/4358/2209
f 7991/4370/1259 7993/4360/1259 7995/4370/1259
f 7983/4365/2197 7984/4358/2197 7992/4359/2197 7991/4370/2197
f 7990/4363/2198 7983/4365/2198 7991/4370/2198 7998/4369/2198
f 7988/4363/2252 7989/4364/2252 7997/4368/2252 7996/4369/2252
f 7986/4358/2249 7987/4365/2249 7995/4370/2249 7994/4359/2249
f 7984/4358/2229 7985/4357/2229 7993/4360/2229 7992/4359/2229
f 7989/4364/2238 7990/4363/2238 7998/4369/2238 7997/4368/2238
f 7987/4365/2251 7988/4363/2251 7996/4369/2251 7995/4370/2251
f 7951/4347/1263 7952/4354/1263 7999/4350/1263 8000/4347/1263
f 7952/4354/1263 7953/4371/1263 8001/4349/1263 7999/4350/1263
f 7953/4371/1263 7954/4354/1263 8002/4350/1263 8001/4349/1263
f 7954/4354/1263 7955/4347/1263 8003/4347/1263 8002/4350/1263
f 7955/4347/1263 7956/4372/1263 8004/4344/1263 8003/4347/1263
f 7956/4372/1263 7957/4373/1263 8005/4343/1263 8004/4344/1263
f 7957/4373/1263 7958/4372/1263 8006/4344/1263 8005/4343/1263
f 7958/4372/1263 7951/4347/1263 8000/4347/1263 8006/4344/1263
f 7975/4335/1263 7976/4336/1263 8007/4367/1263 8008/4335/1263
f 7976/4336/1263 7977/4374/1263 8009/4366/1263 8007/4367/1263
f 7977/4374/1263 7978/4336/1263 8010/4367/1263 8009/4366/1263
f 7978/4336/1263 7979/4335/1263 8011/4335/1263 8010/4367/1263
f 7979/4335/1263 7980/4375/1263 8012/4362/1263 8011/4335/1263
f 7980/4375/1263 7981/4376/1263 8013/4361/1263 8012/4362/1263
f 7981/4376/1263 7982/4375/1263 8014/4362/1263 8013/4361/1263
f 7982/4375/1263 7975/4335/1263 8008/4335/1263 8014/4362/1263
f 8019/4356/1263 8018/4355/1263 8017/4381/1263
f 8026/4337/1263 8025/4382/1263 8029/4378/1263
f 7956/4372/2213 7955/4347/2213 8019/4356/2213 8020/4379/2213
f 7980/4375/2213 7979/4335/2213 8027/4338/2213 8028/4380/2213
f 7957/4373/2214 7956/4372/2214 8020/4379/2214 8021/4377/2214
f 7981/4376/1706 7980/4375/1706 8028/4380/1706 8029/4378/1706
f 7958/4372/1709 7957/4373/1709 8021/4377/1709 8022/4379/1709
f 7982/4375/2241 7981/4376/2241 8029/4378/2241 8030/4380/2241
f 7951/4347/1756 7958/4372/1756 8022/4379/1756 8015/4356/1756
f 7952/4354/2253 7951/4347/2253 8015/4356/2253 8016/4355/2253
f 7975/4335/1756 7982/4375/1756 8030/4380/1756 8023/4338/1756
f 7976/4336/2253 7975/4335/2253 8023/4338/2253 8024/4337/2253
f 7953/4371/1729 7952/4354/1729 8016/4355/1729 8017/4381/1729
f 7977/4374/1708 7976/4336/1708 8024/4337/1708 8025/4382/1708
f 7954/4354/1703 7953/4371/1703 8017/4381/1703 8018/4355/1703
f 7978/4336/2243 7977/4374/2243 8025/4382/2243 8026/4337/2243
f 8059/4335/2221 8058/4336/2221 8106/4337/2221 8107/4338/2221
f 8041/4339/2188 8042/4340/2188 8050/4341/2188 8049/4342/2188
f 8085/4343/2245 8086/4344/2245 8046/4345/2245 8045/4346/2245
f 8083/4347/2206 8084/4344/2206 8044/4345/2206 8043/4348/2206
f 8081/4349/2233 8082/4350/2233 8042/4340/2233 8041/4339/2233
f 8080/4347/2246 8079/4350/2246 8040/4340/2246 8039/4348/2246
f 8086/4344/2254 8080/4347/2254 8039/4348/2254 8046/4345/2254
f 8084/4344/2194 8085/4343/2194 8045/4346/2194 8044/4345/2194
f 8082/4350/2226 8083/4347/2226 8043/4348/2226 8042/4340/2226
f 8079/4350/2209 8081/4349/2209 8041/4339/2209 8040/4340/2209
f 8047/4353/1259 8049/4342/1259 8051/4353/1259
f 8039/4348/2197 8040/4340/2197 8048/4341/2197 8047/4353/2197
f 8046/4345/2198 8039/4348/2198 8047/4353/2198 8054/4352/2198
f 8044/4345/2255 8045/4346/2255 8053/4351/2255 8052/4352/2255
f 8042/4340/2256 8043/4348/2256 8051/4353/2256 8050/4341/2256
f 8040/4340/2257 8041/4339/2257 8049/4342/2257 8048/4341/2257
f 8045/4346/2250 8046/4345/2250 8054/4352/2250 8053/4351/2250
f 8043/4348/2258 8044/4345/2258 8052/4352/2258 8051/4353/2258
f 8035/4347/2221 8034/4354/2221 8098/4355/2221 8099/4356/2221
f 8065/4357/2259 8066/4358/2259 8074/4359/2259 8073/4360/2259
f 8093/4361/2232 8094/4362/2232 8070/4363/2232 8069/4364/2232
f 8091/4335/2206 8092/4362/2206 8068/4363/2206 8067/4365/2206
f 8089/4366/2233 8090/4367/2233 8066/4358/2233 8065/4357/2233
f 8088/4335/2224 8087/4367/2224 8064/4358/2224 8063/4365/2224
f 8094/4362/2254 8088/4335/2254 8063/4365/2254 8070/4363/2254
f 8092/4362/2234 8093/4361/2234 8069/4364/2234 8068/4363/2234
f 8090/4367/2260 8091/4335/2260 8067/4365/2260 8066/4358/2260
f 8087/4367/2261 8089/4366/2261 8065/4357/2261 8064/4358/2261
f 8071/4370/1259 8073/4360/1259 8075/4370/1259
f 8063/4365/2197 8064/4358/2197 8072/4359/2197 8071/4370/2197
f 8070/4363/2198 8063/4365/2198 8071/4370/2198 8078/4369/2198
f 8068/4363/2236 8069/4364/2236 8077/4368/2236 8076/4369/2236
f 8066/4358/2262 8067/4365/2262 8075/4370/2262 8074/4359/2262
f 8064/4358/2211 8065/4357/2211 8073/4360/2211 8072/4359/2211
f 8069/4364/2263 8070/4363/2263 8078/4369/2263 8077/4368/2263
f 8067/4365/2258 8068/4363/2258 8076/4369/2258 8075/4370/2258
f 8031/4347/1263 8032/4354/1263 8079/4350/1263 8080/4347/1263
f 8032/4354/1263 8033/4371/1263 8081/4349/1263 8079/4350/1263
f 8033/4371/1263 8034/4354/1263 8082/4350/1263 8081/4349/1263
f 8034/4354/1263 8035/4347/1263 8083/4347/1263 8082/4350/1263
f 8035/4347/1263 8036/4372/1263 8084/4344/1263 8083/4347/1263
f 8036/4372/1263 8037/4373/1263 8085/4343/1263 8084/4344/1263
f 8037/4373/1263 8038/4372/1263 8086/4344/1263 8085/4343/1263
f 8038/4372/1263 8031/4347/1263 8080/4347/1263 8086/4344/1263
f 8055/4335/1263 8056/4336/1263 8087/4367/1263 8088/4335/1263
f 8056/4336/1263 8057/4374/1263 8089/4366/1263 8087/4367/1263
f 8057/4374/1263 8058/4336/1263 8090/4367/1263 8089/4366/1263
f 8058/4336/1263 8059/4335/1263 8091/4335/1263 8090/4367/1263
f 8059/4335/1263 8060/4375/1263 8092/4362/1263 8091/4335/1263
f 8060/4375/1263 8061/4376/1263 8093/4361/1263 8092/4362/1263
f 8061/4376/1263 8062/4375/1263 8094/4362/1263 8093/4361/1263
f 8062/4375/1263 8055/4335/1263 8088/4335/1263 8094/4362/1263
f 8099/4356/1263 8098/4355/1263 8097/4381/1263
f 8107/4338/1263 8106/4337/1263 8105/4382/1263
f 8036/4372/2213 8035/4347/2213 8099/4356/2213 8100/4379/2213
f 8060/4375/2213 8059/4335/2213 8107/4338/2213 8108/4380/2213
f 8037/4373/2264 8036/4372/2264 8100/4379/2264 8101/4377/2264
f 8061/4376/1728 8060/4375/1728 8108/4380/1728 8109/4378/1728
f 8038/4372/2265 8037/4373/2265 8101/4377/2265 8102/4379/2265
f 8062/4375/1698 8061/4376/1698 8109/4378/1698 8110/4380/1698
f 8031/4347/1756 8038/4372/1756 8102/4379/1756 8095/4356/1756
f 8032/4354/2253 8031/4347/2253 8095/4356/2253 8096/4355/2253
f 8055/4335/1756 8062/4375/1756 8110/4380/1756 8103/4338/1756
f 8056/4336/2253 8055/4335/2253 8103/4338/2253 8104/4337/2253
f 8033/4371/1729 8032/4354/1729 8096/4355/1729 8097/4381/1729
f 8057/4374/2266 8056/4336/2266 8104/4337/2266 8105/4382/2266
f 8034/4354/1726 8033/4371/1726 8097/4381/1726 8098/4355/1726
f 8058/4336/2267 8057/4374/2267 8105/4382/2267 8106/4337/2267
f 2428/1725/1257 2427/1725/1257 2426/1724/1257
f 2426/1724/1257 2433/1723/1257 2428/1725/1257
f 2433/1723/1257 2432/1731/1257 2428/1725/1257
f 2432/1731/1257 2431/1731/1257 2428/1725/1257
f 2431/1731/1257 2430/1723/1257 2428/1725/1257
f 2450/1738/1258 2451/4383/1258 2454/1736/1258
f 2451/4383/1258 2452/4383/1258 2454/1736/1258
f 2452/4383/1258 2453/1738/1258 2454/1736/1258
f 2454/1736/1258 2455/1737/1258 2456/1737/1258
f 2456/1737/1258 2457/1736/1258 2450/1738/1258
f 2636/1796/1257 2635/1803/1257 2634/1795/1257
f 2634/1795/1257 2641/1801/1257 2636/1796/1257
f 2641/1801/1257 2640/1794/1257 2636/1796/1257
f 2640/1794/1257 2639/1801/1257 2638/1795/1257
f 2638/1795/1257 2637/1803/1257 2636/1796/1257
f 2659/1811/1258 2658/4384/1258 2662/1811/1258
f 2658/4384/1258 2660/4385/1258 2662/1811/1258
f 2660/4385/1258 2661/4384/1258 2662/1811/1258
f 2662/1811/1258 2663/1810/1258 2664/4386/1258
f 2664/4386/1258 2665/1810/1258 2662/1811/1258
f 2694/1827/1427 2667/1836/1427 2666/1826/1427
f 2666/1826/2268 2668/1832/2268 2675/1815/2268
f 2678/1831/1259 2679/1830/1259 2706/1831/1259
f 2679/1830/1259 2683/1830/1259 2706/1831/1259
f 2712/1817/1258 2690/1819/1258 2689/1819/1258
f 2689/1819/1258 2691/1839/1258 2712/1817/1258
f 2675/1815/1258 2694/1827/1258 2679/1830/1258
f 2694/1827/1258 2695/1827/1258 2679/1830/1258
f 2725/1865/1427 2726/1871/1427 2743/1877/1427
f 2743/1877/1427 2730/1857/1427 2725/1865/1427
f 2734/1868/1263 2732/1868/1263 2755/1867/1263
f 2732/1868/1263 2731/1867/1263 2755/1867/1263
f 2738/1860/1258 2739/1860/1258 2758/1858/1258
f 2758/1858/1258 2741/1874/1258 2740/1873/1258
f 2744/1877/1258 2743/1877/1258 2732/1868/1258
f 2743/1877/1258 2730/1857/1258 2732/1868/1258
f 3059/2046/1258 3060/1990/1258 3061/1990/1258
f 3061/1990/1258 3062/2046/1258 3063/1991/1258
f 3063/1991/1258 3064/1992/1258 3065/1992/1258
f 3065/1992/1258 3066/1991/1258 3059/2046/1258
f 3059/2046/1258 3061/1990/1258 3065/1992/1258
f 3067/2039/1258 3068/1993/1258 3069/1993/1258
f 3069/1993/1258 3070/2039/1258 3071/1994/1258
f 3071/1994/1258 3072/1995/1258 3073/1995/1258
f 3073/1995/1258 3074/1994/1258 3067/2039/1258
f 3067/2039/1258 3069/1993/1258 3073/1995/1258
f 3075/2041/1258 3076/1996/2269 3077/1996/1258
f 3077/1996/1258 3078/2041/1258 3079/1997/1258
f 3079/1997/1258 3080/1998/1636 3081/1998/1258
f 3081/1998/1258 3082/1997/1258 3075/2041/1258
f 3075/2041/1258 3077/1996/1258 3081/1998/1258
f 3083/2042/1258 3084/1999/1258 3085/1999/1258
f 3085/1999/1258 3086/2042/1258 3087/2000/1258
f 3087/2000/1258 3088/2001/1258 3089/2001/1258
f 3089/2001/1258 3090/2000/1258 3083/2042/1258
f 3083/2042/1258 3085/1999/1258 3089/2001/1258
f 3091/2002/1258 3092/2003/1368 3093/2003/1258
f 3093/2003/1258 3094/2002/1258 3095/2004/1258
f 3095/2004/1258 3096/2035/1258 3091/2002/1258
f 3096/2035/1258 3097/2035/1258 3091/2002/1258
f 3097/2035/1258 3098/2004/1258 3091/2002/1258
f 3099/2006/1258 3100/2038/1258 3103/1991/1258
f 3100/2038/1258 3101/2038/1258 3103/1991/1258
f 3101/2038/1258 3102/2006/1258 3103/1991/1258
f 3103/1991/1258 3104/2005/1258 3105/2005/1258
f 3105/2005/1258 3106/1991/1258 3099/2006/1258
f 3107/2044/1258 3108/2007/1258 3109/2007/1258
f 3109/2007/1258 3110/2044/1258 3111/2000/1258
f 3111/2000/1258 3112/2001/1258 3113/2001/1258
f 3113/2001/1258 3114/2000/1258 3107/2044/1258
f 3107/2044/1258 3109/2007/1258 3113/2001/1258
f 3115/2034/1258 3116/2008/1258 3117/2008/1258
f 3117/2008/1258 3118/2034/1258 3119/2009/1258
f 3119/2009/1258 3120/2010/1369 3121/2010/1258
f 3121/2010/1258 3122/2009/1258 3115/2034/1258
f 3115/2034/1258 3117/2008/1258 3121/2010/1258
f 3123/2034/1258 3124/2008/1258 3125/2008/1258
f 3125/2008/1258 3126/2034/1258 3127/2009/1258
f 3127/2009/1258 3128/2010/1258 3129/2010/1258
f 3129/2010/1258 3130/2009/1258 3123/2034/1258
f 3123/2034/1258 3125/2008/1258 3129/2010/1258
f 3131/2042/1258 3132/1999/1258 3133/1999/1258
f 3133/1999/1258 3134/2042/1258 3135/2000/1258
f 3135/2000/1258 3136/2001/1258 3137/2001/1258
f 3137/2001/1258 3138/2000/1258 3131/2042/1258
f 3131/2042/1258 3133/1999/1258 3137/2001/1258
f 3141/2013/1257 3139/2013/1257 3145/2047/1257
f 3139/2013/1257 3140/2012/1257 3145/2047/1257
f 3140/2012/1257 3146/2011/1257 3145/2047/1257
f 3145/2047/1257 3144/2047/1257 3141/2013/1257
f 3144/2047/1257 3143/2011/1257 3141/2013/1257
f 3149/2016/1257 3147/2016/1257 3153/2037/1257
f 3147/2016/1257 3148/2015/1257 3153/2037/1257
f 3148/2015/1257 3154/2014/1257 3153/2037/1257
f 3153/2037/1257 3152/2037/1257 3149/2016/1257
f 3152/2037/1257 3151/2014/1257 3149/2016/1257
f 3157/2019/1257 3155/2019/1257 3161/2043/1257
f 3155/2019/1257 3156/2018/1257 3161/2043/1257
f 3156/2018/1257 3162/2017/1257 3161/2043/1257
f 3161/2043/1257 3160/2043/1257 3157/2019/1257
f 3160/2043/1257 3159/2017/1257 3157/2019/1257
f 3165/2022/1257 3163/2022/1257 3169/2045/1257
f 3163/2022/1257 3164/2021/1257 3169/2045/1257
f 3164/2021/1257 3170/2020/1257 3169/2045/1257
f 3169/2045/1257 3168/2045/1257 3165/2022/1257
f 3168/2045/1257 3167/2020/1257 3165/2022/1257
f 3173/2025/1257 3171/2025/2270 3172/2024/1257
f 3172/2024/1257 3178/2023/1257 3173/2025/1257
f 3178/2023/1257 3177/2036/1257 3173/2025/1257
f 3177/2036/1257 3176/2036/1257 3173/2025/1257
f 3176/2036/1257 3175/2023/1257 3173/2025/1257
f 3181/2027/1257 3179/2027/1257 3185/2028/1257
f 3179/2027/1257 3180/2026/1257 3185/2028/1257
f 3180/2026/1257 3186/2011/1257 3185/2028/1257
f 3185/2028/1257 3184/2028/2271 3183/2011/1257
f 3183/2011/1257 3182/2026/1257 3185/2028/1257
f 3189/2030/1257 3187/2030/1257 3193/2045/1257
f 3187/2030/1257 3188/2029/1257 3193/2045/1257
f 3188/2029/1257 3194/2020/1257 3193/2045/1257
f 3193/2045/1257 3192/2045/1257 3189/2030/1257
f 3192/2045/1257 3191/2020/1257 3189/2030/1257
f 3197/2033/1257 3195/2033/1257 3201/2040/1257
f 3195/2033/1257 3196/2032/1257 3201/2040/1257
f 3196/2032/1257 3202/2031/1257 3201/2040/1257
f 3201/2040/1257 3200/2040/1257 3197/2033/1257
f 3200/2040/1257 3199/2031/1257 3197/2033/1257
f 3205/2033/1257 3203/2033/1257 3209/2040/1257
f 3203/2033/1257 3204/2032/1257 3209/2040/1257
f 3204/2032/1257 3210/2031/1257 3209/2040/1257
f 3209/2040/1257 3208/2040/1257 3205/2033/1257
f 3208/2040/1257 3207/2031/1257 3205/2033/1257
f 3213/2022/1257 3211/2022/1257 3217/2045/1257
f 3211/2022/1257 3212/2021/1257 3217/2045/1257
f 3212/2021/1257 3218/2020/1257 3217/2045/1257
f 3217/2045/1257 3216/2045/1257 3213/2022/1257
f 3216/2045/1257 3215/2020/1257 3213/2022/1257
f 3227/2052/1258 3228/2053/1367 3229/2053/1258
f 3229/2053/1258 3230/2052/1258 3231/2054/1258
f 3231/2054/1258 3232/2105/1258 3227/2052/1258
f 3232/2105/1258 3233/2105/1258 3227/2052/1258
f 3233/2105/1258 3234/2054/1258 3227/2052/1258
f 3235/2056/1258 3236/2109/1258 3237/2109/1258
f 3237/2109/1258 3238/2056/1258 3235/2056/1258
f 3238/2056/1258 3239/2055/1258 3235/2056/1258
f 3239/2055/1258 3240/2110/1258 3241/2110/1258
f 3241/2110/1258 3242/2055/1258 3239/2055/1258
f 3243/2058/1258 3244/2113/1258 3245/2113/1369
f 3245/2113/1369 3246/2058/1258 3243/2058/1258
f 3246/2058/1258 3247/2057/1258 3243/2058/1258
f 3247/2057/1258 3248/2115/1258 3249/2115/1368
f 3249/2115/1368 3250/2057/1258 3247/2057/1258
f 3251/2060/1258 3252/2119/1258 3253/2119/1369
f 3253/2119/1369 3254/2060/1258 3251/2060/1258
f 3254/2060/1258 3255/2059/1258 3251/2060/1258
f 3255/2059/1258 3256/2120/1258 3257/2120/1368
f 3257/2120/1368 3258/2059/1258 3255/2059/1258
f 3259/2063/1258 3260/2108/1368 3261/2108/1258
f 3261/2108/1258 3262/2063/1258 3259/2063/1258
f 3262/2063/1258 3263/2061/1258 3259/2063/1258
f 3263/2061/1258 3264/2062/1369 3265/2062/1258
f 3265/2062/1258 3266/2061/1258 3259/2063/1258
f 3267/2064/1258 3268/2065/1367 3269/2065/1258
f 3269/2065/1258 3270/2064/1258 3271/2066/1258
f 3271/2066/1258 3272/2114/1370 3273/2114/1258
f 3273/2114/1258 3274/2066/1258 3271/2066/1258
f 3274/2066/1258 3267/2064/1258 3271/2066/1258
f 3275/2067/1258 3276/2117/1368 3277/2117/1369
f 3277/2117/1369 3278/2067/1258 3275/2067/1258
f 3278/2067/1258 3279/2055/1258 3275/2067/1258
f 3279/2055/1258 3280/2110/1369 3281/2110/1368
f 3281/2110/1368 3282/2055/1258 3279/2055/1258
f 3301/2081/1257 3300/2081/2272 3299/2080/1257
f 3299/2080/1257 3306/2079/1257 3301/2081/1257
f 3306/2079/1257 3305/2106/1257 3301/2081/1257
f 3305/2106/1257 3304/2106/1257 3301/2081/1257
f 3304/2106/1257 3303/2079/1257 3301/2081/1257
f 3309/2101/1257 3308/2101/2272 3307/2082/1257
f 3307/2082/1257 3314/2084/1257 3313/2083/1257
f 3313/2083/1257 3312/2083/1910 3311/2084/1257
f 3311/2084/1257 3310/2082/1257 3309/2101/1257
f 3309/2101/1257 3307/2082/1257 3311/2084/1257
f 3317/2112/1257 3316/2112/2272 3315/2085/1257
f 3315/2085/1257 3322/2087/1257 3321/2086/1257
f 3321/2086/1257 3320/2086/1257 3319/2087/1257
f 3319/2087/1257 3318/2085/1257 3317/2112/1257
f 3317/2112/1257 3315/2085/1257 3319/2087/1257
f 3325/2118/1257 3324/2118/2272 3323/2088/1257
f 3323/2088/1257 3330/2090/1257 3329/2089/1257
f 3329/2089/1257 3328/2089/1257 3327/2090/1257
f 3327/2090/1257 3326/2088/1257 3325/2118/1257
f 3325/2118/1257 3323/2088/1257 3327/2090/1257
f 3333/2107/1257 3332/2107/1257 3331/2091/1257
f 3331/2091/1257 3338/2093/1257 3337/2092/1257
f 3337/2092/1257 3336/2092/1257 3335/2093/1257
f 3335/2093/1257 3334/2091/1257 3333/2107/1257
f 3333/2107/1257 3331/2091/1257 3335/2093/1257
f 3341/2111/1257 3340/2111/2272 3339/2094/1257
f 3339/2094/1257 3346/2096/1257 3345/2095/1257
f 3345/2095/1257 3344/2095/1910 3343/2096/1257
f 3343/2096/1257 3342/2094/1257 3341/2111/1257
f 3341/2111/1257 3339/2094/1257 3343/2096/1257
f 3349/2116/1257 3348/2116/2273 3347/2097/1257
f 3347/2097/1257 3354/2084/1257 3353/2083/1257
f 3353/2083/1257 3352/2083/2272 3351/2084/1257
f 3351/2084/1257 3350/2097/1257 3349/2116/1257
f 3349/2116/1257 3347/2097/1257 3351/2084/1257
f 5247/2688/1259 5248/2679/1259 5249/2680/1259
f 5249/2680/1259 5250/2679/1259 5251/2688/1259
f 5251/2688/1259 5252/2690/1259 5253/2689/1259
f 5253/2689/1259 5254/2690/1259 5247/2688/1259
f 5247/2688/1259 5249/2680/1259 5251/2688/1259
f 5265/2695/1263 5264/2676/1263 5263/2675/1263
f 5263/2675/1263 5270/2696/1263 5265/2695/1263
f 5270/2696/1263 5269/2694/1263 5265/2695/1263
f 5269/2694/1263 5268/2696/1263 5267/2675/1263
f 5267/2675/1263 5266/2676/1263 5265/2695/1263
f 5273/2706/1263 5272/2707/1263 5271/2697/1263
f 5271/2697/1263 5278/2703/1263 5277/2698/1263
f 5277/2698/1263 5276/2703/1263 5275/2697/1263
f 5275/2697/1263 5274/2707/1263 5273/2706/1263
f 5273/2706/1263 5271/2697/1263 5275/2697/1263
f 5295/2712/1259 5296/2715/1259 5297/2714/1259
f 5297/2714/1259 5298/2715/1259 5299/2712/1259
f 5299/2712/1259 5300/2711/1259 5301/2716/1259
f 5301/2716/1259 5302/2711/1259 5299/2712/1259
f 5302/2711/1259 5295/2712/1259 5299/2712/1259
f 5305/2719/1263 5304/2727/1263 5303/2718/1263
f 5303/2718/1263 5310/2724/1263 5309/2717/1263
f 5309/2717/1263 5308/2724/1263 5307/2718/1263
f 5307/2718/1263 5306/2727/1263 5305/2719/1263
f 5305/2719/1263 5303/2718/1263 5309/2717/1263
f 5327/2732/1259 5328/2736/1259 5329/2734/1259
f 5329/2734/1259 5330/2736/1259 5331/2732/1259
f 5331/2732/1259 5332/2731/1259 5333/2735/1259
f 5333/2735/1259 5334/2731/1259 5327/2732/1259
f 5327/2732/1259 5329/2734/1259 5333/2735/1259
f 5587/2924/1261 5588/2930/1261 5589/2914/1261
f 5589/2914/1261 5590/2913/1261 5591/2928/1261
f 5591/2928/1261 5592/2920/1261 5593/2929/1261
f 5593/2929/1261 5594/2931/1261 5587/2924/1261
f 5587/2924/1261 5589/2914/1261 5593/2929/1261
f 5605/2936/1260 5604/2935/1260 5603/2934/1260
f 5603/2934/1260 5610/2939/2274 5609/2938/1260
f 5609/2938/1260 5608/2937/1260 5607/2932/1260
f 5607/2932/1260 5606/2933/1260 5605/2936/1260
f 5605/2936/1260 5603/2934/1260 5609/2938/1260
f 5627/2959/1261 5628/2958/1261 5629/2943/1261
f 5629/2943/1261 5630/2942/1261 5631/2948/1261
f 5631/2948/1261 5632/2960/1261 5633/2957/1261
f 5633/2957/1261 5634/2945/1261 5627/2959/1261
f 5627/2959/1261 5629/2943/1261 5633/2957/1261
f 5645/2965/1260 5644/2964/1260 5643/2963/1260
f 5643/2963/1260 5650/2968/2274 5649/2967/1260
f 5649/2967/1260 5648/2966/1260 5647/2961/1260
f 5647/2961/1260 5646/2962/1260 5645/2965/1260
f 5645/2965/1260 5643/2963/1260 5649/2967/1260
f 5667/2982/1261 5668/2983/1261 5669/2972/1261
f 5669/2972/1261 5670/2971/1261 5671/2986/1261
f 5671/2986/1261 5672/2988/1261 5673/2973/1261
f 5673/2973/1261 5674/2987/1261 5667/2982/1261
f 5667/2982/1261 5669/2972/1261 5671/2986/1261
f 5685/2993/1260 5684/2992/1260 5683/2991/1260
f 5683/2991/1260 5690/2996/1260 5685/2993/1260
f 5690/2996/1260 5689/2995/1260 5685/2993/1260
f 5689/2995/1260 5688/2994/1260 5685/2993/1260
f 5688/2994/1260 5687/2989/1260 5685/2993/1260
f 5707/3015/1261 5708/3016/1261 5709/3000/1261
f 5709/3000/1261 5710/2999/1261 5711/3005/1261
f 5711/3005/1261 5712/3006/1261 5707/3015/1261
f 5712/3006/1261 5713/3001/1261 5707/3015/1261
f 5713/3001/1261 5714/3017/1261 5707/3015/1261
f 5725/3022/1260 5724/3021/1851 5723/3020/1260
f 5723/3020/1260 5730/3025/1260 5725/3022/1260
f 5730/3025/1260 5729/3024/1260 5725/3022/1260
f 5729/3024/1260 5728/3023/1260 5725/3022/1260
f 5728/3023/1260 5727/3018/1260 5725/3022/1260
f 5747/3040/1261 5748/3045/1261 5749/3029/1261
f 5749/3029/1261 5750/3028/1261 5751/3044/1261
f 5751/3044/1261 5752/3046/1261 5747/3040/1261
f 5752/3046/1261 5753/3030/1261 5747/3040/1261
f 5753/3030/1261 5754/3031/1261 5747/3040/1261
f 5765/3051/1260 5764/3050/1260 5763/3049/1260
f 5763/3049/1260 5770/3054/1260 5765/3051/1260
f 5770/3054/1260 5769/3053/1260 5765/3051/1260
f 5769/3053/1260 5768/3052/1260 5765/3051/1260
f 5768/3052/1260 5767/3047/1260 5765/3051/1260
f 5787/3071/1261 5788/3072/1261 5789/3058/1261
f 5789/3058/1261 5790/3057/1261 5791/3063/1261
f 5791/3063/1261 5792/3074/1261 5793/3059/1261
f 5793/3059/1261 5794/3073/1261 5787/3071/1261
f 5787/3071/1261 5789/3058/1261 5791/3063/1261
f 5805/3079/1260 5804/3078/1851 5803/3077/1260
f 5803/3077/1260 5810/3082/1260 5805/3079/1260
f 5810/3082/1260 5809/3081/1260 5805/3079/1260
f 5809/3081/1260 5808/3080/1260 5805/3079/1260
f 5808/3080/1260 5807/3075/1260 5805/3079/1260
f 5827/3100/1261 5828/3101/1261 5829/3086/1261
f 5829/3086/1261 5830/3085/1261 5831/3091/1261
f 5831/3091/1261 5832/3103/1261 5833/3099/1261
f 5833/3099/1261 5834/3102/1261 5827/3100/1261
f 5827/3100/1261 5829/3086/1261 5831/3091/1261
f 5845/3108/1260 5844/3107/1260 5849/3110/1260
f 5844/3107/1260 5843/3106/1260 5849/3110/1260
f 5843/3106/1260 5850/3111/2274 5849/3110/1260
f 5849/3110/1260 5848/3109/2274 5847/3104/1260
f 5847/3104/1260 5846/3105/1260 5849/3110/1260
f 5867/3125/1261 5868/3126/1261 5869/3115/1261
f 5869/3115/1261 5870/3114/1261 5871/3129/1261
f 5871/3129/1261 5872/3132/1261 5873/3130/1261
f 5873/3130/1261 5874/3131/1261 5867/3125/1261
f 5867/3125/1261 5869/3115/1261 5871/3129/1261
f 5885/3137/1260 5884/3136/1260 5889/3139/1260
f 5884/3136/1260 5883/3135/1260 5889/3139/1260
f 5883/3135/1260 5890/3140/2274 5889/3139/1260
f 5889/3139/1260 5888/3138/1260 5887/3133/1260
f 5887/3133/1260 5886/3134/1260 5889/3139/1260
f 5907/3155/1261 5908/3160/1261 5909/3144/1261
f 5909/3144/1261 5910/3143/1261 5907/3155/1261
f 5910/3143/1261 5911/3159/1261 5907/3155/1261
f 5911/3159/1261 5912/3161/1261 5913/3145/1261
f 5913/3145/1261 5914/3146/1261 5907/3155/1261
f 5925/3166/1260 5924/3165/1260 5923/3164/1260
f 5923/3164/1260 5930/3169/1260 5925/3166/1260
f 5930/3169/1260 5929/3168/1260 5925/3166/1260
f 5929/3168/1260 5928/3167/1260 5925/3166/1260
f 5928/3167/1260 5927/3162/1260 5925/3166/1260
f 6235/3327/1261 6236/3331/1261 6237/3317/1261
f 6237/3317/1261 6238/3316/1261 6239/3322/1261
f 6239/3322/1261 6240/3323/1261 6241/3318/1261
f 6241/3318/1261 6242/3332/1261 6235/3327/1261
f 6235/3327/1261 6237/3317/1261 6239/3322/1261
f 6253/3337/1260 6252/3336/1260 6257/3339/1260
f 6252/3336/1260 6251/3335/1260 6257/3339/1260
f 6251/3335/1260 6258/3340/2274 6257/3339/1260
f 6257/3339/1260 6256/3338/1260 6255/3333/1260
f 6255/3333/1260 6254/3334/1260 6257/3339/1260
f 6275/3355/1261 6276/3356/1261 6277/3344/1261
f 6277/3344/1261 6278/3343/1261 6279/3349/1261
f 6279/3349/1261 6280/3359/1261 6281/3345/1261
f 6281/3345/1261 6282/3346/1261 6275/3355/1261
f 6275/3355/1261 6277/3344/1261 6279/3349/1261
f 6293/3364/1260 6292/3363/1260 6297/3366/1260
f 6292/3363/1260 6291/3362/1260 6297/3366/1260
f 6291/3362/1260 6298/3367/1260 6297/3366/1260
f 6297/3366/1260 6296/3365/1260 6295/3360/1260
f 6295/3360/1260 6294/3361/1260 6297/3366/1260
f 6315/3381/1261 6316/3385/1261 6317/3371/1261
f 6317/3371/1261 6318/3370/1261 6319/3376/1261
f 6319/3376/1261 6320/3377/1261 6321/3372/1261
f 6321/3372/1261 6322/3386/1261 6315/3381/1261
f 6315/3381/1261 6317/3371/1261 6321/3372/1261
f 6333/3391/1260 6332/3390/1260 6331/3389/1260
f 6331/3389/1260 6338/3394/1260 6333/3391/1260
f 6338/3394/1260 6337/3393/1260 6333/3391/1260
f 6337/3393/1260 6336/3392/1260 6333/3391/1260
f 6336/3392/1260 6335/3387/1260 6333/3391/1260
f 6355/3409/1261 6356/3410/1261 6357/3398/1261
f 6357/3398/1261 6358/3397/1261 6359/3403/1261
f 6359/3403/1261 6360/3413/1261 6361/3399/1261
f 6361/3399/1261 6362/3400/1261 6355/3409/1261
f 6355/3409/1261 6357/3398/1261 6361/3399/1261
f 6373/3418/1260 6372/3417/1260 6371/3416/1260
f 6371/3416/1260 6378/3421/1260 6373/3418/1260
f 6378/3421/1260 6377/3420/1260 6373/3418/1260
f 6377/3420/1260 6376/3419/1260 6373/3418/1260
f 6376/3419/1260 6375/3414/1260 6373/3418/1260
f 6395/3434/1261 6396/3438/1261 6397/3425/2275
f 6397/3425/2275 6398/3424/1261 6395/3434/1261
f 6398/3424/1261 6399/3430/1261 6395/3434/1261
f 6399/3430/1261 6400/3431/1261 6401/3426/1261
f 6401/3426/1261 6402/3439/1261 6395/3434/1261
f 6413/3444/1260 6412/3443/1260 6417/3446/1260
f 6412/3443/1260 6411/3442/1260 6417/3446/1260
f 6411/3442/1260 6418/3447/2274 6417/3446/1260
f 6417/3446/1260 6416/3445/1260 6415/3440/1260
f 6415/3440/1260 6414/3441/1260 6417/3446/1260
f 6435/3461/1261 6436/3462/1261 6437/3451/2275
f 6437/3451/2275 6438/3450/1261 6435/3461/1261
f 6438/3450/1261 6439/3456/1261 6435/3461/1261
f 6439/3456/1261 6440/3465/1261 6441/3452/1261
f 6441/3452/1261 6442/3453/1261 6435/3461/1261
f 6453/3470/1260 6452/3469/1260 6457/3472/1260
f 6452/3469/1260 6451/3468/1260 6457/3472/1260
f 6451/3468/1260 6458/3473/1260 6457/3472/1260
f 6457/3472/1260 6456/3471/1260 6455/3466/1260
f 6455/3466/1260 6454/3467/1260 6457/3472/1260
f 6883/3666/1260 6882/3661/1260 6881/3644/1260
f 6881/3644/1260 6888/3658/1260 6887/3645/1260
f 6887/3645/1260 6886/3672/1505 6885/3646/1260
f 6885/3646/1260 6884/3668/2276 6883/3666/1260
f 6883/3666/1260 6881/3644/1260 6885/3646/1260
f 6891/3667/1260 6890/3664/1260 6889/3647/1260
f 6889/3647/1260 6896/3656/1260 6895/3648/1260
f 6895/3648/1260 6894/3674/1505 6893/3649/1260
f 6893/3649/1260 6892/3670/2276 6891/3667/1260
f 6891/3667/1260 6889/3647/1260 6893/3649/1260
f 6898/3659/1261 6897/3662/1261 6899/3650/1261
f 6899/3650/1261 6900/3669/2277 6901/3651/1261
f 6901/3651/1261 6902/3673/2278 6903/3652/1261
f 6903/3652/1261 6904/3660/1261 6898/3659/1261
f 6898/3659/1261 6899/3650/1261 6903/3652/1261
f 6906/3663/1261 6905/3665/1261 6907/3653/1261
f 6907/3653/1261 6908/3671/2277 6909/3654/1261
f 6909/3654/1261 6910/3675/2278 6911/3655/1261
f 6911/3655/1261 6912/3657/1261 6906/3663/1261
f 6906/3663/1261 6907/3653/1261 6911/3655/1261
f 7325/3938/2024 7326/3946/2279 7327/3937/2024
f 7327/3937/2024 7328/3946/2280 7329/3938/2024
f 7329/3938/2024 7330/3943/2024 7331/3939/2024
f 7331/3939/2024 7332/3943/2028 7325/3938/2024
f 7325/3938/2024 7327/3937/2024 7331/3939/2024
f 7335/3942/2030 7334/3941/2281 7333/3940/2030
f 7333/3940/2030 7340/3944/2030 7335/3942/2030
f 7340/3944/2030 7339/3945/2030 7335/3942/2030
f 7339/3945/2030 7338/3944/2030 7335/3942/2030
f 7338/3944/2030 7337/3940/2030 7335/3942/2030
f 7378/3994/2089 7377/4003/2089 7381/3992/2089
f 7377/4003/2089 7379/4003/2089 7381/3992/2089
f 7379/4003/2089 7380/3994/2282 7381/3992/2089
f 7381/3992/2089 7382/3993/2283 7383/3993/2089
f 7383/3993/2089 7384/3992/2284 7378/3994/2089
f 7387/3997/2026 7385/3997/2026 7391/4000/2026
f 7385/3997/2026 7386/3996/2285 7391/4000/2026
f 7386/3996/2285 7392/3995/2286 7391/4000/2026
f 7391/4000/2026 7390/4000/2026 7387/3997/2026
f 7390/4000/2026 7389/3995/2090 7387/3997/2026
f 7403/4004/2031 7402/4004/2287 7401/4005/2031
f 7401/4005/2031 7408/4011/2286 7407/4006/2031
f 7407/4006/2031 7406/4006/2031 7403/4004/2031
f 7406/4006/2031 7405/4011/2031 7403/4004/2031
f 7405/4011/2031 7404/4005/2288 7403/4004/2031
f 7425/4387/2027 7426/4017/2289 7427/4017/2027
f 7427/4017/2027 7428/4387/2032 7429/4018/2027
f 7429/4018/2027 7430/4019/2089 7431/4019/2027
f 7431/4019/2027 7432/4018/2027 7425/4387/2027
f 7425/4387/2027 7427/4017/2027 7431/4019/2027
f 7807/4305/1259 7808/4293/1259 7809/4294/1259
f 7809/4294/1259 7810/4293/1259 7807/4305/1259
f 7810/4293/1259 7811/4305/1259 7807/4305/1259
f 7811/4305/1259 7812/4304/1259 7807/4305/1259
f 7812/4304/1259 7813/4303/1259 7807/4305/1259
f 7831/4322/1259 7832/4311/1259 7833/4312/1259
f 7833/4312/1259 7834/4311/1259 7831/4322/1259
f 7834/4311/1259 7835/4322/1259 7831/4322/1259
f 7835/4322/1259 7836/4321/1259 7831/4322/1259
f 7836/4321/1259 7837/4320/1259 7831/4322/1259
f 7857/4333/1263 7856/4307/1263 7855/4308/1263
f 7855/4308/1263 7862/4331/1263 7861/4329/1263
f 7861/4329/1263 7860/4331/1263 7859/4308/1263
f 7859/4308/1263 7858/4307/1263 7857/4333/1263
f 7857/4333/1263 7855/4308/1263 7859/4308/1263
f 7865/4334/1263 7864/4289/1263 7863/4290/1263
f 7863/4290/1263 7870/4332/1263 7869/4330/1263
f 7869/4330/1263 7868/4332/1263 7867/4290/1263
f 7867/4290/1263 7866/4289/1263 7865/4334/1263
f 7865/4334/1263 7863/4290/1263 7867/4290/1263
f 7887/4353/1259 7888/4341/1259 7889/4342/1259
f 7889/4342/1259 7890/4341/1259 7887/4353/1259
f 7890/4341/1259 7891/4353/1259 7887/4353/1259
f 7891/4353/1259 7892/4352/1259 7887/4353/1259
f 7892/4352/1259 7893/4351/1259 7887/4353/1259
f 7911/4370/1259 7912/4359/1259 7913/4360/1259
f 7913/4360/1259 7914/4359/1259 7911/4370/1259
f 7914/4359/1259 7915/4370/1259 7911/4370/1259
f 7915/4370/1259 7916/4369/1259 7911/4370/1259
f 7916/4369/1259 7917/4368/1259 7911/4370/1259
f 7937/4381/1263 7936/4355/1263 7935/4356/1263
f 7935/4356/1263 7942/4379/1263 7941/4377/1263
f 7941/4377/1263 7940/4379/1263 7939/4356/1263
f 7939/4356/1263 7938/4355/1263 7937/4381/1263
f 7937/4381/1263 7935/4356/1263 7939/4356/1263
f 7945/4382/1263 7944/4337/1263 7943/4338/1263
f 7943/4338/1263 7950/4380/1263 7949/4378/1263
f 7949/4378/1263 7948/4380/1263 7947/4338/1263
f 7947/4338/1263 7946/4337/1263 7945/4382/1263
f 7945/4382/1263 7943/4338/1263 7947/4338/1263
f 7967/4353/1259 7968/4341/1259 7969/4342/1259
f 7969/4342/1259 7970/4341/1259 7971/4353/1259
f 7971/4353/1259 7972/4352/1259 7973/4351/1259
f 7973/4351/1259 7974/4352/1259 7971/4353/1259
f 7974/4352/1259 7967/4353/1259 7971/4353/1259
f 7991/4370/1259 7992/4359/1259 7993/4360/1259
f 7993/4360/1259 7994/4359/1259 7995/4370/1259
f 7995/4370/1259 7996/4369/1259 7997/4368/1259
f 7997/4368/1259 7998/4369/1259 7995/4370/1259
f 7998/4369/1259 7991/4370/1259 7995/4370/1259
f 8017/4381/1263 8016/4355/1263 8015/4356/1263
f 8015/4356/1263 8022/4379/1263 8017/4381/1263
f 8022/4379/1263 8021/4377/1263 8017/4381/1263
f 8021/4377/1263 8020/4379/1263 8017/4381/1263
f 8020/4379/1263 8019/4356/1263 8017/4381/1263
f 8025/4382/1263 8024/4337/1263 8023/4338/1263
f 8023/4338/1263 8030/4380/1263 8025/4382/1263
f 8030/4380/1263 8029/4378/1263 8025/4382/1263
f 8029/4378/1263 8028/4380/1263 8027/4338/1263
f 8027/4338/1263 8026/4337/1263 8029/4378/1263
f 8047/4353/1259 8048/4341/1259 8049/4342/1259
f 8049/4342/1259 8050/4341/1259 8051/4353/1259
f 8051/4353/1259 8052/4352/1259 8053/4351/1259
f 8053/4351/1259 8054/4352/1259 8051/4353/1259
f 8054/4352/1259 8047/4353/1259 8051/4353/1259
f 8071/4370/1259 8072/4359/1259 8073/4360/1259
f 8073/4360/1259 8074/4359/1259 8075/4370/1259
f 8075/4370/1259 8076/4369/1259 8077/4368/1259
f 8077/4368/1259 8078/4369/1259 8075/4370/1259
f 8078/4369/1259 8071/4370/1259 8075/4370/1259
f 8097/4381/1263 8096/4355/1263 8095/4356/1263
f 8095/4356/1263 8102/4379/1263 8097/4381/1263
f 8102/4379/1263 8101/4377/1263 8097/4381/1263
f 8101/4377/1263 8100/4379/1263 8097/4381/1263
f 8100/4379/1263 8099/4356/1263 8097/4381/1263
f 8105/4382/1263 8104/4337/1263 8103/4338/1263
f 8103/4338/1263 8110/4380/1263 8105/4382/1263
f 8110/4380/1263 8109/4378/1263 8105/4382/1263
f 8109/4378/1263 8108/4380/1263 8105/4382/1263
f 8108/4380/1263 8107/4338/1263 8105/4382/1263
o fgear_1
v -0.070974 -0.674052 0.286473
v -0.070974 -0.686424 0.145065
v 0.070974 -0.686424 0.145065
v 0.070974 -0.674052 0.286473
v -0.070974 -0.770297 0.294893
v -0.070974 -0.782668 0.153485
v 0.070974 -0.782668 0.153485
v 0.070974 -0.770297 0.294893
v -0.051979 -0.813123 0.279572
v -0.051979 -0.122434 0.219145
v -0.051979 -0.822183 0.176010
v -0.051979 -0.131494 0.115583
v 0.051979 -0.813123 0.279572
v 0.051979 -0.122434 0.219145
v 0.051979 -0.822183 0.176010
v 0.051979 -0.131494 0.115583
v -0.051979 -0.719468 0.271379
v -0.051979 -0.728528 0.167817
v 0.051979 -0.728528 0.167817
v 0.051979 -0.719468 0.271379
v -0.063440 -0.599954 0.272428
v -0.063440 -0.611012 0.146030
v 0.063440 -0.611012 0.146030
v 0.063440 -0.599954 0.272428
v -0.063440 -0.508770 0.264451
v -0.063440 -0.519829 0.138053
v 0.063440 -0.519829 0.138053
v 0.063440 -0.508770 0.264451
v -0.042525 -1.076538 0.270154
v -0.042525 -1.040374 0.185429
v 0.042525 -1.076538 0.270154
v 0.042525 -1.040374 0.185429
v -0.040941 -1.282866 0.106145
v -0.040941 -1.229469 0.044480
v 0.040941 -1.282866 0.106145
v 0.040941 -1.229469 0.044480
v -0.058649 -1.317469 0.099515
v -0.058649 -1.240977 0.011180
v 0.058649 -1.317469 0.099515
v 0.058649 -1.240977 0.011180
v -0.058649 -1.395494 0.031951
v -0.058649 -1.319001 -0.056384
v 0.058649 -1.395494 0.031951
v 0.058649 -1.319001 -0.056384
v -0.036459 -1.405895 -0.006297
v -0.036459 -1.358343 -0.061211
v 0.036459 -1.405895 -0.006297
v 0.036459 -1.358343 -0.061211
v 0.051979 -0.969984 0.176010
v -0.051979 -0.969984 0.176010
v -0.051979 -0.969984 0.279572
v 0.051979 -0.969984 0.279572
v 0.042525 -0.969984 0.185429
v 0.042525 -0.969984 0.270154
v -0.042525 -0.969984 0.185429
v -0.042525 -0.969984 0.270154
v -0.043542 -0.515654 0.095262
v 0.043542 -0.515654 0.095262
v -0.043542 -0.658142 0.095262
v 0.043542 -0.658142 0.095262
v -0.043542 -0.515654 0.192428
v 0.043542 -0.515654 0.192428
v -0.043542 -0.658142 0.192428
v 0.043542 -0.658142 0.192428
v -0.043542 -0.763276 0.095262
v 0.043542 -0.763276 0.095262
v -0.043542 -0.763276 0.192428
v 0.043542 -0.763276 0.192428
v -0.043542 -0.658142 -0.009699
v -0.043542 -0.543713 0.013164
v 0.043542 -0.543713 0.013164
v 0.043542 -0.658142 -0.009699
v -0.123566 -0.755791 0.059576
v -0.123566 -0.636489 0.059576
v -0.123566 -0.755791 -0.047256
v -0.123566 -0.636489 -0.047256
v 0.123566 -0.755791 0.059576
v 0.123566 -0.636489 0.059576
v 0.123566 -0.755791 -0.047256
v 0.123566 -0.636489 -0.047256
v -0.019412 -0.730918 0.178675
v -0.019412 -0.661362 0.178675
v 0.019412 -0.730918 0.178675
v 0.019412 -0.661362 0.178675
v 0.111270 -1.273195 0.018212
v 0.111270 -1.278512 -0.001632
v 0.111270 -1.293039 -0.016159
v 0.111270 -1.312883 -0.021476
v 0.111270 -1.332727 -0.016159
v 0.111270 -1.347254 -0.001632
v 0.111270 -1.352571 0.018212
v 0.111270 -1.347254 0.038056
v 0.111270 -1.332727 0.052583
v 0.111270 -1.312883 0.057900
v 0.111270 -1.293039 0.052583
v 0.111270 -1.278512 0.038056
v 0.000000 -1.273195 0.018212
v 0.000000 -1.278512 -0.001632
v 0.000000 -1.293039 -0.016159
v 0.000000 -1.312883 -0.021476
v 0.000000 -1.332727 -0.016159
v 0.000000 -1.347254 -0.001632
v 0.000000 -1.352571 0.018212
v 0.000000 -1.347254 0.038056
v 0.000000 -1.332727 0.052583
v 0.000000 -1.312883 0.057900
v 0.000000 -1.293039 0.052583
v 0.000000 -1.278512 0.038056
v -0.111270 -1.273195 0.018212
v -0.111270 -1.278512 -0.001632
v -0.111270 -1.293039 -0.016159
v -0.111270 -1.312883 -0.021476
v -0.111270 -1.332727 -0.016159
v -0.111270 -1.347254 -0.001632
v -0.111270 -1.352571 0.018212
v -0.111270 -1.347254 0.038056
v -0.111270 -1.332727 0.052583
v -0.111270 -1.312883 0.057900
v -0.111270 -1.293039 0.052583
v -0.111270 -1.278512 0.038056
vn -0.0000 0.9962 -0.0872
vn -0.0000 -0.9962 0.0872
vn -1.0000 -0.0000 -0.0000
vn 1.0000 -0.0000 -0.0000
vn -0.0000 -0.0872 -0.9962
vn -0.0000 0.0872 0.9962
vn -0.0000 -0.0000 -1.0000
vn -0.0000 0.0871 0.9962
vn -0.0000 -0.0871 -0.9962
vn 1.0000 -0.0026 -0.0016
vn 1.0000 -0.0002 -0.0001
vn 1.0000 -0.0054 -0.0033
vn -1.0000 -0.0026 -0.0016
vn -1.0000 -0.0002 -0.0001
vn -0.0000 -0.0000 1.0000
vn -0.0000 -0.6223 0.7828
vn -0.0000 0.5976 -0.8018
vn -0.0000 -0.1882 0.9821
vn -0.0000 0.9452 -0.3266
vn 0.8648 0.3796 0.3287
vn -0.8648 0.3796 0.3287
vn 0.8291 -0.4227 -0.3660
vn -0.0000 -0.6546 0.7560
vn -0.0000 0.6546 -0.7560
vn -0.0000 -0.7560 -0.6546
vn -0.8291 -0.4227 -0.3660
vn -0.0000 -0.9650 0.2624
vn -0.0000 0.1218 -0.9926
vn -0.0000 -1.0000 -0.0000
vn -1.0000 -0.0054 -0.0033
vn -0.0000 1.0000 -0.0000
vn -0.0000 0.1959 -0.9806
vn -0.0000 0.9463 -0.3234
vn -0.0000 0.9789 0.2044
vn 0.7528 -0.0000 0.6583
vn -0.7528 -0.0000 0.6583
vn -0.0000 -0.9789 0.2044
vn -0.0000 0.2588 -0.9659
vn -0.0000 0.2588 0.9659
vn -0.0000 -0.9659 0.2588
vn -0.0000 -0.2588 -0.9659
vn -0.0000 0.7071 0.7071
vn -0.0000 0.9659 -0.2588
vn -0.0000 -0.7071 0.7071
vn -0.0000 -0.7071 -0.7071
vn -0.0000 0.9659 0.2588
vn -0.0000 0.7071 -0.7071
vn -0.0000 -0.2588 0.9659
vn -0.0000 -0.9659 -0.2588
vt 0.060439 0.989347
vt 0.060439 0.989594
vt 0.060192 0.989594
vt 0.060192 0.989347
vt 0.060439 0.989333
vt 0.060192 0.989333
vt 0.060192 0.989579
vt 0.060439 0.989579
vt 0.060225 0.989374
vt 0.060225 0.989464
vt 0.060225 0.989645
vt 0.060225 0.989554
vt 0.060406 0.989645
vt 0.060406 0.989554
vt 0.060406 0.989464
vt 0.060406 0.989374
vt 0.060241 0.989523
vt 0.060389 0.989523
vt 0.060406 0.989359
vt 0.060225 0.989359
vt 0.060406 0.989540
vt 0.060225 0.989540
vt 0.060425 0.989372
vt 0.060205 0.989372
vt 0.060205 0.989592
vt 0.060425 0.989592
vt 0.060425 0.989386
vt 0.060425 0.989606
vt 0.060205 0.989606
vt 0.060205 0.989386
vt 0.060389 0.989376
vt 0.060386 0.989661
vt 0.060386 0.989768
vt 0.060241 0.989376
vt 0.060244 0.989661
vt 0.060244 0.989768
vt 0.060213 0.989673
vt 0.060417 0.989673
vt 0.060417 0.989826
vt 0.060417 0.989790
vt 0.060417 0.989944
vt 0.060213 0.989826
vt 0.060378 0.989857
vt 0.060378 0.989952
vt 0.060213 0.989944
vt 0.060213 0.989790
vt 0.060252 0.989952
vt 0.060252 0.989857
vt 0.060391 0.989680
vt 0.060391 0.989511
vt 0.060239 0.989680
vt 0.060239 0.989823
vt 0.060239 0.989863
vt 0.060239 0.989511
vt 0.060391 0.989823
vt 0.060391 0.989863
vt 0.060100 0.989742
vt 0.060100 0.989928
vt 0.060530 0.989928
vt 0.060530 0.989742
vt 0.060281 0.989535
vt 0.060349 0.989535
vt 0.060816 0.994541
vt 0.060816 0.994546
vt 0.060709 0.994546
vt 0.060709 0.994541
vt 0.060816 0.994469
vt 0.060816 0.994475
vt 0.060709 0.994475
vt 0.060709 0.994469
vt 0.060816 0.994508
vt 0.060816 0.994488
vt 0.060709 0.994488
vt 0.060709 0.994508
vt 0.060816 0.994527
vt 0.060709 0.994527
s 1
usemtl マテリアル
f 8114/4388/2290 8113/4389/2290 8112/4390/2290 8111/4391/2290
f 8118/4392/2291 8115/4393/2291 8116/4394/2291 8117/4395/2291
f 8112/4390/2292 8116/4394/2292 8115/4393/2292 8111/4391/2292
f 8114/4388/2293 8118/4392/2293 8117/4395/2293 8113/4389/2293
f 8113/4389/2294 8117/4395/2294 8116/4394/2294 8112/4390/2294
f 8111/4391/2295 8115/4393/2295 8118/4392/2295 8114/4388/2295
f 8127/4396/2292 8120/4397/2292 8122/4398/2292 8128/4399/2292
f 8128/4399/2294 8122/4398/2294 8126/4400/2294 8129/4401/2294
f 8129/4401/2293 8126/4400/2293 8124/4402/2293 8130/4403/2293
f 8130/4403/2295 8124/4402/2295 8120/4397/2295 8127/4396/2295
f 8165/4404/2296 8163/4405/2296 8142/4405/2296 8140/4404/2296
f 8126/4400/2290 8122/4398/2290 8120/4397/2290 8124/4402/2290
f 8123/4406/2297 8130/4403/2295 8127/4396/2295 8119/4407/2297
f 8125/4408/2293 8129/4401/2293 8130/4403/2293 8123/4406/2293
f 8121/4409/2298 8128/4399/2294 8129/4401/2294 8125/4408/2298
f 8119/4407/2292 8127/4396/2292 8128/4399/2292 8121/4409/2292
f 8134/4410/2291 8131/4411/2291 8132/4412/2291 8133/4413/2291
f 8138/4414/2290 8137/4415/2290 8136/4416/2290 8135/4417/2290
f 8133/4413/2294 8132/4412/2294 8136/4416/2294 8137/4415/2294
f 8131/4411/2297 8134/4410/2297 8138/4414/2297 8135/4417/2297
f 8132/4412/2292 8131/4411/2292 8135/4417/2292 8136/4416/2292
f 8134/4410/2293 8133/4413/2293 8137/4415/2293 8138/4414/2293
f 8142/4405/2299 8141/4418/2300 8145/4419/2301 8146/4420/2301
f 8166/4421/2292 8165/4404/2292 8140/4404/2302 8139/4421/2303
f 8163/4405/2293 8164/4418/2293 8141/4418/2300 8142/4405/2299
f 8164/4418/2304 8166/4421/2304 8139/4421/2304 8141/4418/2304
f 8139/4421/2305 8143/4422/2305 8145/4419/2305 8141/4418/2305
f 8142/4405/2306 8146/4420/2306 8144/4423/2306 8140/4404/2306
f 8145/4419/2307 8143/4422/2307 8147/4424/2307 8149/4425/2307
f 8150/4426/2293 8149/4425/2293 8153/4427/2293 8154/4428/2293
f 8144/4423/2308 8146/4420/2308 8150/4426/2308 8148/4429/2308
f 8146/4420/2309 8145/4419/2309 8149/4425/2309 8150/4426/2309
f 8143/4422/2310 8144/4423/2310 8148/4429/2310 8147/4424/2310
f 8154/4428/2311 8153/4427/2311 8157/4430/2311 8158/4431/2311
f 8147/4424/2292 8148/4429/2292 8152/4432/2292 8151/4433/2292
f 8149/4425/2312 8147/4424/2312 8151/4433/2312 8153/4427/2312
f 8148/4429/2313 8150/4426/2313 8154/4428/2313 8152/4432/2313
f 8156/4434/2314 8158/4431/2314 8157/4430/2314 8155/4435/2314
f 8151/4433/2315 8152/4432/2315 8156/4434/2315 8155/4435/2315
f 8153/4427/2316 8151/4433/2316 8155/4435/2316 8157/4430/2316
f 8152/4432/2317 8154/4428/2317 8158/4431/2317 8156/4434/2317
f 8123/4406/2304 8119/4407/2304 8161/4407/2304 8162/4406/2304
f 8125/4408/2293 8123/4406/2293 8162/4406/2293 8159/4408/2293
f 8119/4407/2292 8121/4409/2292 8160/4409/2292 8161/4407/2292
f 8121/4409/2296 8125/4408/2296 8159/4408/2296 8160/4409/2296
f 8162/4406/2318 8161/4407/2318 8166/4421/2318 8164/4418/2318
f 8159/4408/2318 8162/4406/2318 8164/4418/2318 8163/4405/2318
f 8161/4407/2318 8160/4409/2318 8165/4404/2318 8166/4421/2318
f 8160/4409/2318 8159/4408/2318 8163/4405/2318 8165/4404/2318
f 8140/4404/2302 8144/4423/2319 8143/4422/2319 8139/4421/2303
f 8170/4436/2293 8168/4436/2293 8172/4437/2293 8174/4437/2293
f 8169/4438/2292 8167/4438/2292 8180/4439/2292 8179/4440/2292
f 8174/4437/2304 8172/4437/2304 8171/4441/2304 8173/4441/2304
f 8168/4436/2320 8167/4438/2320 8171/4441/2320 8172/4437/2320
f 8170/4436/2293 8174/4437/2293 8178/4437/2293 8176/4436/2293
f 8167/4438/2292 8169/4438/2292 8173/4441/2292 8171/4441/2292
f 8175/4438/2318 8176/4436/2318 8178/4437/2318 8177/4441/2318
f 8174/4437/2304 8173/4441/2304 8177/4441/2304 8178/4437/2304
f 8169/4438/2296 8170/4436/2296 8176/4436/2296 8175/4438/2296
f 8173/4441/2292 8169/4438/2292 8175/4438/2292 8177/4441/2292
f 8179/4440/2321 8180/4439/2321 8181/4442/2321 8182/4443/2321
f 8170/4436/2318 8169/4438/2318 8179/4440/2318 8182/4443/2318
f 8167/4438/2322 8168/4436/2322 8181/4442/2322 8180/4439/2322
f 8168/4436/2293 8170/4436/2293 8182/4443/2293 8181/4442/2293
f 8183/4444/2292 8184/4444/2292 8186/4445/2292 8185/4445/2292
f 8185/4445/2296 8186/4445/2296 8190/4446/2296 8189/4446/2296
f 8189/4446/2293 8190/4446/2293 8188/4447/2293 8187/4447/2293
f 8188/4447/2323 8184/4444/2323 8192/4448/2323 8194/4449/2323
f 8185/4445/2318 8189/4446/2318 8187/4447/2318 8183/4444/2318
f 8190/4446/2320 8186/4445/2320 8184/4444/2320 8188/4447/2320
f 8193/4449/2304 8194/4449/2304 8192/4448/2304 8191/4448/2304
f 8187/4447/2324 8188/4447/2324 8194/4449/2324 8193/4449/2324
f 8184/4444/2325 8183/4444/2325 8191/4448/2325 8192/4448/2325
f 8183/4444/2326 8187/4447/2326 8193/4449/2326 8191/4448/2326
f 8197/4450/2327 8198/4451/2327 8210/4452/2327 8209/4453/2327
f 8204/4454/2328 8205/4455/2328 8217/4456/2328 8216/4457/2328
f 8201/4458/2329 8202/4459/2329 8214/4460/2329 8213/4461/2329
f 8198/4451/2330 8199/4450/2330 8211/4453/2330 8210/4452/2330
f 8205/4455/2331 8206/4459/2331 8218/4460/2331 8217/4456/2331
f 8195/4458/2332 8196/4462/2332 8208/4463/2332 8207/4461/2332
f 8202/4459/2333 8203/4455/2333 8215/4456/2333 8214/4460/2333
f 8199/4450/2334 8200/4462/2334 8212/4463/2334 8211/4453/2334
f 8206/4459/2335 8195/4458/2335 8207/4461/2335 8218/4460/2335
f 8196/4462/2336 8197/4450/2336 8209/4453/2336 8208/4463/2336
f 8203/4455/2337 8204/4454/2337 8216/4457/2337 8215/4456/2337
f 8200/4462/2338 8201/4458/2338 8213/4461/2338 8212/4463/2338
f 8221/4450/2327 8209/4453/2327 8210/4452/2327 8222/4451/2327
f 8228/4454/2328 8216/4457/2328 8217/4456/2328 8229/4455/2328
f 8225/4458/2329 8213/4461/2329 8214/4460/2329 8226/4459/2329
f 8222/4451/2330 8210/4452/2330 8211/4453/2330 8223/4450/2330
f 8229/4455/2331 8217/4456/2331 8218/4460/2331 8230/4459/2331
f 8219/4458/2332 8207/4461/2332 8208/4463/2332 8220/4462/2332
f 8226/4459/2333 8214/4460/2333 8215/4456/2333 8227/4455/2333
f 8223/4450/2334 8211/4453/2334 8212/4463/2334 8224/4462/2334
f 8230/4459/2335 8218/4460/2335 8207/4461/2335 8219/4458/2335
f 8220/4462/2336 8208/4463/2336 8209/4453/2336 8221/4450/2336
f 8227/4455/2337 8215/4456/2337 8216/4457/2337 8228/4454/2337
f 8224/4462/2338 8212/4463/2338 8213/4461/2338 8225/4458/2338
f 8195/4458/2293 8205/4455/2293 8201/4458/2293
f 8225/4458/2292 8227/4455/2292 8219/4458/2292
f 8197/4450/2293 8196/4462/2293 8195/4458/2293
f 8195/4458/2293 8206/4459/2293 8205/4455/2293
f 8205/4455/2293 8204/4454/2293 8201/4458/2293
f 8204/4454/2293 8203/4455/2293 8201/4458/2293
f 8203/4455/2293 8202/4459/2293 8201/4458/2293
f 8201/4458/2293 8200/4462/2293 8199/4450/2293
f 8199/4450/2293 8198/4451/2293 8201/4458/2293
f 8198/4451/2293 8197/4450/2293 8201/4458/2293
f 8197/4450/2293 8195/4458/2293 8201/4458/2293
f 8219/4458/2292 8220/4462/2292 8221/4450/2292
f 8221/4450/2292 8222/4451/2292 8219/4458/2292
f 8222/4451/2292 8223/4450/2292 8219/4458/2292
f 8223/4450/2292 8224/4462/2292 8225/4458/2292
f 8225/4458/2292 8226/4459/2292 8227/4455/2292
f 8227/4455/2292 8228/4454/2292 8219/4458/2292
f 8228/4454/2292 8229/4455/2292 8219/4458/2292
f 8229/4455/2292 8230/4459/2292 8219/4458/2292
f 8223/4450/2292 8225/4458/2292 8219/4458/2292
o fgear_2
v -0.031082 -0.943610 0.223938
v -0.031082 -0.883563 0.207848
v -0.031082 -0.959699 0.163891
v -0.031082 -0.899652 0.147802
v 0.031082 -0.943610 0.223938
v 0.031082 -0.883563 0.207848
v 0.031082 -0.959699 0.163891
v 0.031082 -0.899652 0.147802
v -0.015635 -0.964731 0.086100
v -0.015635 -0.934526 0.078007
v 0.015635 -0.964731 0.086100
v 0.015635 -0.934526 0.078007
v -0.015462 -1.065649 -0.296427
v -0.015462 -1.035444 -0.304520
v 0.015809 -1.065649 -0.296427
v 0.015809 -1.035444 -0.304520
v -0.021876 -1.078755 -0.324943
v -0.021876 -1.035523 -0.318214
v 0.021876 -1.078755 -0.324943
v 0.021876 -1.035523 -0.318214
v -0.021876 -1.070640 -0.291299
v -0.021876 -1.028378 -0.302623
v 0.021876 -1.070640 -0.291299
v 0.021876 -1.028378 -0.302623
v 0.000000 -1.078755 -0.324943
v 0.000000 -1.035523 -0.318214
v 0.000000 -1.070640 -0.291299
v 0.000000 -1.028378 -0.302623
vn -1.0000 -0.0000 -0.0000
vn 0.9802 -0.0513 -0.1913
vn 1.0000 -0.0000 -0.0000
vn -0.0000 0.2588 0.9659
vn -0.0000 -0.9659 0.2588
vn -0.0000 0.9659 -0.2588
vn 1.0000 0.0001 0.0004
vn -0.0000 -0.9979 0.0646
vn -0.0000 0.8945 -0.4470
vn -0.9802 -0.0513 -0.1913
vn -0.0000 -0.9669 0.2551
vn -0.0000 0.9669 -0.2551
vn -1.0000 -0.0001 -0.0004
vn -0.0000 0.1538 -0.9881
vn -0.0000 -0.9721 0.2345
vn -0.0000 0.9091 -0.4166
vt 0.060261 0.989456
vt 0.060261 0.989484
vt 0.060261 0.989589
vt 0.060261 0.989561
vt 0.060369 0.989589
vt 0.060369 0.989561
vt 0.060342 0.989696
vt 0.060342 0.989710
vt 0.060369 0.989484
vt 0.060369 0.989456
vt 0.060343 0.990362
vt 0.060343 0.990376
vt 0.060288 0.989696
vt 0.060288 0.989710
vt 0.060288 0.990362
vt 0.060288 0.990376
vt 0.060315 0.990411
vt 0.060315 0.990400
vt 0.060353 0.990400
vt 0.060353 0.990411
vt 0.060315 0.990353
vt 0.060353 0.990353
vt 0.060353 0.990373
vt 0.060315 0.990373
vt 0.060277 0.990353
vt 0.060277 0.990411
vt 0.060277 0.990373
vt 0.060277 0.990400
s 1
usemtl マテリアル
f 8231/4464/2339 8232/4465/2339 8234/4466/2339 8233/4467/2339
f 8238/4468/2340 8237/4469/2340 8241/4470/2340 8242/4471/2340
f 8237/4469/2341 8238/4468/2341 8236/4472/2341 8235/4473/2341
f 8235/4473/2342 8236/4472/2342 8232/4465/2342 8231/4464/2342
f 8233/4467/2343 8237/4469/2343 8235/4473/2343 8231/4464/2343
f 8238/4468/2344 8234/4466/2344 8232/4465/2344 8236/4472/2344
f 8242/4471/2345 8241/4470/2345 8245/4474/2345 8246/4475/2345
f 8237/4469/2346 8233/4467/2346 8239/4476/2346 8241/4470/2346
f 8234/4466/2347 8238/4468/2347 8242/4471/2347 8240/4477/2347
f 8233/4467/2348 8234/4466/2348 8240/4477/2348 8239/4476/2348
f 8241/4470/2349 8239/4476/2349 8243/4478/2349 8245/4474/2349
f 8240/4477/2350 8242/4471/2350 8246/4475/2350 8244/4479/2350
f 8239/4476/2351 8240/4477/2351 8244/4479/2351 8243/4478/2351
f 8255/4480/2352 8256/4481/2352 8250/4482/2352 8249/4483/2352
f 8257/4484/2342 8253/4485/2342 8254/4486/2342 8258/4487/2342
f 8250/4482/2341 8254/4486/2341 8253/4485/2341 8249/4483/2341
f 8255/4480/2353 8257/4484/2353 8251/4488/2353 8247/4489/2353
f 8256/4481/2354 8258/4487/2354 8254/4486/2354 8250/4482/2354
f 8247/4489/2339 8251/4488/2339 8252/4490/2339 8248/4491/2339
f 8248/4491/2354 8252/4490/2354 8258/4487/2354 8256/4481/2354
f 8249/4483/2353 8253/4485/2353 8257/4484/2353 8255/4480/2353
f 8251/4488/2342 8257/4484/2342 8258/4487/2342 8252/4490/2342
f 8247/4489/2352 8248/4491/2352 8256/4481/2352 8255/4480/2352
o fgear_3
v -0.042811 -0.886553 0.378958
v -0.042811 -0.922601 0.301654
v 0.042811 -0.886553 0.378958
v 0.042811 -0.922601 0.301654
v -0.042811 -0.762984 0.321337
v -0.042811 -0.799032 0.244033
v 0.042811 -0.762984 0.321337
v 0.042811 -0.799032 0.244033
v -0.042811 -0.711769 0.261724
v -0.042811 -0.734527 0.213953
v 0.042811 -0.711769 0.261724
v 0.042811 -0.734527 0.213953
v -0.039084 -1.176249 0.451804
v -0.039084 -1.176249 0.371793
v 0.039084 -1.176249 0.451804
v 0.039084 -1.176249 0.371793
v -0.039084 -1.268319 0.353155
v -0.039084 -1.188860 0.353155
v 0.039084 -1.268319 0.353155
v 0.039084 -1.188860 0.353155
v 0.039084 -1.239838 0.428485
v -0.039084 -1.239838 0.428485
v -0.039084 -1.268319 0.112900
v -0.039084 -1.188860 0.112900
v 0.039084 -1.268319 0.112900
v 0.039084 -1.188860 0.112900
v -0.040254 -1.096582 0.349763
v -0.040254 -1.085260 0.428924
v 0.040254 -1.085260 0.428924
v 0.040254 -1.096582 0.349763
v -0.055479 -1.101793 0.336638
v -0.055479 -1.073792 0.442084
v 0.055479 -1.073792 0.442084
v 0.055479 -1.101793 0.336638
v -0.055479 -0.955889 0.297894
v -0.055479 -0.927889 0.403340
v 0.055479 -0.927889 0.403340
v 0.055479 -0.955889 0.297894
vn -0.9999 -0.0131 0.0023
vn -0.9999 -0.0136 0.0011
vn -1.0000 0.0008 -0.0000
vn -1.0000 -0.0003 0.0005
vn -0.0000 -0.4226 -0.9063
vn 0.9999 -0.0124 0.0034
vn 1.0000 -0.0005 -0.0003
vn 1.0000 -0.0000 -0.0000
vn -1.0000 -0.0005 -0.0003
vn -0.9999 -0.0124 0.0034
vn -1.0000 -0.0000 -0.0000
vn -0.0000 0.4226 0.9063
vn -0.0000 0.9028 -0.4301
vn -0.0000 0.7585 0.6517
vn 1.0000 0.0008 -0.0000
vn -0.0000 0.2439 0.9698
vn -0.0000 -0.2665 -0.9638
vn 0.9999 -0.0136 0.0012
vn 0.9999 -0.0131 0.0023
vn 1.0000 -0.0003 0.0005
vn -0.0000 -0.9354 0.3537
vn -0.0000 0.8282 -0.5604
vn -0.0000 -0.3443 0.9389
vn -0.0000 -0.0000 -1.0000
vn -0.0000 -1.0000 -0.0000
vn -0.0000 1.0000 -0.0000
vn -0.0000 -0.9665 0.2567
vn -0.0000 0.9665 -0.2566
vn -0.0000 0.2567 0.9665
vn -0.0000 -0.2566 -0.9665
vt 0.060245 0.989099
vt 0.060245 0.989237
vt 0.060247 0.989199
vt 0.060247 0.989060
vt 0.060390 0.989421
vt 0.060241 0.989421
vt 0.060241 0.989474
vt 0.060390 0.989474
vt 0.060390 0.989186
vt 0.060390 0.989321
vt 0.060390 0.989287
vt 0.060241 0.989321
vt 0.060241 0.989186
vt 0.060241 0.989287
vt 0.060241 0.989390
vt 0.060390 0.989390
vt 0.060383 0.989199
vt 0.060383 0.989100
vt 0.060383 0.989231
vt 0.060385 0.989099
vt 0.060383 0.989060
vt 0.060385 0.989237
vt 0.060247 0.989231
vt 0.060247 0.989649
vt 0.060247 0.989100
vt 0.060383 0.989649
vt 0.060412 0.989077
vt 0.060219 0.989077
vt 0.060219 0.989260
vt 0.060412 0.989260
vt 0.060412 0.989144
vt 0.060412 0.989327
vt 0.060219 0.989327
vt 0.060219 0.989144
s 1
usemtl マテリアル
f 8286/4492/2355 8285/4493/2356 8272/4494/2357 8271/4495/2358
f 8266/4496/2359 8264/4497/2359 8268/4498/2359 8270/4499/2359
f 8261/4500/2360 8262/4501/2361 8266/4496/2362 8265/4502/2362
f 8260/4503/2363 8259/4504/2364 8263/4505/2365 8264/4497/2365
f 8259/4504/2366 8261/4500/2366 8265/4502/2366 8263/4505/2366
f 8262/4501/2359 8260/4503/2359 8264/4497/2359 8266/4496/2359
f 8268/4498/2367 8267/4506/2367 8269/4507/2367 8270/4499/2367
f 8265/4502/2362 8266/4496/2362 8270/4499/2362 8269/4507/2362
f 8264/4497/2365 8263/4505/2365 8267/4506/2365 8268/4498/2365
f 8263/4505/2368 8265/4502/2368 8269/4507/2368 8267/4506/2368
f 8274/4508/2369 8279/4509/2362 8277/4510/2362 8278/4510/2362
f 8287/4511/2370 8286/4492/2370 8271/4495/2370 8273/4512/2370
f 8285/4493/2371 8288/4513/2371 8274/4508/2371 8272/4494/2371
f 8288/4513/2372 8287/4511/2373 8273/4512/2374 8274/4508/2369
f 8275/4514/2365 8276/4514/2365 8282/4515/2365 8281/4515/2365
f 8280/4516/2365 8272/4494/2357 8276/4514/2365 8275/4514/2365
f 8279/4509/2375 8280/4516/2375 8275/4514/2375 8277/4510/2375
f 8272/4494/2376 8274/4508/2376 8278/4510/2376 8276/4514/2376
f 8273/4512/2377 8271/4495/2377 8280/4516/2377 8279/4509/2377
f 8271/4495/2358 8272/4494/2357 8280/4516/2365
f 8274/4508/2369 8273/4512/2374 8279/4509/2362
f 8282/4515/2378 8284/4517/2378 8283/4517/2378 8281/4515/2378
f 8277/4510/2379 8275/4514/2379 8281/4515/2379 8283/4517/2379
f 8276/4514/2380 8278/4510/2380 8284/4517/2380 8282/4515/2380
f 8278/4510/2362 8277/4510/2362 8283/4517/2362 8284/4517/2362
f 8262/4501/2361 8261/4500/2360 8287/4511/2373 8288/4513/2372
f 8260/4503/2371 8262/4501/2371 8288/4513/2371 8285/4493/2371
f 8261/4500/2370 8259/4504/2370 8286/4492/2370 8287/4511/2370
f 8259/4504/2364 8260/4503/2363 8285/4493/2356 8286/4492/2355
f 8291/4518/2381 8290/4519/2381 8289/4520/2381 8292/4521/2381
f 8295/4522/2382 8296/4523/2382 8293/4524/2382 8294/4525/2382
f 8290/4519/2383 8291/4518/2383 8295/4522/2383 8294/4525/2383
f 8291/4518/2362 8292/4521/2362 8296/4523/2362 8295/4522/2362
f 8289/4520/2365 8290/4519/2365 8294/4525/2365 8293/4524/2365
f 8292/4521/2384 8289/4520/2384 8293/4524/2384 8296/4523/2384
o fgear_4
v -0.014911 -0.463159 0.161950
v -0.014911 -0.436132 0.174553
v -0.014911 -0.380455 -0.015408
v -0.014911 -0.353428 -0.002805
v 0.014911 -0.463159 0.161950
v 0.014911 -0.436132 0.174553
v 0.014911 -0.380455 -0.015408
v 0.014911 -0.353428 -0.002805
vn -1.0000 -0.0000 -0.0000
vn -0.0000 0.4226 -0.9063
vn 1.0000 -0.0000 -0.0000
vn -0.0000 -0.4226 0.9063
vn -0.0000 -0.9063 -0.4226
vn -0.0000 0.9063 0.4226
vt 0.060289 0.989564
vt 0.060289 0.989542
vt 0.060289 0.989851
vt 0.060289 0.989873
vt 0.060341 0.989851
vt 0.060341 0.989873
vt 0.060341 0.989542
vt 0.060341 0.989564
s 1
usemtl マテリアル
f 8297/4526/2385 8298/4527/2385 8300/4528/2385 8299/4529/2385
f 8299/4529/2386 8300/4528/2386 8304/4530/2386 8303/4531/2386
f 8303/4531/2387 8304/4530/2387 8302/4532/2387 8301/4533/2387
f 8301/4533/2388 8302/4532/2388 8298/4527/2388 8297/4526/2388
f 8299/4529/2389 8303/4531/2389 8301/4533/2389 8297/4526/2389
f 8304/4530/2390 8300/4528/2390 8298/4527/2390 8302/4532/2390
o flap_l
v 3.306403 0.726067 -7.521595
v 3.306403 0.715446 -6.732850
v 4.836617 0.611998 -7.782383
v 4.836617 0.603749 -7.215779
v 3.306403 0.726067 -7.521595
v 4.836617 0.611998 -7.782383
v 3.306403 0.817372 -6.732850
v 4.836617 0.687797 -7.215779
v 3.306403 0.715446 -6.732850
v 4.836617 0.611998 -7.782383
v 4.836617 0.603749 -7.215779
v 3.306403 0.726067 -7.521595
v 3.306403 0.817372 -6.732850
v 4.836617 0.687797 -7.215779
v 1.420500 0.873883 -7.192144
v 3.306403 0.726067 -7.521595
v 1.410937 0.860193 -6.107046
v 3.306403 0.715446 -6.732850
v 1.420500 0.873883 -7.192144
v 3.306403 0.726067 -7.521595
v 1.410937 0.985285 -6.107046
v 3.306403 0.817372 -6.732850
v 1.420500 0.873883 -7.192144
v 3.306403 0.726067 -7.521595
v 1.410937 0.860193 -6.107046
v 3.306403 0.715446 -6.732850
v 1.420500 0.873883 -7.192144
v 3.306403 0.726067 -7.521595
v 1.410937 0.985285 -6.107046
v 3.306403 0.817372 -6.732850
vn -0.0769 -0.9969 -0.0139
vn 0.0492 0.9913 -0.1222
vn -1.0000 -0.0000 -0.0000
vn 0.3010 -0.0000 0.9536
vn 1.0000 -0.0000 -0.0000
vn -0.0805 -0.9967 -0.0133
vn 0.0558 0.9927 -0.1071
vn -1.0000 -0.0000 -0.0088
vn 0.3135 -0.0000 0.9496
vt 0.840466 0.136408
vt 0.840466 0.105955
vt 0.899546 0.095887
vt 0.899546 0.117763
vt 0.408647 0.400914
vt 0.408647 0.370461
vt 0.467728 0.389106
vt 0.467728 0.410983
vt 0.005405 0.990338
vt 0.005405 0.991482
vt 0.007624 0.991039
vt 0.007624 0.991861
vt 0.767284 0.160570
vt 0.764866 0.119003
vt 0.335465 0.346299
vt 0.335835 0.388194
vt 0.007688 0.991571
vt 0.007676 0.990259
vt 0.009967 0.991015
vt 0.009967 0.991969
s 1
usemtl マテリアル
f 8306/4534/2391 8305/4535/2391 8307/4536/2391 8308/4537/2391
f 8309/4538/2392 8311/4539/2392 8312/4540/2392 8310/4541/2392
f 8317/4542/2393 8316/4543/2393 8313/4542/2393
f 8315/4544/2394 8318/4544/2394 8317/4542/2394 8313/4542/2394
f 8315/4544/2395 8314/4545/2395 8318/4544/2395
f 8321/4546/2396 8319/4547/2396 8320/4535/2396 8322/4534/2396
f 8325/4548/2397 8326/4539/2397 8324/4538/2397 8323/4549/2397
f 8327/4550/2398 8329/4551/2398 8333/4551/2398 8331/4550/2398
f 8329/4551/2399 8330/4552/2399 8334/4552/2399 8333/4551/2399
f 8328/4553/2395 8332/4553/2395 8334/4552/2395 8330/4552/2395
o flap_r
v -3.306403 0.726067 -7.521595
v -3.306403 0.715446 -6.732850
v -4.836617 0.611998 -7.782383
v -4.836617 0.603749 -7.215779
v -3.306403 0.726067 -7.521595
v -4.836617 0.611998 -7.782383
v -3.306403 0.817372 -6.732850
v -4.836617 0.687797 -7.215779
v -3.306403 0.715446 -6.732850
v -4.836617 0.611998 -7.782383
v -4.836617 0.603749 -7.215779
v -3.306403 0.726067 -7.521595
v -3.306403 0.817372 -6.732850
v -4.836617 0.687797 -7.215779
v -1.420500 0.873883 -7.192144
v -3.306403 0.726067 -7.521595
v -1.410937 0.860193 -6.107046
v -3.306403 0.715446 -6.732850
v -1.420500 0.873883 -7.192144
v -3.306403 0.726067 -7.521595
v -1.410937 0.985285 -6.107046
v -3.306403 0.817372 -6.732850
v -1.420500 0.873883 -7.192144
v -3.306403 0.726067 -7.521595
v -1.410937 0.860193 -6.107046
v -3.306403 0.715446 -6.732850
v -1.420500 0.873883 -7.192144
v -3.306403 0.726067 -7.521595
v -1.410937 0.985285 -6.107046
v -3.306403 0.817372 -6.732850
vn 0.0769 -0.9969 -0.0139
vn -0.0492 0.9913 -0.1222
vn 1.0000 -0.0000 -0.0000
vn -0.3010 -0.0000 0.9536
vn -1.0000 -0.0000 -0.0000
vn 0.0805 -0.9967 -0.0133
vn -0.0558 0.9927 -0.1071
vn 1.0000 -0.0000 -0.0088
vn -0.3135 -0.0000 0.9496
vt 0.585152 0.136408
vt 0.526072 0.117763
vt 0.526072 0.095887
vt 0.585152 0.105955
vt 0.153333 0.400914
vt 0.094253 0.410983
vt 0.094253 0.389106
vt 0.153333 0.370461
vt 0.005405 0.990338
vt 0.005405 0.991482
vt 0.007624 0.991039
vt 0.007624 0.991861
vt 0.658334 0.160570
vt 0.660752 0.119003
vt 0.226515 0.346299
vt 0.226146 0.388194
vt 0.007688 0.991571
vt 0.007676 0.990259
vt 0.009967 0.991015
vt 0.009967 0.991969
s 1
usemtl マテリアル
f 8336/4554/2400 8338/4555/2400 8337/4556/2400 8335/4557/2400
f 8339/4558/2401 8340/4559/2401 8342/4560/2401 8341/4561/2401
f 8347/4562/2402 8343/4562/2402 8346/4563/2402
f 8345/4564/2403 8343/4562/2403 8347/4562/2403 8348/4564/2403
f 8345/4564/2404 8348/4564/2404 8344/4565/2404
f 8351/4566/2405 8352/4554/2405 8350/4557/2405 8349/4567/2405
f 8355/4568/2406 8353/4569/2406 8354/4558/2406 8356/4561/2406
f 8357/4570/2407 8361/4570/2407 8363/4571/2407 8359/4571/2407
f 8359/4571/2408 8363/4571/2408 8364/4572/2408 8360/4572/2408
f 8358/4573/2404 8360/4572/2404 8364/4572/2404 8362/4573/2404
o panel1_l
v 1.336415 -0.039487 -4.253831
v 1.336415 -0.039487 -3.818619
v 1.332762 -0.029449 -3.315039
v 1.513955 -0.038036 -3.315013
v 1.748031 -0.335361 -3.632072
v 1.651481 -0.139406 -3.954463
v 1.688323 -0.223372 -3.818619
v 1.533796 -0.042183 -4.149848
v 1.644843 -0.141822 -3.818619
v 1.517608 -0.048074 -3.818619
v 1.644843 -0.141822 -3.314962
v 1.748031 -0.335361 -3.314882
v 1.822304 -0.539424 -3.314882
v 1.336415 -0.039487 -4.253831
v 1.336415 -0.039487 -3.818619
v 1.332762 -0.029449 -3.315039
v 1.513955 -0.038036 -3.315013
v 1.748031 -0.335361 -3.632072
v 1.651481 -0.139406 -3.954463
v 1.688323 -0.223372 -3.818619
v 1.533796 -0.042183 -4.149848
v 1.644843 -0.141822 -3.314962
v 1.748031 -0.335361 -3.314882
v 1.822304 -0.539424 -3.314882
v 1.335589 -0.069474 -4.254079
v 1.335291 -0.069465 -3.818449
v 1.331342 -0.059409 -3.314452
v 1.503732 -0.066238 -3.314614
v 1.721190 -0.348760 -3.632072
v 1.631694 -0.161914 -3.955830
v 1.661854 -0.237484 -3.819099
v 1.528443 -0.071696 -4.150384
v 1.622090 -0.161362 -3.819305
v 1.507655 -0.076375 -3.818821
v 1.621968 -0.161232 -3.314874
v 1.720632 -0.347578 -3.314882
v 1.794114 -0.549685 -3.314882
vn 0.0275 0.9996 0.0083
vn 0.0473 0.9987 -0.0196
vn 0.5926 0.8043 0.0433
vn 0.8812 0.4699 0.0514
vn 0.6077 0.7941 -0.0057
vn 0.8824 0.4705 -0.0000
vn 0.9397 0.3420 -0.0000
vn -0.0231 -0.9997 -0.0067
vn -0.0398 -0.9990 0.0197
vn -0.6011 -0.7979 -0.0461
vn -0.8847 -0.4623 -0.0604
vn -0.6118 -0.7910 0.0056
vn -0.8862 -0.4633 0.0056
vn -0.8863 -0.4630 0.0057
vn -0.8854 -0.4649 0.0037
vn -0.9398 -0.3417 -0.0004
vn -0.9991 0.0423 -0.0084
vn -0.9993 0.0374 -0.0044
vn -0.9995 0.0325 -0.0003
vn 0.0034 0.0115 0.9999
vn 0.0011 0.0167 0.9999
vn 0.0035 0.0114 0.9999
vn 0.5430 -0.6597 -0.5196
vn 0.3837 -0.7337 -0.5608
vn 0.7406 -0.3367 -0.5815
vn -0.0000 -0.0000 1.0000
vn 0.0006 0.0004 1.0000
vn 0.0035 0.0035 1.0000
vn 0.3269 -0.7603 -0.5613
vn 0.4691 -0.0371 -0.8824
vn -0.8838 -0.4679 0.0002
vn -0.8838 -0.4678 0.0001
vt 0.711224 0.819843
vt 0.711224 0.813383
vt 0.724012 0.812718
vt 0.728027 0.819843
vt 0.691780 0.813383
vt 0.691781 0.819843
vt 0.761702 0.248924
vt 0.756621 0.248924
vt 0.756621 0.243679
vt 0.761702 0.236135
vt 0.753088 0.248924
vt 0.756621 0.268370
vt 0.762115 0.268368
vt 0.748237 0.256126
vt 0.748237 0.268373
vt 0.739852 0.268373
vt 0.091493 0.991327
vt 0.091494 0.991854
vt 0.091727 0.991728
vt 0.091702 0.991328
vt 0.091697 0.990718
vt 0.091489 0.990718
vt 0.091852 0.991493
vt 0.091840 0.991328
vt 0.091888 0.991328
vt 0.091840 0.990719
vt 0.091960 0.991102
vt 0.091959 0.990719
vt 0.092048 0.990719
vt 0.091490 0.990719
vt 0.091495 0.991328
vt 0.091495 0.991853
vt 0.091709 0.990719
vt 0.091875 0.991492
vt 0.091920 0.991328
vt 0.091992 0.991102
vt 0.091733 0.991728
vt 0.092082 0.990719
vt 0.091992 0.990719
vt 0.091868 0.990719
s 1
usemtl マテリアル
f 8366/4574/2409 8374/4575/2409 8372/4576/2409 8365/4577/2409
f 8368/4578/2410 8374/4575/2410 8366/4574/2410 8367/4579/2410
f 8374/4580/2411 8373/4581/2411 8370/4582/2411 8372/4583/2411
f 8373/4581/2412 8371/4584/2412 8370/4582/2412
f 8375/4585/2413 8373/4581/2413 8374/4580/2413 8368/4586/2413
f 8369/4587/2414 8373/4581/2414 8375/4585/2414
f 8376/4588/2415 8377/4589/2415 8369/4587/2415
f 8390/4590/2416 8389/4591/2416 8396/4592/2416 8398/4593/2416
f 8392/4594/2417 8391/4595/2417 8390/4590/2417 8398/4593/2417
f 8398/4593/2418 8396/4592/2418 8394/4596/2418 8397/4597/2418
f 8397/4597/2419 8394/4596/2419 8395/4598/2419
f 8399/4599/2420 8392/4594/2420 8398/4593/2420 8397/4597/2420
f 8397/4597/2421 8395/4598/2422 8393/4600/2423
f 8400/4601/2424 8393/4600/2424 8401/4602/2424
f 8380/4603/2425 8379/4604/2426 8390/4590/2426 8391/4595/2425
f 8379/4604/2426 8378/4605/2427 8389/4591/2427 8390/4590/2426
f 8381/4606/2428 8380/4603/2429 8391/4595/2429 8392/4594/2430
f 8383/4607/2431 8384/4608/2431 8395/4598/2431 8394/4596/2431
f 8384/4608/2432 8382/4609/2432 8393/4600/2432 8395/4598/2432
f 8385/4610/2433 8383/4607/2433 8394/4596/2433 8396/4592/2433
f 8388/4611/2434 8387/4612/2435 8400/4601/2435 8401/4602/2434
f 8387/4612/2435 8386/4613/2436 8399/4599/2436 8400/4601/2435
f 8382/4609/2437 8388/4611/2437 8401/4602/2437 8393/4600/2437
f 8378/4605/2438 8385/4610/2438 8396/4592/2438 8389/4591/2438
f 8386/4613/2436 8381/4606/2428 8392/4594/2430 8399/4599/2436
f 8375/4585/2414 8376/4588/2414 8369/4587/2414
f 8369/4587/2414 8371/4584/2414 8373/4581/2414
f 8393/4600/2423 8400/4601/2439 8399/4599/2440
f 8399/4599/2440 8397/4597/2421 8393/4600/2423
o panel1_r
v -1.748031 -0.335361 -3.632072
v -1.651481 -0.139406 -3.954463
v -1.688323 -0.223372 -3.818619
v -1.644843 -0.141822 -3.818619
v -1.517608 -0.048074 -3.818619
v -1.644843 -0.141822 -3.314962
v -1.748031 -0.335361 -3.314882
v -1.822304 -0.539424 -3.314882
v -1.336415 -0.039487 -4.253831
v -1.533796 -0.042183 -4.149848
v -1.336415 -0.039487 -3.818619
v -1.332762 -0.029449 -3.315039
v -1.513955 -0.038036 -3.315013
v -1.748031 -0.335361 -3.632072
v -1.651481 -0.139406 -3.954463
v -1.688323 -0.223372 -3.818619
v -1.644843 -0.141822 -3.314962
v -1.748031 -0.335361 -3.314882
v -1.822304 -0.539424 -3.314882
v -1.336415 -0.039487 -4.253831
v -1.533796 -0.042183 -4.149848
v -1.336415 -0.039487 -3.818619
v -1.332762 -0.029449 -3.315039
v -1.513955 -0.038036 -3.315013
v -1.721190 -0.348760 -3.632072
v -1.631694 -0.161914 -3.955830
v -1.661854 -0.237484 -3.819099
v -1.622090 -0.161362 -3.819305
v -1.507655 -0.076375 -3.818821
v -1.621968 -0.161232 -3.314874
v -1.720632 -0.347578 -3.314882
v -1.794114 -0.549685 -3.314882
v -1.335589 -0.069474 -4.254079
v -1.528443 -0.071696 -4.150384
v -1.335291 -0.069465 -3.818449
v -1.331342 -0.059409 -3.314452
v -1.503732 -0.066238 -3.314614
vn -0.5926 0.8043 0.0433
vn -0.8812 0.4699 0.0514
vn -0.6077 0.7941 -0.0057
vn -0.8824 0.4705 -0.0000
vn -0.9397 0.3420 -0.0000
vn -0.0275 0.9996 0.0083
vn -0.0473 0.9987 -0.0196
vn 0.6011 -0.7979 -0.0461
vn 0.8847 -0.4623 -0.0604
vn 0.6118 -0.7910 0.0056
vn 0.8854 -0.4649 0.0037
vn 0.8862 -0.4633 0.0056
vn 0.8838 -0.4678 0.0001
vn 0.9398 -0.3417 -0.0004
vn 0.0231 -0.9997 -0.0067
vn 0.0398 -0.9990 0.0197
vn -0.5430 -0.6597 -0.5196
vn -0.3837 -0.7337 -0.5608
vn -0.0006 0.0004 1.0000
vn -0.0000 -0.0000 1.0000
vn -0.0035 0.0035 1.0000
vn -0.3269 -0.7603 -0.5613
vn -0.4691 -0.0371 -0.8824
vn 0.9993 0.0374 -0.0044
vn 0.9991 0.0423 -0.0084
vn 0.9995 0.0325 -0.0003
vn -0.0011 0.0167 0.9999
vn -0.0034 0.0115 0.9999
vn -0.0035 0.0114 0.9999
vn -0.7406 -0.3367 -0.5815
vn 0.8838 -0.4679 0.0002
vn 0.8863 -0.4630 0.0057
vt 0.663915 0.248924
vt 0.663915 0.236135
vt 0.668997 0.243679
vt 0.668997 0.248924
vt 0.672530 0.248924
vt 0.668997 0.268370
vt 0.663503 0.268368
vt 0.677381 0.256126
vt 0.677381 0.268373
vt 0.685765 0.268373
vt 0.705854 0.921947
vt 0.689051 0.921947
vt 0.693066 0.914822
vt 0.705854 0.915487
vt 0.725298 0.915487
vt 0.725297 0.921947
vt 0.088058 0.991328
vt 0.087919 0.991328
vt 0.087908 0.991493
vt 0.088033 0.991728
vt 0.087871 0.991328
vt 0.087920 0.990719
vt 0.088062 0.990718
vt 0.087800 0.991102
vt 0.087800 0.990719
vt 0.087711 0.990719
vt 0.088266 0.991327
vt 0.088266 0.991854
vt 0.088271 0.990718
vt 0.087839 0.991328
vt 0.087884 0.991492
vt 0.087767 0.991102
vt 0.087767 0.990719
vt 0.087677 0.990719
vt 0.087892 0.990719
vt 0.088026 0.991728
vt 0.088265 0.991853
vt 0.088265 0.991328
vt 0.088269 0.990719
vt 0.088050 0.990719
s 1
usemtl マテリアル
f 8406/4614/2441 8411/4615/2441 8403/4616/2441 8405/4617/2441
f 8405/4617/2442 8403/4616/2442 8404/4618/2442
f 8407/4619/2443 8414/4620/2443 8406/4614/2443 8405/4617/2443
f 8405/4617/2444 8404/4618/2444 8402/4621/2444
f 8408/4622/2445 8402/4621/2445 8409/4623/2445
f 8412/4624/2446 8410/4625/2446 8411/4626/2446 8406/4627/2446
f 8414/4628/2447 8413/4629/2447 8412/4624/2447 8406/4627/2447
f 8430/4630/2448 8429/4631/2448 8427/4632/2448 8435/4633/2448
f 8429/4631/2449 8428/4634/2449 8427/4632/2449
f 8431/4635/2450 8429/4631/2450 8430/4630/2450 8438/4636/2450
f 8426/4637/2451 8429/4631/2452 8431/4635/2453
f 8432/4638/2454 8433/4639/2454 8426/4637/2454
f 8436/4640/2455 8430/4630/2455 8435/4633/2455 8434/4641/2455
f 8438/4636/2456 8430/4630/2456 8436/4640/2456 8437/4642/2456
f 8417/4643/2457 8416/4644/2457 8427/4632/2457 8428/4634/2457
f 8415/4645/2458 8417/4643/2458 8428/4634/2458 8426/4637/2458
f 8419/4646/2459 8420/4647/2460 8433/4639/2460 8432/4638/2459
f 8418/4648/2461 8419/4646/2459 8432/4638/2459 8431/4635/2461
f 8420/4647/2462 8415/4645/2462 8426/4637/2462 8433/4639/2462
f 8422/4649/2463 8421/4650/2463 8434/4641/2463 8435/4633/2463
f 8423/4651/2464 8424/4652/2465 8437/4642/2465 8436/4640/2464
f 8421/4650/2466 8423/4651/2464 8436/4640/2464 8434/4641/2466
f 8424/4652/2467 8425/4653/2468 8438/4636/2469 8437/4642/2467
f 8416/4644/2470 8422/4649/2470 8435/4633/2470 8427/4632/2470
f 8425/4653/2468 8418/4648/2461 8431/4635/2461 8438/4636/2469
f 8402/4621/2444 8408/4622/2444 8407/4619/2444
f 8407/4619/2444 8405/4617/2444 8402/4621/2444
f 8431/4635/2453 8432/4638/2471 8426/4637/2451
f 8426/4637/2451 8428/4634/2472 8429/4631/2452
o panel2_l
v 1.634923 -0.204345 -2.013761
v 1.634923 -0.204345 -3.314962
v 1.702937 -0.412862 -3.314882
v 1.524046 -0.079407 -3.315013
v 1.702937 -0.412862 -2.504394
v 1.660648 -0.283211 -2.013761
v 1.702937 -0.412862 -2.013761
v 1.740646 -0.626722 -2.523409
v 1.740646 -0.626722 -3.314882
v 1.519253 -0.052224 -2.013761
v 1.342304 -0.012303 -2.013761
v 1.347097 -0.039487 -3.315039
v 1.634923 -0.204345 -2.013761
v 1.634923 -0.204345 -3.314962
v 1.702937 -0.412862 -3.314882
v 1.524046 -0.079407 -3.315013
v 1.660648 -0.283211 -2.013761
v 1.702937 -0.412862 -2.013761
v 1.740646 -0.626722 -2.523409
v 1.740646 -0.626722 -3.314882
v 1.519253 -0.052224 -2.013761
v 1.342304 -0.012303 -2.013761
v 1.347097 -0.039487 -3.315039
v 1.608601 -0.218737 -2.013682
v 1.608602 -0.218738 -3.314882
v 1.673832 -0.420136 -3.314882
v 1.508202 -0.104879 -3.314623
v 1.673832 -0.420136 -2.504394
v 1.632127 -0.292514 -2.013761
v 1.674161 -0.421343 -2.013761
v 1.711102 -0.631932 -2.523409
v 1.711102 -0.631932 -3.314882
v 1.503556 -0.077787 -2.013366
v 1.335703 -0.041562 -2.013174
v 1.340496 -0.068745 -3.314452
vn 0.7741 0.6330 -0.0052
vn 0.9507 0.3101 -0.0000
vn 0.9848 0.1736 -0.0000
vn 0.2200 0.9753 -0.0196
vn -0.7785 -0.6277 0.0051
vn -0.9513 -0.3081 -0.0000
vn -0.9520 -0.3061 -0.0017
vn -0.9508 -0.3097 -0.0003
vn -0.9507 -0.3102 -0.0001
vn -0.9849 -0.1733 -0.0000
vn -0.9849 -0.1733 0.0001
vn -0.2107 -0.9773 0.0196
vn -0.0053 -0.0104 -0.9999
vn -0.0038 -0.0027 -1.0000
vn -0.0039 -0.0028 -1.0000
vn -0.0052 -0.0106 -0.9999
vn -0.0006 -0.0003 -1.0000
vn -0.0000 -0.0000 1.0000
vn 0.0007 -0.0000 1.0000
vn 0.1737 -0.9848 -0.0000
vn 0.2106 -0.8969 0.3889
vn 0.0044 0.0022 1.0000
vn 0.0043 0.0021 1.0000
vn -0.0000 -0.0000 -1.0000
vn 0.0067 0.0043 1.0000
vn 0.0041 0.0162 0.9999
vn 0.0057 0.0102 0.9999
vn -0.9755 0.2199 -0.0082
vn -0.0040 -0.0162 -0.9999
vn -0.9516 -0.3073 -0.0004
vn -0.9849 -0.1733 0.0002
vt 0.763181 0.318608
vt 0.756621 0.318608
vt 0.756621 0.268370
vt 0.762115 0.268368
vt 0.748237 0.299665
vt 0.748237 0.268373
vt 0.753450 0.318608
vt 0.748237 0.318608
vt 0.739852 0.298931
vt 0.641540 0.819843
vt 0.641540 0.813383
vt 0.691780 0.813383
vt 0.691781 0.819843
vt 0.091697 0.989146
vt 0.091702 0.990718
vt 0.091824 0.990719
vt 0.091824 0.989146
vt 0.091902 0.990719
vt 0.091902 0.989739
vt 0.091852 0.989146
vt 0.091903 0.989146
vt 0.091948 0.990719
vt 0.091948 0.989762
vt 0.091494 0.989146
vt 0.091500 0.990718
vt 0.091721 0.990719
vt 0.091855 0.990719
vt 0.091938 0.990719
vt 0.091938 0.989146
vt 0.091887 0.989146
vt 0.091983 0.990719
vt 0.091983 0.989762
vt 0.091855 0.989146
vt 0.091716 0.989146
vt 0.091502 0.989146
vt 0.091508 0.990719
vt 0.739852 0.268373
s 1
usemtl マテリアル
f 8448/4654/2473 8439/4655/2473 8440/4656/2473 8442/4657/2473
f 8443/4658/2474 8441/4659/2474 8440/4656/2474
f 8444/4660/2474 8445/4661/2474 8443/4658/2474
f 8446/4662/2475 8441/4659/2475 8443/4658/2475
f 8449/4663/2476 8448/4664/2476 8442/4665/2476 8450/4666/2476
f 8471/4667/2477 8465/4668/2477 8463/4669/2477 8462/4670/2477
f 8463/4669/2478 8464/4671/2478 8466/4672/2479
f 8467/4673/2480 8466/4672/2479 8468/4674/2481
f 8464/4671/2482 8470/4675/2482 8469/4676/2483
f 8472/4677/2484 8473/4678/2484 8465/4668/2484 8471/4667/2484
f 8454/4679/2485 8452/4680/2486 8463/4669/2487 8465/4668/2488
f 8452/4680/2486 8453/4681/2489 8464/4671/2489 8463/4669/2487
f 8456/4682/2490 8455/4683/2491 8467/4673/2491 8468/4674/2490
f 8458/4684/2492 8457/4685/2492 8469/4676/2492 8470/4675/2492
f 8457/4685/2493 8456/4682/2493 8468/4674/2493 8469/4676/2493
f 8455/4683/2491 8451/4686/2494 8462/4670/2495 8467/4673/2491
f 8453/4681/2489 8458/4684/2496 8470/4675/2496 8464/4671/2489
f 8459/4687/2497 8460/4688/2498 8472/4677/2498 8471/4667/2499
f 8460/4688/2500 8461/4689/2500 8473/4678/2500 8472/4677/2500
f 8451/4686/2494 8459/4687/2497 8471/4667/2499 8462/4670/2495
f 8461/4689/2501 8454/4679/2485 8465/4668/2488 8473/4678/2501
f 8440/4656/2474 8439/4655/2474 8443/4658/2474
f 8439/4655/2474 8444/4660/2474 8443/4658/2474
f 8443/4658/2475 8445/4661/2475 8446/4662/2475
f 8446/4662/2475 8447/4690/2475 8441/4659/2475
f 8467/4673/2480 8462/4670/2502 8466/4672/2479
f 8462/4670/2502 8463/4669/2478 8466/4672/2479
f 8469/4676/2483 8468/4674/2503 8466/4672/2483
f 8466/4672/2483 8464/4671/2482 8469/4676/2483
o panel2_r
v -1.519253 -0.052224 -2.013761
v -1.342304 -0.012303 -2.013761
v -1.347097 -0.039487 -3.315039
v -1.524046 -0.079407 -3.315013
v -1.634923 -0.204345 -2.013761
v -1.634923 -0.204345 -3.314962
v -1.702937 -0.412862 -3.314882
v -1.702937 -0.412862 -2.504394
v -1.660648 -0.283211 -2.013761
v -1.702937 -0.412862 -2.013761
v -1.740646 -0.626722 -2.523409
v -1.740646 -0.626722 -3.314882
v -1.519253 -0.052224 -2.013761
v -1.342304 -0.012303 -2.013761
v -1.347097 -0.039487 -3.315039
v -1.524046 -0.079407 -3.315013
v -1.634923 -0.204345 -2.013761
v -1.634923 -0.204345 -3.314962
v -1.702937 -0.412862 -3.314882
v -1.660648 -0.283211 -2.013761
v -1.702937 -0.412862 -2.013761
v -1.740646 -0.626722 -2.523409
v -1.740646 -0.626722 -3.314882
v -1.503556 -0.077787 -2.013366
v -1.335703 -0.041562 -2.013174
v -1.340496 -0.068745 -3.314452
v -1.508202 -0.104879 -3.314623
v -1.608601 -0.218737 -2.013682
v -1.608602 -0.218738 -3.314882
v -1.673832 -0.420136 -3.314882
v -1.673832 -0.420136 -2.504394
v -1.632127 -0.292514 -2.013761
v -1.674161 -0.421343 -2.013761
v -1.711102 -0.631932 -2.523409
v -1.711102 -0.631932 -3.314882
vn -0.2200 0.9753 -0.0196
vn -0.7741 0.6330 -0.0052
vn -0.9507 0.3101 -0.0000
vn -0.9848 0.1736 -0.0000
vn 0.2107 -0.9773 0.0196
vn 0.7785 -0.6277 0.0051
vn 0.9520 -0.3061 -0.0017
vn 0.9513 -0.3081 -0.0000
vn 0.9508 -0.3097 -0.0003
vn 0.9507 -0.3102 -0.0001
vn 0.9849 -0.1733 0.0001
vn 0.9849 -0.1733 -0.0000
vn -0.0041 0.0162 0.9999
vn -0.0066 0.0043 1.0000
vn -0.0057 0.0102 0.9999
vn 0.9755 0.2199 -0.0082
vn 0.0053 -0.0104 -0.9999
vn 0.0040 -0.0162 -0.9999
vn 0.0052 -0.0106 -0.9999
vn 0.0006 -0.0003 -1.0000
vn 0.0038 -0.0027 -1.0000
vn 0.0039 -0.0028 -1.0000
vn -0.0007 -0.0000 1.0000
vn -0.0000 -0.0000 1.0000
vn -0.1737 -0.9848 -0.0000
vn -0.2106 -0.8969 0.3889
vn -0.0044 0.0022 1.0000
vn -0.0043 0.0021 1.0000
vn -0.0000 -0.0000 -1.0000
vn 0.9516 -0.3072 -0.0004
vn 0.9849 -0.1733 0.0002
vt 0.775538 0.921947
vt 0.725297 0.921947
vt 0.725298 0.915487
vt 0.775538 0.915487
vt 0.662437 0.318608
vt 0.663503 0.268368
vt 0.668997 0.268370
vt 0.668997 0.318608
vt 0.677381 0.268373
vt 0.677381 0.299665
vt 0.672168 0.318608
vt 0.677381 0.318608
vt 0.685765 0.268373
vt 0.685765 0.298931
vt 0.088265 0.989146
vt 0.088063 0.989146
vt 0.088057 0.990718
vt 0.088260 0.990718
vt 0.087936 0.989146
vt 0.087936 0.990719
vt 0.087857 0.989739
vt 0.087857 0.990719
vt 0.087907 0.989146
vt 0.087856 0.989146
vt 0.087812 0.989762
vt 0.088257 0.989146
vt 0.088044 0.989146
vt 0.088252 0.990719
vt 0.088038 0.990719
vt 0.087822 0.990719
vt 0.087904 0.990719
vt 0.087873 0.989146
vt 0.087822 0.989146
vt 0.087776 0.989762
vt 0.087776 0.990719
vt 0.087812 0.990719
vt 0.087904 0.989146
s 1
usemtl マテリアル
f 8475/4691/2504 8476/4692/2504 8477/4693/2504 8474/4694/2504
f 8474/4695/2505 8477/4696/2505 8479/4697/2505 8478/4698/2505
f 8479/4697/2506 8480/4699/2506 8481/4700/2506
f 8482/4701/2506 8481/4700/2506 8483/4702/2506
f 8480/4699/2507 8485/4703/2507 8484/4704/2507
f 8498/4705/2508 8497/4706/2508 8500/4707/2508 8499/4708/2508
f 8497/4706/2509 8501/4709/2509 8502/4710/2509 8500/4707/2509
f 8504/4711/2510 8503/4712/2511 8502/4710/2511
f 8505/4713/2512 8506/4714/2513 8504/4711/2510
f 8507/4715/2514 8503/4712/2515 8504/4711/2514
f 8487/4716/2516 8486/4717/2517 8497/4706/2518 8498/4705/2516
f 8488/4718/2519 8487/4716/2519 8498/4705/2519 8499/4708/2519
f 8489/4719/2520 8488/4718/2521 8499/4708/2521 8500/4707/2522
f 8492/4720/2523 8491/4721/2524 8502/4710/2525 8503/4712/2523
f 8493/4722/2526 8494/4723/2527 8506/4714/2527 8505/4713/2526
f 8495/4724/2528 8496/4725/2528 8508/4726/2528 8507/4715/2528
f 8494/4723/2529 8495/4724/2529 8507/4715/2529 8506/4714/2529
f 8490/4727/2530 8493/4722/2526 8505/4713/2526 8501/4709/2531
f 8496/4725/2532 8492/4720/2523 8503/4712/2523 8508/4726/2532
f 8486/4717/2517 8490/4727/2530 8501/4709/2531 8497/4706/2518
f 8491/4721/2524 8489/4719/2520 8500/4707/2522 8502/4710/2525
f 8482/4701/2506 8478/4698/2506 8481/4700/2506
f 8478/4698/2506 8479/4697/2506 8481/4700/2506
f 8484/4704/2507 8483/4702/2507 8481/4700/2507
f 8481/4700/2507 8480/4699/2507 8484/4704/2507
f 8502/4710/2511 8501/4709/2533 8504/4711/2510
f 8501/4709/2533 8505/4713/2512 8504/4711/2510
f 8504/4711/2514 8506/4714/2534 8507/4715/2514
f 8507/4715/2514 8508/4726/2515 8503/4712/2515
o panel4
v -0.123882 -0.639181 -0.093302
v -0.082045 -0.251945 0.058736
v -0.082045 -0.505149 -0.046433
v -0.118787 -0.567077 -0.062356
v 0.000000 -0.625811 -0.128046
v 0.123882 -0.639181 -0.093302
v 0.000000 -0.238733 0.022436
v 0.082045 -0.251945 0.058736
v 0.082045 -0.505149 -0.046433
v 0.118787 -0.567077 -0.062356
v -0.123882 -0.639181 -0.093302
v -0.082045 -0.251945 0.058736
v -0.082045 -0.505149 -0.046433
v -0.118787 -0.567077 -0.062356
v 0.000000 -0.625811 -0.128046
v 0.123882 -0.639181 -0.093302
v 0.000000 -0.238733 0.022436
v 0.082045 -0.251945 0.058736
v 0.082045 -0.505149 -0.046433
v 0.118787 -0.567077 -0.062356
v -0.116585 -0.646290 -0.076091
v -0.074748 -0.259055 0.075947
v -0.074748 -0.512258 -0.029223
v -0.111490 -0.574186 -0.045145
v 0.000000 -0.633447 -0.109561
v 0.116585 -0.646290 -0.076091
v 0.000000 -0.246368 0.040921
v 0.074748 -0.259055 0.075947
v 0.074748 -0.512258 -0.029223
v 0.111490 -0.574186 -0.045145
vn -0.2874 0.3948 -0.8727
vn -0.2874 0.3949 -0.8727
vn -0.2873 0.3949 -0.8727
vn 0.2874 0.3948 -0.8727
vn 0.2932 -0.3947 0.8708
vn 0.2934 -0.3945 0.8708
vn 0.2918 -0.3967 0.8703
vn -0.2918 -0.3967 0.8703
vn -0.2932 -0.3946 0.8708
vn -0.2918 -0.3969 0.8702
vn -0.9311 -0.1400 0.3369
vn -0.8013 0.3508 0.4846
vn -0.9296 -0.0879 0.3578
vn 0.0071 -0.9247 -0.3805
vn -0.0192 0.9255 0.3783
vn 0.9311 -0.1400 0.3369
vn 0.8013 0.3508 0.4846
vn 0.9296 -0.0879 0.3578
vn -0.0071 -0.9247 -0.3805
vn 0.0192 0.9255 0.3783
vn -0.4256 0.3471 -0.8357
vn -0.3668 0.3371 -0.8671
vn 0.3668 0.3371 -0.8671
vn 0.4256 0.3471 -0.8357
vn 0.2873 0.3949 -0.8727
vn 0.3827 -0.3348 0.8611
vn 0.4457 -0.3434 0.8267
vn 0.2918 -0.3969 0.8702
vn -0.4457 -0.3434 0.8267
vn -0.3827 -0.3348 0.8611
vn -0.2934 -0.3945 0.8708
vt 0.077747 0.609996
vt 0.074749 0.611604
vt 0.072292 0.611364
vt 0.286987 0.702369
vt 0.283963 0.702198
vt 0.283989 0.700761
vt 0.089903 0.993832
vt 0.089897 0.993869
vt 0.090038 0.993909
vt 0.090173 0.993832
vt 0.090128 0.993812
vt 0.089939 0.993706
vt 0.089939 0.993833
vt 0.089948 0.993812
vt 0.089948 0.993685
vt 0.089895 0.993852
vt 0.089888 0.993890
vt 0.090038 0.993932
vt 0.090188 0.993890
vt 0.090179 0.993869
vt 0.090137 0.993706
vt 0.090038 0.993750
vt 0.090038 0.993728
vt 0.090128 0.993685
vt 0.090137 0.993833
vt 0.090182 0.993852
vt 0.061717 0.611836
vt 0.061717 0.610344
vt 0.077773 0.611433
vt 0.300019 0.701109
vt 0.289444 0.702129
vt 0.300019 0.702601
s 1
usemtl マテリアル
f 8513/4728/2535 8512/4729/2536 8511/4730/2537
f 8518/4731/2538 8514/4732/2538 8513/4733/2538
f 8532/4734/2539 8529/4735/2540 8533/4736/2541
f 8533/4736/2542 8538/4737/2543 8537/4738/2544
f 8520/4739/2545 8521/4740/2545 8531/4741/2545 8530/4742/2545
f 8521/4740/2546 8522/4743/2546 8532/4734/2546 8531/4741/2546
f 8522/4743/2547 8519/4744/2547 8529/4735/2547 8532/4734/2547
f 8523/4745/2548 8524/4746/2548 8534/4747/2548 8533/4736/2548
f 8526/4748/2549 8525/4749/2549 8535/4750/2549 8536/4751/2549
f 8527/4752/2550 8526/4748/2550 8536/4751/2550 8537/4738/2550
f 8528/4753/2551 8527/4752/2551 8537/4738/2551 8538/4737/2551
f 8524/4746/2552 8528/4753/2552 8538/4737/2552 8534/4747/2552
f 8519/4744/2553 8523/4745/2553 8533/4736/2553 8529/4735/2553
f 8525/4749/2554 8520/4739/2554 8530/4742/2554 8535/4750/2554
f 8510/4754/2555 8515/4755/2555 8511/4730/2555
f 8515/4755/2556 8513/4728/2556 8511/4730/2556
f 8513/4728/2535 8509/4756/2535 8512/4729/2536
f 8513/4733/2557 8515/4757/2557 8517/4758/2557
f 8515/4757/2558 8516/4759/2558 8517/4758/2558
f 8517/4758/2559 8518/4731/2559 8513/4733/2559
f 8533/4736/2560 8535/4750/2560 8531/4741/2560
f 8535/4750/2561 8530/4742/2561 8531/4741/2561
f 8531/4741/2562 8532/4734/2539 8533/4736/2541
f 8536/4751/2563 8535/4750/2563 8537/4738/2563
f 8535/4750/2564 8533/4736/2564 8537/4738/2564
f 8533/4736/2542 8534/4747/2565 8538/4737/2543
o panel5_l
v 0.247766 -0.475059 0.473938
v 0.228439 -0.239688 1.109156
v 0.220985 -0.238374 0.871043
v 0.233819 -0.310943 0.871043
v 0.237117 -0.347388 0.800822
v 0.232622 -0.346596 0.474618
v 0.257555 -0.476785 1.109156
v 0.256486 -0.476597 1.039801
v 0.247766 -0.475059 0.473938
v 0.228439 -0.239688 1.109156
v 0.220985 -0.238374 0.871043
v 0.233819 -0.310943 0.871043
v 0.237117 -0.347388 0.800822
v 0.232622 -0.346596 0.474618
v 0.257555 -0.476785 1.109156
v 0.256486 -0.476597 1.039801
v 0.227908 -0.477421 0.474214
v 0.208616 -0.242321 1.109499
v 0.201300 -0.241855 0.871640
v 0.214010 -0.313679 0.871433
v 0.217265 -0.349796 0.801122
v 0.212762 -0.348938 0.474886
v 0.237706 -0.479223 1.109455
v 0.236636 -0.479026 1.040094
vn 0.9926 0.1202 -0.0147
vn 0.9930 0.1171 -0.0134
vn 0.9929 0.1183 -0.0143
vn 0.9843 0.1741 -0.0299
vn 0.9925 0.1216 -0.0142
vn 0.9925 0.1217 -0.0145
vn 0.9925 0.1216 -0.0140
vn 0.9927 0.1199 -0.0156
vn 0.9924 0.1219 -0.0150
vn -0.9926 -0.1203 0.0147
vn -0.9929 -0.1183 0.0143
vn -0.9930 -0.1171 0.0134
vn -0.9842 -0.1743 0.0299
vn -0.9925 -0.1216 0.0142
vn -0.9925 -0.1213 0.0142
vn -0.9926 -0.1207 0.0152
vn -0.9924 -0.1219 0.0150
vn -0.1527 0.9882 0.0084
vn -0.0245 -0.0029 -0.9997
vn -0.1221 0.8796 -0.4598
vn -0.1187 0.9929 0.0041
vn -0.0141 0.0036 -0.9999
vn 0.1207 -0.9927 -0.0046
vn 0.1216 -0.9926 -0.0046
vn 0.1197 -0.9928 -0.0046
vn 0.0159 0.0019 0.9999
vt 0.284376 0.700761
vt 0.284350 0.702198
vt 0.271756 0.702022
vt 0.269045 0.703366
vt 0.259851 0.703074
vt 0.269045 0.702392
vt 0.262529 0.700419
vt 0.259851 0.700377
vt 0.090391 0.994760
vt 0.090378 0.994365
vt 0.090373 0.994759
vt 0.090359 0.994280
vt 0.090374 0.994280
vt 0.090368 0.993993
vt 0.090402 0.994076
vt 0.090403 0.993993
vt 0.090392 0.993993
vt 0.090383 0.994281
vt 0.090398 0.994281
vt 0.090402 0.994365
vt 0.090397 0.994760
vt 0.090415 0.994761
vt 0.090426 0.994077
vt 0.090427 0.993993
s 1
usemtl マテリアル
f 8539/4760/2566 8544/4761/2567 8543/4762/2568
f 8541/4763/2569 8540/4764/2569 8542/4765/2569
f 8540/4764/2570 8546/4766/2571 8542/4765/2572
f 8546/4766/2573 8539/4760/2566 8543/4762/2568
f 8546/4766/2573 8543/4762/2568 8542/4765/2573
f 8546/4766/2571 8540/4764/2570 8545/4767/2574
f 8555/4768/2575 8559/4769/2576 8560/4770/2577
f 8557/4771/2578 8558/4772/2578 8556/4773/2578
f 8556/4773/2579 8558/4772/2580 8562/4774/2581
f 8562/4774/2581 8559/4769/2576 8555/4768/2575
f 8562/4774/2581 8558/4772/2580 8559/4769/2576
f 8562/4774/2581 8561/4775/2582 8556/4773/2579
f 8548/4776/2583 8549/4777/2583 8557/4771/2583 8556/4773/2583
f 8549/4777/2584 8550/4778/2584 8558/4772/2584 8557/4771/2584
f 8550/4778/2585 8551/4779/2585 8559/4769/2585 8558/4772/2585
f 8551/4779/2586 8552/4780/2586 8560/4770/2586 8559/4769/2586
f 8552/4780/2587 8547/4781/2587 8555/4768/2587 8560/4770/2587
f 8554/4782/2588 8553/4783/2589 8561/4775/2589 8562/4774/2588
f 8547/4781/2590 8554/4782/2588 8562/4774/2588 8555/4768/2590
f 8553/4783/2591 8548/4776/2591 8556/4773/2591 8561/4775/2591
o panel5_r
v -0.247766 -0.475059 0.473938
v -0.257555 -0.476785 1.109156
v -0.256486 -0.476597 1.039801
v -0.228439 -0.239688 1.109156
v -0.220985 -0.238374 0.871043
v -0.233819 -0.310943 0.871043
v -0.237117 -0.347388 0.800822
v -0.232622 -0.346596 0.474618
v -0.227908 -0.477421 0.474214
v -0.237706 -0.479223 1.109455
v -0.236636 -0.479026 1.040094
v -0.208616 -0.242321 1.109499
v -0.201300 -0.241855 0.871640
v -0.214010 -0.313679 0.871433
v -0.217265 -0.349796 0.801122
v -0.212762 -0.348938 0.474886
v -0.247766 -0.475059 0.473938
v -0.257555 -0.476785 1.109156
v -0.256486 -0.476597 1.039801
v -0.228439 -0.239688 1.109156
v -0.220985 -0.238374 0.871043
v -0.233819 -0.310943 0.871043
v -0.237117 -0.347388 0.800822
v -0.232622 -0.346596 0.474618
vn 0.9926 -0.1203 0.0147
vn 0.9930 -0.1171 0.0134
vn 0.9929 -0.1183 0.0143
vn 0.9842 -0.1743 0.0299
vn 0.9925 -0.1216 0.0142
vn 0.9926 -0.1205 0.0153
vn 0.9925 -0.1213 0.0142
vn 0.9924 -0.1219 0.0150
vn -0.1216 -0.9926 -0.0046
vn -0.1207 -0.9927 -0.0046
vn -0.1197 -0.9928 -0.0046
vn 0.1527 0.9882 0.0084
vn 0.0245 -0.0029 -0.9997
vn 0.1221 0.8796 -0.4598
vn 0.1187 0.9929 0.0041
vn 0.0141 0.0036 -0.9999
vn -0.0159 0.0019 0.9999
vn -0.9926 0.1202 -0.0147
vn -0.9929 0.1183 -0.0143
vn -0.9930 0.1171 -0.0134
vn -0.9843 0.1741 -0.0299
vn -0.9925 0.1216 -0.0140
vn -0.9925 0.1213 -0.0143
vn -0.9926 0.1206 -0.0152
vn -0.9924 0.1219 -0.0150
vt 0.089840 0.994760
vt 0.089859 0.994759
vt 0.089853 0.994365
vt 0.089873 0.994280
vt 0.089864 0.993993
vt 0.089857 0.994280
vt 0.089830 0.994076
vt 0.089829 0.993993
vt 0.089805 0.993993
vt 0.089806 0.994077
vt 0.089816 0.994761
vt 0.089849 0.994281
vt 0.089840 0.993993
vt 0.089833 0.994281
vt 0.089829 0.994365
vt 0.089835 0.994760
vt 0.077747 0.609996
vt 0.090368 0.611257
vt 0.077773 0.611433
vt 0.093079 0.612601
vt 0.093079 0.611627
vt 0.102272 0.612309
vt 0.099595 0.609654
vt 0.102272 0.609612
s 1
usemtl マテリアル
f 8571/4784/2592 8578/4785/2593 8577/4786/2594
f 8575/4787/2595 8574/4788/2595 8576/4789/2595
f 8574/4788/2596 8573/4790/2597 8576/4789/2598
f 8573/4790/2597 8571/4784/2592 8577/4786/2594
f 8573/4790/2597 8577/4786/2594 8576/4789/2598
f 8573/4790/2597 8574/4788/2596 8572/4791/2599
f 8564/4792/2600 8565/4793/2601 8573/4790/2601 8572/4791/2600
f 8565/4793/2601 8563/4794/2602 8571/4784/2602 8573/4790/2601
f 8567/4795/2603 8566/4796/2603 8574/4788/2603 8575/4787/2603
f 8568/4797/2604 8567/4795/2604 8575/4787/2604 8576/4789/2604
f 8569/4798/2605 8568/4797/2605 8576/4789/2605 8577/4786/2605
f 8570/4799/2606 8569/4798/2606 8577/4786/2606 8578/4785/2606
f 8563/4794/2607 8570/4799/2607 8578/4785/2607 8571/4784/2607
f 8566/4796/2608 8564/4792/2608 8572/4791/2608 8574/4788/2608
f 8579/4800/2609 8585/4801/2610 8586/4802/2611
f 8583/4803/2612 8584/4804/2612 8582/4805/2612
f 8582/4805/2613 8584/4804/2614 8581/4806/2615
f 8581/4806/2615 8585/4801/2610 8579/4800/2609
f 8581/4806/2615 8584/4804/2614 8585/4801/2610
f 8581/4806/2616 8580/4807/2616 8582/4805/2616
o panel6
v 0.000000 -1.139894 -0.376927
v 0.228439 -0.911311 -0.209272
v 0.228439 -1.164924 -0.311721
v 0.228439 -1.401097 -0.409128
v 0.000000 -0.886280 -0.274478
v 0.000000 -1.376100 -0.474250
v -0.228439 -0.911311 -0.209272
v -0.228439 -1.164924 -0.311721
v -0.228439 -1.401097 -0.409128
v 0.228439 -0.911311 -0.209272
v 0.228439 -1.164924 -0.311721
v 0.228439 -1.401097 -0.409128
v 0.000000 -0.886280 -0.274478
v 0.000000 -1.376100 -0.474250
v -0.228439 -0.911311 -0.209272
v -0.228439 -1.164924 -0.311721
v -0.228439 -1.401097 -0.409128
v 0.000000 -1.151230 -0.349151
v 0.219669 -0.922056 -0.182671
v 0.219672 -1.175764 -0.285158
v 0.219675 -1.412032 -0.382603
v 0.000000 -0.897517 -0.246662
v 0.000000 -1.387533 -0.446516
v -0.219669 -0.922056 -0.182671
v -0.219672 -1.175764 -0.285158
v -0.219675 -1.412032 -0.382603
vn 0.2923 0.3582 -0.8867
vn 0.2922 0.3613 -0.8855
vn 0.2922 0.3614 -0.8854
vn 0.2921 0.3645 -0.8842
vn -0.2923 0.3582 -0.8867
vn -0.2922 0.3614 -0.8854
vn -0.2922 0.3613 -0.8855
vn -0.2921 0.3645 -0.8842
vn -0.2978 -0.3576 0.8851
vn -0.2977 -0.3607 0.8839
vn -0.2976 -0.3639 0.8826
vn 0.2978 -0.3576 0.8851
vn 0.2977 -0.3607 0.8839
vn 0.2976 -0.3639 0.8826
vn 0.9563 -0.1104 0.2706
vn 0.9563 -0.1095 0.2710
vn 0.9564 -0.1114 0.2701
vn -0.0000 0.9275 0.3738
vn 0.0052 0.9275 0.3738
vn -0.9563 -0.1095 0.2710
vn -0.9563 -0.1104 0.2706
vn -0.9564 -0.1114 0.2701
vn -0.0073 -0.9249 -0.3801
vn -0.0052 0.9275 0.3738
vn 0.0073 -0.9249 -0.3801
vt 0.259851 0.703074
vt 0.249292 0.702890
vt 0.249292 0.700194
vt 0.259851 0.700377
vt 0.239432 0.702647
vt 0.239432 0.699954
vt 0.102272 0.612309
vt 0.102272 0.609612
vt 0.112831 0.609429
vt 0.112831 0.612125
vt 0.122692 0.609189
vt 0.122692 0.611882
vt 0.090495 0.993169
vt 0.090230 0.993251
vt 0.090230 0.993314
vt 0.090495 0.993232
vt 0.090230 0.993375
vt 0.090495 0.993293
vt 0.089964 0.993169
vt 0.089964 0.993232
vt 0.089964 0.993293
vt 0.090506 0.993266
vt 0.090506 0.993203
vt 0.090506 0.993327
vt 0.090230 0.993286
vt 0.089953 0.993203
vt 0.089953 0.993266
vt 0.089953 0.993327
vt 0.090230 0.993410
s 1
usemtl マテリアル
f 8588/4808/2617 8589/4809/2618 8587/4810/2619 8591/4811/2617
f 8589/4809/2618 8590/4812/2620 8592/4813/2620 8587/4810/2619
f 8593/4814/2621 8591/4815/2621 8587/4816/2622 8594/4817/2623
f 8594/4817/2623 8587/4816/2622 8592/4818/2624 8595/4819/2624
f 8605/4820/2625 8608/4821/2625 8604/4822/2626 8606/4823/2626
f 8606/4823/2626 8604/4822/2626 8609/4824/2627 8607/4825/2627
f 8610/4826/2628 8611/4827/2629 8604/4822/2629 8608/4821/2628
f 8611/4827/2629 8612/4828/2630 8609/4824/2630 8604/4822/2629
f 8597/4829/2631 8596/4830/2632 8605/4820/2632 8606/4823/2631
f 8598/4831/2633 8597/4829/2631 8606/4823/2631 8607/4825/2633
f 8599/4832/2634 8601/4833/2635 8610/4826/2635 8608/4821/2634
f 8601/4833/2636 8602/4834/2637 8611/4827/2637 8610/4826/2636
f 8602/4834/2637 8603/4835/2638 8612/4828/2638 8611/4827/2637
f 8603/4835/2639 8600/4836/2639 8609/4824/2639 8612/4828/2639
f 8596/4830/2640 8599/4832/2634 8608/4821/2634 8605/4820/2640
f 8600/4836/2641 8598/4831/2641 8607/4825/2641 8609/4824/2641
o panel7
v -0.228439 -0.392446 1.747207
v -0.228439 -0.310541 1.749165
v -0.185169 -0.267007 1.763471
v 0.000000 -0.392444 1.816963
v 0.228439 -0.392446 1.747207
v 0.000000 -0.267007 1.820013
v 0.228439 -0.310541 1.749165
v 0.185169 -0.267007 1.763471
v -0.228439 -0.392446 1.747207
v -0.228439 -0.310541 1.749165
v -0.185169 -0.267007 1.763471
v 0.000000 -0.392444 1.816963
v 0.228439 -0.392446 1.747207
v 0.000000 -0.267007 1.820013
v 0.228439 -0.310541 1.749165
v 0.185169 -0.267007 1.763471
v -0.222598 -0.391979 1.728085
v -0.222598 -0.310079 1.730042
v -0.179328 -0.266544 1.744348
v 0.000000 -0.391959 1.796968
v 0.222598 -0.391979 1.728085
v 0.000000 -0.266521 1.800019
v 0.222598 -0.310079 1.730042
v 0.179328 -0.266544 1.744348
vn -0.2920 -0.0232 0.9561
vn 0.2922 -0.0232 0.9561
vn 0.2920 -0.0232 0.9561
vn 0.2920 -0.0233 0.9561
vn 0.2941 0.0233 -0.9555
vn 0.2964 0.0232 -0.9548
vn 0.2961 0.0227 -0.9549
vn -0.2961 0.0227 -0.9549
vn -0.2964 0.0232 -0.9548
vn -0.2940 0.0234 -0.9555
vn -0.9564 0.0070 -0.2920
vn -0.6657 0.7227 -0.1859
vn -0.0072 -0.9997 -0.0233
vn 0.9564 0.0070 -0.2920
vn 0.6657 0.7227 -0.1859
vn 0.0072 0.9997 0.0232
vn 0.0072 -0.9997 -0.0233
vn -0.0072 0.9997 0.0232
vn -0.2930 -0.0228 0.9558
vn -0.2922 -0.0232 0.9561
vn -0.2927 -0.0230 0.9559
vn -0.2920 -0.0233 0.9561
vn 0.2930 -0.0228 0.9558
vn 0.2937 0.0226 -0.9556
vn 0.2930 0.0228 -0.9558
vn -0.2930 0.0228 -0.9558
vn -0.2936 0.0226 -0.9557
vt 0.122692 0.609189
vt 0.127535 0.609071
vt 0.127535 0.611254
vt 0.234201 0.702019
vt 0.234201 0.699836
vt 0.239044 0.699954
vt 0.088101 0.989761
vt 0.088318 0.989693
vt 0.088318 0.989697
vt 0.088535 0.989761
vt 0.088042 0.989757
vt 0.088042 0.989755
vt 0.088049 0.989778
vt 0.088049 0.989780
vt 0.088094 0.989738
vt 0.088594 0.989757
vt 0.088318 0.989673
vt 0.088587 0.989780
vt 0.088594 0.989755
vt 0.088587 0.989778
vt 0.088542 0.989738
vt 0.088318 0.989669
vt 0.125854 0.611807
vt 0.122692 0.611882
vt 0.239044 0.702647
vt 0.235882 0.702572
s 1
usemtl マテリアル
f 8616/4837/2642 8618/4838/2642 8615/4839/2642
f 8620/4840/2643 8618/4841/2644 8616/4842/2645
f 8631/4843/2646 8634/4844/2647 8632/4845/2648
f 8632/4845/2649 8634/4844/2650 8636/4846/2651
f 8621/4847/2652 8622/4848/2652 8630/4849/2652 8629/4850/2652
f 8622/4848/2653 8623/4851/2653 8631/4843/2653 8630/4849/2653
f 8625/4852/2654 8624/4853/2654 8632/4845/2654 8633/4854/2654
f 8627/4855/2655 8625/4852/2655 8633/4854/2655 8635/4856/2655
f 8628/4857/2656 8627/4855/2656 8635/4856/2656 8636/4846/2656
f 8626/4858/2657 8628/4857/2657 8636/4846/2657 8634/4844/2657
f 8624/4853/2658 8621/4847/2658 8629/4850/2658 8632/4845/2658
f 8623/4851/2659 8626/4858/2659 8634/4844/2659 8631/4843/2659
f 8614/4859/2660 8613/4860/2661 8615/4839/2662
f 8613/4860/2661 8616/4837/2663 8615/4839/2662
f 8616/4842/2645 8617/4861/2643 8620/4840/2643
f 8617/4861/2643 8619/4862/2664 8620/4840/2643
f 8632/4845/2648 8629/4850/2665 8631/4843/2646
f 8629/4850/2665 8630/4849/2666 8631/4843/2646
f 8635/4856/2667 8633/4854/2668 8636/4846/2651
f 8633/4854/2668 8632/4845/2649 8636/4846/2651
o rgear_l1
v 1.644970 -1.061950 -4.372161
v 1.627195 -0.917184 -4.319074
v 1.409155 -1.035827 -4.332303
v 1.401736 -0.975401 -4.310145
v 1.651440 -1.114641 -4.226307
v 1.633664 -0.969874 -4.173221
v 1.414062 -1.075783 -4.221701
v 1.406642 -1.015357 -4.199543
v 1.466766 -1.072536 -4.348119
v 1.471671 -1.112492 -4.237518
v 1.520823 -1.065899 -4.348119
v 1.511486 -0.989857 -4.194981
v 1.506580 -0.949901 -4.305583
v 1.525729 -1.105855 -4.237518
v 1.397037 -0.489606 -4.124554
v 1.401943 -0.529562 -4.013952
v 1.297099 -0.555063 -4.018514
v 1.292193 -0.515107 -4.129116
v 1.426674 -0.352012 -4.146154
v 1.437063 -0.436623 -3.911942
v 1.215045 -0.490623 -3.921602
v 1.204656 -0.406013 -4.155814
v 1.378734 -0.349500 -4.092461
v 1.385154 -0.401790 -3.947716
v 1.247945 -0.435163 -3.953686
v 1.241524 -0.382873 -4.098431
v 1.411449 -0.499133 -4.141427
v 1.417357 -0.547250 -4.008234
v 1.291098 -0.577960 -4.013727
v 1.285190 -0.529843 -4.146920
v 1.445998 -0.632295 -4.191065
v 1.451906 -0.680413 -4.057872
v 1.325647 -0.711122 -4.063366
v 1.319739 -0.663005 -4.196559
v 1.475392 -0.741671 -4.232972
v 1.481385 -0.790484 -4.097854
v 1.353302 -0.821637 -4.103427
v 1.347309 -0.772825 -4.238545
v 1.509336 -0.910577 -4.305381
v 1.515329 -0.959389 -4.170263
v 1.387246 -0.990542 -4.175836
v 1.381252 -0.941730 -4.310954
v 1.359007 -0.273464 -4.064117
v 1.365427 -0.325754 -3.919372
v 1.228218 -0.359127 -3.925342
v 1.221797 -0.306837 -4.070087
v 1.214877 -0.245785 -4.125948
v 1.331689 -0.217746 -4.119005
v 1.215281 -0.261882 -4.039243
v 1.332093 -0.233844 -4.032300
v 1.149121 -0.142352 -4.134723
v 1.353099 -0.093391 -4.122598
v 1.153720 -0.202171 -3.970539
v 1.357698 -0.153210 -3.958414
v 1.030328 0.310842 -3.966278
v 1.234305 0.359803 -3.954153
v 1.034927 0.251023 -3.802094
v 1.238904 0.299984 -3.789968
v 1.195434 -0.337818 -4.194897
v 1.170517 -0.235137 -4.156788
v 1.205730 -0.412956 -3.934321
v 1.188942 -0.341818 -3.907933
v 1.403534 -0.287867 -4.182527
v 1.378617 -0.185187 -4.144418
v 1.399354 -0.366480 -3.922812
v 1.382566 -0.295342 -3.896423
v 1.206770 -0.424193 -4.036814
v 1.168565 -0.270820 -3.979864
v 1.414870 -0.374242 -4.024445
v 1.376665 -0.220869 -3.967494
vn -0.0417 0.3395 -0.9397
vn -0.9925 -0.1219 -0.0000
vn -0.1076 -0.3539 0.9291
vn 0.9925 0.1219 -0.0000
vn -0.0356 -0.9404 -0.3382
vn -0.2105 0.9164 0.3404
vn -0.5685 -0.7815 -0.2571
vn 0.0417 -0.3395 0.9397
vn -0.1900 0.3174 -0.9291
vn 0.1145 -0.9327 -0.3420
vn 0.9753 0.2181 0.0355
vn -0.0460 0.3561 -0.9333
vn -0.9753 -0.2181 -0.0355
vn 0.1563 -0.7563 0.6353
vn 0.0460 -0.3561 0.9333
vn -0.1732 0.5681 0.8045
vn -0.7399 -0.6425 -0.1993
vn 0.0846 -0.1723 -0.9814
vn 0.9657 -0.2276 -0.1251
vn -0.9708 -0.2361 -0.0422
vn 0.3809 0.8749 0.2992
vn -0.7627 0.5967 0.2494
vn -0.2195 0.9456 -0.2403
vn -0.2362 0.9105 0.3394
vn 0.2362 -0.9105 -0.3394
vn 0.9708 0.2361 0.0422
vn 0.9821 0.1871 0.0240
vn -0.9821 -0.1871 -0.0240
vn -0.0534 0.3844 -0.9216
vn 0.0534 -0.3844 0.9216
vn 0.2397 -0.9543 -0.1783
vn -0.9708 -0.2330 -0.0577
vn -0.8057 -0.5712 -0.1568
vn 0.9772 -0.1970 -0.0791
vn 0.1237 -0.6915 0.7118
vn 0.0690 -0.0407 -0.9968
vn -0.2386 0.9103 0.3383
vn 0.9708 0.2330 0.0577
vn 0.0263 -0.3422 0.9393
vn -0.0263 0.3422 -0.9393
vn -0.9690 -0.2459 0.0232
vn 0.9740 0.2204 0.0530
vn 0.2317 -0.8466 -0.4792
vn -0.2398 0.9522 0.1894
vn -0.2028 0.6676 0.7164
vn 0.2259 -0.9681 0.1084
vn 0.9732 0.1909 0.1279
vn -0.9740 -0.2204 -0.0530
vt 0.057763 0.997413
vt 0.057863 0.997385
vt 0.057876 0.997347
vt 0.057693 0.997339
vt 0.057854 0.997193
vt 0.057867 0.997154
vt 0.057660 0.997220
vt 0.057441 0.997201
vt 0.057472 0.997108
vt 0.057685 0.997146
vt 0.057452 0.997454
vt 0.057483 0.997362
vt 0.057668 0.997413
vt 0.057754 0.997220
vt 0.057884 0.997024
vt 0.057875 0.996831
vt 0.058066 0.997032
vt 0.058058 0.996839
vt 0.057814 0.996654
vt 0.058201 0.996670
vt 0.057905 0.996716
vt 0.058143 0.996726
vt 0.058219 0.997078
vt 0.057832 0.997061
vt 0.058178 0.996677
vt 0.058189 0.996929
vt 0.058155 0.996978
vt 0.057916 0.996968
vt 0.058079 0.997063
vt 0.058068 0.996831
vt 0.057849 0.996821
vt 0.057859 0.997053
vt 0.058018 0.997149
vt 0.057799 0.997139
vt 0.057788 0.996908
vt 0.058008 0.996917
vt 0.057970 0.997222
vt 0.057960 0.996987
vt 0.057737 0.996977
vt 0.057747 0.997212
vt 0.057911 0.997348
vt 0.057688 0.997338
vt 0.057678 0.997103
vt 0.057901 0.997113
vt 0.057950 0.996918
vt 0.057939 0.996666
vt 0.057997 0.996863
vt 0.058200 0.996875
vt 0.058201 0.997026
vt 0.057998 0.997014
vt 0.058307 0.996756
vt 0.058514 0.996462
vt 0.058522 0.996748
vt 0.058315 0.997041
vt 0.057960 0.997020
vt 0.057952 0.996734
vt 0.058159 0.996441
vt 0.058167 0.996727
vt 0.058215 0.996871
vt 0.058217 0.996693
vt 0.058246 0.996647
vt 0.058281 0.996772
vt 0.057880 0.996673
vt 0.057909 0.996627
vt 0.057853 0.996849
vt 0.057873 0.997124
vt 0.057916 0.997058
vt 0.057919 0.996750
vt 0.058235 0.997146
vt 0.058278 0.997080
s 1
usemtl マテリアル
f 8645/4863/2669 8639/4864/2669 8640/4865/2669 8649/4866/2669
f 8639/4864/2670 8643/4867/2670 8644/4868/2670 8640/4865/2670
f 8650/4869/2671 8641/4870/2671 8642/4871/2671 8648/4872/2671
f 8641/4870/2672 8637/4873/2672 8638/4874/2672 8642/4871/2672
f 8647/4875/2673 8637/4873/2673 8641/4870/2673 8650/4869/2673
f 8648/4872/2674 8642/4871/2674 8638/4874/2674 8649/4866/2674
f 8639/4864/2675 8645/4863/2675 8646/4876/2675 8643/4867/2675
f 8643/4867/2676 8646/4876/2676 8648/4872/2676 8644/4868/2676
f 8647/4875/2669 8645/4863/2669 8649/4866/2669
f 8637/4873/2677 8647/4875/2677 8649/4866/2677 8638/4874/2677
f 8645/4863/2678 8647/4875/2678 8650/4869/2678 8646/4876/2678
f 8646/4876/2676 8650/4869/2676 8648/4872/2676
f 8649/4866/2679 8651/4877/2679 8652/4878/2679 8648/4872/2679
f 8640/4865/2680 8654/4879/2680 8651/4877/2680 8649/4866/2680
f 8644/4868/2681 8653/4880/2681 8654/4879/2681 8640/4865/2681
f 8652/4878/2682 8656/4881/2682 8657/4882/2682 8653/4880/2682
f 8648/4872/2683 8652/4878/2683 8653/4880/2683 8644/4868/2683
f 8656/4881/2684 8660/4883/2684 8661/4884/2684 8657/4882/2684
f 8653/4880/2685 8657/4882/2685 8658/4885/2685 8654/4879/2685
f 8654/4879/2686 8658/4885/2686 8655/4886/2686 8651/4877/2686
f 8651/4877/2687 8655/4886/2687 8656/4881/2687 8652/4878/2687
f 8661/4884/2688 8681/4887/2688 8682/4888/2688 8662/4889/2688
f 8655/4886/2689 8659/4890/2689 8660/4883/2689 8656/4881/2689
f 8657/4882/2690 8661/4884/2690 8662/4889/2690 8658/4885/2690
f 8658/4885/2691 8662/4889/2691 8659/4890/2691 8655/4886/2691
f 8666/4891/2692 8665/4892/2692 8664/4893/2692 8663/4894/2692
f 8670/4895/2693 8667/4896/2693 8668/4897/2693 8669/4898/2693
f 8664/4893/2676 8665/4892/2676 8669/4898/2676 8668/4897/2676
f 8663/4894/2694 8664/4893/2694 8668/4897/2694 8667/4896/2694
f 8665/4892/2688 8666/4891/2688 8670/4895/2688 8669/4898/2688
f 8666/4891/2669 8663/4894/2669 8667/4896/2669 8670/4895/2669
f 8674/4899/2692 8673/4900/2692 8672/4901/2692 8671/4902/2692
f 8678/4903/2693 8675/4904/2693 8676/4905/2693 8677/4906/2693
f 8671/4902/2695 8672/4901/2695 8676/4905/2695 8675/4904/2695
f 8673/4900/2696 8674/4899/2696 8678/4903/2696 8677/4906/2696
f 8674/4899/2697 8671/4902/2697 8675/4904/2697 8678/4903/2697
f 8672/4901/2698 8673/4900/2698 8677/4906/2698 8676/4905/2698
f 8662/4889/2669 8682/4888/2669 8679/4907/2669 8659/4890/2669
f 8660/4883/2676 8680/4908/2676 8681/4887/2676 8661/4884/2676
f 8659/4890/2694 8679/4907/2694 8680/4908/2694 8660/4883/2694
f 8679/4907/2692 8682/4888/2692 8681/4887/2692 8680/4908/2692
f 8686/4909/2699 8685/4910/2699 8683/4911/2699 8684/4912/2699
f 8689/4913/2700 8693/4914/2700 8691/4915/2700 8687/4916/2700
f 8685/4910/2701 8689/4913/2701 8687/4916/2701 8683/4911/2701
f 8684/4912/2702 8688/4917/2702 8690/4918/2702 8686/4909/2702
f 8686/4909/2703 8690/4918/2703 8689/4913/2703 8685/4910/2703
f 8683/4911/2704 8687/4916/2704 8688/4917/2704 8684/4912/2704
f 8694/4919/2705 8692/4920/2705 8691/4915/2705 8693/4914/2705
f 8688/4917/2706 8692/4920/2706 8694/4919/2706 8690/4918/2706
f 8690/4918/2707 8694/4919/2707 8693/4914/2707 8689/4913/2707
f 8687/4916/2708 8691/4915/2708 8692/4920/2708 8688/4917/2708
f 8703/4921/2709 8697/4922/2709 8698/4923/2709 8704/4924/2709
f 8697/4922/2707 8701/4925/2707 8702/4926/2707 8698/4923/2707
f 8705/4927/2710 8699/4928/2710 8700/4929/2710 8706/4930/2710
f 8699/4928/2708 8695/4931/2708 8696/4932/2708 8700/4929/2708
f 8703/4921/2711 8695/4931/2711 8699/4928/2711 8705/4927/2711
f 8706/4930/2712 8700/4929/2712 8696/4932/2712 8704/4924/2712
f 8702/4926/2713 8706/4930/2713 8704/4924/2713 8698/4923/2713
f 8697/4922/2714 8703/4921/2714 8705/4927/2714 8701/4925/2714
f 8701/4925/2715 8705/4927/2715 8706/4930/2715 8702/4926/2715
f 8695/4931/2716 8703/4921/2716 8704/4924/2716 8696/4932/2716
o rgear_l2
v 1.276784 -0.169495 -3.742754
v 1.270382 -0.131742 -3.785403
v 1.197890 -0.149674 -3.790394
v 1.204292 -0.187427 -3.747745
v 1.337379 -0.364008 -3.924030
v 1.330977 -0.326255 -3.966680
v 1.258484 -0.344187 -3.971670
v 1.264887 -0.381940 -3.929021
v 1.073573 0.220175 -3.691845
v 1.206315 0.252038 -3.683955
v 1.076566 0.181247 -3.584999
v 1.209308 0.213109 -3.577108
v 1.280106 -0.056983 -3.677497
v 1.277113 -0.018054 -3.784344
v 1.144371 -0.049916 -3.792234
v 1.147364 -0.088845 -3.685388
v 1.297905 -0.185520 -3.739205
v 1.295623 -0.155834 -3.820683
v 1.194397 -0.180131 -3.826700
v 1.196680 -0.209817 -3.745222
vn -0.2222 0.7133 0.6647
vn 0.2222 -0.7133 -0.6647
vn -0.1117 0.6587 -0.7441
vn -0.9686 -0.2396 -0.0667
vn 0.9686 0.2396 0.0667
vn 0.1117 -0.6587 0.7441
vn -0.2386 0.9103 0.3383
vn -0.9374 -0.3348 -0.0957
vn -0.9708 -0.2330 -0.0577
vn 0.9708 0.2330 0.0577
vn 0.0263 -0.3422 0.9393
vn -0.0263 0.3422 -0.9393
vn 0.2386 -0.9103 -0.3383
vn 0.9916 0.1282 0.0189
vn 0.0488 -0.4268 0.9030
vn -0.0036 0.2546 -0.9670
vt 0.058093 0.996359
vt 0.058104 0.996433
vt 0.058230 0.996442
vt 0.058219 0.996368
vt 0.057988 0.996675
vt 0.058114 0.996683
vt 0.058125 0.996758
vt 0.057999 0.996749
vt 0.058211 0.996071
vt 0.058216 0.996257
vt 0.058447 0.996271
vt 0.058442 0.996085
vt 0.058318 0.996259
vt 0.058324 0.996445
vt 0.058236 0.996505
vt 0.058233 0.996363
vt 0.058087 0.996246
vt 0.058093 0.996432
vt 0.058056 0.996353
vt 0.058060 0.996495
s 1
usemtl マテリアル
f 8707/4933/2717 8708/4934/2717 8709/4935/2717 8710/4936/2717
f 8711/4937/2718 8714/4938/2718 8713/4939/2718 8712/4940/2718
f 8709/4935/2719 8708/4934/2719 8712/4940/2719 8713/4939/2719
f 8710/4936/2720 8709/4935/2720 8713/4939/2720 8714/4938/2720
f 8708/4934/2721 8707/4933/2721 8711/4937/2721 8712/4940/2721
f 8707/4933/2722 8710/4936/2722 8714/4938/2722 8711/4937/2722
f 8718/4941/2723 8716/4942/2723 8715/4943/2723 8717/4944/2723
f 8722/4945/2724 8721/4946/2724 8725/4947/2724 8726/4948/2724
f 8717/4944/2725 8715/4943/2725 8721/4946/2725 8722/4945/2725
f 8716/4942/2726 8718/4941/2726 8719/4949/2726 8720/4950/2726
f 8718/4941/2727 8717/4944/2727 8722/4945/2727 8719/4949/2727
f 8715/4943/2728 8716/4942/2728 8720/4950/2728 8721/4946/2728
f 8723/4951/2729 8726/4948/2729 8725/4947/2729 8724/4952/2729
f 8720/4950/2730 8719/4949/2730 8723/4951/2730 8724/4952/2730
f 8719/4949/2731 8722/4945/2731 8726/4948/2731 8723/4951/2731
f 8721/4946/2732 8720/4950/2732 8724/4952/2732 8725/4947/2732
o rgear_r1
v -1.644970 -1.061950 -4.372161
v -1.627195 -0.917184 -4.319074
v -1.409155 -1.035827 -4.332303
v -1.401736 -0.975401 -4.310145
v -1.651440 -1.114641 -4.226307
v -1.633664 -0.969874 -4.173221
v -1.414062 -1.075783 -4.221701
v -1.406642 -1.015357 -4.199543
v -1.466766 -1.072536 -4.348119
v -1.471671 -1.112492 -4.237518
v -1.520823 -1.065899 -4.348119
v -1.511486 -0.989857 -4.194981
v -1.506580 -0.949901 -4.305583
v -1.525729 -1.105855 -4.237518
v -1.397037 -0.489606 -4.124554
v -1.401943 -0.529562 -4.013952
v -1.297099 -0.555063 -4.018514
v -1.292193 -0.515107 -4.129116
v -1.426674 -0.352012 -4.146154
v -1.437063 -0.436623 -3.911942
v -1.215045 -0.490623 -3.921602
v -1.204656 -0.406013 -4.155814
v -1.378734 -0.349500 -4.092461
v -1.385154 -0.401790 -3.947716
v -1.247945 -0.435163 -3.953686
v -1.241524 -0.382873 -4.098431
v -1.411449 -0.499133 -4.141427
v -1.417357 -0.547250 -4.008234
v -1.291098 -0.577960 -4.013727
v -1.285190 -0.529843 -4.146920
v -1.445998 -0.632295 -4.191065
v -1.451906 -0.680413 -4.057872
v -1.325647 -0.711122 -4.063366
v -1.319739 -0.663005 -4.196559
v -1.475392 -0.741671 -4.232972
v -1.481385 -0.790484 -4.097854
v -1.353302 -0.821637 -4.103427
v -1.347309 -0.772825 -4.238545
v -1.509336 -0.910577 -4.305381
v -1.515329 -0.959389 -4.170263
v -1.387246 -0.990542 -4.175836
v -1.381252 -0.941730 -4.310954
v -1.359007 -0.273464 -4.064117
v -1.365427 -0.325754 -3.919372
v -1.228218 -0.359127 -3.925342
v -1.221797 -0.306837 -4.070087
v -1.214877 -0.245785 -4.125948
v -1.331689 -0.217746 -4.119005
v -1.215281 -0.261882 -4.039243
v -1.332093 -0.233844 -4.032300
v -1.149121 -0.142352 -4.134723
v -1.353099 -0.093391 -4.122598
v -1.153720 -0.202171 -3.970539
v -1.357698 -0.153210 -3.958414
v -1.030328 0.310842 -3.966278
v -1.234305 0.359803 -3.954153
v -1.034927 0.251023 -3.802094
v -1.238904 0.299984 -3.789968
v -1.195434 -0.337818 -4.194897
v -1.170517 -0.235137 -4.156788
v -1.205730 -0.412956 -3.934321
v -1.188942 -0.341818 -3.907933
v -1.403534 -0.287867 -4.182527
v -1.378617 -0.185187 -4.144418
v -1.399354 -0.366480 -3.922812
v -1.382566 -0.295342 -3.896423
v -1.206770 -0.424193 -4.036814
v -1.168565 -0.270820 -3.979864
v -1.414870 -0.374242 -4.024445
v -1.376665 -0.220869 -3.967494
vn 0.0417 0.3395 -0.9397
vn 0.9925 -0.1219 -0.0000
vn 0.1076 -0.3539 0.9291
vn -0.9925 0.1219 -0.0000
vn 0.0356 -0.9404 -0.3382
vn 0.2105 0.9164 0.3404
vn 0.5685 -0.7815 -0.2571
vn -0.0417 -0.3395 0.9397
vn 0.1900 0.3174 -0.9291
vn -0.1145 -0.9327 -0.3420
vn -0.9753 0.2181 0.0355
vn 0.0460 0.3561 -0.9333
vn 0.9753 -0.2181 -0.0355
vn -0.1563 -0.7563 0.6353
vn -0.0460 -0.3561 0.9333
vn 0.1732 0.5681 0.8045
vn 0.7399 -0.6425 -0.1993
vn -0.0846 -0.1723 -0.9814
vn -0.9657 -0.2276 -0.1251
vn 0.9708 -0.2361 -0.0422
vn -0.3809 0.8749 0.2992
vn 0.7627 0.5967 0.2494
vn 0.2195 0.9456 -0.2403
vn 0.2362 0.9105 0.3394
vn -0.2362 -0.9105 -0.3394
vn -0.9708 0.2361 0.0422
vn -0.9821 0.1871 0.0240
vn 0.9821 -0.1871 -0.0240
vn 0.0534 0.3844 -0.9216
vn -0.0534 -0.3844 0.9216
vn -0.2397 -0.9543 -0.1783
vn 0.9708 -0.2330 -0.0577
vn 0.8057 -0.5712 -0.1568
vn -0.9772 -0.1970 -0.0791
vn -0.1237 -0.6915 0.7118
vn -0.0690 -0.0407 -0.9968
vn 0.2386 0.9103 0.3383
vn -0.9708 0.2330 0.0577
vn -0.0263 -0.3422 0.9393
vn 0.0263 0.3422 -0.9393
vn 0.9690 -0.2460 0.0232
vn -0.9740 0.2204 0.0530
vn -0.2317 -0.8466 -0.4792
vn 0.2398 0.9522 0.1894
vn 0.2028 0.6676 0.7164
vn -0.2259 -0.9681 0.1084
vn -0.9732 0.1909 0.1279
vn 0.9740 -0.2204 -0.0530
vt 0.057763 0.997413
vt 0.057693 0.997339
vt 0.057876 0.997347
vt 0.057863 0.997385
vt 0.057867 0.997154
vt 0.057854 0.997193
vt 0.057660 0.997220
vt 0.057685 0.997146
vt 0.057472 0.997108
vt 0.057441 0.997201
vt 0.057483 0.997362
vt 0.057452 0.997454
vt 0.057668 0.997413
vt 0.057754 0.997220
vt 0.057875 0.996831
vt 0.057884 0.997024
vt 0.058066 0.997032
vt 0.058058 0.996839
vt 0.058201 0.996670
vt 0.057814 0.996654
vt 0.058143 0.996726
vt 0.057905 0.996716
vt 0.058219 0.997078
vt 0.057832 0.997061
vt 0.058155 0.996978
vt 0.058189 0.996929
vt 0.058178 0.996677
vt 0.057916 0.996968
vt 0.058079 0.997063
vt 0.057859 0.997053
vt 0.057849 0.996821
vt 0.058068 0.996831
vt 0.058018 0.997149
vt 0.058008 0.996917
vt 0.057788 0.996908
vt 0.057799 0.997139
vt 0.057970 0.997222
vt 0.057747 0.997212
vt 0.057737 0.996977
vt 0.057960 0.996987
vt 0.057911 0.997348
vt 0.057901 0.997113
vt 0.057678 0.997103
vt 0.057688 0.997338
vt 0.057950 0.996918
vt 0.057939 0.996666
vt 0.057997 0.996863
vt 0.057998 0.997014
vt 0.058201 0.997026
vt 0.058200 0.996875
vt 0.058307 0.996756
vt 0.058315 0.997041
vt 0.058522 0.996748
vt 0.058514 0.996462
vt 0.057952 0.996734
vt 0.057960 0.997020
vt 0.058159 0.996441
vt 0.058167 0.996727
vt 0.058215 0.996871
vt 0.058281 0.996772
vt 0.058246 0.996647
vt 0.058217 0.996693
vt 0.057909 0.996627
vt 0.057880 0.996673
vt 0.057853 0.996849
vt 0.057919 0.996750
vt 0.057916 0.997058
vt 0.057873 0.997124
vt 0.058278 0.997080
vt 0.058235 0.997146
s 1
usemtl マテリアル
f 8735/4953/2733 8739/4954/2733 8730/4955/2733 8729/4956/2733
f 8729/4956/2734 8730/4955/2734 8734/4957/2734 8733/4958/2734
f 8740/4959/2735 8738/4960/2735 8732/4961/2735 8731/4962/2735
f 8731/4962/2736 8732/4961/2736 8728/4963/2736 8727/4964/2736
f 8737/4965/2737 8740/4959/2737 8731/4962/2737 8727/4964/2737
f 8738/4960/2738 8739/4954/2738 8728/4963/2738 8732/4961/2738
f 8729/4956/2739 8733/4958/2739 8736/4966/2739 8735/4953/2739
f 8733/4958/2740 8734/4957/2740 8738/4960/2740 8736/4966/2740
f 8737/4965/2733 8739/4954/2733 8735/4953/2733
f 8727/4964/2741 8728/4963/2741 8739/4954/2741 8737/4965/2741
f 8735/4953/2742 8736/4966/2742 8740/4959/2742 8737/4965/2742
f 8736/4966/2740 8738/4960/2740 8740/4959/2740
f 8739/4954/2743 8738/4960/2743 8742/4967/2743 8741/4968/2743
f 8730/4955/2744 8739/4954/2744 8741/4968/2744 8744/4969/2744
f 8734/4957/2745 8730/4955/2745 8744/4969/2745 8743/4970/2745
f 8742/4967/2746 8743/4970/2746 8747/4971/2746 8746/4972/2746
f 8738/4960/2747 8734/4957/2747 8743/4970/2747 8742/4967/2747
f 8746/4972/2748 8747/4971/2748 8751/4973/2748 8750/4974/2748
f 8743/4970/2749 8744/4969/2749 8748/4975/2749 8747/4971/2749
f 8744/4969/2750 8741/4968/2750 8745/4976/2750 8748/4975/2750
f 8741/4968/2751 8742/4967/2751 8746/4972/2751 8745/4976/2751
f 8751/4973/2752 8752/4977/2752 8772/4978/2752 8771/4979/2752
f 8745/4976/2753 8746/4972/2753 8750/4974/2753 8749/4980/2753
f 8747/4971/2754 8748/4975/2754 8752/4977/2754 8751/4973/2754
f 8748/4975/2755 8745/4976/2755 8749/4980/2755 8752/4977/2755
f 8756/4981/2756 8753/4982/2756 8754/4983/2756 8755/4984/2756
f 8760/4985/2757 8759/4986/2757 8758/4987/2757 8757/4988/2757
f 8754/4983/2740 8758/4987/2740 8759/4986/2740 8755/4984/2740
f 8753/4982/2758 8757/4988/2758 8758/4987/2758 8754/4983/2758
f 8755/4984/2752 8759/4986/2752 8760/4985/2752 8756/4981/2752
f 8756/4981/2733 8760/4985/2733 8757/4988/2733 8753/4982/2733
f 8764/4989/2756 8761/4990/2756 8762/4991/2756 8763/4992/2756
f 8768/4993/2757 8767/4994/2757 8766/4995/2757 8765/4996/2757
f 8761/4990/2759 8765/4996/2759 8766/4995/2759 8762/4991/2759
f 8763/4992/2760 8767/4994/2760 8768/4993/2760 8764/4989/2760
f 8764/4989/2761 8768/4993/2761 8765/4996/2761 8761/4990/2761
f 8762/4991/2762 8766/4995/2762 8767/4994/2762 8763/4992/2762
f 8752/4977/2733 8749/4980/2733 8769/4997/2733 8772/4978/2733
f 8750/4974/2740 8751/4973/2740 8771/4979/2740 8770/4998/2740
f 8749/4980/2758 8750/4974/2758 8770/4998/2758 8769/4997/2758
f 8769/4997/2756 8770/4998/2756 8771/4979/2756 8772/4978/2756
f 8776/4999/2763 8774/5000/2763 8773/5001/2763 8775/5002/2763
f 8779/5003/2764 8777/5004/2764 8781/5005/2764 8783/5006/2764
f 8775/5002/2765 8773/5001/2765 8777/5004/2765 8779/5003/2765
f 8774/5000/2766 8776/4999/2766 8780/5007/2766 8778/5008/2766
f 8776/4999/2767 8775/5002/2767 8779/5003/2767 8780/5007/2767
f 8773/5001/2768 8774/5000/2768 8778/5008/2768 8777/5004/2768
f 8784/5009/2769 8783/5006/2769 8781/5005/2769 8782/5010/2769
f 8778/5008/2770 8780/5007/2770 8784/5009/2770 8782/5010/2770
f 8780/5007/2771 8779/5003/2771 8783/5006/2771 8784/5009/2771
f 8777/5004/2772 8778/5008/2772 8782/5010/2772 8781/5005/2772
f 8793/5011/2773 8794/5012/2773 8788/5013/2773 8787/5014/2773
f 8787/5014/2771 8788/5013/2771 8792/5015/2771 8791/5016/2771
f 8795/5017/2774 8796/5018/2774 8790/5019/2774 8789/5020/2774
f 8789/5020/2772 8790/5019/2772 8786/5021/2772 8785/5022/2772
f 8793/5011/2775 8795/5017/2775 8789/5020/2775 8785/5022/2775
f 8796/5018/2776 8794/5012/2776 8786/5021/2776 8790/5019/2776
f 8792/5015/2777 8788/5013/2777 8794/5012/2777 8796/5018/2777
f 8787/5014/2778 8791/5016/2778 8795/5017/2778 8793/5011/2778
f 8791/5016/2779 8792/5015/2779 8796/5018/2779 8795/5017/2779
f 8785/5022/2780 8786/5021/2780 8794/5012/2780 8793/5011/2780
o rgear_r2
v -1.276784 -0.169495 -3.742754
v -1.270382 -0.131742 -3.785403
v -1.197890 -0.149674 -3.790394
v -1.204292 -0.187427 -3.747745
v -1.337379 -0.364008 -3.924030
v -1.330977 -0.326255 -3.966680
v -1.258484 -0.344187 -3.971670
v -1.264887 -0.381940 -3.929021
v -1.073573 0.220175 -3.691845
v -1.206315 0.252038 -3.683955
v -1.076566 0.181247 -3.584999
v -1.209308 0.213109 -3.577108
v -1.280106 -0.056983 -3.677497
v -1.277113 -0.018054 -3.784344
v -1.144371 -0.049916 -3.792234
v -1.147364 -0.088845 -3.685388
v -1.297905 -0.185520 -3.739205
v -1.295623 -0.155834 -3.820683
v -1.194397 -0.180131 -3.826700
v -1.196680 -0.209817 -3.745222
vn 0.2222 0.7133 0.6647
vn -0.2222 -0.7133 -0.6647
vn 0.1117 0.6587 -0.7441
vn 0.9686 -0.2396 -0.0667
vn -0.9686 0.2396 0.0667
vn -0.1117 -0.6587 0.7441
vn 0.2386 0.9103 0.3383
vn 0.9374 -0.3348 -0.0957
vn 0.9708 -0.2330 -0.0577
vn -0.9708 0.2330 0.0577
vn -0.0263 -0.3422 0.9393
vn 0.0263 0.3422 -0.9393
vn -0.2386 -0.9103 -0.3383
vn -0.9916 0.1282 0.0189
vn -0.0488 -0.4268 0.9030
vn 0.0036 0.2546 -0.9670
vt 0.058093 0.996359
vt 0.058219 0.996368
vt 0.058230 0.996442
vt 0.058104 0.996433
vt 0.057988 0.996675
vt 0.057999 0.996749
vt 0.058125 0.996758
vt 0.058114 0.996683
vt 0.058211 0.996071
vt 0.058442 0.996085
vt 0.058447 0.996271
vt 0.058216 0.996257
vt 0.058318 0.996259
vt 0.058233 0.996363
vt 0.058236 0.996505
vt 0.058324 0.996445
vt 0.058093 0.996432
vt 0.058087 0.996246
vt 0.058056 0.996353
vt 0.058060 0.996495
s 1
usemtl マテリアル
f 8797/5023/2781 8800/5024/2781 8799/5025/2781 8798/5026/2781
f 8801/5027/2782 8802/5028/2782 8803/5029/2782 8804/5030/2782
f 8799/5025/2783 8803/5029/2783 8802/5028/2783 8798/5026/2783
f 8800/5024/2784 8804/5030/2784 8803/5029/2784 8799/5025/2784
f 8798/5026/2785 8802/5028/2785 8801/5027/2785 8797/5023/2785
f 8797/5023/2786 8801/5027/2786 8804/5030/2786 8800/5024/2786
f 8808/5031/2787 8807/5032/2787 8805/5033/2787 8806/5034/2787
f 8812/5035/2788 8816/5036/2788 8815/5037/2788 8811/5038/2788
f 8807/5032/2789 8812/5035/2789 8811/5038/2789 8805/5033/2789
f 8806/5034/2790 8810/5039/2790 8809/5040/2790 8808/5031/2790
f 8808/5031/2791 8809/5040/2791 8812/5035/2791 8807/5032/2791
f 8805/5033/2792 8811/5038/2792 8810/5039/2792 8806/5034/2792
f 8813/5041/2793 8814/5042/2793 8815/5037/2793 8816/5036/2793
f 8810/5039/2794 8814/5042/2794 8813/5041/2794 8809/5040/2794
f 8809/5040/2795 8813/5041/2795 8816/5036/2795 8812/5035/2795
f 8811/5038/2796 8815/5037/2796 8814/5042/2796 8810/5039/2796
o rudder_l
v 1.165326 1.400515 -9.024025
v 1.364749 2.787672 -9.601278
v 1.415181 2.787672 -10.014433
v 1.223204 1.400515 -9.764289
v 1.283367 1.400515 -9.024025
v 1.467604 2.787672 -9.601278
v 1.415181 2.787672 -10.014433
v 1.223204 1.400515 -9.764289
v 1.165326 1.400515 -9.024025
v 1.364749 2.787672 -9.601278
v 1.415181 2.787672 -10.014433
v 1.223204 1.400515 -9.764289
v 1.283367 1.400515 -9.024025
v 1.467604 2.787672 -9.601278
v 1.415181 2.787672 -10.014433
v 1.223204 1.400515 -9.764289
vn -0.9894 0.1119 -0.0929
vn 0.9822 -0.1618 -0.0959
vn -0.0000 1.0000 -0.0000
vn -0.0000 0.3842 0.9232
vn -0.0000 -1.0000 -0.0000
vt 0.815506 0.738323
vt 0.799555 0.738323
vt 0.809213 0.684766
vt 0.837793 0.684766
vt 0.978248 0.608107
vt 0.962297 0.608107
vt 0.940009 0.554550
vt 0.968590 0.554550
vt 0.009118 0.995047
vt 0.009242 0.995047
vt 0.009179 0.995546
vt 0.008877 0.994350
vt 0.009019 0.994350
vt 0.008947 0.995244
s 1
usemtl マテリアル
f 8818/5043/2797 8819/5044/2797 8820/5045/2797 8817/5046/2797
f 8823/5047/2798 8822/5048/2798 8821/5049/2798 8824/5050/2798
f 8826/5051/2799 8830/5052/2799 8831/5053/2799 8827/5053/2799
f 8826/5051/2800 8825/5054/2800 8829/5055/2800 8830/5052/2800
f 8825/5054/2801 8828/5056/2801 8832/5056/2801 8829/5055/2801
o rudder_r
v -1.165326 1.400515 -9.024025
v -1.364749 2.787672 -9.601278
v -1.415181 2.787672 -10.014433
v -1.223204 1.400515 -9.764289
v -1.283367 1.400515 -9.024025
v -1.467604 2.787672 -9.601278
v -1.415181 2.787672 -10.014433
v -1.223204 1.400515 -9.764289
v -1.165326 1.400515 -9.024025
v -1.364749 2.787672 -9.601278
v -1.415181 2.787672 -10.014433
v -1.223204 1.400515 -9.764289
v -1.283367 1.400515 -9.024025
v -1.467604 2.787672 -9.601278
v -1.415181 2.787672 -10.014433
v -1.223204 1.400515 -9.764289
vn 0.9894 0.1119 -0.0929
vn -0.9822 -0.1618 -0.0959
vn -0.0000 1.0000 -0.0000
vn -0.0000 0.3842 0.9232
vn -0.0000 -1.0000 -0.0000
vt 0.747486 0.738323
vt 0.725199 0.684766
vt 0.753780 0.684766
vt 0.763438 0.738323
vt 0.584744 0.608107
vt 0.594402 0.554550
vt 0.622983 0.554550
vt 0.600696 0.608107
vt 0.009118 0.995047
vt 0.009179 0.995546
vt 0.009242 0.995047
vt 0.009019 0.994350
vt 0.008877 0.994350
vt 0.008947 0.995244
s 1
usemtl マテリアル
f 8834/5057/2802 8833/5058/2802 8836/5059/2802 8835/5060/2802
f 8839/5061/2803 8840/5062/2803 8837/5063/2803 8838/5064/2803
f 8842/5065/2804 8843/5066/2804 8847/5066/2804 8846/5067/2804
f 8842/5065/2805 8846/5067/2805 8845/5068/2805 8841/5069/2805
f 8841/5069/2806 8845/5068/2806 8848/5070/2806 8844/5070/2806
o stick
v -0.020871 0.632414 2.124177
v -0.028783 0.664270 2.132090
v -0.020871 0.632414 2.082435
v -0.028783 0.664270 2.074522
v 0.020871 0.632414 2.124177
v 0.028783 0.664270 2.132090
v 0.020871 0.632414 2.082435
v 0.028783 0.664270 2.074522
v -0.028783 0.670144 2.132090
v -0.028783 0.670144 2.074522
v 0.028783 0.670144 2.074522
v 0.028783 0.670144 2.132090
v -0.028783 0.726908 2.132090
v -0.028783 0.726908 2.074522
v 0.028783 0.726908 2.074522
v 0.028783 0.726908 2.132090
v -0.019590 0.732154 2.122896
v -0.019590 0.732154 2.083715
v 0.019590 0.732154 2.083715
v 0.019590 0.732154 2.122896
v 0.026575 0.670349 2.076732
v 0.026575 0.726664 2.076732
v 0.026575 0.726664 2.129881
v 0.026575 0.670347 2.129881
v -0.026575 0.670349 2.129881
v -0.026575 0.726664 2.129881
v -0.026575 0.726664 2.076732
v -0.026575 0.670347 2.076732
v -0.028783 0.732154 2.132090
v -0.028783 0.732154 2.074522
v 0.028783 0.732154 2.074522
v 0.028783 0.732154 2.132090
v -0.019590 0.742578 2.122896
v -0.019590 0.742578 2.083715
v 0.019590 0.742578 2.083715
v 0.019590 0.742578 2.122896
v -0.017160 0.746716 2.120466
v -0.017160 0.746716 2.086146
v 0.017160 0.746716 2.086146
v 0.017160 0.746716 2.120466
v -0.017160 0.787141 2.120466
v -0.017160 0.796161 2.086146
v 0.017160 0.796161 2.086146
v 0.017160 0.787141 2.120466
v -0.017160 0.822515 2.133262
v -0.017160 0.831534 2.098942
v 0.017160 0.831534 2.098942
v 0.017160 0.822515 2.133262
v -0.022948 0.820994 2.139050
v -0.022948 0.833057 2.093154
v 0.022948 0.833057 2.093154
v 0.022948 0.820994 2.139050
v -0.016345 0.850645 2.146843
v -0.016345 0.862708 2.100947
v 0.016345 0.862708 2.100947
v 0.016345 0.850645 2.146843
v -0.016345 0.885601 2.146843
v -0.016345 0.885601 2.100947
v 0.016345 0.885601 2.100947
v 0.016345 0.885601 2.146843
v -0.008680 0.900611 2.146843
v -0.008680 0.900611 2.100947
v 0.008680 0.900611 2.100947
v 0.008680 0.900611 2.146843
v -0.025385 0.854516 2.146843
v -0.025385 0.863907 2.100947
v 0.025385 0.863907 2.100947
v 0.025385 0.854516 2.146843
v -0.025385 0.881732 2.146843
v -0.025385 0.881732 2.100947
v 0.025385 0.881732 2.100947
v 0.025385 0.881732 2.146843
v -0.029120 0.863093 2.146843
v -0.029120 0.868082 2.100947
v 0.029120 0.868082 2.100947
v 0.029120 0.863093 2.146843
v -0.029120 0.877552 2.146843
v -0.029120 0.877552 2.100947
v 0.029120 0.877552 2.100947
v 0.029120 0.877552 2.146843
v 0.014344 0.893107 2.100947
v 0.014344 0.893107 2.146843
v -0.014344 0.893107 2.146843
v -0.014344 0.893107 2.100947
v -0.011508 0.868318 2.097496
v 0.011508 0.868318 2.097496
v -0.011508 0.884434 2.097496
v 0.011508 0.884434 2.097496
v -0.006111 0.895002 2.097496
v 0.006111 0.895002 2.097496
v 0.010099 0.889719 2.097496
v -0.010099 0.889719 2.097496
v 0.002657 0.870216 2.103254
v 0.006415 0.866457 2.103254
v 0.006415 0.861143 2.103254
v 0.002657 0.857386 2.103254
v -0.002657 0.857386 2.103254
v -0.006415 0.861143 2.103254
v -0.006415 0.866457 2.103254
v -0.002657 0.870216 2.103254
v 0.002657 0.870216 2.095586
v 0.006415 0.866457 2.095586
v 0.006415 0.861143 2.095586
v 0.002657 0.857386 2.095586
v -0.002657 0.857386 2.095586
v -0.006415 0.861143 2.095586
v -0.006415 0.866457 2.095586
v -0.002657 0.870216 2.095586
v 0.004630 0.865719 2.094506
v 0.001918 0.868429 2.094506
v 0.004630 0.861883 2.094506
v 0.001918 0.859171 2.094506
v -0.001918 0.859171 2.094506
v -0.004630 0.861883 2.094506
v -0.004630 0.865719 2.094506
v -0.001918 0.868429 2.094506
v -0.015025 0.882204 2.101145
v -0.009951 0.877131 2.101145
v -0.009951 0.869954 2.101145
v -0.015025 0.864881 2.101145
v -0.022201 0.864881 2.101145
v -0.027275 0.869954 2.101145
v -0.027275 0.877131 2.101145
v -0.022201 0.882204 2.101145
v -0.014167 0.884276 2.092797
v -0.007880 0.877988 2.092797
v -0.007880 0.869096 2.092797
v -0.014167 0.862809 2.092797
v -0.023059 0.862809 2.092797
v -0.029346 0.869096 2.092797
v -0.029346 0.877988 2.092797
v -0.023059 0.884276 2.092797
v -0.008869 0.877579 2.091719
v -0.014577 0.883287 2.091719
v -0.008869 0.869506 2.091719
v -0.014577 0.863798 2.091719
v -0.022649 0.863798 2.091719
v -0.028357 0.869506 2.091719
v -0.028357 0.877579 2.091719
v -0.022649 0.883287 2.091719
v -0.013879 0.875504 2.096963
v -0.016652 0.878276 2.096963
v -0.013879 0.871581 2.096963
v -0.016652 0.868810 2.096963
v -0.020574 0.868810 2.096963
v -0.023346 0.871581 2.096963
v -0.023346 0.875504 2.096963
v -0.020574 0.878276 2.096963
v -0.014201 0.875369 2.098609
v -0.016785 0.877955 2.098609
v -0.014201 0.871715 2.098609
v -0.016785 0.869130 2.098609
v -0.020440 0.869130 2.098609
v -0.023025 0.871715 2.098609
v -0.023025 0.875369 2.098609
v -0.020440 0.877955 2.098609
v 0.022538 0.882204 2.102042
v 0.027612 0.877131 2.102042
v 0.027612 0.869954 2.102042
v 0.022538 0.864881 2.102042
v 0.015362 0.864881 2.102042
v 0.010288 0.869954 2.102042
v 0.010288 0.877131 2.102042
v 0.015362 0.882204 2.102042
v 0.022538 0.882204 2.091685
v 0.027612 0.877131 2.091685
v 0.027612 0.869954 2.091685
v 0.022538 0.864881 2.091685
v 0.015362 0.864881 2.091685
v 0.010288 0.869954 2.091685
v 0.010288 0.877131 2.091685
v 0.015362 0.882204 2.091685
v 0.025202 0.876132 2.090229
v 0.021540 0.879794 2.090229
v 0.025202 0.870953 2.090229
v 0.021540 0.867291 2.090229
v 0.016361 0.867291 2.090229
v 0.012698 0.870953 2.090229
v 0.012698 0.876132 2.090229
v 0.016361 0.879794 2.090229
v -0.018834 0.816211 2.133394
v -0.018834 0.826110 2.095726
v 0.018834 0.826110 2.095726
v 0.018834 0.816211 2.133394
v -0.023913 0.607265 2.127219
v -0.023913 0.607265 2.079393
v 0.023913 0.607265 2.127219
v 0.023913 0.607265 2.079393
v -0.013954 0.598677 2.117261
v -0.013954 0.598677 2.089352
v 0.013954 0.598677 2.117261
v 0.013954 0.598677 2.089352
vn -0.9705 -0.2410 -0.0000
vn -0.0000 -0.2411 -0.9705
vn 0.9705 -0.2410 -0.0000
vn -0.0000 -0.2411 0.9705
vn -1.0000 -0.0000 -0.0000
vn 0.1098 -0.9939 -0.0000
vn -0.0000 -0.0000 1.0000
vn -0.0000 -0.0000 -1.0000
vn 1.0000 -0.0000 -0.0000
vn -0.1098 -0.9939 -0.0000
vn -0.0000 -0.9939 0.1101
vn -0.0000 -0.9940 -0.1098
vn -0.0000 0.9958 -0.0919
vn -0.0000 0.9958 0.0919
vn -0.0914 0.9958 -0.0000
vn 0.0915 0.9958 -0.0000
vn -0.0000 1.0000 -0.0000
vn 0.8623 0.5064 -0.0000
vn -0.8623 0.5064 -0.0000
vn -0.0000 0.5064 0.8623
vn -0.0000 0.5066 -0.8622
vn -0.0000 -0.3402 0.9404
vn -0.0000 0.3402 -0.9404
vn 0.8275 -0.5430 -0.1427
vn 0.2634 -0.9394 -0.2196
vn 0.9776 0.2036 0.0535
vn -0.9776 0.2036 0.0535
vn -0.0000 -0.2542 0.9672
vn -0.0000 0.2542 -0.9672
vn 0.7982 0.6024 -0.0000
vn -0.0000 -0.5239 -0.8518
vn -0.7982 0.6024 -0.0000
vn -0.5508 0.1468 -0.8216
vn 0.7457 0.6663 -0.0000
vn -0.2634 -0.9394 -0.2196
vn 0.3935 0.9193 -0.0000
vn -0.3935 0.9193 -0.0000
vn 0.8602 -0.5039 -0.0789
vn -0.7457 0.6663 -0.0000
vn -0.8602 -0.5039 -0.0789
vn 0.5508 0.1468 -0.8216
vn -0.9663 0.2576 -0.0000
vn 0.9663 0.2576 -0.0000
vn 0.5808 -0.0000 -0.8141
vn -0.0000 0.5240 -0.8517
vn -0.4281 0.3232 -0.8440
vn -0.5808 -0.0000 -0.8140
vn 0.4281 0.3232 -0.8440
vn -0.0001 0.0005 1.0000
vn -0.3661 -0.3661 -0.8556
vn -0.0000 -1.0000 -0.0000
vn -0.7072 0.7070 -0.0000
vn -0.7070 -0.7072 -0.0000
vn 0.7070 -0.7072 -0.0000
vn 0.7072 0.7070 -0.0000
vn 0.3661 -0.3661 -0.8556
vn 0.3660 0.3661 -0.8556
vn -0.0000 0.5173 -0.8558
vn -0.5176 -0.0000 -0.8556
vn -0.0000 -0.5177 -0.8556
vn 0.5176 -0.0000 -0.8556
vn -0.3660 0.3661 -0.8556
vn -0.0000 -0.7369 -0.6760
vn -0.0000 0.9706 0.2409
vn -0.9706 -0.0000 0.2408
vn -0.0000 -0.9706 0.2409
vn 0.9706 -0.0000 0.2408
vn -0.6863 0.6863 0.2408
vn -0.6863 -0.6863 0.2408
vn 0.6863 -0.6863 0.2408
vn 0.6863 0.6863 0.2408
vn 0.5112 0.5113 -0.6909
vn 0.7369 -0.0000 -0.6760
vn -0.5211 0.5211 -0.6760
vn -0.5210 -0.5210 -0.6761
vn 0.5210 -0.5210 -0.6761
vn 0.5211 0.5211 -0.6760
vn -0.0000 0.7377 -0.6751
vn -0.7369 -0.0000 -0.6760
vn -0.0000 0.9816 -0.1909
vn -0.5112 0.5113 -0.6908
vn -0.5112 -0.5113 -0.6908
vn -0.0000 -0.7230 -0.6909
vn 0.7230 -0.0000 -0.6909
vn -0.0000 0.7229 -0.6909
vn -0.7230 -0.0000 -0.6908
vn 0.5112 -0.5113 -0.6908
vn -0.9815 -0.0000 -0.1917
vn 0.6940 -0.6939 -0.1920
vn 0.6940 0.6940 -0.1916
vn -0.6940 0.6940 -0.1916
vn -0.6940 -0.6939 -0.1920
vn -0.0000 -0.9815 -0.1914
vn 0.9814 -0.0000 -0.1920
vn 0.0001 -0.0000 1.0000
vn -0.3655 -0.3656 -0.8560
vn -0.7070 0.7072 -0.0000
vn 0.7070 0.7072 -0.0000
vn 0.3656 -0.3657 -0.8559
vn 0.3656 0.3657 -0.8559
vn -0.0000 0.5171 -0.8559
vn -0.5171 -0.0000 -0.8559
vn -0.0000 -0.5171 -0.8559
vn 0.5171 -0.0000 -0.8559
vn -0.3657 0.3659 -0.8558
vn -0.0000 -0.9672 -0.2542
vn -0.8275 -0.5430 -0.1427
vn -0.0000 -0.7636 0.6457
vn -0.0000 -0.3472 -0.9378
vn -0.0000 0.1201 0.9928
vn -0.0000 0.1201 -0.9928
vn -0.9928 0.1201 -0.0000
vn 0.9928 0.1201 -0.0000
vn 0.6531 -0.7573 -0.0000
vn -0.6531 -0.7573 -0.0000
vn -0.0000 -0.7573 0.6531
vn -0.0000 -0.7573 -0.6531
vn -0.0000 0.0009 1.0000
vn -0.0000 0.0012 1.0000
vn -0.0001 -0.0000 1.0000
vn -0.0001 -0.0000 -1.0000
vn 0.0001 -0.0000 -1.0000
vt 0.091817 0.992707
vt 0.091805 0.992696
vt 0.091805 0.992779
vt 0.091817 0.992768
vt 0.091889 0.992779
vt 0.091877 0.992768
vt 0.091889 0.992696
vt 0.091877 0.992707
vt 0.091886 0.992699
vt 0.091886 0.992776
vt 0.091808 0.992776
vt 0.091808 0.992699
vt 0.122848 0.976825
vt 0.122905 0.976825
vt 0.091819 0.992709
vt 0.091819 0.992766
vt 0.091875 0.992766
vt 0.091875 0.992709
vt 0.122905 0.976882
vt 0.122901 0.976878
vt 0.122901 0.976828
vt 0.122848 0.976882
vt 0.122851 0.976878
vt 0.122851 0.976828
vt 0.122901 0.976810
vt 0.122851 0.976810
vt 0.122851 0.976860
vt 0.122901 0.976860
vt 0.122109 0.974150
vt 0.122109 0.974083
vt 0.122103 0.974092
vt 0.122103 0.974146
vt 0.122099 0.974072
vt 0.122099 0.974139
vt 0.122113 0.974139
vt 0.122113 0.974072
vt 0.122043 0.974150
vt 0.122043 0.974083
vt 0.122052 0.974072
vt 0.122052 0.974139
vt 0.122097 0.974072
vt 0.122097 0.974139
vt 0.122088 0.974139
vt 0.122088 0.974072
vt 0.122059 0.974144
vt 0.122093 0.974144
vt 0.122063 0.974139
vt 0.122063 0.974072
vt 0.122055 0.974139
vt 0.122055 0.974072
vt 0.122061 0.974144
vt 0.122118 0.974072
vt 0.122118 0.974139
vt 0.122039 0.974072
vt 0.122039 0.974139
vt 0.122034 0.974139
vt 0.122034 0.974072
vt 0.122090 0.974144
vt 0.122067 0.974144
vt 0.122085 0.974144
vt 0.057752 0.971035
vt 0.057733 0.971035
vt 0.057739 0.971035
vt 0.057739 0.971046
vt 0.057733 0.971046
vt 0.057736 0.971048
vt 0.057740 0.971048
vt 0.057747 0.971035
vt 0.057747 0.971046
vt 0.057752 0.971046
vt 0.057745 0.971048
vt 0.057749 0.971048
vt 0.059659 0.977626
vt 0.059666 0.977626
vt 0.059660 0.994303
vt 0.059647 0.994303
vt 0.059648 0.994305
vt 0.059659 0.994305
vt 0.059648 0.977626
vt 0.059660 0.977638
vt 0.059647 0.977638
vt 0.059641 0.977626
vt 0.059638 0.977638
vt 0.059669 0.977638
vt 0.059648 0.977640
vt 0.059639 0.977640
vt 0.059647 0.977633
vt 0.059651 0.977633
vt 0.059669 0.994303
vt 0.059668 0.994305
vt 0.059638 0.994303
vt 0.059639 0.994305
vt 0.059656 0.977633
vt 0.059651 0.977630
vt 0.059656 0.977630
vt 0.059668 0.977640
vt 0.059659 0.977640
vt 0.059660 0.977633
vt 0.059660 0.977630
vt 0.059647 0.977630
vt 0.140711 0.991189
vt 0.140718 0.991189
vt 0.140700 0.991204
vt 0.140693 0.991204
vt 0.140697 0.991206
vt 0.140702 0.991206
vt 0.140700 0.991189
vt 0.140711 0.991204
vt 0.140693 0.991189
vt 0.140718 0.991204
vt 0.059317 0.991982
vt 0.059324 0.991982
vt 0.140709 0.991206
vt 0.140715 0.991206
vt 0.122049 0.974092
vt 0.122049 0.974146
vt 0.091812 0.992703
vt 0.091882 0.992703
vt 0.091882 0.992772
vt 0.091812 0.992772
vt 0.091867 0.992717
vt 0.091867 0.992758
vt 0.091827 0.992758
vt 0.091827 0.992717
vt 0.059329 0.991982
vt 0.059311 0.991982
s 1
usemtl マテリアル
f 8849/5071/2807 8850/5072/2807 8852/5073/2807 8851/5074/2807
f 8851/5074/2808 8852/5073/2808 8856/5075/2808 8855/5076/2808
f 8855/5076/2809 8856/5075/2809 8854/5077/2809 8853/5078/2809
f 8853/5078/2810 8854/5077/2810 8850/5072/2810 8849/5071/2810
f 8852/5073/2811 8850/5072/2811 8857/5072/2811 8858/5073/2811
f 8871/5079/2812 8870/5080/2812 8863/5075/2812 8864/5077/2812
f 8850/5072/2813 8854/5077/2813 8860/5077/2813 8857/5072/2813
f 8856/5075/2814 8852/5073/2814 8858/5073/2814 8859/5075/2814
f 8854/5077/2815 8856/5075/2815 8859/5075/2815 8860/5077/2815
f 8864/5077/2815 8863/5075/2815 8879/5075/2815 8880/5077/2815
f 8875/5081/2816 8874/5082/2816 8861/5072/2816 8862/5073/2816
f 8874/5082/2817 8871/5079/2817 8864/5077/2817 8861/5072/2817
f 8870/5080/2818 8875/5081/2818 8862/5073/2818 8863/5075/2818
f 8865/5083/2813 8868/5084/2813 8884/5084/2813 8881/5083/2813
f 8862/5073/2811 8861/5072/2811 8877/5072/2811 8878/5073/2811
f 8861/5072/2813 8864/5077/2813 8880/5077/2813 8877/5072/2813
f 8863/5075/2814 8862/5073/2814 8878/5073/2814 8879/5075/2814
f 8859/5075/2819 8858/5073/2819 8876/5081/2819 8869/5080/2819
f 8869/5080/2814 8876/5081/2814 8875/5081/2814 8870/5080/2814
f 8857/5072/2820 8860/5077/2820 8872/5079/2820 8873/5082/2820
f 8873/5082/2813 8872/5079/2813 8871/5079/2813 8874/5082/2813
f 8858/5073/2821 8857/5072/2821 8873/5082/2821 8876/5081/2821
f 8876/5081/2811 8873/5082/2811 8874/5082/2811 8875/5081/2811
f 8860/5077/2822 8859/5075/2822 8869/5080/2822 8872/5079/2822
f 8872/5079/2815 8869/5080/2815 8870/5080/2815 8871/5079/2815
f 8865/5085/2823 8866/5086/2823 8878/5073/2823 8877/5072/2823
f 8866/5086/2823 8867/5087/2823 8879/5075/2823 8878/5073/2823
f 8867/5087/2823 8868/5088/2823 8880/5077/2823 8879/5075/2823
f 8868/5088/2823 8865/5085/2823 8877/5072/2823 8880/5077/2823
f 8884/5084/2824 8883/5089/2824 8887/5090/2824 8888/5091/2824
f 8867/5089/2814 8866/5092/2814 8882/5092/2814 8883/5089/2814
f 8868/5084/2815 8867/5089/2815 8883/5089/2815 8884/5084/2815
f 8866/5092/2811 8865/5083/2811 8881/5083/2811 8882/5092/2811
f 8886/5093/2811 8885/5094/2811 8889/5094/2811 8890/5093/2811
f 8882/5092/2825 8881/5083/2825 8885/5094/2825 8886/5093/2825
f 8881/5083/2826 8884/5084/2826 8888/5091/2826 8885/5094/2826
f 8883/5089/2827 8882/5092/2827 8886/5093/2827 8887/5090/2827
f 8889/5094/2828 8892/5091/2828 8896/5095/2828 8893/5096/2828
f 8885/5094/2813 8888/5091/2813 8892/5091/2813 8889/5094/2813
f 8887/5090/2814 8886/5093/2814 8890/5093/2814 8891/5090/2814
f 8888/5091/2815 8887/5090/2815 8891/5090/2815 8892/5091/2815
f 8891/5090/2829 8890/5093/2829 8894/5097/2829 8895/5098/2829
f 8892/5091/2815 8891/5090/2815 8895/5098/2815 8896/5095/2815
f 8890/5093/2811 8889/5094/2811 8893/5096/2811 8894/5097/2811
f 8899/5099/2830 8900/5100/2830 9032/5101/2830 9031/5102/2830
f 8904/5103/2831 8903/5104/2831 8915/5105/2831 8916/5106/2831
f 8900/5100/2832 8899/5099/2832 8903/5104/2832 8904/5103/2832
f 8898/5107/2833 8897/5108/2833 8901/5109/2833 8902/5110/2833
f 8897/5108/2834 8900/5100/2834 8904/5103/2834 8901/5109/2834
f 8899/5099/2835 8898/5107/2835 8902/5110/2835 8903/5104/2835
f 8930/5111/2836 8929/5112/2836 8911/5113/2836 8912/5114/2836
f 8908/5103/2813 8904/5103/2813 8916/5106/2813 8920/5106/2813
f 8901/5109/2813 8904/5103/2813 8908/5103/2813 8905/5109/2813
f 8903/5104/2837 8902/5110/2837 8933/5115/2837 8934/5116/2837
f 8911/5113/2823 8910/5117/2823 8909/5118/2823 8912/5114/2823
f 8932/5119/2838 8931/5120/2838 8909/5118/2838 8910/5117/2838
f 8931/5120/2813 8930/5111/2813 8912/5114/2813 8909/5118/2813
f 8906/5110/2839 8932/5119/2839 8940/5121/2839 8935/5115/2839
f 8919/5105/2840 8920/5106/2840 8928/5122/2840 8927/5123/2840
f 8920/5106/2813 8916/5106/2813 8924/5122/2813 8928/5122/2813
f 8902/5110/2841 8901/5109/2841 8913/5124/2841 8914/5125/2841
f 8901/5109/2813 8905/5109/2813 8917/5124/2813 8913/5124/2813
f 8903/5104/2814 8907/5104/2814 8919/5105/2814 8915/5105/2814
f 8907/5104/2842 8908/5103/2842 8920/5106/2842 8919/5105/2842
f 8905/5109/2843 8906/5110/2843 8918/5125/2843 8917/5124/2843
f 8906/5110/2814 8902/5110/2814 8914/5125/2814 8918/5125/2814
f 8924/5122/2815 8923/5123/2815 8927/5123/2815 8928/5122/2815
f 8922/5126/2811 8921/5127/2811 8925/5127/2811 8926/5126/2811
f 8916/5106/2844 8915/5105/2844 8923/5123/2844 8924/5122/2844
f 8913/5124/2813 8917/5124/2813 8925/5127/2813 8921/5127/2813
f 8915/5105/2814 8919/5105/2814 8927/5123/2814 8923/5123/2814
f 8917/5124/2845 8918/5125/2845 8926/5126/2845 8925/5127/2845
f 8914/5125/2846 8913/5124/2846 8921/5127/2846 8922/5126/2846
f 8918/5125/2814 8914/5125/2814 8922/5126/2814 8926/5126/2814
f 8929/5112/2847 8907/5104/2847 8936/5116/2847 8939/5128/2847
f 8905/5109/2813 8908/5103/2813 8930/5111/2813 8931/5120/2813
f 8906/5110/2848 8905/5109/2848 8931/5120/2848 8932/5119/2848
f 8908/5103/2849 8907/5104/2849 8929/5112/2849 8930/5111/2849
f 8934/5116/2814 8933/5115/2814 8935/5115/2814 8936/5116/2814
f 8939/5128/2814 8940/5121/2814 8937/5129/2814 8938/5130/2814
f 8936/5116/2814 8935/5115/2814 8940/5121/2814 8939/5128/2814
f 8907/5104/2850 8903/5104/2850 8934/5116/2850 8936/5116/2850
f 8910/5117/2851 8911/5113/2851 8938/5130/2851 8937/5129/2851
f 8932/5119/2852 8910/5117/2852 8937/5129/2852 8940/5121/2852
f 8902/5110/2853 8906/5110/2853 8935/5115/2853 8933/5115/2853
f 8911/5113/2854 8929/5112/2854 8939/5128/2854 8938/5130/2854
f 8942/5131/2813 8947/5132/2855 8945/5133/2813
f 8953/5134/2856 8954/5135/2856 8962/5136/2856 8961/5137/2856
f 8948/5133/2823 8941/5138/2823 8949/5139/2823 8956/5134/2823
f 8946/5132/2811 8947/5132/2811 8955/5135/2811 8954/5135/2811
f 8944/5138/2857 8945/5133/2857 8953/5134/2857 8952/5139/2857
f 8942/5131/2815 8943/5131/2815 8951/5140/2815 8950/5140/2815
f 8947/5132/2858 8948/5133/2858 8956/5134/2858 8955/5135/2858
f 8945/5133/2859 8946/5132/2859 8954/5135/2859 8953/5134/2859
f 8943/5131/2860 8944/5138/2860 8952/5139/2860 8951/5140/2860
f 8941/5138/2861 8942/5131/2861 8950/5140/2861 8949/5139/2861
f 8964/5137/2814 8958/5141/2814 8961/5137/2814
f 8951/5140/2862 8952/5139/2862 8960/5141/2862 8959/5142/2862
f 8949/5139/2863 8950/5140/2863 8957/5142/2863 8958/5141/2863
f 8956/5134/2864 8949/5139/2864 8958/5141/2864 8964/5137/2864
f 8954/5135/2865 8955/5135/2865 8963/5136/2865 8962/5136/2865
f 8952/5139/2866 8953/5134/2866 8961/5137/2866 8960/5141/2866
f 8950/5140/2867 8951/5140/2867 8959/5142/2867 8957/5142/2867
f 8955/5135/2868 8956/5134/2868 8964/5137/2868 8963/5136/2868
f 8968/5143/2813 8967/5144/2813 8965/5143/2813
f 8976/5145/2869 8977/5146/2869 8985/5147/2869 8984/5148/2869
f 8972/5149/2870 8965/5143/2870 8973/5150/2870 8980/5151/2870
f 8970/5152/2871 8971/5152/2871 8979/5153/2871 8978/5153/2871
f 8968/5143/2872 8969/5149/2872 8977/5151/2872 8976/5150/2872
f 8966/5144/2873 8967/5144/2873 8975/5154/2873 8974/5154/2873
f 8971/5152/2874 8972/5149/2874 8980/5151/2874 8979/5153/2874
f 8969/5149/2875 8970/5152/2875 8978/5153/2875 8977/5151/2875
f 8967/5144/2876 8968/5143/2876 8976/5150/2876 8975/5154/2876
f 8965/5143/2877 8966/5144/2877 8974/5154/2877 8973/5150/2877
f 8985/5155/2878 8986/5156/2878 8994/5157/2878 8993/5158/2878
f 8974/5159/2879 8975/5159/2879 8983/5160/2879 8981/5160/2879
f 8979/5161/2880 8980/5146/2880 8988/5147/2880 8987/5162/2880
f 8977/5146/2881 8978/5161/2881 8986/5162/2881 8985/5147/2881
f 8975/5159/2882 8976/5145/2882 8984/5148/2882 8983/5160/2882
f 8973/5145/2883 8974/5159/2883 8981/5160/2883 8982/5148/2883
f 8980/5146/2884 8973/5145/2884 8982/5148/2884 8988/5147/2884
f 8978/5161/2885 8979/5161/2885 8987/5162/2885 8986/5162/2885
f 8992/5163/2886 8993/5158/2886 9001/5164/2886 9000/5165/2886
f 8983/5166/2887 8984/5167/2887 8992/5163/2887 8991/5168/2887
f 8982/5167/2888 8981/5166/2888 8989/5168/2888 8990/5163/2888
f 8988/5155/2889 8982/5167/2889 8990/5163/2889 8996/5158/2889
f 8986/5156/2890 8987/5156/2890 8995/5157/2890 8994/5157/2890
f 8984/5167/2891 8985/5155/2891 8993/5158/2891 8992/5163/2891
f 8981/5166/2892 8983/5166/2892 8991/5168/2892 8989/5168/2892
f 8987/5156/2893 8988/5155/2893 8996/5158/2893 8995/5157/2893
f 8997/5169/2814 9001/5164/2814 9003/5170/2814
f 8989/5168/2894 8991/5168/2894 8999/5169/2894 8997/5169/2894
f 8995/5157/2895 8996/5158/2895 9004/5164/2895 9003/5170/2895
f 8993/5158/2896 8994/5157/2896 9002/5170/2896 9001/5164/2896
f 8991/5168/2897 8992/5163/2897 9000/5165/2897 8999/5169/2897
f 8990/5163/2898 8989/5168/2898 8997/5169/2898 8998/5165/2898
f 8996/5158/2899 8990/5163/2899 8998/5165/2899 9004/5164/2899
f 8994/5157/2900 8995/5157/2900 9003/5170/2900 9002/5170/2900
f 9008/5171/2813 9007/5172/2901 9005/5171/2813
f 9017/5173/2902 9018/5174/2902 9026/5175/2902 9025/5176/2902
f 9012/5177/2823 9005/5171/2823 9013/5178/2823 9020/5173/2823
f 9010/5179/2811 9011/5179/2811 9019/5174/2811 9018/5174/2811
f 9008/5171/2857 9009/5177/2857 9017/5173/2857 9016/5178/2857
f 9006/5172/2815 9007/5172/2815 9015/5180/2815 9014/5180/2815
f 9011/5179/2903 9012/5177/2903 9020/5173/2903 9019/5174/2903
f 9009/5177/2859 9010/5179/2859 9018/5174/2859 9017/5173/2859
f 9007/5172/2860 9008/5171/2860 9016/5178/2860 9015/5180/2860
f 9005/5171/2904 9006/5172/2904 9014/5180/2904 9013/5178/2904
f 9028/5181/2814 9022/5182/2814 9025/5181/2814
f 9015/5180/2905 9016/5178/2905 9024/5183/2905 9023/5184/2905
f 9013/5178/2906 9014/5180/2906 9021/5184/2906 9022/5183/2906
f 9020/5173/2907 9013/5178/2907 9022/5183/2907 9028/5176/2907
f 9018/5174/2908 9019/5174/2908 9027/5175/2908 9026/5175/2908
f 9016/5178/2909 9017/5173/2909 9025/5176/2909 9024/5183/2909
f 9014/5180/2910 9015/5180/2910 9023/5184/2910 9021/5184/2910
f 9019/5174/2911 9020/5173/2911 9028/5176/2911 9027/5175/2911
f 9031/5102/2912 9032/5101/2912 9029/5185/2912 9030/5186/2912
f 8897/5108/2913 8898/5107/2913 9030/5186/2913 9029/5185/2913
f 8900/5100/2914 8897/5108/2914 9029/5185/2914 9032/5101/2914
f 8898/5107/2915 8899/5099/2915 9031/5102/2915 9030/5186/2915
f 8853/5078/2916 8849/5071/2916 9033/5187/2916 9035/5188/2916
f 8851/5074/2917 8855/5076/2917 9036/5189/2917 9034/5190/2917
f 8849/5071/2918 8851/5074/2918 9034/5190/2918 9033/5187/2918
f 8855/5076/2919 8853/5078/2919 9035/5188/2919 9036/5189/2919
f 9036/5189/2920 9035/5188/2920 9039/5191/2920 9040/5192/2920
f 9033/5187/2921 9034/5190/2921 9038/5193/2921 9037/5194/2921
f 9035/5188/2922 9033/5187/2922 9037/5194/2922 9039/5191/2922
f 9034/5190/2923 9036/5189/2923 9040/5192/2923 9038/5193/2923
f 8943/5131/2813 8942/5131/2813 8944/5138/2813
f 8942/5131/2813 8941/5138/2924 8947/5132/2855
f 8941/5138/2924 8948/5133/2925 8947/5132/2855
f 8947/5132/2855 8946/5132/2901 8945/5133/2813
f 8945/5133/2813 8944/5138/2813 8942/5131/2813
f 8958/5141/2814 8957/5142/2814 8959/5142/2814
f 8959/5142/2814 8960/5141/2814 8958/5141/2814
f 8960/5141/2814 8961/5137/2814 8958/5141/2814
f 8961/5137/2814 8962/5136/2814 8964/5137/2814
f 8962/5136/2814 8963/5136/2814 8964/5137/2814
f 8967/5144/2813 8966/5144/2901 8965/5143/2813
f 8965/5143/2813 8972/5149/2813 8969/5149/2813
f 8972/5149/2813 8971/5152/2813 8969/5149/2813
f 8971/5152/2813 8970/5152/2926 8969/5149/2813
f 8969/5149/2813 8968/5143/2813 8965/5143/2813
f 8998/5165/2814 8997/5169/2814 9003/5170/2814
f 8997/5169/2814 8999/5169/2927 9000/5165/2814
f 9001/5164/2814 8997/5169/2814 9000/5165/2814
f 9001/5164/2814 9002/5170/2928 9003/5170/2814
f 9003/5170/2814 9004/5164/2814 8998/5165/2814
f 9007/5172/2901 9006/5172/2926 9005/5171/2813
f 9005/5171/2813 9012/5177/2813 9009/5177/2813
f 9012/5177/2813 9011/5179/2926 9009/5177/2813
f 9011/5179/2926 9010/5179/2901 9009/5177/2813
f 9009/5177/2813 9008/5171/2813 9005/5171/2813
f 9022/5182/2814 9021/5195/2814 9023/5195/2928
f 9023/5195/2928 9024/5182/2814 9022/5182/2814
f 9024/5182/2814 9025/5181/2814 9022/5182/2814
f 9025/5181/2814 9026/5196/2928 9027/5196/2927
f 9027/5196/2927 9028/5181/2814 9025/5181/2814
o tail_l
v 1.727783 0.234885 -8.216613
v 1.726564 0.165049 -8.592860
v 1.726728 0.174479 -9.418329
v 1.727140 0.198086 -10.465619
v 1.277570 0.242743 -7.695877
v 1.276352 0.172907 -7.946220
v 1.278550 0.298875 -7.946220
v 1.276516 0.182338 -8.495462
v 1.278223 0.280115 -8.495462
v 1.276928 0.205944 -9.192298
v 3.949150 0.175320 -10.872217
v 3.871808 0.146268 -10.957303
v 3.703356 0.153314 -11.143977
v 3.459362 0.167850 -11.373267
v 1.727783 0.234885 -8.216613
v 1.728763 0.291017 -8.592860
v 1.728435 0.272256 -9.418329
v 1.727140 0.198086 -10.465619
v 1.277570 0.242743 -7.695877
v 1.278550 0.298875 -7.946220
v 1.278223 0.280115 -8.495462
v 1.276928 0.205944 -9.192298
v 3.949150 0.175320 -10.872217
v 3.872764 0.201089 -10.957303
v 3.704099 0.195866 -11.143977
v 3.459362 0.167850 -11.373267
v 3.949150 0.175320 -10.872217
v 3.871808 0.146268 -10.957303
v 3.872764 0.201089 -10.957303
v 3.703356 0.153314 -11.143977
v 3.704099 0.195866 -11.143977
v 3.459362 0.167850 -11.373267
vn -0.0222 -0.9997 -0.0126
vn -0.0309 -0.9992 -0.0240
vn -0.9998 0.0174 -0.0000
vn -0.9998 0.0175 -0.0000
vn -0.0833 -0.9962 -0.0270
vn -0.0413 -0.9991 -0.0137
vn 0.2550 -0.9440 0.2094
vn 0.1848 -0.9669 0.1758
vn 0.1948 0.9707 0.1405
vn -0.1854 0.9792 -0.0830
vn -0.0301 0.9992 -0.0273
vn 0.2396 0.9555 0.1719
vn -0.0246 0.9969 -0.0750
vn 0.0144 0.9996 -0.0261
vn 0.7421 -0.0129 -0.6702
vn 0.7421 -0.0130 -0.6702
vn 0.6844 -0.0119 -0.7290
vt 0.480277 0.718410
vt 0.556593 0.651785
vt 0.563096 0.658992
vt 0.480271 0.750281
vt 0.480293 0.677975
vt 0.547172 0.642932
vt 0.462935 0.784913
vt 0.462973 0.775247
vt 0.462888 0.775247
vt 0.462960 0.754041
vt 0.462895 0.754041
vt 0.462911 0.727137
vt 0.480317 0.764807
vt 0.566082 0.662277
vt 0.480317 0.473843
vt 0.566082 0.576373
vt 0.563133 0.579658
vt 0.480355 0.488369
vt 0.480293 0.560675
vt 0.462910 0.511513
vt 0.462960 0.484609
vt 0.480343 0.520240
vt 0.462973 0.463403
vt 0.462935 0.453738
vt 0.556621 0.586865
vt 0.547172 0.595718
vt 0.712931 0.858294
vt 0.709945 0.855009
vt 0.709982 0.855009
vt 0.703441 0.847801
vt 0.703469 0.847801
vt 0.694020 0.838949
s 1
usemtl マテリアル
f 9043/5197/2929 9053/5198/2929 9052/5199/2929 9042/5200/2929
f 9044/5201/2930 9054/5202/2930 9053/5198/2930 9043/5197/2930
f 9045/5203/2931 9047/5204/2931 9046/5205/2931
f 9047/5204/2931 9049/5206/2932 9048/5207/2932 9046/5205/2931
f 9049/5206/2932 9050/5208/2932 9048/5207/2932
f 9043/5197/2933 9048/5207/2933 9050/5208/2933 9044/5201/2933
f 9042/5200/2934 9046/5205/2934 9048/5207/2934 9043/5197/2934
f 9041/5209/2935 9045/5203/2935 9046/5205/2935 9042/5200/2935
f 9042/5200/2936 9052/5199/2936 9051/5210/2936 9041/5209/2936
f 9055/5211/2937 9063/5212/2937 9064/5213/2937 9056/5214/2937
f 9058/5215/2938 9062/5216/2938 9061/5217/2938 9057/5218/2938
f 9057/5218/2939 9061/5217/2939 9060/5219/2939 9056/5214/2939
f 9056/5214/2940 9060/5219/2940 9059/5220/2940 9055/5211/2940
f 9057/5218/2941 9065/5221/2941 9066/5222/2941 9058/5215/2941
f 9056/5214/2942 9064/5213/2942 9065/5221/2942 9057/5218/2942
f 9067/5223/2943 9068/5224/2943 9069/5225/2943
f 9069/5225/2943 9068/5224/2943 9070/5226/2944 9071/5227/2944
f 9071/5227/2945 9070/5226/2945 9072/5228/2945
o tail_r
v -1.727783 0.234885 -8.216613
v -1.726564 0.165049 -8.592860
v -1.726728 0.174479 -9.418329
v -1.727140 0.198086 -10.465619
v -1.277570 0.242743 -7.695877
v -1.276352 0.172907 -7.946220
v -1.278550 0.298875 -7.946220
v -1.276516 0.182338 -8.495462
v -1.278223 0.280115 -8.495462
v -1.276928 0.205944 -9.192298
v -3.949150 0.175320 -10.872217
v -3.871808 0.146268 -10.957303
v -3.703356 0.153314 -11.143977
v -3.459362 0.167850 -11.373267
v -1.727783 0.234885 -8.216613
v -1.728763 0.291017 -8.592860
v -1.728435 0.272256 -9.418329
v -1.727140 0.198086 -10.465619
v -1.277570 0.242743 -7.695877
v -1.278550 0.298875 -7.946220
v -1.278223 0.280115 -8.495462
v -1.276928 0.205944 -9.192298
v -3.949150 0.175320 -10.872217
v -3.872764 0.201089 -10.957303
v -3.704099 0.195866 -11.143977
v -3.459362 0.167850 -11.373267
v -3.949150 0.175320 -10.872217
v -3.871808 0.146268 -10.957303
v -3.872764 0.201089 -10.957303
v -3.703356 0.153314 -11.143977
v -3.704099 0.195866 -11.143977
v -3.459362 0.167850 -11.373267
vn 0.0222 -0.9997 -0.0126
vn 0.0309 -0.9992 -0.0240
vn 0.9998 0.0174 -0.0000
vn 0.9998 0.0175 -0.0000
vn 0.0833 -0.9962 -0.0270
vn 0.0413 -0.9991 -0.0137
vn -0.2550 -0.9440 0.2094
vn -0.1848 -0.9669 0.1758
vn -0.1948 0.9707 0.1405
vn 0.1854 0.9792 -0.0830
vn 0.0301 0.9992 -0.0273
vn -0.2396 0.9555 0.1719
vn 0.0246 0.9969 -0.0750
vn -0.0144 0.9996 -0.0261
vn -0.7421 -0.0129 -0.6702
vn -0.7421 -0.0130 -0.6702
vn -0.6844 -0.0119 -0.7290
vt 0.415004 0.718410
vt 0.415011 0.750281
vt 0.332185 0.658992
vt 0.338689 0.651785
vt 0.414988 0.677975
vt 0.348109 0.642932
vt 0.432346 0.784913
vt 0.432393 0.775247
vt 0.432308 0.775247
vt 0.432386 0.754041
vt 0.432321 0.754041
vt 0.432371 0.727137
vt 0.414964 0.764807
vt 0.329199 0.662277
vt 0.414964 0.473843
vt 0.414926 0.488369
vt 0.332148 0.579658
vt 0.329199 0.576373
vt 0.414988 0.560675
vt 0.414938 0.520240
vt 0.432321 0.484609
vt 0.432371 0.511513
vt 0.432308 0.463403
vt 0.432346 0.453738
vt 0.348109 0.595718
vt 0.338660 0.586865
vt 0.407985 0.858294
vt 0.410934 0.855009
vt 0.410971 0.855009
vt 0.417446 0.847801
vt 0.417475 0.847801
vt 0.426895 0.838949
s 1
usemtl マテリアル
f 9075/5229/2946 9074/5230/2946 9084/5231/2946 9085/5232/2946
f 9076/5233/2947 9075/5229/2947 9085/5232/2947 9086/5234/2947
f 9077/5235/2948 9078/5236/2948 9079/5237/2948
f 9079/5237/2948 9078/5236/2948 9080/5238/2949 9081/5239/2949
f 9081/5239/2949 9080/5238/2949 9082/5240/2949
f 9075/5229/2950 9076/5233/2950 9082/5240/2950 9080/5238/2950
f 9074/5230/2951 9075/5229/2951 9080/5238/2951 9078/5236/2951
f 9073/5241/2952 9074/5230/2952 9078/5236/2952 9077/5235/2952
f 9074/5230/2953 9073/5241/2953 9083/5242/2953 9084/5231/2953
f 9087/5243/2954 9088/5244/2954 9096/5245/2954 9095/5246/2954
f 9090/5247/2955 9089/5248/2955 9093/5249/2955 9094/5250/2955
f 9089/5248/2956 9088/5244/2956 9092/5251/2956 9093/5249/2956
f 9088/5244/2957 9087/5243/2957 9091/5252/2957 9092/5251/2957
f 9089/5248/2958 9090/5247/2958 9098/5253/2958 9097/5254/2958
f 9088/5244/2959 9089/5248/2959 9097/5254/2959 9096/5245/2959
f 9099/5255/2960 9101/5256/2960 9100/5257/2960
f 9101/5256/2960 9103/5258/2961 9102/5259/2961 9100/5257/2960
f 9103/5258/2962 9104/5260/2962 9102/5259/2962
o throttle
v 0.258520 0.765516 1.962522
v 0.312191 0.765516 1.962522
v 0.258520 0.765516 1.924577
v 0.312191 0.765516 1.924577
v 0.258520 0.801630 1.962522
v 0.312191 0.801630 1.962522
v 0.258520 0.801630 1.924577
v 0.312191 0.801630 1.924577
v 0.318580 0.772918 1.953794
v 0.318580 0.772918 1.933303
v 0.252132 0.772918 1.953794
v 0.252132 0.772918 1.933303
v 0.318580 0.794228 1.953794
v 0.318580 0.794228 1.933303
v 0.252132 0.794228 1.953794
v 0.252132 0.794228 1.933303
v 0.276122 0.716951 1.953134
v 0.294590 0.716951 1.953134
v 0.276122 0.716951 1.933964
v 0.294590 0.716951 1.933964
v 0.276122 0.765516 1.953134
v 0.294590 0.765516 1.953134
v 0.276122 0.765516 1.933964
v 0.294590 0.765516 1.933964
vn -0.0000 -1.0000 -0.0000
vn -0.0000 1.0000 -0.0000
vn 0.8069 -0.0000 -0.5908
vn -0.0000 -0.0000 1.0000
vn -0.8069 -0.0000 -0.5907
vn -0.0000 -0.0000 -1.0000
vn 1.0000 -0.0000 -0.0000
vn -1.0000 -0.0000 -0.0000
vn -0.7571 0.6533 -0.0000
vn -0.7571 -0.6533 -0.0000
vn -0.8070 -0.0000 0.5906
vn 0.8069 -0.0000 0.5907
vn 0.7570 0.6534 -0.0000
vn 0.7570 -0.6534 -0.0000
vt 0.057141 0.992943
vt 0.057063 0.992943
vt 0.057063 0.992998
vt 0.057141 0.992998
vt 0.057150 0.992986
vt 0.057054 0.992986
vt 0.057150 0.992956
vt 0.057054 0.992956
vt 0.057115 0.992957
vt 0.057089 0.992957
vt 0.057089 0.992985
vt 0.057115 0.992985
s 1
usemtl マテリアル
f 9106/5261/2963 9105/5262/2963 9107/5263/2963 9108/5264/2963
f 9110/5261/2964 9112/5264/2964 9111/5263/2964 9109/5262/2964
f 9112/5264/2965 9118/5265/2965 9114/5265/2965 9108/5264/2965
f 9106/5261/2966 9110/5261/2966 9109/5262/2966 9105/5262/2966
f 9107/5263/2967 9116/5266/2967 9120/5266/2967 9111/5263/2967
f 9107/5263/2968 9111/5263/2968 9112/5264/2968 9108/5264/2968
f 9114/5265/2969 9118/5265/2969 9117/5267/2969 9113/5267/2969
f 9115/5268/2970 9119/5268/2970 9120/5266/2970 9116/5266/2970
f 9111/5263/2971 9120/5266/2971 9119/5268/2971 9109/5262/2971
f 9105/5262/2972 9115/5268/2972 9116/5266/2972 9107/5263/2972
f 9109/5262/2973 9119/5268/2973 9115/5268/2973 9105/5262/2973
f 9106/5261/2974 9113/5267/2974 9117/5267/2974 9110/5261/2974
f 9110/5261/2975 9117/5267/2975 9118/5265/2975 9112/5264/2975
f 9108/5264/2976 9114/5265/2976 9113/5267/2976 9106/5261/2976
f 9122/5269/2963 9121/5270/2963 9123/5271/2963 9124/5272/2963
f 9124/5272/2969 9128/5272/2969 9126/5269/2969 9122/5269/2969
f 9122/5269/2966 9126/5269/2966 9125/5270/2966 9121/5270/2966
f 9121/5270/2970 9125/5270/2970 9127/5271/2970 9123/5271/2970
f 9123/5271/2968 9127/5271/2968 9128/5272/2968 9124/5272/2968
o translucent
v 0.000000 1.006840 2.975674
v 0.073997 1.006840 2.975674
v 0.036262 1.249940 2.406776
v 0.000000 1.249940 2.406776
v 0.111297 1.209656 2.501748
v 0.121473 1.134810 2.676643
v 0.082683 1.232342 2.449174
v 0.091629 1.042219 2.893813
v -0.073997 1.006840 2.975674
v -0.036262 1.249940 2.406776
v -0.111297 1.209656 2.501748
v -0.121473 1.134810 2.676643
v -0.082683 1.232342 2.449174
v -0.091629 1.042219 2.893813
v 0.236076 0.990478 2.726817
v 0.063633 1.273724 2.341402
v 0.168134 1.137807 2.669641
v 0.155732 1.219865 2.477892
v 0.341797 1.036153 2.256619
v 0.323260 1.115343 2.284880
v 0.240970 1.226587 2.324580
v 0.161841 1.262875 2.337530
v 0.118587 1.249338 2.404559
v 0.180571 0.980036 2.931310
v 0.146807 1.025427 2.931612
v -0.236076 0.990478 2.726817
v -0.063633 1.273724 2.341402
v -0.168134 1.137807 2.669641
v -0.155732 1.219865 2.477892
v -0.341797 1.036153 2.256619
v -0.323260 1.115343 2.284880
v -0.240970 1.226587 2.324580
v -0.161841 1.262875 2.337530
v -0.118587 1.249338 2.404559
v -0.180571 0.980036 2.931310
v -0.146807 1.025427 2.931612
vn -0.0000 0.9236 0.3834
vn -0.0036 0.9201 0.3917
vn -0.0000 0.9179 0.3967
vn -0.0013 0.9184 0.3956
vn -0.0043 0.9197 0.3926
vn -0.0088 0.9168 0.3993
vn -0.0083 0.9170 0.3989
vn -0.0107 0.9160 0.4011
vn 0.0036 0.9201 0.3917
vn 0.0013 0.9184 0.3956
vn 0.0043 0.9197 0.3926
vn 0.0083 0.9170 0.3989
vn 0.0088 0.9168 0.3993
vn 0.0107 0.9160 0.4011
vn 0.8150 0.4960 0.2996
vn 0.8153 0.4953 0.2998
vn 0.8162 0.4937 0.3002
vn 0.1162 0.9563 0.2681
vn 0.9625 0.1431 0.2303
vn 0.7795 0.5782 0.2411
vn 0.8271 0.4890 0.2771
vn 0.1634 0.9413 0.2955
vn 0.8165 0.4931 0.3004
vn 0.4998 0.8075 0.3133
vn 0.4377 0.8542 0.2808
vn -0.8150 0.4960 0.2996
vn -0.1162 0.9563 0.2681
vn -0.9625 0.1431 0.2303
vn -0.7795 0.5782 0.2411
vn -0.8271 0.4890 0.2771
vn -0.1634 0.9413 0.2955
vn -0.8165 0.4931 0.3004
vn -0.4998 0.8075 0.3133
vn -0.4377 0.8542 0.2808
vt 0.006582 0.974360
vt 0.006403 0.974524
vt 0.006263 0.974524
vt 0.006263 0.972327
vt 0.006548 0.972327
vt 0.006617 0.972643
vt 0.006732 0.973482
vt 0.006692 0.974157
vt 0.007306 0.974380
vt 0.007025 0.973048
vt 0.007624 0.974534
vt 0.006834 0.974072
vt 0.007001 0.974330
vt 0.006621 0.974315
vt 0.007287 0.972827
vt 0.007695 0.974643
vt 0.006943 0.972037
vt 0.007073 0.972038
vt 0.006977 0.973788
s 1
usemtl マテリアル
f 9135/5273/2977 9131/5274/2977 9132/5275/2977
f 9129/5276/2978 9130/5277/2979 9136/5278/2980
f 9136/5278/2980 9134/5279/2981 9129/5276/2978
f 9134/5279/2981 9133/5280/2982 9132/5275/2983
f 9129/5276/2978 9134/5279/2981 9132/5275/2983
f 9133/5280/2982 9135/5273/2984 9132/5275/2983
f 9141/5273/2977 9132/5275/2977 9138/5274/2977
f 9129/5276/2985 9142/5278/2986 9137/5277/2979
f 9142/5278/2986 9129/5276/2985 9140/5279/2987
f 9140/5279/2987 9132/5275/2988 9139/5280/2989
f 9129/5276/2985 9132/5275/2988 9140/5279/2987
f 9139/5280/2989 9132/5275/2988 9141/5273/2990
f 9149/5281/2991 9145/5282/2992 9148/5283/2993
f 9151/5284/2994 9150/5285/2994 9144/5286/2994
f 9148/5283/2995 9143/5287/2995 9147/5288/2995
f 9143/5287/2996 9153/5289/2996 9152/5290/2996
f 9143/5287/2997 9145/5282/2997 9153/5289/2997
f 9150/5285/2998 9151/5284/2998 9146/5291/2998
f 9148/5283/2993 9145/5282/2992 9143/5287/2999
f 9149/5281/3000 9146/5291/3000 9145/5282/3000
f 9149/5281/3001 9150/5285/3001 9146/5291/3001
f 9160/5281/3002 9159/5283/3002 9156/5282/3002
f 9162/5284/3003 9155/5286/3003 9161/5285/3003
f 9159/5283/3004 9158/5288/3004 9154/5287/3004
f 9154/5287/3005 9163/5290/3005 9164/5289/3005
f 9154/5287/3006 9164/5289/3006 9156/5282/3006
f 9161/5285/3007 9157/5291/3007 9162/5284/3007
f 9159/5283/3008 9154/5287/3008 9156/5282/3008
f 9160/5281/3009 9156/5282/3009 9157/5291/3009
f 9160/5281/3010 9157/5291/3010 9161/5285/3010
o translucent_canopy
v 0.051745 1.296610 2.269297
v 0.327993 1.127832 2.205744
v 0.242900 1.246925 2.250626
v 0.162370 1.284487 2.264741
v 0.339804 1.082444 2.189118
v 0.331509 1.131400 1.592140
v 0.051745 1.403600 1.592140
v 0.161649 1.386606 1.592140
v 0.251052 1.329775 1.592140
v 0.326461 1.194361 1.592140
v 0.051745 1.360255 2.043578
v 0.051745 1.395919 1.817859
v 0.161649 1.378925 1.817859
v 0.251052 1.332438 1.817859
v 0.161649 1.343262 2.043578
v 0.251052 1.296775 2.043578
v 0.326461 1.195302 1.817859
v 0.326461 1.166533 2.043578
v -0.051745 1.296610 2.269297
v -0.327993 1.127832 2.205744
v -0.242900 1.246925 2.250626
v -0.162370 1.284487 2.264741
v -0.339804 1.082444 2.189118
v -0.331509 1.131400 1.592140
v -0.051745 1.403600 1.592140
v -0.161649 1.386606 1.592140
v -0.251052 1.329775 1.592140
v -0.326461 1.194361 1.592140
v -0.051745 1.360255 2.043578
v -0.051745 1.395919 1.817859
v -0.161649 1.378925 1.817859
v -0.251052 1.332438 1.817859
v -0.161649 1.343262 2.043578
v -0.251052 1.296775 2.043578
v -0.326461 1.195302 1.817859
v -0.326461 1.166533 2.043578
vn 0.5003 0.8658 0.0096
vn 0.1527 0.9877 0.0336
vn 0.1510 0.9764 0.1543
vn 0.4569 0.8786 0.1388
vn 0.1316 0.9561 0.2617
vn 0.4468 0.8653 0.2272
vn 0.8439 0.5181 0.1394
vn 0.8689 0.4901 0.0699
vn 0.8750 0.4842 -0.0039
vn 0.9879 0.1550 -0.0010
vn 0.9708 0.2354 0.0470
vn 0.9985 0.0544 0.0069
vn 0.9968 0.0799 -0.0003
vn -0.5003 0.8658 0.0096
vn -0.1527 0.9877 0.0336
vn -0.1510 0.9764 0.1543
vn -0.4569 0.8786 0.1388
vn -0.1316 0.9561 0.2617
vn -0.4468 0.8653 0.2272
vn -0.8439 0.5181 0.1394
vn -0.8689 0.4901 0.0699
vn -0.8750 0.4842 -0.0039
vn -0.9879 0.1550 -0.0010
vn -0.9708 0.2354 0.0470
vn -0.9985 0.0544 0.0069
vn -0.9968 0.0799 -0.0003
vt 0.007000 0.977208
vt 0.007000 0.976337
vt 0.007345 0.976337
vt 0.007345 0.977208
vt 0.006576 0.977208
vt 0.006576 0.976337
vt 0.006576 0.975465
vt 0.007000 0.975465
vt 0.007345 0.975465
vt 0.006576 0.974594
vt 0.007003 0.974611
vt 0.007314 0.974666
vt 0.007642 0.974839
vt 0.007636 0.975465
vt 0.007636 0.976337
vt 0.007636 0.977208
vt 0.007656 0.977208
vt 0.007688 0.974903
s 1
usemtl マテリアル
f 9172/5292/3011 9177/5293/3011 9178/5294/3011 9173/5295/3011
f 9171/5296/3012 9176/5297/3012 9177/5293/3012 9172/5292/3012
f 9176/5297/3013 9175/5298/3013 9179/5299/3013 9177/5293/3013
f 9177/5293/3014 9179/5299/3014 9180/5300/3014 9178/5294/3014
f 9175/5298/3015 9165/5301/3015 9168/5302/3015 9179/5299/3015
f 9179/5299/3016 9168/5302/3016 9167/5303/3016 9180/5300/3016
f 9167/5303/3017 9166/5304/3017 9182/5305/3017 9180/5300/3017
f 9180/5300/3018 9182/5305/3018 9181/5306/3018 9178/5294/3018
f 9178/5294/3019 9181/5306/3019 9174/5307/3019 9173/5295/3019
f 9170/5308/3020 9182/5305/3020 9169/5309/3020
f 9169/5309/3021 9182/5305/3021 9166/5304/3021
f 9182/5305/3022 9170/5308/3022 9181/5306/3022
f 9181/5306/3023 9170/5308/3023 9174/5307/3023
f 9190/5292/3024 9191/5295/3024 9196/5294/3024 9195/5293/3024
f 9189/5296/3025 9190/5292/3025 9195/5293/3025 9194/5297/3025
f 9194/5297/3026 9195/5293/3026 9197/5299/3026 9193/5298/3026
f 9195/5293/3027 9196/5294/3027 9198/5300/3027 9197/5299/3027
f 9193/5298/3028 9197/5299/3028 9186/5302/3028 9183/5301/3028
f 9197/5299/3029 9198/5300/3029 9185/5303/3029 9186/5302/3029
f 9185/5303/3030 9198/5300/3030 9200/5305/3030 9184/5304/3030
f 9198/5300/3031 9196/5294/3031 9199/5306/3031 9200/5305/3031
f 9196/5294/3032 9191/5295/3032 9192/5307/3032 9199/5306/3032
f 9188/5308/3033 9187/5309/3033 9200/5305/3033
f 9187/5309/3034 9184/5304/3034 9200/5305/3034
f 9200/5305/3035 9199/5306/3035 9188/5308/3035
f 9199/5306/3036 9192/5307/3036 9188/5308/3036
o e
v -0.136253 1.044150 2.202463
v -0.136253 0.994405 2.202463
v -0.185998 0.994405 2.202463
v -0.185998 1.044150 2.202463
v 0.172159 1.022534 2.215766
v 0.172159 0.957340 2.215766
v 0.106965 0.957340 2.215766
v 0.106965 1.022534 2.215766
v -0.008182 1.047070 2.215766
v -0.008182 0.981876 2.215766
v -0.073376 0.981876 2.215766
v -0.073376 1.047070 2.215766
v 0.086272 1.049709 2.215766
v 0.086272 0.967851 2.215766
v 0.004414 0.967851 2.215766
v 0.004414 1.049709 2.215766
v -0.022858 1.105184 2.215766
v -0.022858 1.055439 2.215766
v -0.072604 1.055439 2.215766
v -0.072604 1.105184 2.215766
v 0.066259 0.741199 2.215766
v 0.066259 0.688428 2.215766
v 0.013489 0.688428 2.215766
v 0.013489 0.741199 2.215766
v -0.012583 0.947910 2.215766
v -0.012583 0.827234 2.215766
v -0.133260 0.827234 2.215766
v -0.133260 0.947910 2.215766
v 0.170686 0.871391 2.215766
v 0.170686 0.806197 2.215766
v 0.105492 0.806197 2.215766
v 0.105492 0.871391 2.215766
v -0.042038 0.725730 2.215766
v -0.042038 0.689994 2.215766
v -0.077774 0.689994 2.215766
v -0.077774 0.725730 2.215766
v 0.170686 0.940583 2.215766
v 0.170686 0.875389 2.215766
v 0.105492 0.875389 2.215766
v 0.105493 0.940583 2.215766
v -0.189168 0.935479 2.215766
v -0.189168 0.870285 2.215766
v -0.254361 0.870285 2.215766
v -0.254362 0.935479 2.215766
v -0.189756 0.788753 2.215766
v -0.189757 0.723559 2.215766
v -0.254950 0.723559 2.215766
v -0.254950 0.788753 2.215766
v 0.247395 0.848818 2.215766
v 0.247395 0.783624 2.215766
v 0.182201 0.783624 2.215766
v 0.182201 0.848818 2.215766
v 0.247395 0.921935 2.215766
v 0.247395 0.856741 2.215766
v 0.182201 0.856741 2.215766
v 0.182201 0.921935 2.215766
v 0.097867 0.943531 2.215766
v 0.097867 0.846334 2.215766
v 0.000670 0.846334 2.215766
v 0.000670 0.943531 2.215766
v -0.004007 0.725730 2.215766
v -0.004007 0.689994 2.215766
v -0.039743 0.689994 2.215766
v -0.039743 0.725730 2.215766
v -0.190345 0.860006 2.215766
v -0.190345 0.794812 2.215766
v -0.255539 0.794812 2.215766
v -0.255539 0.860006 2.215766
v 0.083898 0.673043 2.215766
v 0.083898 0.620272 2.215766
v 0.031127 0.620272 2.215766
v 0.031128 0.673043 2.215766
v 0.025772 0.673043 2.215766
v 0.025772 0.620272 2.215766
v -0.026998 0.620272 2.215766
v -0.026998 0.673043 2.215766
v -0.032354 0.673043 2.215766
v -0.032354 0.620272 2.215766
v -0.085124 0.620272 2.215766
v -0.085124 0.673043 2.215766
v -0.073376 0.981876 2.224098
v -0.008182 0.981876 2.224099
v -0.008182 1.047070 2.224099
v -0.073376 1.047070 2.224099
v 0.004414 0.967851 2.224099
v 0.086272 0.967851 2.224099
v 0.086272 1.049709 2.224099
v 0.004414 1.049709 2.224099
v 0.172159 1.022534 2.224099
v 0.172159 0.957340 2.224099
v 0.106965 0.957340 2.224099
v 0.106965 1.022534 2.224099
v -0.022858 1.105184 2.224099
v -0.022858 1.055439 2.224099
v -0.072604 1.055439 2.224099
v -0.072604 1.105184 2.224099
v -0.136253 0.994405 2.210796
v -0.136253 1.044150 2.210796
v -0.185998 1.044150 2.210796
v -0.185998 0.994405 2.210796
v -0.254361 0.870285 2.224098
v -0.254362 0.935479 2.224098
v -0.189168 0.935479 2.224098
v -0.189168 0.870285 2.224098
v -0.190345 0.860006 2.224098
v -0.255539 0.860006 2.224098
v -0.255539 0.794812 2.224098
v -0.190345 0.794812 2.224098
v -0.254950 0.723559 2.224098
v -0.254950 0.788753 2.224098
v -0.189756 0.788753 2.224098
v -0.189757 0.723559 2.224098
v -0.012583 0.827234 2.224098
v -0.133260 0.827234 2.224098
v -0.133260 0.947910 2.224098
v -0.012583 0.947910 2.224098
v 0.000670 0.846334 2.224098
v 0.097867 0.846334 2.224098
v 0.097867 0.943531 2.224099
v 0.000670 0.943531 2.224098
v 0.105492 0.875389 2.224098
v 0.170686 0.875389 2.224099
v 0.170686 0.940583 2.224099
v 0.105493 0.940583 2.224099
v 0.170686 0.806197 2.224098
v 0.170686 0.871391 2.224099
v 0.105492 0.871391 2.224098
v 0.105492 0.806197 2.224098
v -0.042038 0.725730 2.224098
v -0.077774 0.725730 2.224098
v -0.077774 0.689994 2.224098
v -0.042038 0.689994 2.224098
v -0.039743 0.725730 2.224098
v -0.004007 0.725730 2.224098
v -0.004007 0.689994 2.224098
v -0.039743 0.689994 2.224098
v 0.066259 0.688428 2.224098
v 0.013489 0.688428 2.224098
v 0.013489 0.741199 2.224098
v 0.066259 0.741199 2.224098
v 0.247395 0.783624 2.224098
v 0.247395 0.848818 2.224099
v 0.182201 0.848818 2.224098
v 0.182201 0.783624 2.224098
v 0.247395 0.856741 2.224099
v 0.182201 0.856741 2.224099
v 0.182201 0.921935 2.224099
v 0.247395 0.921935 2.224099
v 0.083898 0.620272 2.224098
v 0.031127 0.620272 2.224098
v 0.031128 0.673043 2.224098
v 0.083898 0.673043 2.224098
v 0.025772 0.620272 2.224098
v -0.026998 0.620272 2.224098
v -0.026998 0.673043 2.224098
v 0.025772 0.673043 2.224098
v -0.032354 0.620272 2.224098
v -0.085124 0.620272 2.224098
v -0.085124 0.673043 2.224098
v -0.032354 0.673043 2.224098
vn -0.0000 -0.0000 -1.0000
vn -0.0000 -0.0000 1.0000
vn -1.0000 -0.0000 -0.0000
vn -0.0000 -1.0000 -0.0000
vn 1.0000 -0.0000 -0.0000
vn -0.0000 1.0000 -0.0000
vt 0.125698 0.976880
s 0
usemtl マテリアル
f 9211/5310/3037 9212/5310/3037 9209/5310/3037 9210/5310/3037
f 9215/5310/3037 9216/5310/3037 9213/5310/3037 9214/5310/3037
f 9205/5310/3037 9206/5310/3037 9207/5310/3037 9208/5310/3037
f 9217/5310/3037 9218/5310/3037 9219/5310/3037 9220/5310/3037
f 9202/5310/3037 9203/5310/3037 9204/5310/3037 9201/5310/3037
f 9243/5310/3037 9244/5310/3037 9241/5310/3037 9242/5310/3037
f 9265/5310/3037 9266/5310/3037 9267/5310/3037 9268/5310/3037
f 9247/5310/3037 9248/5310/3037 9245/5310/3037 9246/5310/3037
f 9226/5310/3037 9227/5310/3037 9228/5310/3037 9225/5310/3037
f 9259/5310/3037 9260/5310/3037 9257/5310/3037 9258/5310/3037
f 9239/5310/3037 9240/5310/3037 9237/5310/3037 9238/5310/3037
f 9230/5310/3037 9231/5310/3037 9232/5310/3037 9229/5310/3037
f 9233/5310/3037 9234/5310/3037 9235/5310/3037 9236/5310/3037
f 9264/5310/3037 9261/5310/3037 9262/5310/3037 9263/5310/3037
f 9222/5310/3037 9223/5310/3037 9224/5310/3037 9221/5310/3037
f 9250/5310/3037 9251/5310/3037 9252/5310/3037 9249/5310/3037
f 9254/5310/3037 9255/5310/3037 9256/5310/3037 9253/5310/3037
f 9270/5310/3037 9271/5310/3037 9272/5310/3037 9269/5310/3037
f 9274/5310/3037 9275/5310/3037 9276/5310/3037 9273/5310/3037
f 9278/5310/3037 9279/5310/3037 9280/5310/3037 9277/5310/3037
f 9281/5310/3038 9282/5310/3038 9283/5310/3038 9284/5310/3038
f 9285/5310/3038 9286/5310/3038 9287/5310/3038 9288/5310/3038
f 9289/5310/3038 9292/5310/3038 9291/5310/3038 9290/5310/3038
f 9293/5310/3038 9296/5310/3038 9295/5310/3038 9294/5310/3038
f 9297/5310/3038 9298/5310/3038 9299/5310/3038 9300/5310/3038
f 9301/5310/3038 9304/5310/3038 9303/5310/3038 9302/5310/3038
f 9305/5310/3038 9306/5310/3038 9307/5310/3038 9308/5310/3038
f 9309/5310/3038 9312/5310/3038 9311/5310/3038 9310/5310/3038
f 9313/5310/3038 9316/5310/3038 9315/5310/3038 9314/5310/3038
f 9317/5310/3038 9318/5310/3038 9319/5310/3038 9320/5310/3038
f 9321/5310/3038 9322/5310/3038 9323/5310/3038 9324/5310/3038
f 9325/5310/3038 9326/5310/3038 9327/5310/3038 9328/5310/3038
f 9329/5310/3038 9330/5310/3038 9331/5310/3038 9332/5310/3038
f 9333/5310/3038 9336/5310/3038 9335/5310/3038 9334/5310/3038
f 9337/5310/3038 9340/5310/3038 9339/5310/3038 9338/5310/3038
f 9341/5310/3038 9342/5310/3038 9343/5310/3038 9344/5310/3038
f 9345/5310/3038 9348/5310/3038 9347/5310/3038 9346/5310/3038
f 9349/5310/3038 9352/5310/3038 9351/5310/3038 9350/5310/3038
f 9353/5310/3038 9356/5310/3038 9355/5310/3038 9354/5310/3038
f 9357/5310/3038 9360/5310/3038 9359/5310/3038 9358/5310/3038
f 9212/5310/3039 9211/5310/3039 9281/5310/3039 9284/5310/3039
f 9222/5310/3040 9337/5310/3040 9338/5310/3040 9223/5310/3040
f 9245/5310/3041 9311/5310/3041 9312/5310/3041 9246/5310/3041
f 9215/5310/3040 9214/5310/3040 9286/5310/3040 9285/5310/3040
f 9223/5310/3039 9338/5310/3039 9339/5310/3039 9224/5310/3039
f 9246/5310/3040 9312/5310/3040 9309/5310/3040 9247/5310/3040
f 9214/5310/3041 9213/5310/3041 9287/5310/3041 9286/5310/3041
f 9224/5310/3042 9339/5310/3042 9340/5310/3042 9221/5310/3042
f 9226/5310/3040 9313/5310/3040 9314/5310/3040 9227/5310/3040
f 9213/5310/3042 9216/5310/3042 9288/5310/3042 9287/5310/3042
f 9221/5310/3041 9340/5310/3041 9337/5310/3041 9222/5310/3041
f 9227/5310/3039 9314/5310/3039 9315/5310/3039 9228/5310/3039
f 9216/5310/3039 9215/5310/3039 9285/5310/3039 9288/5310/3039
f 9250/5310/3041 9249/5310/3041 9342/5310/3041 9341/5310/3041
f 9228/5310/3042 9315/5310/3042 9316/5310/3042 9225/5310/3042
f 9205/5310/3041 9289/5310/3041 9290/5310/3041 9206/5310/3041
f 9249/5310/3042 9252/5310/3042 9343/5310/3042 9342/5310/3042
f 9225/5310/3041 9316/5310/3041 9313/5310/3041 9226/5310/3041
f 9206/5310/3040 9290/5310/3040 9291/5310/3040 9207/5310/3040
f 9252/5310/3039 9251/5310/3039 9344/5310/3039 9343/5310/3039
f 9259/5310/3040 9258/5310/3040 9318/5310/3040 9317/5310/3040
f 9207/5310/3039 9291/5310/3039 9292/5310/3039 9208/5310/3039
f 9251/5310/3040 9250/5310/3040 9341/5310/3040 9344/5310/3040
f 9258/5310/3041 9257/5310/3041 9319/5310/3041 9318/5310/3041
f 9208/5310/3042 9292/5310/3042 9289/5310/3042 9205/5310/3042
f 9254/5310/3040 9345/5310/3040 9346/5310/3040 9255/5310/3040
f 9257/5310/3042 9260/5310/3042 9320/5310/3042 9319/5310/3042
f 9217/5310/3041 9293/5310/3041 9294/5310/3041 9218/5310/3041
f 9255/5310/3039 9346/5310/3039 9347/5310/3039 9256/5310/3039
f 9260/5310/3039 9259/5310/3039 9317/5310/3039 9320/5310/3039
f 9218/5310/3040 9294/5310/3040 9295/5310/3040 9219/5310/3040
f 9256/5310/3042 9347/5310/3042 9348/5310/3042 9253/5310/3042
f 9239/5310/3040 9238/5310/3040 9322/5310/3040 9321/5310/3040
f 9219/5310/3039 9295/5310/3039 9296/5310/3039 9220/5310/3039
f 9253/5310/3041 9348/5310/3041 9345/5310/3041 9254/5310/3041
f 9238/5310/3041 9237/5310/3041 9323/5310/3041 9322/5310/3041
f 9220/5310/3042 9296/5310/3042 9293/5310/3042 9217/5310/3042
f 9270/5310/3040 9349/5310/3040 9350/5310/3040 9271/5310/3040
f 9237/5310/3042 9240/5310/3042 9324/5310/3042 9323/5310/3042
f 9202/5310/3041 9201/5310/3041 9298/5310/3041 9297/5310/3041
f 9271/5310/3039 9350/5310/3039 9351/5310/3039 9272/5310/3039
f 9240/5310/3039 9239/5310/3039 9321/5310/3039 9324/5310/3039
f 9201/5310/3042 9204/5310/3042 9299/5310/3042 9298/5310/3042
f 9272/5310/3042 9351/5310/3042 9352/5310/3042 9269/5310/3042
f 9230/5310/3041 9229/5310/3041 9326/5310/3041 9325/5310/3041
f 9204/5310/3039 9203/5310/3039 9300/5310/3039 9299/5310/3039
f 9269/5310/3041 9352/5310/3041 9349/5310/3041 9270/5310/3041
f 9229/5310/3042 9232/5310/3042 9327/5310/3042 9326/5310/3042
f 9203/5310/3040 9202/5310/3040 9297/5310/3040 9300/5310/3040
f 9274/5310/3040 9353/5310/3040 9354/5310/3040 9275/5310/3040
f 9232/5310/3039 9231/5310/3039 9328/5310/3039 9327/5310/3039
f 9243/5310/3039 9301/5310/3039 9302/5310/3039 9244/5310/3039
f 9275/5310/3039 9354/5310/3039 9355/5310/3039 9276/5310/3039
f 9231/5310/3040 9230/5310/3040 9325/5310/3040 9328/5310/3040
f 9244/5310/3042 9302/5310/3042 9303/5310/3042 9241/5310/3042
f 9276/5310/3042 9355/5310/3042 9356/5310/3042 9273/5310/3042
f 9233/5310/3042 9236/5310/3042 9330/5310/3042 9329/5310/3042
f 9241/5310/3041 9303/5310/3041 9304/5310/3041 9242/5310/3041
f 9273/5310/3041 9356/5310/3041 9353/5310/3041 9274/5310/3041
f 9236/5310/3039 9235/5310/3039 9331/5310/3039 9330/5310/3039
f 9242/5310/3040 9304/5310/3040 9301/5310/3040 9243/5310/3040
f 9278/5310/3040 9357/5310/3040 9358/5310/3040 9279/5310/3040
f 9235/5310/3040 9234/5310/3040 9332/5310/3040 9331/5310/3040
f 9265/5310/3042 9268/5310/3042 9306/5310/3042 9305/5310/3042
f 9279/5310/3039 9358/5310/3039 9359/5310/3039 9280/5310/3039
f 9234/5310/3041 9233/5310/3041 9329/5310/3041 9332/5310/3041
f 9268/5310/3039 9267/5310/3039 9307/5310/3039 9306/5310/3039
f 9280/5310/3042 9359/5310/3042 9360/5310/3042 9277/5310/3042
f 9264/5310/3042 9333/5310/3042 9334/5310/3042 9261/5310/3042
f 9267/5310/3040 9266/5310/3040 9308/5310/3040 9307/5310/3040
f 9211/5310/3040 9210/5310/3040 9282/5310/3040 9281/5310/3040
f 9277/5310/3041 9360/5310/3041 9357/5310/3041 9278/5310/3041
f 9261/5310/3041 9334/5310/3041 9335/5310/3041 9262/5310/3041
f 9266/5310/3041 9265/5310/3041 9305/5310/3041 9308/5310/3041
f 9210/5310/3041 9209/5310/3041 9283/5310/3041 9282/5310/3041
f 9262/5310/3040 9335/5310/3040 9336/5310/3040 9263/5310/3040
f 9247/5310/3039 9309/5310/3039 9310/5310/3039 9248/5310/3039
f 9209/5310/3042 9212/5310/3042 9284/5310/3042 9283/5310/3042
f 9263/5310/3039 9336/5310/3039 9333/5310/3039 9264/5310/3039
f 9248/5310/3042 9310/5310/3042 9311/5310/3042 9245/5310/3042
o translucentflame_l
v 0.575963 1.040189 -9.816692
v 1.260355 0.691474 -9.816692
v 1.286938 0.523636 -9.816692
v 1.260355 0.355797 -9.816692
v 1.183208 0.204388 -9.816692
v 1.063050 0.084228 -9.816692
v 0.743802 1.066772 -9.816692
v 0.911640 1.040189 -9.816692
v 1.063050 0.963043 -9.816692
v 1.183208 0.842884 -9.816692
v 0.911640 0.007082 -9.816692
v 0.743802 -0.019501 -9.816692
v 0.575963 0.007082 -9.816692
v 0.424554 0.084228 -9.816692
v 0.304395 0.204388 -9.816692
v 0.227248 0.355797 -9.816692
v 0.200665 0.523636 -9.816692
v 0.227248 0.691474 -9.816692
v 0.304395 0.842884 -9.816692
v 0.424554 0.963043 -9.816692
v 0.651686 0.807139 -14.373012
v 1.027305 0.615752 -14.373012
v 1.041895 0.523636 -14.373012
v 1.027305 0.431520 -14.373012
v 0.984964 0.348421 -14.373012
v 0.919017 0.282473 -14.373012
v 0.743802 0.821729 -14.373012
v 0.835917 0.807139 -14.373012
v 0.919017 0.764799 -14.373012
v 0.984964 0.698851 -14.373012
v 0.835917 0.240132 -14.373012
v 0.743802 0.225542 -14.373012
v 0.651686 0.240132 -14.373012
v 0.568587 0.282473 -14.373012
v 0.502639 0.348421 -14.373012
v 0.460298 0.431520 -14.373012
v 0.445708 0.523636 -14.373012
v 0.460298 0.615752 -14.373012
v 0.502639 0.698851 -14.373012
v 0.568587 0.764799 -14.373012
vn 0.8898 -0.4534 -0.0530
vn -0.8898 0.4534 -0.0530
vn 0.4533 0.8898 -0.0530
vn -0.1562 -0.9863 -0.0530
vn 0.8898 0.4534 -0.0530
vn -0.9863 -0.1562 -0.0530
vn 0.7061 -0.7061 -0.0530
vn 0.9863 -0.1562 -0.0530
vn -0.9863 0.1562 -0.0530
vn -0.4533 -0.8898 -0.0530
vn 0.1562 -0.9863 -0.0530
vn 0.7061 0.7061 -0.0530
vn -0.7061 -0.7061 -0.0530
vn -0.7061 0.7061 -0.0530
vn -0.1562 0.9863 -0.0530
vn 0.4533 -0.8898 -0.0530
vn -0.4533 0.8898 -0.0530
vn 0.1562 0.9863 -0.0530
vn 0.9863 0.1562 -0.0530
vn -0.8898 -0.4534 -0.0530
vt 0.006422 0.829120
vt 0.006422 0.825060
vt 0.128585 0.828922
vt 0.128585 0.831150
vt 0.006422 0.838120
vt 0.006422 0.842179
vt 0.128585 0.838318
vt 0.128585 0.836090
vt 0.006422 0.847470
vt 0.006422 0.845401
vt 0.128585 0.840086
vt 0.128585 0.841221
vt 0.006422 0.819057
vt 0.006422 0.819770
vt 0.128585 0.826018
vt 0.128585 0.825627
vt 0.006422 0.833620
vt 0.128585 0.833620
vt 0.006422 0.821838
vt 0.128585 0.827154
vt 0.006422 0.848182
vt 0.128585 0.841612
s 0
usemtl マテリアル
f 9364/5311/3043 9365/5312/3043 9385/5313/3043 9384/5314/3043
f 9378/5315/3044 9379/5316/3044 9399/5317/3044 9398/5318/3044
f 9368/5319/3045 9369/5320/3045 9389/5321/3045 9388/5322/3045
f 9372/5323/3046 9373/5324/3046 9393/5325/3046 9392/5326/3046
f 9362/5315/3047 9382/5318/3047 9390/5317/3047 9370/5316/3047
f 9376/5311/3048 9377/5327/3048 9397/5328/3048 9396/5314/3048
f 9365/5312/3049 9366/5329/3049 9386/5330/3049 9385/5313/3049
f 9363/5327/3050 9364/5311/3050 9384/5314/3050 9383/5328/3050
f 9377/5327/3051 9378/5315/3051 9398/5318/3051 9397/5328/3051
f 9373/5324/3052 9374/5329/3052 9394/5330/3052 9393/5325/3052
f 9371/5324/3053 9372/5323/3053 9392/5326/3053 9391/5325/3053
f 9369/5320/3054 9370/5316/3054 9390/5317/3054 9389/5321/3054
f 9374/5329/3055 9375/5312/3055 9395/5313/3055 9394/5330/3055
f 9379/5316/3056 9380/5320/3056 9400/5321/3056 9399/5317/3056
f 9361/5319/3057 9367/5331/3057 9387/5332/3057 9381/5322/3057
f 9366/5329/3058 9371/5324/3058 9391/5325/3058 9386/5330/3058
f 9361/5319/3059 9381/5322/3059 9400/5321/3059 9380/5320/3059
f 9367/5331/3060 9368/5319/3060 9388/5322/3060 9387/5332/3060
f 9362/5315/3061 9363/5327/3061 9383/5328/3061 9382/5318/3061
f 9375/5312/3062 9376/5311/3062 9396/5314/3062 9395/5313/3062
o translucentflame_r
v -0.575963 1.040189 -9.816692
v -1.260355 0.691474 -9.816692
v -1.286938 0.523636 -9.816692
v -1.260355 0.355797 -9.816692
v -1.183208 0.204388 -9.816692
v -1.063050 0.084228 -9.816692
v -0.743802 1.066772 -9.816692
v -0.911640 1.040189 -9.816692
v -1.063050 0.963043 -9.816692
v -1.183208 0.842884 -9.816692
v -0.911640 0.007082 -9.816692
v -0.743802 -0.019501 -9.816692
v -0.575963 0.007082 -9.816692
v -0.424554 0.084228 -9.816692
v -0.304395 0.204388 -9.816692
v -0.227248 0.355797 -9.816692
v -0.200665 0.523636 -9.816692
v -0.227248 0.691474 -9.816692
v -0.304395 0.842884 -9.816692
v -0.424554 0.963043 -9.816692
v -0.651686 0.807139 -14.373012
v -1.027305 0.615752 -14.373012
v -1.041895 0.523636 -14.373012
v -1.027305 0.431520 -14.373012
v -0.984964 0.348421 -14.373012
v -0.919017 0.282473 -14.373012
v -0.743802 0.821729 -14.373012
v -0.835917 0.807139 -14.373012
v -0.919017 0.764799 -14.373012
v -0.984964 0.698851 -14.373012
v -0.835917 0.240132 -14.373012
v -0.743802 0.225542 -14.373012
v -0.651686 0.240132 -14.373012
v -0.568587 0.282473 -14.373012
v -0.502639 0.348421 -14.373012
v -0.460298 0.431520 -14.373012
v -0.445708 0.523636 -14.373012
v -0.460298 0.615752 -14.373012
v -0.502639 0.698851 -14.373012
v -0.568587 0.764799 -14.373012
vn -0.8898 -0.4534 -0.0530
vn 0.8898 0.4534 -0.0530
vn -0.4533 0.8898 -0.0530
vn 0.1562 -0.9863 -0.0530
vn -0.8898 0.4534 -0.0530
vn 0.9863 -0.1562 -0.0530
vn -0.7061 -0.7061 -0.0530
vn -0.9863 -0.1562 -0.0530
vn 0.9863 0.1562 -0.0530
vn 0.4533 -0.8898 -0.0530
vn -0.1562 -0.9863 -0.0530
vn -0.7061 0.7061 -0.0530
vn 0.7061 -0.7061 -0.0530
vn 0.7061 0.7061 -0.0530
vn 0.1562 0.9863 -0.0530
vn -0.4533 -0.8898 -0.0530
vn 0.4533 0.8898 -0.0530
vn -0.1562 0.9863 -0.0530
vn -0.9863 0.1562 -0.0530
vn 0.8898 -0.4534 -0.0530
vt 0.006422 0.829120
vt 0.128585 0.831150
vt 0.128585 0.828922
vt 0.006422 0.825060
vt 0.006422 0.838120
vt 0.128585 0.836090
vt 0.128585 0.838318
vt 0.006422 0.842179
vt 0.006422 0.847470
vt 0.128585 0.841221
vt 0.128585 0.840086
vt 0.006422 0.845401
vt 0.006422 0.819057
vt 0.128585 0.825627
vt 0.128585 0.826018
vt 0.006422 0.819770
vt 0.128585 0.833620
vt 0.006422 0.833620
vt 0.128585 0.827154
vt 0.006422 0.821838
vt 0.128585 0.841612
vt 0.006422 0.848182
s 0
usemtl マテリアル
f 9404/5333/3063 9424/5334/3063 9425/5335/3063 9405/5336/3063
f 9418/5337/3064 9438/5338/3064 9439/5339/3064 9419/5340/3064
f 9408/5341/3065 9428/5342/3065 9429/5343/3065 9409/5344/3065
f 9412/5345/3066 9432/5346/3066 9433/5347/3066 9413/5348/3066
f 9402/5337/3067 9410/5340/3067 9430/5339/3067 9422/5338/3067
f 9416/5333/3068 9436/5334/3068 9437/5349/3068 9417/5350/3068
f 9405/5336/3069 9425/5335/3069 9426/5351/3069 9406/5352/3069
f 9403/5350/3070 9423/5349/3070 9424/5334/3070 9404/5333/3070
f 9417/5350/3071 9437/5349/3071 9438/5338/3071 9418/5337/3071
f 9413/5348/3072 9433/5347/3072 9434/5351/3072 9414/5352/3072
f 9411/5348/3073 9431/5347/3073 9432/5346/3073 9412/5345/3073
f 9409/5344/3074 9429/5343/3074 9430/5339/3074 9410/5340/3074
f 9414/5352/3075 9434/5351/3075 9435/5335/3075 9415/5336/3075
f 9419/5340/3076 9439/5339/3076 9440/5343/3076 9420/5344/3076
f 9401/5341/3077 9421/5342/3077 9427/5353/3077 9407/5354/3077
f 9406/5352/3078 9426/5351/3078 9431/5347/3078 9411/5348/3078
f 9401/5341/3079 9420/5344/3079 9440/5343/3079 9421/5342/3079
f 9407/5354/3080 9427/5353/3080 9428/5342/3080 9408/5341/3080
f 9402/5337/3081 9422/5338/3081 9423/5349/3081 9403/5350/3081
f 9415/5336/3082 9435/5335/3082 9436/5334/3082 9416/5333/3082
