# Blender 4.3.2
# www.blender.org
mtllib typhoon.mtl
o $cfl
v -0.043271 0.845857 -1.108700
v -0.043271 1.007832 -1.108700
v -0.043271 0.845857 -1.307682
v -0.043271 1.007832 -1.307682
v 0.043271 0.845857 -1.108700
v 0.043271 1.007832 -1.108700
v 0.043271 0.845857 -1.307682
v 0.043271 1.007832 -1.307682
vn -1.0000 -0.0000 -0.0000
vn -0.0000 -0.0000 -1.0000
vn 1.0000 -0.0000 -0.0000
vn -0.0000 -0.0000 1.0000
vn -0.0000 -1.0000 -0.0000
vn -0.0000 1.0000 -0.0000
vt 0.188082 0.987780
vt 0.190582 0.987780
vt 0.190582 0.990280
vt 0.188082 0.990280
vt 0.190582 0.992780
vt 0.188082 0.992780
vt 0.190582 0.995280
vt 0.188082 0.995280
vt 0.190582 0.997780
vt 0.188082 0.997780
vt 0.185582 0.992780
vt 0.185582 0.995280
vt 0.193082 0.992780
vt 0.193082 0.995280
s 1
usemtl Material.002
f 1/1/1 2/2/1 4/3/1 3/4/1
f 3/4/2 4/3/2 8/5/2 7/6/2
f 7/6/3 8/5/3 6/7/3 5/8/3
f 5/8/4 6/7/4 2/9/4 1/10/4
f 3/11/5 7/6/5 5/8/5 1/12/5
f 8/5/6 4/13/6 2/14/6 6/7/6
o $cl
v -0.384929 -0.947735 2.867187
v -0.384929 -0.891241 2.867187
v -0.384929 -0.947735 2.700290
v -0.384929 -0.891241 2.700290
v -0.295861 -0.947735 2.867187
v -0.295861 -0.891241 2.867187
v -0.295861 -0.947735 2.700290
v -0.295861 -0.891241 2.700290
vn -1.0000 -0.0000 -0.0000
vn -0.0000 -0.0000 -1.0000
vn 1.0000 -0.0000 -0.0000
vn -0.0000 -0.0000 1.0000
vn -0.0000 -1.0000 -0.0000
vn -0.0000 1.0000 -0.0000
vt 0.188082 0.987780
vt 0.190582 0.987780
vt 0.190582 0.990280
vt 0.188082 0.990280
vt 0.190582 0.992780
vt 0.188082 0.992780
vt 0.190582 0.995280
vt 0.188082 0.995280
vt 0.190582 0.997780
vt 0.188082 0.997780
vt 0.185582 0.992780
vt 0.185582 0.995280
vt 0.193082 0.992780
vt 0.193082 0.995280
s 1
usemtl Material.002
f 9/15/7 10/16/7 12/17/7 11/18/7
f 11/18/8 12/17/8 16/19/8 15/20/8
f 15/20/9 16/19/9 14/21/9 13/22/9
f 13/22/10 14/21/10 10/23/10 9/24/10
f 11/25/11 15/20/11 13/22/11 9/26/11
f 16/19/12 12/27/12 10/28/12 14/21/12
o $ll
v 5.679918 -0.338712 -3.941653
v 5.679918 -0.259161 -3.941653
v 5.679918 -0.338712 -4.080846
v 5.679918 -0.259161 -4.080846
v 5.825204 -0.338712 -3.941653
v 5.825204 -0.259161 -3.941653
v 5.825204 -0.338712 -4.080846
v 5.825204 -0.259161 -4.080846
vn -1.0000 -0.0000 -0.0000
vn -0.0000 -0.0000 -1.0000
vn 1.0000 -0.0000 -0.0000
vn -0.0000 -0.0000 1.0000
vn -0.0000 -1.0000 -0.0000
vn -0.0000 1.0000 -0.0000
vt 0.188082 0.987780
vt 0.190582 0.987780
vt 0.190582 0.990280
vt 0.188082 0.990280
vt 0.190582 0.992780
vt 0.188082 0.992780
vt 0.190582 0.995280
vt 0.188082 0.995280
vt 0.190582 0.997780
vt 0.188082 0.997780
vt 0.185582 0.992780
vt 0.185582 0.995280
vt 0.193082 0.992780
vt 0.193082 0.995280
s 1
usemtl Material.002
f 17/29/13 18/30/13 20/31/13 19/32/13
f 19/32/14 20/31/14 24/33/14 23/34/14
f 23/34/15 24/33/15 22/35/15 21/36/15
f 21/36/16 22/35/16 18/37/16 17/38/16
f 19/39/17 23/34/17 21/36/17 17/40/17
f 24/33/18 20/41/18 18/42/18 22/35/18
o $rl
v -5.679917 -0.338712 -3.941653
v -5.679917 -0.259161 -3.941653
v -5.679917 -0.338712 -4.080846
v -5.679917 -0.259161 -4.080846
v -5.825203 -0.338712 -3.941653
v -5.825203 -0.259161 -3.941653
v -5.825203 -0.338712 -4.080846
v -5.825203 -0.259161 -4.080846
vn 1.0000 -0.0000 -0.0000
vn -0.0000 -0.0000 -1.0000
vn -1.0000 -0.0000 -0.0000
vn -0.0000 -0.0000 1.0000
vn -0.0000 -1.0000 -0.0000
vn -0.0000 1.0000 -0.0000
vt 0.189922 0.970239
vt 0.189922 0.972739
vt 0.192422 0.972739
vt 0.192422 0.970239
vt 0.189922 0.975239
vt 0.192422 0.975239
vt 0.189922 0.977739
vt 0.192422 0.977739
vt 0.189922 0.980239
vt 0.192422 0.980239
vt 0.187422 0.975239
vt 0.187422 0.977739
vt 0.194922 0.977739
vt 0.194922 0.975239
s 1
usemtl Material.002
f 25/43/19 27/44/19 28/45/19 26/46/19
f 27/44/20 31/47/20 32/48/20 28/45/20
f 31/47/21 29/49/21 30/50/21 32/48/21
f 29/49/22 25/51/22 26/52/22 30/50/22
f 27/53/23 25/54/23 29/49/23 31/47/23
f 32/48/24 30/50/24 26/55/24 28/56/24
o body
v 0.000000 0.740689 6.260151
v 0.000000 -0.251938 6.260151
v 0.000000 0.071841 8.434142
v 0.000000 0.003090 8.434142
v 0.000000 0.037465 8.493391
v 0.000000 0.037465 8.493391
v 0.000000 0.037465 8.493391
v 0.000000 0.037465 8.493391
v 0.000000 0.037465 8.493391
v 0.000000 0.037465 8.493391
v 0.000000 0.037465 8.493391
v 0.000000 -0.234142 6.984815
v 0.000000 -0.150448 7.709479
v 0.000000 0.374262 7.709479
v 0.000000 0.606838 6.984815
v 0.000000 -0.229132 4.674785
v 0.000000 -0.204353 2.583422
v 0.000000 1.288449 2.044201
v 0.000000 -0.205785 2.711635
v 0.000000 -0.268142 2.583422
v 0.000000 -0.269573 2.711635
v 0.000000 -0.892893 3.466520
v 0.000000 -0.288375 3.974359
v 0.000000 -0.222102 4.142461
v 0.000000 -0.288798 4.142461
v 0.000000 1.147348 0.708066
v 0.000000 -0.938811 0.708066
v 0.000000 -0.938811 -0.119366
v 0.000000 1.055915 -0.119365
v 0.000000 0.945431 -1.369981
v 0.000000 -0.909901 -1.369982
v 0.000000 0.861328 -2.693831
v 0.000000 -0.860891 -2.693832
v 0.000000 -0.828464 -3.492063
v 0.000000 0.837506 -3.063443
v 0.000000 -0.578766 -5.382185
v 0.000000 -0.516099 -6.247613
v 0.000000 0.672323 -6.857940
v 0.000000 -0.092813 -6.247613
v 0.000000 0.158213 -6.247613
v 0.000000 0.454356 -6.247613
v 0.000000 0.404554 -6.857940
v 0.000000 0.238013 -6.247613
v 0.000000 0.188208 -6.857940
v 0.000000 0.688956 -6.678133
v 0.000000 0.201514 -6.643815
v 0.000000 -0.343839 -6.247613
v 0.000000 -0.939328 1.137517
v 0.000000 -0.933364 2.869917
v -0.267568 -0.228150 6.260151
v -0.482932 -0.026482 6.260151
v -0.515725 0.244375 6.260151
v -0.449232 0.492532 6.260151
v -0.309497 0.697490 6.260151
v -0.017187 0.007695 8.434142
v -0.029769 0.020277 8.434142
v -0.034375 0.037465 8.434142
v -0.029769 0.054653 8.434142
v -0.017187 0.067235 8.434142
v -0.420490 0.186348 6.984815
v -0.262355 0.111907 7.709479
v -0.227206 -0.019271 7.709479
v -0.364155 -0.044657 6.984815
v -0.364155 0.396593 6.984815
v -0.227206 0.243084 7.709479
v -0.210245 -0.200454 6.984815
v -0.131177 -0.115300 7.709479
v -0.210245 0.555895 6.984815
v -0.131177 0.339113 7.709479
v -0.340081 -0.199771 4.674785
v -0.638494 0.022712 4.674785
v -0.680161 0.346047 4.674785
v -0.600684 0.608394 4.674785
v -0.452666 0.845666 4.674785
v -0.331390 0.766314 5.879986
v -0.296170 -0.186029 3.554309
v -0.210629 0.753501 6.153196
v -0.395064 -0.174992 2.583422
v -0.321583 1.083000 2.304931
v -0.202248 1.234097 2.114291
v -0.412480 0.876987 2.711635
v -0.762403 0.377368 2.711635
v -0.734488 0.040469 2.711635
v -0.395064 -0.176424 2.711635
v -0.682099 0.684782 2.711635
v -0.784238 -0.140164 2.711635
v -0.795840 -0.271065 2.711635
v -0.859338 -0.763484 2.711635
v -0.599848 -0.874489 2.711635
v -0.487608 -0.225006 2.583422
v -0.487608 -0.226437 2.711635
v -0.859338 -0.714956 3.466520
v -0.599848 -0.825961 3.466520
v -0.776972 -0.277288 3.466520
v -0.362413 -0.192741 4.142461
v -0.640130 0.649651 4.142461
v -0.682609 0.030926 4.142461
v -0.450697 0.858756 4.142461
v -0.724826 0.359137 4.142461
v -0.369465 -0.254521 4.142461
v -0.750155 -0.170858 4.141531
v -0.853748 0.354071 0.708066
v -0.715383 0.672720 0.708066
v -0.339884 0.821530 0.708066
v -0.910119 -0.128700 0.708066
v -0.933443 -0.766355 0.708066
v -0.642781 -0.873673 0.708066
v -0.299983 0.972977 0.708066
v -0.196847 1.101048 0.708066
v -0.041836 -0.285619 4.142461
v -0.898440 0.354071 -0.119365
v -0.738579 0.649091 -0.119365
v -0.318114 0.800295 -0.119365
v -0.967243 -0.766355 -0.119366
v -0.693762 -0.873673 -0.119366
v -0.283938 0.913669 -0.119365
v -0.182101 1.020164 -0.119365
v -0.955488 0.335903 -1.369981
v -0.771264 0.620182 -1.369981
v -0.268682 0.754295 -1.369981
v -0.245390 0.827555 -1.369981
v -0.153804 0.918699 -1.369981
v -0.412431 0.751062 -1.369981
v -0.412446 0.799844 -0.119365
v -0.412456 0.827896 0.708066
v -1.031988 0.321742 -2.693831
v -0.793340 0.584321 -2.693831
v -0.237264 0.711552 -2.693831
v -1.094735 -0.129289 -2.693831
v -1.121784 -0.694939 -2.693832
v -0.764615 -0.797808 -2.693832
v -0.217530 0.768959 -2.693831
v -0.147757 0.840381 -2.693831
v -0.454338 0.709019 -2.693831
v -1.031988 0.307580 -3.492063
v -0.793340 0.556561 -3.492063
v -0.224191 0.668358 -3.492063
v -1.094735 -0.115769 -3.492063
v -1.121784 -0.660200 -3.492063
v -0.758089 -0.769858 -3.492063
v -0.205545 0.722602 -3.492063
v -0.462835 0.661698 -3.492063
v -1.008736 0.212381 -5.382185
v -0.775638 0.428229 -5.382185
v -0.167361 0.528302 -5.382185
v -1.086266 -0.076965 -5.382185
v -1.029559 -0.522080 -5.382185
v -0.719003 -0.666578 -5.382185
v -0.152841 0.671488 -5.382185
v -0.101504 0.763160 -5.382185
v -0.487853 0.505982 -5.382185
v -0.290065 -0.883610 3.466520
v -0.205651 -0.270070 4.142461
v -0.265122 -0.933125 0.708066
v -0.284386 -0.905243 -1.369982
v -0.307482 -0.856232 -2.693832
v -0.269147 -0.934838 2.711635
v -0.265122 -0.933125 -0.119366
v -0.307500 -0.808329 -3.492063
v -0.203692 -0.664444 -5.382185
v -0.941588 0.196942 -6.247613
v -0.745750 0.364163 -6.247613
v -0.138981 0.454356 -6.247613
v -1.011464 -0.063839 -6.247613
v -0.949195 -0.416788 -6.247613
v -0.705342 -0.595243 -6.247613
v -0.125895 0.638041 -6.247613
v -0.070624 0.720663 -6.247613
v -0.502749 0.434239 -6.247613
v -0.277181 -0.593319 -6.247613
v -0.102753 0.404554 -6.857940
v -0.089666 0.575811 -6.857940
v -0.036481 0.658432 -6.857940
v -0.246248 0.341976 -6.247613
v -0.062484 0.158213 -6.247613
v -0.138981 0.238013 -6.247613
v -0.102753 0.188208 -6.857940
v -0.117033 0.417863 -6.643815
v -0.103947 0.592444 -6.643815
v -0.051788 0.675065 -6.643815
v -0.117033 0.201514 -6.643815
v -0.935522 -0.039561 -0.119365
v -0.852156 -0.323792 2.525251
v -1.099978 -0.221301 -3.492063
v -0.999985 -0.027134 -1.369981
v -1.099647 -0.296693 -4.670102
v -1.052468 -0.342264 -5.382185
v -0.993049 -0.386488 -5.878533
v -1.111265 -0.446351 -3.492063
v -1.110335 -0.478102 -4.101322
v -0.952041 -0.379060 -0.119366
v -1.108512 -0.417390 -2.693832
v -0.917875 -0.361988 0.708066
v -0.109084 0.774742 -4.569202
v -0.119128 0.784684 -3.484949
v -0.157766 0.784684 -3.484949
v -0.062484 -0.343839 -6.247613
v -0.266177 -0.933574 1.233297
v -0.272740 -0.926037 2.841323
v -0.221023 -0.934578 1.266244
v -0.221018 -0.936015 2.744581
v -0.154916 -0.935881 1.137517
v -0.221018 -0.929260 2.844295
v -0.276017 -0.917356 -0.826650
v -0.715551 -0.858486 -0.826615
v -1.058554 -0.726476 -1.700395
v -0.290155 -0.893002 -1.700623
v -0.740362 -0.834581 -1.700543
v -0.990988 -0.387437 -0.813168
v -1.006566 -0.749911 -0.819100
v -1.041667 -0.399390 -1.668031
v -1.051745 -0.594601 -1.687346
v -0.999891 -0.594601 -0.816558
v 0.000000 0.837506 -3.063443
v 0.000000 3.181118 -6.413356
v 0.000000 3.181118 -7.867323
v 0.000000 3.657300 -7.125999
v 0.000000 3.657295 -8.102169
v 0.000000 3.755646 -7.334849
v 0.000000 3.755646 -7.291752
v 0.000000 3.755646 -7.524899
v 0.000000 3.755646 -7.611917
v 0.000000 3.755646 -7.651753
v 0.000000 1.891276 -4.569680
v 0.000000 1.205180 -3.588989
v 0.000000 1.193798 -3.210523
v 0.000000 0.949076 -3.216214
v 0.000000 1.173767 -3.139848
v 0.000000 0.969107 -3.144608
v 0.000000 0.987060 -3.137164
v 0.000000 1.155814 -3.133239
v -0.101504 0.763160 -5.190515
v -0.063263 3.181118 -6.583313
v -0.053904 3.181118 -7.332758
v -0.037505 3.181118 -7.675910
v -0.027502 3.181118 -7.833005
v -0.034019 3.657300 -7.234684
v -0.028986 3.657303 -7.713955
v -0.020168 3.657296 -7.967391
v -0.014789 3.657295 -8.067852
v -0.013490 3.755646 -7.334849
v -0.011494 3.755646 -7.524899
v -0.007997 3.755646 -7.611917
v -0.005864 3.755646 -7.651753
v -0.099655 1.623520 -4.569565
v -0.109084 0.774742 -4.569202
v -0.109938 1.183427 -4.000590
v -0.119128 0.784684 -3.484949
v -0.129647 1.205180 -3.588989
v -0.129647 1.193798 -3.210523
v -0.129647 0.949076 -3.216214
v -0.083435 1.155814 -3.133239
v -0.083435 0.987060 -3.137164
v -0.105112 1.132343 -4.741457
v -0.101393 1.173767 -3.139848
v -0.101393 0.969107 -3.144608
v -0.157766 0.784684 -3.484949
v -0.148576 1.163994 -4.000590
v -0.168285 1.185748 -3.588989
v 0.000000 0.837506 -3.063443
v 0.101504 0.763160 -5.190515
v 0.063263 3.181118 -6.583313
v 0.000000 3.181118 -6.413356
v 0.053904 3.181118 -7.332758
v 0.037505 3.181118 -7.675910
v 0.027502 3.181118 -7.833005
v 0.000000 3.181118 -7.867323
v 0.034019 3.657300 -7.234684
v 0.000000 3.657300 -7.125999
v 0.028986 3.657303 -7.713955
v 0.020168 3.657296 -7.967391
v 0.014789 3.657295 -8.067852
v 0.000000 3.657295 -8.102169
v 0.013490 3.755646 -7.334849
v 0.000000 3.755646 -7.334849
v 0.000000 3.755646 -7.291752
v 0.011494 3.755646 -7.524899
v 0.000000 3.755646 -7.524899
v 0.007997 3.755646 -7.611917
v 0.000000 3.755646 -7.611917
v 0.005864 3.755646 -7.651753
v 0.000000 3.755646 -7.651753
v 0.099655 1.623520 -4.569565
v 0.000000 1.891276 -4.569680
v 0.109084 0.774742 -4.569202
v 0.109938 1.183427 -4.000590
v 0.000000 1.205180 -3.588989
v 0.119128 0.784684 -3.484949
v 0.000000 1.193798 -3.210523
v 0.000000 0.949076 -3.216214
v 0.129647 1.205180 -3.588989
v 0.129647 1.193798 -3.210523
v 0.129647 0.949076 -3.216214
v 0.000000 1.173767 -3.139848
v 0.000000 0.969107 -3.144608
v 0.083435 1.155814 -3.133239
v 0.083435 0.987060 -3.137164
v 0.105112 1.132343 -4.741457
v 0.101393 1.173767 -3.139848
v 0.101393 0.969107 -3.144608
v 0.000000 0.987060 -3.137164
v 0.000000 1.155814 -3.133239
v 0.157766 0.784684 -3.484949
v 0.148576 1.163994 -4.000590
v 0.168285 1.185748 -3.588989
v 0.000000 0.777050 -5.190515
v -0.101504 0.763160 -5.190515
v -0.053904 3.181118 -7.332758
v 0.101504 0.763160 -5.190515
v 0.053904 3.181118 -7.332758
v -0.084092 0.739197 -5.786571
v 0.084092 0.739197 -5.786571
v 5.669282 -0.181956 -3.390486
v 5.583280 -0.217579 -3.390486
v 5.547657 -0.303581 -3.390486
v 5.583280 -0.389583 -3.390486
v 5.669282 -0.425207 -3.390486
v 5.755285 -0.389583 -3.390486
v 5.790907 -0.303581 -3.390486
v 5.755285 -0.217579 -3.390486
v 5.669282 -0.181956 -4.833855
v 5.583280 -0.217579 -4.833855
v 5.547657 -0.303581 -4.833855
v 5.583280 -0.389583 -4.833855
v 5.669282 -0.425207 -4.833855
v 5.755285 -0.389583 -4.833855
v 5.790907 -0.303581 -4.833855
v 5.755285 -0.217579 -4.833855
v 5.669282 -0.214536 -3.036887
v 5.606318 -0.240617 -3.036887
v 5.580237 -0.303581 -3.036887
v 5.606318 -0.366546 -3.036887
v 5.669282 -0.392627 -3.036887
v 5.732247 -0.366546 -3.036887
v 5.758327 -0.303581 -3.036887
v 5.732247 -0.240617 -3.036887
v 5.669282 -0.274301 -2.771688
v 5.648578 -0.282877 -2.771688
v 5.640002 -0.303582 -2.771688
v 5.648578 -0.324286 -2.771688
v 5.669282 -0.332862 -2.771688
v 5.689987 -0.324286 -2.771688
v 5.698563 -0.303582 -2.771688
v 5.689987 -0.282877 -2.771688
v 5.669282 -0.280412 -5.229886
v 5.652899 -0.287198 -5.229886
v 5.646113 -0.303581 -5.229886
v 5.652899 -0.319965 -5.229886
v 5.669282 -0.326751 -5.229886
v 5.685666 -0.319965 -5.229886
v 5.692452 -0.303581 -5.229886
v 5.685666 -0.287198 -5.229886
v 5.735943 -0.236921 -5.031870
v 5.763555 -0.303581 -5.031870
v 5.735943 -0.370242 -5.031870
v 5.669282 -0.397854 -5.031870
v 5.602622 -0.370242 -5.031870
v 5.575010 -0.303581 -5.031870
v 5.602622 -0.236921 -5.031870
v 5.669282 -0.209309 -5.031870
v -5.669282 -0.181956 -3.390486
v -5.583280 -0.217579 -3.390486
v -5.547657 -0.303581 -3.390486
v -5.583280 -0.389583 -3.390486
v -5.669282 -0.425207 -3.390486
v -5.755285 -0.389583 -3.390486
v -5.790907 -0.303581 -3.390486
v -5.755285 -0.217579 -3.390486
v -5.669282 -0.181956 -4.833855
v -5.583280 -0.217579 -4.833855
v -5.547657 -0.303581 -4.833855
v -5.583280 -0.389583 -4.833855
v -5.669282 -0.425207 -4.833855
v -5.755285 -0.389583 -4.833855
v -5.790907 -0.303581 -4.833855
v -5.755285 -0.217579 -4.833855
v -5.669282 -0.214536 -3.036887
v -5.606318 -0.240617 -3.036887
v -5.580237 -0.303581 -3.036887
v -5.606318 -0.366546 -3.036887
v -5.669282 -0.392627 -3.036887
v -5.732247 -0.366546 -3.036887
v -5.758327 -0.303581 -3.036887
v -5.732247 -0.240617 -3.036887
v -5.669282 -0.274301 -2.771688
v -5.648578 -0.282877 -2.771688
v -5.640002 -0.303582 -2.771688
v -5.648578 -0.324286 -2.771688
v -5.669282 -0.332862 -2.771688
v -5.689987 -0.324286 -2.771688
v -5.698563 -0.303582 -2.771688
v -5.689987 -0.282877 -2.771688
v -5.669282 -0.184539 -5.229888
v -5.585107 -0.219405 -5.229888
v -5.550241 -0.303580 -5.229888
v -5.585107 -0.387760 -5.229888
v -5.669282 -0.422626 -5.229888
v -5.753462 -0.387760 -5.229888
v -5.788328 -0.303580 -5.229888
v -5.753462 -0.219405 -5.229888
v -5.754074 -0.218791 -5.031870
v -5.789196 -0.303581 -5.031870
v -5.754074 -0.388373 -5.031870
v -5.669282 -0.423495 -5.031870
v -5.584491 -0.388373 -5.031870
v -5.549369 -0.303581 -5.031870
v -5.584491 -0.218791 -5.031870
v -5.669282 -0.183669 -5.031870
v 1.029559 -0.522080 -5.382185
v 0.852156 -0.323792 2.525251
v 0.993049 -0.386488 -5.878533
v 1.111265 -0.446351 -3.492063
v 1.110335 -0.478102 -4.101322
v 0.952041 -0.379060 -0.119366
v 1.108512 -0.417390 -2.693832
v 0.917875 -0.361988 0.708066
v 1.330671 -0.526355 -4.906150
v 1.202414 -0.343049 2.126957
v 1.324770 -0.422023 -5.581140
v 1.401243 -0.468084 -3.482228
v 1.324770 -0.498416 -4.095585
v 1.438063 -0.445801 -2.693832
v 1.202414 -0.403172 0.708065
v 1.256795 -0.416307 -0.119365
v 3.469930 -0.340496 -0.750601
v 3.469930 -0.420650 -3.880994
v 3.469930 -0.440094 -4.239352
v 3.469930 -0.394906 -2.646893
v 3.469930 -0.406365 -3.420365
v 3.469930 -0.379037 -1.432774
v 3.469930 -0.387458 -1.916208
v 5.613608 -0.330147 -4.681939
v 5.613608 -0.281551 -3.442843
v 5.613608 -0.314698 -4.232445
v 5.613608 -0.322740 -4.351161
v 5.613608 -0.304052 -4.071042
v 5.613608 -0.297489 -3.668832
v 5.613608 -0.300972 -3.828983
v 1.330671 -0.477215 -5.067122
v 5.613608 -0.331846 -4.842910
v 5.613608 -0.291745 -4.232445
v 5.613608 -0.303455 -4.351084
v 5.613608 -0.266618 -4.071042
v 5.613608 -0.273695 -3.668832
v 5.613608 -0.266345 -3.828983
v 0.990988 -0.387437 -0.813168
v 1.890385 -0.420575 -1.654239
v 1.378761 -0.424125 -0.960843
v 1.438063 -0.431764 -1.654239
v 1.486098 -0.421372 -0.941142
v 2.100038 -0.408889 -1.086047
v 2.100038 -0.415825 -1.654239
v 1.196288 -0.411777 -1.654239
v 1.041667 -0.399390 -1.668031
v 5.524311 -0.304575 -3.749304
v 5.524311 -0.327628 -4.346503
v 5.524311 -0.335473 -4.686722
v 5.524311 -0.319112 -4.217804
v 5.524310 -0.336089 -4.847694
v 5.524311 -0.300887 -3.575686
v 5.524311 -0.284006 -3.330695
v 5.524311 -0.307837 -4.011717
v 5.524311 -0.308314 -4.043937
v -1.029559 -0.522080 -5.382185
v -0.852156 -0.323792 2.525251
v -0.993049 -0.386488 -5.878533
v -1.111265 -0.446351 -3.492063
v -1.110335 -0.478102 -4.101322
v -0.952041 -0.379060 -0.119366
v -1.108512 -0.417390 -2.693832
v -0.917875 -0.361988 0.708066
v -1.330671 -0.526355 -4.906150
v -1.202414 -0.343049 2.126957
v -1.324770 -0.422023 -5.581140
v -1.401243 -0.468084 -3.482228
v -1.324770 -0.498416 -4.095585
v -1.438063 -0.445801 -2.693832
v -1.202414 -0.403172 0.708065
v -1.256795 -0.416307 -0.119365
v -3.469930 -0.340496 -0.750601
v -3.469930 -0.420650 -3.880994
v -3.469930 -0.440094 -4.239352
v -3.469930 -0.394906 -2.646893
v -3.469930 -0.406365 -3.420365
v -3.469930 -0.379037 -1.432774
v -3.469930 -0.387458 -1.916208
v -5.613608 -0.330147 -4.681939
v -5.613608 -0.281551 -3.442843
v -5.613608 -0.314698 -4.232445
v -5.613608 -0.322740 -4.351161
v -5.613608 -0.304052 -4.071042
v -5.613608 -0.297489 -3.668832
v -5.613608 -0.300972 -3.828983
v -1.330671 -0.477215 -5.067122
v -5.613608 -0.331846 -4.842910
v -5.613608 -0.291745 -4.232445
v -5.613608 -0.303455 -4.351084
v -5.613608 -0.266618 -4.071042
v -5.613608 -0.273695 -3.668832
v -5.613608 -0.266345 -3.828983
v -0.990988 -0.387437 -0.813168
v -1.890385 -0.420575 -1.654239
v -1.378761 -0.424125 -0.960843
v -1.438063 -0.431764 -1.654239
v -1.486098 -0.421372 -0.941142
v -2.100038 -0.408889 -1.086047
v -2.100038 -0.415825 -1.654239
v -1.196288 -0.411777 -1.654239
v -1.041667 -0.399390 -1.668031
v -5.524311 -0.304575 -3.749304
v -5.524311 -0.327628 -4.346503
v -5.524311 -0.335473 -4.686722
v -5.524311 -0.319112 -4.217804
v -5.524310 -0.336089 -4.847694
v -5.524311 -0.300887 -3.575686
v -5.524311 -0.284006 -3.330695
v -5.524311 -0.307837 -4.011717
v -5.524311 -0.308314 -4.043937
v 0.910119 -0.128700 0.708066
v 1.094735 -0.129289 -2.693831
v 0.935522 -0.039561 -0.119365
v 0.852156 -0.323792 2.525251
v 1.099978 -0.221301 -3.492063
v 0.999985 -0.027134 -1.369981
v 1.099647 -0.296693 -4.670102
v 1.052468 -0.342264 -5.382185
v 0.993049 -0.386488 -5.878533
v 1.330671 -0.387995 -4.906150
v 1.202414 -0.343049 2.126957
v 1.202414 -0.223667 0.708066
v 1.256795 -0.155078 -0.119366
v 1.438063 -0.145517 -1.369981
v 1.438063 -0.224120 -2.693832
v 1.401243 -0.294919 -3.482228
v 1.324770 -0.352930 -4.094788
v 1.324770 -0.422023 -5.581140
v 3.469930 -0.340496 -0.750601
v 3.469930 -0.263966 -1.432774
v 3.469930 -0.219998 -1.916208
v 3.469930 -0.213868 -2.646893
v 3.469930 -0.264257 -3.420365
v 3.469930 -0.309642 -3.880994
v 3.469930 -0.346830 -4.238887
v 5.613608 -0.293466 -4.681939
v 5.613608 -0.281551 -3.442843
v 5.613608 -0.249902 -3.668832
v 5.613608 -0.231718 -3.828983
v 5.613608 -0.229183 -4.071042
v 5.613608 -0.240756 -4.232445
v 5.613608 -0.250722 -4.351007
v 1.330671 -0.477215 -5.067122
v 5.613608 -0.331846 -4.842910
v 5.613608 -0.291745 -4.232445
v 5.613608 -0.303455 -4.351084
v 5.613608 -0.266618 -4.071042
v 5.613608 -0.273695 -3.668832
v 5.613608 -0.266345 -3.828983
v 5.524311 -0.230644 -4.043937
v 5.524310 -0.254725 -4.346336
v 5.524311 -0.231230 -3.749304
v 5.524310 -0.296626 -4.686722
v 5.524310 -0.336089 -4.847694
v 5.524310 -0.228545 -4.011717
v 5.524311 -0.250488 -3.575686
v 5.524311 -0.284006 -3.330695
v 5.524310 -0.243626 -4.217804
v 1.330671 -0.526355 -4.906150
v 1.324770 -0.498416 -4.095585
v 3.469930 -0.440094 -4.239352
v 1.330671 -0.477215 -5.067122
v 5.524311 -0.327628 -4.346503
v 5.524311 -0.335473 -4.686722
v 5.524310 -0.336089 -4.847694
v 1.330671 -0.387995 -4.906150
v 1.324770 -0.352930 -4.094788
v 3.469930 -0.346830 -4.238887
v 5.524310 -0.254725 -4.346336
v 5.524310 -0.296626 -4.686722
v -0.910119 -0.128700 0.708066
v -1.094735 -0.129289 -2.693831
v -0.935522 -0.039561 -0.119365
v -0.852156 -0.323792 2.525251
v -1.099978 -0.221301 -3.492063
v -0.999985 -0.027134 -1.369981
v -1.099647 -0.296693 -4.670102
v -1.052468 -0.342264 -5.382185
v -0.993049 -0.386488 -5.878533
v -1.330671 -0.387995 -4.906150
v -1.202414 -0.343049 2.126957
v -1.202414 -0.223667 0.708066
v -1.256795 -0.155078 -0.119366
v -1.438063 -0.145517 -1.369981
v -1.438063 -0.224120 -2.693832
v -1.401243 -0.294919 -3.482228
v -1.324770 -0.352930 -4.094788
v -1.324770 -0.422023 -5.581140
v -3.469930 -0.340496 -0.750601
v -3.469930 -0.263966 -1.432774
v -3.469930 -0.219998 -1.916208
v -3.469930 -0.213868 -2.646893
v -3.469930 -0.264257 -3.420365
v -3.469930 -0.309642 -3.880994
v -3.469930 -0.346830 -4.238887
v -5.613608 -0.293466 -4.681939
v -5.613608 -0.281551 -3.442843
v -5.613608 -0.249902 -3.668832
v -5.613608 -0.231718 -3.828983
v -5.613608 -0.229183 -4.071042
v -5.613608 -0.240756 -4.232445
v -5.613608 -0.250722 -4.351007
v -1.330671 -0.477215 -5.067122
v -5.613608 -0.331846 -4.842910
v -5.613608 -0.291745 -4.232445
v -5.613608 -0.303455 -4.351084
v -5.613608 -0.266618 -4.071042
v -5.613608 -0.273695 -3.668832
v -5.613608 -0.266345 -3.828983
v -5.524311 -0.230644 -4.043937
v -5.524310 -0.254725 -4.346336
v -5.524311 -0.231230 -3.749304
v -5.524310 -0.296626 -4.686722
v -5.524310 -0.336089 -4.847694
v -5.524310 -0.228545 -4.011717
v -5.524311 -0.250488 -3.575686
v -5.524311 -0.284006 -3.330695
v -5.524310 -0.243626 -4.217804
v -1.330671 -0.526355 -4.906150
v -1.324770 -0.498416 -4.095585
v -3.469930 -0.440094 -4.239352
v -1.330671 -0.477215 -5.067122
v -5.524311 -0.327628 -4.346503
v -5.524311 -0.335473 -4.686722
v -5.524310 -0.336089 -4.847694
v -1.330671 -0.387995 -4.906150
v -1.324770 -0.352930 -4.094788
v -3.469930 -0.346830 -4.238887
v -5.524310 -0.254725 -4.346336
v -5.524310 -0.296626 -4.686722
v 0.000000 0.740689 6.260151
v 0.000000 -0.251938 6.260151
v 0.267568 -0.228150 6.260151
v 0.482932 -0.026482 6.260151
v 0.515725 0.244375 6.260151
v 0.449232 0.492532 6.260151
v 0.309497 0.697490 6.260151
v 0.000000 0.071841 8.434142
v 0.000000 0.003090 8.434142
v 0.017187 0.007695 8.434142
v 0.029769 0.020277 8.434142
v 0.034375 0.037465 8.434142
v 0.029769 0.054653 8.434142
v 0.017187 0.067235 8.434142
v 0.000000 0.037465 8.493391
v 0.000000 0.037465 8.493391
v 0.000000 0.037465 8.493391
v 0.000000 0.037465 8.493391
v 0.000000 0.037465 8.493391
v 0.000000 0.037465 8.493391
v 0.000000 0.037465 8.493391
v 0.000000 0.037465 8.493391
v 0.000000 0.037465 8.493391
v 0.000000 0.037465 8.493391
v 0.000000 0.037465 8.493391
v 0.000000 0.037465 8.493391
v 0.420490 0.186348 6.984815
v 0.262355 0.111907 7.709479
v 0.227206 -0.019271 7.709479
v 0.364155 -0.044657 6.984815
v 0.000000 -0.234142 6.984815
v 0.000000 -0.150448 7.709479
v 0.364155 0.396593 6.984815
v 0.227206 0.243084 7.709479
v 0.210245 -0.200454 6.984815
v 0.131177 -0.115300 7.709479
v 0.210245 0.555895 6.984815
v 0.131177 0.339113 7.709479
v 0.000000 0.374262 7.709479
v 0.000000 0.606838 6.984815
v 0.000000 -0.229132 4.674785
v 0.340081 -0.199771 4.674785
v 0.638494 0.022712 4.674785
v 0.680161 0.346047 4.674785
v 0.600684 0.608394 4.674785
v 0.452666 0.845666 4.674785
v 0.331390 0.766314 5.879986
v 0.296170 -0.186029 3.554309
v 0.210629 0.753501 6.153196
v 0.000000 -0.204353 2.583422
v 0.395064 -0.174992 2.583422
v 0.321583 1.083000 2.304931
v 0.202248 1.234097 2.114291
v 0.000000 1.288449 2.044201
v 0.000000 -0.205785 2.711635
v 0.412480 0.876987 2.711635
v 0.762403 0.377368 2.711635
v 0.734488 0.040469 2.711635
v 0.395064 -0.176424 2.711635
v 0.682099 0.684782 2.711635
v 0.784238 -0.140164 2.711635
v 0.795840 -0.271065 2.711635
v 0.859338 -0.763484 2.711635
v 0.599848 -0.874489 2.711635
v 0.487608 -0.225006 2.583422
v 0.487608 -0.226437 2.711635
v 0.000000 -0.268142 2.583422
v 0.000000 -0.269573 2.711635
v 0.859338 -0.714956 3.466520
v 0.599848 -0.825961 3.466520
v 0.000000 -0.892893 3.466520
v 0.776972 -0.277288 3.466520
v 0.000000 -0.288375 3.974359
v 0.362413 -0.192741 4.142461
v 0.640130 0.649651 4.142461
v 0.682609 0.030926 4.142461
v 0.450697 0.858756 4.142461
v 0.000000 -0.222102 4.142461
v 0.724826 0.359137 4.142461
v 0.000000 -0.288798 4.142461
v 0.369465 -0.254521 4.142461
v 0.750155 -0.170858 4.141531
v 0.853748 0.354071 0.708066
v 0.715383 0.672720 0.708066
v 0.339884 0.821530 0.708066
v 0.910119 -0.128700 0.708066
v 0.933443 -0.766355 0.708066
v 0.642781 -0.873673 0.708066
v 0.000000 -0.938811 0.708066
v 0.299983 0.972977 0.708066
v 0.196847 1.101048 0.708066
v 0.000000 1.147348 0.708066
v 0.041836 -0.285619 4.142461
v 0.000000 -0.938811 0.708066
v 0.898440 0.354071 -0.119365
v 0.738579 0.649091 -0.119365
v 0.318114 0.800295 -0.119365
v 0.967243 -0.766355 -0.119366
v 0.693762 -0.873673 -0.119366
v 0.000000 -0.938811 -0.119366
v 0.283938 0.913669 -0.119365
v 0.182101 1.020164 -0.119365
v 0.000000 1.055915 -0.119365
v 0.955488 0.335903 -1.369981
v 0.771264 0.620182 -1.369981
v 0.268682 0.754295 -1.369981
v 0.000000 -0.909901 -1.369982
v 0.245390 0.827555 -1.369981
v 0.153804 0.918699 -1.369981
v 0.000000 0.945431 -1.369981
v 0.000000 -0.909901 -1.369982
v 0.412431 0.751062 -1.369981
v 0.412446 0.799844 -0.119365
v 0.412456 0.827896 0.708066
v 1.031988 0.321742 -2.693831
v 0.793340 0.584321 -2.693831
v 0.237264 0.711552 -2.693831
v 1.094735 -0.129289 -2.693831
v 1.121784 -0.694939 -2.693832
v 0.764615 -0.797808 -2.693832
v 0.000000 -0.860891 -2.693832
v 0.217530 0.768959 -2.693831
v 0.147757 0.840381 -2.693831
v 0.000000 0.861328 -2.693831
v 0.000000 -0.860891 -2.693832
v 0.454338 0.709019 -2.693831
v 1.031988 0.307580 -3.492063
v 0.793340 0.556561 -3.492063
v 0.224191 0.668358 -3.492063
v 1.094735 -0.115769 -3.492063
v 1.121784 -0.660200 -3.492063
v 0.758089 -0.769858 -3.492063
v 0.000000 -0.828464 -3.492063
v 0.205545 0.722602 -3.492063
v 0.462835 0.661698 -3.492063
v 0.000000 0.837506 -3.063443
v 1.008736 0.212381 -5.382185
v 0.775638 0.428229 -5.382185
v 0.167361 0.528302 -5.382185
v 1.086266 -0.076965 -5.382185
v 1.029559 -0.522080 -5.382185
v 0.719003 -0.666578 -5.382185
v 0.000000 -0.578766 -5.382185
v 0.152841 0.671488 -5.382185
v 0.101504 0.763160 -5.382185
v 0.487853 0.505982 -5.382185
v 0.290065 -0.883610 3.466520
v 0.205651 -0.270070 4.142461
v 0.265122 -0.933125 0.708066
v 0.284386 -0.905243 -1.369982
v 0.307482 -0.856232 -2.693832
v 0.269147 -0.934838 2.711635
v 0.265122 -0.933125 -0.119366
v 0.307500 -0.808329 -3.492063
v 0.203692 -0.664444 -5.382185
v 0.941588 0.196942 -6.247613
v 0.745750 0.364163 -6.247613
v 0.138981 0.454356 -6.247613
v 1.011464 -0.063839 -6.247613
v 0.949195 -0.416788 -6.247613
v 0.705342 -0.595243 -6.247613
v 0.000000 -0.516099 -6.247613
v 0.125895 0.638041 -6.247613
v 0.070624 0.720663 -6.247613
v 0.502749 0.434239 -6.247613
v 0.277181 -0.593319 -6.247613
v 0.102753 0.404554 -6.857940
v 0.089666 0.575811 -6.857940
v 0.036481 0.658432 -6.857940
v 0.000000 0.672323 -6.857940
v 0.246248 0.341976 -6.247613
v 0.062484 0.158213 -6.247613
v 0.000000 -0.092813 -6.247613
v 0.000000 0.158213 -6.247613
v 0.000000 0.454356 -6.247613
v 0.000000 0.404554 -6.857940
v 0.138981 0.238013 -6.247613
v 0.102753 0.188208 -6.857940
v 0.000000 0.238013 -6.247613
v 0.000000 0.188208 -6.857940
v 0.117033 0.417863 -6.643815
v 0.103947 0.592444 -6.643815
v 0.000000 0.688956 -6.678133
v 0.051788 0.675065 -6.643815
v 0.117033 0.201514 -6.643815
v 0.000000 0.201514 -6.643815
v 0.935522 -0.039561 -0.119365
v 0.852156 -0.323792 2.525251
v 1.099978 -0.221301 -3.492063
v 0.999985 -0.027134 -1.369981
v 1.099647 -0.296693 -4.670102
v 1.052468 -0.342264 -5.382185
v 0.993049 -0.386488 -5.878533
v 1.111265 -0.446351 -3.492063
v 1.110335 -0.478102 -4.101322
v 0.952041 -0.379060 -0.119366
v 1.108512 -0.417390 -2.693832
v 0.917875 -0.361988 0.708066
v 0.109084 0.774742 -4.569202
v 0.119128 0.784684 -3.484949
v 0.157766 0.784684 -3.484949
v 0.062484 -0.343839 -6.247613
v 0.000000 -0.343839 -6.247613
v 0.266177 -0.933574 1.233297
v 0.272740 -0.926037 2.841323
v 0.221023 -0.934578 1.266244
v 0.221018 -0.936015 2.744581
v 0.000000 -0.939328 1.137517
v 0.154916 -0.935881 1.137517
v 0.000000 -0.933364 2.869917
v 0.221018 -0.929260 2.844295
v 0.276017 -0.917356 -0.826650
v 0.715551 -0.858486 -0.826615
v 1.058554 -0.726476 -1.700395
v 0.290155 -0.893002 -1.700623
v 0.740362 -0.834581 -1.700543
v 0.990988 -0.387437 -0.813168
v 1.006566 -0.749911 -0.819100
v 1.041667 -0.399390 -1.668031
v 1.051745 -0.594601 -1.687346
v 0.999891 -0.594601 -0.816558
v 0.101504 0.763160 -5.382185
v 0.070624 0.720663 -6.247613
v 0.000000 0.688956 -6.678133
v 0.051788 0.675065 -6.643815
v 0.000000 0.734553 -6.247613
v 0.000000 0.777050 -5.382185
v -0.101504 0.763160 -5.382185
v -0.070624 0.720663 -6.247613
v -0.051788 0.675065 -6.643815
v 0.497274 0.320349 -6.926420
v 0.703858 0.264995 -6.926420
v 0.855089 0.113765 -6.926420
v 0.910443 -0.092820 -6.926420
v 0.855089 -0.299405 -6.926420
v 0.703858 -0.450635 -6.926420
v 0.497274 -0.505989 -6.926420
v 0.290689 -0.450635 -6.926420
v 0.139459 -0.299405 -6.926420
v 0.084105 -0.092820 -6.926420
v 0.139459 0.113765 -6.926420
v 0.290689 0.264995 -6.926420
v 0.502749 0.434239 -6.247613
v 0.745750 0.364162 -6.247613
v 0.941588 0.196942 -6.247613
v 1.011464 -0.063839 -6.247613
v 0.949195 -0.416788 -6.247613
v 0.705342 -0.595243 -6.247613
v 0.277181 -0.593319 -6.247613
v 0.062484 -0.343839 -6.247613
v -0.000001 -0.092813 -6.247613
v 0.062484 0.158212 -6.247613
v 0.246248 0.341976 -6.247613
v 0.497274 0.302868 -6.896480
v 0.695116 0.249852 -6.896480
v 0.839946 0.105022 -6.896480
v 0.892958 -0.092820 -6.896480
v 0.839946 -0.290655 -6.896480
v 0.695116 -0.435486 -6.896480
v 0.497274 -0.488497 -6.896480
v 0.299432 -0.435486 -6.896480
v 0.154602 -0.290655 -6.896480
v 0.101590 -0.092820 -6.896480
v 0.154602 0.105022 -6.896480
v 0.299432 0.249852 -6.896480
v 0.497274 0.378375 -6.107259
v 0.732868 0.315247 -6.107259
v 0.905334 0.142781 -6.107259
v 0.968462 -0.092813 -6.107259
v 0.905334 -0.328407 -6.107259
v 0.732868 -0.500874 -6.107259
v 0.497274 -0.564002 -6.107259
v 0.261680 -0.500874 -6.107259
v 0.089214 -0.328407 -6.107259
v 0.026086 -0.092813 -6.107259
v 0.089214 0.142781 -6.107259
v 0.261680 0.315247 -6.107259
v -0.497275 0.320349 -6.926420
v -0.703860 0.264995 -6.926420
v -0.855090 0.113765 -6.926420
v -0.910444 -0.092820 -6.926420
v -0.855090 -0.299405 -6.926420
v -0.703860 -0.450635 -6.926420
v -0.497275 -0.505989 -6.926420
v -0.290690 -0.450635 -6.926420
v -0.139460 -0.299405 -6.926420
v -0.084106 -0.092820 -6.926420
v -0.139460 0.113765 -6.926420
v -0.290690 0.264995 -6.926420
v -0.502750 0.434239 -6.247613
v -0.745751 0.364162 -6.247613
v -0.941589 0.196942 -6.247613
v -1.011466 -0.063839 -6.247613
v -0.949196 -0.416788 -6.247613
v -0.705343 -0.595243 -6.247613
v -0.277182 -0.593319 -6.247613
v -0.062486 -0.343839 -6.247613
v -0.062486 0.158212 -6.247613
v -0.246249 0.341976 -6.247613
v -0.497275 0.302868 -6.896480
v -0.695117 0.249852 -6.896480
v -0.839947 0.105022 -6.896480
v -0.892959 -0.092820 -6.896480
v -0.839947 -0.290655 -6.896480
v -0.695117 -0.435486 -6.896480
v -0.497275 -0.488497 -6.896480
v -0.299433 -0.435486 -6.896480
v -0.154603 -0.290655 -6.896480
v -0.101591 -0.092820 -6.896480
v -0.154603 0.105022 -6.896480
v -0.299433 0.249852 -6.896480
v -0.497275 0.378375 -6.107259
v -0.732869 0.315247 -6.107259
v -0.905335 0.142781 -6.107259
v -0.968463 -0.092813 -6.107259
v -0.905335 -0.328407 -6.107259
v -0.732869 -0.500874 -6.107259
v -0.497275 -0.564002 -6.107259
v -0.261681 -0.500874 -6.107259
v -0.089215 -0.328407 -6.107259
v -0.026088 -0.092813 -6.107259
v -0.089215 0.142781 -6.107259
v -0.261681 0.315247 -6.107259
v 0.568884 0.757245 5.775214
v 0.507753 0.779876 5.775214
v 0.448524 0.752652 5.775214
v 0.425894 0.691521 5.775214
v 0.453118 0.632292 5.775214
v 0.514249 0.609662 5.775214
v 0.573478 0.636885 5.775214
v 0.596108 0.698016 5.775214
v 0.536816 0.722632 5.838448
v 0.509552 0.732725 5.838448
v 0.483137 0.720584 5.838448
v 0.473045 0.693321 5.838448
v 0.485186 0.666905 5.838448
v 0.512450 0.656812 5.838448
v 0.538864 0.668954 5.838448
v 0.548957 0.696217 5.838448
v 0.487008 0.713156 4.985872
v 0.469842 0.719511 4.985872
v 0.453211 0.711866 4.985872
v 0.488298 0.679359 4.985872
v 0.494653 0.696525 4.985872
v 0.556463 0.652647 5.380543
v 0.575308 0.703550 5.380543
v 0.452419 0.749043 5.380543
v 0.552639 0.752868 5.380543
v 0.501737 0.771712 5.380543
v 0.343189 0.638957 5.775214
v 0.352982 0.516463 5.775214
v 0.437906 0.695347 4.985872
v 0.472993 0.662840 4.985872
v 0.414993 0.525735 5.380543
v 0.375218 0.665715 5.380543
v 0.586447 0.697648 5.806830
v 0.566386 0.643456 5.806830
v 0.513881 0.619323 5.806830
v 0.459688 0.639384 5.806830
v 0.435555 0.691890 5.806830
v 0.455616 0.746081 5.806830
v 0.508122 0.770215 5.806830
v 0.562314 0.750153 5.806830
v 0.476700 0.587961 5.775214
v 0.409242 0.710253 5.775214
v 0.343189 0.638957 5.815256
v 0.331130 0.536708 5.815256
v 0.401574 0.674433 5.815256
v 0.441474 0.599951 5.815256
v 0.452666 0.845666 4.674785
v 0.226333 1.408084 4.816026
v 0.453518 0.953629 4.699316
v -0.452666 0.845666 4.674785
v -0.331390 0.766314 5.879986
v -0.436847 0.901958 4.780191
v -0.318159 0.859775 5.817079
v -0.226333 1.378877 4.867699
v -0.411306 1.169112 4.808986
v -0.436356 0.944642 4.753236
v -0.210629 0.753501 6.153196
v -0.186040 0.856848 5.981324
v 0.000000 0.740689 6.260151
v 0.331390 0.766314 5.879986
v 0.000000 1.458260 4.833251
v 0.428468 1.178099 4.755065
v 0.436847 0.901958 4.780191
v 0.318159 0.859775 5.817079
v 0.000000 1.429053 4.884924
v 0.226333 1.378877 4.867699
v 0.411306 1.169112 4.808986
v 0.436356 0.944642 4.753236
v 0.000000 0.848529 6.064690
v 0.210629 0.753501 6.153196
v 0.186040 0.856848 5.981324
v -0.226333 1.408084 4.816026
v -0.428468 1.178099 4.755065
v -0.453518 0.953629 4.699316
v 0.000000 0.740689 6.260151
v 0.452666 0.845666 4.674785
v 0.331390 0.766314 5.879986
v 0.000000 1.458260 4.833251
v 0.226333 1.408084 4.816026
v 0.428468 1.178099 4.755065
v 0.453518 0.953629 4.699316
v 0.436847 0.901958 4.780191
v 0.318159 0.859775 5.817079
v 0.000000 1.429053 4.884924
v 0.226333 1.378877 4.867699
v 0.411306 1.169112 4.808986
v 0.436356 0.944642 4.753236
v 0.000000 0.848529 6.064690
v 0.210629 0.753501 6.153196
v 0.186040 0.856848 5.981324
v -0.452666 0.845666 4.674785
v -0.331390 0.766314 5.879986
v -0.226333 1.408084 4.816026
v -0.428468 1.178099 4.755065
v -0.453518 0.953629 4.699316
v -0.436847 0.901958 4.780191
v -0.318159 0.859775 5.817079
v -0.226333 1.378877 4.867699
v -0.411306 1.169112 4.808986
v -0.436356 0.944642 4.753236
v -0.210629 0.753501 6.153196
v -0.186040 0.856848 5.981324
v 0.000000 0.705796 6.240594
v 0.413317 0.843169 4.668047
v 0.299334 0.746429 5.866681
v 0.000000 1.423437 4.813568
v 0.206702 1.377791 4.798793
v 0.392406 1.166949 4.741829
v 0.414821 0.953045 4.689207
v 0.397486 0.897912 4.774331
v 0.281619 0.846326 5.807920
v 0.000000 1.394230 4.865242
v 0.205070 1.349437 4.850931
v 0.376241 1.155243 4.795641
v 0.397606 0.944113 4.743328
v 0.000000 0.813636 6.045133
v 0.197435 0.720876 6.134181
v 0.165730 0.827520 5.963231
v -0.413317 0.843169 4.668047
v -0.299334 0.746429 5.866681
v -0.206702 1.377791 4.798793
v -0.392406 1.166949 4.741829
v -0.414821 0.953045 4.689207
v -0.397486 0.897912 4.774331
v -0.281619 0.846326 5.807920
v -0.205070 1.349437 4.850931
v -0.376241 1.155243 4.795641
v -0.397606 0.944113 4.743328
v -0.197435 0.720876 6.134181
v -0.165730 0.827520 5.963231
v 0.083435 1.155814 -3.133239
v 0.083435 0.987060 -3.137164
v 0.000000 0.987060 -3.137164
v 0.000000 1.155814 -3.133239
v 0.000000 1.155814 -3.180507
v 0.000000 0.987060 -3.184431
v 0.083435 1.155814 -3.180507
v 0.083435 0.987060 -3.184431
v -0.083435 1.155814 -3.133239
v -0.083435 0.987060 -3.137164
v -0.083435 1.155814 -3.180507
v -0.083435 0.987060 -3.184431
v 0.859338 -0.714956 3.466520
v 0.599848 -0.825961 3.466520
v 0.000000 -0.892893 3.466520
v 0.776972 -0.277288 3.466520
v 0.000000 -0.288798 4.142461
v 0.369465 -0.254521 4.142461
v 0.750155 -0.170858 4.141531
v 0.833387 -0.685969 3.385286
v 0.598315 -0.790652 3.385286
v 0.760602 -0.271416 3.385286
v 0.000000 -0.337951 3.776504
v 0.364051 -0.346063 3.385285
v 0.833387 -0.685969 3.074807
v 0.598315 -0.790652 3.074807
v 0.760602 -0.271416 3.074807
v 0.364051 -0.346063 3.074807
v 0.041836 -0.285619 4.142461
v 0.041836 -0.849394 3.385286
v 0.041836 -0.336562 3.695269
v 0.041836 -0.849394 3.074807
v 0.041836 -0.379690 3.074807
v 0.290065 -0.883610 3.466520
v 0.205651 -0.270070 4.142461
v 0.289299 -0.846906 3.385286
v 0.202943 -0.341313 3.540277
v 0.289299 -0.846906 3.074807
v 0.202943 -0.362877 3.074807
v -0.859338 -0.714956 3.466520
v -0.599848 -0.825961 3.466520
v -0.776972 -0.277288 3.466520
v -0.369465 -0.254521 4.142461
v -0.750155 -0.170858 4.141531
v -0.833387 -0.685969 3.385286
v -0.598315 -0.790652 3.385286
v -0.760602 -0.271416 3.385286
v -0.364051 -0.346063 3.385285
v -0.833387 -0.685969 3.074807
v -0.598315 -0.790652 3.074807
v -0.760602 -0.271416 3.074807
v -0.364051 -0.346063 3.074807
v -0.041836 -0.285619 4.142461
v -0.041836 -0.849394 3.385286
v -0.041836 -0.336562 3.695269
v -0.041836 -0.849394 3.074807
v -0.041836 -0.379690 3.074807
v -0.290065 -0.883610 3.466520
v -0.205651 -0.270070 4.142461
v -0.289299 -0.846906 3.385286
v -0.202943 -0.341313 3.540277
v -0.289299 -0.846906 3.074807
v -0.202943 -0.362877 3.074807
v 0.833387 -0.685969 3.074807
v 0.598315 -0.790652 3.074807
v 0.760602 -0.271416 3.074807
v 0.364051 -0.346063 3.074807
v 0.041836 -0.849394 3.074807
v 0.041836 -0.379690 3.074807
v 0.289299 -0.846906 3.074807
v 0.202943 -0.362877 3.074807
v -0.833387 -0.685969 3.074807
v -0.598315 -0.790652 3.074807
v -0.760602 -0.271416 3.074807
v -0.364051 -0.346063 3.074807
v -0.041836 -0.849394 3.074807
v -0.041836 -0.379690 3.074807
v -0.289299 -0.846906 3.074807
v -0.202943 -0.362877 3.074807
v 0.284386 -0.905243 -1.369982
v 0.276017 -0.917356 -0.826650
v 0.715551 -0.858486 -0.826615
v 1.058554 -0.726476 -1.700395
v 0.290155 -0.893002 -1.700623
v 0.740362 -0.834581 -1.700543
v 0.990988 -0.387437 -0.813168
v 1.890385 -0.420575 -1.654239
v 1.378761 -0.424125 -0.960843
v 1.438063 -0.431764 -1.654239
v 1.006566 -0.749911 -0.819100
v 1.486098 -0.421372 -0.941142
v 2.100038 -0.408889 -1.086047
v 2.100038 -0.415825 -1.654239
v 1.196288 -0.411777 -1.654239
v 1.041667 -0.399390 -1.668031
v 1.051745 -0.594601 -1.687346
v 0.999891 -0.594601 -0.816558
v 0.040621 -0.184957 -1.369982
v 0.032252 -0.197070 -0.826650
v 0.046389 -0.172716 -1.700623
v 0.747222 -0.184893 -0.813168
v 1.646619 -0.218032 -1.654239
v 1.134996 -0.221581 -0.960843
v 1.194297 -0.229220 -1.654239
v 1.242333 -0.218828 -0.941142
v 1.856273 -0.206345 -1.086047
v 1.856273 -0.213281 -1.654239
v 0.952523 -0.209233 -1.654239
v 0.797901 -0.196846 -1.668031
v -0.284386 -0.905243 -1.369982
v -0.276017 -0.917356 -0.826650
v -0.715551 -0.858486 -0.826615
v -1.058554 -0.726476 -1.700395
v -0.290155 -0.893002 -1.700623
v -0.740362 -0.834581 -1.700543
v -0.990988 -0.387437 -0.813168
v -1.890385 -0.420575 -1.654239
v -1.378761 -0.424125 -0.960843
v -1.438063 -0.431764 -1.654239
v -1.006566 -0.749911 -0.819100
v -1.486098 -0.421372 -0.941142
v -2.100038 -0.408889 -1.086047
v -2.100038 -0.415825 -1.654239
v -1.196288 -0.411777 -1.654239
v -1.041667 -0.399390 -1.668031
v -1.051745 -0.594601 -1.687346
v -0.999891 -0.594601 -0.816558
v -0.040621 -0.184957 -1.369982
v -0.032252 -0.197070 -0.826650
v -0.046389 -0.172716 -1.700623
v -0.747222 -0.184893 -0.813168
v -1.646619 -0.218032 -1.654239
v -1.134996 -0.221581 -0.960843
v -1.194297 -0.229220 -1.654239
v -1.242333 -0.218828 -0.941142
v -1.856273 -0.206345 -1.086047
v -1.856273 -0.213281 -1.654239
v -0.952523 -0.209233 -1.654239
v -0.797901 -0.196846 -1.668031
v 0.221023 -0.934578 1.266244
v 0.221018 -0.936015 2.744581
v 0.000000 -0.939328 1.137517
v 0.154916 -0.935881 1.137517
v 0.000000 -0.933364 2.869917
v 0.221018 -0.929260 2.844295
v 0.236473 -0.869403 1.163145
v 0.236467 -0.871040 2.848155
v 0.000000 -0.874816 1.016422
v 0.161124 -0.870888 1.016422
v 0.000000 -0.868019 2.991013
v 0.236467 -0.863340 2.961808
v 0.374663 -0.689599 1.163145
v 0.374650 -0.691236 2.848155
v 0.000000 -0.695012 1.016422
v 0.202098 -0.691084 1.016422
v 0.000000 -0.688215 2.991013
v 0.374649 -0.683537 2.961808
v -0.221023 -0.934578 1.266244
v -0.221018 -0.936015 2.744581
v -0.154916 -0.935881 1.137517
v -0.221018 -0.929260 2.844295
v -0.236473 -0.869403 1.163145
v -0.236467 -0.871040 2.848155
v -0.161124 -0.870888 1.016422
v -0.236467 -0.863340 2.961808
v -0.374663 -0.689599 1.163145
v -0.374650 -0.691236 2.848155
v -0.202098 -0.691084 1.016422
v -0.374649 -0.683537 2.961808
v -0.497275 -0.594308 -6.247613
v 0.497274 -0.594308 -6.247613
vn -0.9308 -0.2494 0.2672
vn -0.9171 0.2458 0.3138
vn -0.2536 -0.9463 0.2005
vn -0.6618 0.6618 0.3524
vn -0.6889 -0.6889 0.2253
vn -0.2401 0.8959 0.3739
vn -0.8426 -0.2258 0.4889
vn -0.8426 0.2258 0.4889
vn -0.2257 -0.8426 0.4889
vn -0.6169 0.6168 0.4889
vn -0.6169 -0.6168 0.4889
vn -0.2258 0.8426 0.4889
vn -0.1748 0.9650 0.1954
vn -0.2333 0.9251 0.2996
vn -0.6928 -0.7157 0.0889
vn -0.7009 -0.6956 0.1575
vn -0.7631 0.6152 0.1979
vn -0.6872 0.6727 0.2743
vn -0.1194 -0.9922 0.0359
vn -0.1961 -0.9727 0.1240
vn -0.9556 0.2560 0.1461
vn -0.9398 0.2518 0.2310
vn -0.9756 -0.1733 0.1349
vn -0.9527 -0.2406 0.1858
vn -0.8418 0.5265 0.1191
vn -0.9552 0.2731 0.1139
vn -0.0871 -0.9961 -0.0141
vn -0.0852 -0.9963 -0.0127
vn -0.0852 -0.9963 -0.0128
vn -0.6364 -0.7709 0.0269
vn -0.2371 0.9333 0.2696
vn -0.2372 0.9333 0.2695
vn -0.9879 -0.1238 0.0938
vn -0.8172 0.5571 0.1479
vn -0.5017 -0.8650 -0.0105
vn -0.9635 0.2659 0.0317
vn -0.9940 -0.1048 0.0301
vn 0.0741 0.9972 0.0111
vn 0.5384 0.8426 0.0094
vn -0.3688 -0.9294 0.0112
vn 0.2793 0.9602 0.0107
vn 0.0881 0.9961 0.0110
vn 0.0881 0.9960 0.0111
vn -0.8366 0.2304 0.4971
vn -0.3926 -0.9178 0.0590
vn -0.9879 0.1549 0.0080
vn -0.9958 0.0883 0.0256
vn 0.0881 0.9960 0.0148
vn 0.0881 0.9960 0.0130
vn -0.0803 -0.9966 -0.0202
vn -0.0809 -0.9965 -0.0197
vn -0.9547 0.2835 0.0899
vn -0.5848 -0.8108 0.0249
vn -0.7963 0.6020 0.0588
vn -0.9886 -0.1273 0.0799
vn -0.0807 -0.9965 -0.0205
vn 0.1819 0.9833 0.0025
vn 0.2146 0.9766 0.0158
vn 0.0944 0.9942 0.0521
vn -0.8932 -0.0000 0.4498
vn -0.7513 0.4723 0.4609
vn 0.0354 0.9989 -0.0293
vn -0.9941 0.0881 0.0630
vn -0.9987 0.0349 0.0362
vn -0.9986 0.0368 0.0384
vn -0.9986 0.0369 0.0384
vn -0.9622 0.2650 0.0620
vn -0.9519 0.3041 -0.0389
vn -0.2593 0.9610 -0.0966
vn -0.7990 0.5987 -0.0556
vn -0.0678 -0.9955 0.0664
vn -0.0227 -0.9997 -0.0009
vn -0.0219 -0.9998 -0.0009
vn -0.0223 -0.9998 -0.0009
vn -0.9437 0.3296 0.0264
vn -0.3555 -0.9345 0.0182
vn -0.9932 0.1059 0.0478
vn -0.9932 0.1065 0.0479
vn -0.8990 0.4369 0.0306
vn -0.1459 -0.9893 0.0045
vn -0.7512 0.6564 -0.0696
vn -0.2105 0.9721 -0.1031
vn -0.9624 0.2692 -0.0351
vn -0.9984 0.0388 0.0406
vn -0.9955 -0.0825 0.0463
vn -0.9903 0.1156 0.0770
vn -0.6581 0.7528 0.0149
vn -0.5187 0.8549 -0.0087
vn -0.3573 -0.9340 -0.0055
vn -0.9976 0.0409 0.0557
vn -0.9976 0.0420 0.0555
vn -0.9976 0.0400 0.0563
vn -0.1822 0.9796 -0.0851
vn -0.0155 0.9992 -0.0382
vn -0.0157 0.9993 -0.0350
vn -0.9546 0.2939 -0.0491
vn -0.9931 0.1071 0.0480
vn -0.8596 0.5106 0.0212
vn -0.1350 -0.9907 -0.0186
vn -0.7129 0.6977 -0.0714
vn 0.0874 0.9959 -0.0244
vn -0.3802 0.9246 -0.0238
vn -0.4372 0.8991 -0.0220
vn -0.9897 0.1304 0.0583
vn -0.7090 0.7037 -0.0455
vn -0.1559 0.9859 -0.0608
vn -0.1576 0.9853 -0.0661
vn -0.9493 0.3126 -0.0332
vn -0.9452 0.3247 -0.0335
vn -0.9492 0.3128 -0.0337
vn -0.3438 0.9388 -0.0193
vn -0.7909 0.6116 0.0179
vn -0.0160 0.9994 -0.0319
vn -0.1594 0.9846 -0.0714
vn -0.3244 0.9450 -0.0427
vn -0.9452 0.3249 -0.0331
vn -0.0157 -0.9992 -0.0375
vn -0.0148 -0.9991 -0.0404
vn -0.0151 -0.9991 -0.0406
vn -0.7311 0.6821 -0.0179
vn -0.9988 0.0484 0.0019
vn -0.9988 0.0487 -0.0010
vn -0.9988 0.0491 -0.0038
vn -0.2826 -0.9585 -0.0388
vn -0.0201 0.9982 -0.0567
vn -0.9899 0.1421 -0.0001
vn -0.6466 0.7600 -0.0653
vn -0.0652 -0.9961 -0.0598
vn 0.3849 -0.9150 -0.1209
vn -0.3518 -0.9333 -0.0718
vn -0.2829 0.9565 -0.0713
vn -0.9855 0.1656 -0.0369
vn -0.9811 0.1931 -0.0111
vn -0.9896 -0.1315 -0.0579
vn -0.8724 0.4886 -0.0151
vn -0.7010 0.7114 -0.0497
vn -0.0516 0.9956 -0.0783
vn -0.0567 0.9951 -0.0813
vn -0.0156 -0.9992 -0.0369
vn -0.0169 -0.9996 -0.0223
vn -0.0164 -0.9996 -0.0220
vn -0.0179 -0.9996 -0.0227
vn -0.0215 -0.9998 -0.0005
vn -0.0214 -0.9998 -0.0005
vn -0.0214 -0.9998 -0.0000
vn -0.1606 -0.9870 0.0027
vn -0.1555 -0.9878 -0.0012
vn -0.1566 -0.9877 -0.0003
vn -0.1826 -0.9813 0.0615
vn -0.0375 -0.9971 -0.0666
vn -0.1060 -0.9932 -0.0476
vn -0.0651 -0.9947 -0.0793
vn -0.2675 0.9604 -0.0777
vn -0.9958 0.0841 -0.0370
vn -0.9629 0.2580 -0.0793
vn 0.0041 -0.9966 -0.0823
vn 0.3196 -0.9436 -0.0865
vn -0.9796 -0.1728 -0.1022
vn -0.8520 0.5211 -0.0513
vn -0.6644 0.7440 -0.0714
vn -0.0617 0.9945 -0.0842
vn -0.5000 -0.8584 -0.1148
vn -0.9988 0.0496 -0.0035
vn -0.9988 0.0496 -0.0014
vn -0.9988 0.0496 -0.0013
vn -0.9946 0.0752 -0.0713
vn -0.9946 0.0753 -0.0716
vn -0.9954 0.0728 -0.0630
vn -0.3314 0.9390 -0.0922
vn -0.8390 0.5349 -0.0995
vn -0.0000 -0.0000 -1.0000
vn -0.0000 -0.9958 0.0917
vn -0.0000 -0.0000 1.0000
vn -0.9978 -0.0000 -0.0663
vn -0.9985 -0.0000 -0.0556
vn -0.9985 -0.0000 -0.0553
vn -0.9978 -0.0000 -0.0665
vn -0.0000 -0.9981 0.0620
vn -0.8337 0.5420 -0.1053
vn -0.9954 0.0727 -0.0627
vn -0.8190 0.5672 0.0870
vn -0.9988 0.0496 0.0008
vn -0.9903 -0.1262 -0.0575
vn -0.9988 0.0491 -0.0041
vn -0.0000 -1.0000 0.0092
vn -0.0658 -0.9957 0.0657
vn -0.0217 -0.9998 -0.0010
vn -0.0319 -0.9972 0.0676
vn -0.1277 -0.9912 -0.0340
vn -0.2981 -0.9543 -0.0197
vn -0.9968 0.0471 0.0647
vn -0.9968 0.0477 0.0646
vn -0.9968 0.0458 0.0648
vn -0.9591 0.1237 0.2548
vn -0.0267 -0.9972 0.0702
vn -0.9999 0.0092 -0.0114
vn -0.9999 0.0089 -0.0120
vn -0.9999 0.0097 -0.0105
vn -0.8441 0.4480 0.2947
vn -0.9990 0.0441 -0.0117
vn -0.8265 -0.2401 -0.5092
vn -0.9990 0.0145 -0.0422
vn -0.9809 0.1943 -0.0103
vn -0.3403 0.9177 -0.2048
vn -0.9693 0.2433 -0.0351
vn -0.9519 0.3020 -0.0510
vn -0.9982 -0.0015 -0.0596
vn -0.0000 1.0000 -0.0000
vn -0.8524 0.4497 0.2668
vn -0.8892 0.3721 0.2663
vn -0.9146 0.3300 0.2337
vn -0.9233 0.3158 0.2186
vn -0.9202 0.3174 0.2290
vn -0.9206 0.3173 0.2276
vn -0.4483 0.8914 -0.0665
vn -0.4484 0.8915 -0.0644
vn -0.0000 0.9621 0.2727
vn -0.0000 0.9995 0.0301
vn -0.0000 -0.8530 0.5218
vn -0.0000 0.9986 -0.0528
vn -0.4483 0.8913 -0.0686
vn -0.9294 -0.0086 0.3691
vn -0.0000 -0.9630 0.2694
vn -0.9999 0.0137 -0.0075
vn -0.3643 -0.0217 0.9310
vn -0.0000 -0.3830 0.9237
vn -0.0000 0.3455 0.9384
vn -0.9984 -0.0286 -0.0498
vn -0.9948 -0.0024 0.1016
vn -0.9948 -0.0024 0.1017
vn -0.9947 -0.0007 0.1026
vn -0.9946 0.0008 0.1036
vn -0.9982 -0.0381 -0.0458
vn -0.4491 0.8931 0.0269
vn 0.9999 0.0097 -0.0105
vn 0.9999 0.0089 -0.0120
vn 0.9999 0.0093 -0.0112
vn 0.8441 0.4480 0.2947
vn 0.9990 0.0441 -0.0117
vn 0.8265 -0.2401 -0.5092
vn 0.9990 0.0145 -0.0422
vn 0.9809 0.1943 -0.0103
vn 0.3403 0.9177 -0.2048
vn 0.9693 0.2433 -0.0351
vn 0.9519 0.3020 -0.0510
vn 0.9982 -0.0015 -0.0596
vn 0.8524 0.4497 0.2668
vn 0.8892 0.3721 0.2663
vn 0.9146 0.3300 0.2337
vn 0.9206 0.3173 0.2276
vn 0.9233 0.3158 0.2186
vn 0.9239 0.3154 0.2167
vn 0.4483 0.8914 -0.0665
vn 0.4484 0.8915 -0.0644
vn 0.4483 0.8913 -0.0686
vn 0.9294 -0.0086 0.3691
vn 0.9999 0.0137 -0.0075
vn 0.3643 -0.0217 0.9310
vn 0.9983 -0.0361 -0.0467
vn 0.9983 -0.0293 -0.0506
vn 0.9984 -0.0286 -0.0498
vn 0.9948 -0.0024 0.1016
vn 0.9947 -0.0007 0.1026
vn 0.9948 -0.0024 0.1017
vn 0.9946 0.0008 0.1036
vn 0.9982 -0.0381 -0.0458
vn 0.4491 0.8931 0.0269
vn -0.0905 -0.6614 -0.7445
vn -0.0000 -1.0000 -0.0000
vn -0.9996 -0.0060 -0.0290
vn 0.9996 -0.0060 -0.0290
vn 0.9999 0.0086 -0.0125
vn 0.9999 0.0052 -0.0123
vn 0.9995 0.0195 -0.0241
vn -0.9999 0.0052 -0.0123
vn -0.9999 0.0086 -0.0125
vn -0.9995 0.0195 -0.0241
vn -0.3813 -0.9205 0.0848
vn 0.8769 0.3632 -0.3149
vn 0.9239 0.3827 -0.0000
vn 0.3827 -0.9239 -0.0000
vn -0.9239 -0.3827 -0.0000
vn -0.3827 0.9239 -0.0000
vn 0.3827 0.9239 -0.0000
vn 0.9239 -0.3827 -0.0000
vn -0.3827 -0.9239 -0.0000
vn -0.9239 0.3827 -0.0000
vn -0.9045 0.3747 0.2038
vn -0.9205 0.3813 0.0848
vn 0.9206 0.3813 0.0848
vn 0.3813 -0.9206 0.0848
vn -0.9205 -0.3813 0.0848
vn -0.3813 0.9205 0.0848
vn 0.3813 0.9206 0.0848
vn 0.9206 -0.3813 0.0848
vn 0.9045 0.3746 0.2038
vn 0.3746 -0.9045 0.2038
vn -0.9045 -0.3747 0.2038
vn -0.3747 0.9045 0.2038
vn 0.3746 0.9045 0.2038
vn 0.9045 -0.3746 0.2038
vn -0.3747 -0.9045 0.2038
vn 0.3632 -0.8769 -0.3149
vn -0.8769 -0.3632 -0.3149
vn -0.3632 0.8769 -0.3149
vn 0.3632 0.8769 -0.3149
vn 0.8769 -0.3632 -0.3149
vn -0.3632 -0.8769 -0.3149
vn -0.8769 0.3632 -0.3149
vn -0.9164 0.3796 -0.1266
vn -0.3796 -0.9164 -0.1266
vn 0.9164 -0.3796 -0.1266
vn 0.3796 0.9164 -0.1266
vn -0.3796 0.9164 -0.1266
vn -0.9164 -0.3796 -0.1266
vn 0.3796 -0.9164 -0.1266
vn 0.9164 0.3796 -0.1266
vn 0.3813 -0.9205 0.0848
vn -0.9239 0.3827 -0.0060
vn -0.9239 0.3827 -0.0040
vn -0.3827 -0.9239 -0.0040
vn 0.9239 -0.3827 -0.0040
vn 0.3827 0.9239 -0.0040
vn -0.3827 0.9239 -0.0040
vn -0.9239 -0.3827 -0.0040
vn 0.3827 -0.9239 -0.0040
vn 0.9239 0.3827 -0.0040
vn 0.9045 0.3747 0.2038
vn 0.9205 0.3813 0.0848
vn -0.9206 0.3813 0.0848
vn -0.3813 -0.9206 0.0848
vn 0.9205 -0.3813 0.0848
vn 0.3813 0.9205 0.0848
vn -0.3813 0.9206 0.0848
vn -0.9206 -0.3813 0.0848
vn -0.9045 0.3746 0.2038
vn -0.3746 -0.9045 0.2038
vn 0.9045 -0.3747 0.2038
vn 0.3747 0.9045 0.2038
vn -0.3746 0.9045 0.2038
vn -0.9045 -0.3746 0.2038
vn 0.3747 -0.9045 0.2038
vn -0.3827 -0.9239 -0.0060
vn 0.9239 -0.3827 -0.0060
vn 0.9239 -0.3827 -0.0041
vn 0.3827 0.9239 -0.0060
vn 0.3827 0.9239 -0.0041
vn -0.3827 0.9239 -0.0060
vn -0.3827 0.9239 -0.0041
vn -0.9239 -0.3827 -0.0060
vn 0.3827 -0.9239 -0.0060
vn 0.3827 -0.9239 -0.0041
vn 0.9239 0.3827 -0.0060
vn 0.9239 0.3827 -0.0041
vn -0.1319 -0.9912 0.0110
vn -0.0769 -0.9966 0.0287
vn -0.0823 -0.9959 0.0372
vn -0.0832 -0.9964 0.0133
vn -0.0824 -0.9965 0.0135
vn -0.0849 -0.9963 0.0128
vn 0.0234 -0.9997 0.0113
vn 0.0247 -0.9996 0.0137
vn 0.0232 -0.9997 0.0109
vn -0.0812 -0.9961 0.0339
vn 0.1884 -0.9608 -0.2036
vn -0.0847 -0.9948 0.0559
vn 0.0510 -0.9986 0.0122
vn 0.0530 -0.9985 0.0147
vn 0.0593 -0.9980 0.0208
vn 0.0569 -0.9982 0.0184
vn 0.1008 -0.9931 0.0594
vn 0.0577 -0.9972 0.0468
vn 0.0237 -0.9996 0.0131
vn 0.0243 -0.9996 0.0160
vn 0.0273 -0.9995 0.0176
vn 0.0290 -0.9992 0.0284
vn 0.0313 -0.9983 0.0487
vn 1.0000 -0.0000 -0.0000
vn 0.0577 -0.9976 0.0394
vn 0.0581 -0.9967 0.0572
vn 0.0517 -0.9986 0.0142
vn 0.0500 -0.9987 0.0120
vn 0.0521 -0.9985 0.0148
vn 0.0233 -0.9996 0.0127
vn 0.0233 -0.9997 0.0126
vn -0.1063 -0.9943 -0.0007
vn 0.0519 -0.9986 0.0141
vn 0.0583 -0.9981 0.0198
vn 0.0599 -0.9980 0.0214
vn 0.0595 -0.9960 0.0667
vn 0.0632 -0.9959 0.0641
vn 0.0633 -0.9960 0.0637
vn 0.1119 -0.9913 0.0691
vn 0.0531 -0.9986 0.0072
vn 0.0571 -0.9981 0.0227
vn 0.0591 -0.9960 0.0667
vn 0.9982 -0.0579 -0.0177
vn 0.1319 -0.9912 0.0110
vn 0.0769 -0.9966 0.0287
vn 0.0823 -0.9959 0.0372
vn 0.0844 -0.9964 0.0127
vn 0.0824 -0.9965 0.0135
vn 0.0832 -0.9964 0.0133
vn -0.0232 -0.9997 0.0108
vn -0.0247 -0.9996 0.0137
vn -0.0234 -0.9997 0.0113
vn 0.0812 -0.9961 0.0339
vn -0.1884 -0.9608 -0.2036
vn 0.0847 -0.9948 0.0559
vn -0.0510 -0.9986 0.0122
vn -0.0569 -0.9982 0.0184
vn -0.0593 -0.9980 0.0208
vn -0.0511 -0.9986 0.0128
vn -0.1008 -0.9931 0.0594
vn -0.0577 -0.9972 0.0468
vn -0.0237 -0.9996 0.0131
vn -0.0273 -0.9995 0.0176
vn -0.0243 -0.9996 0.0160
vn -0.0290 -0.9992 0.0284
vn -0.0313 -0.9983 0.0487
vn -1.0000 -0.0000 -0.0000
vn -0.0577 -0.9976 0.0394
vn -0.0581 -0.9967 0.0572
vn -0.0593 -0.9960 0.0668
vn -0.0585 -0.9966 0.0573
vn -0.0517 -0.9986 0.0142
vn -0.0500 -0.9987 0.0120
vn -0.0521 -0.9985 0.0148
vn -0.0233 -0.9997 0.0126
vn -0.0233 -0.9996 0.0127
vn 0.1063 -0.9943 -0.0007
vn -0.0583 -0.9981 0.0198
vn -0.0519 -0.9986 0.0141
vn -0.0599 -0.9980 0.0214
vn -0.0633 -0.9960 0.0637
vn -0.0632 -0.9959 0.0641
vn -0.1119 -0.9913 0.0691
vn -0.0531 -0.9986 0.0072
vn -0.0571 -0.9981 0.0227
vn -0.0591 -0.9960 0.0667
vn -0.9982 -0.0579 -0.0177
vn 0.3145 0.9474 -0.0587
vn 0.3227 0.9406 0.1052
vn 0.3258 0.9417 -0.0841
vn 0.2329 0.9675 0.0982
vn -0.0103 0.9953 -0.0966
vn -0.0118 0.9956 -0.0929
vn -0.0104 0.9952 -0.0968
vn 0.9998 0.0173 -0.0096
vn -0.0120 0.9957 -0.0923
vn -0.0036 0.9981 -0.0614
vn 0.0397 0.9991 0.0115
vn 0.2277 0.9706 -0.0775
vn 0.2942 0.9550 0.0373
vn 0.2628 0.9632 -0.0564
vn 0.2530 0.9619 -0.1037
vn -0.0486 0.9940 -0.0984
vn -0.0504 0.9941 -0.0956
vn -0.0490 0.9939 -0.0985
vn -0.0489 0.9939 -0.0987
vn -0.0455 0.9948 -0.0915
vn -0.0360 0.9972 -0.0650
vn -0.0396 0.9967 -0.0713
vn 0.0132 0.9999 0.0089
vn 0.0142 0.9998 0.0101
vn 0.0135 0.9999 0.0091
vn 0.1103 0.9896 0.0923
vn 0.0995 0.9901 0.0989
vn 0.1034 0.9906 0.0899
vn 0.1000 0.9909 0.0904
vn 0.1017 0.9908 0.0893
vn 0.1178 0.9861 0.1170
vn 0.0918 0.9912 0.0954
vn 0.1067 0.9881 0.1108
vn -0.0416 0.9964 -0.0736
vn -0.0475 0.9953 -0.0848
vn -0.0277 0.9716 -0.2349
vn -0.0372 0.9971 -0.0670
vn -0.0397 0.9914 -0.1250
vn 0.0144 0.9998 0.0103
vn 0.1393 0.9809 0.1357
vn 0.0523 -0.0038 0.9986
vn 0.0670 -0.0053 0.9977
vn -1.0000 -0.0001 -0.0003
vn -1.0000 -0.0000 -0.0073
vn -1.0000 -0.0000 -0.0007
vn -0.3145 0.9474 -0.0587
vn -0.3227 0.9406 0.1052
vn -0.3258 0.9417 -0.0841
vn -0.2329 0.9675 0.0982
vn 0.0103 0.9953 -0.0965
vn 0.0104 0.9952 -0.0968
vn 0.0118 0.9956 -0.0929
vn -0.9998 0.0173 -0.0096
vn 0.0120 0.9957 -0.0923
vn 0.0036 0.9981 -0.0614
vn -0.0397 0.9991 0.0115
vn -0.2277 0.9706 -0.0775
vn -0.2942 0.9550 0.0373
vn -0.2628 0.9632 -0.0564
vn -0.2530 0.9619 -0.1037
vn 0.0486 0.9940 -0.0984
vn 0.0489 0.9939 -0.0987
vn 0.0455 0.9947 -0.0920
vn 0.0455 0.9948 -0.0915
vn 0.0360 0.9972 -0.0650
vn 0.0396 0.9967 -0.0712
vn -0.0132 0.9999 0.0089
vn -0.0135 0.9999 0.0091
vn -0.0142 0.9998 0.0101
vn -0.1103 0.9896 0.0923
vn -0.1017 0.9908 0.0893
vn -0.1000 0.9909 0.0904
vn -0.0939 0.9911 0.0942
vn -0.1178 0.9861 0.1170
vn -0.0918 0.9912 0.0954
vn -0.1067 0.9881 0.1108
vn 0.0472 0.9953 -0.0843
vn 0.0475 0.9953 -0.0848
vn 0.0416 0.9964 -0.0736
vn 0.0277 0.9716 -0.2349
vn 0.0372 0.9971 -0.0670
vn 0.0397 0.9914 -0.1250
vn -0.0144 0.9998 0.0103
vn -0.1393 0.9809 0.1357
vn -0.0523 -0.0038 0.9986
vn -0.0670 -0.0053 0.9977
vn 1.0000 -0.0001 -0.0003
vn 1.0000 -0.0000 -0.0007
vn 1.0000 -0.0000 -0.0073
vn 0.9308 -0.2494 0.2672
vn 0.9171 0.2458 0.3138
vn 0.2536 -0.9463 0.2005
vn 0.6618 0.6618 0.3524
vn 0.6889 -0.6889 0.2253
vn 0.2401 0.8959 0.3739
vn 0.8426 -0.2258 0.4889
vn 0.8426 0.2258 0.4889
vn 0.2257 -0.8426 0.4889
vn 0.6169 0.6168 0.4889
vn 0.6169 -0.6168 0.4889
vn 0.2258 0.8426 0.4889
vn 0.1748 0.9650 0.1954
vn 0.2333 0.9251 0.2996
vn 0.6928 -0.7157 0.0889
vn 0.7009 -0.6956 0.1575
vn 0.7631 0.6152 0.1979
vn 0.6872 0.6727 0.2743
vn 0.1194 -0.9922 0.0359
vn 0.1961 -0.9727 0.1240
vn 0.9556 0.2560 0.1461
vn 0.9398 0.2518 0.2310
vn 0.9756 -0.1733 0.1349
vn 0.9527 -0.2406 0.1858
vn 0.8418 0.5265 0.1191
vn 0.9552 0.2731 0.1139
vn 0.0871 -0.9961 -0.0141
vn 0.0852 -0.9963 -0.0128
vn 0.0852 -0.9963 -0.0127
vn 0.6364 -0.7709 0.0269
vn 0.2371 0.9333 0.2696
vn 0.2372 0.9333 0.2696
vn 0.9879 -0.1238 0.0938
vn 0.8172 0.5571 0.1479
vn 0.5017 -0.8650 -0.0105
vn 0.9635 0.2659 0.0317
vn 0.9940 -0.1048 0.0301
vn -0.0741 0.9972 0.0111
vn -0.5384 0.8426 0.0094
vn 0.3688 -0.9294 0.0112
vn -0.2793 0.9602 0.0107
vn -0.0881 0.9960 0.0111
vn 0.8366 0.2304 0.4971
vn 0.3926 -0.9178 0.0590
vn 0.9879 0.1549 0.0080
vn 0.9958 0.0883 0.0256
vn -0.0881 0.9960 0.0148
vn -0.0881 0.9960 0.0130
vn 0.0833 -0.9965 -0.0114
vn 0.9547 0.2835 0.0899
vn 0.5848 -0.8108 0.0249
vn 0.7963 0.6020 0.0588
vn 0.9886 -0.1273 0.0799
vn 0.0807 -0.9965 -0.0205
vn -0.1819 0.9833 0.0025
vn -0.2146 0.9766 0.0158
vn -0.0944 0.9942 0.0521
vn 0.8932 -0.0000 0.4498
vn 0.7513 0.4723 0.4609
vn -0.0354 0.9989 -0.0293
vn 0.9941 0.0881 0.0630
vn 0.9987 0.0349 0.0362
vn 0.9986 0.0369 0.0384
vn 0.9986 0.0368 0.0384
vn 0.9622 0.2650 0.0620
vn 0.9519 0.3041 -0.0389
vn 0.2593 0.9610 -0.0966
vn 0.7990 0.5987 -0.0556
vn 0.0678 -0.9955 0.0664
vn 0.0668 -0.9956 0.0661
vn 0.0227 -0.9997 -0.0009
vn 0.0223 -0.9998 -0.0009
vn 0.0219 -0.9998 -0.0009
vn 0.9437 0.3296 0.0264
vn 0.3555 -0.9345 0.0182
vn 0.9932 0.1059 0.0478
vn 0.9932 0.1065 0.0479
vn 0.8990 0.4369 0.0306
vn 0.1507 -0.9886 0.0017
vn 0.1459 -0.9893 0.0045
vn 0.1577 -0.9875 0.0003
vn 0.7512 0.6564 -0.0696
vn -0.0000 -0.0000 -0.0000
vn 0.2105 0.9721 -0.1031
vn 0.9624 0.2692 -0.0351
vn 0.9984 0.0388 0.0406
vn 0.9955 -0.0825 0.0463
vn 0.9903 0.1156 0.0770
vn 0.6581 0.7528 0.0149
vn 0.5187 0.8549 -0.0087
vn 0.3573 -0.9340 -0.0055
vn 0.9976 0.0420 0.0555
vn 0.1822 0.9796 -0.0851
vn 0.0155 0.9992 -0.0382
vn 0.0157 0.9993 -0.0350
vn 0.9546 0.2939 -0.0491
vn 0.9931 0.1071 0.0480
vn 0.8596 0.5106 0.0212
vn 0.1350 -0.9907 -0.0186
vn 0.7129 0.6977 -0.0714
vn -0.0874 0.9959 -0.0244
vn 0.3802 0.9246 -0.0238
vn 0.4372 0.8991 -0.0220
vn 0.9897 0.1304 0.0583
vn 0.7090 0.7037 -0.0455
vn 0.1559 0.9859 -0.0608
vn 0.1576 0.9853 -0.0661
vn 0.9493 0.3126 -0.0332
vn 0.9492 0.3128 -0.0337
vn 0.9453 0.3246 -0.0335
vn 0.3438 0.9388 -0.0193
vn 0.7909 0.6116 0.0179
vn 0.0160 0.9994 -0.0319
vn 0.1594 0.9846 -0.0714
vn 0.3244 0.9450 -0.0427
vn 0.9452 0.3249 -0.0331
vn 0.0157 -0.9992 -0.0375
vn 0.0151 -0.9991 -0.0406
vn 0.0148 -0.9991 -0.0404
vn 0.7311 0.6821 -0.0179
vn 0.9988 0.0484 0.0019
vn 0.9988 0.0491 -0.0038
vn 0.9988 0.0487 -0.0010
vn 0.2826 -0.9585 -0.0388
vn 0.0201 0.9982 -0.0567
vn 0.9899 0.1421 -0.0001
vn 0.6466 0.7600 -0.0653
vn 0.0652 -0.9961 -0.0598
vn -0.3849 -0.9150 -0.1209
vn 0.3518 -0.9333 -0.0718
vn 0.2829 0.9565 -0.0713
vn 0.9855 0.1656 -0.0369
vn 0.9811 0.1931 -0.0111
vn 0.9896 -0.1315 -0.0579
vn 0.8724 0.4886 -0.0151
vn 0.7010 0.7114 -0.0497
vn 0.0516 0.9956 -0.0783
vn 0.0567 0.9951 -0.0813
vn 0.0156 -0.9992 -0.0367
vn 0.0164 -0.9996 -0.0220
vn 0.0215 -0.9998 -0.0005
vn 0.0214 -0.9998 -0.0000
vn 0.0214 -0.9998 -0.0005
vn 0.1566 -0.9877 -0.0003
vn 0.1801 -0.9816 0.0628
vn 0.1826 -0.9813 0.0615
vn 0.1816 -0.9814 0.0617
vn 0.0375 -0.9971 -0.0666
vn 0.1060 -0.9932 -0.0476
vn 0.0651 -0.9947 -0.0793
vn 0.2675 0.9604 -0.0777
vn 0.9958 0.0841 -0.0370
vn 0.9629 0.2580 -0.0793
vn -0.0044 -0.9966 -0.0821
vn -0.0042 -0.9966 -0.0822
vn -0.0041 -0.9966 -0.0823
vn -0.3196 -0.9436 -0.0865
vn 0.9863 -0.1257 -0.1069
vn 0.8520 0.5211 -0.0513
vn 0.6644 0.7440 -0.0714
vn 0.0617 0.9945 -0.0842
vn 0.5000 -0.8584 -0.1148
vn 0.9988 0.0496 -0.0035
vn 0.9988 0.0496 -0.0013
vn 0.9988 0.0496 -0.0014
vn 0.9946 0.0752 -0.0713
vn 0.9954 0.0728 -0.0629
vn 0.9946 0.0753 -0.0716
vn 0.3314 0.9390 -0.0922
vn 0.8338 0.5419 -0.1053
vn 0.8390 0.5349 -0.0995
vn 0.8389 0.5350 -0.0997
vn 0.9978 -0.0000 -0.0663
vn 0.9985 -0.0000 -0.0553
vn 0.9985 -0.0000 -0.0556
vn 0.9978 -0.0000 -0.0665
vn 0.8337 0.5420 -0.1053
vn 0.9954 0.0727 -0.0627
vn 0.8190 0.5672 0.0870
vn 0.9988 0.0496 0.0008
vn 0.9903 -0.1262 -0.0575
vn 0.9988 0.0491 -0.0041
vn 0.0658 -0.9957 0.0657
vn 0.0217 -0.9998 -0.0010
vn 0.0309 -0.9972 0.0681
vn 0.0277 -0.9972 0.0696
vn 0.0319 -0.9972 0.0676
vn 0.1277 -0.9912 -0.0340
vn 0.2981 -0.9543 -0.0197
vn 0.9969 0.0458 0.0643
vn 0.9969 0.0451 0.0642
vn 0.9968 0.0467 0.0646
vn 0.9591 0.1237 0.2548
vn 0.0267 -0.9972 0.0702
vn 0.2496 0.9619 -0.1118
vn 0.1591 0.9859 -0.0513
vn -0.2496 0.9619 -0.1118
vn -0.1591 0.9859 -0.0513
vn 0.6291 -0.7538 -0.1898
vn -0.3007 0.9432 -0.1412
vn 0.6673 0.7272 -0.1608
vn -0.9612 -0.2475 -0.1221
vn 0.2535 -0.9460 -0.2021
vn 0.9546 0.2558 -0.1530
vn -0.9612 0.2475 -0.1221
vn -0.2534 -0.9457 -0.2038
vn 0.9672 -0.2033 -0.1523
vn -0.7015 0.7015 -0.1255
vn 0.2653 0.9510 -0.1585
vn -0.7311 -0.6676 -0.1407
vn -0.0045 -0.9916 -0.1290
vn -0.8413 -0.2254 -0.4913
vn 0.9618 -0.2577 0.0920
vn 0.8413 -0.2254 -0.4913
vn 0.2254 0.8412 -0.4914
vn -0.8413 0.2254 -0.4913
vn 0.6159 -0.6159 -0.4913
vn -0.2254 -0.8413 -0.4913
vn 0.6158 0.6158 -0.4914
vn -0.6158 0.6158 -0.4914
vn 0.2254 -0.8413 -0.4913
vn -0.6159 -0.6159 -0.4913
vn 0.8413 0.2254 -0.4913
vn -0.2254 0.8412 -0.4914
vn 0.2577 0.9618 0.0920
vn -0.9618 0.2577 0.0920
vn 0.7041 -0.7041 0.0920
vn -0.2577 -0.9618 0.0920
vn 0.7041 0.7041 0.0920
vn -0.7041 0.7041 0.0920
vn 0.2577 -0.9618 0.0920
vn -0.7041 -0.7041 0.0920
vn 0.9618 0.2577 0.0920
vn -0.2577 0.9618 0.0920
vn -0.9618 -0.2577 0.0920
vn -0.6291 -0.7538 -0.1898
vn 0.3007 0.9432 -0.1412
vn -0.6673 0.7272 -0.1608
vn 0.9612 -0.2475 -0.1221
vn -0.2535 -0.9460 -0.2021
vn -0.9546 0.2558 -0.1530
vn 0.9612 0.2475 -0.1221
vn 0.2534 -0.9457 -0.2038
vn -0.9672 -0.2033 -0.1523
vn 0.7015 0.7015 -0.1255
vn -0.2653 0.9510 -0.1585
vn 0.7311 -0.6676 -0.1407
vn 0.0045 -0.9916 -0.1290
vn 0.9221 -0.3414 -0.1824
vn 0.6320 -0.2340 0.7388
vn -0.2340 -0.6320 0.7388
vn -0.6320 0.2340 0.7388
vn 0.2340 0.6320 0.7388
vn 0.6123 0.2815 0.7388
vn 0.2815 -0.6123 0.7388
vn -0.6123 -0.2814 0.7388
vn -0.2815 0.6123 0.7388
vn 0.3432 0.9271 -0.1504
vn 0.8921 0.4101 -0.1896
vn -0.4161 0.9052 -0.0861
vn -0.4176 0.9085 -0.0124
vn 0.9078 0.4173 -0.0420
vn 0.3471 0.9375 -0.0247
vn 0.9364 -0.3467 -0.0542
vn -0.7320 0.6782 -0.0654
vn 0.6663 -0.7283 -0.1597
vn -0.7335 0.6796 -0.0135
vn 0.4170 -0.9073 -0.0542
vn -0.4019 0.8744 0.2719
vn -0.8744 -0.4019 0.2719
vn 0.4019 -0.8744 0.2719
vn 0.8744 0.4019 0.2719
vn 0.3341 0.9025 0.2719
vn -0.9025 0.3341 0.2719
vn -0.3341 -0.9025 0.2719
vn 0.9025 -0.3341 0.2719
vn 0.7396 0.3713 0.5613
vn 0.6677 -0.7443 0.0130
vn 0.4074 -0.7078 0.5772
vn 0.4095 -0.7100 0.5729
vn 0.4078 -0.7105 0.5735
vn 0.2634 0.7116 0.6513
vn 0.8642 -0.3199 0.3884
vn 0.4078 -0.7057 0.5794
vn -0.9641 0.0097 -0.2655
vn -0.7336 0.6796 -0.0000
vn -0.4324 0.7116 0.5538
vn 0.4100 -0.7095 0.5732
vn -0.6645 0.6157 0.4235
vn -0.9510 0.0297 0.3077
vn -0.7514 0.5719 0.3290
vn -0.2246 0.8483 0.4795
vn -0.9793 0.0009 0.2024
vn -0.1849 0.8573 0.4805
vn -0.9809 0.1581 0.1135
vn -0.6708 0.6180 0.4100
vn 0.9510 0.0297 0.3077
vn 0.7514 0.5719 0.3290
vn 0.2246 0.8483 0.4795
vn 0.9793 0.0009 0.2024
vn 0.1849 0.8573 0.4805
vn 0.9809 0.1581 0.1135
vn 0.6708 0.6180 0.4100
vn -0.9538 -0.0243 -0.2996
vn -0.7503 -0.5668 -0.3403
vn -0.2206 -0.8515 -0.4756
vn -0.9796 -0.0025 -0.2011
vn -0.1832 -0.8552 -0.4848
vn -0.9777 -0.1775 -0.1125
vn -0.6713 -0.6172 -0.4105
vn 0.9538 -0.0243 -0.2996
vn 0.7503 -0.5668 -0.3403
vn 0.2206 -0.8515 -0.4756
vn 0.9796 -0.0025 -0.2011
vn 0.1832 -0.8552 -0.4848
vn 0.9777 -0.1775 -0.1125
vn 0.6713 -0.6172 -0.4105
vn 0.6660 -0.7116 0.2238
vn 0.3089 -0.9503 -0.0394
vn 0.1993 0.1991 -0.9595
vn 0.0423 0.4831 -0.8746
vn 0.1882 0.4049 -0.8948
vn 0.2509 0.2578 -0.9331
vn -0.0422 -0.4823 0.8750
vn -0.1702 -0.4037 0.8989
vn -0.2442 -0.2579 0.9348
vn -0.1972 0.5349 0.8216
vn -0.4721 0.8251 -0.3103
vn -0.2280 0.9735 0.0183
vn 0.4257 -0.5101 0.7474
vn -0.3823 0.5543 -0.7393
vn -0.6660 -0.7116 0.2238
vn -0.3089 -0.9503 -0.0394
vn -0.1993 0.1991 -0.9595
vn -0.0423 0.4831 -0.8746
vn -0.1882 0.4049 -0.8948
vn -0.2509 0.2578 -0.9330
vn 0.0422 -0.4823 0.8750
vn 0.1702 -0.4037 0.8989
vn 0.2442 -0.2579 0.9348
vn 0.1972 0.5349 0.8216
vn 0.4721 0.8251 -0.3103
vn 0.2280 0.9735 0.0183
vn -0.4257 -0.5101 0.7474
vn 0.3823 0.5543 -0.7393
vn -0.0000 -0.0232 0.9997
vn -0.3672 0.8420 0.3953
vn -0.9613 -0.1750 0.2129
vn -0.0284 0.8872 0.4605
vn -0.6874 -0.7211 0.0864
vn 0.1703 -0.9780 0.1204
vn 0.1982 -0.9723 0.1241
vn -0.9849 -0.1729 -0.0000
vn 0.8897 -0.2293 0.3948
vn -0.4068 0.9135 -0.0000
vn 0.1850 -0.9827 -0.0000
vn -0.0101 0.9999 -0.0000
vn 0.0658 -0.9961 0.0593
vn 0.0884 -0.9893 0.1165
vn 0.0877 -0.9895 0.1150
vn 0.0879 -0.9894 0.1155
vn -0.0092 0.9112 0.4118
vn -0.1658 0.9007 0.4016
vn 0.0891 -0.9890 0.1179
vn 0.0507 -0.9983 0.0277
vn -0.1791 0.9838 -0.0000
vn 0.3672 0.8420 0.3953
vn 0.9613 -0.1750 0.2129
vn 0.0284 0.8872 0.4605
vn 0.6874 -0.7211 0.0864
vn -0.1703 -0.9780 0.1204
vn -0.1982 -0.9723 0.1241
vn 0.9849 -0.1729 -0.0000
vn -0.8897 -0.2293 0.3948
vn 0.4068 0.9135 -0.0000
vn -0.1850 -0.9827 -0.0000
vn 0.0101 0.9999 -0.0000
vn -0.0658 -0.9961 0.0593
vn -0.0884 -0.9893 0.1165
vn -0.0879 -0.9894 0.1155
vn -0.0877 -0.9895 0.1150
vn 0.0092 0.9112 0.4118
vn 0.1658 0.9007 0.4016
vn -0.0891 -0.9890 0.1179
vn -0.0507 -0.9983 0.0277
vn 0.1791 0.9838 -0.0000
vn -0.2167 -0.2608 -0.9407
vn 0.0180 0.0184 -0.9997
vn 0.0156 0.0179 -0.9997
vn 0.0152 0.0175 -0.9997
vn 0.9468 0.3204 0.0284
vn 0.9469 0.3205 0.0251
vn 0.9469 0.3205 0.0250
vn -0.0976 -0.1174 0.9883
vn -0.6391 -0.7691 0.0094
vn -0.0264 -0.0275 0.9993
vn -0.0851 -0.1025 0.9911
vn 0.0174 -0.0525 0.9985
vn 0.0141 0.0170 -0.9998
vn -0.3566 -0.4292 -0.8298
vn 0.9470 0.3205 0.0217
vn 0.0110 0.0113 -0.9999
vn 0.1715 0.2064 -0.9633
vn -0.0104 -0.9999 0.0134
vn -0.0883 -0.9961 0.0073
vn -0.0497 -0.9987 0.0068
vn 0.0239 -0.9996 0.0124
vn 0.0234 -0.9996 0.0123
vn 0.0236 -0.9996 0.0124
vn 0.0227 -0.9997 0.0122
vn 0.2167 -0.2608 -0.9407
vn -0.0180 0.0184 -0.9997
vn -0.0152 0.0175 -0.9997
vn -0.0156 0.0179 -0.9997
vn -0.9468 0.3204 0.0284
vn -0.9469 0.3205 0.0250
vn -0.9469 0.3205 0.0251
vn 0.0976 -0.1174 0.9883
vn 0.6391 -0.7691 0.0094
vn 0.0264 -0.0275 0.9993
vn 0.0851 -0.1025 0.9911
vn -0.0174 -0.0525 0.9985
vn -0.0141 0.0170 -0.9998
vn 0.3566 -0.4292 -0.8298
vn -0.9470 0.3205 0.0217
vn -0.0110 0.0113 -0.9999
vn -0.1715 0.2064 -0.9633
vn 0.0304 -0.9988 -0.0375
vn 0.0883 -0.9961 0.0073
vn 0.0497 -0.9987 0.0068
vn -0.0239 -0.9996 0.0124
vn -0.0236 -0.9996 0.0124
vn -0.0234 -0.9996 0.0123
vn -0.0227 -0.9997 0.0122
vn -0.9730 0.2310 0.0002
vn -0.0206 0.8819 0.4710
vn -0.9661 0.2575 -0.0174
vn -0.0740 0.8758 -0.4770
vn -0.6565 0.6781 0.3303
vn -0.7155 0.3565 0.6009
vn -0.7922 0.6088 -0.0412
vn -0.7929 0.6094 0.0006
vn -0.0956 0.0368 -0.9947
vn 0.0194 -0.9997 -0.0127
vn 0.9730 0.2310 0.0002
vn 0.0206 0.8819 0.4710
vn 0.9661 0.2575 -0.0174
vn 0.0740 0.8758 -0.4770
vn 0.6565 0.6781 0.3303
vn 0.7155 0.3565 0.6009
vn 0.7922 0.6088 -0.0412
vn 0.7929 0.6094 0.0006
vn 0.0956 0.0368 -0.9947
vn -0.0194 -0.9997 -0.0127
vn 0.2788 0.9584 -0.0606
vn 0.0756 0.9952 0.0619
vn -0.9975 0.0419 0.0570
vn -0.9975 0.0412 0.0569
vn -0.7737 0.6324 -0.0387
vn -0.5827 0.8126 -0.0128
vn -0.0160 -0.9992 -0.0370
vn -0.0164 -0.9992 -0.0367
vn -0.0185 -0.9996 -0.0231
vn -0.0214 -0.9995 -0.0220
vn -0.1795 -0.9838 -0.0012
vn -0.1612 -0.9869 0.0031
vn -0.1797 -0.9817 0.0631
vn -0.1796 -0.9817 0.0628
vn -0.1795 -0.9818 0.0624
vn -0.1792 -0.9819 0.0617
vn -0.9863 -0.1257 -0.1069
vn -0.9839 -0.1561 -0.0874
vn -0.0222 -0.9998 -0.0012
vn -0.9969 0.0450 0.0649
vn -0.9969 0.0451 0.0642
vn -0.9256 0.3057 0.2233
vn -0.9239 0.3154 0.2167
vn 0.9256 0.3057 0.2233
vn 0.9202 0.3174 0.2290
vn 0.0905 -0.6614 -0.7445
vn -0.0000 -0.6653 -0.7466
vn -0.0809 -0.9966 0.0122
vn -0.0859 -0.9962 0.0126
vn 0.0247 -0.9996 0.0135
vn 0.0247 -0.9996 0.0148
vn 0.0228 -0.9997 0.0109
vn 0.0822 -0.9965 0.0123
vn 0.0809 -0.9966 0.0122
vn -0.0247 -0.9996 0.0148
vn -0.0247 -0.9996 0.0135
vn -0.0228 -0.9997 0.0109
vn -0.2788 0.9584 -0.0606
vn -0.0756 0.9952 0.0619
vn 0.9976 0.0392 0.0564
vn 0.9975 0.0412 0.0569
vn 0.9976 0.0397 0.0565
vn 0.9975 0.0419 0.0570
vn 0.5827 0.8126 -0.0128
vn 0.7737 0.6324 -0.0387
vn 0.0164 -0.9992 -0.0367
vn 0.0162 -0.9992 -0.0368
vn 0.0214 -0.9995 -0.0220
vn 0.0191 -0.9996 -0.0229
vn 0.0206 -0.9995 -0.0223
vn 0.0185 -0.9996 -0.0231
vn 0.1612 -0.9869 0.0031
vn 0.1795 -0.9838 -0.0012
vn 0.1792 -0.9819 0.0617
vn 0.1795 -0.9818 0.0625
vn 0.9796 -0.1728 -0.1022
vn 0.9839 -0.1561 -0.0874
vn -0.0001 -0.0000 -1.0000
vn 0.0222 -0.9998 -0.0012
vn 0.9969 0.0450 0.0649
vn 0.9968 0.0458 0.0648
vn 0.5000 -0.8651 -0.0407
vn 0.4995 -0.8643 0.0582
vn 0.0174 -0.9996 -0.0220
vn -0.0304 -0.9988 -0.0375
vn -0.0174 -0.9996 -0.0220
vn 0.0104 -0.9999 0.0134
vn 0.0177 -0.9976 0.0676
vn 0.0131 -0.9999 0.0034
vn -0.0084 -1.0000 -0.0010
vn -0.0131 -0.9999 0.0034
vn -0.0177 -0.9976 0.0676
vn 0.0084 -1.0000 -0.0010
vn -0.2370 0.9333 0.2697
vn 0.2370 0.9333 0.2697
vn 0.0045 -0.9966 -0.0821
vn -0.0045 -0.9966 -0.0821
vt 0.599563 0.579222
vt 0.627541 0.580749
vt 0.627541 0.581413
vt 0.599563 0.584287
vt 0.627541 0.582076
vt 0.599563 0.589352
vt 0.599563 0.574158
vt 0.627541 0.580086
vt 0.627541 0.580263
vt 0.599563 0.575515
vt 0.627541 0.582562
vt 0.599563 0.593059
vt 0.627541 0.582740
vt 0.599563 0.594416
vt 0.629829 0.581413
vt 0.543606 0.606896
vt 0.571584 0.601429
vt 0.571584 0.603396
vt 0.543606 0.608564
vt 0.543606 0.571158
vt 0.571584 0.572227
vt 0.571584 0.578242
vt 0.543606 0.578944
vt 0.543606 0.598983
vt 0.571584 0.595278
vt 0.543606 0.570239
vt 0.571584 0.570926
vt 0.543606 0.589402
vt 0.571584 0.587161
vt 0.528928 0.609553
vt 0.482396 0.612617
vt 0.482396 0.603456
vt 0.482396 0.593327
vt 0.482396 0.572254
vt 0.482396 0.571120
vt 0.482396 0.580844
vt 0.539476 0.609059
vt 0.439136 0.572784
vt 0.461844 0.572525
vt 0.461844 0.581161
vt 0.406601 0.581529
vt 0.461844 0.593832
vt 0.461844 0.605049
vt 0.406601 0.606405
vt 0.406601 0.594536
vt 0.406601 0.573155
vt 0.406601 0.572021
vt 0.401651 0.572077
vt 0.401651 0.573210
vt 0.406601 0.550489
vt 0.329245 0.550378
vt 0.329245 0.546235
vt 0.406601 0.546203
vt 0.406601 0.574555
vt 0.406601 0.571224
vt 0.401651 0.571279
vt 0.401651 0.569614
vt 0.435746 0.548077
vt 0.435746 0.552363
vt 0.435746 0.569261
vt 0.406601 0.569501
vt 0.455353 0.568833
vt 0.406601 0.569559
vt 0.461844 0.571391
vt 0.461844 0.613122
vt 0.461844 0.568816
vt 0.461808 0.573370
vt 0.461844 0.570140
vt 0.461844 0.569539
vt 0.461844 0.568939
vt 0.329245 0.611685
vt 0.297298 0.610865
vt 0.297298 0.610848
vt 0.329245 0.611931
vt 0.329245 0.574998
vt 0.399405 0.567465
vt 0.329245 0.565991
vt 0.390898 0.621780
vt 0.329245 0.617532
vt 0.406601 0.613826
vt 0.383538 0.627614
vt 0.380832 0.629712
vt 0.329245 0.624265
vt 0.329245 0.622477
vt 0.406601 0.543873
vt 0.407873 0.543828
vt 0.411723 0.544089
vt 0.411608 0.544213
vt 0.349523 0.543922
vt 0.350795 0.543883
vt 0.329245 0.605940
vt 0.329245 0.593637
vt 0.297298 0.550378
vt 0.297298 0.546235
vt 0.297298 0.593637
vt 0.297298 0.578439
vt 0.297298 0.605027
vt 0.329245 0.543940
vt 0.297298 0.543939
vt 0.297298 0.619354
vt 0.297298 0.615242
vt 0.297298 0.620734
vt 0.297298 0.565331
vt 0.270282 0.551013
vt 0.269992 0.546821
vt 0.270511 0.565008
vt 0.270380 0.557010
vt 0.249013 0.616469
vt 0.249013 0.615437
vt 0.249013 0.609089
vt 0.249013 0.608964
vt 0.249013 0.611918
vt 0.249013 0.592935
vt 0.249013 0.578919
vt 0.249013 0.603911
vt 0.269991 0.544548
vt 0.197901 0.592389
vt 0.197901 0.574975
vt 0.197901 0.612413
vt 0.197901 0.609655
vt 0.197901 0.613222
vt 0.197901 0.607439
vt 0.197901 0.607341
vt 0.197901 0.602527
vt 0.183630 0.612302
vt 0.167356 0.610263
vt 0.167082 0.605514
vt 0.167082 0.601455
vt 0.167082 0.607866
vt 0.167082 0.605771
vt 0.197901 0.546728
vt 0.197901 0.546908
vt 0.167082 0.547980
vt 0.167082 0.591842
vt 0.197901 0.553136
vt 0.197901 0.563852
vt 0.167082 0.562733
vt 0.167082 0.554477
vt 0.197901 0.549164
vt 0.167082 0.550243
vt 0.167082 0.575497
vt 0.167082 0.548758
vt 0.094106 0.554313
vt 0.094106 0.557621
vt 0.094106 0.559810
vt 0.094106 0.554231
vt 0.094106 0.599502
vt 0.094106 0.596500
vt 0.094106 0.605892
vt 0.094106 0.600364
vt 0.094106 0.588166
vt 0.094106 0.576995
vt 0.143559 0.561507
vt 0.125494 0.609879
vt 0.094106 0.609431
vt 0.236248 0.545489
vt 0.249013 0.545016
vt 0.249013 0.544836
vt 0.329245 0.543720
vt 0.297298 0.543720
vt 0.435746 0.545851
vt 0.060692 0.596732
vt 0.060692 0.594027
vt 0.060692 0.604601
vt 0.060692 0.597509
vt 0.060692 0.587570
vt 0.060692 0.577502
vt 0.060692 0.557059
vt 0.060692 0.560040
vt 0.060692 0.563875
vt 0.074942 0.565045
vt 0.060692 0.607791
vt 0.060692 0.556985
vt 0.121599 0.568512
vt 0.167082 0.571422
vt 0.045395 0.602840
vt 0.037128 0.602198
vt 0.037128 0.595586
vt 0.045395 0.596100
vt 0.045395 0.606030
vt 0.044071 0.606567
vt 0.037128 0.605925
vt 0.037128 0.605388
vt 0.060692 0.576383
vt 0.060692 0.586075
vt 0.060692 0.593170
vt 0.037128 0.587233
vt 0.045395 0.587747
vt 0.060692 0.589156
vt 0.094106 0.566752
vt 0.060692 0.566691
vt 0.345825 0.543833
vt 0.412712 0.543930
vt 0.435746 0.545493
vt 0.236251 0.547744
vt 0.236256 0.551918
vt 0.236760 0.557010
vt 0.474961 0.940629
vt 0.528736 0.847274
vt 0.552710 0.880492
vt 0.481523 0.940629
vt 0.454008 0.959014
vt 0.449812 0.959014
vt 0.446025 0.940629
vt 0.431308 0.959014
vt 0.425387 0.940629
vt 0.426712 0.940629
vt 0.417644 0.959014
vt 0.416319 0.959014
vt 0.432777 0.940629
vt 0.446026 0.940629
vt 0.421523 0.959014
vt 0.445945 0.962811
vt 0.438607 0.962811
vt 0.433710 0.962811
vt 0.435248 0.962811
vt 0.447609 0.962811
vt 0.552706 0.890829
vt 0.574678 0.863500
vt 0.590569 0.864340
vt 0.594586 0.848105
vt 0.546073 0.861528
vt 0.574678 0.862750
vt 0.605181 0.863900
vt 0.607910 0.863127
vt 0.604962 0.854452
vt 0.590569 0.863590
vt 0.607726 0.855225
vt 0.608165 0.862434
vt 0.608014 0.855918
vt 0.552724 0.847721
vt 0.720720 0.879494
vt 0.744694 0.846276
vt 0.798469 0.939631
vt 0.823617 0.958016
vt 0.819421 0.958016
vt 0.791907 0.939631
vt 0.827404 0.939631
vt 0.842122 0.958016
vt 0.798468 0.939631
vt 0.848043 0.939631
vt 0.857110 0.958016
vt 0.855785 0.958016
vt 0.846718 0.939631
vt 0.840653 0.939631
vt 0.851907 0.958016
vt 0.834822 0.961813
vt 0.827485 0.961813
vt 0.839720 0.961813
vt 0.838182 0.961813
vt 0.825821 0.961813
vt 0.720724 0.889831
vt 0.698752 0.862502
vt 0.682861 0.863342
vt 0.678844 0.847107
vt 0.668468 0.853454
vt 0.698752 0.861752
vt 0.727356 0.860530
vt 0.668248 0.862902
vt 0.665520 0.862129
vt 0.682861 0.862592
vt 0.665703 0.854227
vt 0.665264 0.861436
vt 0.665416 0.854920
vt 0.720706 0.846723
vt 0.006707 0.990472
vt 0.006632 0.990378
vt 0.005880 0.989532
vt 0.006312 0.990472
vt 0.006720 0.990472
vt 0.006325 0.990472
vt 0.006306 0.990472
vt 0.006726 0.990472
vt 0.006305 0.990472
vt 0.006728 0.990472
vt 0.505723 0.846349
vt 0.767707 0.845351
vt 0.497208 0.343776
vt 0.497208 0.330124
vt 0.494777 0.330124
vt 0.493887 0.343776
vt 0.500847 0.407148
vt 0.498102 0.414793
vt 0.497840 0.414793
vt 0.499781 0.407148
vt 0.501903 0.343776
vt 0.501903 0.399503
vt 0.500528 0.399503
vt 0.500528 0.343776
vt 0.497208 0.399503
vt 0.492512 0.343776
vt 0.492512 0.399503
vt 0.493887 0.399503
vt 0.493770 0.330124
vt 0.496077 0.319885
vt 0.496408 0.319885
vt 0.499639 0.330124
vt 0.500646 0.330124
vt 0.497208 0.319885
vt 0.498338 0.319885
vt 0.498007 0.319885
vt 0.497208 0.414793
vt 0.497208 0.407148
vt 0.493568 0.407148
vt 0.496313 0.414793
vt 0.496575 0.414793
vt 0.494634 0.407148
vt 0.059436 0.343776
vt 0.062757 0.343776
vt 0.061867 0.330124
vt 0.059436 0.330124
vt 0.055797 0.407148
vt 0.056863 0.407148
vt 0.058804 0.414793
vt 0.058542 0.414793
vt 0.054740 0.343776
vt 0.056116 0.343776
vt 0.056116 0.399503
vt 0.054740 0.399503
vt 0.059436 0.399503
vt 0.064132 0.343776
vt 0.062757 0.399503
vt 0.064132 0.399503
vt 0.062874 0.330124
vt 0.060236 0.319885
vt 0.060567 0.319885
vt 0.055998 0.330124
vt 0.057005 0.330124
vt 0.059436 0.319885
vt 0.058306 0.319885
vt 0.058637 0.319885
vt 0.059436 0.414793
vt 0.059436 0.407148
vt 0.063076 0.407148
vt 0.062010 0.407148
vt 0.060069 0.414793
vt 0.060331 0.414793
vt 0.717459 0.343131
vt 0.729226 0.343131
vt 0.727126 0.375077
vt 0.716140 0.375077
vt 0.727126 0.429859
vt 0.713603 0.445237
vt 0.720452 0.139938
vt 0.732078 0.158317
vt 0.731850 0.189613
vt 0.723571 0.189391
vt 0.736224 0.243733
vt 0.736224 0.283871
vt 0.726890 0.283871
vt 0.753688 0.283871
vt 0.814673 0.245545
vt 0.723607 0.212914
vt 0.734803 0.213294
vt 0.723501 0.243733
vt 0.719043 0.120775
vt 0.731850 0.132257
vt 0.814673 0.273756
vt 0.893991 0.202982
vt 0.893991 0.209685
vt 0.814673 0.292421
vt 0.893991 0.219144
vt 0.814673 0.318759
vt 0.814673 0.197898
vt 0.814673 0.215682
vt 0.814673 0.184062
vt 0.897438 0.184329
vt 0.897438 0.179745
vt 0.897438 0.179748
vt 0.897438 0.206089
vt 0.897438 0.214814
vt 0.893991 0.184894
vt 0.893991 0.191607
vt 0.893991 0.179925
vt 0.893991 0.192851
vt 0.897438 0.166974
vt 0.897438 0.160759
vt 0.897438 0.190560
vt 0.897438 0.199906
vt 0.738079 0.311403
vt 0.761783 0.305808
vt 0.733935 0.310642
vt 0.718963 0.316344
vt 0.893991 0.160574
vt 0.893991 0.166789
vt 0.732078 0.152103
vt 0.643899 0.343131
vt 0.645218 0.375077
vt 0.634232 0.375077
vt 0.632133 0.343131
vt 0.647755 0.445237
vt 0.634232 0.429859
vt 0.640906 0.139938
vt 0.637787 0.189391
vt 0.629508 0.189613
vt 0.629280 0.158317
vt 0.634469 0.283871
vt 0.625134 0.283871
vt 0.625134 0.243733
vt 0.546686 0.245545
vt 0.607670 0.283871
vt 0.637751 0.212914
vt 0.637858 0.243733
vt 0.626556 0.213294
vt 0.642316 0.120775
vt 0.629508 0.132257
vt 0.546686 0.273756
vt 0.546686 0.292421
vt 0.467368 0.209685
vt 0.467368 0.202982
vt 0.546686 0.318759
vt 0.467368 0.219144
vt 0.546686 0.215682
vt 0.546686 0.197898
vt 0.546686 0.184062
vt 0.463920 0.184329
vt 0.463920 0.179748
vt 0.463920 0.179745
vt 0.463920 0.206089
vt 0.463920 0.214814
vt 0.467368 0.191607
vt 0.467368 0.184894
vt 0.467368 0.179925
vt 0.467368 0.192851
vt 0.463920 0.166974
vt 0.463920 0.160759
vt 0.463920 0.190560
vt 0.463920 0.199906
vt 0.599576 0.305808
vt 0.623279 0.311403
vt 0.627424 0.310642
vt 0.642395 0.316344
vt 0.467368 0.160574
vt 0.467368 0.166789
vt 0.629280 0.152103
vt 0.320778 0.393181
vt 0.329470 0.370968
vt 0.329698 0.402294
vt 0.318957 0.420673
vt 0.313461 0.185535
vt 0.324746 0.185535
vt 0.326846 0.217481
vt 0.314442 0.217481
vt 0.320791 0.347698
vt 0.332423 0.347318
vt 0.311223 0.115375
vt 0.324746 0.130752
vt 0.412293 0.362714
vt 0.412293 0.376532
vt 0.329698 0.408509
vt 0.329470 0.428355
vt 0.333844 0.316879
vt 0.412293 0.344929
vt 0.333844 0.265766
vt 0.412293 0.315066
vt 0.412293 0.286855
vt 0.316663 0.439837
vt 0.316930 0.265766
vt 0.320589 0.316879
vt 0.491610 0.375718
vt 0.491610 0.380680
vt 0.491610 0.369005
vt 0.491610 0.367761
vt 0.491611 0.369005
vt 0.491610 0.357629
vt 0.412293 0.241852
vt 0.412293 0.268190
vt 0.495058 0.360706
vt 0.495058 0.354522
vt 0.495058 0.376283
vt 0.495058 0.370051
vt 0.495058 0.399852
vt 0.495058 0.393638
vt 0.495058 0.380861
vt 0.495058 0.380864
vt 0.491611 0.341467
vt 0.491610 0.350926
vt 0.491610 0.393822
vt 0.491610 0.400037
vt 0.495058 0.345797
vt 0.491611 0.380687
vt 0.412293 0.376550
vt 0.329470 0.370999
vt 0.235866 0.393181
vt 0.237687 0.420673
vt 0.226946 0.402294
vt 0.227174 0.370968
vt 0.243183 0.185535
vt 0.242202 0.217481
vt 0.229798 0.217481
vt 0.231898 0.185535
vt 0.235853 0.347698
vt 0.224221 0.347318
vt 0.245421 0.115375
vt 0.231898 0.130752
vt 0.144351 0.376532
vt 0.144351 0.362714
vt 0.227174 0.428355
vt 0.226946 0.408509
vt 0.222800 0.316879
vt 0.144351 0.344929
vt 0.222800 0.265766
vt 0.144351 0.315066
vt 0.144351 0.286855
vt 0.239981 0.439837
vt 0.239713 0.265766
vt 0.236055 0.316879
vt 0.065034 0.380680
vt 0.065034 0.375718
vt 0.065033 0.369005
vt 0.065034 0.367761
vt 0.065034 0.357629
vt 0.144351 0.268190
vt 0.144351 0.241852
vt 0.061586 0.360706
vt 0.061586 0.354522
vt 0.061586 0.376283
vt 0.061586 0.370051
vt 0.061586 0.399852
vt 0.061586 0.380864
vt 0.061586 0.380861
vt 0.061586 0.393638
vt 0.065034 0.350926
vt 0.065033 0.341467
vt 0.065034 0.393822
vt 0.065034 0.400037
vt 0.061586 0.345797
vt 0.065033 0.380687
vt 0.144351 0.376550
vt 0.227174 0.370999
vt 0.075391 0.708206
vt 0.075391 0.713271
vt 0.047413 0.710397
vt 0.047413 0.709733
vt 0.075391 0.718335
vt 0.047413 0.711060
vt 0.075391 0.703141
vt 0.075391 0.704498
vt 0.047413 0.709247
vt 0.047413 0.709069
vt 0.075391 0.722043
vt 0.047413 0.711546
vt 0.075391 0.723400
vt 0.047413 0.711724
vt 0.045125 0.710397
vt 0.131348 0.735880
vt 0.131348 0.737548
vt 0.103370 0.732379
vt 0.103370 0.730413
vt 0.131348 0.700142
vt 0.131348 0.707928
vt 0.103370 0.707226
vt 0.103370 0.701211
vt 0.131348 0.727966
vt 0.103370 0.724262
vt 0.131348 0.699223
vt 0.103370 0.699910
vt 0.131348 0.718385
vt 0.103370 0.716145
vt 0.192558 0.732440
vt 0.192558 0.741601
vt 0.146026 0.738537
vt 0.192558 0.722311
vt 0.192558 0.700104
vt 0.192558 0.701237
vt 0.192558 0.709827
vt 0.135478 0.738042
vt 0.235818 0.701768
vt 0.268353 0.710513
vt 0.213110 0.710144
vt 0.213110 0.701509
vt 0.213110 0.722816
vt 0.268353 0.723520
vt 0.268353 0.735389
vt 0.213110 0.734033
vt 0.268353 0.702139
vt 0.273303 0.702194
vt 0.273303 0.701060
vt 0.268353 0.701005
vt 0.268353 0.679473
vt 0.268353 0.675187
vt 0.345709 0.675219
vt 0.345709 0.679362
vt 0.268353 0.703539
vt 0.273303 0.700263
vt 0.268353 0.700208
vt 0.273303 0.698598
vt 0.239208 0.681347
vt 0.239208 0.677061
vt 0.268353 0.698485
vt 0.239208 0.698244
vt 0.219601 0.697816
vt 0.268353 0.698542
vt 0.213110 0.700375
vt 0.213110 0.742106
vt 0.213110 0.697800
vt 0.213110 0.699124
vt 0.213146 0.702354
vt 0.213110 0.698523
vt 0.213110 0.697923
vt 0.345709 0.740669
vt 0.345709 0.740915
vt 0.377655 0.739832
vt 0.377655 0.739849
vt 0.345709 0.703981
vt 0.345709 0.694974
vt 0.275549 0.696449
vt 0.284056 0.750764
vt 0.268353 0.742810
vt 0.345709 0.746516
vt 0.291416 0.756598
vt 0.345709 0.751461
vt 0.345709 0.753248
vt 0.294122 0.758696
vt 0.268353 0.672857
vt 0.263346 0.673197
vt 0.263231 0.673072
vt 0.267081 0.672812
vt 0.324158 0.672867
vt 0.325430 0.672906
vt 0.345709 0.722621
vt 0.345709 0.734923
vt 0.377655 0.675219
vt 0.377655 0.679362
vt 0.377655 0.707423
vt 0.377655 0.722621
vt 0.377655 0.734011
vt 0.345709 0.672923
vt 0.377655 0.672923
vt 0.377655 0.744226
vt 0.377655 0.748338
vt 0.345709 0.672704
vt 0.377655 0.672704
vt 0.377655 0.749718
vt 0.377655 0.694315
vt 0.404962 0.675805
vt 0.404672 0.679997
vt 0.404573 0.685993
vt 0.404442 0.693992
vt 0.425941 0.744420
vt 0.425941 0.745453
vt 0.425941 0.673820
vt 0.425941 0.737948
vt 0.425941 0.738073
vt 0.425941 0.740901
vt 0.425941 0.707903
vt 0.425941 0.721919
vt 0.425941 0.732895
vt 0.404963 0.673532
vt 0.477053 0.703959
vt 0.477053 0.721372
vt 0.477053 0.738639
vt 0.477053 0.741397
vt 0.477053 0.742205
vt 0.477053 0.736423
vt 0.477053 0.731510
vt 0.477053 0.736325
vt 0.477053 0.675712
vt 0.507597 0.739246
vt 0.491324 0.741286
vt 0.507872 0.730439
vt 0.507872 0.734498
vt 0.507872 0.734755
vt 0.507872 0.736849
vt 0.507872 0.676964
vt 0.477053 0.675892
vt 0.507872 0.720826
vt 0.477053 0.682119
vt 0.507872 0.683461
vt 0.507872 0.691717
vt 0.477053 0.692835
vt 0.477053 0.678148
vt 0.507872 0.679227
vt 0.507872 0.704481
vt 0.507872 0.677741
vt 0.580848 0.686605
vt 0.580848 0.683297
vt 0.580848 0.683214
vt 0.580848 0.688793
vt 0.580848 0.725484
vt 0.580848 0.728486
vt 0.580848 0.729348
vt 0.580848 0.734876
vt 0.580848 0.705979
vt 0.580848 0.717150
vt 0.531395 0.690491
vt 0.580848 0.738415
vt 0.549460 0.738862
vt 0.438706 0.674472
vt 0.425941 0.674000
vt 0.239208 0.674835
vt 0.614261 0.723010
vt 0.614261 0.725716
vt 0.614261 0.726493
vt 0.614261 0.733585
vt 0.614261 0.706486
vt 0.614261 0.716554
vt 0.614261 0.686043
vt 0.614261 0.689024
vt 0.580848 0.695736
vt 0.600012 0.694028
vt 0.614261 0.736774
vt 0.614261 0.685969
vt 0.614261 0.692859
vt 0.507872 0.700406
vt 0.553355 0.697495
vt 0.629558 0.731824
vt 0.629558 0.725084
vt 0.637826 0.724570
vt 0.637826 0.731182
vt 0.629558 0.735014
vt 0.637826 0.734372
vt 0.637826 0.734908
vt 0.630883 0.735550
vt 0.614261 0.705367
vt 0.614261 0.715059
vt 0.637826 0.716217
vt 0.629558 0.716731
vt 0.614261 0.718140
vt 0.614261 0.695675
vt 0.329128 0.672817
vt 0.262242 0.672914
vt 0.239208 0.674477
vt 0.438703 0.676728
vt 0.438698 0.680902
vt 0.437448 0.693530
vt 0.438194 0.685993
vt 0.009511 0.990100
vt 0.008186 0.989564
vt 0.089952 0.992558
vt 0.090536 0.992558
vt 0.090900 0.989937
vt 0.089958 0.989937
vt 0.075239 0.976445
vt 0.074441 0.976445
vt 0.074269 0.973824
vt 0.075260 0.973824
vt 0.076620 0.976445
vt 0.076036 0.976445
vt 0.076198 0.973824
vt 0.076954 0.973824
vt 0.087559 0.992558
vt 0.087773 0.992558
vt 0.087476 0.989937
vt 0.087235 0.989937
vt 0.076042 0.973824
vt 0.090750 0.992558
vt 0.090870 0.989937
vt 0.091140 0.989937
vt 0.073857 0.976445
vt 0.073643 0.976445
vt 0.073319 0.973824
vt 0.073560 0.973824
vt 0.088357 0.992558
vt 0.089155 0.992558
vt 0.088305 0.989937
vt 0.076834 0.976445
vt 0.077224 0.973824
vt 0.076984 0.973824
vt 0.088185 0.989937
vt 0.089176 0.989937
vt 0.090114 0.989937
vt 0.074389 0.973824
vt 0.089155 0.989937
vt 0.020335 0.976445
vt 0.021717 0.976445
vt 0.023098 0.976445
vt 0.165309 0.736114
vt 0.165309 0.734148
vt 0.180547 0.735180
vt 0.180547 0.735842
vt 0.073220 0.972535
vt 0.073220 0.973588
vt 0.073220 0.974608
vt 0.074441 0.971551
vt 0.074441 0.973643
vt 0.074441 0.971394
vt 0.074441 0.970619
vt 0.073220 0.972067
vt 0.073220 0.972456
vt 0.074441 0.975513
vt 0.074441 0.973421
vt 0.073220 0.973476
vt 0.073220 0.974529
vt 0.074441 0.975671
vt 0.073220 0.974998
vt 0.165309 0.738745
vt 0.165309 0.738018
vt 0.180547 0.736484
vt 0.180547 0.736730
vt 0.165309 0.737870
vt 0.180547 0.736435
vt 0.150071 0.738009
vt 0.150071 0.739061
vt 0.150071 0.738187
vt 0.150071 0.735900
vt 0.150071 0.733540
vt 0.180547 0.735797
vt 0.165309 0.734653
vt 0.165309 0.729248
vt 0.180547 0.734542
vt 0.150071 0.733620
vt 0.150071 0.736372
vt 0.150071 0.732489
vt 0.075662 0.976818
vt 0.075662 0.975767
vt 0.075662 0.973407
vt 0.075662 0.971120
vt 0.075662 0.970246
vt 0.075662 0.971297
vt 0.075662 0.973658
vt 0.075662 0.975944
vt 0.150071 0.735649
vt 0.148525 0.734989
vt 0.148525 0.732114
vt 0.150071 0.733362
vt 0.150071 0.731651
vt 0.148525 0.729672
vt 0.150071 0.728890
vt 0.148525 0.733620
vt 0.483343 0.616785
vt 0.485425 0.616438
vt 0.487577 0.625105
vt 0.485496 0.625452
vt 0.489844 0.633204
vt 0.487849 0.634331
vt 0.490509 0.635141
vt 0.488514 0.636269
vt 0.486466 0.614790
vt 0.536059 0.612728
vt 0.532840 0.613049
vt 0.526499 0.613162
vt 0.191611 0.745769
vt 0.189458 0.754436
vt 0.187376 0.754089
vt 0.189529 0.745422
vt 0.187105 0.763315
vt 0.185110 0.762187
vt 0.186440 0.765252
vt 0.184445 0.764125
vt 0.188488 0.743774
vt 0.142114 0.742032
vt 0.138895 0.741711
vt 0.148455 0.742145
vt 0.070497 0.975873
vt 0.012132 0.989199
vt 0.008911 0.989199
vt 0.008911 0.991023
vt 0.012132 0.991023
vt 0.025051 0.974434
vt 0.025051 0.974586
vt 0.028272 0.974586
vt 0.028272 0.974434
vt 0.012132 0.989350
vt 0.012132 0.991175
vt 0.008911 0.989350
vt 0.008911 0.991175
vt 0.010171 0.992998
vt 0.010071 0.993312
vt 0.009163 0.993312
vt 0.009169 0.992998
vt 0.009853 0.992998
vt 0.009790 0.993312
vt 0.007973 0.992998
vt 0.007015 0.993312
vt 0.006853 0.992998
vt 0.009749 0.990392
vt 0.007015 0.990388
vt 0.006853 0.990388
vt 0.006853 0.991801
vt 0.007015 0.992115
vt 0.008279 0.990388
vt 0.008259 0.993312
vt 0.009790 0.994510
vt 0.010071 0.994510
vt 0.009163 0.994510
vt 0.008259 0.994510
vt 0.007970 0.993312
vt 0.007970 0.994510
vt 0.007015 0.994510
vt 0.007637 0.992713
vt 0.007637 0.994510
vt 0.007647 0.990388
vt 0.026861 0.974887
vt 0.027768 0.974887
vt 0.027487 0.974887
vt 0.025956 0.974887
vt 0.025667 0.974887
vt 0.025334 0.974887
vt 0.024712 0.974887
vt 0.076127 0.975107
vt 0.075832 0.975107
vt 0.076574 0.975282
vt 0.076869 0.975282
vt 0.075196 0.974968
vt 0.075234 0.974952
vt 0.075547 0.974959
vt 0.074681 0.976025
vt 0.074387 0.976025
vt 0.074380 0.975625
vt 0.074674 0.975625
vt 0.075777 0.975969
vt 0.075482 0.975969
vt 0.075295 0.975985
vt 0.075590 0.975985
vt 0.076574 0.975969
vt 0.076869 0.975969
vt 0.075226 0.976025
vt 0.075602 0.976009
vt 0.076321 0.975969
vt 0.076615 0.975969
vt 0.075610 0.976024
vt 0.075774 0.975969
vt 0.076069 0.975969
vt 0.075539 0.974956
vt 0.075528 0.974952
vt 0.075702 0.975131
vt 0.075997 0.975131
vt 0.074370 0.974968
vt 0.074664 0.974968
vt 0.072749 0.972651
vt 0.345825 0.543700
vt 0.237506 0.564547
vt 0.610860 0.850144
vt 0.662570 0.849146
vt 0.006401 0.990379
vt 0.720920 0.283338
vt 0.761783 0.283871
vt 0.640439 0.283338
vt 0.599576 0.283871
vt 0.614261 0.722154
vt 0.329128 0.672684
vt 0.022514 0.976445
vt 0.023312 0.976445
vt 0.020919 0.976445
vt 0.020121 0.976445
vt 0.075239 0.973824
s 1
usemtl Material.002
f 94/57/25 88/58/25 89/59/25 93/60/25
f 93/60/26 89/59/26 90/61/26 97/62/26
f 45/63/27 36/64/27 87/65/27 99/66/27
f 97/62/28 90/61/28 91/67/28 101/68/28
f 99/66/29 87/65/29 88/58/29 94/57/29
f 101/68/30 91/67/30 35/69/30 46/70/30
f 88/58/31 40/71/31 41/71/31 89/59/31
f 89/59/32 41/71/32 42/71/32 90/61/32
f 36/64/33 38/71/33 39/71/33 87/65/33
f 90/61/34 42/71/34 43/71/34 91/67/34
f 87/65/35 39/71/35 40/71/35 88/58/35
f 91/67/36 43/71/36 37/71/36 35/69/36
f 86/72/37 100/73/37 47/74/37 33/75/37
f 100/73/38 101/68/38 46/70/38 47/74/38
f 82/76/39 98/77/39 95/78/39 83/79/39
f 98/77/40 99/66/40 94/57/40 95/78/40
f 85/80/41 96/81/41 100/73/41 86/72/41
f 96/81/42 97/62/42 101/68/42 100/73/42
f 34/82/43 44/83/43 98/77/43 82/76/43
f 44/83/44 45/63/44 99/66/44 98/77/44
f 84/84/45 92/85/45 96/81/45 85/80/45
f 92/85/46 93/60/46 97/62/46 96/81/46
f 83/79/47 95/78/47 92/85/47 84/84/47
f 95/78/48 94/57/48 93/60/48 92/85/48
f 85/80/49 107/86/49 106/87/49 105/88/49
f 85/80/50 105/88/50 104/89/50 84/84/50
f 82/76/51 102/90/52 48/91/53 34/82/51
f 83/79/54 103/92/54 102/90/54 82/76/54
f 86/72/55 109/93/55 107/86/56
f 84/84/57 104/89/57 103/92/57 83/79/57
f 107/86/58 85/80/58 86/72/58
f 108/94/59 127/95/59 129/96/59 115/97/59
f 131/98/60 128/99/60 117/100/60 114/101/60
f 115/97/61 129/96/61 131/98/61 114/101/61
f 116/102/62 51/103/62 49/104/62 110/105/62
f 115/97/63 116/102/63 110/105/63
f 120/106/64 138/107/64 139/108/64 121/109/64
f 118/110/65 123/111/65 122/112/65
f 123/111/66 52/113/67 122/112/67
f 118/110/68 108/94/68 115/97/68
f 120/106/69 121/109/69 125/114/69 124/115/69
f 120/106/70 124/115/70 126/116/70 119/117/70
f 119/117/71 126/116/71 118/110/71
f 123/111/66 55/118/72 53/119/73
f 102/90/52 127/95/74 56/120/75 48/91/53
f 105/88/76 128/99/76 131/98/76 104/89/76
f 103/92/77 129/96/77 127/95/77 102/90/77
f 106/87/78 130/121/78 128/99/78 105/88/78
f 104/89/79 131/98/79 129/96/79 103/92/79
f 56/120/75 127/95/74 108/94/80
f 55/118/81 118/110/81 57/122/81
f 118/110/82 133/123/82 132/124/82
f 185/125/83 142/126/83 118/110/83
f 118/110/71 126/116/71 133/123/71
f 57/122/84 56/120/84 108/94/84
f 57/122/85 108/94/85 118/110/85
f 136/127/86 145/128/86 156/129/86 157/130/86
f 119/117/87 118/110/87 137/131/87
f 120/106/88 215/132/88 225/133/89 138/107/90
f 118/110/91 115/97/91 137/131/91
f 111/134/92 140/135/92 136/127/92 113/136/92
f 112/137/93 50/138/93 58/139/93 141/140/93
f 111/134/94 112/137/94 141/140/94 140/135/94
f 189/141/95 233/142/95 235/143/95 231/144/95
f 189/141/96 230/145/97 232/146/98 233/142/96
f 117/100/99 135/147/99 134/148/99 114/101/99
f 139/108/100 138/107/100 146/149/100 147/150/100
f 134/148/101 143/151/102 214/152/102 137/131/101
f 135/147/103 144/153/103 143/151/103 134/148/103
f 186/154/104 139/108/104 147/150/104 190/155/104
f 140/135/105 141/140/105 149/156/105 148/157/105
f 141/140/106 58/139/106 61/158/106 149/156/106
f 140/135/107 148/157/107 145/128/107 136/127/107
f 138/107/90 225/133/89 223/159/108 146/149/108
f 114/101/109 134/148/109 115/97/109
f 115/97/110 134/148/110 137/131/110
f 128/99/111 130/121/111 113/136/111 117/100/111
f 117/100/112 113/136/112 157/130/112 135/147/112
f 147/150/113 146/149/113 242/160/113 237/161/113
f 223/159/114 241/162/115 245/163/116
f 149/156/117 61/158/117 62/164/117 154/165/117
f 145/128/118 152/166/119 155/167/119 156/129/118
f 148/157/120 153/168/120 152/166/120 145/128/120
f 143/151/102 150/169/121 217/170/121 214/152/102
f 144/153/122 151/171/122 150/169/122 143/151/122
f 190/155/123 147/150/123 237/161/123 236/172/123
f 148/157/124 149/156/124 154/165/124 153/168/124
f 113/136/125 136/127/125 157/130/125
f 155/167/126 151/171/126 144/153/126 156/129/126
f 156/129/127 144/153/127 135/147/127 157/130/127
f 150/169/128 158/173/128 161/174/128 217/170/128
f 153/168/129 154/165/129 165/175/129 164/176/129
f 154/165/130 62/164/130 64/177/131 165/175/131
f 153/168/132 164/176/133 160/178/134 152/166/132
f 155/167/135 166/179/135 159/180/135 151/171/135
f 151/171/136 159/180/136 158/173/136 150/169/136
f 152/166/119 160/178/137 166/179/137 155/167/119
f 165/175/131 64/177/131 67/181/138 227/182/138
f 166/179/139 174/183/139 168/184/139 159/180/139
f 164/176/133 173/185/140 169/186/140 160/178/134
f 65/187/141 188/188/142 66/189/143
f 159/180/144 168/184/144 167/190/144 158/173/144
f 162/191/145 224/192/145 221/193/146 171/194/147
f 163/195/148 162/191/148 171/194/148 172/196/148
f 160/178/149 169/186/149 174/183/149 166/179/149
f 158/173/150 167/190/150 170/197/150 161/174/150
f 164/176/151 165/175/151 227/182/151 173/185/151
f 66/189/152 188/188/152 191/198/152
f 66/189/153 192/199/153 68/200/153
f 172/196/154 171/194/154 179/201/154 180/202/154
f 174/183/155 183/203/155 176/204/155 168/184/155
f 173/185/156 181/205/156 177/206/156 169/186/156
f 167/190/157 175/207/157 178/208/157 170/197/157
f 171/194/158 222/209/158 179/201/158
f 226/210/159 182/211/159 181/205/159
f 168/184/160 176/204/160 175/207/160 167/190/160
f 169/186/161 177/206/162 183/203/162 174/183/161
f 239/212/163 188/188/142 65/187/141
f 236/172/164 187/213/165 63/214/166
f 59/215/167 186/154/168 190/155/169 60/216/169
f 139/108/170 186/154/171 230/145/172
f 231/144/173 184/217/173 125/114/173
f 192/199/174 191/198/174 172/196/174 180/202/174
f 191/198/175 188/188/175 163/195/175 172/196/175
f 66/189/176 191/198/176 192/199/176
f 183/203/177 201/218/177 194/219/177 176/204/177
f 181/205/178 199/220/178 195/221/178 177/206/178
f 175/207/179 193/222/179 196/223/179 178/208/179
f 180/202/180 202/224/180 192/199/180
f 68/200/181 192/199/181 202/224/181 69/225/181
f 196/223/182 197/226/182 220/227/182
f 181/205/183 182/211/183 200/228/183 199/220/183
f 176/204/184 194/219/184 193/222/184 175/207/184
f 177/206/162 195/221/185 201/218/185 183/203/162
f 180/202/186 179/201/186 197/226/186 198/229/186
f 178/208/187 218/230/187 216/231/188 170/197/189
f 211/232/190 204/233/191 203/234/191 210/235/192
f 212/236/193 77/237/193 70/238/193 205/239/193
f 211/232/194 212/236/194 205/239/194 204/233/194
f 71/240/195 207/241/195 72/241/195
f 195/221/195 207/241/195 206/242/195
f 195/221/195 73/221/195 72/241/195
f 74/234/195 76/243/195 209/243/195 203/234/195
f 213/244/196 78/244/196 75/245/196 208/245/196
f 195/221/197 208/245/197 75/245/197 73/221/197
f 210/235/198 213/244/199 208/245/200 195/221/200
f 203/234/201 209/243/201 213/244/199 210/235/198
f 209/243/202 76/243/202 78/244/202 213/244/202
f 199/220/203 200/228/203 212/236/203 211/232/203
f 199/220/204 211/232/190 210/235/192 195/221/204
f 74/234/195 204/233/195 70/238/195
f 215/132/205 119/117/205 137/131/205
f 216/231/188 161/174/206 170/197/189
f 219/246/207 218/230/207 178/208/207
f 221/193/146 222/209/208 171/194/147
f 226/210/209 227/182/209 228/182/209
f 229/247/195 71/240/195 79/247/195
f 69/225/195 202/224/195 229/247/195 79/247/195
f 184/217/210 231/144/210 235/143/210
f 186/154/168 59/215/167 234/248/211
f 81/249/212 54/250/212 184/217/212
f 239/212/213 240/251/213 163/195/213 188/188/213
f 240/251/214 238/252/214 162/191/214 163/195/214
f 244/253/215 224/192/216 162/191/217
f 215/132/218 120/106/218 119/117/218
f 184/217/219 235/143/219 81/249/219
f 265/254/220 264/255/221 277/256/222
f 265/254/223 247/257/223 249/258/223 269/259/223
f 266/260/224 265/254/224 269/259/224 270/261/224
f 248/262/225 268/263/225 272/264/225 250/265/225
f 267/266/226 266/267/226 270/261/226 271/268/226
f 270/261/227 269/259/227 273/269/227 274/270/227
f 250/265/228 272/264/228 276/271/228 255/271/228
f 271/268/229 270/261/229 274/270/229 275/272/229
f 272/264/230 271/268/230 275/272/230 276/271/230
f 268/263/231 267/266/231 271/268/231 272/264/231
f 273/269/232 252/273/232 251/269/232
f 273/269/232 251/269/232 253/270/232 274/270/232
f 274/270/232 253/270/232 254/272/232 275/272/232
f 275/272/232 254/272/232 255/271/232 276/271/232
f 269/259/233 249/258/233 252/273/233 273/269/233
f 277/256/234 256/274/234 247/257/234 265/254/234
f 279/275/235 257/276/235 256/274/235 277/256/235
f 257/276/236 279/275/237 280/277/238
f 279/275/239 286/278/240 290/279/239
f 282/280/241 287/281/241 260/281/241 258/280/241
f 257/276/242 281/276/242 282/280/242 258/280/242
f 259/282/243 283/282/243 280/277/243
f 283/282/243 289/277/243 280/277/243
f 279/275/244 281/276/244 257/276/244
f 279/275/239 290/279/239 291/283/245 281/276/245
f 283/282/246 288/284/246 287/281/246 282/280/246
f 259/282/247 261/284/247 288/284/247 283/282/247
f 286/278/248 279/275/248 277/256/248
f 284/285/249 287/281/249 288/284/249 285/286/249
f 285/286/250 288/284/250 261/284/250 262/286/250
f 263/285/251 260/281/251 287/281/251 284/285/251
f 290/279/252 286/278/252 278/287/252 289/277/252
f 282/280/253 291/283/254 283/282/255
f 289/277/256 283/282/255 291/283/254
f 290/279/257 289/277/257 291/283/257
f 281/276/258 291/283/258 282/280/258
f 315/288/259 293/289/260 294/290/261
f 294/290/262 300/291/262 301/292/262 295/293/262
f 296/294/263 302/295/263 300/291/263 294/296/263
f 299/297/264 305/298/264 304/299/264 298/300/264
f 297/301/265 303/302/265 302/295/265 296/294/265
f 302/295/266 309/303/266 306/304/266 300/291/266
f 305/298/267 314/305/267 313/305/267 304/299/267
f 303/302/268 311/306/268 309/303/268 302/295/268
f 304/299/269 313/305/269 311/306/269 303/302/269
f 298/300/270 304/299/270 303/302/270 297/301/270
f 306/304/232 307/304/232 308/307/232
f 306/304/232 309/303/232 310/303/232 307/304/232
f 309/303/232 311/306/232 312/306/232 310/303/232
f 311/306/232 313/305/232 314/305/232 312/306/232
f 300/291/271 306/304/271 308/307/271 301/292/271
f 315/288/272 294/290/272 295/293/272 316/308/272
f 318/309/273 315/288/273 316/308/273 319/310/273
f 320/311/274 319/310/275 322/312/276
f 318/309/277 336/313/277 330/314/278
f 324/315/241 321/315/241 326/316/241 331/316/241
f 319/310/242 321/315/242 324/315/242 323/310/242
f 322/312/243 320/311/243 325/312/243
f 325/312/243 320/311/243 335/311/243
f 318/309/244 319/310/244 323/310/244
f 318/309/277 323/310/279 337/317/279 336/313/277
f 325/312/280 324/315/280 331/316/280 332/318/280
f 322/312/247 325/312/247 332/318/247 327/318/247
f 330/314/281 315/288/281 318/309/281
f 328/319/282 329/320/282 332/318/282 331/316/282
f 329/320/250 333/320/250 327/318/250 332/318/250
f 334/319/251 328/319/251 331/316/251 326/316/251
f 336/313/283 335/311/284 317/321/285 330/314/285
f 324/315/286 325/312/287 337/317/288
f 335/311/289 337/317/288 325/312/287
f 336/313/283 337/317/290 335/311/284
f 323/310/291 324/315/291 337/317/291
f 296/322/292 293/323/292 338/324/292
f 267/325/293 297/326/293 296/322/293 266/327/293
f 267/325/293 268/328/293 298/329/293 297/326/293
f 268/328/293 248/330/293 299/331/293 298/329/293
f 343/332/294 339/255/294 340/267/294
f 342/294/295 341/289/295 344/333/295
f 296/294/296 294/290/261 293/289/260
f 293/289/297 330/314/297 317/321/297
f 330/314/298 293/289/298 315/288/298
f 278/287/299 286/278/299 264/255/299
f 264/255/221 265/254/220 266/267/300
f 286/278/301 277/256/301 264/255/301
f 349/334/302 365/335/302 364/336/302 348/337/302
f 386/338/303 383/339/303 384/340/303 385/341/303
f 351/342/304 359/343/304 360/344/304 352/345/304
f 349/334/305 357/346/305 358/344/305 350/345/305
f 347/347/306 355/348/306 356/349/306 348/337/306
f 345/334/307 353/346/307 354/349/307 346/337/307
f 352/345/308 360/344/308 353/346/308 345/334/308
f 350/345/309 358/344/309 359/343/309 351/342/309
f 348/337/310 356/349/310 357/346/310 349/334/310
f 346/337/311 354/349/311 355/348/311 347/347/311
f 363/350/312 371/351/312 370/352/312 362/336/312
f 347/347/313 363/350/313 362/336/313 346/337/313
f 352/345/314 368/353/314 367/354/314 351/342/314
f 350/345/315 366/353/315 365/335/315 349/334/315
f 348/337/316 364/336/316 363/350/316 347/347/316
f 346/337/317 362/336/317 361/335/317 345/334/317
f 345/334/318 361/335/318 368/353/318 352/345/318
f 351/342/319 367/354/319 366/353/319 350/345/319
f 371/351/197 373/355/197 375/356/197
f 368/353/320 376/357/320 375/356/320 367/354/320
f 366/353/321 374/357/321 373/355/321 365/335/321
f 364/336/322 372/352/322 371/351/322 363/350/322
f 362/336/323 370/352/323 369/355/323 361/335/323
f 361/335/324 369/355/324 376/357/324 368/353/324
f 367/354/325 375/356/325 374/357/325 366/353/325
f 365/335/326 373/355/326 372/352/326 364/336/326
f 377/358/195 383/339/195 381/358/195
f 388/359/327 381/358/327 382/340/327 387/341/327
f 390/360/328 379/361/328 380/362/328 389/363/328
f 392/359/329 377/358/329 378/362/329 391/363/329
f 385/341/330 384/340/330 377/358/330 392/359/330
f 387/341/331 382/340/331 383/339/331 386/338/331
f 389/363/332 380/362/332 381/358/332 388/359/332
f 391/363/333 378/362/333 379/361/333 390/360/333
f 354/349/334 391/363/334 390/360/334 355/348/334
f 356/349/335 389/363/335 388/359/335 357/346/335
f 358/344/336 387/341/336 386/338/336 359/343/336
f 360/344/337 385/341/337 392/359/337 353/346/337
f 353/346/338 392/359/338 391/363/338 354/349/338
f 355/348/339 390/360/339 389/363/339 356/349/339
f 357/346/340 388/359/340 387/341/340 358/344/340
f 359/343/341 386/338/341 385/341/341 360/344/341
f 397/364/342 396/365/342 412/366/342 413/367/342
f 434/368/343 433/369/343 432/370/344 431/371/344
f 399/372/311 400/373/311 408/374/344 407/375/344
f 397/364/310 398/373/310 406/374/345 405/376/345
f 395/377/309 396/365/309 404/378/346 403/379/346
f 393/364/308 394/365/308 402/378/347 401/376/347
f 400/373/307 393/364/307 401/376/348 408/374/348
f 398/373/306 399/372/306 407/375/349 406/374/349
f 396/365/305 397/364/305 405/376/350 404/378/350
f 394/365/304 395/377/304 403/379/351 402/378/351
f 411/380/352 410/366/352 418/381/352 419/382/352
f 395/377/353 394/365/353 410/366/353 411/380/353
f 400/373/354 399/372/354 415/383/354 416/384/354
f 398/373/355 397/364/355 413/367/355 414/384/355
f 396/365/356 395/377/356 411/380/356 412/366/356
f 394/365/357 393/364/357 409/367/357 410/366/357
f 393/364/358 400/373/358 416/384/358 409/367/358
f 399/372/359 398/373/359 414/384/359 415/383/359
f 419/382/197 417/385/197 423/386/197
f 416/384/360 415/383/360 423/386/360 424/387/360
f 414/384/361 413/367/361 421/385/361 422/387/361
f 412/366/362 411/380/362 419/382/362 420/381/362
f 410/366/363 409/367/363 417/385/363 418/381/363
f 409/367/364 416/384/364 424/387/364 417/385/364
f 415/383/365 414/384/365 422/387/365 423/386/365
f 413/367/366 412/366/366 420/381/366 421/385/366
f 431/371/195 432/370/195 425/388/195
f 436/389/367 435/369/367 430/370/345 429/388/345
f 438/390/368 437/391/368 428/392/369 427/393/369
f 440/389/370 439/391/370 426/392/371 425/388/371
f 433/369/372 440/389/372 425/388/373 432/370/373
f 435/369/374 434/368/374 431/371/349 430/370/349
f 437/391/375 436/389/375 429/388/376 428/392/376
f 439/391/377 438/390/377 427/393/378 426/392/378
f 402/378/351 403/379/351 438/390/377 439/391/377
f 404/378/350 405/376/350 436/389/375 437/391/375
f 406/374/349 407/375/349 434/368/374 435/369/374
f 408/374/348 401/376/348 440/389/372 433/369/372
f 401/376/347 402/378/347 439/391/370 440/389/370
f 403/379/346 404/378/346 437/391/368 438/390/368
f 405/376/345 406/374/345 435/369/367 436/389/367
f 407/375/344 408/374/344 433/369/343 434/368/343
f 446/394/379 456/395/379 455/396/379 448/397/379
f 448/397/380 455/396/380 450/398/380 442/399/380
f 441/400/381 449/401/381 453/402/381 445/403/381
f 454/404/382 481/405/383 485/406/384
f 479/407/385 454/404/386 460/408/387
f 444/409/388 452/410/388 454/404/388 447/411/388
f 443/412/389 451/413/389 449/401/389 441/400/389
f 445/403/390 453/402/390 452/410/390 444/409/390
f 463/414/391 487/415/392 492/416/393 462/417/394
f 462/417/395 492/416/395 493/418/395 457/419/395
f 455/396/396 462/417/396 457/419/396 450/398/396
f 456/395/397 463/414/398 462/417/399 455/396/399
f 452/410/400 458/420/400 461/421/400 454/404/400
f 453/402/401 459/422/401 458/420/401 452/410/401
f 473/423/402 466/423/402 467/424/402 474/425/402
f 469/426/402 476/426/402 465/427/402
f 458/420/403 490/428/403 495/429/403 461/421/403
f 459/422/404 488/430/404 490/428/404 458/420/404
f 460/408/405 494/431/406 487/415/392 463/414/391
f 461/421/407 495/429/407 494/431/406 460/408/405
f 464/432/402 472/433/402 474/425/402 467/424/402
f 468/434/402 475/434/402 477/435/402 470/435/402
f 466/423/402 473/423/402 475/434/402 468/434/402
f 470/435/402 477/435/402 476/426/402 469/426/402
f 456/395/397 482/436/408 483/437/409
f 480/438/410 456/395/410 446/394/410 478/439/410
f 494/431/406 468/434/411 470/435/412 487/415/392
f 495/429/407 468/434/411 494/431/406
f 487/415/392 470/435/412 469/426/413 492/416/393
f 490/428/414 466/423/415 468/434/416 495/429/416
f 492/416/417 469/426/417 465/427/417 493/418/417
f 491/440/418 472/433/418 464/432/418 489/441/418
f 489/441/419 464/432/419 467/424/419 488/430/419
f 488/430/420 467/424/420 466/423/415 490/428/414
f 471/442/421 449/401/421 451/413/421
f 501/443/422 503/444/422 510/445/422 511/446/422
f 503/444/423 497/447/423 505/448/423 510/445/423
f 496/449/424 500/450/424 508/451/424 504/452/424
f 540/453/425 536/454/426 509/455/427
f 515/456/428 509/455/429 534/457/430
f 499/458/431 502/459/431 509/455/431 507/460/431
f 498/461/432 496/449/432 504/452/432 506/462/432
f 500/450/433 499/458/433 507/460/433 508/451/433
f 518/463/434 517/464/435 547/465/436 542/466/437
f 517/464/438 512/467/438 548/468/438 547/465/438
f 510/445/439 505/448/439 512/467/439 517/464/439
f 511/446/440 510/445/441 517/464/441 518/463/442
f 507/460/443 509/455/443 516/469/443 513/470/443
f 508/451/444 507/460/444 513/470/444 514/471/444
f 528/472/445 529/473/445 522/474/445 521/472/445
f 524/475/445 520/476/445 531/475/445
f 513/470/446 516/469/446 550/477/446 545/478/446
f 514/471/447 513/470/447 545/478/448 543/479/449
f 515/456/450 518/463/434 542/466/437 549/480/451
f 516/469/452 515/456/450 549/480/451 550/477/452
f 519/481/445 522/474/445 529/473/445 527/482/445
f 523/483/445 525/484/445 532/484/445 530/483/445
f 521/472/445 523/483/445 530/483/445 528/472/445
f 525/484/445 524/475/445 531/475/445 532/484/445
f 538/485/453 537/486/454 511/446/440
f 535/487/455 533/488/455 501/443/455 511/446/455
f 549/480/451 542/466/437 525/484/456 523/483/457
f 550/477/452 549/480/451 523/483/457
f 542/466/437 547/465/436 524/475/458 525/484/456
f 545/478/448 550/477/459 523/483/459 521/472/460
f 547/465/461 548/468/461 520/476/461 524/475/461
f 546/489/462 544/490/462 519/481/462 527/482/462
f 544/490/463 543/479/463 522/474/463 519/481/463
f 543/479/449 545/478/448 521/472/460 522/474/464
f 526/491/465 506/462/465 504/452/465
f 557/492/466 567/493/466 560/494/466 558/495/466
f 551/496/467 562/497/467 563/498/467 553/499/467
f 555/500/468 566/501/468 567/493/468 557/492/468
f 554/502/469 561/503/469 562/497/469 551/496/469
f 566/501/470 574/504/471 575/505/472 567/493/472
f 560/494/473 583/506/473 568/507/473
f 565/508/474 573/509/474 574/504/471 566/501/470
f 564/510/475 572/511/475 573/509/475 565/508/475
f 563/498/476 571/512/476 572/511/476 564/510/476
f 558/495/477 560/494/477 568/507/477 559/513/477
f 553/499/478 563/498/478 564/510/478 556/514/478
f 556/514/479 564/510/479 565/508/479 552/515/479
f 552/515/480 565/508/480 566/501/480 555/500/480
f 574/504/481 598/516/482 591/517/483 575/505/484
f 573/509/485 590/518/485 598/516/482 574/504/481
f 572/511/486 595/519/486 590/520/487 573/509/486
f 571/512/488 592/521/489 595/519/490 572/511/488
f 561/503/491 569/522/491 570/523/492 562/497/493
f 562/497/493 570/523/492 571/512/494 563/498/495
f 589/524/402 579/524/402 578/525/402 588/525/402
f 585/526/402 581/526/402 580/527/402 587/527/402
f 587/527/402 580/527/402 579/524/402 589/524/402
f 584/528/402 576/529/402 582/530/402 586/531/402
f 569/522/496 597/532/496 596/533/496 570/523/496
f 570/523/492 596/533/497 592/521/497 571/512/494
f 581/526/402 585/526/402 586/531/402 582/530/402
f 596/533/498 578/525/498 579/524/498 592/521/498
f 598/516/482 581/526/499 582/530/500 591/517/483
f 593/534/501 576/529/501 584/528/501 594/535/501
f 590/520/487 580/527/502 581/526/499 598/516/482
f 591/517/503 582/530/503 576/529/503 593/534/503
f 595/519/486 580/527/502 590/520/487
f 592/521/489 579/524/504 580/527/504 595/519/490
f 597/532/505 577/536/505 578/525/505 596/533/505
f 588/525/402 578/525/402 577/536/402
f 605/535/402 610/534/402 604/534/402
f 604/534/402 610/534/402 609/517/402 603/537/402
f 603/537/506 609/517/506 608/505/506 601/538/506
f 601/538/507 608/505/507 607/493/507 600/539/507
f 599/494/508 600/539/509 607/493/509 606/494/510
f 602/506/445 599/494/508 606/494/510
f 617/540/511 618/541/511 620/542/511 627/543/511
f 611/544/512 613/545/512 623/546/512 622/547/512
f 615/548/513 617/540/513 627/543/513 626/549/513
f 614/550/514 611/544/514 622/547/514 621/551/514
f 626/549/515 627/543/516 635/552/516 634/553/517
f 620/542/518 628/554/518 643/555/518
f 625/556/519 626/549/515 634/553/517 633/557/519
f 624/558/520 625/556/520 633/557/520 632/559/520
f 623/546/521 624/558/521 632/559/521 631/560/521
f 618/541/522 619/561/522 628/554/522 620/542/522
f 613/545/523 616/562/523 624/558/523 623/546/523
f 616/562/524 612/563/524 625/556/524 624/558/524
f 612/563/525 615/548/525 626/549/525 625/556/525
f 634/553/526 635/552/527 651/564/527 658/565/528
f 633/557/529 634/553/526 658/565/528 650/566/529
f 632/559/530 633/557/530 650/566/531 655/567/530
f 631/560/532 632/559/532 655/567/533 652/568/534
f 621/551/535 622/547/535 630/569/535 629/570/535
f 622/547/536 623/546/536 631/560/537 630/569/538
f 649/571/445 648/572/445 638/572/445 639/571/445
f 645/573/445 647/574/445 640/574/445 641/573/445
f 647/574/445 649/571/445 639/571/445 640/574/445
f 644/575/445 646/576/445 642/577/445 636/578/445
f 629/570/539 630/569/539 656/579/539 657/580/539
f 630/569/538 631/560/537 652/568/540 656/579/540
f 641/573/445 642/577/445 646/576/445 645/573/445
f 656/579/541 652/568/541 639/571/541 638/572/541
f 658/565/542 651/564/543 642/577/543 641/573/544
f 653/581/545 654/582/545 644/575/545 636/578/545
f 650/566/531 658/565/542 641/573/544 640/574/546
f 651/564/547 653/581/547 636/578/547 642/577/547
f 655/567/530 650/566/531 640/574/546
f 652/568/534 655/567/533 640/574/548 639/571/548
f 657/580/549 656/579/549 638/572/549 637/583/549
f 648/572/445 637/583/445 638/572/445
f 665/582/445 664/581/445 670/581/445
f 664/581/445 663/584/445 669/564/445 670/581/445
f 663/584/550 661/585/550 668/552/550 669/564/550
f 661/585/551 660/586/551 667/543/551 668/552/551
f 659/542/552 666/542/553 667/543/554 660/586/554
f 662/555/402 666/542/553 659/542/552
f 699/587/555 698/588/555 682/589/555 681/590/555
f 698/588/556 704/591/556 683/592/556 682/589/556
f 702/593/557 706/594/557 680/595/557 679/596/557
f 704/591/558 708/597/558 684/598/558 683/592/558
f 706/594/559 699/587/559 681/590/559 680/595/559
f 708/597/560 709/599/560 678/600/560 684/598/560
s 0
f 687/601/197 688/601/197 693/601/197
s 1
f 681/590/561 682/589/561 694/601/561 693/601/561
f 682/589/562 683/592/562 695/601/562 694/601/562
f 679/596/563 680/595/563 692/601/563 691/601/563
f 683/592/564 684/598/564 696/601/564 695/601/564
f 680/595/565 681/590/565 693/601/565 692/601/565
f 684/598/566 678/600/566 685/601/566 696/601/566
f 677/602/567 671/603/567 710/604/567 707/605/567
f 707/605/568 710/604/568 709/599/568 708/597/568
f 673/606/569 674/607/569 700/608/569 705/609/569
f 705/609/570 700/608/570 699/587/570 706/594/570
f 676/610/571 677/602/571 707/605/571 703/611/571
f 703/611/572 707/605/572 708/597/572 704/591/572
f 672/612/573 673/606/573 705/609/573 701/613/573
f 701/613/574 705/609/574 706/594/574 702/593/574
f 675/614/575 676/610/575 703/611/575 697/615/575
f 697/615/576 703/611/576 704/591/576 698/588/576
f 674/607/577 675/614/577 697/615/577 700/608/577
f 700/608/578 697/615/578 698/588/578 699/587/578
f 676/610/579 715/616/579 716/617/579 717/618/579
f 676/610/580 675/614/580 714/619/580 715/616/580
f 673/606/581 672/612/581 711/620/582 712/621/583
f 674/607/584 673/606/584 712/621/584 713/622/584
f 719/623/585 677/602/585 717/618/586
f 675/614/587 674/607/587 713/622/587 714/619/587
f 717/618/588 677/602/588 676/610/588
f 718/624/589 728/625/589 746/626/589 744/627/589
f 749/628/590 727/629/590 730/630/590 745/631/590
f 728/625/591 727/629/591 749/628/591 746/626/591
f 729/632/592 721/633/592 720/634/592 725/635/592
f 728/625/593 721/633/593 729/632/593
f 733/636/594 734/637/594 758/638/594 757/639/594
f 731/640/595 735/641/595 736/642/595
f 737/643/596 736/642/596 735/641/596
f 731/640/597 728/625/597 718/624/597
f 733/636/598 739/644/598 740/645/598 734/637/598
f 733/636/599 732/646/599 742/647/599 739/644/599
f 732/646/600 731/640/600 742/647/600
f 743/648/601 736/642/596 738/649/602
f 712/621/583 711/620/582 748/650/603 744/627/603
f 715/616/604 714/619/604 749/628/604 745/631/604
f 713/622/605 712/621/605 744/627/605 746/626/605
f 716/617/606 715/616/606 745/631/606 747/651/606
f 714/619/607 713/622/607 746/626/607 749/628/607
f 748/650/608 718/624/608 744/627/608
f 743/648/609 750/652/609 731/640/609
f 731/640/610 751/653/610 752/654/610
f 818/655/611 731/640/611 763/656/611
f 731/640/600 752/654/600 742/647/600
f 750/652/612 718/624/612 748/650/612
f 750/652/613 731/640/613 718/624/613
f 755/657/614 784/658/614 783/659/614 767/660/614
f 732/646/615 756/661/615 731/640/615
f 733/636/616 757/639/617 868/662/618 858/663/616
f 731/640/619 756/661/619 728/625/619
f 722/664/620 726/665/620 755/657/620 760/666/620
f 723/667/621 761/668/621 762/669/621 724/670/621
f 722/664/622 760/666/622 761/668/622 723/667/622
f 822/671/623 875/672/624 881/673/624 877/674/623
f 822/671/625 877/674/625 876/675/626 874/676/627
f 730/630/628 727/629/628 753/677/628 754/678/628
f 758/638/629 769/679/629 768/680/629 757/639/629
f 753/677/630 756/661/630 857/681/631 765/682/631
f 754/678/632 753/677/632 765/682/632 766/683/632
f 819/684/633 823/685/634 769/679/634 758/638/635
f 760/666/636 771/686/636 772/687/636 761/668/636
s 0
f 759/688/637 770/689/637 764/688/637
s 1
f 761/668/638 772/687/638 773/690/638 762/669/638
f 760/666/639 755/657/639 767/660/639 771/686/639
f 757/639/617 768/680/640 866/691/640 868/662/618
f 727/629/641 728/625/641 753/677/641
f 728/625/642 756/661/642 753/677/642
f 745/631/643 730/630/643 726/665/643 747/651/643
f 730/630/644 754/678/644 784/658/644 726/665/644
f 769/679/645 883/692/645 888/693/645 768/680/645
f 891/694/646 887/695/646 866/691/646
f 772/687/647 779/696/647 780/697/647 773/690/647
s 0
f 770/689/197 777/698/197 781/698/197
s 1
f 767/660/648 783/659/648 782/699/649 776/700/649
f 771/686/650 767/660/650 776/700/650 778/701/650
f 765/682/631 857/681/631 860/702/651 774/703/651
f 766/683/652 765/682/652 774/703/652 775/704/652
f 823/685/653 882/705/653 883/692/653 769/679/653
f 771/686/654 778/701/654 779/696/654 772/687/654
f 726/665/655 784/658/655 755/657/655
f 782/699/656 783/659/656 766/683/656 775/704/656
f 783/659/657 784/658/657 754/678/657 766/683/657
f 774/703/658 860/702/658 788/706/658 785/707/658
f 778/701/659 792/708/659 793/709/659 779/696/659
f 779/696/660 793/709/661 794/710/661 780/697/660
f 778/701/662 776/700/662 787/711/663 792/708/664
f 782/699/665 775/704/665 786/712/665 796/713/665
f 775/704/666 774/703/666 785/707/666 786/712/666
f 776/700/649 782/699/649 796/713/667 787/711/667
s 0
f 777/698/197 791/714/197 795/714/197 781/698/197
s 1
f 793/709/661 870/715/668 806/716/668 794/710/661
f 796/713/669 786/712/669 798/717/669 805/718/669
f 792/708/664 787/711/663 799/719/670 804/720/670
f 795/714/671 803/721/672 821/722/673
f 786/712/674 785/707/674 797/723/674 798/717/674
f 789/724/675 801/725/676 864/726/677 867/727/675
f 790/728/678 802/729/678 801/725/678 789/724/678
f 787/711/679 796/713/679 805/718/679 799/719/679
s 0
f 795/714/197 791/714/197 803/721/197
s 1
f 785/707/680 788/706/680 800/730/680 797/723/680
f 792/708/681 804/720/681 870/715/681 793/709/681
f 803/721/682 824/731/682 821/722/682
f 803/721/683 813/732/683 825/733/683
f 802/729/684 812/734/684 811/735/684 801/725/684
f 805/718/685 798/717/685 808/736/685 816/737/685
f 804/720/686 799/719/686 809/738/686 814/739/686
f 797/723/687 800/730/687 810/740/687 807/741/687
f 801/725/688 811/735/688 865/742/688
f 814/739/689 815/743/689 869/744/689
f 798/717/690 797/723/690 807/741/690 808/736/690
f 799/719/691 805/718/691 816/737/692 809/738/692
f 795/714/671 821/722/673 885/745/693
f 781/698/694 820/746/694 882/705/694
f 764/688/695 770/689/696 823/685/696 819/684/697
f 874/676/698 819/684/633 758/638/635
f 740/645/699 817/747/700 875/672/701
f 825/733/702 812/734/702 802/729/702 824/731/702
f 824/731/703 802/729/703 790/728/703 821/722/703
f 803/721/704 825/733/704 824/731/704
f 816/737/705 808/736/705 827/748/705 835/749/705
f 814/739/706 809/738/706 828/750/706 833/751/706
f 807/741/707 810/740/707 829/752/707 826/753/707
f 836/754/708 812/734/709 825/733/710
f 813/732/711 832/755/711 836/754/711 825/733/711
f 810/740/712 862/756/712 863/757/712
f 814/739/713 833/751/713 834/758/713 815/743/713
f 808/736/714 807/741/714 826/753/714 827/748/714
f 809/738/692 816/737/692 835/749/715 828/750/715
f 812/734/716 831/759/716 830/760/716 811/735/716
f 810/740/717 800/730/718 859/761/719 861/762/717
f 852/763/720 851/764/721 837/765/722 838/766/722
f 854/767/723 839/768/723 840/769/723 853/770/723
f 852/763/724 838/766/725 839/768/725 854/767/726
f 843/771/195 844/772/195 842/772/195
f 842/772/195 844/772/195 828/750/195
f 828/750/195 844/772/195 845/750/195
f 846/765/195 837/765/195 848/773/195 850/773/195
f 855/774/196 847/775/196 849/775/196 856/774/196
f 828/750/197 845/750/197 849/775/197 847/775/197
f 851/764/727 828/750/728 847/775/728 855/774/729
f 837/765/730 851/764/727 855/774/729 848/773/730
f 848/773/202 855/774/202 856/774/202 850/773/202
f 833/751/731 852/763/724 854/767/726 834/758/731
f 833/751/732 828/750/732 851/764/721 852/763/720
f 846/765/195 840/769/195 838/766/195
f 858/663/733 756/661/733 732/646/733
f 859/761/719 800/730/718 788/706/734
f 862/756/735 810/740/735 861/762/735
f 864/726/677 801/725/676 865/742/736
f 869/744/209 871/715/209 870/715/209
f 872/776/195 873/776/195 843/771/195
f 832/755/195 873/776/195 872/776/195 836/754/195
f 881/673/624 875/672/624 817/747/737
f 874/676/627 876/675/626 879/777/738
f 880/778/739 817/747/740 741/779/741
f 885/745/742 821/722/742 790/728/742 886/780/742
f 886/780/743 790/728/743 789/724/743 884/781/743
f 867/727/744 889/782/745 890/783/746
f 858/663/747 732/646/747 733/636/747
f 881/673/748 817/747/740 880/778/739
f 894/784/749 896/784/749 893/785/749 895/785/749
f 896/784/750 897/784/750 892/785/750 893/785/750
f 894/784/751 900/785/751 899/785/751 896/784/751
f 896/784/752 899/785/752 898/785/752 897/784/752
f 906/786/753 905/787/753 917/788/753 918/789/753
f 901/790/754 912/791/754 923/792/754 913/793/754
f 903/794/755 902/795/755 914/796/755 915/797/755
f 910/798/756 909/799/756 920/800/756 921/801/756
f 907/790/757 906/795/757 918/802/757
f 904/803/758 903/787/758 915/804/758 916/805/758
f 911/806/759 910/807/759 921/808/759 922/809/759
f 908/810/760 907/811/760 919/812/760
f 905/794/761 904/813/761 916/814/761 917/815/761
f 912/810/762 911/799/762 922/800/762 923/816/762
f 902/786/763 901/811/763 913/817/763 914/818/763
f 909/806/764 908/791/764 919/819/764 920/809/764
f 919/812/765 907/811/765 1294/820/765
f 903/787/766 904/803/766 927/803/766 926/787/766
f 933/807/767 934/806/767 946/806/767 945/807/767
f 910/807/768 911/806/768 934/806/768 933/807/768
f 907/811/769 908/810/769 931/810/769 930/811/769
f 904/813/770 905/794/770 928/794/770 927/813/770
f 911/799/771 912/810/771 935/810/771 934/799/771
f 901/811/772 902/786/772 925/786/772 924/811/772
f 908/791/773 909/806/773 932/806/773 931/791/773
f 905/787/774 906/786/774 929/786/774 928/787/774
f 912/791/775 901/790/775 924/790/775 935/791/775
f 902/795/776 903/794/776 926/794/776 925/795/776
f 909/799/777 910/798/777 933/798/777 932/799/777
f 906/795/778 907/790/778 930/790/778 929/795/778
f 946/821/195 936/822/195 940/823/195
f 930/790/779 931/791/779 943/791/779 942/790/779
f 927/813/780 928/794/780 940/794/780 939/813/780
f 934/806/781 935/791/781 947/791/781 946/806/781
f 924/790/782 925/795/782 937/795/782 936/790/782
f 931/791/783 932/806/783 944/806/783 943/791/783
f 928/794/784 929/795/784 941/795/784 940/794/784
f 935/791/785 924/790/785 936/790/785 947/791/785
f 925/795/786 926/794/786 938/794/786 937/795/786
f 932/806/787 933/807/787 945/807/787 944/806/787
f 929/795/788 930/790/788 942/790/788 941/795/788
f 926/794/789 927/813/789 939/813/789 938/794/789
f 953/786/790 965/789/790 964/788/790 952/787/790
f 948/790/791 960/793/791 969/792/791 959/791/791
f 950/794/792 962/797/792 961/796/792 949/795/792
f 957/798/793 921/801/793 967/800/793 956/799/793
f 954/790/794 965/802/794 953/795/794
f 951/803/795 963/805/795 962/804/795 950/787/795
f 958/806/796 968/809/796 921/808/796 957/807/796
f 955/810/797 966/812/797 954/811/797
f 952/794/798 964/815/798 963/814/798 951/813/798
f 959/810/799 969/816/799 968/800/799 958/799/799
f 949/786/800 961/818/800 960/817/800 948/811/800
f 956/806/801 967/809/801 966/819/801 955/791/801
f 966/812/802 1293/820/802 954/811/802
f 950/787/768 972/787/768 973/803/768 951/803/768
f 979/807/789 991/807/789 992/806/789 980/806/789
f 957/807/766 979/807/766 980/806/766 958/806/766
f 954/811/778 976/811/778 977/810/778 955/810/778
f 951/813/777 973/813/777 974/794/777 952/794/777
f 958/799/776 980/799/776 981/810/776 959/810/776
f 948/811/775 970/811/775 971/786/775 949/786/775
f 955/791/774 977/791/774 978/806/774 956/806/774
f 952/787/773 974/787/773 975/786/773 953/786/773
f 959/791/772 981/791/772 970/790/772 948/790/772
f 949/795/771 971/795/771 972/794/771 950/794/771
f 956/799/770 978/799/770 979/798/770 957/798/770
f 953/795/769 975/795/769 976/790/769 954/790/769
f 992/821/195 988/822/195 984/823/195
f 976/790/788 988/790/788 989/791/788 977/791/788
f 973/813/787 985/813/787 986/794/787 974/794/787
f 980/806/786 992/806/786 993/791/786 981/791/786
f 970/790/785 982/790/785 983/795/785 971/795/785
f 977/791/784 989/791/784 990/806/784 978/806/784
f 974/794/783 986/794/783 987/795/783 975/795/783
f 981/791/782 993/791/782 982/790/782 970/790/782
f 971/795/781 983/795/781 984/794/781 972/794/781
f 978/806/780 990/806/780 991/807/780 979/807/780
f 975/795/779 987/795/779 988/790/779 976/790/779
f 972/794/767 984/794/767 985/813/767 973/813/767
f 1016/824/803 1015/825/803 1013/826/803 1014/827/803
f 1008/828/197 1009/829/197 1002/830/197
f 1027/831/804 1026/832/804 1009/829/804 1008/828/804
f 1029/833/805 1028/834/805 1007/835/805 1006/836/805
f 1031/837/806 1030/838/806 1005/839/806 1004/840/806
f 1033/841/807 1032/791/807 1003/842/807 1002/830/807
f 1026/832/808 1033/841/808 1002/830/808 1009/829/808
f 1028/834/809 1027/831/809 1008/828/809 1007/835/809
f 1030/838/810 1029/833/810 1006/836/810 1005/839/810
f 1032/791/811 1031/837/811 1004/840/811 1003/842/811
f 1019/843/812 1018/844/812 1010/845/812 1011/846/812
f 1018/844/813 1016/824/813 1014/827/813 1010/845/813
f 1017/847/814 1019/843/814 1011/846/814 1012/848/814
f 996/849/815 995/850/815 1019/843/815 1017/847/815
f 994/851/816 1001/852/816 1016/824/816 1018/844/816
f 995/850/817 994/851/817 1018/844/817 1019/843/817
f 1001/852/818 1000/853/818 1015/825/818 1016/824/818
f 1017/847/819 1012/848/819 1022/854/819 1025/855/819
f 1013/826/820 1015/825/820 1024/856/820 1023/857/820
f 1025/855/821 1020/858/821 1035/859/821
f 999/860/822 1015/825/822 1000/853/822
f 995/861/823 996/862/823 1031/837/823 1032/791/823
f 997/863/824 998/864/824 1029/833/824 1030/838/824
f 999/865/825 1000/866/825 1027/831/825 1028/834/825
f 1001/867/826 994/868/826 1033/841/826 1026/832/826
f 994/868/827 995/861/827 1032/791/827 1033/841/827
f 996/862/828 997/863/828 1030/838/828 1031/837/828
f 998/864/829 999/865/829 1028/834/829 1029/833/829
f 1000/866/830 1001/867/830 1026/832/830 1027/831/830
f 997/869/831 1038/870/831 1039/871/831 998/872/831
f 1034/873/832 1024/856/832 1015/825/832
f 1034/873/833 1039/871/834 1037/874/835
f 998/872/836 1039/871/836 999/860/836
f 1038/870/837 997/869/837 996/849/837
f 1021/875/838 1034/873/833 1037/874/835
f 1020/858/839 1021/875/839 1037/874/839 1036/876/839
f 1035/859/840 1020/858/840 1036/876/840
f 1037/874/197 1039/871/197 1038/870/197 1036/876/197
f 1036/876/841 1038/870/841 1035/859/841
f 999/860/842 1039/871/834 1034/873/833
f 996/849/843 1035/859/843 1038/870/843
f 1067/877/844 1049/878/844 1048/879/844 1066/880/844
f 1066/880/845 1048/879/845 1047/881/845 1065/882/845
f 1065/882/846 1047/881/846 1058/883/846 1054/884/846
f 1043/87/847 1045/885/847 1049/878/847 1067/877/847
f 1050/93/848 1052/75/848 1062/886/848 1051/887/848
f 1044/86/849 1046/888/849 1045/885/849 1043/87/849
f 1044/86/850 1050/93/850 1051/887/850 1046/888/850
f 1042/889/851 1055/890/851 1060/891/851 1061/892/851
f 1055/890/852 1041/893/852 1059/894/852 1060/891/852
f 1041/893/853 1054/895/853 1058/896/853 1059/894/853
f 1040/617/854 1042/889/854 1061/892/854 1056/897/854
f 1063/623/855 1064/898/855 1062/899/855 1052/603/855
f 1053/618/856 1040/617/856 1056/897/856 1057/900/856
f 1053/618/857 1057/900/857 1064/898/857 1063/623/857
f 1102/901/858 1108/901/858 1107/901/858 1101/901/858
f 1101/901/859 1107/901/859 1106/901/859 1100/901/859
f 1100/901/860 1106/901/860 1105/901/860 1099/901/860
f 1097/901/861 1103/901/861 1108/901/861 1102/901/861
f 1110/901/862 1096/901/862 1109/901/862 1111/901/862
f 1098/901/863 1104/901/863 1103/901/863 1097/901/863
f 1098/901/864 1110/901/864 1111/901/864 1104/901/864
f 1116/901/865 1115/901/865 1120/901/865 1121/901/865
f 1115/901/866 1114/901/866 1119/901/866 1120/901/866
f 1114/901/867 1099/901/867 1105/901/867 1119/901/867
f 1112/901/868 1116/901/868 1121/901/868 1117/901/868
f 1122/901/869 1123/901/869 1109/901/869 1096/901/869
f 1113/901/870 1112/901/870 1117/901/870 1118/901/870
f 1113/901/871 1118/901/871 1123/901/871 1122/901/871
f 1070/901/872 1082/901/872 1110/901/872 1098/901/872
f 1069/901/873 1070/901/873 1098/901/873 1097/901/873
f 1074/901/874 1069/901/874 1097/901/874 1102/901/874
f 1071/901/875 1072/901/875 1100/901/875 1099/901/875
f 1072/901/876 1073/901/876 1101/901/876 1100/901/876
f 1073/901/877 1074/901/877 1102/901/877 1101/901/877
f 1078/901/878 1077/901/878 1105/901/878 1106/901/878
f 1079/901/879 1078/901/879 1106/901/879 1107/901/879
f 1080/901/880 1079/901/880 1107/901/880 1108/901/880
f 1075/901/881 1080/901/881 1108/901/881 1103/901/881
f 1083/901/882 1076/901/882 1104/901/882 1111/901/882
f 1076/901/883 1075/901/883 1103/901/883 1104/901/883
f 1082/901/884 1068/901/884 1096/901/884 1110/901/884
f 1081/901/885 1083/901/885 1111/901/885 1109/901/885
f 1094/901/886 1085/901/886 1113/901/886 1122/901/886
f 1085/901/887 1084/901/887 1112/901/887 1113/901/887
f 1084/901/888 1088/901/888 1116/901/888 1112/901/888
f 1086/901/889 1071/901/889 1099/901/889 1114/901/889
f 1087/901/890 1086/901/890 1114/901/890 1115/901/890
f 1088/901/891 1087/901/891 1115/901/891 1116/901/891
f 1077/901/892 1091/901/892 1119/901/892 1105/901/892
f 1091/901/893 1092/901/893 1120/901/893 1119/901/893
f 1092/901/894 1093/901/894 1121/901/894 1120/901/894
f 1093/901/895 1089/901/895 1117/901/895 1121/901/895
f 1090/901/896 1095/901/896 1123/901/896 1118/901/896
f 1089/901/897 1090/901/897 1118/901/897 1117/901/897
f 1068/901/898 1094/901/898 1122/901/898 1096/901/898
f 1095/901/899 1081/901/899 1109/901/899 1123/901/899
f 1124/902/293 1127/903/293 1128/904/293 1130/905/293
f 1128/906/900 1129/907/900 1131/908/900 1130/909/900
f 1125/910/445 1124/902/445 1130/905/445 1131/911/445
f 1126/912/232 1125/910/232 1131/911/232 1129/913/232
f 1132/902/293 1134/905/293 1128/904/293 1127/903/293
f 1128/906/900 1134/909/900 1135/908/900 1129/907/900
f 1133/910/402 1135/911/402 1134/905/402 1132/902/402
f 1126/912/232 1129/913/232 1135/911/232 1133/910/232
f 1136/914/901 1143/915/901 1144/916/901 1137/917/901
f 1139/918/902 1145/919/902 1143/915/902 1136/914/902
f 1157/920/903 1153/921/903 1138/922/903
f 1142/923/904 1145/919/904 1139/918/904
f 1152/924/905 1140/925/905 1146/926/905 1154/927/905
f 1141/928/906 1147/929/906 1145/919/906 1142/923/906
f 1145/919/907 1150/930/907 1148/931/907 1143/915/907
f 1153/921/908 1154/927/908 1146/926/908 1138/922/908
f 1143/915/909 1148/931/909 1149/932/909 1144/916/909
f 1147/929/910 1151/933/910 1150/930/910 1145/919/910
f 1159/934/911 1161/935/911 1155/936/911 1153/921/911
f 1160/937/912 1154/927/912 1156/936/912 1162/938/912
f 1158/939/913 1152/924/914 1154/927/914 1160/937/915
f 1157/920/916 1159/934/916 1153/921/916
f 1155/936/402 1156/936/402 1154/927/402 1153/921/402
f 1137/917/917 1144/916/917 1159/934/917 1157/920/917
f 1141/928/918 1158/939/913 1160/937/915 1147/929/918
f 1147/929/919 1160/937/919 1162/938/919 1151/933/919
f 1144/916/920 1149/932/920 1161/935/920 1159/934/920
f 1163/914/921 1164/917/921 1169/916/921 1168/915/921
f 1165/918/922 1163/914/922 1168/915/922 1170/919/922
f 1181/920/923 1138/922/923 1177/921/923
f 1167/923/924 1165/918/924 1170/919/924
f 1176/924/925 1178/927/925 1146/926/925 1140/925/925
f 1166/928/926 1167/923/926 1170/919/926 1171/929/926
f 1170/919/927 1168/915/927 1172/931/927 1174/930/927
f 1177/921/928 1138/922/928 1146/926/928 1178/927/928
f 1168/915/929 1169/916/929 1173/932/929 1172/931/929
f 1171/929/930 1170/919/930 1174/930/930 1175/933/930
f 1183/934/931 1177/921/931 1179/936/931 1185/935/931
f 1184/937/932 1186/938/932 1180/936/932 1178/927/932
f 1182/939/933 1184/937/934 1178/927/935 1176/924/935
f 1181/920/936 1177/921/936 1183/934/936
f 1179/936/445 1177/921/445 1178/927/445 1180/936/445
f 1164/917/937 1181/920/937 1183/934/937 1169/916/937
f 1166/928/938 1171/929/938 1184/937/934 1182/939/933
f 1171/929/939 1175/933/939 1186/938/939 1184/937/939
f 1169/916/940 1183/934/940 1185/935/940 1173/932/940
f 1188/940/197 1187/941/197 1189/942/197 1190/943/197
f 1193/944/197 1194/945/197 1192/946/197 1191/946/197
f 1188/940/197 1190/943/197 1194/945/197 1193/944/197
f 1196/940/197 1198/943/197 1197/942/197 1195/941/197
f 1201/944/197 1199/946/197 1200/946/197 1202/945/197
f 1196/940/197 1201/944/197 1202/945/197 1198/943/197
f 1214/947/941 1228/948/941 1229/949/941 1215/950/941
f 1205/951/942 1224/952/943 1213/953/944
f 1207/954/945 1223/955/945 1221/956/946 1203/957/947
f 1217/958/948 1231/959/948 1232/960/948 1218/961/948
f 1215/950/949 1229/949/949 1230/962/949 1216/963/949
f 1208/964/950 1232/960/950 1223/955/950 1207/954/950
f 1218/961/951 1232/960/951 1219/965/951
f 1216/963/197 1230/962/197 1225/966/197 1210/967/197
f 1206/968/952 1232/960/952 1208/964/952
f 1219/965/951 1232/960/951 1206/968/951
f 1210/967/197 1225/966/197 1227/969/197 1212/970/197
f 1220/971/953 1224/952/943 1209/972/953
f 1209/972/954 1224/952/954 1226/973/954 1211/974/954
f 1203/957/947 1221/956/946 1222/975/955 1204/976/955
f 1213/953/944 1224/952/943 1220/971/953
f 1204/976/956 1222/975/956 1224/952/943 1205/951/942
f 1212/970/197 1227/969/197 1231/959/197 1217/958/197
f 1211/974/957 1226/973/957 1228/948/957 1214/947/957
f 1221/956/958 1232/960/958 1224/952/958
f 1226/973/959 1224/952/959 1232/960/959 1231/959/959
f 1226/973/960 1231/959/960 1227/969/960 1228/948/960
f 1228/948/961 1227/969/961 1225/966/962 1229/949/963
f 1230/962/964 1229/949/963 1225/966/962
f 1244/947/965 1245/950/965 1259/949/965 1258/948/965
f 1235/951/966 1243/953/967 1254/952/968
f 1237/954/969 1233/957/970 1251/956/971 1253/955/969
f 1247/958/972 1248/961/972 1262/960/972 1261/959/972
f 1245/950/973 1246/963/973 1260/962/973 1259/949/973
f 1238/964/974 1237/954/974 1253/955/974 1262/960/974
f 1248/961/975 1249/965/975 1262/960/975
f 1246/963/197 1240/967/197 1255/966/197 1260/962/197
f 1236/968/976 1238/964/976 1262/960/976
f 1249/965/975 1236/968/975 1262/960/975
f 1240/967/197 1242/970/197 1257/969/197 1255/966/197
f 1250/971/977 1239/972/977 1254/952/968
f 1239/972/978 1241/974/978 1256/973/978 1254/952/978
f 1233/957/970 1234/976/979 1252/975/979 1251/956/971
f 1243/953/967 1250/971/977 1254/952/968
f 1234/976/980 1235/951/966 1254/952/968 1252/975/980
f 1242/970/197 1247/958/197 1261/959/197 1257/969/197
f 1241/974/981 1244/947/981 1258/948/981 1256/973/981
f 1262/960/982 1253/955/982 1251/956/982
f 1256/973/983 1261/959/983 1262/960/983 1254/952/983
f 1256/973/984 1258/948/984 1257/969/984 1261/959/984
f 1258/948/985 1259/949/986 1255/966/987 1257/969/985
f 1260/962/988 1255/966/987 1259/949/986
f 1264/977/989 1270/977/989 1269/977/989 1263/977/989
f 1266/977/990 1272/977/990 1271/977/990 1265/977/990
f 1268/977/991 1274/977/991 1270/977/991 1264/977/991
f 1267/977/992 1273/977/992 1274/977/992 1268/977/992
f 1263/977/993 1269/977/993 1272/977/993 1266/977/993
f 1269/977/994 1275/977/994 1278/977/994 1272/977/994
f 1274/977/995 1280/977/995 1276/977/995 1270/977/995
f 1272/977/197 1278/977/197 1277/977/197 1271/977/197
f 1270/977/996 1276/977/996 1275/977/996 1269/977/996
f 1273/977/997 1279/977/997 1280/977/997 1274/977/997
f 1277/977/998 1278/977/998 1275/977/998
f 1282/977/999 1281/977/999 1285/977/999 1286/977/999
f 1283/977/1000 1265/977/1000 1271/977/1000 1287/977/1000
f 1284/977/1001 1282/977/1001 1286/977/1001 1288/977/1001
f 1267/977/1002 1284/977/1002 1288/977/1002 1273/977/1002
f 1281/977/1003 1283/977/1003 1287/977/1003 1285/977/1003
f 1285/977/1004 1287/977/1004 1291/977/1004 1289/977/1004
f 1288/977/1005 1286/977/1005 1290/977/1005 1292/977/1005
f 1287/977/197 1271/977/197 1277/977/197 1291/977/197
f 1286/977/1006 1285/977/1006 1289/977/1006 1290/977/1006
f 1273/977/1007 1288/977/1007 1292/977/1007 1279/977/1007
f 1289/977/1008 1291/977/1008 1277/977/1008
f 123/111/66 53/119/73 52/113/67
f 123/111/1009 118/110/1009 55/118/1009
f 57/122/1010 118/110/1010 142/126/1010
f 118/110/83 132/124/83 185/125/83
f 242/160/1011 146/149/1012 245/163/116
f 146/149/1012 223/159/114 245/163/116
f 181/205/1013 173/185/1013 226/210/1013
f 173/185/1014 227/182/1014 226/210/1014
f 65/187/141 63/214/1015 239/212/163
f 63/214/1016 187/213/1016 239/212/1016
f 63/214/166 60/216/1017 236/172/164
f 60/216/1018 190/155/1018 236/172/1018
f 189/141/1019 121/109/1019 230/145/1019
f 121/109/1020 139/108/170 230/145/172
f 125/114/1021 121/109/1022 231/144/1023
f 121/109/1022 189/141/1024 231/144/1023
f 197/226/1025 179/201/1025 220/227/1025
f 220/227/1025 219/246/1025 178/208/1025
f 178/208/1026 196/223/1026 220/227/1026
f 195/221/195 72/241/195 207/241/195
f 206/242/195 201/218/195 195/221/195
f 203/234/195 204/233/195 74/234/195
f 204/233/195 205/239/195 70/238/195
f 59/215/167 80/978/1027 234/248/211
f 234/248/211 232/146/98 230/145/97
f 230/145/97 186/154/168 234/248/211
f 162/191/217 238/252/1028 244/253/215
f 244/253/1029 243/979/1029 224/192/1029
f 280/277/1030 246/980/1030 259/282/1030
f 259/282/1031 257/276/236 280/277/238
f 322/312/1032 292/981/1032 320/311/1032
f 320/311/274 318/309/1033 319/310/275
f 338/324/1034 264/982/1034 266/327/1034
f 266/327/1035 296/322/1035 338/324/1035
f 369/355/197 370/352/197 371/351/197
f 371/351/197 372/352/197 373/355/197
f 373/355/197 374/357/197 375/356/197
f 375/356/197 376/357/197 369/355/197
f 369/355/197 371/351/197 375/356/197
f 379/361/195 378/362/195 377/358/195
f 377/358/195 384/340/195 383/339/195
f 383/339/195 382/340/195 381/358/195
f 381/358/195 380/362/195 379/361/195
f 379/361/195 377/358/195 381/358/195
f 419/382/197 418/381/197 417/385/197
f 417/385/197 424/387/197 423/386/197
f 423/386/197 422/387/197 419/382/197
f 422/387/197 421/385/197 419/382/197
f 421/385/197 420/381/197 419/382/197
f 425/388/195 426/392/195 427/393/195
f 427/393/195 428/392/195 425/388/195
f 428/392/195 429/388/195 425/388/195
f 429/388/195 430/370/195 425/388/195
f 430/370/195 431/371/195 425/388/195
f 486/983/1036 447/411/1036 485/406/1036
f 447/411/1037 454/404/382 485/406/384
f 481/405/1038 454/404/386 479/407/385
f 454/404/386 461/421/1039 460/408/387
f 484/984/1040 479/407/385 460/408/387
f 460/408/387 463/414/398 484/984/1040
f 463/414/398 456/395/397 483/437/409
f 456/395/397 480/438/408 482/436/408
f 483/437/409 484/984/1040 463/414/398
f 509/455/427 502/459/1041 540/453/425
f 502/459/1041 541/985/1042 540/453/425
f 516/469/1043 509/455/429 515/456/428
f 509/455/429 536/454/1044 534/457/430
f 515/456/428 534/457/430 539/986/1045
f 515/456/428 539/986/1045 518/463/442
f 539/986/1045 538/485/453 518/463/442
f 511/446/440 518/463/442 538/485/453
f 537/486/454 535/487/454 511/446/440
s 0
f 685/601/197 686/601/197 687/601/197
f 688/601/197 689/601/197 690/601/197
f 696/601/197 685/601/197 687/601/197
f 688/601/197 690/601/197 691/601/197
f 695/601/197 696/601/197 687/601/197
f 688/601/197 691/601/197 692/601/197
f 694/601/197 695/601/197 687/601/197
f 688/601/197 692/601/197 693/601/197
f 693/601/197 694/601/197 687/601/197
s 1
f 737/643/596 738/649/602 736/642/596
f 743/648/1046 731/640/1046 736/642/1046
f 751/653/611 731/640/611 818/655/611
f 731/640/1047 750/652/1047 763/656/1047
f 866/691/1048 768/680/1049 891/694/1050
f 768/680/1049 888/693/1051 891/694/1050
f 870/715/1052 804/720/1052 869/744/1052
f 804/720/1053 814/739/1053 869/744/1053
f 820/746/1054 781/698/1055 885/745/693
f 781/698/1055 795/714/671 885/745/693
f 823/685/1056 770/689/1057 882/705/1058
f 770/689/1057 781/698/1059 882/705/1058
f 758/638/635 734/637/1060 874/676/698
f 734/637/1061 822/671/1061 874/676/1061
f 822/671/1062 734/637/1063 875/672/701
f 734/637/1063 740/645/699 875/672/701
f 863/757/712 811/735/712 830/760/712
f 830/760/1064 829/752/1064 863/757/1064
f 829/752/1065 810/740/1065 863/757/1065
f 828/750/195 835/749/195 841/987/195
f 841/987/195 842/772/195 828/750/195
f 839/768/1066 838/766/1066 840/769/1066
f 838/766/195 837/765/195 846/765/195
f 879/777/738 878/988/1067 764/688/695
f 764/688/695 819/684/697 879/777/738
f 819/684/697 874/676/627 879/777/738
f 890/783/746 884/781/1068 789/724/1069
f 789/724/1069 867/727/744 890/783/746
f 936/822/195 937/989/195 940/823/195
f 937/989/195 938/823/195 940/823/195
f 938/823/195 939/990/195 940/823/195
f 940/823/195 941/989/195 944/821/195
f 941/989/195 942/822/195 944/821/195
f 942/822/195 943/991/195 944/821/195
f 944/821/195 945/992/195 946/821/195
f 946/821/195 947/991/195 936/822/195
f 944/821/195 946/821/195 940/823/195
f 984/823/195 983/989/195 982/822/195
f 982/822/195 993/991/195 984/823/195
f 993/991/195 992/821/195 984/823/195
f 992/821/195 991/992/195 990/821/195
f 990/821/195 989/991/195 992/821/195
f 989/991/195 988/822/195 992/821/195
f 988/822/195 987/989/195 984/823/195
f 987/989/195 986/823/195 984/823/195
f 986/823/195 985/990/195 984/823/195
f 1002/830/197 1003/842/197 1004/840/197
f 1004/840/197 1005/839/197 1002/830/197
f 1005/839/197 1006/836/197 1002/830/197
f 1006/836/197 1007/835/197 1002/830/197
f 1007/835/197 1008/828/197 1002/830/197
f 1035/859/821 996/849/821 1017/847/821
f 1017/847/821 1025/855/821 1035/859/821
f 1015/825/1070 999/860/1070 1034/873/1070
f 1034/873/1071 1021/875/1071 1024/856/1071
f 1224/952/1072 1222/975/1072 1221/956/1072
f 1221/956/1073 1223/955/1073 1232/960/1073
f 1251/956/1074 1252/975/1074 1254/952/1074
f 1254/952/1075 1262/960/1075 1251/956/1075
f 1280/977/1076 1279/977/1076 1276/977/1076
f 1279/977/1077 1277/977/1077 1275/977/1077
f 1276/977/1078 1279/977/1078 1275/977/1078
f 1277/977/1079 1279/977/1079 1289/977/1079
f 1279/977/1080 1292/977/1080 1290/977/1080
f 1290/977/1081 1289/977/1081 1279/977/1081
f 86/72/55 33/75/1082 109/93/55
f 719/623/585 671/603/1083 677/602/585
f 954/790/802 1293/993/802 965/802/802
f 1294/993/765 907/790/765 918/802/765
f 180/202/1084 198/229/1084 202/224/1084
f 836/754/708 831/759/1085 812/734/709
o canard_l
v 0.529065 0.156747 5.619375
v 0.577085 0.160654 4.802357
v 2.041317 -0.187536 4.382676
v 2.041317 -0.186457 4.157031
v 0.499251 0.210987 6.126641
v 0.597453 0.210987 4.455808
v 2.041317 -0.172556 4.061320
v 2.041317 -0.172556 4.522774
v 0.529065 0.265227 5.619375
v 0.577085 0.261320 4.802357
v 2.041317 -0.157576 4.382676
v 2.041317 -0.158655 4.157031
v 0.499251 0.210987 6.126641
v 0.597453 0.210987 4.455808
v 2.041317 -0.172556 4.061320
v 2.041317 -0.172556 4.522774
v 0.529065 0.265227 5.619375
v 0.577085 0.261320 4.802357
v 0.499251 0.210987 6.126641
v 0.597453 0.210987 4.455808
vn -0.2355 -0.9717 -0.0155
vn -0.1429 -0.9848 0.0987
vn 1.0000 -0.0000 -0.0000
vn -0.2912 -0.9447 -0.1506
vn -0.9983 -0.0000 -0.0587
vn 0.2205 0.9666 -0.1302
vn 0.3526 0.9286 0.1155
vn 0.2772 0.9608 0.0082
vt 0.854041 0.549921
vt 0.910573 0.525005
vt 0.910573 0.533717
vt 0.852186 0.581465
vt 0.910573 0.539126
vt 0.851035 0.601050
vt 0.910573 0.521310
vt 0.854827 0.536541
vt 0.854827 0.710887
vt 0.854041 0.697507
vt 0.910573 0.722423
vt 0.910573 0.726118
vt 0.910573 0.713711
vt 0.910573 0.708302
vt 0.852186 0.665963
vt 0.851035 0.646378
s 1
usemtl Material.002
f 1296/994/1086 1298/995/1086 1297/996/1086 1295/997/1086
f 1297/996/1087 1302/998/1087 1299/999/1087 1295/997/1087
f 1298/995/1088 1301/1000/1088 1302/998/1088 1297/996/1088
f 1296/994/1089 1300/1001/1089 1301/1000/1089 1298/995/1089
f 1295/997/1090 1299/999/1090 1300/1001/1090 1296/994/1090
f 1308/1002/1091 1304/1003/1091 1306/1004/1091 1309/1005/1091
f 1309/1005/1088 1306/1004/1088 1305/1006/1088 1310/1007/1088
f 1310/1007/1092 1305/1006/1092 1303/1008/1092 1307/1009/1092
f 1306/1004/1093 1304/1003/1093 1303/1008/1093 1305/1006/1093
f 1313/1009/1090 1311/1008/1090 1312/1003/1090 1314/1002/1090
o canard_r
v -0.529065 0.156747 5.619375
v -0.577085 0.160654 4.802357
v -2.041317 -0.187536 4.382676
v -2.041317 -0.186457 4.157031
v -0.499251 0.210987 6.126641
v -0.597453 0.210987 4.455808
v -2.041317 -0.172556 4.061320
v -2.041317 -0.172556 4.522774
v -0.529065 0.265227 5.619375
v -0.577085 0.261320 4.802357
v -2.041317 -0.157576 4.382676
v -2.041317 -0.158655 4.157031
v -0.499251 0.210987 6.126641
v -0.597453 0.210987 4.455808
v -2.041317 -0.172556 4.061320
v -2.041317 -0.172556 4.522774
v -0.529065 0.265227 5.619375
v -0.577085 0.261320 4.802357
v -0.499251 0.210987 6.126641
v -0.597453 0.210987 4.455808
vn 0.2355 -0.9717 -0.0155
vn 0.1429 -0.9848 0.0987
vn -1.0000 -0.0000 -0.0000
vn 0.2912 -0.9447 -0.1506
vn 0.9983 -0.0000 -0.0587
vn -0.2205 0.9666 -0.1302
vn -0.3526 0.9286 0.1155
vn -0.2772 0.9608 0.0082
vn -0.9983 -0.0000 0.0587
vt 0.809479 0.549921
vt 0.811333 0.581465
vt 0.752946 0.533717
vt 0.752946 0.525005
vt 0.812484 0.601050
vt 0.752946 0.539126
vt 0.752946 0.521310
vt 0.808693 0.536541
vt 0.808693 0.710887
vt 0.752946 0.726118
vt 0.752946 0.722423
vt 0.809479 0.697507
vt 0.752946 0.708302
vt 0.752946 0.713711
vt 0.812484 0.646378
vt 0.811333 0.665963
s 1
usemtl Material.002
f 1316/1010/1094 1315/1011/1094 1317/1012/1094 1318/1013/1094
f 1317/1012/1095 1315/1011/1095 1319/1014/1095 1322/1015/1095
f 1318/1013/1096 1317/1012/1096 1322/1015/1096 1321/1016/1096
f 1316/1010/1097 1318/1013/1097 1321/1016/1097 1320/1017/1097
f 1315/1011/1098 1316/1010/1098 1320/1017/1098 1319/1014/1098
f 1328/1018/1099 1329/1019/1099 1326/1020/1099 1324/1021/1099
f 1329/1019/1096 1330/1022/1096 1325/1023/1096 1326/1020/1096
f 1330/1022/1100 1327/1024/1100 1323/1025/1100 1325/1023/1100
f 1326/1020/1101 1325/1023/1101 1323/1025/1101 1324/1021/1101
f 1333/1024/1102 1331/1025/1102 1332/1021/1102 1334/1018/1102
o canopy
v 0.452666 0.845666 4.674785
v 0.456410 0.894344 4.613001
v 0.000000 1.458260 4.833251
v 0.000000 1.486343 4.769595
v 0.226333 1.436167 4.752370
v 0.226333 1.408084 4.816026
v 0.428468 1.178099 4.755065
v 0.428468 1.206183 4.691410
v 0.453518 0.953629 4.699316
v 0.453518 0.981713 4.635660
v 0.394975 1.051556 2.925062
v 0.321583 1.140602 2.412099
v 0.202248 1.262331 2.238757
v 0.000000 1.316682 2.168668
v 0.321583 1.083000 2.304931
v 0.202248 1.234097 2.114291
v 0.000000 1.288449 2.044201
v 0.412480 0.876987 2.711635
v 0.450697 0.858756 4.142461
v 0.451595 0.951578 4.127633
v 0.000000 1.458260 4.833251
v 0.000000 1.486343 4.769595
v 0.000000 1.316682 2.168668
v 0.000000 1.288449 2.044201
v -0.452666 0.845666 4.674785
v -0.456410 0.894344 4.613001
v -0.226333 1.436167 4.752370
v -0.226333 1.408084 4.816026
v -0.428468 1.178099 4.755065
v -0.428468 1.206183 4.691410
v -0.453518 0.953629 4.699316
v -0.453518 0.981713 4.635660
v -0.394975 1.051556 2.925062
v -0.321583 1.140602 2.412099
v -0.202248 1.262331 2.238757
v -0.321583 1.083000 2.304931
v -0.202248 1.234097 2.114291
v -0.412480 0.876987 2.711635
v -0.450697 0.858756 4.142461
v -0.451595 0.951578 4.127633
v 0.452666 0.845666 4.674785
v 0.456410 0.894344 4.613001
v 0.000000 1.458260 4.833251
v 0.000000 1.486343 4.769595
v 0.226333 1.436167 4.752370
v 0.226333 1.408084 4.816026
v 0.428468 1.178099 4.755065
v 0.428468 1.206183 4.691410
v 0.453518 0.953629 4.699316
v 0.453518 0.981713 4.635660
v 0.394975 1.051556 2.925062
v 0.321583 1.140602 2.412099
v 0.202248 1.262331 2.238757
v 0.000000 1.316682 2.168668
v 0.321583 1.083000 2.304931
v 0.202248 1.234097 2.114291
v 0.000000 1.288449 2.044201
v 0.412480 0.876987 2.711635
v 0.450697 0.858756 4.142461
v 0.451595 0.951578 4.127633
v -0.452666 0.845666 4.674785
v -0.456410 0.894344 4.613001
v -0.226333 1.436167 4.752370
v -0.226333 1.408084 4.816026
v -0.428468 1.178099 4.755065
v -0.428468 1.206183 4.691410
v -0.453518 0.953629 4.699316
v -0.453518 0.981713 4.635660
v -0.394975 1.051556 2.925062
v -0.321583 1.140602 2.412099
v -0.202248 1.262331 2.238757
v -0.321583 1.083000 2.304931
v -0.202248 1.234097 2.114291
v -0.412480 0.876987 2.711635
v -0.450697 0.858756 4.142461
v -0.451595 0.951578 4.127633
v 0.412674 0.846144 4.674116
v 0.416420 0.895152 4.612663
v 0.000000 1.421663 4.817105
v 0.000000 1.449747 4.753449
v 0.206107 1.404594 4.738440
v 0.205123 1.377055 4.802337
v 0.391348 1.164464 4.749050
v 0.392260 1.190629 4.684547
v 0.413588 0.951794 4.697829
v 0.413612 0.979449 4.634118
v 0.355324 1.046700 2.927126
v 0.283918 1.128198 2.417343
v 0.174682 1.234530 2.246955
v 0.000000 1.277673 2.177516
v 0.285609 1.066708 2.311288
v 0.180944 1.201323 2.122773
v 0.000000 1.249440 2.053050
v 0.373299 0.869687 2.715040
v 0.410710 0.858075 4.143238
v 0.411629 0.950208 4.128536
v -0.412674 0.846144 4.674116
v -0.416420 0.895152 4.612663
v -0.206107 1.404594 4.738440
v -0.205123 1.377055 4.802337
v -0.391348 1.164464 4.749050
v -0.392260 1.190629 4.684547
v -0.413588 0.951794 4.697829
v -0.413612 0.979449 4.634118
v -0.355324 1.046700 2.927126
v -0.283918 1.128198 2.417343
v -0.174682 1.234529 2.246955
v -0.285609 1.066708 2.311288
v -0.180944 1.201323 2.122773
v -0.373299 0.869687 2.715040
v -0.410710 0.858075 4.143238
v -0.411629 0.950208 4.128536
vn 0.2274 0.8909 0.3931
vn 0.7582 0.5966 0.2632
vn 0.9940 0.1000 0.0441
vn 0.9995 0.0028 0.0316
vn 0.3208 0.9237 -0.2095
vn 0.8483 0.4966 -0.1840
vn 0.9707 0.2167 -0.1039
vn 0.9992 -0.0378 -0.0093
vn 0.9958 0.0856 -0.0320
vn -0.2274 0.8909 0.3931
vn -0.7582 0.5966 0.2632
vn -0.9940 0.1000 0.0441
vn -0.9995 0.0028 0.0316
vn -0.3208 0.9237 -0.2095
vn -0.8483 0.4966 -0.1840
vn -0.9707 0.2167 -0.1039
vn -0.9992 -0.0378 -0.0093
vn -0.9958 0.0856 -0.0320
vn -0.2232 -0.8929 -0.3911
vn -0.7588 -0.5969 -0.2608
vn -0.9948 -0.0914 -0.0456
vn -0.9995 -0.0025 -0.0316
vn -0.3222 -0.9209 0.2194
vn -0.8509 -0.4956 0.1744
vn -0.9707 -0.2172 0.1028
vn -0.9992 0.0380 0.0092
vn -0.9957 -0.0865 0.0319
vn 0.2232 -0.8929 -0.3911
vn 0.7588 -0.5969 -0.2608
vn 0.9948 -0.0914 -0.0456
vn 0.9995 -0.0025 -0.0316
vn 0.3222 -0.9209 0.2194
vn 0.8509 -0.4956 0.1744
vn 0.9707 -0.2172 0.1028
vn 0.9992 0.0380 0.0092
vn 0.9957 -0.0865 0.0319
vn 0.0025 -0.9997 -0.0235
vn 0.0196 0.3987 -0.9169
vn -0.0226 -0.2201 0.9752
vn 0.0832 0.3172 -0.9447
vn -0.0195 -0.3984 0.9170
vn -0.0793 -0.3138 0.9462
vn 0.0505 0.2416 -0.9691
vn -0.0458 -0.2421 0.9692
vn 0.0183 0.2494 -0.9682
vn -0.0062 0.9933 0.1151
vn -0.1970 0.9621 0.1883
vn -0.2933 0.6952 0.6563
vn -0.2497 0.3349 0.9086
vn 0.3612 -0.6296 -0.6878
vn 0.2559 -0.2980 -0.9196
vn 0.0996 -0.9949 -0.0130
vn 0.2077 -0.8569 -0.4719
vn -0.0745 0.9936 0.0847
vn -0.0025 -0.9997 -0.0235
vn -0.0196 0.3987 -0.9169
vn 0.0226 -0.2201 0.9752
vn -0.0832 0.3172 -0.9447
vn 0.0195 -0.3984 0.9170
vn 0.0793 -0.3138 0.9462
vn -0.0505 0.2416 -0.9691
vn 0.0458 -0.2421 0.9692
vn -0.0183 0.2494 -0.9682
vn 0.0062 0.9933 0.1151
vn 0.1970 0.9621 0.1883
vn 0.2933 0.6952 0.6563
vn 0.2497 0.3348 0.9086
vn -0.3612 -0.6296 -0.6878
vn -0.2559 -0.2980 -0.9196
vn -0.0996 -0.9949 -0.0130
vn -0.2077 -0.8569 -0.4719
vn 0.0745 0.9936 0.0847
vt 0.187105 0.763315
vt 0.189562 0.764399
vt 0.188897 0.766337
vt 0.186440 0.765252
vt 0.189458 0.754436
vt 0.191916 0.755520
vt 0.191611 0.745769
vt 0.194068 0.746853
vt 0.192558 0.741601
vt 0.194943 0.743480
vt 0.286611 0.757688
vt 0.291416 0.756598
vt 0.294122 0.758696
vt 0.289317 0.759786
vt 0.279918 0.752988
vt 0.284056 0.750764
vt 0.260113 0.749550
vt 0.268353 0.742810
vt 0.213110 0.742106
vt 0.213683 0.745690
vt 0.487849 0.634331
vt 0.488514 0.636269
vt 0.486057 0.637353
vt 0.485392 0.635416
vt 0.485496 0.625452
vt 0.483038 0.626536
vt 0.483343 0.616785
vt 0.480885 0.617870
vt 0.482396 0.612617
vt 0.480011 0.614496
vt 0.388343 0.628704
vt 0.385637 0.630802
vt 0.380832 0.629712
vt 0.383538 0.627614
vt 0.395036 0.624004
vt 0.390898 0.621780
vt 0.414841 0.620566
vt 0.406601 0.613826
vt 0.461271 0.616706
vt 0.461844 0.613122
vt 0.074793 0.976695
vt 0.074714 0.976690
vt 0.074714 0.976714
vt 0.074793 0.976720
vt 0.074865 0.976716
vt 0.074865 0.976741
vt 0.074874 0.976736
vt 0.074874 0.976760
vt 0.074873 0.976745
vt 0.074875 0.976769
vt 0.074781 0.977682
vt 0.074714 0.977709
vt 0.074714 0.977757
vt 0.074784 0.977730
vt 0.074823 0.977616
vt 0.074824 0.977657
vt 0.074851 0.977419
vt 0.074858 0.977501
vt 0.074873 0.976955
vt 0.074872 0.976950
vt 0.074635 0.976695
vt 0.074634 0.976720
vt 0.074563 0.976716
vt 0.074562 0.976741
vt 0.074554 0.976736
vt 0.074554 0.976760
vt 0.074555 0.976745
vt 0.074553 0.976769
vt 0.074646 0.977682
vt 0.074644 0.977730
vt 0.074604 0.977616
vt 0.074604 0.977657
vt 0.074577 0.977419
vt 0.074570 0.977501
vt 0.074555 0.976950
vt 0.074555 0.976955
vt 0.074888 0.976950
vt 0.074889 0.976745
vt 0.074714 0.976708
vt 0.074801 0.976715
vt 0.074889 0.976735
vt 0.074879 0.976738
vt 0.074801 0.976690
vt 0.074714 0.976683
vt 0.074879 0.976714
vt 0.074889 0.976760
vt 0.074890 0.976768
vt 0.074888 0.976956
vt 0.074866 0.977420
vt 0.074838 0.977618
vt 0.074792 0.977685
vt 0.074714 0.977712
vt 0.074792 0.977733
vt 0.074838 0.977660
vt 0.074714 0.977760
vt 0.074873 0.977503
vt 0.074539 0.976745
vt 0.074540 0.976950
vt 0.074626 0.976715
vt 0.074539 0.976735
vt 0.074548 0.976738
vt 0.074626 0.976690
vt 0.074548 0.976714
vt 0.074539 0.976760
vt 0.074538 0.976768
vt 0.074539 0.976956
vt 0.074590 0.977618
vt 0.074561 0.977420
vt 0.074636 0.977685
vt 0.074590 0.977660
vt 0.074636 0.977733
vt 0.074555 0.977503
s 1
usemtl Material.002
f 1340/1026/1103 1339/1027/1103 1338/1028/1103 1337/1029/1103
f 1341/1030/1104 1342/1031/1104 1339/1027/1104 1340/1026/1104
f 1343/1032/1105 1344/1033/1105 1342/1031/1105 1341/1030/1105
f 1335/1034/1106 1336/1035/1106 1344/1033/1106 1343/1032/1106
f 1347/1036/1107 1350/1037/1107 1351/1038/1107 1348/1039/1107
f 1346/1040/1108 1349/1041/1108 1350/1037/1108 1347/1036/1108
f 1345/1042/1109 1352/1043/1109 1349/1041/1109 1346/1040/1109
f 1336/1035/1110 1335/1034/1110 1353/1044/1110 1354/1045/1110
f 1352/1043/1111 1345/1042/1111 1354/1045/1111 1353/1044/1111
f 1362/1046/1112 1355/1047/1112 1356/1048/1112 1361/1049/1112
f 1363/1050/1113 1362/1046/1113 1361/1049/1113 1364/1051/1113
f 1365/1052/1114 1363/1050/1114 1364/1051/1114 1366/1053/1114
f 1359/1054/1115 1365/1052/1115 1366/1053/1115 1360/1055/1115
f 1369/1056/1116 1357/1057/1116 1358/1058/1116 1371/1059/1116
f 1368/1060/1117 1369/1056/1117 1371/1059/1117 1370/1061/1117
f 1367/1062/1118 1368/1060/1118 1370/1061/1118 1372/1063/1118
f 1360/1055/1119 1374/1064/1119 1373/1065/1119 1359/1054/1119
f 1372/1063/1120 1373/1065/1120 1374/1064/1120 1367/1062/1120
f 1416/1066/1121 1413/1067/1121 1414/1068/1121 1415/1069/1121
f 1417/1070/1122 1416/1066/1122 1415/1069/1122 1418/1071/1122
f 1419/1072/1123 1417/1070/1123 1418/1071/1123 1420/1073/1123
f 1411/1074/1124 1419/1072/1124 1420/1073/1124 1412/1075/1124
f 1423/1076/1125 1424/1077/1125 1427/1078/1125 1426/1079/1125
f 1422/1080/1126 1423/1076/1126 1426/1079/1126 1425/1081/1126
f 1421/1082/1127 1422/1080/1127 1425/1081/1127 1428/1083/1127
f 1412/1075/1128 1430/1084/1128 1429/1085/1128 1411/1074/1128
f 1428/1083/1129 1429/1085/1129 1430/1084/1129 1421/1082/1129
f 1434/1086/1130 1433/1087/1130 1414/1068/1130 1413/1067/1130
f 1435/1088/1131 1436/1089/1131 1433/1087/1131 1434/1086/1131
f 1437/1090/1132 1438/1091/1132 1436/1089/1132 1435/1088/1132
f 1431/1092/1133 1432/1093/1133 1438/1091/1133 1437/1090/1133
f 1441/1094/1134 1443/1095/1134 1427/1078/1134 1424/1077/1134
f 1440/1096/1135 1442/1097/1135 1443/1095/1135 1441/1094/1135
f 1439/1098/1136 1444/1099/1136 1442/1097/1136 1440/1096/1136
f 1432/1093/1137 1431/1092/1137 1445/1100/1137 1446/1101/1137
f 1444/1099/1138 1439/1098/1138 1446/1101/1138 1445/1100/1138
f 1393/1102/1139 1375/1103/1139 1411/1074/1139 1429/1085/1139
f 1378/1104/1140 1379/1105/1140 1415/1069/1140 1414/1068/1140
f 1375/1103/1141 1383/1106/1141 1419/1072/1141 1411/1074/1141
f 1379/1105/1142 1382/1107/1142 1418/1071/1142 1415/1069/1142
f 1380/1108/1143 1377/1109/1143 1413/1067/1143 1416/1066/1143
f 1381/1110/1144 1380/1108/1144 1416/1066/1144 1417/1070/1144
f 1382/1107/1145 1384/1111/1145 1420/1073/1145 1418/1071/1145
f 1383/1106/1146 1381/1110/1146 1417/1070/1146 1419/1072/1146
f 1384/1111/1147 1376/1112/1147 1412/1075/1147 1420/1073/1147
f 1376/1112/1148 1394/1113/1148 1430/1084/1148 1412/1075/1148
f 1385/1114/1149 1386/1115/1149 1422/1080/1149 1421/1082/1149
f 1386/1115/1150 1387/1116/1150 1423/1076/1150 1422/1080/1150
f 1387/1116/1151 1388/1117/1151 1424/1077/1151 1423/1076/1151
f 1390/1118/1152 1389/1119/1152 1425/1081/1152 1426/1079/1152
f 1391/1120/1153 1390/1118/1153 1426/1079/1153 1427/1078/1153
f 1392/1121/1154 1393/1102/1154 1429/1085/1154 1428/1083/1154
f 1389/1119/1155 1392/1121/1155 1428/1083/1155 1425/1081/1155
f 1394/1113/1156 1385/1114/1156 1421/1082/1156 1430/1084/1156
f 1395/1122/1157 1409/1123/1157 1445/1100/1157 1431/1092/1157
f 1397/1124/1158 1378/1104/1158 1414/1068/1158 1433/1087/1158
f 1401/1125/1159 1395/1122/1159 1431/1092/1159 1437/1090/1159
f 1400/1126/1160 1397/1124/1160 1433/1087/1160 1436/1089/1160
f 1377/1109/1161 1398/1127/1161 1434/1086/1161 1413/1067/1161
f 1398/1127/1162 1399/1128/1162 1435/1088/1162 1434/1086/1162
f 1402/1129/1163 1400/1126/1163 1436/1089/1163 1438/1091/1163
f 1399/1128/1164 1401/1125/1164 1437/1090/1164 1435/1088/1164
f 1396/1130/1165 1402/1129/1165 1438/1091/1165 1432/1093/1165
f 1410/1131/1166 1396/1130/1166 1432/1093/1166 1446/1101/1166
f 1404/1132/1167 1403/1133/1167 1439/1098/1167 1440/1096/1167
f 1405/1134/1168 1404/1132/1168 1440/1096/1168 1441/1094/1168
f 1388/1117/1169 1405/1134/1169 1441/1094/1169 1424/1077/1169
f 1406/1135/1170 1407/1136/1170 1443/1095/1170 1442/1097/1170
f 1407/1136/1171 1391/1120/1171 1427/1078/1171 1443/1095/1171
f 1409/1123/1172 1408/1137/1172 1444/1099/1172 1445/1100/1172
f 1408/1137/1173 1406/1135/1173 1442/1097/1173 1444/1099/1173
f 1403/1133/1174 1410/1131/1174 1446/1101/1174 1439/1098/1174
o cockpit
v -0.348729 0.480705 4.883811
v -0.348729 0.350054 4.836257
v -0.487767 0.350054 4.836257
v -0.487767 0.480705 4.883811
v 0.514775 0.315217 4.734830
v 0.514775 0.315217 4.507761
v 0.546168 0.315217 4.734830
v 0.546168 0.315217 4.507761
v 0.432792 0.315217 4.734830
v 0.432792 0.315217 4.507761
v 0.464184 0.315217 4.734830
v 0.464184 0.315217 4.507761
v 0.398021 0.846144 4.913426
v 0.212615 1.095844 4.913426
v 0.000000 0.846144 4.913426
v 0.000000 1.095844 4.913426
v 0.481148 0.590359 4.913426
v 0.000000 0.590359 4.913426
v 0.268598 0.716546 6.067874
v 0.165043 0.809932 6.067874
v 0.000000 0.809932 6.067874
v 0.141995 0.590359 4.913426
v 0.000000 0.328282 4.790689
v 0.141995 0.328282 4.790689
v 0.000000 0.328282 4.594903
v 0.076892 0.328282 4.594903
v 0.141995 0.058619 4.790689
v 0.000000 0.058619 4.658450
v 0.076892 0.058619 4.658450
v 0.141995 0.590359 5.104033
v 0.141995 0.328282 5.104033
v 0.141995 0.058619 5.104033
v 0.481148 0.590359 5.104033
v 0.329494 0.590359 4.913426
v 0.329494 0.590359 5.104033
v 0.565064 0.328282 4.818734
v 0.565064 0.328282 4.981296
v 0.329494 0.328282 4.818734
v 0.329494 0.328282 4.981296
v 0.579346 0.055434 4.818734
v 0.579346 0.055434 4.981296
v 0.329494 0.055434 4.818734
v 0.329494 0.055434 4.981296
v 0.582778 0.328282 3.783935
v 0.329494 0.328282 3.783935
v 0.597059 0.055434 3.783935
v 0.329494 0.055434 3.783935
v 0.329494 0.328282 4.301335
v 0.329494 0.055434 4.301335
v 0.597269 0.055434 4.648479
v 0.582987 0.328282 4.648479
v 0.141995 0.590359 5.249522
v 0.141995 0.328282 5.249522
v 0.141995 0.058619 5.249522
v 0.329494 0.590359 5.249522
v 0.329494 0.328282 5.249522
v 0.329494 0.055434 5.249522
v -0.398021 0.846144 4.913426
v -0.212615 1.095844 4.913426
v -0.481148 0.590359 4.913426
v -0.268598 0.716546 6.067874
v -0.165043 0.809932 6.067874
v -0.141995 0.590359 4.913426
v -0.141995 0.328282 4.790689
v -0.076892 0.328282 4.594903
v -0.141995 0.058619 4.790689
v -0.076892 0.058619 4.658450
v -0.141995 0.590359 5.104033
v -0.141995 0.328282 5.104033
v -0.141995 0.058619 5.104033
v -0.481148 0.590359 5.104033
v -0.329494 0.590359 4.913426
v -0.329494 0.590359 5.104033
v -0.565064 0.328282 4.818734
v -0.565064 0.328282 4.981296
v -0.329494 0.328282 4.818734
v -0.329494 0.328282 4.981296
v -0.579346 0.055434 4.818734
v -0.579346 0.055434 4.981296
v -0.329494 0.055434 4.818734
v -0.329494 0.055434 4.981296
v -0.582778 0.328282 3.783935
v -0.329494 0.328282 3.783935
v -0.597059 0.055434 3.783935
v -0.329494 0.055434 3.783935
v -0.329494 0.328282 4.301335
v -0.329494 0.055434 4.301335
v -0.597269 0.055434 4.648479
v -0.582987 0.328282 4.648479
v -0.141995 0.590359 5.249522
v -0.141995 0.328282 5.249522
v -0.141995 0.058619 5.249522
v -0.329494 0.590359 5.249522
v -0.329494 0.328282 5.249522
v -0.329494 0.055434 5.249522
v 0.464184 0.328282 4.507761
v 0.464184 0.328282 4.734830
v 0.432792 0.328282 4.507761
v 0.432792 0.328282 4.734830
v 0.546168 0.328282 4.604868
v 0.546168 0.328282 4.507761
v 0.546168 0.328282 4.598058
v 0.546168 0.328282 4.734830
v 0.514775 0.328282 4.507761
v 0.514775 0.328282 4.734830
v 0.514775 0.328282 4.567685
v 0.514775 0.328282 4.555068
v -0.348729 0.483923 4.874969
v -0.487767 0.483922 4.874969
v -0.348729 0.353161 4.827724
v -0.487767 0.353161 4.827724
v 0.452666 0.845665 4.674785
v 0.412480 0.876987 2.711635
v 0.450697 0.858756 4.142461
v 0.412674 0.846144 4.674116
v 0.373299 0.869687 2.715040
v 0.410710 0.858075 4.143238
v 0.578927 0.317964 4.674116
v 0.538741 0.349285 2.710967
v 0.576958 0.331054 4.141793
v 0.578927 0.062277 4.674116
v 0.538741 0.093598 2.710967
v 0.576958 0.075367 4.141793
v 0.000000 0.062277 4.674116
v 0.000000 0.093598 2.710967
v 0.000000 0.075367 4.141793
v 0.000000 0.869687 2.715040
v 0.321583 1.083000 2.304931
v 0.285609 1.066708 2.311288
v 0.202248 1.234098 2.114291
v 0.000000 1.288449 2.044201
v 0.000000 1.249440 2.053050
v 0.180944 1.201323 2.122773
v 0.000000 1.066708 2.311288
v 0.000000 1.201323 2.122773
v 0.299334 0.746429 5.866681
v 0.331390 0.766314 5.879986
v 0.465587 0.218248 5.866681
v 0.465587 0.062277 5.866681
v 0.000000 0.062277 5.866681
v 0.197435 0.720876 6.134181
v 0.000000 0.705796 6.240594
v 0.331632 0.172811 6.120877
v 0.000000 0.157731 6.227290
v 0.331632 0.077358 6.120877
v 0.000000 0.062277 6.227290
v 0.570501 0.349285 3.803685
v 0.405060 0.869687 3.807759
v 0.570501 0.093598 3.803685
v 0.000000 0.093598 3.803685
v 0.000000 0.349285 3.803685
v 0.000000 0.869687 3.807759
v -0.452666 0.845665 4.674785
v -0.412480 0.876987 2.711635
v -0.450697 0.858756 4.142461
v -0.412674 0.846144 4.674116
v -0.373299 0.869687 2.715040
v -0.410710 0.858075 4.143238
v -0.578927 0.317964 4.674116
v -0.538741 0.349285 2.710967
v -0.576958 0.331054 4.141793
v -0.578927 0.062277 4.674116
v -0.538741 0.093598 2.710967
v -0.576958 0.075367 4.141793
v -0.321583 1.083000 2.304931
v -0.285609 1.066708 2.311288
v -0.202248 1.234098 2.114291
v -0.180944 1.201323 2.122773
v -0.299334 0.746429 5.866681
v -0.331390 0.766314 5.879986
v -0.465587 0.218248 5.866681
v -0.465587 0.062277 5.866681
v -0.197435 0.720876 6.134181
v -0.331632 0.172811 6.120877
v -0.331632 0.077358 6.120877
v -0.570501 0.349285 3.803685
v -0.405060 0.869687 3.807759
v -0.570501 0.093598 3.803685
v -0.334508 0.866073 4.898454
v -0.334508 0.902830 4.898454
v -0.307786 0.866073 4.898454
v -0.307786 0.902830 4.898454
v -0.328026 0.727497 4.900601
v -0.328026 0.839821 4.900601
v -0.310692 0.727497 4.900601
v -0.310692 0.839821 4.900601
v -0.357495 0.727497 4.900601
v -0.357495 0.839821 4.900601
v -0.340160 0.727497 4.900601
v -0.340160 0.839821 4.900601
v -0.386963 0.727497 4.900601
v -0.386963 0.839821 4.900601
v -0.369629 0.727497 4.900601
v -0.369629 0.839821 4.900601
v 0.320179 0.803882 4.885204
v 0.320179 0.757158 4.885204
v 0.381497 0.757158 4.885204
v 0.381497 0.803882 4.885204
v 0.307785 0.889088 4.884984
v 0.307785 0.911298 4.884984
v 0.334507 0.889088 4.884984
v 0.334507 0.911298 4.884984
v 0.338366 0.842412 4.884984
v 0.338366 0.864622 4.884984
v 0.365088 0.842412 4.884984
v 0.365088 0.864622 4.884984
v 0.322809 0.597990 4.945258
v 0.322809 0.756219 4.945258
v 0.322809 0.597990 4.880993
v 0.322809 0.756219 4.880993
v 0.413434 0.597990 4.945258
v 0.413434 0.756219 4.945258
v 0.413434 0.597990 4.880993
v 0.413434 0.756219 4.880993
v 0.322809 0.934846 4.945258
v 0.322809 0.934846 4.880993
v 0.296857 0.597990 4.945258
v 0.296857 0.756219 4.945258
v 0.296857 0.597990 4.880993
v 0.296857 0.756219 4.880993
v 0.296857 0.934846 4.945258
v 0.296857 0.934846 4.880993
v 0.395007 0.839507 4.945258
v 0.395007 0.839507 4.880993
v -0.322809 0.671551 4.937519
v -0.322809 0.756219 4.937519
v -0.322809 0.671551 4.889282
v -0.413434 0.671551 4.937519
v -0.413434 0.756219 4.937519
v -0.413434 0.671551 4.889282
v -0.413434 0.756219 4.889282
v -0.322809 0.934846 4.937519
v -0.322809 0.934846 4.889282
v -0.296857 0.671551 4.937519
v -0.296857 0.756219 4.937519
v -0.296857 0.671551 4.889282
v -0.296857 0.756219 4.889282
v -0.296857 0.934846 4.937519
v -0.296857 0.934846 4.889282
v -0.395007 0.839507 4.937519
v -0.395007 0.839507 4.889282
v 0.365088 0.842412 4.880993
v 0.365088 0.864622 4.880993
v 0.338366 0.864622 4.880993
v 0.338366 0.842412 4.880993
v 0.334507 0.889088 4.880993
v 0.334507 0.911298 4.880993
v 0.307785 0.911298 4.880993
v 0.328026 0.911299 4.880994
v 0.322809 0.911298 4.880993
v 0.332946 0.889088 4.880993
v 0.322809 0.889088 4.880993
v 0.307785 0.889088 4.880993
v 0.381497 0.757159 4.880994
v 0.322809 0.757158 4.880993
v 0.320179 0.757159 4.880994
v 0.381497 0.803882 4.880994
v 0.322809 0.803882 4.880993
v 0.320179 0.803882 4.880993
v -0.386963 0.839821 4.889282
v -0.340160 0.839821 4.889282
v -0.340160 0.756219 4.889282
v -0.340160 0.727497 4.889282
v -0.310692 0.727497 4.889282
v -0.328026 0.839821 4.889282
v -0.310692 0.756219 4.889282
v -0.310692 0.839821 4.889282
v -0.369629 0.839821 4.889282
v -0.369629 0.756219 4.889282
v -0.386963 0.756219 4.889282
v -0.386963 0.727497 4.889282
v -0.357495 0.839821 4.889282
v -0.369629 0.727497 4.889282
v -0.357495 0.756219 4.889282
v -0.357495 0.727497 4.889282
v -0.328026 0.756219 4.889282
v -0.328026 0.727497 4.889282
v -0.322809 0.839820 4.889282
v -0.322809 0.727497 4.889282
v -0.307786 0.866073 4.889282
v -0.307786 0.902830 4.889282
v -0.334508 0.902830 4.889282
v -0.322809 0.902830 4.889282
v -0.334508 0.866073 4.889282
v -0.322809 0.866073 4.889282
v 0.095418 0.723913 4.921112
v 0.095418 0.910809 4.921112
v 0.120763 0.749258 4.897963
v 0.120763 0.885464 4.897963
v 0.282314 0.723913 4.921112
v 0.282314 0.910809 4.921112
v 0.256969 0.749258 4.897963
v 0.256969 0.885464 4.897963
v 0.095418 0.910809 4.897963
v 0.095418 0.723913 4.897963
v 0.282314 0.723913 4.897963
v 0.282314 0.910809 4.897963
v 0.120763 0.885464 4.904654
v 0.120763 0.749258 4.904654
v 0.256969 0.749258 4.904654
v 0.256969 0.885464 4.904654
v -0.095418 0.723913 4.921112
v -0.095418 0.910809 4.921112
v -0.120763 0.749258 4.897963
v -0.120763 0.885464 4.897963
v -0.282314 0.723913 4.921112
v -0.282314 0.910809 4.921112
v -0.256969 0.749258 4.897963
v -0.256969 0.885464 4.897963
v -0.095418 0.910809 4.897963
v -0.095418 0.723913 4.897963
v -0.282314 0.723913 4.897963
v -0.282314 0.910809 4.897963
v -0.120763 0.885464 4.904654
v -0.120763 0.749258 4.904654
v -0.256969 0.749258 4.904654
v -0.256969 0.885464 4.904654
v 0.258809 0.864823 4.914564
v 0.258809 0.885849 4.914564
v 0.258809 0.864823 4.893537
v 0.258809 0.885849 4.893537
v 0.279835 0.864823 4.914564
v 0.279835 0.885849 4.914564
v 0.279835 0.864823 4.893537
v 0.279835 0.885849 4.893537
v 0.097815 0.864823 4.914564
v 0.097815 0.885849 4.914564
v 0.097815 0.864823 4.893537
v 0.097815 0.885849 4.893537
v 0.118842 0.864823 4.914564
v 0.118842 0.885849 4.914564
v 0.118842 0.864823 4.893537
v 0.118842 0.885849 4.893537
v 0.258809 0.841692 4.914564
v 0.258809 0.862720 4.914564
v 0.258809 0.841692 4.893537
v 0.258809 0.862720 4.893537
v 0.279835 0.841692 4.914564
v 0.279835 0.862720 4.914564
v 0.279835 0.841692 4.893537
v 0.279835 0.862720 4.893537
v 0.097815 0.841692 4.914564
v 0.097815 0.862720 4.914564
v 0.097815 0.841692 4.893537
v 0.097815 0.862720 4.893537
v 0.118842 0.841692 4.914564
v 0.118842 0.862720 4.914564
v 0.118842 0.841692 4.893537
v 0.118842 0.862720 4.893537
v 0.258809 0.818563 4.914564
v 0.258809 0.839591 4.914564
v 0.258809 0.818563 4.893537
v 0.258809 0.839591 4.893537
v 0.279835 0.818563 4.914564
v 0.279835 0.839591 4.914564
v 0.279835 0.818563 4.893537
v 0.279835 0.839591 4.893537
v 0.097815 0.818563 4.914564
v 0.097815 0.839591 4.914564
v 0.097815 0.818563 4.893537
v 0.097815 0.839591 4.893537
v 0.118842 0.818563 4.914564
v 0.118842 0.839591 4.914564
v 0.118842 0.818563 4.893537
v 0.118842 0.839591 4.893537
v 0.258809 0.795434 4.914564
v 0.258809 0.816460 4.914564
v 0.258809 0.795434 4.893537
v 0.258809 0.816460 4.893537
v 0.279835 0.795434 4.914564
v 0.279835 0.816460 4.914564
v 0.279835 0.795434 4.893537
v 0.279835 0.816460 4.893537
v 0.097815 0.795434 4.914564
v 0.097815 0.816460 4.914564
v 0.097815 0.795434 4.893537
v 0.097815 0.816460 4.893537
v 0.118842 0.795434 4.914564
v 0.118842 0.816460 4.914564
v 0.118842 0.795434 4.893537
v 0.118842 0.816460 4.893537
v 0.258809 0.772303 4.914564
v 0.258809 0.793331 4.914564
v 0.258809 0.772303 4.893537
v 0.258809 0.793331 4.893537
v 0.279835 0.772303 4.914564
v 0.279835 0.793331 4.914564
v 0.279835 0.772303 4.893537
v 0.279835 0.793331 4.893537
v 0.097815 0.772303 4.914564
v 0.097815 0.793331 4.914564
v 0.097815 0.772303 4.893537
v 0.097815 0.793331 4.893537
v 0.118842 0.772303 4.914564
v 0.118842 0.793331 4.914564
v 0.118842 0.772303 4.893537
v 0.118842 0.793331 4.893537
v 0.258809 0.749174 4.914564
v 0.258809 0.770200 4.914564
v 0.258809 0.749174 4.893537
v 0.258809 0.770200 4.893537
v 0.279835 0.749174 4.914564
v 0.279835 0.770200 4.914564
v 0.279835 0.749174 4.893537
v 0.279835 0.770200 4.893537
v 0.097815 0.749174 4.914564
v 0.097815 0.770200 4.914564
v 0.097815 0.749174 4.893537
v 0.097815 0.770200 4.893537
v 0.118842 0.749174 4.914564
v 0.118842 0.770200 4.914564
v 0.118842 0.749174 4.893537
v 0.118842 0.770200 4.893537
v -0.258809 0.864823 4.914564
v -0.258809 0.885849 4.914564
v -0.258809 0.864823 4.893537
v -0.258809 0.885849 4.893537
v -0.279835 0.864823 4.914564
v -0.279835 0.885849 4.914564
v -0.279835 0.864823 4.893537
v -0.279835 0.885849 4.893537
v -0.097815 0.864823 4.914564
v -0.097815 0.885849 4.914564
v -0.097815 0.864823 4.893537
v -0.097815 0.885849 4.893537
v -0.118842 0.864823 4.914564
v -0.118842 0.885849 4.914564
v -0.118842 0.864823 4.893537
v -0.118842 0.885849 4.893537
v -0.258809 0.841692 4.914564
v -0.258809 0.862720 4.914564
v -0.258809 0.841692 4.893537
v -0.258809 0.862720 4.893537
v -0.279835 0.841692 4.914564
v -0.279835 0.862720 4.914564
v -0.279835 0.841692 4.893537
v -0.279835 0.862720 4.893537
v -0.097815 0.841692 4.914564
v -0.097815 0.862720 4.914564
v -0.097815 0.841692 4.893537
v -0.097815 0.862720 4.893537
v -0.118842 0.841692 4.914564
v -0.118842 0.862720 4.914564
v -0.118842 0.841692 4.893537
v -0.118842 0.862720 4.893537
v -0.258809 0.818563 4.914564
v -0.258809 0.839591 4.914564
v -0.258809 0.818563 4.893537
v -0.258809 0.839591 4.893537
v -0.279835 0.818563 4.914564
v -0.279835 0.839591 4.914564
v -0.279835 0.818563 4.893537
v -0.279835 0.839591 4.893537
v -0.097815 0.818563 4.914564
v -0.097815 0.839591 4.914564
v -0.097815 0.818563 4.893537
v -0.097815 0.839591 4.893537
v -0.118842 0.818563 4.914564
v -0.118842 0.839591 4.914564
v -0.118842 0.818563 4.893537
v -0.118842 0.839591 4.893537
v -0.258809 0.795434 4.914564
v -0.258809 0.816460 4.914564
v -0.258809 0.795434 4.893537
v -0.258809 0.816460 4.893537
v -0.279835 0.795434 4.914564
v -0.279835 0.816460 4.914564
v -0.279835 0.795434 4.893537
v -0.279835 0.816460 4.893537
v -0.097815 0.795434 4.914564
v -0.097815 0.816460 4.914564
v -0.097815 0.795434 4.893537
v -0.097815 0.816460 4.893537
v -0.118842 0.795434 4.914564
v -0.118842 0.816460 4.914564
v -0.118842 0.795434 4.893537
v -0.118842 0.816460 4.893537
v -0.258809 0.772303 4.914564
v -0.258809 0.793331 4.914564
v -0.258809 0.772303 4.893537
v -0.258809 0.793331 4.893537
v -0.279835 0.772303 4.914564
v -0.279835 0.793331 4.914564
v -0.279835 0.772303 4.893537
v -0.279835 0.793331 4.893537
v -0.097815 0.772303 4.914564
v -0.097815 0.793331 4.914564
v -0.097815 0.772303 4.893537
v -0.097815 0.793331 4.893537
v -0.118842 0.772303 4.914564
v -0.118842 0.793331 4.914564
v -0.118842 0.772303 4.893537
v -0.118842 0.793331 4.893537
v -0.258809 0.749174 4.914564
v -0.258809 0.770200 4.914564
v -0.258809 0.749174 4.893537
v -0.258809 0.770200 4.893537
v -0.279835 0.749174 4.914564
v -0.279835 0.770200 4.914564
v -0.279835 0.749174 4.893537
v -0.279835 0.770200 4.893537
v -0.097815 0.749174 4.914564
v -0.097815 0.770200 4.914564
v -0.097815 0.749174 4.893537
v -0.097815 0.770200 4.893537
v -0.118842 0.749174 4.914564
v -0.118842 0.770200 4.914564
v -0.118842 0.749174 4.893537
v -0.118842 0.770200 4.893537
v 0.044590 0.676384 4.914254
v 0.044590 0.696511 4.914254
v 0.044590 0.676384 4.894127
v 0.044590 0.696511 4.894127
v 0.064716 0.676384 4.914254
v 0.064716 0.696511 4.914254
v 0.064716 0.676384 4.894127
v 0.064716 0.696511 4.894127
v 0.022451 0.676384 4.914254
v 0.022451 0.696511 4.914254
v 0.022451 0.676384 4.894127
v 0.022451 0.696511 4.894127
v 0.042577 0.676384 4.914254
v 0.042577 0.696511 4.914254
v 0.042577 0.676384 4.894127
v 0.042577 0.696511 4.894127
v 0.000312 0.676384 4.914254
v 0.000312 0.696511 4.914254
v 0.000312 0.676384 4.894127
v 0.000312 0.696511 4.894127
v 0.020438 0.676384 4.914254
v 0.020438 0.696511 4.914254
v 0.020438 0.676384 4.894127
v 0.020438 0.696511 4.894127
v -0.021827 0.676384 4.914254
v -0.021827 0.696511 4.914254
v -0.021827 0.676384 4.894127
v -0.021827 0.696511 4.894127
v -0.001701 0.676384 4.914254
v -0.001701 0.696511 4.914254
v -0.001701 0.676384 4.894127
v -0.001701 0.696511 4.894127
v -0.043966 0.676384 4.914254
v -0.043966 0.696511 4.914254
v -0.043966 0.676384 4.894127
v -0.043966 0.696511 4.894127
v -0.023840 0.676384 4.914254
v -0.023840 0.696511 4.914254
v -0.023840 0.676384 4.894127
v -0.023840 0.696511 4.894127
v -0.066105 0.676384 4.914254
v -0.066105 0.696511 4.914254
v -0.066105 0.676384 4.894127
v -0.066105 0.696511 4.894127
v -0.045978 0.676384 4.914254
v -0.045978 0.696511 4.914254
v -0.045978 0.676384 4.894127
v -0.045978 0.696511 4.894127
v 0.066623 0.809331 4.914254
v 0.066623 0.829458 4.914254
v 0.066623 0.809331 4.894127
v 0.066623 0.829458 4.894127
v 0.086749 0.809331 4.914254
v 0.086749 0.829458 4.914254
v 0.086749 0.809331 4.894127
v 0.086749 0.829458 4.894127
v -0.087477 0.809331 4.914254
v -0.087477 0.829458 4.914254
v -0.087477 0.809331 4.894127
v -0.087477 0.829458 4.894127
v -0.067351 0.809331 4.914254
v -0.067351 0.829458 4.914254
v -0.067351 0.809331 4.894127
v -0.067351 0.829458 4.894127
v 0.066623 0.787192 4.914254
v 0.066623 0.807318 4.914254
v 0.066623 0.787192 4.894127
v 0.066623 0.807318 4.894127
v 0.086749 0.787192 4.914254
v 0.086749 0.807318 4.914254
v 0.086749 0.787192 4.894127
v 0.086749 0.807318 4.894127
v -0.087477 0.787192 4.914254
v -0.087477 0.807318 4.914254
v -0.087477 0.787192 4.894127
v -0.087477 0.807318 4.894127
v -0.067351 0.787192 4.914254
v -0.067351 0.807318 4.914254
v -0.067351 0.787192 4.894127
v -0.067351 0.807318 4.894127
v 0.066623 0.765053 4.914254
v 0.066623 0.785180 4.914254
v 0.066623 0.765053 4.894127
v 0.066623 0.785180 4.894127
v 0.086749 0.765053 4.914254
v 0.086749 0.785180 4.914254
v 0.086749 0.765053 4.894127
v 0.086749 0.785180 4.894127
v -0.087477 0.765053 4.914254
v -0.087477 0.785180 4.914254
v -0.087477 0.765053 4.894127
v -0.087477 0.785180 4.894127
v -0.067351 0.765053 4.914254
v -0.067351 0.785180 4.914254
v -0.067351 0.765053 4.894127
v -0.067351 0.785180 4.894127
v 0.066623 0.742915 4.914254
v 0.066623 0.763041 4.914254
v 0.066623 0.742915 4.894127
v 0.066623 0.763041 4.894127
v 0.086749 0.742915 4.914254
v 0.086749 0.763041 4.914254
v 0.086749 0.742915 4.894127
v 0.086749 0.763041 4.894127
v -0.087477 0.742915 4.914254
v -0.087477 0.763041 4.914254
v -0.087477 0.742915 4.894127
v -0.087477 0.763041 4.894127
v -0.067351 0.742915 4.914254
v -0.067351 0.763041 4.914254
v -0.067351 0.742915 4.894127
v -0.067351 0.763041 4.894127
v 0.066623 0.720775 4.914254
v 0.066623 0.740901 4.914254
v 0.066623 0.720775 4.894127
v 0.066623 0.740901 4.894127
v 0.086749 0.720775 4.914254
v 0.086749 0.740901 4.914254
v 0.086749 0.720775 4.894127
v 0.086749 0.740901 4.894127
v -0.087477 0.720775 4.914254
v -0.087477 0.740901 4.914254
v -0.087477 0.720775 4.894127
v -0.087477 0.740901 4.894127
v -0.067351 0.720775 4.914254
v -0.067351 0.740901 4.914254
v -0.067351 0.720775 4.894127
v -0.067351 0.740901 4.894127
v 0.066623 0.698637 4.914254
v 0.066623 0.718763 4.914254
v 0.066623 0.698637 4.894127
v 0.066623 0.718763 4.894127
v 0.086749 0.698637 4.914254
v 0.086749 0.718763 4.914254
v 0.086749 0.698637 4.894127
v 0.086749 0.718763 4.894127
v -0.087477 0.698637 4.914254
v -0.087477 0.718763 4.914254
v -0.087477 0.698637 4.894127
v -0.087477 0.718763 4.894127
v -0.067351 0.698637 4.914254
v -0.067351 0.718763 4.914254
v -0.067351 0.698637 4.894127
v -0.067351 0.718763 4.894127
v 0.235789 0.725929 4.914564
v 0.235789 0.746955 4.914564
v 0.235789 0.725929 4.893537
v 0.235789 0.746955 4.893537
v 0.256816 0.725929 4.914564
v 0.256816 0.746955 4.914564
v 0.256816 0.725929 4.893537
v 0.256816 0.746955 4.893537
v 0.212660 0.725929 4.914564
v 0.212660 0.746955 4.914564
v 0.212660 0.725929 4.893537
v 0.212660 0.746955 4.893537
v 0.233687 0.725929 4.914564
v 0.233687 0.746955 4.914564
v 0.233687 0.725929 4.893537
v 0.233687 0.746955 4.893537
v 0.189531 0.725929 4.914564
v 0.189531 0.746955 4.914564
v 0.189531 0.725929 4.893537
v 0.189531 0.746955 4.893537
v 0.210558 0.725929 4.914564
v 0.210558 0.746955 4.914564
v 0.210558 0.725929 4.893537
v 0.210558 0.746955 4.893537
v 0.166402 0.725929 4.914564
v 0.166402 0.746955 4.914564
v 0.166402 0.725929 4.893537
v 0.166402 0.746955 4.893537
v 0.187429 0.725929 4.914564
v 0.187429 0.746955 4.914564
v 0.187429 0.725929 4.893537
v 0.187429 0.746955 4.893537
v 0.143273 0.725929 4.914564
v 0.143273 0.746955 4.914564
v 0.143273 0.725929 4.893537
v 0.143273 0.746955 4.893537
v 0.164299 0.725929 4.914564
v 0.164299 0.746955 4.914564
v 0.164299 0.725929 4.893537
v 0.164299 0.746955 4.893537
v 0.120144 0.725929 4.914564
v 0.120144 0.746955 4.914564
v 0.120144 0.725929 4.893537
v 0.120144 0.746955 4.893537
v 0.141170 0.725929 4.914564
v 0.141170 0.746955 4.914564
v 0.141170 0.725929 4.893537
v 0.141170 0.746955 4.893537
v -0.235789 0.725929 4.914564
v -0.235789 0.746955 4.914564
v -0.235789 0.725929 4.893537
v -0.235789 0.746955 4.893537
v -0.256816 0.725929 4.914564
v -0.256816 0.746955 4.914564
v -0.256816 0.725929 4.893537
v -0.256816 0.746955 4.893537
v -0.212660 0.725929 4.914564
v -0.212660 0.746955 4.914564
v -0.212660 0.725929 4.893537
v -0.212660 0.746955 4.893537
v -0.233687 0.725929 4.914564
v -0.233687 0.746955 4.914564
v -0.233687 0.725929 4.893537
v -0.233687 0.746955 4.893537
v -0.189531 0.725929 4.914564
v -0.189531 0.746955 4.914564
v -0.189531 0.725929 4.893537
v -0.189531 0.746955 4.893537
v -0.210558 0.725929 4.914564
v -0.210558 0.746955 4.914564
v -0.210558 0.725929 4.893537
v -0.210558 0.746955 4.893537
v -0.166402 0.725929 4.914564
v -0.166402 0.746955 4.914564
v -0.166402 0.725929 4.893537
v -0.166402 0.746955 4.893537
v -0.187429 0.725929 4.914564
v -0.187429 0.746955 4.914564
v -0.187429 0.725929 4.893537
v -0.187429 0.746955 4.893537
v -0.143273 0.725929 4.914564
v -0.143273 0.746955 4.914564
v -0.143273 0.725929 4.893537
v -0.143273 0.746955 4.893537
v -0.164299 0.725929 4.914564
v -0.164299 0.746955 4.914564
v -0.164299 0.725929 4.893537
v -0.164299 0.746955 4.893537
v -0.120144 0.725929 4.914564
v -0.120144 0.746955 4.914564
v -0.120144 0.725929 4.893537
v -0.120144 0.746955 4.893537
v -0.141170 0.725929 4.914564
v -0.141170 0.746955 4.914564
v -0.141170 0.725929 4.893537
v -0.141170 0.746955 4.893537
v -0.390939 0.577169 4.904233
v -0.362414 0.566067 4.900192
v -0.350598 0.539263 4.890436
v -0.362414 0.512458 4.880680
v -0.390939 0.501357 4.876639
v -0.419464 0.512458 4.880680
v -0.431279 0.539263 4.890436
v -0.419464 0.566067 4.900192
v -0.390939 0.579430 4.915760
v -0.358123 0.566659 4.911111
v -0.344530 0.535822 4.899888
v -0.358123 0.504986 4.888664
v -0.390939 0.492215 4.884016
v -0.423754 0.504986 4.888664
v -0.437347 0.535822 4.899888
v -0.423754 0.566659 4.911111
v -0.569770 0.309132 4.510338
v -0.569770 0.348083 4.510338
v -0.569770 0.309132 4.448656
v -0.569770 0.332266 4.448656
v -0.547564 0.309132 4.510338
v -0.547564 0.348083 4.510338
v -0.547564 0.309132 4.448656
v -0.547564 0.332266 4.448656
v 0.420496 0.309131 4.342597
v 0.420496 0.332265 4.342597
v 0.420496 0.309131 4.319463
v 0.420496 0.332265 4.319463
v 0.443630 0.309131 4.342597
v 0.443630 0.332265 4.342597
v 0.443630 0.309131 4.319463
v 0.443630 0.332265 4.319463
v 0.395048 0.309131 4.342597
v 0.395048 0.332265 4.342597
v 0.395048 0.309131 4.319463
v 0.395048 0.332265 4.319463
v 0.418182 0.309131 4.342597
v 0.418182 0.332265 4.342597
v 0.418182 0.309131 4.319463
v 0.418182 0.332265 4.319463
v 0.369601 0.309131 4.342597
v 0.369601 0.332265 4.342597
v 0.369601 0.309131 4.319463
v 0.369601 0.332265 4.319463
v 0.392735 0.309131 4.342597
v 0.392735 0.332265 4.342597
v 0.392735 0.309131 4.319463
v 0.392735 0.332265 4.319463
v 0.344153 0.309131 4.342597
v 0.344153 0.332265 4.342597
v 0.344153 0.309131 4.319463
v 0.344153 0.332265 4.319463
v 0.367287 0.309131 4.342597
v 0.367287 0.332265 4.342597
v 0.367287 0.309131 4.319463
v 0.367287 0.332265 4.319463
v 0.435115 0.308095 4.458442
v 0.435115 0.333303 4.458442
v 0.435115 0.308095 4.433235
v 0.435115 0.333303 4.433235
v 0.460322 0.308095 4.458442
v 0.460322 0.333303 4.458442
v 0.460322 0.308095 4.433235
v 0.460322 0.333303 4.433235
v 0.357160 0.308095 4.674029
v 0.357160 0.333303 4.674029
v 0.357160 0.308095 4.648823
v 0.357160 0.333303 4.648823
v 0.382367 0.308095 4.674029
v 0.382367 0.333303 4.674029
v 0.382367 0.308095 4.648823
v 0.382367 0.333303 4.648823
v 0.357160 0.308095 4.641206
v 0.357160 0.333303 4.641206
v 0.357160 0.308095 4.616000
v 0.357160 0.333303 4.616000
v 0.382367 0.308095 4.641206
v 0.382367 0.333303 4.641206
v 0.382367 0.308095 4.616000
v 0.382367 0.333303 4.616000
v 0.357160 0.308095 4.540872
v 0.357160 0.333303 4.540872
v 0.357160 0.308095 4.515666
v 0.357160 0.333303 4.515666
v 0.382367 0.308095 4.540872
v 0.382367 0.333303 4.540872
v 0.382367 0.308095 4.515666
v 0.382367 0.333303 4.515666
v 0.348488 0.308095 4.388765
v 0.348488 0.333302 4.388765
v 0.348488 0.308095 4.363559
v 0.348488 0.333302 4.363559
v 0.373695 0.308095 4.388765
v 0.373695 0.333302 4.388765
v 0.373695 0.308095 4.363559
v 0.373695 0.333302 4.363559
v 0.355295 0.308095 4.458442
v 0.355295 0.333303 4.458442
v 0.355295 0.308095 4.433235
v 0.355295 0.333303 4.433235
v 0.380502 0.308095 4.458442
v 0.380502 0.333303 4.458442
v 0.380502 0.308095 4.433235
v 0.380502 0.333303 4.433235
v 0.406767 0.308095 4.458442
v 0.406767 0.333303 4.458442
v 0.406767 0.308095 4.433235
v 0.406767 0.333303 4.433235
v 0.431974 0.308095 4.458442
v 0.431974 0.333303 4.458442
v 0.431974 0.308095 4.433235
v 0.431974 0.333303 4.433235
v 0.421014 0.308095 4.419071
v 0.421014 0.333303 4.419071
v 0.421014 0.308095 4.393864
v 0.421014 0.333303 4.393864
v 0.446220 0.308095 4.419071
v 0.446220 0.333303 4.419071
v 0.446220 0.308095 4.393864
v 0.446220 0.333303 4.393864
v 0.379311 0.308095 4.429950
v 0.379311 0.333303 4.429950
v 0.379311 0.308095 4.404743
v 0.379311 0.333303 4.404743
v 0.404518 0.308095 4.429950
v 0.404518 0.333303 4.429950
v 0.404518 0.308095 4.404743
v 0.404518 0.333303 4.404743
v 0.383197 0.308095 4.388765
v 0.383197 0.333302 4.388765
v 0.383197 0.308095 4.363559
v 0.383197 0.333302 4.363559
v 0.408404 0.308095 4.388765
v 0.408404 0.333302 4.388765
v 0.408404 0.308095 4.363559
v 0.408404 0.333302 4.363559
v 0.419459 0.308095 4.388765
v 0.419459 0.333302 4.388765
v 0.419459 0.308095 4.363559
v 0.419459 0.333302 4.363559
v 0.444666 0.308095 4.388765
v 0.444666 0.333302 4.388765
v 0.444666 0.308095 4.363559
v 0.444666 0.333302 4.363559
v 0.420496 0.309131 4.305299
v 0.420496 0.332265 4.305299
v 0.420496 0.309131 4.282165
v 0.420496 0.332265 4.282165
v 0.443630 0.309131 4.305299
v 0.443630 0.332265 4.305299
v 0.443630 0.309131 4.282165
v 0.443630 0.332265 4.282165
v 0.395048 0.309131 4.305299
v 0.395048 0.332265 4.305299
v 0.395048 0.309131 4.282165
v 0.395048 0.332265 4.282165
v 0.418182 0.309131 4.305299
v 0.418182 0.332265 4.305299
v 0.418182 0.309131 4.282165
v 0.418182 0.332265 4.282165
v 0.518524 0.309132 4.437449
v 0.518524 0.332266 4.437449
v 0.518524 0.309132 4.414315
v 0.518524 0.332266 4.414315
v 0.541658 0.309132 4.437449
v 0.541658 0.332266 4.437449
v 0.541658 0.309132 4.414315
v 0.541658 0.332266 4.414315
v 0.461680 0.309131 4.319286
v 0.461680 0.332265 4.319286
v 0.461680 0.309131 4.296152
v 0.461680 0.332265 4.296152
v 0.484814 0.309131 4.319286
v 0.484814 0.332265 4.319286
v 0.484814 0.309131 4.296152
v 0.484814 0.332265 4.296152
v 0.484059 0.309132 4.437449
v 0.484059 0.332266 4.437449
v 0.484059 0.309132 4.414315
v 0.484059 0.332266 4.414315
v 0.507194 0.309132 4.437449
v 0.507194 0.332266 4.437449
v 0.507194 0.309132 4.414315
v 0.507194 0.332266 4.414315
v 0.490773 0.309131 4.382843
v 0.502636 0.332265 4.370981
v 0.490773 0.309131 4.333302
v 0.502636 0.332265 4.345164
v 0.569856 0.309131 4.382843
v 0.557993 0.332265 4.370981
v 0.569856 0.309131 4.333302
v 0.557993 0.332265 4.345164
v 0.490773 0.332265 4.382843
v 0.490773 0.332265 4.333302
v 0.569856 0.332265 4.333302
v 0.569856 0.332265 4.382843
v 0.502636 0.328974 4.370981
v 0.502636 0.328974 4.345164
v 0.557993 0.328974 4.345164
v 0.557993 0.328974 4.370981
v 0.520330 0.309131 4.319286
v 0.520330 0.348082 4.319286
v 0.520330 0.309131 4.265660
v 0.520330 0.332265 4.265660
v 0.551488 0.309131 4.319286
v 0.551488 0.348082 4.319286
v 0.551488 0.309131 4.265660
v 0.551488 0.332265 4.265660
v -0.372524 0.308095 4.758325
v -0.372524 0.333303 4.758325
v -0.372524 0.308095 4.733118
v -0.372524 0.333303 4.733118
v -0.347317 0.308095 4.758325
v -0.347317 0.333303 4.758325
v -0.347317 0.308095 4.733118
v -0.347317 0.333303 4.733118
v -0.417896 0.308095 4.758325
v -0.417896 0.333303 4.758325
v -0.417896 0.308095 4.733118
v -0.417896 0.333303 4.733118
v -0.392689 0.308095 4.758325
v -0.392689 0.333303 4.758325
v -0.392689 0.308095 4.733118
v -0.392689 0.333303 4.733118
v -0.463269 0.308095 4.758325
v -0.463269 0.333303 4.758325
v -0.463269 0.308095 4.733118
v -0.463269 0.333303 4.733118
v -0.438062 0.308095 4.758325
v -0.438062 0.333303 4.758325
v -0.438062 0.308095 4.733118
v -0.438062 0.333303 4.733118
v -0.508641 0.308095 4.758325
v -0.508641 0.333303 4.758325
v -0.508641 0.308095 4.733118
v -0.508641 0.333303 4.733118
v -0.483434 0.308095 4.758325
v -0.483434 0.333303 4.758325
v -0.483434 0.308095 4.733118
v -0.483434 0.333303 4.733118
v -0.554014 0.308095 4.758325
v -0.554014 0.333303 4.758325
v -0.554014 0.308095 4.733118
v -0.554014 0.333303 4.733118
v -0.528807 0.308095 4.758325
v -0.528807 0.333303 4.758325
v -0.528807 0.308095 4.733118
v -0.528807 0.333303 4.733118
v -0.545164 0.308095 4.627808
v -0.545164 0.333303 4.627808
v -0.545164 0.308095 4.602602
v -0.545164 0.333303 4.602602
v -0.519958 0.308095 4.627808
v -0.519958 0.333303 4.627808
v -0.519958 0.308095 4.602602
v -0.519958 0.333303 4.602602
v -0.372524 0.308095 4.701392
v -0.372524 0.333303 4.701392
v -0.372524 0.308095 4.676185
v -0.372524 0.333303 4.676185
v -0.347317 0.308095 4.701392
v -0.347317 0.333303 4.701392
v -0.347317 0.308095 4.676185
v -0.347317 0.333303 4.676185
v -0.417896 0.308095 4.701392
v -0.417896 0.333303 4.701392
v -0.417896 0.308095 4.676185
v -0.417896 0.333303 4.676185
v -0.392689 0.308095 4.701392
v -0.392689 0.333303 4.701392
v -0.392689 0.308095 4.676185
v -0.392689 0.333303 4.676185
v -0.463269 0.308095 4.701392
v -0.463269 0.333303 4.701392
v -0.463269 0.308095 4.676185
v -0.463269 0.333303 4.676185
v -0.438062 0.308095 4.701392
v -0.438062 0.333303 4.701392
v -0.438062 0.308095 4.676185
v -0.438062 0.333303 4.676185
v -0.508641 0.308095 4.701392
v -0.508641 0.333303 4.701392
v -0.508641 0.308095 4.676185
v -0.508641 0.333303 4.676185
v -0.483434 0.308095 4.701392
v -0.483434 0.333303 4.701392
v -0.483434 0.308095 4.676185
v -0.483434 0.333303 4.676185
v -0.554014 0.308095 4.701392
v -0.554014 0.333303 4.701392
v -0.554014 0.308095 4.676185
v -0.554014 0.333303 4.676185
v -0.528807 0.308095 4.701392
v -0.528807 0.333303 4.701392
v -0.528807 0.308095 4.676185
v -0.528807 0.333303 4.676185
v -0.431235 0.308095 4.599163
v -0.431235 0.333303 4.599163
v -0.431235 0.308095 4.573956
v -0.431235 0.333303 4.573956
v -0.406028 0.308095 4.599163
v -0.406028 0.333303 4.599163
v -0.406028 0.308095 4.573956
v -0.406028 0.333303 4.573956
v -0.484664 0.308095 4.599163
v -0.484664 0.333303 4.599163
v -0.484664 0.308095 4.573956
v -0.484664 0.333303 4.573956
v -0.459457 0.308095 4.599163
v -0.459457 0.333303 4.599163
v -0.459457 0.308095 4.573956
v -0.459457 0.333303 4.573956
v -0.390786 0.308095 4.641236
v -0.390786 0.333303 4.641236
v -0.390786 0.308095 4.616029
v -0.390786 0.333303 4.616029
v -0.365579 0.308095 4.641236
v -0.365579 0.333303 4.641236
v -0.365579 0.308095 4.616029
v -0.365579 0.333303 4.616029
v -0.436158 0.308095 4.641236
v -0.436158 0.333303 4.641236
v -0.436158 0.308095 4.616029
v -0.436158 0.333303 4.616029
v -0.410951 0.308095 4.641236
v -0.410951 0.333303 4.641236
v -0.410951 0.308095 4.616029
v -0.410951 0.333303 4.616029
v -0.481530 0.308095 4.641236
v -0.481530 0.333303 4.641236
v -0.481530 0.308095 4.616029
v -0.481530 0.333303 4.616029
v -0.456324 0.308095 4.641236
v -0.456324 0.333303 4.641236
v -0.456324 0.308095 4.616029
v -0.456324 0.333303 4.616029
v -0.371092 0.308095 4.599163
v -0.371092 0.333303 4.599163
v -0.371092 0.308095 4.573956
v -0.371092 0.333303 4.573956
v -0.345885 0.308095 4.599163
v -0.345885 0.333303 4.599163
v -0.345885 0.308095 4.573956
v -0.345885 0.333303 4.573956
v -0.570193 0.308095 4.540902
v -0.570193 0.333303 4.540902
v -0.570193 0.308095 4.515695
v -0.570193 0.333303 4.515695
v -0.544986 0.308095 4.540902
v -0.544986 0.333303 4.540902
v -0.544986 0.308095 4.515695
v -0.544986 0.333303 4.515695
v -0.451451 0.308095 4.535307
v -0.451451 0.333303 4.535307
v -0.451451 0.308095 4.510100
v -0.451451 0.333303 4.510100
v -0.426244 0.308095 4.535307
v -0.426244 0.333303 4.535307
v -0.426244 0.308095 4.510100
v -0.426244 0.333303 4.510100
v -0.487125 0.308095 4.535307
v -0.487125 0.333303 4.535307
v -0.487125 0.308095 4.510100
v -0.487125 0.333303 4.510100
v -0.461918 0.308095 4.535307
v -0.461918 0.333303 4.535307
v -0.461918 0.308095 4.510100
v -0.461918 0.333303 4.510100
v -0.540727 0.308095 4.540902
v -0.540727 0.333303 4.540902
v -0.540727 0.308095 4.515695
v -0.540727 0.333303 4.515695
v -0.515520 0.308095 4.540902
v -0.515520 0.333303 4.540902
v -0.515520 0.308095 4.515695
v -0.515520 0.333303 4.515695
v -0.387950 0.309141 4.475968
v -0.387950 0.332258 4.475968
v -0.387950 0.309141 4.452852
v -0.387950 0.332258 4.452852
v -0.364834 0.309141 4.475968
v -0.364834 0.332258 4.475968
v -0.364834 0.309141 4.452852
v -0.364834 0.332258 4.452852
v -0.413378 0.309141 4.475968
v -0.413378 0.332258 4.475968
v -0.413378 0.309141 4.452852
v -0.413378 0.332258 4.452852
v -0.390262 0.309141 4.475968
v -0.390262 0.332258 4.475968
v -0.390262 0.309141 4.452852
v -0.390262 0.332258 4.452852
v -0.438806 0.309141 4.475968
v -0.438806 0.332258 4.475968
v -0.438806 0.309141 4.452852
v -0.438806 0.332258 4.452852
v -0.415689 0.309141 4.475968
v -0.415689 0.332258 4.475968
v -0.415689 0.309141 4.452852
v -0.415689 0.332258 4.452852
v -0.387950 0.309141 4.437851
v -0.387950 0.332258 4.437851
v -0.387950 0.309141 4.414735
v -0.387950 0.332258 4.414735
v -0.364834 0.309141 4.437851
v -0.364834 0.332258 4.437851
v -0.364834 0.309141 4.414735
v -0.364834 0.332258 4.414735
v -0.413378 0.309141 4.437851
v -0.413378 0.332258 4.437851
v -0.413378 0.309141 4.414735
v -0.413378 0.332258 4.414735
v -0.390262 0.309141 4.437851
v -0.390262 0.332258 4.437851
v -0.390262 0.309141 4.414735
v -0.390262 0.332258 4.414735
v -0.438806 0.309141 4.437851
v -0.438806 0.332258 4.437851
v -0.438806 0.309141 4.414735
v -0.438806 0.332258 4.414735
v -0.415689 0.309141 4.437851
v -0.415689 0.332258 4.437851
v -0.415689 0.309141 4.414735
v -0.415689 0.332258 4.414735
v -0.464234 0.309141 4.437851
v -0.464234 0.332258 4.437851
v -0.464234 0.309141 4.414735
v -0.464234 0.332258 4.414735
v -0.441117 0.309141 4.437851
v -0.441117 0.332258 4.437851
v -0.441117 0.309141 4.414735
v -0.441117 0.332258 4.414735
v -0.445986 0.310177 4.305969
v -0.445986 0.331219 4.305969
v -0.445986 0.310177 4.284928
v -0.445986 0.331219 4.284928
v -0.424945 0.310177 4.305969
v -0.424945 0.331219 4.305969
v -0.424945 0.310177 4.284928
v -0.424945 0.331219 4.284928
v -0.422841 0.310177 4.305969
v -0.422841 0.331219 4.305969
v -0.422841 0.310177 4.284928
v -0.422841 0.331219 4.284928
v -0.401799 0.310177 4.305969
v -0.401799 0.331219 4.305969
v -0.401799 0.310177 4.284928
v -0.401799 0.331219 4.284928
v -0.399695 0.310177 4.305969
v -0.399695 0.331219 4.305969
v -0.399695 0.310177 4.284928
v -0.399695 0.331219 4.284928
v -0.378653 0.310177 4.305969
v -0.378653 0.331219 4.305969
v -0.378653 0.310177 4.284928
v -0.378653 0.331219 4.284928
v -0.376549 0.310177 4.305969
v -0.376549 0.331219 4.305969
v -0.376549 0.310177 4.284928
v -0.376549 0.331219 4.284928
v -0.355508 0.310177 4.305969
v -0.355508 0.331219 4.305969
v -0.355508 0.310177 4.284928
v -0.355508 0.331219 4.284928
v 0.549424 0.309132 4.466094
v 0.549424 0.348083 4.466094
v 0.549424 0.309132 4.404412
v 0.549424 0.332266 4.404412
v 0.571629 0.309132 4.466094
v 0.571629 0.348083 4.466094
v 0.571629 0.309132 4.404412
v 0.571629 0.332266 4.404412
v -0.567672 0.308095 4.441791
v -0.567672 0.333303 4.441791
v -0.567672 0.308095 4.416584
v -0.567672 0.333303 4.416584
v -0.542465 0.308095 4.441791
v -0.542465 0.333303 4.441791
v -0.542465 0.308095 4.416584
v -0.542465 0.333303 4.416584
v -0.390878 0.304901 4.388741
v -0.382586 0.333843 4.380449
v -0.390878 0.304901 4.337962
v -0.382586 0.333843 4.346254
v -0.340099 0.304901 4.388741
v -0.348391 0.333843 4.380449
v -0.340099 0.304901 4.337962
v -0.348391 0.333843 4.346254
v -0.390878 0.333843 4.388741
v -0.390878 0.333843 4.337962
v -0.340099 0.333843 4.337962
v -0.340099 0.333843 4.388741
v -0.382586 0.337798 4.380449
v -0.382586 0.337798 4.346254
v -0.348391 0.337798 4.346254
v -0.348391 0.337798 4.380449
v -0.552096 0.306768 4.307515
v -0.552096 0.331975 4.307515
v -0.552096 0.306768 4.282309
v -0.552096 0.331975 4.282309
v -0.526889 0.306768 4.307515
v -0.526889 0.331975 4.307515
v -0.526889 0.306768 4.282309
v -0.526889 0.331975 4.282309
v -0.524368 0.306768 4.307515
v -0.524368 0.331975 4.307515
v -0.524368 0.306768 4.282309
v -0.524368 0.331975 4.282309
v -0.499161 0.306768 4.307515
v -0.499161 0.331975 4.307515
v -0.499161 0.306768 4.282309
v -0.499161 0.331975 4.282309
v 0.139504 0.920959 4.945258
v 0.139504 0.962689 4.945258
v 0.139504 0.920959 4.905258
v 0.139504 0.962689 4.905258
v 0.284091 0.920959 4.945258
v 0.284091 0.962689 4.945258
v 0.284091 0.920959 4.905258
v 0.284091 0.962689 4.905258
v 0.219217 1.056100 4.945258
v 0.219217 1.056100 4.905258
v 0.089696 0.920959 4.945258
v 0.089696 0.962689 4.945258
v 0.089696 0.920959 4.905258
v 0.089696 0.962689 4.905258
v 0.089696 1.056100 4.945258
v 0.089696 1.056100 4.905258
v -0.139504 0.920959 4.945258
v -0.139504 0.962689 4.945258
v -0.139504 0.920959 4.905258
v -0.139504 0.962689 4.905258
v -0.284091 0.920959 4.945258
v -0.284091 0.962689 4.945258
v -0.284091 0.920959 4.905258
v -0.284091 0.962689 4.905258
v -0.219217 1.056100 4.945258
v -0.219217 1.056100 4.905258
v -0.089696 0.920959 4.945258
v -0.089696 0.962689 4.945258
v -0.089696 0.920959 4.905258
v -0.089696 0.962689 4.905258
v -0.089696 1.056100 4.945258
v -0.089696 1.056100 4.905258
v 0.064662 1.031246 4.848840
v 0.064662 1.051307 4.846507
v 0.064662 1.028440 4.826449
v 0.064662 1.048501 4.824116
v 0.087160 1.031246 4.848840
v 0.087160 1.051307 4.846507
v 0.087160 1.028440 4.826449
v 0.087160 1.048501 4.824116
v 0.064662 1.004507 4.852579
v 0.064662 1.024569 4.850245
v 0.064662 1.001702 4.830188
v 0.064662 1.021763 4.827855
v 0.087160 1.004507 4.852579
v 0.087160 1.024569 4.850245
v 0.087160 1.001702 4.830188
v 0.087160 1.021763 4.827855
v 0.064662 0.977769 4.856317
v 0.064662 0.997830 4.853984
v 0.064662 0.974964 4.833927
v 0.064662 0.995025 4.831594
v 0.087160 0.977769 4.856317
v 0.087160 0.997830 4.853984
v 0.087160 0.974964 4.833927
v 0.087160 0.995025 4.831594
v -0.064662 1.031246 4.848840
v -0.064662 1.051307 4.846507
v -0.064662 1.028440 4.826449
v -0.064662 1.048501 4.824116
v -0.087160 1.031246 4.848840
v -0.087160 1.051307 4.846507
v -0.087160 1.028440 4.826449
v -0.087160 1.048501 4.824116
v -0.064662 1.004507 4.852579
v -0.064662 1.024569 4.850245
v -0.064662 1.001702 4.830188
v -0.064662 1.021763 4.827855
v -0.087160 1.004507 4.852579
v -0.087160 1.024569 4.850245
v -0.087160 1.001702 4.830188
v -0.087160 1.021763 4.827855
v -0.064662 0.977769 4.856317
v -0.064662 0.997830 4.853984
v -0.064662 0.974964 4.833927
v -0.064662 0.995025 4.831594
v -0.087160 0.977769 4.856317
v -0.087160 0.997830 4.853984
v -0.087160 0.974964 4.833927
v -0.087160 0.995025 4.831594
v 0.047724 1.056492 4.838803
v 0.047724 1.078991 4.838803
v 0.047724 1.056492 4.816305
v 0.047724 1.078991 4.816305
v 0.070222 1.056492 4.838803
v 0.070222 1.078991 4.838803
v 0.070222 1.056492 4.816305
v 0.070222 1.078991 4.816305
v 0.018476 1.056492 4.838803
v 0.018476 1.078991 4.838803
v 0.018476 1.056492 4.816305
v 0.018476 1.078991 4.816305
v 0.040974 1.056492 4.838803
v 0.040974 1.078991 4.838803
v 0.040974 1.056492 4.816305
v 0.040974 1.078991 4.816305
v -0.010772 1.056492 4.838803
v -0.010772 1.078991 4.838803
v -0.010772 1.056492 4.816305
v -0.010772 1.078991 4.816305
v 0.011726 1.056492 4.838803
v 0.011726 1.078991 4.838803
v 0.011726 1.056492 4.816305
v 0.011726 1.078991 4.816305
v -0.040021 1.056492 4.838803
v -0.040021 1.078991 4.838803
v -0.040021 1.056492 4.816305
v -0.040021 1.078991 4.816305
v -0.017522 1.056492 4.838803
v -0.017522 1.078991 4.838803
v -0.017522 1.056492 4.816305
v -0.017522 1.078991 4.816305
v -0.069269 1.056492 4.838803
v -0.069269 1.078991 4.838803
v -0.069269 1.056492 4.816305
v -0.069269 1.078991 4.816305
v -0.046770 1.056492 4.838803
v -0.046770 1.078991 4.838803
v -0.046770 1.056492 4.816305
v -0.046770 1.078991 4.816305
v 0.475805 0.483858 4.871556
v 0.475805 0.464850 4.864259
v 0.455676 0.464850 4.864259
v 0.455676 0.483858 4.871556
v 0.475805 0.485397 4.867545
v 0.475805 0.466389 4.860248
v 0.455676 0.466389 4.860248
v 0.455676 0.485397 4.867545
v 0.467582 0.574570 4.903286
v 0.467582 0.539529 4.890532
v 0.430292 0.539529 4.890532
v 0.430292 0.574570 4.903286
v 0.369883 0.431777 4.853102
v 0.388083 0.424694 4.850524
v 0.395622 0.407591 4.844299
v 0.388083 0.390488 4.838074
v 0.369883 0.383405 4.835496
v 0.351682 0.390488 4.838074
v 0.344144 0.407591 4.844299
v 0.351682 0.424694 4.850524
v 0.499644 0.493621 4.873824
v 0.499644 0.446965 4.856842
v 0.431837 0.446965 4.856842
v 0.431837 0.493621 4.873824
v 0.529652 0.410274 4.826325
v 0.529652 0.347070 4.803320
v 0.500943 0.347070 4.803320
v 0.500943 0.410274 4.826325
v 0.454324 0.422908 4.848086
v 0.454324 0.404715 4.841465
v 0.434964 0.404715 4.841465
v 0.434964 0.422908 4.848086
v 0.448376 0.362505 4.826101
v 0.448376 0.344312 4.819480
v 0.429015 0.344312 4.819480
v 0.429015 0.362505 4.826101
v 0.484069 0.422182 4.847822
v 0.484069 0.403989 4.841200
v 0.464709 0.403989 4.841200
v 0.464709 0.422182 4.847822
v 0.467582 0.568529 4.919882
v 0.467582 0.533489 4.907129
v 0.430292 0.533489 4.907129
v 0.430292 0.568529 4.919882
v 0.369883 0.426311 4.868119
v 0.388083 0.419228 4.865541
v 0.395622 0.402125 4.859316
v 0.388083 0.385023 4.853092
v 0.369883 0.377939 4.850513
v 0.351682 0.385023 4.853092
v 0.344144 0.402125 4.859316
v 0.351682 0.419228 4.865541
v 0.499644 0.487581 4.890419
v 0.499644 0.440924 4.873438
v 0.431837 0.440924 4.873438
v 0.431837 0.487581 4.890419
v 0.529652 0.398717 4.858076
v 0.529652 0.335513 4.835072
v 0.500943 0.335513 4.835072
v 0.500943 0.398717 4.858076
v 0.454324 0.416868 4.864682
v 0.454324 0.398674 4.858060
v 0.434964 0.398674 4.858060
v 0.434964 0.416868 4.864682
v 0.448376 0.356465 4.842697
v 0.448376 0.338272 4.836075
v 0.429015 0.338272 4.836075
v 0.429015 0.356465 4.842697
v 0.484069 0.416142 4.864418
v 0.484069 0.397949 4.857796
v 0.464709 0.397949 4.857796
v 0.464709 0.416142 4.864418
v 0.379832 0.421149 4.836138
v 0.369883 0.425022 4.837547
v 0.383953 0.411800 4.832735
v 0.379832 0.402451 4.829332
v 0.369883 0.398578 4.827923
v 0.359933 0.402451 4.829332
v 0.355812 0.411800 4.832735
v 0.359933 0.421149 4.836138
v 0.382529 0.423684 4.837060
v 0.369883 0.428606 4.838851
v 0.387767 0.411800 4.832735
v 0.382529 0.399916 4.828410
v 0.369883 0.394994 4.826619
v 0.357236 0.399916 4.828410
v 0.351998 0.411800 4.832735
v 0.357236 0.423684 4.837060
v 0.379832 0.423114 4.830739
v 0.369883 0.426987 4.832148
v 0.383953 0.413765 4.827336
v 0.379832 0.404416 4.823933
v 0.369883 0.400543 4.822524
v 0.359933 0.404416 4.823933
v 0.355812 0.413765 4.827336
v 0.359933 0.423114 4.830739
v 0.380563 0.577169 4.904233
v 0.409088 0.566067 4.900192
v 0.420903 0.539263 4.890436
v 0.409088 0.512458 4.880680
v 0.380563 0.501356 4.876639
v 0.352038 0.512458 4.880680
v 0.340223 0.539263 4.890436
v 0.352038 0.566067 4.900192
v 0.380563 0.579430 4.915760
v 0.413379 0.566659 4.911111
v 0.426971 0.535822 4.899888
v 0.413379 0.504986 4.888664
v 0.380563 0.492214 4.884016
v 0.347747 0.504986 4.888664
v 0.334155 0.535822 4.899888
v 0.347747 0.566659 4.911111
v 0.345354 0.285838 4.739173
v 0.356263 0.334657 4.728264
v 0.345354 0.285838 4.690354
v 0.356263 0.334657 4.701263
v 0.394173 0.285838 4.739173
v 0.383264 0.334657 4.728264
v 0.394173 0.285838 4.690354
v 0.383264 0.334657 4.701263
v 0.345354 0.334657 4.739173
v 0.345354 0.334657 4.690354
v 0.394173 0.334657 4.690354
v 0.394173 0.334657 4.739173
v 0.356263 0.337338 4.728264
v 0.356263 0.337338 4.701263
v 0.383264 0.337338 4.701263
v 0.383264 0.337338 4.728264
v 0.382574 0.425691 4.831676
v 0.369883 0.430630 4.833474
v 0.387830 0.413765 4.827336
v 0.382574 0.401839 4.822995
v 0.369883 0.396900 4.821198
v 0.357192 0.401839 4.822995
v 0.351935 0.413765 4.827336
v 0.357192 0.425691 4.831676
v 0.375049 0.420325 4.824419
v 0.369883 0.422336 4.825150
v 0.377189 0.415470 4.822651
v 0.375049 0.410615 4.820884
v 0.369883 0.408605 4.820152
v 0.364717 0.410615 4.820884
v 0.362577 0.415470 4.822651
v 0.364717 0.420325 4.824419
v 0.382574 0.427610 4.826402
v 0.369883 0.432550 4.828199
v 0.387830 0.415685 4.822061
v 0.382574 0.403759 4.817720
v 0.369883 0.398819 4.815923
v 0.357192 0.403759 4.817720
v 0.351935 0.415685 4.822061
v 0.357192 0.427610 4.826402
v 0.375049 0.429208 4.800006
v 0.369883 0.431219 4.800739
v 0.377189 0.424354 4.798239
v 0.375049 0.419499 4.796473
v 0.369883 0.417488 4.795741
v 0.364716 0.419499 4.796473
v 0.362577 0.424354 4.798239
v 0.364717 0.429208 4.800006
v 0.376788 0.434418 4.805900
v 0.376775 0.411706 4.797629
v 0.361703 0.411485 4.798204
v 0.361717 0.434196 4.806473
v 0.378067 0.446178 4.773568
v 0.378053 0.423466 4.765298
v 0.362982 0.423245 4.765872
v 0.362996 0.445957 4.774142
v 0.362147 0.444315 4.797954
v 0.362573 0.448236 4.787176
v 0.377645 0.448456 4.786602
v 0.377218 0.444536 4.797379
v 0.377197 0.408981 4.784433
v 0.377623 0.412902 4.773656
v 0.362552 0.412680 4.774230
v 0.362126 0.408761 4.785007
v -0.089771 0.674455 4.920521
v -0.089771 0.853348 4.920521
v -0.065512 0.698714 4.898364
v -0.065512 0.829088 4.898364
v 0.089122 0.674455 4.920521
v 0.089122 0.853348 4.920521
v 0.064862 0.698714 4.898364
v 0.064862 0.829088 4.898364
v -0.089771 0.853348 4.898364
v -0.089771 0.674455 4.898364
v 0.089122 0.674455 4.898364
v 0.089122 0.853348 4.898364
v -0.065512 0.829088 4.904768
v -0.065512 0.698714 4.904768
v 0.064862 0.698714 4.904768
v 0.064862 0.829088 4.904768
v 0.089696 1.080975 4.914673
v 0.089696 1.080975 4.827096
v 0.000000 1.080975 4.914673
v 0.000000 1.080975 4.827096
v 0.089696 0.924465 4.914673
v 0.089696 0.854718 4.903682
v 0.000000 0.924465 4.914673
v 0.000000 0.854718 4.903682
v 0.000000 0.948624 4.840303
v 0.089696 0.948624 4.840303
v 0.089696 0.995403 4.914673
v 0.000000 0.995403 4.914673
v 0.089696 1.053952 4.827096
v 0.089696 1.053952 4.914673
v 0.000000 1.053952 4.914673
v 0.000000 1.053952 4.827096
v 0.089696 1.080975 4.820251
v 0.000000 1.080975 4.820251
v 0.089696 1.053952 4.820251
v 0.000000 1.053952 4.820251
v 0.000000 1.043032 4.828465
v 0.089696 1.043032 4.828465
v 0.089696 1.047882 4.914673
v 0.000000 1.047882 4.914673
v 0.000000 0.974238 4.837091
v 0.089696 0.974238 4.837091
v 0.089696 1.009641 4.914673
v 0.000000 1.009641 4.914673
v 0.054346 1.080975 4.827096
v 0.054346 1.080975 4.914673
v 0.054346 0.854718 4.903682
v 0.054346 0.924465 4.914673
v 0.054346 0.995403 4.914673
v 0.054346 0.948624 4.840303
v 0.054346 1.053952 4.827096
v 0.054346 1.053952 4.914673
v 0.054346 1.080975 4.820251
v 0.054346 1.053952 4.820251
v 0.054346 1.043032 4.828465
v 0.054346 1.047882 4.914673
v 0.054346 0.974238 4.837091
v 0.054346 1.009641 4.914673
v 0.000000 1.043032 4.835085
v 0.000000 0.974238 4.843711
v 0.054346 1.043032 4.835085
v 0.054346 0.974238 4.843711
v 0.000000 0.863744 4.871993
v 0.089696 0.863744 4.871993
v 0.089696 0.959934 4.914673
v 0.000000 0.959934 4.914673
v 0.054346 0.959934 4.914673
v 0.054346 0.863744 4.871993
v -0.089696 1.080975 4.914673
v -0.089696 1.080975 4.827096
v -0.089696 0.924465 4.914673
v -0.089696 0.854718 4.903682
v -0.089696 0.948624 4.840303
v -0.089696 0.995403 4.914673
v -0.089696 1.053952 4.827096
v -0.089696 1.053952 4.914673
v -0.089696 1.080975 4.820251
v -0.089696 1.053952 4.820251
v -0.089696 1.043032 4.828465
v -0.089696 1.047882 4.914673
v -0.089696 0.974238 4.837091
v -0.089696 1.009641 4.914673
v -0.054346 1.080975 4.827096
v -0.054346 1.080975 4.914673
v -0.054346 0.854718 4.903682
v -0.054346 0.924465 4.914673
v -0.054346 0.995403 4.914673
v -0.054346 0.948624 4.840303
v -0.054346 1.053952 4.827096
v -0.054346 1.053952 4.914673
v -0.054346 1.080975 4.820251
v -0.054346 1.053952 4.820251
v -0.054346 1.043032 4.828465
v -0.054346 1.047882 4.914673
v -0.054346 0.974238 4.837091
v -0.054346 1.009641 4.914673
v -0.054346 1.043032 4.835085
v -0.054346 0.974238 4.843711
v -0.089696 0.863744 4.871993
v -0.089696 0.959934 4.914673
v -0.054346 0.959934 4.914673
v -0.054346 0.863744 4.871993
v -0.027140 0.323390 4.743059
v -0.028081 0.323390 4.650416
v 0.029445 0.323390 4.743059
v 0.030387 0.323390 4.650416
v -0.045169 0.323390 4.681296
v -0.045169 0.323390 4.712178
v 0.047474 0.323390 4.712178
v 0.047474 0.323390 4.681296
v -0.023823 0.342039 4.737629
v -0.024654 0.342039 4.655845
v 0.026129 0.342039 4.737629
v 0.026960 0.342039 4.655845
v -0.039739 0.342039 4.683106
v -0.039739 0.342039 4.710369
v 0.042045 0.342039 4.710369
v 0.042045 0.342039 4.683106
v 0.072678 0.502069 4.886208
v 0.072678 0.524993 4.896898
v 0.072678 0.512759 4.863283
v 0.072678 0.535683 4.873973
v 0.097973 0.502069 4.886208
v 0.097973 0.524993 4.896898
v 0.097973 0.512759 4.863283
v 0.097973 0.535683 4.873973
v 0.072678 0.472267 4.872311
v 0.072678 0.495191 4.883001
v 0.072678 0.482957 4.849386
v 0.072678 0.505881 4.860076
v 0.097973 0.472267 4.872311
v 0.097973 0.495191 4.883001
v 0.097973 0.482957 4.849386
v 0.097973 0.505881 4.860076
v 0.072678 0.442465 4.858414
v 0.072678 0.465389 4.869104
v 0.072678 0.453155 4.835489
v 0.072678 0.476079 4.846179
v 0.097973 0.442465 4.858414
v 0.097973 0.465389 4.869104
v 0.097973 0.453155 4.835489
v 0.097973 0.476079 4.846179
v 0.072678 0.412663 4.844517
v 0.072678 0.435588 4.855207
v 0.072678 0.423354 4.821592
v 0.072678 0.446279 4.832283
v 0.097973 0.412663 4.844517
v 0.097973 0.435588 4.855207
v 0.097973 0.423354 4.821592
v 0.097973 0.446279 4.832283
v -0.095817 0.457341 4.865351
v -0.070523 0.457341 4.865351
v -0.095817 0.468031 4.842426
v -0.070523 0.468031 4.842426
v -0.095817 0.434416 4.854661
v -0.070523 0.434416 4.854661
v -0.095817 0.445106 4.831736
v -0.070523 0.445106 4.831736
v -0.016240 0.471663 4.872029
v -0.016240 0.494586 4.882719
v -0.016240 0.482352 4.849104
v -0.016240 0.505277 4.859794
v 0.009055 0.471663 4.872029
v 0.009055 0.494586 4.882719
v 0.009055 0.482352 4.849104
v 0.009055 0.505277 4.859794
v -0.043513 0.459134 4.866187
v -0.043513 0.482058 4.876877
v -0.043513 0.469824 4.843262
v -0.043513 0.492748 4.853952
v -0.018218 0.459134 4.866187
v -0.018218 0.482058 4.876877
v -0.018218 0.469824 4.843262
v -0.018218 0.492748 4.853952
v -0.043886 0.457341 4.865351
v -0.018592 0.457341 4.865351
v -0.043886 0.468031 4.842426
v -0.018592 0.468031 4.842426
v -0.043886 0.434416 4.854661
v -0.018592 0.434416 4.854661
v -0.043886 0.445106 4.831736
v -0.018592 0.445106 4.831736
v -0.070039 0.446605 4.860345
v -0.070039 0.469530 4.871035
v -0.070039 0.457295 4.837420
v -0.070039 0.480220 4.848110
v -0.044744 0.446605 4.860345
v -0.044744 0.469530 4.871035
v -0.044744 0.457295 4.837420
v -0.044744 0.480220 4.848110
v -0.070039 0.422226 4.848977
v -0.070039 0.445151 4.859666
v -0.070039 0.432916 4.826052
v -0.070039 0.455841 4.836742
v -0.044744 0.422226 4.848977
v -0.044744 0.445151 4.859666
v -0.044744 0.432916 4.826052
v -0.044744 0.455841 4.836742
v 0.005429 0.433401 4.854187
v 0.005429 0.456325 4.864877
v 0.005429 0.444090 4.831263
v 0.005429 0.467015 4.841953
v 0.030724 0.433401 4.854187
v 0.030724 0.456325 4.864877
v 0.030724 0.444090 4.831263
v 0.030724 0.467015 4.841953
v 0.034570 0.433401 4.854187
v 0.034570 0.456325 4.864877
v 0.034570 0.444090 4.831263
v 0.034570 0.467015 4.841953
v 0.059865 0.433401 4.854187
v 0.059865 0.456325 4.864877
v 0.059865 0.444090 4.831263
v 0.059865 0.467015 4.841953
v 0.034570 0.468954 4.870766
v 0.034570 0.491878 4.881456
v 0.034570 0.479643 4.847841
v 0.034570 0.502568 4.858531
v 0.059865 0.468954 4.870766
v 0.059865 0.491878 4.881456
v 0.059865 0.479643 4.847841
v 0.059865 0.502568 4.858531
v -0.091272 0.484459 4.877996
v -0.091272 0.527135 4.897897
v -0.091272 0.495149 4.855072
v -0.091272 0.537825 4.874972
v -0.044495 0.484459 4.877996
v -0.044495 0.527135 4.897897
v -0.044495 0.495149 4.855072
v -0.044495 0.537825 4.874972
v -0.016240 0.500443 4.885450
v -0.016240 0.523367 4.896140
v -0.016240 0.511133 4.862525
v -0.016240 0.534058 4.873215
v 0.009055 0.500443 4.885450
v 0.009055 0.523367 4.896140
v 0.009055 0.511133 4.862525
v 0.009055 0.534058 4.873215
v 0.034570 0.500443 4.885450
v 0.034570 0.523367 4.896140
v 0.034570 0.511133 4.862525
v 0.034570 0.534058 4.873215
v 0.059865 0.500443 4.885450
v 0.059865 0.523367 4.896140
v 0.059865 0.511133 4.862525
v 0.059865 0.534058 4.873215
v -0.109592 0.394582 4.867754
v -0.109592 0.519762 4.926125
v -0.109592 0.415271 4.823386
v -0.109592 0.540451 4.881758
v 0.109872 0.394582 4.867754
v 0.109872 0.519762 4.926125
v 0.109872 0.415271 4.823386
v 0.109872 0.540451 4.881758
v 0.380515 0.719831 4.900326
v 0.380515 0.742330 4.900326
v 0.380515 0.719831 4.877828
v 0.380515 0.742330 4.877828
v 0.403013 0.719831 4.900326
v 0.403013 0.742330 4.900326
v 0.403013 0.719831 4.877828
v 0.403013 0.742330 4.877828
v 0.380515 0.692832 4.900326
v 0.380515 0.715331 4.900326
v 0.380515 0.692832 4.877828
v 0.380515 0.715331 4.877828
v 0.403013 0.692832 4.900326
v 0.403013 0.715331 4.900326
v 0.403013 0.692832 4.877828
v 0.403013 0.715331 4.877828
v 0.380515 0.665834 4.900326
v 0.380515 0.688333 4.900326
v 0.380515 0.665834 4.877828
v 0.380515 0.688333 4.877828
v 0.403013 0.665834 4.900326
v 0.403013 0.688333 4.900326
v 0.403013 0.665834 4.877828
v 0.403013 0.688333 4.877828
v 0.380515 0.638836 4.900326
v 0.380515 0.661335 4.900326
v 0.380515 0.638836 4.877828
v 0.380515 0.661335 4.877828
v 0.403013 0.638836 4.900326
v 0.403013 0.661335 4.900326
v 0.403013 0.638836 4.877828
v 0.403013 0.661335 4.877828
v 0.380515 0.611838 4.900326
v 0.380515 0.634336 4.900326
v 0.380515 0.611838 4.877828
v 0.380515 0.634336 4.877828
v 0.403013 0.611838 4.900326
v 0.403013 0.634336 4.900326
v 0.403013 0.611838 4.877828
v 0.403013 0.634336 4.877828
v 0.355766 0.719831 4.900326
v 0.355766 0.742330 4.900326
v 0.355766 0.719831 4.877828
v 0.355766 0.742330 4.877828
v 0.378265 0.719831 4.900326
v 0.378265 0.742330 4.900326
v 0.378265 0.719831 4.877828
v 0.378265 0.742330 4.877828
v 0.355766 0.692832 4.900326
v 0.355766 0.715331 4.900326
v 0.355766 0.692832 4.877828
v 0.355766 0.715331 4.877828
v 0.378265 0.692832 4.900326
v 0.378265 0.715331 4.900326
v 0.378265 0.692832 4.877828
v 0.378265 0.715331 4.877828
v 0.355766 0.665834 4.900326
v 0.355766 0.688333 4.900326
v 0.355766 0.665834 4.877828
v 0.355766 0.688333 4.877828
v 0.378265 0.665834 4.900326
v 0.378265 0.688333 4.900326
v 0.378265 0.665834 4.877828
v 0.378265 0.688333 4.877828
v 0.355766 0.638836 4.900326
v 0.355766 0.661335 4.900326
v 0.355766 0.638836 4.877828
v 0.355766 0.661335 4.877828
v 0.378265 0.638836 4.900326
v 0.378265 0.661335 4.900326
v 0.378265 0.638836 4.877828
v 0.378265 0.661335 4.877828
v 0.355766 0.611838 4.900326
v 0.355766 0.634336 4.900326
v 0.355766 0.611838 4.877828
v 0.355766 0.634336 4.877828
v 0.378265 0.611838 4.900326
v 0.378265 0.634336 4.900326
v 0.378265 0.611838 4.877828
v 0.378265 0.634336 4.877828
v 0.331018 0.719831 4.900326
v 0.331018 0.742330 4.900326
v 0.331018 0.719831 4.877828
v 0.331018 0.742330 4.877828
v 0.353516 0.719831 4.900326
v 0.353516 0.742330 4.900326
v 0.353516 0.719831 4.877828
v 0.353516 0.742330 4.877828
v 0.331018 0.692832 4.900326
v 0.331018 0.715331 4.900326
v 0.331018 0.692832 4.877828
v 0.331018 0.715331 4.877828
v 0.353516 0.692832 4.900326
v 0.353516 0.715331 4.900326
v 0.353516 0.692832 4.877828
v 0.353516 0.715331 4.877828
v 0.331018 0.665834 4.900326
v 0.331018 0.688333 4.900326
v 0.331018 0.665834 4.877828
v 0.331018 0.688333 4.877828
v 0.353516 0.665834 4.900326
v 0.353516 0.688333 4.900326
v 0.353516 0.665834 4.877828
v 0.353516 0.688333 4.877828
v 0.331018 0.638836 4.900326
v 0.331018 0.661335 4.900326
v 0.331018 0.638836 4.877828
v 0.331018 0.661335 4.877828
v 0.353516 0.638836 4.900326
v 0.353516 0.661335 4.900326
v 0.353516 0.638836 4.877828
v 0.353516 0.661335 4.877828
v 0.331018 0.611838 4.900326
v 0.331018 0.634336 4.900326
v 0.331018 0.611838 4.877828
v 0.331018 0.634336 4.877828
v 0.353516 0.611838 4.900326
v 0.353516 0.634336 4.900326
v 0.353516 0.611838 4.877828
v 0.353516 0.634336 4.877828
v 0.306269 0.719831 4.900326
v 0.306269 0.742330 4.900326
v 0.306269 0.719831 4.877828
v 0.306269 0.742330 4.877828
v 0.328768 0.719831 4.900326
v 0.328768 0.742330 4.900326
v 0.328768 0.719831 4.877828
v 0.328768 0.742330 4.877828
v 0.306269 0.692832 4.900326
v 0.306269 0.715331 4.900326
v 0.306269 0.692832 4.877828
v 0.306269 0.715331 4.877828
v 0.328768 0.692832 4.900326
v 0.328768 0.715331 4.900326
v 0.328768 0.692832 4.877828
v 0.328768 0.715331 4.877828
v 0.306269 0.665834 4.900326
v 0.306269 0.688333 4.900326
v 0.306269 0.665834 4.877828
v 0.306269 0.688333 4.877828
v 0.328768 0.665834 4.900326
v 0.328768 0.688333 4.900326
v 0.328768 0.665834 4.877828
v 0.328768 0.688333 4.877828
v 0.306269 0.638836 4.900326
v 0.306269 0.661335 4.900326
v 0.306269 0.638836 4.877828
v 0.306269 0.661335 4.877828
v 0.328768 0.638836 4.900326
v 0.328768 0.661335 4.900326
v 0.328768 0.638836 4.877828
v 0.328768 0.661335 4.877828
v 0.306269 0.611838 4.900326
v 0.306269 0.634336 4.900326
v 0.306269 0.611838 4.877828
v 0.306269 0.634336 4.877828
v 0.328768 0.611838 4.900326
v 0.328768 0.634336 4.900326
v 0.328768 0.611838 4.877828
v 0.328768 0.634336 4.877828
v 0.338093 0.815038 4.902544
v 0.338093 0.837248 4.902544
v 0.338093 0.815038 4.876669
v 0.338093 0.837248 4.876669
v 0.364816 0.815038 4.902544
v 0.364816 0.837248 4.902544
v 0.364816 0.815038 4.876669
v 0.364816 0.837248 4.876669
v 0.306767 0.815038 4.902544
v 0.306767 0.837248 4.902544
v 0.306767 0.815038 4.876669
v 0.306767 0.837248 4.876669
v 0.333490 0.815038 4.902544
v 0.333490 0.837248 4.902544
v 0.333490 0.815038 4.876669
v 0.333490 0.837248 4.876669
vn -0.0000 0.3420 -0.9397
vn 1.0000 -0.0000 -0.0000
vn -0.0000 -0.0000 1.0000
vn -1.0000 -0.0000 -0.0000
vn -0.0000 -0.0000 -1.0000
vn -0.0000 1.0000 -0.0000
vn -0.0000 0.9707 0.2404
vn 0.7535 0.6346 0.1720
vn -0.0000 0.4241 -0.9056
vn 0.9286 -0.0434 -0.3686
vn -0.0000 -0.2294 -0.9733
vn -0.0000 -0.4241 0.9056
vn -0.0000 -1.0000 -0.0000
vn -0.0000 0.3398 -0.9405
vn 0.9524 0.3049 -0.0000
vn 0.9986 0.0523 -0.0000
vn 0.9986 0.0523 -0.0002
vn 0.9932 0.0520 0.1046
vn -0.7535 0.6346 0.1720
vn -0.9286 -0.0434 -0.3686
vn -0.9524 0.3049 -0.0000
vn -0.9986 0.0523 -0.0000
vn -0.9986 0.0523 -0.0002
vn -0.9932 0.0520 0.1046
vn -0.0000 -0.9397 -0.3420
vn -0.0000 0.9396 0.3421
vn -0.0996 0.9949 0.0130
vn -0.0025 0.9997 0.0235
vn -0.9531 -0.3019 0.0221
vn -0.9538 -0.3005 -0.0035
vn -0.9996 -0.0000 0.0267
vn -1.0000 -0.0000 0.0037
vn -0.0000 0.9999 0.0127
vn -0.0000 0.9998 0.0187
vn -0.0000 0.9997 0.0246
vn 0.9996 -0.0000 -0.0291
vn -0.2077 0.8569 0.4719
vn -0.2559 0.2980 0.9196
vn -0.3612 0.6296 0.6878
vn -0.0000 0.8138 0.5811
vn -0.0000 0.8230 0.5680
vn -0.0000 0.8987 0.4385
vn -0.2681 0.9623 0.0456
vn -0.9475 -0.2983 -0.1150
vn -0.9955 -0.0000 -0.0946
vn -0.3720 -0.0230 -0.9280
vn -0.3055 -0.0000 -0.9522
vn -0.8847 -0.0000 -0.4662
vn -0.8724 -0.2383 -0.4268
vn -0.0228 0.9993 -0.0295
vn -0.0000 -0.0074 1.0000
vn -0.0000 -0.0039 1.0000
vn -0.0000 -0.0078 1.0000
vn 0.9526 0.3030 -0.0277
vn 0.0996 0.9949 0.0130
vn 0.0025 0.9997 0.0235
vn 0.9531 -0.3019 0.0221
vn 0.9538 -0.3005 -0.0035
vn 0.9996 -0.0000 0.0267
vn 1.0000 -0.0000 0.0037
vn -0.9996 -0.0000 -0.0291
vn 0.2077 0.8569 0.4719
vn 0.2559 0.2980 0.9196
vn 0.3612 0.6296 0.6878
vn 0.2681 0.9623 0.0456
vn 0.9475 -0.2983 -0.1150
vn 0.9955 -0.0000 -0.0946
vn 0.3720 -0.0230 -0.9280
vn 0.3055 -0.0000 -0.9522
vn 0.8847 -0.0000 -0.4662
vn 0.8724 -0.2383 -0.4268
vn 0.0228 0.9993 -0.0295
vn -0.9526 0.3030 -0.0277
vn -0.0001 0.0001 -1.0000
vn 0.7972 0.6037 -0.0000
vn 0.9764 0.2160 -0.0000
vn -0.7972 0.6037 -0.0000
vn -0.9764 0.2160 -0.0000
vn 0.0001 -0.0000 -1.0000
vn -0.0000 -1.0000 -0.0001
vn 0.0001 -1.0000 -0.0004
vn -0.0001 -1.0000 -0.0001
vn 0.0001 1.0000 0.0001
vn -0.0000 1.0000 0.0003
vn -0.0001 -1.0000 0.0001
vn 0.0003 -1.0000 -0.0000
vn -0.0000 -0.3420 0.9397
vn 0.3342 0.9249 -0.1814
vn 0.8070 0.4806 -0.3432
vn 0.8070 -0.1476 -0.5719
vn 0.3343 -0.5918 -0.7335
vn -0.3343 -0.5918 -0.7335
vn -0.8070 -0.1476 -0.5718
vn -0.8070 0.4806 -0.3431
vn -0.3343 0.9249 -0.1814
vn -0.0000 0.9687 -0.2484
vn -0.0000 0.9591 -0.2829
vn 0.8213 0.5704 -0.0000
vn -0.8213 0.5704 -0.0000
vn -0.0000 -0.1155 -0.9933
vn -0.0000 0.1155 0.9933
vn -0.0000 -0.9922 0.1243
vn -0.0000 0.9922 -0.1243
vn -0.0000 0.1156 0.9933
vn -0.0000 0.9922 -0.1244
vn -0.0000 -0.3584 0.9336
vn -0.0000 0.3584 -0.9336
vn -0.0000 -0.9336 -0.3583
vn -0.0000 0.9336 0.3583
vn -0.3296 0.9216 -0.2051
vn -0.0000 0.9397 0.3420
vn -0.0000 -0.9397 -0.3421
vn 0.3826 0.8682 0.3160
vn 0.9239 0.3596 0.1309
vn 0.9239 -0.3596 -0.1309
vn 0.3827 -0.8682 -0.3160
vn -0.3826 -0.8682 -0.3160
vn -0.9239 -0.3596 -0.1309
vn -0.9239 0.3596 0.1309
vn -0.3826 0.8682 0.3160
vn 0.3827 0.8681 0.3160
vn -0.7958 -0.1360 -0.5901
vn 0.3296 -0.5741 -0.7495
vn 0.7958 0.4835 -0.3646
vn -0.7958 0.4835 -0.3646
vn -0.3296 -0.5741 -0.7495
vn 0.7958 -0.1360 -0.5901
vn 0.3296 0.9216 -0.2051
vn -0.0000 0.3419 -0.9397
vn 0.0001 0.3419 -0.9397
vn -0.0000 0.3418 -0.9398
vn -0.0001 0.3419 -0.9397
vn -0.0001 0.3420 -0.9397
vn -0.3827 0.8682 0.3160
vn 0.3827 -0.8681 -0.3160
vn -0.3827 -0.8682 -0.3160
vn 0.8070 -0.1476 -0.5718
vn -0.8070 0.4806 -0.3432
vn -0.3342 0.9249 -0.1814
vn -0.3827 -0.8682 -0.3159
vn 0.9239 -0.3595 -0.1309
vn 0.3826 0.8682 0.3159
vn 0.3827 -0.8682 -0.3159
vn -0.0243 0.2859 -0.9579
vn -0.0589 0.3185 -0.9461
vn -0.0589 0.3643 -0.9294
vn -0.0244 0.3966 -0.9177
vn 0.0244 0.3966 -0.9177
vn 0.0589 0.3643 -0.9294
vn 0.0589 0.3185 -0.9461
vn 0.0589 0.3182 -0.9462
vn 0.0243 0.2859 -0.9579
vn -0.3826 -0.8682 -0.3159
vn 0.3827 0.8682 0.3159
vn -0.3827 0.8682 0.3159
vn -0.9239 -0.3595 -0.1308
vn 0.0408 -0.3419 0.9389
vn -0.0408 0.3419 -0.9389
vn -0.0210 0.9847 -0.1728
vn -0.0208 -0.6198 -0.7845
vn -0.9993 0.0132 -0.0347
vn 0.9993 -0.0132 0.0347
vn 0.0221 -0.9790 0.2028
vn 0.0008 -0.9398 -0.3418
vn 0.0197 0.6435 0.7652
vn -0.0007 0.9398 0.3418
vn -0.0000 -0.1557 0.9878
vn -0.0000 -0.9617 -0.2739
vn -0.0000 -0.1244 -0.9922
vn -0.0000 -0.3498 -0.9368
vn -0.0000 0.2795 -0.9601
vn 0.8271 0.2876 0.4829
vn -0.8377 0.2889 -0.4635
vn 0.8377 0.2889 -0.4635
vn -0.8271 0.2877 0.4829
vn 0.9601 0.2795 -0.0000
vn -0.9601 0.2796 -0.0000
vn -0.0000 0.2796 0.9601
vn -0.0000 0.4226 -0.9063
vn -0.0000 -0.4226 0.9063
vn -0.0000 -0.9063 -0.4226
vn -0.0000 0.9063 0.4226
vn -0.0000 0.4227 -0.9063
vn -0.0000 0.9063 0.4227
vn -0.0000 -0.4227 0.9063
vn -1.0000 0.0001 -0.0000
vn -0.0000 0.0007 -1.0000
vn -0.0002 -0.0000 -1.0000
vn -0.0000 0.0006 -1.0000
vn -0.0001 -0.0000 -1.0000
vn -0.0002 -1.0000 -0.0000
vn 0.0004 1.0000 0.0003
vn 0.0001 -1.0000 -0.0000
vn 0.0001 -0.3420 0.9397
vn -0.0001 -0.3420 0.9397
vn -0.0001 -0.3421 0.9397
vn 0.0001 -0.3421 0.9397
vn 0.0001 -0.3419 0.9397
vn -0.0001 -0.3419 0.9397
vn 0.0002 -0.3420 0.9397
vn -0.0000 0.3421 -0.9397
vn -0.0002 0.3419 -0.9397
vn -0.0001 0.3418 -0.9398
vn 0.0002 0.3419 -0.9397
vt 0.020453 0.975287
vt 0.020453 0.973451
vt 0.025821 0.973451
vt 0.025821 0.975287
vt 0.059515 0.976690
vt 0.059515 0.976507
vt 0.059515 0.976459
vt 0.059637 0.976690
vt 0.059637 0.975813
vt 0.059637 0.976315
vt 0.059515 0.975813
vt 0.027525 0.976690
vt 0.027525 0.975813
vt 0.027646 0.975813
vt 0.027646 0.976690
vt 0.059199 0.975813
vt 0.059199 0.976690
vt 0.059320 0.976690
vt 0.059320 0.975813
vt 0.027209 0.976690
vt 0.027209 0.975813
vt 0.027330 0.975813
vt 0.027330 0.976690
vt 0.058349 0.975124
vt 0.059065 0.975124
vt 0.057528 0.975124
vt 0.058076 0.975124
vt 0.057528 0.970666
vt 0.058165 0.970666
vt 0.058565 0.970666
vt 0.058076 0.975598
vt 0.057528 0.975598
vt 0.057825 0.976353
vt 0.057528 0.976353
vt 0.057825 0.976108
vt 0.057528 0.976108
vt 0.058076 0.974388
vt 0.059386 0.974388
vt 0.058800 0.974388
vt 0.058800 0.974862
vt 0.059710 0.974862
vt 0.058800 0.975124
vt 0.058800 0.977487
vt 0.058800 0.979484
vt 0.058800 0.975489
vt 0.059386 0.975124
vt 0.059710 0.975489
vt 0.059765 0.975489
vt 0.059765 0.974862
vt 0.059778 0.979484
vt 0.059833 0.979484
vt 0.059834 0.976147
vt 0.059779 0.976147
vt 0.058800 0.973826
vt 0.058076 0.973826
vt 0.056707 0.975124
vt 0.055991 0.975124
vt 0.056980 0.975124
vt 0.056891 0.970666
vt 0.056491 0.970666
vt 0.056980 0.975598
vt 0.057231 0.976353
vt 0.057231 0.976108
vt 0.056980 0.974388
vt 0.055670 0.974388
vt 0.055346 0.974862
vt 0.056256 0.974862
vt 0.056256 0.974388
vt 0.056256 0.975124
vt 0.056256 0.977487
vt 0.056256 0.979484
vt 0.056256 0.975489
vt 0.055645 0.975272
vt 0.055346 0.975489
vt 0.055670 0.975124
vt 0.055291 0.974862
vt 0.055291 0.975489
vt 0.055223 0.979484
vt 0.055278 0.979484
vt 0.055222 0.976147
vt 0.055277 0.976147
vt 0.056256 0.973826
vt 0.056980 0.973826
vt 0.059637 0.976341
vt 0.060701 0.974568
vt 0.060701 0.974226
vt 0.055333 0.974226
vt 0.055333 0.974567
vt 0.055645 0.975455
vt 0.056182 0.975455
vt 0.055333 0.976062
vt 0.055333 0.976392
vt 0.060701 0.976062
vt 0.060701 0.976392
vt 0.072542 0.974458
vt 0.072527 0.974457
vt 0.072542 0.973905
vt 0.072557 0.973906
vt 0.072542 0.973700
vt 0.072558 0.973700
vt 0.072591 0.974458
vt 0.072606 0.973906
vt 0.072607 0.973700
vt 0.072383 0.974458
vt 0.072383 0.973906
vt 0.072383 0.973700
vt 0.072383 0.974457
vt 0.072383 0.974035
vt 0.072539 0.974035
vt 0.072603 0.974037
vt 0.072507 0.974615
vt 0.072493 0.974613
vt 0.072383 0.974716
vt 0.072383 0.974712
vt 0.072453 0.974685
vt 0.072461 0.974689
vt 0.072383 0.974685
vt 0.072383 0.974613
vt 0.072511 0.973235
vt 0.072499 0.973240
vt 0.072563 0.973240
vt 0.072383 0.973240
vt 0.072459 0.973137
vt 0.072511 0.973142
vt 0.072383 0.973101
vt 0.072383 0.973096
vt 0.072383 0.974037
vt 0.091132 0.990588
vt 0.091132 0.990623
vt 0.025915 0.975292
vt 0.025812 0.975292
vt 0.091157 0.990623
vt 0.091157 0.990579
vt 0.025904 0.975283
vt 0.025837 0.975283
vt 0.091043 0.990623
vt 0.091043 0.990579
vt 0.025790 0.975283
vt 0.025723 0.975283
vt 0.090930 0.990623
vt 0.090930 0.990579
vt 0.025676 0.975283
vt 0.025609 0.975283
vt 0.020452 0.975567
vt 0.020688 0.975567
vt 0.093612 0.990640
vt 0.093612 0.990655
vt 0.020507 0.975567
vt 0.020404 0.975567
vt 0.093730 0.990640
vt 0.093730 0.990655
vt 0.020625 0.975567
vt 0.020522 0.975567
vt 0.093670 0.990407
vt 0.093670 0.990655
vt 0.093570 0.990655
vt 0.093570 0.990407
vt 0.094020 0.990655
vt 0.094020 0.990407
vt 0.093949 0.990407
vt 0.093833 0.990655
vt 0.093660 0.990655
vt 0.093949 0.990655
vt 0.091177 0.990437
vt 0.091278 0.990437
vt 0.091278 0.990623
vt 0.091177 0.990623
vt 0.090997 0.990623
vt 0.090827 0.990623
vt 0.090827 0.990437
vt 0.090899 0.990437
vt 0.091110 0.990623
vt 0.091235 0.990623
vt 0.090899 0.990623
vt 0.093833 0.990640
vt 0.093715 0.990655
vt 0.093715 0.990640
vt 0.093690 0.990655
vt 0.093709 0.990655
vt 0.093660 0.990639
vt 0.093897 0.990639
vt 0.093897 0.990655
vt 0.091224 0.990579
vt 0.091224 0.990623
vt 0.091110 0.990579
vt 0.090997 0.990579
vt 0.091235 0.990588
vt 0.059585 0.991048
vt 0.022981 0.975668
vt 0.073171 0.969980
vt 0.075671 0.969980
vt 0.075671 0.972480
vt 0.073171 0.972480
vt 0.075671 0.974980
vt 0.073171 0.974980
vt 0.075671 0.977480
vt 0.073171 0.977480
vt 0.075671 0.979980
vt 0.073171 0.979980
vt 0.070671 0.974980
vt 0.070671 0.977480
vt 0.078171 0.974980
vt 0.078171 0.977480
vt 0.074807 0.978660
vt 0.073250 0.978128
vt 0.074807 0.977595
vt 0.074807 0.977150
vt 0.073016 0.977763
vt 0.074807 0.978376
vt 0.076074 0.977329
vt 0.075909 0.977751
vt 0.076599 0.977763
vt 0.076365 0.978128
vt 0.076074 0.978196
vt 0.075909 0.978504
vt 0.073540 0.978196
vt 0.073706 0.978504
vt 0.073540 0.977329
vt 0.073706 0.977751
vt 0.139666 0.989062
vt 0.139666 0.989136
vt 0.139693 0.989136
vt 0.139693 0.989062
vt 0.074728 0.975953
vt 0.074728 0.976042
vt 0.074817 0.976042
vt 0.074817 0.975953
vt 0.074629 0.975953
vt 0.074629 0.976042
vt 0.074719 0.976042
vt 0.074719 0.975953
vt 0.074531 0.975953
vt 0.074531 0.976042
vt 0.074620 0.976042
vt 0.074620 0.975953
vt 0.074433 0.975953
vt 0.074433 0.976042
vt 0.074522 0.976042
vt 0.074522 0.975953
vt 0.074784 0.975506
vt 0.074784 0.975603
vt 0.074881 0.975603
vt 0.074881 0.975506
vt 0.074483 0.974673
vt 0.074483 0.974771
vt 0.074580 0.974771
vt 0.074580 0.974673
vt 0.074483 0.974800
vt 0.074483 0.974898
vt 0.074580 0.974898
vt 0.074580 0.974800
vt 0.074483 0.975188
vt 0.074483 0.975285
vt 0.074580 0.975285
vt 0.074580 0.975188
vt 0.074450 0.975775
vt 0.074450 0.975872
vt 0.074547 0.975872
vt 0.074547 0.975775
vt 0.074476 0.975506
vt 0.074476 0.975603
vt 0.074573 0.975603
vt 0.074573 0.975506
vt 0.074675 0.975506
vt 0.074675 0.975603
vt 0.074772 0.975603
vt 0.074772 0.975506
vt 0.074730 0.975658
vt 0.074730 0.975755
vt 0.074827 0.975755
vt 0.074827 0.975658
vt 0.074569 0.975616
vt 0.074569 0.975713
vt 0.074666 0.975713
vt 0.074666 0.975616
vt 0.074584 0.975775
vt 0.074584 0.975872
vt 0.074681 0.975872
vt 0.074681 0.975775
vt 0.074724 0.975775
vt 0.074724 0.975872
vt 0.074821 0.975872
vt 0.074821 0.975775
vt 0.074728 0.976097
vt 0.074728 0.976186
vt 0.074817 0.976186
vt 0.074817 0.976097
vt 0.074629 0.976097
vt 0.074629 0.976186
vt 0.074719 0.976186
vt 0.074719 0.976097
vt 0.075106 0.975587
vt 0.075106 0.975676
vt 0.075195 0.975676
vt 0.075195 0.975587
vt 0.074887 0.976043
vt 0.074887 0.976132
vt 0.074976 0.976132
vt 0.074976 0.976043
vt 0.074973 0.975587
vt 0.074973 0.975676
vt 0.075062 0.975676
vt 0.075062 0.975587
vt 0.109032 0.976124
vt 0.109032 0.978037
vt 0.112086 0.978037
vt 0.112086 0.976124
vt 0.109490 0.976582
vt 0.111627 0.976582
vt 0.109490 0.977579
vt 0.111627 0.977579
vt 0.027155 0.977579
vt 0.025018 0.977579
vt 0.025018 0.976582
vt 0.027155 0.976582
vt 0.110422 0.976059
vt 0.110422 0.978129
vt 0.111624 0.978129
vt 0.111624 0.976059
vt 0.077455 0.975057
vt 0.077455 0.975087
vt 0.077485 0.975087
vt 0.077485 0.975057
vt 0.077400 0.975057
vt 0.077400 0.975087
vt 0.077430 0.975087
vt 0.077430 0.975057
vt 0.077345 0.975057
vt 0.077345 0.975087
vt 0.077376 0.975087
vt 0.077376 0.975057
vt 0.077290 0.975057
vt 0.077290 0.975087
vt 0.077321 0.975087
vt 0.077321 0.975057
vt 0.077235 0.975057
vt 0.077235 0.975087
vt 0.077266 0.975087
vt 0.077266 0.975057
vt 0.077246 0.975215
vt 0.077246 0.975245
vt 0.077277 0.975245
vt 0.077277 0.975215
vt 0.077455 0.975126
vt 0.077455 0.975156
vt 0.077485 0.975156
vt 0.077485 0.975126
vt 0.077400 0.975126
vt 0.077400 0.975156
vt 0.077430 0.975156
vt 0.077430 0.975126
vt 0.077345 0.975126
vt 0.077345 0.975156
vt 0.077376 0.975156
vt 0.077376 0.975126
vt 0.077290 0.975126
vt 0.077290 0.975156
vt 0.077321 0.975156
vt 0.077321 0.975126
vt 0.077235 0.975126
vt 0.077235 0.975156
vt 0.077266 0.975156
vt 0.077266 0.975126
vt 0.077384 0.975249
vt 0.077384 0.975280
vt 0.077414 0.975280
vt 0.077414 0.975249
vt 0.077319 0.975249
vt 0.077319 0.975280
vt 0.077350 0.975280
vt 0.077350 0.975249
vt 0.077433 0.975198
vt 0.077433 0.975229
vt 0.077463 0.975229
vt 0.077463 0.975198
vt 0.077378 0.975198
vt 0.077378 0.975229
vt 0.077408 0.975229
vt 0.077408 0.975198
vt 0.077323 0.975198
vt 0.077323 0.975229
vt 0.077353 0.975229
vt 0.077353 0.975198
vt 0.077456 0.975249
vt 0.077456 0.975280
vt 0.077487 0.975280
vt 0.077487 0.975249
vt 0.072232 0.978174
vt 0.072232 0.978204
vt 0.072262 0.978204
vt 0.072262 0.978174
vt 0.072375 0.978180
vt 0.072375 0.978211
vt 0.072406 0.978211
vt 0.072406 0.978180
vt 0.072332 0.978180
vt 0.072332 0.978211
vt 0.072363 0.978211
vt 0.072363 0.978180
vt 0.072267 0.978174
vt 0.072267 0.978204
vt 0.072298 0.978204
vt 0.072298 0.978174
vt 0.072452 0.978252
vt 0.072452 0.978280
vt 0.072480 0.978280
vt 0.072480 0.978252
vt 0.072421 0.978252
vt 0.072421 0.978280
vt 0.072449 0.978280
vt 0.072449 0.978252
vt 0.072391 0.978252
vt 0.072391 0.978280
vt 0.072419 0.978280
vt 0.072419 0.978252
vt 0.072452 0.978298
vt 0.072452 0.978326
vt 0.072480 0.978326
vt 0.072480 0.978298
vt 0.072421 0.978298
vt 0.072421 0.978326
vt 0.072449 0.978326
vt 0.072449 0.978298
vt 0.072391 0.978298
vt 0.072391 0.978326
vt 0.072419 0.978326
vt 0.072419 0.978298
vt 0.072360 0.978298
vt 0.072360 0.978326
vt 0.072388 0.978326
vt 0.072388 0.978298
vt 0.074707 0.973807
vt 0.074707 0.973832
vt 0.074733 0.973832
vt 0.074733 0.973807
vt 0.074735 0.973807
vt 0.074735 0.973832
vt 0.074761 0.973832
vt 0.074761 0.973807
vt 0.074763 0.973807
vt 0.074763 0.973832
vt 0.074789 0.973832
vt 0.074789 0.973807
vt 0.074791 0.973807
vt 0.074791 0.973832
vt 0.074817 0.973832
vt 0.074817 0.973807
vt 0.140217 0.990744
vt 0.140217 0.993126
vt 0.141074 0.993126
vt 0.141074 0.990744
vt 0.074560 0.975193
vt 0.074560 0.975223
vt 0.074591 0.975223
vt 0.074591 0.975193
vt 0.107174 0.972514
vt 0.107174 0.972576
vt 0.107236 0.972576
vt 0.107236 0.972514
vt 0.070116 0.972524
vt 0.070116 0.972566
vt 0.107184 0.972524
vt 0.107184 0.972566
vt 0.107226 0.972566
vt 0.107226 0.972524
vt 0.070075 0.972566
vt 0.070075 0.972524
vt 0.074579 0.973805
vt 0.074579 0.973835
vt 0.074610 0.973835
vt 0.074610 0.973805
vt 0.074613 0.973805
vt 0.074613 0.973835
vt 0.074643 0.973835
vt 0.074643 0.973805
vt 0.071672 0.973513
vt 0.071672 0.975057
vt 0.069749 0.975057
vt 0.069749 0.973513
vt 0.077254 0.975057
vt 0.077254 0.973513
vt 0.091511 0.991901
vt 0.091511 0.991991
vt 0.091511 0.992856
vt 0.091511 0.992766
vt 0.092380 0.992856
vt 0.092380 0.992766
vt 0.092380 0.991991
vt 0.092380 0.991901
vt 0.091511 0.991757
vt 0.091511 0.991847
vt 0.091511 0.992711
vt 0.091511 0.992621
vt 0.092380 0.992711
vt 0.092380 0.992621
vt 0.092380 0.991847
vt 0.092380 0.991757
vt 0.091511 0.991613
vt 0.091511 0.991703
vt 0.091511 0.992567
vt 0.091511 0.992477
vt 0.092380 0.992567
vt 0.092380 0.992477
vt 0.092380 0.991703
vt 0.092380 0.991613
vt 0.086518 0.991901
vt 0.086518 0.992766
vt 0.086518 0.992856
vt 0.086518 0.991991
vt 0.085650 0.992766
vt 0.085650 0.992856
vt 0.085650 0.991901
vt 0.085650 0.991991
vt 0.086518 0.991757
vt 0.086518 0.992621
vt 0.086518 0.992711
vt 0.086518 0.991847
vt 0.085650 0.992621
vt 0.085650 0.992711
vt 0.085650 0.991757
vt 0.085650 0.991847
vt 0.086518 0.991613
vt 0.086518 0.992477
vt 0.086518 0.992567
vt 0.086518 0.991703
vt 0.085650 0.992477
vt 0.085650 0.992567
vt 0.085650 0.991613
vt 0.085650 0.991703
vt 0.090857 0.992289
vt 0.090857 0.993157
vt 0.091726 0.993157
vt 0.091726 0.992289
vt 0.089728 0.992289
vt 0.089728 0.993157
vt 0.090597 0.993157
vt 0.090597 0.992289
vt 0.088599 0.992289
vt 0.088599 0.993157
vt 0.089468 0.993157
vt 0.089468 0.992289
vt 0.087470 0.992289
vt 0.087470 0.993157
vt 0.088338 0.993157
vt 0.088338 0.992289
vt 0.086341 0.992289
vt 0.086341 0.993157
vt 0.087209 0.993157
vt 0.087209 0.992289
vt 0.070109 0.975014
vt 0.070109 0.974732
vt 0.069332 0.974732
vt 0.069332 0.975014
vt 0.070109 0.975169
vt 0.069332 0.975169
vt 0.069332 0.974887
vt 0.070109 0.974887
vt 0.075419 0.976091
vt 0.073980 0.976091
vt 0.073980 0.975598
vt 0.075419 0.975598
vt 0.071647 0.977597
vt 0.070945 0.977696
vt 0.110801 0.977391
vt 0.108183 0.977391
vt 0.108183 0.976736
vt 0.110801 0.976736
vt 0.111959 0.978873
vt 0.110851 0.978873
vt 0.110851 0.977985
vt 0.111959 0.977985
vt 0.074908 0.977985
vt 0.074160 0.977985
vt 0.074160 0.977730
vt 0.074908 0.977730
vt 0.074678 0.978834
vt 0.073930 0.978834
vt 0.073930 0.978578
vt 0.074678 0.978578
vt 0.076056 0.977995
vt 0.075309 0.977995
vt 0.075309 0.977740
vt 0.076056 0.977740
vt 0.075419 0.975450
vt 0.075419 0.974958
vt 0.073980 0.974958
vt 0.073980 0.975450
vt 0.071647 0.976956
vt 0.070654 0.977296
vt 0.071647 0.977636
vt 0.110801 0.976751
vt 0.110801 0.976095
vt 0.108183 0.976095
vt 0.108183 0.976751
vt 0.111959 0.978232
vt 0.111959 0.977344
vt 0.110851 0.977344
vt 0.110851 0.978232
vt 0.074908 0.977345
vt 0.074908 0.977089
vt 0.074160 0.977089
vt 0.074160 0.977345
vt 0.074678 0.978193
vt 0.074678 0.977938
vt 0.073930 0.977938
vt 0.073930 0.978193
vt 0.076056 0.977355
vt 0.076056 0.977099
vt 0.075309 0.977099
vt 0.075309 0.977355
vt 0.072350 0.977056
vt 0.072350 0.977696
vt 0.072641 0.977296
vt 0.072641 0.977937
vt 0.072350 0.977536
vt 0.072350 0.978177
vt 0.071647 0.978277
vt 0.070945 0.977536
vt 0.070945 0.978177
vt 0.070654 0.977937
vt 0.070945 0.977056
vt 0.072200 0.977748
vt 0.071647 0.977669
vt 0.072429 0.977937
vt 0.072200 0.978126
vt 0.071647 0.978204
vt 0.071094 0.978126
vt 0.070866 0.977937
vt 0.071095 0.977748
vt 0.074828 0.976217
vt 0.073271 0.975684
vt 0.074828 0.975152
vt 0.074828 0.974707
vt 0.073036 0.975319
vt 0.074828 0.975932
vt 0.076095 0.974886
vt 0.075929 0.975308
vt 0.076620 0.975319
vt 0.076386 0.975684
vt 0.076095 0.975753
vt 0.075929 0.976061
vt 0.073561 0.975753
vt 0.073727 0.976061
vt 0.073561 0.974886
vt 0.073727 0.975308
vt 0.107182 0.978959
vt 0.107182 0.980844
vt 0.109067 0.980844
vt 0.109067 0.978959
vt 0.076286 0.980422
vt 0.075243 0.980422
vt 0.107604 0.979380
vt 0.107604 0.980422
vt 0.108646 0.980422
vt 0.108646 0.979380
vt 0.075243 0.979380
vt 0.076286 0.979380
vt 0.138626 0.974649
vt 0.139319 0.974886
vt 0.140012 0.974649
vt 0.139120 0.974761
vt 0.139120 0.975704
vt 0.139037 0.975772
vt 0.139037 0.974830
vt 0.138829 0.974481
vt 0.138829 0.974685
vt 0.138626 0.974853
vt 0.138829 0.974816
vt 0.138829 0.975020
vt 0.139319 0.975089
vt 0.139809 0.974816
vt 0.139809 0.975020
vt 0.140012 0.974853
vt 0.139809 0.974481
vt 0.139809 0.974685
vt 0.139319 0.974616
vt 0.139319 0.974412
vt 0.139319 0.974733
vt 0.139519 0.974761
vt 0.139601 0.974830
vt 0.139519 0.974898
vt 0.139319 0.974926
vt 0.139120 0.974898
vt 0.139601 0.975772
vt 0.139319 0.975869
vt 0.139120 0.975840
vt 0.139519 0.975840
vt 0.139519 0.975704
vt 0.139319 0.975676
vt 0.139003 0.975774
vt 0.139585 0.975796
vt 0.139586 0.975476
vt 0.139004 0.975454
vt 0.139053 0.977022
vt 0.139053 0.976703
vt 0.139635 0.976725
vt 0.139635 0.977044
vt 0.139619 0.976222
vt 0.139037 0.976199
vt 0.139036 0.976699
vt 0.139618 0.976721
vt 0.139601 0.976305
vt 0.139602 0.975805
vt 0.139020 0.975783
vt 0.139020 0.976283
vt 0.024826 0.973515
vt 0.070369 0.973346
vt 0.070369 0.976727
vt 0.068270 0.976727
vt 0.068270 0.973346
vt 0.068270 0.973770
vt 0.070369 0.973770
vt 0.070369 0.974993
vt 0.068270 0.974993
vt 0.071733 0.973346
vt 0.071733 0.973770
vt 0.071733 0.974993
vt 0.071733 0.976217
vt 0.071733 0.976341
vt 0.070369 0.976341
vt 0.070369 0.976217
vt 0.068270 0.976217
vt 0.068270 0.976341
vt 0.070369 0.976991
vt 0.068270 0.976991
vt 0.071733 0.976727
vt 0.071733 0.976991
vt 0.070369 0.976674
vt 0.068270 0.976674
vt 0.071733 0.976674
vt 0.068270 0.976085
vt 0.070369 0.976085
vt 0.026963 0.976418
vt 0.026963 0.976085
vt 0.024865 0.976085
vt 0.024865 0.976418
vt 0.070369 0.976418
vt 0.068270 0.976418
vt 0.120369 0.975819
vt 0.120481 0.975819
vt 0.120459 0.975782
vt 0.120391 0.975782
vt 0.120389 0.975894
vt 0.120460 0.975894
vt 0.120481 0.975857
vt 0.120369 0.975857
vt 0.120375 0.975822
vt 0.120395 0.975789
vt 0.120455 0.975789
vt 0.120474 0.975822
vt 0.120394 0.975887
vt 0.120375 0.975855
vt 0.120474 0.975855
vt 0.120456 0.975887
vt 0.076782 0.973535
vt 0.076782 0.973122
vt 0.076782 0.974007
vt 0.076782 0.974420
vt 0.077759 0.974007
vt 0.077759 0.974420
vt 0.077759 0.973122
vt 0.077759 0.973535
vt 0.076782 0.974071
vt 0.076782 0.973659
vt 0.076782 0.974544
vt 0.076782 0.974957
vt 0.077759 0.974544
vt 0.077759 0.974957
vt 0.077759 0.973659
vt 0.077759 0.974071
vt 0.076782 0.974608
vt 0.076782 0.974195
vt 0.076782 0.975080
vt 0.076782 0.975493
vt 0.077759 0.975080
vt 0.077759 0.975493
vt 0.077759 0.974195
vt 0.077759 0.974608
vt 0.076782 0.975145
vt 0.076782 0.974732
vt 0.076782 0.975617
vt 0.076782 0.976030
vt 0.077759 0.975617
vt 0.077759 0.976030
vt 0.077759 0.974732
vt 0.077759 0.975145
vt 0.070277 0.974340
vt 0.071253 0.974340
vt 0.071253 0.975225
vt 0.070277 0.975225
vt 0.071253 0.975638
vt 0.070277 0.975638
vt 0.071253 0.974753
vt 0.070277 0.974753
vt 0.073349 0.974082
vt 0.073349 0.973670
vt 0.073349 0.974555
vt 0.073349 0.974967
vt 0.074326 0.974555
vt 0.074326 0.974967
vt 0.074326 0.973670
vt 0.074326 0.974082
vt 0.072296 0.974308
vt 0.072296 0.973895
vt 0.072296 0.974780
vt 0.072296 0.975193
vt 0.073273 0.974780
vt 0.073273 0.975193
vt 0.073273 0.973895
vt 0.073273 0.974308
vt 0.072282 0.974340
vt 0.073258 0.974340
vt 0.073258 0.975225
vt 0.072282 0.975225
vt 0.073258 0.975638
vt 0.072282 0.975638
vt 0.073258 0.974753
vt 0.072282 0.974753
vt 0.071272 0.974533
vt 0.071272 0.974121
vt 0.071272 0.975006
vt 0.071272 0.975419
vt 0.072249 0.975006
vt 0.072249 0.975419
vt 0.072249 0.974121
vt 0.072249 0.974533
vt 0.071272 0.974972
vt 0.071272 0.974560
vt 0.071272 0.975445
vt 0.071272 0.975857
vt 0.072249 0.975445
vt 0.072249 0.975857
vt 0.072249 0.974560
vt 0.072249 0.974972
vt 0.074186 0.974771
vt 0.074186 0.974358
vt 0.074186 0.975244
vt 0.074186 0.975656
vt 0.075162 0.975244
vt 0.075162 0.975656
vt 0.075162 0.974358
vt 0.075162 0.974771
vt 0.075311 0.974771
vt 0.075311 0.974358
vt 0.075311 0.975244
vt 0.075311 0.975656
vt 0.076287 0.975244
vt 0.076287 0.975656
vt 0.076287 0.974358
vt 0.076287 0.974771
vt 0.075311 0.974131
vt 0.075311 0.973718
vt 0.075311 0.974603
vt 0.075311 0.975016
vt 0.076287 0.974603
vt 0.076287 0.975016
vt 0.076287 0.973718
vt 0.076287 0.974131
vt 0.070452 0.973852
vt 0.070452 0.973084
vt 0.070452 0.973969
vt 0.070452 0.974737
vt 0.072258 0.973969
vt 0.072258 0.974737
vt 0.072258 0.973084
vt 0.072258 0.973852
vt 0.073349 0.973564
vt 0.073349 0.973151
vt 0.073349 0.974036
vt 0.073349 0.974449
vt 0.074326 0.974036
vt 0.074326 0.974449
vt 0.074326 0.973151
vt 0.074326 0.973564
vt 0.075311 0.973564
vt 0.075311 0.973151
vt 0.075311 0.974036
vt 0.075311 0.974449
vt 0.076287 0.974036
vt 0.076287 0.974449
vt 0.076287 0.973151
vt 0.076287 0.973564
vt 0.055049 0.993336
vt 0.055049 0.991083
vt 0.055049 0.992796
vt 0.055049 0.995050
vt 0.063523 0.992796
vt 0.063523 0.995050
vt 0.063523 0.991083
vt 0.063523 0.993336
vt 0.075916 0.995072
vt 0.075916 0.995940
vt 0.076785 0.995940
vt 0.076785 0.995072
vt 0.073971 0.994986
vt 0.073971 0.995985
vt 0.075003 0.995985
vt 0.075003 0.994986
vt 0.055673 0.991652
vt 0.055673 0.992651
vt 0.056704 0.992651
vt 0.056704 0.991652
vt 0.056182 0.975272
s 1
usemtl Material.002
f 1449/1138/1175 1450/1139/1175 1447/1140/1175 1448/1141/1175
f 1452/1142/1176 1553/1143/1176 1552/1144/1176
f 1452/1142/1177 1454/1145/1177 1547/1145/1177 1550/1142/1177
f 1453/1146/1178 1549/1146/1178 1546/1147/1178
f 1453/1146/1179 1451/1148/1179 1551/1148/1179 1549/1146/1179
f 1452/1149/1180 1451/1150/1180 1453/1151/1180 1454/1152/1180
f 1455/1153/1176 1456/1154/1176 1544/1154/1176 1545/1153/1176
f 1456/1154/1177 1458/1155/1177 1542/1155/1177 1544/1154/1177
f 1458/1155/1178 1457/1156/1178 1543/1156/1178 1542/1155/1178
f 1457/1156/1179 1455/1153/1179 1545/1153/1179 1543/1156/1179
f 1456/1157/1180 1455/1158/1180 1457/1159/1180 1458/1160/1180
f 1460/1161/1179 1459/1162/1179 1461/1163/1179 1462/1163/1179
f 1468/1164/1179 1464/1163/1179 1461/1163/1179
f 1460/1161/1181 1462/1163/1181 1467/1165/1181 1466/1166/1181
f 1459/1162/1182 1460/1161/1182 1466/1166/1182 1465/1167/1182
f 1464/1163/1183 1468/1164/1183 1470/1168/1183 1469/1169/1183
f 1469/1169/1180 1470/1168/1180 1472/1170/1180 1471/1171/1180
f 1472/1170/1184 1470/1168/1184 1473/1168/1184 1475/1172/1184
f 1471/1171/1185 1472/1170/1185 1475/1172/1185 1474/1173/1185
f 1473/1168/1176 1470/1168/1176 1477/1174/1176 1478/1174/1176
f 1470/1168/1176 1468/1164/1176 1476/1174/1176 1477/1174/1176
f 1479/1175/1186 1481/1176/1186 1485/1177/1186 1483/1178/1186
f 1468/1164/1187 1480/1179/1187 1481/1176/1187 1476/1174/1187
f 1495/1180/1178 1494/1180/1178 1491/1181/1178 1493/1181/1178
f 1481/1176/1178 1480/1179/1178 1484/1182/1178 1485/1177/1178
f 1480/1179/1188 1463/1183/1188 1482/1184/1188 1484/1182/1188
f 1463/1183/1189 1479/1175/1189 1483/1178/1189 1482/1184/1189
f 1488/1182/1187 1486/1185/1187 1487/1186/1187 1489/1177/1187
f 1483/1178/1177 1485/1177/1177 1489/1177/1177 1487/1186/1177
f 1482/1184/1190 1483/1178/1190 1487/1186/1190 1486/1185/1190
f 1485/1177/1178 1484/1182/1178 1488/1182/1178 1489/1177/1178
f 1491/1181/1179 1490/1187/1179 1492/1188/1179 1493/1181/1179
f 1496/1189/1187 1495/1180/1187 1493/1181/1187 1492/1188/1187
f 1494/1180/1180 1547/1145/1180 1490/1187/1180
f 1497/1190/1191 1496/1189/1191 1492/1188/1191 1490/1187/1191
f 1482/1184/1192 1486/1185/1192 1496/1189/1192 1497/1190/1192
f 1494/1180/1180 1544/1154/1180 1542/1155/1180
f 1486/1185/1187 1488/1182/1187 1495/1180/1187 1496/1189/1187
f 1488/1182/1178 1484/1182/1178 1494/1180/1178 1495/1180/1178
f 1485/1177/1178 1489/1177/1178 1503/1191/1178 1502/1191/1178
f 1477/1174/1176 1476/1174/1176 1498/1192/1176 1499/1192/1176
f 1481/1176/1178 1485/1177/1178 1502/1191/1178 1501/1191/1178
f 1478/1174/1176 1477/1174/1176 1499/1192/1176 1500/1192/1176
f 1476/1174/1187 1481/1176/1187 1501/1191/1187 1498/1192/1187
f 1499/1192/1179 1502/1191/1179 1500/1192/1179
f 1505/1193/1179 1462/1163/1179 1461/1163/1179 1504/1194/1179
f 1461/1163/1179 1464/1163/1179 1509/1195/1179
f 1505/1193/1181 1508/1196/1181 1467/1165/1181 1462/1163/1181
f 1504/1194/1193 1507/1197/1193 1508/1196/1193 1505/1193/1193
f 1464/1163/1183 1469/1169/1183 1510/1198/1183 1509/1195/1183
f 1469/1169/1180 1471/1171/1180 1511/1199/1180 1510/1198/1180
f 1511/1199/1194 1513/1200/1194 1512/1198/1194 1510/1198/1194
f 1471/1171/1185 1474/1173/1185 1513/1200/1185 1511/1199/1185
f 1512/1198/1178 1516/1201/1178 1515/1201/1178 1510/1198/1178
f 1510/1198/1178 1515/1201/1178 1514/1201/1178 1509/1195/1178
f 1517/1202/1186 1521/1203/1186 1523/1204/1186 1519/1205/1186
f 1509/1195/1187 1514/1201/1187 1519/1205/1187 1518/1206/1187
f 1533/1207/1176 1531/1208/1176 1529/1208/1176 1532/1207/1176
f 1519/1205/1176 1523/1204/1176 1522/1209/1176 1518/1206/1176
f 1555/1210/1188 1520/1211/1188 1506/1212/1188
f 1506/1212/1195 1520/1211/1195 1521/1203/1195 1517/1202/1195
f 1526/1209/1187 1527/1204/1187 1525/1213/1187 1524/1214/1187
f 1521/1203/1177 1525/1213/1177 1527/1204/1177 1523/1204/1177
f 1520/1211/1196 1524/1214/1196 1525/1213/1196 1521/1203/1196
f 1523/1204/1176 1527/1204/1176 1526/1209/1176 1522/1209/1176
f 1529/1208/1179 1531/1208/1179 1530/1215/1179 1528/1216/1179
f 1534/1217/1187 1530/1215/1187 1531/1208/1187 1533/1207/1187
f 1532/1207/1180 1529/1208/1180 1528/1216/1180 1535/1218/1180
f 1535/1218/1197 1528/1216/1197 1530/1215/1197 1534/1217/1197
f 1520/1211/1198 1535/1218/1198 1534/1217/1198 1524/1214/1198
f 1522/1209/1180 1532/1207/1180 1535/1218/1180 1520/1211/1180
f 1524/1214/1187 1534/1217/1187 1533/1207/1187 1526/1209/1187
f 1526/1209/1176 1533/1207/1176 1532/1207/1176 1522/1209/1176
f 1523/1204/1176 1540/1219/1176 1541/1219/1176 1527/1204/1176
f 1515/1201/1178 1537/1220/1178 1536/1220/1178 1514/1201/1178
f 1519/1205/1176 1539/1219/1176 1540/1219/1176 1523/1204/1176
f 1516/1201/1178 1538/1220/1178 1537/1220/1178 1515/1201/1178
f 1514/1201/1187 1536/1220/1187 1539/1219/1187 1519/1205/1187
f 1537/1220/1179 1540/1219/1179 1536/1220/1179
f 1551/1148/1180 1543/1156/1180 1482/1184/1180
f 1548/1221/1180 1546/1147/1180 1497/1190/1180
f 1554/1222/1199 1447/1223/1199 1450/1224/1199 1555/1225/1199
f 1520/1211/1188 1557/1226/1188 1556/1227/1188 1522/1209/1188
f 1555/1225/1176 1450/1224/1176 1449/1228/1176 1557/1229/1176
f 1557/1229/1200 1449/1228/1200 1448/1230/1200 1556/1231/1200
f 1556/1231/1178 1448/1230/1178 1447/1223/1178 1554/1222/1178
f 1559/1232/1201 1562/1233/1201 1563/1234/1201 1560/1235/1201
f 1560/1235/1202 1563/1234/1202 1561/1236/1202 1558/1237/1202
f 1562/1233/1203 1565/1238/1203 1566/1239/1203 1563/1234/1203
f 1563/1234/1204 1566/1239/1204 1564/1240/1204 1561/1236/1204
f 1565/1238/1205 1568/1238/1205 1569/1239/1205 1566/1239/1205
f 1566/1239/1206 1569/1239/1206 1567/1240/1206 1564/1240/1206
f 1568/1238/1207 1571/1241/1207 1572/1242/1208 1569/1239/1208
f 1569/1239/1208 1572/1242/1208 1570/1243/1209 1567/1240/1209
f 1573/1244/1180 1598/1245/1180 1594/1246/1180 1562/1233/1180
f 1565/1238/1210 1593/1247/1210 1595/1247/1210 1568/1238/1210
f 1559/1232/1211 1574/1248/1211 1575/1249/1211 1562/1233/1211
f 1577/1250/1212 1578/1251/1212 1579/1252/1212 1576/1253/1212
f 1575/1249/1213 1574/1248/1213 1576/1253/1213 1579/1252/1213
f 1579/1252/1214 1581/1254/1214 1580/1255/1214 1575/1249/1214
f 1578/1251/1215 1581/1254/1215 1579/1252/1215
f 1575/1249/1216 1580/1255/1216 1573/1244/1216 1562/1233/1216
f 1583/1256/1217 1558/1237/1217 1561/1236/1217 1582/1257/1217
f 1561/1236/1218 1564/1240/1218 1584/1258/1218 1582/1257/1218
f 1564/1240/1219 1567/1240/1219 1585/1258/1219 1584/1258/1219
f 1567/1240/1180 1570/1243/1180 1586/1259/1180 1585/1258/1180
f 1587/1260/1220 1589/1261/1220 1590/1262/1220 1588/1263/1220
f 1589/1261/1221 1591/1261/1221 1592/1262/1221 1590/1262/1221
f 1584/1258/1222 1585/1258/1222 1591/1261/1222 1589/1261/1222
f 1582/1257/1223 1584/1258/1223 1589/1261/1223 1587/1260/1223
f 1586/1259/1224 1592/1262/1224 1591/1261/1224 1585/1258/1224
f 1593/1247/1225 1597/1264/1226 1596/1264/1177 1595/1247/1177
f 1594/1246/1227 1598/1245/1227 1597/1264/1226 1593/1247/1225
f 1568/1238/1187 1595/1247/1187 1596/1264/1187 1571/1241/1187
f 1562/1233/1228 1594/1246/1228 1593/1247/1228 1565/1238/1228
f 1600/1232/1229 1601/1235/1229 1604/1234/1229 1603/1233/1229
f 1601/1235/1230 1599/1237/1230 1602/1236/1230 1604/1234/1230
f 1603/1233/1231 1604/1234/1231 1607/1239/1231 1606/1238/1231
f 1604/1234/1232 1602/1236/1232 1605/1240/1232 1607/1239/1232
f 1606/1238/1233 1607/1239/1233 1610/1239/1233 1609/1238/1233
f 1607/1239/1234 1605/1240/1234 1608/1240/1234 1610/1239/1234
f 1609/1238/1207 1610/1239/1208 1572/1242/1208 1571/1241/1207
f 1610/1239/1208 1608/1240/1209 1570/1243/1209 1572/1242/1208
f 1573/1244/1180 1603/1233/1180 1623/1246/1180 1598/1245/1180
f 1606/1238/1235 1609/1238/1235 1624/1247/1235 1622/1247/1235
f 1600/1232/1236 1603/1233/1236 1612/1249/1236 1611/1248/1236
f 1577/1250/1237 1613/1253/1237 1614/1252/1237 1578/1251/1237
f 1612/1249/1238 1614/1252/1238 1613/1253/1238 1611/1248/1238
f 1614/1252/1214 1612/1249/1214 1580/1255/1214 1581/1254/1214
f 1578/1251/1215 1614/1252/1215 1581/1254/1215
f 1612/1249/1216 1603/1233/1216 1573/1244/1216 1580/1255/1216
f 1616/1256/1239 1615/1257/1239 1602/1236/1239 1599/1237/1239
f 1602/1236/1240 1615/1257/1240 1617/1258/1240 1605/1240/1240
f 1605/1240/1241 1617/1258/1241 1618/1258/1241 1608/1240/1241
f 1608/1240/1180 1618/1258/1180 1586/1259/1180 1570/1243/1180
f 1619/1260/1242 1588/1263/1242 1590/1262/1242 1620/1261/1242
f 1620/1261/1243 1590/1262/1243 1592/1262/1243 1621/1261/1243
f 1617/1258/1244 1620/1261/1244 1621/1261/1244 1618/1258/1244
f 1615/1257/1245 1619/1260/1245 1620/1261/1245 1617/1258/1245
f 1586/1259/1246 1618/1258/1246 1621/1261/1246 1592/1262/1246
f 1622/1247/1225 1624/1247/1177 1596/1264/1177 1597/1264/1226
f 1623/1246/1227 1622/1247/1225 1597/1264/1226 1598/1245/1227
f 1609/1238/1187 1571/1241/1187 1596/1264/1187 1624/1247/1187
f 1603/1233/1247 1606/1238/1247 1622/1247/1247 1623/1246/1247
f 1625/1265/1176 1730/1266/1176 1728/1266/1176 1626/1265/1176
f 1627/1267/1179 1625/1268/1179 1626/1268/1179 1628/1267/1179
f 1722/1269/1176 1711/1269/1176 1630/1270/1176
f 1631/1271/1179 1629/1272/1179 1630/1272/1179 1632/1271/1179
f 1720/1273/1176 1718/1273/1176 1634/1274/1176
f 1635/1275/1179 1633/1276/1179 1634/1276/1179 1636/1275/1179
f 1716/1277/1176 1706/1277/1176 1638/1278/1176
f 1639/1279/1179 1637/1280/1179 1638/1280/1179 1640/1279/1179
f 1642/1281/1179 1641/1281/1179 1644/1282/1179 1643/1282/1179
f 1645/1283/1176 1699/1284/1176 1694/1284/1176 1646/1283/1176
f 1647/1285/1179 1645/1286/1179 1646/1286/1179 1648/1285/1179
f 1649/1287/1176 1691/1288/1176 1690/1288/1176 1650/1287/1176
f 1651/1289/1179 1649/1290/1179 1650/1290/1179 1652/1289/1179
f 1661/1291/1180 1662/1292/1180 1668/1293/1180 1667/1294/1180
f 1655/1292/1179 1656/1292/1248 1660/1295/1179 1659/1295/1179
f 1659/1295/1176 1660/1295/1176 1658/1296/1176 1657/1296/1176
f 1657/1296/1177 1658/1296/1177 1654/1291/1177 1653/1291/1177
f 1655/1292/1187 1659/1295/1187 1657/1296/1187 1653/1291/1187
f 1653/1291/1177 1654/1291/1177 1664/1294/1177 1663/1294/1177
f 1654/1291/1177 1658/1296/1177 1669/1297/1177 1661/1291/1177
f 1704/1292/1179 1691/1288/1179 1688/1298/1179
f 1663/1294/1178 1664/1294/1178 1666/1293/1178 1665/1293/1178
f 1666/1293/1178 1664/1294/1178 1667/1294/1178 1668/1293/1178
f 1699/1284/1179 1705/1299/1179 1666/1293/1179
f 1655/1292/1187 1653/1291/1187 1663/1294/1187 1665/1293/1187
f 1654/1291/1177 1661/1291/1177 1667/1294/1177 1664/1294/1177
f 1656/1292/1248 1655/1292/1179 1665/1293/1179 1666/1293/1179
f 1669/1297/1249 1670/1300/1249 1662/1292/1249 1661/1291/1249
f 1658/1296/1250 1660/1295/1250 1670/1300/1250 1669/1297/1250
f 1678/1301/1180 1684/1302/1180 1685/1303/1180 1679/1304/1180
f 1721/1273/1179 1673/1304/1179 1719/1305/1179
f 1676/1306/1178 1674/1307/1178 1675/1307/1178 1677/1306/1178
f 1674/1307/1177 1671/1301/1177 1672/1301/1177 1675/1307/1177
f 1673/1304/1187 1671/1301/1187 1674/1307/1187 1676/1306/1187
f 1671/1301/1177 1680/1302/1177 1681/1302/1177 1672/1301/1177
f 1672/1301/1177 1678/1301/1177 1686/1308/1177 1675/1307/1177
f 1730/1266/1179 1707/1309/1179 1718/1273/1179
f 1680/1302/1176 1682/1303/1176 1683/1303/1176 1681/1302/1176
f 1683/1303/1176 1685/1303/1176 1684/1302/1176 1681/1302/1176
f 1726/1310/1179 1727/1310/1179 1685/1303/1179
f 1673/1304/1187 1682/1303/1187 1680/1302/1187 1671/1301/1187
f 1672/1301/1177 1681/1302/1177 1684/1302/1177 1678/1301/1177
f 1686/1308/1251 1678/1301/1251 1679/1304/1251 1687/1311/1251
f 1675/1307/1252 1686/1308/1252 1687/1311/1252 1677/1306/1252
f 1688/1298/1178 1651/1312/1178 1652/1312/1178 1689/1298/1178
f 1691/1288/1180 1649/1287/1180 1651/1312/1180 1688/1298/1180
f 1689/1298/1179 1692/1313/1179 1693/1313/1179
f 1689/1298/1187 1652/1312/1187 1650/1287/1187 1690/1288/1187
f 1692/1313/1178 1647/1314/1178 1648/1314/1178 1693/1313/1178
f 1695/1315/1179 1696/1292/1253 1662/1292/1179
f 1697/1316/1180 1698/1292/1180 1647/1314/1180
f 1696/1292/1254 1695/1315/1255 1648/1314/1256
f 1701/1292/1257 1642/1317/1257 1643/1318/1258
f 1702/1299/1176 1705/1299/1176 1641/1317/1176 1642/1317/1176
f 1704/1292/1187 1644/1318/1187 1641/1317/1187
f 1703/1319/1178 1700/1319/1178 1643/1318/1178 1644/1318/1178
f 1632/1320/1178 1713/1321/1178 1712/1321/1178
f 1630/1270/1259 1711/1269/1260 1724/1304/1187
f 1636/1322/1178 1707/1309/1178 1708/1309/1178
f 1721/1273/1180 1633/1274/1180 1635/1322/1180 1709/1309/1180
f 1714/1305/1187 1640/1323/1187 1638/1278/1187 1706/1277/1187
f 1640/1323/1178 1714/1305/1178 1715/1305/1178
f 1707/1309/1187 1636/1322/1187 1634/1274/1187 1718/1273/1187
f 1717/1277/1180 1637/1278/1180 1639/1323/1180 1719/1305/1180
f 1631/1320/1180 1710/1321/1180 1725/1304/1180
f 1682/1303/1179 1673/1304/1179 1710/1321/1179
f 1726/1310/1178 1627/1324/1178 1628/1324/1178 1727/1310/1178
f 1627/1324/1180 1726/1310/1180 1731/1304/1180
f 1626/1265/1187 1728/1266/1187 1729/1304/1187
f 1732/1325/1178 1733/1325/1178 1740/1325/1178 1741/1325/1178
f 1738/1325/1180 1734/1325/1180 1745/1325/1180 1746/1325/1180
f 1742/1325/1176 1743/1325/1176 1737/1325/1176 1736/1325/1176
f 1736/1325/1177 1737/1325/1177 1733/1325/1177 1732/1325/1177
f 1741/1325/1187 1742/1325/1187 1736/1325/1187 1732/1325/1187
f 1743/1325/1180 1740/1325/1180 1733/1325/1180 1737/1325/1180
f 1735/1325/1179 1734/1325/1179 1741/1325/1179 1740/1325/1179
f 1734/1325/1179 1738/1325/1179 1742/1325/1179 1741/1325/1179
f 1739/1325/1179 1735/1325/1179 1740/1325/1179 1743/1325/1179
f 1738/1325/1179 1739/1325/1179 1743/1325/1179 1742/1325/1179
f 1745/1326/1179 1744/1326/1179 1747/1326/1179 1746/1326/1179
f 1735/1325/1187 1739/1325/1187 1747/1325/1187 1744/1325/1187
f 1734/1325/1176 1735/1325/1176 1744/1325/1176 1745/1325/1176
f 1739/1325/1178 1738/1325/1178 1746/1325/1178 1747/1325/1178
f 1748/1325/1176 1757/1325/1176 1756/1325/1176 1749/1325/1176
f 1754/1325/1180 1762/1325/1180 1761/1325/1180 1750/1325/1180
f 1758/1325/1178 1752/1325/1178 1753/1325/1178 1759/1325/1178
f 1752/1325/1177 1748/1325/1177 1749/1325/1177 1753/1325/1177
f 1757/1325/1187 1748/1325/1187 1752/1325/1187 1758/1325/1187
f 1759/1325/1180 1753/1325/1180 1749/1325/1180 1756/1325/1180
f 1751/1325/1179 1756/1325/1179 1757/1325/1179 1750/1325/1179
f 1750/1325/1179 1757/1325/1179 1758/1325/1179 1754/1325/1179
f 1755/1325/1179 1759/1325/1179 1756/1325/1179 1751/1325/1179
f 1754/1325/1179 1758/1325/1179 1759/1325/1179 1755/1325/1179
f 1761/1326/1179 1762/1326/1179 1763/1326/1179 1760/1326/1179
f 1751/1325/1187 1760/1325/1187 1763/1325/1187 1755/1325/1187
f 1750/1325/1178 1761/1325/1178 1760/1325/1178 1751/1325/1178
f 1755/1325/1176 1763/1325/1176 1762/1325/1176 1754/1325/1176
f 1764/1327/1178 1765/1328/1178 1767/1329/1178 1766/1330/1178
f 1766/1330/1179 1767/1329/1179 1771/1331/1179 1770/1332/1179
f 1770/1332/1176 1771/1331/1176 1769/1333/1176 1768/1334/1176
f 1768/1334/1177 1769/1333/1177 1765/1335/1177 1764/1336/1177
f 1766/1337/1187 1770/1332/1187 1768/1334/1187 1764/1338/1187
f 1771/1331/1180 1767/1339/1180 1765/1340/1180 1769/1333/1180
f 1772/1327/1178 1773/1328/1178 1775/1329/1178 1774/1330/1178
f 1774/1330/1179 1775/1329/1179 1779/1331/1179 1778/1332/1179
f 1778/1332/1176 1779/1331/1176 1777/1333/1176 1776/1334/1176
f 1776/1334/1177 1777/1333/1177 1773/1335/1177 1772/1336/1177
f 1774/1337/1187 1778/1332/1187 1776/1334/1187 1772/1338/1187
f 1779/1331/1180 1775/1339/1180 1773/1340/1180 1777/1333/1180
f 1780/1327/1178 1781/1328/1178 1783/1329/1178 1782/1330/1178
f 1782/1330/1179 1783/1329/1179 1787/1331/1179 1786/1332/1179
f 1786/1332/1176 1787/1331/1176 1785/1333/1176 1784/1334/1176
f 1784/1334/1177 1785/1333/1177 1781/1335/1177 1780/1336/1177
f 1782/1337/1187 1786/1332/1187 1784/1334/1187 1780/1338/1187
f 1787/1331/1180 1783/1339/1180 1781/1340/1180 1785/1333/1180
f 1788/1327/1178 1789/1328/1178 1791/1329/1178 1790/1330/1178
f 1790/1330/1179 1791/1329/1179 1795/1331/1179 1794/1332/1179
f 1794/1332/1176 1795/1331/1176 1793/1333/1176 1792/1334/1176
f 1792/1334/1177 1793/1333/1177 1789/1335/1177 1788/1336/1177
f 1790/1337/1187 1794/1332/1187 1792/1334/1187 1788/1338/1187
f 1795/1331/1180 1791/1339/1180 1789/1340/1180 1793/1333/1180
f 1796/1327/1178 1797/1328/1178 1799/1329/1178 1798/1330/1178
f 1798/1330/1179 1799/1329/1179 1803/1331/1179 1802/1332/1179
f 1802/1332/1176 1803/1331/1176 1801/1333/1176 1800/1334/1176
f 1800/1334/1177 1801/1333/1177 1797/1335/1177 1796/1336/1177
f 1798/1337/1187 1802/1332/1187 1800/1334/1187 1796/1338/1187
f 1803/1331/1180 1799/1339/1180 1797/1340/1180 1801/1333/1180
f 1804/1327/1178 1805/1328/1178 1807/1329/1178 1806/1330/1178
f 1806/1330/1179 1807/1329/1179 1811/1331/1179 1810/1332/1179
f 1810/1332/1176 1811/1331/1176 1809/1333/1176 1808/1334/1176
f 1808/1334/1177 1809/1333/1177 1805/1335/1177 1804/1336/1177
f 1806/1337/1187 1810/1332/1187 1808/1334/1187 1804/1338/1187
f 1811/1331/1180 1807/1339/1180 1805/1340/1180 1809/1333/1180
f 1812/1327/1178 1813/1328/1178 1815/1329/1178 1814/1330/1178
f 1814/1330/1179 1815/1329/1179 1819/1331/1179 1818/1332/1179
f 1818/1332/1176 1819/1331/1176 1817/1333/1176 1816/1334/1176
f 1816/1334/1177 1817/1333/1177 1813/1335/1177 1812/1336/1177
f 1814/1337/1187 1818/1332/1187 1816/1334/1187 1812/1338/1187
f 1819/1331/1180 1815/1339/1180 1813/1340/1180 1817/1333/1180
f 1820/1327/1178 1821/1328/1178 1823/1329/1178 1822/1330/1178
f 1822/1330/1179 1823/1329/1179 1827/1331/1179 1826/1332/1179
f 1826/1332/1176 1827/1331/1176 1825/1333/1176 1824/1334/1176
f 1824/1334/1177 1825/1333/1177 1821/1335/1177 1820/1336/1177
f 1822/1337/1187 1826/1332/1187 1824/1334/1187 1820/1338/1187
f 1827/1331/1180 1823/1339/1180 1821/1340/1180 1825/1333/1180
f 1828/1327/1178 1829/1328/1178 1831/1329/1178 1830/1330/1178
f 1830/1330/1179 1831/1329/1179 1835/1331/1179 1834/1332/1179
f 1834/1332/1176 1835/1331/1176 1833/1333/1176 1832/1334/1176
f 1832/1334/1177 1833/1333/1177 1829/1335/1177 1828/1336/1177
f 1830/1337/1187 1834/1332/1187 1832/1334/1187 1828/1338/1187
f 1835/1331/1180 1831/1339/1180 1829/1340/1180 1833/1333/1180
f 1836/1327/1178 1837/1328/1178 1839/1329/1178 1838/1330/1178
f 1838/1330/1179 1839/1329/1179 1843/1331/1179 1842/1332/1179
f 1842/1332/1176 1843/1331/1176 1841/1333/1176 1840/1334/1176
f 1840/1334/1177 1841/1333/1177 1837/1335/1177 1836/1336/1177
f 1838/1337/1187 1842/1332/1187 1840/1334/1187 1836/1338/1187
f 1843/1331/1180 1839/1339/1180 1837/1340/1180 1841/1333/1180
f 1844/1327/1178 1845/1328/1178 1847/1329/1178 1846/1330/1178
f 1846/1330/1179 1847/1329/1179 1851/1331/1179 1850/1332/1179
f 1850/1332/1176 1851/1331/1176 1849/1333/1176 1848/1334/1176
f 1848/1334/1177 1849/1333/1177 1845/1335/1177 1844/1336/1177
f 1846/1337/1187 1850/1332/1187 1848/1334/1187 1844/1338/1187
f 1851/1331/1180 1847/1339/1180 1845/1340/1180 1849/1333/1180
f 1852/1327/1178 1853/1328/1178 1855/1329/1178 1854/1330/1178
f 1854/1330/1179 1855/1329/1179 1859/1331/1179 1858/1332/1179
f 1858/1332/1176 1859/1331/1176 1857/1333/1176 1856/1334/1176
f 1856/1334/1177 1857/1333/1177 1853/1335/1177 1852/1336/1177
f 1854/1337/1187 1858/1332/1187 1856/1334/1187 1852/1338/1187
f 1859/1331/1180 1855/1339/1180 1853/1340/1180 1857/1333/1180
f 1860/1327/1176 1862/1330/1176 1863/1329/1176 1861/1328/1176
f 1862/1330/1179 1866/1332/1179 1867/1331/1179 1863/1329/1179
f 1866/1332/1178 1864/1334/1178 1865/1333/1178 1867/1331/1178
f 1864/1334/1177 1860/1336/1177 1861/1335/1177 1865/1333/1177
f 1862/1337/1187 1860/1338/1187 1864/1334/1187 1866/1332/1187
f 1867/1331/1180 1865/1333/1180 1861/1340/1180 1863/1339/1180
f 1868/1327/1176 1870/1330/1176 1871/1329/1176 1869/1328/1176
f 1870/1330/1179 1874/1332/1179 1875/1331/1179 1871/1329/1179
f 1874/1332/1178 1872/1334/1178 1873/1333/1178 1875/1331/1178
f 1872/1334/1177 1868/1336/1177 1869/1335/1177 1873/1333/1177
f 1870/1337/1187 1868/1338/1187 1872/1334/1187 1874/1332/1187
f 1875/1331/1180 1873/1333/1180 1869/1340/1180 1871/1339/1180
f 1876/1327/1176 1878/1330/1176 1879/1329/1176 1877/1328/1176
f 1878/1330/1179 1882/1332/1179 1883/1331/1179 1879/1329/1179
f 1882/1332/1178 1880/1334/1178 1881/1333/1178 1883/1331/1178
f 1880/1334/1177 1876/1336/1177 1877/1335/1177 1881/1333/1177
f 1878/1337/1187 1876/1338/1187 1880/1334/1187 1882/1332/1187
f 1883/1331/1180 1881/1333/1180 1877/1340/1180 1879/1339/1180
f 1884/1327/1176 1886/1330/1176 1887/1329/1176 1885/1328/1176
f 1886/1330/1179 1890/1332/1179 1891/1331/1179 1887/1329/1179
f 1890/1332/1178 1888/1334/1178 1889/1333/1178 1891/1331/1178
f 1888/1334/1177 1884/1336/1177 1885/1335/1177 1889/1333/1177
f 1886/1337/1187 1884/1338/1187 1888/1334/1187 1890/1332/1187
f 1891/1331/1180 1889/1333/1180 1885/1340/1180 1887/1339/1180
f 1892/1327/1176 1894/1330/1176 1895/1329/1176 1893/1328/1176
f 1894/1330/1179 1898/1332/1179 1899/1331/1179 1895/1329/1179
f 1898/1332/1178 1896/1334/1178 1897/1333/1178 1899/1331/1178
f 1896/1334/1177 1892/1336/1177 1893/1335/1177 1897/1333/1177
f 1894/1337/1187 1892/1338/1187 1896/1334/1187 1898/1332/1187
f 1899/1331/1180 1897/1333/1180 1893/1340/1180 1895/1339/1180
f 1900/1327/1176 1902/1330/1176 1903/1329/1176 1901/1328/1176
f 1902/1330/1179 1906/1332/1179 1907/1331/1179 1903/1329/1179
f 1906/1332/1178 1904/1334/1178 1905/1333/1178 1907/1331/1178
f 1904/1334/1177 1900/1336/1177 1901/1335/1177 1905/1333/1177
f 1902/1337/1187 1900/1338/1187 1904/1334/1187 1906/1332/1187
f 1907/1331/1180 1905/1333/1180 1901/1340/1180 1903/1339/1180
f 1908/1327/1176 1910/1330/1176 1911/1329/1176 1909/1328/1176
f 1910/1330/1179 1914/1332/1179 1915/1331/1179 1911/1329/1179
f 1914/1332/1178 1912/1334/1178 1913/1333/1178 1915/1331/1178
f 1912/1334/1177 1908/1336/1177 1909/1335/1177 1913/1333/1177
f 1910/1337/1187 1908/1338/1187 1912/1334/1187 1914/1332/1187
f 1915/1331/1180 1913/1333/1180 1909/1340/1180 1911/1339/1180
f 1916/1327/1176 1918/1330/1176 1919/1329/1176 1917/1328/1176
f 1918/1330/1179 1922/1332/1179 1923/1331/1179 1919/1329/1179
f 1922/1332/1178 1920/1334/1178 1921/1333/1178 1923/1331/1178
f 1920/1334/1177 1916/1336/1177 1917/1335/1177 1921/1333/1177
f 1918/1337/1187 1916/1338/1187 1920/1334/1187 1922/1332/1187
f 1923/1331/1180 1921/1333/1180 1917/1340/1180 1919/1339/1180
f 1924/1327/1176 1926/1330/1176 1927/1329/1176 1925/1328/1176
f 1926/1330/1179 1930/1332/1179 1931/1331/1179 1927/1329/1179
f 1930/1332/1178 1928/1334/1178 1929/1333/1178 1931/1331/1178
f 1928/1334/1177 1924/1336/1177 1925/1335/1177 1929/1333/1177
f 1926/1337/1187 1924/1338/1187 1928/1334/1187 1930/1332/1187
f 1931/1331/1180 1929/1333/1180 1925/1340/1180 1927/1339/1180
f 1932/1327/1176 1934/1330/1176 1935/1329/1176 1933/1328/1176
f 1934/1330/1179 1938/1332/1179 1939/1331/1179 1935/1329/1179
f 1938/1332/1178 1936/1334/1178 1937/1333/1178 1939/1331/1178
f 1936/1334/1177 1932/1336/1177 1933/1335/1177 1937/1333/1177
f 1934/1337/1187 1932/1338/1187 1936/1334/1187 1938/1332/1187
f 1939/1331/1180 1937/1333/1180 1933/1340/1180 1935/1339/1180
f 1940/1327/1176 1942/1330/1176 1943/1329/1176 1941/1328/1176
f 1942/1330/1179 1946/1332/1179 1947/1331/1179 1943/1329/1179
f 1946/1332/1178 1944/1334/1178 1945/1333/1178 1947/1331/1178
f 1944/1334/1177 1940/1336/1177 1941/1335/1177 1945/1333/1177
f 1942/1337/1187 1940/1338/1187 1944/1334/1187 1946/1332/1187
f 1947/1331/1180 1945/1333/1180 1941/1340/1180 1943/1339/1180
f 1948/1327/1176 1950/1330/1176 1951/1329/1176 1949/1328/1176
f 1950/1330/1179 1954/1332/1179 1955/1331/1179 1951/1329/1179
f 1954/1332/1178 1952/1334/1178 1953/1333/1178 1955/1331/1178
f 1952/1334/1177 1948/1336/1177 1949/1335/1177 1953/1333/1177
f 1950/1337/1187 1948/1338/1187 1952/1334/1187 1954/1332/1187
f 1955/1331/1180 1953/1333/1180 1949/1340/1180 1951/1339/1180
f 1956/1327/1178 1957/1328/1178 1959/1329/1178 1958/1330/1178
f 1958/1330/1179 1959/1329/1179 1963/1331/1179 1962/1332/1179
f 1962/1332/1176 1963/1331/1176 1961/1333/1176 1960/1334/1176
f 1960/1334/1177 1961/1333/1177 1957/1335/1177 1956/1336/1177
f 1958/1337/1187 1962/1332/1187 1960/1334/1187 1956/1338/1187
f 1963/1331/1180 1959/1339/1180 1957/1340/1180 1961/1333/1180
f 1964/1327/1178 1965/1328/1178 1967/1329/1178 1966/1330/1178
f 1966/1330/1179 1967/1329/1179 1971/1331/1179 1970/1332/1179
f 1970/1332/1176 1971/1331/1176 1969/1333/1176 1968/1334/1176
f 1968/1334/1177 1969/1333/1177 1965/1335/1177 1964/1336/1177
f 1966/1337/1187 1970/1332/1187 1968/1334/1187 1964/1338/1187
f 1971/1331/1180 1967/1339/1180 1965/1340/1180 1969/1333/1180
f 1972/1327/1178 1973/1328/1178 1975/1329/1178 1974/1330/1178
f 1974/1330/1179 1975/1329/1179 1979/1331/1179 1978/1332/1179
f 1978/1332/1176 1979/1331/1176 1977/1333/1176 1976/1334/1176
f 1976/1334/1177 1977/1333/1177 1973/1335/1177 1972/1336/1177
f 1974/1337/1187 1978/1332/1187 1976/1334/1187 1972/1338/1187
f 1979/1331/1180 1975/1339/1180 1973/1340/1180 1977/1333/1180
f 1980/1327/1178 1981/1328/1178 1983/1329/1178 1982/1330/1178
f 1982/1330/1179 1983/1329/1179 1987/1331/1179 1986/1332/1179
f 1986/1332/1176 1987/1331/1176 1985/1333/1176 1984/1334/1176
f 1984/1334/1177 1985/1333/1177 1981/1335/1177 1980/1336/1177
f 1982/1337/1187 1986/1332/1187 1984/1334/1187 1980/1338/1187
f 1987/1331/1180 1983/1339/1180 1981/1340/1180 1985/1333/1180
f 1988/1327/1178 1989/1328/1178 1991/1329/1178 1990/1330/1178
f 1990/1330/1179 1991/1329/1179 1995/1331/1179 1994/1332/1179
f 1994/1332/1176 1995/1331/1176 1993/1333/1176 1992/1334/1176
f 1992/1334/1177 1993/1333/1177 1989/1335/1177 1988/1336/1177
f 1990/1337/1187 1994/1332/1187 1992/1334/1187 1988/1338/1187
f 1995/1331/1180 1991/1339/1180 1989/1340/1180 1993/1333/1180
f 1996/1327/1178 1997/1328/1178 1999/1329/1178 1998/1330/1178
f 1998/1330/1179 1999/1329/1179 2003/1331/1179 2002/1332/1179
f 2002/1332/1176 2003/1331/1176 2001/1333/1176 2000/1334/1176
f 2000/1334/1177 2001/1333/1177 1997/1335/1177 1996/1336/1177
f 1998/1337/1187 2002/1332/1187 2000/1334/1187 1996/1338/1187
f 2003/1331/1180 1999/1339/1180 1997/1340/1180 2001/1333/1180
f 2004/1327/1178 2005/1328/1178 2007/1329/1178 2006/1330/1178
f 2006/1330/1179 2007/1329/1179 2011/1331/1179 2010/1332/1179
f 2010/1332/1176 2011/1331/1176 2009/1333/1176 2008/1334/1176
f 2008/1334/1177 2009/1333/1177 2005/1335/1177 2004/1336/1177
f 2006/1337/1187 2010/1332/1187 2008/1334/1187 2004/1338/1187
f 2011/1331/1180 2007/1339/1180 2005/1340/1180 2009/1333/1180
f 2012/1327/1178 2013/1328/1178 2015/1329/1178 2014/1330/1178
f 2014/1330/1179 2015/1329/1179 2019/1331/1179 2018/1332/1179
f 2018/1332/1176 2019/1331/1176 2017/1333/1176 2016/1334/1176
f 2016/1334/1177 2017/1333/1177 2013/1335/1177 2012/1336/1177
f 2014/1337/1187 2018/1332/1187 2016/1334/1187 2012/1338/1187
f 2019/1331/1180 2015/1339/1180 2013/1340/1180 2017/1333/1180
f 2020/1327/1178 2021/1328/1178 2023/1329/1178 2022/1330/1178
f 2022/1330/1179 2023/1329/1179 2027/1331/1179 2026/1332/1179
f 2026/1332/1176 2027/1331/1176 2025/1333/1176 2024/1334/1176
f 2024/1334/1177 2025/1333/1177 2021/1335/1177 2020/1336/1177
f 2022/1337/1187 2026/1332/1187 2024/1334/1187 2020/1338/1187
f 2027/1331/1180 2023/1339/1180 2021/1340/1180 2025/1333/1180
f 2028/1327/1178 2029/1328/1178 2031/1329/1178 2030/1330/1178
f 2030/1330/1179 2031/1329/1179 2035/1331/1179 2034/1332/1179
f 2034/1332/1176 2035/1331/1176 2033/1333/1176 2032/1334/1176
f 2032/1334/1177 2033/1333/1177 2029/1335/1177 2028/1336/1177
f 2030/1337/1187 2034/1332/1187 2032/1334/1187 2028/1338/1187
f 2035/1331/1180 2031/1339/1180 2029/1340/1180 2033/1333/1180
f 2036/1327/1178 2037/1328/1178 2039/1329/1178 2038/1330/1178
f 2038/1330/1179 2039/1329/1179 2043/1331/1179 2042/1332/1179
f 2042/1332/1176 2043/1331/1176 2041/1333/1176 2040/1334/1176
f 2040/1334/1177 2041/1333/1177 2037/1335/1177 2036/1336/1177
f 2038/1337/1187 2042/1332/1187 2040/1334/1187 2036/1338/1187
f 2043/1331/1180 2039/1339/1180 2037/1340/1180 2041/1333/1180
f 2044/1327/1178 2045/1328/1178 2047/1329/1178 2046/1330/1178
f 2046/1330/1179 2047/1329/1179 2051/1331/1179 2050/1332/1179
f 2050/1332/1176 2051/1331/1176 2049/1333/1176 2048/1334/1176
f 2048/1334/1177 2049/1333/1177 2045/1335/1177 2044/1336/1177
f 2046/1337/1187 2050/1332/1187 2048/1334/1187 2044/1338/1187
f 2051/1331/1180 2047/1339/1180 2045/1340/1180 2049/1333/1180
f 2052/1327/1178 2053/1328/1178 2055/1329/1178 2054/1330/1178
f 2054/1330/1179 2055/1329/1179 2059/1331/1179 2058/1332/1179
f 2058/1332/1176 2059/1331/1176 2057/1333/1176 2056/1334/1176
f 2056/1334/1177 2057/1333/1177 2053/1335/1177 2052/1336/1177
f 2054/1337/1187 2058/1332/1187 2056/1334/1187 2052/1338/1187
f 2059/1331/1180 2055/1339/1180 2053/1340/1180 2057/1333/1180
f 2060/1327/1178 2061/1328/1178 2063/1329/1178 2062/1330/1178
f 2062/1330/1179 2063/1329/1179 2067/1331/1179 2066/1332/1179
f 2066/1332/1176 2067/1331/1176 2065/1333/1176 2064/1334/1176
f 2064/1334/1177 2065/1333/1177 2061/1335/1177 2060/1336/1177
f 2062/1337/1187 2066/1332/1187 2064/1334/1187 2060/1338/1187
f 2067/1331/1180 2063/1339/1180 2061/1340/1180 2065/1333/1180
f 2068/1327/1178 2069/1328/1178 2071/1329/1178 2070/1330/1178
f 2070/1330/1179 2071/1329/1179 2075/1331/1179 2074/1332/1179
f 2074/1332/1176 2075/1331/1176 2073/1333/1176 2072/1334/1176
f 2072/1334/1177 2073/1333/1177 2069/1335/1177 2068/1336/1177
f 2070/1337/1187 2074/1332/1187 2072/1334/1187 2068/1338/1187
f 2075/1331/1180 2071/1339/1180 2069/1340/1180 2073/1333/1180
f 2076/1327/1178 2077/1328/1178 2079/1329/1178 2078/1330/1178
f 2078/1330/1179 2079/1329/1179 2083/1331/1179 2082/1332/1179
f 2082/1332/1176 2083/1331/1176 2081/1333/1176 2080/1334/1176
f 2080/1334/1177 2081/1333/1177 2077/1335/1177 2076/1336/1177
f 2078/1337/1187 2082/1332/1187 2080/1334/1187 2076/1338/1187
f 2083/1331/1180 2079/1339/1180 2077/1340/1180 2081/1333/1180
f 2084/1327/1178 2085/1328/1178 2087/1329/1178 2086/1330/1178
f 2086/1330/1179 2087/1329/1179 2091/1331/1179 2090/1332/1179
f 2090/1332/1176 2091/1331/1176 2089/1333/1176 2088/1334/1176
f 2088/1334/1177 2089/1333/1177 2085/1335/1177 2084/1336/1177
f 2086/1337/1187 2090/1332/1187 2088/1334/1187 2084/1338/1187
f 2091/1331/1180 2087/1339/1180 2085/1340/1180 2089/1333/1180
f 2092/1327/1178 2093/1328/1178 2095/1329/1178 2094/1330/1178
f 2094/1330/1179 2095/1329/1179 2099/1331/1179 2098/1332/1179
f 2098/1332/1176 2099/1331/1176 2097/1333/1176 2096/1334/1176
f 2096/1334/1177 2097/1333/1177 2093/1335/1177 2092/1336/1177
f 2094/1337/1187 2098/1332/1187 2096/1334/1187 2092/1338/1187
f 2099/1331/1180 2095/1339/1180 2093/1340/1180 2097/1333/1180
f 2100/1327/1178 2101/1328/1178 2103/1329/1178 2102/1330/1178
f 2102/1330/1179 2103/1329/1179 2107/1331/1179 2106/1332/1179
f 2106/1332/1176 2107/1331/1176 2105/1333/1176 2104/1334/1176
f 2104/1334/1177 2105/1333/1177 2101/1335/1177 2100/1336/1177
f 2102/1337/1187 2106/1332/1187 2104/1334/1187 2100/1338/1187
f 2107/1331/1180 2103/1339/1180 2101/1340/1180 2105/1333/1180
f 2108/1327/1178 2109/1328/1178 2111/1329/1178 2110/1330/1178
f 2110/1330/1179 2111/1329/1179 2115/1331/1179 2114/1332/1179
f 2114/1332/1176 2115/1331/1176 2113/1333/1176 2112/1334/1176
f 2112/1334/1177 2113/1333/1177 2109/1335/1177 2108/1336/1177
f 2110/1337/1187 2114/1332/1187 2112/1334/1187 2108/1338/1187
f 2115/1331/1180 2111/1339/1180 2109/1340/1180 2113/1333/1180
f 2116/1327/1178 2117/1328/1178 2119/1329/1178 2118/1330/1178
f 2118/1330/1179 2119/1329/1179 2123/1331/1179 2122/1332/1179
f 2122/1332/1176 2123/1331/1176 2121/1333/1176 2120/1334/1176
f 2120/1334/1177 2121/1333/1177 2117/1335/1177 2116/1336/1177
f 2118/1337/1187 2122/1332/1187 2120/1334/1187 2116/1338/1187
f 2123/1331/1180 2119/1339/1180 2117/1340/1180 2121/1333/1180
f 2124/1327/1178 2125/1328/1178 2127/1329/1178 2126/1330/1178
f 2126/1330/1179 2127/1329/1179 2131/1331/1179 2130/1332/1179
f 2130/1332/1176 2131/1331/1176 2129/1333/1176 2128/1334/1176
f 2128/1334/1177 2129/1333/1177 2125/1335/1177 2124/1336/1177
f 2126/1337/1187 2130/1332/1187 2128/1334/1187 2124/1338/1187
f 2131/1331/1180 2127/1339/1180 2125/1340/1180 2129/1333/1180
f 2132/1327/1178 2133/1328/1178 2135/1329/1178 2134/1330/1178
f 2134/1330/1179 2135/1329/1179 2139/1331/1179 2138/1332/1179
f 2138/1332/1176 2139/1331/1176 2137/1333/1176 2136/1334/1176
f 2136/1334/1177 2137/1333/1177 2133/1335/1177 2132/1336/1177
f 2134/1337/1187 2138/1332/1187 2136/1334/1187 2132/1338/1187
f 2139/1331/1180 2135/1339/1180 2133/1340/1180 2137/1333/1180
f 2140/1327/1178 2141/1328/1178 2143/1329/1178 2142/1330/1178
f 2142/1330/1179 2143/1329/1179 2147/1331/1179 2146/1332/1179
f 2146/1332/1176 2147/1331/1176 2145/1333/1176 2144/1334/1176
f 2144/1334/1177 2145/1333/1177 2141/1335/1177 2140/1336/1177
f 2142/1337/1187 2146/1332/1187 2144/1334/1187 2140/1338/1187
f 2147/1331/1180 2143/1339/1180 2141/1340/1180 2145/1333/1180
f 2148/1327/1176 2150/1330/1176 2151/1329/1176 2149/1328/1176
f 2150/1330/1179 2154/1332/1179 2155/1331/1179 2151/1329/1179
f 2154/1332/1178 2152/1334/1178 2153/1333/1178 2155/1331/1178
f 2152/1334/1177 2148/1336/1177 2149/1335/1177 2153/1333/1177
f 2150/1337/1187 2148/1338/1187 2152/1334/1187 2154/1332/1187
f 2155/1331/1180 2153/1333/1180 2149/1340/1180 2151/1339/1180
f 2156/1327/1176 2158/1330/1176 2159/1329/1176 2157/1328/1176
f 2158/1330/1179 2162/1332/1179 2163/1331/1179 2159/1329/1179
f 2162/1332/1178 2160/1334/1178 2161/1333/1178 2163/1331/1178
f 2160/1334/1177 2156/1336/1177 2157/1335/1177 2161/1333/1177
f 2158/1337/1187 2156/1338/1187 2160/1334/1187 2162/1332/1187
f 2163/1331/1180 2161/1333/1180 2157/1340/1180 2159/1339/1180
f 2164/1327/1176 2166/1330/1176 2167/1329/1176 2165/1328/1176
f 2166/1330/1179 2170/1332/1179 2171/1331/1179 2167/1329/1179
f 2170/1332/1178 2168/1334/1178 2169/1333/1178 2171/1331/1178
f 2168/1334/1177 2164/1336/1177 2165/1335/1177 2169/1333/1177
f 2166/1337/1187 2164/1338/1187 2168/1334/1187 2170/1332/1187
f 2171/1331/1180 2169/1333/1180 2165/1340/1180 2167/1339/1180
f 2172/1327/1176 2174/1330/1176 2175/1329/1176 2173/1328/1176
f 2174/1330/1179 2178/1332/1179 2179/1331/1179 2175/1329/1179
f 2178/1332/1178 2176/1334/1178 2177/1333/1178 2179/1331/1178
f 2176/1334/1177 2172/1336/1177 2173/1335/1177 2177/1333/1177
f 2174/1337/1187 2172/1338/1187 2176/1334/1187 2178/1332/1187
f 2179/1331/1180 2177/1333/1180 2173/1340/1180 2175/1339/1180
f 2180/1327/1176 2182/1330/1176 2183/1329/1176 2181/1328/1176
f 2182/1330/1179 2186/1332/1179 2187/1331/1179 2183/1329/1179
f 2186/1332/1178 2184/1334/1178 2185/1333/1178 2187/1331/1178
f 2184/1334/1177 2180/1336/1177 2181/1335/1177 2185/1333/1177
f 2182/1337/1187 2180/1338/1187 2184/1334/1187 2186/1332/1187
f 2187/1331/1180 2185/1333/1180 2181/1340/1180 2183/1339/1180
f 2188/1327/1176 2190/1330/1176 2191/1329/1176 2189/1328/1176
f 2190/1330/1179 2194/1332/1179 2195/1331/1179 2191/1329/1179
f 2194/1332/1178 2192/1334/1178 2193/1333/1178 2195/1331/1178
f 2192/1334/1177 2188/1336/1177 2189/1335/1177 2193/1333/1177
f 2190/1337/1187 2188/1338/1187 2192/1334/1187 2194/1332/1187
f 2195/1331/1180 2193/1333/1180 2189/1340/1180 2191/1339/1180
f 2200/1341/1175 2202/1342/1175 2196/1343/1175
f 2204/1344/1261 2210/1345/1261 2208/1346/1261
f 2196/1343/1262 2204/1344/1262 2205/1347/1262 2197/1348/1262
f 2197/1348/1263 2205/1347/1263 2206/1349/1263 2198/1350/1263
f 2198/1350/1264 2206/1349/1264 2207/1351/1264 2199/1352/1264
f 2199/1352/1265 2207/1351/1265 2208/1346/1265 2200/1341/1265
f 2200/1341/1266 2208/1346/1266 2209/1353/1266 2201/1354/1266
f 2201/1354/1267 2209/1353/1267 2210/1345/1267 2202/1342/1267
f 2202/1342/1268 2210/1345/1268 2211/1355/1268 2203/1356/1268
f 2203/1356/1269 2211/1355/1269 2204/1344/1269 2196/1343/1269
f 2212/1357/1178 2213/1357/1178 2215/1358/1178 2214/1358/1178
f 2214/1358/1179 2215/1358/1179 2219/1359/1179 2218/1359/1179
f 2218/1359/1176 2219/1359/1176 2217/1360/1176 2216/1360/1176
f 2216/1360/1177 2217/1360/1177 2213/1357/1177 2212/1357/1177
f 2214/1358/1187 2218/1359/1187 2216/1360/1187 2212/1357/1187
f 2219/1359/1270 2215/1358/1270 2213/1357/1270 2217/1360/1270
f 2220/1361/1178 2221/1361/1178 2223/1362/1178 2222/1362/1178
f 2222/1362/1179 2223/1362/1179 2227/1363/1179 2226/1363/1179
f 2226/1363/1176 2227/1363/1176 2225/1364/1176 2224/1364/1176
f 2224/1364/1177 2225/1364/1177 2221/1361/1177 2220/1361/1177
f 2222/1362/1187 2226/1363/1187 2224/1364/1187 2220/1361/1187
f 2227/1363/1180 2223/1362/1180 2221/1361/1180 2225/1364/1180
f 2228/1365/1178 2229/1365/1178 2231/1366/1178 2230/1366/1178
f 2230/1366/1179 2231/1366/1179 2235/1367/1179 2234/1367/1179
f 2234/1367/1176 2235/1367/1176 2233/1368/1176 2232/1368/1176
f 2232/1368/1177 2233/1368/1177 2229/1365/1177 2228/1365/1177
f 2230/1366/1187 2234/1367/1187 2232/1368/1187 2228/1365/1187
f 2235/1367/1180 2231/1366/1180 2229/1365/1180 2233/1368/1180
f 2236/1369/1178 2237/1369/1178 2239/1370/1178 2238/1370/1178
f 2238/1370/1179 2239/1370/1179 2243/1371/1179 2242/1371/1179
f 2242/1371/1176 2243/1371/1176 2241/1372/1176 2240/1372/1176
f 2240/1372/1177 2241/1372/1177 2237/1369/1177 2236/1369/1177
f 2238/1370/1187 2242/1371/1187 2240/1372/1187 2236/1369/1187
f 2243/1371/1180 2239/1370/1180 2237/1369/1180 2241/1372/1180
f 2244/1373/1178 2245/1373/1178 2247/1374/1178 2246/1374/1178
f 2246/1374/1179 2247/1374/1179 2251/1375/1179 2250/1375/1179
f 2250/1375/1176 2251/1375/1176 2249/1376/1176 2248/1376/1176
f 2248/1376/1177 2249/1376/1177 2245/1373/1177 2244/1373/1177
f 2246/1374/1187 2250/1375/1187 2248/1376/1187 2244/1373/1187
f 2251/1375/1180 2247/1374/1180 2245/1373/1180 2249/1376/1180
f 2252/1377/1178 2253/1377/1178 2255/1378/1178 2254/1378/1178
f 2254/1378/1179 2255/1378/1179 2259/1379/1179 2258/1379/1179
f 2258/1379/1176 2259/1379/1176 2257/1380/1176 2256/1380/1176
f 2256/1380/1177 2257/1380/1177 2253/1377/1177 2252/1377/1177
f 2254/1378/1187 2258/1379/1187 2256/1380/1187 2252/1377/1187
f 2259/1379/1180 2255/1378/1180 2253/1377/1180 2257/1380/1180
f 2260/1381/1178 2261/1381/1178 2263/1382/1178 2262/1382/1178
f 2262/1382/1179 2263/1382/1179 2267/1383/1179 2266/1383/1179
f 2266/1383/1176 2267/1383/1176 2265/1384/1176 2264/1384/1176
f 2264/1384/1177 2265/1384/1177 2261/1381/1177 2260/1381/1177
f 2262/1382/1187 2266/1383/1187 2264/1384/1187 2260/1381/1187
f 2267/1383/1180 2263/1382/1180 2261/1381/1180 2265/1384/1180
f 2268/1385/1178 2269/1385/1178 2271/1386/1178 2270/1386/1178
f 2270/1386/1179 2271/1386/1179 2275/1387/1179 2274/1387/1179
f 2274/1387/1176 2275/1387/1176 2273/1388/1176 2272/1388/1176
f 2272/1388/1177 2273/1388/1177 2269/1385/1177 2268/1385/1177
f 2270/1386/1187 2274/1387/1187 2272/1388/1187 2268/1385/1187
f 2275/1387/1180 2271/1386/1180 2269/1385/1180 2273/1388/1180
f 2276/1389/1178 2277/1389/1178 2279/1390/1178 2278/1390/1178
f 2278/1390/1179 2279/1390/1179 2283/1391/1179 2282/1391/1179
f 2282/1391/1176 2283/1391/1176 2281/1392/1176 2280/1392/1176
f 2280/1392/1177 2281/1392/1177 2277/1389/1177 2276/1389/1177
f 2278/1390/1187 2282/1391/1187 2280/1392/1187 2276/1389/1187
f 2283/1391/1180 2279/1390/1180 2277/1389/1180 2281/1392/1180
f 2284/1393/1178 2285/1393/1178 2287/1394/1178 2286/1394/1178
f 2286/1394/1179 2287/1394/1179 2291/1395/1179 2290/1395/1179
f 2290/1395/1176 2291/1395/1176 2289/1396/1176 2288/1396/1176
f 2288/1396/1177 2289/1396/1177 2285/1393/1177 2284/1393/1177
f 2286/1394/1187 2290/1395/1187 2288/1396/1187 2284/1393/1187
f 2291/1395/1180 2287/1394/1180 2285/1393/1180 2289/1396/1180
f 2292/1397/1178 2293/1397/1178 2295/1398/1178 2294/1398/1178
f 2294/1398/1179 2295/1398/1179 2299/1399/1179 2298/1399/1179
f 2298/1399/1176 2299/1399/1176 2297/1400/1176 2296/1400/1176
f 2296/1400/1177 2297/1400/1177 2293/1397/1177 2292/1397/1177
f 2294/1398/1187 2298/1399/1187 2296/1400/1187 2292/1397/1187
f 2299/1399/1180 2295/1398/1180 2293/1397/1180 2297/1400/1180
f 2300/1401/1178 2301/1401/1178 2303/1402/1178 2302/1402/1178
f 2302/1402/1179 2303/1402/1179 2307/1403/1179 2306/1403/1179
f 2306/1403/1176 2307/1403/1176 2305/1404/1176 2304/1404/1176
f 2304/1404/1177 2305/1404/1177 2301/1401/1177 2300/1401/1177
f 2302/1402/1187 2306/1403/1187 2304/1404/1187 2300/1401/1187
f 2307/1403/1180 2303/1402/1180 2301/1401/1180 2305/1404/1180
f 2308/1405/1178 2309/1405/1178 2311/1406/1178 2310/1406/1178
f 2310/1406/1179 2311/1406/1179 2315/1407/1179 2314/1407/1179
f 2314/1407/1176 2315/1407/1176 2313/1408/1176 2312/1408/1176
f 2312/1408/1177 2313/1408/1177 2309/1405/1177 2308/1405/1177
f 2310/1406/1187 2314/1407/1187 2312/1408/1187 2308/1405/1187
f 2315/1407/1180 2311/1406/1180 2309/1405/1180 2313/1408/1180
f 2316/1409/1178 2317/1409/1178 2319/1410/1178 2318/1410/1178
f 2318/1410/1179 2319/1410/1179 2323/1411/1179 2322/1411/1179
f 2322/1411/1176 2323/1411/1176 2321/1412/1176 2320/1412/1176
f 2320/1412/1177 2321/1412/1177 2317/1409/1177 2316/1409/1177
f 2318/1410/1187 2322/1411/1187 2320/1412/1187 2316/1409/1187
f 2323/1411/1180 2319/1410/1180 2317/1409/1180 2321/1412/1180
f 2324/1413/1178 2325/1413/1178 2327/1414/1178 2326/1414/1178
f 2326/1414/1179 2327/1414/1179 2331/1415/1179 2330/1415/1179
f 2330/1415/1176 2331/1415/1176 2329/1416/1176 2328/1416/1176
f 2328/1416/1177 2329/1416/1177 2325/1413/1177 2324/1413/1177
f 2326/1414/1187 2330/1415/1187 2328/1416/1187 2324/1413/1187
f 2331/1415/1180 2327/1414/1180 2325/1413/1180 2329/1416/1180
f 2332/1417/1178 2333/1417/1178 2335/1418/1178 2334/1418/1178
f 2334/1418/1179 2335/1418/1179 2339/1419/1179 2338/1419/1179
f 2338/1419/1176 2339/1419/1176 2337/1420/1176 2336/1420/1176
f 2336/1420/1177 2337/1420/1177 2333/1417/1177 2332/1417/1177
f 2334/1418/1187 2338/1419/1187 2336/1420/1187 2332/1417/1187
f 2339/1419/1180 2335/1418/1180 2333/1417/1180 2337/1420/1180
f 2340/1421/1178 2341/1421/1178 2343/1422/1178 2342/1422/1178
f 2342/1422/1179 2343/1422/1179 2347/1423/1179 2346/1423/1179
f 2346/1423/1176 2347/1423/1176 2345/1424/1176 2344/1424/1176
f 2344/1424/1177 2345/1424/1177 2341/1421/1177 2340/1421/1177
f 2342/1422/1187 2346/1423/1187 2344/1424/1187 2340/1421/1187
f 2347/1423/1180 2343/1422/1180 2341/1421/1180 2345/1424/1180
f 2348/1425/1178 2349/1425/1178 2351/1426/1178 2350/1426/1178
f 2350/1426/1179 2351/1426/1179 2355/1427/1179 2354/1427/1179
f 2354/1427/1176 2355/1427/1176 2353/1428/1176 2352/1428/1176
f 2352/1428/1177 2353/1428/1177 2349/1425/1177 2348/1425/1177
f 2350/1426/1187 2354/1427/1187 2352/1428/1187 2348/1425/1187
f 2355/1427/1180 2351/1426/1180 2349/1425/1180 2353/1428/1180
f 2356/1429/1178 2357/1429/1178 2359/1430/1178 2358/1430/1178
f 2358/1430/1179 2359/1430/1179 2363/1431/1179 2362/1431/1179
f 2362/1431/1176 2363/1431/1176 2361/1432/1176 2360/1432/1176
f 2360/1432/1177 2361/1432/1177 2357/1429/1177 2356/1429/1177
f 2358/1430/1187 2362/1431/1187 2360/1432/1187 2356/1429/1187
f 2363/1431/1180 2359/1430/1180 2357/1429/1180 2361/1432/1180
f 2364/1433/1178 2365/1433/1178 2367/1434/1178 2366/1434/1178
f 2366/1434/1179 2367/1434/1179 2371/1435/1179 2370/1435/1179
f 2370/1435/1176 2371/1435/1176 2369/1436/1176 2368/1436/1176
f 2368/1436/1177 2369/1436/1177 2365/1433/1177 2364/1433/1177
f 2366/1434/1187 2370/1435/1187 2368/1436/1187 2364/1433/1187
f 2371/1435/1180 2367/1434/1180 2365/1433/1180 2369/1436/1180
f 2372/1437/1178 2373/1437/1178 2375/1438/1178 2374/1438/1178
f 2374/1438/1179 2375/1438/1179 2379/1439/1179 2378/1439/1179
f 2378/1439/1176 2379/1439/1176 2377/1440/1176 2376/1440/1176
f 2376/1440/1177 2377/1440/1177 2373/1437/1177 2372/1437/1177
f 2374/1438/1187 2378/1439/1187 2376/1440/1187 2372/1437/1187
f 2379/1439/1180 2375/1438/1180 2373/1437/1180 2377/1440/1180
f 2380/1441/1178 2388/1441/1178 2389/1442/1178 2382/1442/1178
f 2382/1442/1179 2389/1442/1179 2390/1443/1179 2386/1443/1179
f 2386/1443/1176 2390/1443/1176 2391/1444/1176 2384/1444/1176
f 2384/1444/1177 2391/1444/1177 2388/1441/1177 2380/1441/1177
f 2382/1442/1187 2386/1443/1187 2384/1444/1187 2380/1441/1187
f 2381/1445/1179 2385/1446/1179 2395/1446/1179 2392/1445/1179
f 2381/1445/1180 2383/1447/1180 2389/1442/1180 2388/1441/1180
f 2383/1447/1180 2387/1448/1180 2390/1443/1180 2389/1442/1180
f 2387/1448/1180 2385/1446/1180 2391/1444/1180 2390/1443/1180
f 2385/1446/1180 2381/1445/1180 2388/1441/1180 2391/1444/1180
f 2394/1449/1180 2393/1450/1180 2392/1451/1180 2395/1452/1180
f 2387/1448/1177 2383/1447/1177 2393/1447/1177 2394/1448/1177
f 2385/1446/1178 2387/1448/1178 2394/1448/1178 2395/1446/1178
f 2383/1447/1176 2381/1445/1176 2392/1445/1176 2393/1447/1176
f 2396/1453/1178 2397/1453/1178 2399/1454/1178 2398/1454/1178
f 2398/1454/1179 2399/1454/1179 2403/1455/1179 2402/1455/1179
f 2402/1455/1176 2403/1455/1176 2401/1456/1176 2400/1456/1176
f 2400/1456/1177 2401/1456/1177 2397/1453/1177 2396/1453/1177
f 2398/1454/1187 2402/1455/1187 2400/1456/1187 2396/1453/1187
f 2403/1455/1271 2399/1454/1271 2397/1453/1271 2401/1456/1271
f 2404/1457/1178 2405/1457/1178 2407/1458/1178 2406/1458/1178
f 2406/1458/1179 2407/1458/1179 2411/1459/1179 2410/1459/1179
f 2410/1459/1176 2411/1459/1176 2409/1460/1176 2408/1460/1176
f 2408/1460/1177 2409/1460/1177 2405/1457/1177 2404/1457/1177
f 2406/1458/1187 2410/1459/1187 2408/1460/1187 2404/1457/1187
f 2411/1459/1180 2407/1458/1180 2405/1457/1180 2409/1460/1180
f 2412/1461/1178 2413/1461/1178 2415/1462/1178 2414/1462/1178
f 2414/1462/1179 2415/1462/1179 2419/1463/1179 2418/1463/1179
f 2418/1463/1176 2419/1463/1176 2417/1464/1176 2416/1464/1176
f 2416/1464/1177 2417/1464/1177 2413/1461/1177 2412/1461/1177
f 2414/1462/1187 2418/1463/1187 2416/1464/1187 2412/1461/1187
f 2419/1463/1180 2415/1462/1180 2413/1461/1180 2417/1464/1180
f 2420/1465/1178 2421/1465/1178 2423/1466/1178 2422/1466/1178
f 2422/1466/1179 2423/1466/1179 2427/1467/1179 2426/1467/1179
f 2426/1467/1176 2427/1467/1176 2425/1468/1176 2424/1468/1176
f 2424/1468/1177 2425/1468/1177 2421/1465/1177 2420/1465/1177
f 2422/1466/1187 2426/1467/1187 2424/1468/1187 2420/1465/1187
f 2427/1467/1180 2423/1466/1180 2421/1465/1180 2425/1468/1180
f 2428/1469/1178 2429/1469/1178 2431/1470/1178 2430/1470/1178
f 2430/1470/1179 2431/1470/1179 2435/1471/1179 2434/1471/1179
f 2434/1471/1176 2435/1471/1176 2433/1472/1176 2432/1472/1176
f 2432/1472/1177 2433/1472/1177 2429/1469/1177 2428/1469/1177
f 2430/1470/1187 2434/1471/1187 2432/1472/1187 2428/1469/1187
f 2435/1471/1180 2431/1470/1180 2429/1469/1180 2433/1472/1180
f 2436/1473/1178 2437/1473/1178 2439/1474/1178 2438/1474/1178
f 2438/1474/1179 2439/1474/1179 2443/1475/1179 2442/1475/1179
f 2442/1475/1176 2443/1475/1176 2441/1476/1176 2440/1476/1176
f 2440/1476/1177 2441/1476/1177 2437/1473/1177 2436/1473/1177
f 2438/1474/1187 2442/1475/1187 2440/1476/1187 2436/1473/1187
f 2443/1475/1180 2439/1474/1180 2437/1473/1180 2441/1476/1180
f 2444/1477/1178 2445/1477/1178 2447/1478/1178 2446/1478/1178
f 2446/1478/1179 2447/1478/1179 2451/1479/1179 2450/1479/1179
f 2450/1479/1176 2451/1479/1176 2449/1480/1176 2448/1480/1176
f 2448/1480/1177 2449/1480/1177 2445/1477/1177 2444/1477/1177
f 2446/1478/1187 2450/1479/1187 2448/1480/1187 2444/1477/1187
f 2451/1479/1180 2447/1478/1180 2445/1477/1180 2449/1480/1180
f 2452/1481/1178 2453/1481/1178 2455/1482/1178 2454/1482/1178
f 2454/1482/1179 2455/1482/1179 2459/1483/1179 2458/1483/1179
f 2458/1483/1176 2459/1483/1176 2457/1484/1176 2456/1484/1176
f 2456/1484/1177 2457/1484/1177 2453/1481/1177 2452/1481/1177
f 2454/1482/1187 2458/1483/1187 2456/1484/1187 2452/1481/1187
f 2459/1483/1180 2455/1482/1180 2453/1481/1180 2457/1484/1180
f 2460/1485/1178 2461/1485/1178 2463/1486/1178 2462/1486/1178
f 2462/1486/1179 2463/1486/1179 2467/1487/1179 2466/1487/1179
f 2466/1487/1176 2467/1487/1176 2465/1488/1176 2464/1488/1176
f 2464/1488/1177 2465/1488/1177 2461/1485/1177 2460/1485/1177
f 2462/1486/1187 2466/1487/1187 2464/1488/1187 2460/1485/1187
f 2467/1487/1180 2463/1486/1180 2461/1485/1180 2465/1488/1180
f 2468/1489/1178 2469/1489/1178 2471/1490/1178 2470/1490/1178
f 2470/1490/1179 2471/1490/1179 2475/1491/1179 2474/1491/1179
f 2474/1491/1176 2475/1491/1176 2473/1492/1176 2472/1492/1176
f 2472/1492/1177 2473/1492/1177 2469/1489/1177 2468/1489/1177
f 2470/1490/1187 2474/1491/1187 2472/1492/1187 2468/1489/1187
f 2475/1491/1180 2471/1490/1180 2469/1489/1180 2473/1492/1180
f 2476/1493/1178 2477/1493/1178 2479/1494/1178 2478/1494/1178
f 2478/1494/1179 2479/1494/1179 2483/1495/1179 2482/1495/1179
f 2482/1495/1176 2483/1495/1176 2481/1496/1176 2480/1496/1176
f 2480/1496/1177 2481/1496/1177 2477/1493/1177 2476/1493/1177
f 2478/1494/1187 2482/1495/1187 2480/1496/1187 2476/1493/1187
f 2483/1495/1180 2479/1494/1180 2477/1493/1180 2481/1496/1180
f 2484/1497/1178 2485/1497/1178 2487/1498/1178 2486/1498/1178
f 2486/1498/1179 2487/1498/1179 2491/1499/1179 2490/1499/1179
f 2490/1499/1176 2491/1499/1176 2489/1500/1176 2488/1500/1176
f 2488/1500/1177 2489/1500/1177 2485/1497/1177 2484/1497/1177
f 2486/1498/1187 2490/1499/1187 2488/1500/1187 2484/1497/1187
f 2491/1499/1180 2487/1498/1180 2485/1497/1180 2489/1500/1180
f 2492/1501/1178 2493/1501/1178 2495/1502/1178 2494/1502/1178
f 2494/1502/1179 2495/1502/1179 2499/1503/1179 2498/1503/1179
f 2498/1503/1176 2499/1503/1176 2497/1504/1176 2496/1504/1176
f 2496/1504/1177 2497/1504/1177 2493/1501/1177 2492/1501/1177
f 2494/1502/1187 2498/1503/1187 2496/1504/1187 2492/1501/1187
f 2499/1503/1180 2495/1502/1180 2493/1501/1180 2497/1504/1180
f 2500/1505/1178 2501/1505/1178 2503/1506/1178 2502/1506/1178
f 2502/1506/1179 2503/1506/1179 2507/1507/1179 2506/1507/1179
f 2506/1507/1176 2507/1507/1176 2505/1508/1176 2504/1508/1176
f 2504/1508/1177 2505/1508/1177 2501/1505/1177 2500/1505/1177
f 2502/1506/1187 2506/1507/1187 2504/1508/1187 2500/1505/1187
f 2507/1507/1180 2503/1506/1180 2501/1505/1180 2505/1508/1180
f 2508/1509/1178 2509/1509/1178 2511/1510/1178 2510/1510/1178
f 2510/1510/1179 2511/1510/1179 2515/1511/1179 2514/1511/1179
f 2514/1511/1176 2515/1511/1176 2513/1512/1176 2512/1512/1176
f 2512/1512/1177 2513/1512/1177 2509/1509/1177 2508/1509/1177
f 2510/1510/1187 2514/1511/1187 2512/1512/1187 2508/1509/1187
f 2515/1511/1180 2511/1510/1180 2509/1509/1180 2513/1512/1180
f 2516/1513/1178 2517/1513/1178 2519/1514/1178 2518/1514/1178
f 2518/1514/1179 2519/1514/1179 2523/1515/1179 2522/1515/1179
f 2522/1515/1176 2523/1515/1176 2521/1516/1176 2520/1516/1176
f 2520/1516/1177 2521/1516/1177 2517/1513/1177 2516/1513/1177
f 2518/1514/1187 2522/1515/1187 2520/1516/1187 2516/1513/1187
f 2523/1515/1180 2519/1514/1180 2517/1513/1180 2521/1516/1180
f 2524/1517/1178 2525/1517/1178 2527/1518/1178 2526/1518/1178
f 2526/1518/1179 2527/1518/1179 2531/1519/1179 2530/1519/1179
f 2530/1519/1176 2531/1519/1176 2529/1520/1176 2528/1520/1176
f 2528/1520/1177 2529/1520/1177 2525/1517/1177 2524/1517/1177
f 2526/1518/1187 2530/1519/1187 2528/1520/1187 2524/1517/1187
f 2531/1519/1180 2527/1518/1180 2525/1517/1180 2529/1520/1180
f 2532/1521/1178 2533/1521/1178 2535/1522/1178 2534/1522/1178
f 2534/1522/1179 2535/1522/1179 2539/1523/1179 2538/1523/1179
f 2538/1523/1176 2539/1523/1176 2537/1524/1176 2536/1524/1176
f 2536/1524/1177 2537/1524/1177 2533/1521/1177 2532/1521/1177
f 2534/1522/1187 2538/1523/1187 2536/1524/1187 2532/1521/1187
f 2539/1523/1180 2535/1522/1180 2533/1521/1180 2537/1524/1180
f 2540/1525/1178 2541/1525/1178 2543/1526/1178 2542/1526/1178
f 2542/1526/1179 2543/1526/1179 2547/1527/1179 2546/1527/1179
f 2546/1527/1176 2547/1527/1176 2545/1528/1176 2544/1528/1176
f 2544/1528/1177 2545/1528/1177 2541/1525/1177 2540/1525/1177
f 2542/1526/1187 2546/1527/1187 2544/1528/1187 2540/1525/1187
f 2547/1527/1180 2543/1526/1180 2541/1525/1180 2545/1528/1180
f 2548/1529/1178 2549/1529/1178 2551/1530/1178 2550/1530/1178
f 2550/1530/1179 2551/1530/1179 2555/1531/1179 2554/1531/1179
f 2554/1531/1176 2555/1531/1176 2553/1532/1176 2552/1532/1176
f 2552/1532/1177 2553/1532/1177 2549/1529/1177 2548/1529/1177
f 2550/1530/1187 2554/1531/1187 2552/1532/1187 2548/1529/1187
f 2555/1531/1180 2551/1530/1180 2549/1529/1180 2553/1532/1180
f 2556/1533/1178 2557/1533/1178 2559/1534/1178 2558/1534/1178
f 2558/1534/1179 2559/1534/1179 2563/1535/1179 2562/1535/1179
f 2562/1535/1176 2563/1535/1176 2561/1536/1176 2560/1536/1176
f 2560/1536/1177 2561/1536/1177 2557/1533/1177 2556/1533/1177
f 2558/1534/1187 2562/1535/1187 2560/1536/1187 2556/1533/1187
f 2563/1535/1180 2559/1534/1180 2557/1533/1180 2561/1536/1180
f 2564/1537/1178 2565/1537/1178 2567/1538/1178 2566/1538/1178
f 2566/1538/1179 2567/1538/1179 2571/1539/1179 2570/1539/1179
f 2570/1539/1176 2571/1539/1176 2569/1540/1176 2568/1540/1176
f 2568/1540/1177 2569/1540/1177 2565/1537/1177 2564/1537/1177
f 2566/1538/1187 2570/1539/1187 2568/1540/1187 2564/1537/1187
f 2571/1539/1180 2567/1538/1180 2565/1537/1180 2569/1540/1180
f 2572/1541/1178 2573/1541/1178 2575/1542/1178 2574/1542/1178
f 2574/1542/1179 2575/1542/1179 2579/1543/1179 2578/1543/1179
f 2578/1543/1176 2579/1543/1176 2577/1544/1176 2576/1544/1176
f 2576/1544/1177 2577/1544/1177 2573/1541/1177 2572/1541/1177
f 2574/1542/1187 2578/1543/1187 2576/1544/1187 2572/1541/1187
f 2579/1543/1180 2575/1542/1180 2573/1541/1180 2577/1544/1180
f 2580/1545/1178 2581/1545/1178 2583/1546/1178 2582/1546/1178
f 2582/1546/1179 2583/1546/1179 2587/1547/1179 2586/1547/1179
f 2586/1547/1176 2587/1547/1176 2585/1548/1176 2584/1548/1176
f 2584/1548/1177 2585/1548/1177 2581/1545/1177 2580/1545/1177
f 2582/1546/1187 2586/1547/1187 2584/1548/1187 2580/1545/1187
f 2587/1547/1180 2583/1546/1180 2581/1545/1180 2585/1548/1180
f 2588/1549/1178 2589/1549/1178 2591/1550/1178 2590/1550/1178
f 2590/1550/1179 2591/1550/1179 2595/1551/1179 2594/1551/1179
f 2594/1551/1176 2595/1551/1176 2593/1552/1176 2592/1552/1176
f 2592/1552/1177 2593/1552/1177 2589/1549/1177 2588/1549/1177
f 2590/1550/1187 2594/1551/1187 2592/1552/1187 2588/1549/1187
f 2595/1551/1180 2591/1550/1180 2589/1549/1180 2593/1552/1180
f 2596/1553/1178 2597/1553/1178 2599/1554/1178 2598/1554/1178
f 2598/1554/1179 2599/1554/1179 2603/1555/1179 2602/1555/1179
f 2602/1555/1176 2603/1555/1176 2601/1556/1176 2600/1556/1176
f 2600/1556/1177 2601/1556/1177 2597/1553/1177 2596/1553/1177
f 2598/1554/1187 2602/1555/1187 2600/1556/1187 2596/1553/1187
f 2603/1555/1180 2599/1554/1180 2597/1553/1180 2601/1556/1180
f 2604/1557/1178 2605/1557/1178 2607/1558/1178 2606/1558/1178
f 2606/1558/1179 2607/1558/1179 2611/1559/1179 2610/1559/1179
f 2610/1559/1176 2611/1559/1176 2609/1560/1176 2608/1560/1176
f 2608/1560/1177 2609/1560/1177 2605/1557/1177 2604/1557/1177
f 2606/1558/1187 2610/1559/1187 2608/1560/1187 2604/1557/1187
f 2611/1559/1180 2607/1558/1180 2605/1557/1180 2609/1560/1180
f 2612/1561/1178 2613/1561/1178 2615/1562/1178 2614/1562/1178
f 2614/1562/1179 2615/1562/1179 2619/1563/1179 2618/1563/1179
f 2618/1563/1176 2619/1563/1176 2617/1564/1176 2616/1564/1176
f 2616/1564/1177 2617/1564/1177 2613/1561/1177 2612/1561/1177
f 2614/1562/1187 2618/1563/1187 2616/1564/1187 2612/1561/1187
f 2619/1563/1180 2615/1562/1180 2613/1561/1180 2617/1564/1180
f 2620/1565/1178 2621/1565/1178 2623/1566/1178 2622/1566/1178
f 2622/1566/1179 2623/1566/1179 2627/1567/1179 2626/1567/1179
f 2626/1567/1176 2627/1567/1176 2625/1568/1176 2624/1568/1176
f 2624/1568/1177 2625/1568/1177 2621/1565/1177 2620/1565/1177
f 2622/1566/1187 2626/1567/1187 2624/1568/1187 2620/1565/1187
f 2627/1567/1180 2623/1566/1180 2621/1565/1180 2625/1568/1180
f 2628/1569/1178 2629/1569/1178 2631/1570/1178 2630/1570/1178
f 2630/1570/1179 2631/1570/1179 2635/1571/1179 2634/1571/1179
f 2634/1571/1176 2635/1571/1176 2633/1572/1176 2632/1572/1176
f 2632/1572/1177 2633/1572/1177 2629/1569/1177 2628/1569/1177
f 2630/1570/1187 2634/1571/1187 2632/1572/1187 2628/1569/1187
f 2635/1571/1180 2631/1570/1180 2629/1569/1180 2633/1572/1180
f 2636/1573/1178 2637/1573/1178 2639/1574/1178 2638/1574/1178
f 2638/1574/1179 2639/1574/1179 2643/1575/1179 2642/1575/1179
f 2642/1575/1176 2643/1575/1176 2641/1576/1176 2640/1576/1176
f 2640/1576/1177 2641/1576/1177 2637/1573/1177 2636/1573/1177
f 2638/1574/1187 2642/1575/1187 2640/1576/1187 2636/1573/1187
f 2643/1575/1180 2639/1574/1180 2637/1573/1180 2641/1576/1180
f 2644/1577/1178 2645/1577/1178 2647/1578/1178 2646/1578/1178
f 2646/1578/1179 2647/1578/1179 2651/1579/1179 2650/1579/1179
f 2650/1579/1176 2651/1579/1176 2649/1580/1176 2648/1580/1176
f 2648/1580/1177 2649/1580/1177 2645/1577/1177 2644/1577/1177
f 2646/1578/1187 2650/1579/1187 2648/1580/1187 2644/1577/1187
f 2651/1579/1180 2647/1578/1180 2645/1577/1180 2649/1580/1180
f 2652/1581/1178 2653/1581/1178 2655/1582/1178 2654/1582/1178
f 2654/1582/1179 2655/1582/1179 2659/1583/1179 2658/1583/1179
f 2658/1583/1176 2659/1583/1176 2657/1584/1176 2656/1584/1176
f 2656/1584/1177 2657/1584/1177 2653/1581/1177 2652/1581/1177
f 2654/1582/1187 2658/1583/1187 2656/1584/1187 2652/1581/1187
f 2659/1583/1180 2655/1582/1180 2653/1581/1180 2657/1584/1180
f 2660/1585/1178 2661/1585/1178 2663/1586/1178 2662/1586/1178
f 2662/1586/1179 2663/1586/1179 2667/1587/1179 2666/1587/1179
f 2666/1587/1176 2667/1587/1176 2665/1588/1176 2664/1588/1176
f 2664/1588/1177 2665/1588/1177 2661/1585/1177 2660/1585/1177
f 2662/1586/1187 2666/1587/1187 2664/1588/1187 2660/1585/1187
f 2667/1587/1270 2663/1586/1270 2661/1585/1270 2665/1588/1270
f 2668/1589/1178 2669/1589/1178 2671/1590/1178 2670/1590/1178
f 2670/1590/1179 2671/1590/1179 2675/1591/1179 2674/1591/1179
f 2674/1591/1176 2675/1591/1176 2673/1592/1176 2672/1592/1176
f 2672/1592/1177 2673/1592/1177 2669/1589/1177 2668/1589/1177
f 2670/1590/1187 2674/1591/1187 2672/1592/1187 2668/1589/1187
f 2675/1591/1180 2671/1590/1180 2669/1589/1180 2673/1592/1180
f 2676/1593/1178 2684/1593/1178 2685/1594/1178 2678/1594/1178
f 2678/1594/1179 2685/1594/1179 2686/1595/1179 2682/1595/1179
f 2682/1595/1176 2686/1595/1176 2687/1596/1176 2680/1596/1176
f 2680/1596/1177 2687/1596/1177 2684/1593/1177 2676/1593/1177
f 2678/1594/1187 2682/1595/1187 2680/1596/1187 2676/1593/1187
f 2681/1597/1176 2683/1598/1176 2690/1598/1176 2691/1597/1176
f 2677/1599/1180 2679/1600/1180 2685/1594/1180 2684/1593/1180
f 2679/1600/1180 2683/1601/1180 2686/1595/1180 2685/1594/1180
f 2683/1601/1180 2681/1602/1180 2687/1596/1180 2686/1595/1180
f 2681/1602/1180 2677/1599/1180 2684/1593/1180 2687/1596/1180
f 2690/1598/1180 2689/1603/1180 2688/1604/1180 2691/1597/1180
f 2679/1603/1178 2677/1604/1178 2688/1604/1178 2689/1603/1178
f 2677/1604/1177 2681/1597/1177 2691/1597/1177 2688/1604/1177
f 2683/1598/1179 2679/1603/1179 2689/1603/1179 2690/1598/1179
f 2692/1605/1178 2693/1605/1178 2695/1606/1178 2694/1606/1178
f 2694/1606/1179 2695/1606/1179 2699/1607/1179 2698/1607/1179
f 2698/1607/1176 2699/1607/1176 2697/1608/1176 2696/1608/1176
f 2696/1608/1177 2697/1608/1177 2693/1605/1177 2692/1605/1177
f 2694/1606/1187 2698/1607/1187 2696/1608/1187 2692/1605/1187
f 2699/1607/1180 2695/1606/1180 2693/1605/1180 2697/1608/1180
f 2700/1609/1178 2701/1609/1178 2703/1610/1178 2702/1610/1178
f 2702/1610/1179 2703/1610/1179 2707/1611/1179 2706/1611/1179
f 2706/1611/1176 2707/1611/1176 2705/1612/1176 2704/1612/1176
f 2704/1612/1177 2705/1612/1177 2701/1609/1177 2700/1609/1177
f 2702/1610/1187 2706/1611/1187 2704/1612/1187 2700/1609/1187
f 2707/1611/1180 2703/1610/1180 2701/1609/1180 2705/1612/1180
f 2716/1613/1180 2717/1614/1180 2723/1615/1180 2722/1616/1180
f 2710/1614/1179 2711/1614/1179 2715/1617/1179 2714/1617/1179
f 2714/1617/1176 2715/1617/1176 2713/1618/1176 2712/1618/1176
f 2712/1618/1177 2713/1618/1177 2709/1613/1177 2708/1613/1177
f 2710/1614/1187 2714/1617/1187 2712/1618/1187 2708/1613/1187
f 2708/1613/1177 2709/1613/1177 2719/1616/1177 2718/1616/1177
f 2709/1613/1177 2713/1618/1177 2716/1613/1177
f 2715/1617/1179 2711/1614/1179 2717/1614/1179
f 2718/1616/1178 2719/1616/1178 2721/1615/1178 2720/1615/1178
f 2721/1615/1178 2719/1616/1178 2722/1616/1178 2723/1615/1178
f 2717/1614/1179 2711/1614/1179 2721/1615/1179 2723/1615/1179
f 2710/1614/1187 2708/1613/1187 2718/1616/1187 2720/1615/1187
f 2709/1613/1177 2716/1613/1177 2722/1616/1177 2719/1616/1177
f 2711/1614/1179 2710/1614/1179 2720/1615/1179 2721/1615/1179
f 2713/1618/1272 2715/1617/1272 2717/1614/1272 2716/1613/1272
f 2732/1613/1180 2738/1616/1180 2739/1615/1180 2733/1614/1180
f 2726/1614/1179 2730/1617/1179 2731/1617/1179 2727/1614/1179
f 2730/1617/1178 2728/1618/1178 2729/1618/1178 2731/1617/1178
f 2728/1618/1177 2724/1613/1177 2725/1613/1177 2729/1618/1177
f 2726/1614/1187 2724/1613/1187 2728/1618/1187 2730/1617/1187
f 2724/1613/1177 2734/1616/1177 2735/1616/1177 2725/1613/1177
f 2725/1613/1177 2732/1613/1177 2729/1618/1177
f 2731/1617/1179 2733/1614/1179 2727/1614/1179
f 2734/1616/1176 2736/1615/1176 2737/1615/1176 2735/1616/1176
f 2737/1615/1176 2739/1615/1176 2738/1616/1176 2735/1616/1176
f 2733/1614/1179 2739/1615/1179 2737/1615/1179 2727/1614/1179
f 2726/1614/1187 2736/1615/1187 2734/1616/1187 2724/1613/1187
f 2725/1613/1177 2735/1616/1177 2738/1616/1177 2732/1613/1177
f 2727/1614/1179 2737/1615/1179 2736/1615/1179 2726/1614/1179
f 2729/1618/1273 2732/1613/1273 2733/1614/1273 2731/1617/1273
f 2740/1619/1178 2741/1620/1178 2743/1621/1178 2742/1622/1178
f 2742/1622/1274 2743/1621/1274 2747/1623/1274 2746/1624/1274
f 2746/1624/1176 2747/1623/1176 2745/1625/1176 2744/1626/1176
f 2744/1626/1275 2745/1625/1275 2741/1620/1275 2740/1619/1275
f 2742/1622/1276 2746/1624/1276 2744/1626/1276 2740/1619/1276
f 2747/1623/1277 2743/1621/1277 2741/1620/1277 2745/1625/1277
f 2748/1627/1178 2749/1628/1178 2751/1629/1178 2750/1630/1178
f 2750/1630/1274 2751/1629/1274 2755/1631/1274 2754/1632/1274
f 2754/1632/1176 2755/1631/1176 2753/1633/1176 2752/1634/1176
f 2752/1634/1278 2753/1633/1278 2749/1628/1278 2748/1627/1278
f 2750/1630/1276 2754/1632/1276 2752/1634/1276 2748/1627/1276
f 2755/1631/1279 2751/1629/1279 2749/1628/1279 2753/1633/1279
f 2756/1635/1178 2757/1636/1178 2759/1637/1178 2758/1638/1178
f 2758/1638/1274 2759/1637/1274 2763/1639/1274 2762/1640/1274
f 2762/1640/1176 2763/1639/1176 2761/1641/1176 2760/1642/1176
f 2760/1642/1275 2761/1641/1275 2757/1636/1275 2756/1635/1275
f 2758/1638/1276 2762/1640/1276 2760/1642/1276 2756/1635/1276
f 2763/1639/1277 2759/1637/1277 2757/1636/1277 2761/1641/1277
f 2764/1643/1176 2766/1644/1176 2767/1645/1176 2765/1646/1176
f 2766/1644/1274 2770/1647/1274 2771/1648/1274 2767/1645/1274
f 2770/1647/1178 2768/1649/1178 2769/1650/1178 2771/1648/1178
f 2768/1649/1275 2764/1643/1275 2765/1646/1275 2769/1650/1275
f 2766/1644/1276 2764/1643/1276 2768/1649/1276 2770/1647/1276
f 2771/1648/1277 2769/1650/1277 2765/1646/1277 2767/1645/1277
f 2772/1651/1176 2774/1652/1176 2775/1653/1176 2773/1654/1176
f 2774/1652/1274 2778/1655/1274 2779/1656/1274 2775/1653/1274
f 2778/1655/1178 2776/1657/1178 2777/1658/1178 2779/1656/1178
f 2776/1657/1278 2772/1651/1278 2773/1654/1278 2777/1658/1278
f 2774/1652/1276 2772/1651/1276 2776/1657/1276 2778/1655/1276
f 2779/1656/1279 2777/1658/1279 2773/1654/1279 2775/1653/1279
f 2780/1659/1176 2782/1660/1176 2783/1661/1176 2781/1662/1176
f 2782/1660/1274 2786/1663/1274 2787/1664/1274 2783/1661/1274
f 2786/1663/1178 2784/1665/1178 2785/1666/1178 2787/1664/1178
f 2784/1665/1275 2780/1659/1275 2781/1662/1275 2785/1666/1275
f 2782/1660/1276 2780/1659/1276 2784/1665/1276 2786/1663/1276
f 2787/1664/1277 2785/1666/1277 2781/1662/1277 2783/1661/1277
f 2788/1667/1178 2789/1667/1178 2791/1668/1178 2790/1668/1178
f 2790/1668/1179 2791/1668/1179 2795/1669/1179 2794/1669/1179
f 2794/1669/1176 2795/1669/1176 2793/1670/1176 2792/1670/1176
f 2792/1670/1177 2793/1670/1177 2789/1667/1177 2788/1667/1177
f 2790/1668/1187 2794/1669/1187 2792/1670/1187 2788/1667/1187
f 2795/1669/1180 2791/1668/1180 2789/1667/1180 2793/1670/1180
f 2796/1671/1178 2797/1671/1178 2799/1672/1178 2798/1672/1178
f 2798/1672/1179 2799/1672/1179 2803/1673/1179 2802/1673/1179
f 2802/1673/1176 2803/1673/1176 2801/1674/1176 2800/1674/1176
f 2800/1674/1177 2801/1674/1177 2797/1671/1177 2796/1671/1177
f 2798/1672/1187 2802/1673/1187 2800/1674/1187 2796/1671/1187
f 2803/1673/1180 2799/1672/1180 2797/1671/1180 2801/1674/1180
f 2804/1675/1178 2805/1675/1178 2807/1676/1178 2806/1676/1178
f 2806/1676/1179 2807/1676/1179 2811/1677/1179 2810/1677/1179
f 2810/1677/1176 2811/1677/1176 2809/1678/1176 2808/1678/1176
f 2808/1678/1177 2809/1678/1177 2805/1675/1177 2804/1675/1177
f 2806/1676/1187 2810/1677/1187 2808/1678/1187 2804/1675/1187
f 2811/1677/1180 2807/1676/1180 2805/1675/1180 2809/1678/1180
f 2812/1679/1178 2813/1679/1178 2815/1680/1178 2814/1680/1178
f 2814/1680/1179 2815/1680/1179 2819/1681/1179 2818/1681/1179
f 2818/1681/1176 2819/1681/1176 2817/1682/1176 2816/1682/1176
f 2816/1682/1177 2817/1682/1177 2813/1679/1177 2812/1679/1177
f 2814/1680/1187 2818/1681/1187 2816/1682/1187 2812/1679/1187
f 2819/1681/1180 2815/1680/1180 2813/1679/1180 2817/1682/1180
f 2820/1683/1178 2821/1683/1178 2823/1684/1178 2822/1684/1178
f 2822/1684/1179 2823/1684/1179 2827/1685/1179 2826/1685/1179
f 2826/1685/1176 2827/1685/1176 2825/1686/1176 2824/1686/1176
f 2824/1686/1177 2825/1686/1177 2821/1683/1177 2820/1683/1177
f 2822/1684/1187 2826/1685/1187 2824/1686/1187 2820/1683/1187
f 2827/1685/1180 2823/1684/1180 2821/1683/1180 2825/1686/1180
f 2829/1687/1280 2828/1688/1280 2831/1689/1280 2830/1690/1280
f 2833/1691/1281 2834/1692/1281 2835/1693/1281 2832/1694/1281
f 2831/1689/1178 2835/1693/1178 2834/1692/1178 2830/1690/1178
f 2829/1687/1176 2833/1691/1176 2832/1694/1176 2828/1688/1176
f 2830/1690/1282 2834/1692/1282 2833/1691/1282 2829/1687/1282
f 2828/1688/1283 2832/1694/1283 2835/1693/1283 2831/1689/1283
f 2837/1695/1175 2838/1696/1175 2839/1697/1175 2836/1698/1175
f 2840/1699/1284 2909/1699/1284 2915/1700/1284 2847/1700/1284
f 2849/1701/1175 2850/1702/1175 2851/1703/1175 2848/1704/1175
f 2853/1705/1175 2854/1706/1175 2855/1707/1175 2852/1708/1175
f 2857/1709/1175 2858/1710/1175 2859/1711/1175 2856/1712/1175
f 2861/1713/1175 2862/1714/1175 2863/1715/1175 2860/1716/1175
f 2865/1717/1175 2866/1718/1175 2867/1719/1175 2864/1720/1175
f 2869/1721/1261 2868/1722/1261 2871/1723/1261 2870/1724/1261
f 2872/1725/1261 2878/1726/1261 2876/1727/1261
f 2881/1728/1261 2880/1729/1261 2883/1730/1261 2882/1731/1261
f 2885/1732/1261 2884/1733/1261 2887/1734/1261 2886/1735/1261
f 2889/1736/1261 2888/1737/1261 2891/1738/1261 2890/1739/1261
f 2893/1740/1261 2892/1741/1261 2895/1742/1261 2894/1743/1261
f 2897/1744/1261 2896/1745/1261 2899/1746/1261 2898/1747/1261
f 2855/1707/1178 2854/1706/1178 2886/1735/1178 2887/1734/1178
f 2848/1704/1285 2851/1703/1285 2883/1730/1285 2880/1729/1285
f 2837/1695/1176 2836/1698/1176 2868/1722/1176 2869/1721/1176
f 2854/1706/1199 2853/1705/1199 2885/1732/1199 2886/1735/1199
f 2851/1703/1178 2850/1702/1178 2882/1731/1178 2883/1730/1178
f 2836/1698/1285 2839/1697/1285 2871/1723/1285 2868/1722/1285
f 2857/1709/1176 2856/1712/1176 2888/1737/1176 2889/1736/1176
f 2850/1702/1286 2849/1701/1286 2881/1728/1286 2882/1731/1286
f 2839/1697/1178 2838/1696/1178 2870/1724/1178 2871/1723/1178
f 2856/1712/1285 2859/1711/1285 2891/1738/1285 2888/1737/1285
f 2838/1696/1199 2837/1695/1199 2869/1721/1199 2870/1724/1199
f 2859/1711/1178 2858/1710/1178 2890/1739/1178 2891/1738/1178
f 2840/1699/1287 2872/1725/1287 2873/1748/1287 2841/1749/1287
f 2858/1710/1286 2857/1709/1286 2889/1736/1286 2890/1739/1286
f 2841/1749/1288 2873/1748/1288 2874/1750/1288 2842/1751/1288
f 2861/1713/1176 2860/1716/1176 2892/1741/1176 2893/1740/1176
f 2842/1751/1289 2874/1750/1289 2875/1752/1289 2843/1753/1289
f 2860/1716/1285 2863/1715/1285 2895/1742/1285 2892/1741/1285
f 2843/1753/1290 2875/1752/1290 2876/1727/1290 2844/1754/1290
f 2863/1715/1178 2862/1714/1178 2894/1743/1178 2895/1742/1178
f 2844/1754/1291 2876/1727/1291 2877/1755/1291 2845/1756/1291
f 2862/1714/1199 2861/1713/1199 2893/1740/1199 2894/1743/1199
f 2845/1756/1292 2877/1755/1292 2878/1726/1292 2846/1757/1292
f 2865/1717/1176 2864/1720/1176 2896/1745/1176 2897/1744/1176
f 2846/1757/1293 2878/1726/1293 2879/1758/1293 2847/1700/1293
f 2864/1720/1285 2867/1719/1285 2899/1746/1285 2896/1745/1285
f 2853/1705/1176 2852/1708/1176 2884/1733/1176 2885/1732/1176
f 2847/1700/1294 2879/1758/1294 2872/1725/1294 2840/1699/1294
f 2867/1719/1178 2866/1718/1178 2898/1747/1178 2899/1746/1178
f 2852/1708/1285 2855/1707/1285 2887/1734/1285 2884/1733/1285
f 2849/1701/1176 2848/1704/1176 2880/1729/1176 2881/1728/1176
f 2866/1718/1199 2865/1717/1199 2897/1744/1199 2898/1747/1199
f 2900/1759/1295 2916/1759/1295 2917/1760/1295 2901/1760/1295
f 2846/1757/1296 2914/1757/1296 2913/1756/1296 2845/1756/1296
f 2844/1754/1297 2912/1754/1297 2911/1753/1297 2843/1753/1297
f 2842/1751/1298 2910/1751/1298 2908/1749/1298 2841/1749/1298
f 2847/1700/1299 2915/1700/1299 2914/1757/1299 2846/1757/1299
f 2845/1756/1300 2913/1756/1300 2912/1754/1300 2844/1754/1300
f 2843/1753/1301 2911/1753/1301 2910/1751/1301 2842/1751/1301
f 2841/1749/1302 2908/1749/1302 2909/1699/1302 2840/1699/1302
f 2901/1760/1303 2909/1699/1303 2908/1749/1303 2900/1759/1303
f 2900/1759/1303 2908/1749/1303 2910/1751/1175 2902/1761/1175
f 2902/1761/1175 2910/1751/1175 2911/1753/1304 2903/1762/1304
f 2903/1762/1304 2911/1753/1304 2912/1754/1305 2904/1763/1305
f 2904/1763/1305 2912/1754/1305 2913/1756/1306 2905/1764/1306
f 2905/1764/1306 2913/1756/1306 2914/1757/1307 2906/1765/1307
f 2906/1765/1307 2914/1757/1307 2915/1700/1303 2907/1766/1303
f 2907/1766/1303 2915/1700/1303 2909/1699/1303 2901/1760/1303
f 2901/1760/1308 2917/1760/1308 2923/1766/1308 2907/1766/1308
f 2906/1765/1292 2922/1765/1292 2921/1764/1292 2905/1764/1292
f 2904/1763/1309 2920/1763/1309 2919/1762/1309 2903/1762/1309
f 2902/1761/1288 2918/1761/1288 2916/1759/1288 2900/1759/1288
f 2907/1766/1293 2923/1766/1293 2922/1765/1293 2906/1765/1293
f 2905/1764/1310 2921/1764/1310 2920/1763/1310 2904/1763/1310
f 2903/1762/1289 2919/1762/1289 2918/1761/1289 2902/1761/1289
f 2928/1767/1175 2930/1768/1175 2924/1769/1175
f 2932/1770/1261 2938/1771/1261 2936/1772/1261
f 2924/1769/1262 2932/1770/1262 2933/1773/1262 2925/1774/1262
f 2925/1774/1263 2933/1773/1263 2934/1775/1263 2926/1776/1263
f 2926/1776/1311 2934/1775/1311 2935/1777/1311 2927/1778/1311
f 2927/1778/1265 2935/1777/1265 2936/1772/1265 2928/1767/1265
f 2928/1767/1266 2936/1772/1266 2937/1779/1266 2929/1780/1266
f 2929/1780/1267 2937/1779/1267 2938/1771/1267 2930/1768/1267
f 2930/1768/1312 2938/1771/1312 2939/1781/1312 2931/1782/1312
f 2931/1782/1313 2939/1781/1313 2932/1770/1313 2924/1769/1313
f 2940/1783/1178 2948/1783/1178 2949/1784/1178 2942/1784/1178
f 2942/1784/1179 2949/1784/1179 2950/1785/1179 2946/1785/1179
f 2946/1785/1176 2950/1785/1176 2951/1786/1176 2944/1786/1176
f 2944/1786/1177 2951/1786/1177 2948/1783/1177 2940/1783/1177
f 2942/1784/1187 2946/1785/1187 2944/1786/1187 2940/1783/1187
f 2947/1787/1179 2943/1788/1179 2953/1788/1179 2954/1787/1179
f 2941/1789/1180 2943/1790/1180 2949/1784/1180 2948/1783/1180
f 2943/1790/1180 2947/1791/1180 2950/1785/1180 2949/1784/1180
f 2947/1791/1180 2945/1792/1180 2951/1786/1180 2950/1785/1180
f 2945/1792/1180 2941/1789/1180 2948/1783/1180 2951/1786/1180
f 2954/1787/1180 2953/1788/1180 2952/1793/1180 2955/1794/1180
f 2945/1794/1176 2947/1787/1176 2954/1787/1176 2955/1794/1176
f 2943/1788/1178 2941/1793/1178 2952/1793/1178 2953/1788/1178
f 2941/1793/1177 2945/1794/1177 2955/1794/1177 2952/1793/1177
f 2962/1795/1261 2960/1796/1261 2958/1797/1261
f 2971/1798/1293 2987/1799/1293 2986/1800/1293 2970/1801/1293
f 2963/1802/1293 2979/1803/1293 2978/1804/1293 2962/1795/1293
f 2961/1805/1314 2977/1806/1314 2976/1807/1314 2960/1796/1314
f 2959/1808/1315 2975/1809/1315 2974/1810/1315 2958/1797/1315
f 2956/1811/1316 2972/1812/1316 2973/1813/1316 2957/1814/1316
f 2957/1814/1294 2973/1813/1294 2979/1803/1294 2963/1802/1294
f 2962/1795/1292 2978/1804/1292 2977/1806/1292 2961/1805/1292
f 2960/1796/1317 2976/1807/1317 2975/1809/1317 2959/1808/1317
f 2958/1797/1288 2974/1810/1288 2972/1812/1288 2956/1811/1288
f 2965/1815/1318 2973/1813/1318 2972/1812/1318 2964/1816/1318
f 2964/1816/1319 2972/1812/1319 2974/1810/1319 2966/1817/1319
f 2966/1817/1320 2974/1810/1320 2975/1809/1320 2967/1818/1320
f 2967/1818/1321 2975/1809/1321 2976/1807/1321 2968/1819/1321
f 2968/1819/1322 2976/1807/1322 2977/1806/1322 2969/1820/1322
f 2969/1820/1323 2977/1806/1323 2978/1804/1323 2970/1801/1323
f 2970/1801/1324 2978/1804/1325 2979/1803/1325 2971/1798/1325
f 2971/1798/1326 2979/1803/1326 2973/1813/1326 2965/1815/1326
f 2982/1821/1175 2984/1822/1303 2986/1800/1175
f 2969/1820/1327 2985/1823/1327 2984/1822/1327 2968/1819/1327
f 2967/1818/1289 2983/1824/1289 2982/1821/1289 2966/1817/1289
f 2964/1816/1328 2980/1825/1328 2981/1826/1328 2965/1815/1328
f 2965/1815/1329 2981/1826/1329 2987/1799/1329 2971/1798/1329
f 2970/1801/1330 2986/1800/1330 2985/1823/1330 2969/1820/1330
f 2968/1819/1317 2984/1822/1317 2983/1824/1317 2967/1818/1317
f 2966/1817/1288 2982/1821/1288 2980/1825/1288 2964/1816/1288
f 2990/1827/1331 2989/1828/1331 2988/1829/1331 2991/1830/1331
f 2994/1831/1332 2995/1832/1332 2992/1833/1332 2993/1834/1332
f 2998/1835/1333 2992/1833/1333 2995/1832/1333 2997/1836/1333
f 3002/1837/1334 2994/1831/1334 2993/1834/1334 3001/1838/1334
f 2997/1836/1335 2995/1832/1335 2994/1831/1335 3002/1837/1335
f 3001/1838/1336 2993/1834/1336 2992/1833/1336 2998/1835/1336
f 2989/1828/1336 3000/1839/1336 2999/1840/1336 2988/1829/1336
f 3000/1839/1336 3001/1838/1336 2998/1835/1336 2999/1840/1336
f 2991/1830/1335 2996/1841/1335 3003/1842/1335 2990/1827/1335
f 2996/1841/1335 2997/1836/1335 3002/1837/1335 3003/1842/1335
f 2990/1827/1337 3003/1842/1337 3000/1839/1337 2989/1828/1337
f 3003/1842/1338 3002/1837/1338 3001/1838/1338 3000/1839/1338
f 2988/1829/1339 2999/1840/1339 2996/1841/1339 2991/1830/1339
f 2999/1840/1340 2998/1835/1340 2997/1836/1340 2996/1841/1340
f 3004/1325/1178 3005/1325/1178 3012/1325/1178 3013/1325/1178
f 3010/1325/1180 3006/1325/1180 3017/1325/1180 3018/1325/1180
f 3014/1325/1176 3015/1325/1176 3009/1325/1176 3008/1325/1176
f 3008/1325/1177 3009/1325/1177 3005/1325/1177 3004/1325/1177
f 3013/1325/1187 3014/1325/1187 3008/1325/1187 3004/1325/1187
f 3015/1325/1180 3012/1325/1180 3005/1325/1180 3009/1325/1180
f 3007/1325/1179 3006/1325/1179 3013/1325/1179 3012/1325/1179
f 3006/1325/1179 3010/1325/1179 3014/1325/1179 3013/1325/1179
f 3011/1325/1179 3007/1325/1179 3012/1325/1179 3015/1325/1179
f 3010/1325/1179 3011/1325/1179 3015/1325/1179 3014/1325/1179
f 3017/1843/1179 3016/1843/1179 3019/1843/1179 3018/1843/1179
f 3007/1325/1187 3011/1325/1187 3019/1325/1187 3016/1325/1187
f 3006/1325/1176 3007/1325/1176 3016/1325/1176 3017/1325/1176
f 3011/1325/1178 3010/1325/1178 3018/1325/1178 3019/1325/1178
f 3049/1844/1180 3048/1845/1180 3023/1846/1180 3022/1847/1180
f 3051/1844/1341 3026/1847/1341 3027/1848/1341 3050/1849/1341
f 3071/1850/1342 3050/1849/1342 3027/1848/1342 3066/1851/1342
f 3068/1852/1176 3024/1852/1176 3025/1853/1176 3067/1854/1176
f 3070/1844/1177 3051/1844/1177 3024/1852/1177 3068/1852/1177
f 3061/1844/1177 3052/1844/1177 3030/1852/1177 3046/1852/1177
f 3046/1852/1176 3030/1852/1176 3029/1855/1176 3045/1856/1176
f 3060/1857/1343 3053/1858/1343 3028/1859/1343 3044/1860/1343
f 3048/1845/1180 3056/1861/1180 3037/1862/1180 3023/1846/1180
f 3020/1852/1176 3033/1852/1176 3032/1863/1176 3021/1863/1176
f 3049/1844/1177 3055/1844/1177 3033/1852/1177 3020/1852/1177
f 3056/1861/1179 3057/1861/1179 3039/1862/1179 3037/1862/1179
f 3032/1863/1176 3038/1864/1176 3036/1864/1176 3021/1863/1176
f 3054/1845/1187 3057/1861/1187 3038/1864/1187 3032/1863/1187
f 3054/1845/1343 3058/1865/1343 3040/1866/1343 3035/1846/1343
f 3033/1852/1176 3042/1852/1176 3041/1867/1176 3032/1863/1176
f 3055/1844/1177 3059/1844/1177 3042/1852/1177 3033/1852/1177
f 3044/1860/1180 3063/1868/1180 3065/1869/1180 3060/1857/1180
f 3042/1852/1176 3046/1852/1176 3045/1856/1176 3041/1867/1176
f 3059/1844/1177 3061/1844/1177 3046/1852/1177 3042/1852/1177
f 3043/1847/1177 3047/1847/1177 3061/1844/1177 3059/1844/1177
f 3041/1867/1343 3045/1856/1343 3060/1857/1343 3058/1865/1343
f 3034/1847/1177 3043/1847/1177 3059/1844/1177 3055/1844/1177
f 3032/1863/1343 3041/1867/1343 3058/1865/1343 3054/1845/1343
f 3035/1846/1187 3039/1862/1187 3057/1861/1187 3054/1845/1187
f 3036/1864/1179 3038/1864/1179 3057/1861/1179 3056/1861/1179
f 3022/1847/1177 3034/1847/1177 3055/1844/1177 3049/1844/1177
f 3021/1863/1180 3036/1864/1180 3056/1861/1180 3048/1845/1180
f 3045/1856/1343 3029/1855/1343 3053/1858/1343 3060/1857/1343
f 3047/1847/1177 3031/1847/1177 3052/1844/1177 3061/1844/1177
f 3069/1847/1177 3026/1847/1177 3051/1844/1177 3070/1844/1177
f 3067/1854/1342 3025/1853/1342 3050/1849/1342 3071/1850/1342
f 3024/1852/1341 3051/1844/1341 3050/1849/1341 3025/1853/1341
f 3020/1852/1180 3021/1863/1180 3048/1845/1180 3049/1844/1180
f 3064/1870/1343 3065/1871/1343 3063/1872/1343 3062/1873/1343
f 3058/1865/1187 3064/1874/1187 3062/1875/1187 3040/1866/1187
f 3060/1857/1178 3065/1869/1178 3064/1874/1178 3058/1865/1178
f 3029/1855/1344 3067/1854/1344 3071/1850/1344 3053/1858/1344
f 3031/1847/1177 3069/1847/1177 3070/1844/1177 3052/1844/1177
f 3052/1844/1177 3070/1844/1177 3068/1852/1177 3030/1852/1177
f 3030/1852/1176 3068/1852/1176 3067/1854/1176 3029/1855/1176
f 3053/1858/1344 3071/1850/1344 3066/1851/1344 3028/1859/1344
f 3087/1844/1180 3022/1847/1180 3023/1846/1180 3086/1845/1180
f 3089/1844/1341 3088/1849/1341 3027/1848/1341 3026/1847/1341
f 3105/1850/1342 3066/1851/1342 3027/1848/1342 3088/1849/1342
f 3103/1852/1178 3102/1854/1178 3075/1853/1178 3074/1852/1178
f 3104/1844/1177 3103/1852/1177 3074/1852/1177 3089/1844/1177
f 3099/1844/1177 3085/1852/1177 3077/1852/1177 3090/1844/1177
f 3085/1852/1178 3084/1856/1178 3076/1855/1178 3077/1852/1178
f 3098/1857/1343 3044/1860/1343 3028/1859/1343 3091/1858/1343
f 3086/1845/1180 3023/1846/1180 3037/1862/1180 3094/1861/1180
f 3072/1852/1178 3073/1863/1178 3078/1863/1178 3079/1852/1178
f 3087/1844/1177 3072/1852/1177 3079/1852/1177 3093/1844/1177
f 3094/1861/1179 3037/1862/1179 3039/1862/1179 3095/1861/1179
f 3078/1863/1178 3073/1863/1178 3080/1864/1178 3081/1864/1178
f 3092/1845/1187 3078/1863/1187 3081/1864/1187 3095/1861/1187
f 3092/1845/1343 3035/1846/1343 3040/1866/1343 3096/1865/1343
f 3079/1852/1178 3078/1863/1178 3082/1867/1178 3083/1852/1178
f 3093/1844/1177 3079/1852/1177 3083/1852/1177 3097/1844/1177
f 3044/1860/1180 3098/1857/1180 3101/1869/1180 3063/1868/1180
f 3083/1852/1178 3082/1867/1178 3084/1856/1178 3085/1852/1178
f 3097/1844/1177 3083/1852/1177 3085/1852/1177 3099/1844/1177
f 3043/1847/1177 3097/1844/1177 3099/1844/1177 3047/1847/1177
f 3082/1867/1343 3096/1865/1343 3098/1857/1343 3084/1856/1343
f 3034/1847/1177 3093/1844/1177 3097/1844/1177 3043/1847/1177
f 3078/1863/1343 3092/1845/1343 3096/1865/1343 3082/1867/1343
f 3035/1846/1187 3092/1845/1187 3095/1861/1187 3039/1862/1187
f 3080/1864/1179 3094/1861/1179 3095/1861/1179 3081/1864/1179
f 3022/1847/1177 3087/1844/1177 3093/1844/1177 3034/1847/1177
f 3073/1863/1180 3086/1845/1180 3094/1861/1180 3080/1864/1180
f 3084/1856/1343 3098/1857/1343 3091/1858/1343 3076/1855/1343
f 3047/1847/1177 3099/1844/1177 3090/1844/1177 3031/1847/1177
f 3069/1847/1177 3104/1844/1177 3089/1844/1177 3026/1847/1177
f 3102/1854/1342 3105/1850/1342 3088/1849/1342 3075/1853/1342
f 3074/1852/1341 3075/1853/1341 3088/1849/1341 3089/1844/1341
f 3072/1852/1180 3087/1844/1180 3086/1845/1180 3073/1863/1180
f 3100/1870/1343 3062/1873/1343 3063/1872/1343 3101/1871/1343
f 3096/1865/1187 3040/1866/1187 3062/1875/1187 3100/1874/1187
f 3098/1857/1176 3096/1865/1176 3100/1874/1176 3101/1869/1176
f 3076/1855/1344 3091/1858/1344 3105/1850/1344 3102/1854/1344
f 3031/1847/1177 3090/1844/1177 3104/1844/1177 3069/1847/1177
f 3090/1844/1177 3077/1852/1177 3103/1852/1177 3104/1844/1177
f 3077/1852/1178 3076/1855/1178 3102/1854/1178 3103/1852/1178
f 3091/1858/1344 3028/1859/1344 3066/1851/1344 3105/1850/1344
f 3111/1876/1187 3112/1877/1187 3108/1878/1187 3106/1879/1187
f 3107/1880/1187 3109/1881/1187 3113/1882/1187 3110/1883/1187
f 3110/1883/1187 3113/1882/1187 3112/1877/1187 3111/1876/1187
f 3119/1884/1180 3114/1885/1180 3116/1886/1180 3120/1887/1180
f 3115/1888/1180 3118/1889/1180 3121/1890/1180 3117/1891/1180
f 3118/1889/1180 3119/1884/1180 3120/1887/1180 3121/1890/1180
f 3107/1880/1345 3115/1888/1345 3117/1891/1345 3109/1881/1345
f 3112/1877/1346 3120/1887/1346 3116/1886/1346 3108/1878/1346
f 3110/1883/1347 3118/1889/1347 3115/1888/1347 3107/1880/1347
f 3109/1881/1348 3117/1891/1348 3121/1890/1348 3113/1882/1348
f 3106/1879/1349 3114/1885/1349 3119/1884/1349 3111/1876/1349
f 3113/1882/1350 3121/1890/1350 3120/1887/1350 3112/1877/1350
f 3111/1876/1351 3119/1884/1351 3118/1889/1351 3110/1883/1351
f 3108/1878/1352 3116/1886/1352 3114/1885/1352 3106/1879/1352
f 3122/1892/1178 3123/1893/1178 3125/1894/1178 3124/1895/1178
f 3124/1895/1353 3125/1894/1353 3129/1896/1353 3128/1897/1353
f 3128/1897/1176 3129/1896/1176 3127/1898/1176 3126/1899/1176
f 3126/1899/1354 3127/1898/1354 3123/1893/1354 3122/1892/1354
f 3124/1895/1355 3128/1897/1355 3126/1899/1355 3122/1892/1355
f 3129/1896/1356 3125/1894/1356 3123/1893/1356 3127/1898/1356
f 3130/1900/1178 3131/1901/1178 3133/1902/1178 3132/1903/1178
f 3132/1903/1353 3133/1902/1353 3137/1904/1353 3136/1905/1353
f 3136/1905/1176 3137/1904/1176 3135/1906/1176 3134/1907/1176
f 3134/1907/1354 3135/1906/1354 3131/1901/1354 3130/1900/1354
f 3132/1903/1355 3136/1905/1355 3134/1907/1355 3130/1900/1355
f 3137/1904/1356 3133/1902/1356 3131/1901/1356 3135/1906/1356
f 3138/1908/1178 3139/1909/1178 3141/1910/1178 3140/1911/1178
f 3140/1911/1353 3141/1910/1353 3145/1912/1353 3144/1913/1353
f 3144/1913/1176 3145/1912/1176 3143/1914/1176 3142/1915/1176
f 3142/1915/1354 3143/1914/1354 3139/1909/1354 3138/1908/1354
f 3140/1911/1355 3144/1913/1355 3142/1915/1355 3138/1908/1355
f 3145/1912/1356 3141/1910/1356 3139/1909/1356 3143/1914/1356
f 3146/1916/1178 3147/1917/1178 3149/1918/1178 3148/1919/1178
f 3148/1919/1357 3149/1918/1357 3153/1920/1357 3152/1921/1357
f 3152/1921/1176 3153/1920/1176 3151/1922/1176 3150/1923/1176
f 3150/1923/1354 3151/1922/1354 3147/1917/1354 3146/1916/1354
f 3148/1919/1355 3152/1921/1355 3150/1923/1355 3146/1916/1355
f 3153/1920/1358 3149/1918/1358 3147/1917/1358 3151/1922/1358
f 3154/1924/1356 3155/1925/1356 3157/1926/1356 3156/1927/1356
f 3156/1927/1353 3157/1926/1353 3161/1928/1353 3160/1929/1353
f 3160/1929/1355 3161/1928/1355 3159/1930/1355 3158/1931/1355
f 3158/1931/1354 3159/1930/1354 3155/1925/1354 3154/1924/1354
f 3156/1927/1178 3160/1929/1178 3158/1931/1178 3154/1924/1178
f 3161/1928/1176 3157/1926/1176 3155/1925/1176 3159/1930/1176
f 3162/1932/1178 3163/1933/1178 3165/1934/1178 3164/1935/1178
f 3164/1935/1353 3165/1934/1353 3169/1936/1353 3168/1937/1353
f 3168/1937/1176 3169/1936/1176 3167/1938/1176 3166/1939/1176
f 3166/1939/1359 3167/1938/1359 3163/1933/1359 3162/1932/1359
f 3164/1935/1355 3168/1937/1355 3166/1939/1355 3162/1932/1355
f 3169/1936/1356 3165/1934/1356 3163/1933/1356 3167/1938/1356
f 3170/1940/1178 3171/1941/1178 3173/1942/1178 3172/1943/1178
f 3172/1943/1353 3173/1942/1353 3177/1944/1353 3176/1945/1353
f 3176/1945/1176 3177/1944/1176 3175/1946/1176 3174/1947/1176
f 3174/1947/1354 3175/1946/1354 3171/1941/1354 3170/1940/1354
f 3172/1943/1355 3176/1945/1355 3174/1947/1355 3170/1940/1355
f 3177/1944/1356 3173/1942/1356 3171/1941/1356 3175/1946/1356
f 3178/1948/1356 3179/1949/1356 3181/1950/1356 3180/1951/1356
f 3180/1951/1353 3181/1950/1353 3185/1952/1353 3184/1953/1353
f 3184/1953/1355 3185/1952/1355 3183/1954/1355 3182/1955/1355
f 3182/1955/1354 3183/1954/1354 3179/1949/1354 3178/1948/1354
f 3180/1951/1178 3184/1953/1178 3182/1955/1178 3178/1948/1178
f 3185/1952/1176 3181/1950/1176 3179/1949/1176 3183/1954/1176
f 3186/1956/1178 3187/1957/1178 3189/1958/1178 3188/1959/1178
f 3188/1959/1353 3189/1958/1353 3193/1960/1353 3192/1961/1353
f 3192/1961/1176 3193/1960/1176 3191/1962/1176 3190/1963/1176
f 3190/1963/1354 3191/1962/1354 3187/1957/1354 3186/1956/1354
f 3188/1959/1355 3192/1961/1355 3190/1963/1355 3186/1956/1355
f 3193/1960/1356 3189/1958/1356 3187/1957/1356 3191/1962/1356
f 3194/1964/1178 3195/1965/1178 3197/1966/1178 3196/1967/1178
f 3196/1967/1353 3197/1966/1353 3201/1968/1353 3200/1969/1353
f 3200/1969/1176 3201/1968/1176 3199/1970/1176 3198/1971/1176
f 3198/1971/1354 3199/1970/1354 3195/1965/1354 3194/1964/1354
f 3196/1967/1355 3200/1969/1355 3198/1971/1355 3194/1964/1355
f 3201/1968/1356 3197/1966/1356 3195/1965/1356 3199/1970/1356
f 3202/1972/1178 3203/1973/1178 3205/1974/1178 3204/1975/1178
f 3204/1975/1353 3205/1974/1353 3209/1976/1353 3208/1977/1353
f 3208/1977/1176 3209/1976/1176 3207/1978/1176 3206/1979/1176
f 3206/1979/1354 3207/1978/1354 3203/1973/1354 3202/1972/1354
f 3204/1975/1355 3208/1977/1355 3206/1979/1355 3202/1972/1355
f 3209/1976/1356 3205/1974/1356 3203/1973/1356 3207/1978/1356
f 3210/1980/1178 3211/1981/1178 3213/1982/1178 3212/1983/1178
f 3212/1983/1353 3213/1982/1353 3217/1984/1353 3216/1985/1353
f 3216/1985/1176 3217/1984/1176 3215/1986/1176 3214/1987/1176
f 3214/1987/1354 3215/1986/1354 3211/1981/1354 3210/1980/1354
f 3212/1983/1355 3216/1985/1355 3214/1987/1355 3210/1980/1355
f 3217/1984/1356 3213/1982/1356 3211/1981/1356 3215/1986/1356
f 3218/1988/1178 3219/1989/1178 3221/1990/1178 3220/1991/1178
f 3220/1991/1353 3221/1990/1353 3225/1992/1353 3224/1993/1353
f 3224/1993/1176 3225/1992/1176 3223/1994/1176 3222/1995/1176
f 3222/1995/1354 3223/1994/1354 3219/1989/1354 3218/1988/1354
f 3220/1991/1355 3224/1993/1355 3222/1995/1355 3218/1988/1355
f 3225/1992/1356 3221/1990/1356 3219/1989/1356 3223/1994/1356
f 3226/1996/1178 3227/1997/1178 3229/1998/1178 3228/1999/1178
f 3228/1999/1353 3229/1998/1353 3233/2000/1353 3232/2001/1353
f 3232/2001/1176 3233/2000/1176 3231/2002/1176 3230/2003/1176
f 3230/2003/1354 3231/2002/1354 3227/1997/1354 3226/1996/1354
f 3228/1999/1355 3232/2001/1355 3230/2003/1355 3226/1996/1355
f 3233/2000/1356 3229/1998/1356 3227/1997/1356 3231/2002/1356
f 3234/2004/1178 3235/2005/1178 3237/2006/1178 3236/2007/1178
f 3236/2007/1353 3237/2006/1353 3241/2008/1353 3240/2009/1353
f 3240/2009/1176 3241/2008/1176 3239/2010/1176 3238/2011/1176
f 3238/2011/1354 3239/2010/1354 3235/2005/1354 3234/2004/1354
f 3236/2007/1355 3240/2009/1355 3238/2011/1355 3234/2004/1355
f 3241/2008/1356 3237/2006/1356 3235/2005/1356 3239/2010/1356
f 3242/2012/1178 3243/2013/1178 3245/2014/1178 3244/2015/1178
f 3244/2015/1353 3245/2014/1353 3249/2016/1353 3248/2017/1353
f 3248/2017/1176 3249/2016/1176 3247/2018/1176 3246/2019/1176
f 3246/2019/1354 3247/2018/1354 3243/2013/1354 3242/2012/1354
f 3244/2015/1355 3248/2017/1355 3246/2019/1355 3242/2012/1355
f 3249/2016/1356 3245/2014/1356 3243/2013/1356 3247/2018/1356
f 3250/2020/1178 3251/2021/1178 3253/2022/1178 3252/2023/1178
f 3252/2023/1353 3253/2022/1353 3257/2024/1353 3256/2025/1353
f 3256/2025/1176 3257/2024/1176 3255/2026/1176 3254/2027/1176
f 3254/2027/1354 3255/2026/1354 3251/2021/1354 3250/2020/1354
f 3252/2023/1355 3256/2025/1355 3254/2027/1355 3250/2020/1355
f 3257/2024/1356 3253/2022/1356 3251/2021/1356 3255/2026/1356
f 3258/2028/1178 3259/2028/1178 3261/2029/1178 3260/2029/1178
f 3260/2029/1179 3261/2029/1179 3265/2030/1179 3264/2030/1179
f 3264/2030/1176 3265/2030/1176 3263/2031/1176 3262/2031/1176
f 3262/2031/1177 3263/2031/1177 3259/2028/1177 3258/2028/1177
f 3260/2029/1187 3264/2030/1187 3262/2031/1187 3258/2028/1187
f 3265/2030/1180 3261/2029/1180 3259/2028/1180 3263/2031/1180
f 3266/2028/1178 3267/2028/1178 3269/2029/1178 3268/2029/1178
f 3268/2029/1179 3269/2029/1179 3273/2030/1179 3272/2030/1179
f 3272/2030/1176 3273/2030/1176 3271/2031/1176 3270/2031/1176
f 3270/2031/1177 3271/2031/1177 3267/2028/1177 3266/2028/1177
f 3268/2029/1187 3272/2030/1187 3270/2031/1187 3266/2028/1187
f 3273/2030/1180 3269/2029/1180 3267/2028/1180 3271/2031/1180
f 3274/2028/1178 3275/2028/1178 3277/2029/1178 3276/2029/1178
f 3276/2029/1179 3277/2029/1179 3281/2030/1179 3280/2030/1179
f 3280/2030/1176 3281/2030/1176 3279/2031/1176 3278/2031/1176
f 3278/2031/1177 3279/2031/1177 3275/2028/1177 3274/2028/1177
f 3276/2029/1187 3280/2030/1187 3278/2031/1187 3274/2028/1187
f 3281/2030/1180 3277/2029/1180 3275/2028/1180 3279/2031/1180
f 3282/2028/1178 3283/2028/1178 3285/2029/1178 3284/2029/1178
f 3284/2029/1179 3285/2029/1179 3289/2030/1179 3288/2030/1179
f 3288/2030/1176 3289/2030/1176 3287/2031/1176 3286/2031/1176
f 3286/2031/1177 3287/2031/1177 3283/2028/1177 3282/2028/1177
f 3284/2029/1187 3288/2030/1187 3286/2031/1187 3282/2028/1187
f 3289/2030/1180 3285/2029/1180 3283/2028/1180 3287/2031/1180
f 3290/2028/1178 3291/2028/1178 3293/2029/1178 3292/2029/1178
f 3292/2029/1179 3293/2029/1179 3297/2030/1179 3296/2030/1179
f 3296/2030/1176 3297/2030/1176 3295/2031/1176 3294/2031/1176
f 3294/2031/1177 3295/2031/1177 3291/2028/1177 3290/2028/1177
f 3292/2029/1187 3296/2030/1187 3294/2031/1187 3290/2028/1187
f 3297/2030/1180 3293/2029/1180 3291/2028/1180 3295/2031/1180
f 3298/2028/1178 3299/2028/1178 3301/2029/1178 3300/2029/1178
f 3300/2029/1179 3301/2029/1179 3305/2030/1179 3304/2030/1179
f 3304/2030/1176 3305/2030/1176 3303/2031/1176 3302/2031/1176
f 3302/2031/1177 3303/2031/1177 3299/2028/1177 3298/2028/1177
f 3300/2029/1187 3304/2030/1187 3302/2031/1187 3298/2028/1187
f 3305/2030/1180 3301/2029/1180 3299/2028/1180 3303/2031/1180
f 3306/2028/1178 3307/2028/1178 3309/2029/1178 3308/2029/1178
f 3308/2029/1179 3309/2029/1179 3313/2030/1179 3312/2030/1179
f 3312/2030/1176 3313/2030/1176 3311/2031/1176 3310/2031/1176
f 3310/2031/1177 3311/2031/1177 3307/2028/1177 3306/2028/1177
f 3308/2029/1187 3312/2030/1187 3310/2031/1187 3306/2028/1187
f 3313/2030/1180 3309/2029/1180 3307/2028/1180 3311/2031/1180
f 3314/2028/1178 3315/2028/1178 3317/2029/1178 3316/2029/1178
f 3316/2029/1179 3317/2029/1179 3321/2030/1179 3320/2030/1179
f 3320/2030/1176 3321/2030/1176 3319/2031/1176 3318/2031/1176
f 3318/2031/1177 3319/2031/1177 3315/2028/1177 3314/2028/1177
f 3316/2029/1187 3320/2030/1187 3318/2031/1187 3314/2028/1187
f 3321/2030/1180 3317/2029/1180 3315/2028/1180 3319/2031/1180
f 3322/2028/1178 3323/2028/1178 3325/2029/1178 3324/2029/1178
f 3324/2029/1179 3325/2029/1179 3329/2030/1179 3328/2030/1179
f 3328/2030/1176 3329/2030/1176 3327/2031/1176 3326/2031/1176
f 3326/2031/1177 3327/2031/1177 3323/2028/1177 3322/2028/1177
f 3324/2029/1187 3328/2030/1187 3326/2031/1187 3322/2028/1187
f 3329/2030/1180 3325/2029/1180 3323/2028/1180 3327/2031/1180
f 3330/2028/1178 3331/2028/1178 3333/2029/1178 3332/2029/1178
f 3332/2029/1179 3333/2029/1179 3337/2030/1179 3336/2030/1179
f 3336/2030/1176 3337/2030/1176 3335/2031/1176 3334/2031/1176
f 3334/2031/1177 3335/2031/1177 3331/2028/1177 3330/2028/1177
f 3332/2029/1187 3336/2030/1187 3334/2031/1187 3330/2028/1187
f 3337/2030/1180 3333/2029/1180 3331/2028/1180 3335/2031/1180
f 3338/2028/1178 3339/2028/1178 3341/2029/1178 3340/2029/1178
f 3340/2029/1179 3341/2029/1179 3345/2030/1179 3344/2030/1179
f 3344/2030/1176 3345/2030/1176 3343/2031/1176 3342/2031/1176
f 3342/2031/1177 3343/2031/1177 3339/2028/1177 3338/2028/1177
f 3340/2029/1187 3344/2030/1187 3342/2031/1187 3338/2028/1187
f 3345/2030/1180 3341/2029/1180 3339/2028/1180 3343/2031/1180
f 3346/2028/1178 3347/2028/1178 3349/2029/1178 3348/2029/1178
f 3348/2029/1179 3349/2029/1179 3353/2030/1179 3352/2030/1179
f 3352/2030/1176 3353/2030/1176 3351/2031/1176 3350/2031/1176
f 3350/2031/1177 3351/2031/1177 3347/2028/1177 3346/2028/1177
f 3348/2029/1187 3352/2030/1187 3350/2031/1187 3346/2028/1187
f 3353/2030/1180 3349/2029/1180 3347/2028/1180 3351/2031/1180
f 3354/2028/1178 3355/2028/1178 3357/2029/1178 3356/2029/1178
f 3356/2029/1179 3357/2029/1179 3361/2030/1179 3360/2030/1179
f 3360/2030/1176 3361/2030/1176 3359/2031/1176 3358/2031/1176
f 3358/2031/1177 3359/2031/1177 3355/2028/1177 3354/2028/1177
f 3356/2029/1187 3360/2030/1187 3358/2031/1187 3354/2028/1187
f 3361/2030/1180 3357/2029/1180 3355/2028/1180 3359/2031/1180
f 3362/2028/1178 3363/2028/1178 3365/2029/1178 3364/2029/1178
f 3364/2029/1179 3365/2029/1179 3369/2030/1179 3368/2030/1179
f 3368/2030/1176 3369/2030/1176 3367/2031/1176 3366/2031/1176
f 3366/2031/1177 3367/2031/1177 3363/2028/1177 3362/2028/1177
f 3364/2029/1187 3368/2030/1187 3366/2031/1187 3362/2028/1187
f 3369/2030/1180 3365/2029/1180 3363/2028/1180 3367/2031/1180
f 3370/2028/1178 3371/2028/1178 3373/2029/1178 3372/2029/1178
f 3372/2029/1179 3373/2029/1179 3377/2030/1179 3376/2030/1179
f 3376/2030/1176 3377/2030/1176 3375/2031/1176 3374/2031/1176
f 3374/2031/1177 3375/2031/1177 3371/2028/1177 3370/2028/1177
f 3372/2029/1187 3376/2030/1187 3374/2031/1187 3370/2028/1187
f 3377/2030/1180 3373/2029/1180 3371/2028/1180 3375/2031/1180
f 3378/2028/1178 3379/2028/1178 3381/2029/1178 3380/2029/1178
f 3380/2029/1179 3381/2029/1179 3385/2030/1179 3384/2030/1179
f 3384/2030/1176 3385/2030/1176 3383/2031/1176 3382/2031/1176
f 3382/2031/1177 3383/2031/1177 3379/2028/1177 3378/2028/1177
f 3380/2029/1187 3384/2030/1187 3382/2031/1187 3378/2028/1187
f 3385/2030/1180 3381/2029/1180 3379/2028/1180 3383/2031/1180
f 3386/2028/1178 3387/2028/1178 3389/2029/1178 3388/2029/1178
f 3388/2029/1179 3389/2029/1179 3393/2030/1179 3392/2030/1179
f 3392/2030/1176 3393/2030/1176 3391/2031/1176 3390/2031/1176
f 3390/2031/1177 3391/2031/1177 3387/2028/1177 3386/2028/1177
f 3388/2029/1187 3392/2030/1187 3390/2031/1187 3386/2028/1187
f 3393/2030/1180 3389/2029/1180 3387/2028/1180 3391/2031/1180
f 3394/2028/1178 3395/2028/1178 3397/2029/1178 3396/2029/1178
f 3396/2029/1179 3397/2029/1179 3401/2030/1179 3400/2030/1179
f 3400/2030/1176 3401/2030/1176 3399/2031/1176 3398/2031/1176
f 3398/2031/1177 3399/2031/1177 3395/2028/1177 3394/2028/1177
f 3396/2029/1187 3400/2030/1187 3398/2031/1187 3394/2028/1187
f 3401/2030/1180 3397/2029/1180 3395/2028/1180 3399/2031/1180
f 3402/2028/1178 3403/2028/1178 3405/2029/1178 3404/2029/1178
f 3404/2029/1179 3405/2029/1179 3409/2030/1179 3408/2030/1179
f 3408/2030/1176 3409/2030/1176 3407/2031/1176 3406/2031/1176
f 3406/2031/1177 3407/2031/1177 3403/2028/1177 3402/2028/1177
f 3404/2029/1187 3408/2030/1187 3406/2031/1187 3402/2028/1187
f 3409/2030/1180 3405/2029/1180 3403/2028/1180 3407/2031/1180
f 3410/2028/1178 3411/2028/1178 3413/2029/1178 3412/2029/1178
f 3412/2029/1179 3413/2029/1179 3417/2030/1179 3416/2030/1179
f 3416/2030/1176 3417/2030/1176 3415/2031/1176 3414/2031/1176
f 3414/2031/1177 3415/2031/1177 3411/2028/1177 3410/2028/1177
f 3412/2029/1187 3416/2030/1187 3414/2031/1187 3410/2028/1187
f 3417/2030/1180 3413/2029/1180 3411/2028/1180 3415/2031/1180
f 3418/2032/1178 3419/2032/1178 3421/2033/1178 3420/2033/1178
f 3420/2033/1179 3421/2033/1179 3425/2034/1179 3424/2034/1179
f 3424/2034/1176 3425/2034/1176 3423/2035/1176 3422/2035/1176
f 3422/2035/1177 3423/2035/1177 3419/2032/1177 3418/2032/1177
f 3420/2033/1187 3424/2034/1187 3422/2035/1187 3418/2032/1187
f 3425/2034/1180 3421/2033/1180 3419/2032/1180 3423/2035/1180
f 3426/2036/1178 3427/2036/1178 3429/2037/1178 3428/2037/1178
f 3428/2037/1179 3429/2037/1179 3433/2038/1179 3432/2038/1179
f 3432/2038/1176 3433/2038/1176 3431/2039/1176 3430/2039/1176
f 3430/2039/1177 3431/2039/1177 3427/2036/1177 3426/2036/1177
f 3428/2037/1187 3432/2038/1187 3430/2039/1187 3426/2036/1187
f 3433/2038/1180 3429/2037/1180 3427/2036/1180 3431/2039/1180
f 1551/1148/1176 1451/1148/1176 1552/1144/1176
f 1451/1148/1176 1452/1142/1176 1552/1144/1176
f 1452/1142/1176 1550/1142/1176 1553/1143/1176
f 1547/1145/1178 1454/1145/1178 1548/1221/1360
f 1454/1145/1178 1453/1146/1178 1546/1147/1178
f 1548/1221/1360 1454/1145/1178 1546/1147/1178
f 1461/1163/1179 1459/1162/1179 1468/1164/1179
f 1459/1162/1179 1463/1183/1179 1480/1179/1179
f 1459/1162/1179 1480/1179/1179 1468/1164/1179
f 1491/1181/1180 1494/1180/1180 1490/1187/1180
f 1494/1180/1180 1553/1143/1180 1550/1142/1180
f 1494/1180/1180 1550/1142/1180 1547/1145/1180
f 1548/1221/1180 1497/1190/1180 1547/1145/1180
f 1497/1190/1180 1490/1187/1180 1547/1145/1180
f 1494/1180/1180 1484/1182/1180 1544/1154/1180
f 1484/1182/1180 1545/1153/1180 1544/1154/1180
f 1552/1144/1180 1553/1143/1180 1542/1155/1180
f 1553/1143/1180 1494/1180/1180 1542/1155/1180
f 1499/1192/1179 1498/1192/1179 1501/1191/1179
f 1502/1191/1179 1503/1191/1179 1500/1192/1179
f 1499/1192/1179 1501/1191/1179 1502/1191/1179
f 1506/1212/1179 1504/1194/1179 1518/1206/1179
f 1504/1194/1179 1461/1163/1179 1509/1195/1179
f 1518/1206/1179 1504/1194/1179 1509/1195/1179
f 1518/1206/1188 1522/1209/1188 1554/2040/1188
f 1522/1209/1188 1556/1227/1188 1554/2040/1188
f 1555/1210/1188 1557/1226/1188 1520/1211/1188
f 1518/1206/1188 1554/2040/1188 1506/1212/1188
f 1554/2040/1188 1555/1210/1188 1506/1212/1188
f 1537/1220/1179 1538/1220/1179 1540/1219/1179
f 1538/1220/1179 1541/1219/1179 1540/1219/1179
f 1540/1219/1179 1539/1219/1179 1536/1220/1179
f 1482/1184/1180 1497/1190/1180 1549/1146/1180
f 1497/1190/1180 1546/1147/1180 1549/1146/1180
f 1545/1153/1180 1484/1182/1180 1482/1184/1180
f 1552/1144/1180 1542/1155/1180 1543/1156/1180
f 1543/1156/1180 1545/1153/1180 1482/1184/1180
f 1482/1184/1180 1549/1146/1180 1551/1148/1180
f 1551/1148/1180 1552/1144/1180 1543/1156/1180
f 1630/1270/1176 1629/1270/1176 1722/1269/1176
f 1629/1270/1176 1723/1269/1176 1722/1269/1176
f 1634/1274/1176 1633/1274/1176 1720/1273/1176
f 1633/1274/1176 1721/1273/1176 1720/1273/1176
f 1638/1278/1176 1637/1278/1176 1716/1277/1176
f 1637/1278/1176 1717/1277/1176 1716/1277/1176
f 1660/1295/1179 1656/1292/1248 1700/1319/1361
f 1656/1292/1248 1701/1292/1362 1700/1319/1361
f 1688/1298/1179 1670/1300/1179 1703/1319/1179
f 1670/1300/1179 1660/1295/1179 1703/1319/1179
f 1697/1316/1179 1690/1288/1179 1698/1292/1179
f 1690/1288/1179 1691/1288/1179 1698/1292/1179
f 1660/1295/1179 1700/1319/1361 1703/1319/1179
f 1704/1292/1179 1698/1292/1179 1691/1288/1179
f 1703/1319/1179 1704/1292/1179 1688/1298/1179
f 1668/1293/1179 1662/1292/1179 1694/1284/1179
f 1662/1292/1179 1696/1292/1253 1694/1284/1179
f 1701/1292/1362 1656/1292/1248 1702/1299/1363
f 1656/1292/1248 1666/1293/1179 1702/1299/1363
f 1666/1293/1179 1668/1293/1179 1699/1284/1179
f 1668/1293/1179 1694/1284/1179 1699/1284/1179
f 1699/1284/1179 1698/1292/1179 1705/1299/1179
f 1698/1292/1179 1704/1292/1179 1705/1299/1179
f 1705/1299/1179 1702/1299/1363 1666/1293/1179
f 1725/1304/1179 1673/1304/1179 1723/1269/1179
f 1673/1304/1179 1676/1306/1179 1719/1305/1179
f 1723/1269/1179 1673/1304/1179 1709/1309/1179
f 1676/1306/1179 1677/1306/1179 1717/1277/1179
f 1677/1306/1179 1716/1277/1179 1717/1277/1179
f 1709/1309/1179 1673/1304/1179 1721/1273/1179
f 1708/1309/1179 1722/1269/1179 1723/1269/1179
f 1709/1309/1179 1708/1309/1179 1723/1269/1179
f 1676/1306/1179 1717/1277/1179 1719/1305/1179
f 1719/1305/1179 1715/1305/1179 1720/1273/1179
f 1719/1305/1179 1720/1273/1179 1721/1273/1179
f 1716/1277/1179 1677/1306/1179 1687/1311/1179
f 1679/1304/1179 1729/1304/1179 1728/1266/1179
f 1730/1266/1179 1731/1304/1179 1711/1269/1179
f 1731/1304/1179 1724/1304/1179 1711/1269/1179
f 1687/1311/1179 1679/1304/1179 1728/1266/1179
f 1687/1311/1179 1728/1266/1179 1706/1277/1179
f 1728/1266/1179 1730/1266/1179 1714/1305/1179
f 1706/1277/1179 1728/1266/1179 1714/1305/1179
f 1706/1277/1179 1716/1277/1179 1687/1311/1179
f 1720/1273/1179 1715/1305/1179 1714/1305/1179
f 1718/1273/1179 1720/1273/1179 1714/1305/1179
f 1730/1266/1179 1711/1269/1179 1707/1309/1179
f 1711/1269/1179 1722/1269/1179 1707/1309/1179
f 1722/1269/1179 1708/1309/1179 1707/1309/1179
f 1718/1273/1179 1714/1305/1179 1730/1266/1179
f 1729/1304/1179 1679/1304/1179 1727/1310/1179
f 1679/1304/1179 1685/1303/1179 1727/1310/1179
f 1685/1303/1179 1683/1303/1179 1726/1310/1179
f 1683/1303/1179 1712/1321/1179 1713/1321/1364
f 1713/1321/1364 1724/1304/1179 1731/1304/1179
f 1683/1303/1179 1713/1321/1364 1726/1310/1179
f 1713/1321/1364 1731/1304/1179 1726/1310/1179
f 1670/1300/1179 1688/1298/1179 1689/1298/1179
f 1689/1298/1179 1690/1288/1179 1692/1313/1179
f 1690/1288/1179 1697/1316/1179 1692/1313/1179
f 1662/1292/1179 1670/1300/1179 1693/1313/1179
f 1670/1300/1179 1689/1298/1179 1693/1313/1179
f 1693/1313/1179 1695/1315/1179 1662/1292/1179
f 1698/1292/1180 1699/1284/1180 1645/1283/1180
f 1645/1283/1180 1647/1314/1180 1698/1292/1180
f 1647/1314/1180 1692/1313/1180 1697/1316/1180
f 1695/1315/1255 1693/1313/1365 1648/1314/1256
f 1648/1314/1256 1646/1283/1187 1696/1292/1254
f 1646/1283/1187 1694/1284/1187 1696/1292/1254
f 1643/1318/1258 1700/1319/1258 1701/1292/1257
f 1701/1292/1257 1702/1299/1366 1642/1317/1257
f 1641/1317/1187 1705/1299/1187 1704/1292/1187
f 1704/1292/1187 1703/1319/1187 1644/1318/1187
f 1712/1321/1178 1710/1321/1178 1631/1320/1178
f 1631/1320/1178 1632/1320/1178 1712/1321/1178
f 1724/1304/1187 1713/1321/1367 1632/1320/1187
f 1632/1320/1187 1630/1270/1259 1724/1304/1187
f 1708/1309/1178 1709/1309/1178 1635/1322/1178
f 1635/1322/1178 1636/1322/1178 1708/1309/1178
f 1715/1305/1178 1719/1305/1178 1639/1323/1178
f 1639/1323/1178 1640/1323/1178 1715/1305/1178
f 1725/1304/1180 1723/1269/1180 1629/1270/1180
f 1629/1270/1180 1631/1320/1180 1725/1304/1180
f 1673/1304/1179 1725/1304/1179 1710/1321/1179
f 1710/1321/1179 1712/1321/1179 1683/1303/1179
f 1683/1303/1179 1682/1303/1179 1710/1321/1179
f 1731/1304/1180 1730/1266/1180 1625/1265/1180
f 1625/1265/1180 1627/1324/1180 1731/1304/1180
f 1729/1304/1187 1727/1310/1187 1628/1324/1187
f 1628/1324/1187 1626/1265/1187 1729/1304/1187
f 2196/1343/1175 2197/1348/1175 2198/1350/1175
f 2198/1350/1175 2199/1352/1175 2200/1341/1175
f 2200/1341/1175 2201/1354/1175 2202/1342/1175
f 2202/1342/1175 2203/1356/1175 2196/1343/1175
f 2196/1343/1175 2198/1350/1175 2200/1341/1175
f 2206/1349/1261 2205/1347/1368 2204/1344/1261
f 2204/1344/1261 2211/1355/1369 2210/1345/1261
f 2210/1345/1261 2209/1353/1370 2208/1346/1261
f 2208/1346/1261 2207/1351/1371 2206/1349/1261
f 2206/1349/1261 2204/1344/1261 2208/1346/1261
f 2874/1750/1261 2873/1748/1369 2872/1725/1261
f 2872/1725/1261 2879/1758/1368 2878/1726/1261
f 2878/1726/1261 2877/1755/1372 2876/1727/1261
f 2876/1727/1261 2875/1752/1373 2874/1750/1261
f 2874/1750/1261 2872/1725/1261 2876/1727/1261
f 2924/1769/1175 2925/1774/1175 2926/1776/1175
f 2926/1776/1175 2927/1778/1175 2928/1767/1175
f 2928/1767/1175 2929/1780/1175 2930/1768/1175
f 2930/1768/1175 2931/1782/1175 2924/1769/1175
f 2924/1769/1175 2926/1776/1175 2928/1767/1175
f 2934/1775/1261 2933/1773/1368 2932/1770/1261
f 2932/1770/1261 2939/1781/1369 2938/1771/1261
f 2938/1771/1261 2937/1779/1370 2936/1772/1261
f 2936/1772/1261 2935/1777/1371 2934/1775/1261
f 2934/1775/1261 2932/1770/1261 2936/1772/1261
f 2958/1797/1261 2956/1811/1374 2957/1814/1261
f 2957/1814/1261 2963/1802/1261 2958/1797/1261
f 2963/1802/1261 2962/1795/1261 2958/1797/1261
f 2962/1795/1261 2961/1805/1368 2960/1796/1261
f 2960/1796/1261 2959/1808/1369 2958/1797/1261
f 2981/1826/1375 2980/1825/1376 2982/1821/1175
f 2982/1821/1175 2983/1824/1377 2984/1822/1303
f 2984/1822/1303 2985/1823/1305 2986/1800/1175
f 2986/1800/1175 2987/1799/1378 2981/1826/1375
f 2981/1826/1375 2982/1821/1175 2986/1800/1175
l 1583 1584
l 1616 1617
o fgear
v -0.113148 -2.139144 2.898265
v -0.113148 -2.118616 3.014682
v -0.126590 -2.004533 2.980917
v -0.126590 -2.020393 2.890975
v -0.197285 -2.139144 2.898265
v -0.197285 -2.118616 3.014682
v -0.183844 -2.004533 2.980917
v -0.183844 -2.020393 2.890975
v -0.113148 -2.002199 2.994155
v -0.113148 -2.022727 2.877738
v -0.197285 -2.002199 2.994155
v -0.197285 -2.022727 2.877738
v -0.126590 -1.864645 2.956250
v -0.126590 -1.880505 2.866309
v -0.183844 -1.852040 2.954027
v -0.183844 -1.867899 2.864086
v -0.098895 -1.828203 2.949824
v -0.098895 -1.844063 2.859883
v -0.138694 -1.783510 2.941944
v -0.138694 -1.799370 2.852002
v -0.065502 -1.807576 2.946187
v -0.065502 -1.823435 2.856246
v -0.065502 -1.738817 2.934063
v -0.065502 -1.754677 2.844122
v 0.051182 -1.812113 2.960506
v 0.051182 -1.832597 2.844342
v 0.051182 -1.729656 2.945967
v 0.051182 -1.750139 2.829802
v -0.060197 -1.750139 2.829802
v -0.060197 -1.832597 2.844342
v -0.060197 -1.812113 2.960506
v -0.060197 -1.729656 2.945967
v 0.042895 -1.756496 2.946414
v 0.042895 -1.774745 2.842925
v -0.056330 -1.774745 2.842925
v -0.056330 -1.756496 2.946414
v 0.024795 -1.663344 2.911609
v 0.024795 -1.675306 2.843770
v -0.038230 -1.675306 2.843770
v -0.038230 -1.663344 2.911609
v 0.042895 -1.660201 2.929434
v 0.042895 -1.678449 2.825945
v -0.056330 -1.678449 2.825945
v -0.056330 -1.660201 2.929434
v 0.024795 -1.496042 2.882108
v 0.024795 -1.508004 2.814269
v -0.038230 -1.508004 2.814269
v -0.038230 -1.496042 2.882108
v 0.024795 -1.406302 2.866285
v 0.024795 -1.418264 2.798445
v -0.038230 -1.418264 2.798445
v -0.038230 -1.406302 2.866285
v -0.058066 -0.833164 2.675132
v -0.058066 -0.814312 2.782042
v 0.044632 -0.833164 2.675132
v 0.044632 -0.814312 2.782042
v 0.043478 -1.492797 2.900508
v 0.043478 -1.511249 2.795869
v -0.056913 -1.511249 2.795869
v -0.056913 -1.492797 2.900508
v 0.043478 -1.403057 2.884684
v 0.043478 -1.421509 2.780046
v -0.056913 -1.421509 2.780046
v -0.056913 -1.403057 2.884684
v 0.024795 -1.346888 2.855808
v -0.038230 -1.346888 2.855808
v 0.024795 -1.358851 2.787968
v -0.038230 -1.358851 2.787968
v -0.058066 -1.340137 2.764526
v -0.058066 -1.321285 2.871436
v 0.044632 -1.340137 2.764526
v 0.044632 -1.321285 2.871436
v 0.059047 -1.340940 2.889540
v -0.072482 -1.340940 2.889540
v 0.059047 -1.364799 2.754236
v -0.072482 -1.364799 2.754236
v 0.059047 -1.318781 2.885632
v 0.059047 -1.342640 2.750329
v -0.072482 -1.318781 2.885632
v -0.072482 -1.342640 2.750329
v 0.026624 -1.477731 2.897851
v -0.040059 -1.477731 2.897851
v 0.026624 -1.418123 2.887340
v -0.040059 -1.418123 2.887340
v 0.026624 -1.565082 3.029644
v -0.040059 -1.565082 3.029644
v 0.026624 -1.543786 3.086562
v -0.040059 -1.543786 3.086562
v 0.026624 -1.565241 3.091159
v -0.040059 -1.565241 3.091159
v 0.026624 -1.678485 2.923903
v -0.040059 -1.678485 2.923903
v 0.026624 -1.732281 2.940977
v -0.040059 -1.732281 2.940977
vn 1.0000 -0.0000 -0.0000
vn -1.0000 -0.0000 -0.0000
vn -0.0000 -0.1736 -0.9848
vn -0.0000 -0.1737 -0.9848
vn -0.0000 -0.9848 0.1737
vn -0.0000 0.1736 0.9848
vn -0.0000 0.9848 -0.1736
vn 0.8006 -0.5901 0.1041
vn -0.0000 0.1737 0.9848
vn -0.8389 0.5360 -0.0945
vn -0.5270 0.8370 -0.1476
vn 0.5314 -0.8343 0.1471
vn -0.7951 0.5972 -0.1053
vn -0.9290 0.0643 0.3645
vn -0.7951 -0.5972 0.1053
vn -0.9290 -0.0643 -0.3645
vn -0.0000 0.9848 -0.1737
vn -0.0000 -0.8335 -0.5525
vn -0.0000 0.8458 0.5335
vn -0.0000 0.2095 0.9778
vn -0.0000 -0.3025 -0.9531
vn -0.0000 -0.6686 0.7436
vn -0.0000 0.6820 -0.7314
vt 0.091491 0.975825
vt 0.091536 0.975833
vt 0.091544 0.975788
vt 0.091499 0.975780
vt 0.091496 0.975826
vt 0.091485 0.975885
vt 0.091486 0.975880
vt 0.091531 0.975832
vt 0.091521 0.975886
vt 0.091484 0.975894
vt 0.091519 0.975900
vt 0.091520 0.975891
vt 0.091516 0.975917
vt 0.091517 0.975908
vt 0.091512 0.975935
vt 0.091481 0.975911
vt 0.091478 0.975898
vt 0.091472 0.975930
vt 0.091478 0.975928
vt 0.091482 0.975902
vt 0.091523 0.975906
vt 0.091517 0.975938
vt 0.091477 0.975921
vt 0.091517 0.975928
vt 0.091504 0.975964
vt 0.091478 0.975959
vt 0.091466 0.976024
vt 0.091492 0.976028
vt 0.091471 0.975958
vt 0.091511 0.975965
vt 0.091499 0.976030
vt 0.091459 0.976022
vt 0.091494 0.976097
vt 0.091442 0.976088
vt 0.091447 0.976088
vt 0.091488 0.976096
vt 0.091460 0.976058
vt 0.091453 0.976057
vt 0.091486 0.976063
vt 0.091493 0.976064
vt 0.091456 0.976081
vt 0.091482 0.976086
vt 0.091412 0.976284
vt 0.091454 0.976291
vt 0.091443 0.976079
vt 0.091495 0.976088
vt 0.091498 0.976035
vt 0.091494 0.976058
vt 0.091571 0.976010
vt 0.091549 0.976002
vt 0.091573 0.976002
vt 0.091515 0.975937
vt 0.091509 0.975958
s 1
usemtl Material.002
f 3443/2041/1379 3442/2042/1379 3435/2043/1379 3434/2044/1379
f 3445/2041/1380 3438/2044/1380 3439/2043/1380 3444/2042/1380
f 3437/2045/1381 3441/2045/1381 3449/2046/1382 3447/2047/1382
f 3434/2044/1383 3435/2043/1383 3439/2043/1383 3438/2044/1383
f 3435/2043/1384 3442/2042/1384 3444/2042/1384 3439/2043/1384
f 3443/2041/1381 3434/2044/1381 3438/2044/1381 3445/2041/1381
f 3437/2045/1385 3436/2048/1385 3442/2042/1385 3443/2041/1385
f 3440/2048/1385 3441/2045/1385 3445/2041/1385 3444/2042/1385
f 3441/2045/1385 3437/2045/1385 3443/2041/1385 3445/2041/1385
f 3436/2048/1385 3440/2048/1385 3444/2042/1385 3442/2042/1385
f 3446/2049/1386 3447/2047/1386 3451/2050/1386 3450/2051/1386
f 3436/2048/1379 3437/2045/1379 3447/2047/1379 3446/2049/1379
f 3440/2048/1387 3436/2048/1387 3446/2049/1387 3448/2052/1387
f 3441/2045/1380 3440/2048/1380 3448/2052/1380 3449/2046/1380
f 3452/2053/1384 3450/2051/1384 3454/2054/1384 3456/2055/1384
f 3448/2052/1387 3446/2049/1387 3450/2051/1384 3452/2053/1384
f 3449/2046/1388 3448/2052/1388 3452/2053/1388 3453/2056/1388
f 3447/2047/1382 3449/2046/1382 3453/2056/1382 3451/2050/1382
f 3463/2057/1382 3462/2058/1382 3461/2058/1382 3459/2057/1382
f 3453/2056/1389 3452/2053/1389 3456/2055/1389 3457/2059/1389
f 3451/2050/1382 3453/2056/1382 3457/2059/1382 3455/2060/1382
f 3450/2051/1390 3451/2050/1390 3455/2060/1390 3454/2054/1390
f 3458/2061/1379 3459/2057/1379 3461/2058/1379 3460/2062/1379
f 3464/2061/1383 3463/2057/1383 3459/2057/1383 3458/2061/1383
f 3465/2062/1384 3464/2061/1384 3458/2061/1384 3460/2062/1384
f 3462/2058/1385 3465/2062/1385 3460/2062/1385 3461/2058/1385
f 3457/2059/1391 3456/2055/1391 3465/2062/1391 3462/2058/1391
f 3456/2055/1392 3454/2054/1392 3464/2061/1392 3465/2062/1392
f 3454/2054/1393 3455/2060/1393 3463/2057/1393 3464/2061/1393
f 3455/2060/1394 3457/2059/1394 3462/2058/1394 3463/2057/1394
f 3468/2063/1383 3467/2063/1383 3466/2064/1383 3469/2064/1383
f 3470/2065/1379 3471/2066/1379 3479/2067/1379 3478/2068/1379
f 3467/2063/1382 3468/2063/1382 3476/2069/1382 3475/2069/1382
f 3469/2064/1387 3466/2064/1387 3474/2070/1387 3477/2070/1387
f 3466/2064/1379 3467/2063/1379 3475/2069/1379 3474/2070/1379
f 3468/2063/1380 3469/2064/1380 3477/2070/1380 3476/2069/1380
f 3471/2066/1385 3470/2065/1395 3474/2070/1395 3475/2069/1385
f 3472/2066/1385 3471/2066/1385 3475/2069/1385 3476/2069/1385
f 3470/2065/1395 3473/2065/1395 3477/2070/1395 3474/2070/1395
f 3473/2065/1395 3472/2066/1385 3476/2069/1385 3477/2070/1395
f 3480/2067/1383 3481/2068/1383 3493/2071/1383 3492/2072/1383
f 3472/2066/1380 3473/2065/1380 3481/2068/1380 3480/2067/1380
f 3471/2066/1382 3472/2066/1382 3480/2067/1382 3479/2067/1382
f 3473/2065/1387 3470/2065/1387 3478/2068/1387 3481/2068/1387
f 3510/2073/1395 3511/2074/1385 3504/2075/1385 3505/2076/1395
f 3484/2077/1395 3483/2077/1395 3495/2078/1395 3496/2078/1395
f 3478/2068/1383 3479/2067/1383 3491/2072/1383 3490/2071/1383
f 3485/2079/1395 3484/2077/1395 3496/2078/1395 3497/2080/1395
f 3511/2074/1385 3513/2074/1385 3502/2075/1385 3504/2075/1385
f 3492/2072/1380 3493/2071/1380 3497/2080/1380 3496/2078/1380
f 3491/2072/1381 3492/2072/1381 3496/2078/1381 3495/2078/1381
f 3493/2071/1387 3490/2071/1387 3494/2080/1387 3497/2080/1387
f 3490/2071/1379 3491/2072/1379 3495/2078/1379 3494/2080/1379
f 3479/2067/1383 3480/2067/1383 3492/2072/1383 3491/2072/1383
f 3482/2079/1395 3485/2079/1395 3497/2080/1395 3494/2080/1395
f 3483/2077/1395 3482/2079/1395 3494/2080/1395 3495/2078/1395
f 3481/2068/1383 3478/2068/1383 3490/2071/1383 3493/2071/1383
f 3483/2077/1382 3484/2077/1382 3501/2081/1382 3500/2081/1382
f 3484/2077/1380 3485/2079/1380 3499/2082/1380 3501/2081/1380
f 3482/2079/1379 3483/2077/1379 3500/2081/1379 3498/2082/1379
f 3485/2079/1387 3482/2079/1387 3498/2082/1387 3499/2082/1387
f 3505/2076/1379 3504/2075/1379 3488/2083/1379 3489/2084/1379
f 3500/2081/1383 3501/2081/1383 3509/2085/1383 3508/2085/1383
f 3498/2082/1383 3500/2081/1383 3508/2085/1383 3506/2086/1383
f 3504/2075/1381 3502/2075/1381 3486/2083/1381 3488/2083/1381
f 3503/2076/1387 3505/2076/1387 3489/2084/1387 3487/2084/1387
f 3501/2081/1383 3499/2082/1383 3507/2086/1383 3509/2085/1383
f 3499/2082/1383 3498/2082/1383 3506/2086/1383 3507/2086/1383
f 3502/2075/1380 3503/2076/1380 3487/2084/1380 3486/2083/1380
f 3508/2085/1381 3509/2085/1381 3513/2074/1381 3511/2074/1381
f 3509/2085/1380 3507/2086/1380 3512/2073/1380 3513/2074/1380
f 3506/2086/1379 3508/2085/1379 3511/2074/1379 3510/2073/1379
f 3507/2086/1387 3506/2086/1387 3510/2073/1387 3512/2073/1387
f 3513/2074/1385 3512/2073/1395 3503/2076/1395 3502/2075/1385
f 3512/2073/1395 3510/2073/1395 3505/2076/1395 3503/2076/1395
f 3488/2083/1395 3486/2083/1395 3487/2084/1395 3489/2084/1395
f 3515/2087/1382 3517/2088/1382 3516/2088/1382 3514/2087/1382
f 3521/2089/1380 3519/2090/1380 3523/2091/1380
f 3517/2088/1380 3515/2087/1380 3519/2090/1380 3521/2089/1380
f 3515/2087/1396 3514/2087/1396 3518/2090/1396 3519/2090/1396
f 3514/2087/1379 3516/2088/1379 3520/2089/1379 3518/2090/1379
f 3516/2088/1397 3517/2088/1397 3521/2089/1397 3520/2089/1397
f 3518/2090/1379 3522/2091/1379 3526/2092/1379 3524/2093/1379
f 3518/2090/1379 3520/2089/1379 3522/2091/1379
f 3520/2089/1398 3521/2089/1398 3523/2091/1398 3522/2091/1398
f 3525/2093/1399 3524/2093/1399 3526/2092/1399 3527/2092/1399
f 3522/2091/1400 3523/2091/1400 3527/2092/1400 3526/2092/1400
f 3523/2091/1380 3519/2090/1380 3525/2093/1380 3527/2092/1380
f 3519/2090/1401 3518/2090/1401 3524/2093/1401 3525/2093/1401
o flap_l
v 1.330671 -0.526355 -4.906150
v 1.324770 -0.498416 -4.095585
v 3.469930 -0.440094 -4.239352
v 1.330671 -0.477215 -5.067122
v 5.524311 -0.327628 -4.346503
v 5.524311 -0.335473 -4.686722
v 5.524310 -0.336089 -4.847694
v 1.330671 -0.387995 -4.906150
v 1.324770 -0.352930 -4.094788
v 3.469930 -0.369308 -4.796775
v 3.469930 -0.346830 -4.238887
v 3.469930 -0.433696 -4.957747
v 5.524310 -0.254725 -4.346336
v 5.524310 -0.296626 -4.686722
v 1.330671 -0.526355 -4.906150
v 1.324770 -0.498416 -4.095585
v 3.469930 -0.458004 -4.796775
v 3.469930 -0.440094 -4.239352
v 1.330671 -0.477215 -5.067122
v 5.524311 -0.327628 -4.346503
v 5.524311 -0.335473 -4.686722
v 5.524310 -0.336089 -4.847694
v 3.469930 -0.433696 -4.957747
vn -0.0061 0.9991 -0.0420
vn -0.0399 0.9966 -0.0714
vn -0.0230 0.9515 -0.3069
vn 0.0089 0.9025 -0.4306
vn 1.0000 -0.0000 -0.0000
vn 0.0523 -0.0038 0.9986
vn 0.0670 -0.0053 0.9977
vn -1.0000 -0.0001 -0.0003
vn -1.0000 -0.0000 -0.0073
vn -1.0000 -0.0000 -0.0007
vn -1.0000 -0.0000 -0.0000
vn 0.0298 -0.9990 0.0336
vn 0.0571 -0.9980 0.0286
vn 0.0368 -0.9743 -0.2223
vn 0.0573 -0.9957 -0.0733
vt 0.329470 0.370968
vt 0.412293 0.376532
vt 0.412293 0.398071
vt 0.329698 0.402294
vt 0.491610 0.380680
vt 0.491610 0.393822
vt 0.491610 0.400037
vt 0.412293 0.404286
vt 0.329698 0.408509
vt 0.491611 0.380687
vt 0.412293 0.376550
vt 0.329470 0.370999
vt 0.732078 0.158317
vt 0.814673 0.162540
vt 0.814673 0.184062
vt 0.731850 0.189613
vt 0.893991 0.166789
vt 0.893991 0.179925
vt 0.732078 0.152103
vt 0.814673 0.156325
vt 0.893991 0.160574
s 1
usemtl Material.002
f 3536/2094/1402 3538/2095/1402 3537/2096/1402 3535/2097/1402
f 3538/2095/1403 3540/2098/1403 3541/2099/1403 3537/2096/1403
f 3537/2096/1404 3541/2099/1404 3534/2100/1404 3539/2101/1404
f 3535/2097/1405 3537/2096/1405 3539/2101/1405 3531/2102/1405
f 3534/2100/1406 3541/2099/1406 3533/2099/1406
f 3533/2099/1406 3541/2099/1406 3540/2098/1406 3532/2103/1406
f 3532/2103/1407 3540/2098/1407 3538/2095/1407 3530/2104/1407
f 3530/2104/1408 3538/2095/1408 3536/2094/1408 3529/2105/1408
f 3528/2097/1409 3529/2105/1410 3536/2094/1410 3535/2097/1411
f 3531/2102/1412 3528/2097/1409 3535/2097/1411
f 3542/2106/1413 3544/2107/1413 3545/2108/1413 3543/2109/1413
f 3544/2107/1414 3548/2110/1414 3547/2111/1414 3545/2108/1414
f 3546/2112/1415 3550/2113/1415 3544/2107/1415 3542/2106/1415
f 3550/2113/1416 3549/2114/1416 3548/2110/1416 3544/2107/1416
o flap_r
v -1.330671 -0.526355 -4.906150
v -1.324770 -0.498416 -4.095585
v -3.469930 -0.440094 -4.239352
v -1.330671 -0.477215 -5.067122
v -5.524311 -0.327628 -4.346503
v -5.524311 -0.335473 -4.686722
v -5.524310 -0.336089 -4.847694
v -1.330671 -0.387995 -4.906150
v -1.324770 -0.352930 -4.094788
v -3.469930 -0.369308 -4.796775
v -3.469930 -0.346830 -4.238887
v -3.469930 -0.433696 -4.957747
v -5.524310 -0.254725 -4.346336
v -5.524310 -0.296626 -4.686722
v -1.330671 -0.526355 -4.906150
v -1.324770 -0.498416 -4.095585
v -3.469930 -0.458004 -4.796775
v -3.469930 -0.440094 -4.239352
v -1.330671 -0.477215 -5.067122
v -5.524311 -0.327628 -4.346503
v -5.524311 -0.335473 -4.686722
v -5.524310 -0.336089 -4.847694
v -3.469930 -0.433696 -4.957747
vn 0.0061 0.9991 -0.0420
vn 0.0399 0.9966 -0.0714
vn 0.0230 0.9515 -0.3069
vn -0.0089 0.9025 -0.4306
vn -1.0000 -0.0000 -0.0000
vn -0.0523 -0.0038 0.9986
vn -0.0670 -0.0053 0.9977
vn 1.0000 -0.0001 -0.0003
vn 1.0000 -0.0000 -0.0007
vn 1.0000 -0.0000 -0.0073
vn 1.0000 -0.0000 -0.0000
vn -0.0298 -0.9990 0.0336
vn -0.0571 -0.9980 0.0286
vn -0.0368 -0.9743 -0.2223
vn -0.0573 -0.9957 -0.0733
vt 0.227174 0.370968
vt 0.226946 0.402294
vt 0.144351 0.398071
vt 0.144351 0.376532
vt 0.065034 0.393822
vt 0.065034 0.380680
vt 0.144351 0.404286
vt 0.065034 0.400037
vt 0.226946 0.408509
vt 0.065033 0.380687
vt 0.144351 0.376550
vt 0.227174 0.370999
vt 0.629280 0.158317
vt 0.629508 0.189613
vt 0.546686 0.184062
vt 0.546686 0.162540
vt 0.467368 0.179925
vt 0.467368 0.166789
vt 0.629280 0.152103
vt 0.546686 0.156325
vt 0.467368 0.160574
s 1
usemtl Material.002
f 3559/2115/1417 3558/2116/1417 3560/2117/1417 3561/2118/1417
f 3561/2118/1418 3560/2117/1418 3564/2119/1418 3563/2120/1418
f 3560/2117/1419 3562/2121/1419 3557/2122/1419 3564/2119/1419
f 3558/2116/1420 3554/2123/1420 3562/2121/1420 3560/2117/1420
f 3557/2122/1421 3556/2119/1421 3564/2119/1421
f 3556/2119/1421 3555/2124/1421 3563/2120/1421 3564/2119/1421
f 3555/2124/1422 3553/2125/1422 3561/2118/1422 3563/2120/1422
f 3553/2125/1423 3552/2126/1423 3559/2115/1423 3561/2118/1423
f 3551/2116/1424 3558/2116/1425 3559/2115/1426 3552/2126/1426
f 3554/2123/1427 3558/2116/1425 3551/2116/1424
f 3565/2127/1428 3566/2128/1428 3568/2129/1428 3567/2130/1428
f 3567/2130/1429 3568/2129/1429 3570/2131/1429 3571/2132/1429
f 3569/2133/1430 3565/2127/1430 3567/2130/1430 3573/2134/1430
f 3573/2134/1431 3567/2130/1431 3571/2132/1431 3572/2135/1431
o panel_l1
v 0.546362 -1.616555 -1.371480
v 0.433434 -1.349805 -1.369017
v 0.337617 -0.913844 -1.368670
v 0.324818 -0.906511 -0.825717
v 0.420317 -1.334027 -0.825987
v 0.558696 -1.636618 -1.701855
v 0.350314 -0.918576 -1.698923
v 0.446358 -1.356891 -1.699246
v 0.530937 -1.586939 -0.820643
v 0.658581 -1.612542 -1.690583
v 0.654138 -1.560851 -0.819395
v 0.656827 -1.592036 -1.373018
v 0.522091 -1.660243 -1.369981
v 0.386053 -1.365746 -1.369982
v 0.288814 -0.924638 -1.369982
v 0.276017 -0.917356 -0.826650
v 0.372971 -1.350087 -0.826615
v 0.534373 -1.680279 -1.700395
v 0.301511 -0.929317 -1.700623
v 0.398948 -1.372720 -1.700543
v 0.506496 -1.630531 -0.819100
v 0.665154 -1.662003 -1.687346
v 0.660634 -1.610346 -0.816558
v 0.663361 -1.641514 -1.369981
vn 0.9762 0.2142 0.0340
vn -0.2217 0.9729 -0.0654
vn -0.2166 0.9743 -0.0615
vn -0.2217 0.9729 -0.0657
vn 0.9244 0.3809 0.0197
vn 0.9762 0.2163 0.0187
vn 0.9186 0.3952 0.0076
vn -0.2114 0.9757 -0.0572
vn -0.9761 -0.2148 -0.0340
vn 0.1307 -0.9896 0.0607
vn 0.1314 -0.9892 0.0647
vn -0.9115 -0.4110 -0.0179
vn -0.9760 -0.2169 -0.0187
vn -0.9054 -0.4246 -0.0061
vn 0.1299 -0.9899 0.0567
vn -0.2160 0.9762 -0.0182
vn -0.2154 0.9763 -0.0202
vn -0.0152 -0.0037 0.9999
vn -0.2147 0.9764 -0.0222
vn 0.0293 0.0067 -0.9995
vn -0.0043 0.0024 -1.0000
vn -0.0222 0.0513 0.9984
vn 0.1177 -0.0724 -0.9904
vn 0.9914 0.1311 -0.0029
vn 0.9914 0.1308 -0.0027
vn 0.9915 0.1304 -0.0025
vn -0.0053 0.0217 0.9998
vt 0.425890 0.675913
vt 0.425903 0.678131
vt 0.438653 0.678605
vt 0.438641 0.676386
vt 0.425998 0.681577
vt 0.426058 0.685908
vt 0.438319 0.685907
vt 0.438754 0.681984
vt 0.404927 0.675445
vt 0.404937 0.677680
vt 0.404731 0.681084
vt 0.404683 0.685910
vt 0.425941 0.674000
vt 0.438706 0.674472
vt 0.438703 0.676728
vt 0.425941 0.676255
vt 0.425941 0.680497
vt 0.438698 0.680902
vt 0.438194 0.685993
vt 0.425941 0.685993
vt 0.404963 0.673532
vt 0.404962 0.675805
vt 0.404672 0.679997
vt 0.404573 0.685993
s 1
usemtl Material.002
f 3576/2136/1432 3575/2137/1432 3581/2138/1432 3580/2139/1432
f 3574/2140/1433 3585/2141/1434 3583/2142/1435 3579/2143/1435
f 3575/2137/1436 3574/2140/1436 3579/2143/1436 3581/2138/1436
f 3577/2144/1437 3578/2145/1437 3575/2137/1437 3576/2136/1437
f 3578/2145/1438 3582/2146/1438 3574/2140/1438 3575/2137/1438
f 3582/2146/1439 3584/2147/1439 3585/2141/1434 3574/2140/1433
f 3588/2148/1440 3592/2149/1440 3593/2150/1440 3587/2151/1440
f 3586/2152/1441 3591/2153/1442 3595/2154/1442 3597/2155/1441
f 3587/2151/1443 3593/2150/1443 3591/2153/1443 3586/2152/1443
f 3589/2156/1444 3588/2148/1444 3587/2151/1444 3590/2157/1444
f 3590/2157/1445 3587/2151/1445 3586/2152/1445 3594/2158/1445
f 3594/2158/1446 3586/2152/1441 3597/2155/1441 3596/2159/1446
f 3577/2144/1447 3576/2136/1448 3588/2148/1448 3589/2156/1447
f 3578/2145/1449 3577/2144/1449 3589/2156/1449 3590/2157/1449
f 3576/2136/1448 3580/2139/1450 3592/2149/1450 3588/2148/1448
f 3580/2139/1451 3581/2138/1451 3593/2150/1451 3592/2149/1451
f 3581/2138/1452 3579/2143/1452 3591/2153/1452 3593/2150/1452
f 3584/2147/1453 3582/2146/1453 3594/2158/1453 3596/2159/1453
f 3579/2143/1454 3583/2142/1454 3595/2154/1454 3591/2153/1454
f 3583/2142/1455 3585/2141/1456 3597/2155/1456 3595/2154/1455
f 3585/2141/1456 3584/2147/1457 3596/2159/1457 3597/2155/1456
f 3582/2146/1458 3578/2145/1458 3590/2157/1458 3594/2158/1458
o panel_l2
v 2.426281 -1.480844 -1.372539
v 2.290380 -1.049532 -1.370502
v 2.438115 -1.515468 -0.815648
v 2.129643 -0.629414 -1.654863
v 2.306917 -1.106030 -0.961187
v 2.293977 -1.048185 -1.654894
v 2.268661 -1.009036 -0.941754
v 2.046952 -0.436390 -1.086658
v 2.053469 -0.434018 -1.654851
v 2.357119 -1.279681 -1.654865
v 2.426866 -1.461844 -1.671008
v 2.645721 -1.385828 -1.690566
v 2.663392 -1.434609 -0.819355
v 2.652723 -1.405182 -1.372990
v 2.337818 -1.033740 -1.369981
v 2.452679 -1.467701 -0.813168
v 2.176208 -0.611210 -1.654240
v 2.354529 -1.090765 -0.960843
v 2.341424 -1.032427 -1.654239
v 2.315230 -0.990843 -0.941142
v 2.093520 -0.418198 -1.086047
v 2.100038 -0.415825 -1.654239
v 2.405334 -1.266457 -1.654239
v 2.626569 -1.339753 -1.687346
v 2.644304 -1.388480 -0.816558
v 2.448306 -1.436030 -1.369981
v 2.446578 -1.415990 -1.668031
v 2.633603 -1.359080 -1.369982
vn -0.9314 -0.3639 -0.0122
vn -0.9316 -0.3632 -0.0122
vn -0.9310 -0.3648 -0.0131
vn -0.9530 -0.3029 -0.0006
vn -0.9308 -0.3653 -0.0135
vn -0.9311 -0.3645 -0.0127
vn -0.9577 -0.2876 0.0080
vn -0.9343 -0.3556 -0.0245
vn 0.3193 -0.9456 -0.0622
vn 0.3228 -0.9445 -0.0616
vn 0.3263 -0.9433 -0.0610
vn 0.9315 0.3634 0.0123
vn 0.9314 0.3638 0.0127
vn 0.9315 0.3635 0.0127
vn 0.9643 0.2646 0.0123
vn 0.9659 0.2590 0.0031
vn 0.9658 0.2591 0.0027
vn 0.9311 0.3646 0.0131
vn 0.9309 0.3651 0.0135
vn 0.9644 0.2643 0.0127
vn 0.9643 0.2645 0.0125
vn 0.9642 0.2648 0.0122
vn 0.0521 -0.1749 0.9832
vn -0.0947 0.2096 0.9732
vn -0.3639 0.9314 -0.0003
vn 0.0117 0.0046 -0.9999
vn 0.0115 0.0045 -0.9999
vn 0.0121 0.0040 -0.9999
vn -0.3004 0.2551 0.9191
vn 0.0124 0.0033 -0.9999
vn -0.0196 0.0833 -0.9963
vn -0.1223 0.0675 -0.9902
vn 0.0378 -0.0543 0.9978
vn 0.9238 0.3829 0.0027
vn 0.9236 0.3833 0.0029
vn 0.9239 0.3826 0.0025
vn -0.3830 0.9215 0.0644
vn -0.3824 0.9220 0.0601
vn -0.3824 0.9220 0.0602
vn -0.3817 0.9226 0.0559
vn -0.9310 -0.3647 -0.0127
vn -0.9312 -0.3642 -0.0128
vn 0.9316 0.3632 0.0122
vt 0.761737 0.305785
vt 0.761737 0.283847
vt 0.753642 0.283847
vt 0.718835 0.294747
vt 0.717422 0.316248
vt 0.734010 0.310629
vt 0.736278 0.294826
vt 0.736279 0.283845
vt 0.727046 0.283847
vt 0.719517 0.283223
vt 0.719384 0.282468
vt 0.718590 0.294730
vt 0.717381 0.316105
vt 0.761783 0.305808
vt 0.738079 0.311403
vt 0.736224 0.294846
vt 0.720170 0.294846
vt 0.733935 0.310642
vt 0.718963 0.316344
vt 0.753688 0.283871
vt 0.736224 0.283871
vt 0.726890 0.283871
vt 0.720920 0.283338
vt 0.738034 0.311379
vt 0.721432 0.203237
vt 0.721432 0.225174
vt 0.721477 0.225198
vt 0.721477 0.203261
vt 0.761783 0.283871
vt 0.721309 0.282593
vt 0.719307 0.316213
vt 0.720515 0.294846
vt 0.438194 0.685993
vt 0.437448 0.693530
vt 0.425941 0.693732
vt 0.425941 0.685993
vt 0.404442 0.693992
vt 0.404573 0.685993
s 1
usemtl Material.002
f 3605/2160/1459 3606/2161/1460 3601/2162/1461
f 3598/2163/1462 3600/2164/1462 3602/2165/1462 3599/2166/1462
f 3601/2162/1461 3603/2167/1463 3599/2166/1464
f 3603/2167/1465 3607/2168/1465 3598/2163/1465 3599/2166/1465
f 3607/2168/1466 3608/2169/1466 3598/2163/1466
f 3609/2170/1467 3611/2171/1468 3598/2163/1468 3608/2169/1467
f 3611/2171/1468 3610/2172/1469 3600/2164/1469 3598/2163/1468
f 3618/2173/1470 3617/2174/1471 3612/2175/1472
f 3623/2176/1473 3612/2175/1474 3615/2177/1475 3613/2178/1475
f 3614/2179/1476 3612/2175/1472 3616/2180/1477
f 3616/2180/1478 3612/2175/1474 3623/2176/1473 3620/2181/1479
f 3620/2181/1479 3623/2176/1473 3624/2182/1480
f 3604/2183/1481 3602/2165/1481 3615/2177/1481 3617/2174/1481
f 3605/2160/1482 3604/2183/1482 3617/2174/1482 3618/2173/1482
f 3606/2184/1483 3605/2185/1483 3618/2186/1483 3619/2187/1483
f 3601/2162/1484 3606/2161/1485 3619/2188/1485 3614/2179/1484
f 3603/2167/1486 3601/2162/1484 3614/2179/1484 3616/2180/1486
f 3602/2165/1487 3600/2164/1487 3613/2178/1487 3615/2177/1487
f 3607/2168/1488 3603/2167/1486 3616/2180/1486 3620/2181/1488
f 3608/2169/1489 3607/2168/1489 3620/2181/1489 3624/2182/1489
f 3609/2170/1490 3608/2169/1490 3624/2182/1490 3621/2189/1490
f 3600/2164/1491 3610/2172/1491 3622/2190/1491 3613/2178/1491
f 3611/2171/1492 3609/2170/1493 3621/2189/1493 3625/2191/1492
f 3610/2172/1494 3611/2171/1492 3625/2191/1492 3622/2190/1494
f 3621/2192/1495 3624/2193/1495 3623/2194/1496 3625/2195/1497
f 3625/2195/1497 3623/2194/1496 3613/2196/1498 3622/2197/1498
f 3601/2162/1461 3599/2166/1464 3605/2160/1459
f 3599/2166/1464 3602/2165/1499 3604/2183/1500
f 3605/2160/1459 3599/2166/1464 3604/2183/1500
f 3615/2177/1471 3612/2175/1472 3617/2174/1471
f 3612/2175/1472 3614/2179/1476 3618/2173/1470
f 3614/2179/1476 3619/2188/1501 3618/2173/1470
o panel_r1
v -0.546362 -1.616555 -1.371480
v -0.433434 -1.349805 -1.369017
v -0.337617 -0.913844 -1.368670
v -0.324818 -0.906511 -0.825717
v -0.420317 -1.334027 -0.825987
v -0.558696 -1.636618 -1.701855
v -0.350314 -0.918576 -1.698923
v -0.446358 -1.356891 -1.699246
v -0.530937 -1.586939 -0.820643
v -0.658581 -1.612542 -1.690583
v -0.654138 -1.560851 -0.819395
v -0.656827 -1.592036 -1.373018
v -0.522091 -1.660243 -1.369981
v -0.386053 -1.365746 -1.369982
v -0.288814 -0.924638 -1.369982
v -0.276017 -0.917356 -0.826650
v -0.372971 -1.350087 -0.826615
v -0.534373 -1.680279 -1.700395
v -0.301511 -0.929317 -1.700623
v -0.398948 -1.372720 -1.700543
v -0.506496 -1.630531 -0.819100
v -0.665154 -1.662003 -1.687346
v -0.660634 -1.610346 -0.816558
v -0.663361 -1.641514 -1.369981
vn -0.9762 0.2142 0.0340
vn 0.2217 0.9729 -0.0654
vn 0.2217 0.9729 -0.0657
vn 0.2166 0.9743 -0.0615
vn -0.9244 0.3809 0.0197
vn -0.9762 0.2163 0.0187
vn -0.9186 0.3952 0.0076
vn 0.2114 0.9757 -0.0572
vn 0.9761 -0.2148 -0.0340
vn -0.1307 -0.9896 0.0607
vn -0.1314 -0.9892 0.0647
vn 0.9115 -0.4110 -0.0179
vn 0.9760 -0.2169 -0.0187
vn 0.9054 -0.4246 -0.0061
vn -0.1299 -0.9899 0.0567
vn 0.2154 0.9763 -0.0202
vn 0.2160 0.9762 -0.0182
vn 0.0152 -0.0037 0.9999
vn 0.2147 0.9764 -0.0222
vn -0.0293 0.0067 -0.9995
vn 0.0043 0.0024 -1.0000
vn 0.0222 0.0513 0.9984
vn -0.1177 -0.0724 -0.9904
vn -0.9914 0.1308 -0.0027
vn -0.9914 0.1311 -0.0029
vn -0.9915 0.1304 -0.0025
vn 0.0053 0.0217 0.9998
vt 0.249064 0.546929
vt 0.236313 0.547402
vt 0.236301 0.549621
vt 0.249050 0.549148
vt 0.248955 0.552594
vt 0.236200 0.553000
vt 0.236635 0.556923
vt 0.248896 0.556925
vt 0.270027 0.546462
vt 0.270016 0.548696
vt 0.270223 0.552100
vt 0.270271 0.556926
vt 0.249013 0.545016
vt 0.249013 0.547272
vt 0.236251 0.547744
vt 0.236248 0.545489
vt 0.249013 0.551513
vt 0.249013 0.557010
vt 0.236760 0.557010
vt 0.236256 0.551918
vt 0.269991 0.544548
vt 0.269992 0.546821
vt 0.270282 0.551013
vt 0.270380 0.557010
s 1
usemtl Material.002
f 3628/2198/1502 3632/2199/1502 3633/2200/1502 3627/2201/1502
f 3626/2202/1503 3631/2203/1504 3635/2204/1504 3637/2205/1505
f 3627/2201/1506 3633/2200/1506 3631/2203/1506 3626/2202/1506
f 3629/2206/1507 3628/2198/1507 3627/2201/1507 3630/2207/1507
f 3630/2207/1508 3627/2201/1508 3626/2202/1508 3634/2208/1508
f 3634/2208/1509 3626/2202/1503 3637/2205/1505 3636/2209/1509
f 3640/2210/1510 3639/2211/1510 3645/2212/1510 3644/2213/1510
f 3638/2214/1511 3649/2215/1511 3647/2216/1512 3643/2217/1512
f 3639/2211/1513 3638/2214/1513 3643/2217/1513 3645/2212/1513
f 3641/2218/1514 3642/2219/1514 3639/2211/1514 3640/2210/1514
f 3642/2219/1515 3646/2220/1515 3638/2214/1515 3639/2211/1515
f 3646/2220/1516 3648/2221/1516 3649/2215/1511 3638/2214/1511
f 3628/2198/1517 3629/2206/1518 3641/2218/1518 3640/2210/1517
f 3629/2206/1519 3630/2207/1519 3642/2219/1519 3641/2218/1519
f 3632/2199/1520 3628/2198/1517 3640/2210/1517 3644/2213/1520
f 3633/2200/1521 3632/2199/1521 3644/2213/1521 3645/2212/1521
f 3631/2203/1522 3633/2200/1522 3645/2212/1522 3643/2217/1522
f 3634/2208/1523 3636/2209/1523 3648/2221/1523 3646/2220/1523
f 3635/2204/1524 3631/2203/1524 3643/2217/1524 3647/2216/1524
f 3637/2205/1525 3635/2204/1526 3647/2216/1526 3649/2215/1525
f 3636/2209/1527 3637/2205/1525 3649/2215/1525 3648/2221/1527
f 3630/2207/1528 3634/2208/1528 3646/2220/1528 3642/2219/1528
o panel_r2
v -2.432799 -1.471536 -1.372539
v -2.296898 -1.040223 -1.370502
v -2.444633 -1.506160 -0.815648
v -2.136161 -0.620106 -1.654863
v -2.313435 -1.096721 -0.961187
v -2.300495 -1.038877 -1.654894
v -2.275179 -0.999727 -0.941754
v -2.053469 -0.427082 -1.086658
v -2.059987 -0.424709 -1.654851
v -2.363637 -1.270373 -1.654865
v -2.433383 -1.452535 -1.671008
v -2.652238 -1.376519 -1.690566
v -2.669910 -1.425301 -0.819355
v -2.659241 -1.395873 -1.372990
v -2.344336 -1.024431 -1.369981
v -2.459197 -1.458393 -0.813168
v -2.182725 -0.601902 -1.654240
v -2.361046 -1.081457 -0.960843
v -2.347942 -1.023119 -1.654239
v -2.321748 -0.981535 -0.941142
v -2.100038 -0.408889 -1.086047
v -2.106556 -0.406517 -1.654239
v -2.411852 -1.257149 -1.654239
v -2.453096 -1.406682 -1.668031
v -2.633087 -1.330445 -1.687346
v -2.650822 -1.379172 -0.816558
v -2.640121 -1.349771 -1.369982
v -2.454824 -1.426721 -1.369981
vn 0.9314 -0.3639 -0.0122
vn 0.9312 -0.3642 -0.0128
vn 0.9311 -0.3645 -0.0127
vn 0.9530 -0.3029 -0.0006
vn 0.9310 -0.3648 -0.0130
vn 0.9308 -0.3653 -0.0135
vn 0.9577 -0.2876 0.0080
vn 0.9343 -0.3556 -0.0245
vn -0.3193 -0.9456 -0.0622
vn -0.3228 -0.9445 -0.0616
vn -0.3263 -0.9433 -0.0610
vn -0.9314 0.3638 0.0122
vn -0.9316 0.3632 0.0122
vn -0.9311 0.3646 0.0131
vn -0.9643 0.2646 0.0123
vn -0.9658 0.2591 0.0027
vn -0.9659 0.2590 0.0031
vn -0.9309 0.3651 0.0135
vn -0.9312 0.3643 0.0127
vn -0.9644 0.2643 0.0127
vn -0.9643 0.2645 0.0125
vn -0.9642 0.2648 0.0122
vn -0.0521 -0.1749 0.9832
vn 0.0947 0.2096 0.9732
vn 0.3639 0.9314 -0.0003
vn -0.0115 0.0045 -0.9999
vn -0.0117 0.0046 -0.9999
vn -0.0121 0.0040 -0.9999
vn 0.3004 0.2551 0.9191
vn -0.0124 0.0033 -0.9999
vn 0.0196 0.0833 -0.9963
vn 0.1223 0.0675 -0.9902
vn -0.0378 -0.0543 0.9978
vn -0.9236 0.3833 0.0029
vn -0.9238 0.3829 0.0027
vn -0.9239 0.3826 0.0025
vn 0.3830 0.9215 0.0644
vn 0.3824 0.9220 0.0602
vn 0.3824 0.9220 0.0601
vn 0.3817 0.9226 0.0559
vn 0.9310 -0.3647 -0.0127
vn 0.9316 -0.3632 -0.0122
vn -0.9314 0.3638 0.0127
vt 0.599621 0.305785
vt 0.623325 0.311379
vt 0.625081 0.294826
vt 0.642523 0.294747
vt 0.627349 0.310629
vt 0.643936 0.316248
vt 0.607716 0.283847
vt 0.625079 0.283845
vt 0.634312 0.283847
vt 0.641842 0.283223
vt 0.641974 0.282468
vt 0.642769 0.294730
vt 0.643977 0.316105
vt 0.599576 0.305808
vt 0.599576 0.283871
vt 0.607670 0.283871
vt 0.641188 0.294846
vt 0.642395 0.316344
vt 0.627424 0.310642
vt 0.625134 0.294846
vt 0.625134 0.283871
vt 0.634469 0.283871
vt 0.640438 0.283338
vt 0.623279 0.311403
vt 0.599621 0.283847
vt 0.640049 0.282593
vt 0.642051 0.316213
vt 0.640843 0.294846
vt 0.236760 0.557010
vt 0.249013 0.557010
vt 0.249013 0.564748
vt 0.237506 0.564547
vt 0.270380 0.557010
vt 0.270511 0.565008
s 1
usemtl Material.002
f 3657/2222/1529 3656/2223/1530 3651/2224/1531
f 3650/2225/1532 3651/2224/1532 3654/2226/1532 3652/2227/1532
f 3653/2228/1533 3651/2224/1531 3655/2229/1534
f 3655/2229/1535 3651/2224/1535 3650/2225/1535 3659/2230/1535
f 3659/2230/1536 3650/2225/1536 3660/2231/1536
f 3661/2232/1537 3660/2231/1537 3650/2225/1538 3663/2233/1538
f 3663/2233/1538 3650/2225/1538 3652/2227/1539 3662/2234/1539
f 3670/2235/1540 3671/2236/1541 3666/2237/1542
f 3677/2238/1543 3665/2239/1544 3667/2240/1544 3664/2241/1545
f 3666/2237/1542 3668/2242/1546 3664/2241/1547
f 3668/2242/1548 3672/2243/1549 3677/2238/1543 3664/2241/1545
f 3672/2243/1549 3673/2244/1550 3677/2238/1543
f 3654/2226/1551 3656/2223/1551 3669/2245/1551 3667/2240/1551
f 3656/2223/1552 3657/2222/1552 3670/2235/1552 3669/2245/1552
f 3657/2222/1553 3658/2246/1553 3671/2236/1553 3670/2235/1553
f 3658/2246/1554 3653/2228/1555 3666/2237/1555 3671/2236/1554
f 3653/2228/1555 3655/2229/1556 3668/2242/1556 3666/2237/1555
f 3652/2227/1557 3654/2226/1557 3667/2240/1557 3665/2239/1557
f 3655/2229/1556 3659/2230/1558 3672/2243/1558 3668/2242/1556
f 3659/2230/1559 3660/2231/1559 3673/2244/1559 3672/2243/1559
f 3660/2231/1560 3661/2232/1560 3674/2247/1560 3673/2244/1560
f 3662/2234/1561 3652/2227/1561 3665/2239/1561 3675/2248/1561
f 3661/2232/1562 3663/2233/1563 3676/2249/1563 3674/2247/1562
f 3663/2233/1563 3662/2234/1564 3675/2248/1564 3676/2249/1563
f 3674/2250/1565 3676/2251/1566 3677/2252/1567 3673/2253/1565
f 3676/2251/1566 3675/2254/1568 3665/2255/1568 3677/2252/1567
f 3654/2226/1569 3651/2224/1531 3656/2223/1530
f 3651/2224/1531 3653/2228/1533 3657/2222/1529
f 3653/2228/1533 3658/2246/1570 3657/2222/1529
f 3666/2237/1542 3664/2241/1547 3670/2235/1540
f 3664/2241/1547 3667/2240/1571 3669/2245/1571
f 3670/2235/1540 3664/2241/1547 3669/2245/1571
o panelf
v -0.256088 -1.157024 2.742968
v -0.254254 -1.157691 1.266305
v -0.324848 -1.365987 1.266304
v -0.326198 -1.365414 2.742967
v -0.254096 -1.157749 1.137582
v -0.303473 -1.303452 1.137582
v -0.248593 -1.159752 2.866633
v -0.319912 -1.367652 2.841012
v -0.174443 -0.952750 1.266304
v -0.175845 -0.952321 2.742967
v -0.198265 -1.014395 1.137582
v -0.169591 -0.954648 2.841012
v -0.221023 -0.934578 1.266244
v -0.222375 -0.934092 2.744581
v -0.303048 -1.139932 2.744581
v -0.372212 -1.349966 1.266244
v -0.373560 -1.349470 2.744581
v -0.350827 -1.287400 1.137517
v -0.367212 -1.351780 2.844295
v -0.301238 -1.140591 1.266244
v -0.301081 -1.140648 1.137517
v -0.295477 -1.142688 2.869917
v -0.244858 -0.996253 1.137517
v -0.216027 -0.936402 2.844295
vn 0.9473 -0.3204 0.0012
vn 0.9471 -0.3210 0.0013
vn 0.9474 -0.3199 0.0012
vn 0.9460 -0.3173 -0.0659
vn 0.9316 -0.3634 0.0012
vn 0.9318 -0.3629 0.0013
vn 0.9316 -0.3635 0.0012
vn 0.9314 -0.3639 0.0012
vn 0.9287 -0.3650 -0.0659
vn 0.0237 -0.1299 0.9912
vn -0.3192 -0.9477 -0.0007
vn -0.3187 -0.9479 -0.0014
vn -0.3197 -0.9475 0.0001
vn -0.2848 -0.8428 -0.4568
vn 0.0012 -0.0004 -1.0000
vn 0.1017 0.0843 0.9912
vn 0.3652 0.9309 -0.0014
vn 0.3646 0.9311 -0.0007
vn 0.3641 0.9314 0.0001
vn 0.3236 0.8286 -0.4568
vn 0.0012 -0.0005 -1.0000
vn -0.9472 0.3205 -0.0012
vn -0.9471 0.3210 -0.0013
vn -0.9473 0.3204 -0.0012
vn -0.9474 0.3200 -0.0011
vn -0.9460 0.3174 0.0657
vn -0.9317 0.3634 -0.0012
vn -0.9316 0.3634 -0.0012
vn -0.9319 0.3628 -0.0013
vn -0.9315 0.3639 -0.0011
vn -0.9287 0.3649 0.0657
vt 0.071481 0.974391
vt 0.071747 0.974391
vt 0.071667 0.974546
vt 0.071481 0.974546
vt 0.071746 0.972606
vt 0.071481 0.972606
vt 0.071481 0.972457
vt 0.071746 0.972488
vt 0.071295 0.974546
vt 0.071215 0.974391
vt 0.071215 0.972606
vt 0.071215 0.972488
vt 0.071481 0.972453
vt 0.071748 0.972484
vt 0.071748 0.972604
vt 0.071748 0.974391
vt 0.071668 0.974547
vt 0.071481 0.974547
vt 0.071214 0.972484
vt 0.071214 0.972604
vt 0.071214 0.974391
vt 0.071294 0.974547
vt 0.324158 0.672677
vt 0.329128 0.672684
vt 0.329128 0.672817
vt 0.324158 0.672867
vt 0.267081 0.672812
vt 0.267081 0.672603
vt 0.262242 0.672914
vt 0.263231 0.673072
vt 0.350796 0.543694
vt 0.350796 0.543883
vt 0.345826 0.543833
vt 0.345826 0.543700
vt 0.407873 0.543828
vt 0.407873 0.543619
vt 0.412712 0.543930
vt 0.411723 0.544089
s 1
usemtl Material.002
f 3679/2256/1572 3680/2257/1572 3683/2258/1573 3682/2259/1573
f 3681/2260/1574 3680/2257/1572 3679/2256/1572 3678/2261/1574
f 3684/2262/1575 3685/2263/1575 3681/2260/1575 3678/2261/1575
f 3679/2256/1576 3682/2259/1577 3688/2264/1577 3686/2265/1578
f 3687/2266/1579 3678/2261/1579 3679/2256/1576 3686/2265/1578
f 3684/2262/1580 3678/2261/1580 3687/2266/1580 3689/2267/1580
f 3685/2263/1581 3684/2262/1581 3699/2268/1581 3696/2269/1581
f 3681/2260/1582 3685/2263/1583 3696/2269/1583 3694/2270/1582
f 3680/2257/1584 3681/2260/1582 3694/2270/1582 3693/2271/1584
f 3683/2258/1585 3680/2257/1585 3693/2271/1585 3695/2272/1585
f 3682/2259/1586 3683/2258/1586 3695/2272/1586 3698/2273/1586
f 3684/2262/1587 3689/2267/1587 3701/2274/1587 3699/2268/1587
f 3689/2267/1588 3687/2266/1589 3691/2275/1589 3701/2274/1588
f 3687/2266/1589 3686/2265/1590 3690/2276/1590 3691/2275/1589
f 3686/2265/1591 3688/2264/1591 3700/2277/1591 3690/2276/1591
f 3688/2264/1592 3682/2259/1586 3698/2273/1586 3700/2277/1592
f 3697/2278/1593 3698/2279/1594 3695/2280/1594 3693/2281/1595
f 3694/2282/1596 3692/2283/1596 3697/2278/1593 3693/2281/1595
f 3699/2284/1597 3692/2283/1597 3694/2282/1597 3696/2285/1597
f 3697/2286/1598 3690/2287/1599 3700/2288/1600 3698/2289/1600
f 3691/2290/1601 3690/2287/1599 3697/2286/1598 3692/2291/1601
f 3699/2292/1602 3701/2293/1602 3691/2290/1602 3692/2291/1602
o rgear_l
v 1.888278 -1.850818 -1.524302
v 1.888278 -1.850818 -1.369844
v 1.888278 -1.696360 -1.369844
v 1.888278 -1.696360 -1.524301
v 1.712104 -1.850818 -1.524302
v 1.712104 -1.850818 -1.369844
v 1.712104 -1.696360 -1.369844
v 1.712104 -1.696360 -1.524301
v 1.845224 -1.720675 -1.392360
v 1.845224 -1.720676 -1.501786
v 1.735091 -1.709100 -1.392360
v 1.735091 -1.709100 -1.501786
v 1.883494 -1.356554 -1.392362
v 1.883494 -1.356554 -1.501787
v 1.773361 -1.344978 -1.392362
v 1.773361 -1.344979 -1.501787
v 1.933718 -0.878711 -1.392365
v 1.933718 -0.878712 -1.501790
v 1.823585 -0.867136 -1.392365
v 1.823585 -0.867136 -1.501790
v 1.992326 -0.321091 -1.392368
v 1.992326 -0.321091 -1.501794
v 1.882193 -0.309515 -1.392368
v 1.882193 -0.309516 -1.501794
v 1.749780 -1.569336 -1.501786
v 1.859913 -1.580912 -1.501786
v 1.749781 -1.569336 -1.392361
v 1.859914 -1.580911 -1.392361
v 1.754806 -1.521522 -1.501786
v 1.754806 -1.521522 -1.392361
v 1.864939 -1.533097 -1.392361
v 1.864939 -1.533098 -1.501786
v 1.905841 -1.358902 -1.369892
v 1.905841 -1.358903 -1.524257
v 1.751014 -1.342629 -1.369892
v 1.751014 -1.342630 -1.524257
v 1.956065 -0.881060 -1.369895
v 1.956065 -0.881061 -1.524260
v 1.801238 -0.864787 -1.369895
v 1.801238 -0.864788 -1.524260
v 1.719985 -1.566205 -1.531746
v 1.889709 -1.584044 -1.531746
v 1.719985 -1.566204 -1.362401
v 1.889709 -1.584043 -1.362401
v 1.725010 -1.518391 -1.531747
v 1.725010 -1.518390 -1.362401
v 1.894735 -1.536229 -1.362401
v 1.894735 -1.536230 -1.531747
vn 1.0000 -0.0000 -0.0000
vn -1.0000 -0.0000 -0.0000
vn -0.0000 -0.0000 1.0000
vn -0.0000 -0.0000 -1.0000
vn -0.0000 1.0000 -0.0000
vn -0.0000 -1.0000 -0.0000
vn -0.1045 -0.9945 -0.0000
vn 0.1045 0.9945 -0.0000
vn -0.9945 0.1045 -0.0000
vn 0.9945 -0.1045 -0.0000
vt 0.089851 0.975891
vt 0.089791 0.975891
vt 0.089791 0.975951
vt 0.089851 0.975951
vt 0.089800 0.975942
vt 0.089842 0.975942
vt 0.089842 0.975946
vt 0.089800 0.975946
vt 0.089800 0.976267
vt 0.089842 0.976267
vt 0.089851 0.976266
vt 0.089791 0.976266
vt 0.089800 0.976014
vt 0.089800 0.976018
vt 0.089800 0.976087
vt 0.089800 0.976082
vt 0.089842 0.976018
vt 0.089842 0.976087
vt 0.089842 0.976014
vt 0.089842 0.976082
vt 0.089842 0.976271
vt 0.089842 0.976482
vt 0.089842 0.976486
vt 0.089851 0.976272
vt 0.089851 0.976088
vt 0.089791 0.976088
vt 0.089791 0.976081
vt 0.089800 0.976482
vt 0.089800 0.976486
vt 0.089800 0.976271
vt 0.089800 0.975995
vt 0.089842 0.975995
vt 0.089842 0.976000
vt 0.089800 0.976000
vt 0.089854 0.976001
vt 0.089788 0.976001
vt 0.089854 0.976013
vt 0.089788 0.976013
vt 0.089788 0.976020
vt 0.089854 0.976020
vt 0.089854 0.975994
vt 0.089791 0.976272
vt 0.089851 0.976081
vt 0.089788 0.975994
s 1
usemtl Material.002
f 3703/2294/1603 3702/2295/1603 3705/2296/1603 3704/2297/1603
f 3707/2294/1604 3708/2297/1604 3709/2296/1604 3706/2295/1604
f 3704/2297/1605 3708/2297/1605 3707/2294/1605 3703/2294/1605
f 3702/2295/1606 3706/2295/1606 3709/2296/1606 3705/2296/1606
f 3705/2296/1607 3709/2296/1607 3708/2297/1607 3704/2297/1607
f 3703/2294/1608 3707/2294/1608 3706/2295/1608 3702/2295/1608
f 3711/2298/1609 3710/2299/1609 3712/2300/1609 3713/2301/1609
f 3719/2302/1610 3718/2303/1610 3738/2304/1610 3739/2305/1610
f 3733/2306/1606 3730/2307/1606 3717/2308/1606 3715/2309/1606
f 3730/2307/1611 3731/2310/1611 3716/2311/1611 3717/2308/1611
f 3731/2310/1605 3732/2312/1605 3714/2313/1605 3716/2311/1605
f 3732/2312/1612 3733/2306/1612 3715/2309/1612 3714/2313/1612
f 3720/2314/1605 3718/2303/1605 3722/2315/1605 3724/2316/1605
f 3718/2303/1610 3720/2314/1610 3740/2317/1610 3738/2304/1610
f 3717/2308/1609 3716/2311/1609 3736/2318/1609 3737/2319/1609
f 3715/2309/1609 3717/2308/1609 3737/2319/1609 3735/2320/1609
f 3723/2321/1610 3725/2322/1610 3724/2316/1610 3722/2315/1610
f 3718/2303/1612 3719/2302/1612 3723/2321/1612 3722/2315/1612
f 3719/2302/1606 3721/2323/1606 3725/2322/1606 3723/2321/1606
f 3721/2323/1611 3720/2314/1611 3724/2316/1611 3725/2322/1611
f 3710/2299/1612 3711/2298/1612 3727/2324/1612 3729/2325/1612
f 3712/2300/1605 3710/2299/1605 3729/2325/1605 3728/2326/1605
f 3713/2301/1611 3712/2300/1611 3728/2326/1611 3726/2327/1611
f 3711/2298/1606 3713/2301/1606 3726/2327/1606 3727/2324/1606
f 3726/2327/1609 3728/2326/1609 3744/2328/1609 3742/2329/1609
f 3733/2306/1610 3732/2312/1610 3748/2330/1610 3749/2331/1610
f 3731/2310/1610 3730/2307/1610 3746/2332/1610 3747/2333/1610
f 3728/2326/1609 3729/2325/1609 3745/2334/1609 3744/2328/1609
f 3737/2319/1611 3736/2318/1611 3740/2317/1611 3741/2335/1611
f 3736/2318/1605 3734/2336/1605 3738/2304/1605 3740/2317/1605
f 3734/2336/1612 3735/2320/1612 3739/2305/1612 3738/2304/1612
f 3735/2320/1606 3737/2319/1606 3741/2335/1606 3739/2305/1606
f 3716/2311/1609 3714/2313/1609 3734/2336/1609 3736/2318/1609
f 3721/2323/1610 3719/2302/1610 3739/2305/1610 3741/2335/1610
f 3714/2313/1609 3715/2309/1609 3735/2320/1609 3734/2336/1609
f 3720/2314/1610 3721/2323/1610 3741/2335/1610 3740/2317/1610
f 3745/2334/1612 3743/2337/1612 3749/2331/1612 3748/2330/1612
f 3744/2328/1605 3745/2334/1605 3748/2330/1605 3747/2333/1605
f 3742/2329/1611 3744/2328/1611 3747/2333/1611 3746/2332/1611
f 3743/2337/1606 3742/2329/1606 3746/2332/1606 3749/2331/1606
f 3730/2307/1610 3733/2306/1610 3749/2331/1610 3746/2332/1610
f 3729/2325/1609 3727/2324/1609 3743/2337/1609 3745/2334/1609
f 3732/2312/1610 3731/2310/1610 3747/2333/1610 3748/2330/1610
f 3727/2324/1609 3726/2327/1609 3742/2329/1609 3743/2337/1609
o rgear_r
v -1.888278 -1.850818 -1.524302
v -1.888278 -1.850818 -1.369844
v -1.888278 -1.696360 -1.369844
v -1.888278 -1.696360 -1.524301
v -1.712104 -1.850818 -1.524302
v -1.712104 -1.850818 -1.369844
v -1.712104 -1.696360 -1.369844
v -1.712104 -1.696360 -1.524301
v -1.845224 -1.720675 -1.392360
v -1.845224 -1.720676 -1.501786
v -1.735091 -1.709100 -1.392360
v -1.735091 -1.709100 -1.501786
v -1.883494 -1.356554 -1.392362
v -1.883494 -1.356554 -1.501787
v -1.773361 -1.344978 -1.392362
v -1.773361 -1.344979 -1.501787
v -1.933718 -0.878711 -1.392365
v -1.933718 -0.878712 -1.501790
v -1.823585 -0.867136 -1.392365
v -1.823585 -0.867136 -1.501790
v -1.992326 -0.321091 -1.392368
v -1.992326 -0.321091 -1.501794
v -1.882193 -0.309515 -1.392368
v -1.882193 -0.309516 -1.501794
v -1.749780 -1.569336 -1.501786
v -1.859913 -1.580912 -1.501786
v -1.749781 -1.569336 -1.392361
v -1.859914 -1.580911 -1.392361
v -1.754806 -1.521522 -1.501786
v -1.754806 -1.521522 -1.392361
v -1.864939 -1.533097 -1.392361
v -1.864939 -1.533098 -1.501786
v -1.905841 -1.358902 -1.369892
v -1.905841 -1.358903 -1.524257
v -1.751014 -1.342629 -1.369892
v -1.751014 -1.342630 -1.524257
v -1.956065 -0.881060 -1.369895
v -1.956065 -0.881061 -1.524260
v -1.801238 -0.864787 -1.369895
v -1.801238 -0.864788 -1.524260
v -1.719985 -1.566205 -1.531746
v -1.889709 -1.584044 -1.531746
v -1.719985 -1.566204 -1.362401
v -1.889709 -1.584043 -1.362401
v -1.725010 -1.518391 -1.531747
v -1.725010 -1.518390 -1.362401
v -1.894735 -1.536229 -1.362401
v -1.894735 -1.536230 -1.531747
vn -1.0000 -0.0000 -0.0000
vn 1.0000 -0.0000 -0.0000
vn -0.0000 -0.0000 1.0000
vn -0.0000 -0.0000 -1.0000
vn -0.0000 1.0000 -0.0000
vn -0.0000 -1.0000 -0.0000
vn 0.1045 -0.9945 -0.0000
vn -0.1045 0.9945 -0.0000
vn 0.9945 0.1045 -0.0000
vn -0.9945 -0.1045 -0.0000
vt 0.089851 0.975891
vt 0.089851 0.975951
vt 0.089791 0.975951
vt 0.089791 0.975891
vt 0.089800 0.975942
vt 0.089800 0.975946
vt 0.089842 0.975946
vt 0.089842 0.975942
vt 0.089800 0.976267
vt 0.089791 0.976266
vt 0.089851 0.976266
vt 0.089842 0.976267
vt 0.089800 0.976014
vt 0.089800 0.976082
vt 0.089800 0.976087
vt 0.089800 0.976018
vt 0.089842 0.976087
vt 0.089842 0.976018
vt 0.089842 0.976082
vt 0.089842 0.976014
vt 0.089842 0.976271
vt 0.089842 0.976486
vt 0.089842 0.976482
vt 0.089851 0.976272
vt 0.089791 0.976088
vt 0.089851 0.976088
vt 0.089791 0.976081
vt 0.089800 0.976482
vt 0.089800 0.976486
vt 0.089800 0.976271
vt 0.089842 0.975995
vt 0.089800 0.975995
vt 0.089842 0.976000
vt 0.089800 0.976000
vt 0.089788 0.976001
vt 0.089854 0.976001
vt 0.089788 0.976013
vt 0.089854 0.976013
vt 0.089854 0.976020
vt 0.089788 0.976020
vt 0.089854 0.975994
vt 0.089791 0.976272
vt 0.089851 0.976081
vt 0.089788 0.975994
s 1
usemtl Material.002
f 3751/2338/1613 3752/2339/1613 3753/2340/1613 3750/2341/1613
f 3755/2338/1614 3754/2341/1614 3757/2340/1614 3756/2339/1614
f 3752/2339/1615 3751/2338/1615 3755/2338/1615 3756/2339/1615
f 3750/2341/1616 3753/2340/1616 3757/2340/1616 3754/2341/1616
f 3753/2340/1617 3752/2339/1617 3756/2339/1617 3757/2340/1617
f 3751/2338/1618 3750/2341/1618 3754/2341/1618 3755/2338/1618
f 3759/2342/1619 3761/2343/1619 3760/2344/1619 3758/2345/1619
f 3767/2346/1620 3787/2347/1620 3786/2348/1620 3766/2349/1620
f 3781/2350/1616 3763/2351/1616 3765/2352/1616 3778/2353/1616
f 3778/2353/1621 3765/2352/1621 3764/2354/1621 3779/2355/1621
f 3779/2355/1615 3764/2354/1615 3762/2356/1615 3780/2357/1615
f 3780/2357/1622 3762/2356/1622 3763/2351/1622 3781/2350/1622
f 3768/2358/1615 3772/2359/1615 3770/2360/1615 3766/2349/1615
f 3766/2349/1620 3786/2348/1620 3788/2361/1620 3768/2358/1620
f 3765/2352/1619 3785/2362/1619 3784/2363/1619 3764/2354/1619
f 3763/2351/1619 3783/2364/1619 3785/2362/1619 3765/2352/1619
f 3771/2365/1620 3770/2360/1620 3772/2359/1620 3773/2366/1620
f 3766/2349/1622 3770/2360/1622 3771/2365/1622 3767/2346/1622
f 3767/2346/1616 3771/2365/1616 3773/2366/1616 3769/2367/1616
f 3769/2367/1621 3773/2366/1621 3772/2359/1621 3768/2358/1621
f 3758/2345/1622 3777/2368/1622 3775/2369/1622 3759/2342/1622
f 3760/2344/1615 3776/2370/1615 3777/2368/1615 3758/2345/1615
f 3761/2343/1621 3774/2371/1621 3776/2370/1621 3760/2344/1621
f 3759/2342/1616 3775/2369/1616 3774/2371/1616 3761/2343/1616
f 3774/2371/1619 3790/2372/1619 3792/2373/1619 3776/2370/1619
f 3781/2350/1620 3797/2374/1620 3796/2375/1620 3780/2357/1620
f 3779/2355/1620 3795/2376/1620 3794/2377/1620 3778/2353/1620
f 3776/2370/1619 3792/2373/1619 3793/2378/1619 3777/2368/1619
f 3785/2362/1621 3789/2379/1621 3788/2361/1621 3784/2363/1621
f 3784/2363/1615 3788/2361/1615 3786/2348/1615 3782/2380/1615
f 3782/2380/1622 3786/2348/1622 3787/2347/1622 3783/2364/1622
f 3783/2364/1616 3787/2347/1616 3789/2379/1616 3785/2362/1616
f 3764/2354/1619 3784/2363/1619 3782/2380/1619 3762/2356/1619
f 3769/2367/1620 3789/2379/1620 3787/2347/1620 3767/2346/1620
f 3762/2356/1619 3782/2380/1619 3783/2364/1619 3763/2351/1619
f 3768/2358/1620 3788/2361/1620 3789/2379/1620 3769/2367/1620
f 3793/2378/1622 3796/2375/1622 3797/2374/1622 3791/2381/1622
f 3792/2373/1615 3795/2376/1615 3796/2375/1615 3793/2378/1615
f 3790/2372/1621 3794/2377/1621 3795/2376/1621 3792/2373/1621
f 3791/2381/1616 3797/2374/1616 3794/2377/1616 3790/2372/1616
f 3778/2353/1620 3794/2377/1620 3797/2374/1620 3781/2350/1620
f 3777/2368/1619 3793/2378/1619 3791/2381/1619 3775/2369/1619
f 3780/2357/1620 3796/2375/1620 3795/2376/1620 3779/2355/1620
f 3775/2369/1619 3791/2381/1619 3790/2372/1619 3774/2371/1619
o rudder
v 0.000000 0.688956 -6.678133
v 0.000000 3.181118 -7.867323
v -0.070624 0.720663 -6.247613
v -0.051788 0.675065 -6.643815
v -0.053904 3.181118 -7.332758
v -0.037505 3.181118 -7.675910
v -0.027502 3.181118 -7.833005
v 0.070624 0.720663 -6.247613
v 0.000000 0.688956 -6.678133
v 0.051788 0.675065 -6.643815
v 0.053904 3.181118 -7.332758
v 0.037505 3.181118 -7.675910
v 0.027502 3.181118 -7.833005
v 0.000000 3.181118 -7.867323
v -0.084092 0.739197 -5.786571
v 0.084092 0.739197 -5.786571
vn -0.9986 -0.0152 -0.0508
vn -0.5778 -0.3484 -0.7380
vn -0.9993 -0.0095 -0.0369
vn 0.9986 -0.0152 -0.0508
vn 0.5778 -0.3484 -0.7380
vn 0.9993 -0.0095 -0.0369
vn -0.0000 -0.9269 -0.3752
vn -0.0000 -0.9934 0.1143
vn -0.0000 -0.9992 0.0402
vn -0.0000 1.0000 -0.0000
vn -0.0000 0.5350 0.8449
vt 0.472625 0.843873
vt 0.487922 0.845633
vt 0.432777 0.940629
vt 0.426712 0.940629
vt 0.471300 0.844409
vt 0.425387 0.940629
vt 0.505723 0.846349
vt 0.446026 0.940629
vt 0.800804 0.842875
vt 0.846718 0.939631
vt 0.840653 0.939631
vt 0.785508 0.844635
vt 0.802130 0.843411
vt 0.848043 0.939631
vt 0.827404 0.939631
vt 0.767707 0.845351
vt 0.007044 0.990576
vt 0.007031 0.990581
vt 0.010341 0.990574
vt 0.010328 0.990569
vt 0.007197 0.990594
vt 0.010175 0.990587
vt 0.010029 0.990594
vt 0.007343 0.990601
vt 0.006646 0.991544
vt 0.006778 0.991544
vt 0.010594 0.991536
vt 0.010727 0.991536
vt 0.010787 0.991536
vt 0.006585 0.991544
vt 0.010800 0.991536
vt 0.006572 0.991544
vt 0.010930 0.991041
vt 0.011495 0.990098
vt 0.014746 0.991034
s 1
usemtl Material.002
f 3801/2382/1623 3800/2383/1623 3803/2384/1623 3804/2385/1623
f 3798/2386/1624 3801/2382/1624 3804/2385/1624 3799/2387/1624
f 3800/2383/1625 3812/2388/1625 3802/2389/1625 3803/2384/1625
f 3807/2390/1626 3810/2391/1626 3809/2392/1626 3805/2393/1626
f 3806/2394/1627 3811/2395/1627 3810/2391/1627 3807/2390/1627
f 3805/2393/1628 3809/2392/1628 3808/2396/1628 3813/2397/1628
f 3801/2398/1629 3798/2399/1629 3806/2400/1629 3807/2401/1629
f 3800/2402/1630 3801/2398/1630 3807/2401/1630 3805/2403/1630
f 3800/2402/1631 3805/2403/1631 3813/2404/1631 3812/2405/1631
f 3803/2406/1632 3802/2407/1632 3808/2408/1632 3809/2409/1632
f 3803/2406/1632 3809/2409/1632 3810/2410/1632 3804/2411/1632
f 3804/2411/1632 3810/2410/1632 3811/2412/1632 3799/2413/1632
f 3802/2414/1633 3812/2415/1633 3813/2413/1633 3808/2416/1633
o stick
v -0.020818 0.312185 4.732709
v -0.022506 0.452452 4.735472
v -0.021549 0.312185 4.660765
v -0.023293 0.452452 4.655629
v 0.023124 0.312185 4.732709
v 0.024812 0.452452 4.735472
v 0.023855 0.312185 4.660765
v 0.025599 0.452452 4.655629
v -0.021845 0.489915 4.738791
v -0.021300 0.501116 4.658957
v 0.024151 0.489915 4.738791
v 0.023606 0.501116 4.658957
v -0.021062 0.534372 4.750242
v -0.016754 0.552388 4.665546
v 0.023368 0.534372 4.750242
v 0.019060 0.552388 4.665546
v 0.025992 0.565822 4.699955
v -0.023687 0.565822 4.699955
v -0.022592 0.574963 4.799695
v -0.022592 0.614184 4.732802
v 0.024898 0.574963 4.799695
v 0.024898 0.614184 4.732802
v 0.035043 0.452082 4.675636
v 0.035043 0.452082 4.709832
v 0.039125 0.452082 4.709832
v 0.049141 0.452082 4.699816
v 0.049141 0.452082 4.685652
v 0.039125 0.452082 4.675636
v 0.017613 0.552365 4.669162
v 0.017613 0.539385 4.732130
v 0.046459 0.535830 4.732130
v 0.072900 0.531634 4.713687
v 0.072900 0.537010 4.687605
v 0.046459 0.548810 4.669162
v 0.029067 0.497974 4.723596
v 0.029067 0.497974 4.661871
v 0.042969 0.497974 4.661871
v 0.065403 0.497974 4.679950
v 0.065403 0.497974 4.705518
v 0.042969 0.497974 4.723596
v 0.038289 0.571985 4.713201
v 0.041147 0.569663 4.719662
v 0.054889 0.569792 4.719683
v 0.057722 0.572168 4.713230
v 0.048199 0.553986 4.698211
v 0.042606 0.553140 4.700381
v 0.040298 0.551205 4.705637
v 0.042626 0.549313 4.710901
v 0.048227 0.548573 4.713088
v 0.053820 0.549418 4.710917
v 0.056128 0.551353 4.705661
v 0.053800 0.553246 4.700398
v 0.041609 0.574849 4.707448
v 0.047983 0.575813 4.704975
v 0.048015 0.569643 4.721931
v 0.054367 0.574969 4.707468
v 0.041330 0.553564 4.699182
v 0.048195 0.554601 4.696518
v 0.038496 0.551188 4.705635
v 0.041354 0.548865 4.712096
v 0.048230 0.547957 4.714781
v 0.055096 0.548995 4.712116
v 0.057929 0.551371 4.705664
v 0.055071 0.553693 4.699203
v 0.042750 0.538699 4.695127
v 0.048342 0.539544 4.692955
v 0.040441 0.536763 4.700383
v 0.042770 0.534871 4.705647
v 0.048371 0.534131 4.707833
v 0.053963 0.534976 4.705663
v 0.056272 0.536911 4.700407
v 0.053943 0.538804 4.695144
v -0.034819 0.312185 4.684747
v -0.034819 0.312185 4.708728
v -0.037582 0.452452 4.708858
v -0.037582 0.452452 4.682243
v 0.037125 0.312185 4.708728
v 0.037125 0.312185 4.684747
v 0.039888 0.452452 4.682243
v 0.039888 0.452452 4.708858
v -0.034517 0.493649 4.712179
v -0.034517 0.497382 4.685568
v 0.036822 0.497382 4.685568
v 0.036822 0.493649 4.712179
v -0.027295 0.540377 4.722010
v -0.027295 0.546382 4.693778
v 0.029600 0.546382 4.693778
v 0.029600 0.540377 4.722010
v -0.022592 0.565792 4.800991
v 0.024898 0.565792 4.800991
v -0.022592 0.637574 4.855682
v -0.022575 0.685553 4.788038
v 0.024898 0.637574 4.855682
v 0.024885 0.686265 4.787102
v -0.069877 0.611573 4.789526
v -0.070118 0.637618 4.752997
v -0.069877 0.647610 4.816983
v -0.070118 0.673654 4.780454
v 0.057940 0.609699 4.789516
v 0.057581 0.638361 4.749585
v 0.057940 0.645217 4.816578
v 0.057581 0.673880 4.776647
v -0.046278 0.682332 4.786322
v -0.046235 0.636865 4.847993
v -0.046235 0.577326 4.802629
v -0.046278 0.622792 4.740959
v -0.021581 0.618788 4.731782
v 0.022679 0.619452 4.730909
v -0.021581 0.685730 4.782785
v 0.022679 0.686394 4.781913
v -0.065917 0.641027 4.750108
v -0.065917 0.674634 4.775712
v -0.043686 0.682725 4.781185
v -0.043686 0.627201 4.738880
v 0.053170 0.674843 4.772162
v 0.053170 0.641720 4.746925
v -0.042277 0.616996 4.759049
v -0.042277 0.633564 4.771533
v -0.042277 0.635394 4.734636
v -0.042277 0.651960 4.747120
v -0.020544 0.616996 4.759049
v -0.020544 0.633564 4.771533
v -0.020544 0.635394 4.734636
v -0.020544 0.651960 4.747120
v -0.039668 0.652076 4.742828
v -0.039668 0.639487 4.733341
v -0.023152 0.639487 4.733341
v -0.023152 0.652076 4.742828
v -0.029537 0.645843 4.770701
v -0.029537 0.673205 4.791319
v -0.029537 0.663265 4.747581
v -0.029537 0.690627 4.768200
v -0.003188 0.645843 4.770701
v -0.003188 0.673205 4.791319
v -0.003188 0.663265 4.747581
v -0.003188 0.690627 4.768200
v -0.025769 0.689353 4.761747
v -0.025769 0.669818 4.747026
v -0.006957 0.669818 4.747026
v -0.006957 0.689353 4.761747
v 0.030941 0.673752 4.766650
v 0.042573 0.670623 4.764292
v 0.047391 0.663070 4.758601
v 0.042573 0.655517 4.752909
v 0.030941 0.652389 4.750552
v 0.019310 0.655517 4.752909
v 0.014492 0.663070 4.758601
v 0.019310 0.670623 4.764292
v 0.030941 0.664260 4.772804
v 0.039201 0.662038 4.771130
v 0.042623 0.656675 4.767089
v 0.039201 0.651310 4.763047
v 0.030941 0.649089 4.761373
v 0.022681 0.651310 4.763047
v 0.019260 0.656675 4.767089
v 0.022681 0.662038 4.771130
v 0.040917 0.671974 4.760262
v 0.030941 0.674657 4.762284
v 0.045049 0.665496 4.755381
v 0.040917 0.659018 4.750500
v 0.030941 0.656336 4.748478
v 0.020966 0.659018 4.750500
v 0.016834 0.665496 4.755381
v 0.020966 0.671974 4.760262
v 0.015311 0.635836 4.742413
v 0.021538 0.633776 4.740861
v 0.024118 0.628803 4.737113
v 0.021538 0.623830 4.733366
v 0.015311 0.621770 4.731814
v 0.009084 0.623830 4.733366
v 0.006505 0.628803 4.737113
v 0.009084 0.633776 4.740861
v 0.015311 0.634151 4.744649
v 0.021538 0.632091 4.743097
v 0.024118 0.627118 4.739350
v 0.021538 0.622145 4.735602
v 0.015311 0.620085 4.734050
v 0.009084 0.622145 4.735602
v 0.006505 0.627118 4.739350
v 0.009084 0.632091 4.743097
v 0.019618 0.633771 4.737677
v 0.015311 0.635196 4.738750
v 0.021402 0.630332 4.735085
v 0.019618 0.626892 4.732493
v 0.015311 0.625467 4.731419
v 0.011004 0.626892 4.732493
v 0.009220 0.630332 4.735085
v 0.011004 0.633771 4.737677
v -0.058248 0.348596 4.721380
v -0.058248 0.425485 4.721380
v -0.058248 0.348596 4.667936
v -0.058248 0.425485 4.667936
v -0.003671 0.348596 4.721380
v -0.003671 0.425485 4.721380
v -0.003671 0.348596 4.667936
v -0.003671 0.425485 4.667936
v -0.047325 0.478360 4.686512
v -0.051777 0.478360 4.688357
v -0.053621 0.478360 4.692809
v -0.051777 0.478360 4.697261
v -0.047325 0.478360 4.699105
v -0.042873 0.478360 4.697261
v -0.041029 0.478360 4.692809
v -0.042873 0.478360 4.688357
v -0.047325 0.429035 4.686512
v -0.051777 0.429035 4.688357
v -0.053621 0.429035 4.692809
v -0.051777 0.429035 4.697261
v -0.047325 0.429035 4.699105
v -0.042873 0.429035 4.697261
v -0.041029 0.429035 4.692809
v -0.042873 0.429035 4.688357
v -0.047325 0.424746 4.683673
v -0.053784 0.424746 4.686349
v -0.056460 0.424746 4.692809
v -0.053784 0.424746 4.699268
v -0.047325 0.424746 4.701943
v -0.040865 0.424746 4.699268
v -0.038190 0.424746 4.692809
v -0.040865 0.424746 4.686349
v -0.047325 0.481565 4.684483
v -0.053212 0.481565 4.686922
v -0.055650 0.481565 4.692809
v -0.053212 0.481565 4.698696
v -0.047325 0.481565 4.701134
v -0.041438 0.481565 4.698696
v -0.038999 0.481565 4.692809
v -0.041438 0.481565 4.686922
v -0.065575 0.480575 4.725323
v -0.065575 0.487564 4.725323
v -0.065575 0.480575 4.664432
v -0.065575 0.487564 4.664432
v -0.033552 0.480575 4.725323
v -0.033552 0.487564 4.725323
v -0.033552 0.480575 4.664432
v -0.033552 0.487564 4.664432
v -0.065575 0.480575 4.695381
v -0.065575 0.487564 4.695381
v -0.041044 0.480575 4.695381
v -0.041044 0.487564 4.695381
v -0.065575 0.487564 4.660545
v -0.065575 0.480575 4.660545
v -0.033552 0.480575 4.660545
v -0.033552 0.487564 4.660545
v -0.065575 0.480575 4.729785
v -0.065575 0.487564 4.729785
v -0.033552 0.487564 4.729785
v -0.033552 0.480575 4.729785
vn -0.8762 -0.0265 -0.4812
vn -0.8792 -0.0277 -0.4756
vn -0.8747 -0.0259 -0.4840
vn -0.0000 -0.0366 -0.9993
vn 0.8651 -0.0182 0.5012
vn 0.8683 -0.0195 0.4956
vn 0.8635 -0.0175 0.5041
vn -0.0000 -0.0197 0.9998
vn 0.8771 0.0947 -0.4709
vn -0.0000 -0.2494 0.9684
vn -0.8698 0.0250 0.4927
vn -0.0000 -0.0882 0.9961
vn -0.0000 0.0682 -0.9977
vn 0.9846 0.1712 0.0364
vn -0.0000 0.1275 -0.9918
vn 0.8884 0.2002 -0.4131
vn -0.8992 0.0475 0.4349
vn -0.9846 0.1712 0.0364
vn -0.0000 -0.7730 0.6345
vn -0.0000 0.9315 -0.3637
vn 0.9997 -0.0220 -0.0129
vn -0.0000 0.5619 -0.8272
vn -0.9989 -0.0090 0.0465
vn -0.0000 -1.0000 -0.0000
vn 0.1198 0.9724 0.2004
vn -0.9732 -0.2288 -0.0238
vn 0.0115 0.1381 -0.9904
vn 0.9801 -0.1977 -0.0206
vn -0.0176 -0.2122 0.9771
vn 0.6065 0.0577 -0.7930
vn 0.5616 -0.2690 0.7825
vn 0.6263 -0.2906 0.7234
vn 0.6263 -0.2906 -0.7234
vn -0.0000 -0.2873 0.9578
vn 0.9426 -0.3340 -0.0000
vn -0.0000 -0.2873 -0.9578
vn -0.9916 -0.1291 -0.0000
vn 0.2841 0.9391 0.1936
vn 0.9231 0.1395 -0.3583
vn -0.9072 0.1495 -0.3932
vn 0.9054 0.1665 -0.3905
vn 0.3439 -0.3043 0.8883
vn -0.9232 -0.1395 0.3582
vn -0.3844 0.3386 -0.8588
vn 0.3806 0.3458 -0.8577
vn 0.9246 -0.1221 0.3609
vn -0.3408 -0.3107 0.8873
vn -0.0093 0.9397 0.3419
vn -0.0094 0.9397 0.3419
vn 0.0095 -0.9398 -0.3417
vn 0.0096 -0.9398 -0.3416
vn 0.0093 -0.9398 -0.3416
vn 0.0092 -0.9397 -0.3419
vn 0.0097 -0.9397 -0.3419
vn 0.0094 -0.9397 -0.3420
vn 0.0094 -0.9397 -0.3419
vn 0.0095 -0.9397 -0.3418
vn 0.0096 -0.9397 -0.3419
vn 0.0091 -0.9397 -0.3419
vn 0.0093 -0.9397 -0.3418
vn 0.0093 -0.9397 -0.3420
vn 0.0093 -0.9397 -0.3419
vn 0.3843 -0.3123 0.8688
vn -0.3844 0.3123 -0.8687
vn 0.3811 0.3195 -0.8676
vn 0.9245 -0.1222 0.3611
vn -0.3810 -0.3195 0.8676
vn -0.9245 0.1222 -0.3611
vn -0.9379 0.1247 -0.3236
vn -0.9889 0.1458 0.0295
vn -0.9895 0.1431 0.0216
vn -0.9896 0.1425 0.0200
vn 0.9774 -0.0364 0.2080
vn 0.9889 0.1458 0.0295
vn 0.9895 0.1431 0.0216
vn 0.9888 0.1463 0.0311
vn -0.8973 0.0666 -0.4363
vn -0.9973 0.0727 0.0088
vn -0.9976 0.0688 0.0011
vn -0.9977 0.0681 -0.0000
vn 0.9039 -0.0219 0.4273
vn 0.9973 0.0727 0.0089
vn 0.9976 0.0687 0.0012
vn 0.9973 0.0734 0.0103
vn 0.8747 -0.0259 -0.4840
vn 0.9998 -0.0197 -0.0000
vn -0.8635 -0.0175 0.5041
vn -0.9998 -0.0197 -0.0000
vn 0.9210 0.2624 -0.2880
vn 0.8904 0.3636 0.2739
vn -0.8903 0.3637 0.2739
vn -0.9210 0.2624 -0.2880
vn -0.9774 -0.0364 0.2081
vn 0.8993 0.0475 0.4348
vn -0.0000 -0.8155 -0.5787
vn -0.0004 0.8155 0.5787
vn -0.0000 -0.6060 0.7954
vn -0.0071 -0.2838 -0.9589
vn 0.6645 -0.6075 -0.4352
vn -0.3893 0.7441 0.5430
vn -1.0000 -0.0033 0.0043
vn -0.6357 -0.6249 -0.4532
vn -0.7968 -0.3662 0.4806
vn -0.1352 0.9908 0.0077
vn 1.0000 0.0044 -0.0058
vn -0.5015 -0.1096 -0.8582
vn 0.7343 -0.4114 0.5400
vn 0.4440 0.7303 0.5191
vn 0.5003 -0.0710 -0.8629
vn -0.2339 -0.5892 0.7734
vn -0.4225 -0.7346 -0.5308
vn -0.1806 0.7972 0.5761
vn -0.0248 0.6059 -0.7952
vn -0.7205 0.4202 -0.5516
vn -0.0144 0.9994 0.0309
vn -0.3671 -0.1678 -0.9149
vn 0.3202 0.9406 -0.1129
vn -0.3211 0.9428 -0.0897
vn 0.6853 0.4413 -0.5793
vn -1.0000 -0.0000 -0.0000
vn 0.8017 0.3598 -0.4774
vn 1.0000 -0.0000 -0.0000
vn -0.0000 -0.6018 0.7987
vn -0.0000 -0.7986 -0.6018
vn -0.0000 0.7986 0.6018
vn -0.0000 0.6018 -0.7986
vn -0.0000 -0.3016 -0.9534
vn -0.0000 0.9996 0.0270
vn -0.8015 0.3599 -0.4775
vn 0.7585 0.3922 -0.5204
vn -0.0000 -0.6018 0.7986
vn -0.0000 -0.0844 -0.9964
vn -0.0000 0.9811 -0.1937
vn -0.7586 0.3921 -0.5203
vn 0.2914 -0.4450 -0.8468
vn -0.0001 -0.6018 0.7987
vn 0.3016 -0.9120 -0.2781
vn 0.8273 0.1133 0.5502
vn -0.8274 0.1133 0.5501
vn -0.3016 -0.9120 -0.2781
vn 0.8274 -0.5600 0.0428
vn 0.3017 0.5187 0.8000
vn -0.3017 0.5187 0.8000
vn -0.8274 -0.5600 0.0428
vn -0.0000 0.6018 -0.7987
vn 0.7913 0.5986 -0.1245
vn -0.7913 0.5986 -0.1245
vn -0.2913 -0.4450 -0.8468
vn 0.7913 -0.0453 -0.6097
vn 0.2913 0.9367 0.1942
vn -0.2914 0.9367 0.1942
vn -0.7913 -0.0453 -0.6097
vn 0.6573 0.6404 -0.3973
vn -0.9239 0.3056 0.2303
vn -0.3828 -0.7378 -0.5560
vn 0.9238 -0.3057 -0.2303
vn 0.3827 0.7378 0.5560
vn -0.3827 0.7378 0.5560
vn -0.9239 -0.3056 -0.2303
vn 0.3827 -0.7378 -0.5560
vn 0.9240 0.3053 0.2302
vn -0.0001 0.6018 -0.7986
vn -0.0001 0.6018 -0.7987
vn -0.6573 0.6404 -0.3973
vn -0.2723 -0.1021 -0.9568
vn 0.6573 0.2055 -0.7251
vn 0.2723 0.9478 -0.1657
vn -0.2723 0.9478 -0.1657
vn -0.6573 0.2054 -0.7251
vn 0.2723 -0.1021 -0.9568
vn -0.0000 -0.0000 -1.0000
vn -0.0000 -0.0000 1.0000
vn -0.0000 1.0000 -0.0000
vn 0.9239 -0.0000 -0.3826
vn -0.7975 -0.5049 0.3303
vn -0.7882 0.5217 -0.3265
vn 0.3827 -0.0000 0.9239
vn -0.9239 -0.0000 0.3827
vn -0.3828 -0.0000 -0.9238
vn 0.3828 -0.0000 -0.9238
vn 0.9239 -0.0000 0.3827
vn -0.3827 -0.0000 0.9239
vn -0.9239 -0.0000 -0.3826
vn 0.7882 0.5218 -0.3264
vn 0.3264 0.5216 0.7882
vn -0.7882 0.5217 0.3265
vn -0.3266 0.5217 -0.7881
vn 0.3266 0.5218 -0.7881
vn 0.7882 0.5218 0.3265
vn -0.3265 0.5216 0.7882
vn -0.3304 -0.5049 -0.7975
vn 0.3304 -0.5049 -0.7975
vn 0.7974 -0.5050 0.3303
vn -0.3303 -0.5050 0.7975
vn -0.7975 -0.5049 -0.3303
vn 0.7974 -0.5050 -0.3303
vn 0.3303 -0.5050 0.7975
vn 0.9701 -0.0000 -0.2427
vn 0.9719 -0.0000 0.2353
vn -0.8807 -0.0283 -0.4728
vn 0.8699 -0.0202 0.4928
vn 0.8973 0.0666 -0.4363
vn -0.9038 -0.0219 0.4273
vn 0.9379 0.1247 -0.3236
vn 0.9989 -0.0090 0.0465
vn -0.9997 -0.0220 -0.0129
vn -0.0095 0.9397 0.3419
vn -0.1242 0.9150 0.3838
vn -0.1241 0.9150 0.3838
vn -0.1241 0.9151 0.3838
vn 0.1055 0.9172 0.3841
vn 0.1058 0.9172 0.3841
vn 0.1058 0.9172 0.3842
vn 0.0091 -0.9396 -0.3421
vn 0.0094 -0.9397 -0.3418
vn -0.8884 0.2002 -0.4132
vn -0.9888 0.1463 0.0311
vn 0.9896 0.1425 0.0200
vn -0.8771 0.0947 -0.4709
vn -0.9973 0.0734 0.0103
vn 0.8698 0.0250 0.4927
vn 0.9977 0.0681 -0.0000
vn 0.8807 -0.0283 -0.4728
vn -0.8699 -0.0202 0.4928
vn 0.0002 -0.6018 0.7987
vn 0.0001 -0.6018 0.7987
vn -0.0002 -0.6018 0.7987
vn 0.0001 0.6018 -0.7987
vn -0.0002 -0.6019 0.7986
vn 0.0001 -0.6018 0.7986
vn 0.0002 0.6012 -0.7991
vn 0.0002 0.6018 -0.7987
vn -0.0002 0.6018 -0.7987
vn -0.0000 0.6019 -0.7986
vt 0.090349 0.991810
vt 0.090368 0.991836
vt 0.090352 0.991807
vt 0.090366 0.991842
vt 0.090423 0.991836
vt 0.090442 0.991778
vt 0.090422 0.991749
vt 0.090439 0.991778
vt 0.090424 0.991746
vt 0.090369 0.991749
vt 0.090425 0.991842
vt 0.090438 0.991806
vt 0.090442 0.991810
vt 0.090423 0.991742
vt 0.090368 0.991728
vt 0.090368 0.991742
vt 0.090367 0.991746
vt 0.090352 0.991774
vt 0.090349 0.991778
vt 0.090422 0.991838
vt 0.090425 0.991789
vt 0.090430 0.991762
vt 0.090430 0.991796
vt 0.090368 0.991838
vt 0.090417 0.991830
vt 0.090361 0.991762
vt 0.090365 0.991789
vt 0.090361 0.991796
vt 0.090424 0.991668
vt 0.090422 0.991728
vt 0.090374 0.991830
vt 0.090424 0.991749
vt 0.090367 0.991749
vt 0.090453 0.991806
vt 0.090453 0.991789
vt 0.090436 0.991777
vt 0.090415 0.991750
vt 0.090450 0.991750
vt 0.090450 0.991826
vt 0.090415 0.991826
vt 0.090429 0.991835
vt 0.090429 0.991760
vt 0.090446 0.991835
vt 0.090473 0.991782
vt 0.090473 0.991813
vt 0.090482 0.991804
vt 0.090482 0.991772
vt 0.090446 0.991760
vt 0.090441 0.991777
vt 0.090441 0.991818
vt 0.090436 0.991818
vt 0.075082 0.973941
vt 0.075082 0.973948
vt 0.075079 0.973954
vt 0.075079 0.973948
vt 0.075064 0.973939
vt 0.075064 0.973949
vt 0.075061 0.973941
vt 0.075060 0.973932
vt 0.075084 0.973932
vt 0.075084 0.973941
vt 0.075081 0.973949
vt 0.075080 0.973939
vt 0.075072 0.973922
vt 0.075072 0.973930
vt 0.075081 0.973933
vt 0.075080 0.973924
vt 0.075064 0.973933
vt 0.075064 0.973924
vt 0.075072 0.973942
vt 0.075072 0.973952
vt 0.075066 0.973948
vt 0.075072 0.973950
vt 0.075063 0.973941
vt 0.075066 0.973935
vt 0.075072 0.973932
vt 0.075079 0.973935
vt 0.075073 0.973939
vt 0.075063 0.973948
vt 0.075079 0.973941
vt 0.075066 0.973941
vt 0.075072 0.973957
vt 0.075066 0.973954
vt 0.090352 0.991806
vt 0.090438 0.991774
vt 0.090439 0.991807
vt 0.090352 0.991778
vt 0.090424 0.991667
vt 0.090367 0.991667
vt 0.090424 0.991683
vt 0.090367 0.991682
vt 0.090367 0.991601
vt 0.090424 0.991601
vt 0.090368 0.991750
vt 0.090421 0.991751
vt 0.090463 0.991729
vt 0.090464 0.991681
vt 0.090338 0.991610
vt 0.090338 0.991684
vt 0.090309 0.991692
vt 0.090310 0.991647
vt 0.090309 0.991725
vt 0.090310 0.991681
vt 0.090338 0.991739
vt 0.090338 0.991665
vt 0.090368 0.991689
vt 0.090341 0.991691
vt 0.090463 0.991696
vt 0.090464 0.991648
vt 0.090314 0.991728
vt 0.090341 0.991742
vt 0.090458 0.991732
vt 0.090421 0.991690
vt 0.090314 0.991697
vt 0.090458 0.991702
vt 0.074963 0.973877
vt 0.074963 0.973862
vt 0.074963 0.973891
vt 0.074963 0.973906
vt 0.074989 0.973891
vt 0.074989 0.973906
vt 0.074986 0.973908
vt 0.074986 0.973896
vt 0.074989 0.973862
vt 0.074989 0.973877
vt 0.074966 0.973908
vt 0.074966 0.973896
vt 0.074978 0.973863
vt 0.074978 0.973838
vt 0.074978 0.973866
vt 0.074978 0.973891
vt 0.075010 0.973866
vt 0.075010 0.973891
vt 0.075006 0.973891
vt 0.075006 0.973873
vt 0.075010 0.973838
vt 0.075010 0.973863
vt 0.074983 0.973891
vt 0.074983 0.973873
vt 0.075065 0.973884
vt 0.075051 0.973887
vt 0.075051 0.973889
vt 0.075064 0.973887
vt 0.075051 0.973874
vt 0.075061 0.973872
vt 0.075061 0.973862
vt 0.075071 0.973877
vt 0.075065 0.973870
vt 0.075066 0.973867
vt 0.075037 0.973870
vt 0.075032 0.973877
vt 0.075037 0.973867
vt 0.075041 0.973862
vt 0.075037 0.973884
vt 0.075041 0.973872
vt 0.075051 0.973868
vt 0.075051 0.973860
vt 0.075039 0.973875
vt 0.075051 0.973873
vt 0.075068 0.973881
vt 0.075064 0.973875
vt 0.075034 0.973881
vt 0.075039 0.973887
vt 0.075043 0.973903
vt 0.075040 0.973906
vt 0.075038 0.973903
vt 0.075040 0.973899
vt 0.075040 0.973905
vt 0.075043 0.973901
vt 0.075022 0.973901
vt 0.075022 0.973903
vt 0.075025 0.973896
vt 0.075025 0.973899
vt 0.075033 0.973910
vt 0.075033 0.973907
vt 0.075025 0.973905
vt 0.075025 0.973908
vt 0.075040 0.973908
vt 0.075033 0.973897
vt 0.075033 0.973894
vt 0.075040 0.973896
vt 0.075027 0.973903
vt 0.075033 0.973901
vt 0.075025 0.973906
vt 0.075027 0.973909
vt 0.075038 0.973909
vt 0.090324 0.991763
vt 0.090324 0.991827
vt 0.090389 0.991827
vt 0.090389 0.991763
vt 0.074964 0.973957
vt 0.074962 0.973962
vt 0.074951 0.973951
vt 0.074950 0.973950
vt 0.074947 0.973957
vt 0.074949 0.973957
vt 0.074951 0.973962
vt 0.074949 0.973965
vt 0.074946 0.973957
vt 0.074957 0.973949
vt 0.074962 0.973951
vt 0.074957 0.973964
vt 0.074968 0.973957
vt 0.074957 0.973946
vt 0.074965 0.973965
vt 0.074965 0.973949
vt 0.074949 0.973949
vt 0.074957 0.973968
vt 0.074964 0.973964
vt 0.074957 0.973967
vt 0.074957 0.973947
vt 0.074950 0.973964
vt 0.074967 0.973957
vt 0.074964 0.973950
vt 0.074935 0.973954
vt 0.074935 0.973991
vt 0.074974 0.973991
vt 0.074935 0.973996
vt 0.074974 0.973996
vt 0.074964 0.973954
vt 0.074974 0.973917
vt 0.074935 0.973917
vt 0.074935 0.973912
vt 0.074974 0.973912
vt 0.090367 0.991668
s 1
usemtl Material.002
f 3889/2417/1634 3816/2418/1635 3886/2419/1636
f 3817/2420/1637 3820/2421/1637 3816/2418/1637
f 3893/2422/1638 3818/2423/1639 3890/2424/1640
f 3819/2425/1641 3814/2426/1641 3818/2423/1641
f 3821/2427/1642 3896/2428/1642 3892/2429/1642
f 3824/2430/1643 3826/2431/1643 3822/2432/1643
f 3815/2433/1644 3894/2434/1644 3888/2435/1644
f 3819/2425/1645 3822/2432/1645 3815/2433/1645
f 3817/2420/1646 3825/2436/1646 3821/2427/1646
f 3830/2437/1647 3901/2438/1647 3900/2439/1647
f 3823/2440/1648 3829/2441/1648 3825/2436/1648
f 3825/2436/1649 3900/2439/1649 3896/2428/1649
f 3822/2432/1650 3898/2442/1650 3894/2434/1650
f 3898/2442/1651 3831/2443/1651 3899/2444/1651
f 3834/2445/1652 3826/2431/1652 3828/2446/1652
f 3831/2443/1653 3829/2441/1653 3827/2447/1653
f 3828/2446/1654 3835/2448/1654 3834/2445/1654
f 3831/2443/1655 3835/2448/1655 3830/2437/1655
f 3826/2431/1656 3833/2449/1656 3831/2443/1656
f 3840/2450/1657 3839/2451/1657 3837/2452/1657
f 3843/2453/1658 3844/2454/1658 3847/2455/1658 3842/2456/1658
f 3849/2457/1659 3848/2458/1659 3843/2453/1659 3842/2456/1659
f 3850/2459/1660 3849/2457/1660 3842/2456/1660 3847/2455/1660
f 3852/2460/1661 3851/2461/1661 3846/2462/1661 3845/2463/1661
f 3848/2458/1662 3853/2464/1662 3844/2454/1662 3843/2453/1662
f 3851/2461/1663 3850/2459/1663 3847/2455/1663 3846/2462/1663
f 3853/2464/1664 3852/2460/1664 3845/2463/1664 3844/2454/1664
f 3838/2465/1665 3839/2451/1665 3852/2460/1665 3853/2464/1665
f 3840/2450/1666 3841/2466/1666 3850/2459/1666 3851/2461/1666
f 3837/2452/1667 3838/2465/1667 3853/2464/1667 3848/2458/1667
f 3839/2451/1668 3840/2450/1668 3851/2461/1668 3852/2460/1668
f 3841/2466/1669 3836/2467/1669 3849/2457/1669 3850/2459/1669
f 3836/2467/1670 3837/2452/1670 3848/2458/1670 3849/2457/1670
f 3847/2455/1671 3844/2454/1671 3845/2463/1671 3846/2462/1671
f 3864/2468/1672 3884/2469/1672 3885/2470/1672 3865/2471/1672
f 3866/2472/1673 3870/2473/1673 3872/2474/1673 3854/2475/1673
f 3857/2476/1674 3876/2477/1674 3877/2478/1674 3869/2479/1674
f 3868/2480/1675 3874/2481/1675 3875/2482/1675 3856/2483/1675
f 3854/2475/1676 3872/2474/1676 3873/2484/1676 3855/2485/1676
f 3867/2486/1677 3871/2487/1677 3870/2473/1677 3866/2472/1677
f 3869/2479/1678 3877/2478/1678 3871/2487/1678 3867/2486/1678
f 3856/2483/1679 3875/2482/1679 3876/2477/1679 3857/2476/1679
f 3855/2485/1680 3873/2484/1680 3874/2481/1680 3868/2480/1680
f 3869/2479/1681 3867/2486/1682 3868/2480/1682
f 3859/2488/1683 3870/2473/1684 3871/2487/1685 3858/2489/1685
f 3860/2490/1686 3872/2474/1687 3870/2473/1684 3859/2488/1683
f 3861/2491/1688 3873/2484/1688 3872/2474/1687 3860/2490/1686
f 3862/2492/1689 3874/2481/1689 3873/2484/1688 3861/2491/1688
f 3863/2493/1690 3875/2482/1690 3874/2481/1689 3862/2492/1689
f 3864/2468/1691 3876/2477/1692 3875/2482/1690 3863/2493/1690
f 3865/2471/1693 3877/2478/1693 3876/2477/1692 3864/2468/1691
f 3858/2489/1685 3871/2487/1685 3877/2478/1693 3865/2471/1693
f 3884/2469/1694 3882/2494/1695 3880/2495/1695
f 3862/2492/1696 3882/2494/1696 3883/2496/1696 3863/2493/1696
f 3860/2490/1676 3880/2495/1676 3881/2497/1676 3861/2491/1676
f 3858/2489/1697 3879/2498/1697 3878/2499/1697 3859/2488/1697
f 3865/2471/1698 3885/2470/1698 3879/2498/1698 3858/2489/1698
f 3863/2493/1699 3883/2496/1699 3884/2469/1699 3864/2468/1699
f 3861/2491/1700 3881/2497/1700 3882/2494/1700 3862/2492/1700
f 3859/2488/1701 3878/2499/1701 3880/2495/1701 3860/2490/1701
f 3823/2440/1702 3899/2444/1702 3827/2447/1702
f 3894/2434/1703 3899/2444/1704 3895/2500/1705
f 3824/2430/1706 3901/2438/1706 3828/2446/1706
f 3897/2501/1707 3900/2439/1708 3901/2438/1709
f 3817/2420/1710 3895/2500/1710 3823/2440/1710
f 3888/2435/1711 3895/2500/1712 3889/2417/1713
f 3819/2425/1714 3897/2501/1714 3824/2430/1714
f 3893/2422/1715 3896/2428/1716 3897/2501/1717
f 3820/2421/1718 3892/2429/1718 3891/2502/1718
f 3891/2502/1719 3893/2422/1719 3890/2424/1719
f 3814/2426/1720 3888/2435/1720 3887/2503/1720
f 3888/2435/1721 3886/2419/1721 3887/2503/1721
f 3900/2439/1722 3829/2441/1722 3830/2437/1722
f 3830/2437/1723 3828/2446/1723 3901/2438/1723
f 3826/2431/1724 3831/2443/1724 3898/2442/1724
f 3831/2443/1725 3827/2447/1725 3899/2444/1725
f 3822/2432/1726 3826/2431/1726 3898/2442/1726
f 3824/2430/1727 3897/2501/1727 3901/2438/1727
f 3835/2448/1728 3903/2504/1728 3902/2505/1728 3833/2449/1728
f 3907/2506/1729 3905/2507/1729 3904/2508/1729 3906/2509/1729
f 3902/2505/1730 3903/2504/1730 3906/2509/1730 3904/2508/1730
f 3835/2448/1731 3833/2449/1731 3920/2510/1731 3921/2511/1731
f 3903/2504/1732 3835/2448/1732 3913/2512/1732 3912/2513/1732
f 3917/2514/1733 3916/2515/1733 3911/2516/1733 3910/2517/1733
f 3909/2518/1734 3908/2519/1734 3910/2517/1734 3911/2516/1734
f 3919/2520/1735 3918/2521/1735 3908/2519/1735 3909/2518/1735
f 3918/2521/1736 3917/2514/1736 3910/2517/1736 3908/2519/1736
f 3916/2515/1737 3905/2507/1737 3922/2522/1737 3926/2523/1737
f 3912/2513/1738 3913/2512/1738 3915/2524/1738 3914/2525/1738
f 3919/2520/1739 3909/2518/1739 3924/2526/1739 3927/2527/1739
f 3906/2509/1740 3903/2504/1740 3912/2513/1740 3914/2525/1740
f 3907/2506/1741 3906/2509/1741 3914/2525/1741 3915/2524/1741
f 3913/2512/1742 3835/2448/1742 3921/2511/1742 3929/2528/1742
f 3902/2505/1743 3904/2508/1743 3917/2514/1743 3918/2521/1743
f 3833/2449/1744 3902/2505/1744 3918/2521/1744 3919/2520/1744
f 3904/2508/1745 3905/2507/1745 3916/2515/1745 3917/2514/1745
f 3921/2511/1746 3920/2510/1746 3922/2522/1746 3923/2529/1746
f 3926/2523/1746 3927/2527/1746 3924/2526/1746 3925/2530/1746
f 3921/2511/1746 3923/2529/1746 3928/2531/1746 3929/2528/1746
f 3922/2522/1746 3920/2510/1746 3927/2527/1746 3926/2523/1746
f 3909/2518/1747 3911/2516/1747 3925/2530/1747 3924/2526/1747
f 3905/2507/1748 3907/2506/1748 3923/2529/1748 3922/2522/1748
f 3833/2449/1749 3919/2520/1749 3927/2527/1749 3920/2510/1749
f 3907/2506/1750 3915/2524/1750 3928/2531/1750 3923/2529/1750
f 3911/2516/1751 3916/2515/1751 3926/2523/1751 3925/2530/1751
f 3915/2524/1752 3913/2512/1752 3929/2528/1752 3928/2531/1752
f 3930/2532/1753 3931/2533/1753 3933/2534/1753 3932/2535/1753
f 3937/2536/1754 3936/2537/1754 3940/2538/1754 3941/2539/1754
f 3936/2537/1755 3937/2536/1755 3935/2540/1755 3934/2541/1755
f 3934/2541/1756 3935/2540/1756 3931/2533/1756 3930/2532/1756
f 3932/2535/1757 3936/2537/1757 3934/2541/1757 3930/2532/1757
f 3937/2536/1758 3933/2534/1758 3931/2533/1758 3935/2540/1758
f 3939/2542/1759 3938/2543/1759 3941/2539/1759 3940/2538/1759
f 3936/2537/1760 3932/2535/1760 3939/2542/1760 3940/2538/1760
f 3933/2534/1761 3937/2536/1761 3941/2539/1761 3938/2543/1761
f 3932/2535/1762 3933/2534/1762 3938/2543/1762 3939/2542/1762
f 3942/2544/1753 3943/2545/1753 3945/2546/1753 3944/2547/1753
f 3949/2548/1763 3948/2549/1763 3952/2550/1763 3953/2551/1763
f 3948/2549/1755 3949/2548/1755 3947/2552/1755 3946/2553/1755
f 3946/2553/1764 3947/2552/1764 3943/2545/1764 3942/2544/1764
f 3944/2547/1757 3948/2549/1757 3946/2553/1757 3942/2544/1757
f 3949/2548/1758 3945/2546/1758 3943/2545/1758 3947/2552/1758
f 3951/2554/1759 3950/2555/1759 3953/2551/1759 3952/2550/1759
f 3948/2549/1765 3944/2547/1765 3951/2554/1765 3952/2550/1765
f 3945/2546/1766 3949/2548/1766 3953/2551/1766 3950/2555/1766
f 3944/2547/1767 3945/2546/1767 3950/2555/1767 3951/2554/1767
f 3957/2556/1768 3958/2557/1768 3974/2558/1768 3973/2559/1768
f 3966/2560/1756 3965/2561/1769 3963/2562/1756
f 3958/2557/1770 3957/2556/1770 3965/2561/1770 3966/2560/1770
f 3956/2563/1771 3955/2564/1771 3963/2562/1771 3964/2565/1771
f 3961/2566/1772 3960/2567/1772 3968/2568/1772 3969/2569/1772
f 3959/2570/1773 3958/2557/1773 3966/2560/1773 3967/2571/1773
f 3957/2556/1774 3956/2563/1774 3964/2565/1774 3965/2561/1774
f 3955/2564/1775 3954/2572/1775 3962/2573/1775 3963/2562/1775
f 3954/2572/1776 3961/2566/1776 3969/2569/1776 3962/2573/1776
f 3960/2567/1777 3959/2570/1777 3967/2571/1777 3968/2568/1777
f 3977/2574/1778 3971/2575/1759 3974/2558/1778
f 3955/2564/1779 3956/2563/1779 3972/2576/1779 3970/2577/1779
f 3960/2567/1780 3961/2566/1780 3977/2574/1780 3976/2578/1780
f 3958/2557/1781 3959/2570/1781 3975/2579/1781 3974/2558/1781
f 3956/2563/1782 3957/2556/1782 3973/2559/1782 3972/2576/1782
f 3954/2572/1783 3955/2564/1783 3970/2577/1783 3971/2575/1783
f 3961/2566/1784 3954/2572/1784 3971/2575/1784 3977/2574/1784
f 3959/2570/1785 3960/2567/1785 3976/2578/1785 3975/2579/1785
f 3980/2580/1786 3996/2581/1786 3994/2582/1786 3979/2583/1786
f 3989/2584/1764 3988/2585/1764 3992/2586/1764
f 3984/2587/1787 3992/2586/1787 3993/2588/1787 3985/2589/1787
f 3982/2590/1788 3990/2591/1788 3991/2592/1788 3983/2593/1788
f 3980/2580/1789 3988/2585/1789 3989/2584/1789 3981/2594/1789
f 3978/2595/1790 3986/2596/1790 3987/2597/1790 3979/2583/1790
f 3985/2589/1791 3993/2588/1791 3986/2596/1791 3978/2595/1791
f 3983/2593/1792 3991/2592/1792 3992/2586/1792 3984/2587/1792
f 3981/2594/1793 3989/2584/1793 3990/2591/1793 3982/2590/1793
f 3979/2583/1794 3987/2597/1794 3988/2585/1794 3980/2580/1794
f 4001/2598/1795 3995/2599/1796 3998/2590/1759
f 3985/2589/1797 4001/2598/1797 4000/2600/1797 3984/2587/1797
f 3983/2593/1798 3999/2601/1798 3998/2590/1798 3982/2590/1798
f 3981/2594/1799 3997/2602/1799 3996/2581/1799 3980/2580/1799
f 3979/2583/1800 3994/2582/1800 3995/2599/1800 3978/2595/1800
f 3978/2595/1801 3995/2599/1801 4001/2598/1801 3985/2589/1801
f 3984/2587/1802 4000/2600/1802 3999/2601/1802 3983/2593/1802
f 3982/2590/1803 3998/2590/1803 3997/2602/1803 3981/2594/1803
f 4002/2603/1753 4003/2603/1753 4005/2604/1753 4004/2604/1753
f 4004/2604/1804 4005/2604/1804 4009/2605/1804 4008/2605/1804
f 4008/2605/1755 4009/2605/1755 4007/2606/1755 4006/2606/1755
f 4006/2606/1805 4007/2606/1805 4003/2603/1805 4002/2603/1805
f 4004/2604/1657 4008/2605/1657 4006/2606/1657 4002/2603/1657
f 4009/2605/1806 4005/2604/1806 4003/2603/1806 4007/2606/1806
f 4016/2607/1807 4024/2607/1807 4025/2608/1807 4017/2608/1807
f 4013/2609/1808 4037/2610/1808 4036/2611/1808 4012/2612/1808
f 4019/2613/1809 4027/2614/1809 4028/2615/1809 4020/2612/1809
f 4014/2616/1810 4022/2616/1810 4023/2617/1810 4015/2617/1810
f 4012/2612/1811 4020/2612/1811 4021/2609/1811 4013/2609/1811
f 4010/2618/1812 4018/2618/1812 4019/2613/1812 4011/2613/1812
f 4017/2608/1813 4025/2608/1813 4018/2618/1813 4010/2618/1813
f 4015/2617/1814 4023/2617/1814 4024/2607/1814 4016/2607/1814
f 4013/2609/1815 4021/2609/1815 4022/2616/1815 4014/2616/1815
f 4011/2613/1816 4019/2613/1816 4020/2612/1816 4012/2612/1816
f 4032/2619/1657 4030/2620/1657 4028/2615/1657
f 4024/2607/1817 4032/2619/1817 4033/2621/1817 4025/2608/1817
f 4022/2616/1818 4030/2620/1818 4031/2622/1818 4023/2617/1818
f 4020/2612/1819 4028/2615/1819 4029/2623/1819 4021/2609/1819
f 4018/2618/1820 4026/2624/1820 4027/2614/1820 4019/2613/1820
f 4025/2608/1821 4033/2621/1821 4026/2624/1821 4018/2618/1821
f 4023/2617/1822 4031/2622/1822 4032/2619/1822 4024/2607/1822
f 4021/2609/1823 4029/2623/1823 4030/2620/1823 4022/2616/1823
f 4041/2625/1806 4034/2626/1806 4038/2627/1806
f 4011/2613/1824 4035/2628/1824 4034/2626/1824 4010/2618/1824
f 4010/2618/1825 4034/2626/1825 4041/2625/1825 4017/2608/1825
f 4016/2607/1826 4040/2629/1826 4039/2630/1826 4015/2617/1826
f 4014/2616/1827 4038/2627/1827 4037/2610/1827 4013/2609/1827
f 4012/2612/1828 4036/2611/1828 4035/2628/1828 4011/2613/1828
f 4017/2608/1829 4041/2625/1829 4040/2629/1829 4016/2607/1829
f 4015/2617/1830 4039/2630/1830 4038/2627/1830 4014/2616/1830
f 4050/2631/1753 4051/2631/1753 4045/2632/1753 4044/2632/1753
f 4048/2633/1657 4044/2632/1657 4055/2634/1657 4056/2635/1657
f 4052/2636/1831 4053/2636/1831 4047/2637/1831 4046/2637/1831
f 4047/2637/1806 4043/2638/1806 4059/2639/1806 4060/2640/1806
f 4050/2631/1657 4052/2636/1657 4046/2637/1657 4042/2638/1657
f 4053/2636/1806 4051/2631/1806 4043/2638/1806 4047/2637/1806
f 4049/2633/1806 4045/2632/1806 4051/2631/1806 4053/2636/1806
f 4044/2632/1657 4048/2633/1657 4052/2636/1657 4050/2631/1657
f 4048/2633/1832 4049/2633/1832 4053/2636/1832 4052/2636/1832
f 4042/2638/1753 4043/2638/1753 4051/2631/1753 4050/2631/1753
f 4055/2634/1804 4054/2634/1804 4057/2635/1804 4056/2635/1804
f 4045/2632/1806 4049/2633/1806 4057/2635/1806 4054/2634/1806
f 4044/2632/1753 4045/2632/1753 4054/2634/1753 4055/2634/1753
f 4049/2633/1755 4048/2633/1755 4056/2635/1755 4057/2635/1755
f 4061/2640/1805 4060/2640/1805 4059/2639/1805 4058/2639/1805
f 4046/2637/1755 4047/2637/1755 4060/2640/1755 4061/2640/1755
f 4043/2638/1753 4042/2638/1753 4058/2639/1753 4059/2639/1753
f 4042/2638/1657 4046/2637/1657 4061/2640/1657 4058/2639/1657
f 3889/2417/1634 3817/2420/1833 3816/2418/1635
f 3817/2420/1637 3821/2427/1637 3820/2421/1637
f 3893/2422/1638 3819/2425/1834 3818/2423/1639
f 3819/2425/1641 3815/2433/1641 3814/2426/1641
f 3821/2427/1835 3825/2436/1835 3896/2428/1835
f 3824/2430/1643 3828/2446/1643 3826/2431/1643
f 3815/2433/1836 3822/2432/1836 3894/2434/1836
f 3819/2425/1645 3824/2430/1645 3822/2432/1645
f 3817/2420/1646 3823/2440/1646 3825/2436/1646
f 3823/2440/1648 3827/2447/1648 3829/2441/1648
f 3825/2436/1837 3829/2441/1837 3900/2439/1837
f 3834/2445/1652 3832/2641/1652 3826/2431/1652
f 3831/2443/1653 3830/2437/1653 3829/2441/1653
f 3828/2446/1838 3830/2437/1838 3835/2448/1838
f 3831/2443/1655 3833/2449/1655 3835/2448/1655
f 3826/2431/1839 3832/2641/1839 3833/2449/1839
f 3838/2465/1657 3837/2452/1657 3839/2451/1657
f 3837/2452/1657 3836/2467/1657 3840/2450/1657
f 3836/2467/1657 3841/2466/1657 3840/2450/1657
f 3867/2486/1682 3866/2472/1840 3868/2480/1682
f 3866/2472/1841 3854/2475/1841 3868/2480/1842
f 3854/2475/1841 3855/2485/1843 3868/2480/1842
f 3868/2480/1844 3856/2483/1845 3857/2476/1846
f 3857/2476/1846 3869/2479/1846 3868/2480/1844
f 3880/2495/1695 3878/2499/1847 3879/2498/1848
f 3879/2498/1848 3885/2470/1688 3880/2495/1695
f 3885/2470/1688 3884/2469/1694 3880/2495/1695
f 3884/2469/1694 3883/2496/1690 3882/2494/1695
f 3882/2494/1695 3881/2497/1695 3880/2495/1695
f 3823/2440/1849 3895/2500/1849 3899/2444/1849
f 3894/2434/1703 3898/2442/1850 3899/2444/1704
f 3897/2501/1707 3896/2428/1851 3900/2439/1708
f 3817/2420/1852 3889/2417/1852 3895/2500/1852
f 3888/2435/1711 3894/2434/1853 3895/2500/1712
f 3819/2425/1854 3893/2422/1854 3897/2501/1854
f 3893/2422/1715 3892/2429/1855 3896/2428/1716
f 3820/2421/1856 3821/2427/1856 3892/2429/1856
f 3891/2502/1719 3892/2429/1719 3893/2422/1719
f 3814/2426/1857 3815/2433/1857 3888/2435/1857
f 3888/2435/1721 3889/2417/1721 3886/2419/1721
f 3964/2565/1858 3963/2562/1756 3965/2561/1769
f 3963/2562/1756 3962/2573/1756 3966/2560/1756
f 3962/2573/1756 3969/2569/1859 3967/2571/1756
f 3969/2569/1859 3968/2568/1860 3967/2571/1756
f 3967/2571/1756 3966/2560/1756 3962/2573/1756
f 3971/2575/1759 3970/2577/1778 3974/2558/1778
f 3970/2577/1778 3972/2576/1796 3973/2559/1861
f 3974/2558/1778 3970/2577/1778 3973/2559/1861
f 3974/2558/1778 3975/2579/1796 3977/2574/1778
f 3975/2579/1796 3976/2578/1861 3977/2574/1778
f 3988/2585/1764 3987/2597/1859 3986/2596/1756
f 3986/2596/1756 3993/2588/1756 3988/2585/1764
f 3993/2588/1756 3992/2586/1764 3988/2585/1764
f 3992/2586/1764 3991/2592/1862 3990/2591/1863
f 3990/2591/1863 3989/2584/1764 3992/2586/1764
f 3995/2599/1796 3994/2582/1759 3998/2590/1759
f 3994/2582/1759 3996/2581/1864 3998/2590/1759
f 3996/2581/1864 3997/2602/1865 3998/2590/1759
f 3998/2590/1759 3999/2601/1866 4000/2600/1867
f 4000/2600/1867 4001/2598/1795 3998/2590/1759
f 4028/2615/1657 4027/2614/1657 4026/2624/1657
f 4026/2624/1657 4033/2621/1657 4028/2615/1657
f 4033/2621/1657 4032/2619/1657 4028/2615/1657
f 4032/2619/1657 4031/2622/1657 4030/2620/1657
f 4030/2620/1657 4029/2623/1657 4028/2615/1657
f 4034/2626/1806 4035/2628/1806 4038/2627/1806
f 4035/2628/1806 4036/2611/1806 4038/2627/1806
f 4036/2611/1806 4037/2610/1806 4038/2627/1806
f 4038/2627/1806 4039/2630/1806 4040/2629/1806
f 4040/2629/1806 4041/2625/1806 4038/2627/1806
o throttle
v 0.464184 0.378623 4.512998
v 0.432792 0.378623 4.512998
v 0.546168 0.378623 4.512998
v 0.514775 0.378623 4.512998
v 0.464184 0.378623 4.545773
v 0.432792 0.378623 4.545773
v 0.546168 0.378623 4.545773
v 0.514775 0.378623 4.545773
v 0.464184 0.261691 4.512998
v 0.432792 0.261691 4.512998
v 0.546168 0.261691 4.512998
v 0.514775 0.261691 4.512998
v 0.464184 0.261691 4.545773
v 0.432792 0.261691 4.545773
v 0.546168 0.261691 4.545773
v 0.514775 0.261691 4.545773
v 0.406732 0.356087 4.563492
v 0.406732 0.428635 4.563492
v 0.406732 0.356087 4.490944
v 0.406732 0.428635 4.490944
v 0.485954 0.356087 4.563492
v 0.485954 0.428635 4.563492
v 0.485954 0.356087 4.490944
v 0.485954 0.428635 4.490944
v 0.489983 0.356087 4.563492
v 0.489983 0.428635 4.563492
v 0.489983 0.356087 4.490944
v 0.489983 0.428635 4.490944
v 0.569206 0.356087 4.563492
v 0.569206 0.428635 4.563492
v 0.569206 0.356087 4.490944
v 0.569206 0.428635 4.490944
v 0.576317 0.370053 4.549527
v 0.576317 0.414670 4.549527
v 0.576317 0.370053 4.504909
v 0.576317 0.414670 4.504909
v 0.399464 0.370053 4.504909
v 0.399464 0.370053 4.549527
v 0.399464 0.414670 4.549527
v 0.399464 0.414670 4.504909
vn -0.0000 1.0000 -0.0000
vn -0.0000 -1.0000 -0.0000
vn 1.0000 -0.0000 -0.0000
vn -0.0000 -0.0000 1.0000
vn -0.0000 -0.0000 -1.0000
vn -1.0000 -0.0000 -0.0000
vt 0.077450 0.977981
vt 0.076238 0.977981
vt 0.076238 0.976716
vt 0.077450 0.976716
vt 0.074284 0.977981
vt 0.073072 0.977981
vt 0.073072 0.976716
vt 0.074284 0.976716
vt 0.072066 0.976032
vt 0.072066 0.978833
vt 0.075125 0.978833
vt 0.075125 0.976032
vt 0.075281 0.976032
vt 0.075281 0.978833
vt 0.078339 0.978833
vt 0.078339 0.976032
vt 0.091597 0.987035
vt 0.091597 0.988758
vt 0.084768 0.987035
vt 0.084768 0.988758
s 1
usemtl Material.002
f 4064/2642/1868 4065/2643/1868 4069/2644/1868 4068/2645/1868
f 4062/2646/1868 4063/2647/1868 4067/2648/1868 4066/2649/1868
f 4072/2642/1869 4076/2645/1869 4077/2644/1869 4073/2643/1869
f 4070/2646/1869 4074/2649/1869 4075/2648/1869 4071/2647/1869
f 4068/2645/1870 4076/2645/1870 4072/2642/1870 4064/2642/1870
f 4069/2644/1871 4077/2644/1871 4076/2645/1871 4068/2645/1871
f 4064/2642/1872 4072/2642/1872 4073/2643/1872 4065/2643/1872
f 4063/2647/1873 4071/2647/1873 4075/2648/1873 4067/2648/1873
f 4065/2643/1873 4073/2643/1873 4077/2644/1873 4069/2644/1873
f 4067/2648/1871 4075/2648/1871 4074/2649/1871 4066/2649/1871
f 4062/2646/1872 4070/2646/1872 4071/2647/1872 4063/2647/1872
f 4066/2649/1870 4074/2649/1870 4070/2646/1870 4062/2646/1870
f 4078/2650/1873 4079/2650/1873 4081/2651/1873 4080/2651/1873
f 4080/2651/1872 4081/2651/1872 4085/2652/1872 4084/2652/1872
f 4084/2652/1870 4085/2652/1870 4083/2653/1870 4082/2653/1870
f 4082/2653/1871 4083/2653/1871 4079/2650/1871 4078/2650/1871
f 4080/2651/1869 4084/2652/1869 4082/2653/1869 4078/2650/1869
f 4085/2652/1868 4081/2651/1868 4079/2650/1868 4083/2653/1868
f 4086/2654/1873 4087/2654/1873 4089/2655/1873 4088/2655/1873
f 4088/2655/1872 4089/2655/1872 4093/2656/1872 4092/2656/1872
f 4092/2656/1870 4093/2656/1870 4091/2657/1870 4090/2657/1870
f 4090/2657/1871 4091/2657/1871 4087/2654/1871 4086/2654/1871
f 4088/2655/1869 4092/2656/1869 4090/2657/1869 4086/2654/1869
f 4093/2656/1868 4089/2655/1868 4087/2654/1868 4091/2657/1868
f 4094/2658/1870 4096/2659/1870 4097/2659/1870 4095/2658/1870
f 4099/2660/1873 4100/2660/1873 4101/2661/1873 4098/2661/1873
f 4097/2659/1872 4096/2659/1872 4098/2661/1872 4101/2661/1872
f 4094/2658/1871 4095/2658/1871 4100/2660/1871 4099/2660/1871
f 4095/2658/1868 4097/2659/1868 4101/2661/1868 4100/2660/1868
f 4096/2659/1869 4094/2658/1869 4099/2660/1869 4098/2661/1869
o translucent
v 0.436847 0.901958 4.780191
v 0.318159 0.859775 5.817079
v 0.000000 1.429053 4.884924
v 0.226333 1.378877 4.867699
v 0.411306 1.169112 4.808986
v 0.436356 0.944642 4.753236
v 0.000000 0.848529 6.064690
v 0.186040 0.856848 5.981324
v -0.436847 0.901958 4.780191
v -0.318159 0.859775 5.817079
v -0.226333 1.378877 4.867699
v -0.411306 1.169112 4.808986
v -0.436356 0.944642 4.753236
v -0.186040 0.856848 5.981324
vn 0.1940 0.8828 0.4278
vn 0.6624 0.6824 0.3091
vn 0.9898 0.0821 0.1165
vn -0.1940 0.8828 0.4278
vn -0.6624 0.6824 0.3091
vn -0.9898 0.0821 0.1165
vt 0.008577 0.974647
vt 0.008490 0.974640
vt 0.008490 0.974185
vt 0.008562 0.974217
vt 0.008649 0.974670
vt 0.008613 0.974281
vt 0.008659 0.974681
vt 0.008659 0.974691
s 1
usemtl Material.002
f 4105/2662/1874 4104/2663/1874 4108/2664/1874 4109/2665/1874
f 4106/2666/1875 4105/2662/1875 4109/2665/1875 4103/2667/1875
f 4106/2666/1876 4103/2667/1876 4102/2668/1876 4107/2669/1876
f 4112/2662/1877 4115/2665/1877 4108/2664/1877 4104/2663/1877
f 4113/2666/1878 4111/2667/1878 4115/2665/1878 4112/2662/1878
f 4113/2666/1879 4114/2669/1879 4110/2668/1879 4111/2667/1879
o translucent_canopy
v 0.456410 0.894344 4.613001
v 0.000000 1.486343 4.769595
v 0.226333 1.436167 4.752370
v 0.428468 1.206183 4.691410
v 0.453518 0.981713 4.635660
v 0.394975 1.051556 2.925062
v 0.321583 1.140602 2.412099
v 0.202248 1.262331 2.238757
v 0.000000 1.316682 2.168668
v 0.451595 0.951578 4.127633
v 0.000000 1.374660 2.427864
v 0.000000 1.511080 2.997415
v 0.000000 1.572468 3.498756
v 0.000000 1.609983 4.143337
v 0.226333 1.559808 4.126112
v 0.226333 1.522293 3.481531
v 0.226333 1.460904 2.980190
v 0.226333 1.324485 2.410640
v 0.428468 1.329823 4.065152
v 0.399820 1.292308 3.420571
v 0.375264 1.247972 2.919230
v 0.423285 1.001567 3.526347
v -0.456410 0.894344 4.613001
v -0.226333 1.436167 4.752370
v -0.428468 1.206183 4.691410
v -0.453518 0.981713 4.635660
v -0.394975 1.051556 2.925062
v -0.321583 1.140602 2.412099
v -0.202248 1.262331 2.238757
v -0.451595 0.951578 4.127633
v -0.226333 1.559808 4.126112
v -0.226333 1.522293 3.481531
v -0.226333 1.460904 2.980190
v -0.226333 1.324485 2.410640
v -0.428468 1.329823 4.065152
v -0.399820 1.292308 3.420571
v -0.375264 1.247972 2.919230
v -0.423285 1.001567 3.526347
vn 0.2262 0.9556 0.1887
vn 0.2120 0.9756 -0.0568
vn 0.2063 0.9712 -0.1189
vn 0.1941 0.9540 -0.2285
vn 0.2596 0.9264 -0.2727
vn 0.7614 0.6360 0.1256
vn 0.7663 0.6402 -0.0543
vn 0.7947 0.6013 -0.0829
vn 0.8293 0.5347 -0.1624
vn 0.8537 0.4400 -0.2787
vn 0.9994 0.0346 -0.0058
vn 0.9973 0.0581 -0.0450
vn 0.9959 0.0774 -0.0474
vn 0.9876 0.0954 -0.1247
vn -0.2262 0.9556 0.1887
vn -0.2120 0.9756 -0.0568
vn -0.2063 0.9712 -0.1189
vn -0.1941 0.9540 -0.2285
vn -0.2596 0.9264 -0.2727
vn -0.7614 0.6360 0.1256
vn -0.7663 0.6402 -0.0543
vn -0.7947 0.6013 -0.0829
vn -0.8293 0.5347 -0.1624
vn -0.8537 0.4400 -0.2787
vn -0.9994 0.0346 -0.0058
vn -0.9973 0.0581 -0.0450
vn -0.9959 0.0774 -0.0474
vn -0.9876 0.0954 -0.1247
vn 0.9979 0.0631 0.0125
vn 0.9935 0.1135 -0.0105
vn -0.9935 0.1135 -0.0105
vn -0.9979 0.0631 0.0125
vt 0.008577 0.974692
vt 0.008577 0.974934
vt 0.008490 0.974927
vt 0.008490 0.974685
vt 0.008577 0.975182
vt 0.008490 0.975176
vt 0.008577 0.975376
vt 0.008490 0.975369
vt 0.008577 0.975596
vt 0.008490 0.975589
vt 0.008568 0.975662
vt 0.008490 0.975689
vt 0.008656 0.974715
vt 0.008656 0.974957
vt 0.008644 0.975206
vt 0.008635 0.975399
vt 0.008614 0.975595
vt 0.008665 0.974737
vt 0.008666 0.974746
vt 0.008664 0.974933
vt 0.008654 0.975165
vt 0.008643 0.975397
s 1
usemtl Material.002
f 4118/2670/1880 4130/2671/1880 4129/2672/1880 4117/2673/1880
f 4130/2671/1881 4131/2674/1881 4128/2675/1881 4129/2672/1881
f 4131/2674/1882 4132/2676/1882 4127/2677/1882 4128/2675/1882
f 4132/2676/1883 4133/2678/1883 4126/2679/1883 4127/2677/1883
f 4133/2678/1884 4123/2680/1884 4124/2681/1884 4126/2679/1884
f 4119/2682/1885 4134/2683/1885 4130/2671/1885 4118/2670/1885
f 4134/2683/1886 4135/2684/1886 4131/2674/1886 4130/2671/1886
f 4135/2684/1887 4136/2685/1887 4132/2676/1887 4131/2674/1887
f 4136/2685/1888 4122/2686/1888 4133/2678/1888 4132/2676/1888
f 4123/2680/1889 4133/2678/1889 4122/2686/1889
f 4120/2687/1890 4116/2688/1890 4125/2689/1890
f 4125/2689/1891 4137/2690/1891 4135/2684/1891 4134/2683/1891
f 4135/2684/1892 4137/2690/1892 4121/2691/1892 4136/2685/1892
f 4121/2691/1893 4122/2686/1893 4136/2685/1893
f 4139/2670/1894 4117/2673/1894 4129/2672/1894 4146/2671/1894
f 4146/2671/1895 4129/2672/1895 4128/2675/1895 4147/2674/1895
f 4147/2674/1896 4128/2675/1896 4127/2677/1896 4148/2676/1896
f 4148/2676/1897 4127/2677/1897 4126/2679/1897 4149/2678/1897
f 4149/2678/1898 4126/2679/1898 4124/2681/1898 4144/2680/1898
f 4140/2682/1899 4139/2670/1899 4146/2671/1899 4150/2683/1899
f 4150/2683/1900 4146/2671/1900 4147/2674/1900 4151/2684/1900
f 4151/2684/1901 4147/2674/1901 4148/2676/1901 4152/2685/1901
f 4152/2685/1902 4148/2676/1902 4149/2678/1902 4143/2686/1902
f 4144/2680/1903 4143/2686/1903 4149/2678/1903
f 4145/2689/1904 4138/2688/1904 4141/2687/1904
f 4145/2689/1905 4150/2683/1905 4151/2684/1905 4153/2690/1905
f 4151/2684/1906 4152/2685/1906 4142/2691/1906 4153/2690/1906
f 4142/2691/1907 4152/2685/1907 4143/2686/1907
f 4134/2683/1908 4119/2682/1908 4125/2689/1908
f 4119/2682/1909 4120/2687/1909 4125/2689/1909
f 4141/2687/1910 4140/2682/1910 4145/2689/1910
f 4140/2682/1911 4150/2683/1911 4145/2689/1911
o e
v 0.165930 0.998337 4.921694
v 0.165930 1.020835 4.921694
v 0.165930 0.998337 4.899196
v 0.165930 1.020835 4.899196
v 0.188428 0.998337 4.921694
v 0.188428 1.020835 4.921694
v 0.188428 0.998337 4.899196
v 0.188428 1.020835 4.899196
v 0.165930 0.971339 4.921694
v 0.165930 0.993837 4.921694
v 0.165930 0.971339 4.899196
v 0.165930 0.993837 4.899196
v 0.188428 0.971339 4.921694
v 0.188428 0.993837 4.921694
v 0.188428 0.971339 4.899196
v 0.188428 0.993837 4.899196
v 0.165930 0.944340 4.921694
v 0.165930 0.966839 4.921694
v 0.165930 0.944340 4.899196
v 0.165930 0.966839 4.899196
v 0.188428 0.944340 4.921694
v 0.188428 0.966839 4.921694
v 0.188428 0.944340 4.899196
v 0.188428 0.966839 4.899196
v 0.141181 0.998337 4.921694
v 0.141181 1.020835 4.921694
v 0.141181 0.998337 4.899196
v 0.141181 1.020835 4.899196
v 0.163680 0.998337 4.921694
v 0.163680 1.020835 4.921694
v 0.163680 0.998337 4.899196
v 0.163680 1.020835 4.899196
v 0.141181 0.971339 4.921694
v 0.141181 0.993837 4.921694
v 0.141181 0.971339 4.899196
v 0.141181 0.993837 4.899196
v 0.163680 0.971339 4.921694
v 0.163680 0.993837 4.921694
v 0.163680 0.971339 4.899196
v 0.163680 0.993837 4.899196
v 0.141181 0.944340 4.921694
v 0.141181 0.966839 4.921694
v 0.141181 0.944340 4.899196
v 0.141181 0.966839 4.899196
v 0.163680 0.944340 4.921694
v 0.163680 0.966839 4.921694
v 0.163680 0.944340 4.899196
v 0.163680 0.966839 4.899196
v 0.116433 0.998337 4.921694
v 0.116433 1.020835 4.921694
v 0.116433 0.998337 4.899196
v 0.116433 1.020835 4.899196
v 0.138932 0.998337 4.921694
v 0.138932 1.020835 4.921694
v 0.138932 0.998337 4.899196
v 0.138932 1.020835 4.899196
v 0.116433 0.971339 4.921694
v 0.116433 0.993837 4.921694
v 0.116433 0.971339 4.899196
v 0.116433 0.993837 4.899196
v 0.138932 0.971339 4.921694
v 0.138932 0.993837 4.921694
v 0.138932 0.971339 4.899196
v 0.138932 0.993837 4.899196
v 0.116433 0.944340 4.921694
v 0.116433 0.966839 4.921694
v 0.116433 0.944340 4.899196
v 0.116433 0.966839 4.899196
v 0.138932 0.944340 4.921694
v 0.138932 0.966839 4.921694
v 0.138932 0.944340 4.899196
v 0.138932 0.966839 4.899196
v 0.091685 0.998337 4.921694
v 0.091685 1.020835 4.921694
v 0.091685 0.998337 4.899196
v 0.091685 1.020835 4.899196
v 0.114183 0.998337 4.921694
v 0.114183 1.020835 4.921694
v 0.114183 0.998337 4.899196
v 0.114183 1.020835 4.899196
v 0.091685 0.971339 4.921694
v 0.091685 0.993837 4.921694
v 0.091685 0.971339 4.899196
v 0.091685 0.993837 4.899196
v 0.114183 0.971339 4.921694
v 0.114183 0.993837 4.921694
v 0.114183 0.971339 4.899196
v 0.114183 0.993837 4.899196
v 0.091685 0.944340 4.921694
v 0.091685 0.966839 4.921694
v 0.091685 0.944340 4.899196
v 0.091685 0.966839 4.899196
v 0.114183 0.944340 4.921694
v 0.114183 0.966839 4.921694
v 0.114183 0.944340 4.899196
v 0.114183 0.966839 4.899196
v 0.207599 0.993626 4.917927
v 0.207599 1.006471 4.917927
v 0.207599 0.993626 4.902963
v 0.207599 1.006471 4.902963
v 0.223053 0.993626 4.917927
v 0.223053 1.006471 4.917927
v 0.223053 0.993626 4.902963
v 0.223053 1.006471 4.902963
v 0.190599 0.993626 4.917927
v 0.190599 1.006471 4.917927
v 0.190599 0.993626 4.902963
v 0.190599 1.006471 4.902963
v 0.206053 0.993626 4.917927
v 0.206053 1.006471 4.917927
v 0.206053 0.993626 4.902963
v 0.206053 1.006471 4.902963
v 0.207599 0.961236 4.917927
v 0.207599 0.974081 4.917927
v 0.207599 0.961236 4.902963
v 0.207599 0.974081 4.902963
v 0.223053 0.961236 4.917927
v 0.223053 0.974081 4.917927
v 0.223053 0.961236 4.902963
v 0.223053 0.974081 4.902963
v 0.190599 0.961236 4.917927
v 0.190599 0.974081 4.917927
v 0.190599 0.961236 4.902963
v 0.190599 0.974081 4.902963
v 0.206053 0.961236 4.917927
v 0.206053 0.974081 4.917927
v 0.206053 0.961236 4.902963
v 0.206053 0.974081 4.902963
v 0.207599 0.978524 4.917927
v 0.207599 0.991369 4.917927
v 0.207599 0.978524 4.902963
v 0.207599 0.991369 4.902963
v 0.223053 0.978524 4.917927
v 0.223053 0.991369 4.917927
v 0.223053 0.978524 4.902963
v 0.223053 0.991369 4.902963
v 0.190599 0.978524 4.917927
v 0.190599 0.991369 4.917927
v 0.190599 0.978524 4.902963
v 0.190599 0.991369 4.902963
v 0.206053 0.978524 4.917927
v 0.206053 0.991369 4.917927
v 0.206053 0.978524 4.902963
v 0.206053 0.991369 4.902963
v 0.258598 0.945821 4.917927
v 0.258598 0.958666 4.917927
v 0.258598 0.945821 4.902963
v 0.258598 0.958666 4.902963
v 0.274053 0.945821 4.917927
v 0.274053 0.958666 4.917927
v 0.274053 0.945821 4.902963
v 0.274053 0.958666 4.902963
v 0.241598 0.945821 4.917927
v 0.241598 0.958666 4.917927
v 0.241598 0.945821 4.902963
v 0.241598 0.958666 4.902963
v 0.257053 0.945821 4.917927
v 0.257053 0.958666 4.917927
v 0.257053 0.945821 4.902963
v 0.257053 0.958666 4.902963
v 0.224599 0.945821 4.917927
v 0.224599 0.958666 4.917927
v 0.224599 0.945821 4.902963
v 0.224599 0.958666 4.902963
v 0.240053 0.945821 4.917927
v 0.240053 0.958666 4.917927
v 0.240053 0.945821 4.902963
v 0.240053 0.958666 4.902963
v 0.207599 0.945821 4.917927
v 0.207599 0.958666 4.917927
v 0.207599 0.945821 4.902963
v 0.207599 0.958666 4.902963
v 0.223053 0.945821 4.917927
v 0.223053 0.958666 4.917927
v 0.223053 0.945821 4.902963
v 0.223053 0.958666 4.902963
v 0.190599 0.945821 4.917927
v 0.190599 0.958666 4.917927
v 0.190599 0.945821 4.902963
v 0.190599 0.958666 4.902963
v 0.206053 0.945821 4.917927
v 0.206053 0.958666 4.917927
v 0.206053 0.945821 4.902963
v 0.206053 0.958666 4.902963
v 0.242677 0.961236 4.917927
v 0.242677 0.974081 4.917927
v 0.242677 0.961236 4.902963
v 0.242677 0.974081 4.902963
v 0.258131 0.961236 4.917927
v 0.258131 0.974081 4.917927
v 0.258131 0.961236 4.902963
v 0.258131 0.974081 4.902963
v 0.242677 0.978524 4.917927
v 0.242677 0.991369 4.917927
v 0.242677 0.978524 4.902963
v 0.242677 0.991369 4.902963
v 0.258131 0.978524 4.917927
v 0.258131 0.991369 4.917927
v 0.258131 0.978524 4.902963
v 0.258131 0.991369 4.902963
v 0.224599 0.993626 4.917927
v 0.224599 1.006471 4.917927
v 0.224599 0.993626 4.902963
v 0.224599 1.006471 4.902963
v 0.240053 0.993626 4.917927
v 0.240053 1.006471 4.917927
v 0.240053 0.993626 4.902963
v 0.240053 1.006471 4.902963
v 0.224599 0.961236 4.917927
v 0.224599 0.974081 4.917927
v 0.224599 0.961236 4.902963
v 0.224599 0.974081 4.902963
v 0.240053 0.961236 4.917927
v 0.240053 0.974081 4.917927
v 0.240053 0.961236 4.902963
v 0.240053 0.974081 4.902963
v 0.224599 0.978524 4.917927
v 0.224599 0.991369 4.917927
v 0.224599 0.978524 4.902963
v 0.224599 0.991369 4.902963
v 0.240053 0.978524 4.917927
v 0.240053 0.991369 4.917927
v 0.240053 0.978524 4.902963
v 0.240053 0.991369 4.902963
vn -1.0000 -0.0000 -0.0000
vn -0.0000 -0.0000 -1.0000
vn 1.0000 -0.0000 -0.0000
vn -0.0000 -0.0000 1.0000
vn -0.0000 -1.0000 -0.0000
vn -0.0000 1.0000 -0.0000
vt 0.090305 0.992127
vt 0.090305 0.992150
vt 0.090328 0.992150
vt 0.090328 0.992127
vt 0.090280 0.992127
vt 0.090280 0.992150
vt 0.090303 0.992150
vt 0.090303 0.992127
vt 0.090255 0.992127
vt 0.090255 0.992150
vt 0.090278 0.992150
vt 0.090278 0.992127
vt 0.090231 0.992127
vt 0.090231 0.992150
vt 0.090253 0.992150
vt 0.090253 0.992127
vt 0.090347 0.992131
vt 0.090347 0.992146
vt 0.090363 0.992146
vt 0.090363 0.992131
vt 0.090330 0.992131
vt 0.090330 0.992146
vt 0.090346 0.992146
vt 0.090346 0.992131
vt 0.090399 0.992131
vt 0.090399 0.992146
vt 0.090414 0.992146
vt 0.090414 0.992131
vt 0.090382 0.992131
vt 0.090382 0.992146
vt 0.090397 0.992146
vt 0.090397 0.992131
vt 0.090364 0.992131
vt 0.090364 0.992146
vt 0.090380 0.992146
vt 0.090380 0.992131
vt 0.090383 0.992131
vt 0.090383 0.992146
vt 0.090398 0.992146
vt 0.090398 0.992131
s 0
usemtl Material.002
f 4154/2692/1912 4155/2692/1912 4157/2693/1912 4156/2693/1912
f 4156/2693/1913 4157/2693/1913 4161/2694/1913 4160/2694/1913
f 4160/2694/1914 4161/2694/1914 4159/2695/1914 4158/2695/1914
f 4158/2695/1915 4159/2695/1915 4155/2692/1915 4154/2692/1915
f 4156/2693/1916 4160/2694/1916 4158/2695/1916 4154/2692/1916
f 4161/2694/1917 4157/2693/1917 4155/2692/1917 4159/2695/1917
f 4162/2692/1912 4163/2692/1912 4165/2693/1912 4164/2693/1912
f 4164/2693/1913 4165/2693/1913 4169/2694/1913 4168/2694/1913
f 4168/2694/1914 4169/2694/1914 4167/2695/1914 4166/2695/1914
f 4166/2695/1915 4167/2695/1915 4163/2692/1915 4162/2692/1915
f 4164/2693/1916 4168/2694/1916 4166/2695/1916 4162/2692/1916
f 4169/2694/1917 4165/2693/1917 4163/2692/1917 4167/2695/1917
f 4170/2692/1912 4171/2692/1912 4173/2693/1912 4172/2693/1912
f 4172/2693/1913 4173/2693/1913 4177/2694/1913 4176/2694/1913
f 4176/2694/1914 4177/2694/1914 4175/2695/1914 4174/2695/1914
f 4174/2695/1915 4175/2695/1915 4171/2692/1915 4170/2692/1915
f 4172/2693/1916 4176/2694/1916 4174/2695/1916 4170/2692/1916
f 4177/2694/1917 4173/2693/1917 4171/2692/1917 4175/2695/1917
f 4178/2696/1912 4179/2696/1912 4181/2697/1912 4180/2697/1912
f 4180/2697/1913 4181/2697/1913 4185/2698/1913 4184/2698/1913
f 4184/2698/1914 4185/2698/1914 4183/2699/1914 4182/2699/1914
f 4182/2699/1915 4183/2699/1915 4179/2696/1915 4178/2696/1915
f 4180/2697/1916 4184/2698/1916 4182/2699/1916 4178/2696/1916
f 4185/2698/1917 4181/2697/1917 4179/2696/1917 4183/2699/1917
f 4186/2696/1912 4187/2696/1912 4189/2697/1912 4188/2697/1912
f 4188/2697/1913 4189/2697/1913 4193/2698/1913 4192/2698/1913
f 4192/2698/1914 4193/2698/1914 4191/2699/1914 4190/2699/1914
f 4190/2699/1915 4191/2699/1915 4187/2696/1915 4186/2696/1915
f 4188/2697/1916 4192/2698/1916 4190/2699/1916 4186/2696/1916
f 4193/2698/1917 4189/2697/1917 4187/2696/1917 4191/2699/1917
f 4194/2696/1912 4195/2696/1912 4197/2697/1912 4196/2697/1912
f 4196/2697/1913 4197/2697/1913 4201/2698/1913 4200/2698/1913
f 4200/2698/1914 4201/2698/1914 4199/2699/1914 4198/2699/1914
f 4198/2699/1915 4199/2699/1915 4195/2696/1915 4194/2696/1915
f 4196/2697/1916 4200/2698/1916 4198/2699/1916 4194/2696/1916
f 4201/2698/1917 4197/2697/1917 4195/2696/1917 4199/2699/1917
f 4202/2700/1912 4203/2700/1912 4205/2701/1912 4204/2701/1912
f 4204/2701/1913 4205/2701/1913 4209/2702/1913 4208/2702/1913
f 4208/2702/1914 4209/2702/1914 4207/2703/1914 4206/2703/1914
f 4206/2703/1915 4207/2703/1915 4203/2700/1915 4202/2700/1915
f 4204/2701/1916 4208/2702/1916 4206/2703/1916 4202/2700/1916
f 4209/2702/1917 4205/2701/1917 4203/2700/1917 4207/2703/1917
f 4210/2700/1912 4211/2700/1912 4213/2701/1912 4212/2701/1912
f 4212/2701/1913 4213/2701/1913 4217/2702/1913 4216/2702/1913
f 4216/2702/1914 4217/2702/1914 4215/2703/1914 4214/2703/1914
f 4214/2703/1915 4215/2703/1915 4211/2700/1915 4210/2700/1915
f 4212/2701/1916 4216/2702/1916 4214/2703/1916 4210/2700/1916
f 4217/2702/1917 4213/2701/1917 4211/2700/1917 4215/2703/1917
f 4218/2700/1912 4219/2700/1912 4221/2701/1912 4220/2701/1912
f 4220/2701/1913 4221/2701/1913 4225/2702/1913 4224/2702/1913
f 4224/2702/1914 4225/2702/1914 4223/2703/1914 4222/2703/1914
f 4222/2703/1915 4223/2703/1915 4219/2700/1915 4218/2700/1915
f 4220/2701/1916 4224/2702/1916 4222/2703/1916 4218/2700/1916
f 4225/2702/1917 4221/2701/1917 4219/2700/1917 4223/2703/1917
f 4226/2704/1912 4227/2704/1912 4229/2705/1912 4228/2705/1912
f 4228/2705/1913 4229/2705/1913 4233/2706/1913 4232/2706/1913
f 4232/2706/1914 4233/2706/1914 4231/2707/1914 4230/2707/1914
f 4230/2707/1915 4231/2707/1915 4227/2704/1915 4226/2704/1915
f 4228/2705/1916 4232/2706/1916 4230/2707/1916 4226/2704/1916
f 4233/2706/1917 4229/2705/1917 4227/2704/1917 4231/2707/1917
f 4234/2704/1912 4235/2704/1912 4237/2705/1912 4236/2705/1912
f 4236/2705/1913 4237/2705/1913 4241/2706/1913 4240/2706/1913
f 4240/2706/1914 4241/2706/1914 4239/2707/1914 4238/2707/1914
f 4238/2707/1915 4239/2707/1915 4235/2704/1915 4234/2704/1915
f 4236/2705/1916 4240/2706/1916 4238/2707/1916 4234/2704/1916
f 4241/2706/1917 4237/2705/1917 4235/2704/1917 4239/2707/1917
f 4242/2704/1912 4243/2704/1912 4245/2705/1912 4244/2705/1912
f 4244/2705/1913 4245/2705/1913 4249/2706/1913 4248/2706/1913
f 4248/2706/1914 4249/2706/1914 4247/2707/1914 4246/2707/1914
f 4246/2707/1915 4247/2707/1915 4243/2704/1915 4242/2704/1915
f 4244/2705/1916 4248/2706/1916 4246/2707/1916 4242/2704/1916
f 4249/2706/1917 4245/2705/1917 4243/2704/1917 4247/2707/1917
f 4250/2708/1912 4251/2708/1912 4253/2709/1912 4252/2709/1912
f 4252/2709/1913 4253/2709/1913 4257/2710/1913 4256/2710/1913
f 4256/2710/1914 4257/2710/1914 4255/2711/1914 4254/2711/1914
f 4254/2711/1915 4255/2711/1915 4251/2708/1915 4250/2708/1915
f 4252/2709/1916 4256/2710/1916 4254/2711/1916 4250/2708/1916
f 4257/2710/1917 4253/2709/1917 4251/2708/1917 4255/2711/1917
f 4258/2712/1912 4259/2712/1912 4261/2713/1912 4260/2713/1912
f 4260/2713/1913 4261/2713/1913 4265/2714/1913 4264/2714/1913
f 4264/2714/1914 4265/2714/1914 4263/2715/1914 4262/2715/1914
f 4262/2715/1915 4263/2715/1915 4259/2712/1915 4258/2712/1915
f 4260/2713/1916 4264/2714/1916 4262/2715/1916 4258/2712/1916
f 4265/2714/1917 4261/2713/1917 4259/2712/1917 4263/2715/1917
f 4266/2708/1912 4267/2708/1912 4269/2709/1912 4268/2709/1912
f 4268/2709/1913 4269/2709/1913 4273/2710/1913 4272/2710/1913
f 4272/2710/1914 4273/2710/1914 4271/2711/1914 4270/2711/1914
f 4270/2711/1915 4271/2711/1915 4267/2708/1915 4266/2708/1915
f 4268/2709/1916 4272/2710/1916 4270/2711/1916 4266/2708/1916
f 4273/2710/1917 4269/2709/1917 4267/2708/1917 4271/2711/1917
f 4274/2712/1912 4275/2712/1912 4277/2713/1912 4276/2713/1912
f 4276/2713/1913 4277/2713/1913 4281/2714/1913 4280/2714/1913
f 4280/2714/1914 4281/2714/1914 4279/2715/1914 4278/2715/1914
f 4278/2715/1915 4279/2715/1915 4275/2712/1915 4274/2712/1915
f 4276/2713/1916 4280/2714/1916 4278/2715/1916 4274/2712/1916
f 4281/2714/1917 4277/2713/1917 4275/2712/1917 4279/2715/1917
f 4282/2708/1912 4283/2708/1912 4285/2709/1912 4284/2709/1912
f 4284/2709/1913 4285/2709/1913 4289/2710/1913 4288/2710/1913
f 4288/2710/1914 4289/2710/1914 4287/2711/1914 4286/2711/1914
f 4286/2711/1915 4287/2711/1915 4283/2708/1915 4282/2708/1915
f 4284/2709/1916 4288/2710/1916 4286/2711/1916 4282/2708/1916
f 4289/2710/1917 4285/2709/1917 4283/2708/1917 4287/2711/1917
f 4290/2712/1912 4291/2712/1912 4293/2713/1912 4292/2713/1912
f 4292/2713/1913 4293/2713/1913 4297/2714/1913 4296/2714/1913
f 4296/2714/1914 4297/2714/1914 4295/2715/1914 4294/2715/1914
f 4294/2715/1915 4295/2715/1915 4291/2712/1915 4290/2712/1915
f 4292/2713/1916 4296/2714/1916 4294/2715/1916 4290/2712/1916
f 4297/2714/1917 4293/2713/1917 4291/2712/1917 4295/2715/1917
f 4298/2716/1912 4299/2716/1912 4301/2717/1912 4300/2717/1912
f 4300/2717/1913 4301/2717/1913 4305/2718/1913 4304/2718/1913
f 4304/2718/1914 4305/2718/1914 4303/2719/1914 4302/2719/1914
f 4302/2719/1915 4303/2719/1915 4299/2716/1915 4298/2716/1915
f 4300/2717/1916 4304/2718/1916 4302/2719/1916 4298/2716/1916
f 4305/2718/1917 4301/2717/1917 4299/2716/1917 4303/2719/1917
f 4306/2720/1912 4307/2720/1912 4309/2721/1912 4308/2721/1912
f 4308/2721/1913 4309/2721/1913 4313/2722/1913 4312/2722/1913
f 4312/2722/1914 4313/2722/1914 4311/2723/1914 4310/2723/1914
f 4310/2723/1915 4311/2723/1915 4307/2720/1915 4306/2720/1915
f 4308/2721/1916 4312/2722/1916 4310/2723/1916 4306/2720/1916
f 4313/2722/1917 4309/2721/1917 4307/2720/1917 4311/2723/1917
f 4314/2724/1912 4315/2724/1912 4317/2725/1912 4316/2725/1912
f 4316/2725/1913 4317/2725/1913 4321/2726/1913 4320/2726/1913
f 4320/2726/1914 4321/2726/1914 4319/2727/1914 4318/2727/1914
f 4318/2727/1915 4319/2727/1915 4315/2724/1915 4314/2724/1915
f 4316/2725/1916 4320/2726/1916 4318/2727/1916 4314/2724/1916
f 4321/2726/1917 4317/2725/1917 4315/2724/1917 4319/2727/1917
f 4322/2708/1912 4323/2708/1912 4325/2709/1912 4324/2709/1912
f 4324/2709/1913 4325/2709/1913 4329/2710/1913 4328/2710/1913
f 4328/2710/1914 4329/2710/1914 4327/2711/1914 4326/2711/1914
f 4326/2711/1915 4327/2711/1915 4323/2708/1915 4322/2708/1915
f 4324/2709/1916 4328/2710/1916 4326/2711/1916 4322/2708/1916
f 4329/2710/1917 4325/2709/1917 4323/2708/1917 4327/2711/1917
f 4330/2712/1912 4331/2712/1912 4333/2713/1912 4332/2713/1912
f 4332/2713/1913 4333/2713/1913 4337/2714/1913 4336/2714/1913
f 4336/2714/1914 4337/2714/1914 4335/2715/1914 4334/2715/1914
f 4334/2715/1915 4335/2715/1915 4331/2712/1915 4330/2712/1915
f 4332/2713/1916 4336/2714/1916 4334/2715/1916 4330/2712/1916
f 4337/2714/1917 4333/2713/1917 4331/2712/1917 4335/2715/1917
f 4338/2728/1912 4339/2728/1912 4341/2729/1912 4340/2729/1912
f 4340/2729/1913 4341/2729/1913 4345/2730/1913 4344/2730/1913
f 4344/2730/1914 4345/2730/1914 4343/2731/1914 4342/2731/1914
f 4342/2731/1915 4343/2731/1915 4339/2728/1915 4338/2728/1915
f 4340/2729/1916 4344/2730/1916 4342/2731/1916 4338/2728/1916
f 4345/2730/1917 4341/2729/1917 4339/2728/1917 4343/2731/1917
f 4346/2728/1912 4347/2728/1912 4349/2729/1912 4348/2729/1912
f 4348/2729/1913 4349/2729/1913 4353/2730/1913 4352/2730/1913
f 4352/2730/1914 4353/2730/1914 4351/2731/1914 4350/2731/1914
f 4350/2731/1915 4351/2731/1915 4347/2728/1915 4346/2728/1915
f 4348/2729/1916 4352/2730/1916 4350/2731/1916 4346/2728/1916
f 4353/2730/1917 4349/2729/1917 4347/2728/1917 4351/2731/1917
f 4354/2724/1912 4355/2724/1912 4357/2725/1912 4356/2725/1912
f 4356/2725/1913 4357/2725/1913 4361/2726/1913 4360/2726/1913
f 4360/2726/1914 4361/2726/1914 4359/2727/1914 4358/2727/1914
f 4358/2727/1915 4359/2727/1915 4355/2724/1915 4354/2724/1915
f 4356/2725/1916 4360/2726/1916 4358/2727/1916 4354/2724/1916
f 4361/2726/1917 4357/2725/1917 4355/2724/1917 4359/2727/1917
f 4362/2724/1912 4363/2724/1912 4365/2725/1912 4364/2725/1912
f 4364/2725/1913 4365/2725/1913 4369/2726/1913 4368/2726/1913
f 4368/2726/1914 4369/2726/1914 4367/2727/1914 4366/2727/1914
f 4366/2727/1915 4367/2727/1915 4363/2724/1915 4362/2724/1915
f 4364/2725/1916 4368/2726/1916 4366/2727/1916 4362/2724/1916
f 4369/2726/1917 4365/2725/1917 4363/2724/1917 4367/2727/1917
f 4370/2724/1912 4371/2724/1912 4373/2725/1912 4372/2725/1912
f 4372/2725/1913 4373/2725/1913 4377/2726/1913 4376/2726/1913
f 4376/2726/1914 4377/2726/1914 4375/2727/1914 4374/2727/1914
f 4374/2727/1915 4375/2727/1915 4371/2724/1915 4370/2724/1915
f 4372/2725/1916 4376/2726/1916 4374/2727/1916 4370/2724/1916
f 4377/2726/1917 4373/2725/1917 4371/2724/1917 4375/2727/1917
o translucentflame_r
v -0.497274 0.320349 -6.926420
v -0.703858 0.264995 -6.926420
v -0.855089 0.113765 -6.926420
v -0.910443 -0.092820 -6.926420
v -0.855089 -0.299405 -6.926420
v -0.703858 -0.450635 -6.926420
v -0.497274 -0.505989 -6.926420
v -0.290689 -0.450635 -6.926420
v -0.139459 -0.299405 -6.926420
v -0.084105 -0.092820 -6.926420
v -0.139459 0.113765 -6.926420
v -0.290689 0.264995 -6.926420
v -0.497274 0.203637 -11.004006
v -0.645502 0.163919 -11.004006
v -0.754013 0.055409 -11.004006
v -0.793730 -0.092820 -11.004006
v -0.754013 -0.241048 -11.004006
v -0.645502 -0.349558 -11.004006
v -0.497274 -0.389276 -11.004006
v -0.349046 -0.349558 -11.004006
v -0.240535 -0.241048 -11.004006
v -0.200818 -0.092820 -11.004006
v -0.240535 0.055409 -11.004006
v -0.349046 0.163919 -11.004006
vn 0.9656 0.2587 -0.0276
vn 0.9656 -0.2587 -0.0276
vn 0.2587 -0.9656 -0.0276
vn -0.9656 0.2587 -0.0276
vn -0.2587 0.9656 -0.0276
vn 0.7068 -0.7068 -0.0276
vn 0.7068 0.7068 -0.0276
vn -0.7068 -0.7068 -0.0276
vn -0.7068 0.7068 -0.0276
vn 0.2587 0.9656 -0.0276
vn -0.9656 -0.2587 -0.0276
vn -0.2587 -0.9656 -0.0276
vt 0.010548 0.832891
vt 0.133874 0.832891
vt 0.133874 0.836732
vt 0.010548 0.838244
vt 0.010548 0.827539
vt 0.133874 0.829051
vt 0.010548 0.822186
vt 0.133874 0.825210
vt 0.133874 0.826239
vt 0.010548 0.823621
vt 0.010548 0.843596
vt 0.133874 0.840573
vt 0.133874 0.839543
vt 0.010548 0.842162
s 0
usemtl Material.002
f 4387/2732/1918 4399/2733/1918 4400/2734/1918 4388/2735/1918
f 4386/2736/1919 4398/2737/1919 4399/2733/1919 4387/2732/1919
f 4384/2738/1920 4396/2739/1920 4397/2740/1920 4385/2741/1920
f 4380/2735/1921 4392/2734/1921 4393/2733/1921 4381/2732/1921
f 4378/2742/1922 4390/2743/1922 4391/2744/1922 4379/2745/1922
f 4385/2741/1923 4397/2740/1923 4398/2737/1923 4386/2736/1923
f 4388/2735/1924 4400/2734/1924 4401/2744/1924 4389/2745/1924
f 4382/2736/1925 4394/2737/1925 4395/2740/1925 4383/2741/1925
f 4379/2745/1926 4391/2744/1926 4392/2734/1926 4380/2735/1926
f 4378/2742/1927 4389/2745/1927 4401/2744/1927 4390/2743/1927
f 4381/2732/1928 4393/2733/1928 4394/2737/1928 4382/2736/1928
f 4383/2741/1929 4395/2740/1929 4396/2739/1929 4384/2738/1929
o translucentflame_l
v 0.497274 0.320349 -6.926420
v 0.703858 0.264995 -6.926420
v 0.855089 0.113765 -6.926420
v 0.910443 -0.092820 -6.926420
v 0.855089 -0.299405 -6.926420
v 0.703858 -0.450635 -6.926420
v 0.497274 -0.505989 -6.926420
v 0.290689 -0.450635 -6.926420
v 0.139459 -0.299405 -6.926420
v 0.084105 -0.092820 -6.926420
v 0.139459 0.113765 -6.926420
v 0.290689 0.264995 -6.926420
v 0.497274 0.203637 -11.004006
v 0.645502 0.163919 -11.004006
v 0.754013 0.055409 -11.004006
v 0.793730 -0.092820 -11.004006
v 0.754013 -0.241048 -11.004006
v 0.645502 -0.349558 -11.004006
v 0.497274 -0.389276 -11.004006
v 0.349046 -0.349558 -11.004006
v 0.240535 -0.241048 -11.004006
v 0.200818 -0.092820 -11.004006
v 0.240535 0.055409 -11.004006
v 0.349046 0.163919 -11.004006
vn -0.9656 0.2587 -0.0276
vn -0.9656 -0.2587 -0.0276
vn -0.2587 -0.9656 -0.0276
vn 0.9656 0.2587 -0.0276
vn 0.2587 0.9656 -0.0276
vn -0.7068 -0.7068 -0.0276
vn -0.7068 0.7068 -0.0276
vn 0.7068 -0.7068 -0.0276
vn 0.7068 0.7068 -0.0276
vn -0.2587 0.9656 -0.0276
vn 0.9656 -0.2587 -0.0276
vn 0.2587 -0.9656 -0.0276
vt 0.010548 0.832891
vt 0.010548 0.838244
vt 0.133874 0.836732
vt 0.133874 0.832891
vt 0.010548 0.827539
vt 0.133874 0.829051
vt 0.010548 0.822186
vt 0.010548 0.823621
vt 0.133874 0.826239
vt 0.133874 0.825210
vt 0.010548 0.843596
vt 0.010548 0.842162
vt 0.133874 0.839543
vt 0.133874 0.840573
s 0
usemtl Material.002
f 4411/2746/1930 4412/2747/1930 4424/2748/1930 4423/2749/1930
f 4410/2750/1931 4411/2746/1931 4423/2749/1931 4422/2751/1931
f 4408/2752/1932 4409/2753/1932 4421/2754/1932 4420/2755/1932
f 4404/2747/1933 4405/2746/1933 4417/2749/1933 4416/2748/1933
f 4402/2756/1934 4403/2757/1934 4415/2758/1934 4414/2759/1934
f 4409/2753/1935 4410/2750/1935 4422/2751/1935 4421/2754/1935
f 4412/2747/1936 4413/2757/1936 4425/2758/1936 4424/2748/1936
f 4406/2750/1937 4407/2753/1937 4419/2754/1937 4418/2751/1937
f 4403/2757/1938 4404/2747/1938 4416/2748/1938 4415/2758/1938
f 4402/2756/1939 4414/2759/1939 4425/2758/1939 4413/2757/1939
f 4405/2746/1940 4406/2750/1940 4418/2751/1940 4417/2749/1940
f 4407/2753/1941 4408/2752/1941 4420/2755/1941 4419/2754/1941
